layer,kind,depth_index,C,groups,is_depthwise,r_max,call_index,H,W,n_samples,total_variance,participation_ratio,participation_ratio_norm,effective_rank,effective_rank_norm,stable_rank,stable_rank_norm,powerlaw_alpha,powerlaw_fit_lo,powerlaw_fit_hi,powerlaw_r2,nonzero_eigs,k_star_0.9,k_star_0.95,k_star_0.99,k_star_0.999,k_star_ratio_0.9,k_star_ratio_0.95,k_star_ratio_0.99,k_star_ratio_0.999,n_over_C,pooled_C,pooled_n_samples,pooled_total_variance,pooled_participation_ratio,pooled_participation_ratio_norm,pooled_effective_rank,pooled_effective_rank_norm,pooled_stable_rank,pooled_stable_rank_norm,pooled_powerlaw_alpha,pooled_powerlaw_fit_lo,pooled_powerlaw_fit_hi,pooled_powerlaw_r2,pooled_nonzero_eigs,pooled_k_star_0.9,pooled_k_star_0.95,pooled_k_star_0.99,pooled_k_star_0.999,pooled_k_star_ratio_0.9,pooled_k_star_ratio_0.95,pooled_k_star_ratio_0.99,pooled_k_star_ratio_0.999,pooled_n_over_C,epoch,test_acc
conv1,conv,0,64,1,False,27.0,0,32.0,32.0,160000,16.456910772543132,1.709530683127095,0.0267114169238608,2.8153276302331696,0.0439894942223932,1.320023783750526,0.0206253716211019,15.104383777559702,10,64,0.8721274952490035,44,4,6,10,17,0.0625,0.09375,0.15625,0.265625,2500.0,64.0,10000.0,4.474183537736968,1.3317287056591636,0.0208082610259244,1.6359675452963869,0.025561992895256,1.1635325469610511,0.0181801960462664,8.743863095161005,10.0,64.0,0.94987850166972,44.0,2.0,2.0,3.0,4.0,0.03125,0.03125,0.046875,0.0625,156.25,0,10.0
layer1.0.conv1,conv,1,64,1,False,64.0,0,32.0,32.0,160000,10.748301079565037,2.846016123664595,0.0444690019322593,5.45264355508546,0.0851975555482103,1.7856913918374584,0.0279014279974602,4.422024081582976,10,64,0.7988418012241479,64,7,12,25,43,0.109375,0.1875,0.390625,0.671875,2500.0,64.0,10000.0,2.748501499322608,2.010281239864008,0.0314106443728751,2.823807103733204,0.0441219859958313,1.4817855843219156,0.0231528997550299,5.132160759305011,10.0,64.0,0.852112820139672,64.0,3.0,4.0,6.0,15.0,0.046875,0.0625,0.09375,0.234375,156.25,0,10.0
layer1.0.conv2,conv,2,64,1,False,64.0,0,32.0,32.0,160000,10.150440879233985,4.062357711279363,0.06347433923874,8.532190159095304,0.1333154712358641,2.396771965680587,0.0374495619637591,1.7533122266773464,10,64,0.9875260874956672,64,13,24,48,62,0.203125,0.375,0.75,0.96875,2500.0,64.0,10000.0,2.4366287200976875,2.306781273232468,0.0360434573942573,3.0616035718801813,0.0478375558106278,1.7227444666198004,0.0269178822909343,3.731431996379348,10.0,64.0,0.966296896925169,64.0,3.0,4.0,8.0,22.0,0.046875,0.0625,0.125,0.34375,156.25,0,10.0
layer1.0.conv3,conv,3,256,1,False,64.0,0,32.0,32.0,160000,8.645110418993474,3.859199502468308,0.0150749980565168,7.830594837272153,0.0305882610830943,2.3264024670601637,0.0090875096369537,10.574333706642742,10,256,0.8428022293864952,158,12,21,39,53,0.046875,0.08203125,0.15234375,0.20703125,625.0,256.0,10000.0,2.085493737023442,2.1868985557826246,0.0085425724835258,2.911951884570533,0.0113748120491036,1.660551752257078,0.0064865302822542,8.635523196243946,10.0,256.0,0.8950173357301636,161.0,2.0,4.0,8.0,25.0,0.0078125,0.015625,0.03125,0.09765625,39.0625,0,10.0
layer1.0.downsample.0,conv,4,256,1,False,64.0,0,32.0,32.0,160000,10.828561593519794,2.876481589706938,0.0112362562097927,5.915314977828096,0.023106699132141,1.771481517821496,0.0069198496789902,10.180408378023188,10,256,0.8357236007833051,159,8,13,31,55,0.03125,0.05078125,0.12109375,0.21484375,625.0,256.0,10000.0,2.7520005737713107,1.9588299085065304,0.0076516793301036,2.86459656120467,0.0111898303172057,1.445104370504127,0.0056449389472817,8.243426634889305,10.0,256.0,0.8881787228493202,158.0,3.0,4.0,7.0,17.0,0.01171875,0.015625,0.02734375,0.06640625,39.0625,0,10.0
layer1.0,block,5,256,1,False,,0,32.0,32.0,160000,8.844349121523637,3.59156141643698,0.0140295367829569,8.56270724961487,0.033448075193808,2.15622870281842,0.0084227683703844,2.148242694513728,10,256,0.8312101752277795,256,15,33,111,210,0.05859375,0.12890625,0.43359375,0.8203125,625.0,256.0,10000.0,2.239295024324483,2.2053767362750003,0.0086147528760742,3.0514695392986937,0.0119198028878855,1.632493018870079,0.0063769258549612,2.824151721725517,10.0,256.0,0.8834057716344136,256.0,3.0,4.0,9.0,41.0,0.01171875,0.015625,0.03515625,0.16015625,39.0625,0,10.0
layer1.1.conv1,conv,6,64,1,False,64.0,0,32.0,32.0,160000,19.788018448389074,3.502634310206566,0.0547286610969775,6.849596179744333,0.1070249403085052,2.2362984149958827,0.0349421627343106,2.112604859127097,10,64,0.975121159298333,64,10,18,41,59,0.15625,0.28125,0.640625,0.921875,2500.0,64.0,10000.0,5.031150174749007,2.283474905645737,0.0356792954007146,2.9973157841082845,0.0468330591266919,1.7472864023605423,0.0273013500368834,2.9792217624326653,10.0,64.0,0.9903382454958388,64.0,2.0,4.0,8.0,26.0,0.03125,0.0625,0.125,0.40625,156.25,0,10.0
layer1.1.conv2,conv,7,64,1,False,64.0,0,32.0,32.0,160000,20.35578330094041,4.210438566447248,0.0657881026007382,8.593951218095235,0.134280487782738,2.629615781558716,0.0410877465868549,1.666367258745074,10,64,0.9906256052505816,64,13,24,49,62,0.203125,0.375,0.765625,0.96875,2500.0,64.0,10000.0,4.688282489279144,2.349813047367581,0.0367158288651184,2.958920394231593,0.0462331311598686,1.909974471135816,0.0298433511114971,3.883902061871631,10.0,64.0,0.9492297766953796,64.0,2.0,4.0,7.0,22.0,0.03125,0.0625,0.109375,0.34375,156.25,0,10.0
layer1.1.conv3,conv,8,256,1,False,64.0,0,32.0,32.0,160000,19.050442181435177,4.034611712744973,0.01576020200291,7.712908315984179,0.0301285481093132,2.667381433762011,0.0104194587256328,10.40860510133854,10,256,0.857834743390564,159,11,20,36,48,0.04296875,0.078125,0.140625,0.1875,625.0,256.0,10000.0,4.532970461796139,2.3236494860803374,0.0090767558050013,2.8947741654000803,0.011307711583594,1.9058428381608912,0.0074446985865659,8.463858102197378,10.0,256.0,0.9122789226196508,160.0,2.0,3.0,7.0,23.0,0.0078125,0.01171875,0.02734375,0.08984375,39.0625,0,10.0
layer1.1,block,9,256,1,False,,0,32.0,32.0,160000,18.61677356056016,3.5483410147970464,0.0138607070890509,8.334803029696234,0.0325578243347509,2.1772231278717995,0.0085047778432492,2.143224185460774,10,256,0.8668698471310265,256,15,33,108,209,0.05859375,0.12890625,0.421875,0.81640625,625.0,256.0,10000.0,4.7402319800601065,2.143964079189722,0.0083748596843348,2.829746581363977,0.011053697583453,1.641646565377292,0.006412681896005,2.790603472825957,10.0,256.0,0.9169475108773186,256.0,2.0,3.0,8.0,38.0,0.0078125,0.01171875,0.03125,0.1484375,39.0625,0,10.0
layer1.2.conv1,conv,10,64,1,False,64.0,0,32.0,32.0,160000,37.57825683875523,3.2704092254629256,0.0511001441478582,6.81679478131174,0.1065124184579959,1.990891294776892,0.0311076764808889,2.082630679587829,10,64,0.9658333839292076,64,11,20,42,60,0.171875,0.3125,0.65625,0.9375,2500.0,64.0,10000.0,9.685849511933132,1.938193585818728,0.0302842747784176,2.611368154700484,0.040802627417195,1.4868711066060607,0.0232323610407197,2.9176329060618773,10.0,64.0,0.9861482847966808,64.0,2.0,3.0,8.0,25.0,0.03125,0.046875,0.125,0.390625,156.25,0,10.0
layer1.2.conv2,conv,11,64,1,False,64.0,0,32.0,32.0,160000,36.7846821473228,2.997524882040891,0.0468363262818889,7.304728455314617,0.1141363821142908,1.7930691042817657,0.0280167047544025,1.5759965050270572,10,64,0.983777877315337,64,14,26,50,62,0.21875,0.40625,0.78125,0.96875,2500.0,64.0,10000.0,8.88304622118326,1.501365188775492,0.023458831074617,2.0427799776234754,0.0319184371503668,1.245779487274522,0.0194653044886644,4.275843577912657,10.0,64.0,0.9394433063405896,64.0,2.0,3.0,7.0,22.0,0.03125,0.046875,0.109375,0.34375,156.25,0,10.0
layer1.2.conv3,conv,12,256,1,False,64.0,0,32.0,32.0,160000,36.62247776757549,2.280371897999657,0.0089077027265611,5.200590523682334,0.0203148067331341,1.5324603053921635,0.0059861730679381,10.311376634296565,10,256,0.8651278723295869,159,10,18,34,48,0.0390625,0.0703125,0.1328125,0.1875,625.0,256.0,10000.0,9.309516675392324,1.3247566428477104,0.0051748306361238,1.7496429237916715,0.0068345426710612,1.1589728228773717,0.0045272375893647,8.396399029279058,10.0,256.0,0.9182266066030532,159.0,2.0,2.0,6.0,20.0,0.0078125,0.0078125,0.0234375,0.078125,39.0625,0,10.0
layer1.2,block,13,256,1,False,,0,32.0,32.0,160000,41.375888288816746,2.462942821785444,0.0096208703975993,6.018836041997964,0.0235110782890545,1.6205000341506268,0.0063300782584008,2.629694291291634,10,256,0.7014443188136353,256,12,28,91,189,0.046875,0.109375,0.35546875,0.73828125,625.0,256.0,10000.0,11.156306396890995,1.5380985981595032,0.0060081976490605,2.0556419496029283,0.0080298513656364,1.2683899737558637,0.0049546483349838,3.27460613222979,10.0,256.0,0.7599984769972952,256.0,2.0,2.0,7.0,30.0,0.0078125,0.0078125,0.02734375,0.1171875,39.0625,0,10.0
layer2.0.conv1,conv,14,128,1,False,128.0,0,32.0,32.0,160000,74.05092105879555,2.6875440622660807,0.0209964379864537,6.38293342649976,0.0498666673945293,1.6989568464061109,0.0132731003625477,2.4139011951499008,10,128,0.9476843990371226,128,12,23,59,104,0.09375,0.1796875,0.4609375,0.8125,1250.0,128.0,10000.0,19.29676845174644,1.568948984165804,0.0122574139387953,2.1323539151521334,0.016659014962126,1.2818127773512815,0.0100141623230568,3.0986609523539324,10.0,128.0,0.978273708355578,128.0,2.0,3.0,7.0,27.0,0.015625,0.0234375,0.0546875,0.2109375,78.125,0,10.0
layer2.0.conv2,conv,15,128,1,False,128.0,0,16.0,16.0,160000,68.10077902229395,2.783386255544134,0.0217452051214385,7.113782554743316,0.0555764262089321,1.7225764178608365,0.0134576282645377,1.5117158413645413,10,128,0.9822772272469028,128,15,35,88,122,0.1171875,0.2734375,0.6875,0.953125,1250.0,128.0,10000.0,16.469560701295073,1.515476182397561,0.0118396576749809,2.042319478620708,0.0159556209267242,1.2557858429389237,0.0098108268979603,2.55022341258147,10.0,128.0,0.988394557363046,128.0,2.0,2.0,7.0,36.0,0.015625,0.015625,0.0546875,0.28125,78.125,0,10.0
layer2.0.conv3,conv,16,512,1,False,128.0,0,16.0,16.0,160000,68.39569607654045,2.604936039049485,0.0050877657012685,6.179322524851126,0.0120689893063498,1.6661904531863,0.0032542782288794,8.29150695412294,10,512,0.8690122398181508,313,12,26,58,83,0.0234375,0.05078125,0.11328125,0.162109375,312.5,512.0,10000.0,17.25825096462605,1.5465173571225634,0.00302054171313,2.047565278438329,0.0039991509344498,1.2744091528328836,0.0024890803766267,6.541033217992046,10.0,512.0,0.9182044382911094,316.0,2.0,2.0,7.0,31.0,0.00390625,0.00390625,0.013671875,0.060546875,19.53125,0,10.0
layer2.0.downsample.0,conv,17,512,1,False,256.0,0,16.0,16.0,160000,79.56391613064251,2.6097834747735598,0.0050972333491671,6.098844451835217,0.0119118055699906,1.6887850299138492,0.0032984082615504,6.622439032142111,10,512,0.6807801376233679,380,12,25,79,169,0.0234375,0.048828125,0.154296875,0.330078125,312.5,512.0,10000.0,21.799575204789097,1.6021415632176117,0.0031291827406593,2.15184169798328,0.0042028158163735,1.3026965248754976,0.0025443291501474,5.458861467089644,10.0,512.0,0.7890107234407259,382.0,2.0,2.0,7.0,38.0,0.00390625,0.00390625,0.013671875,0.07421875,19.53125,0,10.0
layer2.0,block,18,512,1,False,,0,16.0,16.0,160000,71.5292043835244,2.4482901945062774,0.004781816786145,6.563495467379569,0.0128193270847257,1.6039149485412632,0.0031326463838696,3.428397622550174,10,512,0.3079074683471624,495,15,39,148,334,0.029296875,0.076171875,0.2890625,0.65234375,312.5,512.0,10000.0,19.014664010885397,1.470636854249615,0.0028723376059562,1.992199070764716,0.0038910138100873,1.232663518429721,0.002407545934433,3.524340398393314,10.0,512.0,0.4783361047198086,496.0,2.0,2.0,8.0,53.0,0.00390625,0.00390625,0.015625,0.103515625,19.53125,0,10.0
layer2.1.conv1,conv,19,128,1,False,128.0,0,16.0,16.0,160000,136.1662213467918,2.543247965078052,0.0198691247271722,6.327015415487449,0.0494298079334957,1.639051506572994,0.0128050898951015,1.939731530109892,10,128,0.9626220415820352,128,13,28,72,115,0.1015625,0.21875,0.5625,0.8984375,1250.0,128.0,10000.0,36.20111411743628,1.4782561202020823,0.0115488759390787,2.008508517928832,0.0156914727963189,1.2357553878915493,0.0096543389679027,2.4891884690801165,10.0,128.0,0.9895488093318852,128.0,2.0,2.0,7.0,39.0,0.015625,0.015625,0.0546875,0.3046875,78.125,0,10.0
layer2.1.conv2,conv,20,128,1,False,128.0,0,16.0,16.0,160000,150.5325552374036,3.744241355735352,0.0292518855916824,9.676851294004662,0.0756004007344114,2.0560275776817734,0.0160627154506388,1.3799504385286174,10,128,0.9844361593008072,128,19,43,95,124,0.1484375,0.3359375,0.7421875,0.96875,1250.0,128.0,10000.0,32.139779432780216,1.4183067876760396,0.011080521778719,1.923317509560663,0.0150259180434426,1.2053118662259714,0.0094164989548904,3.1658997154132256,10.0,128.0,0.9656864740267844,128.0,2.0,2.0,8.0,34.0,0.015625,0.015625,0.0625,0.265625,78.125,0,10.0
layer2.1.conv3,conv,21,512,1,False,128.0,0,16.0,16.0,160000,111.73793308622275,3.8493933939443528,0.0075183464725475,10.045064999908249,0.0196192675779457,2.070698807894084,0.0040443336091681,8.582915055323241,10,512,0.8368012951279407,314,20,36,69,96,0.0390625,0.0703125,0.134765625,0.1875,312.5,512.0,10000.0,23.472368404346355,1.3607051276086626,0.0026576272023606,1.8581883945523976,0.0036292742081101,1.176082401909824,0.0022970359412301,6.846492373649511,10.0,512.0,0.8970574633054574,318.0,2.0,2.0,9.0,41.0,0.00390625,0.00390625,0.017578125,0.080078125,19.53125,0,10.0
layer2.1,block,22,512,1,False,,0,16.0,16.0,160000,136.2187986913272,2.722395799279811,0.0053171792954683,8.387962556445288,0.0163827393680572,1.6815065526355,0.0032841924856162,2.423459861302528,10,512,0.5114818656232931,510,22,53,184,385,0.04296875,0.103515625,0.359375,0.751953125,312.5,512.0,10000.0,34.95197692740433,1.321364904277879,0.0025807908286677,1.7689771961446887,0.00345503358622,1.1575903066294362,0.0022609185676356,2.779191729337088,10.0,512.0,0.575312390522634,510.0,2.0,2.0,8.0,59.0,0.00390625,0.00390625,0.015625,0.115234375,19.53125,0,10.0
layer2.2.conv1,conv,23,128,1,False,128.0,0,16.0,16.0,160000,236.69571783783127,3.069343342363524,0.023979244862215,8.841262487760579,0.0690723631856295,1.7925219401332295,0.0140040776572908,1.8751210459074168,10,128,0.9613676042739636,128,20,38,82,119,0.15625,0.296875,0.640625,0.9296875,1250.0,128.0,10000.0,55.48741767341924,1.2871160239943331,0.0100555939374557,1.7607966508206137,0.013756223834536,1.13918428246399,0.0088998772067499,2.4166486831205067,10.0,128.0,0.988821335720538,128.0,2.0,2.0,9.0,46.0,0.015625,0.015625,0.0703125,0.359375,78.125,0,10.0
layer2.2.conv2,conv,24,128,1,False,128.0,0,16.0,16.0,160000,225.9648466504248,4.818583033732654,0.0376451799510363,12.939024884852238,0.1010861319129081,2.439513668240556,0.0190587005331293,1.3681331692218786,10,128,0.9821853843555216,128,28,54,102,125,0.21875,0.421875,0.796875,0.9765625,1250.0,128.0,10000.0,38.49058512752237,1.3131930688136402,0.0102593208501065,1.846785230382824,0.0144280096123658,1.151020762886011,0.0089923497100469,3.19653901977648,10.0,128.0,0.9649030648923976,128.0,2.0,3.0,11.0,41.0,0.015625,0.0234375,0.0859375,0.3203125,78.125,0,10.0
layer2.2.conv3,conv,25,512,1,False,128.0,0,16.0,16.0,160000,222.06133112149703,4.4390752551094685,0.0086700688576356,12.07264326993007,0.0235793813865821,2.262814694227931,0.0044195599496639,8.746897443418636,10,512,0.8227938327102938,314,25,43,76,100,0.048828125,0.083984375,0.1484375,0.1953125,312.5,512.0,10000.0,42.09273940044695,1.2645820211751864,0.0024698867601077,1.7459873570810052,0.0034101315567988,1.1278872410753134,0.0022029047677252,6.960255490453336,10.0,512.0,0.8917847927919413,321.0,2.0,2.0,11.0,45.0,0.00390625,0.00390625,0.021484375,0.087890625,19.53125,0,10.0
layer2.2,block,26,512,1,False,,0,16.0,16.0,160000,260.7779759891676,3.1428091820686777,0.0061382991837278,10.685908746774857,0.0208709155210446,1.8131060524512888,0.0035412227586939,2.0680277701821472,10,512,0.8323997116212143,512,30,68,217,414,0.05859375,0.1328125,0.423828125,0.80859375,312.5,512.0,10000.0,61.22818522774758,1.2334381521347129,0.0024090588908881,1.649898285325183,0.0032224575885257,1.1136881305482451,0.002175172129977,2.3684858010314587,10.0,512.0,0.8869162966301656,512.0,2.0,2.0,9.0,70.0,0.00390625,0.00390625,0.017578125,0.13671875,19.53125,0,10.0
layer2.3.conv1,conv,27,128,1,False,128.0,0,16.0,16.0,160000,450.1194710392802,3.522086992438779,0.0275163046284279,10.653800724118245,0.0832328181571737,1.932184882577357,0.0150951943951356,1.8000468882696905,10,128,0.9579054724485692,128,24,44,88,121,0.1875,0.34375,0.6875,0.9453125,1250.0,128.0,10000.0,98.42372066094488,1.248821831666161,0.0097564205598918,1.706778555246954,0.0133342074628668,1.1205573744682886,0.0087543544880335,2.40864719396248,10.0,128.0,0.9924605894027876,128.0,2.0,2.0,11.0,50.0,0.015625,0.015625,0.0859375,0.390625,78.125,0,10.0
layer2.3.conv2,conv,28,128,1,False,128.0,0,16.0,16.0,160000,503.55232799175377,3.8179932931217913,0.0298280726025139,11.98740891304442,0.0936516321331595,2.03046547268488,0.0158630115053506,1.2948416123961897,10,128,0.9839214110267174,128,31,59,105,125,0.2421875,0.4609375,0.8203125,0.9765625,1250.0,128.0,10000.0,96.33723801198435,1.225899606462125,0.0095773406754853,1.6653067638186336,0.013010209092333,1.109358313719633,0.0086668618259346,3.104685186649267,10.0,128.0,0.9652222178869336,128.0,1.0,2.0,10.0,41.0,0.0078125,0.015625,0.078125,0.3203125,78.125,0,10.0
layer2.3.conv3,conv,29,512,1,False,128.0,0,16.0,16.0,160000,426.4107074193857,3.361670132928315,0.0065657619783756,9.909470709091687,0.0193544349786947,1.8864935384200336,0.0036845576922266,8.658727704043171,10,512,0.8348470626553001,313,24,40,71,99,0.046875,0.078125,0.138671875,0.193359375,312.5,512.0,10000.0,88.51221225606217,1.166898112450139,0.0022790978758791,1.5312511388420176,0.0029907248805508,1.0811066588982243,0.0021115364431605,6.816241895482435,10.0,512.0,0.8973798569220295,317.0,1.0,2.0,9.0,40.0,0.001953125,0.00390625,0.017578125,0.078125,19.53125,0,10.0
layer2.3,block,30,512,1,False,,0,16.0,16.0,160000,496.7128139771741,2.916095191005144,0.0056954984199319,10.25777520971362,0.0200347172064719,1.7353962062157773,0.0033894457152651,2.176905335296621,10,512,0.7389819976806262,512,31,70,221,409,0.060546875,0.13671875,0.431640625,0.798828125,312.5,512.0,10000.0,119.21248029413324,1.1687810400598784,0.0022827754688669,1.5163730304832037,0.0029616660751625,1.0823741359021564,0.0021140119841838,2.462823286180081,10.0,512.0,0.8017624001509736,512.0,1.0,2.0,8.0,66.0,0.001953125,0.00390625,0.015625,0.12890625,19.53125,0,10.0
layer3.0.conv1,conv,31,256,1,False,256.0,0,16.0,16.0,160000,988.702522973961,2.855033047832812,0.0111524728430969,9.22030667012443,0.0360168229301735,1.7158828589016073,0.0067026674175844,2.074583497803886,10,256,0.9339339999399394,256,25,52,127,214,0.09765625,0.203125,0.49609375,0.8359375,625.0,256.0,10000.0,239.71538505794325,1.1798959355098424,0.0046089684980853,1.5355145263468577,0.0059981036185424,1.08772880119571,0.0042489406296707,2.481751097035893,10.0,256.0,0.9748099388717268,256.0,1.0,2.0,8.0,51.0,0.00390625,0.0078125,0.03125,0.19921875,39.0625,0,10.0
layer3.0.conv2,conv,32,256,1,False,256.0,0,8.0,8.0,160000,1062.9408450367534,2.839426212990029,0.0110915086444923,8.40558841901999,0.0328343297617968,1.7376350497777242,0.0067876369131942,1.261481362466227,10,256,0.9757906806167224,256,24,70,180,245,0.09375,0.2734375,0.703125,0.95703125,625.0,256.0,10000.0,224.7547542909769,1.1606564372677466,0.0045338142080771,1.546148988201678,0.0060396444851628,1.078191177436996,0.0042116842868632,1.7978304829446472,10.0,256.0,0.9798758462934796,256.0,1.0,2.0,15.0,124.0,0.00390625,0.0078125,0.05859375,0.484375,39.0625,0,10.0
layer3.0.conv3,conv,33,1024,1,False,256.0,0,8.0,8.0,160000,957.898302887868,2.768487802010368,0.0027036013691507,7.745632661526788,0.0075640943960222,1.711299605796481,0.0016711910212856,7.082807644020179,10,1024,0.8388719599915553,626,20,50,116,173,0.01953125,0.048828125,0.11328125,0.1689453125,156.25,1024.0,10000.0,213.71507704790992,1.1406828408360137,0.0011139480867539,1.4887748010823485,0.0014538816416819,1.0686082070022511,0.0010435627021506,6.20273032241852,10.0,1024.0,0.8703351144545017,632.0,1.0,2.0,13.0,95.0,0.0009765625,0.001953125,0.0126953125,0.0927734375,9.765625,0,10.0
layer3.0.downsample.0,conv,34,1024,1,False,512.0,0,8.0,8.0,160000,1018.3896856875042,2.6080841174347,0.0025469571459323,8.443679575178367,0.0082457808351351,1.636271049862598,0.0015979209471314,5.691039702236269,10,1024,0.6506888800090322,759,25,57,176,359,0.0244140625,0.0556640625,0.171875,0.3505859375,156.25,1024.0,10000.0,248.12495004919677,1.1914499648620174,0.0011635253563105,1.6271666884308773,0.0015890299691707,1.0929375835104984,0.0010673218588969,5.001238046685781,10.0,1024.0,0.7155619980615717,765.0,1.0,2.0,17.0,138.0,0.0009765625,0.001953125,0.0166015625,0.134765625,9.765625,0,10.0
layer3.0,block,35,1024,1,False,,0,8.0,8.0,160000,909.083845035816,2.544954274458591,0.0024853069086509,8.808842288727101,0.008602385047585,1.6160537816785203,0.0015781775211704,3.578619986549917,10,1024,0.277510039658904,987,31,87,323,655,0.0302734375,0.0849609375,0.3154296875,0.6396484375,156.25,1024.0,10000.0,230.61986006944772,1.1573988476371575,0.0011302723121456,1.54183673142016,0.0015056999330275,1.076697407260369,0.0010514623117777,3.677824204352106,10.0,1024.0,0.2912793434249932,989.0,1.0,2.0,16.0,223.0,0.0009765625,0.001953125,0.015625,0.2177734375,9.765625,0,10.0
layer3.1.conv1,conv,36,256,1,False,256.0,0,8.0,8.0,160000,2038.5407786847163,2.210460658698753,0.008634611948042,6.5010741442169415,0.0253948208758474,1.4999415164735326,0.0058591465487247,1.7073854107535735,10,256,0.9488429588517812,256,19,51,141,228,0.07421875,0.19921875,0.55078125,0.890625,625.0,256.0,10000.0,548.3437460294946,1.1193468008267164,0.0043724484407293,1.4194849915539385,0.0055448632482575,1.0584542557549648,0.0041345869365428,1.9069891362067688,10.0,256.0,0.9721440042545132,256.0,1.0,2.0,11.0,107.0,0.00390625,0.0078125,0.04296875,0.41796875,39.0625,0,10.0
layer3.1.conv2,conv,37,256,1,False,256.0,0,8.0,8.0,160000,2585.587600824461,4.055724612542916,0.0158426742677457,9.415408632510797,0.0367789399707453,2.3540680628759114,0.009195578370609,1.2032503354744977,10,256,0.9764545289075164,256,17,61,177,244,0.06640625,0.23828125,0.69140625,0.953125,625.0,256.0,10000.0,411.5313413209313,1.1329341046096435,0.0044255238461314,1.4791115884754045,0.005777779642482,1.064796767995445,0.0041593623749822,2.3035976184135034,10.0,256.0,0.9595295879991532,256.0,1.0,2.0,13.0,91.0,0.00390625,0.0078125,0.05078125,0.35546875,39.0625,0,10.0
layer3.1.conv3,conv,38,1024,1,False,256.0,0,8.0,8.0,160000,2414.177814094337,3.6008435836151307,0.0035164488121241,9.057660168488905,0.0088453712582899,2.059994445748213,0.0020117133259259,7.083749139812046,10,1024,0.8011910241061048,629,18,51,130,199,0.017578125,0.0498046875,0.126953125,0.1943359375,156.25,1024.0,10000.0,473.2017988823633,1.101818196846333,0.0010759943328577,1.3816691092154845,0.0013492862394682,1.0498890227832611,0.0010252822488117,6.113652929268924,10.0,1024.0,0.8462020039217695,635.0,1.0,1.0,11.0,93.0,0.0009765625,0.0009765625,0.0107421875,0.0908203125,9.765625,0,10.0
layer3.1,block,39,1024,1,False,,0,8.0,8.0,160000,2248.471057527757,2.9505654764383293,0.0028814115980843,9.448009348156932,0.0092265716290595,1.7684334674320703,0.0017269858080391,2.444070726610594,10,1024,0.4057523436397976,1013,26,86,333,724,0.025390625,0.083984375,0.3251953125,0.70703125,156.25,1024.0,10000.0,557.1697609568618,1.0963923075507618,0.0010706956128425,1.3672152500424024,0.0013351711426195,1.047311249896394,0.0010227648924769,2.5424217586970306,10.0,1024.0,0.4169682511725534,1013.0,1.0,1.0,11.0,193.0,0.0009765625,0.0009765625,0.0107421875,0.1884765625,9.765625,0,10.0
layer3.2.conv1,conv,40,256,1,False,256.0,0,8.0,8.0,160000,4576.963026774332,2.9004845829782377,0.0113300179022587,8.243816990503234,0.0322024101191532,1.7546099425904491,0.0068539450882439,1.6220057671981734,10,256,0.9506537770570492,256,19,53,146,231,0.07421875,0.20703125,0.5703125,0.90234375,625.0,256.0,10000.0,1148.5060603750935,1.089468179595833,0.0042557350765462,1.3391697136540144,0.0052311316939609,1.043949696817295,0.0040779285031925,1.859179887086044,10.0,256.0,0.979189104623402,256.0,1.0,1.0,9.0,101.0,0.00390625,0.00390625,0.03515625,0.39453125,39.0625,0,10.0
layer3.2.conv2,conv,41,256,1,False,256.0,0,8.0,8.0,160000,5617.692658294862,3.582192879081035,0.0139929409339102,8.468994897767518,0.0330820113194043,2.1030923699046267,0.0082152045699399,1.229739482635961,10,256,0.9809542373513648,256,13,50,170,243,0.05078125,0.1953125,0.6640625,0.94921875,625.0,256.0,10000.0,948.15461008079,1.0870203171818555,0.0042461731139916,1.332205202183703,0.00520392657103,1.0427374868913364,0.0040731933081692,2.321661933254009,10.0,256.0,0.9583079836361488,256.0,1.0,1.0,9.0,78.0,0.00390625,0.00390625,0.03515625,0.3046875,39.0625,0,10.0
layer3.2.conv3,conv,42,1024,1,False,256.0,0,8.0,8.0,160000,5069.921257704898,3.6006877534072625,0.0035162966341867,9.117836957806372,0.0089041376541077,2.046600251101036,0.0019986330577158,7.050982334184786,10,1024,0.8191846955718324,628,16,47,125,185,0.015625,0.0458984375,0.1220703125,0.1806640625,156.25,1024.0,10000.0,954.3343442894934,1.0884800613172825,0.0010629688098801,1.3372158464122967,0.001305874850012,1.0434493498186932,0.0010189935056823,6.065686410999677,10.0,1024.0,0.8646216183329125,635.0,1.0,1.0,10.0,84.0,0.0009765625,0.0009765625,0.009765625,0.08203125,9.765625,0,10.0
layer3.2,block,43,1024,1,False,,0,8.0,8.0,160000,4941.300960455316,2.99672796175629,0.0029264921501526,9.247129864129432,0.0090304002579388,1.789321405048224,0.0017473841846174,2.349700282464553,10,1024,0.4280833597413203,1017,21,78,333,737,0.0205078125,0.076171875,0.3251953125,0.7197265625,156.25,1024.0,10000.0,1197.182683989355,1.072716524506251,0.0010475747309631,1.292356725798232,0.0012620671150373,1.0358140602443626,0.0010115371682073,2.4446711113494746,10.0,1024.0,0.4546241125251965,1016.0,1.0,1.0,8.0,168.0,0.0009765625,0.0009765625,0.0078125,0.1640625,9.765625,0,10.0
layer3.3.conv1,conv,44,256,1,False,256.0,0,8.0,8.0,160000,10464.796993179005,2.7024704982767305,0.0105565253838934,7.511895009495284,0.0293433398808409,1.6859757622046108,0.0065858428211117,1.629769871194592,10,256,0.9564836835763768,256,16,47,142,230,0.0625,0.18359375,0.5546875,0.8984375,625.0,256.0,10000.0,2722.411667967673,1.0659670583767908,0.0041639338217843,1.2580699612865218,0.0049143357862754,1.032545091443447,0.0040333792634509,1.8597077807888744,10.0,256.0,0.9774076637921648,256.0,1.0,1.0,7.0,86.0,0.00390625,0.00390625,0.02734375,0.3359375,39.0625,0,10.0
layer3.3.conv2,conv,45,256,1,False,256.0,0,8.0,8.0,160000,11618.659956602529,3.6768917371455783,0.0143628583482249,8.578655101777537,0.0335103714913185,2.1398328297365348,0.0083587219911583,1.2927511231214714,10,256,0.9805820812391102,256,13,46,164,241,0.05078125,0.1796875,0.640625,0.94140625,625.0,256.0,10000.0,1877.3098807564488,1.0833305307144363,0.0042317598856032,1.3136319063874955,0.0051313746343261,1.040973870577224,0.0040663041819422,2.410553743643961,10.0,256.0,0.9597050807901776,256.0,1.0,1.0,8.0,70.0,0.00390625,0.00390625,0.03125,0.2734375,39.0625,0,10.0
layer3.3.conv3,conv,46,1024,1,False,256.0,0,8.0,8.0,160000,9437.505394585582,3.610358000529521,0.0035257402348921,8.789556388024536,0.0085835511601802,2.063416431222403,0.0020150551086156,7.026120733423485,10,1024,0.8268112513641208,628,15,42,116,178,0.0146484375,0.041015625,0.11328125,0.173828125,156.25,1024.0,10000.0,1676.38878978646,1.081679351179906,0.0010563274913866,1.3128563496312502,0.0012820862789367,1.0401577010809169,0.0010157790049618,6.00441721609012,10.0,1024.0,0.8700568686895247,636.0,1.0,1.0,8.0,75.0,0.0009765625,0.0009765625,0.0078125,0.0732421875,9.765625,0,10.0
layer3.3,block,47,1024,1,False,,0,8.0,8.0,160000,9979.770289242982,2.9943552938714317,0.0029241750916713,8.834109504263383,0.0086270600627572,1.7962334290774389,0.0017541342080834,2.181217648504664,10,1024,0.44847640643156,1018,18,69,324,749,0.017578125,0.0673828125,0.31640625,0.7314453125,156.25,1024.0,10000.0,2308.7150924962484,1.0630730196420883,0.0010381572457442,1.2569890220142146,0.0012275283418107,1.0311223240071603,0.0010069553945382,2.2497592774172137,10.0,1024.0,0.5196635302250198,1020.0,1.0,1.0,7.0,151.0,0.0009765625,0.0009765625,0.0068359375,0.1474609375,9.765625,0,10.0
layer3.4.conv1,conv,48,256,1,False,256.0,0,8.0,8.0,160000,19715.376100492093,2.865450124286201,0.0111931645479929,7.79818741496627,0.0304616695897119,1.7483779966856288,0.0068296015495532,1.6137167326311033,10,256,0.9599738900851946,256,15,46,142,230,0.05859375,0.1796875,0.5546875,0.8984375,625.0,256.0,10000.0,4473.420234629046,1.0646707944852156,0.0041588702909578,1.2564135352667538,0.0049078653721357,1.0319042943840164,0.0040308761499375,1.834864781618778,10.0,256.0,0.9817959539862128,256.0,1.0,1.0,7.0,88.0,0.00390625,0.00390625,0.02734375,0.34375,39.0625,0,10.0
layer3.4.conv2,conv,49,256,1,False,256.0,0,8.0,8.0,160000,22588.763160320697,4.017791332521612,0.0156944973926625,9.025902526496518,0.035257431744127,2.3396097560743474,0.0091391006096654,1.2614350398076546,10,256,0.9836419612565916,256,13,47,168,242,0.05078125,0.18359375,0.65625,0.9453125,625.0,256.0,10000.0,3165.6247660891004,1.0878608679659332,0.0042494565154919,1.3358926637496351,0.005218330717772,1.0431387639788068,0.0040747607967922,2.32436725791995,10.0,256.0,0.9568208518149028,256.0,1.0,1.0,9.0,79.0,0.00390625,0.00390625,0.03515625,0.30859375,39.0625,0,10.0
layer3.4.conv3,conv,50,1024,1,False,256.0,0,8.0,8.0,160000,21831.92475435391,3.5329337322079133,0.0034501305978592,8.37024795027393,0.0081740702639393,2.045180156457951,0.0019972462465409,7.013705478962812,10,1024,0.8138221617425373,628,13,39,118,188,0.0126953125,0.0380859375,0.115234375,0.18359375,156.25,1024.0,10000.0,3754.777076591128,1.0662375359177771,0.0010412475936697,1.2621552516028811,0.0012325734878934,1.0326567822812058,0.0010084538889464,6.005419586700378,10.0,1024.0,0.8577607923443584,632.0,1.0,1.0,7.0,74.0,0.0009765625,0.0009765625,0.0068359375,0.072265625,9.765625,0,10.0
layer3.4,block,51,1024,1,False,,0,8.0,8.0,160000,21172.129021542776,3.0114037181479447,0.0029408239435038,8.557234413745213,0.008356674232173,1.80770993779954,0.0017653417361323,2.2626018519697486,10,1024,0.3916812573345732,1012,16,62,311,745,0.015625,0.060546875,0.3037109375,0.7275390625,156.25,1024.0,10000.0,4759.70202886094,1.0534199449420982,0.0010287304149825,1.2227169954746853,0.0011940595658932,1.0264055100757723,0.0010023491309333,2.2831930741242825,10.0,1024.0,0.4928492699117552,1012.0,1.0,1.0,6.0,135.0,0.0009765625,0.0009765625,0.005859375,0.1318359375,9.765625,0,10.0
layer3.5.conv1,conv,52,256,1,False,256.0,0,8.0,8.0,160000,42092.602890934846,2.985918775832405,0.0116637452180953,7.750531110029622,0.0302755121485532,1.80191478141974,0.0070387296149208,1.629998850411807,10,256,0.9615041475447956,256,14,42,137,229,0.0546875,0.1640625,0.53515625,0.89453125,625.0,256.0,10000.0,9293.765640799134,1.0544854605707656,0.0041190838303545,1.2222677912193705,0.0047744835594506,1.026925332787646,0.0040114270812017,1.8290711834171656,10.0,256.0,0.9799623915173292,256.0,1.0,1.0,6.0,81.0,0.00390625,0.00390625,0.0234375,0.31640625,39.0625,0,10.0
layer3.5.conv2,conv,53,256,1,False,256.0,0,8.0,8.0,160000,51062.8506104696,3.699126017876613,0.0144497110073305,8.295050430688953,0.0324025407448787,2.1659774645830514,0.0084608494710275,1.29677714184656,10,256,0.9836222134218662,256,11,38,159,240,0.04296875,0.1484375,0.62109375,0.9375,625.0,256.0,10000.0,7504.652189831901,1.067301292882754,0.0041691456753232,1.2610702865434764,0.0049260558068104,1.0331867222787974,0.0040358856339015,2.3344288262938373,10.0,256.0,0.9552836494605214,256.0,1.0,1.0,6.0,68.0,0.00390625,0.00390625,0.0234375,0.265625,39.0625,0,10.0
layer3.5.conv3,conv,54,1024,1,False,256.0,0,8.0,8.0,160000,42517.00572457028,3.580973991029573,0.0034970449131148,8.64274846801088,0.0084401840507918,2.051620421561145,0.0020035355679308,7.006721136666551,10,1024,0.8181527111669621,627,14,39,118,185,0.013671875,0.0380859375,0.115234375,0.1806640625,156.25,1024.0,10000.0,7234.125400489098,1.063184288069145,0.0010382659063175,1.2499175267184657,0.001220622584686,1.0311747993307103,0.0010070066399713,5.915640472766593,10.0,1024.0,0.860231008109175,634.0,1.0,1.0,6.0,71.0,0.0009765625,0.0009765625,0.005859375,0.0693359375,9.765625,0,10.0
layer3.5,block,55,1024,1,False,,0,8.0,8.0,160000,43564.14806572999,2.9689293245073505,0.0028993450434642,8.441945358170134,0.008244087263838,1.790112358727248,0.0017481566003195,2.228606591677326,10,1024,0.4404063999627917,1020,15,58,298,743,0.0146484375,0.056640625,0.291015625,0.7255859375,156.25,1024.0,10000.0,9799.76562027206,1.04747769049853,0.0010229274321274,1.2005808827048332,0.0011724422682664,1.0234956641421595,0.0009995074845138,2.2115490160864595,10.0,1024.0,0.5928581563496911,1021.0,1.0,1.0,5.0,119.0,0.0009765625,0.0009765625,0.0048828125,0.1162109375,9.765625,0,10.0
layer4.0.conv1,conv,56,512,1,False,512.0,0,8.0,8.0,160000,84856.97318980651,3.175002256345875,0.0062011762819255,8.505440143571631,0.0166121877804133,1.8722169437151008,0.0036566737181935,1.9449789419167336,10,512,0.9332802759630672,512,15,49,190,391,0.029296875,0.095703125,0.37109375,0.763671875,312.5,512.0,10000.0,18650.59335470247,1.0512619535816676,0.0020532460030891,1.211005512380181,0.0023652451413675,1.025352673161238,0.002002641939768,2.0637562719043485,10.0,512.0,0.9538898733790172,512.0,1.0,1.0,6.0,95.0,0.001953125,0.001953125,0.01171875,0.185546875,19.53125,0,10.0
layer4.0.conv2,conv,57,512,1,False,512.0,0,4.0,4.0,160000,108274.78795381347,3.1464528840703494,0.0061454157891999,6.689994831878486,0.0130663961560126,1.944181544928374,0.0037972295799382,1.226945081383163,10,512,0.9790397138069564,512,7,24,244,460,0.013671875,0.046875,0.4765625,0.8984375,312.5,512.0,10000.0,17958.986055105623,1.0930151710257574,0.0021347952559096,1.4119602804904876,0.0027577349228329,1.0455663440961982,0.0020421217658128,1.463769502902586,10.0,512.0,0.9597681280973428,512.0,1.0,1.0,36.0,304.0,0.001953125,0.001953125,0.0703125,0.59375,19.53125,0,10.0
layer4.0.conv3,conv,58,2048,1,False,512.0,0,4.0,4.0,160000,106691.0405634827,3.1152610586981853,0.0015211235638174,6.767648974115209,0.0033045161006421,1.909909817534209,0.0009325731530928,6.357138757078272,10,2048,0.8066857728490773,1252,7,26,180,335,0.00341796875,0.0126953125,0.087890625,0.16357421875,78.125,2048.0,10000.0,20393.492811472872,1.0860054911565298,0.0005302761187287,1.375218364182932,0.0006714933418861,1.042203824343001,0.0005088885861049,5.77921105977752,10.0,2048.0,0.8271887569362936,1255.0,1.0,1.0,28.0,233.0,0.00048828125,0.00048828125,0.013671875,0.11376953125,4.8828125,0,10.0
layer4.0.downsample.0,conv,59,2048,1,False,1024.0,0,4.0,4.0,160000,85691.37367864196,2.548528632977702,0.0012443987465711,6.498918062335338,0.0031732998351246,1.6481712504617312,0.0008047711183895,5.185171026284793,10,2048,0.6498113818431317,1515,9,40,231,616,0.00439453125,0.01953125,0.11279296875,0.30078125,78.125,2048.0,10000.0,19970.361118962555,1.0839099027636898,0.0005292528822088,1.3842747112199918,0.0006759153863378,1.041168054859695,0.0005083828392869,4.653652609277371,10.0,2048.0,0.6837820201420474,1519.0,1.0,1.0,34.0,333.0,0.00048828125,0.00048828125,0.0166015625,0.16259765625,4.8828125,0,10.0
layer4.0,block,60,2048,1,False,,0,4.0,4.0,160000,93069.18014719104,2.737947362735144,0.0013368883607105,7.006927566383317,0.0034213513507731,1.7276252550622946,0.0008435670190733,4.352054881142348,10,2048,0.1868537907501218,1884,9,45,383,1147,0.00439453125,0.02197265625,0.18701171875,0.56005859375,78.125,2048.0,10000.0,21946.528351735946,1.0774536535465755,0.0005261004167707,1.3614221873587151,0.0006647569274212,1.0380606632825815,0.0005068655582434,4.218632341481769,10.0,2048.0,0.1985484754831538,1879.0,1.0,1.0,34.0,557.0,0.00048828125,0.00048828125,0.0166015625,0.27197265625,4.8828125,0,10.0
layer4.1.conv1,conv,61,512,1,False,512.0,0,4.0,4.0,160000,183956.52382606248,2.6502956723706745,0.0051763587350989,6.547427234829038,0.0127879438180254,1.6889027121490183,0.003298638109666,1.6002706197576582,10,512,0.9486106521397656,512,9,37,207,423,0.017578125,0.072265625,0.404296875,0.826171875,312.5,512.0,10000.0,42780.299050492176,1.0767769116667136,0.002103079905599,1.3493795378842592,0.0026355069099301,1.0377320862611037,0.0020268204809787,1.598607168121421,10.0,512.0,0.9441990339172196,512.0,1.0,1.0,30.0,270.0,0.001953125,0.001953125,0.05859375,0.52734375,19.53125,0,10.0
layer4.1.conv2,conv,62,512,1,False,512.0,0,4.0,4.0,160000,246177.40737402235,4.466855113734723,0.0087243263940131,8.002143737898756,0.0156291869880835,3.0556376536486107,0.0059680422922824,1.1961598873916837,10,512,0.9768742823378878,512,7,19,235,459,0.013671875,0.037109375,0.458984375,0.896484375,312.5,512.0,10000.0,26421.049641280868,1.1343321625857876,0.0022154925050503,1.5414312384718694,0.0030106078876403,1.065400457211408,0.002080860267991,1.7459245422452,10.0,512.0,0.940545727772597,512.0,1.0,2.0,44.0,268.0,0.001953125,0.00390625,0.0859375,0.5234375,19.53125,0,10.0
layer4.1.conv3,conv,63,2048,1,False,512.0,0,4.0,4.0,160000,215581.06661832644,4.630506149751815,0.0022609893309335,8.98913455627012,0.0043892258575537,2.7756957977847363,0.001355320213762,6.364393914850769,10,2048,0.7843092809796929,1260,9,24,190,370,0.00439453125,0.01171875,0.0927734375,0.1806640625,78.125,2048.0,10000.0,30857.706480698187,1.1058892911847251,0.0005399850054612,1.439928657537577,0.0007030901648132,1.0518017527303751,0.0005135750745753,5.797867179975775,10.0,2048.0,0.8083829723595912,1265.0,1.0,1.0,33.0,252.0,0.00048828125,0.00048828125,0.01611328125,0.123046875,4.8828125,0,10.0
layer4.1,block,64,2048,1,False,,0,4.0,4.0,160000,206792.95930258607,3.6404677482268513,0.0017775721426888,8.768098194630177,0.0042812979465967,2.089647731482257,0.0010203358063878,2.257382771037534,10,2048,0.3262089436695333,2021,9,37,424,1327,0.00439453125,0.01806640625,0.20703125,0.64794921875,78.125,2048.0,10000.0,44494.732818001954,1.073174791063642,0.000524011128449,1.333422865636709,0.0006510853836116,1.036006228333017,0.0005058624161782,2.32619376281772,10.0,2048.0,0.3203615715667097,2019.0,1.0,1.0,23.0,574.0,0.00048828125,0.00048828125,0.01123046875,0.2802734375,4.8828125,0,10.0
layer4.2.conv1,conv,65,512,1,False,512.0,0,4.0,4.0,160000,431708.09789900464,3.477216571388764,0.0067914386159936,7.911860644172449,0.0154528528206493,2.023773171832854,0.003952681976236,1.5332366802998818,10,512,0.9604939280565136,512,9,28,205,428,0.017578125,0.0546875,0.400390625,0.8359375,312.5,512.0,10000.0,92979.7790672863,1.0696464590636678,0.0020891532403587,1.3076411065301332,0.0025539865361916,1.034298991540759,0.002020115217853,1.5409433497030949,10.0,512.0,0.9511351406453752,512.0,1.0,1.0,18.0,255.0,0.001953125,0.001953125,0.03515625,0.498046875,19.53125,0,10.0
layer4.2.conv2,conv,66,512,1,False,512.0,0,4.0,4.0,160000,603012.2234176933,4.489095008245457,0.0087677636879794,7.507425254015754,0.0146629399492495,3.39328971034589,0.0066275189655193,1.2436174200138956,10,512,0.9747407671900408,512,6,13,188,445,0.01171875,0.025390625,0.3671875,0.869140625,312.5,512.0,10000.0,60424.61534207574,1.103750421957449,0.0021557625428856,1.4152538724936423,0.0027641677197141,1.050817601733352,0.0020523781283854,1.7367647990412107,10.0,512.0,0.9394026715394606,512.0,1.0,1.0,25.0,237.0,0.001953125,0.001953125,0.048828125,0.462890625,19.53125,0,10.0
layer4.2.conv3,conv,67,2048,1,False,512.0,0,4.0,4.0,160000,524398.2840280092,4.663278197402362,0.0022769913073253,8.28870143835975,0.004047217499199,3.0247117381973188,0.0014769100284166,6.238303250992497,10,2048,0.7865603304546513,1262,8,16,157,357,0.00390625,0.0078125,0.07666015625,0.17431640625,78.125,2048.0,10000.0,71351.87569243873,1.080597550940729,0.0005276355229202,1.3338763017506374,0.0006513067879641,1.0396326253685844,0.0005076331178557,5.644269364638976,10.0,2048.0,0.8094162235293473,1268.0,1.0,1.0,16.0,220.0,0.00048828125,0.00048828125,0.0078125,0.107421875,4.8828125,0,10.0
layer4.2,block,68,2048,1,False,,0,4.0,4.0,160000,479915.97481416346,4.146880999989454,0.0020248442382761,8.80568177837493,0.0042996493058471,2.384335139958228,0.0011642261425577,2.2387291267005,10,2048,0.286856694454776,2015,9,22,371,1315,0.00439453125,0.0107421875,0.18115234375,0.64208984375,78.125,2048.0,10000.0,94498.63328072111,1.0602163530843998,0.0005176837661544,1.274028700555012,0.0006220843264428,1.0297150015747496,0.0005027905281126,2.2288950607301485,10.0,2048.0,0.3235781356565769,2014.0,1.0,1.0,12.0,510.0,0.00048828125,0.00048828125,0.005859375,0.2490234375,4.8828125,0,10.0
fc,linear,69,10,1,False,,0,,,10000,170.23054462447146,1.041397470647829,0.1041397470647829,1.1472927363314462,0.1147292736331446,1.0205275952463833,0.1020527595246383,,10,10,,10,1,1,3,9,0.1,0.1,0.3,0.9,1000.0,,,,,,,,,,,,,,,,,,,,,,,,0,10.0
conv1,conv,0,64,1,False,27.0,0,32.0,32.0,160000,216.19524888044387,1.1354261372306755,0.0177410333942293,1.3925029622032608,0.0217578587844259,1.0661683479856334,0.0166588804372755,12.38639663775558,10,64,0.9099601727444612,45,1,2,4,10,0.015625,0.03125,0.0625,0.15625,2500.0,64.0,10000.0,63.84233065734441,1.0728533274062455,0.0167633332407225,1.1796353300781506,0.0184318020324711,1.0363376963763369,0.0161927765058802,6.607130104723753,10.0,64.0,0.9438217325710386,41.0,1.0,1.0,2.0,3.0,0.015625,0.015625,0.03125,0.046875,156.25,1,46.69
layer1.0.conv1,conv,1,64,1,False,64.0,0,32.0,32.0,160000,55.83294179692229,1.785598673869109,0.0278999792792048,2.9176437114452844,0.0455881829913325,1.3564290924245002,0.0211942045691328,5.525805404091399,10,64,0.8291793401725598,64,4,5,12,27,0.0625,0.078125,0.1875,0.421875,2500.0,64.0,10000.0,15.501876372973513,1.4835292648519889,0.0231801447633123,2.0050596954633804,0.0313290577416153,1.2315864698846162,0.0192435385919471,6.478805950681109,10.0,64.0,0.8849609393654674,64.0,2.0,3.0,5.0,10.0,0.03125,0.046875,0.078125,0.15625,156.25,1,46.69
layer1.0.conv2,conv,2,64,1,False,64.0,0,32.0,32.0,160000,237.17276659208923,2.020125665864508,0.0315644635291329,3.4663367890423187,0.0541615123287862,1.469070702220594,0.0229542297221967,2.2316663688530785,10,64,0.994961916493156,64,4,7,23,53,0.0625,0.109375,0.359375,0.828125,2500.0,64.0,10000.0,70.08141890236261,1.6977941562291143,0.0265280336910799,2.2622260754355112,0.0353472824286798,1.3425937189278168,0.0209780268582471,4.2312919101169015,10.0,64.0,0.9797954635689056,64.0,2.0,3.0,5.0,13.0,0.03125,0.046875,0.078125,0.203125,156.25,1,46.69
layer1.0.conv3,conv,3,256,1,False,64.0,0,32.0,32.0,160000,57.971316775767065,2.8014550767639497,0.0109431838936091,5.205462823848476,0.0203338391556581,1.8049327058005595,0.0070505183820334,9.902460933674412,10,256,0.830230051252948,158,7,11,29,54,0.02734375,0.04296875,0.11328125,0.2109375,625.0,256.0,10000.0,16.26566619571568,2.186538591745335,0.0085411663740052,3.121229288197405,0.0121923019070211,1.5772234853775975,0.0061610292397562,8.432470748123514,10.0,256.0,0.8809768481497564,159.0,3.0,4.0,8.0,22.0,0.01171875,0.015625,0.03125,0.0859375,39.0625,1,46.69
layer1.0.downsample.0,conv,4,256,1,False,64.0,0,32.0,32.0,160000,68.38682831130053,1.6654066021868938,0.0065054945397925,2.7208193666791374,0.0106282006510903,1.3045666620637202,0.0050959635236864,8.862186598391201,10,256,0.8904427757103024,159,3,5,13,30,0.01171875,0.01953125,0.05078125,0.1171875,625.0,256.0,10000.0,19.322756171309784,1.3881031925363647,0.0054222780958451,1.8557141418930376,0.0072488833667696,1.186801559737101,0.004635943592723,6.918453380218223,10.0,256.0,0.9546807734637376,161.0,2.0,3.0,5.0,10.0,0.0078125,0.01171875,0.01953125,0.0390625,39.0625,1,46.69
layer1.0,block,5,256,1,False,,0,32.0,32.0,160000,183.78459431886205,3.30849325926144,0.0129238017939899,7.884606918248635,0.0307992457744087,1.926642590454312,0.0075259476189621,1.9962076036874248,10,256,0.9897772790658164,256,11,23,90,207,0.04296875,0.08984375,0.3515625,0.80859375,625.0,256.0,10000.0,48.270866520136806,2.2586203835204417,0.0088227358731267,3.636481601889245,0.0142050062573798,1.5707756555369126,0.006135842404441,2.8374281175205844,10.0,256.0,0.9943263795311424,256.0,4.0,6.0,13.0,50.0,0.015625,0.0234375,0.05078125,0.1953125,39.0625,1,46.69
layer1.1.conv1,conv,6,64,1,False,64.0,0,32.0,32.0,160000,599.5463094372346,2.462413868232449,0.038475216691132,4.981056692933717,0.0778290108270893,1.616659507899044,0.0252603048109225,2.328476565031859,10,64,0.9859743687907124,64,7,11,31,56,0.109375,0.171875,0.484375,0.875,2500.0,64.0,10000.0,165.30351172832025,1.8668659352120271,0.0291697802376879,2.8797013788397283,0.0449953340443707,1.3986276058404523,0.021853556341257,3.236195979511494,10.0,64.0,0.9892066980686898,64.0,3.0,5.0,9.0,26.0,0.046875,0.078125,0.140625,0.40625,156.25,1,46.69
layer1.1.conv2,conv,7,64,1,False,64.0,0,32.0,32.0,160000,132.0377033367775,2.36682451908218,0.036981633110659,5.081818895171548,0.0794034202370554,1.5721325603212155,0.0245645712550189,1.9766873277395816,10,64,0.9881334593427534,64,7,15,38,59,0.109375,0.234375,0.59375,0.921875,2500.0,64.0,10000.0,37.79715649043631,1.760318595983551,0.0275049780622429,2.741866999340329,0.0428416718646926,1.348934380061452,0.0210770996884601,4.310156364570509,10.0,64.0,0.9810059972602374,64.0,3.0,5.0,9.0,21.0,0.046875,0.078125,0.140625,0.328125,156.25,1,46.69
layer1.1.conv3,conv,8,256,1,False,64.0,0,32.0,32.0,160000,48.28736673300504,3.8238791348667776,0.0149370278705733,8.430891246911262,0.0329331689332471,2.0841174997624807,0.0081410839834471,10.470055703549846,10,256,0.8196835248357792,159,12,20,42,60,0.046875,0.078125,0.1640625,0.234375,625.0,256.0,10000.0,12.791983821274924,2.502455868729923,0.0097752182372262,4.133428048452112,0.016146203314266,1.659939079697529,0.0064841370300684,9.103292025572452,10.0,256.0,0.8732667208996963,161.0,4.0,7.0,13.0,32.0,0.015625,0.02734375,0.05078125,0.125,39.0625,1,46.69
layer1.1,block,9,256,1,False,,0,32.0,32.0,160000,267.9904216243487,4.729504983583232,0.018474628842122,12.532923288124236,0.0489567315942352,2.358913418552248,0.0092145055412197,1.8549301118709791,10,256,0.9941193853427456,256,19,40,129,229,0.07421875,0.15625,0.50390625,0.89453125,625.0,256.0,10000.0,67.27103980625928,2.852857495667896,0.0111439745924527,4.900892905707696,0.0191441129129206,1.8007640200725754,0.0070342344534084,2.726349733469398,10.0,256.0,0.9967609815062776,256.0,5.0,8.0,19.0,72.0,0.01953125,0.03125,0.07421875,0.28125,39.0625,1,46.69
layer1.2.conv1,conv,10,64,1,False,64.0,0,32.0,32.0,160000,759.6171317719951,3.167229302462814,0.0494879578509814,7.046504946644751,0.1101016397913242,1.8575538030634964,0.0290242781728671,2.169224992587831,10,64,0.9779292649875304,64,10,18,40,59,0.15625,0.28125,0.625,0.921875,2500.0,64.0,10000.0,200.22187765572517,2.165987753824474,0.0338435586535074,3.637824497133936,0.0568410077677177,1.515936530586793,0.0236865082904186,3.23244821864663,10.0,64.0,0.9932227373392962,64.0,4.0,6.0,12.0,33.0,0.0625,0.09375,0.1875,0.515625,156.25,1,46.69
layer1.2.conv2,conv,11,64,1,False,64.0,0,32.0,32.0,160000,111.30256684138612,2.2654557761156817,0.0353977465018075,5.162799343614812,0.0806687397439814,1.5280770362993013,0.0238762036921765,1.7748591002572582,10,64,0.9893331416051524,64,9,18,43,61,0.140625,0.28125,0.671875,0.953125,2500.0,64.0,10000.0,32.35858455078988,1.671849831073674,0.0261226536105261,2.6744203613882798,0.0417878181466918,1.306530747934206,0.0204145429364719,4.124325031507229,10.0,64.0,0.9673757622884608,64.0,3.0,5.0,10.0,24.0,0.046875,0.078125,0.15625,0.375,156.25,1,46.69
layer1.2.conv3,conv,12,256,1,False,64.0,0,32.0,32.0,160000,54.78738173659346,2.457145065491374,0.0095982229120756,5.749107122456217,0.0224574496970945,1.5932870035581987,0.0062237773576492,10.344708600764422,10,256,0.8208666364009358,159,10,18,41,59,0.0390625,0.0703125,0.16015625,0.23046875,625.0,256.0,10000.0,15.348169340519892,1.7453574320281422,0.0068178024688599,2.9147590928940548,0.0113857777066174,1.334923594836566,0.0052145452923303,9.060999326599791,10.0,256.0,0.8734321804222679,159.0,4.0,5.0,12.0,31.0,0.015625,0.01953125,0.046875,0.12109375,39.0625,1,46.69
layer1.2,block,13,256,1,False,,0,32.0,32.0,160000,360.7434535558812,4.930285841118757,0.0192589290668701,14.028101236073336,0.0547972704534114,2.387915823769749,0.0093277961866005,1.7534430614314505,10,256,0.9941423477996536,256,24,51,148,236,0.09375,0.19921875,0.578125,0.921875,625.0,256.0,10000.0,90.41397343897272,2.8246938951928544,0.011033960528097,5.063430574416203,0.0197790256813132,1.7737190360607356,0.0069285899846122,2.6520017477205173,10.0,256.0,0.9974468448337676,256.0,6.0,8.0,21.0,83.0,0.0234375,0.03125,0.08203125,0.32421875,39.0625,1,46.69
layer2.0.conv1,conv,14,128,1,False,128.0,0,32.0,32.0,160000,929.301857267292,4.154500840315204,0.0324570378149625,9.92021221153317,0.0775016579026029,2.184603785629848,0.0170672170752331,2.2143687076271763,10,128,0.9588939761648444,128,14,27,68,111,0.109375,0.2109375,0.53125,0.8671875,1250.0,128.0,10000.0,241.62888550960625,2.6003028707672025,0.0203148661778687,4.432750020637183,0.0346308595362279,1.691786059193948,0.0132170785874527,3.123380468070046,10.0,128.0,0.9868498082844882,128.0,5.0,7.0,16.0,49.0,0.0390625,0.0546875,0.125,0.3828125,78.125,1,46.69
layer2.0.conv2,conv,15,128,1,False,128.0,0,16.0,16.0,160000,196.7545729124697,3.794333648514475,0.0296432316290193,9.597670690025678,0.0749818022658256,2.06145255442626,0.0161050980814551,1.6839829939909965,10,128,0.9936108695910976,128,15,32,84,121,0.1171875,0.25,0.65625,0.9453125,1250.0,128.0,10000.0,55.11993295578982,2.286456268076277,0.0178629395943459,3.854507945332698,0.0301133433229117,1.5680339472475082,0.0122502652128711,2.973222630958356,10.0,128.0,0.9910006077300254,128.0,4.0,6.0,14.0,47.0,0.03125,0.046875,0.109375,0.3671875,78.125,1,46.69
layer2.0.conv3,conv,16,512,1,False,128.0,0,16.0,16.0,160000,97.44922305601612,4.245751449328463,0.0082924832994696,11.46400237245074,0.0223906296336928,2.166297693205049,0.0042310501820411,8.596592508545758,10,512,0.7910678618553684,315,19,36,83,118,0.037109375,0.0703125,0.162109375,0.23046875,312.5,512.0,10000.0,26.359856432280345,2.294792250452566,0.0044820161141651,4.153014687912415,0.0081113568123289,1.5585406772684334,0.0030440247602899,7.327144970612596,10.0,512.0,0.8573281087934865,320.0,5.0,7.0,19.0,62.0,0.009765625,0.013671875,0.037109375,0.12109375,19.53125,1,46.69
layer2.0.downsample.0,conv,17,512,1,False,256.0,0,16.0,16.0,160000,952.6182760260244,3.756035471386083,0.0073360067800509,9.794400101022426,0.0191296876973094,2.043814317883072,0.0039918248396153,6.454691417967498,10,512,0.611617137596707,381,15,32,105,204,0.029296875,0.0625,0.205078125,0.3984375,312.5,512.0,10000.0,252.354396490462,2.4222578360444262,0.0047309723360242,4.2166780066375855,0.008235699231714,1.6211332794458462,0.0031662759364176,5.726662057858918,10.0,512.0,0.7307995163055319,382.0,5.0,7.0,18.0,72.0,0.009765625,0.013671875,0.03515625,0.140625,19.53125,1,46.69
layer2.0,block,18,512,1,False,,0,16.0,16.0,160000,356.5506447627249,6.159189439295612,0.0120296668736242,20.32806105238404,0.0397032442429375,2.689608239332862,0.0052531410924469,1.6136082556086349,10,512,0.9919748071373098,512,39,94,298,472,0.076171875,0.18359375,0.58203125,0.921875,312.5,512.0,10000.0,86.11513208754332,3.046892578048872,0.0059509620665017,5.923167883841871,0.0115686872731286,1.8368451553332183,0.0035875881940101,2.26286090551904,10.0,512.0,0.9966216009399684,512.0,7.0,10.0,32.0,179.0,0.013671875,0.01953125,0.0625,0.349609375,19.53125,1,46.69
layer2.1.conv1,conv,19,128,1,False,128.0,0,16.0,16.0,160000,980.7314461879536,4.596088402213038,0.0359069406422893,11.955635220466938,0.0934034001598979,2.2891402080804983,0.0178839078756288,1.810672651899388,10,128,0.9853643592155458,128,19,37,85,120,0.1484375,0.2890625,0.6640625,0.9375,1250.0,128.0,10000.0,255.856760559349,2.648264598173609,0.0206895671732313,4.783361671371098,0.0373700130575867,1.701912241566646,0.0132961893872394,2.670640202400225,10.0,128.0,0.9958905802883592,128.0,5.0,8.0,21.0,69.0,0.0390625,0.0625,0.1640625,0.5390625,78.125,1,46.69
layer2.1.conv2,conv,20,128,1,False,128.0,0,16.0,16.0,160000,176.4561844116163,3.4699362119684105,0.0271088766560032,10.75605427419258,0.0840316740171295,1.91193148995386,0.0149369647652645,1.5099408089752973,10,128,0.9935004862213104,128,24,47,98,124,0.1875,0.3671875,0.765625,0.96875,1250.0,128.0,10000.0,54.61904414936715,1.8432154580042537,0.0144001207656582,3.147963063129005,0.0245934614306953,1.3779200245242025,0.0107650001915953,3.03917465275683,10.0,128.0,0.9770651687292254,128.0,4.0,6.0,15.0,50.0,0.03125,0.046875,0.1171875,0.390625,78.125,1,46.69
layer2.1.conv3,conv,21,512,1,False,128.0,0,16.0,16.0,160000,92.4272001774252,4.323045259375279,0.0084434477722173,13.933517187054854,0.0272139007559665,2.1519246634862306,0.0042029778583715,8.709522352013481,10,512,0.7797540462193047,315,30,52,96,123,0.05859375,0.1015625,0.1875,0.240234375,312.5,512.0,10000.0,26.530001732239832,2.061134693980702,0.004025653699181,3.812580784917198,0.0074464468455414,1.4620727863040046,0.00285561091075,7.358745414087168,10.0,512.0,0.8467789058592416,319.0,5.0,8.0,21.0,71.0,0.009765625,0.015625,0.041015625,0.138671875,19.53125,1,46.69
layer2.1,block,22,512,1,False,,0,16.0,16.0,160000,554.6781009215291,6.1604243899291085,0.0120320788865802,24.071735063061364,0.0470151075450417,2.643244342941101,0.0051625866073068,1.5252038983552592,10,512,0.9938764102035922,512,59,130,344,486,0.115234375,0.25390625,0.671875,0.94921875,312.5,512.0,10000.0,144.90999374362883,2.6865007997961388,0.0052470718746018,5.347470474783338,0.0104442782710612,1.6996760298725018,0.0033196797458447,2.158261383055877,10.0,512.0,0.9977695835215228,512.0,6.0,10.0,34.0,199.0,0.01171875,0.01953125,0.06640625,0.388671875,19.53125,1,46.69
layer2.2.conv1,conv,23,128,1,False,128.0,0,16.0,16.0,160000,1394.111363053375,5.23230834551821,0.040877408949361,14.922213989051624,0.1165797967894658,2.443896703627571,0.0190929429970903,1.6986218501532766,10,128,0.98212478622054,128,26,48,95,123,0.203125,0.375,0.7421875,0.9609375,1250.0,128.0,10000.0,369.7668609975485,2.6135273906585086,0.0204181827395196,4.91146214760281,0.0383707980281469,1.675902077038363,0.0130929849768622,2.5442400663560285,10.0,128.0,0.9942455655946442,128.0,6.0,9.0,23.0,76.0,0.046875,0.0703125,0.1796875,0.59375,78.125,1,46.69
layer2.2.conv2,conv,24,128,1,False,128.0,0,16.0,16.0,160000,168.60553946866222,3.5330353522019875,0.027601838689078,11.58094693606356,0.0904761479379965,1.9247659968669888,0.0150372343505233,1.3756868099221178,10,128,0.9942163509384292,128,29,55,104,125,0.2265625,0.4296875,0.8125,0.9765625,1250.0,128.0,10000.0,50.446913137137,1.7451401168704144,0.0136339071630501,3.0210315519326647,0.0236018089994739,1.3357131602856376,0.0104352590647315,2.9712849492869693,10.0,128.0,0.9732233817307134,128.0,4.0,6.0,17.0,57.0,0.03125,0.046875,0.1328125,0.4453125,78.125,1,46.69
layer2.2.conv3,conv,25,512,1,False,128.0,0,16.0,16.0,160000,94.0231902910662,5.155272793832522,0.0100688921754541,16.89139518910879,0.0329910062287281,2.373603959221262,0.004635945232854,8.854926007030471,10,512,0.7736737884462467,312,35,58,100,123,0.068359375,0.11328125,0.1953125,0.240234375,312.5,512.0,10000.0,25.77525684225,2.0786996172247147,0.004059960189892,3.888982198156499,0.0075956683557744,1.4694631399620717,0.0028700451952384,7.511721942772188,10.0,512.0,0.8413193090046395,318.0,5.0,8.0,24.0,78.0,0.009765625,0.015625,0.046875,0.15234375,19.53125,1,46.69
layer2.2,block,26,512,1,False,,0,16.0,16.0,160000,787.5054686044192,6.642435794176394,0.0129735074105007,27.932387834842825,0.0545554449899273,2.74185490532919,0.005355185361971,1.448985930767256,10,512,0.9935467704953796,512,75,159,371,492,0.146484375,0.310546875,0.724609375,0.9609375,312.5,512.0,10000.0,203.77401099872816,2.6211377570331367,0.0051194096817053,5.299815971977966,0.0103512030702694,1.67271911397201,0.0032670295194765,2.092993512628224,10.0,512.0,0.9981111177989208,512.0,6.0,10.0,38.0,224.0,0.01171875,0.01953125,0.07421875,0.4375,19.53125,1,46.69
layer2.3.conv1,conv,27,128,1,False,128.0,0,16.0,16.0,160000,1886.6347868266907,5.219566990566332,0.0407778671137994,15.937496173661517,0.1245116888567306,2.417742469027791,0.0188886130392796,1.5911486042456786,10,128,0.9759538359181924,128,32,55,99,124,0.25,0.4296875,0.7734375,0.96875,1250.0,128.0,10000.0,518.004923417835,2.547015887227563,0.0198985616189653,4.73783968106538,0.0370143725083232,1.6564096798215715,0.012940700623606,2.45746113907207,10.0,128.0,0.9958459641735112,128.0,5.0,8.0,24.0,80.0,0.0390625,0.0625,0.1875,0.625,78.125,1,46.69
layer2.3.conv2,conv,28,128,1,False,128.0,0,16.0,16.0,160000,152.3812426753701,3.688919769259724,0.0288196856973415,12.526787459958337,0.0978655270309244,1.9661707465582676,0.0153607089574864,1.2889389706007162,10,128,0.9914758346643446,128,33,61,107,126,0.2578125,0.4765625,0.8359375,0.984375,1250.0,128.0,10000.0,49.67660877555606,1.7797967470987357,0.0139046620867088,3.084937747325095,0.0241010761509773,1.3503979141683256,0.01054998370444,2.958546369032692,10.0,128.0,0.9699843994684002,128.0,4.0,6.0,18.0,58.0,0.03125,0.046875,0.140625,0.453125,78.125,1,46.69
layer2.3.conv3,conv,29,512,1,False,128.0,0,16.0,16.0,160000,92.28770664055205,4.964013562867506,0.0096953389899755,16.731798213692713,0.0326792933861185,2.3191941262924565,0.0045296760279149,8.863856170450545,10,512,0.7725410826705633,313,38,61,102,124,0.07421875,0.119140625,0.19921875,0.2421875,312.5,512.0,10000.0,28.61832170221184,2.0802483476914286,0.0040629850540848,3.821441753814847,0.0074637534254196,1.471789402933347,0.0028745886776041,7.4969746924303955,10.0,512.0,0.8404620072302926,318.0,4.0,8.0,24.0,77.0,0.0078125,0.015625,0.046875,0.150390625,19.53125,1,46.69
layer2.3,block,30,512,1,False,,0,16.0,16.0,160000,1028.3998539504946,6.194858101860213,0.0120993322301957,28.055219092708956,0.0547953497904471,2.617802132436933,0.0051128947899158,1.379551791607364,10,512,0.9922928212787916,512,87,178,387,495,0.169921875,0.34765625,0.755859375,0.966796875,312.5,512.0,10000.0,282.1308879093468,2.441559476893551,0.0047686708533077,4.91967056734629,0.0096087315768482,1.605531193356888,0.0031358031120251,2.0492463668976315,10.0,512.0,0.9980312040403204,512.0,6.0,10.0,39.0,233.0,0.01171875,0.01953125,0.076171875,0.455078125,19.53125,1,46.69
layer3.0.conv1,conv,31,256,1,False,256.0,0,16.0,16.0,160000,2395.995668839707,5.486193709711384,0.02143044417856,19.36737601952941,0.0756538125762867,2.4699328349487155,0.0096481751365184,1.7407157612100943,10,256,0.942486975641078,256,44,84,170,236,0.171875,0.328125,0.6640625,0.921875,625.0,256.0,10000.0,680.3805771190588,2.416587311045165,0.0094397941837701,4.651789154414641,0.0181710513844321,1.5995879525313883,0.0062483904395757,2.455567354511499,10.0,256.0,0.9810554930964164,256.0,5.0,9.0,28.0,120.0,0.01953125,0.03515625,0.109375,0.46875,39.0625,1,46.69
layer3.0.conv2,conv,32,256,1,False,256.0,0,8.0,8.0,160000,375.8532397556683,3.3294634637398923,0.0130057166552339,11.876397182330956,0.0463921764934803,1.8638518455962976,0.0072806712718605,1.2519562604750163,10,256,0.9944966664985968,256,35,87,197,248,0.13671875,0.33984375,0.76953125,0.96875,625.0,256.0,10000.0,130.07898548658395,1.7182438033895155,0.0067118898569902,3.037846172313623,0.0118665866106,1.323722744544812,0.0051707919708781,1.930176488267173,10.0,256.0,0.9934076579264316,256.0,4.0,6.0,24.0,141.0,0.015625,0.0234375,0.09375,0.55078125,39.0625,1,46.69
layer3.0.conv3,conv,33,1024,1,False,256.0,0,8.0,8.0,160000,211.19498128730703,3.948972381291442,0.0038564183411049,14.726380863724676,0.0143812313122311,2.0416047101989983,0.0019937545998037,7.312375772370412,10,1024,0.7569449506314202,627,42,89,185,243,0.041015625,0.0869140625,0.1806640625,0.2373046875,156.25,1024.0,10000.0,68.78968818694628,1.9019406059876311,0.0018573638730347,3.605142704979059,0.0035206471728311,1.3969564579649942,0.0013642152909814,6.512408994568237,10.0,1024.0,0.8094936427855913,639.0,5.0,8.0,34.0,156.0,0.0048828125,0.0078125,0.033203125,0.15234375,9.765625,1,46.69
layer3.0.downsample.0,conv,34,1024,1,False,512.0,0,8.0,8.0,160000,2523.5672477324238,4.410243281448694,0.0043068782045397,17.616565900472697,0.0172036776371803,2.1721953003848475,0.002121284473032,5.552140114946117,10,1024,0.5638870384639536,757,51,115,291,453,0.0498046875,0.1123046875,0.2841796875,0.4423828125,156.25,1024.0,10000.0,760.4158394651132,2.064822878088556,0.0020164285918833,4.109756792317355,0.0040134343674974,1.4605871117839784,0.0014263546013515,5.156032100467779,10.0,1024.0,0.6437536540056352,767.0,5.0,9.0,46.0,249.0,0.0048828125,0.0087890625,0.044921875,0.2431640625,9.765625,1,46.69
layer3.0,block,35,1024,1,False,,0,8.0,8.0,160000,771.3164360496337,6.056470201302326,0.0059145216809593,32.034359708650165,0.0312835544029786,2.5729670948815024,0.0025126631785952,1.329904268091434,10,1024,0.9863567700667226,1024,132,308,737,979,0.12890625,0.30078125,0.7197265625,0.9560546875,156.25,1024.0,10000.0,219.70736864928628,2.3863143089487724,0.0023303850673327,5.2012901370303,0.0050793848994436,1.5811487942695268,0.0015440906194038,1.6965950922414472,10.0,1024.0,0.992000704878994,1024.0,6.0,12.0,92.0,612.0,0.005859375,0.01171875,0.08984375,0.59765625,9.765625,1,46.69
layer3.1.conv1,conv,36,256,1,False,256.0,0,8.0,8.0,160000,2055.674820295467,4.503405684713761,0.0175914284559131,16.536459360767427,0.0645955443779977,2.1998709895034936,0.008593246052748,1.413281535686731,10,256,0.977141184843994,256,45,93,191,246,0.17578125,0.36328125,0.74609375,0.9609375,625.0,256.0,10000.0,639.7647917819414,2.150194974413875,0.0083991991188041,4.237515977388343,0.0165527967866732,1.49424092581441,0.0058368786164625,1.895843611676661,10.0,256.0,0.9926685969584012,256.0,5.0,9.0,40.0,172.0,0.01953125,0.03515625,0.15625,0.671875,39.0625,1,46.69
layer3.1.conv2,conv,37,256,1,False,256.0,0,8.0,8.0,160000,303.83466172057143,4.202309400396818,0.0164152710953,17.552339423093386,0.0685638258714585,2.1027964001279136,0.0082140484379996,1.211472597995892,10,256,0.9946587388399712,256,59,117,212,251,0.23046875,0.45703125,0.828125,0.98046875,625.0,256.0,10000.0,107.90922295359432,1.5937847999045556,0.0062257218746271,2.8023679712367637,0.0109467498876436,1.2705945991203935,0.004963260152814,2.201344019591371,10.0,256.0,0.973521126643494,256.0,4.0,6.0,27.0,130.0,0.015625,0.0234375,0.10546875,0.5078125,39.0625,1,46.69
layer3.1.conv3,conv,38,1024,1,False,256.0,0,8.0,8.0,160000,206.3704286425319,4.272807699912049,0.0041726637694453,18.571198588105847,0.0181359361211971,2.114860019629691,0.0020652929879196,7.394180011459617,10,1024,0.7506364145345592,627,63,112,200,247,0.0615234375,0.109375,0.1953125,0.2412109375,156.25,1024.0,10000.0,71.80096636610625,1.5893723649099538,0.0015521214501073,2.8738542098831417,0.002806498251839,1.268207351759046,0.0012384837419521,6.520469763878983,10.0,1024.0,0.8045315541985384,637.0,4.0,7.0,38.0,163.0,0.00390625,0.0068359375,0.037109375,0.1591796875,9.765625,1,46.69
layer3.1,block,39,1024,1,False,,0,8.0,8.0,160000,1203.2797227256729,5.595231585432159,0.0054640933451485,34.77922942048351,0.0339640912309409,2.431734919594331,0.0023747411324163,1.284052766873201,10,1024,0.9908081000016568,1024,165,355,780,989,0.1611328125,0.3466796875,0.76171875,0.9658203125,156.25,1024.0,10000.0,367.8963341295521,1.97903467538504,0.0019326510501807,4.215910875046196,0.0041171004639123,1.4239577225009463,0.0013905837133798,1.6384714301860337,10.0,1024.0,0.9945834814095011,1024.0,5.0,11.0,90.0,625.0,0.0048828125,0.0107421875,0.087890625,0.6103515625,9.765625,1,46.69
layer3.2.conv1,conv,40,256,1,False,256.0,0,8.0,8.0,160000,3046.2309121802737,4.160988661859544,0.0162538619603888,17.395232366901496,0.0679501264332089,2.0867016496809225,0.0081511783190661,1.363487415003903,10,256,0.9750578654961436,256,57,107,200,248,0.22265625,0.41796875,0.78125,0.96875,625.0,256.0,10000.0,1030.1061310207956,1.7364569276958242,0.0067830348738118,3.301996924452712,0.0128984254861434,1.328337537645144,0.0051888185064263,1.8306330710425271,10.0,256.0,0.9924915484086028,256.0,4.0,8.0,41.0,175.0,0.015625,0.03125,0.16015625,0.68359375,39.0625,1,46.69
layer3.2.conv2,conv,41,256,1,False,256.0,0,8.0,8.0,160000,269.49212087647913,4.026387326398998,0.015728075493746,17.85288049240559,0.0697378144234593,2.0479908214600333,0.0079999641463282,1.1171452515269464,10,256,0.9929145973705324,256,70,130,219,252,0.2734375,0.5078125,0.85546875,0.984375,625.0,256.0,10000.0,98.77740065779945,1.4676723080432306,0.0057330949532938,2.5197594506369456,0.0098428103540505,1.2158999214281077,0.0047496090680785,2.166384849168037,10.0,256.0,0.9692406293032488,256.0,3.0,6.0,29.0,136.0,0.01171875,0.0234375,0.11328125,0.53125,39.0625,1,46.69
layer3.2.conv3,conv,42,1024,1,False,256.0,0,8.0,8.0,160000,192.54713012649609,4.777744187655786,0.0046657658082576,22.40391625048392,0.0218788244633632,2.2375191684264664,0.0021850773129164,7.490079655688578,10,1024,0.7457905655220114,625,76,125,207,249,0.07421875,0.1220703125,0.2021484375,0.2431640625,156.25,1024.0,10000.0,66.8060030668426,1.5069372482442245,0.0014716184064885,2.732491526396644,0.0026684487562467,1.2323274694451487,0.00120344479438,6.606813185965648,10.0,1024.0,0.8036824781683083,638.0,4.0,7.0,44.0,170.0,0.00390625,0.0068359375,0.04296875,0.166015625,9.765625,1,46.69
layer3.2,block,43,1024,1,False,,0,8.0,8.0,160000,1668.481819941524,5.356016443554034,0.0052304848081582,36.40832075456417,0.035555000736879,2.364345416323232,0.0023089310706281,1.2358695965198956,10,1024,0.989831691296865,1024,195,395,807,995,0.1904296875,0.3857421875,0.7880859375,0.9716796875,156.25,1024.0,10000.0,531.5129869841579,1.788479740722198,0.001746562246799,3.717837794065809,0.0036307009707673,1.3479850990813569,0.0013163916983216,1.6076768456959771,10.0,1024.0,0.995106714536667,1024.0,5.0,10.0,93.0,637.0,0.0048828125,0.009765625,0.0908203125,0.6220703125,9.765625,1,46.69
layer3.3.conv1,conv,44,256,1,False,256.0,0,8.0,8.0,160000,4020.120529874349,4.099051178459459,0.0160119186658572,18.322010323014904,0.0715703528242769,2.0620911496520504,0.0080550435533283,1.303567203241669,10,256,0.9701522806683998,256,66,117,206,249,0.2578125,0.45703125,0.8046875,0.97265625,625.0,256.0,10000.0,1392.0927030220987,1.6607832409993868,0.0064874345351538,3.1227804584571413,0.0121983611658482,1.2970454647523426,0.0050665838466888,1.7847864256148664,10.0,256.0,0.990265121167964,256.0,4.0,7.0,43.0,178.0,0.015625,0.02734375,0.16796875,0.6953125,39.0625,1,46.69
layer3.3.conv2,conv,45,256,1,False,256.0,0,8.0,8.0,160000,221.9466094562594,4.83220310591324,0.0188757933824735,22.96027194956345,0.0896885623029822,2.256893089172911,0.0088159886295816,1.046804598823306,10,256,0.991364637659886,256,90,148,226,253,0.3515625,0.578125,0.8828125,0.98828125,625.0,256.0,10000.0,74.00355086503323,1.5390909394600982,0.006012073982266,2.772953287219928,0.0108318487782028,1.2464003039004228,0.004868751187111,2.1216756683147,10.0,256.0,0.9632062868260892,256.0,4.0,7.0,39.0,149.0,0.015625,0.02734375,0.15234375,0.58203125,39.0625,1,46.69
layer3.3.conv3,conv,46,1024,1,False,256.0,0,8.0,8.0,160000,163.1990258395749,6.956213049539719,0.0067931768061911,33.39035917182044,0.0326077726287309,2.750761330558693,0.0026862903618737,7.626101975994087,10,1024,0.7363269953118007,622,97,145,217,250,0.0947265625,0.1416015625,0.2119140625,0.244140625,156.25,1024.0,10000.0,49.01333467035143,1.709548507944782,0.0016694809647898,3.400073660886583,0.0033203844344595,1.317105155453042,0.0012862355033721,6.757629996326987,10.0,1024.0,0.7940628956098449,638.0,5.0,10.0,63.0,190.0,0.0048828125,0.009765625,0.0615234375,0.185546875,9.765625,1,46.69
layer3.3,block,47,1024,1,False,,0,8.0,8.0,160000,2074.7287552171447,5.923283666554011,0.0057844567056191,43.21744113387785,0.0422045323573025,2.491726528160234,0.0024333266876564,1.1905394545150323,10,1024,0.9877936516474812,1024,237,446,835,1000,0.2314453125,0.435546875,0.8154296875,0.9765625,156.25,1024.0,10000.0,665.2904961725615,1.7462040988442102,0.0017052774402775,3.6423327195410216,0.0035569655464267,1.3308127184665253,0.0012996217953774,1.578792160938582,10.0,1024.0,0.995055797650554,1024.0,5.0,10.0,107.0,666.0,0.0048828125,0.009765625,0.1044921875,0.650390625,9.765625,1,46.69
layer3.4.conv1,conv,48,256,1,False,256.0,0,8.0,8.0,160000,4605.748859030035,5.130501401128719,0.020041021098159,24.311910644198125,0.0949684009538989,2.3239507396027297,0.0090779325765731,1.2448318284788902,10,256,0.9646967645254948,256,82,133,214,250,0.3203125,0.51953125,0.8359375,0.9765625,625.0,256.0,10000.0,1502.6976932516343,1.7323359085416907,0.0067669371427409,3.3831218162101497,0.0132153195945708,1.3265019452874054,0.0051816482237789,1.7325274508138953,10.0,256.0,0.9898075663112744,256.0,4.0,9.0,55.0,191.0,0.015625,0.03515625,0.21484375,0.74609375,39.0625,1,46.69
layer3.4.conv2,conv,49,256,1,False,256.0,0,8.0,8.0,160000,232.5599453897992,4.462150708146687,0.0174302762036979,21.79672031309822,0.0851434387230399,2.1616775697891684,0.0084440530069889,0.9924115673766576,10,256,0.9899390501513364,256,94,153,228,253,0.3671875,0.59765625,0.890625,0.98828125,625.0,256.0,10000.0,79.24029240527045,1.4142222136720255,0.0055243055221563,2.4321842380209646,0.0095007196797693,1.1923745477069978,0.0046577130769804,2.082469476080897,10.0,256.0,0.9571959416789844,256.0,3.0,6.0,39.0,151.0,0.01171875,0.0234375,0.15234375,0.58984375,39.0625,1,46.69
layer3.4.conv3,conv,50,1024,1,False,256.0,0,8.0,8.0,160000,187.9811716794939,4.619443216617065,0.0045111750162276,23.051870157784784,0.0225115919509617,2.19550659194455,0.0021440494061958,7.452150997668727,10,1024,0.7380114760185164,625,89,139,215,250,0.0869140625,0.1357421875,0.2099609375,0.244140625,156.25,1024.0,10000.0,63.826303783726566,1.38212706739637,0.0013497334642542,2.384861247776388,0.0023289660622816,1.178107077373579,0.0011504951927476,6.610099774377194,10.0,1024.0,0.7956230664552594,638.0,3.0,7.0,49.0,180.0,0.0029296875,0.0068359375,0.0478515625,0.17578125,9.765625,1,46.69
layer3.4,block,51,1024,1,False,,0,8.0,8.0,160000,2599.3169319536128,5.286201529547199,0.0051623061811984,40.16867250395318,0.0392272192421417,2.3411025384827746,0.002286232947737,1.14523323817971,10,1024,0.9855893726083856,1024,253,467,845,1002,0.2470703125,0.4560546875,0.8251953125,0.978515625,156.25,1024.0,10000.0,839.7759407996169,1.6327678672150598,0.0015944998703272,3.303021046921712,0.0032256064911344,1.2843063108984083,0.0012542053817367,1.5487606823776985,10.0,1024.0,0.9941991299840472,1024.0,5.0,10.0,107.0,672.0,0.0048828125,0.009765625,0.1044921875,0.65625,9.765625,1,46.69
layer3.5.conv1,conv,52,256,1,False,256.0,0,8.0,8.0,160000,5833.400324905417,4.336003778661638,0.016937514760397,21.19018147321285,0.0827741463797376,2.1176298374342566,0.0082719915524775,1.2043547943989472,10,256,0.9620270030135194,256,82,134,214,251,0.3203125,0.5234375,0.8359375,0.98046875,625.0,256.0,10000.0,1986.357466373453,1.5739728459022124,0.0061483314293055,2.9382799691378327,0.0114776561294446,1.2605141163091065,0.0049238832668324,1.7055251667380813,10.0,256.0,0.9896778685707376,256.0,4.0,8.0,51.0,189.0,0.015625,0.03125,0.19921875,0.73828125,39.0625,1,46.69
layer3.5.conv2,conv,53,256,1,False,256.0,0,8.0,8.0,160000,227.88623847455543,4.3586345673438105,0.0170259162786867,21.64985093897014,0.0845697302303521,2.13222573346067,0.0083290067713307,0.959150381730727,10,256,0.9881237264067964,256,98,156,229,253,0.3828125,0.609375,0.89453125,0.98828125,625.0,256.0,10000.0,80.06721633641885,1.3870313017449694,0.0054180910224412,2.355688389090125,0.0092019077698833,1.1802686095115622,0.0046104242559045,2.085324553299545,10.0,256.0,0.9572268749211964,256.0,3.0,6.0,39.0,149.0,0.01171875,0.0234375,0.15234375,0.58203125,39.0625,1,46.69
layer3.5.conv3,conv,54,1024,1,False,256.0,0,8.0,8.0,160000,181.2598732865131,5.115615615838924,0.0049957183748426,25.911963937057923,0.0253046522822831,2.318531027808926,0.0022641904568446,7.521519688840602,10,1024,0.7368298346420562,624,94,142,217,251,0.091796875,0.138671875,0.2119140625,0.2451171875,156.25,1024.0,10000.0,57.99542309819844,1.4219893987329604,0.0013886615222001,2.5439335818431497,0.0024843101385187,1.1951631052494205,0.0011671514699701,6.672190069840782,10.0,1024.0,0.7950724043941089,638.0,3.0,7.0,55.0,184.0,0.0029296875,0.0068359375,0.0537109375,0.1796875,9.765625,1,46.69
layer3.5,block,55,1024,1,False,,0,8.0,8.0,160000,3045.1922519605496,5.43056439608992,0.0053032855430565,42.65967710378901,0.0416598409216689,2.3744068745165867,0.0023187567133951,1.1060619545109729,10,1024,0.9846288450989096,1024,278,496,860,1004,0.271484375,0.484375,0.83984375,0.98046875,156.25,1024.0,10000.0,993.0534848764236,1.582176475983622,0.0015450942148277,3.160105070979262,0.0030860401083781,1.2631936261357524,0.0012335875255231,1.5257924260143565,10.0,1024.0,0.9939403577532469,1024.0,4.0,9.0,112.0,685.0,0.00390625,0.0087890625,0.109375,0.6689453125,9.765625,1,46.69
layer4.0.conv1,conv,56,512,1,False,512.0,0,8.0,8.0,160000,6489.409267633249,5.022676117305776,0.0098099142916128,29.42213519551873,0.0574651078037475,2.286232961078248,0.0044652987521059,1.407221769915769,10,512,0.913436408532137,512,130,219,381,485,0.25390625,0.427734375,0.744140625,0.947265625,312.5,512.0,10000.0,2180.87799644188,1.6027154457334112,0.003130303604948,3.0886023437500207,0.0060324264526367,1.2723017771692802,0.0024849644085337,1.8268018754313704,10.0,512.0,0.9617577592272986,512.0,4.0,8.0,69.0,315.0,0.0078125,0.015625,0.134765625,0.615234375,19.53125,1,46.69
layer4.0.conv2,conv,57,512,1,False,512.0,0,4.0,4.0,160000,597.5889427982547,3.399545404479817,0.0066397371181246,16.433260785428732,0.0320962124715404,1.881554195944917,0.0036749105389549,0.9488206284560168,10,512,0.9864463812484516,512,114,245,433,503,0.22265625,0.478515625,0.845703125,0.982421875,312.5,512.0,10000.0,245.87960625724688,1.3453261843886954,0.0026275902038841,2.397943250019399,0.0046834829101941,1.1615704111741736,0.0022686922093245,1.2478087496028076,10.0,512.0,0.9786213582409252,512.0,3.0,7.0,145.0,422.0,0.005859375,0.013671875,0.283203125,0.82421875,19.53125,1,46.69
layer4.0.conv3,conv,58,2048,1,False,512.0,0,4.0,4.0,160000,400.49149975448654,3.536535842348188,0.0017268241417715,17.535657342360544,0.0085623326866994,1.9169354541121768,0.0009360036397032,6.805099733785367,10,2048,0.7230438869077631,1262,109,213,397,494,0.05322265625,0.10400390625,0.19384765625,0.2412109375,78.125,2048.0,10000.0,163.15592892244666,1.363147516160911,0.0006655993731254,2.497558863152616,0.0012195111636487,1.169287028025202,0.0005709409316529,6.068998493250589,10.0,2048.0,0.7537593401440141,1273.0,3.0,8.0,149.0,408.0,0.00146484375,0.00390625,0.07275390625,0.19921875,4.8828125,1,46.69
layer4.0.downsample.0,conv,59,2048,1,False,1024.0,0,4.0,4.0,160000,6622.491774205472,4.393814389828406,0.0021454171825334,27.903696044975437,0.0136248515844606,2.1378942470397844,0.0010438936753123,5.246864176192397,10,2048,0.521807828497463,1523,176,341,689,947,0.0859375,0.16650390625,0.33642578125,0.46240234375,78.125,2048.0,10000.0,2408.4011449241043,1.5768022136808029,0.0007699229558988,3.517374946738788,0.0017174682357122,1.2597538732858575,0.0006151141959403,4.775288975060519,10.0,2048.0,0.5670939046697197,1533.0,5.0,19.0,278.0,747.0,0.00244140625,0.00927734375,0.1357421875,0.36474609375,4.8828125,1,46.69
layer4.0,block,60,2048,1,False,,0,4.0,4.0,160000,1179.9348582327225,8.834626887301422,0.0043137826598151,85.78682830182035,0.0418880997567482,3.106427842941658,0.0015168104701863,1.1346096456542507,10,2048,0.9735459791207716,2048,560,980,1697,1998,0.2734375,0.478515625,0.82861328125,0.9755859375,78.125,2048.0,10000.0,353.5539549448051,2.0264428915012878,0.0009894740681158,6.266800479842815,0.0030599611717982,1.4352474893637723,0.0007008044381659,1.3256689179000454,10.0,2048.0,0.9624973196860896,2048.0,13.0,101.0,861.0,1762.0,0.00634765625,0.04931640625,0.42041015625,0.8603515625,4.8828125,1,46.69
layer4.1.conv1,conv,61,512,1,False,512.0,0,4.0,4.0,160000,2860.212621591598,6.153134919468557,0.012017841639587,36.331730349127696,0.07096041083814,2.5737951379984074,0.0050269436289031,1.1170610343994367,10,512,0.9550051878817968,512,168,271,430,501,0.328125,0.529296875,0.83984375,0.978515625,312.5,512.0,10000.0,968.0179915038484,1.8011534053722935,0.0035178777448677,4.349665432081385,0.0084954402970339,1.3514053994185884,0.0026394636707394,1.2780900567673923,10.0,512.0,0.967885249166246,512.0,7.0,29.0,245.0,455.0,0.013671875,0.056640625,0.478515625,0.888671875,19.53125,1,46.69
layer4.1.conv2,conv,62,512,1,False,512.0,0,4.0,4.0,160000,397.95094573640864,7.461402479930173,0.0145730517186136,41.12024447097215,0.0803129774823674,2.9367566906616256,0.0057358529114484,0.9185463017785728,10,512,0.9852465622777778,512,199,316,459,506,0.388671875,0.6171875,0.896484375,0.98828125,312.5,512.0,10000.0,129.44616563247007,1.5848542740267937,0.0030954185039585,3.4257692909634114,0.0066909556464129,1.2640672639109731,0.0024688813748261,1.4588356423491655,10.0,512.0,0.9510987165690178,512.0,5.0,18.0,191.0,421.0,0.009765625,0.03515625,0.373046875,0.822265625,19.53125,1,46.69
layer4.1.conv3,conv,63,2048,1,False,512.0,0,4.0,4.0,160000,377.8014773054223,6.800808135985489,0.0033207070976491,41.29620678217437,0.0201641634678585,2.7322686324869525,0.0013341155432065,7.052145840316701,10,2048,0.7119139984679512,1259,186,287,436,501,0.0908203125,0.14013671875,0.212890625,0.24462890625,78.125,2048.0,10000.0,132.40695380987506,1.5018680209204234,0.00073333399459,3.1886897909537364,0.0015569774369891,1.228914643540539,0.0006000559782912,6.255205988163029,10.0,2048.0,0.7472535929957731,1274.0,4.0,19.0,216.0,439.0,0.001953125,0.00927734375,0.10546875,0.21435546875,4.8828125,1,46.69
layer4.1,block,64,2048,1,False,,0,4.0,4.0,160000,1705.1938774705084,12.46416565817516,0.0060860183877808,127.7994977564754,0.062402098513904,3.734265674208488,0.0018233719112346,1.1017393534730435,10,2048,0.9820289213917814,2048,660,1095,1767,2012,0.322265625,0.53466796875,0.86279296875,0.982421875,78.125,2048.0,10000.0,490.6734544334077,2.084362602189206,0.0010177551768501,6.718743066517482,0.0032806362629479,1.4574811996056538,0.0007116607419949,1.2891380688072558,10.0,2048.0,0.9709657227136156,2048.0,16.0,134.0,938.0,1807.0,0.0078125,0.0654296875,0.4580078125,0.88232421875,4.8828125,1,46.69
layer4.2.conv1,conv,65,512,1,False,512.0,0,4.0,4.0,160000,3680.3502272678406,10.31676700941584,0.0201499355652653,63.37367067880955,0.1237767005445499,3.4109398037088914,0.0066619918041189,1.0984099347566667,10,512,0.9521633553193468,512,211,307,446,504,0.412109375,0.599609375,0.87109375,0.984375,312.5,512.0,10000.0,1114.444401059129,2.019314927941267,0.0039439744686352,5.452530337505029,0.0106494733154395,1.4364158410734766,0.0028054996895966,1.257173737379333,10.0,512.0,0.9659981492224252,512.0,11.0,56.0,285.0,467.0,0.021484375,0.109375,0.556640625,0.912109375,19.53125,1,46.69
layer4.2.conv2,conv,66,512,1,False,512.0,0,4.0,4.0,160000,341.16250461340815,10.317066612289011,0.0201505207271269,63.90297649398375,0.124810500964812,3.463991012096213,0.0067656074455004,0.8399058217254965,10,512,0.982258979566534,512,257,358,473,508,0.501953125,0.69921875,0.923828125,0.9921875,312.5,512.0,10000.0,100.18994889783156,1.7535130705840232,0.0034248302159844,4.273495954233468,0.0083466717856122,1.3334966776241963,0.0026044856984847,1.4172313095501343,10.0,512.0,0.9427009241555993,512.0,7.0,42.0,238.0,443.0,0.013671875,0.08203125,0.46484375,0.865234375,19.53125,1,46.69
layer4.2.conv3,conv,67,2048,1,False,512.0,0,4.0,4.0,160000,353.93394055969065,9.67473094217988,0.0047239897178612,66.33630146949041,0.0323907722018996,3.266674852753108,0.0015950560804458,7.203844216100034,10,2048,0.7029734344930243,1255,237,330,455,505,0.11572265625,0.1611328125,0.22216796875,0.24658203125,78.125,2048.0,10000.0,108.75934340154733,1.6700485009631638,0.0008154533696109,4.134820554829961,0.002018955349038,1.2981942131664137,0.0006338838931476,6.437186151928577,10.0,2048.0,0.7391689567155841,1274.0,8.0,52.0,274.0,462.0,0.00390625,0.025390625,0.1337890625,0.2255859375,4.8828125,1,46.69
layer4.2,block,68,2048,1,False,,0,4.0,4.0,160000,2068.301484061379,26.57469510423489,0.0129759253438646,240.94191230200107,0.1176474181162114,5.829383606235351,0.0028463787139821,1.072724200877476,10,2048,0.9776243083498756,2048,819,1241,1827,2022,0.39990234375,0.60595703125,0.89208984375,0.9873046875,78.125,2048.0,10000.0,479.52284950920017,2.8919736545689267,0.0014120965110199,11.881538346516344,0.0058015323957599,1.7440946370400678,0.0008516087094922,1.273373363553095,10.0,2048.0,0.9700632498385175,2048.0,61.0,301.0,1164.0,1881.0,0.02978515625,0.14697265625,0.568359375,0.91845703125,4.8828125,1,46.69
fc,linear,69,10,1,False,,0,,,10000,51.14671536702882,1.8471085749988727,0.1847108574998873,2.6426284987790774,0.2642628498779077,1.40040859861629,0.140040859861629,,10,10,,10,3,4,7,9,0.3,0.4,0.7,0.9,1000.0,,,,,,,,,,,,,,,,,,,,,,,,1,46.69
conv1,conv,0,64,1,False,27.0,0,32.0,32.0,160000,200.28558594211836,1.144580710354905,0.01788407359929539,1.417660023253747,0.022150937863339798,1.070533658654907,0.016727088416482922,12.720327906845839,10,64,0.9086614127891873,46,1,2,4,10,0.015625,0.03125,0.0625,0.15625,2500.0,64.0,10000.0,58.73392014857694,1.069892905543097,0.01671707664911089,1.1751560629546012,0.018361813483665643,1.0348460045892693,0.016169468821707333,6.756838553791491,10.0,64.0,0.940257238221001,44.0,1.0,1.0,2.0,3.0,0.015625,0.015625,0.03125,0.046875,156.25,2,52.72
layer1.0.conv1,conv,1,64,1,False,64.0,0,32.0,32.0,160000,46.36896364081794,2.0784530717730023,0.03247582924645316,3.6383623015377746,0.05684941096152773,1.4716598748466772,0.02299468554447933,5.754148288360895,10,64,0.8094593688878442,64,4,7,14,29,0.0625,0.109375,0.21875,0.453125,2500.0,64.0,10000.0,11.92994134876924,1.5111670643203579,0.02361198538000559,2.110728726290097,0.032980136348282764,1.2423379741216551,0.01941153084565086,6.643228497806629,10.0,64.0,0.9025589088429835,64.0,2.0,3.0,6.0,12.0,0.03125,0.046875,0.09375,0.1875,156.25,2,52.72
layer1.0.conv2,conv,2,64,1,False,64.0,0,32.0,32.0,160000,170.56891291696172,2.2154065770345714,0.03461572776616518,4.27607997399935,0.06681374959373984,1.5299333916064155,0.023905209243850242,2.133678822977893,10,64,0.9901390685194119,64,6,10,31,57,0.09375,0.15625,0.484375,0.890625,2500.0,64.0,10000.0,47.0593371944965,1.6831052570276313,0.02629851964105674,2.3158004323263026,0.03618438175509848,1.3305105081197968,0.020789226689371824,4.149193929223926,10.0,64.0,0.9774843345687533,64.0,2.0,3.0,6.0,16.0,0.03125,0.046875,0.09375,0.25,156.25,2,52.72
layer1.0.conv3,conv,3,256,1,False,64.0,0,32.0,32.0,160000,51.56562624247133,2.9749091031739754,0.011620738684273341,6.194287477428189,0.024196435458703862,1.8155253525696933,0.007091895908475364,10.170605915664611,10,256,0.8222516535653462,158,8,15,36,57,0.03125,0.05859375,0.140625,0.22265625,625.0,256.0,10000.0,13.212014493690301,1.9900207219839285,0.007773518445249721,2.962675009565445,0.011572949256115019,1.4673536515514267,0.005731850201372761,8.729436634273727,10.0,256.0,0.872964324916911,159.0,3.0,4.0,9.0,27.0,0.01171875,0.015625,0.03515625,0.10546875,39.0625,2,52.72
layer1.0.downsample.0,conv,4,256,1,False,64.0,0,32.0,32.0,160000,59.68295951705582,1.8533843331245075,0.007239782551267607,3.264039591986832,0.012750154656198562,1.378686942082576,0.005385495867510063,9.086624604377835,10,256,0.8937278558882166,160,4,7,14,32,0.015625,0.02734375,0.0546875,0.125,625.0,256.0,10000.0,16.080069393160837,1.4078873124004943,0.005499559814064431,1.9268726510191125,0.007526846293043408,1.1949861404643791,0.004667914611188981,7.286479369509199,10.0,256.0,0.9541069052751736,159.0,2.0,3.0,5.0,11.0,0.0078125,0.01171875,0.01953125,0.04296875,39.0625,2,52.72
layer1.0,block,5,256,1,False,,0,32.0,32.0,160000,160.19922317482005,4.042822313556993,0.015792274662332004,10.929257732864496,0.04269241301900194,2.127379358479096,0.008310075619058969,1.909445004821438,10,256,0.9905698787849804,256,16,35,120,224,0.0625,0.13671875,0.46875,0.875,625.0,256.0,10000.0,37.990534318574646,2.2858882308114854,0.008929250901607365,3.851391265150959,0.015044497129495933,1.5721793693107255,0.006141325661370022,2.729985490292228,10.0,256.0,0.9936021801493261,256.0,4.0,7.0,16.0,65.0,0.015625,0.02734375,0.0625,0.25390625,39.0625,2,52.72
layer1.1.conv1,conv,6,64,1,False,64.0,0,32.0,32.0,160000,479.87610851120496,3.1367760134404157,0.049012125210006495,6.81729843115512,0.10652028798679875,1.8483565483600533,0.028880571068125832,2.2841264278139466,10,64,0.9904310895266667,64,10,16,38,59,0.15625,0.25,0.59375,0.921875,2500.0,64.0,10000.0,118.64757623350401,1.9650940296465282,0.030704594213227004,3.12173950654428,0.04877717978975438,1.4384798306356164,0.022476247353681506,3.094165925242432,10.0,64.0,0.9912805776549872,64.0,3.0,5.0,11.0,31.0,0.046875,0.078125,0.171875,0.484375,156.25,2,52.72
layer1.1.conv2,conv,7,64,1,False,64.0,0,32.0,32.0,160000,101.21351512648422,3.129063879303379,0.048891623114115296,7.275951915579261,0.11368674868092596,1.8367192700290493,0.028698738594203896,1.890300020546678,10,64,0.9901022262567807,64,11,21,45,61,0.171875,0.328125,0.703125,0.953125,2500.0,64.0,10000.0,25.801429697427576,1.8616424957000626,0.029088163995313478,2.987846596047966,0.04668510306324947,1.3903311766575013,0.021723924635273457,4.144122618034053,10.0,64.0,0.9741647472283175,64.0,3.0,5.0,10.0,25.0,0.046875,0.078125,0.15625,0.390625,156.25,2,52.72
layer1.1.conv3,conv,8,256,1,False,64.0,0,32.0,32.0,160000,38.53436034277243,6.228226965547753,0.02432901158417091,13.0298444681471,0.05089782995369961,2.897873856461831,0.011319819751804027,10.821506213035184,10,256,0.810480812053475,158,17,26,47,61,0.06640625,0.1015625,0.18359375,0.23828125,625.0,256.0,10000.0,8.370362361985142,3.0627359085271424,0.01196381214268415,5.048986863420413,0.019722604935235987,1.8988763436294607,0.007417485717302581,9.540507183015729,10.0,256.0,0.8619480824333698,159.0,5.0,8.0,16.0,39.0,0.01953125,0.03125,0.0625,0.15234375,39.0625,2,52.72
layer1.1,block,9,256,1,False,,0,32.0,32.0,160000,226.68308854164002,6.854162966445884,0.026774074087679234,19.107225252381113,0.07463759864211372,2.9513503972234525,0.011528712489154111,1.765339380254884,10,256,0.9961689748693792,256,30,60,160,240,0.1171875,0.234375,0.625,0.9375,625.0,256.0,10000.0,48.10370879984838,3.2094249510267683,0.012536816214948314,5.6377888310798765,0.022022612621405768,1.9458159300271909,0.007600843476668714,2.6138730483746824,10.0,256.0,0.9976136590423148,256.0,6.0,9.0,24.0,95.0,0.0234375,0.03515625,0.09375,0.37109375,39.0625,2,52.72
layer1.2.conv1,conv,10,64,1,False,64.0,0,32.0,32.0,160000,605.9364919447122,4.3531961657942055,0.06801869009053446,10.004690437377073,0.15632328808401677,2.241669686321884,0.03502608884877944,2.107522545081183,10,64,0.9801947888951105,64,14,24,45,61,0.21875,0.375,0.703125,0.953125,2500.0,64.0,10000.0,129.78717729306123,2.5348045304225875,0.03960632078785293,4.367119623961443,0.06823624412439755,1.6661584757119487,0.0260337261829992,3.118436343736261,10.0,64.0,0.9920013568859879,64.0,5.0,7.0,16.0,40.0,0.078125,0.109375,0.25,0.625,156.25,2,52.72
layer1.2.conv2,conv,11,64,1,False,64.0,0,32.0,32.0,160000,79.11905001017567,3.6855233041926136,0.05758630162800959,8.94349786850386,0.1397421541953728,2.0355563254503144,0.03180556758516116,1.7419000221978538,10,64,0.9906851158660379,64,15,26,50,62,0.234375,0.40625,0.78125,0.96875,2500.0,64.0,10000.0,18.647047541370252,2.1715723754727336,0.03393081836676146,3.5553301799695536,0.055552034062024275,1.52696942687206,0.023858897294875937,4.0936431263133,10.0,64.0,0.9639290975525564,64.0,4.0,6.0,13.0,29.0,0.0625,0.09375,0.203125,0.453125,156.25,2,52.72
layer1.2.conv3,conv,12,256,1,False,64.0,0,32.0,32.0,160000,42.36179080853651,3.417133728419686,0.013348178626639399,8.84166619703156,0.034537758582154535,1.9068638530806534,0.0074486869260963024,10.692967351090754,10,256,0.812946069458769,160,16,26,47,61,0.0625,0.1015625,0.18359375,0.23828125,625.0,256.0,10000.0,9.804178889859752,1.9775197092985768,0.007724686364447566,3.4619493978284233,0.013523239835267278,1.4298449248597835,0.0055853317377335295,9.37041994381069,10.0,256.0,0.8628716977091994,159.0,4.0,6.0,15.0,38.0,0.015625,0.0234375,0.05859375,0.1484375,39.0625,2,52.72
layer1.2,block,13,256,1,False,,0,32.0,32.0,160000,302.57616842434135,7.691578312252396,0.030045227782235923,22.514014062934898,0.08794536743333944,3.1370851568655107,0.012254238894005901,1.6705364042722364,10,256,0.9953528105138885,256,38,75,177,244,0.1484375,0.29296875,0.69140625,0.953125,625.0,256.0,10000.0,61.917893175212214,3.3648163573114203,0.013143813895747735,6.150833329704095,0.02402669269415662,1.983308133400897,0.007747297396097254,2.5413703332188766,10.0,256.0,0.9976936504786788,256.0,7.0,10.0,28.0,110.0,0.02734375,0.0390625,0.109375,0.4296875,39.0625,2,52.72
layer2.0.conv1,conv,14,128,1,False,128.0,0,32.0,32.0,160000,709.9409226264986,6.940068993124382,0.054219289008784234,15.959231236039512,0.12468149403155869,3.078117072031116,0.024047789625243093,2.144391934944034,10,128,0.958817929240556,128,22,38,80,116,0.171875,0.296875,0.625,0.90625,1250.0,128.0,10000.0,147.26997320913432,3.3029814019116293,0.025804542202434604,5.612894848318774,0.04385074100249042,1.98907194450989,0.015539624566483516,3.031837270147554,10.0,128.0,0.9840695424044833,128.0,6.0,8.0,21.0,62.0,0.046875,0.0625,0.1640625,0.484375,78.125,2,52.72
layer2.0.conv2,conv,15,128,1,False,128.0,0,16.0,16.0,160000,146.82814700927435,7.102842164590067,0.0554909544108599,16.977874012684204,0.13263964072409534,3.165117864438569,0.02472748331592632,1.588307798374613,10,128,0.9947687427634871,128,26,49,99,124,0.203125,0.3828125,0.7734375,0.96875,1250.0,128.0,10000.0,32.97585040503046,3.06633559091521,0.02395574680402508,5.141149729176383,0.04016523225919049,1.9025275321935813,0.014863496345262354,2.8097873781977807,10.0,128.0,0.9908884071960676,128.0,5.0,8.0,19.0,63.0,0.0390625,0.0625,0.1484375,0.4921875,78.125,2,52.72
layer2.0.conv3,conv,16,512,1,False,128.0,0,16.0,16.0,160000,80.34501023984373,7.9095263980486195,0.01544829374618871,19.67075513159736,0.038419443616401094,3.2747612504649997,0.0063960180673144525,8.863385702188355,10,512,0.778958568449879,313,30,52,95,122,0.05859375,0.1015625,0.185546875,0.23828125,312.5,512.0,10000.0,17.22503257439631,2.9729584862806524,0.005806559543516899,5.5575123930501835,0.01085451639267614,1.8219335419368599,0.0035584639490954294,7.634468356758047,10.0,512.0,0.8427314855989533,318.0,6.0,10.0,26.0,79.0,0.01171875,0.01953125,0.05078125,0.154296875,19.53125,2,52.72
layer2.0.downsample.0,conv,17,512,1,False,256.0,0,16.0,16.0,160000,734.1409042833048,6.106522065952445,0.01192680091006337,16.324571277757176,0.031883928276869485,2.764673315157504,0.005399752568667,6.692500501410053,10,512,0.596895936534146,382,26,50,132,220,0.05078125,0.09765625,0.2578125,0.4296875,312.5,512.0,10000.0,159.74145544626433,3.1122706244963547,0.006078653563469443,5.4847517148924005,0.01071240569314922,1.904587162748235,0.0037198968022426463,5.922258471077054,10.0,512.0,0.7040031970158864,383.0,6.0,9.0,25.0,99.0,0.01171875,0.017578125,0.048828125,0.193359375,19.53125,2,52.72
layer2.0,block,18,512,1,False,,0,16.0,16.0,160000,314.09916169323174,11.256910181290884,0.021986152697833758,35.382135547804886,0.06910573349180642,4.084638318142038,0.007977809215121168,1.511714473433184,10,512,0.9930631327641201,512,69,150,361,488,0.134765625,0.29296875,0.705078125,0.953125,312.5,512.0,10000.0,61.040344205323926,4.091227119500831,0.007990677967775061,7.918288067843165,0.015465406382506182,2.241825910660616,0.004378566231759016,2.142414272013003,10.0,512.0,0.9971147055566961,512.0,8.0,13.0,49.0,253.0,0.015625,0.025390625,0.095703125,0.494140625,19.53125,2,52.72
layer2.1.conv1,conv,19,128,1,False,128.0,0,16.0,16.0,160000,815.5365582635402,8.283195745591524,0.06471246676243378,19.27379787391937,0.15057654588999508,3.5055286735790148,0.027386942762336053,1.7202102418679173,10,128,0.9844171206421704,128,28,50,96,123,0.21875,0.390625,0.75,0.9609375,1250.0,128.0,10000.0,171.37674761307832,3.6166437843037484,0.028255029564873035,6.504601177149671,0.050817196696481805,2.0847922958751814,0.016287439811524855,2.542299457087769,10.0,128.0,0.9944920210512136,128.0,7.0,10.0,28.0,84.0,0.0546875,0.078125,0.21875,0.65625,78.125,2,52.72
layer2.1.conv2,conv,20,128,1,False,128.0,0,16.0,16.0,160000,133.97315985285508,6.522344672404428,0.05095581775315959,20.346253082551772,0.15895510220743572,2.7428806269031463,0.02142875489768083,1.4479364742821326,10,128,0.9944834405961183,128,39,65,108,126,0.3046875,0.5078125,0.84375,0.984375,1250.0,128.0,10000.0,33.98976236256641,2.3600602108882005,0.018437970397564066,4.340494027861262,0.03391010959266611,1.5814388648377264,0.012354991131544738,2.9539545614284246,10.0,128.0,0.973983769902464,128.0,5.0,8.0,21.0,63.0,0.0390625,0.0625,0.1640625,0.4921875,78.125,2,52.72
layer2.1.conv3,conv,21,512,1,False,128.0,0,16.0,16.0,160000,79.45805923069092,7.773633895490107,0.015182878702129116,23.385189933092228,0.04567419908807076,3.0470758431775713,0.005951320006206194,8.96503147290744,10,512,0.7714358326991815,313,41,64,104,124,0.080078125,0.125,0.203125,0.2421875,312.5,512.0,10000.0,18.90918422958931,2.5788929915107497,0.005036900374044433,5.0435579117394065,0.009850699046366028,1.6573981984376902,0.0032371058563236137,7.594390769613217,10.0,512.0,0.8370907155822344,318.0,6.0,9.0,28.0,83.0,0.01171875,0.017578125,0.0546875,0.162109375,19.53125,2,52.72
layer2.1,block,22,512,1,False,,0,16.0,16.0,160000,488.3955590651654,11.293386682093258,0.022057395863463395,41.957622765916874,0.0819484819646814,3.871432162675232,0.007561390942725062,1.4356798014268626,10,512,0.994598924417259,512,95,186,392,495,0.185546875,0.36328125,0.765625,0.966796875,312.5,512.0,10000.0,104.31210773212416,3.380683395540869,0.006602897256915759,6.997618194719359,0.013667223036561248,1.947848590455563,0.0038043917782335213,2.060492959077446,10.0,512.0,0.99785617871466,512.0,8.0,13.0,51.0,269.0,0.015625,0.025390625,0.099609375,0.525390625,19.53125,2,52.72
layer2.2.conv1,conv,23,128,1,False,128.0,0,16.0,16.0,160000,1176.8679548332375,8.768577910747938,0.06850451492771827,22.822079369388273,0.17829749507334589,3.4052558389992145,0.026603561242181363,1.608511610940832,10,128,0.9805621935426024,128,36,60,103,125,0.28125,0.46875,0.8046875,0.9765625,1250.0,128.0,10000.0,261.4711764262296,3.1850863844005772,0.02488348737812951,6.14702584193683,0.04802363939013148,1.8812226587749388,0.01469705202167921,2.4402284708065447,10.0,128.0,0.9953010982175853,128.0,7.0,10.0,30.0,88.0,0.0546875,0.078125,0.234375,0.6875,78.125,2,52.72
layer2.2.conv2,conv,24,128,1,False,128.0,0,16.0,16.0,160000,130.91014088090424,5.884592228849527,0.04597337678788693,20.032283086857408,0.1565022116160735,2.552605930659954,0.01994223383328089,1.3069301480025008,10,128,0.9936947882482208,128,44,71,111,126,0.34375,0.5546875,0.8671875,0.984375,1250.0,128.0,10000.0,33.47510264969454,2.1014877331129216,0.0164178729149447,3.941739755476118,0.030794841839657174,1.4764876463952872,0.011535059737463181,2.8771199994288033,10.0,128.0,0.9704195439388018,128.0,5.0,8.0,22.0,67.0,0.0390625,0.0625,0.171875,0.5234375,78.125,2,52.72
layer2.2.conv3,conv,25,512,1,False,128.0,0,16.0,16.0,160000,82.01862171685609,7.702413952320037,0.015043777250625072,24.905198709172787,0.0486429662288531,2.9792295375585978,0.005818807690544136,9.034166850184988,10,512,0.7712062587357095,314,46,69,106,125,0.08984375,0.134765625,0.20703125,0.244140625,312.5,512.0,10000.0,19.231144484459975,2.3482484099545298,0.004586422675692441,4.658737151063376,0.009099095998170657,1.5696366604333898,0.0030656966024089644,7.663485988728234,10.0,512.0,0.8335578913284583,317.0,6.0,10.0,31.0,88.0,0.01171875,0.01953125,0.060546875,0.171875,19.53125,2,52.72
layer2.2,block,26,512,1,False,,0,16.0,16.0,160000,688.236698443207,11.666659609258499,0.022786444549333006,47.636029112382616,0.0930391193601223,3.846874463051122,0.007513426685646723,1.371577586485605,10,512,0.9942701512132713,512,116,214,411,499,0.2265625,0.41796875,0.802734375,0.974609375,312.5,512.0,10000.0,146.79534119960906,3.1856738980466885,0.0062220193321224386,6.795494609264183,0.013272450408719107,1.8703781651948292,0.003653082353896151,2.005902940166917,10.0,512.0,0.9982566879823317,512.0,8.0,13.0,57.0,290.0,0.015625,0.025390625,0.111328125,0.56640625,19.53125,2,52.72
layer2.3.conv1,conv,27,128,1,False,128.0,0,16.0,16.0,160000,1545.8875302759286,9.43711627418921,0.0737274708921032,25.705817324215626,0.20082669784543458,3.537800997522128,0.027639070293141624,1.5359098313273638,10,128,0.9776858900386924,128,43,66,106,125,0.3359375,0.515625,0.828125,0.9765625,1250.0,128.0,10000.0,349.9068564979824,3.221767976531294,0.025170062316650733,6.195030609439668,0.048398676636247404,1.9083379501029456,0.014908890235179263,2.3797345626637236,10.0,128.0,0.9947359627770958,128.0,7.0,10.0,33.0,91.0,0.0546875,0.078125,0.2578125,0.7109375,78.125,2,52.72
layer2.3.conv2,conv,28,128,1,False,128.0,0,16.0,16.0,160000,126.06924499180775,5.863079800936792,0.04580531094481869,20.374775612464187,0.15917793447237646,2.5435216501025875,0.019871262891426465,1.2509210896228842,10,128,0.9929394337721501,128,46,74,113,127,0.359375,0.578125,0.8828125,0.9921875,1250.0,128.0,10000.0,35.985233904958655,2.1718960933672036,0.016967938229431278,3.997799211548228,0.03123280634022053,1.508425898433766,0.011784577331513797,2.8726533202948055,10.0,128.0,0.9707272827815309,128.0,5.0,8.0,22.0,67.0,0.0390625,0.0625,0.171875,0.5234375,78.125,2,52.72
layer2.3.conv3,conv,29,512,1,False,128.0,0,16.0,16.0,160000,86.25496617334369,6.512244950683665,0.012719228419304033,22.017498979761086,0.04300292769484587,2.7053077879199945,0.005283804273281239,8.978103750985392,10,512,0.7667722657261331,310,46,70,107,125,0.08984375,0.13671875,0.208984375,0.244140625,312.5,512.0,10000.0,24.39586760374064,2.2998426148985778,0.004491880107223785,4.337975835178883,0.008472609053083755,1.5593397393756456,0.003045585428468058,7.53887092862546,10.0,512.0,0.8335499122973516,319.0,5.0,8.0,28.0,85.0,0.009765625,0.015625,0.0546875,0.166015625,19.53125,2,52.72
layer2.3,block,30,512,1,False,,0,16.0,16.0,160000,908.4089954407018,10.15636130594533,0.019836643175674473,46.178307652588295,0.09019200713396151,3.482684703854763,0.006802118562216334,1.307865375450173,10,512,0.992703868539481,512,128,230,420,501,0.25,0.44921875,0.8203125,0.978515625,312.5,512.0,10000.0,212.7986157644309,2.8448947356867995,0.00555643503063828,6.060905842445289,0.011837706723525954,1.7500476932462379,0.0034180619008715584,1.9688729716070823,10.0,512.0,0.9982108580843726,512.0,7.0,12.0,55.0,291.0,0.013671875,0.0234375,0.107421875,0.568359375,19.53125,2,52.72
layer3.0.conv1,conv,31,256,1,False,256.0,0,16.0,16.0,160000,2086.402741510872,8.513295313979288,0.033255059820231594,28.49543871978874,0.11131030749917477,3.2389127139854117,0.012652002789005514,1.6784611421388702,10,256,0.938997101163778,256,59,101,184,241,0.23046875,0.39453125,0.71875,0.94140625,625.0,256.0,10000.0,517.333744345382,2.853088704799903,0.011144877753124621,5.663180937162162,0.022121800535789694,1.7616098342184046,0.006881288414915643,2.3827591290283445,10.0,256.0,0.9806707021288116,256.0,7.0,10.0,36.0,138.0,0.02734375,0.0390625,0.140625,0.5390625,39.0625,2,52.72
layer3.0.conv2,conv,32,256,1,False,256.0,0,8.0,8.0,160000,362.6669317321024,4.192779483172631,0.01637804485614309,15.629473424582187,0.06105263056477417,2.1148642156080943,0.008261188342219119,1.2191802549259714,10,256,0.994245790078582,256,45,102,206,250,0.17578125,0.3984375,0.8046875,0.9765625,625.0,256.0,10000.0,118.42812690547301,1.855985206801471,0.007249942214068246,3.431772270494633,0.01340536043161966,1.3793081916011043,0.005387922623441814,1.8714458659619937,10.0,256.0,0.9940409965703412,256.0,4.0,7.0,29.0,157.0,0.015625,0.02734375,0.11328125,0.61328125,39.0625,2,52.72
layer3.0.conv3,conv,33,1024,1,False,256.0,0,8.0,8.0,160000,215.42459642758232,4.5599314711833205,0.0044530580773274615,16.9385073557157,0.016541511089566113,2.217512864384908,0.0021655399066258865,7.314698734508128,10,1024,0.7547999736656148,626,47,95,189,244,0.0458984375,0.0927734375,0.1845703125,0.23828125,156.25,1024.0,10000.0,68.15868714151452,1.9698222814047999,0.0019236545716843749,3.7729354852284906,0.003684507309793448,1.4244714886576477,0.001391085438142234,6.514006156409282,10.0,1024.0,0.8057550875055871,638.0,5.0,8.0,37.0,164.0,0.0048828125,0.0078125,0.0361328125,0.16015625,9.765625,2,52.72
layer3.0.downsample.0,conv,34,1024,1,False,512.0,0,8.0,8.0,160000,2190.7507951125435,6.605422381588278,0.006450607794519803,27.553282470717647,0.026907502412810202,2.7294823513190445,0.0026655101087100044,5.680154341983423,10,1024,0.55393567315774,759,76,150,325,466,0.07421875,0.146484375,0.3173828125,0.455078125,156.25,1024.0,10000.0,583.6727759904924,2.372061152500583,0.0023164659692388504,5.09044363423073,0.004971136361553447,1.575430643199326,0.0015385064874993417,5.251704009882885,10.0,1024.0,0.627624667026881,768.0,6.0,11.0,69.0,296.0,0.005859375,0.0107421875,0.0673828125,0.2890625,9.765625,2,52.72
layer3.0,block,35,1024,1,False,,0,8.0,8.0,160000,765.1889887397273,7.606356141913729,0.007428082169837626,40.620432059258086,0.039668390682869224,2.9386381134424777,0.0028697637826586696,1.286613062789043,10,1024,0.9880500032292028,1024,164,356,775,987,0.16015625,0.34765625,0.7568359375,0.9638671875,156.25,1024.0,10000.0,205.44087186291935,2.545227205401977,0.002485573442775368,5.702875233771733,0.005569214095480208,1.6404972819980321,0.0016020481269512033,1.6380139861184628,10.0,1024.0,0.9928112901273041,1024.0,7.0,14.0,118.0,672.0,0.0068359375,0.013671875,0.115234375,0.65625,9.765625,2,52.72
layer3.1.conv1,conv,36,256,1,False,256.0,0,8.0,8.0,160000,2013.6651891155682,5.940462329215363,0.02320493097349751,20.427295721731422,0.07979412391301337,2.6191329801331884,0.010230988203645267,1.3923959854227024,10,256,0.9773940628893514,256,51,101,196,247,0.19921875,0.39453125,0.765625,0.96484375,625.0,256.0,10000.0,576.833255557212,2.4594705981798644,0.009607307024140095,4.910168571407988,0.019180345982062454,1.6148545035166855,0.006308025404362053,1.852156206734307,10.0,256.0,0.9915363283667458,256.0,6.0,9.0,48.0,182.0,0.0234375,0.03515625,0.1875,0.7109375,39.0625,2,52.72
layer3.1.conv2,conv,37,256,1,False,256.0,0,8.0,8.0,160000,320.2078741458465,4.9233354438064625,0.019231779077368994,20.253600607885467,0.0791156273745526,2.295791603351909,0.008967935950593394,1.2330692537426193,10,256,0.9956252483790167,256,60,118,214,251,0.234375,0.4609375,0.8359375,0.98046875,625.0,256.0,10000.0,108.21532462584456,1.6851608353090202,0.00658265951292586,3.0287956911736575,0.0118312331686471,1.3085929125745244,0.005111691064744236,2.159927045680519,10.0,256.0,0.9730382772995947,256.0,4.0,6.0,28.0,134.0,0.015625,0.0234375,0.109375,0.5234375,39.0625,2,52.72
layer3.1.conv3,conv,38,1024,1,False,256.0,0,8.0,8.0,160000,228.82766333802653,4.337238956061589,0.004235584918028896,18.685984312992108,0.018248031555656356,2.131396846952367,0.002081442233351921,7.33625941483942,10,1024,0.7519303241892494,627,62,111,199,247,0.060546875,0.1083984375,0.1943359375,0.2412109375,156.25,1024.0,10000.0,78.69140388608173,1.5585277981846746,0.0015219998029147213,2.7895248393768313,0.002724145350953937,1.254810643885862,0.001225401019419787,6.455266402972061,10.0,1024.0,0.8049815198698616,638.0,4.0,6.0,36.0,163.0,0.00390625,0.005859375,0.03515625,0.1591796875,9.765625,2,52.72
layer3.1,block,39,1024,1,False,,0,8.0,8.0,160000,1236.0387359074557,6.492229318214121,0.006340067693568477,40.687702582545484,0.039734084553267074,2.6413518071438773,0.0025794451241639427,1.252263788222544,10,1024,0.9924212681915561,1024,186,387,803,994,0.181640625,0.3779296875,0.7841796875,0.970703125,156.25,1024.0,10000.0,364.27731731143905,2.033142233517068,0.001985490462419012,4.39898458842755,0.004295883387136279,1.4448938315455127,0.0014110291323686647,1.5913251352494608,10.0,1024.0,0.9950038912571992,1024.0,6.0,11.0,104.0,666.0,0.005859375,0.0107421875,0.1015625,0.650390625,9.765625,2,52.72
layer3.2.conv1,conv,40,256,1,False,256.0,0,8.0,8.0,160000,3129.789880222636,4.490446065381659,0.017540804942897104,18.69527325681655,0.07302841115943964,2.178269247326988,0.008508864247371047,1.3511248220599767,10,256,0.975733804235015,256,59,110,202,248,0.23046875,0.4296875,0.7890625,0.96875,625.0,256.0,10000.0,1045.6399278712581,1.7664787891726104,0.006900307770205509,3.384066051371893,0.013219008013171458,1.3404828281515198,0.005236261047466874,1.803104980149557,10.0,256.0,0.9920793932933634,256.0,4.0,8.0,42.0,177.0,0.015625,0.03125,0.1640625,0.69140625,39.0625,2,52.72
layer3.2.conv2,conv,41,256,1,False,256.0,0,8.0,8.0,160000,305.13569349313497,4.042229624742008,0.01578995947164847,17.398279019629477,0.06796202742042765,2.054340099746113,0.008024766014633254,1.1337732034576538,10,256,0.9933725557442741,256,64,125,217,252,0.25,0.48828125,0.84765625,0.984375,625.0,256.0,10000.0,112.92740504279189,1.453669792645568,0.00567839762752175,2.449393470349726,0.009567943243553617,1.2101142852365045,0.004727008926705096,2.1528040894484586,10.0,256.0,0.9706248475259693,256.0,3.0,5.0,27.0,132.0,0.01171875,0.01953125,0.10546875,0.515625,39.0625,2,52.72
layer3.2.conv3,conv,42,1024,1,False,256.0,0,8.0,8.0,160000,223.80474064663207,4.134332795142647,0.004037434370256492,18.735651528123892,0.01829653469543349,2.071697404578009,0.002023141996658212,7.34289873701984,10,1024,0.7481283741193023,626,69,119,204,248,0.0673828125,0.1162109375,0.19921875,0.2421875,156.25,1024.0,10000.0,82.58605808606586,1.410562468226195,0.0013775024103771436,2.4024303455791785,0.0023461233843546665,1.1908492391704566,0.001162938710127399,6.429060352138857,10.0,1024.0,0.8041396152662126,638.0,3.0,6.0,36.0,165.0,0.0029296875,0.005859375,0.03515625,0.1611328125,9.765625,2,52.72
layer3.2,block,43,1024,1,False,,0,8.0,8.0,160000,1808.955483583262,5.467026769829676,0.005338893329911793,36.883619374767584,0.03601915954567147,2.3918384570779936,0.002335779743240228,1.2142424360762845,10,1024,0.9917091252460046,1024,198,404,815,997,0.193359375,0.39453125,0.7958984375,0.9736328125,156.25,1024.0,10000.0,579.213407007597,1.7364835124775027,0.0016957846801538112,3.5511799124492733,0.0034679491332512435,1.3271028276768448,0.0012959988551531688,1.5680150590894466,10.0,1024.0,0.9955436706502583,1024.0,5.0,10.0,92.0,650.0,0.0048828125,0.009765625,0.08984375,0.634765625,9.765625,2,52.72
layer3.3.conv1,conv,44,256,1,False,256.0,0,8.0,8.0,160000,4180.902991900159,4.476610074523099,0.017486758103605855,19.820703408225317,0.07742462268838014,2.16385522533886,0.008452559473979921,1.3184272937500923,10,256,0.973535653657185,256,66,118,206,249,0.2578125,0.4609375,0.8046875,0.97265625,625.0,256.0,10000.0,1419.5657571892298,1.6552369676384082,0.006465769404837532,3.1222757583758147,0.012196389681155526,1.2945387876727983,0.005056792139346868,1.7666975446894262,10.0,256.0,0.9907933351378466,256.0,4.0,8.0,43.0,180.0,0.015625,0.03125,0.16796875,0.703125,39.0625,2,52.72
layer3.3.conv2,conv,45,256,1,False,256.0,0,8.0,8.0,160000,277.7279513700725,4.206397486805776,0.016431240182835063,19.007668856342445,0.07424870647008767,2.0961596900991193,0.008188123789449685,1.081622504582183,10,256,0.9920960394401985,256,76,137,222,252,0.296875,0.53515625,0.8671875,0.984375,625.0,256.0,10000.0,96.3296265187084,1.4350017927047103,0.0056054757527527746,2.4426921185981567,0.00954176608827405,1.2018698220221784,0.004694803992274134,2.123367977624392,10.0,256.0,0.9652941971099745,256.0,3.0,6.0,32.0,141.0,0.01171875,0.0234375,0.125,0.55078125,39.0625,2,52.72
layer3.3.conv3,conv,46,1024,1,False,256.0,0,8.0,8.0,160000,207.3731264050052,4.852566637129866,0.0047388346065721345,22.99135327091549,0.022452493428628408,2.256978320599022,0.0022040803912099826,7.406905045257234,10,1024,0.7449449046854599,626,81,131,210,249,0.0791015625,0.1279296875,0.205078125,0.2431640625,156.25,1024.0,10000.0,71.38202200556435,1.441025737499518,0.001407251696776873,2.529275694068131,0.0024699957949884093,1.204351089524593,0.0011761241108638604,6.549038924297542,10.0,1024.0,0.800226388791654,637.0,3.0,7.0,45.0,176.0,0.0029296875,0.0068359375,0.0439453125,0.171875,9.765625,2,52.72
layer3.3,block,47,1024,1,False,,0,8.0,8.0,160000,2356.2703582821123,5.35815964676828,0.005232577780047149,37.70955168433584,0.03682573406673422,2.363368358126642,0.002307976912233049,1.1770251075080453,10,1024,0.990355132705246,1024,219,431,830,1000,0.2138671875,0.4208984375,0.810546875,0.9765625,156.25,1024.0,10000.0,791.8621197271584,1.6081524693657172,0.0015704613958649582,3.187300093858071,0.0031125977479082726,1.2742353929994181,0.0012443705009759943,1.5479026601052588,10.0,1024.0,0.995354814064997,1024.0,4.0,9.0,90.0,652.0,0.00390625,0.0087890625,0.087890625,0.63671875,9.765625,2,52.72
layer3.4.conv1,conv,48,256,1,False,256.0,0,8.0,8.0,160000,5105.404747372467,4.798359802741845,0.018743592979460332,22.125994085956652,0.08642966439826817,2.243857766136318,0.008765069398969993,1.2637520279221302,10,256,0.967802268356706,256,76,128,211,250,0.296875,0.5,0.82421875,0.9765625,625.0,256.0,10000.0,1682.2591063769644,1.6199158095153638,0.00632779613091939,3.0740918825259786,0.012008171416117104,1.279551058455546,0.004998246322091977,1.7380432625412179,10.0,256.0,0.9907290902166668,256.0,4.0,8.0,50.0,188.0,0.015625,0.03125,0.1953125,0.734375,39.0625,2,52.72
layer3.4.conv2,conv,49,256,1,False,256.0,0,8.0,8.0,160000,301.6329977506659,3.5619689615514543,0.013913941256060368,15.45420422403552,0.06036798525013875,1.9240988689432421,0.0075160112068095395,1.0382146728658637,10,256,0.9912359488801024,256,71,134,221,252,0.27734375,0.5234375,0.86328125,0.984375,625.0,256.0,10000.0,109.94485099904847,1.3028742942995424,0.005089352712107587,2.0629949214491217,0.008058573911910632,1.1431203593768386,0.004465313903815776,2.1141417164893634,10.0,256.0,0.962164002530024,256.0,2.0,5.0,29.0,137.0,0.0078125,0.01953125,0.11328125,0.53515625,39.0625,2,52.72
layer3.4.conv3,conv,50,1024,1,False,256.0,0,8.0,8.0,160000,247.5191859357662,3.3240437505553992,0.003246136475151757,13.943291422400629,0.013616495529688114,1.8551572341018925,0.0018116769864276294,7.155061244305675,10,1024,0.7475734582439648,627,63,114,201,247,0.0615234375,0.111328125,0.1962890625,0.2412109375,156.25,1024.0,10000.0,94.44304426663068,1.2372918635012513,0.0012082928354504407,1.878087119515305,0.001834069452651665,1.1132451083425432,0.0010871534261157648,6.306649318309503,10.0,1024.0,0.8048436965018271,637.0,2.0,4.0,30.0,157.0,0.001953125,0.00390625,0.029296875,0.1533203125,9.765625,2,52.72
layer3.4,block,51,1024,1,False,,0,8.0,8.0,160000,3074.509383726721,4.464877753380685,0.0043602321810358256,30.959918946973517,0.030234295846653825,2.1455279382503805,0.002095242127197637,1.137761075623804,10,1024,0.9888915916564389,1024,213,431,830,1000,0.2080078125,0.4208984375,0.810546875,0.9765625,156.25,1024.0,10000.0,1048.3480696762067,1.4916818397668068,0.0014567205466472723,2.803110135462356,0.0027374122416624572,1.2253047300448798,0.001196586650434453,1.5244909219199385,10.0,1024.0,0.9947136292946139,1024.0,4.0,8.0,80.0,640.0,0.00390625,0.0078125,0.078125,0.625,9.765625,2,52.72
layer3.5.conv1,conv,52,256,1,False,256.0,0,8.0,8.0,160000,6922.9254673423275,3.7234308757006938,0.014544651858205835,16.948339839108524,0.06620445249651767,1.9569140154923126,0.007644195373016846,1.2439832730979135,10,256,0.9695811327114019,256,68,121,209,249,0.265625,0.47265625,0.81640625,0.97265625,625.0,256.0,10000.0,2466.0200923470557,1.4194681875779613,0.0055447976077264115,2.475271842617595,0.00966903063522498,1.19428435132023,0.004665173247344648,1.7229991772961706,10.0,256.0,0.990410060619957,256.0,3.0,7.0,41.0,179.0,0.01171875,0.02734375,0.16015625,0.69921875,39.0625,2,52.72
layer3.5.conv2,conv,53,256,1,False,256.0,0,8.0,8.0,160000,295.61512896415275,3.264260434119516,0.01275101732077936,14.195505331015498,0.05545119269927929,1.8326718262381003,0.007158874321242579,1.0239755335371157,10,256,0.991483141268386,256,69,133,221,252,0.26953125,0.51953125,0.86328125,0.984375,625.0,256.0,10000.0,116.87432277102376,1.2319236506955518,0.004812201760529499,1.8496436059914165,0.007225170335903971,1.1107416007340272,0.004338834377867294,2.1071391434818256,10.0,256.0,0.9618491683076026,256.0,1.0,4.0,25.0,131.0,0.00390625,0.015625,0.09765625,0.51171875,39.0625,2,52.72
layer3.5.conv3,conv,54,1024,1,False,256.0,0,8.0,8.0,160000,235.677505409829,3.664928832256651,0.0035790320627506356,16.029398433884335,0.01565370940809017,1.9532750982030116,0.0019074952130888785,7.20743047421215,10,1024,0.7456060187558793,627,68,119,205,248,0.06640625,0.1162109375,0.2001953125,0.2421875,156.25,1024.0,10000.0,85.50065596017825,1.2352960969187052,0.001206343844647173,1.898460893429628,0.0018539657162398712,1.1121703409540618,0.001086103848587951,6.338575800486972,10.0,1024.0,0.8021703475047013,638.0,2.0,5.0,34.0,163.0,0.001953125,0.0048828125,0.033203125,0.1591796875,9.765625,2,52.72
layer3.5,block,55,1024,1,False,,0,8.0,8.0,160000,3629.752887375409,4.475198761640786,0.00437031129066483,31.53804317428142,0.0307988702873842,2.1487630958406765,0.0020984014607819106,1.1074627131118606,10,1024,0.9882123482934583,1024,228,450,841,1001,0.22265625,0.439453125,0.8212890625,0.9775390625,156.25,1024.0,10000.0,1298.3447642688348,1.4165577567056618,0.0013833571842828728,2.571304658765126,0.0025110397058253184,1.1928184551498426,0.0011648617726072682,1.5072891544449523,10.0,1024.0,0.9942387723112642,1024.0,3.0,7.0,76.0,638.0,0.0029296875,0.0068359375,0.07421875,0.623046875,9.765625,2,52.72
layer4.0.conv1,conv,56,512,1,False,512.0,0,8.0,8.0,160000,8110.733471648062,3.9095364958386662,0.007635813468434895,20.18161932089954,0.03941722523613191,2.009143740615713,0.003924108868390065,1.4334039083960144,10,512,0.9229148833063585,512,97,188,362,480,0.189453125,0.3671875,0.70703125,0.9375,312.5,512.0,10000.0,2895.3031404247927,1.4178500669480258,0.002769238412007863,2.4852668052316567,0.004854036728968079,1.1936236075605382,0.002331296108516676,1.8259271496068064,10.0,512.0,0.9637415324326383,512.0,3.0,6.0,47.0,287.0,0.005859375,0.01171875,0.091796875,0.560546875,19.53125,2,52.72
layer4.0.conv2,conv,57,512,1,False,512.0,0,4.0,4.0,160000,965.0905056479963,2.4149638533845272,0.004716726276141655,8.41306050565754,0.016431758800112384,1.5766443416657452,0.0030793834798159086,1.0176405460878897,10,512,0.9868657236236722,512,34,142,387,496,0.06640625,0.27734375,0.755859375,0.96875,312.5,512.0,10000.0,441.24456157300824,1.1852749809626082,0.002314990197192594,1.7472712591752944,0.003412639178076747,1.089149191742463,0.002127244515121998,1.2777169433505713,10.0,512.0,0.9809787796144835,512.0,1.0,3.0,53.0,367.0,0.001953125,0.005859375,0.103515625,0.716796875,19.53125,2,52.72
layer4.0.conv3,conv,58,2048,1,False,512.0,0,4.0,4.0,160000,636.7827994634848,2.2747486575752673,0.0011107171179566735,7.494431492983547,0.0036593903774333725,1.5267889334365672,0.0007455024089045738,6.31481342127196,10,2048,0.7382239685557654,1265,28,108,325,476,0.013671875,0.052734375,0.15869140625,0.232421875,78.125,2048.0,10000.0,297.78899897413277,1.1655214579589195,0.0005691022743940037,1.676986831126079,0.0008188412261357807,1.0799248049398205,0.0005273070336620217,5.5767490795853965,10.0,2048.0,0.7695828571448964,1274.0,1.0,3.0,46.0,331.0,0.00048828125,0.00146484375,0.0224609375,0.16162109375,4.8828125,2,52.72
layer4.0.downsample.0,conv,59,2048,1,False,1024.0,0,4.0,4.0,160000,9075.035618544443,3.0472774673618486,0.0014879284508602776,15.339399308647456,0.007489941068675516,1.7668174703884385,0.0008627038429631047,5.008831198971139,10,2048,0.5326272830055723,1525,102,259,629,926,0.0498046875,0.12646484375,0.30712890625,0.4521484375,78.125,2048.0,10000.0,3724.94882792581,1.3491237063574144,0.0006587518097448313,2.4712948640584207,0.0012066869453410257,1.163058975359246,0.0005678998903121318,4.553816277651237,10.0,2048.0,0.5776420444312347,1534.0,3.0,8.0,178.0,677.0,0.00146484375,0.00390625,0.0869140625,0.33056640625,4.8828125,2,52.72
layer4.0,block,60,2048,1,False,,0,4.0,4.0,160000,1372.7683889289726,5.8227146966557815,0.002843122410476456,45.25949998217479,0.022099365225671283,2.501909910155975,0.0012216356983183472,1.1657407023362871,10,2048,0.9782043983742014,2048,371,777,1591,1981,0.18115234375,0.37939453125,0.77685546875,0.96728515625,78.125,2048.0,10000.0,454.5239181540105,1.6409526636774996,0.0008012464178112791,4.102097700064933,0.0020029773926098305,1.2852051535387166,0.0006275415788763264,1.340610009251394,10.0,2048.0,0.966019797935303,2048.0,7.0,31.0,634.0,1660.0,0.00341796875,0.01513671875,0.3095703125,0.810546875,4.8828125,2,52.72
layer4.1.conv1,conv,61,512,1,False,512.0,0,4.0,4.0,160000,3367.35780496004,4.56235030638329,0.008910840442154863,22.492263244787445,0.04393020164997548,2.202264156260754,0.004301297180196785,1.1882941548897707,10,512,0.9659550878282264,512,109,217,403,496,0.212890625,0.423828125,0.787109375,0.96875,312.5,512.0,10000.0,1218.7438000669842,1.565561282335681,0.003057736879561877,3.2912965975803354,0.006428313667149093,1.2554560036869211,0.002452062507201018,1.326358485466095,10.0,512.0,0.9729732015876317,512.0,5.0,13.0,183.0,431.0,0.009765625,0.025390625,0.357421875,0.841796875,19.53125,2,52.72
layer4.1.conv2,conv,62,512,1,False,512.0,0,4.0,4.0,160000,635.969683337797,4.894873439632986,0.009560299686783175,21.399262834859385,0.04179543522433474,2.341254690284791,0.004572763066962482,1.035232936461911,10,512,0.9891544552458523,512,98,228,427,502,0.19140625,0.4453125,0.833984375,0.98046875,312.5,512.0,10000.0,234.37203208266968,1.3366825030308525,0.0026107080137321337,2.344983218807763,0.004580045349233912,1.1576765352769032,0.0022610869829627015,1.5251147035080819,10.0,512.0,0.9593646293769207,512.0,3.0,6.0,106.0,368.0,0.005859375,0.01171875,0.20703125,0.71875,19.53125,2,52.72
layer4.1.conv3,conv,63,2048,1,False,512.0,0,4.0,4.0,160000,613.6354398627344,3.5793664321889507,0.001747737515717261,15.899556734028694,0.007763455436537448,1.9407830912900372,0.0009476479937939635,6.55539045046973,10,2048,0.7270639707323217,1265,82,190,387,492,0.0400390625,0.0927734375,0.18896484375,0.240234375,78.125,2048.0,10000.0,265.2483930193545,1.2258678788103337,0.0005985683002003582,1.9384109479794516,0.0009464897206930916,1.107808157617668,0.0005409219519617519,5.7524973447849375,10.0,2048.0,0.76192199433713,1276.0,1.0,5.0,92.0,375.0,0.00048828125,0.00244140625,0.044921875,0.18310546875,4.8828125,2,52.72
layer4.1,block,64,2048,1,False,,0,4.0,4.0,160000,1956.1364434304155,8.162013876604984,0.003985358338186027,69.29980535241333,0.03383779558223307,2.996291656335931,0.001463033035320279,1.1398006560821805,10,2048,0.986353350079806,2048,464,893,1674,1998,0.2265625,0.43603515625,0.8173828125,0.9755859375,78.125,2048.0,10000.0,628.1918233995992,1.6885910306518406,0.000824507339185469,4.392985589908721,0.002145012495072618,1.3043486505067283,0.0006368889895052384,1.3053469744712896,10.0,2048.0,0.9745434117670226,2048.0,8.0,39.0,695.0,1711.0,0.00390625,0.01904296875,0.33935546875,0.83544921875,4.8828125,2,52.72
layer4.2.conv1,conv,65,512,1,False,512.0,0,4.0,4.0,160000,4172.3886584975635,7.869794848326392,0.015370693063137484,41.355487713401985,0.08077243694023825,2.9942035603125157,0.005848053828735382,1.180074539841768,10,512,0.9667192311203671,512,157,261,426,500,0.306640625,0.509765625,0.83203125,0.9765625,312.5,512.0,10000.0,1308.9223736294502,1.7424244991701745,0.003403172849941747,4.179500782530087,0.008163087465879076,1.3265988589390207,0.002591013396365275,1.3114484264034791,10.0,512.0,0.9734072930118524,512.0,7.0,25.0,233.0,451.0,0.013671875,0.048828125,0.455078125,0.880859375,19.53125,2,52.72
layer4.2.conv2,conv,66,512,1,False,512.0,0,4.0,4.0,160000,522.5731614598599,5.815521323122095,0.011358440084222841,30.38190702686419,0.05933966216184412,2.535348158883778,0.004951851872819879,0.9552156143493554,10,512,0.9878520122933241,512,159,285,449,505,0.310546875,0.556640625,0.876953125,0.986328125,312.5,512.0,10000.0,177.79663107858775,1.417959710121383,0.002769452558830826,2.7375707433005028,0.0053468178580087945,1.1930602278211775,0.0023301957574632373,1.488760521726268,10.0,512.0,0.9535246571659658,512.0,3.0,11.0,153.0,399.0,0.005859375,0.021484375,0.298828125,0.779296875,19.53125,2,52.72
layer4.2.conv3,conv,67,2048,1,False,512.0,0,4.0,4.0,160000,541.5787255501814,4.16459514957722,0.002033493725379502,22.564648834103437,0.011017894938527069,2.0868102635502144,0.0010189503239991281,6.709131576297451,10,2048,0.7182013214072129,1264,135,246,419,499,0.06591796875,0.1201171875,0.20458984375,0.24365234375,78.125,2048.0,10000.0,210.9498427031069,1.2894048156946387,0.0006295921951633978,2.249638634902093,0.0010984563646982877,1.136476682845389,0.0005549202552956001,5.927085894746514,10.0,2048.0,0.7527985094737136,1275.0,2.0,7.0,150.0,413.0,0.0009765625,0.00341796875,0.0732421875,0.20166015625,4.8828125,2,52.72
layer4.2,block,68,2048,1,False,,0,4.0,4.0,160000,2062.7895284361184,22.75419919770159,0.011110448827002729,176.38680461606168,0.08612636944143637,5.53104405030745,0.0027007051026891847,1.1108397020273868,10,2048,0.9841243005020769,2048,696,1126,1781,2016,0.33984375,0.5498046875,0.86962890625,0.984375,78.125,2048.0,10000.0,477.5871371157865,2.7250388473267417,0.0013305853746712606,10.392636059166268,0.005074529325764779,1.6815414547875356,0.0008210651634704764,1.2902422995598886,10.0,2048.0,0.974642114339549,2048.0,33.0,212.0,1061.0,1852.0,0.01611328125,0.103515625,0.51806640625,0.904296875,4.8828125,2,52.72
fc,linear,69,10,1,False,,0,,,10000,62.52572745109353,2.549057296968591,0.2549057296968591,3.6829552342780585,0.36829552342780586,1.7028342226068782,0.17028342226068782,,10,10,,10,4,5,8,9,0.4,0.5,0.8,0.9,1000.0,,,,,,,,,,,,,,,,,,,,,,,,2,52.72
conv1,conv,0,64,1,False,27.0,0,32.0,32.0,160000,186.10116715649562,1.1544740622322534,0.01803865722237896,1.4464209516800595,0.02260032737000093,1.0752223942430827,0.016800349910048168,12.603088130635262,10,64,0.912182559851139,45,1,2,5,10,0.015625,0.03125,0.078125,0.15625,2500.0,64.0,10000.0,54.30620479896987,1.068746051212185,0.01669915705019039,1.1731527436011957,0.018330511618768683,1.0342727197244506,0.01616051124569454,7.001748887262818,10.0,64.0,0.9515152683905936,43.0,1.0,1.0,2.0,3.0,0.015625,0.015625,0.03125,0.046875,156.25,3,62.69
layer1.0.conv1,conv,1,64,1,False,64.0,0,32.0,32.0,160000,40.88040864253372,2.3547324770088283,0.03679269495326294,4.3582186275589025,0.06809716605560785,1.5733588097597628,0.024583731402496294,5.813991917336589,10,64,0.8562107196604198,64,6,8,16,30,0.09375,0.125,0.25,0.46875,2500.0,64.0,10000.0,9.945815678133803,1.519898845580401,0.023748419462193766,2.1549160599755193,0.03367056343711749,1.245615756941305,0.019462746202207892,6.814054781318457,10.0,64.0,0.8931029681062361,64.0,3.0,3.0,6.0,13.0,0.046875,0.046875,0.09375,0.203125,156.25,3,62.69
layer1.0.conv2,conv,2,64,1,False,64.0,0,32.0,32.0,160000,135.29208552214763,2.358948646115252,0.03685857259555081,5.002377660260654,0.07816215094157272,1.5711730097461296,0.024549578277283275,2.0726454953152063,10,64,0.9920861001345043,64,7,14,37,59,0.109375,0.21875,0.578125,0.921875,2500.0,64.0,10000.0,36.39411536426465,1.6297273339257834,0.025464489592590366,2.3105082071186573,0.03610169073622902,1.299232646803184,0.02030051010629975,4.016937543590168,10.0,64.0,0.9683597806521071,64.0,2.0,3.0,7.0,18.0,0.03125,0.046875,0.109375,0.28125,156.25,3,62.69
layer1.0.conv3,conv,3,256,1,False,64.0,0,32.0,32.0,160000,46.848667829319474,3.0774526135836324,0.012021299271811064,7.015641372374163,0.027404849110836575,1.8229874643049966,0.007121044782441393,10.41769742313484,10,256,0.8185732849553466,158,11,19,40,59,0.04296875,0.07421875,0.15625,0.23046875,625.0,256.0,10000.0,11.61675310679985,1.881555482075989,0.007349826101859332,2.912851416088118,0.011378325844094211,1.4078843287685796,0.005499548159252264,8.876560599147059,10.0,256.0,0.868908777322009,160.0,3.0,5.0,10.0,30.0,0.01171875,0.01953125,0.0390625,0.1171875,39.0625,3,62.69
layer1.0.downsample.0,conv,4,256,1,False,64.0,0,32.0,32.0,160000,51.890037867204356,2.0772820429894496,0.008114382980427538,3.9142037419401174,0.015289858366953584,1.4630916826227023,0.005715201885244931,9.332521344818556,10,256,0.8916835344315956,158,6,8,17,34,0.0234375,0.03125,0.06640625,0.1328125,625.0,256.0,10000.0,13.391041780109994,1.4242098108346855,0.00556331957357299,1.9797656388896054,0.007733459526912521,1.2019404720832012,0.004695079969075005,7.468869812931609,10.0,256.0,0.9520990542474991,159.0,2.0,3.0,6.0,13.0,0.0078125,0.01171875,0.0234375,0.05078125,39.0625,3,62.69
layer1.0,block,5,256,1,False,,0,32.0,32.0,160000,153.6618361424486,4.283287032340248,0.016731589970079095,12.715624456791549,0.04967040803434199,2.171101653730952,0.008480865834886532,1.8211685668468631,10,256,0.9909246889935971,256,22,46,140,232,0.0859375,0.1796875,0.546875,0.90625,625.0,256.0,10000.0,34.7047711685123,2.158386786754864,0.008431198385761188,3.736438917659378,0.014595464522106945,1.5134361960119793,0.005911860140671794,2.650786870059561,10.0,256.0,0.9941207306882975,256.0,4.0,7.0,18.0,74.0,0.015625,0.02734375,0.0703125,0.2890625,39.0625,3,62.69
layer1.1.conv1,conv,6,64,1,False,64.0,0,32.0,32.0,160000,467.45111531157613,3.0959339578141316,0.048373968090845806,7.083056176645802,0.11067275276009066,1.8189677437389649,0.028421370995921326,2.182984918493774,10,64,0.9890153554634504,64,11,18,41,60,0.171875,0.28125,0.640625,0.9375,2500.0,64.0,10000.0,110.62278970941568,1.7747586227361931,0.027730603480253017,2.8391604938213493,0.04436188271595858,1.3539485810799745,0.021155446579374602,3.038325254459802,10.0,64.0,0.9897031400774088,64.0,3.0,5.0,11.0,33.0,0.046875,0.078125,0.171875,0.515625,156.25,3,62.69
layer1.1.conv2,conv,7,64,1,False,64.0,0,32.0,32.0,160000,87.99958859403063,3.259309470632489,0.05092671047863264,8.091011948626463,0.12642206169728848,1.8685663139837085,0.029196348655995446,1.8491481349378658,10,64,0.9919145627033273,64,14,24,48,62,0.21875,0.375,0.75,0.96875,2500.0,64.0,10000.0,20.892895974670502,1.6392485041828788,0.02561325787785748,2.644660694246282,0.04132282334759815,1.2925770800682932,0.02019651687606708,4.070705054524373,10.0,64.0,0.967908219786559,64.0,3.0,5.0,11.0,27.0,0.046875,0.078125,0.171875,0.421875,156.25,3,62.69
layer1.1.conv3,conv,8,256,1,False,64.0,0,32.0,32.0,160000,37.317105109277435,5.953308099225363,0.023255109762599074,13.261309408974522,0.05180198987880673,2.757899047997414,0.010773043156239899,10.886050502863622,10,256,0.8078283096842624,158,18,28,49,62,0.0703125,0.109375,0.19140625,0.2421875,625.0,256.0,10000.0,7.371762946670438,2.441405166932151,0.009536738933328714,4.258382977031444,0.01663430850402908,1.6263116750290931,0.006352779980582395,9.5177750110459,10.0,256.0,0.8604215939739978,159.0,5.0,8.0,17.0,40.0,0.01953125,0.03125,0.06640625,0.15625,39.0625,3,62.69
layer1.1,block,9,256,1,False,,0,32.0,32.0,160000,223.45346721566713,6.727401924838326,0.026278913768899712,20.87490546113911,0.08154259945757465,2.833280555261172,0.011067502168988953,1.686112184975376,10,256,0.9962139809937506,256,36,71,175,243,0.140625,0.27734375,0.68359375,0.94921875,625.0,256.0,10000.0,43.92603276940635,2.669612807643595,0.010428175029857793,4.988010383273833,0.01948441555966341,1.7085732241425957,0.0066741141568070145,2.53132528943847,10.0,256.0,0.997442200490658,256.0,6.0,9.0,26.0,103.0,0.0234375,0.03515625,0.1015625,0.40234375,39.0625,3,62.69
layer1.2.conv1,conv,10,64,1,False,64.0,0,32.0,32.0,160000,557.6636305455454,4.497207872310621,0.07026887300485345,10.83765770453816,0.16933840163340874,2.2566852070286645,0.03526070635982288,2.0442751969362676,10,64,0.9741270228667381,64,16,26,48,61,0.25,0.40625,0.75,0.953125,2500.0,64.0,10000.0,108.62360860914494,2.216198512055241,0.034628101750863144,3.948324739404557,0.061692574053196204,1.5291858138913956,0.023893528342053057,3.000258981237754,10.0,64.0,0.9894260278919008,64.0,5.0,8.0,17.0,42.0,0.078125,0.125,0.265625,0.65625,156.25,3,62.69
layer1.2.conv2,conv,11,64,1,False,64.0,0,32.0,32.0,160000,80.37162788047928,3.3389481789476716,0.05217106529605737,8.487153980275727,0.13261178094180823,1.8926799257152802,0.029573123839301253,1.6392082742847045,10,64,0.9897832628318434,64,16,27,51,63,0.25,0.421875,0.796875,0.984375,2500.0,64.0,10000.0,18.266688136315175,1.7689924331285642,0.027640506767633816,2.898035841910353,0.04528181002984927,1.3486312336010824,0.021072363025016912,3.9670886980095803,10.0,64.0,0.9617283489955013,64.0,3.0,5.0,12.0,29.0,0.046875,0.078125,0.1875,0.453125,156.25,3,62.69
layer1.2.conv3,conv,12,256,1,False,64.0,0,32.0,32.0,160000,46.5199919101864,2.8976684172559692,0.01131901725490613,7.576587793037875,0.0295960460665542,1.7350741526628821,0.006777633408839383,10.715239244784076,10,256,0.8129455131086746,157,15,25,47,61,0.05859375,0.09765625,0.18359375,0.23828125,625.0,256.0,10000.0,10.772240829244982,1.6353872278873554,0.006388231358934982,2.7039991422013854,0.010562496649224162,1.2890570072269298,0.005035378934480195,9.223027072365499,10.0,256.0,0.862211996949949,159.0,3.0,5.0,13.0,36.0,0.01171875,0.01953125,0.05078125,0.140625,39.0625,3,62.69
layer1.2,block,13,256,1,False,,0,32.0,32.0,160000,306.9626768914125,7.008372059447044,0.027376453357215016,22.915730060632384,0.08951457054934525,2.8795829364895633,0.011248370845662357,1.6049441353111404,10,256,0.9957213167800457,256,43,84,186,246,0.16796875,0.328125,0.7265625,0.9609375,625.0,256.0,10000.0,59.00357204492441,2.594424106797917,0.010134469167179362,5.057350227553114,0.01975527432637935,1.6676210089278825,0.006514144566124541,2.464811368318913,10.0,256.0,0.9979111285557171,256.0,6.0,9.0,28.0,114.0,0.0234375,0.03515625,0.109375,0.4453125,39.0625,3,62.69
layer2.0.conv1,conv,14,128,1,False,128.0,0,32.0,32.0,160000,734.5143071267228,5.692213717574908,0.044470419668553966,14.609454330305232,0.11413636195550962,2.614084294022799,0.020422533547053118,2.1026727836285923,10,128,0.9554971965231287,128,22,39,82,116,0.171875,0.3046875,0.640625,0.90625,1250.0,128.0,10000.0,145.2818185521696,2.385268486100324,0.01863491004765878,4.315545247402112,0.033715197245329,1.5976654271842172,0.012481761149876697,2.986977277309214,10.0,128.0,0.9837814346441802,128.0,5.0,8.0,20.0,61.0,0.0390625,0.0625,0.15625,0.4765625,78.125,3,62.69
layer2.0.conv2,conv,15,128,1,False,128.0,0,16.0,16.0,160000,163.25115348984082,5.147457153050802,0.040214509008209394,13.956560511416592,0.10903562899544213,2.4589171866538218,0.019210290520732982,1.547852601254029,10,128,0.9949600219726066,128,24,47,98,124,0.1875,0.3671875,0.765625,0.96875,1250.0,128.0,10000.0,37.066012019706136,2.2487873746621716,0.017568651364548216,3.8628729029069304,0.030178694553960394,1.5529433227229141,0.012132369708772767,2.690125343272795,10.0,128.0,0.9926304733627099,128.0,4.0,7.0,17.0,60.0,0.03125,0.0546875,0.1328125,0.46875,78.125,3,62.69
layer2.0.conv3,conv,16,512,1,False,128.0,0,16.0,16.0,160000,92.74467780678276,5.423129424962012,0.010592049658128929,15.025201681075716,0.029346097033351008,2.514236112766698,0.004910617407747457,8.76503646244005,10,512,0.7798243899139287,311,26,47,92,121,0.05078125,0.091796875,0.1796875,0.236328125,312.5,512.0,10000.0,21.07193984098529,2.2485059748742917,0.004391613232176351,4.029231636177725,0.007869593039409619,1.54981422509737,0.003026980908393301,7.397843373872671,10.0,512.0,0.8478114727219926,321.0,5.0,8.0,21.0,71.0,0.009765625,0.015625,0.041015625,0.138671875,19.53125,3,62.69
layer2.0.downsample.0,conv,17,512,1,False,256.0,0,16.0,16.0,160000,753.5819226519253,5.098373949882806,0.009957761620864855,15.15683550422522,0.029603194344189884,2.411126532735049,0.004709231509248142,6.632440077812014,10,512,0.587480756721837,379,26,53,138,223,0.05078125,0.103515625,0.26953125,0.435546875,312.5,512.0,10000.0,159.0987749514801,2.2983659777247736,0.004488996050243698,4.2866511397996065,0.008372365507421107,1.5586742835289247,0.003044285710017431,5.883318728598959,10.0,512.0,0.6973956587837943,384.0,5.0,8.0,24.0,100.0,0.009765625,0.015625,0.046875,0.1953125,19.53125,3,62.69
layer2.0,block,18,512,1,False,,0,16.0,16.0,160000,347.8333053910644,7.806347284017439,0.01524677203909656,28.420079878400855,0.05550796851250167,3.088647444391669,0.006032514539827479,1.4713954466291435,10,512,0.9928070420116647,512,64,146,360,488,0.125,0.28515625,0.703125,0.953125,312.5,512.0,10000.0,69.14376915450087,2.872134186383341,0.005609637082779963,5.723036865426791,0.011177806377786701,1.7797904155832762,0.0034761531554360864,2.07841497657776,10.0,512.0,0.9969566969925252,512.0,7.0,11.0,41.0,238.0,0.013671875,0.021484375,0.080078125,0.46484375,19.53125,3,62.69
layer2.1.conv1,conv,19,128,1,False,128.0,0,16.0,16.0,160000,867.6314710904339,6.31858341248187,0.04936393291001461,16.387250133473845,0.12802539166776442,2.792659850555594,0.021817655082465578,1.683464557752144,10,128,0.987324272900599,128,26,48,96,123,0.203125,0.375,0.75,0.9609375,1250.0,128.0,10000.0,180.89763492062553,2.6819223039505307,0.02095251799961352,4.99752782412748,0.039043186125995936,1.7134016084141956,0.013385950065735903,2.4834071777617726,10.0,128.0,0.9964958025024073,128.0,6.0,9.0,25.0,80.0,0.046875,0.0703125,0.1953125,0.625,78.125,3,62.69
layer2.1.conv2,conv,20,128,1,False,128.0,0,16.0,16.0,160000,162.31750638763788,4.49344588750456,0.035105045996129375,15.232839942501816,0.11900656205079543,2.1886619474842077,0.017098921464720373,1.4686159413022146,10,128,0.9959179930256089,128,33,59,105,126,0.2578125,0.4609375,0.8203125,0.984375,1250.0,128.0,10000.0,40.8863058828868,1.7668077782952527,0.013803185767931662,3.135599350361167,0.02449686992469662,1.3420477082884565,0.010484747721003567,2.924524747199129,10.0,128.0,0.9742378738573643,128.0,4.0,7.0,17.0,57.0,0.03125,0.0546875,0.1328125,0.4453125,78.125,3,62.69
layer2.1.conv3,conv,21,512,1,False,128.0,0,16.0,16.0,160000,98.26589808950457,4.895482565461707,0.009561489385667397,16.642606214256254,0.03250509026221925,2.293472693069895,0.004479438853652139,8.853122459372036,10,512,0.7758026944099887,313,35,59,101,124,0.068359375,0.115234375,0.197265625,0.2421875,312.5,512.0,10000.0,23.33781273992293,1.7855165424337898,0.0034873369969409956,3.323288373588907,0.006490797604665834,1.3479257710776864,0.0026326675216361063,7.436495957432386,10.0,512.0,0.8395383093483344,317.0,5.0,8.0,22.0,77.0,0.009765625,0.015625,0.04296875,0.150390625,19.53125,3,62.69
layer2.1,block,22,512,1,False,,0,16.0,16.0,160000,563.4835277239185,7.406322442941236,0.014465473521369602,32.1320516691248,0.06275791341625937,2.900193270583097,0.0056644399816076114,1.4075023281628452,10,512,0.9947633970374931,512,86,176,388,495,0.16796875,0.34375,0.7578125,0.966796875,312.5,512.0,10000.0,120.92919974193214,2.3976059714267945,0.004682824162942958,4.958781005721592,0.009685119151799985,1.585637790505373,0.0030969488095808064,1.9967077291150275,10.0,512.0,0.9976371424055146,512.0,6.0,10.0,41.0,251.0,0.01171875,0.01953125,0.080078125,0.490234375,19.53125,3,62.69
layer2.2.conv1,conv,23,128,1,False,128.0,0,16.0,16.0,160000,1301.3168905007583,6.374771103184633,0.04980289924362995,18.788757538250525,0.14678716826758223,2.719977416715323,0.02124982356808846,1.621485322605658,10,128,0.9832250379012973,128,33,57,101,124,0.2578125,0.4453125,0.7890625,0.96875,1250.0,128.0,10000.0,278.15662059812854,2.3862934514461545,0.01864291758942308,4.6571537605801865,0.03638401375453271,1.5826985550741675,0.012364832461516933,2.3806881135448013,10.0,128.0,0.9954965607224332,128.0,6.0,9.0,26.0,84.0,0.046875,0.0703125,0.203125,0.65625,78.125,3,62.69
layer2.2.conv2,conv,24,128,1,False,128.0,0,16.0,16.0,160000,165.54587496007895,4.103042803851814,0.032055021905092296,14.43926102394969,0.11280672674960696,2.0765303753113304,0.01622289355711977,1.3222168525487334,10,128,0.9945339507860401,128,36,64,108,126,0.28125,0.5,0.84375,0.984375,1250.0,128.0,10000.0,43.273356592491396,1.7112826184252241,0.013369395456447063,2.9989392236359294,0.023429212684655698,1.3194607565852086,0.010308287160821942,2.81897899755779,10.0,128.0,0.9711950975323819,128.0,4.0,6.0,17.0,60.0,0.03125,0.046875,0.1328125,0.46875,78.125,3,62.69
layer2.2.conv3,conv,25,512,1,False,128.0,0,16.0,16.0,160000,108.18212070574555,4.697581953627968,0.009174964753179625,16.518281836181863,0.0322622692112927,2.2325800055303135,0.004360507823301394,8.874322374367953,10,512,0.7741330723397998,314,37,61,102,124,0.072265625,0.119140625,0.19921875,0.2421875,312.5,512.0,10000.0,26.708786008942656,1.7748453794788595,0.0034664948817946474,3.255868640317985,0.006359118438121064,1.344647199972066,0.0026262640624454413,7.4747284621694545,10.0,512.0,0.8370569312406544,318.0,4.0,7.0,23.0,79.0,0.0078125,0.013671875,0.044921875,0.154296875,19.53125,3,62.69
layer2.2,block,26,512,1,False,,0,16.0,16.0,160000,828.1233418960783,7.3467780782130525,0.014349175934009868,34.44943406387065,0.06728405090599736,2.8554554681475435,0.005577061461225671,1.3518906833467224,10,512,0.9952186631451979,512,100,197,403,498,0.1953125,0.384765625,0.787109375,0.97265625,312.5,512.0,10000.0,179.25789339955898,2.296285478944805,0.004484932576064072,4.807187543663522,0.009389038171217817,1.5443684163752927,0.0030163445632329935,1.9547531082909257,10.0,512.0,0.9979393942864209,512.0,6.0,10.0,44.0,265.0,0.01171875,0.01953125,0.0859375,0.517578125,19.53125,3,62.69
layer2.3.conv1,conv,27,128,1,False,128.0,0,16.0,16.0,160000,1850.7344291031418,5.962341839825317,0.04658079562363529,18.870447990403424,0.14742537492502675,2.58418959818878,0.020188981235849845,1.5424080277382264,10,128,0.9811945313336473,128,36,61,104,125,0.28125,0.4765625,0.8125,0.9765625,1250.0,128.0,10000.0,420.36931890941713,2.2984526781694186,0.017956661548198583,4.464195216680408,0.03487652513031569,1.5508591575349935,0.012116087168242137,2.3544631974003356,10.0,128.0,0.994868904328238,128.0,6.0,9.0,27.0,85.0,0.046875,0.0703125,0.2109375,0.6640625,78.125,3,62.69
layer2.3.conv2,conv,28,128,1,False,128.0,0,16.0,16.0,160000,163.53484899819017,4.187842034624659,0.03271751589550515,14.502693196092602,0.11330229059447346,2.1025135403485504,0.01642588703397305,1.2843298845289919,10,128,0.9941485201700153,128,36,64,109,126,0.28125,0.5,0.8515625,0.984375,1250.0,128.0,10000.0,45.4054227445843,1.76270140961103,0.013771104762586172,3.121408463123292,0.024386003618150718,1.340375210882549,0.010471681335019915,2.864453584275595,10.0,128.0,0.9704853256866336,128.0,4.0,6.0,17.0,60.0,0.03125,0.046875,0.1328125,0.46875,78.125,3,62.69
layer2.3.conv3,conv,29,512,1,False,128.0,0,16.0,16.0,160000,102.2553046821441,4.829667643226203,0.009432944615676177,16.8166376387109,0.03284499538810723,2.272380228872592,0.004438242634516781,8.847551783353639,10,512,0.7688819391262476,311,39,63,104,125,0.076171875,0.123046875,0.203125,0.244140625,312.5,512.0,10000.0,27.025890777810226,1.8950201518508691,0.003701211234083729,3.5293210541730775,0.006893205183931792,1.3929076051528744,0.0027205226663142078,7.486372324058389,10.0,512.0,0.8379687025079177,319.0,5.0,7.0,24.0,79.0,0.009765625,0.013671875,0.046875,0.154296875,19.53125,3,62.69
layer2.3,block,30,512,1,False,,0,16.0,16.0,160000,1082.1520070189983,7.043786566026193,0.013757395636769908,34.6750517727347,0.06772471049362246,2.781472888460093,0.005432564235273619,1.2987802973528584,10,512,0.9941282689479876,512,111,212,412,499,0.216796875,0.4140625,0.8046875,0.974609375,312.5,512.0,10000.0,245.3692766390156,2.2390125195631607,0.004373071327271798,4.682601257650417,0.00914570558134847,1.5224871185959468,0.0029736076535077085,1.9300645011565694,10.0,512.0,0.9979927014953396,512.0,6.0,10.0,45.0,272.0,0.01171875,0.01953125,0.087890625,0.53125,19.53125,3,62.69
layer3.0.conv1,conv,31,256,1,False,256.0,0,16.0,16.0,160000,2374.19445267276,6.292192546857128,0.024578877136160655,22.78764155534817,0.08901422482557879,2.655232390193402,0.010372001524192976,1.6819739111760585,10,256,0.9422659172786073,256,51,93,179,239,0.19921875,0.36328125,0.69921875,0.93359375,625.0,256.0,10000.0,558.1366911384246,2.3277429194080588,0.00909274577893773,4.62403942562498,0.01806265400634758,1.5587821698407243,0.006088992850940329,2.3626575873421793,10.0,256.0,0.9823998420233843,256.0,6.0,9.0,31.0,130.0,0.0234375,0.03515625,0.12109375,0.5078125,39.0625,3,62.69
layer3.0.conv2,conv,32,256,1,False,256.0,0,8.0,8.0,160000,443.7009495128374,3.512322041614797,0.013720007975057801,12.593820111030961,0.04919460980871469,1.9159017852883304,0.007483991348782541,1.2522123181129385,10,256,0.9946454496076429,256,34,86,198,249,0.1328125,0.3359375,0.7734375,0.97265625,625.0,256.0,10000.0,137.37749719796489,1.6858095229751862,0.006585193449121821,3.0175531702744456,0.011787317071384553,1.3081176069045297,0.005109834401970819,1.8433755557577953,10.0,256.0,0.9932158317180887,256.0,4.0,6.0,23.0,148.0,0.015625,0.0234375,0.08984375,0.578125,39.0625,3,62.69
layer3.0.conv3,conv,33,1024,1,False,256.0,0,8.0,8.0,160000,273.07115536676497,3.3522685054680186,0.003273699712371112,12.096530088958552,0.011813017664998586,1.8658944340324828,0.0018221625332348465,7.212429939027326,10,1024,0.7593704532334653,628,34,80,179,242,0.033203125,0.078125,0.1748046875,0.236328125,156.25,1024.0,10000.0,85.23243061178964,1.648471776460044,0.0016098357191992618,2.9862587118512005,0.002916268273292188,1.2922106020037374,0.0012619244160192748,6.4299597023593815,10.0,1024.0,0.808217538065537,637.0,4.0,6.0,28.0,151.0,0.00390625,0.005859375,0.02734375,0.1474609375,9.765625,3,62.69
layer3.0.downsample.0,conv,34,1024,1,False,512.0,0,8.0,8.0,160000,2743.455268846811,4.435044225513077,0.004331097876477614,18.41187057747115,0.01798034236081167,2.1710235664833255,0.0021201402016438726,5.55233705713894,10,1024,0.5562334145702319,758,56,126,305,460,0.0546875,0.123046875,0.2978515625,0.44921875,156.25,1024.0,10000.0,724.7344939881699,1.8510698344618703,0.0018076853852166703,3.7312578984003757,0.003643806541406617,1.3725269901282247,0.0013403583887970944,5.129811918512452,10.0,1024.0,0.6296762988938787,768.0,5.0,9.0,51.0,274.0,0.0048828125,0.0087890625,0.0498046875,0.267578125,9.765625,3,62.69
layer3.0,block,35,1024,1,False,,0,8.0,8.0,160000,945.6233789493996,5.116368788735779,0.0049964538952497846,27.039677959138725,0.02640593550697141,2.3376014087576467,0.0022828138757398893,1.2814936816036917,10,1024,0.9898987076971628,1024,119,300,742,981,0.1162109375,0.29296875,0.724609375,0.9580078125,156.25,1024.0,10000.0,250.14231316903715,2.014101003345492,0.001966895511079582,4.315389122577316,0.00421424719001691,1.4368868680340834,0.0014032098320645346,1.6137936247784874,10.0,1024.0,0.9926542092035822,1024.0,6.0,11.0,86.0,630.0,0.005859375,0.0107421875,0.083984375,0.615234375,9.765625,3,62.69
layer3.1.conv1,conv,36,256,1,False,256.0,0,8.0,8.0,160000,2435.008549184968,4.4566344082226514,0.017408728157119732,15.235487377427688,0.05951362256807691,2.2059530681315143,0.008617004172388728,1.4152144443596621,10,256,0.9798551164151087,256,37,85,186,245,0.14453125,0.33203125,0.7265625,0.95703125,625.0,256.0,10000.0,683.1655299184248,2.053293481720251,0.00802067766296973,3.958716606881582,0.015463736745631179,1.457694109924903,0.005694117616894152,1.8572329666969447,10.0,256.0,0.9918941723266249,256.0,5.0,8.0,37.0,171.0,0.01953125,0.03125,0.14453125,0.66796875,39.0625,3,62.69
layer3.1.conv2,conv,37,256,1,False,256.0,0,8.0,8.0,160000,420.8343401270346,3.8884202101486487,0.015189141445893159,14.75239415046619,0.05762653965025855,2.026854300704651,0.007917399612127543,1.3187867756504248,10,256,0.996071022520684,256,42,94,201,249,0.1640625,0.3671875,0.78515625,0.97265625,625.0,256.0,10000.0,139.3503611108676,1.490382323121026,0.005821805949691508,2.4881257029800654,0.00971924102726588,1.2265315234285348,0.004791138763392714,2.1850135225771767,10.0,256.0,0.9753068573634168,256.0,3.0,5.0,21.0,118.0,0.01171875,0.01953125,0.08203125,0.4609375,39.0625,3,62.69
layer3.1.conv3,conv,38,1024,1,False,256.0,0,8.0,8.0,160000,292.9610321078425,3.261059962508232,0.0031846288696369455,12.828288562541557,0.01252762554935699,1.8335565606426998,0.0017905825787526365,7.213662159002511,10,1024,0.7577314015614581,628,44,92,187,244,0.04296875,0.08984375,0.1826171875,0.23828125,156.25,1024.0,10000.0,100.09300526603339,1.3679134653334948,0.001335852993489741,2.2214043887671253,0.002169340223405396,1.1723863353243937,0.0011449085305902283,6.323940918045029,10.0,1024.0,0.8094283280217239,638.0,3.0,5.0,26.0,147.0,0.0029296875,0.0048828125,0.025390625,0.1435546875,9.765625,3,62.69
layer3.1,block,39,1024,1,False,,0,8.0,8.0,160000,1569.3545212662614,4.437441467202753,0.004333438932815188,26.016861327519337,0.025407091140155602,2.148756859042833,0.0020983953701590166,1.2565926028822254,10,1024,0.994523607089309,1024,133,321,767,988,0.1298828125,0.3134765625,0.7490234375,0.96484375,156.25,1024.0,10000.0,456.599842670314,1.6719225782296694,0.0016327368928024115,3.328471716728641,0.0032504606608678133,1.3005868885966902,0.0012701043833952053,1.5727985515069425,10.0,1024.0,0.9951560912542858,1024.0,5.0,9.0,73.0,616.0,0.0048828125,0.0087890625,0.0712890625,0.6015625,9.765625,3,62.69
layer3.2.conv1,conv,40,256,1,False,256.0,0,8.0,8.0,160000,3835.844210179746,3.527049902108714,0.013777538680112163,13.740855669393316,0.05367521745856764,1.9134508133272023,0.007474417239559384,1.3925252750592907,10,256,0.9798470420767295,256,44,93,192,246,0.171875,0.36328125,0.75,0.9609375,625.0,256.0,10000.0,1210.270010879642,1.5536677371232233,0.006069014598137591,2.794649281751999,0.010916598756843745,1.2522326111241506,0.004891533637203713,1.8161371147249719,10.0,256.0,0.9923469287258757,256.0,4.0,7.0,33.0,167.0,0.015625,0.02734375,0.12890625,0.65234375,39.0625,3,62.69
layer3.2.conv2,conv,41,256,1,False,256.0,0,8.0,8.0,160000,390.5254955899028,3.612937862577313,0.01411303852569263,14.156515147814876,0.05529888729615186,1.9445860777468018,0.007596039366198445,1.2043968650010328,10,256,0.9951188948157077,256,48,106,209,250,0.1875,0.4140625,0.81640625,0.9765625,625.0,256.0,10000.0,129.93823191712428,1.3754888058223746,0.005373003147743651,2.228823299579218,0.00870634101398132,1.1758038361746914,0.004592983735057388,2.1801367311286173,10.0,256.0,0.9730931458327529,256.0,3.0,5.0,23.0,124.0,0.01171875,0.01953125,0.08984375,0.484375,39.0625,3,62.69
layer3.2.conv3,conv,42,1024,1,False,256.0,0,8.0,8.0,160000,283.1771653108163,3.305724835188407,0.0032282469093636787,13.45691098166931,0.013141514630536436,1.8464029851500976,0.0018031279151856422,7.264934586715371,10,1024,0.7524075315282757,627,51,102,195,246,0.0498046875,0.099609375,0.1904296875,0.240234375,156.25,1024.0,10000.0,98.87729045323519,1.296479470950811,0.0012660932333504013,2.044225552649293,0.001996314016259075,1.140234499468238,0.0011135102533869512,6.380730869159692,10.0,1024.0,0.8058303568585977,638.0,2.0,5.0,28.0,154.0,0.001953125,0.0048828125,0.02734375,0.150390625,9.765625,3,62.69
layer3.2,block,43,1024,1,False,,0,8.0,8.0,160000,2294.7030216019593,3.995271719721604,0.003901632538790629,24.000329216442992,0.02343782150043261,2.0287741757680076,0.001981224781023445,1.2234021448925594,10,1024,0.9940781589723416,1024,140,336,778,991,0.13671875,0.328125,0.759765625,0.9677734375,156.25,1024.0,10000.0,704.5027402710468,1.5053861870504788,0.0014701036982914832,2.821761827470337,0.002755626784639001,1.2311055000434374,0.0012022514648861694,1.554369920638726,10.0,1024.0,0.9955799643437696,1024.0,4.0,8.0,66.0,605.0,0.00390625,0.0078125,0.064453125,0.5908203125,9.765625,3,62.69
layer3.3.conv1,conv,44,256,1,False,256.0,0,8.0,8.0,160000,5238.246707512949,3.4910640249733653,0.013636968847552208,14.139126755472297,0.05523096388856366,1.899584785757764,0.007420253069366265,1.3621422682101254,10,256,0.9788135488507853,256,49,99,196,247,0.19140625,0.38671875,0.765625,0.96484375,625.0,256.0,10000.0,1694.5271187317328,1.4710101202272325,0.005746133282137627,2.564118980918395,0.01001608976921248,1.2172172718334473,0.0047547549680994035,1.7918143832678342,10.0,256.0,0.9923422997333388,256.0,3.0,6.0,34.0,168.0,0.01171875,0.0234375,0.1328125,0.65625,39.0625,3,62.69
layer3.3.conv2,conv,45,256,1,False,256.0,0,8.0,8.0,160000,362.29243797184847,3.5716381471338376,0.013951711512241553,14.489176885234478,0.05659834720794718,1.927606509500283,0.0075297129277354805,1.153400578812866,10,256,0.9938081501948458,256,54,114,213,251,0.2109375,0.4453125,0.83203125,0.98046875,625.0,256.0,10000.0,119.89260199882463,1.3357191378800708,0.0052176528823440265,2.135759148245224,0.008342809172832906,1.1579964952451267,0.004523423809551276,2.149536840856956,10.0,256.0,0.9701907096109206,256.0,2.0,5.0,25.0,129.0,0.0078125,0.01953125,0.09765625,0.50390625,39.0625,3,62.69
layer3.3.conv3,conv,46,1024,1,False,256.0,0,8.0,8.0,160000,259.7005851959303,3.882716652847947,0.0037917154812968233,16.67602099443492,0.016285176752377853,2.0101750135219882,0.0019630615366425666,7.332515352565678,10,1024,0.7489904056548993,626,62,113,201,247,0.060546875,0.1103515625,0.1962890625,0.2412109375,156.25,1024.0,10000.0,86.79787915434216,1.31113549309753,0.0012804057549780567,2.122992038180169,0.002073234412285321,1.1466975562476314,0.0011198218322730775,6.467127716825858,10.0,1024.0,0.8033610788428514,638.0,2.0,5.0,34.0,164.0,0.001953125,0.0048828125,0.033203125,0.16015625,9.765625,3,62.69
layer3.3,block,47,1024,1,False,,0,8.0,8.0,160000,3010.08963449178,4.013354139233422,0.0039192911515951384,24.72728382574205,0.02414773811107622,2.0331742420094314,0.0019855217207123354,1.1916971138147558,10,1024,0.9933352621785625,1024,155,360,794,994,0.1513671875,0.3515625,0.775390625,0.970703125,156.25,1024.0,10000.0,964.8806514158084,1.4276713132080863,0.0013942102668047717,2.5934916219395583,0.00253270666205035,1.1976160393739843,0.0011695469134511566,1.53720668116697,10.0,1024.0,0.9953044114022457,1024.0,3.0,7.0,65.0,607.0,0.0029296875,0.0068359375,0.0634765625,0.5927734375,9.765625,3,62.69
layer3.4.conv1,conv,48,256,1,False,256.0,0,8.0,8.0,160000,6424.485884353349,3.7079622991999646,0.014484227731249862,15.724657489394247,0.061424443317946276,1.959106818430117,0.007652761009492645,1.3149585841537466,10,256,0.9755643500081208,256,57,109,202,248,0.22265625,0.42578125,0.7890625,0.96875,625.0,256.0,10000.0,2033.0020814251802,1.4313370834673709,0.0055911604822944175,2.4989387341809524,0.009761479430394345,1.1995608666842288,0.004685784635485269,1.758061026405102,10.0,256.0,0.9927066259065136,256.0,3.0,7.0,38.0,176.0,0.01171875,0.02734375,0.1484375,0.6875,39.0625,3,62.69
layer3.4.conv2,conv,49,256,1,False,256.0,0,8.0,8.0,160000,413.71873372617495,2.917325134884904,0.011395801308144157,10.845730957908257,0.04236613655432913,1.7380561314333733,0.006789281763411615,1.098268681667853,10,256,0.9929483642199121,256,46,107,210,251,0.1796875,0.41796875,0.8203125,0.98046875,625.0,256.0,10000.0,143.89708887128677,1.2036469716777274,0.004701745983116123,1.7429106657270081,0.006808244787996126,1.0977845794168268,0.00428822101334698,2.1283734763482265,10.0,256.0,0.9642726474430114,256.0,1.0,3.0,21.0,122.0,0.00390625,0.01171875,0.08203125,0.4765625,39.0625,3,62.69
layer3.4.conv3,conv,50,1024,1,False,256.0,0,8.0,8.0,160000,330.4071876975412,2.675271194860575,0.0026125695262310305,9.396843252657531,0.00917660473892337,1.6615532401106052,0.001622610586045513,7.055495769451145,10,1024,0.7518752837500561,626,40,90,188,245,0.0390625,0.087890625,0.18359375,0.2392578125,156.25,1024.0,10000.0,121.26463215099444,1.1476213831217266,0.001120724006954811,1.5741909624079697,0.001537295861726533,1.0715633808397766,0.0010464486141013444,6.211054251421254,10.0,1024.0,0.8069686509186815,639.0,1.0,2.0,21.0,141.0,0.0009765625,0.001953125,0.0205078125,0.1376953125,9.765625,3,62.69
layer3.4,block,51,1024,1,False,,0,8.0,8.0,160000,4023.6076790538573,3.440130408921408,0.0033595023524623127,19.9680976567493,0.01950009536791924,1.8771752550575365,0.0018331789600171255,1.1595019978044199,10,1024,0.991867807665874,1024,140,349,787,993,0.13671875,0.3408203125,0.7685546875,0.9697265625,156.25,1024.0,10000.0,1325.6954756563887,1.335956505103753,0.0013046450245153838,2.275879260175371,0.0022225383400150105,1.157493690174957,0.0011303649318114815,1.5204411445540584,10.0,1024.0,0.9947980403387197,1024.0,3.0,6.0,54.0,583.0,0.0029296875,0.005859375,0.052734375,0.5693359375,9.765625,3,62.69
layer3.5.conv1,conv,52,256,1,False,256.0,0,8.0,8.0,160000,9030.760974327437,2.9546920232411584,0.011541765715785775,11.753559404917688,0.04591234142545972,1.737493057626803,0.0067870822563546995,1.2975875234163392,10,256,0.9758151936748647,256,47,100,197,247,0.18359375,0.390625,0.76953125,0.96484375,625.0,256.0,10000.0,3100.7636415108354,1.3025802032898592,0.005088203919101013,2.0854639587109665,0.008146343588714713,1.1427386539576605,0.004463822867022111,1.7422446865663515,10.0,256.0,0.9910068443061492,256.0,2.0,5.0,29.0,165.0,0.0078125,0.01953125,0.11328125,0.64453125,39.0625,3,62.69
layer3.5.conv2,conv,53,256,1,False,256.0,0,8.0,8.0,160000,398.1882405911559,2.765439722488976,0.010802498915972562,10.237091364132988,0.039988638141144485,1.6858244173099761,0.006585251630117094,1.1030514096998634,10,256,0.9937132317190519,256,43,104,209,250,0.16796875,0.40625,0.81640625,0.9765625,625.0,256.0,10000.0,150.69225953872842,1.17201033643267,0.004578165376690117,1.6461938634378348,0.006430444779054042,1.0829825899228906,0.004230400741886292,2.1368996004049543,10.0,256.0,0.9653385935503818,256.0,1.0,3.0,18.0,115.0,0.00390625,0.01171875,0.0703125,0.44921875,39.0625,3,62.69
layer3.5.conv3,conv,54,1024,1,False,256.0,0,8.0,8.0,160000,295.483153273884,3.0013953914793072,0.002931050186991511,11.261808473558535,0.010997859837459507,1.7639668384978233,0.0017226238657205306,7.13598890303365,10,1024,0.7511255903610325,627,47,97,192,245,0.0458984375,0.0947265625,0.1875,0.2392578125,156.25,1024.0,10000.0,104.50864425718314,1.1660307746049632,0.0011387019283251594,1.6546241206898524,0.001615843867861184,1.0801285999990964,0.0010548130859366176,6.276773347400152,10.0,1024.0,0.8070014619692667,639.0,1.0,3.0,25.0,148.0,0.0009765625,0.0029296875,0.0244140625,0.14453125,9.765625,3,62.69
layer3.5,block,55,1024,1,False,,0,8.0,8.0,160000,4854.455625847358,3.4322148502927994,0.003351772314739062,19.735840372600258,0.01927328161386744,1.8767769570097246,0.0018327899970798092,1.133166624088222,10,1024,0.9914730631889752,1024,143,358,794,995,0.1396484375,0.349609375,0.775390625,0.9716796875,156.25,1024.0,10000.0,1677.445967197142,1.286631677304708,0.0012564762473678789,2.11426861213865,0.0020647154415416504,1.135395806685872,0.001108784967466672,1.5064287004505486,10.0,1024.0,0.9943635593349669,1024.0,2.0,6.0,49.0,575.0,0.001953125,0.005859375,0.0478515625,0.5615234375,9.765625,3,62.69
layer4.0.conv1,conv,56,512,1,False,512.0,0,8.0,8.0,160000,10590.45375765737,3.1225790722014106,0.00609878725039338,13.763724487308778,0.026882274389274957,1.7902171839475711,0.0034965179373976,1.4790041127799984,10,512,0.9331862842079206,512,62,148,335,471,0.12109375,0.2890625,0.654296875,0.919921875,312.5,512.0,10000.0,3598.0653207229066,1.2902542482828547,0.0025200278286774506,2.0769457306244328,0.004056534630125845,1.1370862632025815,0.002220871607817542,1.847813998093771,10.0,512.0,0.9671808330273904,512.0,2.0,5.0,33.0,259.0,0.00390625,0.009765625,0.064453125,0.505859375,19.53125,3,62.69
layer4.0.conv2,conv,57,512,1,False,512.0,0,4.0,4.0,160000,1499.474395033062,2.143253156875675,0.004186041322022803,5.9332109887163895,0.011588302712336698,1.4892962077220324,0.0029087816557070946,1.1052633926937347,10,512,0.9877436534604368,512,13,62,330,486,0.025390625,0.12109375,0.64453125,0.94921875,312.5,512.0,10000.0,648.3981391535373,1.1307514899463176,0.0022084990038014015,1.5294305221270472,0.002987168988529389,1.0635883888850939,0.002077321072041199,1.3334462331159587,10.0,512.0,0.9822983797699691,512.0,1.0,2.0,23.0,317.0,0.001953125,0.00390625,0.044921875,0.619140625,19.53125,3,62.69
layer4.0.conv3,conv,58,2048,1,False,512.0,0,4.0,4.0,160000,975.1107936799052,1.9120913591239792,0.0009336383589472555,4.828796106655791,0.002357810598953023,1.399338168709435,0.0006832705901901538,6.1131472206143265,10,2048,0.7487586601598822,1266,10,42,251,453,0.0048828125,0.0205078125,0.12255859375,0.22119140625,78.125,2048.0,10000.0,442.05412911330495,1.106539414679535,0.0005403024485739917,1.4365743480407553,0.0007014523183792751,1.0520684797018263,0.0005137053123544074,5.360178952079252,10.0,2048.0,0.7803501909321336,1275.0,1.0,1.0,17.0,263.0,0.00048828125,0.00048828125,0.00830078125,0.12841796875,4.8828125,3,62.69
layer4.0.downsample.0,conv,59,2048,1,False,1024.0,0,4.0,4.0,160000,14456.581193671276,2.144326154122127,0.0010470342549424448,7.61802199968708,0.0037197373045347072,1.4751936136371862,0.0007203093816587823,4.862021432188924,10,2048,0.5429895579155102,1525,32,141,524,886,0.015625,0.06884765625,0.255859375,0.4326171875,78.125,2048.0,10000.0,5920.556552539191,1.1920389078183096,0.000582050247958159,1.8181665469750827,0.0008877766342651771,1.0922141523473987,0.0005333076915758783,4.398446487703851,10.0,2048.0,0.5880181446720143,1532.0,1.0,4.0,79.0,582.0,0.00048828125,0.001953125,0.03857421875,0.2841796875,4.8828125,3,62.69
layer4.0,block,60,2048,1,False,,0,4.0,4.0,160000,1631.5574301778329,4.356737585794228,0.002127313274313588,25.99375781192732,0.012692264556605137,2.1624748428686655,0.0010558959193694656,1.2067395042667812,10,2048,0.9814341607424146,2048,198,559,1445,1955,0.0966796875,0.27294921875,0.70556640625,0.95458984375,78.125,2048.0,10000.0,528.7773284885479,1.4637252610344067,0.0007147096001144564,3.1502811636527612,0.0015382232244398248,1.2120822644654303,0.0005918370431960109,1.364708258097446,10.0,2048.0,0.9690092238458488,2048.0,4.0,16.0,453.0,1553.0,0.001953125,0.0078125,0.22119140625,0.75830078125,4.8828125,3,62.69
layer4.1.conv1,conv,61,512,1,False,512.0,0,4.0,4.0,160000,4074.9371775099894,3.693845216621606,0.007214541438714074,14.667708285776575,0.028647867745657373,1.9866599892018206,0.003880195291409806,1.2616561720551394,10,512,0.9740991155608909,512,56,154,367,488,0.109375,0.30078125,0.716796875,0.953125,312.5,512.0,10000.0,1384.2979558681593,1.434797630159769,0.0028023391214057987,2.7204804916340324,0.0053134384602227195,1.2004528609726801,0.002344634494087266,1.38323938539415,10.0,512.0,0.9775466523106671,512.0,3.0,9.0,130.0,407.0,0.005859375,0.017578125,0.25390625,0.794921875,19.53125,3,62.69
layer4.1.conv2,conv,62,512,1,False,512.0,0,4.0,4.0,160000,965.7134823206849,3.7431117487450445,0.007310765134267665,13.141956475847644,0.02566788374188993,2.0291754592485716,0.003963233318844866,1.1502873413259453,10,512,0.9922438463421158,512,38,131,379,494,0.07421875,0.255859375,0.740234375,0.96484375,312.5,512.0,10000.0,368.42464072339743,1.2229830583848889,0.002388638785907986,1.8642577765441493,0.0036411284698127915,1.1066084180801565,0.0021613445665628057,1.5935889564448333,10.0,512.0,0.9658415265731911,512.0,1.0,4.0,46.0,309.0,0.001953125,0.0078125,0.08984375,0.603515625,19.53125,3,62.69
layer4.1.conv3,conv,63,2048,1,False,512.0,0,4.0,4.0,160000,912.3686048402875,2.530113404207514,0.0012354069356482003,8.10615957823537,0.0039580857315602395,1.620526401782445,0.0007912726571203345,6.27798819536324,10,2048,0.7376958947377612,1263,23,91,318,476,0.01123046875,0.04443359375,0.1552734375,0.232421875,78.125,2048.0,10000.0,418.7475824874097,1.1256599587531237,0.0005496386517349237,1.5138609045390476,0.0007391898947944569,1.0611782287744267,0.000518153432018763,5.425080703286943,10.0,2048.0,0.7743348304205742,1279.0,1.0,2.0,25.0,297.0,0.00048828125,0.0009765625,0.01220703125,0.14501953125,4.8828125,3,62.69
layer4.1,block,64,2048,1,False,,0,4.0,4.0,160000,2196.316675349075,5.990366031925899,0.002924983414026318,39.94520342546708,0.019504493860091347,2.566728018161793,0.001253285165118063,1.175564673520141,10,2048,0.9883646542527038,2048,279,679,1551,1978,0.13623046875,0.33154296875,0.75732421875,0.9658203125,78.125,2048.0,10000.0,713.2108005280833,1.5044750584956557,0.0007346069621560819,3.3375330039883333,0.0016296547871036784,1.2293537123703864,0.0006002703673683527,1.324332443345059,10.0,2048.0,0.9757808394432477,2048.0,5.0,17.0,494.0,1606.0,0.00244140625,0.00830078125,0.2412109375,0.7841796875,4.8828125,3,62.69
layer4.2.conv1,conv,65,512,1,False,512.0,0,4.0,4.0,160000,4664.540399606587,6.054576674539591,0.01182534506746014,26.830078992147126,0.052402498031537355,2.6312969615657757,0.005139251878058156,1.2529393861470004,10,512,0.9751073548272305,512,101,207,398,495,0.197265625,0.404296875,0.77734375,0.966796875,312.5,512.0,10000.0,1421.1860768884208,1.5759010206330621,0.0030779316809239495,3.3654827935796483,0.006573208581210251,1.2595941496957788,0.002460144823624568,1.3644831343701067,10.0,512.0,0.9776985256240937,512.0,5.0,15.0,180.0,431.0,0.009765625,0.029296875,0.3515625,0.841796875,19.53125,3,62.69
layer4.2.conv2,conv,66,512,1,False,512.0,0,4.0,4.0,160000,724.5356469871848,4.6007846458156605,0.008985907511358712,19.40623021695649,0.037902793392493146,2.2530778363419532,0.004400542649105377,1.0640000838717047,10,512,0.9916333650231859,512,81,207,418,501,0.158203125,0.404296875,0.81640625,0.978515625,312.5,512.0,10000.0,245.4582677637038,1.3358765559666985,0.002609133898372458,2.3154191212840036,0.00452230297125782,1.1574597580387418,0.0022606635899194176,1.5511207125242596,10.0,512.0,0.9592852694467249,512.0,2.0,6.0,95.0,358.0,0.00390625,0.01171875,0.185546875,0.69921875,19.53125,3,62.69
layer4.2.conv3,conv,67,2048,1,False,512.0,0,4.0,4.0,160000,760.2102586057142,3.03772379063028,0.0014832635696436914,11.937595234462796,0.005828903923077537,1.780846500258117,0.0008695539552041587,6.492157052277103,10,2048,0.7276731067121697,1264,54,158,371,489,0.0263671875,0.0771484375,0.18115234375,0.23876953125,78.125,2048.0,10000.0,298.0005855970526,1.2121917472468164,0.0005918905015853596,1.8566704141509622,0.0009065773506596495,1.1016256960045878,0.0005379031718772401,5.704416499124688,10.0,2048.0,0.7611844000957425,1275.0,1.0,4.0,72.0,364.0,0.00048828125,0.001953125,0.03515625,0.177734375,4.8828125,3,62.69
layer4.2,block,68,2048,1,False,,0,4.0,4.0,160000,1992.3808192617403,20.959838114756366,0.010234295954470882,132.50481606738688,0.06469961722040375,5.679174677417535,0.002773034510457781,1.142165788975667,10,2048,0.9887517277585475,2048,571,1006,1729,2008,0.27880859375,0.4912109375,0.84423828125,0.98046875,78.125,2048.0,10000.0,422.7625378352645,2.961232047590735,0.0014459140857376637,10.619431408142164,0.005185269242256916,1.7669875600249674,0.0008627868945434411,1.3045523599278634,10.0,2048.0,0.9773304928831555,2048.0,25.0,161.0,995.0,1830.0,0.01220703125,0.07861328125,0.48583984375,0.8935546875,4.8828125,3,62.69
fc,linear,69,10,1,False,,0,,,10000,93.75397577164749,2.38648191264281,0.238648191264281,3.4657219754047763,0.34657219754047763,1.6406796697886024,0.16406796697886022,,10,10,,10,4,5,8,9,0.4,0.5,0.8,0.9,1000.0,,,,,,,,,,,,,,,,,,,,,,,,3,62.69
conv1,conv,0,64,1,False,27.0,0,32.0,32.0,160000,156.3086502307957,1.1999420725693757,0.018749094883896495,1.5702096631744595,0.02453452598710093,1.0965866751559574,0.017134166799311835,12.731075056290123,10,64,0.9183070425531332,45,1,3,6,11,0.015625,0.046875,0.09375,0.171875,2500.0,64.0,10000.0,45.08471704767723,1.0847336108074643,0.01694896266886663,1.2073217849153406,0.018864402889302197,1.0422000792123531,0.016284376237693018,7.057105492754045,10.0,64.0,0.9661263449301234,44.0,1.0,1.0,2.0,3.0,0.015625,0.015625,0.03125,0.046875,156.25,5,68.87
layer1.0.conv1,conv,1,64,1,False,64.0,0,32.0,32.0,160000,31.45289818779736,3.2907815805245217,0.05141846219569565,6.002056615433567,0.09378213461614948,1.9230900585235278,0.03004828216443012,6.049443631871851,10,64,0.8019917495700674,64,7,10,18,32,0.109375,0.15625,0.28125,0.5,2500.0,64.0,10000.0,6.500055609719343,1.6449891829501393,0.025702955983595926,2.435709562145912,0.03805796190852988,1.3001432027815907,0.020314737543462354,6.843647831368099,10.0,64.0,0.8912180085549887,64.0,3.0,4.0,7.0,15.0,0.046875,0.0625,0.109375,0.234375,156.25,5,68.87
layer1.0.conv2,conv,2,64,1,False,64.0,0,32.0,32.0,160000,88.64547463690488,3.5058425600754837,0.05477879000117943,7.8165927513688915,0.12213426174013893,1.9685838667511986,0.030759122917987478,2.1171172988205527,10,64,0.9938629103254153,64,11,19,42,61,0.171875,0.296875,0.65625,0.953125,2500.0,64.0,10000.0,19.802299341808407,1.8173337729803363,0.028395840202817754,2.634269558452992,0.041160461850828,1.3853240144696464,0.021645687726088225,3.9477190767906483,10.0,64.0,0.968830848541516,64.0,3.0,4.0,7.0,21.0,0.046875,0.0625,0.109375,0.328125,156.25,5,68.87
layer1.0.conv3,conv,3,256,1,False,64.0,0,32.0,32.0,160000,38.28022472026031,4.191575968224533,0.01637334362587708,9.347267020183066,0.0365127617975901,2.2124310073225057,0.008642308622353538,10.563611695109666,10,256,0.813293006588478,159,14,23,44,61,0.0546875,0.08984375,0.171875,0.23828125,625.0,256.0,10000.0,7.724149092487357,1.8881258556353782,0.007375491623575696,2.950497884990814,0.011525382363245367,1.4085395116250798,0.005502107467285468,9.023348376085742,10.0,256.0,0.8635864941902847,159.0,3.0,5.0,12.0,33.0,0.01171875,0.01953125,0.046875,0.12890625,39.0625,5,68.87
layer1.0.downsample.0,conv,4,256,1,False,64.0,0,32.0,32.0,160000,40.96321310908512,2.621011683681954,0.010238326889382632,5.183265371667228,0.02024713035807511,1.6613875561491775,0.006489795141207725,9.511182127537968,10,256,0.8887533160195886,158,7,10,19,36,0.02734375,0.0390625,0.07421875,0.140625,625.0,256.0,10000.0,9.634954711890046,1.5366976980735787,0.006002725383099917,2.234592219911281,0.008728875859028441,1.2515792847169391,0.0048889815809255435,7.791311744815369,10.0,256.0,0.9450573026903357,158.0,3.0,4.0,7.0,15.0,0.01171875,0.015625,0.02734375,0.05859375,39.0625,5,68.87
layer1.0,block,5,256,1,False,,0,32.0,32.0,160000,131.17063543694712,6.14379771688439,0.02399920983157965,17.923313876335666,0.0700129448294362,2.7063965985044445,0.010571861712907986,1.7524396274533696,10,256,0.9940704198746645,256,29,60,160,239,0.11328125,0.234375,0.625,0.93359375,625.0,256.0,10000.0,24.827900734157204,2.332176888336514,0.009110065970064508,4.0902878945432715,0.015977687088059654,1.5844039255581446,0.006189077834211502,2.545312886762765,10.0,256.0,0.9964932809357585,256.0,5.0,7.0,20.0,85.0,0.01953125,0.02734375,0.078125,0.33203125,39.0625,5,68.87
layer1.1.conv1,conv,6,64,1,False,64.0,0,32.0,32.0,160000,341.7828295937521,5.217372404651361,0.08152144382267752,10.48858528116159,0.16388414501814985,2.650679491268016,0.04141686705106275,2.178158583270001,10,64,0.9861358030337778,64,13,22,44,61,0.203125,0.34375,0.6875,0.953125,2500.0,64.0,10000.0,60.148570414972355,2.124791957370922,0.03319987433392066,3.529655122549517,0.055150861289836206,1.501461053948121,0.02346032896793939,3.116585429456824,10.0,64.0,0.9910558209335576,64.0,4.0,6.0,14.0,36.0,0.0625,0.09375,0.21875,0.5625,156.25,5,68.87
layer1.1.conv2,conv,7,64,1,False,64.0,0,32.0,32.0,160000,68.08947880359901,5.891518850968979,0.0920549820463903,13.03817603858403,0.20372150060287547,2.7427052029634003,0.04285476879630313,1.8786006914591824,10,64,0.9900524896350676,64,18,28,51,62,0.28125,0.4375,0.796875,0.96875,2500.0,64.0,10000.0,12.194999971461677,1.964959526231676,0.030702492597369936,3.2580527629602765,0.05090707442125432,1.4333994466988096,0.0223968663546689,3.9410136489866443,10.0,64.0,0.9708828661732849,64.0,4.0,6.0,12.0,29.0,0.0625,0.09375,0.1875,0.453125,156.25,5,68.87
layer1.1.conv3,conv,8,256,1,False,64.0,0,32.0,32.0,160000,29.248972304264022,9.588552151982606,0.037455281843682055,18.31598746778585,0.07154682604603847,4.216787175051016,0.016471824902543033,11.081422348630666,10,256,0.8003380090568557,156,22,31,51,62,0.0859375,0.12109375,0.19921875,0.2421875,625.0,256.0,10000.0,4.057592665663718,2.873671006519274,0.011225277369215914,5.064236135748657,0.01978217240526819,1.8038821788378627,0.007046414761085401,9.702463647792797,10.0,256.0,0.8560191303983564,160.0,6.0,8.0,19.0,43.0,0.0234375,0.03125,0.07421875,0.16796875,39.0625,5,68.87
layer1.1,block,9,256,1,False,,0,32.0,32.0,160000,191.09015686992657,11.325493180096702,0.04424020773475274,30.793321279423147,0.12028641124774667,4.16317727689076,0.016262411237854532,1.6254205448055545,10,256,0.9974447873765288,256,48,90,192,247,0.1875,0.3515625,0.75,0.96484375,625.0,256.0,10000.0,28.2156097245514,3.2216011392232304,0.012584379450090744,5.967084330284459,0.02330892316517367,1.9341164482727526,0.00755514237606544,2.443485724055233,10.0,256.0,0.9982330484624455,256.0,7.0,10.0,31.0,121.0,0.02734375,0.0390625,0.12109375,0.47265625,39.0625,5,68.87
layer1.2.conv1,conv,10,64,1,False,64.0,0,32.0,32.0,160000,439.83137863599507,7.173136084766915,0.11208025132448304,14.99258176655751,0.2342590901024611,3.150134331399326,0.04922084892811447,2.015405059525971,10,64,0.9744514512972372,64,19,30,50,62,0.296875,0.46875,0.78125,0.96875,2500.0,64.0,10000.0,63.124284609348194,2.6071205707385157,0.04073625891778931,4.588364474829996,0.07169319491921869,1.6998220955201842,0.026559720242502877,3.0330050582955166,10.0,64.0,0.9922054652971257,64.0,5.0,8.0,19.0,44.0,0.078125,0.125,0.296875,0.6875,156.25,5,68.87
layer1.2.conv2,conv,11,64,1,False,64.0,0,32.0,32.0,160000,58.80157997587589,5.389266791943674,0.08420729362411991,13.220463069231052,0.20656973545673518,2.530612674697049,0.03954082304214139,1.6039651125482335,10,64,0.9914395502550349,64,21,33,54,63,0.328125,0.515625,0.84375,0.984375,2500.0,64.0,10000.0,10.660869098323609,1.9170255750084395,0.029953524609506867,3.204534739401476,0.05007085530314806,1.412915633000289,0.022076806765629516,3.9040596485176042,10.0,64.0,0.9652697531708133,64.0,4.0,6.0,13.0,31.0,0.0625,0.09375,0.203125,0.484375,156.25,5,68.87
layer1.2.conv3,conv,12,256,1,False,64.0,0,32.0,32.0,160000,35.002434242697646,3.9343406628940016,0.015368518214429694,10.58250215733633,0.04133789905209504,2.053098779440281,0.008019917107188598,10.832636806914364,10,256,0.8086592381669724,157,18,29,50,62,0.0703125,0.11328125,0.1953125,0.2421875,625.0,256.0,10000.0,7.312508605381359,1.5717005930276786,0.00613945544151437,2.6311744902933683,0.01027802535270847,1.2609025945236012,0.004925400759857817,9.178721333934698,10.0,256.0,0.8653402681671251,161.0,4.0,6.0,13.0,36.0,0.015625,0.0234375,0.05078125,0.140625,39.0625,5,68.87
layer1.2,block,13,256,1,False,,0,32.0,32.0,160000,260.2830915060973,11.94052503991215,0.04664267593715683,33.960042485764696,0.13265641596001834,4.209317281222765,0.016442645629776424,1.546563762360162,10,256,0.996480726608861,256,57,103,201,249,0.22265625,0.40234375,0.78515625,0.97265625,625.0,256.0,10000.0,38.7448235477717,3.0324613112645995,0.011845551997127342,5.948600275841489,0.023236719827505817,1.8340160183225873,0.007164125071572607,2.399560941388511,10.0,256.0,0.9985381504318187,256.0,7.0,11.0,33.0,129.0,0.02734375,0.04296875,0.12890625,0.50390625,39.0625,5,68.87
layer2.0.conv1,conv,14,128,1,False,128.0,0,32.0,32.0,160000,561.4769916579453,9.531765425974037,0.07446691739042216,20.780962793482594,0.16235127182408277,3.9011620611506688,0.0304778286027396,2.067197436549779,10,128,0.950679524478866,128,27,46,87,118,0.2109375,0.359375,0.6796875,0.921875,1250.0,128.0,10000.0,84.58754741183044,2.7424134922262873,0.02142510540801787,5.10099884612519,0.03985155348535305,1.7363306636729552,0.013565083309944962,2.9724409060478827,10.0,128.0,0.9858647291520689,128.0,6.0,9.0,23.0,67.0,0.046875,0.0703125,0.1796875,0.5234375,78.125,5,68.87
layer2.0.conv2,conv,15,128,1,False,128.0,0,16.0,16.0,160000,123.88064421977684,10.001151182967119,0.07813399361693062,22.754523944650657,0.17776971831758326,4.180654788649739,0.032661365536326085,1.5761421159015503,10,128,0.9959823763590719,128,32,57,104,125,0.25,0.4453125,0.8125,0.9765625,1250.0,128.0,10000.0,20.854096109925855,2.8180206608542564,0.022015786412923878,5.064927316599899,0.03956974466093671,1.7826201118442888,0.013926719623783506,2.6696269655461453,10.0,128.0,0.9961212615946059,128.0,6.0,9.0,21.0,70.0,0.046875,0.0703125,0.1640625,0.546875,78.125,5,68.87
layer2.0.conv3,conv,16,512,1,False,128.0,0,16.0,16.0,160000,66.59106986100102,9.617032683801451,0.01878326696054971,22.9488621428123,0.04482199637268027,3.8010538104788316,0.007423933223591468,8.98164315720838,10,512,0.7754586396880229,311,34,56,98,123,0.06640625,0.109375,0.19140625,0.240234375,312.5,512.0,10000.0,11.980913729589552,2.556657296844323,0.004993471282899068,4.91754237019723,0.009604574941791465,1.6559096030674745,0.003234198443491161,7.6091097292919825,10.0,512.0,0.8406498151910721,319.0,6.0,10.0,26.0,81.0,0.01171875,0.01953125,0.05078125,0.158203125,19.53125,5,68.87
layer2.0.downsample.0,conv,17,512,1,False,256.0,0,16.0,16.0,160000,587.6565514776881,7.8286502467756565,0.015290332513233704,21.53953198038766,0.04206939839919465,3.201810848703525,0.006253536813874072,6.804973459233299,10,512,0.5794985172731871,378,34,65,151,229,0.06640625,0.126953125,0.294921875,0.447265625,312.5,512.0,10000.0,100.30250174050659,2.651306513631176,0.005178333034435891,5.036091352589493,0.009836115923026353,1.6953972266118298,0.00331132270822623,5.932285166429879,10.0,512.0,0.684182087984361,383.0,6.0,9.0,28.0,115.0,0.01171875,0.017578125,0.0546875,0.224609375,19.53125,5,68.87
layer2.0,block,18,512,1,False,,0,16.0,16.0,160000,282.7277972467901,14.079622641115861,0.027499262970929417,45.14494821565439,0.08817372698369998,4.782208031732428,0.009340250061977399,1.4216938867328037,10,512,0.9943970739895053,512,93,189,394,495,0.181640625,0.369140625,0.76953125,0.966796875,312.5,512.0,10000.0,44.22902657463683,3.5154154124677444,0.006866045727476063,7.2771688043164175,0.014213220320930503,1.9995988570911494,0.003905466517756151,2.000073581491732,10.0,512.0,0.9975631210136203,512.0,8.0,14.0,56.0,293.0,0.015625,0.02734375,0.109375,0.572265625,19.53125,5,68.87
layer2.1.conv1,conv,19,128,1,False,128.0,0,16.0,16.0,160000,661.3379222010417,10.795985668004267,0.08434363803128334,23.014370532179235,0.17979976978265028,4.584279922204617,0.03581468689222357,1.668308999531369,10,128,0.9862932501691251,128,32,55,100,124,0.25,0.4296875,0.78125,0.96875,1250.0,128.0,10000.0,107.01087505677827,3.627098104526987,0.028336703941617088,6.651815572455191,0.05196730915980618,2.0662249034486813,0.016142382058192822,2.466867577175519,10.0,128.0,0.9965311555735322,128.0,7.0,11.0,30.0,87.0,0.0546875,0.0859375,0.234375,0.6796875,78.125,5,68.87
layer2.1.conv2,conv,20,128,1,False,128.0,0,16.0,16.0,160000,117.43823686253566,9.926028877728298,0.07754710060725233,27.688147600620642,0.21631365312984877,3.5807888253741362,0.02797491269823544,1.4871026771738356,10,128,0.9957436016467901,128,44,70,110,126,0.34375,0.546875,0.859375,0.984375,1250.0,128.0,10000.0,23.94142127765025,2.3973007235697024,0.0187289119028883,4.524875377340902,0.0353505888854758,1.5892860548837016,0.012416297303778918,2.931306852837207,10.0,128.0,0.9797699147018789,128.0,6.0,8.0,21.0,65.0,0.046875,0.0625,0.1640625,0.5078125,78.125,5,68.87
layer2.1.conv3,conv,21,512,1,False,128.0,0,16.0,16.0,160000,71.08708154666421,8.12331241573203,0.015865844561976622,24.793242648789224,0.048424302048416454,3.112952028587557,0.0060799844308350726,8.992107937873387,10,512,0.772105654536962,313,43,66,104,124,0.083984375,0.12890625,0.203125,0.2421875,312.5,512.0,10000.0,14.8810050143285,2.0115506533756227,0.003928809869874263,3.9162453300661184,0.0076489166602853875,1.437357790035211,0.0028073394336625215,7.525836106606857,10.0,512.0,0.8361848092716209,320.0,5.0,9.0,26.0,84.0,0.009765625,0.017578125,0.05078125,0.1640625,19.53125,5,68.87
layer2.1,block,22,512,1,False,,0,16.0,16.0,160000,442.8770725723023,14.891496106500256,0.029084953333008312,54.49933974093603,0.10644402293151568,4.671596626951527,0.009124212162014702,1.365832010791404,10,512,0.9964012618459284,512,121,222,417,500,0.236328125,0.43359375,0.814453125,0.9765625,312.5,512.0,10000.0,76.4609826384363,3.0926549686041582,0.0060403417355549965,6.63822076674098,0.012965274935040976,1.8350122216523157,0.003584008245414679,1.9370968520942384,10.0,512.0,0.9975789059917598,512.0,8.0,13.0,58.0,305.0,0.015625,0.025390625,0.11328125,0.595703125,19.53125,5,68.87
layer2.2.conv1,conv,23,128,1,False,128.0,0,16.0,16.0,160000,948.4600758827917,11.642847476656199,0.09095974591137655,27.966968261137612,0.2184919395401376,4.2786113199692295,0.033426650937259605,1.618653738192237,10,128,0.9844401020475035,128,41,64,105,125,0.3203125,0.5,0.8203125,0.9765625,1250.0,128.0,10000.0,168.14570454098245,3.146753900934417,0.024584014851050134,6.213200177160326,0.04854062638406505,1.8630829256292911,0.014555335356478837,2.389085578751568,10.0,128.0,0.9961621430546956,128.0,7.0,11.0,31.0,91.0,0.0546875,0.0859375,0.2421875,0.7109375,78.125,5,68.87
layer2.2.conv2,conv,24,128,1,False,128.0,0,16.0,16.0,160000,119.20694187756028,7.043596486054319,0.05502809754729937,23.468997956620456,0.1833515465360973,2.819144368573479,0.022024565379480304,1.3689670919324868,10,128,0.994875534228291,128,45,73,112,126,0.3515625,0.5703125,0.875,0.984375,1250.0,128.0,10000.0,27.347868008360464,2.0512132494757025,0.016025103511528926,3.8682705564005757,0.030220863721879498,1.4544529746334407,0.011362913864323755,2.8431591334622137,10.0,128.0,0.9779948580449933,128.0,5.0,8.0,20.0,66.0,0.0390625,0.0625,0.15625,0.515625,78.125,5,68.87
layer2.2.conv3,conv,25,512,1,False,128.0,0,16.0,16.0,160000,75.48502060744411,6.523322084806611,0.012740863446887912,22.19694528480889,0.043353408759392364,2.6826419434495716,0.005239535045799945,8.926599231172624,10,512,0.775073783337445,313,43,66,104,124,0.083984375,0.12890625,0.203125,0.2421875,312.5,512.0,10000.0,17.034676226852973,1.9126813680744932,0.0037357057970204945,3.7013206221913046,0.007229141840217392,1.3982809250228323,0.0027310174316852193,7.517699928674331,10.0,512.0,0.8378676041585571,320.0,5.0,8.0,26.0,83.0,0.009765625,0.015625,0.05078125,0.162109375,19.53125,5,68.87
layer2.2,block,26,512,1,False,,0,16.0,16.0,160000,630.1338141038448,15.351903521799098,0.029984186566013864,59.59714822269588,0.11640068012245289,4.624609874356788,0.009032441160853102,1.3180542956979564,10,512,0.9959890809735454,512,138,242,428,502,0.26953125,0.47265625,0.8359375,0.98046875,312.5,512.0,10000.0,112.0905517065995,3.06247997734975,0.005981406205761231,6.710590952698865,0.013106622954489971,1.8210127780683563,0.0035566655821647583,1.9158257840273343,10.0,512.0,0.9978072272486719,512.0,8.0,14.0,62.0,317.0,0.015625,0.02734375,0.12109375,0.619140625,19.53125,5,68.87
layer2.3.conv1,conv,27,128,1,False,128.0,0,16.0,16.0,160000,1305.8907508987227,10.552588303546843,0.08244209612145971,28.18594442200411,0.2202026907969071,3.768636332640341,0.029442471348752663,1.5439064778600289,10,128,0.9814771189142597,128,44,68,108,126,0.34375,0.53125,0.84375,0.984375,1250.0,128.0,10000.0,250.2472304926406,2.794293296716863,0.021830416380600494,5.738852806753041,0.04483478755275813,1.7272876707882803,0.01349443492803344,2.3828338949804273,10.0,128.0,0.9957365307023613,128.0,7.0,11.0,33.0,93.0,0.0546875,0.0859375,0.2578125,0.7265625,78.125,5,68.87
layer2.3.conv2,conv,28,128,1,False,128.0,0,16.0,16.0,160000,107.95664394193979,7.134316725266165,0.05573684941614191,23.866915080503524,0.18646027406643378,2.8421594347775154,0.02220437058419934,1.299145201193351,10,128,0.9958026483227105,128,48,75,113,127,0.375,0.5859375,0.8828125,0.9921875,1250.0,128.0,10000.0,25.07964815697161,2.0158978559364145,0.015749201999503238,3.896333652069312,0.0304401066567915,1.437898403474311,0.011233581277143054,2.8790130388989117,10.0,128.0,0.9746853192013293,128.0,5.0,8.0,22.0,69.0,0.0390625,0.0625,0.171875,0.5390625,78.125,5,68.87
layer2.3.conv3,conv,29,512,1,False,128.0,0,16.0,16.0,160000,69.844462587261,6.836255495657018,0.013352061514955113,23.547666206059144,0.045991535558709266,2.7588554847129654,0.0053883896185800105,8.933885202994725,10,512,0.7703185751765348,313,47,71,108,125,0.091796875,0.138671875,0.2109375,0.244140625,312.5,512.0,10000.0,15.455573225152392,1.9681032522527966,0.0038439516645562433,3.9257049667920114,0.007667392513265647,1.419039665048189,0.002771561845797244,7.638504021282108,10.0,512.0,0.8349746790259143,318.0,6.0,10.0,30.0,88.0,0.01171875,0.01953125,0.05859375,0.171875,19.53125,5,68.87
layer2.3,block,30,512,1,False,,0,16.0,16.0,160000,822.3096141676169,14.311511115078353,0.02795217014663741,60.01151267087947,0.11720998568531146,4.358054139419667,0.008511824491054037,1.2651847312271174,10,512,0.9950520794100476,512,150,257,435,503,0.29296875,0.501953125,0.849609375,0.982421875,312.5,512.0,10000.0,150.54029730971487,2.935598776027982,0.005733591359429652,6.536349942286065,0.01276630848102747,1.7748382563345009,0.003466480969403322,1.8960243841972875,10.0,512.0,0.9977247519875803,512.0,8.0,14.0,66.0,326.0,0.015625,0.02734375,0.12890625,0.63671875,19.53125,5,68.87
layer3.0.conv1,conv,31,256,1,False,256.0,0,16.0,16.0,160000,1691.9800923041612,12.43836664740015,0.048587369716406835,35.36336491979846,0.13813814421796272,4.373397266410071,0.01708358307191434,1.6764859847597906,10,256,0.9447829860472704,256,63,106,188,242,0.24609375,0.4140625,0.734375,0.9453125,625.0,256.0,10000.0,312.09002831565766,3.267442956312849,0.012763449048097066,6.620537381113083,0.02586147414497298,1.903509208788752,0.007435582846831062,2.3609129691689126,10.0,256.0,0.9822775913968192,256.0,7.0,12.0,41.0,149.0,0.02734375,0.046875,0.16015625,0.58203125,39.0625,5,68.87
layer3.0.conv2,conv,32,256,1,False,256.0,0,8.0,8.0,160000,322.5158155254313,6.854570466576164,0.02677566588506314,23.161159385971935,0.09047327885145287,2.832732463694798,0.011065361186307805,1.3022328017794897,10,256,0.9932698767747936,256,49,106,208,250,0.19140625,0.4140625,0.8125,0.9765625,625.0,256.0,10000.0,80.07024289469193,2.2376614295826185,0.008740864959307103,4.406431004309497,0.017212621110583973,1.5262842118881237,0.005962047702687983,1.8343674227568494,10.0,256.0,0.9917294379452603,256.0,5.0,8.0,35.0,172.0,0.01953125,0.03125,0.13671875,0.671875,39.0625,5,68.87
layer3.0.conv3,conv,33,1024,1,False,256.0,0,8.0,8.0,160000,201.08418795007216,5.702671802805458,0.005569015432427205,19.845599132413536,0.019380467902747594,2.544559390517277,0.0024849212798020285,7.31368652587296,10,1024,0.75643906823261,628,46,95,191,245,0.044921875,0.0927734375,0.1865234375,0.2392578125,156.25,1024.0,10000.0,51.968503013300364,2.049682158851962,0.002001642733253869,4.070816679560987,0.003975406913633776,1.4531245904319228,0.0014190669828436746,6.561483912242401,10.0,1024.0,0.8034016227946457,639.0,5.0,8.0,39.0,172.0,0.0048828125,0.0078125,0.0380859375,0.16796875,9.765625,5,68.87
layer3.0.downsample.0,conv,34,1024,1,False,512.0,0,8.0,8.0,160000,1906.0172400883298,8.276373754213795,0.00808239624434941,31.47281723804351,0.030735173084026866,3.173843220108721,0.003099456269637423,5.660688966317565,10,1024,0.5486409383322166,756,78,155,332,469,0.076171875,0.1513671875,0.32421875,0.4580078125,156.25,1024.0,10000.0,428.1921136436492,2.4181092333598864,0.002361434798203014,5.284902572762913,0.0051610376687137825,1.5898792677854356,0.0015526164724467145,5.23928115232863,10.0,1024.0,0.6176408900701599,767.0,7.0,12.0,75.0,313.0,0.0068359375,0.01171875,0.0732421875,0.3056640625,9.765625,5,68.87
layer3.0,block,35,1024,1,False,,0,8.0,8.0,160000,737.0373063347556,9.979109318358937,0.0097452239437099,48.5398222699646,0.04740217018551231,3.5222368916598,0.0034396844645115236,1.2523692813286453,10,1024,0.9930507872207749,1024,174,380,800,993,0.169921875,0.37109375,0.78125,0.9697265625,156.25,1024.0,10000.0,158.84159321399565,2.7200489498361655,0.0026562978025743804,6.401341629997739,0.006251310185544667,1.6986963305900875,0.0016588831353418823,1.5667919358706663,10.0,1024.0,0.9930316978578974,1024.0,8.0,16.0,149.0,735.0,0.0078125,0.015625,0.1455078125,0.7177734375,9.765625,5,68.87
layer3.1.conv1,conv,36,256,1,False,256.0,0,8.0,8.0,160000,1809.346810736869,8.230223639131276,0.03214931109035655,23.75193344097473,0.09278099000380755,3.424307272657468,0.013376200283818234,1.435155079459745,10,256,0.9829933316847781,256,47,97,194,247,0.18359375,0.37890625,0.7578125,0.96484375,625.0,256.0,10000.0,411.6185912741965,2.926566374509697,0.011431899900428503,5.845931540122872,0.02283567007860497,1.7959138184508225,0.0070152883533235256,1.8654417702428725,10.0,256.0,0.9917713253640991,256.0,6.0,11.0,51.0,187.0,0.0234375,0.04296875,0.19921875,0.73046875,39.0625,5,68.87
layer3.1.conv2,conv,37,256,1,False,256.0,0,8.0,8.0,160000,315.086866672888,7.076391174574726,0.027642153025682525,26.105035131412254,0.10197279348207912,2.83941402138772,0.011091461021045782,1.4027043317706345,10,256,0.9967199572884863,256,55,109,208,250,0.21484375,0.42578125,0.8125,0.9765625,625.0,256.0,10000.0,84.47520506844958,1.8781961506166427,0.0073367037133462605,3.5001919000706048,0.0136726246096508,1.3886900854013091,0.005424570646098864,2.1913146585129355,10.0,256.0,0.9798022958385536,256.0,4.0,7.0,29.0,136.0,0.015625,0.02734375,0.11328125,0.53125,39.0625,5,68.87
layer3.1.conv3,conv,38,1024,1,False,256.0,0,8.0,8.0,160000,218.26942772073158,4.178773524648023,0.004080833520164085,17.62011837456082,0.017207146850157052,2.0876630162545164,0.002038733414311051,7.291694325426507,10,1024,0.7597162392871486,630,53,102,194,246,0.0517578125,0.099609375,0.189453125,0.240234375,156.25,1024.0,10000.0,68.51194575370826,1.469016617000981,0.0014345865400400206,2.527667369663961,0.002468425165687462,1.2169190381674597,0.0011883974982104099,6.362373818555347,10.0,1024.0,0.8083408067199647,638.0,3.0,6.0,32.0,159.0,0.0029296875,0.005859375,0.03125,0.1552734375,9.765625,5,68.87
layer3.1,block,39,1024,1,False,,0,8.0,8.0,160000,1199.4475292519048,7.607137436817412,0.007428845153142004,46.12553466474598,0.045044467446040994,2.896664557526617,0.0028287739819595867,1.2366441916586262,10,1024,0.9960508669342285,1024,190,401,818,997,0.185546875,0.3916015625,0.798828125,0.9736328125,156.25,1024.0,10000.0,287.2726127578643,2.0702185192415246,0.0020216977726968013,4.669263947064794,0.0045598280733054625,1.458287437021435,0.001424108825216245,1.535531489847801,10.0,1024.0,0.9945544229718337,1024.0,6.0,14.0,127.0,720.0,0.005859375,0.013671875,0.1240234375,0.703125,9.765625,5,68.87
layer3.2.conv1,conv,40,256,1,False,256.0,0,8.0,8.0,160000,2560.181188339492,6.545657878697707,0.025568976088662917,25.159698739105565,0.09828007319963111,2.715540339544473,0.010607579451345597,1.4263913650040227,10,256,0.9821373979305376,256,61,111,202,248,0.23828125,0.43359375,0.7890625,0.96875,625.0,256.0,10000.0,656.9974607977438,1.9513732119725589,0.007622551609267808,4.015948908901648,0.015687300425397063,1.4132163150112098,0.005520376230512538,1.8368403808644789,10.0,256.0,0.9926612631755185,256.0,6.0,10.0,51.0,188.0,0.0234375,0.0390625,0.19921875,0.734375,39.0625,5,68.87
layer3.2.conv2,conv,41,256,1,False,256.0,0,8.0,8.0,160000,277.3942423650176,5.993079792214036,0.02341046793833608,25.062623549250517,0.09790087323925983,2.551852248692274,0.009968172846454196,1.268351620529206,10,256,0.9956847938121784,256,67,125,217,252,0.26171875,0.48828125,0.84765625,0.984375,625.0,256.0,10000.0,76.69490161119505,1.583364916014533,0.00618501920318177,2.879481605975768,0.011247975023342844,1.265137554474977,0.004941943572167879,2.1827936571087236,10.0,256.0,0.9773862247484573,256.0,4.0,7.0,33.0,143.0,0.015625,0.02734375,0.12890625,0.55859375,39.0625,5,68.87
layer3.2.conv3,conv,42,1024,1,False,256.0,0,8.0,8.0,160000,185.86505546140913,4.902813538705571,0.004787903846392159,22.128682876974874,0.021610041872045776,2.2700473916873,0.0022168431559446288,7.399685626609767,10,1024,0.7535092572427504,628,68,119,204,248,0.06640625,0.1162109375,0.19921875,0.2421875,156.25,1024.0,10000.0,57.122801341771,1.3849515919776625,0.001352491789040686,2.373414385416972,0.0023177874857587617,1.1792887272526793,0.0011516491477076946,6.465344836916193,10.0,1024.0,0.8031793031546769,636.0,3.0,7.0,40.0,172.0,0.0029296875,0.0068359375,0.0390625,0.16796875,9.765625,5,68.87
layer3.2,block,43,1024,1,False,,0,8.0,8.0,160000,1727.0624057711518,6.62887212829817,0.006473507937791181,43.59732631330016,0.042575513977832186,2.6614920308464853,0.002599113311373521,1.208991196567474,10,1024,0.9956603104135462,1024,203,418,828,999,0.1982421875,0.408203125,0.80859375,0.9755859375,156.25,1024.0,10000.0,442.96354035009006,1.7670779786766413,0.0017256620885514075,3.788749391120342,0.003699950577265959,1.3387420446945297,0.0013073652780220017,1.5225324909591245,10.0,1024.0,0.9951946403233668,1024.0,6.0,12.0,116.0,709.0,0.005859375,0.01171875,0.11328125,0.6923828125,9.765625,5,68.87
layer3.3.conv1,conv,44,256,1,False,256.0,0,8.0,8.0,160000,3632.093409373635,6.0438302226044565,0.023608711807048658,24.336276107511427,0.09506357854496651,2.5791332329457335,0.010074739191194271,1.3951986446747335,10,256,0.9818747221566293,256,63,115,204,249,0.24609375,0.44921875,0.796875,0.97265625,625.0,256.0,10000.0,923.5066676297328,1.7935575341079646,0.007006084117609237,3.581520223224018,0.013990313371968821,1.3517144585557181,0.005280134603733274,1.805659208749122,10.0,256.0,0.9934441533745306,256.0,5.0,10.0,52.0,189.0,0.01953125,0.0390625,0.203125,0.73828125,39.0625,5,68.87
layer3.3.conv2,conv,45,256,1,False,256.0,0,8.0,8.0,160000,263.5374779868967,5.398722276689592,0.02108875889331872,22.959990073404338,0.0896874612242357,2.4089073743088645,0.009409794430894002,1.2163899854615963,10,256,0.9955297964810186,256,67,127,218,252,0.26171875,0.49609375,0.8515625,0.984375,625.0,256.0,10000.0,70.10694459982456,1.5137580564932571,0.005913117408176786,2.6998464617328914,0.010546275241144107,1.2359001481948697,0.00482773495388621,2.1420751959617026,10.0,256.0,0.9734514827715527,256.0,3.0,7.0,35.0,147.0,0.01171875,0.02734375,0.13671875,0.57421875,39.0625,5,68.87
layer3.3.conv3,conv,46,1024,1,False,256.0,0,8.0,8.0,160000,192.03473123693425,4.55926497753036,0.004452407204619493,20.53479256806815,0.02005350836725405,2.1835468566060934,0.002132369977154388,7.325361648422638,10,1024,0.7532091640223353,631,68,119,204,248,0.06640625,0.1162109375,0.19921875,0.2421875,156.25,1024.0,10000.0,55.60220651462716,1.3759346008064424,0.0013436861336000414,2.3500978772983783,0.0022950174582991975,1.175482173066128,0.0011479318096348906,6.459508051246188,10.0,1024.0,0.8020702643762952,636.0,3.0,6.0,42.0,175.0,0.0029296875,0.005859375,0.041015625,0.1708984375,9.765625,5,68.87
layer3.3,block,47,1024,1,False,,0,8.0,8.0,160000,2346.2813933167813,5.717556455067446,0.005583551225651803,38.7160255655684,0.03780861871637539,2.4515099663969617,0.002394052701559533,1.1791478766823351,10,1024,0.9948393978548864,1024,204,424,831,1000,0.19921875,0.4140625,0.8115234375,0.9765625,156.25,1024.0,10000.0,639.7554685920944,1.586748386206208,0.0015495589709045,3.2197825234368698,0.003144318870543818,1.2647252696397928,0.0012350832711326102,1.5084917613196231,10.0,1024.0,0.9950242179657934,1024.0,5.0,10.0,103.0,695.0,0.0048828125,0.009765625,0.1005859375,0.6787109375,9.765625,5,68.87
layer3.4.conv1,conv,48,256,1,False,256.0,0,8.0,8.0,160000,4525.254194938634,5.335671635226166,0.020842467325102212,23.498092863615902,0.09178942524849962,2.3848774316896466,0.009315927467537682,1.3495945857792162,10,256,0.9801161728938051,256,69,121,208,250,0.26953125,0.47265625,0.8125,0.9765625,625.0,256.0,10000.0,1185.0657450781896,1.6237888418903752,0.006342925163634278,3.1974563796813444,0.012490063983130252,1.2801820671020185,0.00500071119961726,1.7698292747050508,10.0,256.0,0.9928960203090602,256.0,5.0,10.0,54.0,192.0,0.01953125,0.0390625,0.2109375,0.75,39.0625,5,68.87
layer3.4.conv2,conv,49,256,1,False,256.0,0,8.0,8.0,160000,304.5161056605502,3.5230593510447887,0.013761950590018706,14.362902937172414,0.056105089598329744,1.9158601535720368,0.007483828724890769,1.150208564938967,10,256,0.9940271395357816,256,55,116,214,251,0.21484375,0.453125,0.8359375,0.98046875,625.0,256.0,10000.0,92.51331004437228,1.2677744602553143,0.004952243985372321,1.9765094595327144,0.007720740076299666,1.1270411571744192,0.004402504520212575,2.14280856734441,10.0,256.0,0.969989219080562,256.0,2.0,5.0,27.0,133.0,0.0078125,0.01953125,0.10546875,0.51953125,39.0625,5,68.87
layer3.4.conv3,conv,50,1024,1,False,256.0,0,8.0,8.0,160000,253.6379009701772,2.6518716484558484,0.0025897184066951645,9.707563265777612,0.009480042251735949,1.6481993706183147,0.001609569697869448,6.916815691094255,10,1024,0.7580113861294302,629,41,90,187,244,0.0400390625,0.087890625,0.1826171875,0.23828125,156.25,1024.0,10000.0,82.95930379768176,1.169473865317523,0.0011420643215991435,1.658750983852051,0.0016198740076680187,1.0817957051628035,0.0010564411183230503,6.133508873235526,10.0,1024.0,0.8090010044737574,638.0,1.0,3.0,24.0,147.0,0.0009765625,0.0029296875,0.0234375,0.1435546875,9.765625,5,68.87
layer3.4,block,51,1024,1,False,,0,8.0,8.0,160000,3237.98839396672,4.19272170917018,0.004094454794111504,27.205951012961894,0.0265683115360956,2.077250840102781,0.002028565273537872,1.1511330956334114,10,1024,0.993596424573478,1024,175,396,817,998,0.1708984375,0.38671875,0.7978515625,0.974609375,156.25,1024.0,10000.0,945.1162939778574,1.4096820500105154,0.001376642626963394,2.585312682214596,0.0025247194162251914,1.1896753321279094,0.0011617923165311616,1.4973712214332002,10.0,1024.0,0.9946323421442853,1024.0,3.0,8.0,77.0,653.0,0.0029296875,0.0078125,0.0751953125,0.6376953125,9.765625,5,68.87
layer3.5.conv1,conv,52,256,1,False,256.0,0,8.0,8.0,160000,6240.6505718205135,4.080542789903898,0.015939620273062102,17.670888515189286,0.06902690826245815,2.0602626622644364,0.008047901024470455,1.336509888740299,10,256,0.980012874103008,256,59,112,204,249,0.23046875,0.4375,0.796875,0.97265625,625.0,256.0,10000.0,1871.1470725709437,1.4116142652485577,0.0055141182236271786,2.4727962171769113,0.00965936022334731,1.190921790471775,0.004652038244030371,1.768324347398568,10.0,256.0,0.9929965047761082,256.0,3.0,7.0,41.0,180.0,0.01171875,0.02734375,0.16015625,0.703125,39.0625,5,68.87
layer3.5.conv2,conv,53,256,1,False,256.0,0,8.0,8.0,160000,292.2358260028697,3.450000156501102,0.01347656311133243,14.2324336260618,0.055595443851803907,1.8897093081910004,0.007381676985121095,1.1528623254387593,10,256,0.995166999772659,256,55,116,213,251,0.21484375,0.453125,0.83203125,0.98046875,625.0,256.0,10000.0,91.03730604293982,1.2576903745649761,0.004912853025644438,1.948672055272976,0.007612000215910062,1.122401328416398,0.004384380189126555,2.168694299409314,10.0,256.0,0.970498108047392,256.0,2.0,5.0,26.0,130.0,0.0078125,0.01953125,0.1015625,0.5078125,39.0625,5,68.87
layer3.5.conv3,conv,54,1024,1,False,256.0,0,8.0,8.0,160000,213.60907251476084,3.456687531299095,0.0033756714172842725,14.07220800888873,0.0137423906336804,1.8967107231463505,0.0018522565655726079,7.072169372066279,10,1024,0.7539961997177822,629,54,106,197,247,0.052734375,0.103515625,0.1923828125,0.2412109375,156.25,1024.0,10000.0,68.28171484868885,1.2238392185374183,0.0011951554868529475,1.8609913745731035,0.0018173743892315464,1.1068990964933516,0.0010809561489192887,6.251287855803671,10.0,1024.0,0.8072123016603576,639.0,1.0,5.0,31.0,161.0,0.0009765625,0.0048828125,0.0302734375,0.1572265625,9.765625,5,68.87
layer3.5,block,55,1024,1,False,,0,8.0,8.0,160000,3955.5409797653665,4.042996444076536,0.003948238714918492,25.57746388268897,0.024977992072938448,2.0411671935106193,0.001993327337412714,1.128947252923985,10,1024,0.9931593989458685,1024,172,397,819,999,0.16796875,0.3876953125,0.7998046875,0.9755859375,156.25,1024.0,10000.0,1266.3604598476647,1.3317730892190185,0.0013005596574404477,2.309988522801485,0.002255848166798325,1.1554567144737935,0.001128375697728314,1.490364034604171,10.0,1024.0,0.9941216695842211,1024.0,3.0,7.0,64.0,630.0,0.0029296875,0.0068359375,0.0625,0.615234375,9.765625,5,68.87
layer4.0.conv1,conv,56,512,1,False,512.0,0,8.0,8.0,160000,7909.255805048926,3.789091391349974,0.007400569123730418,17.72245067235448,0.034614161469442344,1.981267547584074,0.0038696631788751445,1.5025871664033923,10,512,0.9392315540830845,512,71,159,343,474,0.138671875,0.310546875,0.669921875,0.92578125,312.5,512.0,10000.0,2346.120617174399,1.381803875502188,0.002698835694340211,2.415159234149636,0.004717107879198508,1.177542063127663,0.0022998868420462167,1.8646456358294998,10.0,512.0,0.9699421993860938,512.0,3.0,7.0,43.0,282.0,0.005859375,0.013671875,0.083984375,0.55078125,19.53125,5,68.87
layer4.0.conv2,conv,57,512,1,False,512.0,0,4.0,4.0,160000,1231.4564375089028,2.354163492458015,0.004597975571207061,6.7155684488431815,0.013116344626646839,1.5677896024295863,0.0030620890672452858,1.1637766620715446,10,512,0.9863030530767816,512,15,57,322,484,0.029296875,0.111328125,0.62890625,0.9453125,312.5,512.0,10000.0,473.88595998729136,1.1711977587146423,0.0022874956224895357,1.6654461794784572,0.0032528245692938617,1.0826435029646668,0.002114538091727865,1.3547405668179469,10.0,512.0,0.9832579978883246,512.0,1.0,3.0,26.0,324.0,0.001953125,0.005859375,0.05078125,0.6328125,19.53125,5,68.87
layer4.0.conv3,conv,58,2048,1,False,512.0,0,4.0,4.0,160000,901.3569633556426,1.7392052283701511,0.0008492213029151129,3.907995240385747,0.001908200800969603,1.3307435795010776,0.0006497771384282605,5.759792619138464,10,2048,0.7597095264415885,1267,6,22,202,433,0.0029296875,0.0107421875,0.0986328125,0.21142578125,78.125,2048.0,10000.0,388.68247898076095,1.0960797962301245,0.0005351952130029905,1.3826704833371968,0.0006751320719419906,1.0470791901583818,0.0005112691358195224,5.037752250684802,10.0,2048.0,0.7903909957140814,1278.0,1.0,1.0,12.0,223.0,0.00048828125,0.00048828125,0.005859375,0.10888671875,4.8828125,5,68.87
layer4.0.downsample.0,conv,59,2048,1,False,1024.0,0,4.0,4.0,160000,15213.650185916435,1.825914587941841,0.0008915598573934771,5.528697067193068,0.0026995591148403653,1.3567708050601264,0.0006624857446582648,4.612030553375927,10,2048,0.5554316956742154,1527,18,89,468,863,0.0087890625,0.04345703125,0.228515625,0.42138671875,78.125,2048.0,10000.0,6249.08612999145,1.14574797274134,0.0005594472523151074,1.6178103803556705,0.0007899464747830422,1.0706603170920255,0.0005227833579550906,4.183596264639732,10.0,2048.0,0.6010286823327888,1535.0,1.0,2.0,46.0,532.0,0.00048828125,0.0009765625,0.0224609375,0.259765625,4.8828125,5,68.87
layer4.0,block,60,2048,1,False,,0,4.0,4.0,160000,1191.4253077197634,3.702456480344324,0.001807840078293127,19.76682795173722,0.00965177146080919,1.9742248052282778,0.00096397695567787,1.2309123317645478,10,2048,0.9848189307293777,2048,123,439,1350,1939,0.06005859375,0.21435546875,0.6591796875,0.94677734375,78.125,2048.0,10000.0,376.13602542131207,1.4328361306550135,0.0006996270169213933,2.9239876323421305,0.001427728336104556,1.1992004817340791,0.0005855471102217183,1.3759314700105587,10.0,2048.0,0.9724953455698107,2048.0,4.0,12.0,363.0,1493.0,0.001953125,0.005859375,0.17724609375,0.72900390625,4.8828125,5,68.87
layer4.1.conv1,conv,61,512,1,False,512.0,0,4.0,4.0,160000,2775.7650049523245,3.3524397293991797,0.006547733846482773,12.360554010285991,0.024141707051339827,1.8797991169613044,0.0036714826503150477,1.326076866427979,10,512,0.9783063418362024,512,35,117,340,483,0.068359375,0.228515625,0.6640625,0.943359375,312.5,512.0,10000.0,879.497197023083,1.447367639836854,0.0028268899215563555,2.7157427873251576,0.0053041851314944485,1.2059385785808416,0.0023553487862907063,1.4284666456461652,10.0,512.0,0.9795962740004711,512.0,3.0,9.0,105.0,392.0,0.005859375,0.017578125,0.205078125,0.765625,19.53125,5,68.87
layer4.1.conv2,conv,62,512,1,False,512.0,0,4.0,4.0,160000,911.2334005041425,3.2177059866119673,0.006284582005101499,10.161710402571249,0.01984709063002197,1.8643506562145882,0.0036413098754191175,1.2603522775698084,10,512,0.995040128154633,512,24,79,332,486,0.046875,0.154296875,0.6484375,0.94921875,312.5,512.0,10000.0,338.6702758560987,1.2005810775110555,0.0023448849170137802,1.7583258571668714,0.0034342301897790457,1.096312104482897,0.002141234579068158,1.6604218087163034,10.0,512.0,0.9703944496684113,512.0,1.0,3.0,26.0,265.0,0.001953125,0.005859375,0.05078125,0.517578125,19.53125,5,68.87
layer4.1.conv3,conv,63,2048,1,False,512.0,0,4.0,4.0,160000,931.077124689489,1.8664847459319953,0.0009113695048496071,4.46330467966881,0.002179347988119536,1.380353927302905,0.0006740009410658716,5.7518404021086695,10,2048,0.7553918901003542,1267,7,30,224,445,0.00341796875,0.0146484375,0.109375,0.21728515625,78.125,2048.0,10000.0,431.53765787375244,1.0792796393614283,0.0005269920114069474,1.3216502256180012,0.0006453370242275396,1.038974581070453,0.0005073118071633071,4.92628974122647,10.0,2048.0,0.791611694705273,1278.0,1.0,1.0,10.0,203.0,0.00048828125,0.00048828125,0.0048828125,0.09912109375,4.8828125,5,68.87
layer4.1,block,64,2048,1,False,,0,4.0,4.0,160000,1594.904942683335,4.42539126311121,0.0021608355776910203,25.31811345977648,0.012362360087781485,2.172342740885698,0.0010607142289480948,1.1969227168409766,10,2048,0.9894231425355223,2048,155,508,1432,1958,0.07568359375,0.248046875,0.69921875,0.9560546875,78.125,2048.0,10000.0,518.9059419227679,1.4542498257401457,0.0007100829227246805,2.9646113323391483,0.0014475641271187248,1.208592558788681,0.0005901330853460356,1.3339250687954987,10.0,2048.0,0.9770052058846389,2048.0,4.0,11.0,350.0,1514.0,0.001953125,0.00537109375,0.1708984375,0.7392578125,4.8828125,5,68.87
layer4.2.conv1,conv,65,512,1,False,512.0,0,4.0,4.0,160000,3096.4058584893937,4.982021560413852,0.009730510860183304,19.918035165581248,0.038902412432775875,2.3564861301246967,0.004602511972899798,1.3179733198243528,10,512,0.9803683306718595,512,62,160,370,489,0.12109375,0.3125,0.72265625,0.955078125,312.5,512.0,10000.0,890.7986130710342,1.6305787766506734,0.0031847241731458465,3.399160356102676,0.006638985070513039,1.2829724433585519,0.0025058055534346716,1.4089714980642614,10.0,512.0,0.9792917461188035,512.0,5.0,12.0,144.0,415.0,0.009765625,0.0234375,0.28125,0.810546875,19.53125,5,68.87
layer4.2.conv2,conv,66,512,1,False,512.0,0,4.0,4.0,160000,697.6553994497581,3.99344308670329,0.007799693528717363,13.974515199704461,0.027293974999422776,2.0990318031563824,0.004099671490539809,1.18926224144948,10,512,0.9929593449359726,512,37,123,373,493,0.072265625,0.240234375,0.728515625,0.962890625,312.5,512.0,10000.0,230.47574493934889,1.3949123219087234,0.0027244381287279754,2.368236151238663,0.0046254612328880135,1.1841244231706236,0.0023127430140051242,1.6099917085978737,10.0,512.0,0.9634124537636165,512.0,3.0,6.0,49.0,312.0,0.005859375,0.01171875,0.095703125,0.609375,19.53125,5,68.87
layer4.2.conv3,conv,67,2048,1,False,512.0,0,4.0,4.0,160000,733.8000919368588,2.2618208244613713,0.001104404699444029,6.417132673665874,0.003133365563313415,1.526537036051871,0.0007453794121347027,5.9733445238594784,10,2048,0.7441765700186609,1267,13,56,283,466,0.00634765625,0.02734375,0.13818359375,0.2275390625,78.125,2048.0,10000.0,290.2522766763273,1.2081237702379595,0.0005899041846865036,1.7275805975284035,0.0008435452136369158,1.1001628448565157,0.0005371888890900956,5.219499344691341,10.0,2048.0,0.7782884951369883,1276.0,1.0,3.0,18.0,278.0,0.00048828125,0.00146484375,0.0087890625,0.1357421875,4.8828125,5,68.87
layer4.2,block,68,2048,1,False,,0,4.0,4.0,160000,1246.4393687646527,18.89373940347321,0.009225458693102153,101.60793869728552,0.049613251317033945,5.584050774690885,0.0027265872923295338,1.167088609015936,10,2048,0.9899525875458374,2048,453,886,1668,1999,0.22119140625,0.4326171875,0.814453125,0.97607421875,78.125,2048.0,10000.0,261.324894776818,4.253158194875296,0.0020767373998414533,12.57055106991798,0.006137964389608389,2.270569915454807,0.0011086767165306675,1.3189446803947955,10.0,2048.0,0.9784985713382612,2048.0,18.0,106.0,900.0,1795.0,0.0087890625,0.0517578125,0.439453125,0.87646484375,4.8828125,5,68.87
fc,linear,69,10,1,False,,0,,,10000,129.59260627427616,2.613515204047689,0.2613515204047689,3.913813426867265,0.3913813426867265,1.714458488517236,0.1714458488517236,,10,10,,10,4,6,8,9,0.4,0.6,0.8,0.9,1000.0,,,,,,,,,,,,,,,,,,,,,,,,5,68.87
conv1,conv,0,64,1,False,27.0,0,32.0,32.0,160000,123.15160628330563,1.2730243213326007,0.019891005020821886,1.7598562429987403,0.027497753796855318,1.1303285264451695,0.017661383225705773,13.389708704230971,10,64,0.9175118410341014,44,2,3,7,11,0.03125,0.046875,0.109375,0.171875,2500.0,64.0,10000.0,35.00733057499097,1.1140269583964961,0.017406671224945252,1.2677342906445799,0.01980834829132156,1.0566650816591954,0.016510391900924928,7.754697503723927,10.0,64.0,0.9755256461264648,43.0,1.0,2.0,2.0,3.0,0.015625,0.03125,0.03125,0.046875,156.25,7,73.79
layer1.0.conv1,conv,1,64,1,False,64.0,0,32.0,32.0,160000,22.10751647545689,5.085533484630521,0.0794614606973519,8.231779730692384,0.1286215582920685,2.645892515507158,0.04134207055479935,5.928872764909136,10,64,0.8536439705813499,64,8,11,19,34,0.125,0.171875,0.296875,0.53125,2500.0,64.0,10000.0,3.8510041792533563,2.1850648372434067,0.03414163808192823,3.325797113593268,0.05196557989989481,1.5325892102614307,0.023946706410334855,6.743593293911035,10.0,64.0,0.8714865767818556,64.0,4.0,5.0,8.0,18.0,0.0625,0.078125,0.125,0.28125,156.25,7,73.79
layer1.0.conv2,conv,2,64,1,False,64.0,0,32.0,32.0,160000,53.25770172100054,6.667415773307425,0.10417837145792852,13.080970999767588,0.20439017187136857,3.0357350190253274,0.04743335967227074,2.156925778970296,10,64,0.9900427032008667,64,15,24,46,61,0.234375,0.375,0.71875,0.953125,2500.0,64.0,10000.0,9.144600416371077,2.774069906333726,0.04334484228646447,3.9696598076163405,0.06202593449400532,1.8321096027984192,0.0286267125437253,3.9787663947720158,10.0,64.0,0.9721952780595357,64.0,4.0,5.0,10.0,26.0,0.0625,0.078125,0.15625,0.40625,156.25,7,73.79
layer1.0.conv3,conv,3,256,1,False,64.0,0,32.0,32.0,160000,23.914760439645306,6.579732168221074,0.02570207878211357,13.146234085776406,0.05135247689756409,3.1618894094781282,0.012351130505773938,10.792981827644219,10,256,0.8076930342550164,160,17,27,48,61,0.06640625,0.10546875,0.1875,0.23828125,625.0,256.0,10000.0,3.736975247090262,2.6677412581699596,0.010420864289726404,4.2175289752855525,0.01647472255970919,1.748828927203716,0.006831362996889516,9.40884937659791,10.0,256.0,0.8532121319719899,159.0,4.0,6.0,16.0,40.0,0.015625,0.0234375,0.0625,0.15625,39.0625,7,73.79
layer1.0.downsample.0,conv,4,256,1,False,64.0,0,32.0,32.0,160000,30.77706859997426,3.5101490562103588,0.013711519750821714,6.775806646868374,0.026467994714329587,1.9728817026564016,0.007706569151001569,9.668294128676122,10,256,0.8858258153686835,159,8,11,21,38,0.03125,0.04296875,0.08203125,0.1484375,625.0,256.0,10000.0,6.764575754470482,1.7833642158009018,0.0069662664679722725,2.685003296378337,0.010488294126477879,1.3598157861035256,0.005311780414466897,8.073118621392833,10.0,256.0,0.9361541536142505,158.0,3.0,4.0,7.0,17.0,0.01171875,0.015625,0.02734375,0.06640625,39.0625,7,73.79
layer1.0,block,5,256,1,False,,0,32.0,32.0,160000,105.44445063358692,9.520007287779489,0.03718752846788863,24.830605246520577,0.096994551744221,3.7016605303265053,0.014459611446587911,1.7067383643614333,10,256,0.9953718048259536,256,37,73,174,243,0.14453125,0.28515625,0.6796875,0.94921875,625.0,256.0,10000.0,16.98536607765132,3.0664431519722077,0.011978293562391436,5.356712034093309,0.02092465638317699,1.8870977899554378,0.007371475742013429,2.500971668981537,10.0,256.0,0.997208535024005,256.0,5.0,8.0,27.0,104.0,0.01953125,0.03125,0.10546875,0.40625,39.0625,7,73.79
layer1.1.conv1,conv,6,64,1,False,64.0,0,32.0,32.0,160000,257.12815089006784,6.396143218946693,0.09993973779604208,12.063695466888053,0.18849524167012582,3.3417129728296424,0.05221426520046316,2.1032681724014446,10,64,0.9827407617908595,64,14,23,46,61,0.21875,0.359375,0.71875,0.953125,2500.0,64.0,10000.0,33.72112297920229,2.632999834965108,0.04114062242132981,4.424043256028848,0.06912567587545075,1.7147985264318508,0.02679372697549767,2.977987279196228,10.0,64.0,0.9910722913114169,64.0,5.0,7.0,17.0,41.0,0.078125,0.109375,0.265625,0.640625,156.25,7,73.79
layer1.1.conv2,conv,7,64,1,False,64.0,0,32.0,32.0,160000,52.871581116634594,9.797661090568946,0.15308845454013978,16.879318104900744,0.2637393453890741,4.5521818443441955,0.07112784131787805,1.9235818314290347,10,64,0.9922504751178266,64,18,29,51,63,0.28125,0.453125,0.796875,0.984375,2500.0,64.0,10000.0,5.954022366349857,2.6103480529785212,0.040786688327789394,4.146591049928643,0.06479048515513505,1.7523089760861497,0.02737982775134609,3.870739755882659,10.0,64.0,0.9651873680368125,64.0,4.0,7.0,14.0,33.0,0.0625,0.109375,0.21875,0.515625,156.25,7,73.79
layer1.1.conv3,conv,8,256,1,False,64.0,0,32.0,32.0,160000,21.55042573781221,11.014861196225276,0.043026801547754984,19.56388564783968,0.07642142831187375,4.519956668068717,0.017656080734643427,11.073475656858456,10,256,0.8051113662243093,159,21,31,51,61,0.08203125,0.12109375,0.19921875,0.23828125,625.0,256.0,10000.0,1.9811607636057595,3.459071672292475,0.01351199871989248,5.673635641416182,0.022162639224281962,2.1960158839077173,0.00857818704651452,9.746061816106318,10.0,256.0,0.849704819276121,161.0,6.0,9.0,22.0,46.0,0.0234375,0.03515625,0.0859375,0.1796875,39.0625,7,73.79
layer1.1,block,9,256,1,False,,0,32.0,32.0,160000,168.36027087949523,13.179011551509634,0.051480513873084506,33.48646189221606,0.130806491766469,4.734869168768778,0.01849558269050304,1.5932505622852708,10,256,0.997357474732352,256,51,94,196,248,0.19921875,0.3671875,0.765625,0.96875,625.0,256.0,10000.0,21.03961018369171,3.2624793342888947,0.012744059899565995,6.117874540666842,0.023897947424479853,1.943417673579084,0.007591475287418297,2.4043940491676032,10.0,256.0,0.9985539258371303,256.0,7.0,10.0,33.0,129.0,0.02734375,0.0390625,0.12890625,0.50390625,39.0625,7,73.79
layer1.2.conv1,conv,10,64,1,False,64.0,0,32.0,32.0,160000,350.38283748932497,7.554161363222675,0.11803377130035429,15.140254324210275,0.23656647381578555,3.2810976515687127,0.051267150805761136,1.9828175535864518,10,64,0.969714476802955,64,19,29,50,62,0.296875,0.453125,0.78125,0.96875,2500.0,64.0,10000.0,40.94597167297195,2.5233352284542203,0.03942711294459719,4.514282587519641,0.07053566542999438,1.6573443549919342,0.025896005546748972,2.930049403405575,10.0,64.0,0.9888333682557241,64.0,5.0,8.0,20.0,45.0,0.078125,0.125,0.3125,0.703125,156.25,7,73.79
layer1.2.conv2,conv,11,64,1,False,64.0,0,32.0,32.0,160000,43.48841935330766,8.134057438846776,0.12709464748198088,17.39439783525037,0.27178746617578703,3.349726672248116,0.05233947925387681,1.73548632822223,10,64,0.9943463752383866,64,23,34,55,63,0.359375,0.53125,0.859375,0.984375,2500.0,64.0,10000.0,5.389208756585152,2.4113564237744467,0.03767744412147573,4.083993953330429,0.06381240552078796,1.6226505261598159,0.025353914471247123,3.872142399247944,10.0,64.0,0.9662362191565276,64.0,5.0,7.0,15.0,34.0,0.078125,0.109375,0.234375,0.53125,156.25,7,73.79
layer1.2.conv3,conv,12,256,1,False,64.0,0,32.0,32.0,160000,24.573338009340283,6.00961074576996,0.023475041975663906,14.418221443937368,0.05632117751538034,2.6714759909993515,0.010435453089841217,10.958316289906588,10,256,0.8044338277404397,159,21,31,51,61,0.08203125,0.12109375,0.19921875,0.23828125,625.0,256.0,10000.0,3.536633511226683,2.0020131764218614,0.007820363970397896,3.426263560578717,0.013383842033510613,1.4500623806675277,0.00566430617448253,9.365590775549942,10.0,256.0,0.8571742833796185,161.0,4.0,7.0,15.0,40.0,0.015625,0.02734375,0.05859375,0.15625,39.0625,7,73.79
layer1.2,block,13,256,1,False,,0,32.0,32.0,160000,229.26908885146526,15.554376798870234,0.06075928437058685,38.901125504617674,0.1519575215024128,5.437419572581746,0.021239920205397445,1.5184970703797904,10,256,0.9965784937570423,256,61,109,205,250,0.23828125,0.42578125,0.80078125,0.9765625,625.0,256.0,10000.0,26.674358334141516,3.5980957282386115,0.014055061438432076,6.757842948423196,0.02639782401727811,2.0959462831355724,0.00818729016849833,2.3570594414249153,10.0,256.0,0.9985997812254702,256.0,7.0,12.0,37.0,142.0,0.02734375,0.046875,0.14453125,0.5546875,39.0625,7,73.79
layer2.0.conv1,conv,14,128,1,False,128.0,0,32.0,32.0,160000,438.2276762225547,11.608165981659164,0.09068879673171222,22.61982144779982,0.17671735506093608,5.019091449829288,0.03921165195179131,2.071722760285349,10,128,0.953720675408029,128,27,46,87,118,0.2109375,0.359375,0.6796875,0.921875,1250.0,128.0,10000.0,47.585503649488146,3.5063201520982337,0.02739312618826745,6.1877530233789395,0.048341820495147965,2.090401254124518,0.016331259797847796,2.9607531533794815,10.0,128.0,0.9862427200775967,128.0,7.0,10.0,26.0,71.0,0.0546875,0.078125,0.203125,0.5546875,78.125,7,73.79
layer2.0.conv2,conv,15,128,1,False,128.0,0,16.0,16.0,160000,109.63185373520868,11.977539782827987,0.09357452955334365,24.6950784123952,0.1929303000968375,4.841739383256946,0.03782608893169489,1.687733313861595,10,128,0.9965658086211109,128,30,54,102,125,0.234375,0.421875,0.796875,0.9765625,1250.0,128.0,10000.0,15.507991039538982,3.1558608689461916,0.02465516303864212,5.41191757437779,0.04228060604982648,1.9390707769762556,0.015148990445126997,2.624377263117413,10.0,128.0,0.9964037452177933,128.0,6.0,9.0,21.0,71.0,0.046875,0.0703125,0.1640625,0.5546875,78.125,7,73.79
layer2.0.conv3,conv,16,512,1,False,128.0,0,16.0,16.0,160000,55.7715990234165,10.588682602598755,0.020681020708200694,23.25671498484914,0.045423271454783476,4.306007556115577,0.008410171008038236,8.935075079174284,10,512,0.7758799486237781,313,31,53,97,123,0.060546875,0.103515625,0.189453125,0.240234375,312.5,512.0,10000.0,8.384202277740497,2.9738011575125447,0.005808205385766689,5.3314860838816385,0.010413058757581325,1.8495456708693583,0.0036123938884167154,7.59295403077505,10.0,512.0,0.8366485609154615,319.0,6.0,9.0,25.0,80.0,0.01171875,0.017578125,0.048828125,0.15625,19.53125,7,73.79
layer2.0.downsample.0,conv,17,512,1,False,256.0,0,16.0,16.0,160000,474.6677356931586,9.873583551530576,0.019284342874083156,23.6282244542039,0.04614887588711699,3.931644595799324,0.007678993351170555,6.809591635696632,10,512,0.5772791985249865,377,33,64,150,229,0.064453125,0.125,0.29296875,0.447265625,312.5,512.0,10000.0,68.32614876958097,3.22732286234614,0.006303364965519804,5.698423424928871,0.0111297332518142,1.9793056647958929,0.0038658313765544783,5.977248950982377,10.0,512.0,0.678687533220536,383.0,6.0,9.0,30.0,121.0,0.01171875,0.017578125,0.05859375,0.236328125,19.53125,7,73.79
layer2.0,block,18,512,1,False,,0,16.0,16.0,160000,262.26628679551925,15.390677847966828,0.03005991767181021,45.594962092136605,0.0890526603362043,5.376948331129892,0.01050185220923807,1.4265897965876009,10,512,0.9963996741349631,512,89,183,393,495,0.173828125,0.357421875,0.767578125,0.966796875,312.5,512.0,10000.0,36.760545720328125,3.8598305727778572,0.007538731587456752,7.46855909730646,0.01458702948692668,2.19522758008406,0.0042875538673516796,1.9711017384422538,10.0,512.0,0.9974081397510569,512.0,8.0,13.0,56.0,298.0,0.015625,0.025390625,0.109375,0.58203125,19.53125,7,73.79
layer2.1.conv1,conv,19,128,1,False,128.0,0,16.0,16.0,160000,551.946400382114,11.55225937033788,0.09025202633076469,23.076483909863178,0.18028503054580608,5.161055502348964,0.040320746112101284,1.73417064563916,10,128,0.9885532994377946,128,30,52,98,124,0.234375,0.40625,0.765625,0.96875,1250.0,128.0,10000.0,78.9568909024167,4.121716295175384,0.032200908556057686,6.9973240997755655,0.054666594529496605,2.353125077911905,0.018383789671186757,2.4895352326691365,10.0,128.0,0.9954105683074789,128.0,7.0,11.0,29.0,87.0,0.0546875,0.0859375,0.2265625,0.6796875,78.125,7,73.79
layer2.1.conv2,conv,20,128,1,False,128.0,0,16.0,16.0,160000,100.84682341148297,15.199390455694019,0.11874523793510952,33.37763583453202,0.2607627799572814,5.165372568913395,0.0403544731946359,1.6272992771142238,10,128,0.9968128094276844,128,43,67,109,126,0.3359375,0.5234375,0.8515625,0.984375,1250.0,128.0,10000.0,15.466321734382058,3.3012085739109485,0.025790691983679285,5.848887428590296,0.04569443303586169,1.9652294634953513,0.015353355183557432,2.9349192710550938,10.0,128.0,0.9783727775210046,128.0,6.0,9.0,23.0,68.0,0.046875,0.0703125,0.1796875,0.53125,78.125,7,73.79
layer2.1.conv3,conv,21,512,1,False,128.0,0,16.0,16.0,160000,50.948050100175365,12.636717914003336,0.024681089675787766,31.64009924211347,0.061797068832252874,4.3265975599246564,0.008450385859227845,9.197213824734696,10,512,0.7674076352219049,311,46,69,107,125,0.08984375,0.134765625,0.208984375,0.244140625,312.5,512.0,10000.0,7.1521650403726476,2.823132037843507,0.0055139297614131,5.7450968051201,0.011220892197500195,1.746192058405134,0.0034105313640725274,7.822792298449275,10.0,512.0,0.8277671694849636,319.0,7.0,11.0,35.0,94.0,0.013671875,0.021484375,0.068359375,0.18359375,19.53125,7,73.79
layer2.1,block,22,512,1,False,,0,16.0,16.0,160000,389.04913089502446,19.875270195864275,0.03881888710129741,63.259334534510835,0.12355338776271647,6.100559326767196,0.01191515493509218,1.370804114305935,10,512,0.9980212833051707,512,126,229,422,501,0.24609375,0.447265625,0.82421875,0.978515625,312.5,512.0,10000.0,51.97594343766703,3.9303755745823454,0.007676514794106143,8.218201568085322,0.016051174937666644,2.1566849261872,0.004212275246459375,1.9080533221062115,10.0,512.0,0.9974380950613495,512.0,9.0,15.0,72.0,337.0,0.017578125,0.029296875,0.140625,0.658203125,19.53125,7,73.79
layer2.2.conv1,conv,23,128,1,False,128.0,0,16.0,16.0,160000,736.5853690287911,14.998551191645628,0.11717618118473147,31.135441444202055,0.24324563628282855,5.8750765681790815,0.045899035688899074,1.665649509055801,10,128,0.9869156556223074,128,41,64,105,125,0.3203125,0.5,0.8203125,0.9765625,1250.0,128.0,10000.0,97.39375182916956,4.026714828702807,0.03145870959924068,7.643881211624091,0.05971782196581321,2.1971102400190294,0.017164923750148667,2.3972033258798007,10.0,128.0,0.9948761422721654,128.0,8.0,12.0,37.0,96.0,0.0625,0.09375,0.2890625,0.75,78.125,7,73.79
layer2.2.conv2,conv,24,128,1,False,128.0,0,16.0,16.0,160000,88.57100367173797,16.437353106820122,0.1284168211470322,36.248604076775216,0.2831922193498064,5.386897422285525,0.042085136111605664,1.4746207732640912,10,128,0.9966903328902361,128,49,75,113,127,0.3828125,0.5859375,0.8828125,0.9921875,1250.0,128.0,10000.0,12.695024744764396,3.6823743357925585,0.028768549498379363,6.74742299994384,0.05271424218706125,2.0834072853926084,0.016276619417129753,2.8622844907528857,10.0,128.0,0.9782289122385878,128.0,7.0,11.0,27.0,76.0,0.0546875,0.0859375,0.2109375,0.59375,78.125,7,73.79
layer2.2.conv3,conv,25,512,1,False,128.0,0,16.0,16.0,160000,49.854034031851384,16.13107234427745,0.03150600067241689,36.72844063328991,0.07173523561189435,5.163703254478851,0.010085357918904006,9.253746330088743,10,512,0.7636024747511672,314,51,74,109,125,0.099609375,0.14453125,0.212890625,0.244140625,312.5,512.0,10000.0,6.654101833873153,3.5280914712857703,0.00689080365485502,7.210872151490472,0.014083734670879828,1.99147387946815,0.0038895974208362303,8.004222469178334,10.0,512.0,0.8235932024028709,319.0,8.0,13.0,40.0,98.0,0.015625,0.025390625,0.078125,0.19140625,19.53125,7,73.79
layer2.2,block,26,512,1,False,,0,16.0,16.0,160000,537.8430925821505,24.16761950228592,0.04720238184040219,75.05501573354509,0.14659182760458025,7.0850946218903585,0.013838075433379607,1.3222789856505381,10,512,0.9976549079697247,512,149,255,435,503,0.291015625,0.498046875,0.849609375,0.982421875,312.5,512.0,10000.0,67.85212089773874,4.5045403314547325,0.008797930334872524,9.623868103216978,0.01879661738909566,2.3375380927302594,0.004565504087363788,1.882419775618854,10.0,512.0,0.9971866303590073,512.0,11.0,17.0,88.0,362.0,0.021484375,0.033203125,0.171875,0.70703125,19.53125,7,73.79
layer2.3.conv1,conv,27,128,1,False,128.0,0,16.0,16.0,160000,969.5830275724677,16.478422046062178,0.12873767223486077,34.320698552136435,0.2681304574385659,6.221064400656883,0.0486020656301319,1.591445366601293,10,128,0.9854162618390855,128,46,70,108,126,0.359375,0.546875,0.84375,0.984375,1250.0,128.0,10000.0,123.39723832198798,4.851857790872806,0.0379051389911938,8.964588416577339,0.07003584700451046,2.5207827837426526,0.019693615497989474,2.386945567703615,10.0,128.0,0.9954269022632386,128.0,9.0,14.0,41.0,100.0,0.0703125,0.109375,0.3203125,0.78125,78.125,7,73.79
layer2.3.conv2,conv,28,128,1,False,128.0,0,16.0,16.0,160000,81.50921167179058,15.1943419709229,0.11870579664783516,35.3663375147067,0.2762995118336461,4.948077667199834,0.0386568567749987,1.4017726275174252,10,128,0.9959313214948999,128,51,77,114,127,0.3984375,0.6015625,0.890625,0.9921875,1250.0,128.0,10000.0,11.63772912806465,3.7907124561763466,0.029614941063877707,7.122040526810275,0.05564094161570527,2.1107645898394884,0.016490348358121003,2.87328779915235,10.0,128.0,0.9776189241024501,128.0,8.0,11.0,30.0,79.0,0.0625,0.0859375,0.234375,0.6171875,78.125,7,73.79
layer2.3.conv3,conv,29,512,1,False,128.0,0,16.0,16.0,160000,45.66545711345115,15.675262559153063,0.030615747185845827,37.14863673242384,0.07255593111801531,4.938980195092433,0.009646445693539908,9.268726690499491,10,512,0.7582156135099751,309,52,75,110,126,0.1015625,0.146484375,0.21484375,0.24609375,312.5,512.0,10000.0,6.318313573756264,3.772056326928297,0.00736729751353183,7.648851129196385,0.014939162361711689,2.082059087628139,0.004066521655523709,8.01928057084838,10.0,512.0,0.8191444295713424,318.0,8.0,14.0,44.0,101.0,0.015625,0.02734375,0.0859375,0.197265625,19.53125,7,73.79
layer2.3,block,30,512,1,False,,0,16.0,16.0,160000,674.995820833769,26.621655184031095,0.05199542028131073,82.56855641122081,0.16126671174066565,7.6686702451386175,0.014977871572536362,1.2721243869408538,10,512,0.9965671940162072,512,167,275,443,504,0.326171875,0.537109375,0.865234375,0.984375,312.5,512.0,10000.0,82.78430424971268,4.88485003425665,0.00954072272315752,10.570030926743266,0.02064459165379544,2.452553532689573,0.004790143618534322,1.863752771641921,10.0,512.0,0.9973957869477764,512.0,11.0,20.0,102.0,379.0,0.021484375,0.0390625,0.19921875,0.740234375,19.53125,7,73.79
layer3.0.conv1,conv,31,256,1,False,256.0,0,16.0,16.0,160000,1267.0437739595784,17.845766897649096,0.06971002694394178,42.49508248834695,0.16599641597010528,6.239635883688845,0.02437357767065955,1.7246314589699199,10,256,0.9512138179488785,256,65,107,188,242,0.25390625,0.41796875,0.734375,0.9453125,625.0,256.0,10000.0,162.60416105368287,5.077560115305483,0.01983421920041204,9.613953699759826,0.03755450663968682,2.5799126084136956,0.010077783626615999,2.355837231974479,10.0,256.0,0.9829998251570616,256.0,10.0,15.0,52.0,165.0,0.0390625,0.05859375,0.203125,0.64453125,39.0625,7,73.79
layer3.0.conv2,conv,32,256,1,False,256.0,0,8.0,8.0,160000,240.3557898563063,15.828382803868271,0.061829620327610434,37.12210532386437,0.1450082239213452,5.786498987585313,0.02260351167025513,1.430248750959592,10,256,0.9918244532845824,256,55,111,210,251,0.21484375,0.43359375,0.8203125,0.98046875,625.0,256.0,10000.0,36.59251537132217,4.710359898907406,0.018399843355107054,8.684215951287355,0.03392271855971623,2.5217979663468713,0.009850773306042466,1.8930273526798456,10.0,256.0,0.9931155382253348,256.0,8.0,13.0,60.0,196.0,0.03125,0.05078125,0.234375,0.765625,39.0625,7,73.79
layer3.0.conv3,conv,33,1024,1,False,256.0,0,8.0,8.0,160000,131.59896577421495,14.251760838351418,0.013917735193702556,36.075792495122144,0.03523026610851772,5.302521565749636,0.005178243716552379,7.635107552527259,10,1024,0.7462210709163994,626,60,111,202,248,0.05859375,0.1083984375,0.197265625,0.2421875,156.25,1024.0,10000.0,19.809223426372938,4.567706997370541,0.004460651364619669,9.063083657142759,0.008850667633928475,2.4413562140821337,0.0023841369278145837,6.999687707723392,10.0,1024.0,0.7864549906243413,638.0,9.0,16.0,78.0,206.0,0.0087890625,0.015625,0.076171875,0.201171875,9.765625,7,73.79
layer3.0.downsample.0,conv,34,1024,1,False,512.0,0,8.0,8.0,160000,1396.2509026122543,14.298636473635268,0.013963512181284441,42.19055949653582,0.04120171825833576,5.031687575338025,0.00491375739779104,5.825080133399202,10,1024,0.5453008642443861,756,83,162,337,471,0.0810546875,0.158203125,0.3291015625,0.4599609375,156.25,1024.0,10000.0,218.10466309903313,3.876286612554843,0.003785436145073089,8.614067460727217,0.008412175254616423,2.10677119270616,0.0020573937428771095,5.4787073247280915,10.0,1024.0,0.6039219336931143,766.0,9.0,17.0,111.0,350.0,0.0087890625,0.0166015625,0.1083984375,0.341796875,9.765625,7,73.79
layer3.0,block,35,1024,1,False,,0,8.0,8.0,160000,584.2174420247101,22.602815705097377,0.022073062212009158,79.93544274786399,0.07806195580846093,7.475545504943282,0.007300337407171174,1.2567425266216117,10,1024,0.9961676876320154,1024,215,432,833,1000,0.2099609375,0.421875,0.8134765625,0.9765625,156.25,1024.0,10000.0,79.61153563347756,5.650071827490246,0.005517648269033443,13.302674480314725,0.012990893047182348,2.7286883349816944,0.002664734702130561,1.551321334903439,10.0,1024.0,0.9947505357498225,1024.0,14.0,35.0,293.0,844.0,0.013671875,0.0341796875,0.2861328125,0.82421875,9.765625,7,73.79
layer3.1.conv1,conv,36,256,1,False,256.0,0,8.0,8.0,160000,1278.0783454901036,13.50358778077895,0.052748389768667775,33.10775788964744,0.1293271792564353,5.1767420015797425,0.02022164844367087,1.4943925037503831,10,256,0.9851353548048921,256,55,104,198,248,0.21484375,0.40625,0.7734375,0.96875,625.0,256.0,10000.0,185.03896543637762,5.416003668150555,0.021156264328713106,10.336286668968377,0.04037611980065772,2.8211181146260897,0.011019992635258163,1.8884106408898114,10.0,256.0,0.9917935207882855,256.0,10.0,18.0,83.0,208.0,0.0390625,0.0703125,0.32421875,0.8125,39.0625,7,73.79
layer3.1.conv2,conv,37,256,1,False,256.0,0,8.0,8.0,160000,218.053831533746,23.35569045244184,0.09123316582985094,51.4831386740983,0.20110601044569648,8.544586837606564,0.03337729233440064,1.5073350582806697,10,256,0.9970599658301409,256,71,124,215,251,0.27734375,0.484375,0.83984375,0.98046875,625.0,256.0,10000.0,29.13067466998284,4.761546285360698,0.018599790177190226,9.074904994968659,0.03544884763659632,2.555218111394735,0.009981320747635684,2.235048373151882,10.0,256.0,0.9814221677901764,256.0,9.0,15.0,61.0,175.0,0.03515625,0.05859375,0.23828125,0.68359375,39.0625,7,73.79
layer3.1.conv3,conv,38,1024,1,False,256.0,0,8.0,8.0,160000,110.7295730148585,21.443628090735057,0.020941043057358454,54.15852220657803,0.052889181842361355,7.154281532694551,0.006986603059272022,7.832785635720333,10,1024,0.7400167414247796,621,87,136,214,250,0.0849609375,0.1328125,0.208984375,0.244140625,156.25,1024.0,10000.0,14.23922039226716,4.140307136217389,0.004043268687712294,9.414692641897005,0.009194035783102544,2.229038749632848,0.002176795653938328,7.150157350683802,10.0,1024.0,0.7827761213458637,639.0,11.0,23.0,104.0,217.0,0.0107421875,0.0224609375,0.1015625,0.2119140625,9.765625,7,73.79
layer3.1,block,39,1024,1,False,,0,8.0,8.0,160000,836.5592345397398,30.2811388661867,0.02957142467401045,111.16728439719681,0.10856180116913751,8.82598190047605,0.008619122949683642,1.231123703189232,10,1024,0.9975903312727121,1024,281,505,870,1005,0.2744140625,0.4931640625,0.849609375,0.9814453125,156.25,1024.0,10000.0,102.67808375440067,6.2151273357081935,0.006069460288777533,15.385488929627046,0.015024891532838912,2.9132042975986607,0.002844926071873692,1.512294049631709,10.0,1024.0,0.9952164248531207,1024.0,17.0,47.0,366.0,883.0,0.0166015625,0.0458984375,0.357421875,0.8623046875,9.765625,7,73.79
layer3.2.conv1,conv,40,256,1,False,256.0,0,8.0,8.0,160000,1540.9643952498707,22.519100321758255,0.08796523563186819,52.73318630490379,0.20598900900353043,7.3289752947379885,0.028628809745070267,1.4726722822565106,10,256,0.9860831106092603,256,81,131,212,250,0.31640625,0.51171875,0.828125,0.9765625,625.0,256.0,10000.0,188.36583417894695,6.191956846861908,0.024187331433054328,13.107423173804971,0.05120087177267567,2.944376780550786,0.011501471799026507,1.8430535895639064,10.0,256.0,0.9933212015247014,256.0,14.0,28.0,113.0,223.0,0.0546875,0.109375,0.44140625,0.87109375,39.0625,7,73.79
layer3.2.conv2,conv,41,256,1,False,256.0,0,8.0,8.0,160000,161.7356132480622,31.24447371227635,0.12204872543857949,66.66512673067109,0.26041065129168395,11.066234260460385,0.04322747757992338,1.3640273030931533,10,256,0.9959995885134403,256,96,151,227,253,0.375,0.58984375,0.88671875,0.98828125,625.0,256.0,10000.0,17.222317357657772,6.232065472241405,0.024344005750942987,12.727683653544979,0.049717514271660074,2.980855818500576,0.011643968041017874,2.1737173775236878,10.0,256.0,0.9780560428068265,256.0,13.0,24.0,91.0,198.0,0.05078125,0.09375,0.35546875,0.7734375,39.0625,7,73.79
layer3.2.conv3,conv,42,1024,1,False,256.0,0,8.0,8.0,160000,94.496991529517,29.373561751749666,0.028685118898193033,68.45742226018652,0.0668529514259634,9.41191516207024,0.009191323400459219,7.942526678917468,10,1024,0.7341603700546995,619,103,151,221,251,0.1005859375,0.1474609375,0.2158203125,0.2451171875,156.25,1024.0,10000.0,9.82175275345253,5.507376695881183,0.0053782975545714675,13.319169116816717,0.013007001090641325,2.622579245816738,0.0025611125447429083,7.337813076636614,10.0,1024.0,0.7747228848918919,636.0,16.0,36.0,132.0,228.0,0.015625,0.03515625,0.12890625,0.22265625,9.765625,7,73.79
layer3.2,block,43,1024,1,False,,0,8.0,8.0,160000,1108.1858349270808,36.752443908838856,0.035891058504725445,131.2243664646074,0.12814879537559318,10.545279339955794,0.01029812435542558,1.1998722036772065,10,1024,0.9966549988643626,1024,322,546,887,1008,0.314453125,0.533203125,0.8662109375,0.984375,156.25,1024.0,10000.0,124.88255820615626,7.00594685401323,0.006841744974622295,17.827357280274917,0.017409528594018474,3.1468933789039397,0.0030731380653358786,1.4972412013387901,10.0,1024.0,0.9950646443563224,1024.0,21.0,60.0,420.0,903.0,0.0205078125,0.05859375,0.41015625,0.8818359375,9.765625,7,73.79
layer3.3.conv1,conv,44,256,1,False,256.0,0,8.0,8.0,160000,2027.513239375951,26.227531563279907,0.10245129516906214,58.650834631291026,0.22910482277848057,8.684872696114319,0.03392528396919656,1.4327891376628314,10,256,0.9846819272353554,256,89,139,217,251,0.34765625,0.54296875,0.84765625,0.98046875,625.0,256.0,10000.0,223.9711002311636,7.051424266372566,0.027544626040517835,14.977222965995074,0.058504777210918256,3.21567175358266,0.012561217787432266,1.8189333811038106,10.0,256.0,0.991557205723005,256.0,16.0,32.0,126.0,228.0,0.0625,0.125,0.4921875,0.890625,39.0625,7,73.79
layer3.3.conv2,conv,45,256,1,False,256.0,0,8.0,8.0,160000,146.14574815374232,27.05127397059538,0.1056690389476382,63.77689119035652,0.24912848121233017,8.387158924374232,0.03276233954833684,1.2910316218002804,10,256,0.9954199213449547,256,101,156,229,253,0.39453125,0.609375,0.89453125,0.98828125,625.0,256.0,10000.0,14.974656819070521,6.136093563814554,0.0239691154836506,12.852914656330395,0.050206697876290604,2.941320300438675,0.011489532423588574,2.150126686384519,10.0,256.0,0.9757043238265578,256.0,14.0,26.0,97.0,201.0,0.0546875,0.1015625,0.37890625,0.78515625,39.0625,7,73.79
layer3.3.conv3,conv,46,1024,1,False,256.0,0,8.0,8.0,160000,88.867971810975,28.789104513041682,0.028114359876017268,69.11451131147585,0.06749463995261314,8.806855092660603,0.00860044442642637,7.969084321108041,10,1024,0.7325620438484657,620,106,153,222,252,0.103515625,0.1494140625,0.216796875,0.24609375,156.25,1024.0,10000.0,9.02813877793991,5.9577922789389826,0.00581815652240135,14.18470563940417,0.013852251600980635,2.797163208393706,0.0027316046956969786,7.383028643547186,10.0,1024.0,0.7744438055805929,638.0,17.0,39.0,136.0,229.0,0.0166015625,0.0380859375,0.1328125,0.2236328125,9.765625,7,73.79
layer3.3,block,47,1024,1,False,,0,8.0,8.0,160000,1413.1345079513947,36.9187743864862,0.03605349061180293,136.6935755316649,0.1334898198551415,10.242845738868427,0.010002779041863698,1.170205006378408,10,1024,0.9958577970769936,1024,345,569,896,1009,0.3369140625,0.5556640625,0.875,0.9853515625,156.25,1024.0,10000.0,153.9210821097998,7.193228866448459,0.007024637564891073,18.798884541319477,0.018358285684882302,3.174342436778961,0.0030999437859169543,1.4865546182266132,10.0,1024.0,0.994992003465631,1024.0,23.0,68.0,446.0,912.0,0.0224609375,0.06640625,0.435546875,0.890625,9.765625,7,73.79
layer3.4.conv1,conv,48,256,1,False,256.0,0,8.0,8.0,160000,2363.7485254160597,27.259320078299044,0.10648171905585564,65.39785739669446,0.25546038045583774,7.952414947864369,0.031064120890095193,1.3893299032343398,10,256,0.9831475309431034,256,100,149,221,252,0.390625,0.58203125,0.86328125,0.984375,625.0,256.0,10000.0,262.50115560737873,6.504468263766047,0.025408079155336123,15.136978769572435,0.059128823318642325,2.933480273138165,0.011458907316945956,1.7860835548025842,10.0,256.0,0.9928206111989225,256.0,17.0,37.0,134.0,231.0,0.06640625,0.14453125,0.5234375,0.90234375,39.0625,7,73.79
layer3.4.conv2,conv,49,256,1,False,256.0,0,8.0,8.0,160000,125.8675912400912,27.128905248536153,0.10597228612709435,69.03743512277914,0.26967748094835603,8.707973482938536,0.03401552141772866,1.206907190227547,10,256,0.995381608635295,256,115,167,232,254,0.44921875,0.65234375,0.90625,0.9921875,625.0,256.0,10000.0,13.643741088128872,5.39432150232924,0.021071568368473594,12.455528952946851,0.04865440997244864,2.6251873353646236,0.01025463802876806,2.1497820754348025,10.0,256.0,0.972391635208593,256.0,15.0,29.0,103.0,204.0,0.05859375,0.11328125,0.40234375,0.796875,39.0625,7,73.79
layer3.4.conv3,conv,50,1024,1,False,256.0,0,8.0,8.0,160000,79.76645934452193,26.638563608148445,0.026014222273582466,70.41125278236234,0.06876098904527572,8.28999686369457,0.008095700062201729,7.886488485407864,10,1024,0.733813003533155,622,111,156,222,252,0.1083984375,0.15234375,0.216796875,0.24609375,156.25,1024.0,10000.0,9.078027446198139,4.919824380408475,0.004804515996492651,12.529719180571435,0.012236053887276792,2.434426370043411,0.0023773695019955183,7.283331536665222,10.0,1024.0,0.7775816633290241,637.0,17.0,38.0,134.0,228.0,0.0166015625,0.037109375,0.130859375,0.22265625,9.765625,7,73.79
layer3.4,block,51,1024,1,False,,0,8.0,8.0,160000,1683.1929180967281,35.801043587348225,0.03496195662826975,139.8418462603974,0.13656430298866934,9.618379961548817,0.009392949181200016,1.1445231815351986,10,1024,0.9948266802403299,1024,363,587,902,1010,0.3544921875,0.5732421875,0.880859375,0.986328125,156.25,1024.0,10000.0,185.56148307594125,6.910552598765048,0.006748586522231492,18.616628209254173,0.01818030098559978,3.0665384222519565,0.0029946664279804263,1.478264096153718,10.0,1024.0,0.9944358254394896,1024.0,24.0,71.0,457.0,915.0,0.0234375,0.0693359375,0.4462890625,0.8935546875,9.765625,7,73.79
layer3.5.conv1,conv,52,256,1,False,256.0,0,8.0,8.0,160000,2839.0642906623216,27.12248078041694,0.10594719054850367,64.75510523617831,0.2529496298288215,8.77049056701171,0.03425972877738949,1.3688374447979468,10,256,0.983245102172942,256,101,150,222,252,0.39453125,0.5859375,0.8671875,0.984375,625.0,256.0,10000.0,310.25421404918217,6.98016364667805,0.027266264244836132,15.816508753704678,0.0617832373191589,3.1602969052705614,0.01234490978621313,1.7849126666637682,10.0,256.0,0.9921473354001654,256.0,18.0,38.0,137.0,232.0,0.0703125,0.1484375,0.53515625,0.90625,39.0625,7,73.79
layer3.5.conv2,conv,53,256,1,False,256.0,0,8.0,8.0,160000,117.55664975722787,28.480315098639085,0.11125123085405893,69.69166934787607,0.2722330833901409,9.289917987286394,0.036288742137837476,1.1981358376078688,10,256,0.995978185433617,256,115,168,233,254,0.44921875,0.65625,0.91015625,0.9921875,625.0,256.0,10000.0,12.400655549783965,6.552046841637039,0.025593932975144684,13.96111737304903,0.05453561473847277,3.1150172181121905,0.012168036008250744,2.1745620039287084,10.0,256.0,0.9723246559101897,256.0,16.0,30.0,105.0,204.0,0.0625,0.1171875,0.41015625,0.796875,39.0625,7,73.79
layer3.5.conv3,conv,54,1024,1,False,256.0,0,8.0,8.0,160000,77.92906366146822,27.772090665203972,0.027121182290238254,71.50590351454842,0.06982998390092619,7.794283820030477,0.007611605292998513,7.826307737464038,10,1024,0.7346379219918553,623,112,157,223,252,0.109375,0.1533203125,0.2177734375,0.24609375,156.25,1024.0,10000.0,8.029078103944812,7.081125079060636,0.006915161210020153,16.150704852300063,0.01577217270732428,3.2462772608809165,0.00317019263757902,7.365596931558856,10.0,1024.0,0.7759695747354494,638.0,20.0,45.0,142.0,231.0,0.01953125,0.0439453125,0.138671875,0.2255859375,9.765625,7,73.79
layer3.5,block,55,1024,1,False,,0,8.0,8.0,160000,1976.257390647552,34.39123702023142,0.03358519240256975,140.50944596336953,0.13721625582360306,8.69739235491464,0.008493547221596329,1.1218225792558123,10,1024,0.9940443506556961,1024,377,599,906,1011,0.3681640625,0.5849609375,0.884765625,0.9873046875,156.25,1024.0,10000.0,217.27801672355267,7.109803308627448,0.0069431672935814925,19.259576668345524,0.018808180340181176,3.1387141760465305,0.00306515056254544,1.4734429294190545,10.0,1024.0,0.9938712987773846,1024.0,25.0,75.0,469.0,919.0,0.0244140625,0.0732421875,0.4580078125,0.8974609375,9.765625,7,73.79
layer4.0.conv1,conv,56,512,1,False,512.0,0,8.0,8.0,160000,3398.094770111753,27.341716888758068,0.0534017907983556,77.82684510872939,0.15200555685298708,8.356734507455453,0.016321747084873932,1.5247935122350322,10,512,0.944016261213995,512,146,235,391,488,0.28515625,0.458984375,0.763671875,0.953125,312.5,512.0,10000.0,393.4367590217508,7.836709387812187,0.015306073023070677,16.99154481172815,0.033186610960406544,3.663997461908965,0.007156245042790947,1.8741355921133156,10.0,512.0,0.9702476642712234,512.0,18.0,40.0,197.0,412.0,0.03515625,0.078125,0.384765625,0.8046875,19.53125,7,73.79
layer4.0.conv2,conv,57,512,1,False,512.0,0,4.0,4.0,160000,367.38549746499524,13.734320765783755,0.026824845245671396,43.70040481097637,0.08535235314643823,4.802616605042175,0.009380110556722998,1.2288718053900793,10,512,0.9847895201972597,512,97,220,421,501,0.189453125,0.4296875,0.822265625,0.978515625,312.5,512.0,10000.0,57.81802168193362,5.789042462853166,0.01130672356026009,13.299369949538699,0.02597533193269277,2.917209036570474,0.005697673899551707,1.3925443891578697,10.0,512.0,0.9813839375621936,512.0,14.0,42.0,265.0,465.0,0.02734375,0.08203125,0.517578125,0.908203125,19.53125,7,73.79
layer4.0.conv3,conv,58,2048,1,False,512.0,0,4.0,4.0,160000,191.84723934813024,6.933140972980391,0.0033853227407130817,25.314446846417017,0.012360569749227059,2.90119311576507,0.0014165982010571631,6.498833104259844,10,2048,0.7433737790584046,1269,60,148,352,483,0.029296875,0.072265625,0.171875,0.23583984375,78.125,2048.0,10000.0,34.34200766247784,3.545897260817411,0.0017313951468835014,8.543498388209125,0.004171630072367737,2.0116808477223924,0.0009822660389269494,6.08813926975234,10.0,2048.0,0.7590068122394995,1275.0,10.0,25.0,200.0,431.0,0.0048828125,0.01220703125,0.09765625,0.21044921875,4.8828125,7,73.79
layer4.0.downsample.0,conv,59,2048,1,False,1024.0,0,4.0,4.0,160000,4360.81396281174,7.907205115289813,0.003860939997700104,40.88284724725162,0.01996232775744708,3.0385897160639193,0.0014836863847968356,5.1588614163345285,10,2048,0.5326557825893308,1526,153,322,682,946,0.07470703125,0.1572265625,0.3330078125,0.4619140625,78.125,2048.0,10000.0,763.6122232475121,3.0027233170661027,0.001466173494661183,9.82400605868316,0.004796877958341387,1.7748364260609413,0.000866619348662569,4.920746709789273,10.0,2048.0,0.5590409709368753,1532.0,19.0,77.0,435.0,843.0,0.00927734375,0.03759765625,0.21240234375,0.41162109375,4.8828125,7,73.79
layer4.0,block,60,2048,1,False,,0,4.0,4.0,160000,449.6015447438309,18.939384545283296,0.00924774636000161,95.45888627525541,0.046610784314089555,5.463672806980264,0.002667808987783332,1.2365660571972137,10,2048,0.987510446517478,2048,382,788,1598,1986,0.1865234375,0.384765625,0.7802734375,0.9697265625,78.125,2048.0,10000.0,66.00132251610901,8.802280631024157,0.004297988589367264,26.97111746441371,0.013169490949420756,3.868388716539234,0.001888861677997673,1.3776295073476352,10.0,2048.0,0.9755730281814723,2048.0,55.0,252.0,1087.0,1849.0,0.02685546875,0.123046875,0.53076171875,0.90283203125,4.8828125,7,73.79
layer4.1.conv1,conv,61,512,1,False,512.0,0,4.0,4.0,160000,883.7414891240683,16.588738840549585,0.03239988054794841,48.1531264703567,0.09404907513741544,5.832340090714159,0.011391289239676092,1.3691110835436948,10,512,0.9797001113080359,512,103,207,396,495,0.201171875,0.404296875,0.7734375,0.966796875,312.5,512.0,10000.0,137.4401649428353,8.453159260331347,0.016510076680334662,18.735631588168705,0.036593030445642,4.244194188190924,0.0082894417738104,1.464459528585619,10.0,512.0,0.9788014679964547,512.0,21.0,69.0,289.0,468.0,0.041015625,0.134765625,0.564453125,0.9140625,19.53125,7,73.79
layer4.1.conv2,conv,62,512,1,False,512.0,0,4.0,4.0,160000,261.8083907530988,18.401989994558242,0.03594138670812157,55.19209724630656,0.1077970649341925,7.183540642306568,0.014030352817005015,1.327112902139129,10,512,0.9966240940182415,512,112,224,421,501,0.21875,0.4375,0.822265625,0.978515625,312.5,512.0,10000.0,37.73151884977579,6.789407177625075,0.013260560893798975,14.12372333983988,0.027585397148124767,3.517953460157741,0.006871002851870588,1.6944301288887227,10.0,512.0,0.973340983492697,512.0,14.0,40.0,211.0,428.0,0.02734375,0.078125,0.412109375,0.8359375,19.53125,7,73.79
layer4.1.conv3,conv,63,2048,1,False,512.0,0,4.0,4.0,160000,147.60313409953164,8.395318526630158,0.004099276624331132,35.483091398804845,0.017325728222072678,3.1558840514878477,0.0015409590095155506,6.516115607086821,10,2048,0.7384974862216309,1270,98,197,387,492,0.0478515625,0.09619140625,0.18896484375,0.240234375,78.125,2048.0,10000.0,28.97499806010314,2.9647868239718953,0.001447649816392527,7.446425003747584,0.003635949708861125,1.785825250730903,0.0008719849857084487,5.952044484640061,10.0,2048.0,0.7607592115619213,1278.0,10.0,25.0,202.0,434.0,0.0048828125,0.01220703125,0.0986328125,0.2119140625,4.8828125,7,73.79
layer4.1,block,64,2048,1,False,,0,4.0,4.0,160000,584.6441015128187,20.72014499524061,0.010117258298457329,113.82897434125725,0.05558055387756702,5.4967657099511165,0.0026839676318120686,1.19607491309124,10,2048,0.9907675224518796,2048,452,883,1663,1997,0.220703125,0.43115234375,0.81201171875,0.97509765625,78.125,2048.0,10000.0,92.03510667448633,8.222643399706097,0.004014962597512743,24.409290014982002,0.01191859864012793,3.677403759791934,0.0017956073045859052,1.3326567903297983,10.0,2048.0,0.9784975363825886,2048.0,46.0,228.0,1093.0,1857.0,0.0224609375,0.111328125,0.53369140625,0.90673828125,4.8828125,7,73.79
layer4.2.conv1,conv,65,512,1,False,512.0,0,4.0,4.0,160000,1058.5529286161034,20.465320878211738,0.0399713298402573,60.69330880220251,0.11854161875430178,6.446177774866152,0.012590190966535453,1.3447953248101423,10,512,0.9819676371439575,512,130,235,412,498,0.25390625,0.458984375,0.8046875,0.97265625,312.5,512.0,10000.0,174.69458717636752,8.706278392435209,0.017004449985225017,18.910630491715317,0.03693482517913148,4.183482852366288,0.008170864946027907,1.4306261097907331,10.0,512.0,0.97878002442365,512.0,21.0,72.0,294.0,470.0,0.041015625,0.140625,0.57421875,0.91796875,19.53125,7,73.79
layer4.2.conv2,conv,66,512,1,False,512.0,0,4.0,4.0,160000,235.36258944444424,18.82342924828916,0.036764510250564764,55.53154513123466,0.10846004908444269,7.03430247666208,0.013738872024730625,1.2455362333897686,10,512,0.993679922294659,512,122,242,430,502,0.23828125,0.47265625,0.83984375,0.98046875,312.5,512.0,10000.0,47.48993165685958,7.189058230951859,0.014041129357327849,12.759922860949775,0.02492172433779253,3.790201842242709,0.007402737973130291,1.638932165205229,10.0,512.0,0.9642463538578654,512.0,10.0,23.0,181.0,412.0,0.01953125,0.044921875,0.353515625,0.8046875,19.53125,7,73.79
layer4.2.conv3,conv,67,2048,1,False,512.0,0,4.0,4.0,160000,143.56665755990016,11.83511324616887,0.0057788638897308935,39.59802014539912,0.019334970774120663,4.5243759411941324,0.0022091679400361975,6.631941711603186,10,2048,0.7339567740468481,1267,99,201,391,493,0.04833984375,0.09814453125,0.19091796875,0.24072265625,78.125,2048.0,10000.0,36.98979557891147,5.46003421063251,0.0026660323294104052,9.982507322745121,0.004874271153684141,3.096810881696387,0.001512114688328314,6.0666124924415765,10.0,2048.0,0.7565527498185027,1278.0,9.0,16.0,172.0,421.0,0.00439453125,0.0078125,0.083984375,0.20556640625,4.8828125,7,73.79
layer4.2,block,68,2048,1,False,,0,4.0,4.0,160000,764.3284120434057,16.660274116841332,0.008134899471113932,105.39222164160947,0.05146104572344212,4.708646058169322,0.002299143583090489,1.1634025172854672,10,2048,0.9912101629522073,2048,473,915,1684,2001,0.23095703125,0.44677734375,0.822265625,0.97705078125,78.125,2048.0,10000.0,155.92843110137534,5.907894409448551,0.0028847140671135504,17.00374038925176,0.008302607611939336,2.803006944428627,0.0013686557345842906,1.3207217527182873,10.0,2048.0,0.9802294117787957,2048.0,23.0,131.0,956.0,1816.0,0.01123046875,0.06396484375,0.466796875,0.88671875,4.8828125,7,73.79
fc,linear,69,10,1,False,,0,,,10000,177.2093019443482,2.7176800891368127,0.27176800891368125,4.0127399310751635,0.4012739931075163,1.7667832176238607,0.17667832176238607,,10,10,,10,4,6,8,9,0.4,0.6,0.8,0.9,1000.0,,,,,,,,,,,,,,,,,,,,,,,,7,73.79
conv1,conv,0,64,1,False,27.0,0,32.0,32.0,160000,84.76680108822309,1.4616416997004527,0.022838151557819573,2.204164073472237,0.034440063648003706,1.2146860120672338,0.01897946893855053,13.486468835566047,10,64,0.9265494000173877,45,3,4,8,12,0.046875,0.0625,0.125,0.1875,2500.0,64.0,10000.0,23.10483344535584,1.182474053560573,0.01847615708688395,1.400636762463967,0.021884949413499485,1.0901523921514573,0.01703363112736652,7.87722071149312,10.0,64.0,0.9675970603283373,43.0,1.0,2.0,3.0,3.0,0.015625,0.03125,0.046875,0.046875,156.25,10,74.68
layer1.0.conv1,conv,1,64,1,False,64.0,0,32.0,32.0,160000,11.085042307430028,6.592366135712282,0.1030057208705044,9.386981400741574,0.1466715843865871,3.70230320763765,0.05784848761933828,5.85092178692454,10,64,0.8760092022661365,64,9,11,19,34,0.140625,0.171875,0.296875,0.53125,2500.0,64.0,10000.0,1.4646065790118747,2.7483441829040602,0.04294287785787594,4.137918307552117,0.06465497355550183,1.7795934667963345,0.027806147918692726,6.625552433022033,10.0,64.0,0.8860060847709784,64.0,4.0,5.0,11.0,20.0,0.0625,0.078125,0.171875,0.3125,156.25,10,74.68
layer1.0.conv2,conv,2,64,1,False,64.0,0,32.0,32.0,160000,32.99762656181055,7.763047837524406,0.12129762246131884,14.091658007202028,0.2201821563625317,3.4844453100514117,0.05444445796955331,2.407319641190818,10,64,0.9942202314195666,64,15,23,44,61,0.234375,0.359375,0.6875,0.953125,2500.0,64.0,10000.0,3.9961088560379867,2.3774248826245574,0.03714726379100871,3.795406932843932,0.05930323332568644,1.6078692312063514,0.02512295673759924,4.0472341313056335,10.0,64.0,0.9780169066415032,64.0,4.0,5.0,12.0,27.0,0.0625,0.078125,0.1875,0.421875,156.25,10,74.68
layer1.0.conv3,conv,3,256,1,False,64.0,0,32.0,32.0,160000,13.901036883911646,6.682391709248548,0.02610309261425214,12.943371875137482,0.05056004638725579,3.342919567750336,0.01305827956152475,10.781299954285634,10,256,0.8077050302137815,156,16,24,46,61,0.0625,0.09375,0.1796875,0.23828125,625.0,256.0,10000.0,1.2159656123890639,2.6799546146287225,0.010468572713393447,4.6587256577270635,0.018198147100496342,1.7236200031849094,0.006732890637441052,9.665994455939726,10.0,256.0,0.8551433780805969,159.0,5.0,8.0,19.0,42.0,0.01953125,0.03125,0.07421875,0.1640625,39.0625,10,74.68
layer1.0.downsample.0,conv,4,256,1,False,64.0,0,32.0,32.0,160000,16.300458204772575,4.723250776759701,0.018450198346717583,7.982809161388346,0.031182848286673226,2.4660423199229515,0.00963297781219903,9.608648594821505,10,256,0.8807548376846478,160,8,10,20,39,0.03125,0.0390625,0.078125,0.15234375,625.0,256.0,10000.0,3.0403837062749735,2.1131579589891136,0.008254523277301225,3.1990047857943766,0.012496112444509284,1.5043251878381418,0.005876270264992742,8.244025159353555,10.0,256.0,0.9295153580609697,160.0,4.0,4.0,8.0,19.0,0.015625,0.015625,0.03125,0.07421875,39.0625,10,74.68
layer1.0,block,5,256,1,False,,0,32.0,32.0,160000,75.05857701139315,12.091675006787746,0.04723310549526463,27.893388406148688,0.10895854846151831,4.969388263591488,0.01941167290465425,1.7387893124332454,10,256,0.9960117507024884,256,38,73,175,243,0.1484375,0.28515625,0.68359375,0.94921875,625.0,256.0,10000.0,8.857616972468648,3.541184947183302,0.013832753699934773,6.1941274502602495,0.0241958103525791,2.071791371390185,0.00809293504449291,2.506649946314127,10.0,256.0,0.9975569054789765,256.0,6.0,10.0,30.0,114.0,0.0234375,0.0390625,0.1171875,0.4453125,39.0625,10,74.68
layer1.1.conv1,conv,6,64,1,False,64.0,0,32.0,32.0,160000,152.63135188440646,5.283792485175548,0.08255925758086793,10.73506981077043,0.16773546579328796,2.5993519775073355,0.04061487464855212,2.1537156191573863,10,64,0.9786953825071792,64,13,22,44,60,0.203125,0.34375,0.6875,0.9375,2500.0,64.0,10000.0,11.489624780416097,3.7308256399727457,0.05829415062457415,5.857150209891953,0.09151797202956176,2.225268022701174,0.034769812854705845,3.137046340768704,10.0,64.0,0.9856654789948399,64.0,5.0,8.0,20.0,43.0,0.078125,0.125,0.3125,0.671875,156.25,10,74.68
layer1.1.conv2,conv,7,64,1,False,64.0,0,32.0,32.0,160000,39.19412270111701,10.397808468571387,0.16246575732142793,16.48080768824134,0.25751262012877096,5.229174933295626,0.08170585833274416,2.228956848633758,10,64,0.9961207630876515,64,15,24,47,62,0.234375,0.375,0.734375,0.96875,2500.0,64.0,10000.0,1.9576986336250137,4.026576579266442,0.06291525905103816,5.99654043991304,0.09369594437364125,2.456979697294517,0.038390307770226825,3.8789441001634968,10.0,64.0,0.9708658725542879,64.0,5.0,8.0,17.0,36.0,0.078125,0.125,0.265625,0.5625,156.25,10,74.68
layer1.1.conv3,conv,8,256,1,False,64.0,0,32.0,32.0,160000,13.06232580701508,10.984619532735787,0.042908670049749166,18.717643705455448,0.07311579572443534,4.875519368868553,0.019044997534642786,11.059605666068476,10,256,0.8063177275853408,158,20,29,50,61,0.078125,0.11328125,0.1953125,0.23828125,625.0,256.0,10000.0,0.5993693435086637,4.515833617792589,0.017639975069502302,7.372940127794364,0.028800547374196735,2.5523528660428454,0.009970128382979865,9.964290282007234,10.0,256.0,0.8448078989023529,159.0,7.0,10.0,23.0,48.0,0.02734375,0.0390625,0.08984375,0.1875,39.0625,10,74.68
layer1.1,block,9,256,1,False,,0,32.0,32.0,160000,126.9142359023992,16.40503543074494,0.06408216965134743,36.9852373823832,0.14447358352493436,6.369471876358313,0.02488074951702466,1.6090285834143643,10,256,0.9980387413119423,256,52,96,197,248,0.203125,0.375,0.76953125,0.96875,625.0,256.0,10000.0,9.94093531506881,4.468516230761028,0.017455141526410266,8.033255682398663,0.031379905009369775,2.4252467805536098,0.009473620236537538,2.4020328168736973,10.0,256.0,0.9983790577203717,256.0,8.0,14.0,40.0,145.0,0.03125,0.0546875,0.15625,0.56640625,39.0625,10,74.68
layer1.2.conv1,conv,10,64,1,False,64.0,0,32.0,32.0,160000,211.36545479508396,7.8820729976444595,0.12315739058819468,14.855388652355927,0.23211544769306136,3.5623164335722755,0.055661194274566804,2.0992009783156864,10,64,0.9822233673569483,64,17,27,49,62,0.265625,0.421875,0.765625,0.96875,2500.0,64.0,10000.0,12.167574708043166,3.427299954774346,0.053551561793349155,6.271421239048094,0.09799095686012647,1.993433350005705,0.031147396093839142,3.0421332249596706,10.0,64.0,0.9882470458633323,64.0,7.0,11.0,24.0,49.0,0.109375,0.171875,0.375,0.765625,156.25,10,74.68
layer1.2.conv2,conv,11,64,1,False,64.0,0,32.0,32.0,160000,29.54447538772529,11.211142961518584,0.17517410877372788,19.40934491456531,0.30327101429008296,5.112955224380636,0.07988992538094744,1.8806919992391025,10,64,0.9946590083642762,64,21,32,53,63,0.328125,0.5,0.828125,0.984375,2500.0,64.0,10000.0,1.6890914027146766,3.363842015091614,0.05256003148580647,5.586330330504052,0.08728641141412581,2.0063136242924835,0.031348650379570055,3.754907138955001,10.0,64.0,0.9753650049983869,64.0,6.0,8.0,17.0,37.0,0.09375,0.125,0.265625,0.578125,156.25,10,74.68
layer1.2.conv3,conv,12,256,1,False,64.0,0,32.0,32.0,160000,12.051657894461238,10.160940035366917,0.03969117201315202,19.147745499107785,0.07479588085588978,4.235286187691714,0.016544086670670758,11.15068456858103,10,256,0.8003377679872781,157,22,33,51,62,0.0859375,0.12890625,0.19921875,0.2421875,625.0,256.0,10000.0,0.9362686226473552,2.5868958795171286,0.010105062029363784,4.689988593977733,0.01832026794522552,1.6714575802403486,0.006529131172813862,9.688588362825845,10.0,256.0,0.8529134343168596,159.0,5.0,8.0,19.0,44.0,0.01953125,0.03125,0.07421875,0.171875,39.0625,10,74.68
layer1.2,block,13,256,1,False,,0,32.0,32.0,160000,170.19795626415697,19.42083509019092,0.07586263707105828,43.43787911827152,0.16967921530574812,7.711189287057797,0.03012183315256952,1.5270318376492285,10,256,0.9975274987444965,256,64,112,207,250,0.25,0.4375,0.80859375,0.9765625,625.0,256.0,10000.0,11.976509892995558,5.042890309357708,0.019698790270928548,9.227874943472722,0.03604638649794032,2.601568116133364,0.010162375453645954,2.343822518604408,10.0,256.0,0.9990030633233793,256.0,9.0,15.0,45.0,159.0,0.03515625,0.05859375,0.17578125,0.62109375,39.0625,10,74.68
layer2.0.conv1,conv,14,128,1,False,128.0,0,32.0,32.0,160000,266.5662621111435,12.420721342927788,0.09703688549162334,22.53424301941349,0.1760487735891679,6.362056815223117,0.049703568868930605,2.151524242427859,10,128,0.9611553514777679,128,25,42,84,117,0.1953125,0.328125,0.65625,0.9140625,1250.0,128.0,10000.0,17.950715213418814,5.023143461661745,0.039243308294232386,8.291214694795288,0.06477511480308819,2.6443719359091875,0.020659155749290527,2.9820103491823775,10.0,128.0,0.9837754933944741,128.0,8.0,11.0,27.0,74.0,0.0625,0.0859375,0.2109375,0.578125,78.125,10,74.68
layer2.0.conv2,conv,15,128,1,False,128.0,0,16.0,16.0,160000,81.49385002033392,14.532486846103575,0.11353505348518418,25.706790333902205,0.20083429948361098,6.611351885023344,0.05165118660174488,1.8975045478385097,10,128,0.9981527559348299,128,27,46,96,124,0.2109375,0.359375,0.75,0.96875,1250.0,128.0,10000.0,7.960614189370634,4.851050215883983,0.03789882981159362,7.4826139352558245,0.05845792136918613,2.659796281860888,0.020779658452038188,2.63214126143583,10.0,128.0,0.9954443774460631,128.0,7.0,9.0,21.0,71.0,0.0546875,0.0703125,0.1640625,0.5546875,78.125,10,74.68
layer2.0.conv3,conv,16,512,1,False,128.0,0,16.0,16.0,160000,35.3128183217634,13.504562316275123,0.02637609827397485,24.771590109219986,0.048382011932070285,6.529700136082558,0.012753320578286246,8.956059573264907,10,512,0.7760869446745036,311,29,49,94,123,0.056640625,0.095703125,0.18359375,0.240234375,312.5,512.0,10000.0,3.7227880937872704,4.725380934382434,0.009229259637465691,7.665363364435186,0.014971412821162473,2.614446884689755,0.005106341571659677,7.66744363325511,10.0,512.0,0.8331461245204592,319.0,7.0,10.0,27.0,83.0,0.013671875,0.01953125,0.052734375,0.162109375,19.53125,10,74.68
layer2.0.downsample.0,conv,17,512,1,False,256.0,0,16.0,16.0,160000,285.9406547278776,11.943243983868658,0.023326648405993473,24.69077219486334,0.04822416444309246,4.888021126349494,0.009546916262401355,6.7418415343370715,10,512,0.580140320651428,377,29,58,144,226,0.056640625,0.11328125,0.28125,0.44140625,312.5,512.0,10000.0,28.48090990654804,4.091352951843384,0.00799092373406911,7.177823453128589,0.014019186431891775,2.260700177211064,0.004415430033615359,6.0996543411265405,10.0,512.0,0.6729073422035261,384.0,7.0,10.0,32.0,127.0,0.013671875,0.01953125,0.0625,0.248046875,19.53125,10,74.68
layer2.0,block,18,512,1,False,,0,16.0,16.0,160000,211.55306772209948,19.396102320816098,0.03788301234534394,49.829571871049005,0.09732338256064259,7.325789292379329,0.014308182211678377,1.4478164219573162,10,512,0.9979124162009427,512,86,179,392,496,0.16796875,0.349609375,0.765625,0.96875,312.5,512.0,10000.0,21.178970190919827,5.455088834980244,0.010654470380820789,10.033878150025386,0.01959741826176833,2.821915375156619,0.005511553467102771,1.959003869292464,10.0,512.0,0.9972445000297304,512.0,9.0,16.0,68.0,326.0,0.017578125,0.03125,0.1328125,0.63671875,19.53125,10,74.68
layer2.1.conv1,conv,19,128,1,False,128.0,0,16.0,16.0,160000,367.1005673217038,11.450988575809484,0.0894608482485116,21.527025033534233,0.1681798830744862,5.3584807350416,0.0418631307425125,1.809776241327086,10,128,0.989516572391111,128,25,46,93,123,0.1953125,0.359375,0.7265625,0.9609375,1250.0,128.0,10000.0,39.145429650731785,5.320703900373824,0.0415679992216705,8.37042500708951,0.0653939453678868,3.004224365556468,0.023470502855909906,2.5181629029244355,10.0,128.0,0.9953095246229778,128.0,8.0,11.0,29.0,86.0,0.0625,0.0859375,0.2265625,0.671875,78.125,10,74.68
layer2.1.conv2,conv,20,128,1,False,128.0,0,16.0,16.0,160000,73.66398109286335,20.52077110833931,0.16031852428390087,35.81391984184822,0.2797962487644392,8.186046743348282,0.06395349018240845,1.8701428849443515,10,128,0.9968393797662948,128,37,59,104,125,0.2890625,0.4609375,0.8125,0.9765625,1250.0,128.0,10000.0,7.604061667835294,5.063015407162973,0.039554807868460724,7.946609651477368,0.062082887902166935,2.8159854925127816,0.021999886660256106,2.999891854116894,10.0,128.0,0.9825852981293376,128.0,8.0,10.0,24.0,69.0,0.0625,0.078125,0.1875,0.5390625,78.125,10,74.68
layer2.1.conv3,conv,21,512,1,False,128.0,0,16.0,16.0,160000,28.66498612274308,18.80315780207009,0.03672491758216814,35.96782375928457,0.07024965577985268,7.097550955025405,0.013862404209033993,9.253541344403445,10,512,0.7670474924634948,311,44,67,106,125,0.0859375,0.130859375,0.20703125,0.244140625,312.5,512.0,10000.0,2.8601582590298076,3.9166623980894557,0.007649731246268468,7.552633614250134,0.014751237527832292,2.1632496524190152,0.004225096977380889,7.99319545033946,10.0,512.0,0.8225698874246541,318.0,8.0,13.0,40.0,98.0,0.015625,0.025390625,0.078125,0.19140625,19.53125,10,74.68
layer2.1,block,22,512,1,False,,0,16.0,16.0,160000,310.17113335575755,26.59409441867777,0.05194159066148002,70.68529091358461,0.13805720881559494,9.38381516030517,0.018327763984971036,1.384630928967823,10,512,0.9988458790686225,512,126,230,424,501,0.24609375,0.44921875,0.828125,0.978515625,312.5,512.0,10000.0,29.88655039494086,5.851067346702925,0.01142786591152915,11.225984390439276,0.02192575076257671,2.899764548897027,0.005663602634564506,1.8819288335593445,10.0,512.0,0.9975464459876641,512.0,10.0,18.0,91.0,367.0,0.01953125,0.03515625,0.177734375,0.716796875,19.53125,10,74.68
layer2.2.conv1,conv,23,128,1,False,128.0,0,16.0,16.0,160000,464.8107947977834,16.966544638802528,0.13255112999064475,31.628355060352423,0.2470965239090033,7.2623878017497425,0.05673740470116986,1.7627024450052502,10,128,0.9875592795235385,128,37,60,103,124,0.2890625,0.46875,0.8046875,0.96875,1250.0,128.0,10000.0,44.51586126856828,5.610991800530043,0.043835873441640964,9.64879224555093,0.07538118941836663,2.855241062239858,0.02230657079874889,2.4318761423621154,10.0,128.0,0.9954904983395673,128.0,9.0,13.0,39.0,98.0,0.0703125,0.1015625,0.3046875,0.765625,78.125,10,74.68
layer2.2.conv2,conv,24,128,1,False,128.0,0,16.0,16.0,160000,60.85930852620164,23.449566418400494,0.18319973764375386,40.21697876000999,0.314195146562578,10.246312087645128,0.08004931318472756,1.6891484622711312,10,128,0.9979057748972302,128,44,69,110,126,0.34375,0.5390625,0.859375,0.984375,1250.0,128.0,10000.0,5.807229066478769,5.775527951011068,0.04512131211727397,9.371442310748924,0.07321439305272597,2.959888869454224,0.023124131792611125,2.9143771902290556,10.0,128.0,0.9834553464388626,128.0,9.0,12.0,30.0,79.0,0.0703125,0.09375,0.234375,0.6171875,78.125,10,74.68
layer2.2.conv3,conv,25,512,1,False,128.0,0,16.0,16.0,160000,26.99215841270547,22.96540483467432,0.04485430631772328,41.426086191455916,0.08091032459268734,8.932992579684372,0.01744725113219604,9.364576272881594,10,512,0.763266906847851,310,49,72,109,126,0.095703125,0.140625,0.212890625,0.24609375,312.5,512.0,10000.0,2.474678609974849,4.948438758153974,0.00966491944951948,9.581507912619527,0.018713882641835013,2.488335579559443,0.004860030428827037,8.123568513205978,10.0,512.0,0.8149389853958617,318.0,9.0,16.0,48.0,104.0,0.017578125,0.03125,0.09375,0.203125,19.53125,10,74.68
layer2.2,block,26,512,1,False,,0,16.0,16.0,160000,424.89275971451195,31.20196289736534,0.06094133378391668,82.39891907270051,0.16093538881386818,10.422489633752162,0.020356425065922192,1.3327353732720015,10,512,0.9983435276393772,512,149,257,436,503,0.291015625,0.501953125,0.8515625,0.982421875,312.5,512.0,10000.0,39.218246713137496,6.210852182458651,0.012130570668864553,12.36712348372255,0.024154538054145604,2.9684340742016113,0.005797722801175022,1.8588057181028856,10.0,512.0,0.9976092743537898,512.0,12.0,22.0,109.0,387.0,0.0234375,0.04296875,0.212890625,0.755859375,19.53125,10,74.68
layer2.3.conv1,conv,27,128,1,False,128.0,0,16.0,16.0,160000,593.1652090335914,18.620726118761983,0.145474422802828,34.94759145772313,0.27302805826346194,8.618466020191658,0.06733176578274733,1.6728626447550734,10,128,0.9876497815503008,128,43,66,106,125,0.3359375,0.515625,0.828125,0.9765625,1250.0,128.0,10000.0,56.080352301723394,5.961289791886241,0.04657257649911126,10.29802681997192,0.08045333453103062,3.050208262136042,0.023829752047937827,2.3880520025190863,10.0,128.0,0.9961386776974391,128.0,10.0,15.0,44.0,102.0,0.078125,0.1171875,0.34375,0.796875,78.125,10,74.68
layer2.3.conv2,conv,28,128,1,False,128.0,0,16.0,16.0,160000,52.534527166659764,21.225408606916734,0.16582350474153698,38.96363208637902,0.3044033756748361,8.538803233969059,0.06670940026538327,1.576121172948832,10,128,0.998154943627337,128,47,72,112,126,0.3671875,0.5625,0.875,0.984375,1250.0,128.0,10000.0,5.558524176503797,5.477434224003495,0.0427924548750273,8.978704129136721,0.07014612600888064,2.9093101896527385,0.02272898585666202,2.89658083278844,10.0,128.0,0.9795417944551046,128.0,8.0,12.0,32.0,80.0,0.0625,0.09375,0.25,0.625,78.125,10,74.68
layer2.3.conv3,conv,29,512,1,False,128.0,0,16.0,16.0,160000,23.52446725322892,23.511365227609758,0.04592063521017531,43.22396793384336,0.08442181237078782,9.455691513475136,0.018468147487256125,9.391538291453047,10,512,0.7588979955651507,309,53,76,111,126,0.103515625,0.1484375,0.216796875,0.24609375,312.5,512.0,10000.0,2.4197128278753364,5.330119741686028,0.010410390120480523,9.845872670183363,0.01923022005895188,2.7468911270134457,0.005365021732448136,8.151118909192983,10.0,512.0,0.8135667385438048,318.0,10.0,17.0,50.0,105.0,0.01953125,0.033203125,0.09765625,0.205078125,19.53125,10,74.68
layer2.3,block,30,512,1,False,,0,16.0,16.0,160000,531.6343224208533,33.3600015578768,0.06515625304272812,89.57567613656529,0.17495249245422909,11.075448742023555,0.021631735824264756,1.2831073429110829,10,512,0.9976490979651623,512,167,276,444,504,0.326171875,0.5390625,0.8671875,0.984375,312.5,512.0,10000.0,48.69820365185342,6.756703215454481,0.013196685967684533,13.336834390853006,0.02604850466963478,3.209932599488466,0.0062693996083759106,1.8361677709695379,10.0,512.0,0.9978011198644243,512.0,13.0,24.0,123.0,401.0,0.025390625,0.046875,0.240234375,0.783203125,19.53125,10,74.68
layer3.0.conv1,conv,31,256,1,False,256.0,0,16.0,16.0,160000,801.0472417053126,19.729221023421726,0.07706726962274112,41.342643590264714,0.16149470152447154,7.8020066156507415,0.03047658834238571,1.7919716600721989,10,256,0.9601990669661763,256,56,98,182,240,0.21875,0.3828125,0.7109375,0.9375,625.0,256.0,10000.0,79.81090081811931,6.637712876667264,0.0259285659244815,11.252392192634186,0.04395465700247729,3.3541537361635423,0.013102163031888837,2.3875161521996113,10.0,256.0,0.9850747410391466,256.0,10.0,16.0,53.0,166.0,0.0390625,0.0625,0.20703125,0.6484375,39.0625,10,74.68
layer3.0.conv2,conv,32,256,1,False,256.0,0,8.0,8.0,160000,174.8274802371085,18.945533857785147,0.07400599163197323,37.04571726189049,0.14470983305425972,7.509155880156396,0.02933264015686092,1.6412365141636813,10,256,0.9919469196352787,256,41,84,194,248,0.16015625,0.328125,0.7578125,0.96875,625.0,256.0,10000.0,22.148040482043182,6.390657831792212,0.024963507155438328,10.376407338633147,0.04053284116653573,3.430953085512235,0.013402160490282169,2.0124578386317538,10.0,256.0,0.9922514329708553,256.0,9.0,14.0,52.0,186.0,0.03515625,0.0546875,0.203125,0.7265625,39.0625,10,74.68
layer3.0.conv3,conv,33,1024,1,False,256.0,0,8.0,8.0,160000,80.02347894296344,16.64658464050386,0.01625643031299205,35.39839517366825,0.0345687452867854,6.270648451394556,0.006123680128314996,7.612324714139835,10,1024,0.7525869881727032,621,47,92,189,245,0.0458984375,0.08984375,0.1845703125,0.2392578125,156.25,1024.0,10000.0,10.240241667365162,6.308602706637014,0.006160744830700209,10.973185685823447,0.01071600164631196,3.2855132885158174,0.003208509070816228,7.030902508495292,10.0,1024.0,0.7902072609463816,638.0,10.0,16.0,71.0,200.0,0.009765625,0.015625,0.0693359375,0.1953125,9.765625,10,74.68
layer3.0.downsample.0,conv,34,1024,1,False,512.0,0,8.0,8.0,160000,916.4606711163619,16.675193048302223,0.01628436821123264,40.67946481412157,0.0397260398575406,7.0016669317627755,0.0068375653630495855,5.826459656926775,10,1024,0.5522773615196388,756,67,140,321,466,0.0654296875,0.13671875,0.3134765625,0.455078125,156.25,1024.0,10000.0,116.84587867981982,5.2341813896409235,0.005111505263321214,10.299715757053171,0.010058316168997238,2.6667510111119,0.002604249034288965,5.495545035435219,10.0,1024.0,0.6047581086176457,766.0,10.0,18.0,110.0,349.0,0.009765625,0.017578125,0.107421875,0.3408203125,9.765625,10,74.68
layer3.0,block,35,1024,1,False,,0,8.0,8.0,160000,452.4576955466527,25.470095494826396,0.024873140131666402,79.0356084364372,0.0771832113637082,8.555563397497913,0.008355042380369056,1.2941643987147384,10,1024,0.9977951286135642,1024,183,396,819,998,0.1787109375,0.38671875,0.7998046875,0.974609375,156.25,1024.0,10000.0,52.89950280262857,7.141657586614631,0.006974274986928351,15.474037649251818,0.015111364891847478,3.387498350532048,0.0033081038579414533,1.5680088194787623,10.0,1024.0,0.9957126250207605,1024.0,16.0,38.0,296.0,851.0,0.015625,0.037109375,0.2890625,0.8310546875,9.765625,10,74.68
layer3.1.conv1,conv,36,256,1,False,256.0,0,8.0,8.0,160000,779.2713704067594,14.463426554301048,0.05649775997773847,31.51532621058776,0.12310674301010843,6.126181309789404,0.02393039574136486,1.5979917378891724,10,256,0.9899066410732372,256,44,89,188,245,0.171875,0.34765625,0.734375,0.95703125,625.0,256.0,10000.0,102.27046047701546,6.188231096479922,0.024172777720624695,10.859629546093725,0.04242042791442861,3.3074363171079657,0.012919673113702991,1.964362441137057,10.0,256.0,0.994156333440894,256.0,10.0,17.0,74.0,202.0,0.0390625,0.06640625,0.2890625,0.7890625,39.0625,10,74.68
layer3.1.conv2,conv,37,256,1,False,256.0,0,8.0,8.0,160000,156.76389996458047,27.04784344114085,0.10565563844195644,51.13614747139528,0.19975057606013782,9.860387629362167,0.038517139177195965,1.711295968298268,10,256,0.9979917047982472,256,57,102,202,249,0.22265625,0.3984375,0.7890625,0.97265625,625.0,256.0,10000.0,17.740511006788378,6.260158609911723,0.024453744569967666,10.643893166074275,0.041577707679977635,3.3754108907458735,0.013185198791976068,2.3639952432283713,10.0,256.0,0.9873596374958818,256.0,10.0,16.0,56.0,168.0,0.0390625,0.0625,0.21875,0.65625,39.0625,10,74.68
layer3.1.conv3,conv,38,1024,1,False,256.0,0,8.0,8.0,160000,60.71516519962627,26.707648937052596,0.026081688415090426,55.90766317102772,0.05459732731545676,9.498743222076316,0.009276116427808902,7.881857259492563,10,1024,0.7421962305098799,620,78,127,209,249,0.076171875,0.1240234375,0.2041015625,0.2431640625,156.25,1024.0,10000.0,6.179943708763879,6.124194817300127,0.0059806590012696555,12.779039082595357,0.012479530354097029,3.0028045859238928,0.0029324263534413015,7.304773908908947,10.0,1024.0,0.7812727617535631,639.0,14.0,29.0,111.0,220.0,0.013671875,0.0283203125,0.1083984375,0.21484375,9.765625,10,74.68
layer3.1,block,39,1024,1,False,,0,8.0,8.0,160000,637.8027868708602,35.87496037265759,0.03503414098892343,114.21032263567461,0.11153351819890099,10.030262311032972,0.009795178038118137,1.2609635557748524,10,1024,0.9986680914306744,1024,260,485,864,1005,0.25390625,0.4736328125,0.84375,0.9814453125,156.25,1024.0,10000.0,66.51455156755077,7.965705398345109,0.007779009178071395,18.41466689951191,0.0179830731440546,3.677813085913174,0.003591614341712084,1.5278919364266208,10.0,1024.0,0.9966405309284153,1024.0,21.0,57.0,392.0,895.0,0.0205078125,0.0556640625,0.3828125,0.8740234375,9.765625,10,74.68
layer3.2.conv1,conv,40,256,1,False,256.0,0,8.0,8.0,160000,941.4543809585712,23.847478864454846,0.09315421431427674,49.98812443059833,0.19526611105702474,8.61231188568936,0.03364184330347406,1.5784243351705698,10,256,0.9897847850428648,256,69,117,205,249,0.26953125,0.45703125,0.80078125,0.97265625,625.0,256.0,10000.0,94.64370095456842,7.795261812906504,0.03045024145666603,15.113532463002574,0.059037236183603806,3.677657137157356,0.014365848192020922,1.911826922771401,10.0,256.0,0.9949594479038101,256.0,15.0,29.0,112.0,223.0,0.05859375,0.11328125,0.4375,0.87109375,39.0625,10,74.68
layer3.2.conv2,conv,41,256,1,False,256.0,0,8.0,8.0,160000,117.39854509770709,31.02526645780174,0.12119244710078805,60.63462503273405,0.23685400403411738,11.446199355322047,0.04471171623172675,1.5572146127717028,10,256,0.9968390253585254,256,74,127,216,252,0.2890625,0.49609375,0.84375,0.984375,625.0,256.0,10000.0,9.98336925125717,7.632128357888458,0.02981300139800179,14.323757300395007,0.055952176954668,3.599397422081357,0.014060146180005301,2.2590165421360773,10.0,256.0,0.9835485255502198,256.0,14.0,25.0,87.0,195.0,0.0546875,0.09765625,0.33984375,0.76171875,39.0625,10,74.68
layer3.2.conv3,conv,42,1024,1,False,256.0,0,8.0,8.0,160000,54.3540408017028,31.468660018891462,0.030731113299698694,66.40245617130284,0.06484614860478793,10.639444146447008,0.010390082174264657,8.005949116846747,10,1024,0.7369576753359046,619,93,142,218,251,0.0908203125,0.138671875,0.212890625,0.2451171875,156.25,1024.0,10000.0,4.403571533912816,7.505853433974949,0.0073299349941161615,17.005330691705254,0.016606768253618412,3.3512430431385583,0.0032726982843149983,7.515327575979036,10.0,1024.0,0.7736917310535598,638.0,20.0,43.0,139.0,231.0,0.01953125,0.0419921875,0.1357421875,0.2255859375,9.765625,10,74.68
layer3.2,block,43,1024,1,False,,0,8.0,8.0,160000,858.9694823342622,42.227719583755025,0.04123800740601077,133.21357363907293,0.13009138050690716,11.479290222813358,0.01121024435821617,1.2245420852649516,10,1024,0.9979420219766968,1024,303,531,883,1008,0.2958984375,0.5185546875,0.8623046875,0.984375,156.25,1024.0,10000.0,80.82325583433209,8.775944729117562,0.008570258524528869,21.436194611040165,0.02093378379984391,3.89792577741291,0.003806568142004795,1.509299811897418,10.0,1024.0,0.9965227919825113,1024.0,27.0,75.0,455.0,916.0,0.0263671875,0.0732421875,0.4443359375,0.89453125,9.765625,10,74.68
layer3.3.conv1,conv,44,256,1,False,256.0,0,8.0,8.0,160000,1218.900473277062,28.349390431322895,0.11073980637235506,56.95715174413948,0.22248887400054485,10.868943724764087,0.042456811424859714,1.537059050540776,10,256,0.9893943989565462,256,78,128,211,250,0.3046875,0.5,0.82421875,0.9765625,625.0,256.0,10000.0,107.69743610140638,9.189163754010666,0.035895170914104164,17.94385024940779,0.07009316503674919,4.239531338007716,0.016560669289092642,1.8756073000897049,10.0,256.0,0.9941788428468402,256.0,19.0,37.0,129.0,229.0,0.07421875,0.14453125,0.50390625,0.89453125,39.0625,10,74.68
layer3.3.conv2,conv,45,256,1,False,256.0,0,8.0,8.0,160000,96.10923185651698,31.16785499463779,0.12174943357280386,63.13164125190539,0.24660797364025544,11.307793838483548,0.04417106968157636,1.4669465212691633,10,256,0.9967762341177522,256,83,139,222,252,0.32421875,0.54296875,0.8671875,0.984375,625.0,256.0,10000.0,7.512157542242305,8.288752821332396,0.032377940708329674,16.1211541391898,0.06297325835621016,3.8345859583154076,0.014978851399669561,2.2187437327821233,10.0,256.0,0.9802079957603885,256.0,17.0,29.0,100.0,204.0,0.06640625,0.11328125,0.390625,0.796875,39.0625,10,74.68
layer3.3.conv3,conv,46,1024,1,False,256.0,0,8.0,8.0,160000,49.772726604383685,31.849320055683847,0.031102851616878757,68.48467785897445,0.06687956822165474,10.556579516011967,0.010309159683605436,8.001247683154197,10,1024,0.7343821937348526,619,98,147,219,251,0.095703125,0.1435546875,0.2138671875,0.2451171875,156.25,1024.0,10000.0,3.861683933082494,8.03855641889514,0.007850152752827286,18.362686210650992,0.01793231075258886,3.5711890787932736,0.0034874893347590563,7.579198903345012,10.0,1024.0,0.7707399591252155,637.0,23.0,49.0,147.0,234.0,0.0224609375,0.0478515625,0.1435546875,0.228515625,9.765625,10,74.68
layer3.3,block,47,1024,1,False,,0,8.0,8.0,160000,1082.6351758369028,45.266363240926516,0.0442054328524673,143.79273964389674,0.1404225973084929,11.843450763341362,0.01156586988607555,1.1939562980270366,10,1024,0.9969225791529855,1024,332,560,894,1009,0.32421875,0.546875,0.873046875,0.9853515625,156.25,1024.0,10000.0,97.3690362854151,9.395410175708571,0.009175205249715402,23.53392955436506,0.022982353080434628,4.100719945468289,0.004004609321746376,1.4980149004325525,10.0,1024.0,0.9963871164670633,1024.0,30.0,89.0,491.0,927.0,0.029296875,0.0869140625,0.4794921875,0.9052734375,9.765625,10,74.68
layer3.4.conv1,conv,48,256,1,False,256.0,0,8.0,8.0,160000,1382.2011608467963,31.868426299923673,0.12448604023407685,65.40293618683822,0.2554802194798368,10.630209899118377,0.04152425741843116,1.4805065205159118,10,256,0.9879143801838062,256,91,140,217,251,0.35546875,0.546875,0.84765625,0.98046875,625.0,256.0,10000.0,120.21037693678346,9.75545612180843,0.03810725047581418,19.652060645489673,0.07676586189644403,4.41668251154038,0.017252666060704608,1.8308677878801545,10.0,256.0,0.9938624487078523,256.0,21.0,44.0,142.0,233.0,0.08203125,0.171875,0.5546875,0.91015625,39.0625,10,74.68
layer3.4.conv2,conv,49,256,1,False,256.0,0,8.0,8.0,160000,78.55125612269771,31.973854697129834,0.12489786991066341,68.44502445528002,0.2673633767784376,9.846117543925624,0.03846139665595947,1.3839586911989468,10,256,0.9967239848299162,256,96,152,227,253,0.375,0.59375,0.88671875,0.98828125,625.0,256.0,10000.0,6.579523071407726,8.876209305850438,0.03467269260097827,17.320426708053713,0.06765791682833482,4.026646013208798,0.015729085989096867,2.1987875994551005,10.0,256.0,0.9780584065776765,256.0,18.0,32.0,107.0,207.0,0.0703125,0.125,0.41796875,0.80859375,39.0625,10,74.68
layer3.4.conv3,conv,50,1024,1,False,256.0,0,8.0,8.0,160000,40.76042310301571,34.236867287393075,0.0334344407103448,74.68240312803651,0.07293203430472316,10.061789801106679,0.009825966602643241,8.073578212031462,10,1024,0.7324847812058665,617,105,152,220,251,0.1025390625,0.1484375,0.21484375,0.2451171875,156.25,1024.0,10000.0,3.388932923806487,9.914619784253256,0.00968224588305982,21.089269908041867,0.020594990144572136,4.274394779515072,0.004174213651870188,7.602975678756461,10.0,1024.0,0.7699923188398827,639.0,24.0,51.0,151.0,234.0,0.0234375,0.0498046875,0.1474609375,0.228515625,9.765625,10,74.68
layer3.4,block,51,1024,1,False,,0,8.0,8.0,160000,1276.1105854093998,45.98523418883116,0.04490745526253043,150.1418610293515,0.14662291116147608,11.324203173541306,0.011058792161661432,1.1696767622922775,10,1024,0.9958760125922796,1024,352,580,901,1010,0.34375,0.56640625,0.8798828125,0.986328125,156.25,1024.0,10000.0,114.02881138609803,9.89817419702359,0.009666185739280849,25.07676477487199,0.024489028100460927,4.311950826902044,0.0042108894793965275,1.49072527312218,10.0,1024.0,0.99562468786337,1024.0,33.0,97.0,511.0,932.0,0.0322265625,0.0947265625,0.4990234375,0.91015625,9.765625,10,74.68
layer3.5.conv1,conv,52,256,1,False,256.0,0,8.0,8.0,160000,1610.4428703578624,32.89313874842047,0.12848882323601746,67.0836841932757,0.2620456413799832,10.800129415853757,0.04218800553067874,1.4645697851848072,10,256,0.9880334845956968,256,93,143,219,251,0.36328125,0.55859375,0.85546875,0.98046875,625.0,256.0,10000.0,144.64847416784386,9.868997315401112,0.03855077076328559,20.22018373877375,0.07898509272958495,4.516034518767113,0.017640759838934036,1.848742044626621,10.0,256.0,0.9937270282758505,256.0,22.0,44.0,143.0,233.0,0.0859375,0.171875,0.55859375,0.91015625,39.0625,10,74.68
layer3.5.conv2,conv,53,256,1,False,256.0,0,8.0,8.0,160000,74.18263735022221,30.24967353592174,0.1181627872496943,66.40184433846039,0.2593822044471109,9.270072725100153,0.03621122158242247,1.3574616264663377,10,256,0.9955816021296052,256,97,152,227,253,0.37890625,0.59375,0.88671875,0.98828125,625.0,256.0,10000.0,6.760741253797054,9.668448880803467,0.037767378440638544,17.74603456824516,0.06932044753220766,4.5268612628634015,0.017683051808060162,2.2345256795755284,10.0,256.0,0.9775939392624211,256.0,17.0,30.0,103.0,204.0,0.06640625,0.1171875,0.40234375,0.796875,39.0625,10,74.68
layer3.5.conv3,conv,54,1024,1,False,256.0,0,8.0,8.0,160000,39.62234314914132,31.126724614974915,0.03039719200681144,72.27340662737807,0.07057949865954889,8.702448280397455,0.00849848464882564,8.039565969221949,10,1024,0.7295069005134431,615,107,154,223,252,0.1044921875,0.150390625,0.2177734375,0.24609375,156.25,1024.0,10000.0,3.660644525020655,10.437376108724656,0.010192750106176422,20.981203853942645,0.020489456888615865,4.662674736976737,0.004553393297828845,7.591161208260696,10.0,1024.0,0.7678120024912971,636.0,22.0,50.0,149.0,234.0,0.021484375,0.048828125,0.1455078125,0.228515625,9.765625,10,74.68
layer3.5,block,55,1024,1,False,,0,8.0,8.0,160000,1471.4324138270706,46.22428202059789,0.04514090041074013,154.21102175457582,0.15059670093220295,11.009236925769837,0.010751207935322107,1.1488268595794273,10,1024,0.9946773364435164,1024,368,595,906,1011,0.359375,0.5810546875,0.884765625,0.9873046875,156.25,1024.0,10000.0,134.3044079325464,10.855219303628251,0.010600800101199464,26.852118221290745,0.026222771700479243,4.821139164637705,0.004708143715466509,1.4885782887682106,10.0,1024.0,0.9948067985933904,1024.0,34.0,102.0,522.0,935.0,0.033203125,0.099609375,0.509765625,0.9130859375,9.765625,10,74.68
layer4.0.conv1,conv,56,512,1,False,512.0,0,8.0,8.0,160000,1978.023694138703,31.61446487014745,0.06174700169950674,76.39420758208665,0.149207436683763,9.763338747292979,0.0190690209908066,1.6007412800219285,10,512,0.9549592411652533,512,126,216,380,485,0.24609375,0.421875,0.7421875,0.947265625,312.5,512.0,10000.0,203.14117216942458,10.264575229371584,0.020047998494866374,20.32217386583963,0.03969174583171803,5.077939377305431,0.00991785034629967,1.9277095169325837,10.0,512.0,0.9733826794802072,512.0,20.0,42.0,196.0,411.0,0.0390625,0.08203125,0.3828125,0.802734375,19.53125,10,74.68
layer4.0.conv2,conv,57,512,1,False,512.0,0,4.0,4.0,160000,230.19489496064858,17.381846807479526,0.03394891954585845,45.39193043934604,0.08865611413934774,5.66840090045308,0.011071095508697422,1.385218060326952,10,512,0.9821299750776675,512,66,170,397,497,0.12890625,0.33203125,0.775390625,0.970703125,312.5,512.0,10000.0,33.405348720890665,8.623383747566178,0.016842546381965192,16.697154332929316,0.03261162955650257,4.245156695609735,0.008291321671112763,1.4949112970366807,10.0,512.0,0.9793780399141738,512.0,15.0,33.0,235.0,456.0,0.029296875,0.064453125,0.458984375,0.890625,19.53125,10,74.68
layer4.0.conv3,conv,58,2048,1,False,512.0,0,4.0,4.0,160000,92.49829444378528,9.998553260544137,0.004882106084250067,32.1638563551402,0.0157050079859083,3.6204150503433032,0.001767780786300441,6.965332996378052,10,2048,0.737858375580825,1254,58,143,347,482,0.0283203125,0.06982421875,0.16943359375,0.2353515625,78.125,2048.0,10000.0,14.083236629724187,7.73527277524154,0.0037769886597859084,15.105455964850409,0.0073757109203371135,3.7816977501400038,0.0018465321045605487,6.585719998059499,10.0,2048.0,0.7525677179333338,1274.0,13.0,33.0,215.0,437.0,0.00634765625,0.01611328125,0.10498046875,0.21337890625,4.8828125,10,74.68
layer4.0.downsample.0,conv,59,2048,1,False,1024.0,0,4.0,4.0,160000,2144.212728494689,16.46883129288581,0.0080414215297294,62.24060078460777,0.030390918351859263,5.049620070205245,0.002465634799904905,5.492055093871452,10,2048,0.523144910720831,1517,157,326,686,947,0.07666015625,0.1591796875,0.3349609375,0.46240234375,78.125,2048.0,10000.0,301.36398568873125,6.683935019044671,0.0032636401460179056,19.91481392438851,0.009724030236517828,3.0347411676365894,0.0014818072107600534,5.2601364851451695,10.0,2048.0,0.5484278727593139,1531.0,33.0,118.0,489.0,868.0,0.01611328125,0.0576171875,0.23876953125,0.423828125,4.8828125,10,74.68
layer4.0,block,60,2048,1,False,,0,4.0,4.0,160000,245.5769938870211,20.972889445425615,0.010240668674524226,93.12378347452812,0.045470597399671936,6.004719268803073,0.0029319918304702504,1.2621146585211174,10,2048,0.9924792709217379,2048,321,721,1569,1983,0.15673828125,0.35205078125,0.76611328125,0.96826171875,78.125,2048.0,10000.0,36.012418080903174,9.808310406062347,0.00478921406546013,27.69868023717252,0.013524746209556895,4.353632117652306,0.002125796932447415,1.4005577759086072,10.0,2048.0,0.9816262360777284,2048.0,48.0,207.0,1034.0,1836.0,0.0234375,0.10107421875,0.5048828125,0.896484375,4.8828125,10,74.68
layer4.1.conv1,conv,61,512,1,False,512.0,0,4.0,4.0,160000,356.62245021702324,18.56907158539847,0.036267717940231384,47.85748069325219,0.09347164197900819,6.31916376925562,0.012342116736827382,1.4492069276964423,10,512,0.9826870498988278,512,84,182,381,492,0.1640625,0.35546875,0.744140625,0.9609375,312.5,512.0,10000.0,53.58440212374428,9.682387932689789,0.018910913931034744,20.213600968704846,0.03947968939200165,4.4780848230234165,0.00874625941996761,1.533663695936117,10.0,512.0,0.9821205133220661,512.0,20.0,60.0,271.0,462.0,0.0390625,0.1171875,0.529296875,0.90234375,19.53125,10,74.68
layer4.1.conv2,conv,62,512,1,False,512.0,0,4.0,4.0,160000,129.96761805008657,19.937817687966806,0.03894105017181017,56.573285621176524,0.1104946984788604,7.1328037187796784,0.01393125726324156,1.44990351405802,10,512,0.9974907277175046,512,96,197,404,498,0.1875,0.384765625,0.7890625,0.97265625,312.5,512.0,10000.0,16.42630697418191,9.055764627637945,0.01768704028835536,17.83933671377077,0.034842454519083535,4.209284039397348,0.008221257889447945,1.7896344581071884,10.0,512.0,0.9786037013802071,512.0,17.0,41.0,202.0,423.0,0.033203125,0.080078125,0.39453125,0.826171875,19.53125,10,74.68
layer4.1.conv3,conv,63,2048,1,False,512.0,0,4.0,4.0,160000,47.54888002812413,20.170303713630503,0.009848781110171144,58.655264902114745,0.028640266065485715,7.329882114291564,0.003579044001118928,7.211444303943516,10,2048,0.7271878598312487,1252,114,211,393,493,0.0556640625,0.10302734375,0.19189453125,0.24072265625,78.125,2048.0,10000.0,7.124536431325583,9.525217580743059,0.004650985146847197,18.63865968609379,0.009100908049850483,4.687912254850326,0.0022890196556886355,6.70022673992007,10.0,2048.0,0.7480748753149191,1273.0,17.0,55.0,250.0,452.0,0.00830078125,0.02685546875,0.1220703125,0.220703125,4.8828125,10,74.68
layer4.1,block,64,2048,1,False,,0,4.0,4.0,160000,306.01091107110227,21.73483602529284,0.01061271290297502,102.5959196758476,0.05009566390422246,6.056327974358547,0.0029571913937297594,1.2200818353864056,10,2048,0.9939575254012819,2048,371,800,1626,1993,0.18115234375,0.390625,0.7939453125,0.97314453125,78.125,2048.0,10000.0,47.975045954052035,9.412468320768236,0.004595931797250115,25.468959335191286,0.01243601530038637,4.175015850635954,0.002038581958318337,1.3612724945002272,10.0,2048.0,0.9832127132786197,2048.0,39.0,184.0,1030.0,1839.0,0.01904296875,0.08984375,0.5029296875,0.89794921875,4.8828125,10,74.68
layer4.2.conv1,conv,65,512,1,False,512.0,0,4.0,4.0,160000,440.6247423937978,18.38553988647427,0.03590925759077006,49.436477274277166,0.09655561967632259,6.665865464043571,0.0130192684844601,1.4134346966129503,10,512,0.9837131841529312,512,94,195,390,493,0.18359375,0.380859375,0.76171875,0.962890625,312.5,512.0,10000.0,75.36404697358495,8.507438118378543,0.016616090074958092,17.31412826583551,0.03381665676920998,3.9855065168884565,0.0077841924157977666,1.4961281531573098,10.0,512.0,0.9805596154141664,512.0,16.0,47.0,256.0,458.0,0.03125,0.091796875,0.5,0.89453125,19.53125,10,74.68
layer4.2.conv2,conv,66,512,1,False,512.0,0,4.0,4.0,160000,149.28625669256553,14.840814957508037,0.028985966713882885,39.764704193942315,0.07766543787879358,5.993164936525018,0.011705400266650425,1.3967572336643161,10,512,0.9938560903083014,512,67,161,388,496,0.130859375,0.314453125,0.7578125,0.96875,312.5,512.0,10000.0,35.55188691099768,5.946657401762592,0.011614565237817563,10.298148556294695,0.020113571399013076,2.9758830822314586,0.0058122716449833176,1.7377207092127536,10.0,512.0,0.9701262730664397,512.0,9.0,12.0,103.0,358.0,0.017578125,0.0234375,0.201171875,0.69921875,19.53125,10,74.68
layer4.2.conv3,conv,67,2048,1,False,512.0,0,4.0,4.0,160000,66.75707263374315,9.72857388244331,0.004750280216036773,31.32043485035364,0.015293181079274238,3.7039585590152773,0.0018085735151441784,6.974870221711778,10,2048,0.7353168570679665,1258,63,152,358,485,0.03076171875,0.07421875,0.1748046875,0.23681640625,78.125,2048.0,10000.0,21.81608450864083,4.402906207205143,0.002149856546486886,8.406810950544607,0.004104888159445609,2.326442941298866,0.001135958467431087,6.176859448226766,10.0,2048.0,0.7649713640811844,1273.0,8.0,11.0,99.0,375.0,0.00390625,0.00537109375,0.04833984375,0.18310546875,4.8828125,10,74.68
layer4.2,block,68,2048,1,False,,0,4.0,4.0,160000,473.3623745302225,11.728796919063473,0.005726951620636462,61.72803913156477,0.03014064410720936,3.962745083080217,0.0019349341225977622,1.1966702880776614,10,2048,0.9941342056921262,2048,263,677,1567,1984,0.12841796875,0.33056640625,0.76513671875,0.96875,78.125,2048.0,10000.0,112.49549524896275,5.483502306274515,0.002677491360485603,13.206162405302997,0.006448321486964354,2.671039687410773,0.0013042185973685416,1.3589528257207173,10.0,2048.0,0.9846107094635398,2048.0,11.0,46.0,665.0,1707.0,0.00537109375,0.0224609375,0.32470703125,0.83349609375,4.8828125,10,74.68
fc,linear,69,10,1,False,,0,,,10000,198.97007048029465,2.535779330734655,0.2535779330734655,3.9821001960832585,0.39821001960832586,1.6610031579669393,0.16610031579669393,,10,10,,10,5,6,9,9,0.5,0.6,0.9,0.9,1000.0,,,,,,,,,,,,,,,,,,,,,,,,10,74.68
conv1,conv,0,64,1,False,27.0,0,32.0,32.0,160000,42.16276436809759,2.1220690386906065,0.033157328729540726,3.4684363652591332,0.05419431820717396,1.490873760323557,0.023294902505055576,13.647942200058088,10,64,0.9387576097420444,46,4,6,9,12,0.0625,0.09375,0.140625,0.1875,2500.0,64.0,10000.0,10.58080875563716,1.5070412854469244,0.023547520085108194,1.8744927116052033,0.0292889486188313,1.2505705553964754,0.01954016492806993,8.602617752287815,10.0,64.0,0.880795688172113,41.0,2.0,3.0,3.0,4.0,0.03125,0.046875,0.046875,0.0625,156.25,15,81.7
layer1.0.conv1,conv,1,64,1,False,64.0,0,32.0,32.0,160000,3.4665598312565544,5.871345746600609,0.09173977729063451,8.503794358816059,0.13287178685650092,3.1215295933112928,0.04877389989548895,5.826403711115922,10,64,0.8820471715315268,64,8,10,17,32,0.125,0.15625,0.265625,0.5,2500.0,64.0,10000.0,0.45122627474624405,2.769065639230988,0.04326665061298419,3.960915459154704,0.06188930404929225,1.823744908679789,0.028496014198121703,6.493632850728961,10.0,64.0,0.8911835901641885,64.0,4.0,5.0,10.0,19.0,0.0625,0.078125,0.15625,0.296875,156.25,15,81.7
layer1.0.conv2,conv,2,64,1,False,64.0,0,32.0,32.0,160000,11.79693047987769,9.971525154119876,0.15580508053312306,15.357976612417207,0.23996838456901887,5.089844415406923,0.07952881899073318,2.852137376544862,10,64,0.9949331417851293,64,14,20,39,59,0.21875,0.3125,0.609375,0.921875,2500.0,64.0,10000.0,1.036104725085134,3.4204333052673155,0.053444270394801804,5.0163799320316995,0.0783809364379953,2.1140820952222987,0.03303253273784842,4.306317229770681,10.0,64.0,0.9773217373025526,64.0,5.0,6.0,13.0,27.0,0.078125,0.09375,0.203125,0.421875,156.25,15,81.7
layer1.0.conv3,conv,3,256,1,False,64.0,0,32.0,32.0,160000,4.249684937190626,6.544851907122817,0.025565827762198505,11.670952463924673,0.04558965806220575,3.1787091039439836,0.012416832437281186,10.55956267438829,10,256,0.8195234569956535,158,12,19,40,59,0.046875,0.07421875,0.15625,0.23046875,625.0,256.0,10000.0,0.28535078789107515,2.885333931386161,0.01127083566947719,4.880395377510067,0.0190640444433987,1.8193878142045403,0.007106983649236486,9.562677051498108,10.0,256.0,0.8596646396648342,159.0,5.0,8.0,17.0,40.0,0.01953125,0.03125,0.06640625,0.15625,39.0625,15,81.7
layer1.0.downsample.0,conv,4,256,1,False,64.0,0,32.0,32.0,160000,5.869395959512694,5.024497381916238,0.019626942898110306,7.675216465819992,0.029981314319609344,2.6742433249242494,0.01044626298798535,9.26807814205041,10,256,0.8829032379720256,160,8,9,16,34,0.03125,0.03515625,0.0625,0.1328125,625.0,256.0,10000.0,1.1409455157996422,2.6450570311014467,0.010332254027740026,3.5365737489528803,0.013814741206847189,1.8135912099359999,0.0070843406638124995,8.034503576506893,10.0,256.0,0.9285824988919111,160.0,3.0,4.0,7.0,17.0,0.01171875,0.015625,0.02734375,0.06640625,39.0625,15,81.7
layer1.0,block,5,256,1,False,,0,32.0,32.0,160000,33.81132624362998,14.125663848564914,0.055178374408456694,29.02682843701064,0.11338604858207281,5.789042444513732,0.022613447048881765,1.8184542791313307,10,256,0.9972798198607471,256,35,65,167,241,0.13671875,0.25390625,0.65234375,0.94140625,625.0,256.0,10000.0,3.7171733747805833,4.782004730551188,0.01867970597871558,7.4159173040001205,0.02896842696875047,2.855398999860169,0.011153902343203785,2.5326131890740546,10.0,256.0,0.9979456348759187,256.0,6.0,11.0,30.0,115.0,0.0234375,0.04296875,0.1171875,0.44921875,39.0625,15,81.7
layer1.1.conv1,conv,6,64,1,False,64.0,0,32.0,32.0,160000,37.24195371574025,4.836774432082413,0.0755746005012877,9.732833122930746,0.1520755175457929,2.423085299361231,0.03786070780251923,2.344781803864842,10,64,0.9827102329941325,64,11,18,39,59,0.171875,0.28125,0.609375,0.921875,2500.0,64.0,10000.0,2.32908994533797,4.471869789567766,0.06987296546199634,6.522224649059956,0.1019097601415618,2.990615985113732,0.04672837476740206,3.2670581936567618,10.0,64.0,0.9912887654325416,64.0,6.0,9.0,19.0,43.0,0.09375,0.140625,0.296875,0.671875,156.25,15,81.7
layer1.1.conv2,conv,7,64,1,False,64.0,0,32.0,32.0,160000,15.444295229880026,8.935960066144048,0.13962437603350075,13.749031068285888,0.214828610441967,4.5398979812718405,0.07093590595737251,2.6840554311965725,10,64,0.9972023470893342,64,12,18,38,59,0.1875,0.28125,0.59375,0.921875,2500.0,64.0,10000.0,0.48018882311118255,3.5097188565292403,0.05483935713326938,5.3981985508315,0.08434685235674219,2.1341614725362823,0.03334627300837941,3.9817405503148287,10.0,64.0,0.9720756098402923,64.0,5.0,7.0,15.0,33.0,0.078125,0.109375,0.234375,0.515625,156.25,15,81.7
layer1.1.conv3,conv,8,256,1,False,64.0,0,32.0,32.0,160000,3.543361790606364,9.221379375348182,0.036021013184953835,14.9129610630759,0.05825375415264023,4.468714994690231,0.017455917948008715,10.64635661520051,10,256,0.8208803139621581,161,15,21,42,59,0.05859375,0.08203125,0.1640625,0.23046875,625.0,256.0,10000.0,0.11491146577435234,3.650947238439077,0.014261512650152644,6.058532849576015,0.02366614394365631,2.156995760779589,0.008425764690545269,9.698088083162752,10.0,256.0,0.8562925128243114,159.0,6.0,9.0,19.0,42.0,0.0234375,0.03515625,0.07421875,0.1640625,39.0625,15,81.7
layer1.1,block,9,256,1,False,,0,32.0,32.0,160000,57.661776814141405,16.97495185428428,0.06630840568079797,36.09227398353404,0.14098544524817985,6.538180653158555,0.025539768176400607,1.6931463292938762,10,256,0.9987096402494337,256,46,86,189,247,0.1796875,0.3359375,0.73828125,0.96484375,625.0,256.0,10000.0,4.055356749739858,5.8414094739122495,0.022818005757469725,9.250131630203317,0.036133326680481706,3.2942548519007264,0.012868183015237213,2.4459588607319094,10.0,256.0,0.9985234566236021,256.0,8.0,14.0,37.0,141.0,0.03125,0.0546875,0.14453125,0.55078125,39.0625,15,81.7
layer1.2.conv1,conv,10,64,1,False,64.0,0,32.0,32.0,160000,57.66819657641339,6.159881381296313,0.09624814658275489,11.47538497114179,0.17930289017409046,3.0560572920038602,0.047750895187560316,2.2668295103274922,10,64,0.985599259037752,64,13,21,43,60,0.203125,0.328125,0.671875,0.9375,2500.0,64.0,10000.0,1.9491729316601432,5.271044965307463,0.08236007758292911,8.356971538897614,0.13057768029527522,2.8438865870045116,0.04443572792194549,3.166669359503771,10.0,64.0,0.9907848343023992,64.0,8.0,12.0,25.0,49.0,0.125,0.1875,0.390625,0.765625,156.25,15,81.7
layer1.2.conv2,conv,11,64,1,False,64.0,0,32.0,32.0,160000,11.377890605877678,10.8926990470686,0.17019842261044688,17.17699689429173,0.2683905764733083,5.404549664651993,0.0844460885101874,2.369571479600648,10,64,0.9963396208567699,64,16,24,46,61,0.25,0.375,0.71875,0.953125,2500.0,64.0,10000.0,0.3508918544731812,3.5622172528470757,0.05565964457573556,5.6657808153312725,0.08852782523955113,2.1058566443544477,0.032904010068038246,3.7995802343664677,10.0,64.0,0.971113653311071,64.0,5.0,8.0,16.0,36.0,0.078125,0.125,0.25,0.5625,156.25,15,81.7
layer1.2.conv3,conv,12,256,1,False,64.0,0,32.0,32.0,160000,2.4948714515811594,12.549649004395148,0.049022066423418546,19.824576157379234,0.07743975061476263,6.336434175734963,0.0247516959989647,11.076213137017064,10,256,0.8100053650995707,158,19,29,48,60,0.07421875,0.11328125,0.1875,0.234375,625.0,256.0,10000.0,0.10519333600815317,3.924786222784531,0.015331196182752074,6.2776650899992275,0.024522129257809482,2.239145073999886,0.008746660445312054,9.559312814664818,10.0,256.0,0.8470352455031603,159.0,6.0,8.0,19.0,43.0,0.0234375,0.03125,0.07421875,0.16796875,39.0625,15,81.7
layer1.2,block,13,256,1,False,,0,32.0,32.0,160000,73.71763320557812,20.644438746215208,0.08064233885240316,43.54992682985126,0.17011690167910648,7.68844702097678,0.030032996175690548,1.6028601398736815,10,256,0.9981350031151397,256,59,104,202,249,0.23046875,0.40625,0.7890625,0.97265625,625.0,256.0,10000.0,4.49210414327039,6.534773478138666,0.025526458898979164,10.632460565786781,0.04153304908510461,3.430709343232169,0.01340120837200066,2.392436323672592,10.0,256.0,0.9983541389088402,256.0,10.0,15.0,43.0,155.0,0.0390625,0.05859375,0.16796875,0.60546875,39.0625,15,81.7
layer2.0.conv1,conv,14,128,1,False,128.0,0,32.0,32.0,160000,73.98265188321668,11.312576095315114,0.08837950074464933,19.141240504466474,0.14954094144114433,5.176408458050743,0.040440691078521426,2.373821030021218,10,128,0.975456726875692,128,18,30,72,112,0.140625,0.234375,0.5625,0.875,1250.0,128.0,10000.0,4.373019589244769,5.637355275342186,0.04404183808861083,8.488974591264796,0.06632011399425622,3.0609528988618844,0.02391369452235847,3.1796886769951125,10.0,128.0,0.9903934012845134,128.0,8.0,10.0,22.0,62.0,0.0625,0.078125,0.171875,0.484375,78.125,15,81.7
layer2.0.conv2,conv,15,128,1,False,128.0,0,16.0,16.0,160000,34.827317497703916,13.843759368968346,0.1081543700700652,22.98518051219885,0.1795717227515535,5.962928671492503,0.04658538024603518,2.4066171330380475,10,128,0.9972405229564411,128,22,32,74,118,0.171875,0.25,0.578125,0.921875,1250.0,128.0,10000.0,3.16034957005823,4.510892821047475,0.035241350164433395,7.129221791698518,0.05569704524764467,2.4523707244878,0.01915914628506094,2.9360949419295226,10.0,128.0,0.9948432527798741,128.0,7.0,9.0,16.0,53.0,0.0546875,0.0703125,0.125,0.4140625,78.125,15,81.7
layer2.0.conv3,conv,16,512,1,False,128.0,0,16.0,16.0,160000,11.087083929078805,10.77333946309883,0.021041678638864903,19.487449484423355,0.038061424774264364,4.770554780086936,0.009317489804857297,8.743937069960177,10,512,0.7924905443927849,312,19,33,79,118,0.037109375,0.064453125,0.154296875,0.23046875,312.5,512.0,10000.0,1.1925696250839053,3.946261329054391,0.007707541658309358,6.616042614263094,0.012921958230982605,2.213801601974927,0.004323831253857279,7.447266387063553,10.0,512.0,0.8501892386099319,320.0,7.0,9.0,20.0,66.0,0.013671875,0.017578125,0.0390625,0.12890625,19.53125,15,81.7
layer2.0.downsample.0,conv,17,512,1,False,256.0,0,16.0,16.0,160000,82.16520752074797,12.823294854260508,0.025045497762227555,22.071050587777584,0.043107520679253095,5.5770977713176535,0.010892769084604792,6.733507160691318,10,512,0.6044116656079406,379,20,37,115,212,0.0390625,0.072265625,0.224609375,0.4140625,312.5,512.0,10000.0,8.18191548604239,5.378335745152459,0.010504562002250896,7.823062791698165,0.015279419515035478,3.093877189108245,0.006042728884977041,5.966477181926602,10.0,512.0,0.696227385175719,384.0,7.0,9.0,23.0,98.0,0.013671875,0.017578125,0.044921875,0.19140625,19.53125,15,81.7
layer2.0,block,18,512,1,False,,0,16.0,16.0,160000,109.46730927014379,18.70600920573726,0.036535174229955586,44.50036669582538,0.08691477870278394,6.952155822870173,0.013578429341543307,1.5598687116278378,10,512,0.9989222375986195,512,65,138,362,491,0.126953125,0.26953125,0.70703125,0.958984375,312.5,512.0,10000.0,11.360334859110077,5.638706009969885,0.011013097675722432,10.03881691379014,0.019607064284746366,2.908670191505017,0.005680996467783236,2.0568443171243813,10.0,512.0,0.9971163189981415,512.0,9.0,15.0,54.0,284.0,0.017578125,0.029296875,0.10546875,0.5546875,19.53125,15,81.7
layer2.1.conv1,conv,19,128,1,False,128.0,0,16.0,16.0,160000,114.1028037234687,9.792728848682517,0.07650569413033216,17.46398761026099,0.13643740320516398,4.606376405529443,0.03598731566819877,2.068436430302854,10,128,0.9939307062760391,128,18,31,78,118,0.140625,0.2421875,0.609375,0.921875,1250.0,128.0,10000.0,13.42540175467191,4.6640222649233385,0.03643767394471358,7.364785343223955,0.05753738549393715,2.619019358931257,0.020461088741650445,2.758282212745319,10.0,128.0,0.9974130775748437,128.0,7.0,9.0,22.0,68.0,0.0546875,0.0703125,0.171875,0.53125,78.125,15,81.7
layer2.1.conv2,conv,20,128,1,False,128.0,0,16.0,16.0,160000,31.266916190118085,19.991997246748642,0.15618747849022377,32.026350172369135,0.25020586072163387,8.391851621420711,0.0655613407923493,2.355690005176825,10,128,0.993508667878407,128,29,43,87,121,0.2265625,0.3359375,0.6796875,0.9453125,1250.0,128.0,10000.0,3.0117469376135064,4.329290688870726,0.03382258350680255,7.275345242557327,0.056838634707479116,2.3494164971499325,0.018354816383983848,3.31724987526243,10.0,128.0,0.9871592517033849,128.0,7.0,10.0,21.0,57.0,0.0546875,0.078125,0.1640625,0.4453125,78.125,15,81.7
layer2.1.conv3,conv,21,512,1,False,128.0,0,16.0,16.0,160000,8.39013718672568,14.258611771419977,0.027848851116054642,27.248104025758657,0.05321895317530988,5.675788603145552,0.011085524615518656,9.045914030546825,10,512,0.781856336011173,311,30,49,94,122,0.05859375,0.095703125,0.18359375,0.23828125,312.5,512.0,10000.0,0.7946797239970033,2.6881758730951906,0.005250343502139044,5.6017773779550835,0.010940971441318522,1.6852011490271064,0.003291408494193567,7.784634641837035,10.0,512.0,0.8360328153238638,320.0,7.0,11.0,32.0,88.0,0.013671875,0.021484375,0.0625,0.171875,19.53125,15,81.7
layer2.1,block,22,512,1,False,,0,16.0,16.0,160000,155.17670150551385,26.27441304289631,0.051317212974406855,64.0938697682264,0.12518333939106718,8.773336678087123,0.017135423199388912,1.474233173060025,10,512,0.9991856191363947,512,101,196,405,499,0.197265625,0.3828125,0.791015625,0.974609375,312.5,512.0,10000.0,14.10882657266787,6.042627308969768,0.011802006462831579,11.570120121184916,0.02259789086168929,2.9109714693418067,0.005685491151058216,1.9561442780731066,10.0,512.0,0.9977927352461056,512.0,11.0,19.0,80.0,347.0,0.021484375,0.037109375,0.15625,0.677734375,19.53125,15,81.7
layer2.2.conv1,conv,23,128,1,False,128.0,0,16.0,16.0,160000,137.18120988450318,14.485814276842364,0.11317042403783097,26.011210568936338,0.20321258256981514,6.010731985812466,0.04695884363915989,2.0460082679064,10,128,0.9947042249747546,128,27,45,91,122,0.2109375,0.3515625,0.7109375,0.953125,1250.0,128.0,10000.0,11.340639213141447,6.127077045639356,0.04786778941905747,9.988927630901221,0.07803849711641579,3.0851983336144544,0.024103111981362925,2.6378326163987675,10.0,128.0,0.9971008359650614,128.0,9.0,13.0,34.0,89.0,0.0703125,0.1015625,0.265625,0.6953125,78.125,15,81.7
layer2.2.conv2,conv,24,128,1,False,128.0,0,16.0,16.0,160000,23.511672017476343,22.228825187184164,0.17366269677487628,35.87613819265756,0.28028232963013716,10.032976718734298,0.0783826306151117,2.1299787676893973,10,128,0.9940634135130072,128,34,51,97,124,0.265625,0.3984375,0.7578125,0.96875,1250.0,128.0,10000.0,1.8309831410789035,5.941469865063709,0.04641773332081023,9.263463494739796,0.07237080855265465,3.143552188924876,0.024559001475975593,3.13779501763027,10.0,128.0,0.9862796196897742,128.0,9.0,12.0,26.0,71.0,0.0703125,0.09375,0.203125,0.5546875,78.125,15,81.7
layer2.2.conv3,conv,25,512,1,False,128.0,0,16.0,16.0,160000,6.96847169057949,18.65677435182515,0.036439012405908494,33.20801000932954,0.06485939454947176,8.077989042161768,0.015777322347972203,9.164796642868119,10,512,0.7735815478931555,310,36,57,100,124,0.0703125,0.111328125,0.1953125,0.2421875,312.5,512.0,10000.0,0.58501705360885,4.437309879420672,0.0086666208582435,8.35650406869963,0.016321297009178965,2.3561592409259244,0.004601873517433446,7.982854346787205,10.0,512.0,0.8257666226392453,319.0,9.0,14.0,39.0,96.0,0.017578125,0.02734375,0.076171875,0.1875,19.53125,15,81.7
layer2.2,block,26,512,1,False,,0,16.0,16.0,160000,208.82814139116,30.854719646527798,0.060263124309624605,75.10088464102826,0.14668141531450832,10.18915665928947,0.019900696600174746,1.414869464828647,10,512,0.9987914750811502,512,123,227,422,501,0.240234375,0.443359375,0.82421875,0.978515625,312.5,512.0,10000.0,17.913257604368894,6.562664424037625,0.012817703953198487,12.853609648900514,0.025104706345508817,3.061445779791583,0.005979386288655435,1.9211642290905926,10.0,512.0,0.9976708300267764,512.0,12.0,21.0,97.0,373.0,0.0234375,0.041015625,0.189453125,0.728515625,19.53125,15,81.7
layer2.3.conv1,conv,27,128,1,False,128.0,0,16.0,16.0,160000,156.33942708591883,17.838152370624098,0.13936056539550076,31.300265145813487,0.24453332145166787,7.865322886079316,0.06144783504749465,1.936257281290192,10,128,0.9941457480139261,128,33,54,98,124,0.2578125,0.421875,0.765625,0.96875,1250.0,128.0,10000.0,12.462340622666797,7.339177596334436,0.057337324971362784,11.69608904724128,0.0913756956815725,3.588554791564717,0.028035584309099353,2.5669884842951465,10.0,128.0,0.9969067515893527,128.0,10.0,15.0,40.0,97.0,0.078125,0.1171875,0.3125,0.7578125,78.125,15,81.7
layer2.3.conv2,conv,28,128,1,False,128.0,0,16.0,16.0,160000,18.669780541222565,22.01435826406728,0.17198717393802562,36.032598352664415,0.28150467463019074,10.324938333201855,0.08066358072813949,1.999523022691393,10,128,0.9971056520949314,128,35,55,101,125,0.2734375,0.4296875,0.7890625,0.9765625,1250.0,128.0,10000.0,1.5304819626215656,6.398016733278386,0.04998450572873739,10.011467653443166,0.07821459104252473,3.2809014048787377,0.02563204222561514,3.1452925261143805,10.0,128.0,0.9875765040525304,128.0,9.0,13.0,29.0,74.0,0.0703125,0.1015625,0.2265625,0.578125,78.125,15,81.7
layer2.3.conv3,conv,29,512,1,False,128.0,0,16.0,16.0,160000,5.631673374025565,18.24870676597234,0.03564200540228973,34.042236050159126,0.06648874228546704,6.737252851336236,0.013158696975266086,9.163511313159432,10,512,0.7734108447997299,311,39,61,102,124,0.076171875,0.119140625,0.19921875,0.2421875,312.5,512.0,10000.0,0.5431407644808758,4.1353645118996925,0.008076883812304087,8.10606665337989,0.0158321614323826,2.2191423728491784,0.0043342624469710515,7.960597787926335,10.0,512.0,0.8261193189165427,319.0,9.0,14.0,39.0,97.0,0.017578125,0.02734375,0.076171875,0.189453125,19.53125,15,81.7
layer2.3,block,30,512,1,False,,0,16.0,16.0,160000,251.21401729319285,34.365217582473655,0.06711956559076886,83.41669621341617,0.16292323479182846,11.436739112188592,0.022337381078493344,1.3757100193165945,10,512,0.9983258789541268,512,139,247,432,503,0.271484375,0.482421875,0.84375,0.982421875,312.5,512.0,10000.0,20.66205935242747,7.630744747691422,0.014903798335334808,14.657285427700545,0.028627510600977627,3.4459844301040734,0.006730438340047018,1.9051743705976405,10.0,512.0,0.9976202562386352,512.0,13.0,25.0,114.0,391.0,0.025390625,0.048828125,0.22265625,0.763671875,19.53125,15,81.7
layer3.0.conv1,conv,31,256,1,False,256.0,0,16.0,16.0,160000,240.56463976717862,16.396370706429373,0.06404832307198974,32.101773793000625,0.1253975538789087,6.081590391188458,0.023756212465579914,2.030381417480799,10,256,0.9768229232492652,256,34,65,155,231,0.1328125,0.25390625,0.60546875,0.90234375,625.0,256.0,10000.0,22.77237925643815,6.967166973383279,0.027215495989778432,11.349882847038103,0.04433547987124259,3.385968097924895,0.013226437882519121,2.5984226202972622,10.0,256.0,0.9897191398719556,256.0,10.0,15.0,38.0,138.0,0.0390625,0.05859375,0.1484375,0.5390625,39.0625,15,81.7
layer3.0.conv2,conv,32,256,1,False,256.0,0,8.0,8.0,160000,68.74684244536188,19.773333337330946,0.07723958334894901,34.491379532678735,0.1347319512995263,7.442099397554176,0.029070700771696,2.0967841908316704,10,256,0.9956079339166353,256,32,52,146,237,0.125,0.203125,0.5703125,0.92578125,625.0,256.0,10000.0,8.462807315860408,6.735618635047436,0.026311010293154045,10.887694952442605,0.042530058407978924,3.320781863354141,0.012971804153727113,2.422027661984872,10.0,256.0,0.9949657529823978,256.0,10.0,14.0,35.0,142.0,0.0390625,0.0546875,0.13671875,0.5546875,39.0625,15,81.7
layer3.0.conv3,conv,33,1024,1,False,256.0,0,8.0,8.0,160000,22.431569612831403,16.98697074484461,0.016588838618012313,31.374065541620457,0.030638735880488727,6.5684108254947455,0.006414463696772212,7.503055376790423,10,1024,0.7727064037509195,623,31,58,157,237,0.0302734375,0.056640625,0.1533203125,0.2314453125,156.25,1024.0,10000.0,2.8837264616225604,6.360490207493872,0.006211416218255735,11.099787664377144,0.010839636390993305,3.1107757602741715,0.0030378669533927456,6.924203205017524,10.0,1024.0,0.8109960260418759,637.0,10.0,16.0,48.0,170.0,0.009765625,0.015625,0.046875,0.166015625,9.765625,15,81.7
layer3.0.downsample.0,conv,34,1024,1,False,512.0,0,8.0,8.0,160000,309.7486091573205,14.928807579793512,0.014578913652142101,30.107660516136765,0.02940201222278981,6.675665322667055,0.006519204416667046,5.704183114228505,10,1024,0.5802252796648956,756,31,71,244,435,0.0302734375,0.0693359375,0.23828125,0.4248046875,156.25,1024.0,10000.0,37.88149639259086,5.710801945448456,0.005576955024852008,10.2953237466418,0.010054027096329883,2.8196855732927526,0.0027535991926687037,5.409266126720349,10.0,1024.0,0.6333637037335462,765.0,9.0,14.0,60.0,284.0,0.0087890625,0.013671875,0.05859375,0.27734375,9.765625,15,81.7
layer3.0,block,35,1024,1,False,,0,8.0,8.0,160000,214.34775809273293,26.58653586853093,0.025963413934112237,71.8119081867874,0.07012881658865958,9.208813845667752,0.008992982271159914,1.4161298555075237,10,1024,0.9985187325684827,1024,127,294,761,990,0.1240234375,0.287109375,0.7431640625,0.966796875,156.25,1024.0,10000.0,24.46643450865098,7.824533953515171,0.007641146438979659,16.504468145573316,0.01611764467341144,3.5005851268957393,0.0034185401629841204,1.6871237676115631,10.0,1024.0,0.9967772868151137,1024.0,16.0,36.0,224.0,806.0,0.015625,0.03515625,0.21875,0.787109375,9.765625,15,81.7
layer3.1.conv1,conv,36,256,1,False,256.0,0,8.0,8.0,160000,208.79903211108572,14.908888496571905,0.058237845689734,28.394099097506214,0.11091444959963365,6.665378143692271,0.026036633373797934,1.870080210901199,10,256,0.9938248661957721,256,30,59,159,238,0.1171875,0.23046875,0.62109375,0.9296875,625.0,256.0,10000.0,25.776520352564113,7.034257664842057,0.027477569003289286,11.861656888735137,0.04633459722162163,3.5038141304474566,0.013686773947060377,2.230451091100859,10.0,256.0,0.9959375473451336,256.0,11.0,17.0,55.0,180.0,0.04296875,0.06640625,0.21484375,0.703125,39.0625,15,81.7
layer3.1.conv2,conv,37,256,1,False,256.0,0,8.0,8.0,160000,58.03921931833853,27.703386242461985,0.10821635250961713,47.75201691832209,0.18653131608719567,11.18095196957385,0.043675593631147855,2.099106641886231,10,256,0.995858315268176,256,46,74,167,242,0.1796875,0.2890625,0.65234375,0.9453125,625.0,256.0,10000.0,6.011642882166998,6.868535460395118,0.02683021664216843,11.38139176187313,0.044458561569816916,3.502852338996861,0.013683016949206489,2.6852938231366834,10.0,256.0,0.9924012384470724,256.0,11.0,16.0,46.0,140.0,0.04296875,0.0625,0.1796875,0.546875,39.0625,15,81.7
layer3.1.conv3,conv,38,1024,1,False,256.0,0,8.0,8.0,160000,15.718741836335786,23.528629074959294,0.022977176831014936,45.11735022312246,0.044059912327268025,9.424448685585691,0.009203563169517277,7.763404105256778,10,1024,0.7575292526723012,619,51,94,189,245,0.0498046875,0.091796875,0.1845703125,0.2392578125,156.25,1024.0,10000.0,1.5251987535902805,5.69659022739615,0.005563076393941553,11.723902227235962,0.01144912326878512,2.8087308394640083,0.0027429012104140706,7.199164793854295,10.0,1024.0,0.7934711351526624,637.0,13.0,23.0,88.0,206.0,0.0126953125,0.0224609375,0.0859375,0.201171875,9.765625,15,81.7
layer3.1,block,39,1024,1,False,,0,8.0,8.0,160000,297.24120141887295,37.513764799879425,0.03663453593738225,105.16850858335404,0.10270362166343168,11.33186790906965,0.01106627725495083,1.3544444114306713,10,1024,0.9992281048087147,1024,202,410,830,1001,0.197265625,0.400390625,0.810546875,0.9775390625,156.25,1024.0,10000.0,30.058966710264045,8.609002313046645,0.008407228821334614,19.408636713895692,0.018953746790913762,3.779387978648307,0.0036908085728987374,1.6164376360729285,10.0,1024.0,0.9974724153022546,1024.0,21.0,51.0,333.0,870.0,0.0205078125,0.0498046875,0.3251953125,0.849609375,9.765625,15,81.7
layer3.2.conv1,conv,40,256,1,False,256.0,0,8.0,8.0,160000,254.24677101639023,22.09228303715415,0.0862979806138834,42.46565781805682,0.16588147585178445,8.741511085440479,0.03414652767750187,1.8305011695402817,10,256,0.9947588745729414,256,47,86,183,244,0.18359375,0.3359375,0.71484375,0.953125,625.0,256.0,10000.0,23.90585428052932,8.355710966544757,0.03263949596306546,15.550037383331059,0.06074233352863695,3.7756451185720414,0.014748613744422037,2.147507414645422,10.0,256.0,0.9970811810914084,256.0,15.0,26.0,88.0,209.0,0.05859375,0.1015625,0.34375,0.81640625,39.0625,15,81.7
layer3.2.conv2,conv,41,256,1,False,256.0,0,8.0,8.0,160000,43.09433680570642,30.986735243720965,0.12104193454578502,54.717158640847366,0.21373890094081002,11.56303780769853,0.04516811643632238,1.9534148278933967,10,256,0.9943712527602744,256,54,88,186,246,0.2109375,0.34375,0.7265625,0.9609375,625.0,256.0,10000.0,3.2448539222028767,8.160052924325557,0.031875206735646706,14.807790732661616,0.057842932549459436,3.8186614715949556,0.014916646373417795,2.5680864046962277,10.0,256.0,0.9900746916303251,256.0,15.0,24.0,67.0,174.0,0.05859375,0.09375,0.26171875,0.6796875,39.0625,15,81.7
layer3.2.conv3,conv,42,1024,1,False,256.0,0,8.0,8.0,160000,12.603736743586015,28.145382763732165,0.027485725355207193,55.14379839525232,0.05385136562036359,10.247274600504483,0.010007104102055159,7.895102030667852,10,1024,0.7500554498928629,618,65,113,202,248,0.0634765625,0.1103515625,0.197265625,0.2421875,156.25,1024.0,10000.0,0.8907043293112371,8.371917255395704,0.008175700444722368,17.789021583814076,0.017372091390443434,3.6522470579735113,0.003566647517552257,7.4739349590981075,10.0,1024.0,0.7817622299033635,635.0,20.0,37.0,122.0,225.0,0.01953125,0.0361328125,0.119140625,0.2197265625,9.765625,15,81.7
layer3.2,block,43,1024,1,False,,0,8.0,8.0,160000,399.1709583708965,45.4506273572798,0.044385378278593554,125.55921102892106,0.12261641702043072,13.343249951065395,0.0130305175303373,1.3081278879945124,10,1024,0.9984808831558998,1024,248,470,858,1005,0.2421875,0.458984375,0.837890625,0.9814453125,156.25,1024.0,10000.0,35.59815392281588,9.868597380198079,0.009637302129099686,23.22256166627676,0.0226782828772234,4.231562387915992,0.004132385144449211,1.583810947991499,10.0,1024.0,0.9971982596779858,1024.0,27.0,69.0,413.0,902.0,0.0263671875,0.0673828125,0.4033203125,0.880859375,9.765625,15,81.7
layer3.3.conv1,conv,44,256,1,False,256.0,0,8.0,8.0,160000,324.02123084957935,26.922793256651847,0.10516716115879628,49.27568013387249,0.19248312552293942,11.558635690080342,0.045150920664376336,1.7741981545100152,10,256,0.9936136279848693,256,54,98,193,246,0.2109375,0.3828125,0.75390625,0.9609375,625.0,256.0,10000.0,26.844359706865877,9.639895152039815,0.037655840437655526,17.991916275752452,0.07028092295215801,4.470153378723226,0.0174615366356376,2.0922317317503283,10.0,256.0,0.996522455694019,256.0,18.0,31.0,105.0,218.0,0.0703125,0.12109375,0.41015625,0.8515625,39.0625,15,81.7
layer3.3.conv2,conv,45,256,1,False,256.0,0,8.0,8.0,160000,32.70916821125374,32.20579763700368,0.1258038970195456,56.81596918609749,0.22193737963319332,12.736679802044144,0.049752655476734936,1.8500914893734342,10,256,0.9959585053978935,256,57,96,196,248,0.22265625,0.375,0.765625,0.96875,625.0,256.0,10000.0,2.363461797476657,8.943637311307711,0.034936083247295746,16.210019591322638,0.06332038902860405,4.433295728218827,0.017317561438354792,2.4969309807277575,10.0,256.0,0.9880623231567495,256.0,17.0,27.0,77.0,185.0,0.06640625,0.10546875,0.30078125,0.72265625,39.0625,15,81.7
layer3.3.conv3,conv,46,1024,1,False,256.0,0,8.0,8.0,160000,11.18578426643047,28.821769187620905,0.02814625897228604,56.553147235991666,0.05522768284764811,10.69308791057392,0.010442468662669844,7.909361077763417,10,1024,0.7482338438854212,620,69,118,205,249,0.0673828125,0.115234375,0.2001953125,0.2431640625,156.25,1024.0,10000.0,0.8023795396841171,8.833291573130843,0.008626261301885589,18.657151827597165,0.018219874831637856,3.9364740282895436,0.0038442129182515074,7.504218248295007,10.0,1024.0,0.7805040354390451,638.0,21.0,39.0,129.0,227.0,0.0205078125,0.0380859375,0.1259765625,0.2216796875,9.765625,15,81.7
layer3.3,block,47,1024,1,False,,0,8.0,8.0,160000,508.2473132392279,48.569343835818614,0.047430999839666615,134.39154438483604,0.13124174256331644,14.183507216601853,0.013851081266212747,1.2757589591643064,10,1024,0.997447510616624,1024,273,500,872,1007,0.2666015625,0.48828125,0.8515625,0.9833984375,156.25,1024.0,10000.0,43.60176152095138,10.455451188319925,0.010210401551093677,25.128582572535468,0.024539631418491668,4.521688520499974,0.004415711445800756,1.569086830561337,10.0,1024.0,0.9969720565223601,1024.0,31.0,79.0,448.0,914.0,0.0302734375,0.0771484375,0.4375,0.892578125,9.765625,15,81.7
layer3.4.conv1,conv,48,256,1,False,256.0,0,8.0,8.0,160000,357.9991857220432,30.749183230819266,0.12011399699538776,56.80454363387409,0.22189274856982066,11.608279533055006,0.04534484192599612,1.7141718017485037,10,256,0.9938606260837844,256,65,112,202,248,0.25390625,0.4375,0.7890625,0.96875,625.0,256.0,10000.0,27.980379133689222,11.219542294861848,0.04382633708930409,21.184784618719803,0.08275306491687423,5.063096680785393,0.019777721409317942,2.045931598848641,10.0,256.0,0.9959553394412982,256.0,22.0,38.0,123.0,226.0,0.0859375,0.1484375,0.48046875,0.8828125,39.0625,15,81.7
layer3.4.conv2,conv,49,256,1,False,256.0,0,8.0,8.0,160000,26.7530571856517,32.586494755186195,0.12729099513744607,58.773509523286116,0.2295840215753364,12.695678536896901,0.04959249428475352,1.7618697469696543,10,256,0.9959211946213752,256,61,105,204,250,0.23828125,0.41015625,0.796875,0.9765625,625.0,256.0,10000.0,1.9675191713890676,10.187959675478647,0.03979671748233846,18.761579241647734,0.07328741891268646,4.531011296212324,0.017699262875829392,2.479623144069946,10.0,256.0,0.9887843637973083,256.0,19.0,29.0,85.0,192.0,0.07421875,0.11328125,0.33203125,0.75,39.0625,15,81.7
layer3.4.conv3,conv,50,1024,1,False,256.0,0,8.0,8.0,160000,9.5157730718939,32.404163111515224,0.031644690538589086,62.406259772361025,0.060943613058946314,12.438843244763422,0.01214730785621428,7.942913893199119,10,1024,0.7440815794806215,619,78,127,210,250,0.076171875,0.1240234375,0.205078125,0.244140625,156.25,1024.0,10000.0,0.7662644604603757,9.487305027553159,0.009264946315969882,20.182490703235644,0.019709463577378558,3.9286707152060507,0.003836592495318409,7.531396750731352,10.0,1024.0,0.778950309169277,637.0,22.0,40.0,133.0,229.0,0.021484375,0.0390625,0.1298828125,0.2236328125,9.765625,15,81.7
layer3.4,block,51,1024,1,False,,0,8.0,8.0,160000,606.8571292963494,50.45823441077042,0.04927561954176799,140.76021523128324,0.13746114768680004,14.224228110930083,0.01389084776458016,1.2517255684342141,10,1024,0.9964428190233676,1024,291,522,880,1008,0.2841796875,0.509765625,0.859375,0.984375,156.25,1024.0,10000.0,51.78697345223773,11.225505321223322,0.01096240754025715,27.256777693745875,0.026617946966548706,4.753055586058373,0.00464165584576013,1.5622474105335782,10.0,1024.0,0.9962045907172382,1024.0,33.0,87.0,471.0,921.0,0.0322265625,0.0849609375,0.4599609375,0.8994140625,9.765625,15,81.7
layer3.5.conv1,conv,52,256,1,False,256.0,0,8.0,8.0,160000,419.25005306093533,31.38778894784076,0.12260855057750297,58.21448872720325,0.2274003465906377,11.459101762362238,0.04476211625922749,1.700765916450697,10,256,0.992647084171435,256,67,115,204,249,0.26171875,0.44921875,0.796875,0.97265625,625.0,256.0,10000.0,33.825610788548786,11.806466763039351,0.046119010793122465,22.270273401925166,0.08699325547627018,5.3890757615873754,0.021051077193700685,2.0617928613522354,10.0,256.0,0.9952292335198986,256.0,23.0,38.0,125.0,226.0,0.08984375,0.1484375,0.48828125,0.8828125,39.0625,15,81.7
layer3.5.conv2,conv,53,256,1,False,256.0,0,8.0,8.0,160000,24.417350048288004,29.354325797222184,0.11466533514539916,54.475926874538445,0.2127965893536658,11.855661991101355,0.04631117965273967,1.720922718279386,10,256,0.9963059325503087,256,58,104,204,250,0.2265625,0.40625,0.796875,0.9765625,625.0,256.0,10000.0,1.9853162142546235,11.087535171531444,0.0433106842637947,19.128268037519376,0.07471979702156006,5.60832360824215,0.0219075140946959,2.497497175708241,10.0,256.0,0.9878395681366244,256.0,18.0,27.0,81.0,189.0,0.0703125,0.10546875,0.31640625,0.73828125,39.0625,15,81.7
layer3.5.conv3,conv,54,1024,1,False,256.0,0,8.0,8.0,160000,8.632456656802223,28.41167955914458,0.02774578081947713,57.91566048368678,0.05655826219110037,9.787798073847,0.009558396556491211,7.906796920395425,10,1024,0.7436488281658358,619,76,126,209,250,0.07421875,0.123046875,0.2041015625,0.244140625,156.25,1024.0,10000.0,0.749255801655437,11.719448832602765,0.011444774250588638,21.896216462768283,0.02138302388942215,5.54062623032574,0.005410767803052481,7.551953927123823,10.0,1024.0,0.7780073196240649,636.0,21.0,39.0,132.0,228.0,0.0205078125,0.0380859375,0.12890625,0.22265625,9.765625,15,81.7
layer3.5,block,55,1024,1,False,,0,8.0,8.0,160000,699.8966838221027,51.35549421225389,0.05015184981665419,144.2622170208496,0.14088107130942343,14.270737506737191,0.013936267096423038,1.2316002857541786,10,1024,0.9953257535466979,1024,304,537,887,1008,0.296875,0.5244140625,0.8662109375,0.984375,156.25,1024.0,10000.0,61.38418156340091,12.259981691178183,0.011972638370291194,29.146559788268302,0.028463437293230764,5.242831005777806,0.005119952154079888,1.5605159134733844,10.0,1024.0,0.9952555672511901,1024.0,34.0,90.0,482.0,924.0,0.033203125,0.087890625,0.470703125,0.90234375,9.765625,15,81.7
layer4.0.conv1,conv,56,512,1,False,512.0,0,8.0,8.0,160000,574.3298797198216,28.215493794941484,0.055108386318245085,57.4020369160194,0.11211335335160039,10.924972989918523,0.021337837870934614,1.785004592074278,10,512,0.9703263503159206,512,69,147,332,470,0.134765625,0.287109375,0.6484375,0.91796875,312.5,512.0,10000.0,59.965345902192816,11.0021122375742,0.02148850046401211,19.77957638749035,0.03863198513181709,5.333581810708116,0.01041715197403929,2.104044506169677,10.0,512.0,0.9795336751476545,512.0,19.0,29.0,135.0,371.0,0.037109375,0.056640625,0.263671875,0.724609375,19.53125,15,81.7
layer4.0.conv2,conv,57,512,1,False,512.0,0,4.0,4.0,160000,95.1551277534976,18.861626325024158,0.03683911391606281,37.555672369134506,0.07335092259596583,6.727777883786053,0.013140191179269635,1.7480317216539936,10,512,0.9844857483953787,512,36,68,285,475,0.0703125,0.1328125,0.556640625,0.927734375,312.5,512.0,10000.0,15.044943081491652,9.163603746308503,0.017897663567008795,15.208296752847577,0.029703704595405424,4.7174598475992475,0.00921378876484228,1.808694108299977,10.0,512.0,0.9792139952363383,512.0,13.0,20.0,97.0,385.0,0.025390625,0.0390625,0.189453125,0.751953125,19.53125,15,81.7
layer4.0.conv3,conv,58,2048,1,False,512.0,0,4.0,4.0,160000,34.43441815952725,9.694643129430938,0.00473371246554245,24.51753869738131,0.011971454442080717,3.6712895691795793,0.0017926218599509664,6.574794917408741,10,2048,0.7562589180980369,1265,27,64,265,459,0.01318359375,0.03125,0.12939453125,0.22412109375,78.125,2048.0,10000.0,5.827052567669323,8.091702958445726,0.003951026835178577,13.53166059514778,0.006607256149974502,3.999847024641271,0.0019530503050006207,6.278572130792047,10.0,2048.0,0.7712096659567613,1274.0,11.0,18.0,111.0,379.0,0.00537109375,0.0087890625,0.05419921875,0.18505859375,4.8828125,15,81.7
layer4.0.downsample.0,conv,59,2048,1,False,1024.0,0,4.0,4.0,160000,661.0222973919588,15.163152290653935,0.007403882954420867,44.136667242498184,0.021551107052001067,4.976891341993402,0.0024301227255827157,5.3200962336738975,10,2048,0.5486521038260989,1521,62,180,564,904,0.0302734375,0.087890625,0.275390625,0.44140625,78.125,2048.0,10000.0,100.20087988097309,6.248911267587939,0.0030512262048769234,15.581866222950696,0.0076083331166751445,2.9046996322930148,0.0014183103673305736,5.117352398362655,10.0,2048.0,0.5735006737391098,1534.0,19.0,43.0,324.0,784.0,0.00927734375,0.02099609375,0.158203125,0.3828125,4.8828125,15,81.7
layer4.0,block,60,2048,1,False,,0,4.0,4.0,160000,136.0141344294214,22.213486432384602,0.010846428922062794,78.59650605587078,0.03837720022259315,6.648733284877448,0.0032464517992565663,1.3390562110961024,10,2048,0.9964628676834165,2048,190,515,1445,1963,0.0927734375,0.25146484375,0.70556640625,0.95849609375,78.125,2048.0,10000.0,21.092628443120322,10.297419484895812,0.005028036857859283,25.610317366246186,0.012505037776487395,4.600622378313685,0.002246397645660979,1.4809637145036898,10.0,2048.0,0.9889378858785819,2048.0,30.0,114.0,823.0,1765.0,0.0146484375,0.0556640625,0.40185546875,0.86181640625,4.8828125,15,81.7
layer4.1.conv1,conv,61,512,1,False,512.0,0,4.0,4.0,160000,102.93852168398841,18.670463833774285,0.0364657496753404,40.31251410299935,0.07873537910742061,6.779020828339099,0.013240275055349802,1.6411855282294285,10,512,0.9877955211149501,512,45,113,326,479,0.087890625,0.220703125,0.63671875,0.935546875,312.5,512.0,10000.0,15.217846408773072,10.833064751744981,0.021158329593251916,20.241728875806142,0.03953462671055887,5.5398375575214756,0.010819995229534132,1.7412392792306184,10.0,512.0,0.9854846078111321,512.0,18.0,35.0,203.0,437.0,0.03515625,0.068359375,0.396484375,0.853515625,19.53125,15,81.7
layer4.1.conv2,conv,62,512,1,False,512.0,0,4.0,4.0,160000,45.325591628740305,19.614732567117148,0.03831002454515068,46.0066516477071,0.08985674149942793,7.161240835015485,0.013986798505889618,1.7443316255703114,10,512,0.9983194753498811,512,56,111,327,483,0.109375,0.216796875,0.638671875,0.943359375,312.5,512.0,10000.0,5.276009997090067,10.379994835002794,0.020273427412114832,18.005736131166618,0.0351674533811848,5.175673911739446,0.010108738108866106,2.0235248535955646,10.0,512.0,0.9878822705121038,512.0,16.0,27.0,130.0,375.0,0.03125,0.052734375,0.25390625,0.732421875,19.53125,15,81.7
layer4.1.conv3,conv,63,2048,1,False,512.0,0,4.0,4.0,160000,13.786566007141131,13.800144630987822,0.006738351870599522,37.09782843669188,0.018114174041353456,5.2059088046830375,0.0025419476585366394,6.48819023523731,10,2048,0.7533544785286365,1272,58,132,337,480,0.0283203125,0.064453125,0.16455078125,0.234375,78.125,2048.0,10000.0,2.062530329295323,7.669610053040767,0.003744926783711312,14.974172839917046,0.007311607831990745,3.5087506769850285,0.001713257166496596,6.239214262740664,10.0,2048.0,0.7675780166500866,1277.0,13.0,27.0,172.0,417.0,0.00634765625,0.01318359375,0.083984375,0.20361328125,4.8828125,15,81.7
layer4.1,block,64,2048,1,False,,0,4.0,4.0,160000,162.5796531359378,22.175983544704174,0.010828116965187585,84.43063330967418,0.041225895170739345,6.4035251995192155,0.003126721288827742,1.301798457956238,10,2048,0.9968509099779714,2048,223,583,1509,1975,0.10888671875,0.28466796875,0.73681640625,0.96435546875,78.125,2048.0,10000.0,26.24422875381757,10.422328910258406,0.005089027788212112,24.824211165162115,0.012121196857989314,4.769369106385892,0.0023287935089774865,1.4491664889736877,10.0,2048.0,0.9894361972367741,2048.0,28.0,108.0,830.0,1774.0,0.013671875,0.052734375,0.4052734375,0.8662109375,4.8828125,15,81.7
layer4.2.conv1,conv,65,512,1,False,512.0,0,4.0,4.0,160000,135.3716073246137,17.77189778021615,0.03471073785198467,37.74954591874877,0.0737295818725562,7.5265740499124565,0.014700339941235267,1.6080185702241476,10,512,0.987515036702037,512,43,111,326,479,0.083984375,0.216796875,0.63671875,0.935546875,312.5,512.0,10000.0,23.499618014198397,9.170544370682713,0.017911219473989673,16.313134869240606,0.03186159154148556,4.5656039283509555,0.00891719517256046,1.7043167176612366,10.0,512.0,0.984595456842845,512.0,14.0,26.0,170.0,422.0,0.02734375,0.05078125,0.33203125,0.82421875,19.53125,15,81.7
layer4.2.conv2,conv,66,512,1,False,512.0,0,4.0,4.0,160000,57.26530456033035,13.663813672406542,0.026687136078919028,30.194784483690356,0.058974188444707726,5.39343441562044,0.010534051593008673,1.706993816459739,10,512,0.9948268709569335,512,33,70,279,473,0.064453125,0.13671875,0.544921875,0.923828125,312.5,512.0,10000.0,14.752733848477625,6.587627114158068,0.012866459207339977,9.97377026552806,0.019480020049859492,3.441331815117784,0.006721351201401922,1.9736122659175968,10.0,512.0,0.9801806952401906,512.0,9.0,11.0,37.0,256.0,0.017578125,0.021484375,0.072265625,0.5,19.53125,15,81.7
layer4.2.conv3,conv,67,2048,1,False,512.0,0,4.0,4.0,160000,20.87312713195933,6.0181890278013555,0.0029385688612311306,16.80924229274087,0.008207637838252377,2.6944615741940896,0.0013156550655244578,6.3848727368463845,10,2048,0.7556661936837172,1270,22,57,256,457,0.0107421875,0.02783203125,0.125,0.22314453125,78.125,2048.0,10000.0,7.558246139735502,4.582559412397789,0.0022375778380848577,7.673736465302628,0.003746941633448549,2.453596391063115,0.0011980451128237866,5.813705389586304,10.0,2048.0,0.7857691691195487,1275.0,8.0,9.0,35.0,269.0,0.00390625,0.00439453125,0.01708984375,0.13134765625,4.8828125,15,81.7
layer4.2,block,68,2048,1,False,,0,4.0,4.0,160000,256.608471840991,9.855404071813124,0.004812209019440002,43.68025936543787,0.02132825164328021,3.556248373752607,0.0017364494012463902,1.2753344115415777,10,2048,0.9969523890570422,2048,127,411,1395,1957,0.06201171875,0.20068359375,0.68115234375,0.95556640625,78.125,2048.0,10000.0,63.09739938855822,6.025031052761856,0.002941909693731375,12.755769582393697,0.006228403116403172,2.9469342564587087,0.0014389327424114788,1.4471785825633692,10.0,2048.0,0.9904739968167368,2048.0,10.0,29.0,425.0,1584.0,0.0048828125,0.01416015625,0.20751953125,0.7734375,4.8828125,15,81.7
fc,linear,69,10,1,False,,0,,,10000,172.68244672955146,2.8581203950591028,0.2858120395059103,4.29044891171848,0.42904489117184796,1.8139654918470347,0.18139654918470347,,10,10,,10,5,6,8,9,0.5,0.6,0.8,0.9,1000.0,,,,,,,,,,,,,,,,,,,,,,,,15,81.7
conv1,conv,0,64,1,False,27.0,0,32.0,32.0,160000,26.456140824416927,3.3426797497931537,0.05222937109051803,4.9821943572391545,0.07784678683186179,2.005707917660262,0.031339186213441596,13.81791380189491,10,64,0.9482986494357771,44,5,7,9,12,0.078125,0.109375,0.140625,0.1875,2500.0,64.0,10000.0,6.170214053792436,2.0462070601477502,0.0319719853148086,2.417090834491809,0.037767044288934515,1.5534323192945279,0.024272379988976998,7.677997586501892,10.0,64.0,0.9416522778179686,41.0,3.0,3.0,3.0,5.0,0.046875,0.046875,0.046875,0.078125,156.25,20,81.19
layer1.0.conv1,conv,1,64,1,False,64.0,0,32.0,32.0,160000,1.258993585548194,6.6477386947008394,0.10387091710470062,8.690600904482213,0.13579063913253459,3.916116503324195,0.061189320364440546,5.974956571478978,10,64,0.9048725435613608,64,8,10,14,26,0.125,0.15625,0.21875,0.40625,2500.0,64.0,10000.0,0.1365914075612702,3.3280498474658513,0.05200077886665393,4.38700365857376,0.068546932165215,2.167074992057025,0.033860546750891014,6.358484936503955,10.0,64.0,0.9132802457397186,64.0,4.0,5.0,9.0,17.0,0.0625,0.078125,0.140625,0.265625,156.25,20,81.19
layer1.0.conv2,conv,2,64,1,False,64.0,0,32.0,32.0,160000,4.662064293434009,9.849348990234144,0.1538960779724085,14.706410995921434,0.2297876718112724,4.846582563101113,0.07572785254845489,3.461755691419749,10,64,0.9887810817700704,64,14,18,32,54,0.21875,0.28125,0.5,0.84375,2500.0,64.0,10000.0,0.26310544200630237,3.7686067979373234,0.05888448121777068,5.3178378384458025,0.08309121622571566,2.3889783837828826,0.03732778724660754,4.543879141074011,10.0,64.0,0.9828841501712581,64.0,5.0,6.0,13.0,27.0,0.078125,0.09375,0.203125,0.421875,156.25,20,81.19
layer1.0.conv3,conv,3,256,1,False,64.0,0,32.0,32.0,160000,1.4706719293260129,5.635338144320457,0.022013039626251785,9.445771627704664,0.036897545420721344,2.886635438383526,0.011275919681185648,10.194394245980048,10,256,0.8364858090809298,160,9,14,30,54,0.03515625,0.0546875,0.1171875,0.2109375,625.0,256.0,10000.0,0.06244126484858116,3.0404932576711894,0.011876926787778084,4.8181024400942,0.018820712656617968,1.9861307003403115,0.007758323048204342,9.390325008866961,10.0,256.0,0.8698219463633988,160.0,5.0,7.0,15.0,35.0,0.01953125,0.02734375,0.05859375,0.13671875,39.0625,20,81.19
layer1.0.downsample.0,conv,4,256,1,False,64.0,0,32.0,32.0,160000,2.3128707585922816,6.262225845019509,0.02446181970710746,8.16581445663669,0.03189771272123707,3.6223803183201246,0.014149923118437987,9.00542037525816,10,256,0.8925092908227045,157,7,9,13,27,0.02734375,0.03515625,0.05078125,0.10546875,625.0,256.0,10000.0,0.4367352294267806,2.9421896279199293,0.011492928234062224,3.7027175216747508,0.014463740319041995,2.022439076156689,0.007900152641237066,7.832113303712277,10.0,256.0,0.9342052983388458,159.0,3.0,4.0,7.0,15.0,0.01171875,0.015625,0.02734375,0.05859375,39.0625,20,81.19
layer1.0,block,5,256,1,False,,0,32.0,32.0,160000,13.072277480400311,14.473484011966821,0.056537046921745396,28.341151653604136,0.11070762364689116,5.985413783265989,0.02338052259088277,1.9181015744920238,10,256,0.9973761825302391,256,33,58,155,239,0.12890625,0.2265625,0.60546875,0.93359375,625.0,256.0,10000.0,1.3622599219511253,4.408572685931144,0.017220987054418532,6.978228334332059,0.027258704430984604,2.5646948885187064,0.010018339408276197,2.616400215664681,10.0,256.0,0.9981993905504234,256.0,6.0,10.0,29.0,105.0,0.0234375,0.0390625,0.11328125,0.41015625,39.0625,20,81.19
layer1.1.conv1,conv,6,64,1,False,64.0,0,32.0,32.0,160000,8.846373114899956,3.8328670095826283,0.05988854702472857,7.481773942900289,0.11690271785781702,2.0965468665309213,0.032758544789545645,2.5753696765649816,10,64,0.9829445532381412,64,8,13,32,55,0.125,0.203125,0.5,0.859375,2500.0,64.0,10000.0,0.3426242555720617,4.810714044690779,0.07516740694829342,6.865269336547687,0.10726983338355761,3.316204989931973,0.05181570296768708,3.499922954471369,10.0,64.0,0.9909195888418936,64.0,6.0,9.0,19.0,40.0,0.09375,0.140625,0.296875,0.625,156.25,20,81.19
layer1.1.conv2,conv,7,64,1,False,64.0,0,32.0,32.0,160000,5.759090795204834,8.810757527670194,0.1376680863698468,12.707646522048433,0.19855697690700677,4.801780353220893,0.07502781801907646,3.161234845647889,10,64,0.9931523590380176,64,11,16,31,54,0.171875,0.25,0.484375,0.84375,2500.0,64.0,10000.0,0.10479596904089414,2.6670194100298192,0.041672178281715926,4.278117660104885,0.06684558843913883,1.7670679360692854,0.027610436501082584,4.216223721251299,10.0,64.0,0.9789888800990568,64.0,5.0,7.0,15.0,31.0,0.078125,0.109375,0.234375,0.484375,156.25,20,81.19
layer1.1.conv3,conv,8,256,1,False,64.0,0,32.0,32.0,160000,0.9745189520358278,8.776176802000613,0.034281940632814895,13.259017116803175,0.0517930356125124,4.39466666328844,0.01716666665347047,10.577831065468141,10,256,0.8331065717677897,157,12,17,34,55,0.046875,0.06640625,0.1328125,0.21484375,625.0,256.0,10000.0,0.02115727940991975,2.9846792349549203,0.011658903261542657,5.00642434535132,0.019556345099028594,1.8789121963671584,0.007339500767059213,9.563210648005002,10.0,256.0,0.8716427019839933,159.0,5.0,8.0,16.0,36.0,0.01953125,0.03125,0.0625,0.140625,39.0625,20,81.19
layer1.1,block,9,256,1,False,,0,32.0,32.0,160000,20.801095402154537,16.741731549313585,0.06539738886450619,34.778703202336956,0.13585430938412874,6.429245713562772,0.02511424106860458,1.7781933614195007,10,256,0.9987434855712073,256,43,78,180,245,0.16796875,0.3046875,0.703125,0.95703125,625.0,256.0,10000.0,1.4245469597101148,5.139844641611249,0.02007751813129394,8.371631504391667,0.03270168556402995,2.8315233496344634,0.011060638084509623,2.498086118465263,10.0,256.0,0.9987402385006201,256.0,7.0,13.0,35.0,129.0,0.02734375,0.05078125,0.13671875,0.50390625,39.0625,20,81.19
layer1.2.conv1,conv,10,64,1,False,64.0,0,32.0,32.0,160000,12.460188048226033,4.62803918656298,0.07231311229004657,8.602270580250112,0.134410477816408,2.438945750180805,0.03810852734657508,2.439063662973381,10,64,0.9895437196126953,64,9,15,35,58,0.140625,0.234375,0.546875,0.90625,2500.0,64.0,10000.0,0.3027462153364702,4.381624731660525,0.0684628864321957,7.427884582915931,0.11606069660806143,2.350575835458772,0.03672774742904331,3.34735090457552,10.0,64.0,0.9906230855630546,64.0,7.0,11.0,22.0,45.0,0.109375,0.171875,0.34375,0.703125,156.25,20,81.19
layer1.2.conv2,conv,11,64,1,False,64.0,0,32.0,32.0,160000,4.406176769143052,9.81859497223362,0.15341554644115032,14.53199998251943,0.2270624997268661,5.147764734225617,0.08043382397227526,2.9089704230329114,10,64,0.9921127393632534,64,13,19,36,57,0.203125,0.296875,0.5625,0.890625,2500.0,64.0,10000.0,0.07025928697208692,2.8334926850839115,0.04427332320443612,4.737521765865251,0.07402377759164455,1.7898027622244235,0.027965668159756617,3.9345990858953828,10.0,64.0,0.9779537211612969,64.0,5.0,7.0,15.0,33.0,0.078125,0.109375,0.234375,0.515625,156.25,20,81.19
layer1.2.conv3,conv,12,256,1,False,64.0,0,32.0,32.0,160000,0.5141369082627546,12.06108996244956,0.0471136326658186,17.725033080753025,0.0692384104716915,6.264423710547935,0.02447040511932787,10.91164434847231,10,256,0.827465665534317,159,16,23,41,58,0.0625,0.08984375,0.16015625,0.2265625,625.0,256.0,10000.0,0.014542242051988204,3.47483815561008,0.013573586545351875,5.589353708459583,0.021833412923670244,2.070219018243355,0.008086793040013106,9.470890772269703,10.0,256.0,0.8637533000368373,160.0,5.0,8.0,16.0,37.0,0.01953125,0.03125,0.0625,0.14453125,39.0625,20,81.19
layer1.2,block,13,256,1,False,,0,32.0,32.0,160000,24.69698051360271,21.777881124048186,0.08506984814081323,43.49954046483811,0.16992007994077388,8.587197809177349,0.03354374144209902,1.6847474841535681,10,256,0.9983456324383763,256,54,97,196,248,0.2109375,0.37890625,0.765625,0.96875,625.0,256.0,10000.0,1.5335449162710824,5.777530139981052,0.022568477109300985,9.600625986314402,0.03750244525904063,3.0509893593746353,0.01191792718505717,2.437548822640431,10.0,256.0,0.9991115953309977,256.0,9.0,14.0,39.0,143.0,0.03515625,0.0546875,0.15234375,0.55859375,39.0625,20,81.19
layer2.0.conv1,conv,14,128,1,False,128.0,0,32.0,32.0,160000,18.459591203281278,10.362243335751895,0.08095502606056168,15.705895889362028,0.12270231163564084,5.301829433419253,0.041420542448587915,2.7004020903692254,10,128,0.9874411383273041,128,13,20,50,101,0.1015625,0.15625,0.390625,0.7890625,1250.0,128.0,10000.0,1.1446178022334603,5.055753770588115,0.03949807633271965,7.289088322983646,0.05694600252330973,2.9304222442996664,0.022893923783591143,3.4416938197730276,10.0,128.0,0.9935480874039407,128.0,7.0,9.0,17.0,43.0,0.0546875,0.0703125,0.1328125,0.3359375,78.125,20,81.19
layer2.0.conv2,conv,15,128,1,False,128.0,0,16.0,16.0,160000,13.811315171124857,12.734641259263874,0.09948938483799902,20.241955626222847,0.158140278329866,6.114342924804563,0.04776830410003565,2.9645044293264466,10,128,0.9964595823797958,128,19,26,52,104,0.1484375,0.203125,0.40625,0.8125,1250.0,128.0,10000.0,1.2737284458442846,4.167242591800626,0.03255658274844239,6.224658934447636,0.04863014792537216,2.430537190231015,0.018988571798679806,3.4326045645985572,10.0,128.0,0.9979209382859714,128.0,6.0,8.0,14.0,36.0,0.046875,0.0625,0.109375,0.28125,78.125,20,81.19
layer2.0.conv3,conv,16,512,1,False,128.0,0,16.0,16.0,160000,3.403846814409408,9.402459730354117,0.018364179160847885,15.717205111127566,0.030697666232671027,4.697976276763647,0.009175734915553999,8.46635980588494,10,512,0.8177187439653388,311,15,22,53,106,0.029296875,0.04296875,0.103515625,0.20703125,312.5,512.0,10000.0,0.37991452732258035,3.614599818259525,0.007059765270038135,5.728144269080461,0.011187781775547776,2.1221832029724146,0.004144889068305497,7.089681011616996,10.0,512.0,0.8755348897421148,318.0,6.0,8.0,15.0,44.0,0.01171875,0.015625,0.029296875,0.0859375,19.53125,20,81.19
layer2.0.downsample.0,conv,17,512,1,False,256.0,0,16.0,16.0,160000,21.384545896790765,12.131893753413015,0.023695104987134796,18.3337549078265,0.03580811505434863,5.983329649298397,0.011686190721285931,6.611623668373137,10,512,0.6419674480709953,379,15,22,69,180,0.029296875,0.04296875,0.134765625,0.3515625,312.5,512.0,10000.0,2.3847678372254815,4.821099611429703,0.009416210178573638,6.851503965776541,0.013381843683157306,2.8184517076513793,0.0055047884915066,5.769926538601967,10.0,512.0,0.7375452459858312,383.0,6.0,8.0,16.0,56.0,0.01171875,0.015625,0.03125,0.109375,19.53125,20,81.19
layer2.0,block,18,512,1,False,,0,16.0,16.0,160000,46.67604899770079,17.54798536906449,0.034273408923954085,39.032465417655374,0.07623528401885815,6.865440806229769,0.013409064074667517,1.6915206650309236,10,512,0.9978726540718448,512,49,102,318,481,0.095703125,0.19921875,0.62109375,0.939453125,312.5,512.0,10000.0,5.171433903429519,5.112884247414115,0.009986102045730694,9.053207159485158,0.01768204523336945,2.718858122915204,0.005310269771318757,2.167624908729717,10.0,512.0,0.9972729551005891,512.0,9.0,13.0,44.0,230.0,0.017578125,0.025390625,0.0859375,0.44921875,19.53125,20,81.19
layer2.1.conv1,conv,19,128,1,False,128.0,0,16.0,16.0,160000,29.07027851361726,8.654641208985772,0.06761438444520135,14.28569299557345,0.11160697652791758,4.357788177758101,0.03404522013873516,2.43877251361956,10,128,0.9958114353335837,128,13,20,54,108,0.1015625,0.15625,0.421875,0.84375,1250.0,128.0,10000.0,3.6154010446898024,4.4422236755261615,0.03470487246504814,6.612241794452191,0.051658139019157744,2.6837866855537427,0.020967083480888615,3.0573041399892733,10.0,128.0,0.9979340189097836,128.0,6.0,9.0,16.0,48.0,0.046875,0.0703125,0.125,0.375,78.125,20,81.19
layer2.1.conv2,conv,20,128,1,False,128.0,0,16.0,16.0,160000,10.94170402597762,18.0184205804893,0.14076891078507264,28.129014820246635,0.21975792828317683,8.538553525595175,0.0667074494187123,2.7559366522398205,10,128,0.9873048163333316,128,26,36,70,114,0.203125,0.28125,0.546875,0.890625,1250.0,128.0,10000.0,0.9731871807746316,3.5998665234567615,0.02812395721450595,6.075791548274135,0.04746712147089168,2.0780416642270665,0.016234700501773957,3.674442663932369,10.0,128.0,0.9865491582597181,128.0,6.0,9.0,19.0,46.0,0.046875,0.0703125,0.1484375,0.359375,78.125,20,81.19
layer2.1.conv3,conv,21,512,1,False,128.0,0,16.0,16.0,160000,1.953908742814613,11.773341871818781,0.022994808343396057,21.04410282149803,0.04110176332323834,5.353699810124504,0.010456444941649422,8.783776837948182,10,512,0.7991223086117039,312,21,34,76,116,0.041015625,0.06640625,0.1484375,0.2265625,312.5,512.0,10000.0,0.17125344118674374,2.333312559257485,0.0045572510922997755,4.430167025409951,0.008652669971503811,1.5688853131487295,0.0030642291272436123,7.546301312989844,10.0,512.0,0.8519047949806384,320.0,5.0,9.0,24.0,72.0,0.009765625,0.017578125,0.046875,0.140625,19.53125,20,81.19
layer2.1,block,22,512,1,False,,0,16.0,16.0,160000,59.474122116317695,25.721655111856887,0.05023760764034548,58.26683993020128,0.11380242173867437,9.050052636911447,0.01767588405646767,1.5815865903890454,10,512,0.9992262461134396,512,81,161,379,495,0.158203125,0.314453125,0.740234375,0.966796875,312.5,512.0,10000.0,5.4403769751858135,5.33150392134956,0.010413093596385859,10.435845285317681,0.020382510322886096,2.645459458095209,0.005166913004092205,2.0397538748568227,10.0,512.0,0.9982129976505233,512.0,10.0,17.0,68.0,314.0,0.01953125,0.033203125,0.1328125,0.61328125,19.53125,20,81.19
layer2.2.conv1,conv,23,128,1,False,128.0,0,16.0,16.0,160000,33.49539848576866,12.368672962293187,0.09663025751791553,20.42222737722363,0.15954865138455962,5.7192988777397975,0.04468202248234217,2.4136626128408065,10,128,0.9967741319768884,128,19,29,70,115,0.1484375,0.2265625,0.546875,0.8984375,1250.0,128.0,10000.0,2.6276950288827914,5.777922080061441,0.04514001625048001,8.995142535833338,0.07027455106119795,3.02917459713246,0.023665426540097345,2.9448110534222653,10.0,128.0,0.9977146454458058,128.0,8.0,11.0,25.0,71.0,0.0625,0.0859375,0.1953125,0.5546875,78.125,20,81.19
layer2.2.conv2,conv,24,128,1,False,128.0,0,16.0,16.0,160000,7.156424428701761,21.08058408204364,0.16469206314096593,33.148042888489236,0.25896908506632216,9.422781246712505,0.07361547848994145,2.4912922305819154,10,128,0.9850199752499175,128,31,44,82,120,0.2421875,0.34375,0.640625,0.9375,1250.0,128.0,10000.0,0.48399043638719486,4.346946278497447,0.03396051780076131,7.584596543992364,0.05925466049994035,2.3455074565476406,0.018324277004278442,3.379367015789817,10.0,128.0,0.986079210676151,128.0,8.0,11.0,25.0,61.0,0.0625,0.0859375,0.1953125,0.4765625,78.125,20,81.19
layer2.2.conv3,conv,25,512,1,False,128.0,0,16.0,16.0,160000,1.3068677719800263,14.784360677220135,0.028875704447695577,26.36458179696935,0.05149332382220576,6.109303197676992,0.011932232807962875,8.981233089019094,10,512,0.7886989072990809,311,26,43,87,120,0.05078125,0.083984375,0.169921875,0.234375,312.5,512.0,10000.0,0.11358526634877178,2.4378179275783496,0.004761363139801464,4.9804820069581375,0.009727503919840112,1.5965261589192332,0.0031182151541391274,7.737491462672315,10.0,512.0,0.843925691208035,318.0,6.0,10.0,29.0,82.0,0.01171875,0.01953125,0.056640625,0.16015625,19.53125,20,81.19
layer2.2,block,26,512,1,False,,0,16.0,16.0,160000,75.77089241917128,30.839924997097118,0.06023422850995531,70.47228541250227,0.1376411824462935,10.506701666106753,0.020520901691614753,1.5075155036684302,10,512,0.9990771846852577,512,103,198,405,499,0.201171875,0.38671875,0.791015625,0.974609375,312.5,512.0,10000.0,6.414008455843359,5.511588967073291,0.010764822201315022,11.291561643501556,0.022053831334963976,2.6765977458356915,0.005227729972335335,1.9766967362625198,10.0,512.0,0.9981642189919079,512.0,11.0,20.0,84.0,351.0,0.021484375,0.0390625,0.1640625,0.685546875,19.53125,20,81.19
layer2.3.conv1,conv,27,128,1,False,128.0,0,16.0,16.0,160000,33.637644946894376,15.740860810360184,0.12297547508093894,25.45898650405171,0.19889833206290397,7.682153378507432,0.06001682326958931,2.278833892051254,10,128,0.9970988563495911,128,23,37,82,120,0.1796875,0.2890625,0.640625,0.9375,1250.0,128.0,10000.0,2.443973139094606,6.113072867833231,0.047758381779947116,9.861024117219182,0.07703925091577486,3.193194729039729,0.024946833820622884,2.85094375813386,10.0,128.0,0.9982031387433179,128.0,9.0,13.0,31.0,83.0,0.0703125,0.1015625,0.2421875,0.6484375,78.125,20,81.19
layer2.3.conv2,conv,28,128,1,False,128.0,0,16.0,16.0,160000,5.549598463737874,20.98374728975575,0.1639355257012168,32.82185122495611,0.25642071269496963,9.225588089884601,0.07207490695222345,2.3966072184665164,10,128,0.9910386726702027,128,30,45,85,121,0.234375,0.3515625,0.6640625,0.9453125,1250.0,128.0,10000.0,0.403811636512933,5.074484084841792,0.0396444069128265,8.112179348631988,0.06337640116118741,2.8097088115603492,0.02195085009031523,3.385147271014354,10.0,128.0,0.9882507746987874,128.0,8.0,11.0,25.0,62.0,0.0625,0.0859375,0.1953125,0.484375,78.125,20,81.19
layer2.3.conv3,conv,29,512,1,False,128.0,0,16.0,16.0,160000,1.1248834191987744,11.663158937877101,0.022779607300541214,23.76893741052753,0.046423705879936585,4.3891677278373304,0.008572593218432286,8.90245927119994,10,512,0.7907392691208122,313,26,42,88,121,0.05078125,0.08203125,0.171875,0.236328125,312.5,512.0,10000.0,0.12143501170632004,2.607102166405282,0.005091996418760316,4.901624527042699,0.009573485404380272,1.687233598920772,0.003295378122892133,7.561620989058267,10.0,512.0,0.8440849772785363,318.0,6.0,10.0,25.0,77.0,0.01171875,0.01953125,0.048828125,0.150390625,19.53125,20,81.19
layer2.3,block,30,512,1,False,,0,16.0,16.0,160000,86.29723748878277,35.8245773391625,0.06996987761555176,81.55568397084662,0.1592884452555598,12.006171143673516,0.023449553014987336,1.4577693518308499,10,512,0.9988396342460439,512,122,225,420,501,0.23828125,0.439453125,0.8203125,0.978515625,312.5,512.0,10000.0,6.827736129309108,6.908070010042162,0.013492324238363598,13.493128690496036,0.02635376697362507,3.2919877438501053,0.006429663562207237,1.951223141806523,10.0,512.0,0.9978732378135042,512.0,13.0,24.0,103.0,377.0,0.025390625,0.046875,0.201171875,0.736328125,19.53125,20,81.19
layer3.0.conv1,conv,31,256,1,False,256.0,0,16.0,16.0,160000,62.78797945769851,14.76089556234782,0.05765974829042117,25.351653915620282,0.09902989810789173,5.991283490465515,0.023403451134630916,2.3868245559691275,10,256,0.9869060181315242,256,23,35,106,209,0.08984375,0.13671875,0.4140625,0.81640625,625.0,256.0,10000.0,6.090603775756894,6.023063398050003,0.023527591398632825,9.680531895943332,0.03781457771852864,3.1314192467769413,0.012232106432722427,2.9103018389077526,10.0,256.0,0.9923938074845748,256.0,9.0,13.0,26.0,91.0,0.03515625,0.05078125,0.1015625,0.35546875,39.0625,20,81.19
layer3.0.conv2,conv,32,256,1,False,256.0,0,8.0,8.0,160000,22.700913663591432,18.78359767005299,0.0733734283986445,31.832676731459927,0.12434639348226534,7.135680922247705,0.027873753602530096,2.557853761569901,10,256,0.9961184003085298,256,29,43,101,214,0.11328125,0.16796875,0.39453125,0.8359375,625.0,256.0,10000.0,2.7667630746555236,6.583110979431147,0.02571527726340292,10.378459026065064,0.04054085557056666,3.5023393092090043,0.013681012926597673,2.8510170689289165,10.0,256.0,0.9988037524794577,256.0,9.0,14.0,30.0,97.0,0.03515625,0.0546875,0.1171875,0.37890625,39.0625,20,81.19
layer3.0.conv3,conv,33,1024,1,False,256.0,0,8.0,8.0,160000,5.997974958336424,15.657124965912358,0.015290161099523787,26.874214331841625,0.026244349933439087,6.052399930889598,0.005910546807509373,7.3289997653090895,10,1024,0.797548217965319,622,24,36,111,217,0.0234375,0.03515625,0.1083984375,0.2119140625,156.25,1024.0,10000.0,0.7393461112959643,6.635966526522512,0.00648043606105714,10.88338518733165,0.010628305847003564,3.5790471862205515,0.0034951632677935073,6.758400763362079,10.0,1024.0,0.834764608527379,639.0,10.0,15.0,34.0,131.0,0.009765625,0.0146484375,0.033203125,0.1279296875,9.765625,20,81.19
layer3.0.downsample.0,conv,34,1024,1,False,512.0,0,8.0,8.0,160000,76.37573329084975,14.638380417571499,0.014295293376534667,25.861100484778763,0.02525498094216676,6.296911082638519,0.0061493272291391786,5.633343646405724,10,1024,0.6198730233847358,756,23,37,149,380,0.0224609375,0.0361328125,0.1455078125,0.37109375,156.25,1024.0,10000.0,9.396583481566601,5.625849493636584,0.005493993646129476,9.500849821085504,0.009278173653403813,2.9160374259775206,0.0028476927988061724,5.283663743655593,10.0,1024.0,0.6770371515467761,766.0,9.0,13.0,36.0,191.0,0.0087890625,0.0126953125,0.03515625,0.1865234375,9.765625,20,81.19
layer3.0,block,35,1024,1,False,,0,8.0,8.0,160000,90.87359327958774,25.120246687547866,0.024531490905808463,63.67959354003974,0.06218710306644506,8.223010864369511,0.008030284047235851,1.5279463379862965,10,1024,0.9984738884064953,1024,96,221,686,976,0.09375,0.2158203125,0.669921875,0.953125,156.25,1024.0,10000.0,10.120073302321451,7.883321029660286,0.007698555693027623,15.983092832370154,0.015608489094111479,3.7598712316512044,0.0036717492496593793,1.7848567133879636,10.0,1024.0,0.9975556244873722,1024.0,16.0,32.0,179.0,751.0,0.015625,0.03125,0.1748046875,0.7333984375,9.765625,20,81.19
layer3.1.conv1,conv,36,256,1,False,256.0,0,8.0,8.0,160000,57.51202643746253,12.97452746345519,0.05068174790412184,22.39688721175876,0.08748784067093265,5.710161711722637,0.02230531918641655,2.1934260565904333,10,256,0.9939967295499564,256,20,32,105,218,0.078125,0.125,0.41015625,0.8515625,625.0,256.0,10000.0,7.291461537147814,6.47743860558158,0.025302494553053046,10.415228645513194,0.040684486896535914,3.3926057797816322,0.013252366327272001,2.5316494648864447,10.0,256.0,0.9951873123623571,256.0,10.0,14.0,33.0,132.0,0.0390625,0.0546875,0.12890625,0.515625,39.0625,20,81.19
layer3.1.conv2,conv,37,256,1,False,256.0,0,8.0,8.0,160000,20.62853663080961,25.570152962054408,0.09988341000802503,43.15373798068237,0.16856928898704052,10.454049515293153,0.04083613091911388,2.4993979564403705,10,256,0.9846644175927535,256,41,61,129,224,0.16015625,0.23828125,0.50390625,0.875,625.0,256.0,10000.0,2.1449820318380155,6.24009814514901,0.02437538337948832,10.427035041578206,0.040730605631164866,3.2684687268283086,0.01276745596417308,3.0870071929832963,10.0,256.0,0.9926494362093982,256.0,10.0,16.0,37.0,105.0,0.0390625,0.0625,0.14453125,0.41015625,39.0625,20,81.19
layer3.1.conv3,conv,38,1024,1,False,256.0,0,8.0,8.0,160000,3.2324740234912044,20.206859118309257,0.019733260857723884,37.02388648120471,0.03615613914180148,7.898729949923868,0.007713603466722527,7.605149886904071,10,1024,0.7750115926639067,621,37,65,159,236,0.0361328125,0.0634765625,0.1552734375,0.23046875,156.25,1024.0,10000.0,0.2766222899089237,5.639972683808101,0.005507785824031349,11.491802302177144,0.011222463185719867,2.838150728077237,0.0027716315703879267,7.140240851644047,10.0,1024.0,0.808484602947031,637.0,13.0,23.0,71.0,189.0,0.0126953125,0.0224609375,0.0693359375,0.1845703125,9.765625,20,81.19
layer3.1,block,39,1024,1,False,,0,8.0,8.0,160000,117.8537249997659,36.83732610651875,0.03597395127589722,96.59465571964476,0.09433071847621559,11.032168096985725,0.010773601657212622,1.436357582249339,10,1024,0.9992453106314647,1024,164,347,789,995,0.16015625,0.3388671875,0.7705078125,0.9716796875,156.25,1024.0,10000.0,11.036355023314346,9.04623552496895,0.00883421437985249,20.15333875528685,0.019680994878209814,4.095677829218419,0.003999685380096112,1.6859378125762028,10.0,1024.0,0.9980420396852334,1024.0,22.0,50.0,306.0,852.0,0.021484375,0.048828125,0.298828125,0.83203125,9.765625,20,81.19
layer3.2.conv1,conv,40,256,1,False,256.0,0,8.0,8.0,160000,68.1673179063895,18.976397697820456,0.07412655350711116,32.61683646953766,0.12740951745913148,8.443673037116037,0.03298309780123452,2.175182076304282,10,256,0.9956749969499479,256,30,48,137,231,0.1171875,0.1875,0.53515625,0.90234375,625.0,256.0,10000.0,5.856584833389865,8.868986410152893,0.03464447816465974,14.964665716540619,0.05845572545523679,4.689890563855842,0.018319885015061883,2.4641541219022147,10.0,256.0,0.9968179495381994,256.0,15.0,22.0,57.0,178.0,0.05859375,0.0859375,0.22265625,0.6953125,39.0625,20,81.19
layer3.2.conv2,conv,41,256,1,False,256.0,0,8.0,8.0,160000,13.521090353047317,29.471024334272965,0.11512118880575377,49.75846565527245,0.19436900646590802,11.823747816165302,0.04618651490689571,2.3124765395654228,10,256,0.9851540102553217,256,48,71,149,235,0.1875,0.27734375,0.58203125,0.91796875,625.0,256.0,10000.0,0.8914277532536625,7.939788136156771,0.031014797406862388,14.432188149876385,0.05637573496045463,4.059248092897791,0.015856437862881996,2.87986774879408,10.0,256.0,0.9896250371448517,256.0,15.0,23.0,57.0,149.0,0.05859375,0.08984375,0.22265625,0.58203125,39.0625,20,81.19
layer3.2.conv3,conv,42,1024,1,False,256.0,0,8.0,8.0,160000,2.3688551767106314,23.59031083228732,0.023037412922155585,43.72995103971594,0.0427050303122226,9.800317801070594,0.009570622852608002,7.731001151942693,10,1024,0.7662107511476713,619,46,80,175,242,0.044921875,0.078125,0.1708984375,0.236328125,156.25,1024.0,10000.0,0.14186439230210693,7.845124541920866,0.007661254435469595,16.385905060189998,0.016001860410341795,3.930447047937769,0.0038383271952517274,7.4123079577547495,10.0,1024.0,0.7949362372428488,637.0,19.0,32.0,102.0,212.0,0.0185546875,0.03125,0.099609375,0.20703125,9.765625,20,81.19
layer3.2,block,43,1024,1,False,,0,8.0,8.0,160000,155.0846726541071,43.727582664754365,0.042702717446049185,116.42045595533338,0.11369185151888025,12.621467178357012,0.01232565154136427,1.3745117018972075,10,1024,0.9985800998998802,1024,210,418,831,1001,0.205078125,0.408203125,0.8115234375,0.9775390625,156.25,1024.0,10000.0,12.682863320991496,10.134150579372923,0.00989663142516887,23.8721588021117,0.023312655080187206,4.708825870127231,0.004598462763796124,1.6319474239703602,10.0,1024.0,0.997609673014734,1024.0,28.0,69.0,394.0,893.0,0.02734375,0.0673828125,0.384765625,0.8720703125,9.765625,20,81.19
layer3.3.conv1,conv,44,256,1,False,256.0,0,8.0,8.0,160000,83.80298177611444,21.473601718109443,0.08388125671136501,37.03987988304644,0.14468703079315015,8.702288351895374,0.033993313874591306,2.098696660226142,10,256,0.9954479879206565,256,34,57,152,236,0.1328125,0.22265625,0.59375,0.921875,625.0,256.0,10000.0,6.199704642446962,9.47674095573215,0.037018519358328714,16.766353137307718,0.06549356694260827,4.965303267130631,0.019395715887229027,2.37875695675803,10.0,256.0,0.9964376718985573,256.0,17.0,25.0,72.0,195.0,0.06640625,0.09765625,0.28125,0.76171875,39.0625,20,81.19
layer3.3.conv2,conv,45,256,1,False,256.0,0,8.0,8.0,160000,9.194714631764707,29.39822343557736,0.11483681029522406,50.318434760036084,0.19655638578139095,11.17905597096924,0.04366818738659859,2.196864536702038,10,256,0.9899755417966669,256,48,74,160,240,0.1875,0.2890625,0.625,0.9375,625.0,256.0,10000.0,0.5657103302504095,7.832633468587035,0.030596224486668107,15.488609662342409,0.060502381493525034,3.542046127420934,0.013836117685238023,2.791442162710976,10.0,256.0,0.9899628922650088,256.0,17.0,26.0,64.0,163.0,0.06640625,0.1015625,0.25,0.63671875,39.0625,20,81.19
layer3.3.conv3,conv,46,1024,1,False,256.0,0,8.0,8.0,160000,1.9277527712305944,24.89832661749123,0.024314772087393778,45.40715766424435,0.044342927406488625,10.63608624838092,0.010386802976934492,7.751286860349181,10,1024,0.7633714105256598,619,47,84,180,243,0.0458984375,0.08203125,0.17578125,0.2373046875,156.25,1024.0,10000.0,0.11450770751163672,8.069156039775326,0.007880035195093091,17.680238557522106,0.01726585796633018,3.5188775524488274,0.003436403859813308,7.47341950258052,10.0,1024.0,0.7933249926621708,636.0,20.0,35.0,108.0,217.0,0.01953125,0.0341796875,0.10546875,0.2119140625,9.765625,20,81.19
layer3.3,block,47,1024,1,False,,0,8.0,8.0,160000,191.2475661596334,48.53668888368381,0.04739911023797247,128.6580333986269,0.1256426107408466,13.712706740537888,0.013391315176306531,1.337537432389201,10,1024,0.997757058712877,1024,238,457,851,1004,0.232421875,0.4462890625,0.8310546875,0.98046875,156.25,1024.0,10000.0,14.817851926808851,10.55992960846318,0.010312431258264825,26.140811018056628,0.025528135759820925,5.022737866635073,0.004905017447885814,1.6059110094201596,10.0,1024.0,0.9972197723504543,1024.0,32.0,82.0,441.0,910.0,0.03125,0.080078125,0.4306640625,0.888671875,9.765625,20,81.19
layer3.4.conv1,conv,48,256,1,False,256.0,0,8.0,8.0,160000,84.50958851284429,25.40923636472919,0.0992548295497234,43.53606243030036,0.1700627438683608,10.705170111551372,0.041817070748247545,2.0181246633692087,10,256,0.9945768618136055,256,40,69,169,241,0.15625,0.26953125,0.66015625,0.94140625,625.0,256.0,10000.0,5.8465844084009335,10.42032322272255,0.04070438758875996,19.36379868475485,0.07563983861232364,5.024134272771997,0.019625524503015614,2.311533868485729,10.0,256.0,0.9964327552103771,256.0,20.0,30.0,90.0,208.0,0.078125,0.1171875,0.3515625,0.8125,39.0625,20,81.19
layer3.4.conv2,conv,49,256,1,False,256.0,0,8.0,8.0,160000,7.602170653550463,26.370228842192,0.1030087064148125,47.49566967304564,0.18552995966033453,9.538664615678899,0.0372604086549957,2.14247877794572,10,256,0.9916567649873217,256,47,72,163,241,0.18359375,0.28125,0.63671875,0.94140625,625.0,256.0,10000.0,0.4697422169856114,8.672517715114367,0.033877022324665496,16.810899173452363,0.06566757489629829,3.9157496890099313,0.015295897222695044,2.7770954439856395,10.0,256.0,0.9910551005030367,256.0,18.0,27.0,66.0,167.0,0.0703125,0.10546875,0.2578125,0.65234375,39.0625,20,81.19
layer3.4.conv3,conv,50,1024,1,False,256.0,0,8.0,8.0,160000,1.7080566235765402,24.383063373817034,0.023811585325993197,45.45616045808894,0.04439078169735248,9.344931765086532,0.009125909926842316,7.775633233557513,10,1024,0.7605771505658997,617,48,87,184,244,0.046875,0.0849609375,0.1796875,0.23828125,156.25,1024.0,10000.0,0.11201329958354594,9.602505984182875,0.009377447250178588,19.011918209164925,0.018566326376137622,4.580289307582231,0.004472938776935773,7.458010448361856,10.0,1024.0,0.791553822330918,637.0,20.0,33.0,108.0,217.0,0.01953125,0.0322265625,0.10546875,0.2119140625,9.765625,20,81.19
layer3.4,block,51,1024,1,False,,0,8.0,8.0,160000,226.3493166030691,51.447943240874345,0.05024213207116635,135.29536367437734,0.13212437858825912,14.541634744160568,0.014200815179844305,1.3128005303014,10,1024,0.9967445006627143,1024,255,480,862,1005,0.2490234375,0.46875,0.841796875,0.9814453125,156.25,1024.0,10000.0,17.305236377596223,11.223882206371256,0.01096082246715943,28.305055801634094,0.027641656056283295,5.138699080632388,0.005018260820930066,1.5965142537476145,10.0,1024.0,0.9964332195569515,1024.0,35.0,89.0,466.0,918.0,0.0341796875,0.0869140625,0.455078125,0.896484375,9.765625,20,81.19
layer3.5.conv1,conv,52,256,1,False,256.0,0,8.0,8.0,160000,95.91495032633567,26.500788614253313,0.103518705524427,44.89239022773447,0.17536089932708776,11.393404869244725,0.044505487770487205,1.9970106687990448,10,256,0.9947575482128653,256,42,72,172,242,0.1640625,0.28125,0.671875,0.9453125,625.0,256.0,10000.0,6.775288247040817,11.150071584826968,0.04355496712823034,20.53025372541557,0.08019630361490457,5.231279967788685,0.020434687374174552,2.3102380695826144,10.0,256.0,0.994992920011687,256.0,21.0,31.0,92.0,211.0,0.08203125,0.12109375,0.359375,0.82421875,39.0625,20,81.19
layer3.5.conv2,conv,53,256,1,False,256.0,0,8.0,8.0,160000,7.015662298902032,25.28754530690203,0.09877947385508605,44.39461093043542,0.17341644894701336,9.438715174865731,0.03686998115181926,2.1353217544641443,10,256,0.995281746361236,256,43,67,160,240,0.16796875,0.26171875,0.625,0.9375,625.0,256.0,10000.0,0.4775642112660412,9.47805858204313,0.03702366633610597,17.17290837372824,0.06708167333487594,4.4023787259629446,0.017196791898292752,2.800011061634886,10.0,256.0,0.9919944390588481,256.0,18.0,25.0,60.0,162.0,0.0703125,0.09765625,0.234375,0.6328125,39.0625,20,81.19
layer3.5.conv3,conv,54,1024,1,False,256.0,0,8.0,8.0,160000,1.6909088960002414,18.650150806297862,0.018213037896775256,37.68069771481932,0.03679755636212824,6.616754262950778,0.006461674084912869,7.644175629750292,10,1024,0.7615860247334032,620,41,79,179,243,0.0400390625,0.0771484375,0.1748046875,0.2373046875,156.25,1024.0,10000.0,0.13455555666336022,8.047082978633016,0.007858479471321305,16.213052813455597,0.015833059388140232,3.570287157730055,0.0034866085524707566,7.314989158151518,10.0,1024.0,0.7944293309991171,637.0,17.0,26.0,94.0,210.0,0.0166015625,0.025390625,0.091796875,0.205078125,9.765625,20,81.19
layer3.5,block,55,1024,1,False,,0,8.0,8.0,160000,258.05853123224557,51.90378662133206,0.05068729162239459,138.07945120927477,0.1348432140715574,13.969030469970297,0.013641631318330369,1.2943740509335315,10,1024,0.9957695622538013,1024,266,494,868,1006,0.259765625,0.482421875,0.84765625,0.982421875,156.25,1024.0,10000.0,20.639625715434967,11.758605746711858,0.011483013424523299,29.39939487630077,0.028710346558887472,5.081089584790649,0.004962001547647118,1.5947104329622854,10.0,1024.0,0.9955075276466926,1024.0,35.0,89.0,470.0,919.0,0.0341796875,0.0869140625,0.458984375,0.8974609375,9.765625,20,81.19
layer4.0.conv1,conv,56,512,1,False,512.0,0,8.0,8.0,160000,144.54213107587375,21.928653413533134,0.0428294011983069,40.01371681993947,0.07815179066394427,8.239875109191512,0.016093506072639673,2.013170394600353,10,512,0.9791691782002842,512,35,66,244,437,0.068359375,0.12890625,0.4765625,0.853515625,312.5,512.0,10000.0,15.316525849993589,8.940945599490185,0.017462784374004267,16.111381943137655,0.03146754285769073,4.264816262095893,0.008329719261906041,2.2993141697681434,10.0,512.0,0.9818809018735783,512.0,16.0,23.0,65.0,294.0,0.03125,0.044921875,0.126953125,0.57421875,19.53125,20,81.19
layer4.0.conv2,conv,57,512,1,False,512.0,0,4.0,4.0,160000,31.138360831533273,17.364297266063744,0.03391464309778075,30.777183182870978,0.06011168590404488,6.5661961187796125,0.01282460179449143,2.1610126254705855,10,512,0.9896762115274875,512,28,42,135,412,0.0546875,0.08203125,0.263671875,0.8046875,312.5,512.0,10000.0,5.231836378136607,7.793322559852877,0.01522133312471265,12.781342458775473,0.024963559489795846,4.103965784740906,0.008015558173322081,2.161191724037457,10.0,512.0,0.9856724090630482,512.0,12.0,17.0,41.0,248.0,0.0234375,0.033203125,0.080078125,0.484375,19.53125,20,81.19
layer4.0.conv3,conv,58,2048,1,False,512.0,0,4.0,4.0,160000,10.59885984242608,9.462257966190958,0.0046202431475541785,19.064277938618407,0.009308729462216019,3.792256560109273,0.0018516877734908559,6.435404597944117,10,2048,0.7772985728527534,1258,18,28,139,397,0.0087890625,0.013671875,0.06787109375,0.19384765625,78.125,2048.0,10000.0,2.0429404378965836,7.061825039046541,0.003448156757346944,11.045618596182543,0.005393368455167257,3.640472100804436,0.001777574267970916,5.967568113249115,10.0,2048.0,0.797807886122049,1274.0,10.0,13.0,35.0,259.0,0.0048828125,0.00634765625,0.01708984375,0.12646484375,4.8828125,20,81.19
layer4.0.downsample.0,conv,59,2048,1,False,1024.0,0,4.0,4.0,160000,148.50304152170426,16.65815441630204,0.00813386446108498,36.86180261946148,0.017998927060283925,5.503201155649621,0.0026871099392820415,5.309188318654623,10,2048,0.5698412559279582,1516,34,71,397,829,0.0166015625,0.03466796875,0.19384765625,0.40478515625,78.125,2048.0,10000.0,22.130574023512207,6.888105843617633,0.0033633329314539224,14.761636027540382,0.007207830091572452,3.5374525966675248,0.0017272717757165648,5.067355999405272,10.0,2048.0,0.598661310862675,1532.0,16.0,28.0,177.0,672.0,0.0078125,0.013671875,0.08642578125,0.328125,4.8828125,20,81.19
layer4.0,block,60,2048,1,False,,0,4.0,4.0,160000,101.7455155285233,19.22475802614377,0.009387088879953013,59.58282504524692,0.029093176291624473,5.9661178837287085,0.0029131434979144085,1.410862819415981,10,2048,0.9968137326965123,2048,107,306,1257,1930,0.05224609375,0.1494140625,0.61376953125,0.9423828125,78.125,2048.0,10000.0,16.860040000293168,9.157607734024683,0.00447148815137924,20.651280374337226,0.010083632995281849,4.387039169310498,0.0021421089693898915,1.5447265729164785,10.0,2048.0,0.9932514328967451,2048.0,21.0,61.0,558.0,1655.0,0.01025390625,0.02978515625,0.2724609375,0.80810546875,4.8828125,20,81.19
layer4.1.conv1,conv,61,512,1,False,512.0,0,4.0,4.0,160000,40.453008413929545,15.030611960663212,0.029356663985670335,28.733323884078647,0.05611977321109111,5.6800392156197725,0.011093826593007368,1.8501378917871416,10,512,0.9862843830505579,512,25,46,220,444,0.048828125,0.08984375,0.4296875,0.8671875,312.5,512.0,10000.0,6.018056023977893,9.666935111176628,0.01888073263901685,16.591464634054084,0.03240520436338688,5.22546903037723,0.010205994199955527,1.939316174426405,10.0,512.0,0.9857385603719043,512.0,15.0,22.0,105.0,374.0,0.029296875,0.04296875,0.205078125,0.73046875,19.53125,20,81.19
layer4.1.conv2,conv,62,512,1,False,512.0,0,4.0,4.0,160000,15.350723499735407,16.850422306278553,0.0329109810669503,34.4385372862407,0.06726276813718887,6.669619835162359,0.013026601240551482,2.128344659038028,10,512,0.9983756115304989,512,37,62,191,436,0.072265625,0.12109375,0.373046875,0.8515625,312.5,512.0,10000.0,1.7247300388712918,8.95804836348966,0.01749618820994074,14.81025914182053,0.028926287386368224,4.48287460905937,0.008755614470819082,2.334222604927019,10.0,512.0,0.9937821253217277,512.0,14.0,21.0,62.0,271.0,0.02734375,0.041015625,0.12109375,0.529296875,19.53125,20,81.19
layer4.1.conv3,conv,63,2048,1,False,512.0,0,4.0,4.0,160000,3.2626989497858414,11.31701724560857,0.0055258873269573095,25.450265142268748,0.012426887276498412,5.18679437915401,0.002532614442946294,6.7899770820900995,10,2048,0.7565908253749338,1258,29,67,258,456,0.01416015625,0.03271484375,0.1259765625,0.22265625,78.125,2048.0,10000.0,0.5312904016205461,5.771686646387412,0.0028182063703063535,10.980456039538682,0.005361550800555997,2.8243335586968095,0.0013790691204574265,6.231334974220429,10.0,2048.0,0.7800352965200914,1272.0,10.0,15.0,91.0,356.0,0.0048828125,0.00732421875,0.04443359375,0.173828125,4.8828125,20,81.19
layer4.1,block,64,2048,1,False,,0,4.0,4.0,160000,117.57022632200949,19.747638825872205,0.009642401770445412,64.57635116683741,0.03153142146818233,6.0279104033278195,0.002943315626624912,1.3820608890289707,10,2048,0.9973410319402607,2048,127,360,1334,1947,0.06201171875,0.17578125,0.6513671875,0.95068359375,78.125,2048.0,10000.0,20.265594160842703,9.309042639155159,0.00454543097614998,20.43097582931238,0.009976062416656436,4.310808531042596,0.0021048869780481427,1.5216354783322246,10.0,2048.0,0.9936371318665069,2048.0,20.0,62.0,574.0,1670.0,0.009765625,0.0302734375,0.2802734375,0.8154296875,4.8828125,20,81.19
layer4.2.conv1,conv,65,512,1,False,512.0,0,4.0,4.0,160000,62.27715631999519,14.214851364426497,0.027763381571145503,25.047164534004658,0.04892024323047785,6.358342432429203,0.012418637563338287,1.8268527829929022,10,512,0.9847436500006659,512,21,37,197,435,0.041015625,0.072265625,0.384765625,0.849609375,312.5,512.0,10000.0,11.146863113175447,8.087053684424886,0.015795026727392355,13.158635496502173,0.025700459954105807,3.9705427359898144,0.007754966281230106,1.905059587677881,10.0,512.0,0.9832630433110947,512.0,11.0,16.0,66.0,334.0,0.021484375,0.03125,0.12890625,0.65234375,19.53125,20,81.19
layer4.2.conv2,conv,66,512,1,False,512.0,0,4.0,4.0,160000,21.396809041739775,12.975196211902801,0.02534218010137266,24.225305409307868,0.04731504962755443,5.750613581535759,0.011231667151437029,2.1632306387785807,10,512,0.9960043269919469,512,24,38,123,394,0.046875,0.07421875,0.240234375,0.76953125,312.5,512.0,10000.0,5.573276308090709,6.629704077089967,0.012948640775566341,9.503007301955352,0.018560561136631546,3.4218237140747574,0.0066832494415522605,2.3187020995712526,10.0,512.0,0.9889679412170546,512.0,9.0,10.0,20.0,117.0,0.017578125,0.01953125,0.0390625,0.228515625,19.53125,20,81.19
layer4.2.conv3,conv,67,2048,1,False,512.0,0,4.0,4.0,160000,6.186767163673034,5.528452905211746,0.002699439895122923,11.630387001821777,0.00567889990323329,2.6581552220751905,0.0012979273545289016,6.216756970975764,10,2048,0.7756255431717982,1262,11,21,118,387,0.00537109375,0.01025390625,0.0576171875,0.18896484375,78.125,2048.0,10000.0,2.490346319063708,4.161062039713968,0.002031768574079086,6.797650230447176,0.003319165151585535,2.250527803993662,0.0010988905292937802,5.440587009554052,10.0,2048.0,0.8130115568143828,1275.0,7.0,9.0,12.0,127.0,0.00341796875,0.00439453125,0.005859375,0.06201171875,4.8828125,20,81.19
layer4.2,block,68,2048,1,False,,0,4.0,4.0,160000,173.37203263626895,10.463317482739171,0.005109041739618736,38.00332782866779,0.018556312416341696,3.8104065991301836,0.001860550097231535,1.3646723815725428,10,2048,0.9972684037259498,2048,77,247,1197,1922,0.03759765625,0.12060546875,0.58447265625,0.9384765625,78.125,2048.0,10000.0,45.31743384445031,5.601795057724469,0.002735251493029526,11.807880666626568,0.005765566731751254,2.7147018220356056,0.001325537999040823,1.5325756235544021,10.0,2048.0,0.9936995825641981,2048.0,10.0,22.0,259.0,1438.0,0.0048828125,0.0107421875,0.12646484375,0.7021484375,4.8828125,20,81.19
fc,linear,69,10,1,False,,0,,,10000,149.42208671987768,2.8546203711212694,0.2854620371121269,4.414928514977019,0.4414928514977019,1.7964529766677821,0.17964529766677823,,10,10,,10,5,7,9,9,0.5,0.7,0.9,0.9,1000.0,,,,,,,,,,,,,,,,,,,,,,,,20,81.19
conv1,conv,0,64,1,False,27.0,0,32.0,32.0,160000,22.836711890232582,3.802489852602791,0.05941390394691861,5.244263236754702,0.08194161307429222,2.264379109897123,0.035380923592142545,12.81605817201454,10,64,0.976875417480048,46,5,6,9,11,0.078125,0.09375,0.140625,0.171875,2500.0,64.0,10000.0,5.083996462101475,2.254943462287991,0.03523349159824986,2.588246633251055,0.040441353644547734,1.6975374431662242,0.026524022549472254,7.092560257802916,10.0,64.0,0.9283384498281294,41.0,3.0,3.0,3.0,5.0,0.046875,0.046875,0.046875,0.078125,156.25,30,81.36
layer1.0.conv1,conv,1,64,1,False,64.0,0,32.0,32.0,160000,0.7852357278663343,5.663808786579524,0.08849701229030506,7.434615445997286,0.1161658663437076,3.2910463548533695,0.0514225992945839,7.39389965474599,10,64,0.9227993268995065,63,7,9,11,17,0.109375,0.140625,0.171875,0.265625,2500.0,64.0,10000.0,0.07416998853420588,2.7323802992898876,0.04269344217640449,3.8063666470555013,0.05947447886024221,1.816794827020742,0.028387419172199092,7.827652853730366,10.0,64.0,0.9314637882051781,63.0,4.0,4.0,9.0,14.0,0.0625,0.0625,0.140625,0.21875,156.25,30,81.36
layer1.0.conv2,conv,2,64,1,False,64.0,0,32.0,32.0,160000,2.326639551783743,10.323697200401178,0.1613077687562684,14.117359588481282,0.22058374357002003,6.202499244985159,0.0969140507028931,4.367098623835778,10,64,0.9788545120732991,64,12,16,27,44,0.1875,0.25,0.421875,0.6875,2500.0,64.0,10000.0,0.11068748943730279,2.9498951798191158,0.046092112184673684,4.374133747205171,0.0683458398000808,1.9635392738831157,0.030680301154423682,5.207848498148167,10.0,64.0,0.9876132968166449,64.0,4.0,6.0,12.0,22.0,0.0625,0.09375,0.1875,0.34375,156.25,30,81.36
layer1.0.conv3,conv,3,256,1,False,64.0,0,32.0,32.0,160000,0.6641513386868944,6.065514829156063,0.023693417301390872,8.957518676709572,0.03499030733089677,3.3383605533698577,0.013040470911601007,9.85353250491417,10,256,0.8696812470018929,159,8,11,20,40,0.03125,0.04296875,0.078125,0.15625,625.0,256.0,10000.0,0.016410918358756972,3.3484155639388513,0.013079748296636138,5.466262263969942,0.021352586968632587,2.018491100793935,0.007884730862476309,9.346054946968469,10.0,256.0,0.897861654501726,160.0,6.0,8.0,15.0,29.0,0.0234375,0.03125,0.05859375,0.11328125,39.0625,30,81.36
layer1.0.downsample.0,conv,4,256,1,False,64.0,0,32.0,32.0,160000,1.9415548409284138,5.095370632710398,0.01990379153402499,6.86985929026989,0.026835387852616757,2.988476185432524,0.011673735099345797,8.21995041083654,10,256,0.9480817293782837,157,7,8,11,17,0.02734375,0.03125,0.04296875,0.06640625,625.0,256.0,10000.0,0.31759967621531393,2.8799949119851536,0.011249980124942006,3.5936041986576663,0.014037516401006509,2.0231892108947522,0.007903082855057626,7.36865260451339,10.0,256.0,0.9752241895980516,159.0,3.0,4.0,6.0,13.0,0.01171875,0.015625,0.0234375,0.05078125,39.0625,30,81.36
layer1.0,block,5,256,1,False,,0,32.0,32.0,160000,3.9768036159099176,12.432887770892844,0.04856596785505017,24.40584224774295,0.0953353212802459,5.286224338774246,0.020649313823336898,2.2040395912544333,10,256,0.9787234033037933,256,27,46,124,222,0.10546875,0.1796875,0.484375,0.8671875,625.0,256.0,10000.0,0.3600576879017236,4.581251355633931,0.017895513107945044,7.524392620484366,0.029392158673767054,2.658343221469169,0.010384153208863942,2.915198533402253,10.0,256.0,0.9923963409877276,256.0,7.0,12.0,30.0,96.0,0.02734375,0.046875,0.1171875,0.375,39.0625,30,81.36
layer1.1.conv1,conv,6,64,1,False,64.0,0,32.0,32.0,160000,1.6230688975070062,3.5675346481679515,0.05574272887762424,5.967017183522897,0.09323464349254526,2.066471698331308,0.032288620286426685,3.595903882372947,10,64,0.9960763730427099,64,6,8,16,36,0.09375,0.125,0.25,0.5625,2500.0,64.0,10000.0,0.07102061664085883,2.7264572879784543,0.04260089512466335,4.468096793423352,0.06981401239723987,1.7497088002509715,0.02733920000392143,4.324990927515339,10.0,64.0,0.9945047946405837,64.0,5.0,7.0,12.0,25.0,0.078125,0.109375,0.1875,0.390625,156.25,30,81.36
layer1.1.conv2,conv,7,64,1,False,64.0,0,32.0,32.0,160000,1.6706639039358442,8.67419159053587,0.13553424360212296,12.082603755965012,0.18879068368695331,4.631325801594195,0.0723644656499093,4.018274500248561,10,64,0.983940125680301,64,10,14,25,44,0.15625,0.21875,0.390625,0.6875,2500.0,64.0,10000.0,0.027279982299332352,2.784626950397933,0.043509796099967704,4.074894982539116,0.06367023410217369,1.9267849879294394,0.03010601543639749,4.670632104355002,10.0,64.0,0.9868696735346928,64.0,4.0,6.0,12.0,24.0,0.0625,0.09375,0.1875,0.375,156.25,30,81.36
layer1.1.conv3,conv,8,256,1,False,64.0,0,32.0,32.0,160000,0.37193907129592774,7.694494690201703,0.0300566198836004,10.772224108130052,0.042079000422383016,4.277291974528237,0.016708171775500925,10.040745683757123,10,256,0.8724661058582547,159,9,12,22,40,0.03515625,0.046875,0.0859375,0.15625,625.0,256.0,10000.0,0.008169225641130658,2.4583096826614406,0.009602772197896252,3.929381711087921,0.01534914730893719,1.6584628235970298,0.006478370404675898,9.007749297642828,10.0,256.0,0.9102369722856495,158.0,4.0,6.0,12.0,24.0,0.015625,0.0234375,0.046875,0.09375,39.0625,30,81.36
layer1.1,block,9,256,1,False,,0,32.0,32.0,160000,5.6102147840019745,16.300052230859077,0.06367207902679327,31.742305705563574,0.12399338166235771,7.559428688932638,0.029529018316143116,2.00912794333586,10,256,0.996140278862468,256,35,62,154,237,0.13671875,0.2421875,0.6015625,0.92578125,625.0,256.0,10000.0,0.3709655514310919,5.27313576571505,0.020598186584824416,8.753543976136102,0.03419353115678165,2.9183325931045134,0.011399736691814506,2.7259791434609313,10.0,256.0,0.9970918516096395,256.0,8.0,13.0,35.0,116.0,0.03125,0.05078125,0.13671875,0.453125,39.0625,30,81.36
layer1.2.conv1,conv,10,64,1,False,64.0,0,32.0,32.0,160000,2.213338056176668,4.459955342246637,0.0696868022226037,6.672548013625852,0.10425856271290394,2.607002014000917,0.04073440646876433,3.338720964135799,10,64,0.9951152778319569,64,6,9,18,41,0.09375,0.140625,0.28125,0.640625,2500.0,64.0,10000.0,0.05033859536829186,3.381357497145383,0.05283371089289661,5.3068931749656345,0.08292020585883804,2.0869507672034,0.03260860573755312,4.104566455130403,10.0,64.0,0.9961341062568297,64.0,5.0,8.0,14.0,30.0,0.078125,0.125,0.21875,0.46875,156.25,30,81.36
layer1.2.conv2,conv,11,64,1,False,64.0,0,32.0,32.0,160000,2.4412463072324995,8.055041749061328,0.12586002732908325,10.951910981255784,0.17112360908212162,4.593577388132178,0.07177464668956528,3.6133308165735185,10,64,0.9816163849787373,64,9,12,24,45,0.140625,0.1875,0.375,0.703125,2500.0,64.0,10000.0,0.015028642932529365,2.7836857748825787,0.04349509023254029,4.265760544843162,0.0666525085131744,1.863013005126375,0.029109578205099608,4.462248782335425,10.0,64.0,0.9798279590656367,64.0,5.0,6.0,13.0,26.0,0.078125,0.09375,0.203125,0.40625,156.25,30,81.36
layer1.2.conv3,conv,12,256,1,False,64.0,0,32.0,32.0,160000,0.26338368459896644,9.064447503701981,0.03540799806133586,12.725971704425834,0.049710826970413416,5.2299449834419525,0.020429472591570127,10.375695810291177,10,256,0.8614128855664064,158,11,15,26,46,0.04296875,0.05859375,0.1015625,0.1796875,625.0,256.0,10000.0,0.009407737617343755,2.258097893655798,0.008820694897092961,3.480303035883159,0.013594933733918589,1.5754824926750737,0.0061542284870120065,8.71915805601939,10.0,256.0,0.9121131916689005,158.0,4.0,5.0,9.0,19.0,0.015625,0.01953125,0.03515625,0.07421875,39.0625,30,81.36
layer1.2,block,13,256,1,False,,0,32.0,32.0,160000,6.56627434548778,21.261129524534955,0.08305128720521467,40.60547388190761,0.15861513235120162,9.039454345425982,0.03531036853682024,1.907786396902428,10,256,0.9961540128110262,256,46,79,175,243,0.1796875,0.30859375,0.68359375,0.94921875,625.0,256.0,10000.0,0.45261489438342833,5.947981369215373,0.023234302223497552,9.910831535705436,0.03871418568634936,3.094184617756364,0.012086658663110797,2.649239734594424,10.0,256.0,0.998589306311707,256.0,9.0,14.0,37.0,126.0,0.03515625,0.0546875,0.14453125,0.4921875,39.0625,30,81.36
layer2.0.conv1,conv,14,128,1,False,128.0,0,32.0,32.0,160000,4.453255257459139,8.394594158701281,0.06558276686485376,11.650894926863907,0.09102261661612428,5.186148233909365,0.040516783077416914,3.7203579240937867,10,128,0.9958260355089034,128,10,14,24,56,0.078125,0.109375,0.1875,0.4375,1250.0,128.0,10000.0,0.31926537074794015,3.968778033200019,0.03100607838437515,5.940427993348035,0.04640959369803152,2.3261622896619483,0.01817314288798397,4.379837367056072,10.0,128.0,0.9968698743427161,128.0,6.0,8.0,13.0,26.0,0.046875,0.0625,0.1015625,0.203125,78.125,30,81.36
layer2.0.conv2,conv,15,128,1,False,128.0,0,16.0,16.0,160000,7.34633265698811,11.475401908354725,0.08965157740902129,17.36868699426943,0.13569286714272993,6.098800612677679,0.04764687978654437,3.613632973445579,10,128,0.9881789275460404,128,16,21,40,80,0.125,0.1640625,0.3125,0.625,1250.0,128.0,10000.0,0.604239037690713,4.195964450488958,0.032780972269444986,5.916880622202516,0.04622562986095716,2.5122210391901825,0.0196267268686733,4.130768870251378,10.0,128.0,0.9924887762812459,128.0,5.0,7.0,12.0,29.0,0.0390625,0.0546875,0.09375,0.2265625,78.125,30,81.36
layer2.0.conv3,conv,16,512,1,False,128.0,0,16.0,16.0,160000,1.4769163337762437,9.972838518715774,0.019478200231866746,14.626461298175112,0.028567307222998266,5.15419812092626,0.010066793204934102,8.184405766365572,10,512,0.8673800656572742,311,13,17,32,71,0.025390625,0.033203125,0.0625,0.138671875,312.5,512.0,10000.0,0.13817013939006967,3.859563192081151,0.007538209359533498,5.772894648214176,0.011275184859793312,2.2810042923217466,0.004455086508440911,6.81239062453582,10.0,512.0,0.9214756104569253,318.0,6.0,7.0,13.0,31.0,0.01171875,0.013671875,0.025390625,0.060546875,19.53125,30,81.36
layer2.0.downsample.0,conv,17,512,1,False,256.0,0,16.0,16.0,160000,5.752734168223261,10.138759744573166,0.019802265126119465,14.841130210878859,0.02898658244312277,5.424055674964118,0.010593858740164292,6.483657019430299,10,512,0.7621635433218612,379,13,17,33,82,0.025390625,0.033203125,0.064453125,0.16015625,312.5,512.0,10000.0,0.6773252373503381,4.94879583201589,0.009665616859406034,6.889416683889438,0.013455891960721559,2.953779053323799,0.005769099713523045,5.656864764705141,10.0,512.0,0.8666864947658601,381.0,6.0,8.0,14.0,31.0,0.01171875,0.015625,0.02734375,0.060546875,19.53125,30,81.36
layer2.0,block,18,512,1,False,,0,16.0,16.0,160000,11.095003273683353,17.61539121792847,0.03440506097251654,38.04048179438271,0.07429781600465372,6.966219398334969,0.013605897262372987,1.877705002653331,10,512,0.9961840037204615,512,45,88,272,464,0.087890625,0.171875,0.53125,0.90625,312.5,512.0,10000.0,1.121470394550024,5.9195933381944466,0.011561705738661028,10.321659102018431,0.02015949043362975,3.014889334255801,0.005888455730968361,2.3579585716755362,10.0,512.0,0.998206604206755,512.0,10.0,15.0,47.0,211.0,0.01953125,0.029296875,0.091796875,0.412109375,19.53125,30,81.36
layer2.1.conv1,conv,19,128,1,False,128.0,0,16.0,16.0,160000,4.397582604344999,7.226548043635645,0.056457406590903474,10.681498580526146,0.08344920766036051,3.971072225877162,0.031024001764665327,3.308768540747969,10,128,0.9972332992684626,128,10,13,25,64,0.078125,0.1015625,0.1953125,0.5,1250.0,128.0,10000.0,0.5046064416966745,4.583222985214223,0.03580642957198612,6.582688065862643,0.0514272505145519,2.664676873888577,0.02081778807725451,3.875134067466123,10.0,128.0,0.9987232717955076,128.0,6.0,8.0,13.0,28.0,0.046875,0.0625,0.1015625,0.21875,78.125,30,81.36
layer2.1.conv2,conv,20,128,1,False,128.0,0,16.0,16.0,160000,3.1989836283227273,17.381809363039807,0.1357953856487485,25.42078010143302,0.19859984454244548,8.420356035487702,0.06578403152724767,3.321073213349158,10,128,0.9725199706856082,128,22,31,57,97,0.171875,0.2421875,0.4453125,0.7578125,1250.0,128.0,10000.0,0.1878333919929679,5.363004303794781,0.04189847112339673,7.647383305767078,0.059745182076305296,3.077182695612257,0.02404048980947076,4.255981957865823,10.0,128.0,0.9822436382974307,128.0,7.0,9.0,19.0,42.0,0.0546875,0.0703125,0.1484375,0.328125,78.125,30,81.36
layer2.1.conv3,conv,21,512,1,False,128.0,0,16.0,16.0,160000,0.5647418865791309,11.357250894325635,0.022182130652979755,17.972715884589334,0.03510296071208854,5.382747942405709,0.01051317957501115,8.571712609365983,10,512,0.833744885462522,311,16,24,50,98,0.03125,0.046875,0.09765625,0.19140625,312.5,512.0,10000.0,0.025443176265846246,4.867111587841598,0.009506077320003121,7.8099207467713665,0.015253751458537825,2.6757100917042735,0.005225996272859909,7.659584635817859,10.0,512.0,0.8717820750108298,320.0,7.0,11.0,25.0,63.0,0.013671875,0.021484375,0.048828125,0.123046875,19.53125,30,81.36
layer2.1,block,22,512,1,False,,0,16.0,16.0,160000,12.283240737815703,25.638748659853537,0.05007568097627644,56.57508021517631,0.11049820354526622,9.11178191696824,0.017796449056578595,1.7198479451215165,10,512,0.9979782772778671,512,73,140,348,487,0.142578125,0.2734375,0.6796875,0.951171875,312.5,512.0,10000.0,0.9211315045414772,6.9471824346683855,0.01356871569271169,12.909000648719314,0.02521289189202991,3.2913801246959,0.00642847680604668,2.183734040115267,10.0,512.0,0.9990195735151032,512.0,12.0,21.0,77.0,309.0,0.0234375,0.041015625,0.150390625,0.603515625,19.53125,30,81.36
layer2.2.conv1,conv,23,128,1,False,128.0,0,16.0,16.0,160000,4.205238346024953,10.711549072613726,0.08368397712979474,15.938684586132286,0.12452097332915849,5.110148907212171,0.039923038337595085,3.2904951619353384,10,128,0.9983873953055086,128,14,19,36,84,0.109375,0.1484375,0.28125,0.65625,1250.0,128.0,10000.0,0.2936343344554399,4.3994037831446375,0.03437034205581748,7.603794686245642,0.05940464598629408,2.3382442596035062,0.018267533278152392,3.80799360093588,10.0,128.0,0.9988368739025668,128.0,8.0,11.0,20.0,44.0,0.0625,0.0859375,0.15625,0.34375,78.125,30,81.36
layer2.2.conv2,conv,24,128,1,False,128.0,0,16.0,16.0,160000,2.1908723683116884,20.52302745187927,0.1603361519678068,31.582415686370926,0.24673762254977286,10.218719102939696,0.07983374299171637,2.832207460560221,10,128,0.9672433026699689,128,29,41,73,112,0.2265625,0.3203125,0.5703125,0.875,1250.0,128.0,10000.0,0.11211909396876926,2.997469052452878,0.02341772697228811,5.803317634436726,0.04533841901903692,1.808910688653555,0.014132114755105899,3.649644629519085,10.0,128.0,0.9785997340679491,128.0,7.0,10.0,23.0,56.0,0.0546875,0.078125,0.1796875,0.4375,78.125,30,81.36
layer2.2.conv3,conv,25,512,1,False,128.0,0,16.0,16.0,160000,0.2789638288611795,13.861444870363442,0.027073134512428598,23.282952994355227,0.04547451756710005,6.006960666839604,0.011732345052421102,8.8566715160077,10,512,0.8152541985316708,312,23,33,67,110,0.044921875,0.064453125,0.130859375,0.21484375,312.5,512.0,10000.0,0.018717763157676856,1.8788752427923425,0.003669678208578794,3.6036188887136498,0.007038318142018847,1.387301763837941,0.0027095737574959785,7.611217270463682,10.0,512.0,0.8698716603084835,319.0,5.0,10.0,26.0,65.0,0.009765625,0.01953125,0.05078125,0.126953125,19.53125,30,81.36
layer2.2,block,26,512,1,False,,0,16.0,16.0,160000,13.117548225941178,31.958289645886957,0.06241853446462296,71.44683663117793,0.1395446027952694,10.937110763611976,0.02136154446017964,1.6137280698970808,10,512,0.9977398428368732,512,98,182,386,494,0.19140625,0.35546875,0.75390625,0.96484375,312.5,512.0,10000.0,0.9069424370995145,7.093431662283816,0.013854358715398078,14.012513804437475,0.027368191024291944,3.2525662799114112,0.006352668515451975,2.0871593642505193,10.0,512.0,0.9989943146364094,512.0,13.0,25.0,98.0,353.0,0.025390625,0.048828125,0.19140625,0.689453125,19.53125,30,81.36
layer2.3.conv1,conv,27,128,1,False,128.0,0,16.0,16.0,160000,3.600769154451987,11.969297422319656,0.09351013611187231,18.065518748530714,0.1411368652228962,5.834909670319202,0.04558523179936876,3.1077399017210094,10,128,0.9970388959003106,128,16,23,43,96,0.125,0.1796875,0.3359375,0.75,1250.0,128.0,10000.0,0.20007466673080593,6.21437764575177,0.048549825357435704,9.725239887089968,0.07597843661789037,3.3652917540349114,0.026291341828397746,3.6291550571366935,10.0,128.0,0.998216418315343,128.0,9.0,13.0,24.0,55.0,0.0703125,0.1015625,0.1875,0.4296875,78.125,30,81.36
layer2.3.conv2,conv,28,128,1,False,128.0,0,16.0,16.0,160000,1.586199520430067,20.566198825292037,0.16067342832259404,31.4612274036834,0.24579083909127655,9.155180223566788,0.07152484549661553,2.8008676538592856,10,128,0.9729100018022363,128,29,40,73,113,0.2265625,0.3125,0.5703125,0.8828125,1250.0,128.0,10000.0,0.06658941153413633,4.842157542403507,0.0378293558000274,7.8196027905903325,0.06109064680148697,2.718576220003534,0.02123887671877761,3.631501757186147,10.0,128.0,0.9819115274694052,128.0,8.0,12.0,25.0,59.0,0.0625,0.09375,0.1953125,0.4609375,78.125,30,81.36
layer2.3.conv3,conv,29,512,1,False,128.0,0,16.0,16.0,160000,0.1888844804245595,14.080133988926063,0.027500261697121216,22.692201378052093,0.044320705816507995,6.117716930556206,0.01194866587999259,8.837385667275889,10,512,0.8197813014929882,310,21,31,63,107,0.041015625,0.060546875,0.123046875,0.208984375,312.5,512.0,10000.0,0.009235445718754424,4.243576563009084,0.008288235474627117,7.1390157729525585,0.013943390181547966,2.634794645783356,0.005146083292545617,7.660735648220983,10.0,512.0,0.8655892474165602,320.0,8.0,12.0,26.0,68.0,0.015625,0.0234375,0.05078125,0.1328125,19.53125,30,81.36
layer2.3,block,30,512,1,False,,0,16.0,16.0,160000,13.511063225008336,37.75864429524601,0.07374735213915236,84.64239061961575,0.16531716917893702,12.166475851828592,0.02376264814810272,1.5471212445639366,10,512,0.9972107867101179,512,119,213,407,498,0.232421875,0.416015625,0.794921875,0.97265625,312.5,512.0,10000.0,0.8802697337805448,7.9948107360632585,0.015614864718873552,15.93793191438673,0.031128773270286583,3.594934543355004,0.007021356529990242,2.035658772902841,10.0,512.0,0.9987674875626009,512.0,16.0,30.0,119.0,381.0,0.03125,0.05859375,0.232421875,0.744140625,19.53125,30,81.36
layer3.0.conv1,conv,31,256,1,False,256.0,0,16.0,16.0,160000,8.595604064891344,14.868116623085571,0.05807858055892801,22.32025310055181,0.0871884886740305,6.283672304583757,0.0245455949397803,3.257810292881235,10,256,0.9945662277233659,256,20,26,48,129,0.078125,0.1015625,0.1875,0.50390625,625.0,256.0,10000.0,0.7321112541954067,7.174491469580841,0.02802535730305016,10.734922262316504,0.04193329008717384,3.6284311933959152,0.014173559349202794,3.7487619567581123,10.0,256.0,0.9971984430687305,256.0,10.0,13.0,24.0,51.0,0.0390625,0.05078125,0.09375,0.19921875,39.0625,30,81.36
layer3.0.conv2,conv,32,256,1,False,256.0,0,8.0,8.0,160000,9.877505944229863,18.98230816948184,0.07414964128703844,32.174166345464904,0.12568033728697228,7.034432331367536,0.027478251294404437,2.9855831737966443,10,256,0.9825017427157229,256,30,43,89,181,0.1171875,0.16796875,0.34765625,0.70703125,625.0,256.0,10000.0,1.0635890572780056,7.720360916006123,0.030157659828148917,11.822456655100467,0.0461814713089862,3.928514676831968,0.015345760456374875,3.3110485445089175,10.0,256.0,0.9946406499666453,256.0,11.0,15.0,30.0,86.0,0.04296875,0.05859375,0.1171875,0.3359375,39.0625,30,81.36
layer3.0.conv3,conv,33,1024,1,False,256.0,0,8.0,8.0,160000,2.129020361447904,16.4997721825113,0.016113058771983692,25.608157885389463,0.025007966684950648,6.765088071825796,0.006606531320142379,7.14117334488951,10,1024,0.8438490647542816,624,22,30,63,161,0.021484375,0.029296875,0.0615234375,0.1572265625,156.25,1024.0,10000.0,0.23822721463194751,8.141102745988393,0.00795029565037929,12.336012237970877,0.012046886951143435,4.232076195148235,0.004132886909324448,6.625492254379682,10.0,1024.0,0.8768798958876544,638.0,11.0,15.0,30.0,83.0,0.0107421875,0.0146484375,0.029296875,0.0810546875,9.765625,30,81.36
layer3.0.downsample.0,conv,34,1024,1,False,512.0,0,8.0,8.0,160000,10.180072932053966,14.948309883075202,0.014597958870190627,23.886026682828472,0.02332619793244968,6.313139588290811,0.006165175379190245,5.6125252465701125,10,1024,0.7261560164696843,758,22,29,62,209,0.021484375,0.0283203125,0.060546875,0.2041015625,156.25,1024.0,10000.0,1.1096912697890107,5.769786097595825,0.0056345567359334225,9.890378534100757,0.00965857278720777,2.902940906508723,0.0028349032290124246,5.328642863594873,10.0,1024.0,0.783843979626361,767.0,10.0,14.0,31.0,87.0,0.009765625,0.013671875,0.0302734375,0.0849609375,9.765625,30,81.36
layer3.0,block,35,1024,1,False,,0,8.0,8.0,160000,17.040563776967726,27.073617610059017,0.02643907969732326,65.9705796734449,0.06442439421234854,8.581332046717236,0.0083802070768723,1.6725513821484677,10,1024,0.9980297014891097,1024,91,195,614,954,0.0888671875,0.1904296875,0.599609375,0.931640625,156.25,1024.0,10000.0,1.6790290075248577,9.329507387499778,0.009110847058105252,18.79307539900495,0.018352612694340773,4.295183042435054,0.004194514689877983,1.919684114951571,10.0,1024.0,0.9979473741151615,1024.0,19.0,37.0,184.0,718.0,0.0185546875,0.0361328125,0.1796875,0.701171875,9.765625,30,81.36
layer3.1.conv1,conv,36,256,1,False,256.0,0,8.0,8.0,160000,7.453338266963758,10.781805050929412,0.042116425980193016,17.173519305293958,0.06708405978630452,5.0474473671518885,0.019716591277937064,2.995937507094557,10,256,0.9928880562540475,256,17,22,40,125,0.06640625,0.0859375,0.15625,0.48828125,625.0,256.0,10000.0,0.9197206919517954,6.478499566748919,0.025306638932612965,9.819410234710988,0.0383570712293398,3.638794454803489,0.014214040839076129,3.3105630183479513,10.0,256.0,0.9943847894240233,256.0,9.0,13.0,24.0,55.0,0.03515625,0.05078125,0.09375,0.21484375,39.0625,30,81.36
layer3.1.conv2,conv,37,256,1,False,256.0,0,8.0,8.0,160000,5.513363712102935,25.298830856293055,0.09882355803239475,40.42688591621435,0.15791752311021232,11.183155145401315,0.04368419978672389,2.872621950612898,10,256,0.9666984747563776,256,38,55,110,195,0.1484375,0.21484375,0.4296875,0.76171875,625.0,256.0,10000.0,0.5223865454339773,6.691010750927325,0.026136760745809864,10.650256542241356,0.0416025646181303,3.7166650946141484,0.014518223025836517,3.5544569959744208,10.0,256.0,0.9838730665773225,256.0,10.0,15.0,35.0,87.0,0.0390625,0.05859375,0.13671875,0.33984375,39.0625,30,81.36
layer3.1.conv3,conv,38,1024,1,False,256.0,0,8.0,8.0,160000,0.7890656030273151,17.132522784114723,0.016730979281362034,29.369693970858872,0.028681341768416867,7.251206300196536,0.00708125615253568,7.410722515939187,10,1024,0.8086360540452673,623,28,43,106,206,0.02734375,0.0419921875,0.103515625,0.201171875,156.25,1024.0,10000.0,0.053780197233790454,6.922039706615794,0.0067598044009919865,12.527984439288208,0.01223435980399239,3.778401675699127,0.0036898453864249287,7.085870748963231,10.0,1024.0,0.8340597246934489,636.0,14.0,22.0,56.0,152.0,0.013671875,0.021484375,0.0546875,0.1484375,9.765625,30,81.36
layer3.1,block,39,1024,1,False,,0,8.0,8.0,160000,18.1035955361351,41.14338459400471,0.04017908651758272,103.24148528434819,0.10082176297299628,12.226721834301818,0.01194015804131037,1.5325687375289296,10,1024,0.9985584837150695,1024,161,325,755,986,0.1572265625,0.3173828125,0.7373046875,0.962890625,156.25,1024.0,10000.0,1.4529193377094154,11.121539753915144,0.010860878665932758,25.13813495674463,0.024548959918695927,4.768176352558941,0.0046564222192958405,1.774863815564988,10.0,1024.0,0.9981429317341781,1024.0,29.0,66.0,333.0,850.0,0.0283203125,0.064453125,0.3251953125,0.830078125,9.765625,30,81.36
layer3.2.conv1,conv,40,256,1,False,256.0,0,8.0,8.0,160000,7.131891233708039,17.952082339229083,0.0701253216376136,26.475700733197645,0.1034207059890533,8.414855233635139,0.03287052825638726,2.960285575986448,10,256,0.9955162196390918,256,23,31,61,166,0.08984375,0.12109375,0.23828125,0.6484375,625.0,256.0,10000.0,0.5589995024521341,9.215302159079174,0.035997274058903024,14.609870214937677,0.0570698055271003,4.689668698547018,0.018319018353699288,3.224552231037082,10.0,256.0,0.9964353970426701,256.0,14.0,20.0,37.0,98.0,0.0546875,0.078125,0.14453125,0.3828125,39.0625,30,81.36
layer3.2.conv2,conv,41,256,1,False,256.0,0,8.0,8.0,160000,3.4787525930719383,31.645881831461267,0.12361672590414557,51.25069954127541,0.20019804508310707,13.186126409022771,0.0515083062852452,2.555530161710976,10,256,0.9685064695574553,256,48,70,135,222,0.1875,0.2734375,0.52734375,0.8671875,625.0,256.0,10000.0,0.19793494585743196,8.685047524490523,0.033925966892541105,15.32389072609283,0.05985894814880012,4.055949043536188,0.015843550951313234,3.139155877156481,10.0,256.0,0.9813310939537111,256.0,16.0,24.0,56.0,135.0,0.0625,0.09375,0.21875,0.52734375,39.0625,30,81.36
layer3.2.conv3,conv,42,1024,1,False,256.0,0,8.0,8.0,160000,0.47176876239946897,20.62072249275494,0.020137424309330996,35.8906098155917,0.03504942364803877,8.607810038373044,0.008406064490598676,7.578481813729169,10,1024,0.7977259693936979,622,35,54,127,219,0.0341796875,0.052734375,0.1240234375,0.2138671875,156.25,1024.0,10000.0,0.023006167156919635,8.187545435654721,0.007995649839506564,16.52793262117899,0.016140559200370108,3.986321986796073,0.00389289256523054,7.346130821009518,10.0,1024.0,0.8210197312198275,636.0,19.0,30.0,77.0,182.0,0.0185546875,0.029296875,0.0751953125,0.177734375,9.765625,30,81.36
layer3.2,block,43,1024,1,False,,0,8.0,8.0,160000,19.84554076741209,51.79271856093665,0.050578826719664696,133.01677738409774,0.12989919666415795,14.598083473979935,0.01425594089255853,1.4378915755728208,10,1024,0.9982405580398525,1024,223,419,819,998,0.2177734375,0.4091796875,0.7998046875,0.974609375,156.25,1024.0,10000.0,1.3832142344856482,12.987821900578902,0.012683419824784084,31.391548791106082,0.030655809366314533,5.360895686418041,0.005235249693767618,1.6874300166668106,10.0,1024.0,0.9978582540565416,1024.0,40.0,98.0,445.0,903.0,0.0390625,0.095703125,0.4345703125,0.8818359375,9.765625,30,81.36
layer3.3.conv1,conv,44,256,1,False,256.0,0,8.0,8.0,160000,7.331087057191567,20.1205669337729,0.07859596458505039,30.37284440827889,0.11864392346983942,9.312872665451605,0.036378408849420334,2.8562849848777767,10,256,0.9947509000754042,256,27,36,75,186,0.10546875,0.140625,0.29296875,0.7265625,625.0,256.0,10000.0,0.46759904536003144,11.20410274629565,0.04376602635271738,17.743502542495033,0.06931055680662122,5.685375080677671,0.022208496408897153,3.1122125602340813,10.0,256.0,0.9962416560240422,256.0,17.0,24.0,47.0,126.0,0.06640625,0.09375,0.18359375,0.4921875,39.0625,30,81.36
layer3.3.conv2,conv,45,256,1,False,256.0,0,8.0,8.0,160000,2.302553297200931,32.01827028055228,0.12507136828340734,53.18423311898432,0.2077509106210325,11.564502538800653,0.04517383804219005,2.4277201389880556,10,256,0.9720388906460313,256,51,74,145,229,0.19921875,0.2890625,0.56640625,0.89453125,625.0,256.0,10000.0,0.11216427294325987,10.228423707060761,0.0399547801057061,18.679698912100996,0.07296757387539451,4.886746829422147,0.019088854802430263,3.0488467356787647,10.0,256.0,0.9807336783824414,256.0,20.0,30.0,67.0,154.0,0.078125,0.1171875,0.26171875,0.6015625,39.0625,30,81.36
layer3.3.conv3,conv,46,1024,1,False,256.0,0,8.0,8.0,160000,0.27767319415417324,20.858540025382432,0.02036966799353753,36.14533525443833,0.03529817895941243,9.620226628590022,0.009394752566982443,7.588562275899511,10,1024,0.7939147053061315,617,35,55,130,221,0.0341796875,0.0537109375,0.126953125,0.2158203125,156.25,1024.0,10000.0,0.012343465059401988,10.334768559600207,0.010092547421484577,20.13245315679107,0.01966059878592878,4.41386206742178,0.004310412175216582,7.468165852553238,10.0,1024.0,0.8177351159153792,636.0,22.0,33.0,83.0,188.0,0.021484375,0.0322265625,0.0810546875,0.18359375,9.765625,30,81.36
layer3.3,block,47,1024,1,False,,0,8.0,8.0,160000,20.692497603616392,60.85181912629121,0.05942560461551876,157.456678469758,0.15376628756812305,16.358552782465843,0.0159751492016268,1.3765426560491505,10,1024,0.9979056289414103,1024,271,481,853,1003,0.2646484375,0.4697265625,0.8330078125,0.9794921875,156.25,1024.0,10000.0,1.3592579894558874,14.621210457248575,0.014278525837156811,36.48008505643465,0.035625083062924466,6.02586153075504,0.005884630401127969,1.6360100733845107,10.0,1024.0,0.9977349409183531,1024.0,50.0,125.0,514.0,928.0,0.048828125,0.1220703125,0.501953125,0.90625,9.765625,30,81.36
layer3.4.conv1,conv,48,256,1,False,256.0,0,8.0,8.0,160000,6.064891949787994,22.558754053672814,0.08812013302215943,34.73960780530195,0.13570159298946075,10.96355310601599,0.04282637932037496,2.757257082370495,10,256,0.9918436201542425,256,31,42,89,202,0.12109375,0.1640625,0.34765625,0.7890625,625.0,256.0,10000.0,0.3648667109621187,12.389951894939328,0.04839824958960675,20.32502993098842,0.07939464816792352,6.03656917026045,0.023580348321329884,3.0254516855914524,10.0,256.0,0.9956257863030791,256.0,19.0,28.0,54.0,147.0,0.07421875,0.109375,0.2109375,0.57421875,39.0625,30,81.36
layer3.4.conv2,conv,49,256,1,False,256.0,0,8.0,8.0,160000,1.5928392257275534,28.38531344289703,0.11088013063631652,49.249354666140135,0.1923802916646099,9.724891265754499,0.03798785650685351,2.422663748629646,10,256,0.9754445862209995,256,48,71,142,228,0.1875,0.27734375,0.5546875,0.890625,625.0,256.0,10000.0,0.0812926917425882,9.637365895471289,0.03764596052918472,18.777771338235993,0.07335066928998435,3.9152776879548865,0.015294053468573775,3.0680259874692246,10.0,256.0,0.9835341396098471,256.0,20.0,29.0,65.0,152.0,0.078125,0.11328125,0.25390625,0.59375,39.0625,30,81.36
layer3.4.conv3,conv,50,1024,1,False,256.0,0,8.0,8.0,160000,0.18940291349579888,18.95740818275038,0.01851309392846717,32.82147426774703,0.03205222096459671,7.572888535238989,0.007395398960194325,7.494674365384206,10,1024,0.8005885799519835,620,31,48,120,215,0.0302734375,0.046875,0.1171875,0.2099609375,156.25,1024.0,10000.0,0.010638159806847297,7.997938658314717,0.007810486971010466,16.87203596846195,0.016476597625451124,3.2915909772215244,0.003214444313692895,7.260552697294106,10.0,1024.0,0.8287706648939784,638.0,18.0,27.0,66.0,173.0,0.017578125,0.0263671875,0.064453125,0.1689453125,9.765625,30,81.36
layer3.4,block,51,1024,1,False,,0,8.0,8.0,160000,21.061177047558076,67.75252517574592,0.06616457536693937,175.98844334316172,0.17186371420230637,17.448603209574635,0.01703965157185023,1.3332958568309823,10,1024,0.9974372477660737,1024,307,522,872,1006,0.2998046875,0.509765625,0.8515625,0.982421875,156.25,1024.0,10000.0,1.3667232915011867,16.072164345100955,0.01569547299326265,40.72260285697319,0.03976816685251288,6.674530281649839,0.006518095978173671,1.60901727941279,10.0,1024.0,0.9973567542027214,1024.0,57.0,145.0,554.0,939.0,0.0556640625,0.1416015625,0.541015625,0.9169921875,9.765625,30,81.36
layer3.5.conv1,conv,52,256,1,False,256.0,0,8.0,8.0,160000,5.406856151413737,24.272141798243517,0.09481305389938874,36.652987782327,0.14317573352471485,11.28536308622942,0.04408344955558367,2.6847140359743484,10,256,0.9917955508184644,256,32,44,96,209,0.125,0.171875,0.375,0.81640625,625.0,256.0,10000.0,0.34379526504093955,12.897812999289851,0.05038208202847598,21.033480200272354,0.08216203203231388,6.295095983590039,0.02459021868589859,2.971094804126409,10.0,256.0,0.9946011272953854,256.0,20.0,29.0,55.0,154.0,0.078125,0.11328125,0.21484375,0.6015625,39.0625,30,81.36
layer3.5.conv2,conv,53,256,1,False,256.0,0,8.0,8.0,160000,1.4227254107543372,26.00610868659079,0.10158636205699527,44.25758542102487,0.1728811930508784,10.116541242789918,0.039517739229648116,2.514383968052755,10,256,0.9783853500477423,256,43,64,130,222,0.16796875,0.25,0.5078125,0.8671875,625.0,256.0,10000.0,0.0780326349919831,11.654009997394837,0.04552347655232358,19.542734079826207,0.07633880499932112,5.354320734891503,0.020915315370669933,3.1839707794847363,10.0,256.0,0.9867954802247355,256.0,19.0,27.0,58.0,140.0,0.07421875,0.10546875,0.2265625,0.546875,39.0625,30,81.36
layer3.5.conv3,conv,54,1024,1,False,256.0,0,8.0,8.0,160000,0.23282004814958657,10.988826300704481,0.01073127568428172,20.281162457890684,0.01980582271278387,4.740992711171925,0.004629875694503833,7.085755272829096,10,1024,0.8140586614114533,623,20,30,84,195,0.01953125,0.029296875,0.08203125,0.1904296875,156.25,1024.0,10000.0,0.018653659835464857,5.337877594956317,0.005212771088824528,10.461748550257017,0.010216551318610368,2.6342656007077205,0.0025725250006911333,6.778911925396224,10.0,1024.0,0.8452820504785149,637.0,12.0,17.0,36.0,127.0,0.01171875,0.0166015625,0.03515625,0.1240234375,9.765625,30,81.36
layer3.5,block,55,1024,1,False,,0,8.0,8.0,160000,21.367158191438733,71.07733889433337,0.06941146376399743,186.47150327988822,0.18210107742176584,17.77591501843843,0.017359292010193778,1.305654332320145,10,1024,0.9970931961220353,1024,329,546,882,1007,0.3212890625,0.533203125,0.861328125,0.9833984375,156.25,1024.0,10000.0,1.4563036485067307,17.22357817009179,0.016819900556730265,42.78526204103503,0.041782482461948274,7.291153078447298,0.0071202666781711894,1.598945175777936,10.0,1024.0,0.9969459171901072,1024.0,58.0,150.0,566.0,943.0,0.056640625,0.146484375,0.552734375,0.9208984375,9.765625,30,81.36
layer4.0.conv1,conv,56,512,1,False,512.0,0,8.0,8.0,160000,8.72768605360829,19.600991299691312,0.038283186132209594,31.29846165625415,0.06112980792237139,8.152113775893072,0.015922097218541157,2.6027769930445146,10,512,0.9894573769788125,512,28,38,91,313,0.0546875,0.07421875,0.177734375,0.611328125,312.5,512.0,10000.0,0.8924487053602718,11.402588786775352,0.02227068122417061,17.12447315484863,0.03344623663056373,6.160959465382893,0.012033123955825963,2.8713599917948467,10.0,512.0,0.9903642724989864,512.0,16.0,21.0,40.0,140.0,0.03125,0.041015625,0.078125,0.2734375,19.53125,30,81.36
layer4.0.conv2,conv,57,512,1,False,512.0,0,4.0,4.0,160000,5.0244990598449775,17.026552741239286,0.03325498582273298,28.83228106993973,0.05631304896472603,6.774048735129968,0.013230563935800719,2.8600227997662673,10,512,0.9966125059483267,512,26,39,92,257,0.05078125,0.076171875,0.1796875,0.501953125,312.5,512.0,10000.0,0.8837160443141507,9.45193434768328,0.018460809272818905,14.10016857953472,0.02753939175690375,5.296302298455938,0.010344340426671754,2.902290936267686,10.0,512.0,0.9981224304177738,512.0,12.0,17.0,36.0,128.0,0.0234375,0.033203125,0.0703125,0.25,19.53125,30,81.36
layer4.0.conv3,conv,58,2048,1,False,512.0,0,4.0,4.0,160000,1.08989253935119,12.175347490184825,0.005944993891691809,17.976024566147252,0.008777355745189088,6.4406492146088405,0.003144848249320723,5.957052547611447,10,2048,0.8389183438721051,1256,16,21,37,175,0.0078125,0.01025390625,0.01806640625,0.08544921875,78.125,2048.0,10000.0,0.259595333000989,7.896713828539895,0.0038558172990917454,11.204721689849162,0.005471055512621661,4.336628429669902,0.0021174943504247566,5.411301296905795,10.0,2048.0,0.868023797061041,1273.0,10.0,13.0,22.0,65.0,0.0048828125,0.00634765625,0.0107421875,0.03173828125,4.8828125,30,81.36
layer4.0.downsample.0,conv,59,2048,1,False,1024.0,0,4.0,4.0,160000,5.936674663808142,18.800638224547384,0.009179999133079778,31.363429275486364,0.015314174450921076,7.590663997370044,0.0037063789049658416,5.191624211493716,10,2048,0.6318636984417598,1511,27,39,130,594,0.01318359375,0.01904296875,0.0634765625,0.2900390625,78.125,2048.0,10000.0,0.861001995652841,10.22953234615175,0.004994888840894409,17.27652893483423,0.008435805143962026,5.144528614958025,0.0025119768627724732,5.002850914145308,10.0,2048.0,0.6618776948475209,1527.0,17.0,25.0,61.0,395.0,0.00830078125,0.01220703125,0.02978515625,0.19287109375,4.8828125,30,81.36
layer4.0,block,60,2048,1,False,,0,4.0,4.0,160000,39.11212164644839,16.097867798050583,0.007860287010766886,38.752175895678185,0.018921960886561614,5.843970392775236,0.002853501168347283,1.5585069178109165,10,2048,0.9946091047313641,2048,41,110,743,1794,0.02001953125,0.0537109375,0.36279296875,0.8759765625,78.125,2048.0,10000.0,7.312774293331045,9.32163782315974,0.004551580968339717,17.69153781368692,0.008638446198089317,4.540326635191452,0.002216956364839576,1.7101274977702692,10.0,2048.0,0.993994005630277,2048.0,16.0,30.0,214.0,1311.0,0.0078125,0.0146484375,0.1044921875,0.64013671875,4.8828125,30,81.36
layer4.1.conv1,conv,61,512,1,False,512.0,0,4.0,4.0,160000,10.60720244585792,12.095237292083532,0.023623510336100648,18.41038456425538,0.03595778235206129,5.2353628295691035,0.010225318026502155,2.5281766692269474,10,512,0.968697398164434,512,17,22,34,157,0.033203125,0.04296875,0.06640625,0.306640625,312.5,512.0,10000.0,1.6626830720038455,10.210971106916023,0.019943302943195358,14.496271217040265,0.028313029720781768,5.600141603583671,0.010937776569499357,2.647286936336548,10.0,512.0,0.9700718918361446,512.0,13.0,17.0,27.0,80.0,0.025390625,0.033203125,0.052734375,0.15625,19.53125,30,81.36
layer4.1.conv2,conv,62,512,1,False,512.0,0,4.0,4.0,160000,2.241241347369624,14.584846927845494,0.02848602915594823,28.14693114850798,0.05497447489942965,5.676186091583355,0.01108630096012374,3.1607629050912944,10,512,0.9860424415160202,512,30,45,98,220,0.05859375,0.087890625,0.19140625,0.4296875,312.5,512.0,10000.0,0.23778678073054157,9.270214873785145,0.01810588842536161,14.452723638313651,0.02822797585608135,5.000943626203382,0.00976746801992848,3.3127683010884565,10.0,512.0,0.9977089877836388,512.0,14.0,19.0,41.0,107.0,0.02734375,0.037109375,0.080078125,0.208984375,19.53125,30,81.36
layer4.1.conv3,conv,63,2048,1,False,512.0,0,4.0,4.0,160000,0.24104567270999175,8.416095494758984,0.004109421628300285,14.720068481055867,0.00718753343801556,3.8020489020020523,0.0018564691904306896,6.091030489753295,10,2048,0.8136032214647358,1258,14,20,57,270,0.0068359375,0.009765625,0.02783203125,0.1318359375,78.125,2048.0,10000.0,0.04342723885159511,6.443016163822655,0.003146003986241531,9.60354039716751,0.004689228709554448,3.638168642501214,0.0017764495324712958,5.585359141969805,10.0,2048.0,0.8400592837534652,1274.0,9.0,11.0,23.0,120.0,0.00439453125,0.00537109375,0.01123046875,0.05859375,4.8828125,30,81.36
layer4.1,block,64,2048,1,False,,0,4.0,4.0,160000,49.596293444501306,15.53624368338824,0.007586056486029414,39.56442574848477,0.01931856726000233,5.471384088460548,0.002671574261943627,1.5400732527498162,10,2048,0.9954187129591484,2048,46,126,807,1821,0.0224609375,0.0615234375,0.39404296875,0.88916015625,78.125,2048.0,10000.0,9.89964749854482,8.934531241442148,0.004362564082735424,16.696195263651365,0.008152439093579768,4.217368167870206,0.002059261800717874,1.6923102355756705,10.0,2048.0,0.9949857030427901,2048.0,14.0,28.0,212.0,1315.0,0.0068359375,0.013671875,0.103515625,0.64208984375,4.8828125,30,81.36
layer4.2.conv1,conv,65,512,1,False,512.0,0,4.0,4.0,160000,21.213001039195447,10.208549708769207,0.019938573649939857,15.290872404669011,0.029864985165369163,4.923960256700496,0.009617109876368156,2.497629221476866,10,512,0.967678651098945,512,14,18,29,119,0.02734375,0.03515625,0.056640625,0.232421875,312.5,512.0,10000.0,4.285755615161281,6.984423087418413,0.013641451342614087,10.566231979564876,0.020637171835087648,3.4225593592694596,0.006684686248573163,2.5972639720845674,10.0,512.0,0.9696528762849933,512.0,10.0,13.0,21.0,50.0,0.01953125,0.025390625,0.041015625,0.09765625,19.53125,30,81.36
layer4.2.conv2,conv,66,512,1,False,512.0,0,4.0,4.0,160000,3.6875110187877533,11.725092472515486,0.02290057123538181,20.77435407758879,0.040574910307790604,5.341450968147366,0.010432521422162824,3.266324833451287,10,512,0.9961629082665349,512,21,30,63,152,0.041015625,0.05859375,0.123046875,0.296875,312.5,512.0,10000.0,0.9764538225085573,5.907572032674123,0.011538226626316647,8.704812332838499,0.017001586587575192,2.9885449126258923,0.005837001782472446,3.3363235190651097,10.0,512.0,0.9988697745426576,512.0,8.0,10.0,17.0,47.0,0.015625,0.01953125,0.033203125,0.091796875,19.53125,30,81.36
layer4.2.conv3,conv,67,2048,1,False,512.0,0,4.0,4.0,160000,0.5500836723490885,7.036778185625643,0.003435926848450021,10.077402306572475,0.004920606595006091,3.502682122946818,0.001710294005345126,5.478454786682235,10,2048,0.8351521196497653,1263,9,10,24,132,0.00439453125,0.0048828125,0.01171875,0.064453125,78.125,2048.0,10000.0,0.30190551331319754,5.342543931294356,0.0026086640289523224,7.104328968401657,0.0034689106291023717,2.891924684796514,0.001412072599998298,4.5637435672783955,10.0,2048.0,0.8824528496956358,1274.0,7.0,8.0,10.0,22.0,0.00341796875,0.00390625,0.0048828125,0.0107421875,4.8828125,30,81.36
layer4.2,block,68,2048,1,False,,0,4.0,4.0,160000,77.7346813462527,11.363043916675563,0.00554836128743924,28.35157056770037,0.013843540316259947,4.426795244283358,0.0021615211153727335,1.5392704857748192,10,2048,0.9955456747399037,2048,33,87,638,1763,0.01611328125,0.04248046875,0.3115234375,0.86083984375,78.125,2048.0,10000.0,23.900296809906706,6.605131379463678,0.003225161806378749,11.68915249786254,0.005707593993096944,3.1962277073588443,0.0015606580602338107,1.729376727166241,10.0,2048.0,0.994902522116109,2048.0,9.0,16.0,95.0,968.0,0.00439453125,0.0078125,0.04638671875,0.47265625,4.8828125,30,81.36
fc,linear,69,10,1,False,,0,,,10000,127.31420253749472,3.5614203775049473,0.35614203775049474,5.176593055127016,0.5176593055127017,2.0922349119652544,0.20922349119652545,,10,10,,10,6,7,9,9,0.6,0.7,0.9,0.9,1000.0,,,,,,,,,,,,,,,,,,,,,,,,30,81.36
conv1,conv,0,64,1,False,27.0,0,32.0,32.0,160000,23.215721128933513,3.80965222616164,0.05952581603377562,5.086272628696304,0.07947300982337975,2.3192387188287586,0.036238104981699354,13.07488450958232,10,64,0.9740882197022013,45,5,6,9,10,0.078125,0.09375,0.140625,0.15625,2500.0,64.0,10000.0,5.142203759730083,2.146938149745355,0.03354590858977117,2.49769075845251,0.03902641810082047,1.628680082177788,0.025448126284027938,7.184583572255843,10.0,64.0,0.9313741209142969,41.0,3.0,3.0,3.0,5.0,0.046875,0.046875,0.046875,0.078125,156.25,40,84.98
layer1.0.conv1,conv,1,64,1,False,64.0,0,32.0,32.0,160000,0.6721927130207379,5.206098914293212,0.08134529553583143,7.160054154403657,0.11187584616255714,2.8444692910590406,0.04444483267279751,8.570784919502856,10,64,0.9190553619428533,63,7,9,11,15,0.109375,0.140625,0.171875,0.234375,2500.0,64.0,10000.0,0.0715418637898587,2.7578133740885855,0.04309083397013415,3.79487572322959,0.05929493317546235,1.8379509198089312,0.02871798312201455,8.635995499811248,10.0,64.0,0.9524977160930305,62.0,4.0,4.0,8.0,13.0,0.0625,0.0625,0.125,0.203125,156.25,40,84.98
layer1.0.conv2,conv,2,64,1,False,64.0,0,32.0,32.0,160000,1.5976689551823167,9.06124739139017,0.1415819904904714,12.853446358724245,0.20083509935506633,4.786743860436341,0.07479287281931783,4.630099383868482,10,64,0.9705119922972598,64,11,15,25,41,0.171875,0.234375,0.390625,0.640625,2500.0,64.0,10000.0,0.07863931141028513,2.8124876704140784,0.043945119850219976,4.0073758566396664,0.06261524775999479,1.9560460563989008,0.030563219631232826,5.4160035912547135,10.0,64.0,0.9830375077975847,64.0,4.0,5.0,12.0,21.0,0.0625,0.078125,0.1875,0.328125,156.25,40,84.98
layer1.0.conv3,conv,3,256,1,False,64.0,0,32.0,32.0,160000,0.5547802823162653,5.605740590972798,0.02189742418348749,8.034472719821505,0.03138465906180275,3.515201649488424,0.013731256443314157,9.617140848137252,10,256,0.8914371317540133,159,8,10,16,33,0.03125,0.0390625,0.0625,0.12890625,625.0,256.0,10000.0,0.015336184555391364,3.112752182176197,0.01215918821162577,4.765242248406793,0.018614227532839034,1.937978081393024,0.0075702268804415,9.0747985985309,10.0,256.0,0.9175034195167048,158.0,5.0,6.0,12.0,23.0,0.01953125,0.0234375,0.046875,0.08984375,39.0625,40,84.98
layer1.0.downsample.0,conv,4,256,1,False,64.0,0,32.0,32.0,160000,2.126713608557565,5.130772205603117,0.020042078928137176,6.6518861603202915,0.02598393031375114,3.503860279730646,0.013686954217697837,7.899998957584553,10,256,0.9705185481254486,158,6,8,11,15,0.0234375,0.03125,0.04296875,0.05859375,625.0,256.0,10000.0,0.3746850178317952,2.409605572742274,0.009412521768524508,3.2360731640332223,0.012640910797004775,1.6714882632553834,0.006529251028341341,7.286105215785495,10.0,256.0,0.9754297736688526,157.0,3.0,4.0,6.0,12.0,0.01171875,0.015625,0.0234375,0.046875,39.0625,40,84.98
layer1.0,block,5,256,1,False,,0,32.0,32.0,160000,3.611944565250838,12.570268147564507,0.049102609951423855,23.58625337501662,0.09213380224615868,5.73536950772008,0.02240378713953156,2.7944541812217754,10,256,0.6583006500784774,256,25,42,110,202,0.09765625,0.1640625,0.4296875,0.7890625,625.0,256.0,10000.0,0.36602569116454414,3.804233005453135,0.014860285177551308,6.671626364909711,0.02606104048792856,2.1748052086785172,0.008495332846400458,3.516959776207558,10.0,256.0,0.7226443330947909,256.0,7.0,11.0,27.0,85.0,0.02734375,0.04296875,0.10546875,0.33203125,39.0625,40,84.98
layer1.1.conv1,conv,6,64,1,False,64.0,0,32.0,32.0,160000,1.2906744402015389,3.876173584783543,0.06056521226224286,5.99217600197844,0.09362775003091313,2.2376940175020152,0.03496396902346899,4.584606572091032,10,64,0.9843366146516201,64,6,8,14,28,0.09375,0.125,0.21875,0.4375,2500.0,64.0,10000.0,0.05112150420973206,3.6082529241102606,0.05637895193922282,5.276017389000757,0.08243777170313683,2.2114876987222156,0.03455449529253462,5.350044561230459,10.0,64.0,0.9930819870135211,64.0,5.0,7.0,12.0,21.0,0.078125,0.109375,0.1875,0.328125,156.25,40,84.98
layer1.1.conv2,conv,7,64,1,False,64.0,0,32.0,32.0,160000,1.3269733142345541,9.011891568604621,0.1408108057594472,12.327949126243503,0.19262420509755473,5.243463636807322,0.0819291193251144,4.156148263007153,10,64,0.9754914490102484,64,11,14,25,44,0.171875,0.21875,0.390625,0.6875,2500.0,64.0,10000.0,0.020237536143272977,3.73309273333147,0.058329573958304216,5.103539815750274,0.07974280962109803,2.4483377779740176,0.038255277780844026,5.2060902858021985,10.0,64.0,0.9804606081750895,64.0,4.0,6.0,12.0,23.0,0.0625,0.09375,0.1875,0.359375,156.25,40,84.98
layer1.1.conv3,conv,8,256,1,False,64.0,0,32.0,32.0,160000,0.32202419408888894,7.429172892422922,0.029020206611027038,10.113711155185962,0.039506684199945165,4.835323480053979,0.018887982343960854,9.955715103227746,10,256,0.8879830200673415,161,9,12,21,38,0.03515625,0.046875,0.08203125,0.1484375,625.0,256.0,10000.0,0.005700028657081238,2.94576057215168,0.0115068772349675,4.515227514664017,0.017637607479156315,1.8888972265717991,0.00737850479129609,9.059487110529007,10.0,256.0,0.9217783900317892,160.0,4.0,7.0,13.0,24.0,0.015625,0.02734375,0.05078125,0.09375,39.0625,40,84.98
layer1.1,block,9,256,1,False,,0,32.0,32.0,160000,4.8190755986676335,16.60488751111275,0.06486284184028418,31.432893554823337,0.12278474044852866,7.349823579571295,0.02871024835770037,2.112453917593589,10,256,0.990505448590105,256,35,59,144,232,0.13671875,0.23046875,0.5625,0.90625,625.0,256.0,10000.0,0.37212785135404486,4.313028552854906,0.016847767784589476,7.708604206389101,0.030111735181207425,2.3482616984229208,0.009172897259464534,2.833886115938082,10.0,256.0,0.9921609223405506,256.0,8.0,12.0,31.0,105.0,0.03125,0.046875,0.12109375,0.41015625,39.0625,40,84.98
layer1.2.conv1,conv,10,64,1,False,64.0,0,32.0,32.0,160000,1.7558660317128083,4.167089912996596,0.06511077989057182,6.081936168090023,0.0950302526264066,2.479563629557654,0.03874318171183835,4.1978014415758205,10,64,0.9868441193485615,64,6,8,15,31,0.09375,0.125,0.234375,0.484375,2500.0,64.0,10000.0,0.034563383081378886,3.438074212486402,0.05371990957010003,5.415774325615485,0.08462147383774195,2.064501064628992,0.032257829134828,4.954368259639626,10.0,64.0,0.9904940526747419,64.0,6.0,8.0,13.0,25.0,0.09375,0.125,0.203125,0.390625,156.25,40,84.98
layer1.2.conv2,conv,11,64,1,False,64.0,0,32.0,32.0,160000,2.6572716570475734,7.698395811635047,0.1202874345567976,10.274277419508142,0.1605355846798147,4.503594631891994,0.07036866612331241,4.166654725130331,10,64,0.9800751432077671,64,9,11,20,39,0.140625,0.171875,0.3125,0.609375,2500.0,64.0,10000.0,0.009907456842083492,2.9257449508118807,0.045714764856435636,4.599266869745802,0.07186354483977815,1.8692559050527688,0.029207123516449513,4.895159441333239,10.0,64.0,0.9843157448589532,64.0,5.0,7.0,12.0,24.0,0.078125,0.109375,0.1875,0.375,156.25,40,84.98
layer1.2.conv3,conv,12,256,1,False,64.0,0,32.0,32.0,160000,0.2739502567573807,9.238977786701115,0.03608975697930123,13.015477263275617,0.05084170805967038,4.633447380120357,0.018099403828595144,10.518275208821455,10,256,0.8906203377084918,158,12,15,24,39,0.046875,0.05859375,0.09375,0.15234375,625.0,256.0,10000.0,0.013615613931693372,1.9216854523453781,0.007506583798224133,2.9318236332920486,0.011452436067547065,1.4221447632198232,0.005555252981327434,8.538533097838863,10.0,256.0,0.9340814548788696,158.0,3.0,4.0,8.0,16.0,0.01171875,0.015625,0.03125,0.0625,39.0625,40,84.98
layer1.2,block,13,256,1,False,,0,32.0,32.0,160000,5.506951215935244,23.510376050793486,0.09183740644841205,42.84031959844156,0.16734499843141235,10.259871960439636,0.04007762484546733,1.9851781243633533,10,256,0.9912436372852746,256,47,79,170,240,0.18359375,0.30859375,0.6640625,0.9375,625.0,256.0,10000.0,0.4594155033375158,5.172511219435474,0.02020512195091982,9.133847073788736,0.03567909013198725,2.6838407226274725,0.010483752822763565,2.7261546748862804,10.0,256.0,0.9974430013069173,256.0,9.0,14.0,34.0,117.0,0.03515625,0.0546875,0.1328125,0.45703125,39.0625,40,84.98
layer2.0.conv1,conv,14,128,1,False,128.0,0,32.0,32.0,160000,3.3066942825447287,8.083502597682855,0.06315236404439731,11.098535119935637,0.08670730562449716,4.828047510516176,0.03771912117590762,4.465461629094979,10,128,0.9925781745462288,128,10,13,23,43,0.078125,0.1015625,0.1796875,0.3359375,1250.0,128.0,10000.0,0.25642531557372955,3.5404994197058803,0.02766015171645219,5.648196294301368,0.044126533549229435,2.0744555486986305,0.01620668397420805,5.166424304025603,10.0,128.0,0.9967492679327524,128.0,6.0,8.0,13.0,23.0,0.046875,0.0625,0.1015625,0.1796875,78.125,40,84.98
layer2.0.conv2,conv,15,128,1,False,128.0,0,16.0,16.0,160000,6.394068039198697,11.677751903406518,0.09123243674536342,17.22384478953026,0.13456128741820517,5.933068900072371,0.0463521007818154,3.83292431913793,10,128,0.983453471567417,128,15,20,38,74,0.1171875,0.15625,0.296875,0.578125,1250.0,128.0,10000.0,0.5002230779228698,4.135540391359438,0.03230890930749561,5.904553492338329,0.0461293241588932,2.4506467821909057,0.01914567798586645,4.344661952690763,10.0,128.0,0.9855208046726182,128.0,6.0,7.0,11.0,28.0,0.046875,0.0546875,0.0859375,0.21875,78.125,40,84.98
layer2.0.conv3,conv,16,512,1,False,128.0,0,16.0,16.0,160000,1.180248499856992,10.184142321123977,0.019890902970945267,14.594967012422183,0.028505794946137076,5.243898637670815,0.010241989526700811,8.129258641857534,10,512,0.8858114416196559,312,13,16,29,63,0.025390625,0.03125,0.056640625,0.123046875,312.5,512.0,10000.0,0.10195617019804894,4.2667253282557684,0.008333447906749548,6.103064714457309,0.011920048270424432,2.505565616540393,0.004893682844805455,6.813378814736974,10.0,512.0,0.9358096999457897,319.0,6.0,7.0,13.0,29.0,0.01171875,0.013671875,0.025390625,0.056640625,19.53125,40,84.98
layer2.0.downsample.0,conv,17,512,1,False,256.0,0,16.0,16.0,160000,5.069817309259981,10.695041466004142,0.02088875286328934,14.985445685377648,0.02926844860425322,5.854686171030771,0.011434933927794474,6.6760084375326745,10,512,0.8181082109616917,379,13,17,32,68,0.025390625,0.033203125,0.0625,0.1328125,312.5,512.0,10000.0,0.7429044341341698,4.152486378274571,0.008110324957567522,6.11307878835999,0.011939607008515606,2.4702199634079247,0.004824648366031103,5.8011815093320305,10.0,512.0,0.9213162543368403,383.0,6.0,8.0,14.0,29.0,0.01171875,0.015625,0.02734375,0.056640625,19.53125,40,84.98
layer2.0,block,18,512,1,False,,0,16.0,16.0,160000,9.798351880124661,19.062191801997642,0.037230843363276644,39.510539142381326,0.07716902176246353,8.1138210851857,0.01584730680700332,1.962907443795477,10,512,0.9889396870515447,512,46,88,261,454,0.08984375,0.171875,0.509765625,0.88671875,312.5,512.0,10000.0,1.165147095793817,5.468330248886101,0.010680332517355666,9.628425609432593,0.018805518768423034,2.9074482965898034,0.00567860995427696,2.462314998014911,10.0,512.0,0.9950598105935468,512.0,9.0,14.0,45.0,191.0,0.017578125,0.02734375,0.087890625,0.373046875,19.53125,40,84.98
layer2.1.conv1,conv,19,128,1,False,128.0,0,16.0,16.0,160000,3.3794325406875796,6.147444984963058,0.04802691394502389,9.407279461740304,0.07349437079484612,3.241927606963466,0.02532755942940208,4.1338744470433335,10,128,0.9982357855351285,128,9,12,21,42,0.0703125,0.09375,0.1640625,0.328125,1250.0,128.0,10000.0,0.5100370012625384,3.2323554469372775,0.02525277692919748,5.052763297311047,0.03947471326024255,1.9509915587001705,0.015242121552345082,4.686101466559222,10.0,128.0,0.9979042258518737,128.0,5.0,7.0,11.0,22.0,0.0390625,0.0546875,0.0859375,0.171875,78.125,40,84.98
layer2.1.conv2,conv,20,128,1,False,128.0,0,16.0,16.0,160000,2.5410515453711273,14.479453377674863,0.11312072951308487,21.604230593266227,0.1687830515098924,7.341263311184885,0.05735361961863191,3.608284290316032,10,128,0.9659562924853891,128,19,27,49,87,0.1484375,0.2109375,0.3828125,0.6796875,1250.0,128.0,10000.0,0.17931212080229625,4.112100320824261,0.03212578375643954,6.215122779047063,0.04855564671130518,2.3275466270774436,0.01818395802404253,4.512935875259501,10.0,128.0,0.9776073009805902,128.0,6.0,7.0,16.0,34.0,0.046875,0.0546875,0.125,0.265625,78.125,40,84.98
layer2.1.conv3,conv,21,512,1,False,128.0,0,16.0,16.0,160000,0.4836610896957985,9.955429955588269,0.019444199132008337,15.193564856407717,0.02967493136017132,5.187104296064452,0.010131063078250882,8.363198240879502,10,512,0.8559779238060823,314,14,19,41,83,0.02734375,0.037109375,0.080078125,0.162109375,312.5,512.0,10000.0,0.026017550926949656,3.427243344704768,0.0066938346576265,5.874567901471094,0.01147376543256073,2.024298275623962,0.00395370756957805,7.458182012548549,10.0,512.0,0.8971321547136987,319.0,6.0,9.0,20.0,49.0,0.01171875,0.017578125,0.0390625,0.095703125,19.53125,40,84.98
layer2.1,block,22,512,1,False,,0,16.0,16.0,160000,10.291433792063748,28.081514805714498,0.05484670860491113,59.052388629161975,0.11533669654133198,10.8846949249118,0.02125916977521836,1.7933460995071837,10,512,0.9940897056345507,512,74,138,336,481,0.14453125,0.26953125,0.65625,0.939453125,312.5,512.0,10000.0,0.8836052250284907,6.652535214896107,0.01299323284159396,12.520444448057685,0.024453993062612665,3.1876915652789326,0.006225960088435415,2.276244864989941,10.0,512.0,0.9975830679313021,512.0,12.0,21.0,74.0,288.0,0.0234375,0.041015625,0.14453125,0.5625,19.53125,40,84.98
layer2.2.conv1,conv,23,128,1,False,128.0,0,16.0,16.0,160000,2.9243802148826283,11.615601693306152,0.09074688822895431,16.3685526857726,0.12787931785759843,6.091388574268742,0.04758897323647455,3.936772578217444,10,128,0.9940315677275612,128,14,19,32,66,0.109375,0.1484375,0.25,0.515625,1250.0,128.0,10000.0,0.242439007291754,4.285439549801161,0.03347999648282157,7.174048540397279,0.05604725422185374,2.3378520832410614,0.018264469400320792,4.4112339692176805,10.0,128.0,0.9927973122122055,128.0,7.0,10.0,19.0,38.0,0.0546875,0.078125,0.1484375,0.296875,78.125,40,84.98
layer2.2.conv2,conv,24,128,1,False,128.0,0,16.0,16.0,160000,1.6627253698327924,22.425231622990438,0.1751971220546128,33.69973083417703,0.26327914714200806,10.250710239540032,0.0800836737464065,2.896825736276238,10,128,0.9570287653324769,128,31,42,73,111,0.2421875,0.328125,0.5703125,0.8671875,1250.0,128.0,10000.0,0.07998561419781934,3.463076984302507,0.027055288939863337,6.479149923304444,0.05061835877581597,2.0062296254728618,0.015673668949006733,3.7998437209401836,10.0,128.0,0.9731577169406758,128.0,8.0,11.0,24.0,56.0,0.0625,0.0859375,0.1875,0.4375,78.125,40,84.98
layer2.2.conv3,conv,25,512,1,False,128.0,0,16.0,16.0,160000,0.1952780350547326,13.668870857311095,0.026697013393185733,22.838199051711367,0.044605857522873764,5.780401139181782,0.011289845974964418,8.901492565225263,10,512,0.8236142947742844,308,22,32,62,104,0.04296875,0.0625,0.12109375,0.203125,312.5,512.0,10000.0,0.008842130009764287,2.822007490331306,0.005511733379553332,5.6774394737312255,0.0110887489721313,1.75286120973958,0.003423557050272617,7.7690941880098645,10.0,512.0,0.8682925668764951,319.0,7.0,12.0,30.0,69.0,0.013671875,0.0234375,0.05859375,0.134765625,19.53125,40,84.98
layer2.2,block,26,512,1,False,,0,16.0,16.0,160000,10.71544935637387,34.45687241686721,0.06729857893919378,74.26564409631203,0.14505008612560943,12.976976568944176,0.025345657361219093,1.674254391607909,10,512,0.9937308244012153,512,99,179,376,491,0.193359375,0.349609375,0.734375,0.958984375,312.5,512.0,10000.0,0.8073000103702096,7.423599948153136,0.014499218648736593,14.363456631040213,0.028053626232500416,3.4259924910178476,0.006691391584019234,2.164899765819725,10.0,512.0,0.9976792574875798,512.0,14.0,26.0,96.0,338.0,0.02734375,0.05078125,0.1875,0.66015625,19.53125,40,84.98
layer2.3.conv1,conv,27,128,1,False,128.0,0,16.0,16.0,160000,2.490213933707084,11.497492895272224,0.08982416324431425,16.991862864647857,0.13274892863006138,6.309883563338402,0.049295965338581264,3.7035312168912085,10,128,0.9904459206996755,128,15,21,37,76,0.1171875,0.1640625,0.2890625,0.59375,1250.0,128.0,10000.0,0.1438410966380743,6.020228039059177,0.04703303155514982,9.399380059430818,0.07343265671430327,3.1122720959241703,0.02431462574940758,4.204945382703491,10.0,128.0,0.9919178999293466,128.0,9.0,12.0,23.0,47.0,0.0703125,0.09375,0.1796875,0.3671875,78.125,40,84.98
layer2.3.conv2,conv,28,128,1,False,128.0,0,16.0,16.0,160000,1.509868926847546,19.560485785471716,0.15281629519899778,29.253059155691872,0.22853952465384275,9.752037540069503,0.076187793281793,2.968798363203595,10,128,0.9698431537325789,128,26,37,67,108,0.203125,0.2890625,0.5234375,0.84375,1250.0,128.0,10000.0,0.04999816478301567,4.786163335440468,0.03739190105812865,7.415041444349835,0.057930011283983084,2.74514713276499,0.021446461974726484,3.7264976250654778,10.0,128.0,0.9700859115231899,128.0,6.0,10.0,25.0,56.0,0.046875,0.078125,0.1953125,0.4375,78.125,40,84.98
layer2.3.conv3,conv,29,512,1,False,128.0,0,16.0,16.0,160000,0.1507292044295434,14.161994289202767,0.027660145096099154,21.892786285167013,0.04275934821321682,6.784440550666513,0.013250860450520534,8.834384250472317,10,512,0.8323340862336527,310,20,28,57,99,0.0390625,0.0546875,0.111328125,0.193359375,312.5,512.0,10000.0,0.005521388314898497,4.125548006872325,0.00805771095092251,7.0400754005395445,0.013750147266678798,2.50911479756083,0.004900614838985996,7.797674727230438,10.0,512.0,0.8742031940645352,320.0,8.0,12.0,27.0,65.0,0.015625,0.0234375,0.052734375,0.126953125,19.53125,40,84.98
layer2.3,block,30,512,1,False,,0,16.0,16.0,160000,10.834572371628237,39.84024385314032,0.07781297627566469,86.89311418060232,0.16971311363398892,14.280894857905833,0.02789237276934733,1.599914511934802,10,512,0.99309682455397,512,120,208,398,495,0.234375,0.40625,0.77734375,0.966796875,312.5,512.0,10000.0,0.7593127167901221,8.292010500447647,0.01619533300868681,16.20922708565879,0.03165864665167732,3.766723151846173,0.007356881155949556,2.105337674241877,10.0,512.0,0.9977008426972251,512.0,16.0,31.0,115.0,368.0,0.03125,0.060546875,0.224609375,0.71875,19.53125,40,84.98
layer3.0.conv1,conv,31,256,1,False,256.0,0,16.0,16.0,160000,6.956377973279406,15.580957351517958,0.06086311465436702,22.827668022613004,0.08917057821333205,7.1598964217267085,0.027968345397369955,3.7329892950784753,10,256,0.9906246447881584,256,20,27,46,105,0.078125,0.10546875,0.1796875,0.41015625,625.0,256.0,10000.0,0.6288347310620828,6.9583814081602435,0.02718117737562595,10.600598758749577,0.041408588901365534,3.4119675931447944,0.013327998410721853,4.227243652415188,10.0,256.0,0.994998503697613,256.0,10.0,13.0,25.0,49.0,0.0390625,0.05078125,0.09765625,0.19140625,39.0625,40,84.98
layer3.0.conv2,conv,32,256,1,False,256.0,0,8.0,8.0,160000,9.638668839340694,20.14793933340647,0.07870288802111902,33.464030813263896,0.1307188703643121,8.484826077165264,0.033143851863926814,2.9686435579210992,10,256,0.9767590353455057,256,31,45,94,184,0.12109375,0.17578125,0.3671875,0.71875,625.0,256.0,10000.0,1.1760746006601361,7.922469319408098,0.030947145778937882,11.845823156422972,0.04627274670477723,4.033342997021252,0.015755246082114267,3.3775102321280634,10.0,256.0,0.9906915531848485,256.0,10.0,14.0,31.0,86.0,0.0390625,0.0546875,0.12109375,0.3359375,39.0625,40,84.98
layer3.0.conv3,conv,33,1024,1,False,256.0,0,8.0,8.0,160000,2.1949214375027712,17.79359231821022,0.017376554998252167,26.60236327172032,0.025978870382539376,7.913126154072428,0.007727662259836355,7.178319071248166,10,1024,0.8542790322068183,622,23,31,61,149,0.0224609375,0.0302734375,0.0595703125,0.1455078125,156.25,1024.0,10000.0,0.27951347186962633,8.517904164305474,0.008318265785454564,12.717963150985772,0.012419885889634543,4.250138728084588,0.004150526101645105,6.617727346699268,10.0,1024.0,0.8895655662191766,635.0,11.0,15.0,30.0,76.0,0.0107421875,0.0146484375,0.029296875,0.07421875,9.765625,40,84.98
layer3.0.downsample.0,conv,34,1024,1,False,512.0,0,8.0,8.0,160000,7.911379378462601,15.996288410052944,0.015621375400442328,24.56986989103117,0.023994013565460128,7.59210395072107,0.007414164014376045,5.724973646093898,10,1024,0.7752078537388214,755,22,30,60,166,0.021484375,0.029296875,0.05859375,0.162109375,156.25,1024.0,10000.0,0.9104481618840473,6.272495681062211,0.006125484063537316,10.255047563323288,0.010014694886057898,3.1458987342421416,0.0030721667326583414,5.429319794167039,10.0,1024.0,0.833733379133522,764.0,9.0,14.0,32.0,80.0,0.0087890625,0.013671875,0.03125,0.078125,9.765625,40,84.98
layer3.0,block,35,1024,1,False,,0,8.0,8.0,160000,14.059014649598994,29.453979045219903,0.02876365141134756,68.46551426459057,0.06686085377401423,10.4781797452326,0.010232597407453711,1.7540959164437007,10,1024,0.9906308184751597,1024,92,193,584,932,0.08984375,0.1884765625,0.5703125,0.91015625,156.25,1024.0,10000.0,1.5443679206517271,10.112685403518766,0.009875669339373795,19.49547173609374,0.019038546617279044,4.606288662457467,0.00449832877193112,2.0168399893665194,10.0,1024.0,0.9933226530454551,1024.0,18.0,37.0,172.0,671.0,0.017578125,0.0361328125,0.16796875,0.6552734375,9.765625,40,84.98
layer3.1.conv1,conv,36,256,1,False,256.0,0,8.0,8.0,160000,5.259951007038672,11.54796251592077,0.045109228577815505,17.161193580971865,0.06703591242567135,6.082732585811531,0.023760674163326292,3.692860912851995,10,256,0.9971670573680482,256,16,21,35,78,0.0625,0.08203125,0.13671875,0.3046875,625.0,256.0,10000.0,0.7291982972019981,6.899423958530148,0.02695087483800839,10.064701740849145,0.03931524117519197,3.9313992156378923,0.015357028186085517,4.011575038421107,10.0,256.0,0.9986472250296446,256.0,9.0,13.0,22.0,44.0,0.03515625,0.05078125,0.0859375,0.171875,39.0625,40,84.98
layer3.1.conv2,conv,37,256,1,False,256.0,0,8.0,8.0,160000,4.243892772444588,24.747842571420858,0.09667126004461273,39.087681988493344,0.15268625776755212,10.562367052620322,0.041259246299298134,2.9885974437460106,10,256,0.9644729677479784,256,36,52,103,187,0.140625,0.203125,0.40234375,0.73046875,625.0,256.0,10000.0,0.4466356899178892,7.046841006026275,0.027526722679790137,10.822525811197952,0.042275491449992,4.139746030443124,0.016170882931418454,3.723398691831612,10.0,256.0,0.9820808633089209,256.0,10.0,15.0,32.0,80.0,0.0390625,0.05859375,0.125,0.3125,39.0625,40,84.98
layer3.1.conv3,conv,38,1024,1,False,256.0,0,8.0,8.0,160000,0.7146436826214826,15.205217824265498,0.014848845531509275,26.732182848517258,0.026105647313005135,5.914322284408961,0.005775705355868126,7.323645456947385,10,1024,0.8257631264067573,625,25,39,91,187,0.0244140625,0.0380859375,0.0888671875,0.1826171875,156.25,1024.0,10000.0,0.0570861271594297,5.303867081302346,0.005179557696584322,10.686690437715635,0.010436221130581675,2.6722302595011946,0.0026095998627941354,6.990241892302601,10.0,1024.0,0.8546643262936405,637.0,12.0,20.0,48.0,129.0,0.01171875,0.01953125,0.046875,0.1259765625,9.765625,40,84.98
layer3.1,block,39,1024,1,False,,0,8.0,8.0,160000,14.315127083423572,43.667446110347356,0.04264399034213609,105.13911312892624,0.10267491516496703,14.524304580407092,0.0141838911918038,1.5919839270814087,10,1024,0.9951782300859295,1024,159,313,728,977,0.1552734375,0.3056640625,0.7109375,0.9541015625,156.25,1024.0,10000.0,1.2929580525376119,11.975355958940568,0.011694683553652899,25.57243684519659,0.024973082856637296,5.171456533013329,0.005050250520520829,1.85114351298466,10.0,1024.0,0.9961759259264553,1024.0,28.0,63.0,303.0,816.0,0.02734375,0.0615234375,0.2958984375,0.796875,9.765625,40,84.98
layer3.2.conv1,conv,40,256,1,False,256.0,0,8.0,8.0,160000,4.993913849006353,17.177343325365975,0.06709899736471084,24.790186540070728,0.09683666617215128,8.861008926494618,0.0346133161191196,3.428461209304059,10,256,0.994715084788187,256,22,29,52,125,0.0859375,0.11328125,0.203125,0.48828125,625.0,256.0,10000.0,0.43490517209798246,9.755706078189682,0.038108226867928446,14.490359523376233,0.05660296688818841,5.008800391481831,0.019565626529225902,3.6994107333052844,10.0,256.0,0.9960904970464642,256.0,13.0,18.0,35.0,76.0,0.05078125,0.0703125,0.13671875,0.296875,39.0625,40,84.98
layer3.2.conv2,conv,41,256,1,False,256.0,0,8.0,8.0,160000,3.1187261923092198,30.746011462064057,0.12010160727368772,49.630288812198884,0.1938683156726519,13.007828827352405,0.05081183135684533,2.639849298511629,10,256,0.9636389861718478,256,46,68,130,215,0.1796875,0.265625,0.5078125,0.83984375,625.0,256.0,10000.0,0.1933192805600717,8.749398091126675,0.034177336293463575,14.456629123442418,0.05647120751344695,4.826649999618238,0.01885410156100874,3.247878431904412,10.0,256.0,0.9793012185889263,256.0,14.0,22.0,52.0,123.0,0.0546875,0.0859375,0.203125,0.48046875,39.0625,40,84.98
layer3.2.conv3,conv,42,1024,1,False,256.0,0,8.0,8.0,160000,0.4390937277490863,20.646150315050157,0.02016225616704117,35.057645386319535,0.03423598182257767,8.512320104151948,0.008312812601710887,7.585728103534138,10,1024,0.8066135795187981,622,33,51,117,209,0.0322265625,0.0498046875,0.1142578125,0.2041015625,156.25,1024.0,10000.0,0.021239448140025298,9.939790616865865,0.009706826774283072,17.776380501557963,0.017359746583552698,4.737371319046685,0.004626339178756528,7.34759446094612,10.0,1024.0,0.8279860502177342,638.0,18.0,29.0,72.0,171.0,0.017578125,0.0283203125,0.0703125,0.1669921875,9.765625,40,84.98
layer3.2,block,43,1024,1,False,,0,8.0,8.0,160000,14.95660793332219,57.93283056437065,0.05657502984801821,141.60467595978977,0.1382858163669822,18.203167204672898,0.017776530473313377,1.481093065353253,10,1024,0.9949346457080968,1024,227,415,805,992,0.2216796875,0.4052734375,0.7861328125,0.96875,156.25,1024.0,10000.0,1.1563042091372153,14.066611183727185,0.013736924984108579,32.28644286932199,0.031529729364572254,5.889752093272214,0.005751711028586146,1.743489201210188,10.0,1024.0,0.9961090358049656,1024.0,40.0,96.0,422.0,885.0,0.0390625,0.09375,0.412109375,0.8642578125,9.765625,40,84.98
layer3.3.conv1,conv,44,256,1,False,256.0,0,8.0,8.0,160000,4.8260017957593195,21.382513069447242,0.08352544167752829,30.62406874661048,0.11962526854144719,11.196879688539232,0.043737811283356375,3.2383852072632546,10,256,0.9918353608410518,256,26,36,67,155,0.1015625,0.140625,0.26171875,0.60546875,625.0,256.0,10000.0,0.3603563271023479,10.756098520621602,0.042016009846178135,16.71005324901754,0.06527364550397477,5.534417239048602,0.0216188173400336,3.4831314239367654,10.0,256.0,0.9939920516477624,256.0,15.0,23.0,44.0,101.0,0.05859375,0.08984375,0.171875,0.39453125,39.0625,40,84.98
layer3.3.conv2,conv,45,256,1,False,256.0,0,8.0,8.0,160000,2.1282761847558986,30.465712530095953,0.11900668957068732,52.12325137915166,0.20360645069981118,9.893465017107049,0.03864634772307441,2.473420279073625,10,256,0.9684254750724318,256,50,74,142,226,0.1953125,0.2890625,0.5546875,0.8828125,625.0,256.0,10000.0,0.11804116518374845,10.60713924053106,0.04143413765832445,17.876971395862277,0.06983191951508702,5.164003196987922,0.02017188748823407,3.1091974832655125,10.0,256.0,0.9793999709158379,256.0,17.0,27.0,62.0,143.0,0.06640625,0.10546875,0.2421875,0.55859375,39.0625,40,84.98
layer3.3.conv3,conv,46,1024,1,False,256.0,0,8.0,8.0,160000,0.26155770009575424,19.94286327113039,0.01947545241321327,34.6920893252197,0.03387899348165986,8.168508233813553,0.007977058822083547,7.582136688713928,10,1024,0.8072214718984598,623,33,52,118,209,0.0322265625,0.05078125,0.115234375,0.2041015625,156.25,1024.0,10000.0,0.0121806167337834,11.760049511143317,0.011484423350725895,20.810626887068267,0.020322877819402604,5.179762147227552,0.005058361471901906,7.440001735291047,10.0,1024.0,0.8276721135417185,637.0,21.0,31.0,76.0,174.0,0.0205078125,0.0302734375,0.07421875,0.169921875,9.765625,40,84.98
layer3.3,block,47,1024,1,False,,0,8.0,8.0,160000,15.006799630646695,69.0087349939251,0.06739134276750498,171.51474196609655,0.16749486520126616,20.286453786611432,0.019810990025987726,1.4065344800018744,10,1024,0.9945326209982849,1024,282,485,845,1000,0.275390625,0.4736328125,0.8251953125,0.9765625,156.25,1024.0,10000.0,1.088629661775787,15.352353510540041,0.014992532725136759,37.56542714045736,0.03668498744185289,6.178476849594661,0.006033668798432286,1.682706523281426,10.0,1024.0,0.9958527996910035,1024.0,51.0,125.0,498.0,916.0,0.0498046875,0.1220703125,0.486328125,0.89453125,9.765625,40,84.98
layer3.4.conv1,conv,48,256,1,False,256.0,0,8.0,8.0,160000,4.03821531879189,23.44939034386226,0.09159918103071195,35.07638414195106,0.13701712555449633,10.281476398670408,0.04016201718230628,3.111273149159135,10,256,0.9876552675694952,256,31,42,78,175,0.12109375,0.1640625,0.3046875,0.68359375,625.0,256.0,10000.0,0.2825011631423285,12.416956646978049,0.048503736902258,19.590811131709977,0.0765266059832421,6.356478158736286,0.02482999280756362,3.372698799407649,10.0,256.0,0.9926940559544342,256.0,18.0,27.0,51.0,119.0,0.0703125,0.10546875,0.19921875,0.46484375,39.0625,40,84.98
layer3.4.conv2,conv,49,256,1,False,256.0,0,8.0,8.0,160000,1.5759174501099258,31.00750332415251,0.12112305985997074,52.60595743335323,0.20549202122403606,10.977451415550973,0.04288066959199599,2.46929159547156,10,256,0.9667052017554678,256,50,74,143,225,0.1953125,0.2890625,0.55859375,0.87890625,625.0,256.0,10000.0,0.08418213597215564,10.644598171881483,0.041580461608912045,19.36089618650364,0.07562850072852985,4.513398669985126,0.017630463554629397,3.1409885448689208,10.0,256.0,0.9790870899471816,256.0,20.0,30.0,65.0,148.0,0.078125,0.1171875,0.25390625,0.578125,39.0625,40,84.98
layer3.4.conv3,conv,50,1024,1,False,256.0,0,8.0,8.0,160000,0.18227782639791365,18.57356478324818,0.0181382468586408,31.90458750609589,0.031156823736421767,7.81355257322181,0.007630422434786924,7.519583852958998,10,1024,0.8172928069986822,619,30,45,104,197,0.029296875,0.0439453125,0.1015625,0.1923828125,156.25,1024.0,10000.0,0.008899534389167756,11.112398137904085,0.010851951306546958,20.342513768733586,0.019865736102278892,4.41600780363222,0.00431250762073459,7.383774794960745,10.0,1024.0,0.8398715407301571,638.0,20.0,29.0,66.0,161.0,0.01953125,0.0283203125,0.064453125,0.1572265625,9.765625,40,84.98
layer3.4,block,51,1024,1,False,,0,8.0,8.0,160000,14.61546921354898,78.40574799043817,0.07656811327191228,195.41096665250421,0.19083102212158615,21.819829710700798,0.021308427451856248,1.3568207843560645,10,1024,0.9938539255601335,1024,323,530,868,1003,0.3154296875,0.517578125,0.84765625,0.9794921875,156.25,1024.0,10000.0,1.0279830955591296,16.870190197603478,0.016474795114847146,42.65989402350936,0.04166005275733336,6.594237474585134,0.006439685033774545,1.648575746518704,10.0,1024.0,0.9955701637683788,1024.0,61.0,150.0,546.0,932.0,0.0595703125,0.146484375,0.533203125,0.91015625,9.765625,40,84.98
layer3.5.conv1,conv,52,256,1,False,256.0,0,8.0,8.0,160000,3.4001615313751796,25.007291744532026,0.09768473337707823,36.88795665334261,0.14409358067711958,12.055433058481908,0.04709153538469495,3.0529649392893927,10,256,0.9872759203345891,256,32,43,83,181,0.125,0.16796875,0.32421875,0.70703125,625.0,256.0,10000.0,0.23377737285537326,13.657808354623105,0.053350813885246505,21.436253966382314,0.08373536705618091,6.97804781754566,0.027257999287287733,3.340071397762281,10.0,256.0,0.9918203154376661,256.0,20.0,29.0,53.0,126.0,0.078125,0.11328125,0.20703125,0.4921875,39.0625,40,84.98
layer3.5.conv2,conv,53,256,1,False,256.0,0,8.0,8.0,160000,1.3450246748768317,26.46290465246668,0.10337072129869797,46.377749750821565,0.18116308496414674,9.339822978582392,0.03648368351008747,2.5557766657510657,10,256,0.968320438697908,256,45,67,132,219,0.17578125,0.26171875,0.515625,0.85546875,625.0,256.0,10000.0,0.07457835972111548,11.29552394056007,0.044123140392812774,19.77274823995535,0.07723729781232559,5.008930478053212,0.019566134679895358,3.2900657830645943,10.0,256.0,0.9830439786645878,256.0,20.0,29.0,59.0,137.0,0.078125,0.11328125,0.23046875,0.53515625,39.0625,40,84.98
layer3.5.conv3,conv,54,1024,1,False,256.0,0,8.0,8.0,160000,0.19376769191794332,10.463484897850037,0.010218246970556677,19.126278159096863,0.01867800601474303,4.68396218893633,0.004574181825133135,7.028124571136602,10,1024,0.8401033333866661,624,19,29,69,165,0.0185546875,0.0283203125,0.0673828125,0.1611328125,156.25,1024.0,10000.0,0.01575116252549546,4.502548600186906,0.004397020117370026,9.721125434358044,0.009493286556990277,2.2649823067474952,0.002211896783933101,6.747490015226142,10.0,1024.0,0.8708698035156264,637.0,12.0,17.0,34.0,103.0,0.01171875,0.0166015625,0.033203125,0.1005859375,9.765625,40,84.98
layer3.5,block,55,1024,1,False,,0,8.0,8.0,160000,14.356336649229506,83.56314950593166,0.08160463818938639,208.85416835783792,0.2039591487869511,21.996622217479644,0.021481076384257464,1.3294757966744968,10,1024,0.9931989789431368,1024,346,554,878,1005,0.337890625,0.541015625,0.857421875,0.9814453125,156.25,1024.0,10000.0,1.0416180389437295,18.876773514954035,0.0184343491356973,46.544400123819955,0.045453515745917925,7.378560251220224,0.00720562524533225,1.6424654876707054,10.0,1024.0,0.995272661890875,1024.0,64.0,159.0,562.0,936.0,0.0625,0.1552734375,0.548828125,0.9140625,9.765625,40,84.98
layer4.0.conv1,conv,56,512,1,False,512.0,0,8.0,8.0,160000,5.691519532882936,21.89730368990841,0.04276817126935236,33.03820702731952,0.06452774810023344,8.725795519659572,0.0170425693743351,3.05350849915168,10,512,0.9903463518841146,512,28,38,80,238,0.0546875,0.07421875,0.15625,0.46484375,312.5,512.0,10000.0,0.6130927874156445,11.770517257229118,0.02298929151802562,18.183294480056883,0.0355142470313611,5.39398405955039,0.010535125116309356,3.3401840623282224,10.0,512.0,0.9935192962700021,512.0,17.0,23.0,40.0,112.0,0.033203125,0.044921875,0.078125,0.21875,19.53125,40,84.98
layer4.0.conv2,conv,57,512,1,False,512.0,0,4.0,4.0,160000,5.0711574720957735,18.28190453151613,0.03570684478811744,30.089921945002647,0.058769378798833295,7.225379197625858,0.014112068745363004,3.0918234879220003,10,512,0.9859030180989351,512,27,39,95,238,0.052734375,0.076171875,0.185546875,0.46484375,312.5,512.0,10000.0,0.9726674066108013,9.458735396698058,0.018474092571675895,14.56058726879258,0.028438647009360506,4.542754248239563,0.008872566891092896,3.2032081314486267,10.0,512.0,0.9918838908364823,512.0,13.0,18.0,35.0,121.0,0.025390625,0.03515625,0.068359375,0.236328125,19.53125,40,84.98
layer4.0.conv3,conv,58,2048,1,False,512.0,0,4.0,4.0,160000,0.9927895362498292,12.524495393739151,0.006115476266474195,17.49279687067503,0.008541404722009292,6.745865756268421,0.00329387976380294,5.502334244194094,10,2048,0.9098162477822216,1255,15,20,30,70,0.00732421875,0.009765625,0.0146484375,0.0341796875,78.125,2048.0,10000.0,0.271571191564055,7.768196121123932,0.003793064512267545,10.96643484766662,0.005354704515462216,4.14245454966186,0.00202268288557708,4.930289203248908,10.0,2048.0,0.9389101607732709,1272.0,10.0,13.0,21.0,37.0,0.0048828125,0.00634765625,0.01025390625,0.01806640625,4.8828125,40,84.98
layer4.0.downsample.0,conv,59,2048,1,False,1024.0,0,4.0,4.0,160000,3.0410115204917827,17.580074941672716,0.008584020967613631,27.28150096813704,0.013321045394598163,8.38131110982261,0.004092437065343071,5.150982832374032,10,2048,0.7147029846289329,1514,24,32,71,311,0.01171875,0.015625,0.03466796875,0.15185546875,78.125,2048.0,10000.0,0.52128937470306,8.33721142124302,0.004070904014278819,14.283103466702283,0.006974171614600724,3.9994359275234475,0.0019528495739860583,4.893312742571284,10.0,2048.0,0.7557920059502335,1532.0,14.0,21.0,42.0,164.0,0.0068359375,0.01025390625,0.0205078125,0.080078125,4.8828125,40,84.98
layer4.0,block,60,2048,1,False,,0,4.0,4.0,160000,32.01161627824899,15.922961734787105,0.007774883659564016,31.971648871160898,0.015611156675371532,6.407688806587794,0.0031287543000916964,1.6959698037583535,10,2048,0.9944852421812167,2048,29,60,418,1580,0.01416015625,0.029296875,0.2041015625,0.771484375,78.125,2048.0,10000.0,7.197055835951049,8.834185005966107,0.004313566897444388,15.35323869924764,0.007496698583617012,4.328016212757431,0.0021132891663854644,1.8564497548745251,10.0,2048.0,0.9926704746427492,2048.0,14.0,22.0,99.0,897.0,0.0068359375,0.0107421875,0.04833984375,0.43798828125,4.8828125,40,84.98
layer4.1.conv1,conv,61,512,1,False,512.0,0,4.0,4.0,160000,7.327137268138542,11.245473914417085,0.02196381623909587,16.791137702744077,0.032795190825672026,4.66462300615745,0.00911059180890127,3.325710988224776,10,512,0.9663271944443015,512,16,20,28,45,0.03125,0.0390625,0.0546875,0.087890625,312.5,512.0,10000.0,1.3635174411820608,8.945636495768689,0.01747194628079822,13.05829290866914,0.025504478337244414,4.361722126476259,0.008518988528273944,3.4677016799355145,10.0,512.0,0.9677370081734887,512.0,12.0,16.0,24.0,36.0,0.0234375,0.03125,0.046875,0.0703125,19.53125,40,84.98
layer4.1.conv2,conv,62,512,1,False,512.0,0,4.0,4.0,160000,1.2890257706961326,15.92803535380859,0.031109444050407404,28.44283534274348,0.05555241277879586,6.445747617194165,0.012589350814832354,3.7616536866166697,10,512,0.9714983100412695,512,28,42,88,175,0.0546875,0.08203125,0.171875,0.341796875,312.5,512.0,10000.0,0.1434699137423278,8.604645971034886,0.01680594916217751,13.974470594444238,0.027293887879773902,4.422342758823228,0.008637388200826617,3.926048112077305,10.0,512.0,0.9927056269513963,512.0,14.0,19.0,38.0,87.0,0.02734375,0.037109375,0.07421875,0.169921875,19.53125,40,84.98
layer4.1.conv3,conv,63,2048,1,False,512.0,0,4.0,4.0,160000,0.12033399414049847,8.714956383263461,0.004255349796515362,13.510295621373865,0.006596824033873958,4.14112213308889,0.0020220322915473097,5.654654345252859,10,2048,0.8807602164682539,1257,12,17,33,103,0.005859375,0.00830078125,0.01611328125,0.05029296875,78.125,2048.0,10000.0,0.024620166623003814,7.175038091221222,0.0035034365679791125,9.704032782211154,0.00473829725693904,4.168399212040066,0.0020353511777539387,5.112459849907416,10.0,2048.0,0.9111026830686381,1275.0,8.0,11.0,18.0,48.0,0.00390625,0.00537109375,0.0087890625,0.0234375,4.8828125,40,84.98
layer4.1,block,64,2048,1,False,,0,4.0,4.0,160000,39.59543570161885,15.635492209008234,0.007634517680179802,32.16918446741234,0.015707609603228683,6.214825178115633,0.003034582606501774,1.6886346796741316,10,2048,0.995101627427849,2048,30,65,438,1604,0.0146484375,0.03173828125,0.2138671875,0.783203125,78.125,2048.0,10000.0,9.56915441315464,8.756467253977831,0.004275618776356363,14.624425523471624,0.007140832775132629,4.53214241311589,0.0022129601626542433,1.8489174393931138,10.0,2048.0,0.9937485347079567,2048.0,12.0,20.0,96.0,879.0,0.005859375,0.009765625,0.046875,0.42919921875,4.8828125,40,84.98
layer4.2.conv1,conv,65,512,1,False,512.0,0,4.0,4.0,160000,16.212710896886406,10.972390783271527,0.0214304507485772,14.967830995998924,0.029234044914060398,5.466640057942244,0.010677031363168445,3.346683754422891,10,512,0.9689304988916573,512,13,16,23,39,0.025390625,0.03125,0.044921875,0.076171875,312.5,512.0,10000.0,3.7752627527657383,7.274308169801493,0.014207633144143542,10.356148494472574,0.020226852528266746,3.72774025050131,0.0072807426767603715,3.4718737513115565,10.0,512.0,0.9713780564804547,512.0,9.0,12.0,19.0,30.0,0.017578125,0.0234375,0.037109375,0.05859375,19.53125,40,84.98
layer4.2.conv2,conv,66,512,1,False,512.0,0,4.0,4.0,160000,2.511652406451743,13.717112353078242,0.026791235064605942,23.220194922017257,0.045351943207064954,6.319569532519511,0.01234290924320217,4.028884569711594,10,512,0.9843320076124147,512,22,31,62,130,0.04296875,0.060546875,0.12109375,0.25390625,312.5,512.0,10000.0,0.6514665913818823,7.356061305037143,0.01436730723640067,9.838480509596714,0.01921578224530608,4.065758225593042,0.00794093403436141,4.095928042502773,10.0,512.0,0.9956295742483315,512.0,9.0,10.0,18.0,45.0,0.017578125,0.01953125,0.03515625,0.087890625,19.53125,40,84.98
layer4.2.conv3,conv,67,2048,1,False,512.0,0,4.0,4.0,160000,0.3404688638769156,7.459722436308273,0.003642442595853649,9.863403939579035,0.004816115204872576,3.9044939485026506,0.0019064911857923099,4.865997286339304,10,2048,0.916957923839604,1262,9,10,17,44,0.00439453125,0.0048828125,0.00830078125,0.021484375,78.125,2048.0,10000.0,0.20750246535041295,5.953744899199942,0.002907102001562472,7.503325417162579,0.0036637331138489157,3.2296568836978867,0.0015769809002431088,3.8931040348306922,10.0,2048.0,0.9599271652669402,1271.0,7.0,8.0,9.0,15.0,0.00341796875,0.00390625,0.00439453125,0.00732421875,4.8828125,40,84.98
layer4.2,block,68,2048,1,False,,0,4.0,4.0,160000,63.04553787607006,12.258952298044845,0.005985816551779709,24.694004802765722,0.01205761953260045,5.59228231125398,0.0027306065972919824,1.6889705987049644,10,2048,0.9953745199055076,2048,24,49,331,1513,0.01171875,0.02392578125,0.16162109375,0.73876953125,78.125,2048.0,10000.0,22.76157993639011,7.331373710196578,0.003579772319431923,11.501490612794608,0.005615962213278617,3.7423088784004075,0.001827299257031449,1.8899133503269436,10.0,2048.0,0.9941279686470669,2048.0,9.0,14.0,56.0,563.0,0.00439453125,0.0068359375,0.02734375,0.27490234375,4.8828125,40,84.98
fc,linear,69,10,1,False,,0,,,10000,138.50514117537531,3.6424561550633725,0.3642456155063373,5.282363678793743,0.5282363678793743,2.125889602869484,0.2125889602869484,,10,10,,10,6,7,9,9,0.6,0.7,0.9,0.9,1000.0,,,,,,,,,,,,,,,,,,,,,,,,40,84.98
conv1,conv,0,64,1,False,27.0,0,32.0,32.0,160000,22.195698425676667,3.945766665066055,0.06165260414165711,5.1463282032298086,0.08041137817546576,2.4097337544318567,0.03765208991299776,12.322327206586438,10,64,0.9814732695217527,46,5,6,8,10,0.078125,0.09375,0.125,0.15625,2500.0,64.0,10000.0,4.7570269163900045,2.3324153676971955,0.03644399012026868,2.6516787024222173,0.041432479725347145,1.7521242248054631,0.02737694101258536,7.314500213975033,10.0,64.0,0.903052105314345,40.0,3.0,3.0,3.0,5.0,0.046875,0.046875,0.046875,0.078125,156.25,50,86.23
layer1.0.conv1,conv,1,64,1,False,64.0,0,32.0,32.0,160000,0.5280826844286528,6.462102343050522,0.1009703491101644,7.966807558706478,0.12448136810478871,3.9500753048435606,0.061719926638180635,8.844920233342496,10,64,0.9421637088245707,63,7,8,11,14,0.109375,0.125,0.171875,0.21875,2500.0,64.0,10000.0,0.05063837513386623,3.34484421370227,0.052263190839097966,4.308514488386749,0.06732053888104296,2.201083791213704,0.034391934237714125,8.704967076289599,10.0,64.0,0.9672937389664076,60.0,4.0,5.0,9.0,14.0,0.0625,0.078125,0.140625,0.21875,156.25,50,86.23
layer1.0.conv2,conv,2,64,1,False,64.0,0,32.0,32.0,160000,1.4488188515675808,8.78820449135355,0.13731569517739922,12.435907060366137,0.1943110478182209,4.90188136756052,0.07659189636813313,4.840833047975035,10,64,0.970068455212423,64,11,15,24,39,0.171875,0.234375,0.375,0.609375,2500.0,64.0,10000.0,0.048831223682086713,3.008396059978783,0.047006188437168486,4.481242776090896,0.07001941837642026,1.9861577757632782,0.031033715246301222,5.6255695052813905,10.0,64.0,0.9782534517950702,64.0,4.0,6.0,12.0,22.0,0.0625,0.09375,0.1875,0.34375,156.25,50,86.23
layer1.0.conv3,conv,3,256,1,False,64.0,0,32.0,32.0,160000,0.4700059531366778,5.597507043427696,0.02186526188838944,7.864169639243012,0.030719412653293015,3.217977892882323,0.012570226144071574,9.562025682534376,10,256,0.9024685711169668,157,7,9,14,30,0.02734375,0.03515625,0.0546875,0.1171875,625.0,256.0,10000.0,0.008977818725997705,3.4808767166285572,0.013597174674330302,5.335968728875357,0.020843627847169362,2.1008911943391686,0.008206606227887377,9.130625835026319,10.0,256.0,0.9279853823838842,158.0,5.0,7.0,13.0,23.0,0.01953125,0.02734375,0.05078125,0.08984375,39.0625,50,86.23
layer1.0.downsample.0,conv,4,256,1,False,64.0,0,32.0,32.0,160000,1.6466034030921508,6.0307924155991754,0.02355778287343428,7.404314727319648,0.028923104403592376,3.782089038427029,0.014773785306355583,7.951338395472562,10,256,0.9697926385058151,158,7,8,10,15,0.02734375,0.03125,0.0390625,0.05859375,625.0,256.0,10000.0,0.2729059687703347,3.0702312790667743,0.011993090933854587,3.693598952626158,0.01442812090869593,2.312641566510095,0.009033756119180059,7.599175064451048,10.0,256.0,0.9829280775272661,156.0,3.0,4.0,6.0,12.0,0.01171875,0.015625,0.0234375,0.046875,39.0625,50,86.23
layer1.0,block,5,256,1,False,,0,32.0,32.0,160000,3.4438248771468363,14.511604814941064,0.05668595630836353,25.25127892449139,0.0986378082987945,6.722225685635403,0.02625869408451329,4.00781725391022,10,256,0.25270163490586295,244,25,41,101,192,0.09765625,0.16015625,0.39453125,0.75,625.0,256.0,10000.0,0.3244855338796919,4.9260374979209836,0.019242333976253842,8.025394485213345,0.03134919720786463,2.850822775382742,0.011136026466338836,4.5960554666971305,10.0,256.0,0.36881814167478655,243.0,8.0,12.0,28.0,83.0,0.03125,0.046875,0.109375,0.32421875,39.0625,50,86.23
layer1.1.conv1,conv,6,64,1,False,64.0,0,32.0,32.0,160000,1.153500539872605,3.7754687870323176,0.05899169979737996,6.0268603732875015,0.09416969333261721,2.1706435106298745,0.03391630485359179,5.001091776015052,10,64,0.9713850395442282,64,6,8,14,28,0.09375,0.125,0.21875,0.4375,2500.0,64.0,10000.0,0.035088951758571026,4.913843515119903,0.07677880492374849,6.906046828737146,0.10790698169901791,2.796959246557856,0.0437024882274665,5.790305598989853,10.0,64.0,0.983090402303144,64.0,6.0,8.0,13.0,23.0,0.09375,0.125,0.203125,0.359375,156.25,50,86.23
layer1.1.conv2,conv,7,64,1,False,64.0,0,32.0,32.0,160000,1.1569908086358405,9.079651236964851,0.1418695505775758,12.6108717209071,0.19704487063917345,5.064479878336916,0.0791324980990143,4.309636792948373,10,64,0.9752878750146241,64,11,15,25,43,0.171875,0.234375,0.390625,0.671875,2500.0,64.0,10000.0,0.01643675850531289,3.035940023891963,0.047436562873311924,4.787435719302925,0.0748036831141082,1.9044436078348064,0.02975693137241885,5.189043906931122,10.0,64.0,0.9705287859036063,64.0,5.0,7.0,12.0,24.0,0.078125,0.109375,0.1875,0.375,156.25,50,86.23
layer1.1.conv3,conv,8,256,1,False,64.0,0,32.0,32.0,160000,0.25370050746479694,7.793681388024315,0.03044406792196998,10.634669435075123,0.0415416774807622,4.4427590659296925,0.01735452760128786,10.182467777746975,10,256,0.8954881006857469,158,9,12,21,36,0.03515625,0.046875,0.08203125,0.140625,625.0,256.0,10000.0,0.004627934459015266,2.367692709272808,0.009248799645596906,3.9171697254056213,0.015301444239865708,1.6081001730851616,0.006281641301113913,9.200547597220549,10.0,256.0,0.9301781505889233,158.0,4.0,7.0,13.0,23.0,0.015625,0.02734375,0.05078125,0.08984375,39.0625,50,86.23
layer1.1,block,9,256,1,False,,0,32.0,32.0,160000,4.652529376231655,17.53305896927706,0.06848851159873852,33.07611926314301,0.1292035908716524,6.8155905419948315,0.02662340055466731,2.3537232633783622,10,256,0.8238925615629291,256,35,58,138,225,0.13671875,0.2265625,0.5390625,0.87890625,625.0,256.0,10000.0,0.3429599688318537,5.43578208267321,0.021233523760442227,9.021052409241603,0.03523848597360001,3.057589353445799,0.011943708411897652,3.107356718817702,10.0,256.0,0.8813065125942421,256.0,8.0,14.0,33.0,102.0,0.03125,0.0546875,0.12890625,0.3984375,39.0625,50,86.23
layer1.2.conv1,conv,10,64,1,False,64.0,0,32.0,32.0,160000,1.6458665771390035,3.505923951619676,0.05478006174405744,5.54894470804259,0.08670226106316548,2.1041763748786484,0.03287775585747888,4.48873660950896,10,64,0.9785475102945762,64,6,8,15,30,0.09375,0.125,0.234375,0.46875,2500.0,64.0,10000.0,0.03047614023186867,2.9164501802958753,0.04556953406712305,5.111889715112944,0.07987327679863974,1.7912441677277362,0.027988190120745878,5.238413989633282,10.0,64.0,0.981213687582939,64.0,6.0,8.0,13.0,25.0,0.09375,0.125,0.203125,0.390625,156.25,50,86.23
layer1.2.conv2,conv,11,64,1,False,64.0,0,32.0,32.0,160000,2.7617265214105005,8.02238991494741,0.1253498424210533,10.294831284922878,0.16085673882691998,4.855482221843051,0.07586690971629767,4.262827261918238,10,64,0.977010747217333,64,8,11,19,37,0.125,0.171875,0.296875,0.578125,2500.0,64.0,10000.0,0.009765081273956776,1.812195949751215,0.028315561714862734,3.021688054347764,0.047213875849183816,1.367663632798005,0.021369744262468827,5.202124272568977,10.0,64.0,0.9808485448206942,64.0,4.0,6.0,12.0,22.0,0.0625,0.09375,0.1875,0.34375,156.25,50,86.23
layer1.2.conv3,conv,12,256,1,False,64.0,0,32.0,32.0,160000,0.2701597837272633,8.54851401937598,0.033392632888187425,12.587728377990285,0.04917081397652455,4.013378490285459,0.015677259727677573,10.577405562915406,10,256,0.9040001513769563,158,12,15,23,37,0.046875,0.05859375,0.08984375,0.14453125,625.0,256.0,10000.0,0.01656218750075976,1.7746755386386812,0.0069323263228073485,2.679797904045701,0.01046796056267852,1.3562660353238005,0.005297914200483596,8.404307937582946,10.0,256.0,0.9549104357474888,158.0,3.0,4.0,7.0,14.0,0.01171875,0.015625,0.02734375,0.0546875,39.0625,50,86.23
layer1.2,block,13,256,1,False,,0,32.0,32.0,160000,5.077529339377917,24.793665263437223,0.09685025493530165,45.71218885131012,0.17856323770043014,9.059271406036409,0.03538777892982972,2.062695713486276,10,256,0.9859599157196471,256,49,80,168,238,0.19140625,0.3125,0.65625,0.9296875,625.0,256.0,10000.0,0.4307155424283024,5.959830624755133,0.02328058837794974,10.115395045124314,0.03951326189501685,3.239275558441673,0.012653420150162785,2.85143716878848,10.0,256.0,0.9974629844284663,256.0,10.0,15.0,36.0,114.0,0.0390625,0.05859375,0.140625,0.4453125,39.0625,50,86.23
layer2.0.conv1,conv,14,128,1,False,128.0,0,32.0,32.0,160000,2.790845636150713,7.0271766402409,0.05489981750188203,10.433251036340764,0.08150977372141222,3.7029171052362315,0.02892903988465806,4.744149630998502,10,128,0.9868859003431877,128,10,14,23,43,0.078125,0.109375,0.1796875,0.3359375,1250.0,128.0,10000.0,0.23417764883913794,2.8174170252110224,0.022011070509461113,4.740356955844608,0.037034038717536,1.7854364858075724,0.01394872254537166,5.553648630560857,10.0,128.0,0.9928768102837575,128.0,6.0,8.0,13.0,25.0,0.046875,0.0625,0.1015625,0.1953125,78.125,50,86.23
layer2.0.conv2,conv,15,128,1,False,128.0,0,16.0,16.0,160000,5.578610731811411,11.217383622653628,0.08763580955198147,16.497603453773884,0.12888752698260847,5.412430844346745,0.042284615971458946,3.8695447973330492,10,128,0.9826699578360859,128,15,19,36,72,0.1171875,0.1484375,0.28125,0.5625,1250.0,128.0,10000.0,0.4266861720483702,3.4855539700018183,0.027230890390639206,5.236467417472688,0.04090990169900537,2.1260350532493346,0.016609648853510427,4.499056594777999,10.0,128.0,0.9886459183964698,128.0,5.0,7.0,12.0,27.0,0.0390625,0.0546875,0.09375,0.2109375,78.125,50,86.23
layer2.0.conv3,conv,16,512,1,False,128.0,0,16.0,16.0,160000,1.1001097495807464,9.860220161004762,0.019258242501962425,13.88746320783564,0.027123951577803986,5.234598114444518,0.010223824442274449,8.057125110963787,10,512,0.8940192318424124,314,12,16,28,58,0.0234375,0.03125,0.0546875,0.11328125,312.5,512.0,10000.0,0.08762668909676696,3.635235871980854,0.007100070062462605,5.342474330770481,0.010434520177286096,2.2323376903496364,0.0043600345514641335,6.8273640591008675,10.0,512.0,0.9425601033782486,319.0,5.0,7.0,14.0,29.0,0.009765625,0.013671875,0.02734375,0.056640625,19.53125,50,86.23
layer2.0.downsample.0,conv,17,512,1,False,256.0,0,16.0,16.0,160000,4.637304665289043,10.99648717680967,0.021477514017206385,16.012117501346147,0.03127366699481669,5.164690658291798,0.010087286441976168,6.801279013319245,10,512,0.8337266721828512,376,14,19,34,68,0.02734375,0.037109375,0.06640625,0.1328125,312.5,512.0,10000.0,0.7010481655758697,4.543442042499069,0.008873910239255994,6.567390576344321,0.012826934719422502,2.7521137714712247,0.005375222209904736,5.9398308170047995,10.0,512.0,0.9364540351620544,383.0,6.0,8.0,15.0,31.0,0.01171875,0.015625,0.029296875,0.060546875,19.53125,50,86.23
layer2.0,block,18,512,1,False,,0,16.0,16.0,160000,9.119906307091387,20.39263749392449,0.03982937010532127,42.39005762776844,0.08279308130423524,7.715124038364566,0.015068601637430793,2.016344531020847,10,512,0.9852353250090632,512,48,91,260,449,0.09375,0.177734375,0.5078125,0.876953125,312.5,512.0,10000.0,1.0753020723510702,5.485456810561526,0.01071378283312798,9.930001805374314,0.019394534776121707,2.9028617550721165,0.005669651865375228,2.521376371763584,10.0,512.0,0.9931642376148253,512.0,10.0,16.0,47.0,195.0,0.01953125,0.03125,0.091796875,0.380859375,19.53125,50,86.23
layer2.1.conv1,conv,19,128,1,False,128.0,0,16.0,16.0,160000,2.848536718471305,6.646128610856621,0.051922879772317354,9.860175742491819,0.07703262298821734,3.811180003834929,0.029774843779960383,4.48285072116336,10,128,0.9960660276016038,128,10,12,21,41,0.078125,0.09375,0.1640625,0.3203125,1250.0,128.0,10000.0,0.47001807672825635,3.1620988654388995,0.024703897386241402,4.728540689511145,0.03694172413680582,1.9831567713659117,0.015493412276296185,4.999165368078251,10.0,128.0,0.9955030302216314,128.0,5.0,6.0,11.0,22.0,0.0390625,0.046875,0.0859375,0.171875,78.125,50,86.23
layer2.1.conv2,conv,20,128,1,False,128.0,0,16.0,16.0,160000,2.230092145088053,14.168712461467685,0.11069306610521629,21.127645740141052,0.16505973234485197,6.974138865246758,0.054485459884740295,3.68030822085824,10,128,0.9645704262185606,128,19,27,48,85,0.1484375,0.2109375,0.375,0.6640625,1250.0,128.0,10000.0,0.20946700009938912,3.0314386427465503,0.023683114396457424,4.657138405558056,0.036383893793422314,1.9291331417257593,0.015071352669732495,4.583859572560936,10.0,128.0,0.9784194104889737,128.0,5.0,7.0,14.0,31.0,0.0390625,0.0546875,0.109375,0.2421875,78.125,50,86.23
layer2.1.conv3,conv,21,512,1,False,128.0,0,16.0,16.0,160000,0.4537055221951266,9.525834973832993,0.018605146433267564,14.556455393363251,0.0284305769401626,5.076689289074025,0.009915408767722705,8.358395078585914,10,512,0.864624795063418,314,13,19,37,77,0.025390625,0.037109375,0.072265625,0.150390625,312.5,512.0,10000.0,0.03745080650444851,2.100157337338198,0.004101869799488668,3.6356378155184492,0.007100855108434471,1.4878201563860936,0.002905898742941589,7.275781781349848,10.0,512.0,0.9122527621992084,318.0,4.0,7.0,16.0,40.0,0.0078125,0.013671875,0.03125,0.078125,19.53125,50,86.23
layer2.1,block,22,512,1,False,,0,16.0,16.0,160000,9.628975721609834,29.044146519346413,0.05672684867059846,61.94427598378348,0.1209849140308271,10.02036795715218,0.01957103116631285,1.819727418663286,10,512,0.9912041064868421,512,77,141,335,479,0.150390625,0.275390625,0.654296875,0.935546875,312.5,512.0,10000.0,0.7754739771540705,7.281569943513005,0.014221816295923837,13.780357806942476,0.026914761341684523,3.4379404107651355,0.006714727364775655,2.3089196546753166,10.0,512.0,0.99601063740917,512.0,13.0,24.0,82.0,298.0,0.025390625,0.046875,0.16015625,0.58203125,19.53125,50,86.23
layer2.2.conv1,conv,23,128,1,False,128.0,0,16.0,16.0,160000,2.4818721015622427,11.964153180940446,0.09346994672609724,16.939606511486218,0.13234067587098608,5.923305958877506,0.04627582780373052,4.097236937215571,10,128,0.9873191357697628,128,15,19,33,66,0.1171875,0.1484375,0.2578125,0.515625,1250.0,128.0,10000.0,0.18290751262167954,4.684774942290967,0.03659980423664818,7.863591141851468,0.06143430579571459,2.485969367203665,0.019421635681278634,4.559546062549419,10.0,128.0,0.9868356748892014,128.0,8.0,11.0,21.0,41.0,0.0625,0.0859375,0.1640625,0.3203125,78.125,50,86.23
layer2.2.conv2,conv,24,128,1,False,128.0,0,16.0,16.0,160000,1.5093555076087095,20.75425456376088,0.16214261377938188,32.242528876220646,0.2518947568454738,8.657476750380074,0.06763653711234432,2.908872822741613,10,128,0.9558150264653167,128,30,42,72,110,0.234375,0.328125,0.5625,0.859375,1250.0,128.0,10000.0,0.07478094547330934,3.355420393792899,0.026214221826507022,6.106400525646727,0.047706254106615054,1.9773742896270523,0.015448236637711346,3.7544149312589803,10.0,128.0,0.9725823921387484,128.0,7.0,10.0,23.0,55.0,0.0546875,0.078125,0.1796875,0.4296875,78.125,50,86.23
layer2.2.conv3,conv,25,512,1,False,128.0,0,16.0,16.0,160000,0.18987670704917833,12.00617864463764,0.02344956766530789,20.93271011678975,0.04088419944685498,5.054784246698166,0.009872625481832355,8.840960820056281,10,512,0.8295168279057944,312,21,30,60,102,0.041015625,0.05859375,0.1171875,0.19921875,312.5,512.0,10000.0,0.015010823290768277,1.8380399853815412,0.0035899218464483227,3.3222854152438313,0.006488838701648108,1.3738317802998166,0.0026832651958980792,7.493541525521085,10.0,512.0,0.8827704111340408,320.0,4.0,7.0,21.0,55.0,0.0078125,0.013671875,0.041015625,0.107421875,19.53125,50,86.23
layer2.2,block,26,512,1,False,,0,16.0,16.0,160000,9.908915999107778,35.72946302927409,0.06978410747905096,78.33289391242276,0.1529939334227007,11.770943476075258,0.02299012397670949,1.696888532728209,10,512,0.9910244859534336,512,102,182,375,490,0.19921875,0.35546875,0.732421875,0.95703125,312.5,512.0,10000.0,0.7161529124120672,7.716463639492739,0.015071218045884256,15.33242024062296,0.02994613328246672,3.5085662224009693,0.006852668403126893,2.1875457318226617,10.0,512.0,0.9963643013590218,512.0,15.0,29.0,106.0,346.0,0.029296875,0.056640625,0.20703125,0.67578125,19.53125,50,86.23
layer2.3.conv1,conv,27,128,1,False,128.0,0,16.0,16.0,160000,2.2720408221698936,9.443723659088326,0.07377909108662754,15.026863651770066,0.11739737227945364,4.438469386404474,0.034675542081284955,3.7531020604183603,10,128,0.9819595047373564,128,14,20,37,73,0.109375,0.15625,0.2890625,0.5703125,1250.0,128.0,10000.0,0.12212909293722538,5.356182496846045,0.041845175756609725,8.430946264590977,0.06586676769211701,3.1087835824928685,0.024287371738225535,4.268121753694011,10.0,128.0,0.9845411288110739,128.0,8.0,12.0,24.0,47.0,0.0625,0.09375,0.1875,0.3671875,78.125,50,86.23
layer2.3.conv2,conv,28,128,1,False,128.0,0,16.0,16.0,160000,1.6406967223938593,18.1363677466588,0.14169037302077186,27.31027532195984,0.21336152595281124,8.318808659152719,0.06499069264963062,3.093935002676088,10,128,0.9726314051721335,128,24,34,62,105,0.1875,0.265625,0.484375,0.8203125,1250.0,128.0,10000.0,0.05208227206942722,4.032431674470389,0.03150337245679991,6.2491220549393125,0.04882126605421338,2.4040880748270297,0.01878193808458617,3.79955626492142,10.0,128.0,0.9671844624596722,128.0,5.0,9.0,23.0,52.0,0.0390625,0.0703125,0.1796875,0.40625,78.125,50,86.23
layer2.3.conv3,conv,29,512,1,False,128.0,0,16.0,16.0,160000,0.15499814249472887,15.232250329976813,0.029750488925735962,23.055274644172005,0.04502983328939845,7.34689653088398,0.014349407286882774,8.915916806557814,10,512,0.8398829878097376,309,20,29,55,96,0.0390625,0.056640625,0.107421875,0.1875,312.5,512.0,10000.0,0.005249571960932361,4.480199078631293,0.008750388825451745,7.413396635141154,0.014479290303010067,2.6108429787278973,0.005099302692827924,7.851763959860647,10.0,512.0,0.8780687183729553,319.0,7.0,12.0,27.0,62.0,0.013671875,0.0234375,0.052734375,0.12109375,19.53125,50,86.23
layer2.3,block,30,512,1,False,,0,16.0,16.0,160000,9.980107275027397,42.45781348162308,0.08292541695629507,93.8397906375701,0.1832808410890041,12.89662778642092,0.02518872614535336,1.6170743037523305,10,512,0.9897271999161388,512,125,214,399,494,0.244140625,0.41796875,0.779296875,0.96484375,312.5,512.0,10000.0,0.6566746219352896,8.809843622995905,0.017206725826163876,17.60122805995742,0.03437739855460434,3.9939379125054844,0.007800659985362274,2.1172883919370546,10.0,512.0,0.9966561068741743,512.0,18.0,35.0,129.0,377.0,0.03515625,0.068359375,0.251953125,0.736328125,19.53125,50,86.23
layer3.0.conv1,conv,31,256,1,False,256.0,0,16.0,16.0,160000,5.970403527205565,16.214689513988727,0.06333863091401847,24.581692401679152,0.09602223594405919,6.7568626661412905,0.026393994789614416,3.7979017029315587,10,256,0.9858137773441527,256,22,29,50,110,0.0859375,0.11328125,0.1953125,0.4296875,625.0,256.0,10000.0,0.48194369411008625,7.833327232207432,0.03059893450081028,11.780181591716538,0.046016334342642726,4.069854445447638,0.015897868927529837,4.28303561343832,10.0,256.0,0.992048593495363,256.0,11.0,15.0,28.0,54.0,0.04296875,0.05859375,0.109375,0.2109375,39.0625,50,86.23
layer3.0.conv2,conv,32,256,1,False,256.0,0,8.0,8.0,160000,9.211637608314684,20.006864531568386,0.07815181457643901,34.83003233012346,0.13605481378954476,7.209487128647861,0.028162059096280705,2.8889244125838993,10,256,0.9739944815174998,256,33,49,100,191,0.12890625,0.19140625,0.390625,0.74609375,625.0,256.0,10000.0,1.018615693355376,8.42750250738369,0.032919931669467536,12.71549002306061,0.04966988290258051,4.334129822621539,0.016930194619615386,3.3227147045046332,10.0,256.0,0.9908190716836731,256.0,11.0,16.0,34.0,94.0,0.04296875,0.0625,0.1328125,0.3671875,39.0625,50,86.23
layer3.0.conv3,conv,33,1024,1,False,256.0,0,8.0,8.0,160000,2.1027328037818234,17.94880343339175,0.01752812835292163,28.397245088967452,0.027731684657194777,6.701929461875702,0.00654485299011299,7.274452902748363,10,1024,0.8509839992627223,620,25,34,66,156,0.0244140625,0.033203125,0.064453125,0.15234375,156.25,1024.0,10000.0,0.25092027989414445,8.364032746274738,0.008168000728783924,13.109157212240303,0.012801911340078421,4.086511334232971,0.003990733724836886,6.735273464936878,10.0,1024.0,0.8862175725409458,637.0,12.0,17.0,32.0,83.0,0.01171875,0.0166015625,0.03125,0.0810546875,9.765625,50,86.23
layer3.0.downsample.0,conv,34,1024,1,False,512.0,0,8.0,8.0,160000,6.8207449801814315,15.24876331345483,0.014891370423295733,25.53916250052551,0.024940588379419443,6.069780276023633,0.005927519800804329,5.82185955348297,10,1024,0.7778156995742354,756,24,33,66,175,0.0234375,0.0322265625,0.064453125,0.1708984375,156.25,1024.0,10000.0,0.7075910561740825,7.114509384957467,0.006947763071247526,11.517595013885433,0.011247651380747493,3.601367816870888,0.0035169607586629766,5.574188672688162,10.0,1024.0,0.8313740297713189,765.0,11.0,16.0,36.0,90.0,0.0107421875,0.015625,0.03515625,0.087890625,9.765625,50,86.23
layer3.0,block,35,1024,1,False,,0,8.0,8.0,160000,14.193041833078171,28.247368495667715,0.027585320796550503,70.54486789945946,0.06889147255806588,8.53425587806022,0.008334234255918184,1.7783182978872394,10,1024,0.8984891985633814,1024,97,203,594,932,0.0947265625,0.1982421875,0.580078125,0.91015625,156.25,1024.0,10000.0,1.487299459587783,9.712113145091934,0.009484485493253841,19.757848796710398,0.019294774215537498,4.335023701060002,0.004233421583066408,2.0393627303515816,10.0,1024.0,0.9297704964930522,1024.0,20.0,39.0,185.0,685.0,0.01953125,0.0380859375,0.1806640625,0.6689453125,9.765625,50,86.23
layer3.1.conv1,conv,36,256,1,False,256.0,0,8.0,8.0,160000,5.025537477498983,9.266957067304793,0.036199051044159346,15.471723362576178,0.060436419385063195,4.063461965475393,0.015872898302638255,3.9034207697040686,10,256,0.9956773895710445,256,15,21,35,73,0.05859375,0.08203125,0.13671875,0.28515625,625.0,256.0,10000.0,0.7110745755001516,5.506593766127011,0.021510131898933638,8.789570656356927,0.03433426037639425,2.8649001450860676,0.011191016191742452,4.220210558967146,10.0,256.0,0.997386730662974,256.0,8.0,12.0,23.0,43.0,0.03125,0.046875,0.08984375,0.16796875,39.0625,50,86.23
layer3.1.conv2,conv,37,256,1,False,256.0,0,8.0,8.0,160000,4.051366670301806,21.5352163175814,0.08412193874055235,35.62772251811787,0.13917079108639793,9.71321544688089,0.037942247839378475,3.03037620282825,10,256,0.9620124615219853,256,34,50,99,181,0.1328125,0.1953125,0.38671875,0.70703125,625.0,256.0,10000.0,0.42462910146677557,5.970328603786897,0.023321596108542567,9.724415038314598,0.0379859962434164,3.105275497183223,0.012129982410871964,3.7806024929460342,10.0,256.0,0.9819083048301392,256.0,9.0,14.0,32.0,76.0,0.03515625,0.0546875,0.125,0.296875,39.0625,50,86.23
layer3.1.conv3,conv,38,1024,1,False,256.0,0,8.0,8.0,160000,0.6776486062589003,14.019544886220356,0.013690961802949566,25.356597368336875,0.02476230211751648,6.16889969953372,0.006024316112825899,7.310636002522307,10,1024,0.8268079471161628,623,25,39,90,185,0.0244140625,0.0380859375,0.087890625,0.1806640625,156.25,1024.0,10000.0,0.04880996589853643,5.762887780705457,0.005627820098345173,11.134129845798375,0.010873173677537476,3.004198463818091,0.0029337875623223547,7.02287556616133,10.0,1024.0,0.8545016905471758,639.0,13.0,21.0,51.0,130.0,0.0126953125,0.0205078125,0.0498046875,0.126953125,9.765625,50,86.23
layer3.1,block,39,1024,1,False,,0,8.0,8.0,160000,14.484317509877936,43.530646145670204,0.04251039662663106,108.96369005098913,0.10640985356541907,12.82985510689361,0.012529155377825792,1.5963243327195822,10,1024,0.9928000555933012,1024,166,323,731,975,0.162109375,0.3154296875,0.7138671875,0.9521484375,156.25,1024.0,10000.0,1.220005777414056,11.523565132241142,0.01125348157445424,26.404175918376005,0.025785328045289067,4.751921318958442,0.004640548163045354,1.8533681445262236,10.0,1024.0,0.9945679851900733,1024.0,31.0,70.0,326.0,826.0,0.0302734375,0.068359375,0.318359375,0.806640625,9.765625,50,86.23
layer3.2.conv1,conv,40,256,1,False,256.0,0,8.0,8.0,160000,4.653932274218094,15.972208889900323,0.062391440976173135,24.078426363583,0.09405635298274609,7.374215771533483,0.028805530357552667,3.508380831056751,10,256,0.9921671037397086,256,22,29,52,121,0.0859375,0.11328125,0.203125,0.47265625,625.0,256.0,10000.0,0.3823058346026067,8.795282241405754,0.03435657125549123,13.809514745169688,0.05394341697331909,4.399217801570922,0.017184444537386413,3.772885817797804,10.0,256.0,0.9936974421273679,256.0,13.0,20.0,35.0,77.0,0.05078125,0.078125,0.13671875,0.30078125,39.0625,50,86.23
layer3.2.conv2,conv,41,256,1,False,256.0,0,8.0,8.0,160000,2.770521695513642,28.547440570224573,0.11151343972743974,46.92860569512244,0.18331486599657204,12.490136273869448,0.04878959481980253,2.6166187147033755,10,256,0.965165017722761,256,45,66,130,215,0.17578125,0.2578125,0.5078125,0.83984375,625.0,256.0,10000.0,0.1699057969011563,7.154347165314652,0.02794666861451036,12.774002686597404,0.04989844799452111,3.9475453834580634,0.01542009915413306,3.253639623947519,10.0,256.0,0.9792811980848846,256.0,13.0,21.0,50.0,120.0,0.05078125,0.08203125,0.1953125,0.46875,39.0625,50,86.23
layer3.2.conv3,conv,42,1024,1,False,256.0,0,8.0,8.0,160000,0.3817721027319127,21.00841924155158,0.020516034415577714,35.58968285127849,0.03475554965945165,8.65670739199109,0.008453815812491298,7.609270564869264,10,1024,0.8055538981002518,619,33,52,118,210,0.0322265625,0.05078125,0.115234375,0.205078125,156.25,1024.0,10000.0,0.01984277533800161,7.490242287655121,0.0073146897340382044,15.064746608297078,0.014711666609665115,3.3802290731388807,0.003301004954237188,7.301648060824693,10.0,1024.0,0.830831359897627,637.0,17.0,28.0,69.0,167.0,0.0166015625,0.02734375,0.0673828125,0.1630859375,9.765625,50,86.23
layer3.2,block,43,1024,1,False,,0,8.0,8.0,160000,14.791986898529975,57.9542478803365,0.056595945195641116,145.1456602182659,0.1417438088069003,16.549398109855545,0.016161521591655806,1.485237814238464,10,1024,0.9940000119595854,1024,232,419,806,993,0.2265625,0.4091796875,0.787109375,0.9697265625,156.25,1024.0,10000.0,1.0839965670811662,13.075478478400099,0.012769021951562596,32.595350205034975,0.03183139668460447,5.1915032218187065,0.0050698273650573306,1.7455707007530483,10.0,1024.0,0.9955328263195805,1024.0,43.0,103.0,437.0,890.0,0.0419921875,0.1005859375,0.4267578125,0.869140625,9.765625,50,86.23
layer3.3.conv1,conv,44,256,1,False,256.0,0,8.0,8.0,160000,4.374315780054801,21.085021021242067,0.08236336336422682,30.894357596958457,0.12068108436311897,10.379354519812416,0.04054435359301725,3.263749674010131,10,256,0.9889735795155622,256,27,37,68,155,0.10546875,0.14453125,0.265625,0.60546875,625.0,256.0,10000.0,0.3018422624494884,9.850093694992678,0.03847692849606515,16.48404501037835,0.06439080082179043,4.928527768411868,0.01925206159535886,3.5167519013278925,10.0,256.0,0.991309298149552,256.0,17.0,25.0,46.0,104.0,0.06640625,0.09765625,0.1796875,0.40625,39.0625,50,86.23
layer3.3.conv2,conv,45,256,1,False,256.0,0,8.0,8.0,160000,1.834156726473827,30.75174756293442,0.12012401391771257,53.4044883623912,0.20861128266559062,10.230618049367823,0.03996335175534306,2.440706884486614,10,256,0.9645419784146085,256,52,76,146,227,0.203125,0.296875,0.5703125,0.88671875,625.0,256.0,10000.0,0.09760125798234011,8.997130444946004,0.03514504080057033,16.355589681704704,0.063889022194159,4.550814792217831,0.0177766202821009,3.087338890614971,10.0,256.0,0.9771706926756335,256.0,18.0,28.0,64.0,146.0,0.0703125,0.109375,0.25,0.5703125,39.0625,50,86.23
layer3.3.conv3,conv,46,1024,1,False,256.0,0,8.0,8.0,160000,0.22840864725959797,21.68951337540431,0.02118116540566827,37.01999906779255,0.03615234283964116,8.580385636023703,0.008379282847679397,7.65784447398752,10,1024,0.8051238650445975,619,35,54,121,211,0.0341796875,0.052734375,0.1181640625,0.2060546875,156.25,1024.0,10000.0,0.010692194846650297,9.372435432835928,0.009152768977378836,18.269802260851282,0.01784160377036258,4.26172136974093,0.004161837275137627,7.451693685769422,10.0,1024.0,0.8279215465119556,637.0,21.0,32.0,77.0,175.0,0.0205078125,0.03125,0.0751953125,0.1708984375,9.765625,50,86.23
layer3.3,block,47,1024,1,False,,0,8.0,8.0,160000,14.338867099296687,70.4747830538343,0.06882303032601006,178.14035578464834,0.17396519119594564,19.166782147150407,0.01871756069057657,1.4073523744049619,10,1024,0.9933123720416678,1024,290,492,847,1000,0.283203125,0.48046875,0.8271484375,0.9765625,156.25,1024.0,10000.0,0.9815534044654025,14.585193050849778,0.014243352588720486,38.431221642160125,0.037530489884922,5.672287840935711,0.00553934359466378,1.6781558835693096,10.0,1024.0,0.9952031480648486,1024.0,56.0,136.0,517.0,921.0,0.0546875,0.1328125,0.5048828125,0.8994140625,9.765625,50,86.23
layer3.4.conv1,conv,48,256,1,False,256.0,0,8.0,8.0,160000,3.657400910784837,24.037863923986578,0.09389790595307257,36.01683709062024,0.14069076988523532,10.834822989652714,0.042323527303330916,3.1209123346489585,10,256,0.9843074797081052,256,32,43,81,175,0.125,0.16796875,0.31640625,0.68359375,625.0,256.0,10000.0,0.24901379898012596,11.067155275219234,0.04323107529382513,18.9545756392111,0.07404131109066836,5.215864022220815,0.02037446883680006,3.3831068688064794,10.0,256.0,0.9898612202151202,256.0,19.0,28.0,53.0,122.0,0.07421875,0.109375,0.20703125,0.4765625,39.0625,50,86.23
layer3.4.conv2,conv,49,256,1,False,256.0,0,8.0,8.0,160000,1.6625646113444998,28.269051834611748,0.11042598372895214,50.62927371579134,0.19777060045230993,9.242148966149042,0.036102144399019695,2.461413940258026,10,256,0.9635056511032305,256,51,75,143,225,0.19921875,0.29296875,0.55859375,0.87890625,625.0,256.0,10000.0,0.08533924361211252,8.71735796329704,0.03405217954412906,17.61423888350041,0.06880562063867347,3.6828343831093373,0.014386071809020849,3.153408903582563,10.0,256.0,0.9768648805800927,256.0,20.0,30.0,65.0,147.0,0.078125,0.1171875,0.25390625,0.57421875,39.0625,50,86.23
layer3.4.conv3,conv,50,1024,1,False,256.0,0,8.0,8.0,160000,0.17163311446862134,19.521699102755065,0.019064159280034243,33.96609339545285,0.033170013081496925,7.60221460376205,0.007424037698986377,7.604185125044788,10,1024,0.8161460343517306,619,33,49,109,199,0.0322265625,0.0478515625,0.1064453125,0.1943359375,156.25,1024.0,10000.0,0.00886702806819651,8.992004826611096,0.008781254713487398,18.192796818347837,0.01776640314291781,3.861106411560774,0.003770611730039818,7.413771387700282,10.0,1024.0,0.8407591986319521,634.0,20.0,30.0,67.0,160.0,0.01953125,0.029296875,0.0654296875,0.15625,9.765625,50,86.23
layer3.4,block,51,1024,1,False,,0,8.0,8.0,160000,13.65829246872569,81.98072274928694,0.08005929955985053,206.521058988911,0.2016807216688584,21.32149742815736,0.020821774832184923,1.3557867103559094,10,1024,0.9921041681212973,1024,335,540,870,1003,0.3271484375,0.52734375,0.849609375,0.9794921875,156.25,1024.0,10000.0,0.9101147897895349,15.817874610712122,0.015447143174523557,43.71427198967577,0.04268971873991775,5.991884743096807,0.0058514499444304756,1.6413027187843332,10.0,1024.0,0.994808819761388,1024.0,68.0,164.0,567.0,937.0,0.06640625,0.16015625,0.5537109375,0.9150390625,9.765625,50,86.23
layer3.5.conv1,conv,52,256,1,False,256.0,0,8.0,8.0,160000,3.1168023941751644,25.855073503961698,0.10099638087485038,38.2125636262298,0.14926782666496016,12.593845683143977,0.04919470969978116,3.060944351492058,10,256,0.9834257736852134,256,33,45,87,182,0.12890625,0.17578125,0.33984375,0.7109375,625.0,256.0,10000.0,0.21018797304344528,12.462143400564551,0.04868024765845528,21.19300122012001,0.08278516101609379,5.495956025425225,0.021468578224317286,3.361949253534254,10.0,256.0,0.9896950567570144,256.0,21.0,30.0,56.0,129.0,0.08203125,0.1171875,0.21875,0.50390625,39.0625,50,86.23
layer3.5.conv2,conv,53,256,1,False,256.0,0,8.0,8.0,160000,1.664556334194008,23.89324448815256,0.09333298628184594,44.04376174295228,0.17204594430840733,8.223297621213657,0.03212225633286585,2.5704713475491916,10,256,0.9642322791890984,256,45,66,130,217,0.17578125,0.2578125,0.5078125,0.84765625,625.0,256.0,10000.0,0.08922780383857616,10.209958634171766,0.03988265091473346,18.66821744321939,0.07292272438757574,4.310898408385363,0.016839446907755323,3.3304925204327263,10.0,256.0,0.9803558913392955,256.0,19.0,28.0,58.0,134.0,0.07421875,0.109375,0.2265625,0.5234375,39.0625,50,86.23
layer3.5.conv3,conv,54,1024,1,False,256.0,0,8.0,8.0,160000,0.20490542996548566,10.96086901640963,0.01070397364883753,20.190488878667193,0.01971727429557343,4.749492917134918,0.004638176676889569,7.110165175049678,10,1024,0.8428460201412935,622,21,31,71,163,0.0205078125,0.0302734375,0.0693359375,0.1591796875,156.25,1024.0,10000.0,0.015128176010448613,4.9091106451452,0.004794053364399609,10.720983602497274,0.010469710549313744,2.3801948014543197,0.002324408985795234,6.8520690709815915,10.0,1024.0,0.8722720162504114,635.0,13.0,18.0,38.0,107.0,0.0126953125,0.017578125,0.037109375,0.1044921875,9.765625,50,86.23
layer3.5,block,55,1024,1,False,,0,8.0,8.0,160000,13.285331953452918,86.91357326833425,0.08487653639485766,220.99182737206684,0.21581233141803402,20.972768238632014,0.020481218983039076,1.3286544646781095,10,1024,0.9914539431772704,1024,358,563,880,1005,0.349609375,0.5498046875,0.859375,0.9814453125,156.25,1024.0,10000.0,0.9158783174917763,17.402996800589666,0.016995114063075845,47.28382631596824,0.046175611636687736,6.572281124053211,0.0064182432852082135,1.6348442612975524,10.0,1024.0,0.9946236687815098,1024.0,71.0,174.0,582.0,941.0,0.0693359375,0.169921875,0.568359375,0.9189453125,9.765625,50,86.23
layer4.0.conv1,conv,56,512,1,False,512.0,0,8.0,8.0,160000,5.049730915331176,21.939728763902075,0.04285103274199624,34.05185849781831,0.06650753612855138,8.675271296750907,0.016943889251466615,3.1074103683856964,10,512,0.9855344620070264,512,30,42,87,244,0.05859375,0.08203125,0.169921875,0.4765625,312.5,512.0,10000.0,0.5289120835881185,11.789825937441584,0.023027003784065594,18.399864045773455,0.03593723446440128,5.686501461266281,0.011106448166535705,3.3940379886140892,10.0,512.0,0.9911720846036779,512.0,17.0,24.0,43.0,120.0,0.033203125,0.046875,0.083984375,0.234375,19.53125,50,86.23
layer4.0.conv2,conv,57,512,1,False,512.0,0,4.0,4.0,160000,5.45007774761946,17.546774790637823,0.0342710445129645,29.58384158765231,0.057780940600883415,6.677503930953385,0.01304199986514333,3.0963404256840414,10,512,0.9815477723279589,512,27,39,97,242,0.052734375,0.076171875,0.189453125,0.47265625,312.5,512.0,10000.0,1.0715759065575599,9.393175652472673,0.01834604619623569,14.472080442447984,0.02826578211415622,4.78281150186291,0.009341428714575996,3.2491536435356316,10.0,512.0,0.9893795468063,512.0,13.0,17.0,37.0,122.0,0.025390625,0.033203125,0.072265625,0.23828125,19.53125,50,86.23
layer4.0.conv3,conv,58,2048,1,False,512.0,0,4.0,4.0,160000,0.9360707197681969,12.591368838747291,0.006148129315794576,17.3658877706634,0.008479437388019238,6.0402685760137675,0.0029493498906317224,5.374464467126567,10,2048,0.9417321689104882,1257,15,20,30,62,0.00732421875,0.009765625,0.0146484375,0.0302734375,78.125,2048.0,10000.0,0.26730938868917786,7.880807697360589,0.00384805063347685,11.05759188438633,0.005399214787298013,4.268197644169615,0.002084080880942195,4.786752524906602,10.0,2048.0,0.9698573913472119,1271.0,10.0,13.0,21.0,36.0,0.0048828125,0.00634765625,0.01025390625,0.017578125,4.8828125,50,86.23
layer4.0.downsample.0,conv,59,2048,1,False,1024.0,0,4.0,4.0,160000,2.3542135756742595,15.869247225342658,0.007748655871749345,25.446696199257428,0.012425144628543666,6.677209347309711,0.00326035612661607,5.17070018976999,10,2048,0.7502590149892361,1515,23,31,69,258,0.01123046875,0.01513671875,0.03369140625,0.1259765625,78.125,2048.0,10000.0,0.4038849647816408,7.8313952930173,0.0038239234829186034,13.485589626853194,0.006584760559986911,3.9298576483363243,0.0019188758048517209,4.915411720022615,10.0,2048.0,0.7909213455813463,1529.0,14.0,20.0,41.0,144.0,0.0068359375,0.009765625,0.02001953125,0.0703125,4.8828125,50,86.23
layer4.0,block,60,2048,1,False,,0,4.0,4.0,160000,32.45885390295855,15.51731993399551,0.0075768163740212455,29.699224188778306,0.014501574310926907,6.2499991775166865,0.0030517574108968196,1.7541641818108935,10,2048,0.9935092299440462,2048,26,50,332,1465,0.0126953125,0.0244140625,0.162109375,0.71533203125,78.125,2048.0,10000.0,7.781037963671365,8.655130257293662,0.004226137820944171,14.580004339025681,0.007119142743664883,4.586064185859018,0.002239289153251474,1.9175359994937478,10.0,2048.0,0.9910956509432092,2048.0,13.0,20.0,77.0,741.0,0.00634765625,0.009765625,0.03759765625,0.36181640625,4.8828125,50,86.23
layer4.1.conv1,conv,61,512,1,False,512.0,0,4.0,4.0,160000,6.469476712275952,13.079723652234778,0.02554633525827105,17.502434356753326,0.03418444210303384,6.07073479222038,0.01185690389105543,4.058641849779354,10,512,0.9833786650102271,512,16,19,26,38,0.03125,0.037109375,0.05078125,0.07421875,312.5,512.0,10000.0,1.2557278760129487,9.781476517022409,0.01910444632230939,13.671994661764963,0.026703114573759693,5.188443178093794,0.010133678082214442,4.214841282242958,10.0,512.0,0.9832085211670292,512.0,13.0,16.0,23.0,32.0,0.025390625,0.03125,0.044921875,0.0625,19.53125,50,86.23
layer4.1.conv2,conv,62,512,1,False,512.0,0,4.0,4.0,160000,1.006006873802211,16.87946618970131,0.032967707401760374,29.555910705200656,0.05772638809609503,6.976951937541332,0.013626859253010415,3.9629505309298545,10,512,0.9662748754775734,512,30,43,86,167,0.05859375,0.083984375,0.16796875,0.326171875,312.5,512.0,10000.0,0.1290962158916704,8.012820043434374,0.01565003914733276,13.594840098373233,0.02655242206713522,3.6748116910849964,0.007177366584150384,4.1260723978973,10.0,512.0,0.9887344099961679,512.0,13.0,19.0,37.0,83.0,0.025390625,0.037109375,0.072265625,0.162109375,19.53125,50,86.23
layer4.1.conv3,conv,63,2048,1,False,512.0,0,4.0,4.0,160000,0.08798121948141763,9.241424495790051,0.004512414304584986,13.509764348528105,0.006596564623304739,4.730710690602577,0.0023099173293957896,5.460094356438547,10,2048,0.9263389387396436,1261,12,16,30,77,0.005859375,0.0078125,0.0146484375,0.03759765625,78.125,2048.0,10000.0,0.022634141098785247,6.954105764158294,0.003395559455155417,9.335906568475048,0.004558548129138207,4.206121385862411,0.0020537702079406303,4.8577546242796465,10.0,2048.0,0.9558117508684201,1272.0,8.0,10.0,17.0,39.0,0.00390625,0.0048828125,0.00830078125,0.01904296875,4.8828125,50,86.23
layer4.1,block,64,2048,1,False,,0,4.0,4.0,160000,39.65525003794437,15.3033322840134,0.007472330216803418,29.742473913564684,0.014522692340607756,6.125211923248443,0.002990826134398654,1.7526321870548793,10,2048,0.9943347761743137,2048,26,53,342,1482,0.0126953125,0.02587890625,0.1669921875,0.7236328125,78.125,2048.0,10000.0,10.453149476666086,8.830882515851357,0.0043119543534430455,14.166686287949357,0.006917327289037772,4.811358270352684,0.0023492960304456463,1.9190150294143,10.0,2048.0,0.9922211645296097,2048.0,12.0,18.0,73.0,706.0,0.005859375,0.0087890625,0.03564453125,0.3447265625,4.8828125,50,86.23
layer4.2.conv1,conv,65,512,1,False,512.0,0,4.0,4.0,160000,15.554129889084644,10.65076917311782,0.02080228354124574,14.355138044973268,0.028037378994088414,5.189906981295917,0.010136537072843588,4.126589970722637,10,512,0.9874897630874764,512,13,16,22,34,0.025390625,0.03125,0.04296875,0.06640625,312.5,512.0,10000.0,3.808869703173087,7.795360098401065,0.01522531269218958,10.632077278890725,0.020765775935333446,4.134978567981283,0.008076130015588443,4.278323331551311,10.0,512.0,0.9879369111364946,512.0,9.0,12.0,19.0,27.0,0.017578125,0.0234375,0.037109375,0.052734375,19.53125,50,86.23
layer4.2.conv2,conv,66,512,1,False,512.0,0,4.0,4.0,160000,2.2159573206115692,13.525523572961461,0.026417038228440354,23.158867747403463,0.04523216356914739,5.938920972948246,0.011599455025289543,4.263612741790412,10,512,0.9786372708576622,512,22,31,60,125,0.04296875,0.060546875,0.1171875,0.244140625,312.5,512.0,10000.0,0.5710547990156657,7.634039726417508,0.014910233840659195,10.08402563259713,0.01969536256366627,4.0610818928021715,0.007931800571879241,4.372203850087743,10.0,512.0,0.9894897208961199,512.0,9.0,10.0,18.0,46.0,0.017578125,0.01953125,0.03515625,0.08984375,19.53125,50,86.23
layer4.2.conv3,conv,67,2048,1,False,512.0,0,4.0,4.0,160000,0.2596319344111756,7.463368682347169,0.0036442229894273286,9.852305672370525,0.00481069612908717,3.9446240606517176,0.0019260859671150965,4.601056663761606,10,2048,0.9716613078313746,1263,9,10,16,39,0.00439453125,0.0048828125,0.0078125,0.01904296875,78.125,2048.0,10000.0,0.170750402161681,5.976167895646356,0.0029180507302960725,7.5154897655650394,0.0036696727370923044,3.345759501339263,0.001633671631513312,3.6291142133878207,10.0,2048.0,0.9808902697271632,1261.0,7.0,8.0,9.0,15.0,0.00341796875,0.00390625,0.00439453125,0.00732421875,4.8828125,50,86.23
layer4.2,block,68,2048,1,False,,0,4.0,4.0,160000,61.452108794731174,13.004266073799313,0.006349739293847321,24.265405458977416,0.011848342509266316,6.287413584421314,0.0030700261642682197,1.7536711805177883,10,2048,0.9946951070081254,2048,22,43,268,1394,0.0107421875,0.02099609375,0.130859375,0.6806640625,78.125,2048.0,10000.0,24.15020488022732,7.750365369643885,0.003784358090646428,11.6714853544115,0.00569896745820874,4.220636529196368,0.0020608576802716642,1.9655907771335037,10.0,2048.0,0.9929291154396893,2048.0,9.0,13.0,49.0,447.0,0.00439453125,0.00634765625,0.02392578125,0.21826171875,4.8828125,50,86.23
fc,linear,69,10,1,False,,0,,,10000,143.5842002974239,4.097144674889057,0.40971446748890566,5.656324450207162,0.5656324450207162,2.385915073558855,0.23859150735588547,,10,10,,10,6,8,9,9,0.6,0.8,0.9,0.9,1000.0,,,,,,,,,,,,,,,,,,,,,,,,50,86.23
conv1,conv,0,64,1,False,27.0,0,32.0,32.0,160000,20.7433623312011,4.070094772552415,0.06359523082113148,5.2280625255347335,0.08168847696148021,2.5114624587754237,0.039241600918365996,12.617801827517562,10,64,0.9749914564963292,45,5,6,8,10,0.078125,0.09375,0.125,0.15625,2500.0,64.0,10000.0,4.387847532853366,2.4224931529567546,0.03785145551494929,2.704851346338205,0.04226330228653445,1.8573083305449516,0.02902044266476487,7.617968674640397,10.0,64.0,0.8117808809700152,41.0,3.0,3.0,3.0,5.0,0.046875,0.046875,0.046875,0.078125,156.25,60,87.35
layer1.0.conv1,conv,1,64,1,False,64.0,0,32.0,32.0,160000,0.45922554831531476,5.761514675610275,0.09002366680641055,7.549371281554884,0.11795892627429506,3.1960446683300883,0.04993819794265763,9.18589089981742,10,64,0.9600316731737061,62,7,8,11,14,0.109375,0.125,0.171875,0.21875,2500.0,64.0,10000.0,0.05316149068201859,3.2522271461598318,0.05081604915874737,4.016298549994149,0.06275466484365858,2.3654800441055603,0.03696062568914938,9.33791538446791,10.0,64.0,0.9731635101413253,61.0,3.0,4.0,8.0,14.0,0.046875,0.0625,0.125,0.21875,156.25,60,87.35
layer1.0.conv2,conv,2,64,1,False,64.0,0,32.0,32.0,160000,1.2780228415740562,9.49236914925817,0.1483182679571589,12.775381814485984,0.1996153408513435,5.154213817079067,0.08053459089186042,4.969275127821626,10,64,0.9776739602748165,64,11,14,23,38,0.171875,0.21875,0.359375,0.59375,2500.0,64.0,10000.0,0.07333378286104524,3.1329420652184705,0.0489522197690386,4.299398714011799,0.06717810490643436,2.0348835414280626,0.03179505533481348,5.579366384798624,10.0,64.0,0.9779384090596158,64.0,4.0,5.0,10.0,19.0,0.0625,0.078125,0.15625,0.296875,156.25,60,87.35
layer1.0.conv3,conv,3,256,1,False,64.0,0,32.0,32.0,160000,0.41117915696025803,5.506053583508234,0.02150802181057904,7.6180565308663795,0.029758033323696795,3.279024634434722,0.012808689978260632,9.72053764630968,10,256,0.9045383646256794,154,7,9,13,28,0.02734375,0.03515625,0.05078125,0.109375,625.0,256.0,10000.0,0.011537758137302642,3.4669229409898596,0.01354266773824164,4.972364710643447,0.019423299650950965,2.225746412668565,0.008694321924486582,9.11722314959418,10.0,256.0,0.9347650284929203,154.0,5.0,6.0,12.0,21.0,0.01953125,0.0234375,0.046875,0.08203125,39.0625,60,87.35
layer1.0.downsample.0,conv,4,256,1,False,64.0,0,32.0,32.0,160000,1.5645461695180563,5.900868428173263,0.02305026729755181,7.34195319110328,0.028679504652747188,3.676588812125579,0.014361675047365543,8.237549020246309,10,256,0.9734399951252987,150,7,8,10,15,0.02734375,0.03125,0.0390625,0.05859375,625.0,256.0,10000.0,0.24744320640009487,3.308054069754119,0.012922086209977028,3.912632282738096,0.015283719854445687,2.380537654899023,0.009298975214449308,7.65519397842052,10.0,256.0,0.9791164397156311,151.0,3.0,4.0,7.0,12.0,0.01171875,0.015625,0.02734375,0.046875,39.0625,60,87.35
layer1.0,block,5,256,1,False,,0,32.0,32.0,160000,3.2451376430159793,13.357543285413682,0.052177903458647194,23.980893447575298,0.093675365029591,5.974217075515447,0.023336785451232214,4.170441343300519,10,256,0.26864326102509295,239,25,39,94,181,0.09765625,0.15234375,0.3671875,0.70703125,625.0,256.0,10000.0,0.31963734916901065,5.05367109621259,0.01974090271958043,8.17089733506362,0.031917567715092264,2.8068181039271765,0.010964133218465533,4.927274261059982,10.0,256.0,0.3662022922066044,239.0,8.0,12.0,28.0,78.0,0.03125,0.046875,0.109375,0.3046875,39.0625,60,87.35
layer1.1.conv1,conv,6,64,1,False,64.0,0,32.0,32.0,160000,1.1568958635730202,3.420278472307525,0.053441851129805075,5.391831935190439,0.0842473739873506,2.0464849565386287,0.031976327445916074,5.14578078824761,10,64,0.9614264039494809,64,6,7,13,26,0.09375,0.109375,0.203125,0.40625,2500.0,64.0,10000.0,0.03704469342644093,4.2768287869955905,0.0668254497968061,6.1154510540800295,0.09555392272000046,2.6630497899705214,0.0416101529682894,5.985631466761674,10.0,64.0,0.9741122320625042,64.0,6.0,8.0,12.0,22.0,0.09375,0.125,0.1875,0.34375,156.25,60,87.35
layer1.1.conv2,conv,7,64,1,False,64.0,0,32.0,32.0,160000,1.0471502555160623,9.697768176707706,0.1515276277610579,12.971050559999705,0.2026726649999954,5.717600987945925,0.08933751543665508,4.4611998561795305,10,64,0.9764098327277552,64,11,15,25,42,0.171875,0.234375,0.390625,0.65625,2500.0,64.0,10000.0,0.018670476160375885,3.67433487404918,0.05741148240701844,4.937239082829568,0.077144360669212,2.470557357635619,0.038602458713056544,5.0724379500252414,10.0,64.0,0.9689308419794169,64.0,4.0,6.0,10.0,22.0,0.0625,0.09375,0.15625,0.34375,156.25,60,87.35
layer1.1.conv3,conv,8,256,1,False,64.0,0,32.0,32.0,160000,0.20694748208781974,7.616750951637672,0.029752933404834658,10.479001630640928,0.040933600119691126,4.177513730768778,0.01631841301081554,10.213947269174668,10,256,0.8961894419482367,157,9,12,20,36,0.03515625,0.046875,0.078125,0.140625,625.0,256.0,10000.0,0.0033622896776697416,3.3788105226654537,0.013198478604161928,4.965512147742041,0.01939653182711735,2.2284273292581127,0.008704794254914503,9.22808839172941,10.0,256.0,0.9269604401164596,159.0,5.0,7.0,13.0,24.0,0.01953125,0.02734375,0.05078125,0.09375,39.0625,60,87.35
layer1.1,block,9,256,1,False,,0,32.0,32.0,160000,4.171712029438276,16.79877650830517,0.06562022073556707,32.0123083566999,0.12504807951835897,6.920189573569113,0.027031990521754347,2.7536543548091807,10,256,0.3100047185649818,253,35,57,131,219,0.13671875,0.22265625,0.51171875,0.85546875,625.0,256.0,10000.0,0.32846484257298464,5.475646565384936,0.021389244396034908,9.026116729255058,0.03525826847365257,2.9385874515098354,0.011478857232460294,3.431946136895348,10.0,256.0,0.5226833500421868,253.0,8.0,14.0,32.0,97.0,0.03125,0.0546875,0.125,0.37890625,39.0625,60,87.35
layer1.2.conv1,conv,10,64,1,False,64.0,0,32.0,32.0,160000,1.4560902020299067,3.487773665371618,0.05449646352143153,5.313556871111831,0.08302432611112236,2.110086187450238,0.03297009667890997,4.561496411624837,10,64,0.9672501444821128,64,5,7,14,29,0.078125,0.109375,0.21875,0.453125,2500.0,64.0,10000.0,0.021883525558809572,3.8775031439681107,0.06058598662450173,5.945503479573088,0.0928984918683295,2.269909982362634,0.03546734347441616,5.430409843763485,10.0,64.0,0.9784388260759884,64.0,6.0,8.0,14.0,26.0,0.09375,0.125,0.21875,0.40625,156.25,60,87.35
layer1.2.conv2,conv,11,64,1,False,64.0,0,32.0,32.0,160000,2.6259380162510624,8.058063925502061,0.1259072488359697,10.490846718713776,0.16391947997990275,4.7128113415910375,0.07363767721235996,4.513769785246562,10,64,0.9831679530868298,64,9,11,19,36,0.140625,0.171875,0.296875,0.5625,2500.0,64.0,10000.0,0.008999985388476382,2.2931926346662377,0.035831134916659964,3.6874576694631216,0.057616526085361275,1.574506556384012,0.024601664943500186,5.063307817856065,10.0,64.0,0.9764296034068464,64.0,4.0,5.0,11.0,22.0,0.0625,0.078125,0.171875,0.34375,156.25,60,87.35
layer1.2.conv3,conv,12,256,1,False,64.0,0,32.0,32.0,160000,0.2462268105226595,8.761037937453185,0.034222804443176505,12.712947242298805,0.049659950165229706,4.244902758229715,0.016581651399334825,10.712924600117852,10,256,0.9046606646063253,156,12,15,23,37,0.046875,0.05859375,0.08984375,0.14453125,625.0,256.0,10000.0,0.01435820815925693,1.9683799998294265,0.007688984374333697,2.960235608198344,0.011563420344524782,1.4445869545264325,0.005642917791118877,8.622431251168624,10.0,256.0,0.957279979311316,156.0,3.0,4.0,7.0,14.0,0.01171875,0.015625,0.02734375,0.0546875,39.0625,60,87.35
layer1.2,block,13,256,1,False,,0,32.0,32.0,160000,4.673657402546717,24.387814158226004,0.09526489905557033,44.92889962562292,0.17550351416258952,9.440421014123286,0.03687664458641909,2.1248766624627753,10,256,0.97843332028548,256,48,78,163,235,0.1875,0.3046875,0.63671875,0.91796875,625.0,256.0,10000.0,0.4186323584896048,6.34864462342703,0.024799393060261837,10.437653172786327,0.04077208270619659,3.4970753973153252,0.01366045077076299,2.9434452950721535,10.0,256.0,0.9955800045160722,256.0,10.0,15.0,35.0,108.0,0.0390625,0.05859375,0.13671875,0.421875,39.0625,60,87.35
layer2.0.conv1,conv,14,128,1,False,128.0,0,32.0,32.0,160000,2.64784187654537,6.8682990485023145,0.05365858631642433,9.64183332408903,0.07532682284444554,3.9987122975289813,0.031239939824445166,4.812889659797933,10,128,0.9829356952361636,128,8,12,23,41,0.0625,0.09375,0.1796875,0.3203125,1250.0,128.0,10000.0,0.21409654370690553,2.946697138322721,0.02302107139314626,4.862820678739704,0.037990786552653935,1.8493042069524337,0.014447689116815888,5.655077942041126,10.0,128.0,0.9921676929075054,128.0,6.0,8.0,13.0,24.0,0.046875,0.0625,0.1015625,0.1875,78.125,60,87.35
layer2.0.conv2,conv,15,128,1,False,128.0,0,16.0,16.0,160000,5.711231477809369,10.809706849769592,0.08445083476382494,15.901550024268639,0.12423085956459874,5.0457444239821845,0.039419878312360816,3.9827454348007874,10,128,0.9826659781321136,128,14,18,35,68,0.109375,0.140625,0.2734375,0.53125,1250.0,128.0,10000.0,0.44223376873962017,3.4618618269903627,0.02704579552336221,5.049199133567319,0.03944686823099468,2.1583303623508128,0.016861955955865725,4.528185535129064,10.0,128.0,0.9858163475003109,128.0,5.0,6.0,11.0,25.0,0.0390625,0.046875,0.0859375,0.1953125,78.125,60,87.35
layer2.0.conv3,conv,16,512,1,False,128.0,0,16.0,16.0,160000,1.0103160424722482,10.369384572391139,0.020252704242951444,14.61627182194211,0.028547405902230684,5.189277432153046,0.010135307484673919,8.127638898463958,10,512,0.896470686352951,312,13,17,28,58,0.025390625,0.033203125,0.0546875,0.11328125,312.5,512.0,10000.0,0.08101743753656813,3.587021781052609,0.007005901916118377,5.359466382409275,0.010467707778143116,2.2017463906740304,0.004300285919285216,6.811363795281622,10.0,512.0,0.943741603687183,319.0,5.0,7.0,13.0,28.0,0.009765625,0.013671875,0.025390625,0.0546875,19.53125,60,87.35
layer2.0.downsample.0,conv,17,512,1,False,256.0,0,16.0,16.0,160000,4.34787301093974,11.097715080196428,0.02167522476600865,15.770136752914565,0.03080104834553626,5.626197868791949,0.010988667712484275,6.839599707954584,10,512,0.8463021471785857,379,13,19,34,67,0.025390625,0.037109375,0.06640625,0.130859375,312.5,512.0,10000.0,0.6779968923411044,4.718276406863875,0.009215383607156007,6.7287233444441705,0.01314203778211752,2.8070470500694102,0.005482513769666817,6.039452741872182,10.0,512.0,0.9382333684555038,383.0,6.0,8.0,15.0,31.0,0.01171875,0.015625,0.029296875,0.060546875,19.53125,60,87.35
layer2.0,block,18,512,1,False,,0,16.0,16.0,160000,9.070476341164724,21.516924932735655,0.04202524400924933,44.08116137919932,0.08609601831874868,8.267211845674248,0.016146898136082517,2.013282259661745,10,512,0.9841455019971208,512,50,95,264,451,0.09765625,0.185546875,0.515625,0.880859375,312.5,512.0,10000.0,1.076173141537504,6.053833144244457,0.011823892859852456,10.665825351450055,0.020831690139550888,3.21365403336797,0.006276668033921817,2.5347096340311905,10.0,512.0,0.9931629551137725,512.0,10.0,16.0,50.0,198.0,0.01953125,0.03125,0.09765625,0.38671875,19.53125,60,87.35
layer2.1.conv1,conv,19,128,1,False,128.0,0,16.0,16.0,160000,2.726527040490068,6.74292962055447,0.0526791376605818,9.868249355301229,0.07709569808829085,3.9155949621959483,0.030590585642155846,4.475615987668611,10,128,0.993441763811235,128,9,12,21,42,0.0703125,0.09375,0.1640625,0.328125,1250.0,128.0,10000.0,0.46113954565088205,3.0174443265179725,0.02357378380092166,4.644575929667554,0.03628574945052777,1.897608012856211,0.014825062600439148,5.007427316833856,10.0,128.0,0.9938044138345837,128.0,5.0,7.0,11.0,22.0,0.0390625,0.0546875,0.0859375,0.171875,78.125,60,87.35
layer2.1.conv2,conv,20,128,1,False,128.0,0,16.0,16.0,160000,1.9954657249244563,15.117464365895085,0.11810519035855535,21.962825896886947,0.17158457731942928,7.514828685801544,0.05870959910782456,3.7791026754107557,10,128,0.9669391022117678,128,19,27,47,83,0.1484375,0.2109375,0.3671875,0.6484375,1250.0,128.0,10000.0,0.1555289508114982,4.148511322272485,0.03241024470525379,5.946808024158222,0.04645943768873611,2.5767680538963944,0.02013100042106558,4.693347298751061,10.0,128.0,0.9802796159094483,128.0,6.0,7.0,15.0,33.0,0.046875,0.0546875,0.1171875,0.2578125,78.125,60,87.35
layer2.1.conv3,conv,21,512,1,False,128.0,0,16.0,16.0,160000,0.4026075209562702,9.652003830191411,0.0188515699808426,14.651596547790508,0.028616399507403335,5.209243632477245,0.010174303969682118,8.330795163643508,10,512,0.86431895562161,314,14,19,37,77,0.02734375,0.037109375,0.072265625,0.150390625,312.5,512.0,10000.0,0.02121131792040693,3.1202619226958874,0.006094261567765405,5.5413720807348605,0.010822992345185274,1.8953413537388077,0.003701838581521109,7.4842588080118,10.0,512.0,0.9056163392727279,319.0,6.0,9.0,20.0,47.0,0.01171875,0.017578125,0.0390625,0.091796875,19.53125,60,87.35
layer2.1,block,22,512,1,False,,0,16.0,16.0,160000,9.520599813027388,30.618244096701435,0.05980125800136999,63.67016330422046,0.12435578770355558,10.704763047368049,0.02090774032689072,1.8272535203558957,10,512,0.9914723992875886,512,79,143,335,480,0.154296875,0.279296875,0.654296875,0.9375,312.5,512.0,10000.0,0.818032123774644,7.572798796404604,0.014790622649227743,13.934539518361497,0.0272158974967998,3.6787114651127344,0.007184983330298309,2.329766597953681,10.0,512.0,0.9964278355096303,512.0,13.0,23.0,80.0,291.0,0.025390625,0.044921875,0.15625,0.568359375,19.53125,60,87.35
layer2.2.conv1,conv,23,128,1,False,128.0,0,16.0,16.0,160000,2.3806983891269784,11.731501764867735,0.09165235753802918,16.935177872662692,0.13230607713017728,5.431742266589927,0.042435486457733804,4.07768958885727,10,128,0.98726762820732,128,15,19,34,67,0.1171875,0.1484375,0.265625,0.5234375,1250.0,128.0,10000.0,0.2118174070726547,4.223854429103015,0.0329988627273673,7.114911586732212,0.05558524677134541,2.3228773489836194,0.018147479288934527,4.502597572403459,10.0,128.0,0.9845666555725522,128.0,8.0,10.0,19.0,40.0,0.0625,0.078125,0.1484375,0.3125,78.125,60,87.35
layer2.2.conv2,conv,24,128,1,False,128.0,0,16.0,16.0,160000,1.4364746579664702,20.798558877599568,0.16248874123124663,32.264093837959685,0.25206323310906004,9.128780753086604,0.07131859963348909,2.9403009716366237,10,128,0.9563714261819857,128,30,41,71,110,0.234375,0.3203125,0.5546875,0.859375,1250.0,128.0,10000.0,0.08326859351268374,4.33412244500633,0.033860331601611955,6.9173889962859025,0.054042101533483614,2.642689871132857,0.020646014618225444,3.795479918569142,10.0,128.0,0.9806454869578699,128.0,7.0,10.0,21.0,52.0,0.0546875,0.078125,0.1640625,0.40625,78.125,60,87.35
layer2.2.conv3,conv,25,512,1,False,128.0,0,16.0,16.0,160000,0.17403599167710462,10.148975605045234,0.019822217978603972,19.178378339321732,0.03745777019398776,4.188586217651875,0.008180832456351319,8.79813905807742,10,512,0.8313632533253135,314,20,29,59,102,0.0390625,0.056640625,0.115234375,0.19921875,312.5,512.0,10000.0,0.013377894532150473,2.447499850345919,0.004780273145206873,4.145263899976621,0.008096218554641838,1.6808241625418656,0.0032828596924645813,7.522077526270199,10.0,512.0,0.8802442378012243,319.0,4.0,8.0,22.0,57.0,0.0078125,0.015625,0.04296875,0.111328125,19.53125,60,87.35
layer2.2,block,26,512,1,False,,0,16.0,16.0,160000,9.282154993917304,38.548744284536056,0.07529051618073448,82.46649058556072,0.16106736442492328,13.05182121541827,0.02549183831136381,1.6951886393599667,10,512,0.9891158237948245,512,108,188,378,490,0.2109375,0.3671875,0.73828125,0.95703125,312.5,512.0,10000.0,0.7052296391357737,8.15302571852789,0.015923878356499784,15.92504676945393,0.031103606971589707,3.7222289326816047,0.007269978384143759,2.203786442886874,10.0,512.0,0.9960335888786918,512.0,16.0,30.0,108.0,345.0,0.03125,0.05859375,0.2109375,0.673828125,19.53125,60,87.35
layer2.3.conv1,conv,27,128,1,False,128.0,0,16.0,16.0,160000,1.9355145245068615,9.94538024927126,0.07769828319743172,15.407584700411288,0.12037175547196319,5.498740018389995,0.042958906393671836,3.690481004083408,10,128,0.9803814399032507,128,15,21,38,76,0.1171875,0.1640625,0.296875,0.59375,1250.0,128.0,10000.0,0.09052203060992055,7.079182818020924,0.05530611576578847,10.526310589632319,0.08223680148150249,3.9783574034185882,0.03108091721420772,4.208780228731299,10.0,128.0,0.9842169778804952,128.0,10.0,13.0,26.0,52.0,0.078125,0.1015625,0.203125,0.40625,78.125,60,87.35
layer2.3.conv2,conv,28,128,1,False,128.0,0,16.0,16.0,160000,1.484083566541584,17.17346789562005,0.13416771793453164,26.053472918064593,0.20354275717237963,7.8773230375192345,0.06154158623061902,3.1460447445560993,10,128,0.9722115065854174,128,23,33,61,102,0.1796875,0.2578125,0.4765625,0.796875,1250.0,128.0,10000.0,0.03401896890487968,4.514636416200796,0.03527059700156872,6.997372927185608,0.05466697599363756,2.7116207118625373,0.021184536811426073,3.7791798895385393,10.0,128.0,0.9704983964813546,128.0,6.0,10.0,24.0,55.0,0.046875,0.078125,0.1875,0.4296875,78.125,60,87.35
layer2.3.conv3,conv,29,512,1,False,128.0,0,16.0,16.0,160000,0.1333819382628008,14.756315385397293,0.02882092848710409,22.390317410755134,0.04373108869288112,6.701220155778827,0.013088320616755522,8.93822180682842,10,512,0.8429169585928146,310,20,28,54,95,0.0390625,0.0546875,0.10546875,0.185546875,312.5,512.0,10000.0,0.0036244743177293844,4.07324674712114,0.007955560052970977,7.257637645252134,0.014175073525883075,2.4082888844083397,0.004703689227360038,7.964363106129848,10.0,512.0,0.87971356996906,318.0,8.0,13.0,27.0,63.0,0.015625,0.025390625,0.052734375,0.123046875,19.53125,60,87.35
layer2.3,block,30,512,1,False,,0,16.0,16.0,160000,9.278948323211743,45.67196453168433,0.08920305572594596,98.45632560397034,0.19229751094525457,14.526801651879278,0.028372659476326716,1.6137519123055692,10,512,0.988531699754239,512,131,220,401,495,0.255859375,0.4296875,0.783203125,0.966796875,312.5,512.0,10000.0,0.6403683983345914,9.135880536481679,0.01784351667281578,18.140601913342635,0.035430863111997335,4.030499011414165,0.00787206838166829,2.1318825792874208,10.0,512.0,0.9963143304615132,512.0,18.0,35.0,130.0,376.0,0.03515625,0.068359375,0.25390625,0.734375,19.53125,60,87.35
layer3.0.conv1,conv,31,256,1,False,256.0,0,16.0,16.0,160000,5.405285466869129,17.82087346017742,0.06961278695381805,26.16790652059247,0.10221838484606434,7.941569293315727,0.031021755052014557,3.7801021293047086,10,256,0.9844240049364544,256,23,30,53,115,0.08984375,0.1171875,0.20703125,0.44921875,625.0,256.0,10000.0,0.47889552571870087,7.243544986565249,0.028295097603770504,11.593435308030248,0.045286856671993156,3.3685743883523784,0.013158493704501478,4.279711279765969,10.0,256.0,0.9912450529455704,256.0,10.0,14.0,28.0,56.0,0.0390625,0.0546875,0.109375,0.21875,39.0625,60,87.35
layer3.0.conv2,conv,32,256,1,False,256.0,0,8.0,8.0,160000,8.29180601532458,22.979023758614613,0.08976181155708833,38.41054219708682,0.1500411804573704,8.669638442711785,0.03386577516684291,2.84922403029903,10,256,0.9745905435531999,256,36,52,106,197,0.140625,0.203125,0.4140625,0.76953125,625.0,256.0,10000.0,0.9368145799148246,9.346793920952162,0.036510913753719385,13.966499985918944,0.05455664056999587,4.587801039586232,0.017921097810883718,3.3002115608270994,10.0,256.0,0.9910089142687855,256.0,12.0,17.0,35.0,99.0,0.046875,0.06640625,0.13671875,0.38671875,39.0625,60,87.35
layer3.0.conv3,conv,33,1024,1,False,256.0,0,8.0,8.0,160000,1.8122019452767173,20.73745077851716,0.020251416775895665,30.892978906436575,0.030168924713316968,8.542901220010588,0.00834267697266659,7.37033212094426,10,1024,0.845890211307677,621,27,35,70,163,0.0263671875,0.0341796875,0.068359375,0.1591796875,156.25,1024.0,10000.0,0.21983403140266705,9.371343930150806,0.009151703056787896,14.385653354471142,0.014048489603975724,4.427455578560964,0.004323687088438441,6.8115814064078135,10.0,1024.0,0.8814055916530468,635.0,13.0,18.0,33.0,87.0,0.0126953125,0.017578125,0.0322265625,0.0849609375,9.765625,60,87.35
layer3.0.downsample.0,conv,34,1024,1,False,512.0,0,8.0,8.0,160000,6.0695238020246025,17.84126716192343,0.01742311246281585,27.831827562733096,0.02717951910423154,7.675776332786406,0.007495875324986725,5.875116274166306,10,1024,0.773268068963213,753,25,35,71,184,0.0244140625,0.0341796875,0.0693359375,0.1796875,156.25,1024.0,10000.0,0.6718682288183128,7.318811680100683,0.007147277031348323,11.855653223650744,0.01157778635122143,3.5800873908755717,0.0034961790926519255,5.6220177698311895,10.0,1024.0,0.8303262930147451,766.0,10.0,16.0,38.0,94.0,0.009765625,0.015625,0.037109375,0.091796875,9.765625,60,87.35
layer3.0,block,35,1024,1,False,,0,8.0,8.0,160000,13.320985088879587,33.12544143938856,0.03234906390565289,76.82831262720242,0.07502764905000237,10.850604050342598,0.010596293017912694,1.8112424289778146,10,1024,0.6996747337120988,1022,104,215,600,930,0.1015625,0.2099609375,0.5859375,0.908203125,156.25,1024.0,10000.0,1.4554456463373389,10.52137488226909,0.010274780158465908,21.11218097793824,0.020617364236267813,4.487479187488998,0.004382303894032225,2.0702676856491475,10.0,1024.0,0.9058711878557986,1022.0,21.0,42.0,190.0,680.0,0.0205078125,0.041015625,0.185546875,0.6640625,9.765625,60,87.35
layer3.1.conv1,conv,36,256,1,False,256.0,0,8.0,8.0,160000,4.296005309057325,11.801856648481497,0.04610100253313085,17.61523972420934,0.06880953017269273,5.6040895757830445,0.021890974905402517,3.925862077291575,10,256,0.9958032867886932,256,16,21,36,76,0.0625,0.08203125,0.140625,0.296875,625.0,256.0,10000.0,0.6201582874505438,6.694327305224425,0.02614971603603291,10.192558749302748,0.03981468261446386,3.419648964264206,0.013358003766657054,4.248619820532587,10.0,256.0,0.9974280011961032,256.0,9.0,13.0,22.0,44.0,0.03515625,0.05078125,0.0859375,0.171875,39.0625,60,87.35
layer3.1.conv2,conv,37,256,1,False,256.0,0,8.0,8.0,160000,3.3409677945907856,26.318149816983755,0.1028052727225928,40.92479821588159,0.15986249303078745,12.468124123894249,0.04870360985896191,3.0505713383210113,10,256,0.9608071667735274,256,37,53,103,185,0.14453125,0.20703125,0.40234375,0.72265625,625.0,256.0,10000.0,0.3598914711391594,7.031517374185595,0.027466864742912482,11.104920952588841,0.04337859747105016,3.5143923785699323,0.013728095228788798,3.7958639311829017,10.0,256.0,0.9803389875439562,256.0,10.0,14.0,33.0,78.0,0.0390625,0.0546875,0.12890625,0.3046875,39.0625,60,87.35
layer3.1.conv3,conv,38,1024,1,False,256.0,0,8.0,8.0,160000,0.5732193808878356,16.31087545718577,0.015928589313657978,28.03865132166933,0.027381495431317706,6.521274729042727,0.006368432352580788,7.39071502626141,10,1024,0.8259226113324258,624,27,41,92,186,0.0263671875,0.0400390625,0.08984375,0.181640625,156.25,1024.0,10000.0,0.04427628435593616,6.703174218968664,0.006546068573211586,12.186484548576141,0.011900863816968888,3.6936614600640705,0.003607091269593819,7.074953432273228,10.0,1024.0,0.8530899980754627,634.0,13.0,22.0,52.0,131.0,0.0126953125,0.021484375,0.05078125,0.1279296875,9.765625,60,87.35
layer3.1,block,39,1024,1,False,,0,8.0,8.0,160000,13.63266304033399,48.49853787971623,0.04736185339816038,116.57530240675709,0.11384306875659872,15.338565229658133,0.014979067607088021,1.6054764685710783,10,1024,0.9900267080624842,1024,175,334,735,974,0.1708984375,0.326171875,0.7177734375,0.951171875,156.25,1024.0,10000.0,1.1913493121389482,12.167215702791708,0.011882046584757527,27.779930409081807,0.027128838290118952,4.85715473055087,0.004743315166553584,1.8740390949491395,10.0,1024.0,0.9927895899701673,1024.0,33.0,73.0,331.0,823.0,0.0322265625,0.0712890625,0.3232421875,0.8037109375,9.765625,60,87.35
layer3.2.conv1,conv,40,256,1,False,256.0,0,8.0,8.0,160000,4.028223529703303,17.157878934065774,0.06702296458619443,25.039841551341127,0.09781188105992628,8.930359412712535,0.03488421645590834,3.4827704800041612,10,256,0.9918333320986764,256,22,29,54,126,0.0859375,0.11328125,0.2109375,0.4921875,625.0,256.0,10000.0,0.3283792746067673,9.420215400341892,0.036797716407585515,14.796765023598317,0.057799863373430925,4.525858141286686,0.017679133364401117,3.762744517297115,10.0,256.0,0.9938097636922776,256.0,14.0,20.0,37.0,81.0,0.0546875,0.078125,0.14453125,0.31640625,39.0625,60,87.35
layer3.2.conv2,conv,41,256,1,False,256.0,0,8.0,8.0,160000,2.2116056454995956,30.37462765240728,0.11865088926721594,49.86129826420722,0.19477069634455946,11.896646061587335,0.04647127367807553,2.6217564175759196,10,256,0.9617406829266066,256,47,69,132,216,0.18359375,0.26953125,0.515625,0.84375,625.0,256.0,10000.0,0.1341114962103633,7.435041924097733,0.029043132516006768,13.590728635153065,0.05308878373106666,3.458148443399724,0.013508392357030172,3.2571617026568247,10.0,256.0,0.9787729049513961,256.0,14.0,22.0,51.0,123.0,0.0546875,0.0859375,0.19921875,0.48046875,39.0625,60,87.35
layer3.2.conv3,conv,42,1024,1,False,256.0,0,8.0,8.0,160000,0.32490287804263807,20.55689776443685,0.020075095473082862,35.385614887245715,0.034556264538325894,8.024464365791424,0.007836390982218187,7.616377828195565,10,1024,0.806572012434886,622,34,53,120,210,0.033203125,0.0517578125,0.1171875,0.205078125,156.25,1024.0,10000.0,0.016610774880809902,7.758862836706379,0.007577014488971074,15.095087251411998,0.01474129614395703,4.0709349144658304,0.0039755223774080375,7.326091766335537,10.0,1024.0,0.8292152745344719,636.0,17.0,28.0,71.0,169.0,0.0166015625,0.02734375,0.0693359375,0.1650390625,9.765625,60,87.35
layer3.2,block,43,1024,1,False,,0,8.0,8.0,160000,13.472533928302902,62.83307445223596,0.06136042426976168,154.171352417428,0.15055796134514454,19.18152390826731,0.018731956941667294,1.4892191756688373,10,1024,0.99074631424859,1024,244,432,808,991,0.23828125,0.421875,0.7890625,0.9677734375,156.25,1024.0,10000.0,1.025184834978196,13.692518754668889,0.013371600346356337,34.157145400477575,0.03335658730515388,5.210711672865688,0.005088585618032899,1.7622913069300616,10.0,1024.0,0.9934025772681174,1024.0,45.0,108.0,442.0,887.0,0.0439453125,0.10546875,0.431640625,0.8662109375,9.765625,60,87.35
layer3.3.conv1,conv,44,256,1,False,256.0,0,8.0,8.0,160000,3.804840617540822,21.352977694120398,0.0834100691176578,31.474044357885376,0.12294548577298975,10.549410101040339,0.04120863320718882,3.2307440278422104,10,256,0.9880540839037925,256,27,38,71,159,0.10546875,0.1484375,0.27734375,0.62109375,625.0,256.0,10000.0,0.2675024426014935,11.256416268468216,0.04397037604870397,17.981841874195954,0.07024156982107795,5.4518325577271005,0.021296220928621486,3.4938876006386814,10.0,256.0,0.9913144851134171,256.0,17.0,25.0,47.0,108.0,0.06640625,0.09765625,0.18359375,0.421875,39.0625,60,87.35
layer3.3.conv2,conv,45,256,1,False,256.0,0,8.0,8.0,160000,1.8554566066253246,31.273806142363625,0.12216330524360791,53.78553694026935,0.21009975367292716,10.48819492456712,0.04096951142409031,2.4651770769653676,10,256,0.9600918948575984,256,52,76,145,226,0.203125,0.296875,0.56640625,0.8828125,625.0,256.0,10000.0,0.09315211514214335,11.087515721808025,0.043310608288312596,18.891464914432298,0.07379478482200116,5.739046457700581,0.022418150225392893,3.1399890576846214,10.0,256.0,0.9782686189066334,256.0,19.0,29.0,64.0,146.0,0.07421875,0.11328125,0.25,0.5703125,39.0625,60,87.35
layer3.3.conv3,conv,46,1024,1,False,256.0,0,8.0,8.0,160000,0.2474307686361291,18.04126458018898,0.0176184224415908,34.149967460697205,0.033349577598337114,6.392830963401614,0.006242998987696888,7.641649549700553,10,1024,0.8078598382201092,620,35,53,119,209,0.0341796875,0.0517578125,0.1162109375,0.2041015625,156.25,1024.0,10000.0,0.010139986076301502,10.722772669504,0.0104714576850625,20.69874656863155,0.020213619695929247,4.459389830890558,0.0043548728817290605,7.550648927210446,10.0,1024.0,0.826527104429091,633.0,22.0,34.0,80.0,178.0,0.021484375,0.033203125,0.078125,0.173828125,9.765625,60,87.35
layer3.3,block,47,1024,1,False,,0,8.0,8.0,160000,12.849650223160511,77.24365932567345,0.07543326106022798,191.96555517802443,0.18746636247853948,21.555094988601322,0.02104989744980598,1.4011385121728956,10,1024,0.9908042026991465,1024,308,509,852,1000,0.30078125,0.4970703125,0.83203125,0.9765625,156.25,1024.0,10000.0,0.8901056759344766,15.535411306107024,0.01517130010362014,41.52137938504542,0.04054822205570842,5.680492088518613,0.005547355555193958,1.6851092802529721,10.0,1024.0,0.9939702262009696,1024.0,62.0,147.0,531.0,923.0,0.060546875,0.1435546875,0.5185546875,0.9013671875,9.765625,60,87.35
layer3.4.conv1,conv,48,256,1,False,256.0,0,8.0,8.0,160000,3.1707152065413555,23.309431701462564,0.09105246758383814,36.27739815348322,0.14170858653704382,9.84697359883651,0.038464740620455115,3.06857087068546,10,256,0.9813791963696717,256,33,45,86,180,0.12890625,0.17578125,0.3359375,0.703125,625.0,256.0,10000.0,0.20347084871567842,13.49247216774437,0.05270496940525145,21.617671476542338,0.0844440292052435,6.675187953489985,0.026074952943320254,3.3532657483941377,10.0,256.0,0.9881057231705447,256.0,21.0,30.0,57.0,130.0,0.08203125,0.1171875,0.22265625,0.5078125,39.0625,60,87.35
layer3.4.conv2,conv,49,256,1,False,256.0,0,8.0,8.0,160000,1.5428368034993638,30.392167826097992,0.11871940557069528,52.42837597385542,0.20479834364787272,11.597472094084546,0.04530262536751776,2.46606128176417,10,256,0.9545703370537473,256,52,76,144,225,0.203125,0.296875,0.5625,0.87890625,625.0,256.0,10000.0,0.07539592398020123,11.200554841623214,0.04375216735009068,20.254655758210706,0.07911974905551057,4.6255945599414146,0.01806872874977115,3.1729236300955637,10.0,256.0,0.9725445645782091,256.0,21.0,31.0,68.0,149.0,0.08203125,0.12109375,0.265625,0.58203125,39.0625,60,87.35
layer3.4.conv3,conv,50,1024,1,False,256.0,0,8.0,8.0,160000,0.19789951970825967,18.034679796831533,0.017611991989093294,31.925351861570302,0.03117710142731475,6.611543826584887,0.006456585768149304,7.5700448569225465,10,1024,0.8201052451116162,621,31,47,105,195,0.0302734375,0.0458984375,0.1025390625,0.1904296875,156.25,1024.0,10000.0,0.009776525066401129,8.231039377619037,0.008038124392206091,17.47038698292146,0.01706092478800924,3.3729108156922414,0.0032938582184494545,7.3774747515292605,10.0,1024.0,0.843845526925701,638.0,20.0,29.0,66.0,158.0,0.01953125,0.0283203125,0.064453125,0.154296875,9.765625,60,87.35
layer3.4,block,51,1024,1,False,,0,8.0,8.0,160000,11.897062760779898,91.9138510880189,0.08975962020314346,226.50195722493103,0.2211933176024717,24.07212302273615,0.02350793263939077,1.3414519318457558,10,1024,0.9889051060393225,1024,359,562,877,1003,0.3505859375,0.548828125,0.8564453125,0.9794921875,156.25,1024.0,10000.0,0.786264691220154,17.821933228745813,0.017404231668697083,49.23758093286701,0.04808357512975294,6.291516031374288,0.006144058624388953,1.6409887443258067,10.0,1024.0,0.993147615385479,1024.0,77.0,184.0,590.0,941.0,0.0751953125,0.1796875,0.576171875,0.9189453125,9.765625,60,87.35
layer3.5.conv1,conv,52,256,1,False,256.0,0,8.0,8.0,160000,2.6883889300612234,26.1471443604391,0.10213728265796523,39.638155819972056,0.15483654617176584,11.738787088324822,0.045854637063768834,2.9969511518702063,10,256,0.9805254352414164,256,35,48,94,189,0.13671875,0.1875,0.3671875,0.73828125,625.0,256.0,10000.0,0.18002454557173683,13.86524965516141,0.05416113146547426,23.13653827181843,0.09037710262429074,6.091498640583622,0.023794916564779774,3.3183678235707212,10.0,256.0,0.9882186747376257,256.0,23.0,32.0,60.0,138.0,0.08984375,0.125,0.234375,0.5390625,39.0625,60,87.35
layer3.5.conv2,conv,53,256,1,False,256.0,0,8.0,8.0,160000,1.4999324936500977,27.17628526266101,0.10615736430726957,47.311471056174554,0.18481043381318185,10.219966262262092,0.0399217432119613,2.5485591798716474,10,256,0.9623984404135094,256,47,69,135,219,0.18359375,0.26953125,0.52734375,0.85546875,625.0,256.0,10000.0,0.08057801012769769,10.911788399884825,0.0426241734370501,19.626895792100203,0.07666756168789142,5.078547704363088,0.019838076970168313,3.3277213892164728,10.0,256.0,0.9779772705658748,256.0,21.0,30.0,61.0,137.0,0.08203125,0.1171875,0.23828125,0.53515625,39.0625,60,87.35
layer3.5.conv3,conv,54,1024,1,False,256.0,0,8.0,8.0,160000,0.19194626168273085,12.095907266900229,0.011812409440332254,21.678218208673297,0.021170134969407516,5.3095501058119385,0.005185107525206971,7.243566652345789,10,1024,0.841755705615415,623,21,32,73,164,0.0205078125,0.03125,0.0712890625,0.16015625,156.25,1024.0,10000.0,0.01486619785558674,4.992596151661442,0.004875582179356877,10.436426416009489,0.010191822671884267,2.470557884689264,0.0024126541842668593,6.882925897974469,10.0,1024.0,0.8723189924632382,636.0,12.0,18.0,38.0,107.0,0.01171875,0.017578125,0.037109375,0.1044921875,9.765625,60,87.35
layer3.5,block,55,1024,1,False,,0,8.0,8.0,160000,11.58256952089982,95.91863030987089,0.09367053741198329,238.91254643154608,0.23331303362455671,24.0988408572574,0.02353402427466543,1.3173633018319317,10,1024,0.987468569727255,1024,378,581,884,1004,0.369140625,0.5673828125,0.86328125,0.98046875,156.25,1024.0,10000.0,0.7912158470926169,19.968256355361735,0.019500250347032944,53.09364640820448,0.051849264070512185,7.111456541891489,0.006944781779190907,1.6362857555096355,10.0,1024.0,0.9926892523714849,1024.0,80.0,192.0,601.0,943.0,0.078125,0.1875,0.5869140625,0.9208984375,9.765625,60,87.35
layer4.0.conv1,conv,56,512,1,False,512.0,0,8.0,8.0,160000,4.311096281992307,20.938295966847196,0.04089510931024843,34.60296213630844,0.06758391042247743,7.513172872196503,0.014674165766008796,3.090947364257473,10,512,0.9836684580354533,512,31,44,95,255,0.060546875,0.0859375,0.185546875,0.498046875,312.5,512.0,10000.0,0.46226375198487885,11.620227147096022,0.02269575614667192,18.76484787444651,0.03665009350477834,5.816273268255073,0.01135990872706069,3.395624679440439,10.0,512.0,0.9903548044366365,512.0,18.0,24.0,46.0,129.0,0.03515625,0.046875,0.08984375,0.251953125,19.53125,60,87.35
layer4.0.conv2,conv,57,512,1,False,512.0,0,4.0,4.0,160000,4.910843154773694,17.03198886644581,0.033265603254776975,29.34491814131314,0.05731429324475223,6.2578767448115755,0.012222415517210108,3.072903837902165,10,512,0.9797932323648296,512,26,39,99,247,0.05078125,0.076171875,0.193359375,0.482421875,312.5,512.0,10000.0,0.9706541108762865,9.8354825489242,0.019209926853367577,14.999411096726918,0.029295724798294762,4.9647131400324565,0.009696705351625892,3.244859133292667,10.0,512.0,0.987602577027566,512.0,13.0,18.0,36.0,125.0,0.025390625,0.03515625,0.0703125,0.244140625,19.53125,60,87.35
layer4.0.conv3,conv,58,2048,1,False,512.0,0,4.0,4.0,160000,0.8826157457582119,12.530108643731479,0.006118217111197011,17.013887709432563,0.008307562358121369,6.641671170140112,0.0032430035010449767,5.27462383014532,10,2048,0.9542565393357234,1257,15,19,29,57,0.00732421875,0.00927734375,0.01416015625,0.02783203125,78.125,2048.0,10000.0,0.25668696483216835,8.20851419090962,0.004008063569780088,11.182787058042283,0.005460345243184709,4.469408602915031,0.002182328419392105,4.687010446448211,10.0,2048.0,0.9779028933549175,1270.0,10.0,12.0,20.0,34.0,0.0048828125,0.005859375,0.009765625,0.0166015625,4.8828125,60,87.35
layer4.0.downsample.0,conv,59,2048,1,False,1024.0,0,4.0,4.0,160000,1.7435998047610455,17.21839783509633,0.00840742081791813,26.1930662347931,0.012789583122457569,8.064489490449395,0.003937739009008494,5.198511134978496,10,2048,0.754886904122188,1512,23,31,70,257,0.01123046875,0.01513671875,0.0341796875,0.12548828125,78.125,2048.0,10000.0,0.3063759613338736,8.05102161630885,0.0039311628985883055,13.909870247711618,0.0067919288318904385,3.7491373230376457,0.0018306334585144754,4.948665283787562,10.0,2048.0,0.7961546595655784,1530.0,14.0,20.0,40.0,144.0,0.0068359375,0.009765625,0.01953125,0.0703125,4.8828125,60,87.35
layer4.0,block,60,2048,1,False,,0,4.0,4.0,160000,31.590558226094927,15.234206227551553,0.007438577259546657,28.038153575290373,0.013690504675434752,6.619501202576991,0.0032321783215707965,1.78809508722624,10,2048,0.9931846806069656,2048,24,44,282,1386,0.01171875,0.021484375,0.1376953125,0.6767578125,78.125,2048.0,10000.0,7.928231191758455,8.506277045441882,0.004153455588594669,14.037782563379942,0.006854386017275362,4.147450258965054,0.0020251221967602802,1.9535008005685397,10.0,2048.0,0.9907327640844817,2048.0,12.0,19.0,65.0,639.0,0.005859375,0.00927734375,0.03173828125,0.31201171875,4.8828125,60,87.35
layer4.1.conv1,conv,61,512,1,False,512.0,0,4.0,4.0,160000,5.736606166071922,12.20745527244622,0.023842686078996523,16.84009152553786,0.032890803760816135,5.497198134913537,0.010736715107253002,4.5143889471493654,10,512,0.9917790954830836,512,16,19,25,35,0.03125,0.037109375,0.048828125,0.068359375,312.5,512.0,10000.0,1.1115839300998862,10.564968499213311,0.020634704100025998,14.124995466239392,0.027587881769998813,6.1024478241156475,0.011918843406475874,4.6869541841127,10.0,512.0,0.9915386607941727,512.0,13.0,16.0,22.0,31.0,0.025390625,0.03125,0.04296875,0.060546875,19.53125,60,87.35
layer4.1.conv2,conv,62,512,1,False,512.0,0,4.0,4.0,160000,0.9092848576852306,16.675726466866752,0.032569778255599126,28.85951358405701,0.056366237468861345,6.681531487849014,0.013049866187205106,4.097736360746064,10,512,0.965793261686179,512,28,41,82,158,0.0546875,0.080078125,0.16015625,0.30859375,312.5,512.0,10000.0,0.11011118486826338,9.798843072854254,0.019138365376668465,14.853959217867683,0.029011639097397818,5.249571778591092,0.010253069880060726,4.264619477447598,10.0,512.0,0.987216405902402,512.0,14.0,19.0,36.0,80.0,0.02734375,0.037109375,0.0703125,0.15625,19.53125,60,87.35
layer4.1.conv3,conv,63,2048,1,False,512.0,0,4.0,4.0,160000,0.08454576822589141,9.08352533675991,0.0044353151058398,12.941407601890246,0.006319046680610472,4.961710082742459,0.0024227100013390914,5.338804329255948,10,2048,0.9490273286993742,1257,11,15,28,68,0.00537109375,0.00732421875,0.013671875,0.033203125,78.125,2048.0,10000.0,0.023874316616194775,6.537773463161691,0.0031922721988094194,8.661781700238564,0.004229385595819611,4.013360746193056,0.0019596488018520783,4.683196593723012,10.0,2048.0,0.9744189835669311,1267.0,8.0,9.0,15.0,34.0,0.00390625,0.00439453125,0.00732421875,0.0166015625,4.8828125,60,87.35
layer4.1,block,64,2048,1,False,,0,4.0,4.0,160000,39.40890853422151,15.000700096890624,0.007324560594184875,27.802500998400447,0.013575439940625218,6.566047065548743,0.003206077668724972,1.7909041483612944,10,2048,0.9939154075431671,2048,24,45,283,1391,0.01171875,0.02197265625,0.13818359375,0.67919921875,78.125,2048.0,10000.0,11.024268273164738,8.555055675798565,0.004177273279198518,13.389180365669848,0.00653768572542473,4.341263778134476,0.0021197577041672244,1.9591615005984122,10.0,2048.0,0.9918548742457863,2048.0,11.0,17.0,61.0,587.0,0.00537109375,0.00830078125,0.02978515625,0.28662109375,4.8828125,60,87.35
layer4.2.conv1,conv,65,512,1,False,512.0,0,4.0,4.0,160000,14.97070206809879,10.318329419052276,0.020152987146586476,13.823758253240912,0.026999527838361157,5.553737109240405,0.010847142791485166,4.60210094063992,10,512,0.9950118896279116,512,12,15,22,32,0.0234375,0.029296875,0.04296875,0.0625,312.5,512.0,10000.0,3.9502833887973843,7.075611298599298,0.013819553317576753,9.875235774760142,0.019287569872578403,3.5729556126857482,0.006978428931026852,4.822596281142932,10.0,512.0,0.9889640831044647,495.0,9.0,11.0,18.0,26.0,0.017578125,0.021484375,0.03515625,0.05078125,19.53125,60,87.35
layer4.2.conv2,conv,66,512,1,False,512.0,0,4.0,4.0,160000,1.8988129581856243,12.995886188223325,0.025382590211373682,22.594249509127977,0.04412939357251558,5.91438055102834,0.011551524513727226,4.345322940713879,10,512,0.9764282402244941,512,23,31,59,122,0.044921875,0.060546875,0.115234375,0.23828125,312.5,512.0,10000.0,0.4844731275783329,7.263920893098196,0.014187345494332414,9.625328123845767,0.018799468991886264,4.097995037123568,0.00800389655688197,4.470047787270554,10.0,512.0,0.9877249357035213,512.0,8.0,10.0,18.0,45.0,0.015625,0.01953125,0.03515625,0.087890625,19.53125,60,87.35
layer4.2.conv3,conv,67,2048,1,False,512.0,0,4.0,4.0,160000,0.2562195898484236,6.919244165764971,0.003378537190314927,9.27286232691556,0.004527764808064238,3.4862467366310264,0.0017022689143706183,4.484226778531656,10,2048,0.9825464808346484,1257,8,10,15,38,0.00390625,0.0048828125,0.00732421875,0.0185546875,78.125,2048.0,10000.0,0.17111680367213475,5.644613039960251,0.002756158710918091,7.289870357345963,0.0035595070104228336,2.971128574483361,0.0014507463742594537,3.535714529936198,10.0,2048.0,0.9750986429222246,1237.0,7.0,8.0,9.0,14.0,0.00341796875,0.00390625,0.00439453125,0.0068359375,4.8828125,60,87.35
layer4.2,block,68,2048,1,False,,0,4.0,4.0,160000,63.972568224735824,11.952198824290413,0.005836034582173053,21.799411870652527,0.010644244077467054,5.60124754640933,0.0027349841535201807,1.7904627827537223,10,2048,0.9942881371182304,2048,20,36,213,1280,0.009765625,0.017578125,0.10400390625,0.625,78.125,2048.0,10000.0,27.04069426625994,7.1544485301171425,0.003493383071346261,10.834888797988532,0.005290473045892838,3.5588921527683586,0.001737740308968925,2.0094426767047535,10.0,2048.0,0.9927217187897979,2048.0,9.0,11.0,42.0,347.0,0.00439453125,0.00537109375,0.0205078125,0.16943359375,4.8828125,60,87.35
fc,linear,69,10,1,False,,0,,,10000,160.51230842731445,3.6562997586274024,0.36562997586274026,5.412475528925583,0.5412475528925583,2.101055682837094,0.2101055682837094,,10,10,,10,6,7,9,9,0.6,0.7,0.9,0.9,1000.0,,,,,,,,,,,,,,,,,,,,,,,,60,87.35
conv1,conv,0,64,1,False,27.0,0,32.0,32.0,160000,19.850080721637465,3.668339991908072,0.05731781237356363,4.900762404248845,0.07657441256638821,2.2383422063419247,0.034974096974092574,12.48936785269691,10,64,0.9688158054302,44,5,6,8,9,0.078125,0.09375,0.125,0.140625,2500.0,64.0,10000.0,4.426547121447612,2.182055582780084,0.03409461848093881,2.524276423961111,0.03944181912439236,1.6529384714328803,0.025827163616138755,6.89193435938743,10.0,64.0,0.9334294471537887,40.0,3.0,3.0,3.0,5.0,0.046875,0.046875,0.046875,0.078125,156.25,70,87.85
layer1.0.conv1,conv,1,64,1,False,64.0,0,32.0,32.0,160000,0.3316262209686385,6.719236752933771,0.10498807426459017,8.108079426535605,0.12668874103961883,4.122084386114395,0.06440756853303742,9.45047316653585,10,64,0.9580024144165775,62,7,9,11,14,0.109375,0.140625,0.171875,0.21875,2500.0,64.0,10000.0,0.036758464905730856,3.3614220952924225,0.0525222202389441,4.170790525430641,0.06516860195985377,2.5494539332890227,0.03983521770764098,9.576867720439608,10.0,64.0,0.9675023024229208,60.0,4.0,4.0,8.0,13.0,0.0625,0.0625,0.125,0.203125,156.25,70,87.85
layer1.0.conv2,conv,2,64,1,False,64.0,0,32.0,32.0,160000,0.9460691495205396,9.396016864473928,0.14681276350740513,12.503289572868855,0.19536389957607586,5.138053135355882,0.08028208023993566,4.960153636680577,10,64,0.9771317393371108,64,11,13,23,37,0.171875,0.203125,0.359375,0.578125,2500.0,64.0,10000.0,0.058268566709883805,2.8168211159103356,0.04401282993609899,3.736842769238328,0.058388168269348874,2.0872706601766016,0.0326136040652594,5.54638533198096,10.0,64.0,0.9772597761924174,64.0,4.0,4.0,9.0,18.0,0.0625,0.0625,0.140625,0.28125,156.25,70,87.85
layer1.0.conv3,conv,3,256,1,False,64.0,0,32.0,32.0,160000,0.31412471779025525,6.599559032422087,0.02577952747039878,8.675455962921385,0.03388849985516166,4.063650429468415,0.015873634490110995,10.094351178317224,10,256,0.9069517254725747,152,8,10,14,28,0.03125,0.0390625,0.0546875,0.109375,625.0,256.0,10000.0,0.010156936310622311,3.1362221786112743,0.01225086788520029,4.4780636295077425,0.01749243605276462,2.124874545853326,0.008300291194739554,9.349914241996727,10.0,256.0,0.9340961450570763,154.0,4.0,6.0,11.0,20.0,0.015625,0.0234375,0.04296875,0.078125,39.0625,70,87.85
layer1.0.downsample.0,conv,4,256,1,False,64.0,0,32.0,32.0,160000,1.2450480828511936,5.7779056619016895,0.022569943991803475,7.192324455977629,0.028095017406162614,3.8709458911145163,0.015120882387166079,8.337461554264863,10,256,0.9699519523299581,150,7,8,10,14,0.02734375,0.03125,0.0390625,0.0546875,625.0,256.0,10000.0,0.22249699642412157,2.824975337385846,0.011035059911663462,3.5050589860049377,0.013691636664081788,1.9697471639903124,0.007694324859337158,7.893901953002113,10.0,256.0,0.9723085782401572,147.0,3.0,4.0,6.0,12.0,0.01171875,0.015625,0.0234375,0.046875,39.0625,70,87.85
layer1.0,block,5,256,1,False,,0,32.0,32.0,160000,2.816677020352335,14.127226715059324,0.055184479355700485,24.970588694443524,0.09754136208767002,6.564185596083981,0.02564134998470305,5.699300940852285,10,256,0.21431293883003677,232,25,40,95,179,0.09765625,0.15625,0.37109375,0.69921875,625.0,256.0,10000.0,0.27012827128971745,5.056427212671588,0.01975166879949839,8.201667845359426,0.032037765020935256,2.8124304425664444,0.010986056416275173,6.045404326479198,10.0,256.0,0.2733436515357466,232.0,8.0,13.0,29.0,80.0,0.03125,0.05078125,0.11328125,0.3125,39.0625,70,87.85
layer1.1.conv1,conv,6,64,1,False,64.0,0,32.0,32.0,160000,0.8204048745201546,4.060607970283432,0.06344699953567863,5.871475566421027,0.09174180572532854,2.493970940071147,0.038968295938611675,5.197144075065847,10,64,0.9614440881381041,64,5,8,14,27,0.078125,0.125,0.21875,0.421875,2500.0,64.0,10000.0,0.021771997094248305,4.8805033026616895,0.0762578641040889,7.082359114807667,0.1106618611688698,2.6966502267433583,0.042135159792864973,6.024224089639054,10.0,64.0,0.9754620570597103,64.0,7.0,9.0,14.0,24.0,0.109375,0.140625,0.21875,0.375,156.25,70,87.85
layer1.1.conv2,conv,7,64,1,False,64.0,0,32.0,32.0,160000,0.889232045829755,9.433510486049022,0.14739860134451596,12.562620662599029,0.19629094785310983,5.54737981483249,0.08667780960675765,4.413940429354146,10,64,0.9745943810545502,64,10,14,24,41,0.15625,0.21875,0.375,0.640625,2500.0,64.0,10000.0,0.016707594877978404,3.335927622580196,0.052123869102815565,4.530429242112669,0.07078795690801046,2.3462327409074804,0.03665988657667938,5.129977373258528,10.0,64.0,0.9742905037419332,64.0,4.0,6.0,10.0,21.0,0.0625,0.09375,0.15625,0.328125,156.25,70,87.85
layer1.1.conv3,conv,8,256,1,False,64.0,0,32.0,32.0,160000,0.18004163399645978,7.412354551729984,0.02895450996769525,10.212523452452173,0.0398926697361413,4.407829672502607,0.01721808465821331,10.249344345875517,10,256,0.9001572347792838,155,9,12,20,35,0.03515625,0.046875,0.078125,0.13671875,625.0,256.0,10000.0,0.003006556867616928,3.740488435267883,0.014611282950265168,5.09458157240734,0.019900709267216172,2.5745528829328963,0.010056847198956626,9.125379926018736,10.0,256.0,0.9312381480520208,159.0,4.0,6.0,13.0,23.0,0.015625,0.0234375,0.05078125,0.08984375,39.0625,70,87.85
layer1.1,block,9,256,1,False,,0,32.0,32.0,160000,3.7495389076178083,17.980555567248413,0.07023654518456411,33.92232991246541,0.132509101220568,8.356113799879811,0.03264106953078051,2.800679648524763,10,256,0.30118798433543137,253,36,59,134,219,0.140625,0.23046875,0.5234375,0.85546875,625.0,256.0,10000.0,0.2783651643075577,5.6498752088353745,0.022069825034513182,9.41791916498452,0.03678874673822078,2.980594614114134,0.011642947711383337,3.2422982581987543,10.0,256.0,0.7419244372000171,253.0,9.0,14.0,34.0,101.0,0.03515625,0.0546875,0.1328125,0.39453125,39.0625,70,87.85
layer1.2.conv1,conv,10,64,1,False,64.0,0,32.0,32.0,160000,1.1316940082975189,4.186563816630923,0.06541505963485818,5.954764829745032,0.09304320046476612,2.5871594301184935,0.04042436609560146,4.578690196966006,10,64,0.9601405761678281,64,5,7,15,30,0.078125,0.109375,0.234375,0.46875,2500.0,64.0,10000.0,0.019237609099684163,3.876479674417741,0.0605699949127772,5.843959104162406,0.09131186100253759,2.4334756316988577,0.03802305674529465,5.417395892634324,10.0,64.0,0.9733725707143871,64.0,6.0,8.0,14.0,26.0,0.09375,0.125,0.21875,0.40625,156.25,70,87.85
layer1.2.conv2,conv,11,64,1,False,64.0,0,32.0,32.0,160000,2.1337907598999157,7.88853053658898,0.12325828963420281,10.298996491344404,0.16092182017725631,4.6765326722969505,0.07307082300463985,4.227111062501036,10,64,0.9790644385800049,64,9,11,19,38,0.140625,0.171875,0.296875,0.59375,2500.0,64.0,10000.0,0.005018516823058607,3.1038799767985354,0.048498124637477116,4.758967806202584,0.07435887197191537,1.9728357655310802,0.030825558836423128,5.098846671232289,10.0,64.0,0.9790641519838618,64.0,5.0,7.0,13.0,25.0,0.078125,0.109375,0.203125,0.390625,156.25,70,87.85
layer1.2.conv3,conv,12,256,1,False,64.0,0,32.0,32.0,160000,0.22755621292747918,7.772017730951726,0.03035944426153018,11.623184598537136,0.04540306483803569,3.807862950804393,0.01487446465157966,10.79429591522458,10,256,0.9085596889392213,157,11,15,22,36,0.04296875,0.05859375,0.0859375,0.140625,625.0,256.0,10000.0,0.014259035583196451,1.8491247057749864,0.007223143381933541,2.7381826385603514,0.010696025931876373,1.3942312911953196,0.005446215981231717,8.637751664435685,10.0,256.0,0.9567369504700329,153.0,3.0,4.0,7.0,13.0,0.01171875,0.015625,0.02734375,0.05078125,39.0625,70,87.85
layer1.2,block,13,256,1,False,,0,32.0,32.0,160000,4.110998308653909,25.968495864302096,0.10143943696993006,47.561191987291345,0.18578590620035682,11.172230724685313,0.043641526268302006,2.144271350001015,10,256,0.9458903558189715,256,51,81,166,235,0.19921875,0.31640625,0.6484375,0.91796875,625.0,256.0,10000.0,0.3541045589642718,6.415640175781673,0.02506109443664716,10.844111173473747,0.042359809271381825,3.282230970429951,0.012821214728241995,2.9390460454410725,10.0,256.0,0.9938212614353367,256.0,11.0,16.0,38.0,114.0,0.04296875,0.0625,0.1484375,0.4453125,39.0625,70,87.85
layer2.0.conv1,conv,14,128,1,False,128.0,0,32.0,32.0,160000,1.9774338448612805,7.264589754041728,0.056754607453451,9.916186561529624,0.07747020751195019,4.818430845405071,0.037643990979727114,4.7638017769759315,10,128,0.9789089539418145,128,8,12,23,42,0.0625,0.09375,0.1796875,0.328125,1250.0,128.0,10000.0,0.15216233107638935,3.268002406613511,0.025531268801668054,5.309428057176567,0.04147990669669193,1.9915201741696593,0.015558751360700463,5.689197489010798,10.0,128.0,0.990724565290416,128.0,6.0,8.0,14.0,25.0,0.046875,0.0625,0.109375,0.1953125,78.125,70,87.85
layer2.0.conv2,conv,15,128,1,False,128.0,0,16.0,16.0,160000,4.264097290972407,12.253385299191255,0.09572957264993168,17.098304885229915,0.1335805069158587,6.609370582513251,0.051635707675884775,3.997471196004714,10,128,0.9833607367240262,128,14,18,35,70,0.109375,0.140625,0.2734375,0.546875,1250.0,128.0,10000.0,0.3076026065295474,4.283288533954584,0.03346319167152019,5.8475119587176625,0.04568368717748174,2.770706387785851,0.02164614365457696,4.534584271149785,10.0,128.0,0.9848363121399116,128.0,5.0,7.0,12.0,26.0,0.0390625,0.0546875,0.09375,0.203125,78.125,70,87.85
layer2.0.conv3,conv,16,512,1,False,128.0,0,16.0,16.0,160000,0.721564149147945,10.922699417244884,0.021333397299306413,15.01270301847868,0.029321685582966172,6.149968935806819,0.012011658077747693,8.212618200115257,10,512,0.8924239331465571,313,13,17,29,60,0.025390625,0.033203125,0.056640625,0.1171875,312.5,512.0,10000.0,0.05690219780866383,4.335828926867813,0.008468415872788697,6.112279769923412,0.011938046425631664,2.7020078634389164,0.005277359108279134,6.913750266930091,10.0,512.0,0.9387664011664307,320.0,5.0,8.0,13.0,29.0,0.009765625,0.015625,0.025390625,0.056640625,19.53125,70,87.85
layer2.0.downsample.0,conv,17,512,1,False,256.0,0,16.0,16.0,160000,3.31348144932357,11.684427082761538,0.022821146646018628,16.539168088613184,0.032303062673072626,6.132962417885975,0.011978442222433544,6.931479265311654,10,512,0.8420284926302304,378,14,20,35,71,0.02734375,0.0390625,0.068359375,0.138671875,312.5,512.0,10000.0,0.503782621803577,4.578913890156583,0.008943191191712076,6.7917726218719885,0.013265180902093728,2.632477228875413,0.005141557087647291,6.14289283274023,10.0,512.0,0.936345223928965,382.0,6.0,8.0,16.0,33.0,0.01171875,0.015625,0.03125,0.064453125,19.53125,70,87.85
layer2.0,block,18,512,1,False,,0,16.0,16.0,160000,8.05766926235016,21.851745223031273,0.042679189888732955,44.88661852667309,0.08766917680990838,9.532562543752396,0.0186182862182664,2.0441762073655783,10,512,0.9342410710581136,512,52,98,268,450,0.1015625,0.19140625,0.5234375,0.87890625,312.5,512.0,10000.0,0.9915162261722952,5.620169483122199,0.010976893521723045,10.413435894028868,0.020338741980525134,2.8634477846098045,0.0055926714543160245,2.575359909359679,10.0,512.0,0.9669009533510381,512.0,10.0,16.0,50.0,201.0,0.01953125,0.03125,0.09765625,0.392578125,19.53125,70,87.85
layer2.1.conv1,conv,19,128,1,False,128.0,0,16.0,16.0,160000,2.2301207844946385,6.460918859642355,0.0504759285909559,9.468816649785417,0.07397513007644857,3.7752473634894717,0.029494120027261497,4.469802132070598,10,128,0.9900647870891567,128,9,12,21,42,0.0703125,0.09375,0.1640625,0.328125,1250.0,128.0,10000.0,0.4170826741777155,2.6877207137655827,0.020997818076293615,4.183539152954393,0.032683899632456194,1.7521007022324737,0.013688286736191201,5.037832381357548,10.0,128.0,0.9917022436130322,128.0,4.0,6.0,11.0,21.0,0.03125,0.046875,0.0859375,0.1640625,78.125,70,87.85
layer2.1.conv2,conv,20,128,1,False,128.0,0,16.0,16.0,160000,1.4991560552198628,15.431205984792358,0.1205562967561903,22.016676292629104,0.17200528353616487,8.149617787154929,0.06366888896214788,3.727547282425049,10,128,0.9734465395789396,128,19,26,47,84,0.1484375,0.203125,0.3671875,0.65625,1250.0,128.0,10000.0,0.12338256294202013,3.611657482313028,0.02821607408057053,5.512883544531226,0.0430694026916502,2.200830900529456,0.017193991410386376,4.640872350364306,10.0,128.0,0.9779744425941036,128.0,6.0,7.0,15.0,33.0,0.046875,0.0546875,0.1171875,0.2578125,78.125,70,87.85
layer2.1.conv3,conv,21,512,1,False,128.0,0,16.0,16.0,160000,0.3258124619647179,10.685705598047385,0.020870518746186298,15.76972840851192,0.030800250797874844,5.4494543139106595,0.010643465456856757,8.430038391749367,10,512,0.8648432004951054,313,14,19,37,77,0.02734375,0.037109375,0.072265625,0.150390625,312.5,512.0,10000.0,0.019783714399549637,3.147487833156748,0.006147437174134273,5.481867233876882,0.010706771941165785,1.903086707265723,0.003716966225128365,7.5211540286200576,10.0,512.0,0.9053474002154629,319.0,6.0,9.0,19.0,46.0,0.01171875,0.017578125,0.037109375,0.08984375,19.53125,70,87.85
layer2.1,block,22,512,1,False,,0,16.0,16.0,160000,8.376759419081429,32.07696664458706,0.0626503254777091,66.77625025870793,0.13042236378653893,12.523155704776249,0.02445928848589111,1.823052431715442,10,512,0.9888780440762379,512,82,149,340,480,0.16015625,0.291015625,0.6640625,0.9375,312.5,512.0,10000.0,0.6942424198157925,7.858556378908632,0.015348742927555921,14.963637390133535,0.02922585427760456,3.59069411324107,0.007013074439923965,2.335530224106244,10.0,512.0,0.9949181268750839,512.0,14.0,26.0,87.0,304.0,0.02734375,0.05078125,0.169921875,0.59375,19.53125,70,87.85
layer2.2.conv1,conv,23,128,1,False,128.0,0,16.0,16.0,160000,1.8061151148191341,13.082997039057418,0.10221091436763607,18.16408327168515,0.14190690056004024,6.695164400930352,0.052305971882268376,4.042297604549835,10,128,0.9842053518643932,128,16,21,36,69,0.125,0.1640625,0.28125,0.5390625,1250.0,128.0,10000.0,0.14422824315847488,4.187229737485651,0.032712732324106646,7.596506547906344,0.05934770740551831,2.2470415660659335,0.017555012234890106,4.514876978813686,10.0,128.0,0.9837501405257338,128.0,9.0,11.0,21.0,44.0,0.0703125,0.0859375,0.1640625,0.34375,78.125,70,87.85
layer2.2.conv2,conv,24,128,1,False,128.0,0,16.0,16.0,160000,1.0248418477961698,20.816832918870986,0.16263150717867958,32.79695554153914,0.25622621516827454,8.052086713152278,0.06290692744650217,2.914791767361183,10,128,0.9538615393881061,128,31,42,73,110,0.2421875,0.328125,0.5703125,0.859375,1250.0,128.0,10000.0,0.03859046693909818,5.454548389625972,0.04261365929395291,9.274168344342609,0.07245444019017663,2.8011795977102567,0.02188421560711138,3.8232110963862103,10.0,128.0,0.9781658099523016,128.0,9.0,13.0,27.0,60.0,0.0703125,0.1015625,0.2109375,0.46875,78.125,70,87.85
layer2.2.conv3,conv,25,512,1,False,128.0,0,16.0,16.0,160000,0.13360513400777807,9.763493454613986,0.01906932315354294,19.739948353394826,0.03855458662772427,3.799808056185048,0.0074215001097364215,8.877962024600869,10,512,0.8286989550037782,312,21,31,61,103,0.041015625,0.060546875,0.119140625,0.201171875,312.5,512.0,10000.0,0.005127926487664593,3.709901280424082,0.007245900938328285,6.847153403002717,0.013373346490239682,2.2252149555702263,0.004346122960098098,7.890945157419969,10.0,512.0,0.8665098122400212,319.0,8.0,13.0,31.0,71.0,0.015625,0.025390625,0.060546875,0.138671875,19.53125,70,87.85
layer2.2,block,26,512,1,False,,0,16.0,16.0,160000,8.277063488892853,39.34930102765656,0.07685410356964172,84.61909050911272,0.1652716611506108,14.456965918463094,0.02823626155949823,1.6961387037715847,10,512,0.9869799490019039,512,111,192,379,490,0.216796875,0.375,0.740234375,0.95703125,312.5,512.0,10000.0,0.5997229359139917,8.673124892732103,0.01693969705611739,17.131732179011355,0.03346041441213155,3.8111994178408097,0.0074437488629703315,2.210149123878123,10.0,512.0,0.9951158587637525,512.0,17.0,32.0,115.0,353.0,0.033203125,0.0625,0.224609375,0.689453125,19.53125,70,87.85
layer2.3.conv1,conv,27,128,1,False,128.0,0,16.0,16.0,160000,1.5598910469418976,9.78244519778166,0.07642535310766922,15.412883214565484,0.12041315011379285,4.981702917398596,0.03891955404217653,3.6787286980152594,10,128,0.9789650668999493,128,15,21,39,76,0.1171875,0.1640625,0.3046875,0.59375,1250.0,128.0,10000.0,0.07800439977715876,5.435460148840997,0.04246453241282029,9.084443826496493,0.07097221739450385,2.784861719197819,0.02175673218123296,4.171851096490511,10.0,128.0,0.9791574142361473,128.0,9.0,13.0,26.0,53.0,0.0703125,0.1015625,0.203125,0.4140625,78.125,70,87.85
layer2.3.conv2,conv,28,128,1,False,128.0,0,16.0,16.0,160000,1.1049510235878803,17.4175583436877,0.13607467456006014,26.71859722302303,0.2087390408048674,7.391961509897645,0.05774969929607535,3.098453713847686,10,128,0.9690247946202901,128,24,34,63,104,0.1875,0.265625,0.4921875,0.8125,1250.0,128.0,10000.0,0.024116454881616116,4.291293529683399,0.033525730700651554,7.055125804016538,0.055118170343879204,2.507680715680456,0.019591255591253562,3.7292534738003664,10.0,128.0,0.9682473564090359,128.0,7.0,10.0,26.0,57.0,0.0546875,0.078125,0.203125,0.4453125,78.125,70,87.85
layer2.3.conv3,conv,29,512,1,False,128.0,0,16.0,16.0,160000,0.09676240525296124,15.2767452017746,0.029837392972216017,23.433677379761804,0.04576890113234727,6.971205084372504,0.013615634930415047,9.030499010454195,10,512,0.8376769221759977,308,21,29,57,97,0.041015625,0.056640625,0.111328125,0.189453125,312.5,512.0,10000.0,0.002580043400744863,4.727513127030741,0.009233424076231915,7.983632708636043,0.015593032634054772,2.914989958994307,0.005693339763660756,8.052878705681753,10.0,512.0,0.8740078512344192,317.0,9.0,14.0,29.0,67.0,0.017578125,0.02734375,0.056640625,0.130859375,19.53125,70,87.85
layer2.3,block,30,512,1,False,,0,16.0,16.0,160000,8.119509302249638,47.25906077501625,0.09230285307620362,102.37755796749639,0.19995616790526638,15.33861015552104,0.029958222960002032,1.6079957782297936,10,512,0.9862528884484841,512,136,226,403,495,0.265625,0.44140625,0.787109375,0.966796875,312.5,512.0,10000.0,0.5354932660018495,9.809700400050085,0.019159571093847822,19.671932265757263,0.038421742706557155,4.202126934229775,0.00820727916841753,2.1320675366249495,10.0,512.0,0.995800049858172,512.0,20.0,39.0,140.0,384.0,0.0390625,0.076171875,0.2734375,0.75,19.53125,70,87.85
layer3.0.conv1,conv,31,256,1,False,256.0,0,16.0,16.0,160000,4.283481153946848,17.4492723532732,0.06816122012997344,26.51478997870061,0.10357339835429925,8.037817442437646,0.031397724384522055,3.745353481807352,10,256,0.9819406383896265,256,24,31,56,120,0.09375,0.12109375,0.21875,0.46875,625.0,256.0,10000.0,0.3724269423559598,6.9309631813173835,0.02707407492702103,11.487795578234012,0.04487420147747661,3.2898238460920135,0.012850874398796928,4.260601672625493,10.0,256.0,0.9897486462912085,256.0,11.0,15.0,30.0,59.0,0.04296875,0.05859375,0.1171875,0.23046875,39.0625,70,87.85
layer3.0.conv2,conv,32,256,1,False,256.0,0,8.0,8.0,160000,6.370884563629035,23.1406802278355,0.09039328213998242,38.88718643680276,0.15190307201876077,10.236531171284913,0.03998644988783169,2.7966546806181456,10,256,0.9726333850061412,256,37,54,110,201,0.14453125,0.2109375,0.4296875,0.78515625,625.0,256.0,10000.0,0.7555433517880532,8.564983739373332,0.03345696773192708,13.41718814601359,0.052410891195365586,4.241656625127813,0.01656897119190552,3.2930716677119847,10.0,256.0,0.9914751512205817,256.0,12.0,17.0,36.0,101.0,0.046875,0.06640625,0.140625,0.39453125,39.0625,70,87.85
layer3.0.conv3,conv,33,1024,1,False,256.0,0,8.0,8.0,160000,1.5243895883268128,21.02651398917026,0.020533705067549084,31.24172059360228,0.030509492767189728,9.6381538343363,0.009412259603844043,7.38084878303298,10,1024,0.8451057079407551,621,27,36,72,166,0.0263671875,0.03515625,0.0703125,0.162109375,156.25,1024.0,10000.0,0.192472910959131,8.635718048836628,0.00843331840706702,13.883809413455635,0.013558407630327769,4.084298837718907,0.00398857308370987,6.830466884236959,10.0,1024.0,0.8811840819432404,634.0,13.0,18.0,35.0,88.0,0.0126953125,0.017578125,0.0341796875,0.0859375,9.765625,70,87.85
layer3.0.downsample.0,conv,34,1024,1,False,512.0,0,8.0,8.0,160000,4.814557599563173,16.98055195161021,0.016582570265244345,28.092798302321707,0.027434373342111042,7.3291095251949026,0.007157333520698147,5.9346973555245865,10,1024,0.7673324852080632,754,26,37,75,192,0.025390625,0.0361328125,0.0732421875,0.1875,156.25,1024.0,10000.0,0.5189167266707047,6.912628389415077,0.006750613661538161,11.729448788431434,0.011454539832452572,3.377741601760175,0.003298575782968921,5.667723556345263,10.0,1024.0,0.8244434305139002,763.0,11.0,17.0,40.0,100.0,0.0107421875,0.0166015625,0.0390625,0.09765625,9.765625,70,87.85
layer3.0,block,35,1024,1,False,,0,8.0,8.0,160000,11.516512872617216,33.607155994905376,0.03281948827627478,80.04981459536617,0.07817364706578728,11.806701368267717,0.011529981804948942,1.8376577901460924,10,1024,0.5467593276176497,1022,112,229,617,932,0.109375,0.2236328125,0.6025390625,0.91015625,156.25,1024.0,10000.0,1.2730245186127782,9.82273402351611,0.009592513694839952,20.947239653836807,0.020456288724450006,4.156723865490582,0.004059300649893146,2.065476016039389,10.0,1024.0,0.8957698853621481,1022.0,22.0,43.0,201.0,693.0,0.021484375,0.0419921875,0.1962890625,0.6767578125,9.765625,70,87.85
layer3.1.conv1,conv,36,256,1,False,256.0,0,8.0,8.0,160000,3.4510595970193885,10.553802636941674,0.04122579155055341,16.46544153807073,0.0643181310080888,5.133794358576436,0.020053884213189203,3.891834196788919,10,256,0.993798546809507,256,16,21,37,79,0.0625,0.08203125,0.14453125,0.30859375,625.0,256.0,10000.0,0.5267705091177453,5.965608763124937,0.023303159230956785,9.217326848445781,0.03600518300174133,3.225845494304056,0.012600958962125219,4.2419870491370775,10.0,256.0,0.9963788808407694,256.0,9.0,12.0,23.0,46.0,0.03515625,0.046875,0.08984375,0.1796875,39.0625,70,87.85
layer3.1.conv2,conv,37,256,1,False,256.0,0,8.0,8.0,160000,2.7262095046033537,24.462333438210337,0.09555598999300913,38.74756760770007,0.1513576859675784,10.820794775238976,0.04226872959077725,2.9996708890627017,10,256,0.9642759185696879,256,35,52,102,186,0.13671875,0.203125,0.3984375,0.7265625,625.0,256.0,10000.0,0.27597929077087724,7.144393186549021,0.027907785884957112,11.164977033156852,0.04361319153576895,4.229820490222286,0.016522736289930805,3.793178156820115,10.0,256.0,0.98200285227697,256.0,10.0,16.0,34.0,80.0,0.0390625,0.0625,0.1328125,0.3125,39.0625,70,87.85
layer3.1.conv3,conv,38,1024,1,False,256.0,0,8.0,8.0,160000,0.45781988624199443,16.999986673834247,0.016601549486166257,28.823163113478472,0.02814762022800632,7.0236363622920015,0.006859019885050783,7.423873259793386,10,1024,0.8232568826826546,626,27,42,95,190,0.0263671875,0.041015625,0.0927734375,0.185546875,156.25,1024.0,10000.0,0.028786742812218335,7.888815207147273,0.007703921100729759,14.873403586135412,0.014524808189585363,3.620781921262117,0.003535919844982536,7.225323700913862,10.0,1024.0,0.8481348820200707,638.0,16.0,26.0,59.0,144.0,0.015625,0.025390625,0.0576171875,0.140625,9.765625,70,87.85
layer3.1,block,39,1024,1,False,,0,8.0,8.0,160000,11.775270524481316,50.81107831370816,0.04962019366573062,122.73244557773131,0.11985590388450323,17.257550122597866,0.01685307629159948,1.5901878102885245,10,1024,0.9854927938850213,1024,188,353,747,974,0.18359375,0.3447265625,0.7294921875,0.951171875,156.25,1024.0,10000.0,1.02057303944927,11.720481336167325,0.011445782554850903,28.3797750540945,0.027714624076264162,4.584736318856342,0.004477281561383146,1.866286078592755,10.0,1024.0,0.9900746503707264,1024.0,35.0,78.0,351.0,832.0,0.0341796875,0.076171875,0.3427734375,0.8125,9.765625,70,87.85
layer3.2.conv1,conv,40,256,1,False,256.0,0,8.0,8.0,160000,3.006511862040264,17.548522604887953,0.06854891642534357,25.614946541911017,0.10005838492933991,9.183353721367546,0.035872475474091975,3.4438957070718113,10,256,0.9909214877861465,256,22,31,56,130,0.0859375,0.12109375,0.21875,0.5078125,625.0,256.0,10000.0,0.23962657324067316,9.926251082992883,0.03877441829294095,15.391121495050172,0.06012156834003973,4.984884804436914,0.019472206267331694,3.7321763612334657,10.0,256.0,0.9930580328333828,256.0,14.0,21.0,39.0,85.0,0.0546875,0.08203125,0.15234375,0.33203125,39.0625,70,87.85
layer3.2.conv2,conv,41,256,1,False,256.0,0,8.0,8.0,160000,1.736358131756778,32.218428028276314,0.12585323448545435,50.830934544706835,0.19855833806526108,14.342330265633379,0.056024727600130386,2.600597894003749,10,256,0.9665323945909344,256,47,69,133,218,0.18359375,0.26953125,0.51953125,0.8515625,625.0,256.0,10000.0,0.09454178021932183,9.658099797413987,0.03772695233364839,15.803769973100048,0.06173347645742206,4.894075296972945,0.019117481628800566,3.240276797359406,10.0,256.0,0.9774154948270627,256.0,15.0,24.0,55.0,128.0,0.05859375,0.09375,0.21484375,0.5,39.0625,70,87.85
layer3.2.conv3,conv,42,1024,1,False,256.0,0,8.0,8.0,160000,0.2556389056455525,21.769552707987042,0.021259328816393596,36.893216566775806,0.036028531803492,8.79022555964327,0.00858420464808913,7.6651380073067115,10,1024,0.803553911348359,622,35,54,123,213,0.0341796875,0.052734375,0.1201171875,0.2080078125,156.25,1024.0,10000.0,0.011201715108580288,8.544917487075352,0.008344645983472024,17.415339270874483,0.017007167256713362,3.8023694003598005,0.0037132513675388677,7.451820334301034,10.0,1024.0,0.8237484227918458,637.0,20.0,32.0,80.0,179.0,0.01953125,0.03125,0.078125,0.1748046875,9.765625,70,87.85
layer3.2,block,43,1024,1,False,,0,8.0,8.0,160000,11.635359348818492,67.57399085793861,0.06599022544720567,165.09125937872307,0.16122193298703424,21.437146245787346,0.020934713130651705,1.468154366965548,10,1024,0.9875074300061152,1024,263,455,819,991,0.2568359375,0.4443359375,0.7998046875,0.9677734375,156.25,1024.0,10000.0,0.8563842148587748,13.608178357943604,0.013289236677679301,36.162508385752176,0.03531494959546111,5.004644492637293,0.004887348137341106,1.7460365700895286,10.0,1024.0,0.9916323700712681,1024.0,51.0,120.0,472.0,897.0,0.0498046875,0.1171875,0.4609375,0.8759765625,9.765625,70,87.85
layer3.3.conv1,conv,44,256,1,False,256.0,0,8.0,8.0,160000,2.8481874589399054,22.185292683565123,0.08666129954517626,32.79612226317608,0.12810985259053156,10.373830927138966,0.04052277705913659,3.1685764274901067,10,256,0.9871116260022942,256,29,39,75,166,0.11328125,0.15234375,0.29296875,0.6484375,625.0,256.0,10000.0,0.18847644874523814,12.073435141838893,0.047161856022808174,19.15493917727801,0.07482398116124223,6.282750870561853,0.024541995588132238,3.423086989220172,10.0,256.0,0.9898992816217301,256.0,18.0,26.0,51.0,118.0,0.0703125,0.1015625,0.19921875,0.4609375,39.0625,70,87.85
layer3.3.conv2,conv,45,256,1,False,256.0,0,8.0,8.0,160000,1.364335247267981,32.75191443748587,0.1279371657714292,55.6266313914743,0.21729152887294648,11.33482357072646,0.044276654573150234,2.4247935595310945,10,256,0.9532421606218869,256,53,78,150,229,0.20703125,0.3046875,0.5859375,0.89453125,625.0,256.0,10000.0,0.06874327896273488,10.953548101656628,0.0427872972720962,19.301781057674198,0.07539758225653984,4.941102763292775,0.0193011826691124,3.098190997043669,10.0,256.0,0.9719586139192765,256.0,19.0,30.0,67.0,151.0,0.07421875,0.1171875,0.26171875,0.58984375,39.0625,70,87.85
layer3.3.conv3,conv,46,1024,1,False,256.0,0,8.0,8.0,160000,0.16518101901094862,22.629396190995422,0.022099019717768967,39.16016959829771,0.03824235312333761,8.537121927596342,0.008337033132418303,7.753894160030735,10,1024,0.8012654239007018,619,38,58,129,215,0.037109375,0.056640625,0.1259765625,0.2099609375,156.25,1024.0,10000.0,0.006676125648995016,13.53278396570098,0.013215609341504864,24.14011257035185,0.023574328681984228,6.390767703711085,0.006240984085655357,7.662405520417735,10.0,1024.0,0.8207289899969695,637.0,24.0,38.0,91.0,188.0,0.0234375,0.037109375,0.0888671875,0.18359375,9.765625,70,87.85
layer3.3,block,47,1024,1,False,,0,8.0,8.0,160000,10.923775115564222,84.63208716767242,0.0826485226246801,206.91788514317835,0.2020682472101351,24.797330388364994,0.02421614295738769,1.3824961740052186,10,1024,0.9868853074245774,1024,329,530,860,999,0.3212890625,0.517578125,0.83984375,0.9755859375,156.25,1024.0,10000.0,0.7370020843209788,15.516085038559362,0.015152426795468127,44.099507501499126,0.04306592529443274,5.451025054417448,0.005323266654704539,1.669727839500943,10.0,1024.0,0.9918219368810344,1024.0,69.0,165.0,559.0,930.0,0.0673828125,0.1611328125,0.5458984375,0.908203125,9.765625,70,87.85
layer3.4.conv1,conv,48,256,1,False,256.0,0,8.0,8.0,160000,2.3739805637855,25.791348468635913,0.10074745495560904,39.04123516188454,0.1525048248511115,12.203409183345832,0.047669567122444655,3.0119465493915416,10,256,0.9810150632464951,256,34,48,92,187,0.1328125,0.1875,0.359375,0.73046875,625.0,256.0,10000.0,0.15737371605890735,12.338172445719952,0.04819598611609356,20.968511262362842,0.08190824711860485,6.0451691295882855,0.02361394191245424,3.2827013317795664,10.0,256.0,0.9865583752229458,256.0,21.0,31.0,60.0,137.0,0.08203125,0.12109375,0.234375,0.53515625,39.0625,70,87.85
layer3.4.conv2,conv,49,256,1,False,256.0,0,8.0,8.0,160000,1.1771345113845542,29.250610983414845,0.11426019915396424,52.71555597923921,0.20592014054390317,9.816039359987132,0.03834390374994973,2.413569378582637,10,256,0.9404060350330443,256,53,79,150,228,0.20703125,0.30859375,0.5859375,0.890625,625.0,256.0,10000.0,0.060676780056263126,10.719570479389246,0.04187332218511424,19.78874130353162,0.07729977071692039,4.524364891621238,0.01767330035789546,3.1327580146266714,10.0,256.0,0.9641839020867877,256.0,21.0,32.0,70.0,152.0,0.08203125,0.125,0.2734375,0.59375,39.0625,70,87.85
layer3.4.conv3,conv,50,1024,1,False,256.0,0,8.0,8.0,160000,0.13303770764732492,21.99635982881608,0.021480820145328202,37.23644036413184,0.0363637112930975,8.95542111288414,0.008745528430550919,7.724060809672288,10,1024,0.811954187428645,618,35,54,116,204,0.0341796875,0.052734375,0.11328125,0.19921875,156.25,1024.0,10000.0,0.006825230680580076,10.011647308491998,0.009776999324699217,20.09707163562361,0.019626046519163682,4.0011329167255765,0.003907356363989821,7.528546317379634,10.0,1024.0,0.8362808482280283,636.0,22.0,33.0,76.0,169.0,0.021484375,0.0322265625,0.07421875,0.1650390625,9.765625,70,87.85
layer3.4,block,51,1024,1,False,,0,8.0,8.0,160000,9.938809119113651,100.799053997901,0.0984365761698252,244.52376202597978,0.23879273635349588,27.114030982847336,0.02647854588168685,1.3223856225950108,10,1024,0.9853779435123408,1024,381,582,883,1004,0.3720703125,0.568359375,0.8623046875,0.98046875,156.25,1024.0,10000.0,0.6477958230758813,17.203306487535492,0.01680010399173388,51.471042523769675,0.050264689964618824,5.795416385925807,0.005659586314380671,1.6262923012988695,10.0,1024.0,0.9915868156923686,1024.0,86.0,202.0,612.0,945.0,0.083984375,0.197265625,0.59765625,0.9228515625,9.765625,70,87.85
layer3.5.conv1,conv,52,256,1,False,256.0,0,8.0,8.0,160000,2.0272032456157887,28.968185281701746,0.11315697375664745,43.32502658905469,0.16923838511349487,13.654395245341993,0.05333748142711716,2.9055222314562683,10,256,0.978297326206901,256,38,53,103,198,0.1484375,0.20703125,0.40234375,0.7734375,625.0,256.0,10000.0,0.13187375436319265,14.974506510070746,0.05849416605496385,25.15417438883571,0.09825849370638949,6.372298717317193,0.024891791864520285,3.2337468117356982,10.0,256.0,0.9857299359157111,256.0,25.0,35.0,67.0,151.0,0.09765625,0.13671875,0.26171875,0.58984375,39.0625,70,87.85
layer3.5.conv2,conv,53,256,1,False,256.0,0,8.0,8.0,160000,1.2480497205148202,27.66596627974047,0.10807018078023621,49.46793928962047,0.19323413785007995,9.323038736308655,0.036418120063705685,2.466820256362041,10,256,0.9609912856873116,256,50,74,142,223,0.1953125,0.2890625,0.5546875,0.87109375,625.0,256.0,10000.0,0.07002018134413317,11.22210138899871,0.04383633355077621,20.71437812862461,0.08091553956493988,4.593299746753555,0.017942577135756074,3.275140027758136,10.0,256.0,0.9789226324284279,256.0,21.0,31.0,64.0,143.0,0.08203125,0.12109375,0.25,0.55859375,39.0625,70,87.85
layer3.5.conv3,conv,54,1024,1,False,256.0,0,8.0,8.0,160000,0.14121920731685236,12.986214044854414,0.012681849653178139,22.73144558107251,0.022198677325266123,5.722997571259152,0.005588864815682766,7.304641026799468,10,1024,0.8374193881581331,622,22,34,78,172,0.021484375,0.033203125,0.076171875,0.16796875,156.25,1024.0,10000.0,0.01071742786384446,5.660618582645711,0.005527947834614952,11.841922560424482,0.011564377500414533,2.6442969627970943,0.0025823212527315374,7.023353618831975,10.0,1024.0,0.8672051097404289,635.0,14.0,20.0,42.0,116.0,0.013671875,0.01953125,0.041015625,0.11328125,9.765625,70,87.85
layer3.5,block,55,1024,1,False,,0,8.0,8.0,160000,9.454420768429502,104.35890166015412,0.10191298990249426,259.1692230875962,0.25309494442148067,24.10242350009153,0.023537522949308134,1.2924330204702676,10,1024,0.9826903110850784,1024,405,603,891,1004,0.3955078125,0.5888671875,0.8701171875,0.98046875,156.25,1024.0,10000.0,0.6390739734215742,20.163059923194222,0.019690488206244357,56.622072953372914,0.055294993118528236,6.906837760898997,0.006744958750877926,1.6191953877188203,10.0,1024.0,0.9907853054665512,1024.0,90.0,213.0,626.0,948.0,0.087890625,0.2080078125,0.611328125,0.92578125,9.765625,70,87.85
layer4.0.conv1,conv,56,512,1,False,512.0,0,8.0,8.0,160000,3.0078283772246723,22.468201934465895,0.0438832069032537,37.19308421033631,0.0726427425983131,8.214710691156197,0.016044356818664448,3.028563758632542,10,512,0.9803257688958268,512,33,48,108,276,0.064453125,0.09375,0.2109375,0.5390625,312.5,512.0,10000.0,0.3148164888494614,12.514061800211195,0.02444152695353749,20.188904553830284,0.03943145420669977,5.683360478790666,0.01110031343513802,3.349138477318193,10.0,512.0,0.9887566911599063,512.0,19.0,26.0,51.0,147.0,0.037109375,0.05078125,0.099609375,0.287109375,19.53125,70,87.85
layer4.0.conv2,conv,57,512,1,False,512.0,0,4.0,4.0,160000,3.546794025103093,16.917589100231826,0.033042166211390285,29.646911056368403,0.057904123156969536,6.583506421392344,0.012858410979281922,3.0086352461548636,10,512,0.9780919729421538,512,27,42,105,261,0.052734375,0.08203125,0.205078125,0.509765625,312.5,512.0,10000.0,0.7319763565083929,10.050548222399703,0.01962997699687442,15.221987736020543,0.029730444796915122,5.372304733840035,0.010492782683281318,3.2065728249205745,10.0,512.0,0.9871126928597934,512.0,14.0,19.0,37.0,130.0,0.02734375,0.037109375,0.072265625,0.25390625,19.53125,70,87.85
layer4.0.conv3,conv,58,2048,1,False,512.0,0,4.0,4.0,160000,0.6562542884640343,11.935078879979685,0.00582767523436508,16.4131020341534,0.008014209977613965,6.59484379724671,0.0032201385728743703,5.2724822971324565,10,2048,0.9542734684617333,1254,15,19,28,57,0.00732421875,0.00927734375,0.013671875,0.02783203125,78.125,2048.0,10000.0,0.20178934729522288,8.053276501184365,0.0039322639165939284,10.918403808240473,0.005331251859492419,4.843418099695414,0.0023649502439919015,4.673765998836447,10.0,2048.0,0.9786518862180881,1270.0,9.0,12.0,20.0,33.0,0.00439453125,0.005859375,0.009765625,0.01611328125,4.8828125,70,87.85
layer4.0.downsample.0,conv,59,2048,1,False,1024.0,0,4.0,4.0,160000,1.1630006726965687,16.677158956665235,0.008143144021809197,25.842142950365382,0.012618233862483097,7.639012095238632,0.0037299863746282384,5.208182214954314,10,2048,0.7524279570337287,1513,22,31,73,269,0.0107421875,0.01513671875,0.03564453125,0.13134765625,78.125,2048.0,10000.0,0.2040079970504095,8.261124014149548,0.004033751960033959,14.045206040413172,0.006858010761920494,4.013864528472438,0.0019598947892931827,4.968947982044112,10.0,2048.0,0.793130476197244,1532.0,14.0,20.0,41.0,152.0,0.0068359375,0.009765625,0.02001953125,0.07421875,4.8828125,70,87.85
layer4.0,block,60,2048,1,False,,0,4.0,4.0,160000,27.606782234185335,14.850488949730966,0.007251215307485823,26.934343213703404,0.013151534772316115,6.78894068491085,0.003314912443804126,1.8196419435672713,10,2048,0.9916744349886062,2048,23,40,253,1321,0.01123046875,0.01953125,0.12353515625,0.64501953125,78.125,2048.0,10000.0,7.324964515183911,8.597052425059212,0.0041977795044234436,13.742120538197316,0.006710019794041658,4.516417641300099,0.002205282051416064,1.9887130930164416,10.0,2048.0,0.9891657221293199,2048.0,12.0,18.0,58.0,567.0,0.005859375,0.0087890625,0.0283203125,0.27685546875,4.8828125,70,87.85
layer4.1.conv1,conv,61,512,1,False,512.0,0,4.0,4.0,160000,4.455651999378909,11.572683917527183,0.02260289827642028,16.627375793037714,0.032475343345776786,4.819936225709496,0.009413937940838859,4.696055627056488,10,512,0.9918662485080438,512,15,19,25,34,0.029296875,0.037109375,0.048828125,0.06640625,312.5,512.0,10000.0,0.909941806761944,10.450386464887442,0.020410911064233286,13.989836428454552,0.027323899274325297,5.591793563890808,0.010921471804474234,4.906560228813423,10.0,512.0,0.9891604130615158,511.0,13.0,16.0,22.0,30.0,0.025390625,0.03125,0.04296875,0.05859375,19.53125,70,87.85
layer4.1.conv2,conv,62,512,1,False,512.0,0,4.0,4.0,160000,0.668281791245634,16.37059868658338,0.03197382555973317,28.534851644400426,0.05573213211796958,6.775109906208811,0.013232636535564083,4.1264198321876995,10,512,0.9630136588766156,512,28,41,82,159,0.0546875,0.080078125,0.16015625,0.310546875,312.5,512.0,10000.0,0.08615303846467545,8.948920060533409,0.017478359493229314,14.391786685481273,0.028108958370080612,4.0538617409186655,0.007917698712731768,4.29113211242201,10.0,512.0,0.9866197639510399,512.0,13.0,19.0,36.0,79.0,0.025390625,0.037109375,0.0703125,0.154296875,19.53125,70,87.85
layer4.1.conv3,conv,63,2048,1,False,512.0,0,4.0,4.0,160000,0.05890457653714126,9.138244291174852,0.0044620333453002205,13.238494252158619,0.0064641085215618255,4.4814088598943975,0.0021881879198703113,5.31228026260761,10,2048,0.9548455310720912,1257,12,15,28,64,0.005859375,0.00732421875,0.013671875,0.03125,78.125,2048.0,10000.0,0.01790753774174216,6.964363020460545,0.0034005678810842504,9.249235489780048,0.004516228266494164,3.957378701252363,0.0019323138189708804,4.660730592830814,10.0,2048.0,0.9766923466932408,1268.0,8.0,10.0,15.0,33.0,0.00390625,0.0048828125,0.00732421875,0.01611328125,4.8828125,70,87.85
layer4.1,block,64,2048,1,False,,0,4.0,4.0,160000,34.768385957585366,14.568626570046183,0.007113587192405363,26.53047806833289,0.012954334994303169,6.399412907721309,0.0031247133338482952,1.8258919519111259,10,2048,0.992654237495625,2048,23,40,247,1312,0.01123046875,0.01953125,0.12060546875,0.640625,78.125,2048.0,10000.0,10.444912374390686,8.728760513726016,0.004262090094592781,13.151268777037673,0.006421517957537926,4.862662072038212,0.0023743467148624083,1.99796395736732,10.0,2048.0,0.9905026061830271,2048.0,10.0,16.0,53.0,502.0,0.0048828125,0.0078125,0.02587890625,0.2451171875,4.8828125,70,87.85
layer4.2.conv1,conv,65,512,1,False,512.0,0,4.0,4.0,160000,12.666784851302168,9.533001822353533,0.018619144184284245,13.076314103227288,0.025539675982865797,4.75444704408657,0.009286029382981582,4.82353383558493,10,512,0.9938347889007618,512,11,15,21,30,0.021484375,0.029296875,0.041015625,0.05859375,312.5,512.0,10000.0,3.53377981895829,7.545024686848406,0.014736376341500794,9.998149849671414,0.01952763642513948,4.0969088692161995,0.00800177513518789,5.003827232930089,10.0,512.0,0.9846884584832717,470.0,9.0,10.0,17.0,26.0,0.017578125,0.01953125,0.033203125,0.05078125,19.53125,70,87.85
layer4.2.conv2,conv,66,512,1,False,512.0,0,4.0,4.0,160000,1.516186720815272,13.31044196602996,0.025996956964902267,22.861146788002216,0.04465067732031683,5.77979983151119,0.011288671545920293,4.391795701597083,10,512,0.9765598111703352,512,22,30,57,119,0.04296875,0.05859375,0.111328125,0.232421875,312.5,512.0,10000.0,0.3849145947873236,7.7966650198397645,0.01522786136687454,10.013481332211873,0.019557580726976314,4.261524307241206,0.008323289662580481,4.506619570983615,10.0,512.0,0.9859675246810888,512.0,8.0,10.0,18.0,46.0,0.015625,0.01953125,0.03515625,0.08984375,19.53125,70,87.85
layer4.2.conv3,conv,67,2048,1,False,512.0,0,4.0,4.0,160000,0.19683792597296818,7.459241987628156,0.0036422080017715604,9.472749949204053,0.004625366186134791,3.998771243308165,0.0019525250211465648,4.448897790017932,10,2048,0.9834987949131508,1254,8,10,15,37,0.00390625,0.0048828125,0.00732421875,0.01806640625,78.125,2048.0,10000.0,0.13761232309265048,6.436641591786627,0.003142891402239564,7.7855742437952475,0.003801549923728148,3.559096470328942,0.0017378400734028036,3.518342699241042,10.0,2048.0,0.9682360154938748,1228.0,8.0,8.0,9.0,14.0,0.00390625,0.00390625,0.00439453125,0.0068359375,4.8828125,70,87.85
layer4.2,block,68,2048,1,False,,0,4.0,4.0,160000,58.955585618914604,12.153069953261054,0.005934116188115749,21.046001695873134,0.010276368015563054,6.09790495265551,0.002977492652663823,1.8242145242552494,10,2048,0.9933393375260671,2048,19,33,182,1189,0.00927734375,0.01611328125,0.0888671875,0.58056640625,78.125,2048.0,10000.0,27.341131246207585,7.7690200214149545,0.0037934668073315208,10.99097109897818,0.00536668510692294,4.272890883562891,0.0020863725017396927,2.05858188115833,10.0,2048.0,0.9920172034238578,2048.0,9.0,11.0,38.0,288.0,0.00439453125,0.00537109375,0.0185546875,0.140625,4.8828125,70,87.85
fc,linear,69,10,1,False,,0,,,10000,154.04319184895192,4.509001393606286,0.45090013936062856,6.053135134296205,0.6053135134296206,2.5473715421370655,0.2547371542137066,,10,10,,10,6,8,9,9,0.6,0.8,0.9,0.9,1000.0,,,,,,,,,,,,,,,,,,,,,,,,70,87.85
conv1,conv,0,64,1,False,27.0,0,32.0,32.0,160000,15.374220322004616,4.054398648916254,0.06334997888931647,5.132754365277229,0.0801992869574567,2.553459833346602,0.03989780989604066,13.174558757184334,10,64,0.9837649447109007,45,5,6,8,10,0.078125,0.09375,0.125,0.15625,2500.0,64.0,10000.0,3.23739162466175,2.3168100558942095,0.036200157123347024,2.6209637266057966,0.04095255822821557,1.7765347812603418,0.02775835595719284,8.176499988070153,10.0,64.0,0.7637818843823531,41.0,3.0,3.0,3.0,5.0,0.046875,0.046875,0.046875,0.078125,156.25,80,90.64
layer1.0.conv1,conv,1,64,1,False,64.0,0,32.0,32.0,160000,0.2413933595253526,5.159175096835445,0.08061211088805383,6.8159291875675505,0.10649889355574298,2.92519166125993,0.0457061197071864,9.226294832297132,10,64,0.9600852382953947,60,6,8,11,14,0.09375,0.125,0.171875,0.21875,2500.0,64.0,10000.0,0.02613139883789644,2.365823541200853,0.036965992831263325,3.2358120065613307,0.05055956260252079,1.6732948317239857,0.026145231745687277,9.569062341606374,10.0,64.0,0.9683730957390795,61.0,3.0,4.0,8.0,13.0,0.046875,0.0625,0.125,0.203125,156.25,80,90.64
layer1.0.conv2,conv,2,64,1,False,64.0,0,32.0,32.0,160000,0.6847306762615424,9.5424225252802,0.14910035195750312,12.601679135939397,0.19690123649905308,5.041588857622009,0.07877482590034389,5.080749902763428,10,64,0.9863821649724309,64,11,13,22,35,0.171875,0.203125,0.34375,0.546875,2500.0,64.0,10000.0,0.023840590127383925,2.9229642366485007,0.04567131619763282,4.124116333704516,0.06443931771413307,2.032328136586818,0.03175512713416903,5.8301968526920955,10.0,64.0,0.9808129371239855,64.0,4.0,6.0,11.0,20.0,0.0625,0.09375,0.171875,0.3125,156.25,80,90.64
layer1.0.conv3,conv,3,256,1,False,64.0,0,32.0,32.0,160000,0.22814747565348423,6.418332696553658,0.025071612095912726,8.510695910286458,0.033244905899556476,3.9452600564433618,0.015411172095481882,10.366092404023561,10,256,0.8942897137777281,148,8,9,14,28,0.03125,0.03515625,0.0546875,0.109375,625.0,256.0,10000.0,0.00437127929129921,3.444511915320296,0.013455124669219906,5.230180732551238,0.020430393486528274,2.1232662261155406,0.00829400869576383,9.911583867981854,10.0,256.0,0.9207184819846144,150.0,5.0,8.0,13.0,23.0,0.01953125,0.03125,0.05078125,0.08984375,39.0625,80,90.64
layer1.0.downsample.0,conv,4,256,1,False,64.0,0,32.0,32.0,160000,0.7745772271052352,5.831797544271689,0.022780459157311285,7.253168086963316,0.028332687839700454,3.936506522089066,0.015376978601910413,8.586269879455791,10,256,0.9559577442286906,147,7,8,10,15,0.02734375,0.03125,0.0390625,0.05859375,625.0,256.0,10000.0,0.12600393062211016,3.0244012351387135,0.0118140673247606,3.624710033129369,0.014159023566911597,2.2298955077384015,0.008710529327103131,7.9479674628241455,10.0,256.0,0.9606050398854138,146.0,3.0,4.0,6.0,12.0,0.01171875,0.015625,0.0234375,0.046875,39.0625,80,90.64
layer1.0,block,5,256,1,False,,0,32.0,32.0,160000,2.426118055933508,14.697955545234564,0.057413888848572514,25.993496365041153,0.101537095175942,6.724378882898017,0.026267105011320378,6.142289182738865,10,256,0.2204876238695801,231,26,42,96,176,0.1015625,0.1640625,0.375,0.6875,625.0,256.0,10000.0,0.22233463647172397,5.361476161606258,0.020943266256274445,8.566335439188206,0.03346224780932893,3.083655022655997,0.012045527432249988,7.092717786691173,10.0,256.0,0.2516664097765102,228.0,8.0,13.0,29.0,80.0,0.03125,0.05078125,0.11328125,0.3125,39.0625,80,90.64
layer1.1.conv1,conv,6,64,1,False,64.0,0,32.0,32.0,160000,0.5927581616745466,3.858230218263751,0.06028484716037111,5.928450287821917,0.09263203574721746,2.260330621202755,0.03531766595629305,5.239701849204501,10,64,0.9567130173942215,64,6,8,15,28,0.09375,0.125,0.234375,0.4375,2500.0,64.0,10000.0,0.020418311823339183,3.8734149330550847,0.0605221083289857,5.784504557698595,0.09038288371404055,2.265115176929049,0.03539242463951639,6.023619048126281,10.0,64.0,0.9717550468883537,64.0,6.0,7.0,13.0,23.0,0.09375,0.109375,0.203125,0.359375,156.25,80,90.64
layer1.1.conv2,conv,7,64,1,False,64.0,0,32.0,32.0,160000,0.6449278512013545,9.745247959131008,0.152269499361422,13.044965255594812,0.20382758211866894,5.613445990009423,0.08771009359389724,4.296248657919369,10,64,0.9735155743315447,64,11,15,25,43,0.171875,0.234375,0.390625,0.671875,2500.0,64.0,10000.0,0.01353903174035313,3.1239520866249015,0.048811751353514087,4.134899439201719,0.06460780373752686,2.213368065245814,0.034583876019465845,5.016910096119282,10.0,64.0,0.9745637800179202,64.0,3.0,5.0,10.0,21.0,0.046875,0.078125,0.15625,0.328125,156.25,80,90.64
layer1.1.conv3,conv,8,256,1,False,64.0,0,32.0,32.0,160000,0.12337159266540464,7.978477684177327,0.031165928453817684,10.789904412631138,0.04214806411184038,4.468853814296035,0.017456460212093888,10.346122772204476,10,256,0.8962003666866578,154,9,12,21,36,0.03515625,0.046875,0.08203125,0.140625,625.0,256.0,10000.0,0.002234375571186697,3.4163813947920074,0.013345239823406279,4.547137935831606,0.01776225756184221,2.5209814676519042,0.009847583858015251,9.281200351618072,10.0,256.0,0.9317855237990067,158.0,4.0,6.0,12.0,24.0,0.015625,0.0234375,0.046875,0.09375,39.0625,80,90.64
layer1.1,block,9,256,1,False,,0,32.0,32.0,160000,3.0975841472198162,18.953094816732595,0.0740355266278617,35.60935377566232,0.13909903818618094,7.570485573674893,0.02957220927216755,2.830507679459551,10,256,0.3034267038077668,252,38,61,135,219,0.1484375,0.23828125,0.52734375,0.85546875,625.0,256.0,10000.0,0.2302011033147228,5.912738317940503,0.02309663405445509,9.677471659448683,0.03780262366972142,3.2356729401172406,0.012639347422332971,3.341452319686149,10.0,256.0,0.5624434912445733,252.0,9.0,14.0,34.0,101.0,0.03515625,0.0546875,0.1328125,0.39453125,39.0625,80,90.64
layer1.2.conv1,conv,10,64,1,False,64.0,0,32.0,32.0,160000,0.7302136238409822,4.204453259440049,0.06569458217875077,6.107425960796655,0.09542853063744773,2.54639095910882,0.039787358736075314,4.673816608041478,10,64,0.9496115092450782,64,6,7,16,31,0.09375,0.109375,0.25,0.484375,2500.0,64.0,10000.0,0.012468502040802095,3.351654446699911,0.05236960072968611,5.569598418383745,0.08702497528724601,1.9988625558863413,0.031232227435724083,5.5532802665913685,10.0,64.0,0.9713150355628466,64.0,6.0,9.0,15.0,26.0,0.09375,0.140625,0.234375,0.40625,156.25,80,90.64
layer1.2.conv2,conv,11,64,1,False,64.0,0,32.0,32.0,160000,1.358031621644832,8.31053764829943,0.1298521507546786,10.790202407408426,0.16859691261575666,4.910636673710191,0.07672869802672173,4.25881996598238,10,64,0.9828961329479148,64,9,12,19,39,0.140625,0.1875,0.296875,0.609375,2500.0,64.0,10000.0,0.004049148525692222,2.4910818773432095,0.03892315433348765,3.889204113489636,0.06076881427327556,1.6956847332838874,0.02649507395756074,4.895238004422558,10.0,64.0,0.9708321727806095,64.0,4.0,6.0,12.0,25.0,0.0625,0.09375,0.1875,0.390625,156.25,80,90.64
layer1.2.conv3,conv,12,256,1,False,64.0,0,32.0,32.0,160000,0.14596676179335902,8.713894047090141,0.034038648621445865,12.910836065793772,0.05043295338200692,4.068949688689297,0.015894334721442565,10.982365051217636,10,256,0.9069988200830273,155,12,16,23,37,0.046875,0.0625,0.08984375,0.14453125,625.0,256.0,10000.0,0.009118193688449107,1.907050940950264,0.007449417738086969,2.8616711859904136,0.011178403070275053,1.416334542889724,0.0055325568081629846,8.905590838070479,10.0,256.0,0.9571522713966911,152.0,3.0,4.0,7.0,14.0,0.01171875,0.015625,0.02734375,0.0546875,39.0625,80,90.64
layer1.2,block,13,256,1,False,,0,32.0,32.0,160000,3.3942035309436136,27.147275249574662,0.10604404394365102,49.15761722908653,0.19202194230111927,10.654274865516365,0.0416182611934233,2.1681193265282936,10,256,0.9286390667511975,256,52,83,165,235,0.203125,0.32421875,0.64453125,0.91796875,625.0,256.0,10000.0,0.29470955592660153,6.639638361977324,0.025936087351473923,11.111044776417366,0.043402518657880335,3.426932658916973,0.013386455698894425,2.9639589024626485,10.0,256.0,0.9811412698987367,256.0,11.0,16.0,37.0,114.0,0.04296875,0.0625,0.14453125,0.4453125,39.0625,80,90.64
layer2.0.conv1,conv,14,128,1,False,128.0,0,32.0,32.0,160000,1.2967130961996722,7.300578548946129,0.057035769913641635,10.17532885269886,0.07949475666170984,4.339826970032292,0.03390489820337728,4.8376604656579865,10,128,0.9739383346371544,128,9,13,23,43,0.0703125,0.1015625,0.1796875,0.3359375,1250.0,128.0,10000.0,0.10531120281415551,2.9931227847307973,0.023383771755709354,4.977667190356494,0.03888802492466011,1.880120182829512,0.014688438928355562,5.755239927809547,10.0,128.0,0.9902434238305335,128.0,6.0,8.0,14.0,25.0,0.046875,0.0625,0.109375,0.1953125,78.125,80,90.64
layer2.0.conv2,conv,15,128,1,False,128.0,0,16.0,16.0,160000,2.8662488125138266,12.684159452113278,0.09909499571963498,17.55768419347436,0.13716940776151842,6.635280976546962,0.05183813262927314,3.9830403824112928,10,128,0.9830045342874677,128,15,19,36,70,0.1171875,0.1484375,0.28125,0.546875,1250.0,128.0,10000.0,0.20176596145060804,4.226796328349137,0.033021846315227636,5.831637318988618,0.04555966655459858,2.7264763950336923,0.02130059683620072,4.563187713075378,10.0,128.0,0.9848233395518654,128.0,5.0,7.0,12.0,27.0,0.0390625,0.0546875,0.09375,0.2109375,78.125,80,90.64
layer2.0.conv3,conv,16,512,1,False,128.0,0,16.0,16.0,160000,0.5253164133373772,11.22461058935119,0.021923067557326543,15.488971770680694,0.03025189798961073,5.759132121254439,0.011248304924325075,8.279547594393932,10,512,0.8907473922076584,310,13,17,29,62,0.025390625,0.033203125,0.056640625,0.12109375,312.5,512.0,10000.0,0.03738469963788799,4.600029527208661,0.008984432670329416,6.461641672070252,0.012620393890762211,2.817585240864732,0.00550309617356393,7.051889844787119,10.0,512.0,0.9339375499573008,319.0,6.0,8.0,14.0,31.0,0.01171875,0.015625,0.02734375,0.060546875,19.53125,80,90.64
layer2.0.downsample.0,conv,17,512,1,False,256.0,0,16.0,16.0,160000,2.3043421332081846,11.980392850256218,0.023399204785656675,17.129814092190358,0.03345666814880929,5.8246187506297264,0.011376208497323684,6.944333605707195,10,512,0.8439260891815628,377,15,20,36,72,0.029296875,0.0390625,0.0703125,0.140625,312.5,512.0,10000.0,0.35982981935240155,4.827507918409331,0.009428726403143224,7.032760641259422,0.013735860627459809,2.8290139465720814,0.0055254178643985965,6.167268277552418,10.0,512.0,0.9360295376423265,381.0,6.0,9.0,16.0,33.0,0.01171875,0.017578125,0.03125,0.064453125,19.53125,80,90.64
layer2.0,block,18,512,1,False,,0,16.0,16.0,160000,6.614449480795998,23.932993799177513,0.04674412851401858,49.131612411362255,0.0959601804909419,9.642350978940296,0.018832716755742766,1.9991820099226882,10,512,0.9679737354777496,511,58,107,280,456,0.11328125,0.208984375,0.546875,0.890625,312.5,512.0,10000.0,0.7975748908766802,6.187960164186184,0.01208585969567614,11.252200196098531,0.021976953508004944,3.177660375759823,0.006206367921405905,2.583551389646229,10.0,512.0,0.8999566815561528,511.0,11.0,18.0,55.0,214.0,0.021484375,0.03515625,0.107421875,0.41796875,19.53125,80,90.64
layer2.1.conv1,conv,19,128,1,False,128.0,0,16.0,16.0,160000,1.4773262326673047,6.638387907489581,0.05186240552726235,9.834838058282191,0.07683467233032962,3.6508166001287337,0.02852200468850573,4.4388215714225305,10,128,0.9887314630146143,128,9,12,22,45,0.0703125,0.09375,0.171875,0.3515625,1250.0,128.0,10000.0,0.29060911823160446,2.7148526633998418,0.021209786432811264,4.2899257349513515,0.033515044804307434,1.7581001780333612,0.013735157640885634,4.9703366331093175,10.0,128.0,0.9909932612853077,128.0,5.0,6.0,11.0,22.0,0.0390625,0.046875,0.0859375,0.171875,78.125,80,90.64
layer2.1.conv2,conv,20,128,1,False,128.0,0,16.0,16.0,160000,0.9992789864913905,15.530696143788813,0.1213335636233501,22.210054517539174,0.1735160509182748,8.62283394210007,0.0673658901726568,3.678281770565919,10,128,0.9720229478206188,128,19,27,48,85,0.1484375,0.2109375,0.375,0.6640625,1250.0,128.0,10000.0,0.09634281982368376,3.3133813653582833,0.02588579191686159,5.147316322957845,0.04021340877310817,2.049588381070884,0.016012409227116282,4.59524822597447,10.0,128.0,0.9770884678688666,128.0,5.0,7.0,15.0,32.0,0.0390625,0.0546875,0.1171875,0.25,78.125,80,90.64
layer2.1.conv3,conv,21,512,1,False,128.0,0,16.0,16.0,160000,0.21173232328808742,11.207366379342847,0.021889387459654,16.318971048818785,0.03187299032972419,6.090342292150357,0.011895199789356166,8.43871676302785,10,512,0.8633694111910197,314,14,19,38,79,0.02734375,0.037109375,0.07421875,0.154296875,312.5,512.0,10000.0,0.013600747749780472,3.390271985646255,0.006621624971965342,5.69639896949573,0.011125779237296348,2.0494341893007255,0.0040028011509779795,7.551911300456332,10.0,512.0,0.901842470237164,319.0,6.0,9.0,20.0,46.0,0.01171875,0.017578125,0.0390625,0.08984375,19.53125,80,90.64
layer2.1,block,22,512,1,False,,0,16.0,16.0,160000,6.696409997267469,35.19959516038622,0.06874920929762933,72.78187295619601,0.14215209561757033,13.216742574800644,0.02581395034140751,1.7967270550465715,10,512,0.9858327590385396,512,90,161,352,482,0.17578125,0.314453125,0.6875,0.94140625,312.5,512.0,10000.0,0.5611068413535298,8.222054817975046,0.01605870081635751,15.722163348624512,0.03070735029028225,3.7306108716704136,0.007286349358731277,2.3221336365646965,10.0,512.0,0.9934877119620388,512.0,15.0,28.0,95.0,316.0,0.029296875,0.0546875,0.185546875,0.6171875,19.53125,80,90.64
layer2.2.conv1,conv,23,128,1,False,128.0,0,16.0,16.0,160000,1.197532958553234,14.116419756865133,0.11028452935050885,19.439421554549295,0.15187048089491637,7.393351380918914,0.05776055766342902,3.9937430567764243,10,128,0.9840397434758695,128,17,22,38,73,0.1328125,0.171875,0.296875,0.5703125,1250.0,128.0,10000.0,0.09911474134400389,4.936721624798445,0.038568137693737854,8.422882727075333,0.06580377130527604,2.5620137255012336,0.020015732230478388,4.459936966162526,10.0,128.0,0.9826285569913762,128.0,9.0,12.0,22.0,45.0,0.0703125,0.09375,0.171875,0.3515625,78.125,80,90.64
layer2.2.conv2,conv,24,128,1,False,128.0,0,16.0,16.0,160000,0.6919476490119314,23.37541077631721,0.1826203966899782,36.10660178550567,0.282082826449263,9.29004380431082,0.07257846722117828,2.7668739204799815,10,128,0.9523256527036945,128,34,46,77,114,0.265625,0.359375,0.6015625,0.890625,1250.0,128.0,10000.0,0.03721785740052655,4.128533963050545,0.032254171586332384,7.359601734502901,0.05749688855080391,2.301685785484285,0.017981920199095978,3.7236237824303324,10.0,128.0,0.9783933161862327,128.0,8.0,12.0,25.0,58.0,0.0625,0.09375,0.1953125,0.453125,78.125,80,90.64
layer2.2.conv3,conv,25,512,1,False,128.0,0,16.0,16.0,160000,0.09569195011588086,12.093349487804895,0.023619823218368936,22.65247473500353,0.04424311471680377,4.665086158798657,0.009111496403903628,9.016225031636175,10,512,0.8286744154969248,311,23,33,63,104,0.044921875,0.064453125,0.123046875,0.203125,312.5,512.0,10000.0,0.007430422688633989,2.2735021402275404,0.004440433867631915,4.094642618282741,0.007997348863833478,1.5729254273720352,0.0030721199753360063,7.697493865530944,10.0,512.0,0.8782375729082413,319.0,5.0,9.0,24.0,61.0,0.009765625,0.017578125,0.046875,0.119140625,19.53125,80,90.64
layer2.2,block,26,512,1,False,,0,16.0,16.0,160000,6.690482555933618,43.667618556426056,0.08528831749301964,93.26527346987115,0.18215873724584208,16.00156985541444,0.03125306612385633,1.6593954744235537,10,512,0.9844834340442573,512,123,208,391,491,0.240234375,0.40625,0.763671875,0.958984375,312.5,512.0,10000.0,0.47823211305522234,9.014837527912961,0.017607104546705003,18.30575057159594,0.03575341908514832,3.8807466409368288,0.007579583283079744,2.1846707762290323,10.0,512.0,0.9943677443589091,512.0,19.0,35.0,128.0,368.0,0.037109375,0.068359375,0.25,0.71875,19.53125,80,90.64
layer2.3.conv1,conv,27,128,1,False,128.0,0,16.0,16.0,160000,1.006334115760454,10.364929277382766,0.08097600997955286,16.666648600371932,0.13020819219040572,5.299101212586195,0.04139922822332965,3.65505394618256,10,128,0.9754209235299661,128,16,23,42,80,0.125,0.1796875,0.328125,0.625,1250.0,128.0,10000.0,0.0499700906599824,6.100714007734939,0.04766182818542921,9.984686637912798,0.07800536435869374,3.195985722648761,0.024968638458193446,4.1549871092888475,10.0,128.0,0.9785533234748822,128.0,10.0,14.0,28.0,56.0,0.078125,0.109375,0.21875,0.4375,78.125,80,90.64
layer2.3.conv2,conv,28,128,1,False,128.0,0,16.0,16.0,160000,0.8421521664800904,18.220168176106153,0.14234506387582932,27.754933790975915,0.21683542024199934,8.243300228796596,0.0644007830374734,3.052656918383296,10,128,0.9671912020107388,128,25,35,64,106,0.1953125,0.2734375,0.5,0.828125,1250.0,128.0,10000.0,0.02136526239921247,3.515946786880099,0.027468334272500772,6.114928927962649,0.047772882249708194,2.0650298939629796,0.01613304604658578,3.7031039066073697,10.0,128.0,0.9684613454693098,128.0,6.0,10.0,25.0,57.0,0.046875,0.078125,0.1953125,0.4453125,78.125,80,90.64
layer2.3.conv3,conv,29,512,1,False,128.0,0,16.0,16.0,160000,0.07136654951029989,16.19948782100514,0.03163962465040066,24.446680674503426,0.047747423192389504,7.407062889636983,0.014466919706322232,9.083334191369579,10,512,0.8355828177166258,309,22,30,59,100,0.04296875,0.05859375,0.115234375,0.1953125,312.5,512.0,10000.0,0.0024060603369967736,3.7695512304426053,0.0073624047469582135,6.522901483485172,0.012740041959931976,2.308988148730812,0.004509742477989867,7.986061510887696,10.0,512.0,0.8742292494574255,318.0,7.0,12.0,27.0,65.0,0.013671875,0.0234375,0.052734375,0.126953125,19.53125,80,90.64
layer2.3,block,30,512,1,False,,0,16.0,16.0,160000,6.559971618452737,52.68577169677851,0.10290189784527053,112.87953904663779,0.22046784970046443,16.876606163388715,0.032962121412868584,1.5689205881134587,10,512,0.9836608236778177,512,150,242,413,496,0.29296875,0.47265625,0.806640625,0.96875,312.5,512.0,10000.0,0.4200593906297596,10.500023042883157,0.020507857505631166,21.441654148891093,0.041878230759552916,4.447127388202418,0.008685795680082847,2.1054195491793832,10.0,512.0,0.9947638180694999,512.0,23.0,43.0,157.0,398.0,0.044921875,0.083984375,0.306640625,0.77734375,19.53125,80,90.64
layer3.0.conv1,conv,31,256,1,False,256.0,0,16.0,16.0,160000,2.8027930220564867,19.763685929749823,0.07720189816308524,29.18677991987401,0.11401085906200785,9.16860989082042,0.035814882386017266,3.6935459057294433,10,256,0.9799282210707171,256,26,34,60,128,0.1015625,0.1328125,0.234375,0.5,625.0,256.0,10000.0,0.22358911841982868,8.340388349812857,0.03257964199145647,13.416260460499323,0.05240726742382548,3.855569056755587,0.015060816627951511,4.226263480930013,10.0,256.0,0.9893752234053315,256.0,12.0,17.0,33.0,66.0,0.046875,0.06640625,0.12890625,0.2578125,39.0625,80,90.64
layer3.0.conv2,conv,32,256,1,False,256.0,0,8.0,8.0,160000,4.765481558608191,25.743493603190974,0.10056052188746474,41.932499335565225,0.16379882552955166,11.168623203328288,0.043627434388001124,2.7533111256974627,10,256,0.9714261477374426,256,39,57,115,205,0.15234375,0.22265625,0.44921875,0.80078125,625.0,256.0,10000.0,0.5317708045159508,9.46941815919036,0.03698991468433734,14.660478410222195,0.05726749378993045,4.914631816541659,0.019197780533365856,3.267701382153358,10.0,256.0,0.9922735620604213,256.0,13.0,18.0,39.0,108.0,0.05078125,0.0703125,0.15234375,0.421875,39.0625,80,90.64
layer3.0.conv3,conv,33,1024,1,False,256.0,0,8.0,8.0,160000,1.1329796424560765,23.25979025889411,0.02271463892470128,33.729469434395384,0.03293893499452674,11.496650028857015,0.011227197293805679,7.473546107446433,10,1024,0.8375128491238866,615,29,39,79,174,0.0283203125,0.0380859375,0.0771484375,0.169921875,156.25,1024.0,10000.0,0.13189165364678115,10.080700597029892,0.009844434176787004,15.50523760417289,0.015141833597825088,5.02586419178976,0.004908070499794688,6.958389758397519,10.0,1024.0,0.8743684543720331,633.0,14.0,19.0,37.0,99.0,0.013671875,0.0185546875,0.0361328125,0.0966796875,9.765625,80,90.64
layer3.0.downsample.0,conv,34,1024,1,False,512.0,0,8.0,8.0,160000,3.104149975383519,18.988704564902147,0.018543656801662253,31.009960695489873,0.03028316474168933,7.8522610612876305,0.007668223692663702,5.994093940912343,10,1024,0.7572958498362568,754,29,40,83,210,0.0283203125,0.0390625,0.0810546875,0.205078125,156.25,1024.0,10000.0,0.3248536062303725,8.075009479826463,0.00788575144514303,13.358418280464786,0.013045330352016393,3.928505657351419,0.003836431306007245,5.778756463285607,10.0,1024.0,0.8111774238538934,765.0,12.0,19.0,44.0,113.0,0.01171875,0.0185546875,0.04296875,0.1103515625,9.765625,80,90.64
layer3.0,block,35,1024,1,False,,0,8.0,8.0,160000,10.010410272072315,37.32483894613363,0.036450038033333625,88.21831734267536,0.08615070052995641,12.505001409389667,0.012211915438857097,1.8505851900252341,10,1024,0.5169783115313008,1021,125,251,639,937,0.1220703125,0.2451171875,0.6240234375,0.9150390625,156.25,1024.0,10000.0,1.0327059374305796,11.415529630214808,0.011147978154506648,23.97663087264848,0.023414678586570783,4.904222579286654,0.004789279862584623,2.178544923498761,10.0,1024.0,0.5192553593003741,1020.0,25.0,51.0,232.0,724.0,0.0244140625,0.0498046875,0.2265625,0.70703125,9.765625,80,90.64
layer3.1.conv1,conv,36,256,1,False,256.0,0,8.0,8.0,160000,2.4517613914109075,11.797831993816123,0.04608528122584423,18.092902961046512,0.07067540219158794,5.654778382507884,0.022088978056671423,3.8640487623328896,10,256,0.9933301613806186,256,17,23,39,84,0.06640625,0.08984375,0.15234375,0.328125,625.0,256.0,10000.0,0.3512187496193295,6.71006647987815,0.026211197187024023,10.368864578361599,0.040503377259224996,3.559161179502013,0.013902973357429738,4.217131482873017,10.0,256.0,0.9960469150603045,256.0,10.0,13.0,25.0,50.0,0.0390625,0.05078125,0.09765625,0.1953125,39.0625,80,90.64
layer3.1.conv2,conv,37,256,1,False,256.0,0,8.0,8.0,160000,1.8541464402598207,28.446271185559805,0.11111824681859299,43.71716031225087,0.17077015746972996,14.248516719086965,0.055658268433933455,2.930000408735014,10,256,0.9616587666512083,256,39,57,111,195,0.15234375,0.22265625,0.43359375,0.76171875,625.0,256.0,10000.0,0.1951048566133276,8.010968345304054,0.03129284509884396,12.349465326231572,0.04824009893059208,4.378330598972168,0.01710285390223503,3.7378833241574014,10.0,256.0,0.979566782418065,256.0,11.0,16.0,37.0,86.0,0.04296875,0.0625,0.14453125,0.3359375,39.0625,80,90.64
layer3.1.conv3,conv,38,1024,1,False,256.0,0,8.0,8.0,160000,0.2892451102601131,20.01516734710889,0.019546061862411025,33.534639589013345,0.032748671473645845,8.131701858012942,0.007941115095715764,7.56887907728927,10,1024,0.8157162090814225,620,31,48,107,199,0.0302734375,0.046875,0.1044921875,0.1943359375,156.25,1024.0,10000.0,0.02057671660684269,8.136331936665966,0.007945636656900358,15.588406455609704,0.015223053179306351,3.7144633532623295,0.0036274056184202436,7.308711003407612,10.0,1024.0,0.8434351531814281,634.0,17.0,28.0,64.0,151.0,0.0166015625,0.02734375,0.0625,0.1474609375,9.765625,80,90.64
layer3.1,block,39,1024,1,False,,0,8.0,8.0,160000,10.027752030443274,56.34867132382394,0.05502799933967182,136.2513105985989,0.13305792050644424,18.474829665939843,0.01804182584564438,1.563070904618522,10,1024,0.985492105848145,1024,210,383,768,979,0.205078125,0.3740234375,0.75,0.9560546875,156.25,1024.0,10000.0,0.8257966037696469,13.871141143185124,0.013546036272641723,33.007880483447266,0.03223425828461647,5.466523959447567,0.005338402304148015,1.8451149583601172,10.0,1024.0,0.9903390219276352,1024.0,42.0,94.0,393.0,856.0,0.041015625,0.091796875,0.3837890625,0.8359375,9.765625,80,90.64
layer3.2.conv1,conv,40,256,1,False,256.0,0,8.0,8.0,160000,2.0962529502228526,17.966099454390545,0.07018007599371306,26.708615902778998,0.10433053087023046,8.801560075605096,0.034381094045332405,3.3718139600518757,10,256,0.990120434994467,256,24,32,61,139,0.09375,0.125,0.23828125,0.54296875,625.0,256.0,10000.0,0.16703329288850222,10.382841820240433,0.04055797586031419,16.004606719900252,0.06251799499961036,5.781390347294606,0.022583556044119556,3.6583444867558716,10.0,256.0,0.9923467689950412,256.0,15.0,22.0,41.0,92.0,0.05859375,0.0859375,0.16015625,0.359375,39.0625,80,90.64
layer3.2.conv2,conv,41,256,1,False,256.0,0,8.0,8.0,160000,1.2131595834473654,33.69217828491445,0.13161007142544706,53.50832638182392,0.2090168999289997,13.539767729677191,0.05288971769405153,2.5543241482823307,10,256,0.9641605769976173,256,50,73,138,221,0.1953125,0.28515625,0.5390625,0.86328125,625.0,256.0,10000.0,0.06554485588139793,9.053818058790343,0.03536647679214978,15.859221818250836,0.06195008522754233,4.325146062434911,0.01689510180638637,3.1986326189881136,10.0,256.0,0.9755395870615046,256.0,16.0,26.0,58.0,134.0,0.0625,0.1015625,0.2265625,0.5234375,39.0625,80,90.64
layer3.2.conv3,conv,42,1024,1,False,256.0,0,8.0,8.0,160000,0.1933971401637916,22.921972494481054,0.022384738764141654,39.0762615791569,0.03816041169839541,9.055552698548876,0.008843313182176637,7.713101868018129,10,1024,0.8029426528856948,620,37,58,126,213,0.0361328125,0.056640625,0.123046875,0.2080078125,156.25,1024.0,10000.0,0.00837718380339235,8.311815821702819,0.008117007638381659,17.912849759778428,0.01749301734353362,3.505320765074956,0.0034231648096435118,7.495063224406952,10.0,1024.0,0.8239672709051039,636.0,21.0,34.0,83.0,181.0,0.0205078125,0.033203125,0.0810546875,0.1767578125,9.765625,80,90.64
layer3.2,block,43,1024,1,False,,0,8.0,8.0,160000,9.700183909619938,76.73401118081479,0.07493555779376444,185.90270556979507,0.181545610908003,23.7789547888839,0.023221635536019435,1.434135049385742,10,1024,0.987323390210772,1024,294,490,838,995,0.287109375,0.478515625,0.818359375,0.9716796875,156.25,1024.0,10000.0,0.6750182184937178,16.470984223947653,0.01608494553119888,42.70912804595656,0.041708132857379454,6.127131995436165,0.00598352733929313,1.7161861083787255,10.0,1024.0,0.9914708370057642,1024.0,62.0,147.0,521.0,915.0,0.060546875,0.1435546875,0.5087890625,0.8935546875,9.765625,80,90.64
layer3.3.conv1,conv,44,256,1,False,256.0,0,8.0,8.0,160000,1.9161050105095097,24.07897164165378,0.09405848297521008,35.62703371517411,0.13916810044989886,11.38163607797366,0.04445951592958461,3.1009150561511647,10,256,0.9851716977901995,256,31,42,83,176,0.12109375,0.1640625,0.32421875,0.6875,625.0,256.0,10000.0,0.12697397962403822,12.754558798180343,0.04982249530539196,20.450444014207374,0.07988454693049755,6.39904405883235,0.024996265854813866,3.3615411821350056,10.0,256.0,0.9884163916662656,256.0,19.0,29.0,55.0,127.0,0.07421875,0.11328125,0.21484375,0.49609375,39.0625,80,90.64
layer3.3.conv2,conv,45,256,1,False,256.0,0,8.0,8.0,160000,0.9692006218588974,34.47886694016378,0.13468307398501478,59.16173279205811,0.231100518718977,10.915970416684639,0.04264050944017437,2.376493250044352,10,256,0.9361359088413578,256,57,84,157,231,0.22265625,0.328125,0.61328125,0.90234375,625.0,256.0,10000.0,0.049615586643529996,11.050043268561012,0.043164231517816454,19.58277526431478,0.07649521587622961,4.9564322778136995,0.019361063585209764,3.0351400182398334,10.0,256.0,0.9624986850836966,256.0,20.0,31.0,71.0,158.0,0.078125,0.12109375,0.27734375,0.6171875,39.0625,80,90.64
layer3.3.conv3,conv,46,1024,1,False,256.0,0,8.0,8.0,160000,0.12000151523894435,22.41990321127501,0.02189443672976075,40.941587920083975,0.03998201945320701,7.628260200957459,0.007449472852497518,7.813022076695225,10,1024,0.7978448544416006,620,41,63,136,218,0.0400390625,0.0615234375,0.1328125,0.212890625,156.25,1024.0,10000.0,0.004869624344224546,12.182554433209312,0.011897025813680968,23.7609614274493,0.023204063893993456,4.969750253471613,0.004853271731905872,7.69911472097367,10.0,1024.0,0.8172577748854752,635.0,25.0,40.0,97.0,192.0,0.0244140625,0.0390625,0.0947265625,0.1875,9.765625,80,90.64
layer3.3,block,47,1024,1,False,,0,8.0,8.0,160000,8.875983878579714,96.58148770420773,0.09431785908614036,233.06156585095275,0.22759918540132104,27.53624354834191,0.026890862840177648,1.3383747617669581,10,1024,0.9883943130090322,1024,365,567,878,1004,0.3564453125,0.5537109375,0.857421875,0.98046875,156.25,1024.0,10000.0,0.5643793947530764,18.778118966346362,0.01833800680307262,52.30192948582376,0.05107610301349977,6.6598390674757,0.006503749089331739,1.6310709348087697,10.0,1024.0,0.992314870601379,1024.0,86.0,200.0,608.0,945.0,0.083984375,0.1953125,0.59375,0.9228515625,9.765625,80,90.64
layer3.4.conv1,conv,48,256,1,False,256.0,0,8.0,8.0,160000,1.6320222324035742,26.788803184863575,0.10464376244087334,41.14190199685331,0.16071055467520826,11.199134366215546,0.043746618618029476,2.9055128816390536,10,256,0.9806395187754211,256,37,50,100,197,0.14453125,0.1953125,0.390625,0.76953125,625.0,256.0,10000.0,0.10577782042635629,12.902650668707228,0.05040097917463761,22.426346926947787,0.08760291768338979,5.728213910009919,0.022375835585976247,3.188639685650319,10.0,256.0,0.9867348234501938,256.0,23.0,33.0,65.0,149.0,0.08984375,0.12890625,0.25390625,0.58203125,39.0625,80,90.64
layer3.4.conv2,conv,49,256,1,False,256.0,0,8.0,8.0,160000,0.8795207804596421,32.58633065256869,0.12729035411159645,58.07042929868135,0.226837614447974,10.625786361964131,0.04150697797642239,2.366539074023749,10,256,0.9204444016207181,256,59,85,157,231,0.23046875,0.33203125,0.61328125,0.90234375,625.0,256.0,10000.0,0.04648527201852095,10.039537791064417,0.03921694449634538,20.00487442466903,0.0781440407213634,4.069667466311904,0.015897138540280874,3.1049399369715065,10.0,256.0,0.9536951319636976,256.0,22.0,33.0,73.0,158.0,0.0859375,0.12890625,0.28515625,0.6171875,39.0625,80,90.64
layer3.4.conv3,conv,50,1024,1,False,256.0,0,8.0,8.0,160000,0.11315291625404819,20.531065439059326,0.020049868592831373,37.82523662766666,0.036938707644205725,6.956074967205126,0.006793041960161256,7.761549762324582,10,1024,0.8104235067847345,619,37,56,121,207,0.0361328125,0.0546875,0.1181640625,0.2021484375,156.25,1024.0,10000.0,0.006070753565732039,7.621607252118739,0.007442975832147206,17.61823948955916,0.017205312001522616,3.2017808029179036,0.003126739065349515,7.5227060945212205,10.0,1024.0,0.8352810640522796,633.0,22.0,33.0,76.0,171.0,0.021484375,0.0322265625,0.07421875,0.1669921875,9.765625,80,90.64
layer3.4,block,51,1024,1,False,,0,8.0,8.0,160000,7.951817426074745,116.57236938272685,0.11384020447531919,276.5406583287189,0.27005923664913956,31.42210212411415,0.030685646605580225,1.2749499933879016,10,1024,0.9862790896572246,1024,419,618,900,1008,0.4091796875,0.603515625,0.87890625,0.984375,156.25,1024.0,10000.0,0.48561525120941973,20.992832527990434,0.020500813015615658,61.662578760065536,0.0602173620703765,7.067546426341191,0.006901900806973819,1.5844053492102441,10.0,1024.0,0.9917905609271712,1024.0,109.0,245.0,660.0,959.0,0.1064453125,0.2392578125,0.64453125,0.9365234375,9.765625,80,90.64
layer3.5.conv1,conv,52,256,1,False,256.0,0,8.0,8.0,160000,1.4385812522743051,29.506704298078372,0.11526056366436864,45.13884288155498,0.17632360500607414,12.982707334686065,0.05071370052611744,2.7981658468932338,10,256,0.9770275749186772,256,40,56,112,206,0.15625,0.21875,0.4375,0.8046875,625.0,256.0,10000.0,0.09410873809026858,14.858139441290405,0.05803960719254064,25.65895978578209,0.1002303116632113,6.216320266926976,0.0242825010426835,3.127148028937668,10.0,256.0,0.985045851647757,256.0,26.0,36.0,72.0,161.0,0.1015625,0.140625,0.28125,0.62890625,39.0625,80,90.64
layer3.5.conv2,conv,53,256,1,False,256.0,0,8.0,8.0,160000,1.025494886855611,28.071706381999178,0.10965510305468429,51.65735625321451,0.20178654786411918,9.024595458461754,0.035252326009616225,2.4055595623534227,10,256,0.9590310032410541,256,53,78,148,227,0.20703125,0.3046875,0.578125,0.88671875,625.0,256.0,10000.0,0.05896893071426579,11.865251983051953,0.04634864055879669,21.70929087525166,0.0848019174814518,4.80542770664753,0.018771201979091913,3.2207044193889653,10.0,256.0,0.9791943767875877,256.0,22.0,32.0,67.0,149.0,0.0859375,0.125,0.26171875,0.58203125,39.0625,80,90.64
layer3.5.conv3,conv,54,1024,1,False,256.0,0,8.0,8.0,160000,0.12209986905408972,11.836931246127952,0.011559503170046828,23.71363143957682,0.023157843202711737,4.413430132497837,0.004309990363767419,7.4148724530010695,10,1024,0.8333702399129628,622,25,37,86,179,0.0244140625,0.0361328125,0.083984375,0.1748046875,156.25,1024.0,10000.0,0.009379363051686584,5.4625943123850735,0.005334564758188548,12.144036740619338,0.011859410879511072,2.550899785013168,0.002491113071301922,7.132792342983926,10.0,1024.0,0.8628080892157894,635.0,15.0,21.0,46.0,125.0,0.0146484375,0.0205078125,0.044921875,0.1220703125,9.765625,80,90.64
layer3.5,block,55,1024,1,False,,0,8.0,8.0,160000,7.481830328448372,123.34560152931988,0.12045468899347644,294.4776651618854,0.2875758448846537,29.926942421770804,0.02922552970876055,1.2465197542979147,10,1024,0.9834919407925541,1024,442,637,906,1008,0.431640625,0.6220703125,0.884765625,0.984375,156.25,1024.0,10000.0,0.47421920201174256,24.61297375479582,0.024036107182417794,67.78425228583427,0.06619555887288503,8.470418094334558,0.008271892670248592,1.5795618129738895,10.0,1024.0,0.9908493535979189,1024.0,115.0,257.0,672.0,961.0,0.1123046875,0.2509765625,0.65625,0.9384765625,9.765625,80,90.64
layer4.0.conv1,conv,56,512,1,False,512.0,0,8.0,8.0,160000,1.9225325712689243,23.154663760039888,0.045223952656327907,39.4196165267485,0.07699143852880566,8.424559148110196,0.016454217086152727,2.9520599346191276,10,512,0.9772792290942773,512,36,52,122,298,0.0703125,0.1015625,0.23828125,0.58203125,312.5,512.0,10000.0,0.19835308565440918,13.09124883453047,0.025568845379942324,21.160331623345677,0.041328772701847025,6.251486360707408,0.012209934298256656,3.2782489245535817,10.0,512.0,0.9869125195880462,512.0,20.0,28.0,57.0,166.0,0.0390625,0.0546875,0.111328125,0.32421875,19.53125,80,90.64
layer4.0.conv2,conv,57,512,1,False,512.0,0,4.0,4.0,160000,2.2496459223437144,18.300501688751027,0.03574316736084185,31.541327797849455,0.061604155855174716,7.081157437382087,0.013830385619886889,2.9409330315366184,10,512,0.9777675488139141,512,29,44,114,277,0.056640625,0.0859375,0.22265625,0.541015625,312.5,512.0,10000.0,0.456443389724311,10.237183478183123,0.019994498980826413,16.00651529897058,0.031262725193301914,5.03349982017608,0.009831054336281406,3.1570907809185327,10.0,512.0,0.9857874657119566,512.0,15.0,20.0,41.0,144.0,0.029296875,0.0390625,0.080078125,0.28125,19.53125,80,90.64
layer4.0.conv3,conv,58,2048,1,False,512.0,0,4.0,4.0,160000,0.4334559567736872,12.655784871384693,0.006179582456730807,17.11291889452816,0.008355917428968828,6.765276659708843,0.0033033577439984586,5.305247465183207,10,2048,0.9547366057099455,1258,15,19,29,59,0.00732421875,0.00927734375,0.01416015625,0.02880859375,78.125,2048.0,10000.0,0.13738701631953867,7.989932560559816,0.0039013342580858476,11.003556537776873,0.005372830340711364,4.570897620043801,0.002231883603537012,4.7068698701208165,10.0,2048.0,0.9787931572119869,1267.0,9.0,12.0,21.0,34.0,0.00439453125,0.005859375,0.01025390625,0.0166015625,4.8828125,80,90.64
layer4.0.downsample.0,conv,59,2048,1,False,1024.0,0,4.0,4.0,160000,0.6675098665035075,17.08652090836937,0.008343027787289731,26.332979329514117,0.012857900063239315,8.031893360761542,0.0039218229300593465,5.247525614989582,10,2048,0.7434368255567948,1514,22,31,79,291,0.0107421875,0.01513671875,0.03857421875,0.14208984375,78.125,2048.0,10000.0,0.11826837222925482,8.671045080490893,0.004233908730708444,14.41244992029482,0.007037329062643955,4.106194116255191,0.00200497759582773,4.989634571307422,10.0,2048.0,0.7850986481907618,1530.0,14.0,20.0,43.0,166.0,0.0068359375,0.009765625,0.02099609375,0.0810546875,4.8828125,80,90.64
layer4.0,block,60,2048,1,False,,0,4.0,4.0,160000,24.437719208074384,15.508839361058952,0.007572675469267066,27.32079013053738,0.013340229555926454,7.243704699025331,0.0035369651850709624,1.8324742967973735,10,2048,0.9919829900031888,2048,23,40,248,1304,0.01123046875,0.01953125,0.12109375,0.63671875,78.125,2048.0,10000.0,6.804523605521369,8.328229001783937,0.004066518067277313,13.44588100478814,0.006565371584369209,4.276168996410387,0.0020879731427785094,2.007359072446035,10.0,2048.0,0.989518981336421,2048.0,11.0,18.0,57.0,537.0,0.00537109375,0.0087890625,0.02783203125,0.26220703125,4.8828125,80,90.64
layer4.1.conv1,conv,61,512,1,False,512.0,0,4.0,4.0,160000,3.4701409942291317,14.16163324833427,0.027659439938152872,18.31264194562839,0.03576687880005545,6.566121978660459,0.01282445698957121,4.7808976431445505,10,512,0.9918438521031265,512,16,19,25,34,0.03125,0.037109375,0.048828125,0.06640625,312.5,512.0,10000.0,0.7641615125372633,10.865884337396391,0.021222430346477326,14.47455688087926,0.028270618907967306,5.407735587802763,0.01056198356992727,5.002190437324467,10.0,512.0,0.9869831724757807,507.0,13.0,16.0,22.0,29.0,0.025390625,0.03125,0.04296875,0.056640625,19.53125,80,90.64
layer4.1.conv2,conv,62,512,1,False,512.0,0,4.0,4.0,160000,0.4708538982814776,19.35983784270514,0.03781218328653348,32.62264812249748,0.06371610961425289,8.028544900009047,0.01568075175783017,4.140837906723004,10,512,0.9606971838683127,512,31,45,88,166,0.060546875,0.087890625,0.171875,0.32421875,312.5,512.0,10000.0,0.06808849064099183,10.71067671632374,0.020919290461569803,16.00904913715403,0.031267674096003964,5.4936223490672225,0.010729731150521919,4.3167841987429485,10.0,512.0,0.9858792832138519,512.0,15.0,20.0,37.0,82.0,0.029296875,0.0390625,0.072265625,0.16015625,19.53125,80,90.64
layer4.1.conv3,conv,63,2048,1,False,512.0,0,4.0,4.0,160000,0.04988151395575229,10.720195967287887,0.005234470687152289,14.126777885163543,0.006897840764240011,6.209371445488734,0.003031919651117546,5.297132928498537,10,2048,0.9591789899771722,1259,11,15,27,63,0.00537109375,0.00732421875,0.01318359375,0.03076171875,78.125,2048.0,10000.0,0.019210262789916208,7.651612092554984,0.0037361387170678634,9.420728218541223,0.0045999649504595815,4.88083778921233,0.002383221576763833,4.552463855191348,10.0,2048.0,0.9806853800341603,1266.0,8.0,9.0,14.0,30.0,0.00390625,0.00439453125,0.0068359375,0.0146484375,4.8828125,80,90.64
layer4.1,block,64,2048,1,False,,0,4.0,4.0,160000,32.19269148280211,15.214591260232506,0.007428999638785403,26.394347912258414,0.012887865191532429,7.520265960426766,0.0036720048634896318,1.8417826391144239,10,2048,0.9928278915840008,2048,22,39,234,1279,0.0107421875,0.01904296875,0.1142578125,0.62451171875,78.125,2048.0,10000.0,10.820986259650589,8.478246440888395,0.0041397687699650364,12.618155032366987,0.006161208511897943,4.4841495842928465,0.0021895261642054915,2.0240090021467823,10.0,2048.0,0.9907884801524155,2048.0,10.0,15.0,48.0,440.0,0.0048828125,0.00732421875,0.0234375,0.21484375,4.8828125,80,90.64
layer4.2.conv1,conv,65,512,1,False,512.0,0,4.0,4.0,160000,9.839820814877589,10.655379596072006,0.020811288273578137,13.655318488392107,0.026670543922640833,5.8320105924467205,0.011390645688372501,4.918008288205331,10,512,0.9915378217120361,512,11,15,21,30,0.021484375,0.029296875,0.041015625,0.05859375,312.5,512.0,10000.0,3.115734328061278,8.038959113642791,0.015701092018833577,10.195522814962054,0.01991313049797276,4.380633103548363,0.008555924030367897,5.059811676733038,10.0,512.0,0.9882711946269085,460.0,9.0,10.0,16.0,25.0,0.017578125,0.01953125,0.03125,0.048828125,19.53125,80,90.64
layer4.2.conv2,conv,66,512,1,False,512.0,0,4.0,4.0,160000,0.8728756966272103,15.677567222428236,0.030620248481305148,25.358952650552006,0.049529204395609386,6.888459493799168,0.0134540224488265,4.322487753666642,10,512,0.9763601052366011,512,24,32,59,125,0.046875,0.0625,0.115234375,0.244140625,312.5,512.0,10000.0,0.24244775957708106,8.174224383790403,0.01596528199959063,10.396834472482984,0.02030631732906833,4.907725958488591,0.009585402262673029,4.501292259365098,10.0,512.0,0.9836585098542666,512.0,9.0,10.0,18.0,49.0,0.017578125,0.01953125,0.03515625,0.095703125,19.53125,80,90.64
layer4.2.conv3,conv,67,2048,1,False,512.0,0,4.0,4.0,160000,0.1660707253080837,7.938916484084714,0.0038764240644944895,9.49941619211032,0.0046383868125538675,4.920042525221923,0.0024023645142685172,4.42150129226868,10,2048,0.9832680157272201,1251,8,9,14,37,0.00390625,0.00439453125,0.0068359375,0.01806640625,78.125,2048.0,10000.0,0.12311730000566252,7.234997474723205,0.0035327136107046898,8.245517279928489,0.004026131484340082,4.504752423801311,0.002199586144434234,3.494514342358838,10.0,2048.0,0.969175851811554,1222.0,8.0,9.0,9.0,13.0,0.00390625,0.00439453125,0.00439453125,0.00634765625,4.8828125,80,90.64
layer4.2,block,68,2048,1,False,,0,4.0,4.0,160000,60.006814240693366,12.243610582503289,0.005978325479737934,20.131392078911315,0.009829781288530915,6.437745974570338,0.0031434306516456728,1.8439420469458956,10,2048,0.9933492954461606,2048,17,30,161,1122,0.00830078125,0.0146484375,0.07861328125,0.5478515625,78.125,2048.0,10000.0,31.634248635772465,8.021447921709974,0.003916722618022448,10.906256410416072,0.0053253205128984725,4.4151330847261505,0.0021558267015264407,2.101420177802034,10.0,2048.0,0.9922967052698365,2048.0,9.0,10.0,36.0,243.0,0.00439453125,0.0048828125,0.017578125,0.11865234375,4.8828125,80,90.64
fc,linear,69,10,1,False,,0,,,10000,168.3164067450631,5.033348564462478,0.5033348564462478,6.5483527726012,0.65483527726012,2.7867525498907915,0.27867525498907914,,10,10,,10,7,8,9,9,0.7,0.8,0.9,0.9,1000.0,,,,,,,,,,,,,,,,,,,,,,,,80,90.64
conv1,conv,0,64,1,False,27.0,0,32.0,32.0,160000,11.071929850040217,4.148660380064678,0.0648228184385106,5.232953781737054,0.08176490283964147,2.6120185062090173,0.040812789159515896,12.439019964314676,10,64,0.9823241905647471,45,5,6,8,9,0.078125,0.09375,0.125,0.140625,2500.0,64.0,10000.0,2.34814478197304,2.327799984958752,0.0363718747649805,2.630355569383987,0.041099305771624794,1.7848222394867106,0.027887847491979853,8.244239200033803,10.0,64.0,0.7997586718194567,41.0,3.0,3.0,3.0,5.0,0.046875,0.046875,0.046875,0.078125,156.25,90,94.33
layer1.0.conv1,conv,1,64,1,False,64.0,0,32.0,32.0,160000,0.10918834438458774,6.5037223211680075,0.10162066126825012,8.18249923060554,0.12785155047821156,3.5926732838957114,0.05613552006087049,9.595597389512244,10,64,0.9481458913444154,61,7,9,11,14,0.109375,0.140625,0.171875,0.21875,2500.0,64.0,10000.0,0.011996977724527548,3.1850442611912375,0.049766316581113086,4.0748794416133,0.06366999127520781,2.1425589899443485,0.033477484217880445,9.947949629142796,10.0,64.0,0.9616945170047799,61.0,4.0,4.0,9.0,14.0,0.0625,0.0625,0.140625,0.21875,156.25,90,94.33
layer1.0.conv2,conv,2,64,1,False,64.0,0,32.0,32.0,160000,0.3218347674640933,10.031612835983461,0.15674395056224158,13.160463738658027,0.20563224591653168,5.701722670496829,0.08908941672651295,4.887679132571308,10,64,0.9800514967826952,64,11,14,23,38,0.171875,0.21875,0.359375,0.59375,2500.0,64.0,10000.0,0.011794034778751876,2.8689410430278377,0.044827203797309964,4.2937088041215254,0.06708920006439884,1.9175590017055428,0.029961859401649107,5.806784623385436,10.0,64.0,0.9805755008788414,64.0,4.0,6.0,12.0,21.0,0.0625,0.09375,0.1875,0.328125,156.25,90,94.33
layer1.0.conv3,conv,3,256,1,False,64.0,0,32.0,32.0,160000,0.10735638659531666,6.693887913634884,0.026147999662636267,8.732682424381876,0.0341120407202417,4.195633711352434,0.016389194184970445,10.308035898579364,10,256,0.8995511541736327,150,8,9,14,29,0.03125,0.03515625,0.0546875,0.11328125,625.0,256.0,10000.0,0.0014116841673282579,5.371447343194877,0.020982216184354988,7.553751913524859,0.029506843412206482,3.203627303049099,0.012514169152535544,10.271419607809591,10.0,256.0,0.9198444963071892,149.0,7.0,9.0,15.0,26.0,0.02734375,0.03515625,0.05859375,0.1015625,39.0625,90,94.33
layer1.0.downsample.0,conv,4,256,1,False,64.0,0,32.0,32.0,160000,0.41590793406313303,6.218811451554583,0.02429223223263509,7.554771832485396,0.029510827470646078,4.157008432900286,0.01623831419101674,8.599174799969074,10,256,0.9628203005706644,146,7,8,10,14,0.02734375,0.03125,0.0390625,0.0546875,625.0,256.0,10000.0,0.07729894954824844,2.7882716835624652,0.01089168626391588,3.47135287546909,0.013559972169801133,1.948387069462976,0.00761088699008975,8.178217935037095,10.0,256.0,0.9661467784355731,143.0,3.0,4.0,6.0,12.0,0.01171875,0.015625,0.0234375,0.046875,39.0625,90,94.33
layer1.0,block,5,256,1,False,,0,32.0,32.0,160000,1.7196145202579876,14.980769385558673,0.05851863041233857,26.474321615383598,0.10341531881009218,6.546622321067745,0.02557274344167088,5.808695922524293,10,256,0.2410721667531326,227,27,43,98,175,0.10546875,0.16796875,0.3828125,0.68359375,625.0,256.0,10000.0,0.17544196189413852,4.690718050275335,0.01832311738388803,7.98313107272725,0.03118410575284082,2.5459606458047834,0.009945158772674935,6.913858965211907,10.0,256.0,0.2671252371782262,227.0,8.0,12.0,28.0,79.0,0.03125,0.046875,0.109375,0.30859375,39.0625,90,94.33
layer1.1.conv1,conv,6,64,1,False,64.0,0,32.0,32.0,160000,0.30449786562130554,4.031697416850964,0.06299527213829631,6.1696673937419275,0.09640105302721762,2.3317223331713692,0.036433161455802644,5.2315195524824665,10,64,0.9445117359886808,64,6,8,15,29,0.09375,0.125,0.234375,0.453125,2500.0,64.0,10000.0,0.00916879892204203,4.827800130042744,0.07543437703191788,6.841643826182994,0.10690068478410929,2.8561579653768248,0.04462746820901289,6.144247205783532,10.0,64.0,0.9699380842104443,64.0,6.0,8.0,14.0,24.0,0.09375,0.125,0.21875,0.375,156.25,90,94.33
layer1.1.conv2,conv,7,64,1,False,64.0,0,32.0,32.0,160000,0.3021067888675522,10.13875163564681,0.15841799430698142,13.409930587553209,0.2095301654305189,6.41415094480883,0.10022110851263796,4.150876372925482,10,64,0.9792681457437541,64,11,15,25,45,0.171875,0.234375,0.390625,0.703125,2500.0,64.0,10000.0,0.0056738102684641455,2.933465762699444,0.04583540254217881,4.139316655135495,0.06467682273649211,2.044494273010417,0.03194522301578777,4.98320243836067,10.0,64.0,0.976198238588045,64.0,4.0,5.0,11.0,23.0,0.0625,0.078125,0.171875,0.359375,156.25,90,94.33
layer1.1.conv3,conv,8,256,1,False,64.0,0,32.0,32.0,160000,0.06236372345473728,7.917175671129725,0.03092646746535049,10.776064392274451,0.042094001532322074,4.346390560968549,0.016978088128783396,10.426259061638198,10,256,0.8949413436471186,156,9,12,21,37,0.03515625,0.046875,0.08203125,0.14453125,625.0,256.0,10000.0,0.0010023630728960612,3.037467614490802,0.011865107869104696,4.325747333814537,0.016897450522713034,2.3100301855585625,0.009023555412338135,9.485239183077672,10.0,256.0,0.927306417028296,159.0,4.0,6.0,13.0,25.0,0.015625,0.0234375,0.05078125,0.09765625,39.0625,90,94.33
layer1.1,block,9,256,1,False,,0,32.0,32.0,160000,2.2409306978892194,19.553850406568124,0.07638222815065673,35.9637757508585,0.14048349902679103,8.236042559050139,0.032172041246289605,2.5879795280156483,10,256,0.39966410140377706,252,38,61,136,219,0.1484375,0.23828125,0.53125,0.85546875,625.0,256.0,10000.0,0.1828036211796059,5.180817242084278,0.02023756735189171,9.024301971687283,0.03525117957690345,2.692818511585944,0.010518822310882595,3.558273662922364,10.0,256.0,0.41974714452830253,252.0,9.0,14.0,33.0,99.0,0.03515625,0.0546875,0.12890625,0.38671875,39.0625,90,94.33
layer1.2.conv1,conv,10,64,1,False,64.0,0,32.0,32.0,160000,0.3736044572565022,4.5018876981033955,0.07034199528286555,6.518897391034544,0.10185777173491475,2.651271929813144,0.04142612390333038,4.572952970834764,10,64,0.945024032332478,64,6,8,16,32,0.09375,0.125,0.25,0.5,2500.0,64.0,10000.0,0.006075256441240966,3.725848704845772,0.05821638601321519,6.141718943193951,0.09596435848740549,2.157492780479416,0.03371082469499088,5.494628724297173,10.0,64.0,0.9674542310762215,64.0,7.0,9.0,16.0,27.0,0.109375,0.140625,0.25,0.421875,156.25,90,94.33
layer1.2.conv2,conv,11,64,1,False,64.0,0,32.0,32.0,160000,0.7219895361819273,8.418406756589498,0.1315376055717109,11.003535907171273,0.17193024854955113,4.956271156145731,0.07744173681477705,4.246063579224565,10,64,0.9851818641231491,64,9,12,20,39,0.140625,0.1875,0.3125,0.609375,2500.0,64.0,10000.0,0.0015916645462810074,2.5701015368396627,0.04015783651311973,4.4342629441622305,0.06928535850253485,1.6698413221446158,0.02609127065850962,4.988774448939923,10.0,64.0,0.9687669451146248,64.0,5.0,7.0,14.0,27.0,0.078125,0.109375,0.21875,0.421875,156.25,90,94.33
layer1.2.conv3,conv,12,256,1,False,64.0,0,32.0,32.0,160000,0.07637777151812028,8.113876519967361,0.031694830156122504,12.473770807037582,0.04872566721499055,3.739794234066921,0.01460857122682391,11.092534858504447,10,256,0.9052607105763664,155,12,16,24,38,0.046875,0.0625,0.09375,0.1484375,625.0,256.0,10000.0,0.005332122317633719,1.8062906664689773,0.0070558229158944425,2.692123213975355,0.01051610630459123,1.3709537954887558,0.0053552882636279525,9.002314037529704,10.0,256.0,0.9544458671585844,148.0,3.0,4.0,7.0,14.0,0.01171875,0.015625,0.02734375,0.0546875,39.0625,90,94.33
layer1.2,block,13,256,1,False,,0,32.0,32.0,160000,2.4050415854208294,26.96803823836078,0.1053438993685968,49.71396473567985,0.19419517474874942,9.641891438916995,0.03766363843326951,2.146773875612848,10,256,0.9202405533138843,256,54,85,168,236,0.2109375,0.33203125,0.65625,0.921875,625.0,256.0,10000.0,0.23241444808047532,5.856808059400331,0.022878156482032543,10.378119024842489,0.04053952744079097,2.9475322287817276,0.011513797768678623,2.9781543826208123,10.0,256.0,0.9792294990488066,256.0,10.0,16.0,36.0,111.0,0.0390625,0.0625,0.140625,0.43359375,39.0625,90,94.33
layer2.0.conv1,conv,14,128,1,False,128.0,0,32.0,32.0,160000,0.6806148981921136,7.187875185254076,0.05615527488479747,10.22243328823127,0.0798627600643068,4.127608866801615,0.032246944271887616,4.825555735977982,10,128,0.9756819434916838,128,9,13,24,44,0.0703125,0.1015625,0.1875,0.34375,1250.0,128.0,10000.0,0.05988033516650939,2.968926727768019,0.023194740060687648,5.005541223565599,0.03910579080910624,1.8572799132496323,0.014509999322262752,5.798918621106904,10.0,128.0,0.9898253809440872,128.0,6.0,8.0,14.0,25.0,0.046875,0.0625,0.109375,0.1953125,78.125,90,94.33
layer2.0.conv2,conv,15,128,1,False,128.0,0,16.0,16.0,160000,1.5260571048440155,12.538496974296393,0.09795700761169057,17.48135940203199,0.13657312032837493,7.058580924239343,0.055145163470619867,3.93767208220347,10,128,0.9821916693142467,128,15,19,36,72,0.1171875,0.1484375,0.28125,0.5625,1250.0,128.0,10000.0,0.1179652908888939,4.023973334305121,0.03143729167425876,5.665882159696749,0.04426470437263085,2.5519933082589366,0.019937447720772942,4.558121260875712,10.0,128.0,0.9841178173571646,128.0,5.0,7.0,12.0,27.0,0.0390625,0.0546875,0.09375,0.2109375,78.125,90,94.33
layer2.0.conv3,conv,16,512,1,False,128.0,0,16.0,16.0,160000,0.29375207163786893,11.913611034718054,0.0232687715521837,15.88881580006231,0.0310328433594967,7.348122364131417,0.014351801492444173,8.295761284511794,10,512,0.890657414363456,313,13,17,30,62,0.025390625,0.033203125,0.05859375,0.12109375,312.5,512.0,10000.0,0.02290708821274881,4.318491202427693,0.008434553129741588,6.183383873493301,0.012076921627916603,2.6665994433055267,0.005208202037706107,7.037832766181937,10.0,512.0,0.9355135882474989,318.0,6.0,8.0,14.0,31.0,0.01171875,0.015625,0.02734375,0.060546875,19.53125,90,94.33
layer2.0.downsample.0,conv,17,512,1,False,256.0,0,16.0,16.0,160000,1.2309307595866297,11.343912368256799,0.02215607884425156,16.745127429721066,0.03270532701117396,5.447765377850132,0.01064016675361354,6.982997363969023,10,512,0.8420389424102,378,15,20,37,73,0.029296875,0.0390625,0.072265625,0.142578125,312.5,512.0,10000.0,0.21828728204391296,4.083170112001579,0.007974941625003083,6.3755132702705675,0.012452174355997202,2.3520516157544233,0.004593850812020358,6.138491765398319,10.0,512.0,0.9412410858751066,381.0,6.0,8.0,16.0,33.0,0.01171875,0.015625,0.03125,0.064453125,19.53125,90,94.33
layer2.0,block,18,512,1,False,,0,16.0,16.0,160000,4.805117056136041,23.49065744360278,0.04588019031953668,49.431953504336725,0.09654678418815767,9.100796809816794,0.017774993769173426,2.0891399874421865,10,512,0.5345275366131149,511,58,108,282,457,0.11328125,0.2109375,0.55078125,0.892578125,312.5,512.0,10000.0,0.6563466095915248,5.463657086793976,0.010671205247644484,10.489848859842182,0.02048798605437926,2.762940303017164,0.005396367779330399,2.6557846258073243,10.0,512.0,0.6614559999490393,511.0,11.0,17.0,53.0,207.0,0.021484375,0.033203125,0.103515625,0.404296875,19.53125,90,94.33
layer2.1.conv1,conv,19,128,1,False,128.0,0,16.0,16.0,160000,0.8177919094360352,6.5429786833834465,0.051117020963933175,9.807706563357154,0.07662270752622777,3.7761702434247826,0.029501330026756114,4.439353146079055,10,128,0.9869740498727139,128,9,13,23,46,0.0703125,0.1015625,0.1796875,0.359375,1250.0,128.0,10000.0,0.1778393967570033,2.643802517096934,0.020654707164819798,4.168472307028704,0.03256618989866175,1.7311295373863418,0.013524449510830795,4.984783225675025,10.0,128.0,0.9893826772846702,128.0,4.0,6.0,11.0,23.0,0.03125,0.046875,0.0859375,0.1796875,78.125,90,94.33
layer2.1.conv2,conv,20,128,1,False,128.0,0,16.0,16.0,160000,0.5081566349902673,16.288026781486547,0.12725020923036365,22.993906844880044,0.17963989722562534,9.09882718736027,0.0710845874012521,3.6254397481248724,10,128,0.9739916696513979,128,20,27,49,88,0.15625,0.2109375,0.3828125,0.6875,1250.0,128.0,10000.0,0.04462512008458239,4.229926846807865,0.03304630349068644,6.231242446463579,0.04868158161299671,2.562949546874211,0.020023043334954773,4.591631993810079,10.0,128.0,0.9787203086891346,128.0,6.0,8.0,17.0,35.0,0.046875,0.0625,0.1328125,0.2734375,78.125,90,94.33
layer2.1.conv3,conv,21,512,1,False,128.0,0,16.0,16.0,160000,0.12071689255219538,11.63273160308934,0.022720178912283867,16.66395629157189,0.032546789631976346,6.398758268479684,0.012497574743124382,8.469729360677704,10,512,0.861599607382799,312,14,19,39,79,0.02734375,0.037109375,0.076171875,0.154296875,312.5,512.0,10000.0,0.007910436283545109,3.6773698434665696,0.007182362975520644,6.00817404626986,0.011734714934120821,2.213070742426527,0.004322403793801811,7.622400351006846,10.0,512.0,0.9035998428515837,319.0,6.0,9.0,21.0,47.0,0.01171875,0.017578125,0.041015625,0.091796875,19.53125,90,94.33
layer2.1,block,22,512,1,False,,0,16.0,16.0,160000,4.8961004174718274,35.811516185416544,0.06994436754964169,74.73466688777468,0.14596614626518492,12.389192642034768,0.024197641878974156,1.7943511997119281,10,512,0.9861654267415392,512,93,164,354,483,0.181640625,0.3203125,0.69140625,0.943359375,312.5,512.0,10000.0,0.45415833101171854,7.412508832546646,0.014477556313567667,15.015941802139793,0.029328011332304282,3.3326129577801957,0.006509009683164445,2.34819416149345,10.0,512.0,0.9939785731950581,512.0,15.0,28.0,93.0,309.0,0.029296875,0.0546875,0.181640625,0.603515625,19.53125,90,94.33
layer2.2.conv1,conv,23,128,1,False,128.0,0,16.0,16.0,160000,0.6497638572325309,13.97156279786269,0.10915283435830227,19.71903726989919,0.15405497867108742,6.537493041770046,0.05107416438882848,3.9771381449397527,10,128,0.9803396925168286,128,17,22,40,74,0.1328125,0.171875,0.3125,0.578125,1250.0,128.0,10000.0,0.05769566504293299,4.342477136111406,0.03392560262587036,7.863813164292209,0.06143604034603288,2.300972037993528,0.01797634404682444,4.446343240046879,10.0,128.0,0.9785149193793123,128.0,8.0,12.0,24.0,47.0,0.0625,0.09375,0.1875,0.3671875,78.125,90,94.33
layer2.2.conv2,conv,24,128,1,False,128.0,0,16.0,16.0,160000,0.35737048317509423,23.31546008502988,0.18215203191429594,36.38573204001598,0.28426353156262485,9.58541468367549,0.07488605221621476,2.697243995172871,10,128,0.954176277197632,128,34,47,79,115,0.265625,0.3671875,0.6171875,0.8984375,1250.0,128.0,10000.0,0.01794200577408963,4.793665259688627,0.0374505098413174,8.324129912255357,0.06503226493949497,2.54443972084102,0.019878435319070468,3.6481737896802007,10.0,128.0,0.9757713894696145,128.0,9.0,13.0,28.0,63.0,0.0703125,0.1015625,0.21875,0.4921875,78.125,90,94.33
layer2.2.conv3,conv,25,512,1,False,128.0,0,16.0,16.0,160000,0.05134298578676192,14.094279125640938,0.027527888917267457,24.891769343402515,0.04861673699883304,5.401465759715436,0.010549737811944212,9.104241514965103,10,512,0.8212408838834431,311,25,35,67,108,0.048828125,0.068359375,0.130859375,0.2109375,312.5,512.0,10000.0,0.0030811328523610956,2.9595521410478995,0.005780375275484179,5.690503456011484,0.01111426456252243,1.8321881136510598,0.0035784924094747262,7.9385792979758225,10.0,512.0,0.8675447299380665,319.0,7.0,12.0,29.0,70.0,0.013671875,0.0234375,0.056640625,0.13671875,19.53125,90,94.33
layer2.2,block,26,512,1,False,,0,16.0,16.0,160000,4.835580214306926,45.419831073788615,0.08871060756599339,97.35843197428763,0.19015318744978052,15.529751364346179,0.03033154563348863,1.6434166783671018,10,512,0.984491602013508,512,128,215,395,493,0.25,0.419921875,0.771484375,0.962890625,312.5,512.0,10000.0,0.3820194530955658,8.40607785712876,0.01641812081470461,17.756274836954386,0.034680224290926535,3.6159495303818465,0.007062401426527044,2.198576429634102,10.0,512.0,0.9943820920440615,512.0,19.0,36.0,127.0,365.0,0.037109375,0.0703125,0.248046875,0.712890625,19.53125,90,94.33
layer2.3.conv1,conv,27,128,1,False,128.0,0,16.0,16.0,160000,0.5196878660680913,11.64238111050219,0.09095610242579837,18.170424859733682,0.1419564442166694,6.258920875870227,0.04889781934273615,3.606616517697693,10,128,0.9719977079969078,128,18,25,45,83,0.140625,0.1953125,0.3515625,0.6484375,1250.0,128.0,10000.0,0.025723961846966823,6.8097999349588285,0.05320156199186585,10.932567239620777,0.08541068155953732,3.561470311841067,0.027823986811258337,4.105798977514688,10.0,128.0,0.9751438981218358,128.0,11.0,15.0,31.0,59.0,0.0859375,0.1171875,0.2421875,0.4609375,78.125,90,94.33
layer2.3.conv2,conv,28,128,1,False,128.0,0,16.0,16.0,160000,0.42353179566998533,18.936848622210288,0.14794412986101788,29.03990524709864,0.22687425974295813,8.220647379716693,0.06422380765403667,2.968911705728652,10,128,0.9694986823649129,128,26,37,67,108,0.203125,0.2890625,0.5234375,0.84375,1250.0,128.0,10000.0,0.00980213435403956,4.311447585431539,0.0336831842611839,6.972024148738909,0.05446893866202273,2.7150995420585136,0.021211715172332137,3.663075057934521,10.0,128.0,0.9653825795630123,128.0,7.0,11.0,28.0,61.0,0.0546875,0.0859375,0.21875,0.4765625,78.125,90,94.33
layer2.3.conv3,conv,29,512,1,False,128.0,0,16.0,16.0,160000,0.03574697992503653,17.140727655289176,0.03347798370173667,26.638663161460897,0.052028638987228315,6.679108450053678,0.01304513369151109,9.171498068514254,10,512,0.8328810952322473,310,24,33,62,102,0.046875,0.064453125,0.12109375,0.19921875,312.5,512.0,10000.0,0.000983939882618471,5.088575775965711,0.009938624562433029,8.802970117873631,0.017193301011471936,2.8994430052898417,0.005662974619706722,8.21381444677918,10.0,512.0,0.8681955936289716,318.0,10.0,15.0,32.0,73.0,0.01953125,0.029296875,0.0625,0.142578125,19.53125,90,94.33
layer2.3,block,30,512,1,False,,0,16.0,16.0,160000,4.667723784702295,55.11269342221625,0.10764197934026612,118.7618848494179,0.23195680634651933,17.087205299396683,0.033373447850384146,1.5425960431058383,10,512,0.9837320903248952,512,158,252,418,498,0.30859375,0.4921875,0.81640625,0.97265625,312.5,512.0,10000.0,0.3385068857360667,9.357627554853883,0.01827661631807399,20.248330235933924,0.039547519992058446,3.9099825636000927,0.007636684694531431,2.1102829836863224,10.0,512.0,0.9951353134809433,512.0,23.0,43.0,154.0,396.0,0.044921875,0.083984375,0.30078125,0.7734375,19.53125,90,94.33
layer3.0.conv1,conv,31,256,1,False,256.0,0,16.0,16.0,160000,1.4467799979345182,19.600016200102985,0.07656256328165228,30.01614627078421,0.11725057137025081,8.679905802483267,0.03390588204095026,3.661744432505314,10,256,0.9774568773418264,256,27,35,63,133,0.10546875,0.13671875,0.24609375,0.51953125,625.0,256.0,10000.0,0.13925884383399972,7.059528720277637,0.02757628406358452,12.134219958045046,0.04739929671111346,3.253147989199327,0.012707609332809872,4.21647478017774,10.0,256.0,0.9871632815319995,256.0,12.0,17.0,33.0,66.0,0.046875,0.06640625,0.12890625,0.2578125,39.0625,90,94.33
layer3.0.conv2,conv,32,256,1,False,256.0,0,8.0,8.0,160000,2.734887973775832,26.10613374054028,0.10197708492398547,42.668254564297726,0.166672869391788,11.77915329509467,0.04601231755896355,2.740280409063696,10,256,0.9715251102160275,256,40,58,117,207,0.15625,0.2265625,0.45703125,0.80859375,625.0,256.0,10000.0,0.34130774504917966,9.364831276327054,0.036581372173152556,14.720424442889453,0.057501657980036924,4.458052147558076,0.017414266201398736,3.2952355967195124,10.0,256.0,0.9931417179656223,256.0,13.0,19.0,38.0,105.0,0.05078125,0.07421875,0.1484375,0.41015625,39.0625,90,94.33
layer3.0.conv3,conv,33,1024,1,False,256.0,0,8.0,8.0,160000,0.6500253693548027,24.410547239275505,0.023838425038354986,35.34506051922132,0.03451666066330207,11.23434109929273,0.010971036229778056,7.5162697637856715,10,1024,0.8355192296216614,619,30,40,83,179,0.029296875,0.0390625,0.0810546875,0.1748046875,156.25,1024.0,10000.0,0.08555201835768021,10.312750041553036,0.010071044962454137,16.019952483941566,0.015644484847599185,4.811981424641007,0.0046992006100009835,6.984693195878646,10.0,1024.0,0.8738529865039868,636.0,15.0,20.0,38.0,101.0,0.0146484375,0.01953125,0.037109375,0.0986328125,9.765625,90,94.33
layer3.0.downsample.0,conv,34,1024,1,False,512.0,0,8.0,8.0,160000,1.6715167740485462,18.420417819351194,0.01798868927671015,31.079318470114913,0.030350896943471595,8.03651895189855,0.007848163038963428,6.000747418354684,10,1024,0.7523026259096925,752,29,42,87,217,0.0283203125,0.041015625,0.0849609375,0.2119140625,156.25,1024.0,10000.0,0.2067500054663733,6.8705410910184925,0.006709512784197747,11.908731208821711,0.011629620321114953,3.3577112582181687,0.0032790149006036804,5.729244143382263,10.0,1024.0,0.8142293194438496,766.0,11.0,18.0,44.0,110.0,0.0107421875,0.017578125,0.04296875,0.107421875,9.765625,90,94.33
layer3.0,block,35,1024,1,False,,0,8.0,8.0,160000,7.029396709104123,39.32398915463668,0.03840233315882488,93.67945983014961,0.09148384749038048,12.979883747182193,0.01267566772185761,1.8290512435462047,10,1024,0.5090986492058923,1019,135,266,653,940,0.1318359375,0.259765625,0.6376953125,0.91796875,156.25,1024.0,10000.0,0.8270271662591436,11.288255538525252,0.011023687049341067,24.1433277215612,0.02357746847808711,4.635953162868215,0.004527298010613491,2.211894646768591,10.0,1024.0,0.5051078032974832,1019.0,25.0,52.0,228.0,716.0,0.0244140625,0.05078125,0.22265625,0.69921875,9.765625,90,94.33
layer3.1.conv1,conv,36,256,1,False,256.0,0,8.0,8.0,160000,1.276815692791334,12.71436748096028,0.049665497972501096,19.12446221700781,0.07470493053518676,6.266855123989807,0.024479902828085185,3.846405104315806,10,256,0.9923409322089212,256,17,23,40,90,0.06640625,0.08984375,0.15625,0.3515625,625.0,256.0,10000.0,0.20854924619048276,6.730270480113946,0.0262901190629451,10.607220020600334,0.041434453205470054,3.3654641344971457,0.013146344275379475,4.220738720251516,10.0,256.0,0.9950558557795491,256.0,10.0,14.0,25.0,51.0,0.0390625,0.0546875,0.09765625,0.19921875,39.0625,90,94.33
layer3.1.conv2,conv,37,256,1,False,256.0,0,8.0,8.0,160000,1.0155627365085877,29.753239277426385,0.11622359092744682,46.0071210734562,0.17971531669318827,13.819995306665303,0.05398435666666134,2.8566666381220944,10,256,0.9611360961539896,256,41,60,116,201,0.16015625,0.234375,0.453125,0.78515625,625.0,256.0,10000.0,0.11680071995804962,8.31782677556863,0.03249151084206496,12.982941320873802,0.05071461453466329,4.323018744503406,0.01688679197071643,3.6781477460899823,10.0,256.0,0.9797226276868989,256.0,11.0,17.0,39.0,91.0,0.04296875,0.06640625,0.15234375,0.35546875,39.0625,90,94.33
layer3.1.conv3,conv,38,1024,1,False,256.0,0,8.0,8.0,160000,0.15289543791066523,21.65263936255432,0.021145155627494455,36.934893111775885,0.03606923155446864,8.34263724428526,0.008147106683872325,7.658688410964036,10,1024,0.8073193716340611,618,35,54,117,206,0.0341796875,0.052734375,0.1142578125,0.201171875,156.25,1024.0,10000.0,0.012015278706061044,8.440536984281257,0.008242711898712165,16.703247679197943,0.01631176531171674,3.8088910262038076,0.003719620142777156,7.392163619912883,10.0,1024.0,0.8388556284541201,635.0,19.0,30.0,70.0,159.0,0.0185546875,0.029296875,0.068359375,0.1552734375,9.765625,90,94.33
layer3.1,block,39,1024,1,False,,0,8.0,8.0,160000,6.93023422831332,63.118803871605834,0.06163945690586507,152.0916939691936,0.14852704489179064,19.407708771539816,0.018952840597206852,1.5279618215808823,10,1024,0.9868878177711039,1024,236,416,791,985,0.23046875,0.40625,0.7724609375,0.9619140625,156.25,1024.0,10000.0,0.631627145564129,14.108114939624203,0.01377745599572676,34.72344099186883,0.0339096103436219,5.237140754434587,0.005114395268002526,1.8407912739068197,10.0,1024.0,0.9915651899079287,1024.0,45.0,101.0,409.0,864.0,0.0439453125,0.0986328125,0.3994140625,0.84375,9.765625,90,94.33
layer3.2.conv1,conv,40,256,1,False,256.0,0,8.0,8.0,160000,1.0429740034431303,19.87000284902094,0.07761719862898804,29.230096484223218,0.11418006439149694,9.772920850446047,0.03817547207205487,3.3188968133122785,10,256,0.9881419020380804,256,25,35,66,148,0.09765625,0.13671875,0.2578125,0.578125,625.0,256.0,10000.0,0.09157447057172141,11.18918566524071,0.043707756504846526,17.14661511710573,0.06697896530119425,5.94943088379806,0.023239964389836172,3.618847808909052,10.0,256.0,0.9902746085553336,256.0,16.0,23.0,44.0,99.0,0.0625,0.08984375,0.171875,0.38671875,39.0625,90,94.33
layer3.2.conv2,conv,41,256,1,False,256.0,0,8.0,8.0,160000,0.647084340029003,35.53231501413948,0.13879810552398233,57.022256654669015,0.22274319005730084,13.984917154628508,0.05462858263526761,2.47315479494942,10,256,0.9614612617398463,256,54,78,146,226,0.2109375,0.3046875,0.5703125,0.8828125,625.0,256.0,10000.0,0.04022821459138457,9.5853314960458,0.037442701156428906,16.411442997776533,0.06410719921006458,4.614035216863376,0.01802357506587256,3.135329465976682,10.0,256.0,0.9748730038104957,256.0,17.0,26.0,61.0,139.0,0.06640625,0.1015625,0.23828125,0.54296875,39.0625,90,94.33
layer3.2.conv3,conv,42,1024,1,False,256.0,0,8.0,8.0,160000,0.09178143766857853,25.068388271815078,0.024480847921694412,43.683997335090055,0.04266015364754888,9.45504334494945,0.009233440766552197,7.808303025727316,10,1024,0.7924600681631617,620,43,67,142,224,0.0419921875,0.0654296875,0.138671875,0.21875,156.25,1024.0,10000.0,0.0047036852293533766,10.139458155725604,0.009901814605200785,19.5834455779577,0.019124458572224317,4.7806965010617075,0.004668648926818074,7.5380337780191535,10.0,1024.0,0.8143756661392035,636.0,22.0,36.0,91.0,191.0,0.021484375,0.03515625,0.0888671875,0.1865234375,9.765625,90,94.33
layer3.2,block,43,1024,1,False,,0,8.0,8.0,160000,6.591315639452526,88.59017014132836,0.08651383802864097,211.85842469031323,0.206892992861634,25.482798778076774,0.0248855456817156,1.3847746702850112,10,1024,0.987274101113207,1024,332,533,861,1000,0.32421875,0.5205078125,0.8408203125,0.9765625,156.25,1024.0,10000.0,0.49950943431339356,17.183650410727967,0.01678090860422653,46.26842696191138,0.04518401070499158,6.003402505587498,0.0058626977593627914,1.6983053804925414,10.0,1024.0,0.9919373216621692,1024.0,70.0,163.0,548.0,926.0,0.068359375,0.1591796875,0.53515625,0.904296875,9.765625,90,94.33
layer3.3.conv1,conv,44,256,1,False,256.0,0,8.0,8.0,160000,0.9551615849373803,26.207244799021808,0.10237204999617894,38.61595431383624,0.15084357153842282,12.29139039066027,0.04801324371351668,3.0331048426872136,10,256,0.983818277350042,256,34,45,90,185,0.1328125,0.17578125,0.3515625,0.72265625,625.0,256.0,10000.0,0.07053434361314302,13.228717829800926,0.05167467902265987,21.535987799657992,0.08412495234241403,6.429778922883148,0.025116323917512298,3.3096651576185656,10.0,256.0,0.9875307013287095,256.0,21.0,30.0,59.0,135.0,0.08203125,0.1171875,0.23046875,0.52734375,39.0625,90,94.33
layer3.3.conv2,conv,45,256,1,False,256.0,0,8.0,8.0,160000,0.5010663718600153,37.43206798259893,0.14621901555702707,64.78623838132297,0.25307124367704287,10.867458686234347,0.04245101049310292,2.2992050637477264,10,256,0.926262369227722,256,63,91,166,235,0.24609375,0.35546875,0.6484375,0.91796875,625.0,256.0,10000.0,0.02844909029455437,11.466136330994884,0.044789595042948764,20.94256836777177,0.08180690768660848,5.272251094583173,0.02059473083821552,3.0017555123634345,10.0,256.0,0.9570226709676732,256.0,22.0,33.0,76.0,164.0,0.0859375,0.12890625,0.296875,0.640625,39.0625,90,94.33
layer3.3.conv3,conv,46,1024,1,False,256.0,0,8.0,8.0,160000,0.0577970602943587,28.68612023883466,0.028013789295736974,50.119302389469524,0.04894463123971633,10.163523446908993,0.009925315866122063,7.969813420265297,10,1024,0.7853542701753746,617,50,77,155,229,0.048828125,0.0751953125,0.1513671875,0.2236328125,156.25,1024.0,10000.0,0.0027350980110050446,11.780491730837984,0.011504386455896468,24.734931367997493,0.024155206414060052,4.780497624168251,0.0046684547111018075,7.786346975973271,10.0,1024.0,0.8080392618833743,636.0,29.0,46.0,109.0,205.0,0.0283203125,0.044921875,0.1064453125,0.2001953125,9.765625,90,94.33
layer3.3,block,47,1024,1,False,,0,8.0,8.0,160000,5.889831992350974,114.50730830178018,0.11182354326345721,270.40663015306063,0.2640689747588483,30.083457000023103,0.02937837597658506,1.2793892740179837,10,1024,0.9868351715150185,1024,414,613,898,1007,0.404296875,0.5986328125,0.876953125,0.9833984375,156.25,1024.0,10000.0,0.402863830118147,20.168628713120476,0.019695926477656715,58.37086769086754,0.05700280047936283,6.68867548749751,0.006531909655759287,1.6032828055555177,10.0,1024.0,0.9920617492627415,1024.0,100.0,228.0,642.0,955.0,0.09765625,0.22265625,0.626953125,0.9326171875,9.765625,90,94.33
layer3.4.conv1,conv,48,256,1,False,256.0,0,8.0,8.0,160000,0.7645618109828125,31.746205640508276,0.12400861578323545,47.203306990027095,0.18438791792979334,14.175137590598903,0.05537163121327696,2.818340380422115,10,256,0.9773549416401306,256,41,56,112,206,0.16015625,0.21875,0.4375,0.8046875,625.0,256.0,10000.0,0.05464571902074526,14.726504457905534,0.05752540803869349,25.2826146831737,0.09876021360614727,6.102168113482365,0.023836594193290487,3.116051293035919,10.0,256.0,0.984897249917296,256.0,25.0,36.0,72.0,161.0,0.09765625,0.140625,0.28125,0.62890625,39.0625,90,94.33
layer3.4.conv2,conv,49,256,1,False,256.0,0,8.0,8.0,160000,0.47370676065306444,35.46543818748494,0.13853686791986305,63.678165972178974,0.24874283582882412,10.525519810879532,0.04111531176124817,2.281096502923852,10,256,0.907182921080294,256,64,93,166,235,0.25,0.36328125,0.6484375,0.91796875,625.0,256.0,10000.0,0.02649919018366954,11.599482174575824,0.04531047724443681,23.247018370492256,0.09080866550973538,4.352674441687492,0.017002634537841767,3.0556115181728183,10.0,256.0,0.9493868374567194,256.0,25.0,38.0,81.0,168.0,0.09765625,0.1484375,0.31640625,0.65625,39.0625,90,94.33
layer3.4.conv3,conv,50,1024,1,False,256.0,0,8.0,8.0,160000,0.054135085959447264,23.092702625061474,0.022551467407286595,43.266453729435966,0.04225239622015231,7.39690532389803,0.0072235403553691695,7.904074448785102,10,1024,0.8008765821366368,617,44,65,136,216,0.04296875,0.0634765625,0.1328125,0.2109375,156.25,1024.0,10000.0,0.00301066704772751,9.707579935318279,0.009480058530584257,21.586444787753088,0.021080512488040125,3.9090773524162454,0.0038174583519689897,7.681200112533051,10.0,1024.0,0.8263870236217287,636.0,25.0,39.0,90.0,184.0,0.0244140625,0.0380859375,0.087890625,0.1796875,9.765625,90,94.33
layer3.4,block,51,1024,1,False,,0,8.0,8.0,160000,5.172399527801778,139.79620665482636,0.13651973306135387,321.1275183030224,0.3136010920927953,34.70014966566157,0.03388686490787263,1.2110556843249738,10,1024,0.9823540875304775,1024,470,663,917,1008,0.458984375,0.6474609375,0.8955078125,0.984375,156.25,1024.0,10000.0,0.33823329880179387,22.5949180964757,0.02206534970358955,69.29745413505702,0.06767329505376662,7.046593768643568,0.006881439227190984,1.5531821579221863,10.0,1024.0,0.9901951286546794,1024.0,127.0,279.0,694.0,966.0,0.1240234375,0.2724609375,0.677734375,0.943359375,9.765625,90,94.33
layer3.5.conv1,conv,52,256,1,False,256.0,0,8.0,8.0,160000,0.6757651841292046,33.51336512939816,0.13091158253671156,50.88752667074141,0.19877940105758363,14.662235613853175,0.057274357866613966,2.6908704587649996,10,256,0.9741776879032296,256,45,63,125,215,0.17578125,0.24609375,0.48828125,0.83984375,625.0,256.0,10000.0,0.047630717425773024,16.56268467653762,0.06469798701772508,28.60315499431969,0.1117310741965613,6.827574281240863,0.02667021203609712,3.0329658026329036,10.0,256.0,0.9822619974179264,256.0,28.0,41.0,81.0,173.0,0.109375,0.16015625,0.31640625,0.67578125,39.0625,90,94.33
layer3.5.conv2,conv,53,256,1,False,256.0,0,8.0,8.0,160000,0.5815056949625356,31.124894183596414,0.12158161790467349,56.61022495661414,0.22113369123677398,9.768715423771486,0.038159044624107366,2.3250943186709514,10,256,0.9575602202881967,256,58,84,157,231,0.2265625,0.328125,0.61328125,0.90234375,625.0,256.0,10000.0,0.034205883965509096,13.29830023470745,0.051946485291825974,24.70479011434453,0.09650308638415832,4.981216453448358,0.019457876771282648,3.1696520626451257,10.0,256.0,0.9760247374119181,256.0,25.0,36.0,75.0,159.0,0.09765625,0.140625,0.29296875,0.62109375,39.0625,90,94.33
layer3.5.conv3,conv,54,1024,1,False,256.0,0,8.0,8.0,160000,0.06199925129427191,13.357439352590122,0.01304437436776379,27.27125460847425,0.026632084578588136,4.6883044355676535,0.004578422300359037,7.540303867879657,10,1024,0.8230677472092902,619,28,43,98,192,0.02734375,0.0419921875,0.095703125,0.1875,156.25,1024.0,10000.0,0.005321968728790483,5.174198222264354,0.005052927951430033,12.446331021061788,0.012154620137755652,2.4221785214100877,0.002365408712314539,7.240717134522565,10.0,1024.0,0.8541501690367369,633.0,16.0,23.0,51.0,137.0,0.015625,0.0224609375,0.0498046875,0.1337890625,9.765625,90,94.33
layer3.5,block,55,1024,1,False,,0,8.0,8.0,160000,4.902115973713458,142.62096015372225,0.13927828140011939,334.12834532249775,0.3262972122290017,30.888441452082315,0.030164493605549136,1.1825396840152933,10,1024,0.9803665308148228,1024,489,678,922,1009,0.4775390625,0.662109375,0.900390625,0.9853515625,156.25,1024.0,10000.0,0.339907592362379,25.98466004759476,0.025375644577729256,73.35164591910139,0.07163246671787245,8.700780641587713,0.0084968560953005,1.5504909797546844,10.0,1024.0,0.9900924610948137,1024.0,129.0,283.0,698.0,967.0,0.1259765625,0.2763671875,0.681640625,0.9443359375,9.765625,90,94.33
layer4.0.conv1,conv,56,512,1,False,512.0,0,8.0,8.0,160000,0.8854800774872417,25.872545996672386,0.050532316399750754,43.33195569901664,0.08463272597464187,9.339708744881591,0.018241618642346857,2.887619243344847,10,512,0.9747415452689426,512,38,58,138,318,0.07421875,0.11328125,0.26953125,0.62109375,312.5,512.0,10000.0,0.10190293219822454,13.6967182821537,0.026751402894831446,22.31281739372595,0.043579721472121,6.72447281524094,0.013133735967267461,3.2356576919808306,10.0,512.0,0.9852708194563035,512.0,21.0,29.0,62.0,181.0,0.041015625,0.056640625,0.12109375,0.353515625,19.53125,90,94.33
layer4.0.conv2,conv,57,512,1,False,512.0,0,4.0,4.0,160000,1.0940772657084887,20.90135710285897,0.040822963091521426,34.121133481590455,0.06664283883123136,8.73499561180851,0.017060538304313495,2.8848132549589507,10,512,0.9789820476367038,512,30,47,121,291,0.05859375,0.091796875,0.236328125,0.568359375,312.5,512.0,10000.0,0.24804044726709384,10.901870032467805,0.021292714907163682,16.556649713176157,0.03233720647104718,5.0702854184499815,0.00990290120791012,3.1195899591713983,10.0,512.0,0.9861912629365143,512.0,15.0,20.0,41.0,148.0,0.029296875,0.0390625,0.080078125,0.2890625,19.53125,90,94.33
layer4.0.conv3,conv,58,2048,1,False,512.0,0,4.0,4.0,160000,0.24651746853807502,12.946752389709097,0.006321656440287645,16.957816754593093,0.008280183962203659,7.477102900687616,0.003650929150726375,5.312010389330594,10,2048,0.9535983067831972,1255,14,19,29,61,0.0068359375,0.00927734375,0.01416015625,0.02978515625,78.125,2048.0,10000.0,0.08917032210759537,8.785571586108107,0.004289829876029349,11.213122189931761,0.005475157319302618,5.063288052390644,0.002472308619331369,4.675049541523769,10.0,2048.0,0.9799594381724998,1272.0,9.0,12.0,20.0,34.0,0.00439453125,0.005859375,0.009765625,0.0166015625,4.8828125,90,94.33
layer4.0.downsample.0,conv,59,2048,1,False,1024.0,0,4.0,4.0,160000,0.3034541639909576,17.275274073495453,0.008435192418698952,26.7154454306083,0.013044651089164208,8.17410270897199,0.0039912610883652295,5.273699447587187,10,2048,0.73572408057708,1517,23,32,84,312,0.01123046875,0.015625,0.041015625,0.15234375,78.125,2048.0,10000.0,0.06191154313210526,8.201501231617618,0.00400463927325079,13.774696040156334,0.006725925800857585,3.874290784972869,0.0018917435473500338,4.97141347961456,10.0,2048.0,0.781370355069238,1530.0,13.0,19.0,41.0,166.0,0.00634765625,0.00927734375,0.02001953125,0.0810546875,4.8828125,90,94.33
layer4.0,block,60,2048,1,False,,0,4.0,4.0,160000,20.504163232416047,15.65400136828692,0.007643555355608848,26.29923715206429,0.012841424390656392,8.223488342536925,0.004015375167254358,1.8572441885732243,10,2048,0.9907857487116182,2048,22,36,216,1234,0.0107421875,0.017578125,0.10546875,0.6025390625,78.125,2048.0,10000.0,6.708653628290812,8.54299098823493,0.004171382318474087,12.97217577414093,0.0063340702022172506,4.403446940744886,0.002150120576535589,2.0444291695757317,10.0,2048.0,0.9888740841421972,2048.0,10.0,16.0,47.0,434.0,0.0048828125,0.0078125,0.02294921875,0.2119140625,4.8828125,90,94.33
layer4.1.conv1,conv,61,512,1,False,512.0,0,4.0,4.0,160000,2.238700996970929,15.298498590719428,0.029879880059998882,18.920564316063132,0.036954227179810804,7.993030520889848,0.015611387736112984,4.840001577282493,10,512,0.9917009002984388,512,16,19,25,33,0.03125,0.037109375,0.048828125,0.064453125,312.5,512.0,10000.0,0.6043340627430603,10.80329379522575,0.021100183193800293,14.005584851112822,0.02735465791232973,6.372269819611054,0.01244583949142784,5.078648140804921,10.0,512.0,0.9864369594575033,495.0,12.0,16.0,21.0,28.0,0.0234375,0.03125,0.041015625,0.0546875,19.53125,90,94.33
layer4.1.conv2,conv,62,512,1,False,512.0,0,4.0,4.0,160000,0.2785935147232656,21.79083073750313,0.0425602162841858,35.6797540976237,0.06968701972192129,8.783683592282488,0.017155632016176734,4.116840273495633,10,512,0.9628117344804864,512,33,47,89,169,0.064453125,0.091796875,0.173828125,0.330078125,312.5,512.0,10000.0,0.05023016219898421,11.693348164341074,0.02283857063347866,16.475533510694778,0.03217877638807574,6.351037052942336,0.012404369244028,4.302152121995868,10.0,512.0,0.9861476102497712,512.0,14.0,19.0,35.0,81.0,0.02734375,0.037109375,0.068359375,0.158203125,19.53125,90,94.33
layer4.1.conv3,conv,63,2048,1,False,512.0,0,4.0,4.0,160000,0.045466896260351705,10.230952476771362,0.004995582264048517,13.23275970908669,0.006461308451702485,6.028130086346244,0.002943422893723752,5.201053657027812,10,2048,0.9636184809504266,1257,10,13,26,61,0.0048828125,0.00634765625,0.0126953125,0.02978515625,78.125,2048.0,10000.0,0.02529932260583563,7.950755825707516,0.003882204993021248,9.307664973428203,0.00454475828780674,4.91077620769164,0.0023978399451619337,4.339724937739484,10.0,2048.0,0.9826276035749745,1259.0,8.0,9.0,11.0,25.0,0.00390625,0.00439453125,0.00537109375,0.01220703125,4.8828125,90,94.33
layer4.1,block,64,2048,1,False,,0,4.0,4.0,160000,30.136607092090237,14.553714452696557,0.007106305885105741,23.901103066216617,0.011670460481551083,8.222829963444017,0.004015053693087899,1.8736869033666137,10,2048,0.9918572769328706,2048,20,34,187,1167,0.009765625,0.0166015625,0.09130859375,0.56982421875,78.125,2048.0,10000.0,13.09504110990463,8.80319098703708,0.004298433099139199,11.91805627981711,0.005819363417879448,5.082816968782877,0.0024818442230385143,2.078546142483469,10.0,2048.0,0.990402966357165,2048.0,9.0,12.0,37.0,304.0,0.00439453125,0.005859375,0.01806640625,0.1484375,4.8828125,90,94.33
layer4.2.conv1,conv,65,512,1,False,512.0,0,4.0,4.0,160000,6.966179308378687,11.161210297646422,0.021799238862590668,13.446574722908363,0.026262841255680396,6.660160531946408,0.013008126038957828,4.982934664698997,10,512,0.9907019665265789,506,10,13,20,29,0.01953125,0.025390625,0.0390625,0.056640625,312.5,512.0,10000.0,3.0351953420148154,8.688157949824983,0.01696905849575192,10.171458906223164,0.019866130676217116,4.940348242250889,0.009649117660646267,5.082795490732524,10.0,512.0,0.9853333595737049,442.0,9.0,10.0,14.0,23.0,0.017578125,0.01953125,0.02734375,0.044921875,19.53125,90,94.33
layer4.2.conv2,conv,66,512,1,False,512.0,0,4.0,4.0,160000,0.39205654125580214,18.134796247953815,0.035419523921784796,27.202419930284254,0.053129726426336434,7.844604126463145,0.01532149243449833,4.277386522271343,10,512,0.9767091396708687,512,24,32,60,127,0.046875,0.0625,0.1171875,0.248046875,312.5,512.0,10000.0,0.1414788160829274,9.238215663635723,0.01804338996803852,10.917518819949624,0.02132327894521411,5.770244464840816,0.01127000872039222,4.489508864725472,10.0,512.0,0.9817811631327795,512.0,9.0,10.0,18.0,50.0,0.017578125,0.01953125,0.03515625,0.09765625,19.53125,90,94.33
layer4.2.conv3,conv,67,2048,1,False,512.0,0,4.0,4.0,160000,0.13524227405928765,8.77448206902773,0.004284415072767446,9.569043886663659,0.00467238471028499,6.365861957356716,0.003108331033865584,4.328299048401923,10,2048,0.9813885965615108,1249,8,9,10,35,0.00390625,0.00439453125,0.0048828125,0.01708984375,78.125,2048.0,10000.0,0.10963912005283502,8.552929545898856,0.004176235129833426,8.941223772702193,0.004365831920264743,6.15347382096521,0.0030046258891431687,3.4466206171483265,10.0,2048.0,0.9642000508831029,1216.0,8.0,9.0,9.0,13.0,0.00390625,0.00439453125,0.00439453125,0.00634765625,4.8828125,90,94.33
layer4.2,block,68,2048,1,False,,0,4.0,4.0,160000,61.544279793431514,12.016045197881924,0.005867209569278283,18.257387699854917,0.008914740087819784,7.097249131752425,0.0034654536776134886,1.878941808474276,10,2048,0.992458712873805,2048,14,26,125,984,0.0068359375,0.0126953125,0.06103515625,0.48046875,78.125,2048.0,10000.0,39.33600411401047,8.911895899674947,0.004351511669763158,11.015241454529036,0.005378535866469256,5.56038889722761,0.002715033641224419,2.177979581615477,10.0,2048.0,0.9921996363886207,2048.0,9.0,9.0,32.0,190.0,0.00439453125,0.00439453125,0.015625,0.0927734375,4.8828125,90,94.33
fc,linear,69,10,1,False,,0,,,10000,187.7438649094946,6.610690470085207,0.6610690470085208,7.7088956463342475,0.7708895646334247,3.641248318308411,0.3641248318308411,,10,10,,10,8,8,9,9,0.8,0.8,0.9,0.9,1000.0,,,,,,,,,,,,,,,,,,,,,,,,90,94.33
conv1,conv,0,64,1,False,27.0,0,32.0,32.0,160000,9.665096958382469,4.2712633790654655,0.0667384902978979,5.318182010897552,0.08309659392027426,2.7254978872413074,0.04258590448814543,12.820557193424941,10,64,0.9673274099108091,45,5,6,8,9,0.078125,0.09375,0.125,0.140625,2500.0,64.0,10000.0,2.0231063883444804,2.38469144819876,0.037260803878105625,2.67238301442578,0.041755984600402814,1.8407914813429116,0.028762366895982994,7.950037502320887,10.0,64.0,0.8841865737593687,39.0,3.0,3.0,3.0,5.0,0.046875,0.046875,0.046875,0.078125,156.25,100,95.41
layer1.0.conv1,conv,1,64,1,False,64.0,0,32.0,32.0,160000,0.0909384237505651,6.602926224894451,0.10317072226397579,8.182240119327867,0.12784750186449792,4.031395330062152,0.06299055203222112,9.791569511077315,10,64,0.9401862371841362,62,7,9,11,14,0.109375,0.140625,0.171875,0.21875,2500.0,64.0,10000.0,0.01010835498137691,3.0308362785196166,0.04735681685186901,4.01875470129877,0.06279304220779328,2.00269514195888,0.0312921115931075,9.707730231826952,10.0,64.0,0.9668273649379802,60.0,4.0,4.0,9.0,14.0,0.0625,0.0625,0.140625,0.21875,156.25,100,95.41
layer1.0.conv2,conv,2,64,1,False,64.0,0,32.0,32.0,160000,0.2628250164108424,9.861798244179905,0.15409059756531102,13.177468579043035,0.20589794654754742,5.077455675924733,0.07933524493632395,4.880875751678197,10,64,0.9803672175524489,64,11,14,23,38,0.171875,0.21875,0.359375,0.59375,2500.0,64.0,10000.0,0.009757528761173407,2.8753864292912024,0.04492791295767504,4.21767930783905,0.06590123918498515,1.9948678531385744,0.031169810205290225,5.830704708266178,10.0,64.0,0.9818967625171945,64.0,4.0,7.0,12.0,22.0,0.0625,0.109375,0.1875,0.34375,156.25,100,95.41
layer1.0.conv3,conv,3,256,1,False,64.0,0,32.0,32.0,160000,0.08581460876544128,6.904227402469694,0.02696963829089724,9.020446835768814,0.03523612045222193,4.115349976078194,0.016075585844055447,10.470469209606627,10,256,0.8951629143639189,148,8,9,15,30,0.03125,0.03515625,0.05859375,0.1171875,625.0,256.0,10000.0,0.0012215195371010736,4.720890230240313,0.018440977461876222,6.998752906449027,0.02733887854081651,2.878200398062523,0.01124297030493173,10.20952243635216,10.0,256.0,0.9192240385210234,150.0,7.0,9.0,15.0,26.0,0.02734375,0.03515625,0.05859375,0.1015625,39.0625,100,95.41
layer1.0.downsample.0,conv,4,256,1,False,64.0,0,32.0,32.0,160000,0.33709469644417384,6.3930310297432635,0.024972777459934623,7.760567799313587,0.0303147179660687,4.130767170104047,0.016135809258218933,8.768426155389603,10,256,0.949584355276798,146,7,8,11,15,0.02734375,0.03125,0.04296875,0.05859375,625.0,256.0,10000.0,0.06207397272660993,2.9187462343526174,0.011401352477939912,3.6199417992461824,0.0141403976533054,2.024886833622667,0.007909714193838542,8.386703355287263,10.0,256.0,0.9512644488825759,142.0,3.0,4.0,6.0,12.0,0.01171875,0.015625,0.0234375,0.046875,39.0625,100,95.41
layer1.0,block,5,256,1,False,,0,32.0,32.0,160000,1.5730292589733157,15.905871572020176,0.062132310828203814,27.600827120658874,0.10781573094007373,7.175318789362937,0.02802858902094897,7.072283483574776,10,256,0.141963540269611,227,28,43,99,176,0.109375,0.16796875,0.38671875,0.6875,625.0,256.0,10000.0,0.15584757059317073,5.108895071309406,0.019956621372302367,8.607865119319587,0.03362447312234214,2.7148783087561363,0.010604993393578658,6.681537292255547,10.0,256.0,0.26512750484724645,227.0,8.0,13.0,30.0,80.0,0.03125,0.05078125,0.1171875,0.3125,39.0625,100,95.41
layer1.1.conv1,conv,6,64,1,False,64.0,0,32.0,32.0,160000,0.2380395235854761,4.197517854150888,0.06558621647110763,6.395773881729554,0.09993396690202429,2.4307527804028775,0.03798051219379496,5.247534755065183,10,64,0.9450029362318382,64,6,8,16,30,0.09375,0.125,0.25,0.46875,2500.0,64.0,10000.0,0.006518153090886455,5.593128119721628,0.08739262687065044,7.791696812871096,0.12174526270111087,3.347376388799527,0.05230275607499261,6.194007949730393,10.0,64.0,0.9719092872509605,64.0,7.0,9.0,15.0,25.0,0.109375,0.140625,0.234375,0.390625,156.25,100,95.41
layer1.1.conv2,conv,7,64,1,False,64.0,0,32.0,32.0,160000,0.2444310606953157,10.201877991779263,0.15940434362155098,13.415055728183633,0.20961024575286927,6.472684388658154,0.10113569357278365,4.129230348288354,10,64,0.9783110130299356,64,11,15,26,45,0.171875,0.234375,0.40625,0.703125,2500.0,64.0,10000.0,0.004604802137313407,2.7868533319550206,0.0435445833117972,3.941589722704065,0.061587339417251016,2.050722499196415,0.03204253904994398,4.991061292732018,10.0,64.0,0.977212105899344,64.0,4.0,6.0,11.0,23.0,0.0625,0.09375,0.171875,0.359375,156.25,100,95.41
layer1.1.conv3,conv,8,256,1,False,64.0,0,32.0,32.0,160000,0.05033272577801276,8.614966136959627,0.03365221147249854,11.40525515505752,0.044551777949443434,4.894136074862699,0.019117719042432417,10.389925379332121,10,256,0.895763781243622,157,10,12,21,37,0.0390625,0.046875,0.08203125,0.14453125,625.0,256.0,10000.0,0.0008677483437947418,2.8444914422429313,0.01111129469626145,4.079405773153554,0.01593517880138107,2.158763078021503,0.008432668273521496,9.550302716004838,10.0,256.0,0.9301066880508673,157.0,4.0,6.0,14.0,25.0,0.015625,0.0234375,0.0546875,0.09765625,39.0625,100,95.41
layer1.1,block,9,256,1,False,,0,32.0,32.0,160000,1.99882499480754,21.27094587589226,0.08308963232770414,38.28297666304609,0.1495428775900238,9.073006703876214,0.03544143243701646,2.8057297981017544,10,256,0.3112646389590221,252,40,63,138,220,0.15625,0.24609375,0.5390625,0.859375,625.0,256.0,10000.0,0.16261827317694993,5.654911338751142,0.02208949741699665,9.734124672361055,0.03802392450141037,2.876291149521966,0.01123551230282018,3.7697480697086254,10.0,256.0,0.36931499926046385,252.0,9.0,14.0,34.0,101.0,0.03515625,0.0546875,0.1328125,0.39453125,39.0625,100,95.41
layer1.2.conv1,conv,10,64,1,False,64.0,0,32.0,32.0,160000,0.27557466109764595,4.650927873249871,0.07267074801952923,6.842971479203937,0.10692142936256152,2.6723314481284035,0.041755178877006305,4.56991298743026,10,64,0.9478394735274872,64,6,8,17,33,0.09375,0.125,0.265625,0.515625,2500.0,64.0,10000.0,0.004722620261389039,3.299941517811717,0.05156158621580808,5.830445148501513,0.09110070544533615,1.9664593358886535,0.03072592712326021,5.539086788667385,10.0,64.0,0.9701143728620927,64.0,7.0,10.0,17.0,28.0,0.109375,0.15625,0.265625,0.4375,156.25,100,95.41
layer1.2.conv2,conv,11,64,1,False,64.0,0,32.0,32.0,160000,0.5686976279457465,8.507817426007927,0.13293464728137386,11.094196577383224,0.17334682152161288,5.065883168251662,0.07915442450393222,4.232419882815251,10,64,0.9850996999195833,64,9,12,20,39,0.140625,0.1875,0.3125,0.609375,2500.0,64.0,10000.0,0.001087316448802347,2.628809604854334,0.04107515007584897,4.622917828460917,0.07223309106970183,1.6985262130808862,0.026539472079388848,4.998947349193926,10.0,64.0,0.9713232169327761,64.0,6.0,8.0,15.0,28.0,0.09375,0.125,0.234375,0.4375,156.25,100,95.41
layer1.2.conv3,conv,12,256,1,False,64.0,0,32.0,32.0,160000,0.06076512313710053,8.269756689590213,0.03230373706871177,12.704102686031343,0.04962540111730993,3.804999426262328,0.01486327900883722,11.097023668721288,10,256,0.9039760296907741,154,12,16,25,38,0.046875,0.0625,0.09765625,0.1484375,625.0,256.0,10000.0,0.004338078330903144,1.770286157932536,0.006915180304423969,2.6329395257237733,0.01028492002235849,1.3551479794545709,0.0052935467947444175,8.966657725945355,10.0,256.0,0.9501180281837922,150.0,3.0,4.0,7.0,14.0,0.01171875,0.015625,0.02734375,0.0546875,39.0625,100,95.41
layer1.2,block,13,256,1,False,,0,32.0,32.0,160000,2.159488769858509,28.639293677189805,0.11187224092652268,52.022660213952236,0.20321351646075092,10.08583668142886,0.039397799536831486,2.148933653525734,10,256,0.9266913628370607,256,55,86,169,236,0.21484375,0.3359375,0.66015625,0.921875,625.0,256.0,10000.0,0.20762304772308685,6.205414768450682,0.024239901439260476,10.992474212732228,0.042939352393485265,3.058077745616466,0.01194561619381432,2.993359836614104,10.0,256.0,0.9802062039749635,256.0,11.0,17.0,38.0,114.0,0.04296875,0.06640625,0.1484375,0.4453125,39.0625,100,95.41
layer2.0.conv1,conv,14,128,1,False,128.0,0,32.0,32.0,160000,0.5330609579626253,7.417304535524165,0.05794769168378254,10.563786450006198,0.08252958164067342,4.202120141912395,0.03282906360869058,4.832002496548,10,128,0.9743529737906939,128,9,14,25,45,0.0703125,0.109375,0.1953125,0.3515625,1250.0,128.0,10000.0,0.04679321124352729,2.8880985224469424,0.022563269706616738,4.919849875022117,0.03843632714861029,1.8253133173074938,0.014260260291464795,5.827955923547347,10.0,128.0,0.9895328755858732,128.0,6.0,9.0,15.0,26.0,0.046875,0.0703125,0.1171875,0.203125,78.125,100,95.41
layer2.0.conv2,conv,15,128,1,False,128.0,0,16.0,16.0,160000,1.2200338637816774,12.722239367856568,0.09939249506137944,17.722016872512693,0.13845325681650542,7.076516853743348,0.055285287919869905,3.9272235050181146,10,128,0.9825232338995438,128,15,19,36,72,0.1171875,0.1484375,0.28125,0.5625,1250.0,128.0,10000.0,0.0961253849166527,4.078079048164586,0.03185999256378583,5.684718402792521,0.04441186252181657,2.5846130851014983,0.020192289727355456,4.554954248946961,10.0,128.0,0.9838573121663241,128.0,5.0,7.0,13.0,27.0,0.0390625,0.0546875,0.1015625,0.2109375,78.125,100,95.41
layer2.0.conv3,conv,16,512,1,False,128.0,0,16.0,16.0,160000,0.23524035482990321,11.750404177353882,0.0229500081588943,15.876476150031307,0.031008742480529896,6.528731944521351,0.012751429579143264,8.271436438928282,10,512,0.8904553737948178,314,13,17,30,63,0.025390625,0.033203125,0.05859375,0.123046875,312.5,512.0,10000.0,0.018892695251403923,4.200128887361284,0.008203376733127508,6.056017039853776,0.011828158280964406,2.5518379348056475,0.00498405846641728,7.040245329762606,10.0,512.0,0.9355948868606594,317.0,6.0,8.0,14.0,31.0,0.01171875,0.015625,0.02734375,0.060546875,19.53125,100,95.41
layer2.0.downsample.0,conv,17,512,1,False,256.0,0,16.0,16.0,160000,0.9787449894826541,11.700576293786535,0.022852688073801825,17.2454868946225,0.03368259159105957,5.489056951244003,0.010720814357898444,7.0024506481716475,10,512,0.8404748224648246,376,15,21,37,74,0.029296875,0.041015625,0.072265625,0.14453125,312.5,512.0,10000.0,0.16992636295591548,4.390870601616622,0.008575919143782465,6.758091246006116,0.013199396964855696,2.500655645865669,0.004884093058331385,6.172555136720766,10.0,512.0,0.9414900500477836,382.0,7.0,9.0,16.0,33.0,0.013671875,0.017578125,0.03125,0.064453125,19.53125,100,95.41
layer2.0,block,18,512,1,False,,0,16.0,16.0,160000,4.3398346226897795,24.184125805326094,0.04723462071352753,50.635914946342396,0.09889827137957499,9.099876135476903,0.017773195577103326,1.9936983524846354,10,512,0.9759700949144764,511,60,110,284,458,0.1171875,0.21484375,0.5546875,0.89453125,312.5,512.0,10000.0,0.5908033046186597,5.79210369569676,0.011312702530657734,11.039247549856537,0.02156103037081355,2.9035058388478454,0.005670909841499698,2.57343868962905,10.0,512.0,0.9893544836525885,511.0,11.0,18.0,55.0,210.0,0.021484375,0.03515625,0.107421875,0.41015625,19.53125,100,95.41
layer2.1.conv1,conv,19,128,1,False,128.0,0,16.0,16.0,160000,0.6458304389340555,6.70026985304486,0.05234585822691297,10.085110686180341,0.07878992723578392,3.7563327150443007,0.0293463493362836,4.436503971523413,10,128,0.9868156555656049,128,9,13,23,46,0.0703125,0.1015625,0.1796875,0.359375,1250.0,128.0,10000.0,0.13870266472948856,2.7713935520296444,0.021651512125231597,4.32981672649991,0.03382669317578055,1.792860239979036,0.01400672062483622,4.995963866547419,10.0,128.0,0.9896248237246589,128.0,4.0,6.0,12.0,23.0,0.03125,0.046875,0.09375,0.1796875,78.125,100,95.41
layer2.1.conv2,conv,20,128,1,False,128.0,0,16.0,16.0,160000,0.4010654710672894,16.509979823599487,0.128984217371871,23.43893813762945,0.18311670420023007,9.103401088014344,0.07112032100011206,3.596735573346758,10,128,0.9733581740582254,128,20,28,50,89,0.15625,0.21875,0.390625,0.6953125,1250.0,128.0,10000.0,0.035650532312535954,4.293688456463847,0.0335444410661238,6.33106400797071,0.04946143756227117,2.5729267502212636,0.020100990236103622,4.570831131485069,10.0,128.0,0.978251905097282,128.0,6.0,8.0,17.0,36.0,0.046875,0.0625,0.1328125,0.28125,78.125,100,95.41
layer2.1.conv3,conv,21,512,1,False,128.0,0,16.0,16.0,160000,0.09586787188983184,11.769468900663988,0.02298724394660935,16.93442543850878,0.03307504968458746,6.2838765458741275,0.012273196378660405,8.513493185174479,10,512,0.8599496595827006,311,15,20,39,80,0.029296875,0.0390625,0.076171875,0.15625,312.5,512.0,10000.0,0.006553140559742324,3.560662835223709,0.006954419600046307,5.919007568672799,0.011560561657564061,2.120638351832609,0.004141871780923064,7.66715689466238,10.0,512.0,0.9024078902283279,318.0,6.0,9.0,21.0,48.0,0.01171875,0.017578125,0.041015625,0.09375,19.53125,100,95.41
layer2.1,block,22,512,1,False,,0,16.0,16.0,160000,4.392578515227328,37.019468309663594,0.07230364904231171,76.69799083211178,0.14980076334396833,12.60771596868483,0.02462444525133756,1.7926509043979157,10,512,0.9855668657330863,512,95,167,356,484,0.185546875,0.326171875,0.6953125,0.9453125,312.5,512.0,10000.0,0.41248973695305097,7.751051101175075,0.015138771681982568,15.642840846356515,0.03055242352804007,3.4446935528459055,0.006727917095402159,2.3549174787363616,10.0,512.0,0.9940908705905782,512.0,16.0,29.0,96.0,312.0,0.03125,0.056640625,0.1875,0.609375,19.53125,100,95.41
layer2.2.conv1,conv,23,128,1,False,128.0,0,16.0,16.0,160000,0.5161865546702114,14.507141253922168,0.11333704104626693,20.280430500826775,0.15844086328770918,6.9829443485915625,0.05455425272337158,3.975895917041613,10,128,0.9802469705172021,128,17,23,40,75,0.1328125,0.1796875,0.3125,0.5859375,1250.0,128.0,10000.0,0.045821216485804804,4.525952992840194,0.03535900775656402,8.183782453851713,0.0639358004207165,2.3768346727699288,0.01856902088101507,4.441648364153521,10.0,128.0,0.9786332866638967,128.0,9.0,12.0,24.0,48.0,0.0703125,0.09375,0.1875,0.375,78.125,100,95.41
layer2.2.conv2,conv,24,128,1,False,128.0,0,16.0,16.0,160000,0.2854225635879981,23.161616910741337,0.1809501321151667,36.61495791367322,0.28605435870057205,9.022807784760703,0.07049068581844299,2.675396483011444,10,128,0.9532906396804998,128,35,48,80,116,0.2734375,0.375,0.625,0.90625,1250.0,128.0,10000.0,0.016000967317448246,4.163523155098623,0.032527524649207995,7.574625110193779,0.059176758673388896,2.2952536706223685,0.017931669301737254,3.648595154558377,10.0,128.0,0.9756153246308266,128.0,9.0,12.0,27.0,62.0,0.0703125,0.09375,0.2109375,0.484375,78.125,100,95.41
layer2.2.conv3,conv,25,512,1,False,128.0,0,16.0,16.0,160000,0.04167633147695372,13.160915047858838,0.025704912202849293,24.100607748987432,0.04707149950974108,5.128022453945487,0.01001566885536228,9.044396518288186,10,512,0.8205874183328421,312,25,35,67,108,0.048828125,0.068359375,0.130859375,0.2109375,312.5,512.0,10000.0,0.003251989970412129,2.2943566943040143,0.004481165418562528,4.374093887981196,0.008543152124963274,1.5639215582885537,0.0030545342935323315,7.814926419181245,10.0,512.0,0.8729031969624628,319.0,5.0,10.0,27.0,65.0,0.009765625,0.01953125,0.052734375,0.126953125,19.53125,100,95.41
layer2.2,block,26,512,1,False,,0,16.0,16.0,160000,4.257742062531452,47.75165451635653,0.09326495022725885,101.030419875891,0.1973250388200996,16.452275019439174,0.03213334964734214,1.636375964899076,10,512,0.983589194668517,512,132,220,398,493,0.2578125,0.4296875,0.77734375,0.962890625,312.5,512.0,10000.0,0.3395516180156261,9.00621749208021,0.01759026853921916,18.843183185832537,0.03680309215982917,3.793426846235313,0.007409036809053346,2.2022769913607245,10.0,512.0,0.9940840610568238,512.0,20.0,37.0,132.0,369.0,0.0390625,0.072265625,0.2578125,0.720703125,19.53125,100,95.41
layer2.3.conv1,conv,27,128,1,False,128.0,0,16.0,16.0,160000,0.40460747430997446,11.589817702719204,0.09054545080249378,18.361119782181166,0.14344624829829036,5.950063146301764,0.04648486833048253,3.598709456354336,10,128,0.9706965282149883,128,18,25,45,83,0.140625,0.1953125,0.3515625,0.6484375,1250.0,128.0,10000.0,0.020617832667200485,6.504439029801625,0.050815929920325194,10.901705652914115,0.08516957541339153,3.254251293505959,0.025423838230515305,4.100771742001817,10.0,128.0,0.9739073882586159,128.0,11.0,16.0,32.0,60.0,0.0859375,0.125,0.25,0.46875,78.125,100,95.41
layer2.3.conv2,conv,28,128,1,False,128.0,0,16.0,16.0,160000,0.3354530785965678,18.5636102620478,0.14502820517224843,28.87574301529048,0.2255917423069569,7.943376609727557,0.06205762976349654,2.941190751495074,10,128,0.968703159883236,128,26,37,68,109,0.203125,0.2890625,0.53125,0.8515625,1250.0,128.0,10000.0,0.008412956875128939,3.9884167156650268,0.03115950559113302,6.603957247255151,0.051593415994180866,2.458881211026492,0.01921000946114447,3.6567538485132127,10.0,128.0,0.965637944929186,128.0,6.0,11.0,28.0,60.0,0.046875,0.0859375,0.21875,0.46875,78.125,100,95.41
layer2.3.conv3,conv,29,512,1,False,128.0,0,16.0,16.0,160000,0.028795862096073772,17.608180075472717,0.03439097670990765,26.961546803018404,0.05265927109964532,7.015285910336043,0.013701730293625085,9.167093948384041,10,512,0.831217321715419,310,24,33,63,103,0.046875,0.064453125,0.123046875,0.201171875,312.5,512.0,10000.0,0.0008650803794592769,4.998211456915538,0.00976213175178816,8.376825301064564,0.016360986916141726,3.158832068056513,0.006169593882922877,8.179648616384979,10.0,512.0,0.86785604444985,318.0,9.0,15.0,31.0,72.0,0.017578125,0.029296875,0.060546875,0.140625,19.53125,100,95.41
layer2.3,block,30,512,1,False,,0,16.0,16.0,160000,4.077299211363218,58.89806121796168,0.11503527581633141,124.07098518638185,0.24232614294215205,18.330525714530882,0.03580180803619313,1.532477444599194,10,512,0.9833083279052719,512,164,257,421,498,0.3203125,0.501953125,0.822265625,0.97265625,312.5,512.0,10000.0,0.29770117426362924,10.25409856624309,0.020027536262193536,21.801252806789666,0.042580571888261066,4.185293283181074,0.008174400943713035,2.1110565309145506,10.0,512.0,0.9950035315883042,512.0,24.0,45.0,160.0,400.0,0.046875,0.087890625,0.3125,0.78125,19.53125,100,95.41
layer3.0.conv1,conv,31,256,1,False,256.0,0,16.0,16.0,160000,1.1051903381204065,20.791724890378788,0.08121767535304214,31.224069195648934,0.12196902029550365,9.27002768246106,0.03621104563461352,3.6513453072868263,10,256,0.9767456970366911,256,28,36,65,135,0.109375,0.140625,0.25390625,0.52734375,625.0,256.0,10000.0,0.10428298139432174,7.886481484937852,0.030806568300538486,13.267113160011592,0.05182466078129528,3.5276317913744455,0.013779811685056428,4.213818922687009,10.0,256.0,0.9873197714987059,256.0,12.0,18.0,35.0,69.0,0.046875,0.0703125,0.13671875,0.26953125,39.0625,100,95.41
layer3.0.conv2,conv,32,256,1,False,256.0,0,8.0,8.0,160000,2.168226273643368,27.125701495752473,0.1059597714677831,43.814403726388406,0.1711500145562047,11.650090246020701,0.045508165023518364,2.734250168239727,10,256,0.972163348039722,256,40,59,118,208,0.15625,0.23046875,0.4609375,0.8125,625.0,256.0,10000.0,0.2766339598358005,9.653015702154793,0.03770709258654216,15.14493039934768,0.05915988437245188,4.539222649528966,0.017731338474722524,3.3000332444899607,10.0,256.0,0.9931617274018754,256.0,14.0,19.0,38.0,106.0,0.0546875,0.07421875,0.1484375,0.4140625,39.0625,100,95.41
layer3.0.conv3,conv,33,1024,1,False,256.0,0,8.0,8.0,160000,0.5159837554269063,25.380301110836967,0.024785450303551726,36.23552155992679,0.035386251523366004,12.09202371055633,0.011808616904840166,7.549908918783137,10,1024,0.8338678321585233,617,30,40,84,180,0.029296875,0.0390625,0.08203125,0.17578125,156.25,1024.0,10000.0,0.06988124293636433,10.54114637224466,0.010294088254145175,16.367139982895605,0.01598353513954649,4.827459871305431,0.00471431628057171,7.023654544664972,10.0,1024.0,0.8722932354934152,635.0,15.0,20.0,38.0,102.0,0.0146484375,0.01953125,0.037109375,0.099609375,9.765625,100,95.41
layer3.0.downsample.0,conv,34,1024,1,False,512.0,0,8.0,8.0,160000,1.282841280254255,19.5788681716583,0.01911998844888506,32.43515860473764,0.0316749595749391,8.41502834495882,0.008217801118123848,6.033430861803321,10,1024,0.7497837200164181,752,30,43,89,221,0.029296875,0.0419921875,0.0869140625,0.2158203125,156.25,1024.0,10000.0,0.15692398146568978,7.6041507033941755,0.0074259284212833745,12.860732135289522,0.012559308725868674,3.6702836841529547,0.00358426141030562,5.7642049236141855,10.0,1024.0,0.81086194094972,764.0,12.0,18.0,45.0,114.0,0.01171875,0.017578125,0.0439453125,0.111328125,9.765625,100,95.41
layer3.0,block,35,1024,1,False,,0,8.0,8.0,160000,6.107789488817438,41.32519051656074,0.040356631363828846,97.67096684820375,0.09538180356269897,13.559167350327126,0.013241374365553834,1.8034638078421692,10,1024,0.6103655069356403,1019,141,276,661,942,0.1376953125,0.26953125,0.6455078125,0.919921875,156.25,1024.0,10000.0,0.737088404023288,11.834627272453991,0.01155725319575585,25.130341833820555,0.024541349447090386,4.812135061346559,0.0046993506458462495,2.1403994569988107,10.0,1024.0,0.6664061288232326,1019.0,26.0,53.0,234.0,720.0,0.025390625,0.0517578125,0.228515625,0.703125,9.765625,100,95.41
layer3.1.conv1,conv,36,256,1,False,256.0,0,8.0,8.0,160000,0.9826284631180746,13.050777353252009,0.05097959903614066,19.579596796471797,0.07648279998621796,6.358699112019839,0.024838668406327497,3.8387532015848276,10,256,0.9922088902617822,256,18,24,41,91,0.0703125,0.09375,0.16015625,0.35546875,625.0,256.0,10000.0,0.16534901939479438,6.903846239969403,0.02696814937488048,10.838108390989982,0.042336360902304616,3.4441930071542015,0.0134538789341961,4.2199686262220295,10.0,256.0,0.9951311943320812,256.0,10.0,14.0,26.0,52.0,0.0390625,0.0546875,0.1015625,0.203125,39.0625,100,95.41
layer3.1.conv2,conv,37,256,1,False,256.0,0,8.0,8.0,160000,0.7902639580767616,30.91880314432938,0.12077657478253664,47.327644311567155,0.1848736105920592,14.560510331333132,0.05687699348177005,2.840460219597551,10,256,0.9613464531361609,256,42,61,118,202,0.1640625,0.23828125,0.4609375,0.7890625,625.0,256.0,10000.0,0.09499419879005255,8.859076056440088,0.034605765845469094,13.54048012366079,0.05289250048304996,4.617908687473987,0.01803870581044526,3.6743702236605587,10.0,256.0,0.9794661946010802,256.0,12.0,17.0,39.0,92.0,0.046875,0.06640625,0.15234375,0.359375,39.0625,100,95.41
layer3.1.conv3,conv,38,1024,1,False,256.0,0,8.0,8.0,160000,0.11963926608016806,22.265408622831156,0.02174356310823355,38.20198756326347,0.037306628479749485,8.119298275108262,0.007929002221785412,7.675443868109164,10,1024,0.8073445958625898,617,36,55,120,208,0.03515625,0.0537109375,0.1171875,0.203125,156.25,1024.0,10000.0,0.010579200332206318,8.290943530811235,0.008096624541807847,16.332747582311093,0.015949948810850677,3.672630393133625,0.0035865531182945557,7.378276972638434,10.0,1024.0,0.8389515199905183,637.0,18.0,29.0,69.0,158.0,0.017578125,0.0283203125,0.0673828125,0.154296875,9.765625,100,95.41
layer3.1,block,39,1024,1,False,,0,8.0,8.0,160000,5.9382865763862736,67.51227078335026,0.06592995193686549,160.65284546972714,0.1568875444040304,20.857090394114422,0.020368252338002366,1.5170760700243648,10,1024,0.9856026356255873,1024,248,431,799,987,0.2421875,0.4208984375,0.7802734375,0.9638671875,156.25,1024.0,10000.0,0.5599061615576535,15.000933415777714,0.014649349038845424,36.53802668717823,0.03568166668669749,5.5289574105532875,0.005399372471243445,1.8424539563837015,10.0,1024.0,0.9910297865838745,1024.0,47.0,105.0,418.0,867.0,0.0458984375,0.1025390625,0.408203125,0.8466796875,9.765625,100,95.41
layer3.2.conv1,conv,40,256,1,False,256.0,0,8.0,8.0,160000,0.7824650079874196,20.660189913683173,0.08070386685032489,30.202838505835572,0.1179798379134202,10.38029396000837,0.040548023281282694,3.3029740042401565,10,256,0.9876611082710081,256,26,36,68,151,0.1015625,0.140625,0.265625,0.58984375,625.0,256.0,10000.0,0.07203407980390925,11.06952439301527,0.0432403296602159,17.32273564114958,0.06766693609824055,5.684426153672279,0.02220478966278234,3.613100699259095,10.0,256.0,0.9898557144449942,256.0,16.0,24.0,45.0,101.0,0.0625,0.09375,0.17578125,0.39453125,39.0625,100,95.41
layer3.2.conv2,conv,41,256,1,False,256.0,0,8.0,8.0,160000,0.505055623635132,36.130269551090045,0.1411338654339455,58.190873370902345,0.22730809910508729,14.107762204686303,0.05510844611205587,2.4523245965549356,10,256,0.960056131290273,256,55,80,149,227,0.21484375,0.3125,0.58203125,0.88671875,625.0,256.0,10000.0,0.032837604370324056,9.699021960667082,0.03788680453385579,16.740921179726406,0.06539422335830627,4.5190897343781256,0.017652694274914553,3.1294595230209965,10.0,256.0,0.9753132649753733,256.0,17.0,27.0,62.0,140.0,0.06640625,0.10546875,0.2421875,0.546875,39.0625,100,95.41
layer3.2.conv3,conv,42,1024,1,False,256.0,0,8.0,8.0,160000,0.07028918163407159,25.556788965021944,0.024957801723654242,44.93895987730095,0.04388570300517671,8.9925352992295,0.008781772753153809,7.839733717608601,10,1024,0.7910154047960054,619,44,69,145,225,0.04296875,0.0673828125,0.1416015625,0.2197265625,156.25,1024.0,10000.0,0.003707938182437782,9.995128026306437,0.00976086721318988,19.903316500348232,0.01943683251987132,4.6043631635141695,0.004496448401869306,7.562639225505383,10.0,1024.0,0.8140035281034126,638.0,23.0,38.0,94.0,193.0,0.0224609375,0.037109375,0.091796875,0.1884765625,9.765625,100,95.41
layer3.2,block,43,1024,1,False,,0,8.0,8.0,160000,5.550175038430593,95.35060221100855,0.09311582247168804,224.140680618663,0.21888738341666308,28.018069223312512,0.027361395725891125,1.3704196218618412,10,1024,0.985772566264358,1024,348,548,868,1001,0.33984375,0.53515625,0.84765625,0.9775390625,156.25,1024.0,10000.0,0.4364419540623911,18.263770373244263,0.01783571325512135,48.60433125453335,0.047465167240755224,6.3343319856508,0.006185871079737109,1.6968374507486124,10.0,1024.0,0.9912418759050969,1024.0,73.0,169.0,557.0,928.0,0.0712890625,0.1650390625,0.5439453125,0.90625,9.765625,100,95.41
layer3.3.conv1,conv,44,256,1,False,256.0,0,8.0,8.0,160000,0.6996254580260544,27.506587292268353,0.10744760661042325,40.132021907110946,0.15676571057465213,13.621805160094784,0.05321017640662025,3.01362743074238,10,256,0.9828482671907499,256,35,47,93,188,0.13671875,0.18359375,0.36328125,0.734375,625.0,256.0,10000.0,0.05407457202248702,13.530172069375558,0.052852234645998274,22.219018635549553,0.08679304154511544,6.451569894630443,0.025201444900900167,3.3020793263038963,10.0,256.0,0.9871497995802109,256.0,22.0,31.0,60.0,137.0,0.0859375,0.12109375,0.234375,0.53515625,39.0625,100,95.41
layer3.3.conv2,conv,45,256,1,False,256.0,0,8.0,8.0,160000,0.3796615326131588,39.685291082872574,0.155020668292471,67.77383301073777,0.26474153519819443,11.442858918935391,0.04469866765209137,2.2727323628435516,10,256,0.9234785981734273,256,65,94,169,236,0.25390625,0.3671875,0.66015625,0.921875,625.0,256.0,10000.0,0.0228561180153801,12.030204860158642,0.0469929877349947,21.735151255091072,0.0849029345901995,5.877943477813138,0.02296071671020757,2.996839968259283,10.0,256.0,0.9572523078590575,256.0,22.0,34.0,78.0,166.0,0.0859375,0.1328125,0.3046875,0.6484375,39.0625,100,95.41
layer3.3.conv3,conv,46,1024,1,False,256.0,0,8.0,8.0,160000,0.04541525650077216,29.83060183816174,0.029131447107579825,51.6750945970515,0.0504639595674331,11.12490517338703,0.01086416520838577,7.999748994632832,10,1024,0.782329520361801,612,51,79,158,230,0.0498046875,0.0771484375,0.154296875,0.224609375,156.25,1024.0,10000.0,0.002285159968453437,12.041039295736608,0.011758827437242781,25.08740125766431,0.024499415290687804,5.1249167654017125,0.00500480152871261,7.797315498457568,10.0,1024.0,0.8083846789912845,637.0,29.0,46.0,110.0,205.0,0.0283203125,0.044921875,0.107421875,0.2001953125,9.765625,100,95.41
layer3.3,block,47,1024,1,False,,0,8.0,8.0,160000,4.8814937918501515,124.2968212503048,0.12138361450225078,287.0078424151997,0.2802810961085935,33.44588335235336,0.03266199546128258,1.2612647923625053,10,1024,0.9860283161130319,1024,431,629,905,1008,0.4208984375,0.6142578125,0.8837890625,0.984375,156.25,1024.0,10000.0,0.3488549246334767,21.311014266760434,0.020811537369883237,60.92012709224615,0.05949231161352163,7.054586681944108,0.006889244806586043,1.5998219555606656,10.0,1024.0,0.9915447667708883,1024.0,104.0,235.0,649.0,956.0,0.1015625,0.2294921875,0.6337890625,0.93359375,9.765625,100,95.41
layer3.4.conv1,conv,48,256,1,False,256.0,0,8.0,8.0,160000,0.5527592615125458,32.51399405958752,0.12700778929526374,48.712157403967794,0.1902818648592492,13.699625222235813,0.053514161024358645,2.793009762108373,10,256,0.9755517324165288,256,42,58,116,209,0.1640625,0.2265625,0.453125,0.81640625,625.0,256.0,10000.0,0.04150318238298207,14.878218774154659,0.05811804208654164,25.78551705783693,0.10072467600717551,6.416980905986285,0.025066331664008925,3.1028275328408053,10.0,256.0,0.9835252586373642,256.0,26.0,37.0,74.0,163.0,0.1015625,0.14453125,0.2890625,0.63671875,39.0625,100,95.41
layer3.4.conv2,conv,49,256,1,False,256.0,0,8.0,8.0,160000,0.3560612894095767,36.80215581770547,0.143758421162912,66.12021354643011,0.2582820841657426,10.908113165238637,0.042609817051713426,2.253983441786783,10,256,0.90331040852363,256,66,95,169,236,0.2578125,0.37109375,0.66015625,0.921875,625.0,256.0,10000.0,0.020712075504887392,11.977622457078544,0.04678758772296306,24.13899922894659,0.09429296573807262,4.417235552313703,0.017254826376225402,3.040025610263827,10.0,256.0,0.9483827124502486,256.0,26.0,39.0,83.0,171.0,0.1015625,0.15234375,0.32421875,0.66796875,39.0625,100,95.41
layer3.4.conv3,conv,50,1024,1,False,256.0,0,8.0,8.0,160000,0.043637416734662884,21.165369254565533,0.020669305912661654,42.311290127573194,0.0413196192652082,6.515289932355911,0.006362587824566319,7.87774780123189,10,1024,0.800440289574469,619,44,66,137,217,0.04296875,0.064453125,0.1337890625,0.2119140625,156.25,1024.0,10000.0,0.0025495701178571023,8.298262211819305,0.00810377169122979,20.25321035194646,0.019778525734322715,3.306060951573482,0.0032285751480209783,7.660454325310337,10.0,1024.0,0.8273208467107376,638.0,25.0,39.0,90.0,185.0,0.0244140625,0.0380859375,0.087890625,0.1806640625,9.765625,100,95.41
layer3.4,block,51,1024,1,False,,0,8.0,8.0,160000,4.223392507357318,151.81353070276674,0.14825540107692065,339.834497064629,0.33186962603967674,39.34990166943286,0.03842763834905553,1.1909121865012862,10,1024,0.9819804198258649,1024,487,677,922,1010,0.4755859375,0.6611328125,0.900390625,0.986328125,156.25,1024.0,10000.0,0.28818707737076993,24.37851211141736,0.023807140733806017,72.6852915297586,0.07098173000952988,7.6452634328836355,0.007466077571175425,1.5487140565943336,10.0,1024.0,0.9900129523988311,1024.0,132.0,287.0,701.0,968.0,0.12890625,0.2802734375,0.6845703125,0.9453125,9.765625,100,95.41
layer3.5.conv1,conv,52,256,1,False,256.0,0,8.0,8.0,160000,0.4825694089616509,34.25196510295322,0.13379673868341102,52.53953906290376,0.20523257446446783,13.36024357510576,0.05218845146525688,2.6661005717356234,10,256,0.9719445513567849,256,46,65,129,217,0.1796875,0.25390625,0.50390625,0.84765625,625.0,256.0,10000.0,0.03649554319112169,16.313254404251637,0.06372365001660796,28.67747280269943,0.11202137813554465,6.777743417698135,0.02647556022538334,3.0238829207198203,10.0,256.0,0.9818264474727686,256.0,29.0,41.0,82.0,174.0,0.11328125,0.16015625,0.3203125,0.6796875,39.0625,100,95.41
layer3.5.conv2,conv,53,256,1,False,256.0,0,8.0,8.0,160000,0.4459617198165757,31.64982388052377,0.12363212453329597,58.10935878019084,0.22698968273512046,9.618071990624388,0.03757059371337652,2.3032748666177083,10,256,0.9558077741901242,256,59,86,159,233,0.23046875,0.3359375,0.62109375,0.91015625,625.0,256.0,10000.0,0.028589694089622735,13.533303330174375,0.05286446613349365,24.805814353815602,0.0968977123195922,5.104556728570257,0.019939674720977567,3.1622210712992382,10.0,256.0,0.976895585342916,256.0,25.0,35.0,75.0,159.0,0.09765625,0.13671875,0.29296875,0.62109375,39.0625,100,95.41
layer3.5.conv3,conv,54,1024,1,False,256.0,0,8.0,8.0,160000,0.04672801946043725,13.555621423660737,0.013237911546543689,28.12523112779634,0.027466046023238613,4.652665495337309,0.004543618647790341,7.5644541379310315,10,1024,0.8206534533513539,619,29,45,102,195,0.0283203125,0.0439453125,0.099609375,0.1904296875,156.25,1024.0,10000.0,0.004225682924916354,5.485728329727477,0.0053571565719994895,12.947266488839423,0.012643814930507249,2.514600928447946,0.002455664969187447,7.2638587863275434,10.0,1024.0,0.8523853689786327,635.0,16.0,24.0,52.0,140.0,0.015625,0.0234375,0.05078125,0.13671875,9.765625,100,95.41
layer3.5,block,55,1024,1,False,,0,8.0,8.0,160000,4.02968440876242,149.13176957988807,0.14563649373035945,346.33604181236836,0.338218790832391,31.144802761519827,0.030414846446796706,1.1653413125971266,10,1024,0.9807219469650807,1024,502,688,926,1010,0.490234375,0.671875,0.904296875,0.986328125,156.25,1024.0,10000.0,0.29474971234374825,27.08056452194714,0.026445863790964003,74.42408756396968,0.07267977301168914,9.564742439601256,0.009340568788673101,1.54797111841924,10.0,1024.0,0.9901530458822507,1024.0,130.0,284.0,699.0,967.0,0.126953125,0.27734375,0.6826171875,0.9443359375,9.765625,100,95.41
layer4.0.conv1,conv,56,512,1,False,512.0,0,8.0,8.0,160000,0.6436536572134828,25.19814031722842,0.04921511780708676,43.59105822412905,0.08513878559400205,8.353293055850417,0.016315025499707845,2.87503386070054,10,512,0.9739966270779485,512,39,59,141,322,0.076171875,0.115234375,0.275390625,0.62890625,312.5,512.0,10000.0,0.07828622110697309,13.754770278345344,0.02686478569989325,22.427172963566495,0.04380307219446581,6.224487238788685,0.01215720163825915,3.2336115535888954,10.0,512.0,0.9850941001829949,512.0,21.0,29.0,63.0,183.0,0.041015625,0.056640625,0.123046875,0.357421875,19.53125,100,95.41
layer4.0.conv2,conv,57,512,1,False,512.0,0,4.0,4.0,160000,0.8399433740210579,21.021361074801934,0.04105734584922253,34.12924468116527,0.06665868101790091,8.530576236418764,0.016661281711755398,2.876763002271594,10,512,0.9792156532934772,512,29,46,121,292,0.056640625,0.08984375,0.236328125,0.5703125,312.5,512.0,10000.0,0.19599221041040266,11.491712534387728,0.022444751043726032,16.789292531820514,0.03279158697621194,5.6075097390257715,0.01095216745903471,3.1132982952897645,10.0,512.0,0.9861725324970328,512.0,15.0,20.0,40.0,147.0,0.029296875,0.0390625,0.078125,0.287109375,19.53125,100,95.41
layer4.0.conv3,conv,58,2048,1,False,512.0,0,4.0,4.0,160000,0.197147654560611,12.59443117187417,0.006149624595641685,16.392230037415835,0.008004018572956951,8.255608482076436,0.004031058829138885,5.287525161228389,10,2048,0.9536746306289068,1258,14,19,29,61,0.0068359375,0.00927734375,0.01416015625,0.02978515625,78.125,2048.0,10000.0,0.07568788620717068,8.922327221291402,0.0043566050885211925,11.01949010207904,0.005380610401405781,5.336145121513886,0.0026055396101142022,4.644705966817237,10.0,2048.0,0.9792154766376147,1272.0,9.0,11.0,20.0,33.0,0.00439453125,0.00537109375,0.009765625,0.01611328125,4.8828125,100,95.41
layer4.0.downsample.0,conv,59,2048,1,False,1024.0,0,4.0,4.0,160000,0.2224714106752706,17.764723878918325,0.008674181581503088,27.052188556687295,0.013209076443694968,8.653135765076767,0.00422516394779139,5.268392231239084,10,2048,0.7333539420115966,1513,23,32,85,317,0.01123046875,0.015625,0.04150390625,0.15478515625,78.125,2048.0,10000.0,0.04765291684693382,8.720504575413806,0.004258058874713772,14.070971084566525,0.006870591349885998,4.166688244200958,0.002034515744238749,4.970528831330557,10.0,2048.0,0.7800344466137257,1528.0,13.0,19.0,41.0,165.0,0.00634765625,0.00927734375,0.02001953125,0.08056640625,4.8828125,100,95.41
layer4.0,block,60,2048,1,False,,0,4.0,4.0,160000,18.486668232401158,15.36354812383818,0.0075017324823428615,25.32012128203776,0.012363340469745,8.110132311706591,0.003960025542825484,1.8660468101348793,10,2048,0.9904017207614539,2048,21,35,202,1200,0.01025390625,0.01708984375,0.0986328125,0.5859375,78.125,2048.0,10000.0,6.4902351809261,8.620106275357681,0.004209036267264493,12.64296892119771,0.006173324668553569,4.488136791789134,0.002191473042865788,2.0572682420757977,10.0,2048.0,0.9885948434996533,2048.0,9.0,15.0,43.0,390.0,0.00439453125,0.00732421875,0.02099609375,0.1904296875,4.8828125,100,95.41
layer4.1.conv1,conv,61,512,1,False,512.0,0,4.0,4.0,160000,1.7811699345528558,15.836021304400271,0.03092972911015678,19.151669067549612,0.037405603647557836,9.054683047209274,0.017684927826580613,4.848424853883499,10,512,0.9917723309990006,512,16,19,25,33,0.03125,0.037109375,0.048828125,0.064453125,312.5,512.0,10000.0,0.5289448419008324,10.832212168484471,0.021156664391571232,13.733535442370753,0.026823311410880377,6.498877991199698,0.01269312107656191,5.061892279793423,10.0,512.0,0.9883810953665287,491.0,12.0,15.0,21.0,28.0,0.0234375,0.029296875,0.041015625,0.0546875,19.53125,100,95.41
layer4.1.conv2,conv,62,512,1,False,512.0,0,4.0,4.0,160000,0.21291118711461146,23.218664941032575,0.04534895496295425,37.21732695287669,0.07269009170483728,9.48604785192641,0.01852743721079377,4.12228478139738,10,512,0.9637608754881601,512,34,47,89,169,0.06640625,0.091796875,0.173828125,0.330078125,312.5,512.0,10000.0,0.044631218063969844,11.72593133657599,0.02290220964174998,15.95399981994058,0.031160155898321447,6.930877847295811,0.013536870795499631,4.292874815669627,10.0,512.0,0.9859900143820555,512.0,13.0,17.0,34.0,78.0,0.025390625,0.033203125,0.06640625,0.15234375,19.53125,100,95.41
layer4.1.conv3,conv,63,2048,1,False,512.0,0,4.0,4.0,160000,0.043034997467822404,10.31070456565197,0.0050345237136972506,12.892720546892967,0.006295273704537582,6.523488541033067,0.003185297139176302,5.14780874982293,10,2048,0.9644504507895865,1258,10,12,25,59,0.0048828125,0.005859375,0.01220703125,0.02880859375,78.125,2048.0,10000.0,0.02642638459649886,8.637576241320316,0.0042175665240821855,9.646704372543985,0.0047103048694062425,5.6705260086685305,0.002768811527670181,4.270420055317324,10.0,2048.0,0.9826961843496501,1259.0,9.0,9.0,10.0,23.0,0.00439453125,0.00439453125,0.0048828125,0.01123046875,4.8828125,100,95.41
layer4.1,block,64,2048,1,False,,0,4.0,4.0,160000,28.01811532678249,14.134377637144103,0.006901551580636769,22.62779159741527,0.011048726365925425,8.2314211605276,0.004019248613538867,1.8815014530174172,10,2048,0.9916212273284022,2048,19,32,170,1120,0.00927734375,0.015625,0.0830078125,0.546875,78.125,2048.0,10000.0,13.340451259886066,8.972541495458934,0.004381123777079558,11.697101919479383,0.005711475546620793,5.328536397418484,0.002601824412801994,2.0960066123404175,10.0,2048.0,0.990366938762307,2048.0,9.0,11.0,34.0,263.0,0.00439453125,0.00537109375,0.0166015625,0.12841796875,4.8828125,100,95.41
layer4.2.conv1,conv,65,512,1,False,512.0,0,4.0,4.0,160000,5.772019608511631,11.18468683545095,0.021845091475490137,13.189622162404225,0.025760980785945752,7.057544688962398,0.013784266970629684,4.9975593193623356,10,512,0.9839731221311716,503,10,12,20,29,0.01953125,0.0234375,0.0390625,0.056640625,312.5,512.0,10000.0,2.7850226200173767,9.089678223148832,0.017753277779587563,10.242731308253001,0.020005334586431642,5.587935889293874,0.010913937283777098,5.06875107015931,10.0,512.0,0.9878858455690231,435.0,9.0,10.0,13.0,23.0,0.017578125,0.01953125,0.025390625,0.044921875,19.53125,100,95.41
layer4.2.conv2,conv,66,512,1,False,512.0,0,4.0,4.0,160000,0.27858698954049926,18.539446879844693,0.036209857187196666,27.336023616517384,0.053390671126010515,8.1520931987114,0.015922057028733203,4.263808880631979,10,512,0.9771904132289687,512,23,32,59,126,0.044921875,0.0625,0.115234375,0.24609375,312.5,512.0,10000.0,0.10967430436459061,9.464900699720566,0.01848613417914173,11.014786524955754,0.021513254931554208,5.81420758211426,0.011355874183816913,4.476284833412967,10.0,512.0,0.9811850439636369,512.0,9.0,10.0,17.0,49.0,0.017578125,0.01953125,0.033203125,0.095703125,19.53125,100,95.41
layer4.2.conv3,conv,67,2048,1,False,512.0,0,4.0,4.0,160000,0.12618724525625957,8.793429185596475,0.004293666594529529,9.513944599428683,0.004645480761439787,6.235058636218504,0.0030444622247160665,4.280547896875465,10,2048,0.9825452362806648,1249,8,9,10,34,0.00390625,0.00439453125,0.0048828125,0.0166015625,78.125,2048.0,10000.0,0.10504682507637808,8.639745480649788,0.004218625722973529,9.012931855605787,0.004400845632620013,6.269708504119169,0.003061381105526938,3.4279510275640965,10.0,2048.0,0.9626684588672688,1213.0,8.0,9.0,9.0,13.0,0.00390625,0.00439453125,0.00439453125,0.00634765625,4.8828125,100,95.41
layer4.2,block,68,2048,1,False,,0,4.0,4.0,160000,58.539609338797305,11.831315538007734,0.005777009540042839,17.43661377841316,0.008513971571490801,7.579224488547484,0.0037007932072985763,1.8854204632740552,10,2048,0.9925692478474795,2048,12,25,114,934,0.005859375,0.01220703125,0.0556640625,0.4560546875,78.125,2048.0,10000.0,39.84992691555891,9.16927522749645,0.004477185169676001,11.011958239470152,0.005376932734116285,6.130756192831043,0.0029935332972807825,2.201437485037636,10.0,2048.0,0.9923692602672214,2048.0,9.0,9.0,31.0,177.0,0.00439453125,0.00439453125,0.01513671875,0.08642578125,4.8828125,100,95.41
fc,linear,69,10,1,False,,0,,,10000,177.89835206183827,7.219010863038698,0.7219010863038698,8.06915996607355,0.8069159966073549,4.124761874821686,0.4124761874821686,,10,10,,9,8,9,9,9,0.8,0.9,0.9,0.9,1000.0,,,,,,,,,,,,,,,,,,,,,,,,100,95.41
