layer,kind,depth_index,C,groups,is_depthwise,r_max,call_index,H,W,n_samples,total_variance,participation_ratio,participation_ratio_norm,effective_rank,effective_rank_norm,stable_rank,stable_rank_norm,powerlaw_alpha,powerlaw_fit_lo,powerlaw_fit_hi,powerlaw_r2,nonzero_eigs,k_star_0.9,k_star_0.95,k_star_0.99,k_star_0.999,k_star_ratio_0.9,k_star_ratio_0.95,k_star_ratio_0.99,k_star_ratio_0.999,model,weights,source,n_over_C,n_over_C_ok,k_star_rmax_0.9,k_star_rmax_0.95,k_star_rmax_0.99,k_star_rmax_0.999,r_max_over_C,pooled_n_samples,pooled_total_variance,pooled_participation_ratio,pooled_participation_ratio_norm,pooled_effective_rank,pooled_effective_rank_norm,pooled_stable_rank,pooled_stable_rank_norm,pooled_powerlaw_alpha,pooled_powerlaw_fit_lo,pooled_powerlaw_fit_hi,pooled_powerlaw_r2,pooled_nonzero_eigs,pooled_k_star_0.9,pooled_k_star_0.95,pooled_k_star_0.99,pooled_k_star_0.999,pooled_k_star_ratio_0.9,pooled_k_star_ratio_0.95,pooled_k_star_ratio_0.99,pooled_k_star_ratio_0.999,pooled_n_over_C,pooled_n_over_C_ok
conv1,conv,0,64,1,False,64.0,0,112.0,112.0,102400,7.448726685870364,1.7804658359949137,0.027819778687420527,3.0982051983048207,0.04840945622351282,1.354553472500286,0.021164898007816967,3.241014226116567,10,64,0.9227668007999618,64,4,7,21,43,0.0625,0.109375,0.328125,0.671875,resnet50_random,random_init(seed=0),imagenet_val[6400],1600.0,True,0.0625,0.109375,0.328125,0.671875,1.0,6400.0,2.068439054229267,1.6429216627991376,0.025670650981236526,1.9679310895334001,0.030748923273959377,1.3306745500665398,0.020791789844789684,6.634816392305719,10.0,64.0,0.9831337004742075,52.0,2.0,2.0,3.0,3.0,0.03125,0.03125,0.046875,0.046875,100.0,True
bn1,bn,1,64,1,False,64.0,0,112.0,112.0,102400,7.460721922619768,1.7785695123742606,0.027790148630847823,3.096475454719194,0.04838242897998741,1.3535918684299029,0.021149872944217232,3.2484588566652115,10,64,0.9234188790740749,64,4,7,21,43,0.0625,0.109375,0.328125,0.671875,resnet50_random,random_init(seed=0),imagenet_val[6400],1600.0,True,0.0625,0.109375,0.328125,0.671875,1.0,6400.0,2.068418340444028,1.642921663024689,0.025670650984760766,1.9679311015565035,0.030748923461820368,1.3306745499613384,0.020791789843145912,6.526745546959251,10.0,64.0,0.9868454531038793,53.0,2.0,2.0,3.0,3.0,0.03125,0.03125,0.046875,0.046875,100.0,True
relu,act,2,64,1,False,,0,112.0,112.0,102400,2.4467495418500986,2.952024793279777,0.04612538739499652,6.2424019443380665,0.09753753038028229,1.8073045883283292,0.028239134192630144,1.7189982694827761,10,64,0.9939471591948051,64,9,18,44,61,0.140625,0.28125,0.6875,0.953125,resnet50_random,random_init(seed=0),imagenet_val[6400],1600.0,True,,,,,,6400.0,0.6576081280260885,2.530756658165719,0.03954307278383936,3.5497688060774664,0.05546513759496041,1.7149257821151385,0.02679571534554904,3.4216724877384754,10.0,64.0,0.9932516011301243,64.0,3.0,5.0,7.0,13.0,0.046875,0.078125,0.109375,0.203125,100.0,True
layer1.0.conv1,conv,3,64,1,False,64.0,0,56.0,56.0,102400,6.590442225151506,2.8294920437778237,0.044210813184028495,5.264056919492514,0.08225088936707053,1.7774397027679496,0.027772495355749213,3.6933892156488337,10,64,0.7336752962454622,64,6,11,28,47,0.09375,0.171875,0.4375,0.734375,resnet50_random,random_init(seed=0),imagenet_val[6400],1600.0,True,0.09375,0.171875,0.4375,0.734375,1.0,6400.0,1.8639625433820473,2.5578291015315364,0.03996607971143026,3.6358836517096815,0.056810682057963774,1.7166235084473374,0.026822242319489646,4.6984733768717435,10.0,64.0,0.8394511244243077,64.0,4.0,5.0,7.0,17.0,0.0625,0.078125,0.109375,0.265625,100.0,True
layer1.0.bn1,bn,4,64,1,False,64.0,0,56.0,56.0,102400,6.571244992254174,2.837138219670704,0.04433028468235475,5.283359270693032,0.08255248860457863,1.7799432008550597,0.02781161251336031,3.693483780974211,10,64,0.733733622611316,64,6,11,28,47,0.09375,0.171875,0.4375,0.734375,resnet50_random,random_init(seed=0),imagenet_val[6400],1600.0,True,0.09375,0.171875,0.4375,0.734375,1.0,6400.0,1.863943877361829,2.5578291064778425,0.03996607978871629,3.635883676006151,0.056810682437596106,1.716623510570851,0.026822242352669546,4.696949911248917,10.0,64.0,0.8400221748142926,64.0,4.0,5.0,7.0,17.0,0.0625,0.078125,0.109375,0.265625,100.0,True
layer1.0.relu,act,5,64,1,False,,0,56.0,56.0,102400,2.722165293341937,3.5316211153177495,0.055181579926839835,6.69578744893211,0.10462167888956422,2.069748490974967,0.03233982017148386,4.000496186295799,10,64,0.5992774619740301,64,8,15,35,51,0.125,0.234375,0.546875,0.796875,resnet50_random,random_init(seed=0),imagenet_val[6400],1600.0,True,,,,,,6400.0,0.7926640525304626,2.846812430716664,0.044481444229947875,4.0955680312613865,0.06399325048845916,1.8561946519841726,0.029003041437252696,4.931560550244525,10.0,64.0,0.6849067643411121,64.0,4.0,5.0,9.0,27.0,0.0625,0.078125,0.140625,0.421875,100.0,True
layer1.0.conv2,conv,6,64,1,False,64.0,0,56.0,56.0,102400,5.013004147045967,4.619866869765525,0.07218541984008633,10.290943339825338,0.1607959896847709,2.3918013847516812,0.03737189663674502,1.6693974444064812,10,64,0.9935343625094855,64,15,27,51,63,0.234375,0.421875,0.796875,0.984375,resnet50_random,random_init(seed=0),imagenet_val[6400],1600.0,True,0.234375,0.421875,0.796875,0.984375,1.0,6400.0,1.3564512211390478,2.7602273389968275,0.04312855217182543,4.068254341370875,0.06356647408391992,1.8059793608442507,0.028218427513191417,4.313323746007776,10.0,64.0,0.9473224029146395,64.0,4.0,5.0,9.0,24.0,0.0625,0.078125,0.140625,0.375,100.0,True
layer1.0.bn2,bn,7,64,1,False,64.0,0,56.0,56.0,102400,5.025214629521764,4.644248087439061,0.07256637636623532,10.346450466816185,0.1616632885440029,2.399482673280915,0.037491916770014296,1.6774086718629933,10,64,0.9937854588466708,64,15,27,51,63,0.234375,0.421875,0.796875,0.984375,resnet50_random,random_init(seed=0),imagenet_val[6400],1600.0,True,0.234375,0.421875,0.796875,0.984375,1.0,6400.0,1.3564376425266524,2.760227356432735,0.04312855244426148,4.06825442524069,0.06356647539438579,1.805979367479953,0.028218427616874264,4.313294651067606,10.0,64.0,0.9473273746723128,64.0,4.0,5.0,9.0,24.0,0.0625,0.078125,0.140625,0.375,100.0,True
layer1.0.relu,act,8,64,1,False,,1,56.0,56.0,102400,2.3663161771852397,4.943217999951975,0.07723778124924961,10.260156494647916,0.16031494522887368,2.7261899046355276,0.04259671725993012,2.616676753729113,10,64,0.7345558396499416,64,15,26,44,57,0.234375,0.40625,0.6875,0.890625,resnet50_random,random_init(seed=0),imagenet_val[6400],1600.0,True,,,,,,6400.0,0.6376179323167985,2.8370561905209764,0.044329002976890255,4.103384453420747,0.06411538208469918,1.9266170040318196,0.03010339068799718,3.9065223002042506,10.0,64.0,0.8355524640726129,64.0,4.0,6.0,11.0,29.0,0.0625,0.09375,0.171875,0.453125,100.0,True
layer1.0.conv3,conv,9,256,1,False,64.0,0,56.0,56.0,102400,5.021830752841985,4.7255969620984715,0.018459363133197154,9.482991130127171,0.03704293410205926,2.698796623608813,0.010542174310971925,10.081678488059671,10,256,0.8354440563911546,157,13,23,41,55,0.05078125,0.08984375,0.16015625,0.21484375,resnet50_random,random_init(seed=0),imagenet_val[6400],400.0,True,0.203125,0.359375,0.640625,0.859375,0.25,6400.0,1.3505728244971753,2.8566749248034267,0.011158886425013385,4.05286431238537,0.01583150122025535,1.9659535922376317,0.007679506219678249,8.898996496588095,10.0,256.0,0.8855867549009592,158.0,4.0,5.0,10.0,27.0,0.015625,0.01953125,0.0390625,0.10546875,25.0,False
layer1.0.bn3,bn,10,256,1,False,64.0,0,56.0,56.0,102400,5.022426196448745,4.722405443257926,0.018446896262726272,9.467578387965766,0.03698272807799127,2.700347690799475,0.010548233167185448,10.086536403445352,10,256,0.8367296572964881,158,13,23,41,55,0.05078125,0.08984375,0.16015625,0.21484375,resnet50_random,random_init(seed=0),imagenet_val[6400],400.0,True,0.203125,0.359375,0.640625,0.859375,0.25,6400.0,1.3505593006948264,2.8566749253858674,0.011158886427288545,4.052864305410252,0.015831501193008798,1.965953592621787,0.007679506221178856,8.969462899978732,10.0,256.0,0.8862829206749279,158.0,4.0,5.0,10.0,27.0,0.015625,0.01953125,0.0390625,0.10546875,25.0,False
layer1.0.downsample.0,conv,11,256,1,False,64.0,0,56.0,56.0,102400,6.286613701407499,2.73824250904028,0.010696259800938595,5.597233194305046,0.021864192165254086,1.7244257314558482,0.006736038013499407,9.707961396696959,10,256,0.8118963772563754,157,7,14,41,60,0.02734375,0.0546875,0.16015625,0.234375,resnet50_random,random_init(seed=0),imagenet_val[6400],400.0,True,0.109375,0.21875,0.640625,0.9375,0.25,6400.0,1.718040584085958,2.5775595168021086,0.010068591862508237,3.6637346528113994,0.014311463487544529,1.7490716246776834,0.006832311033897201,8.567070032940762,10.0,256.0,0.8646999050474788,158.0,4.0,5.0,8.0,22.0,0.015625,0.01953125,0.03125,0.0859375,25.0,False
layer1.0.downsample.1,bn,12,256,1,False,64.0,0,56.0,56.0,102400,6.288048846053355,2.737659549400259,0.010693982614844761,5.598135565612782,0.021867717053174928,1.7240349066878449,0.006734511354249394,9.697729308834965,10,256,0.8103367830368059,156,7,14,41,60,0.02734375,0.0546875,0.16015625,0.234375,resnet50_random,random_init(seed=0),imagenet_val[6400],400.0,True,0.109375,0.21875,0.640625,0.9375,0.25,6400.0,1.7180233791425858,2.5775595158981752,0.010068591858977247,3.6637346332065133,0.014311463410962942,1.7490716246053333,0.006832311033614583,8.520367534950777,10.0,256.0,0.8646771288809687,160.0,4.0,5.0,8.0,22.0,0.015625,0.01953125,0.03125,0.0859375,25.0,False
layer1.0.relu,act,13,256,1,False,,2,56.0,56.0,102400,4.428877757321466,4.863212037591861,0.018996922021843207,11.953477396449937,0.04669327107988257,2.5639544570063126,0.010015447097680909,2.6881083787958064,10,256,0.40528158081302745,254,20,43,121,203,0.078125,0.16796875,0.47265625,0.79296875,resnet50_random,random_init(seed=0),imagenet_val[6400],400.0,True,,,,,,6400.0,1.1750113037882328,3.1969764041318776,0.012488189078640147,4.669590902709161,0.01824058946370766,2.06743156159162,0.008075904537467265,3.506417982743354,10.0,256.0,0.701494128121074,255.0,4.0,6.0,13.0,54.0,0.015625,0.0234375,0.05078125,0.2109375,25.0,False
layer1.0,block,14,256,1,False,,0,56.0,56.0,102400,4.420747811333444,4.908661208407194,0.019174457845340602,12.054908701056625,0.04708948711350244,2.582361928357802,0.010087351282647664,2.912505268376429,10,256,0.3048059477373283,254,20,43,122,203,0.078125,0.16796875,0.4765625,0.79296875,resnet50_random,random_init(seed=0),imagenet_val[6400],400.0,True,,,,,,6400.0,1.1750113037882328,3.1969764041318776,0.012488189078640147,4.669590902709161,0.01824058946370766,2.06743156159162,0.008075904537467265,3.506417982743354,10.0,256.0,0.701494128121074,255.0,4.0,6.0,13.0,54.0,0.015625,0.0234375,0.05078125,0.2109375,25.0,False
layer1.1.conv1,conv,15,64,1,False,64.0,0,56.0,56.0,102400,8.608472746935066,4.393451000175116,0.06864767187773618,9.567621289561753,0.1494940826494024,2.3154072476151253,0.03617823824398633,1.997762900120304,10,64,0.9673320955069707,64,14,23,46,61,0.21875,0.359375,0.71875,0.953125,resnet50_random,random_init(seed=0),imagenet_val[6400],1600.0,True,0.21875,0.359375,0.71875,0.953125,1.0,6400.0,2.2541351811748056,2.9559852359529146,0.04618726931176429,4.48762004914493,0.07011906326788953,1.8919654124956422,0.02956195957024441,3.2435196377074655,10.0,64.0,0.9901218846411097,64.0,4.0,6.0,12.0,33.0,0.0625,0.09375,0.1875,0.515625,100.0,True
layer1.1.bn1,bn,16,64,1,False,64.0,0,56.0,56.0,102400,8.61385594107951,4.404841629200829,0.06882565045626295,9.587036865707907,0.14979745102668604,2.3206659567445893,0.03626040557413421,2.0009425773730665,10,64,0.9672175134654052,64,14,23,46,61,0.21875,0.359375,0.71875,0.953125,resnet50_random,random_init(seed=0),imagenet_val[6400],1600.0,True,0.21875,0.359375,0.71875,0.953125,1.0,6400.0,2.254112609741529,2.9559852365191586,0.04618726932061185,4.487620037426971,0.07011906308479642,1.891965411772437,0.029561959558944327,3.243520541617771,10.0,64.0,0.9901219231224355,64.0,4.0,6.0,12.0,33.0,0.0625,0.09375,0.1875,0.515625,100.0,True
layer1.1.relu,act,17,64,1,False,,0,56.0,56.0,102400,4.502666254546276,4.176677914821074,0.06526059241907928,8.693170557665294,0.13583078996352022,2.304367902104708,0.03600574847038606,4.480600225297932,10,64,0.22090679385999623,63,13,22,41,54,0.203125,0.34375,0.640625,0.84375,resnet50_random,random_init(seed=0),imagenet_val[6400],1600.0,True,,,,,,6400.0,1.1944976148256692,2.7857544847918287,0.043527413824872324,4.139054069104506,0.0646727198297579,1.84627885085145,0.028848107044553907,4.803378110015147,10.0,64.0,0.5703492318570758,64.0,4.0,5.0,13.0,33.0,0.0625,0.078125,0.203125,0.515625,100.0,True
layer1.1.conv2,conv,18,64,1,False,64.0,0,56.0,56.0,102400,9.02676727555544,5.2405389595195375,0.08188342124249277,11.670898141006607,0.18235778345322823,2.6839959329800576,0.0419374364528134,1.4367045618920842,10,64,0.986551458270768,64,19,32,54,63,0.296875,0.5,0.84375,0.984375,resnet50_random,random_init(seed=0),imagenet_val[6400],1600.0,True,0.296875,0.5,0.84375,0.984375,1.0,6400.0,2.218585301483822,2.9597607578591623,0.04624626184154941,4.192434845372428,0.06550679445894418,1.9840835094849516,0.03100130483570237,4.331107637559802,10.0,64.0,0.934081182908968,64.0,4.0,5.0,11.0,28.0,0.0625,0.078125,0.171875,0.4375,100.0,True
layer1.1.bn2,bn,19,64,1,False,64.0,0,56.0,56.0,102400,9.08898499346374,5.265178120086929,0.08226840812635827,11.699777425400482,0.18280902227188253,2.7008836592900503,0.042201307176407035,1.4326246937889193,10,64,0.9868766800031649,64,19,32,54,63,0.296875,0.5,0.84375,0.984375,resnet50_random,random_init(seed=0),imagenet_val[6400],1600.0,True,0.296875,0.5,0.84375,0.984375,1.0,6400.0,2.21856308163112,2.959760745919075,0.04624626165498555,4.192434768309848,0.06550679325484138,1.98408350515258,0.031001304768009063,4.33115692199553,10.0,64.0,0.9340724106282946,64.0,4.0,5.0,11.0,28.0,0.0625,0.078125,0.171875,0.4375,100.0,True
layer1.1.relu,act,20,64,1,False,,1,56.0,56.0,102400,3.4233623817838676,5.5338805659475065,0.08646688384292979,11.607587604378553,0.1813685563184149,2.9543690516809824,0.04616201643251535,3.7709506053905253,10,64,0.45252376405926675,64,18,28,43,54,0.28125,0.4375,0.671875,0.84375,resnet50_random,random_init(seed=0),imagenet_val[6400],1600.0,True,,,,,,6400.0,0.7864299170840642,3.1639467777210553,0.04943666840189149,4.377558401094634,0.06839935001710365,2.4032215129202203,0.03755033613937844,5.118131269168282,10.0,64.0,0.6472936817170085,64.0,4.0,6.0,13.0,32.0,0.0625,0.09375,0.203125,0.5,100.0,True
layer1.1.conv3,conv,21,256,1,False,64.0,0,56.0,56.0,102400,6.635308792777487,5.741931646848153,0.022429420495500597,11.81320132535251,0.046145317677158244,2.974708062846608,0.011619953370494563,10.281716781904167,10,256,0.8483991718513804,158,17,26,42,53,0.06640625,0.1015625,0.1640625,0.20703125,resnet50_random,random_init(seed=0),imagenet_val[6400],400.0,True,0.265625,0.40625,0.65625,0.828125,0.25,6400.0,1.4816939883855171,3.1139211800475883,0.012163754609560892,4.373606419560226,0.017084400076407134,2.2556370692406227,0.008811082301721182,9.206957831678423,10.0,256.0,0.894132653979221,158.0,4.0,6.0,13.0,32.0,0.015625,0.0234375,0.05078125,0.125,25.0,False
layer1.1.bn3,bn,22,256,1,False,64.0,0,56.0,56.0,102400,6.651729177526118,5.748594238430168,0.022455446243867843,11.81726586448262,0.04616119478313523,2.977331136924599,0.011630199753611715,10.265931261553861,10,256,0.8469894919009393,158,17,26,42,53,0.06640625,0.1015625,0.1640625,0.20703125,resnet50_random,random_init(seed=0),imagenet_val[6400],400.0,True,0.265625,0.40625,0.65625,0.828125,0.25,6400.0,1.4816791531715128,3.1139211818125094,0.012163754616455115,4.373606436622326,0.017084400143055962,2.2556370696702364,0.00881108230339936,9.205544617098644,10.0,256.0,0.8931113327126408,158.0,4.0,6.0,13.0,32.0,0.015625,0.0234375,0.05078125,0.125,25.0,False
layer1.1.relu,act,23,256,1,False,,2,56.0,56.0,102400,7.416655220116811,5.715117900902155,0.022324679300399042,14.869125086111998,0.05808251986762499,2.9593004545873045,0.011559767400731658,2.28901411484931,10,256,0.7063415490953587,256,27,52,138,216,0.10546875,0.203125,0.5390625,0.84375,resnet50_random,random_init(seed=0),imagenet_val[6400],400.0,True,,,,,,6400.0,1.8981685902250223,2.9206494916322088,0.011408787076688316,4.399992068047413,0.017187469015810208,1.9277971898034272,0.007530457772669637,3.199466762642525,10.0,256.0,0.7978288314126339,256.0,4.0,6.0,15.0,60.0,0.015625,0.0234375,0.05859375,0.234375,25.0,False
layer1.1,block,24,256,1,False,,0,56.0,56.0,102400,7.406932692200385,5.738452741072753,0.02241583101981544,14.930216994809921,0.058321160135976255,2.9719679364613603,0.011609249751802189,2.3145029950453266,10,256,0.681520729699832,256,27,53,138,216,0.10546875,0.20703125,0.5390625,0.84375,resnet50_random,random_init(seed=0),imagenet_val[6400],400.0,True,,,,,,6400.0,1.8981685902250223,2.9206494916322088,0.011408787076688316,4.399992068047413,0.017187469015810208,1.9277971898034272,0.007530457772669637,3.199466762642525,10.0,256.0,0.7978288314126339,256.0,4.0,6.0,15.0,60.0,0.015625,0.0234375,0.05859375,0.234375,25.0,False
layer1.2.conv1,conv,25,64,1,False,64.0,0,56.0,56.0,102400,14.708378113025208,4.969576253776949,0.07764962896526482,10.69427559652993,0.16709805619578016,2.692261849235722,0.042066591394308156,1.922828024576135,10,64,0.9667288615304486,64,16,27,49,62,0.25,0.421875,0.765625,0.96875,resnet50_random,random_init(seed=0),imagenet_val[6400],1600.0,True,0.25,0.421875,0.765625,0.96875,1.0,6400.0,3.7533852595544195,2.708962998579537,0.042327546852805265,4.058215124450393,0.06340961131953739,1.8327656711198939,0.02863696361124834,3.104779448740944,10.0,64.0,0.9927204627208079,64.0,4.0,6.0,13.0,35.0,0.0625,0.09375,0.203125,0.546875,100.0,True
layer1.2.bn1,bn,26,64,1,False,64.0,0,56.0,56.0,102400,14.727989136336806,4.979245390984823,0.07780070923413786,10.699053081560612,0.16717270439938456,2.701581196974899,0.0422122062027328,1.9210560684958589,10,64,0.9667498758647094,64,16,27,49,62,0.25,0.421875,0.765625,0.96875,resnet50_random,random_init(seed=0),imagenet_val[6400],1600.0,True,0.25,0.421875,0.765625,0.96875,1.0,6400.0,3.753347668880414,2.7089629980914354,0.04232754684517868,4.058215102278052,0.06340961097309457,1.8327656721469772,0.028636963627296518,3.104781111227725,10.0,64.0,0.9927203055560004,64.0,4.0,6.0,13.0,35.0,0.0625,0.09375,0.203125,0.546875,100.0,True
layer1.2.relu,act,27,64,1,False,,0,56.0,56.0,102400,7.5968858654011555,4.5331359700983995,0.07083024953278749,9.950862217890117,0.15548222215453308,2.3529494436792873,0.036764835057488864,4.877001740197425,10,64,0.5455390991917077,63,15,23,40,49,0.234375,0.359375,0.625,0.765625,resnet50_random,random_init(seed=0),imagenet_val[6400],1600.0,True,,,,,,6400.0,1.9934491776107301,2.3215180317290844,0.036273719245766944,3.6786952535624384,0.0574796133369131,1.60231933416566,0.02503623959633844,6.9897986995112245,10.0,64.0,0.6078044935430766,64.0,4.0,6.0,13.0,32.0,0.0625,0.09375,0.203125,0.5,100.0,True
layer1.2.conv2,conv,28,64,1,False,64.0,0,56.0,56.0,102400,15.559022163294177,5.444801809307523,0.08507502827043005,12.877445082549748,0.20121007941483982,2.659758258487306,0.041558722788864154,1.4875331969522338,10,64,0.9862188080170209,64,22,35,55,63,0.34375,0.546875,0.859375,0.984375,resnet50_random,random_init(seed=0),imagenet_val[6400],1600.0,True,0.34375,0.546875,0.859375,0.984375,1.0,6400.0,3.8355475228222002,2.5695206869534126,0.04014876073364707,3.881296155269018,0.060645252426078405,1.7286190818429457,0.027009673153796026,4.823518701979914,10.0,64.0,0.9390172652567108,64.0,4.0,5.0,11.0,26.0,0.0625,0.078125,0.171875,0.40625,100.0,True
layer1.2.bn2,bn,29,64,1,False,64.0,0,56.0,56.0,102400,15.566399877574653,5.460474811414934,0.08531991892835834,12.899789313877744,0.20155920802933974,2.666645673244055,0.04166633864443836,1.4856727251669681,10,64,0.986092339029834,64,22,35,55,63,0.34375,0.546875,0.859375,0.984375,resnet50_random,random_init(seed=0),imagenet_val[6400],1600.0,True,0.34375,0.546875,0.859375,0.984375,1.0,6400.0,3.8355091181860064,2.5695206822530983,0.04014876066020466,3.881296158769712,0.06064525248077675,1.7286190792586902,0.027009673113417034,4.823515398736584,10.0,64.0,0.9390171300231859,64.0,4.0,5.0,11.0,26.0,0.0625,0.078125,0.171875,0.40625,100.0,True
layer1.2.relu,act,30,64,1,False,,1,56.0,56.0,102400,7.246943883193077,4.792614400236261,0.07488460000369158,10.981450826438653,0.17158516916310396,2.435146770736133,0.03804916829275208,3.174020324600553,10,64,0.6206244429483206,63,18,28,43,54,0.28125,0.4375,0.671875,0.84375,resnet50_random,random_init(seed=0),imagenet_val[6400],1600.0,True,,,,,,6400.0,1.8076276333061798,2.382259987637374,0.03722281230683397,3.6480423008808027,0.05700066095126254,1.6377027513127884,0.02558910548926232,5.784998307068436,10.0,64.0,0.4134899889953204,63.0,3.0,5.0,11.0,30.0,0.046875,0.078125,0.171875,0.46875,100.0,True
layer1.2.conv3,conv,31,256,1,False,64.0,0,56.0,56.0,102400,14.059147264434646,5.002691973859289,0.019541765522887847,11.045033037198305,0.04314466030155588,2.5320065371549556,0.009890650535761545,10.276410789387464,10,256,0.8418482248247207,155,17,26,42,53,0.06640625,0.1015625,0.1640625,0.20703125,resnet50_random,random_init(seed=0),imagenet_val[6400],400.0,True,0.265625,0.40625,0.65625,0.828125,0.25,6400.0,3.446816305304601,2.46883629331486,0.009643891770761172,3.7241263854188538,0.014547368693042398,1.684253111722485,0.006579113717665957,8.978004195784262,10.0,256.0,0.891844526938755,159.0,3.0,5.0,11.0,29.0,0.01171875,0.01953125,0.04296875,0.11328125,25.0,False
layer1.2.bn3,bn,32,256,1,False,64.0,0,56.0,56.0,102400,14.081766839961636,5.008973216094,0.019566301625367186,11.048813347000017,0.04315942713671882,2.536070813417846,0.009906526614913461,10.26268328041891,10,256,0.8440592825080582,156,17,26,42,53,0.06640625,0.1015625,0.1640625,0.20703125,resnet50_random,random_init(seed=0),imagenet_val[6400],400.0,True,0.265625,0.40625,0.65625,0.828125,0.25,6400.0,3.4467817890819497,2.468836290488823,0.009643891759721964,3.724126357056563,0.0145473685822522,1.6842531104480152,0.006579113712687559,8.989889934315128,10.0,256.0,0.8917559821816637,159.0,3.0,5.0,11.0,29.0,0.01171875,0.01953125,0.04296875,0.11328125,25.0,False
layer1.2.relu,act,33,256,1,False,,2,56.0,56.0,102400,15.043246994786385,5.0958275041356735,0.019905576188029975,14.337763131368263,0.056006887231907276,2.5337048508081264,0.009897284573469244,2.222093903487397,10,256,0.8145955708494851,256,28,52,135,216,0.109375,0.203125,0.52734375,0.84375,resnet50_random,random_init(seed=0),imagenet_val[6400],400.0,True,,,,,,6400.0,3.8657552816567495,2.436476737006557,0.009517487253931863,3.8429940551053288,0.01501169552775519,1.6582975964800784,0.006477724986250306,3.118734104956118,10.0,256.0,0.8785311336941563,256.0,4.0,6.0,14.0,56.0,0.015625,0.0234375,0.0546875,0.21875,25.0,False
layer1.2,block,34,256,1,False,,0,56.0,56.0,102400,15.029862595373636,5.080479843738773,0.01984562438960458,14.323209255538373,0.05595003615444677,2.52745543172328,0.009872872780169063,2.2141565260059037,10,256,0.8304022479285873,256,28,52,135,216,0.109375,0.203125,0.52734375,0.84375,resnet50_random,random_init(seed=0),imagenet_val[6400],400.0,True,,,,,,6400.0,3.8657552816567495,2.436476737006557,0.009517487253931863,3.8429940551053288,0.01501169552775519,1.6582975964800784,0.006477724986250306,3.118734104956118,10.0,256.0,0.8785311336941563,256.0,4.0,6.0,14.0,56.0,0.015625,0.0234375,0.0546875,0.21875,25.0,False
layer2.0.conv1,conv,35,128,1,False,128.0,0,56.0,56.0,102400,31.745911071707468,4.5772683804503815,0.035759909222268606,11.34502000830898,0.0886329688149139,2.3928976066690226,0.01869451255210174,2.2800573979011944,10,128,0.9400889657838329,128,20,35,73,112,0.15625,0.2734375,0.5703125,0.875,resnet50_random,random_init(seed=0),imagenet_val[6400],800.0,True,0.15625,0.2734375,0.5703125,0.875,1.0,6400.0,8.3861278188039,2.3176717654697776,0.018106810667732638,3.588684600768452,0.028036598443503532,1.6098680023894951,0.01257709376866793,3.197400947175089,10.0,128.0,0.9797805332838042,128.0,4.0,5.0,13.0,41.0,0.03125,0.0390625,0.1015625,0.3203125,50.0,True
layer2.0.bn1,bn,36,128,1,False,128.0,0,56.0,56.0,102400,31.696484531101724,4.5905210257235725,0.03586344551346541,11.398536612896162,0.08905106728825127,2.3939490762569466,0.018702727158257396,2.2797852486855876,10,128,0.9403563441496096,128,20,35,73,112,0.15625,0.2734375,0.5703125,0.875,resnet50_random,random_init(seed=0),imagenet_val[6400],800.0,True,0.15625,0.2734375,0.5703125,0.875,1.0,6400.0,8.386043853192866,2.3176717669921936,0.018106810679626512,3.588684617780699,0.02803659857641171,1.609868002701121,0.012577093771102507,3.1974048721284194,10.0,128.0,0.9797798894642265,128.0,4.0,5.0,13.0,41.0,0.03125,0.0390625,0.1015625,0.3203125,50.0,True
layer2.0.relu,act,37,128,1,False,,0,56.0,56.0,102400,12.367563637633282,4.407693334855038,0.034435104178554984,11.258314319422583,0.08795558062048893,2.2595393728548636,0.017652651350428622,5.775806892861336,10,128,0.2849512037918762,121,19,33,66,91,0.1484375,0.2578125,0.515625,0.7109375,resnet50_random,random_init(seed=0),imagenet_val[6400],800.0,True,,,,,,6400.0,3.2353027157986554,2.0877719264421213,0.016310718175329073,3.399231242760434,0.02655649408406589,1.488445106884739,0.011628477397537024,6.836143917404715,10.0,128.0,0.4406497040940749,122.0,4.0,5.0,13.0,41.0,0.03125,0.0390625,0.1015625,0.3203125,50.0,True
layer2.0.conv2,conv,38,128,1,False,128.0,0,28.0,28.0,102400,25.686220779256544,4.8513589542191715,0.03790124182983728,14.818327992124653,0.11576818743847385,2.346601644985883,0.01833282535145221,1.4163369457389845,10,128,0.982803630345305,128,33,58,104,125,0.2578125,0.453125,0.8125,0.9765625,resnet50_random,random_init(seed=0),imagenet_val[6400],800.0,True,0.2578125,0.453125,0.8125,0.9765625,1.0,6400.0,6.272516018505169,2.107730166622824,0.016466641926740813,3.4321813299330333,0.026813916640101822,1.496514232625021,0.011691517442382976,2.991459705520215,10.0,128.0,0.9897852209227443,128.0,4.0,5.0,12.0,43.0,0.03125,0.0390625,0.09375,0.3359375,50.0,True
layer2.0.bn2,bn,39,128,1,False,128.0,0,28.0,28.0,102400,25.66755955576237,4.823158037842673,0.037680922170645885,14.749351501562968,0.11522930860596069,2.3371556830737497,0.01825902877401367,1.417381632153073,10,128,0.9831744413332235,128,33,58,104,125,0.2578125,0.453125,0.8125,0.9765625,resnet50_random,random_init(seed=0),imagenet_val[6400],800.0,True,0.2578125,0.453125,0.8125,0.9765625,1.0,6400.0,6.27245322013979,2.1077301702671205,0.01646664195521188,3.4321813580065745,0.026813916859426364,1.496514233831119,0.011691517451805617,2.9914562175666917,10.0,128.0,0.989785556337454,128.0,4.0,5.0,12.0,43.0,0.03125,0.0390625,0.09375,0.3359375,50.0,True
layer2.0.relu,act,40,128,1,False,,1,28.0,28.0,102400,12.219609912181955,4.682265654192907,0.03658020042338209,13.705216804162816,0.107072006282522,2.302590704284293,0.01798898987722104,3.7295015645557417,10,128,0.33884558229127004,126,28,47,77,100,0.21875,0.3671875,0.6015625,0.78125,resnet50_random,random_init(seed=0),imagenet_val[6400],800.0,True,,,,,,6400.0,2.9596180065087663,2.015806095369666,0.015748485120075515,3.311690950845863,0.025872585553483304,1.4585874703346688,0.0113952146119896,5.040424940492877,10.0,128.0,0.3685412021602359,126.0,4.0,5.0,14.0,48.0,0.03125,0.0390625,0.109375,0.375,50.0,True
layer2.0.conv3,conv,41,512,1,False,128.0,0,28.0,28.0,102400,23.984576981485258,4.8079618377679045,0.009390550464390439,13.667409507544633,0.02669415919442311,2.3530323061053555,0.0045957662228620225,8.707474624246043,10,512,0.8366455845588757,314,27,44,74,98,0.052734375,0.0859375,0.14453125,0.19140625,resnet50_random,random_init(seed=0),imagenet_val[6400],200.0,True,0.2109375,0.34375,0.578125,0.765625,0.25,6400.0,5.829056230398467,2.0460011350533147,0.003996095966901005,3.3429228616166498,0.006529146214095019,1.4740820534135504,0.0028790665105733406,7.5655257561128915,10.0,512.0,0.8921499793896811,317.0,4.0,5.0,14.0,45.0,0.0078125,0.009765625,0.02734375,0.087890625,12.5,False
layer2.0.bn3,bn,42,512,1,False,128.0,0,28.0,28.0,102400,24.027543952978895,4.779776577606213,0.009335501128137134,13.593151718077895,0.026549124449370888,2.3444447423904498,0.004578993637481347,8.700517518480686,10,512,0.8369721638353287,314,27,43,74,98,0.052734375,0.083984375,0.14453125,0.19140625,resnet50_random,random_init(seed=0),imagenet_val[6400],200.0,True,0.2109375,0.3359375,0.578125,0.765625,0.25,6400.0,5.82899786076477,2.046001136248834,0.003996095969236004,3.342922883198997,0.0065291462562480414,1.4740820537919672,0.002879066511312436,7.559209217349835,10.0,512.0,0.891596682057671,317.0,4.0,5.0,14.0,45.0,0.0078125,0.009765625,0.02734375,0.087890625,12.5,False
layer2.0.downsample.0,conv,43,512,1,False,256.0,0,28.0,28.0,102400,32.08933099114657,4.415887664106976,0.008624780593958938,12.02789279405967,0.02349197811339779,2.3113305562853848,0.004514317492744892,6.712094289476079,10,512,0.6448887798994161,382,23,44,111,195,0.044921875,0.0859375,0.216796875,0.380859375,resnet50_random,random_init(seed=0),imagenet_val[6400],200.0,True,0.08984375,0.171875,0.43359375,0.76171875,0.5,6400.0,8.588621965224679,2.227739657099354,0.004351054017772176,3.514255944744612,0.00686378114207932,1.5666247818671912,0.003059814027084358,6.126786810101356,10.0,512.0,0.7557177204070303,383.0,3.0,5.0,14.0,55.0,0.005859375,0.009765625,0.02734375,0.107421875,12.5,False
layer2.0.downsample.1,bn,44,512,1,False,256.0,0,28.0,28.0,102400,31.970024988043022,4.437413392571967,0.008666823032367123,12.077305940489726,0.023588488165018996,2.3200968617374746,0.004531439183081005,6.717428950803206,10,512,0.6430038590539418,380,23,44,111,195,0.044921875,0.0859375,0.216796875,0.380859375,resnet50_random,random_init(seed=0),imagenet_val[6400],200.0,True,0.08984375,0.171875,0.43359375,0.76171875,0.5,6400.0,8.58853596171721,2.227739655560338,0.0043510540147662854,3.514255913314616,0.006863781080692609,1.566624781456609,0.0030598140262824394,6.139823465734603,10.0,512.0,0.7549278170218088,383.0,3.0,5.0,14.0,55.0,0.005859375,0.009765625,0.02734375,0.107421875,12.5,False
layer2.0.relu,act,45,512,1,False,,2,28.0,28.0,102400,24.990195097728567,4.149535704050843,0.008104561921974302,14.372186411316498,0.028070676584602536,2.1475878597761815,0.0041945075386253545,3.714458618861184,10,512,0.30379971905326386,496,37,77,216,357,0.072265625,0.150390625,0.421875,0.697265625,resnet50_random,random_init(seed=0),imagenet_val[6400],200.0,True,,,,,,6400.0,6.613504995121035,1.9612781178318532,0.0038306213238903384,3.233316662408541,0.006315071606266682,1.4368443243629347,0.002806336571021357,4.238158471274271,10.0,512.0,0.48393848398466155,494.0,3.0,5.0,15.0,79.0,0.005859375,0.009765625,0.029296875,0.154296875,12.5,False
layer2.0,block,46,512,1,False,,0,28.0,28.0,102400,24.996080064775704,4.138346457468578,0.008082707924743316,14.334332118168502,0.027996742418297856,2.143750407484955,0.004187012514619053,3.560543296951788,10,512,0.31684668888407586,494,37,76,216,357,0.072265625,0.1484375,0.421875,0.697265625,resnet50_random,random_init(seed=0),imagenet_val[6400],200.0,True,,,,,,6400.0,6.613504995121035,1.9612781178318532,0.0038306213238903384,3.233316662408541,0.006315071606266682,1.4368443243629347,0.002806336571021357,4.238158471274271,10.0,512.0,0.48393848398466155,494.0,3.0,5.0,15.0,79.0,0.005859375,0.009765625,0.029296875,0.154296875,12.5,False
layer2.1.conv1,conv,47,128,1,False,128.0,0,28.0,28.0,102400,54.79315702057004,3.224645207889608,0.025192540686637562,9.620688971738653,0.07516163259170823,1.8447955520833315,0.014412465250651027,1.8588047917102581,10,128,0.9591117417283559,128,22,41,85,119,0.171875,0.3203125,0.6640625,0.9296875,resnet50_random,random_init(seed=0),imagenet_val[6400],800.0,True,0.171875,0.3203125,0.6640625,0.9296875,1.0,6400.0,15.032672062345718,1.6791969958471638,0.013118726530055967,2.717659679617958,0.0212317162470153,1.3115316089152937,0.010246340694650732,2.7082266793336642,10.0,128.0,0.9902910688407166,128.0,3.0,5.0,12.0,48.0,0.0234375,0.0390625,0.09375,0.375,50.0,True
layer2.1.bn1,bn,48,128,1,False,128.0,0,28.0,28.0,102400,54.80625836058091,3.2072963449468608,0.02505700269489735,9.55797916228828,0.07467171220537719,1.8394275399452593,0.014370527655822338,1.8607856220850676,10,128,0.9587706696256623,128,22,41,85,119,0.171875,0.3203125,0.6640625,0.9296875,resnet50_random,random_init(seed=0),imagenet_val[6400],800.0,True,0.171875,0.3203125,0.6640625,0.9296875,1.0,6400.0,15.032521560266067,1.6791970002679002,0.01311872656459297,2.7176597068638944,0.021231716459874175,1.311531610670972,0.010246340708366969,2.708227047600831,10.0,128.0,0.9902909903066045,128.0,3.0,5.0,12.0,48.0,0.0234375,0.0390625,0.09375,0.375,50.0,True
layer2.1.relu,act,49,128,1,False,,0,28.0,28.0,102400,27.586166726358307,3.1333709775834344,0.02447946076237058,8.757116308235872,0.06841497115809275,1.8188881108877106,0.01421006336631024,6.7951601681153,10,128,0.2142274448568341,118,19,34,67,87,0.1484375,0.265625,0.5234375,0.6796875,resnet50_random,random_init(seed=0),imagenet_val[6400],800.0,True,,,,,,6400.0,7.515317625501675,1.706315375050771,0.013330588867584148,2.7557928809483085,0.02152963188240866,1.322928160165066,0.010335376251289578,7.92134665580987,10.0,128.0,0.3899632448473016,118.0,3.0,5.0,12.0,43.0,0.0234375,0.0390625,0.09375,0.3359375,50.0,True
layer2.1.conv2,conv,50,128,1,False,128.0,0,28.0,28.0,102400,61.473294065197486,4.818904888944258,0.03764769444487701,14.747843185428952,0.11521752488616369,2.3296651054488304,0.018200508636318988,1.2858954322401874,10,128,0.9799968221856165,128,35,62,106,126,0.2734375,0.484375,0.828125,0.984375,resnet50_random,random_init(seed=0),imagenet_val[6400],800.0,True,0.2734375,0.484375,0.828125,0.984375,1.0,6400.0,13.63640803355663,1.8211289542982352,0.014227569955454962,2.948489723690307,0.023035075966330525,1.3727683655739167,0.010724752856046224,3.636692592011859,10.0,128.0,0.9484610648029079,128.0,3.0,5.0,12.0,39.0,0.0234375,0.0390625,0.09375,0.3046875,50.0,True
layer2.1.bn2,bn,51,128,1,False,128.0,0,28.0,28.0,102400,61.40325873265088,4.793212753800196,0.03744697463906403,14.687154797523757,0.11474339685565435,2.322385253312452,0.01814363479150353,1.28361629943121,10,128,0.9802245256791821,128,35,62,106,126,0.2734375,0.484375,0.828125,0.984375,resnet50_random,random_init(seed=0),imagenet_val[6400],800.0,True,0.2734375,0.484375,0.828125,0.984375,1.0,6400.0,13.63627147251251,1.8211289569402613,0.014227569976095792,2.948489714181351,0.023035075892041804,1.3727683667893698,0.010724752865541951,3.6367110851734235,10.0,128.0,0.9484590814434718,128.0,3.0,5.0,12.0,39.0,0.0234375,0.0390625,0.09375,0.3046875,50.0,True
layer2.1.relu,act,52,128,1,False,,1,28.0,28.0,102400,35.276968626944644,4.1686772876544325,0.032567791309800254,12.595096466290164,0.0983991911428919,2.12994260478563,0.016640176599887733,2.9631901548501833,10,128,0.6029729753310202,128,30,50,82,100,0.234375,0.390625,0.640625,0.78125,resnet50_random,random_init(seed=0),imagenet_val[6400],800.0,True,,,,,,6400.0,8.426210914501134,1.7043304851098282,0.013315081914920533,2.688363015508205,0.02100283605865785,1.3243950941770364,0.010346836673258097,4.017784174377839,10.0,128.0,0.7542573629311218,128.0,3.0,5.0,11.0,42.0,0.0234375,0.0390625,0.0859375,0.328125,50.0,True
layer2.1.conv3,conv,53,512,1,False,128.0,0,28.0,28.0,102400,69.18296400443306,4.389078813773797,0.008572419558151948,12.820396687301182,0.02503983727988512,2.200756324964721,0.004298352197196721,8.702262155624322,10,512,0.8295258928758262,314,28,46,78,98,0.0546875,0.08984375,0.15234375,0.19140625,resnet50_random,random_init(seed=0),imagenet_val[6400],200.0,True,0.21875,0.359375,0.609375,0.765625,0.25,6400.0,16.15124767489244,1.7455938604774937,0.003409363008745105,2.7730834431739804,0.00541617859994918,1.341952101496676,0.0026210001982356953,7.418018751198045,10.0,512.0,0.8964335527568328,320.0,3.0,5.0,11.0,41.0,0.005859375,0.009765625,0.021484375,0.080078125,12.5,False
layer2.1.bn3,bn,54,512,1,False,128.0,0,28.0,28.0,102400,69.25934955745274,4.346897996308638,0.008490035149040308,12.72864900226621,0.02486064258255119,2.187476569773447,0.004272415175338763,8.720043310743193,10,512,0.8282021324911135,312,28,46,78,98,0.0546875,0.08984375,0.15234375,0.19140625,resnet50_random,random_init(seed=0),imagenet_val[6400],200.0,True,0.21875,0.359375,0.609375,0.765625,0.25,6400.0,16.151085938926922,1.745593858694982,0.0034093630052636366,2.773083422977913,0.005416178560503736,1.3419521007809165,0.0026210001968377276,7.453572240500548,10.0,512.0,0.8954555287025296,319.0,3.0,5.0,11.0,41.0,0.005859375,0.009765625,0.021484375,0.080078125,12.5,False
layer2.1.relu,act,55,512,1,False,,2,28.0,28.0,102400,65.74415687408252,3.631526939456269,0.007092826053625525,13.142010852323121,0.025667989945943596,1.96199785345695,0.0038320270575331055,2.95069224340347,10,512,0.31397081694772333,505,38,76,218,385,0.07421875,0.1484375,0.42578125,0.751953125,resnet50_random,random_init(seed=0),imagenet_val[6400],200.0,True,,,,,,6400.0,17.342587735237792,1.6258878171965108,0.003175562142961935,2.574792956974365,0.005028892494090557,1.289519495581497,0.0025185927648076114,3.4529372259906186,10.0,512.0,0.49660704285122026,506.0,3.0,4.0,12.0,66.0,0.005859375,0.0078125,0.0234375,0.12890625,12.5,False
layer2.1,block,56,512,1,False,,0,28.0,28.0,102400,65.6343755662184,3.6225385812773565,0.007075270666557337,13.102123614245428,0.025590085184073103,1.9595237953151086,0.0038271949127248214,2.8613535605977587,10,512,0.3374860385874986,505,38,76,218,386,0.07421875,0.1484375,0.42578125,0.75390625,resnet50_random,random_init(seed=0),imagenet_val[6400],200.0,True,,,,,,6400.0,17.342587735237792,1.6258878171965108,0.003175562142961935,2.574792956974365,0.005028892494090557,1.289519495581497,0.0025185927648076114,3.4529372259906186,10.0,512.0,0.49660704285122026,506.0,3.0,4.0,12.0,66.0,0.005859375,0.0078125,0.0234375,0.12890625,12.5,False
layer2.2.conv1,conv,57,128,1,False,128.0,0,28.0,28.0,102400,139.28429574059416,3.4012649072331342,0.02657238208775886,10.039575529336675,0.07843418382294277,1.9016698962224292,0.014856796064237728,1.807163706882501,10,128,0.9472971061299105,128,23,42,86,120,0.1796875,0.328125,0.671875,0.9375,resnet50_random,random_init(seed=0),imagenet_val[6400],800.0,True,0.1796875,0.328125,0.671875,0.9375,1.0,6400.0,36.79513320270873,1.5837252965749795,0.012372853879492027,2.4502512217688848,0.019142587670069412,1.2711317745334025,0.009930716988542207,2.6640459131397725,10.0,128.0,0.9880337573357258,128.0,3.0,4.0,11.0,44.0,0.0234375,0.03125,0.0859375,0.34375,50.0,True
layer2.2.bn1,bn,58,128,1,False,128.0,0,28.0,28.0,102400,138.64710681958766,3.415375240123348,0.026682619063463656,10.095993130378787,0.07887494633108427,1.9058109257475497,0.014889147857402732,1.8093804580247086,10,128,0.947304774254531,128,23,43,86,120,0.1796875,0.3359375,0.671875,0.9375,resnet50_random,random_init(seed=0),imagenet_val[6400],800.0,True,0.1796875,0.3359375,0.671875,0.9375,1.0,6400.0,36.79476477955251,1.583725296014441,0.01237285387511282,2.450251228421516,0.019142587722043095,1.2711317741842074,0.00993071698581412,2.6640446636170334,10.0,128.0,0.9880337715016059,128.0,3.0,4.0,11.0,44.0,0.0234375,0.03125,0.0859375,0.34375,50.0,True
layer2.2.relu,act,59,128,1,False,,0,28.0,28.0,102400,61.169432141484016,3.237667267701984,0.02529427552892175,8.865587171912185,0.06926239978056395,1.857260989359203,0.014509851479368773,6.271926669302059,10,128,0.308893306562281,118,19,34,63,83,0.1484375,0.265625,0.4921875,0.6484375,resnet50_random,random_init(seed=0),imagenet_val[6400],800.0,True,,,,,,6400.0,16.740449006407378,1.5310847164371244,0.011961599347165034,2.3086231876211856,0.018036118653290512,1.2493761802594796,0.009760751408277184,6.8082283578787965,10.0,128.0,0.4625229870532396,123.0,2.0,4.0,10.0,38.0,0.015625,0.03125,0.078125,0.296875,50.0,True
layer2.2.conv2,conv,60,128,1,False,128.0,0,28.0,28.0,102400,139.28120407791025,4.110969720143646,0.032116950938622234,12.365368704867779,0.09660444300677952,2.13119356507822,0.016649949727173593,1.2912840600065218,10,128,0.9785161744237428,128,31,58,104,125,0.2421875,0.453125,0.8125,0.9765625,resnet50_random,random_init(seed=0),imagenet_val[6400],800.0,True,0.2421875,0.453125,0.8125,0.9765625,1.0,6400.0,30.703712104991375,1.5497460833952816,0.012107391276525638,2.3539800598062155,0.01839046921723606,1.2573799448855667,0.00982328081941849,3.7391938454882307,10.0,128.0,0.9453385049049635,128.0,3.0,4.0,10.0,35.0,0.0234375,0.03125,0.078125,0.2734375,50.0,True
layer2.2.bn2,bn,61,128,1,False,128.0,0,28.0,28.0,102400,139.46682694318167,4.130976366832361,0.03227325286587782,12.381175555065278,0.09672793402394748,2.1386473180207477,0.01670818217203709,1.2934958517887725,10,128,0.9787465093468963,128,31,58,104,125,0.2421875,0.453125,0.8125,0.9765625,resnet50_random,random_init(seed=0),imagenet_val[6400],800.0,True,0.2421875,0.453125,0.8125,0.9765625,1.0,6400.0,30.70340460740167,1.5497460785971984,0.012107391239040612,2.3539800161856532,0.018390468876450416,1.2573799428960815,0.009823280803875636,3.7392566874387154,10.0,128.0,0.9453304012841237,128.0,3.0,4.0,10.0,35.0,0.0234375,0.03125,0.078125,0.2734375,50.0,True
layer2.2.relu,act,62,128,1,False,,1,28.0,28.0,102400,65.18413982781395,3.3802538799760793,0.02640823343731312,9.918855591374884,0.07749105930761628,1.8886206640937517,0.014754848938232435,3.4646408520460863,10,128,0.5928469130643219,128,24,41,69,95,0.1875,0.3203125,0.5390625,0.7421875,resnet50_random,random_init(seed=0),imagenet_val[6400],800.0,True,,,,,,6400.0,15.228955762382347,1.4123414776710026,0.011033917794304708,2.096854326798059,0.016381674428109835,1.1945655985929247,0.009332543739007224,4.267113699243791,10.0,128.0,0.7274271407096664,128.0,2.0,4.0,9.0,37.0,0.015625,0.03125,0.0703125,0.2890625,50.0,True
layer2.2.conv3,conv,63,512,1,False,128.0,0,28.0,28.0,102400,138.7486234877251,3.040625158230594,0.005938721012169129,8.704378273971033,0.017000738816349673,1.781040571934516,0.0034785948670596014,8.498074772398853,10,512,0.8472591820456763,316,21,36,65,92,0.041015625,0.0703125,0.126953125,0.1796875,resnet50_random,random_init(seed=0),imagenet_val[6400],200.0,True,0.1640625,0.28125,0.5078125,0.71875,0.25,6400.0,33.94499766195555,1.3677396216193072,0.0026713664484752093,1.9861241950740922,0.0038791488185040864,1.1744234658449646,0.0022937958317284465,7.23246825720495,10.0,512.0,0.907060964810901,316.0,2.0,3.0,9.0,33.0,0.00390625,0.005859375,0.017578125,0.064453125,12.5,False
layer2.2.bn3,bn,64,512,1,False,128.0,0,28.0,28.0,102400,138.67531060674045,3.040212962486902,0.005937915942357231,8.7092543245416,0.017010262352620313,1.7807751268876946,0.0034780764197025285,8.519067146870311,10,512,0.8484096817793866,316,21,36,65,92,0.041015625,0.0703125,0.126953125,0.1796875,resnet50_random,random_init(seed=0),imagenet_val[6400],200.0,True,0.1640625,0.28125,0.5078125,0.71875,0.25,6400.0,33.94465780052198,1.3677396210290866,0.002671366447322435,1.9861241953375843,0.0038791488190187194,1.17442346558123,0.00229379583121334,7.234569069917998,10.0,512.0,0.9076023804138662,317.0,2.0,3.0,9.0,33.0,0.00390625,0.005859375,0.017578125,0.064453125,12.5,False
layer2.2.relu,act,65,512,1,False,,2,28.0,28.0,102400,143.78347159090362,2.896313608898279,0.005656862517379451,10.256727932796105,0.020032671743742392,1.7270747847025814,0.003373192938872229,2.6371900580080982,10,512,0.42100920909437256,506,32,70,209,384,0.0625,0.13671875,0.408203125,0.75,resnet50_random,random_init(seed=0),imagenet_val[6400],200.0,True,,,,,,6400.0,38.64613421780935,1.3799804725957432,0.002695274360538561,2.042835446304751,0.003989912981063967,1.1797083838466074,0.002304117937200405,3.1354341108331902,10.0,512.0,0.691296231481734,505.0,2.0,4.0,10.0,56.0,0.00390625,0.0078125,0.01953125,0.109375,12.5,False
layer2.2,block,66,512,1,False,,0,28.0,28.0,102400,143.58187779761136,2.9077189192226394,0.0056791385141067175,10.309910879340649,0.020136544686212204,1.7306831721607125,0.0033802405706263917,2.6767954798445444,10,512,0.4160291550994878,507,32,70,209,384,0.0625,0.13671875,0.408203125,0.75,resnet50_random,random_init(seed=0),imagenet_val[6400],200.0,True,,,,,,6400.0,38.64613421780935,1.3799804725957432,0.002695274360538561,2.042835446304751,0.003989912981063967,1.1797083838466074,0.002304117937200405,3.1354341108331902,10.0,512.0,0.691296231481734,505.0,2.0,4.0,10.0,56.0,0.00390625,0.0078125,0.01953125,0.109375,12.5,False
layer2.3.conv1,conv,67,128,1,False,128.0,0,28.0,28.0,102400,316.09125208429236,2.4578407982665644,0.019201881236457535,7.1928268848912715,0.05619396003821306,1.5833598310540182,0.012369998680109517,1.8142106766442478,10,128,0.9509913785989625,128,19,38,83,119,0.1484375,0.296875,0.6484375,0.9296875,resnet50_random,random_init(seed=0),imagenet_val[6400],800.0,True,0.1484375,0.296875,0.6484375,0.9296875,1.0,6400.0,89.51838923993867,1.3047163982661052,0.010193096861453947,1.8581655453890535,0.01451691832335198,1.1452700958857671,0.008947422624107556,2.684821134002596,10.0,128.0,0.9887474974864192,128.0,2.0,3.0,8.0,37.0,0.015625,0.0234375,0.0625,0.2890625,50.0,True
layer2.3.bn1,bn,68,128,1,False,128.0,0,28.0,28.0,102400,316.47646075847507,2.469226922882857,0.01929083533502232,7.223510518632602,0.0564336759268172,1.5873457699235676,0.012401138827527872,1.8135784706162192,10,128,0.9511095831718274,128,19,38,83,119,0.1484375,0.296875,0.6484375,0.9296875,resnet50_random,random_init(seed=0),imagenet_val[6400],800.0,True,0.1484375,0.296875,0.6484375,0.9296875,1.0,6400.0,89.51749302807941,1.3047164024885496,0.010193096894441794,1.8581655745607462,0.01451691855125583,1.1452700977599948,0.00894742263874996,2.6848161442696923,10.0,128.0,0.9887478027515638,128.0,2.0,3.0,8.0,37.0,0.015625,0.0234375,0.0625,0.2890625,50.0,True
layer2.3.relu,act,69,128,1,False,,0,28.0,28.0,102400,158.19919631054142,2.0990981566882705,0.016399204349127113,5.494160204189843,0.042923126595233146,1.457424049535525,0.01138612538699629,6.340841822757745,10,128,0.4322691519653825,121,14,28,58,78,0.109375,0.21875,0.453125,0.609375,resnet50_random,random_init(seed=0),imagenet_val[6400],800.0,True,,,,,,6400.0,47.38136229800776,1.2365752434366688,0.009660744089348975,1.6846843271904621,0.013161596306175485,1.1137827471048947,0.00870142771175699,7.303273545538808,10.0,128.0,0.6322159921052631,125.0,2.0,3.0,7.0,31.0,0.015625,0.0234375,0.0546875,0.2421875,50.0,True
layer2.3.conv2,conv,70,128,1,False,128.0,0,28.0,28.0,102400,382.6204560238633,2.6550700253907737,0.02074273457336542,7.321202396835553,0.05719689372527776,1.6654133589273048,0.013011041866619569,1.3108406156356094,10,128,0.9761587318194012,128,18,44,96,124,0.140625,0.34375,0.75,0.96875,resnet50_random,random_init(seed=0),imagenet_val[6400],800.0,True,0.140625,0.34375,0.75,0.96875,1.0,6400.0,93.35896062763238,1.2224997207253354,0.009550779068166683,1.6485889820267727,0.012879601422084162,1.1072315394356667,0.008650246401841146,3.8657462766387747,10.0,128.0,0.9513427886429124,128.0,1.0,3.0,7.0,28.0,0.0078125,0.0234375,0.0546875,0.21875,50.0,True
layer2.3.bn2,bn,71,128,1,False,128.0,0,28.0,28.0,102400,382.11982733987145,2.653187903710138,0.02072803049773545,7.311949260166334,0.057124603595049485,1.6647511643982653,0.013005868471861448,1.3114192002388987,10,128,0.9765330016512487,128,18,44,96,124,0.140625,0.34375,0.75,0.96875,resnet50_random,random_init(seed=0),imagenet_val[6400],800.0,True,0.140625,0.34375,0.75,0.96875,1.0,6400.0,93.35802572730414,1.2224997230912311,0.009550779086650243,1.648588999799007,0.012879601560929743,1.1072315405214739,0.008650246410324015,3.8657376513072474,10.0,128.0,0.9513423598761046,128.0,1.0,3.0,7.0,28.0,0.0078125,0.0234375,0.0546875,0.21875,50.0,True
layer2.3.relu,act,72,128,1,False,,1,28.0,28.0,102400,221.9534385051527,2.1994886609487128,0.01718350516366182,5.615783299598083,0.04387330702811002,1.4990812732508825,0.01171157244727252,3.9789026158187437,10,128,0.5261413008141032,128,13,30,64,89,0.1015625,0.234375,0.5,0.6953125,resnet50_random,random_init(seed=0),imagenet_val[6400],800.0,True,,,,,,6400.0,59.23262387890357,1.1642367239338003,0.009095599405732815,1.497034374456643,0.011695581050442523,1.0798049977947906,0.008435976545271801,4.837762543494694,10.0,128.0,0.6808629118295548,128.0,1.0,2.0,6.0,25.0,0.0078125,0.015625,0.046875,0.1953125,50.0,True
layer2.3.conv3,conv,73,512,1,False,128.0,0,28.0,28.0,102400,412.28246312092693,2.4063035611347665,0.004699811642841341,6.193918161924583,0.012097496410008951,1.5749158572319826,0.003076007533656216,8.361691803562142,10,512,0.8574727970719103,315,14,30,62,87,0.02734375,0.05859375,0.12109375,0.169921875,resnet50_random,random_init(seed=0),imagenet_val[6400],200.0,True,0.109375,0.234375,0.484375,0.6796875,0.25,6400.0,105.06750667663827,1.1929709188835231,0.002330021325944381,1.5662732994260529,0.0030591275379415095,1.0934255191288642,0.002135596717048563,6.994447959311296,10.0,512.0,0.9185832484700569,316.0,1.0,3.0,6.0,25.0,0.001953125,0.005859375,0.01171875,0.048828125,12.5,False
layer2.3.bn3,bn,74,512,1,False,128.0,0,28.0,28.0,102400,410.9483055112135,2.4171393818083353,0.004720975355094405,6.224239683351825,0.012156718131546533,1.578894964244729,0.0030837792270404863,8.34272395287495,10,512,0.8570384001336563,314,14,30,62,87,0.02734375,0.05859375,0.12109375,0.169921875,resnet50_random,random_init(seed=0),imagenet_val[6400],200.0,True,0.109375,0.234375,0.484375,0.6796875,0.25,6400.0,105.06645455055475,1.1929709188035849,0.0023300213257882517,1.56627330220189,0.0030591275433630664,1.0934255190893183,0.0021355967169713248,6.998006980739914,10.0,512.0,0.9183999332858863,315.0,1.0,3.0,6.0,25.0,0.001953125,0.005859375,0.01171875,0.048828125,12.5,False
layer2.3.relu,act,75,512,1,False,,2,28.0,28.0,102400,379.73225898643955,2.248244040815021,0.0043911016422168376,6.864433837513488,0.013407097338893531,1.511456586072959,0.002952063644673748,3.039225760844668,10,512,0.3191885653879797,503,20,51,170,351,0.0390625,0.099609375,0.33203125,0.685546875,resnet50_random,random_init(seed=0),imagenet_val[6400],200.0,True,,,,,,6400.0,107.0565621700146,1.1920675694297747,0.0023282569715425286,1.5773150609800928,0.0030806934784767437,1.0929727024161646,0.0021347123094065715,3.687027590391483,10.0,512.0,0.4358375251013926,504.0,1.0,3.0,7.0,39.0,0.001953125,0.005859375,0.013671875,0.076171875,12.5,False
layer2.3,block,76,512,1,False,,0,28.0,28.0,102400,379.0265474482363,2.257040761681401,0.004408282737658986,6.900263781142952,0.013477077697544828,1.5146465910328555,0.002958294123111046,2.967947103181441,10,512,0.35645588394424954,504,20,51,171,351,0.0390625,0.099609375,0.333984375,0.685546875,resnet50_random,random_init(seed=0),imagenet_val[6400],200.0,True,,,,,,6400.0,107.0565621700146,1.1920675694297747,0.0023282569715425286,1.5773150609800928,0.0030806934784767437,1.0929727024161646,0.0021347123094065715,3.687027590391483,10.0,512.0,0.4358375251013926,504.0,1.0,3.0,7.0,39.0,0.001953125,0.005859375,0.013671875,0.076171875,12.5,False
layer3.0.conv1,conv,77,256,1,False,256.0,0,28.0,28.0,102400,736.6262798419776,2.317432299385298,0.00905246991947382,6.779809538710171,0.026483631010586605,1.536111564152943,0.006000435797472434,2.216602910696417,10,256,0.9249854038315802,256,18,41,110,200,0.0703125,0.16015625,0.4296875,0.78125,resnet50_random,random_init(seed=0),imagenet_val[6400],400.0,True,0.0703125,0.16015625,0.4296875,0.78125,1.0,6400.0,203.3153726602878,1.203942161973281,0.004702899070208129,1.6065261877326924,0.00627549292083083,1.0985429345047266,0.004291183337909088,2.8579268007604064,10.0,256.0,0.971549342685564,256.0,1.0,3.0,7.0,35.0,0.00390625,0.01171875,0.02734375,0.13671875,25.0,False
layer3.0.bn1,bn,78,256,1,False,256.0,0,28.0,28.0,102400,735.8358574257034,2.3201692135251037,0.009063160990332437,6.783903620978144,0.026499623519445875,1.537172014880323,0.0060045781831262615,2.215852827302927,10,256,0.9250421928785376,256,18,41,110,201,0.0703125,0.16015625,0.4296875,0.78515625,resnet50_random,random_init(seed=0),imagenet_val[6400],400.0,True,0.0703125,0.16015625,0.4296875,0.78515625,1.0,6400.0,203.31333661956978,1.2039421622895674,0.004702899071443623,1.6065261859556916,0.0062754929138894204,1.098542934662345,0.004291183338524785,2.857931575156182,10.0,256.0,0.9715478594802136,256.0,1.0,3.0,7.0,35.0,0.00390625,0.01171875,0.02734375,0.13671875,25.0,False
layer3.0.relu,act,79,256,1,False,,0,28.0,28.0,102400,429.08782252580045,2.069986816685273,0.008085886002676847,5.711671543056167,0.022311216965063153,1.4476321545171769,0.005654813103582722,4.7273297498722595,10,256,0.27626647508239877,245,15,36,103,173,0.05859375,0.140625,0.40234375,0.67578125,resnet50_random,random_init(seed=0),imagenet_val[6400],400.0,True,,,,,,6400.0,125.12643538478636,1.1554429174240455,0.004513448896187678,1.483239326250435,0.005793903618165762,1.0756213267226262,0.004201645807510259,5.135477773080044,10.0,256.0,0.4998540256514806,245.0,1.0,2.0,6.0,33.0,0.00390625,0.0078125,0.0234375,0.12890625,25.0,False
layer3.0.conv2,conv,80,256,1,False,256.0,0,14.0,14.0,102400,935.5154978466874,2.511007919745954,0.009808624686507632,7.1334036396651355,0.027864857967441935,1.6203161970608662,0.0063293601447690084,1.2717696020595488,10,256,0.9716575919360525,256,18,62,172,243,0.0703125,0.2421875,0.671875,0.94921875,resnet50_random,random_init(seed=0),imagenet_val[6400],400.0,True,0.0703125,0.2421875,0.671875,0.94921875,1.0,6400.0,210.5247797657479,1.2021908339859422,0.004696057945257587,1.6210648448214708,0.0063322845500838705,1.0976952738794792,0.0042878721635917156,2.131617499703036,10.0,256.0,0.9852222538540735,256.0,1.0,3.0,8.0,68.0,0.00390625,0.01171875,0.03125,0.265625,25.0,False
layer3.0.bn2,bn,81,256,1,False,256.0,0,14.0,14.0,102400,938.0215685539049,2.50861030458919,0.009799259002301523,7.126243120405126,0.027836887189082525,1.6193926620917085,0.006325752586295736,1.2717012072608933,10,256,0.9717083409740921,256,18,62,172,243,0.0703125,0.2421875,0.671875,0.94921875,resnet50_random,random_init(seed=0),imagenet_val[6400],400.0,True,0.0703125,0.2421875,0.671875,0.94921875,1.0,6400.0,210.5226718724728,1.2021908347141141,0.004696057948102008,1.6210648510172967,0.006332284574286315,1.0976952742109478,0.004287872164886515,2.1316182275803444,10.0,256.0,0.9852219976060546,256.0,1.0,3.0,8.0,68.0,0.00390625,0.01171875,0.03125,0.265625,25.0,False
layer3.0.relu,act,82,256,1,False,,1,14.0,14.0,102400,410.91497881390643,2.4140301177880867,0.009429805147609714,6.841828773244208,0.026725893645485187,1.5772348758086916,0.0061610737336277015,5.355401722417435,10,256,0.24725083804512638,242,18,50,118,170,0.0703125,0.1953125,0.4609375,0.6640625,resnet50_random,random_init(seed=0),imagenet_val[6400],400.0,True,,,,,,6400.0,97.1842064374314,1.197007228566571,0.004675809486588168,1.6049399861394733,0.006269296820857318,1.0952654494713443,0.004278380661997439,4.745573788011482,10.0,256.0,0.42454913711595643,247.0,1.0,3.0,8.0,64.0,0.00390625,0.01171875,0.03125,0.25,25.0,False
layer3.0.conv3,conv,83,1024,1,False,256.0,0,14.0,14.0,102400,822.3123021920911,2.3902009229364825,0.0023341805888051586,6.679308916427438,0.00652276261369867,1.5688423369450957,0.001532072594672945,7.308116124679032,10,1024,0.842308784436372,629,17,46,112,166,0.0166015625,0.044921875,0.109375,0.162109375,resnet50_random,random_init(seed=0),imagenet_val[6400],100.0,True,0.06640625,0.1796875,0.4375,0.6484375,0.25,6400.0,196.21584602461098,1.1949761259315126,0.0011669688729799928,1.598422898577691,0.0015609598618922763,1.094317608853254,0.0010686695398957559,6.411024193438837,10.0,1024.0,0.8842714696623267,626.0,1.0,3.0,8.0,60.0,0.0009765625,0.0029296875,0.0078125,0.05859375,6.25,False
layer3.0.bn3,bn,84,1024,1,False,256.0,0,14.0,14.0,102400,826.8093990797557,2.3777308265781985,0.002322002760330272,6.629729892032345,0.006474345597687837,1.564423377736843,0.0015277572048211358,7.311895609779656,10,1024,0.8411616058168668,627,17,46,112,166,0.0166015625,0.044921875,0.109375,0.162109375,resnet50_random,random_init(seed=0),imagenet_val[6400],100.0,True,0.06640625,0.1796875,0.4375,0.6484375,0.25,6400.0,196.213881153769,1.1949761245762833,0.0011669688716565267,1.5984228866108539,0.001560959850205912,1.0943176082265593,0.0010686695392837493,6.426118767146376,10.0,1024.0,0.8840413664748612,624.0,1.0,3.0,8.0,60.0,0.0009765625,0.0029296875,0.0078125,0.05859375,6.25,False
layer3.0.downsample.0,conv,85,1024,1,False,512.0,0,14.0,14.0,102400,720.7183766100954,2.201814813116118,0.002150209778433709,6.50835376726969,0.006355814225849307,1.495708195989944,0.0014606525351464298,6.0656551825363625,10,1024,0.6981481148896911,755,19,47,148,310,0.0185546875,0.0458984375,0.14453125,0.302734375,resnet50_random,random_init(seed=0),imagenet_val[6400],100.0,True,0.037109375,0.091796875,0.2890625,0.60546875,0.5,6400.0,200.00945312940672,1.2078293131083295,0.001179520813582353,1.638895652030712,0.0016004840351862423,1.100296928850532,0.0010745087195805976,5.408899905414085,10.0,1024.0,0.7712066719167705,750.0,1.0,3.0,8.0,68.0,0.0009765625,0.0029296875,0.0078125,0.06640625,6.25,False
layer3.0.downsample.1,bn,86,1024,1,False,512.0,0,14.0,14.0,102400,718.538659774581,2.2021768427742408,0.0021505633230217195,6.513520102428297,0.0063608594750276335,1.4957868887769943,0.0014607293835712835,6.051583222324368,10,1024,0.6966313237846373,752,19,47,148,310,0.0185546875,0.0458984375,0.14453125,0.302734375,resnet50_random,random_init(seed=0),imagenet_val[6400],100.0,True,0.037109375,0.091796875,0.2890625,0.60546875,0.5,6400.0,200.0074503150773,1.2078293134457594,0.0011795208139118744,1.6388956504301089,0.0016004840336231532,1.1002969290114921,0.0010745087197377853,5.395878166152537,10.0,1024.0,0.7715030999938302,750.0,1.0,3.0,8.0,68.0,0.0009765625,0.0029296875,0.0078125,0.06640625,6.25,False
layer3.0.relu,act,87,1024,1,False,,2,14.0,14.0,102400,761.1281658895832,2.215857283046,0.0021639231279746095,7.091951511769012,0.006925733898211926,1.5003260055173,0.0014651621147629883,4.367095182810547,10,1024,0.2252852463294177,954,23,71,251,575,0.0224609375,0.0693359375,0.2451171875,0.5615234375,resnet50_random,random_init(seed=0),imagenet_val[6400],100.0,True,,,,,,6400.0,202.74089275048803,1.1847592646284297,0.001156991469363701,1.5823689842948576,0.0015452822112254469,1.0894932003616962,0.001063958203478219,4.3864130743897425,10.0,1024.0,0.319950283276601,952.0,1.0,2.0,8.0,94.0,0.0009765625,0.001953125,0.0078125,0.091796875,6.25,False
layer3.0,block,88,1024,1,False,,0,14.0,14.0,102400,759.9778751899402,2.208622898682729,0.0021568582994948527,7.060189778342142,0.006894716580412248,1.4977054715087754,0.0014626029995202885,4.6982701766894275,10,1024,0.23821968537837968,945,23,71,250,575,0.0224609375,0.0693359375,0.244140625,0.5615234375,resnet50_random,random_init(seed=0),imagenet_val[6400],100.0,True,,,,,,6400.0,202.74089275048803,1.1847592646284297,0.001156991469363701,1.5823689842948576,0.0015452822112254469,1.0894932003616962,0.001063958203478219,4.3864130743897425,10.0,1024.0,0.319950283276601,952.0,1.0,2.0,8.0,94.0,0.0009765625,0.001953125,0.0078125,0.091796875,6.25,False
layer3.1.conv1,conv,89,256,1,False,256.0,0,14.0,14.0,102400,1442.8735775474202,2.296978822079339,0.008972573523747418,6.9126932312566165,0.027002707934596158,1.5291277955396734,0.005973155451326849,1.8078334516201369,10,256,0.940528777271238,256,20,50,135,224,0.078125,0.1953125,0.52734375,0.875,resnet50_random,random_init(seed=0),imagenet_val[6400],400.0,True,0.078125,0.1953125,0.52734375,0.875,1.0,6400.0,387.37184830396035,1.1975022272835594,0.004677743075326404,1.6104602519370423,0.006290860359129072,1.0955112625041035,0.004279340869156654,2.2326872464941263,10.0,256.0,0.9785111128073687,256.0,1.0,3.0,8.0,68.0,0.00390625,0.01171875,0.03125,0.265625,25.0,False
layer3.1.bn1,bn,90,256,1,False,256.0,0,14.0,14.0,102400,1450.920345783854,2.2865735685064834,0.00893192800197845,6.871946250101128,0.02684354003945753,1.525470622063569,0.005958869617435816,1.8079561817326482,10,256,0.9406112570767049,256,20,50,135,224,0.078125,0.1953125,0.52734375,0.875,resnet50_random,random_init(seed=0),imagenet_val[6400],400.0,True,0.078125,0.1953125,0.52734375,0.875,1.0,6400.0,387.3679692794523,1.1975022251363157,0.004677743066938733,1.6104602334810425,0.006290860287035322,1.095511261514561,0.004279340865291254,2.2326902079489743,10.0,256.0,0.9785110309509755,256.0,1.0,3.0,8.0,68.0,0.00390625,0.01171875,0.03125,0.265625,25.0,False
layer3.1.relu,act,91,256,1,False,,0,14.0,14.0,102400,761.0329971870348,2.1191570579296113,0.008277957257537544,5.874115119719416,0.02294576218640397,1.4665064412387483,0.0057285407860888605,5.679818891131272,10,256,0.29867922108908607,237,16,40,104,155,0.0625,0.15625,0.40625,0.60546875,resnet50_random,random_init(seed=0),imagenet_val[6400],400.0,True,,,,,,6400.0,211.76421262452473,1.1570110786333556,0.004519574525911545,1.502211189096646,0.005868012457408774,1.0763804170640037,0.004204611004156264,5.892985772176903,10.0,256.0,0.3742158759619163,240.0,1.0,2.0,7.0,57.0,0.00390625,0.0078125,0.02734375,0.22265625,25.0,False
layer3.1.conv2,conv,92,256,1,False,256.0,0,14.0,14.0,102400,1822.6615569920991,3.7677482192833,0.01471776648157539,9.903717234739414,0.038686395448200836,2.1287896322412516,0.008315584500942389,1.2225886349888317,10,256,0.9756963428700502,256,22,70,182,245,0.0859375,0.2734375,0.7109375,0.95703125,resnet50_random,random_init(seed=0),imagenet_val[6400],400.0,True,0.0859375,0.2734375,0.7109375,0.95703125,1.0,6400.0,319.04928493433886,1.204627142862804,0.004705574776807828,1.645393517612241,0.006427318428172816,1.0987517748716522,0.0042919991205923914,2.8123715950444144,10.0,256.0,0.9584746218020362,256.0,1.0,3.0,10.0,60.0,0.00390625,0.01171875,0.0390625,0.234375,25.0,False
layer3.1.bn2,bn,93,256,1,False,256.0,0,14.0,14.0,102400,1827.7698060834389,3.788828005355106,0.014800109395918384,9.916915665284053,0.03873795181751583,2.139936955376095,0.008359128731937872,1.222111218922157,10,256,0.9755042308876163,256,21,70,182,245,0.08203125,0.2734375,0.7109375,0.95703125,resnet50_random,random_init(seed=0),imagenet_val[6400],400.0,True,0.08203125,0.2734375,0.7109375,0.95703125,1.0,6400.0,319.04609095661436,1.204627145826126,0.0047055747883833045,1.645393548352678,0.006427318548252649,1.0987517762174372,0.004291999125849364,2.812354414850873,10.0,256.0,0.9584773432599042,256.0,1.0,3.0,10.0,60.0,0.00390625,0.01171875,0.0390625,0.234375,25.0,False
layer3.1.relu,act,94,256,1,False,,1,14.0,14.0,102400,761.8582441075599,3.873985796179143,0.015132757016324777,11.022635117374715,0.04305716842724498,2.1040848159517656,0.008219081312311584,2.7239191126459286,10,256,0.5991463383124886,253,27,64,132,188,0.10546875,0.25,0.515625,0.734375,resnet50_random,random_init(seed=0),imagenet_val[6400],400.0,True,,,,,,6400.0,145.70066919589075,1.2080491580681259,0.004718942023703617,1.6617575051112623,0.006491240254340868,1.100331192935879,0.004298168722405777,3.406837981093109,10.0,256.0,0.5612104498917796,254.0,1.0,3.0,11.0,69.0,0.00390625,0.01171875,0.04296875,0.26953125,25.0,False
layer3.1.conv3,conv,95,1024,1,False,256.0,0,14.0,14.0,102400,1549.229394939093,3.7452087969275696,0.0036574304657495797,10.553318144783622,0.010305974750765256,2.054576525771739,0.002006422388448964,7.423762534551931,10,1024,0.8187224940960196,631,24,57,125,183,0.0234375,0.0556640625,0.1220703125,0.1787109375,resnet50_random,random_init(seed=0),imagenet_val[6400],100.0,True,0.09375,0.22265625,0.48828125,0.71484375,0.25,6400.0,299.5337785124365,1.2148354794932956,0.0011863627729426715,1.6722317649404823,0.0016330388329496898,1.103572275882409,0.001077707300666415,6.479242946933035,10.0,1024.0,0.8733306602882471,630.0,1.0,3.0,10.0,64.0,0.0009765625,0.0029296875,0.009765625,0.0625,6.25,False
layer3.1.bn3,bn,96,1024,1,False,256.0,0,14.0,14.0,102400,1543.900880706547,3.772806650201727,0.003684381494337624,10.616013581906927,0.010367200763580983,2.0648798798267567,0.002016484257643317,7.408385490904571,10,1024,0.8183057949676439,631,25,57,125,183,0.0244140625,0.0556640625,0.1220703125,0.1787109375,resnet50_random,random_init(seed=0),imagenet_val[6400],100.0,True,0.09765625,0.22265625,0.48828125,0.71484375,0.25,6400.0,299.5307791653914,1.2148354794530578,0.0011863627729033768,1.6722317674805203,0.0016330388354301956,1.1035722758618967,0.0010777073006463835,6.467684094756321,10.0,1024.0,0.8740466292246118,631.0,1.0,3.0,10.0,64.0,0.0009765625,0.0029296875,0.009765625,0.0625,6.25,False
layer3.1.relu,act,97,1024,1,False,,2,14.0,14.0,102400,1652.7033550387628,2.8144049573123855,0.0027484423411253765,9.348119026495274,0.009129022486811791,1.7138482238765262,0.0016736799061294202,2.5755835616813796,10,1024,0.4127517912976927,1014,27,86,314,709,0.0263671875,0.083984375,0.306640625,0.6923828125,resnet50_random,random_init(seed=0),imagenet_val[6400],100.0,True,,,,,,6400.0,407.36187463522316,1.1498938036061621,0.0011229431675841427,1.497701720850116,0.0014625993367676914,1.0729467674664979,0.0010477995776040018,2.8757286036466674,10.0,1024.0,0.47113022904766777,1014.0,1.0,2.0,8.0,94.0,0.0009765625,0.001953125,0.0078125,0.091796875,6.25,False
layer3.1,block,98,1024,1,False,,0,14.0,14.0,102400,1654.1474687139014,2.8154492021708104,0.002749462111494932,9.342481434859996,0.009123517026230465,1.7142200695306327,0.0016740430366510085,2.546555262908264,10,1024,0.43865778826479174,1015,27,86,314,709,0.0263671875,0.083984375,0.306640625,0.6923828125,resnet50_random,random_init(seed=0),imagenet_val[6400],100.0,True,,,,,,6400.0,407.36187463522316,1.1498938036061621,0.0011229431675841427,1.497701720850116,0.0014625993367676914,1.0729467674664979,0.0010477995776040018,2.8757286036466674,10.0,1024.0,0.47113022904766777,1014.0,1.0,2.0,8.0,94.0,0.0009765625,0.001953125,0.0078125,0.091796875,6.25,False
layer3.2.conv1,conv,99,256,1,False,256.0,0,14.0,14.0,102400,3563.4357304206433,2.5855221632020786,0.01009969595000812,7.509756791217534,0.02933498746569349,1.6380171933517056,0.0063985046615301,1.6804981954791718,10,256,0.9470601982167621,256,19,51,141,229,0.07421875,0.19921875,0.55078125,0.89453125,resnet50_random,random_init(seed=0),imagenet_val[6400],400.0,True,0.07421875,0.19921875,0.55078125,0.89453125,1.0,6400.0,924.4633485885009,1.1270083157231967,0.004402376233293737,1.4264257439360235,0.005571975562250092,1.0620296386627814,0.00414855327602649,2.1612766604819704,10.0,256.0,0.9849076066976005,256.0,1.0,2.0,7.0,61.0,0.00390625,0.0078125,0.02734375,0.23828125,25.0,False
layer3.2.bn1,bn,100,256,1,False,256.0,0,14.0,14.0,102400,3557.4760833253167,2.5844068448593362,0.010095339237731782,7.506643220831399,0.029322825081372652,1.63763136976326,0.006396997538137735,1.6799527072446916,10,256,0.9470186813982304,256,19,51,141,229,0.07421875,0.19921875,0.55078125,0.89453125,resnet50_random,random_init(seed=0),imagenet_val[6400],400.0,True,0.07421875,0.19921875,0.55078125,0.89453125,1.0,6400.0,924.4540928369873,1.1270083156567487,0.004402376233034175,1.4264257440204575,0.005571975562579912,1.0620296386262078,0.004148553275883624,2.161280627690411,10.0,256.0,0.9849066118464022,256.0,1.0,2.0,7.0,61.0,0.00390625,0.0078125,0.02734375,0.23828125,25.0,False
layer3.2.relu,act,101,256,1,False,,0,14.0,14.0,102400,1606.1937204688686,2.3795704604186874,0.009295197111010498,6.529492226172203,0.025505829008485168,1.5644025852065884,0.006110947598463236,5.873504806468385,10,256,0.3126666110674775,238,16,40,102,151,0.0625,0.15625,0.3984375,0.58984375,resnet50_random,random_init(seed=0),imagenet_val[6400],400.0,True,,,,,,6400.0,432.85639588752184,1.1110634326703537,0.004340091533868569,1.377060640340315,0.005379143126329355,1.0543972070997436,0.0041187390902333735,6.259776602124743,10.0,256.0,0.3801864330923317,242.0,1.0,2.0,7.0,51.0,0.00390625,0.0078125,0.02734375,0.19921875,25.0,False
layer3.2.conv2,conv,102,256,1,False,256.0,0,14.0,14.0,102400,4391.388524365617,3.006323531026018,0.011743451293070382,7.603170182724676,0.029699883526268265,1.8301506935531764,0.007149026146692095,1.25002704008198,10,256,0.9760693738719304,256,13,51,169,242,0.05078125,0.19921875,0.66015625,0.9453125,resnet50_random,random_init(seed=0),imagenet_val[6400],400.0,True,0.05078125,0.19921875,0.66015625,0.9453125,1.0,6400.0,801.7308798680381,1.1132490120697376,0.0043486289533974124,1.3887858398336526,0.005424944686850205,1.0554130102719776,0.004122707071374913,2.8600120848809976,10.0,256.0,0.9576384612050785,256.0,1.0,2.0,7.0,47.0,0.00390625,0.0078125,0.02734375,0.18359375,25.0,False
layer3.2.bn2,bn,103,256,1,False,256.0,0,14.0,14.0,102400,4394.246740831934,3.001326040754712,0.011723929846698095,7.585672342166124,0.02963153258658642,1.8281826027531403,0.007141338292004454,1.250666226788132,10,256,0.9758602167436699,256,13,51,168,242,0.05078125,0.19921875,0.65625,0.9453125,resnet50_random,random_init(seed=0),imagenet_val[6400],400.0,True,0.05078125,0.19921875,0.65625,0.9453125,1.0,6400.0,801.7228512009837,1.113249010008843,0.004348628945347043,1.3887858280226952,0.005424944640713653,1.0554130092905911,0.0041227070675413716,2.860014945791753,10.0,256.0,0.957638883178118,256.0,1.0,2.0,7.0,47.0,0.00390625,0.0078125,0.02734375,0.18359375,25.0,False
layer3.2.relu,act,104,256,1,False,,1,14.0,14.0,102400,1767.304721513232,3.14312329010642,0.012277825351978203,8.451581666814446,0.03301399088599393,1.8537595387354109,0.007241248198185199,4.135780276773345,10,256,0.3094179266584812,250,17,51,125,177,0.06640625,0.19921875,0.48828125,0.69140625,resnet50_random,random_init(seed=0),imagenet_val[6400],400.0,True,,,,,,6400.0,310.95662501244135,1.1398363299989245,0.004452485664058299,1.4704334218588535,0.0057438805541361465,1.0681402790312085,0.004172422964965658,4.420122248844359,10.0,256.0,0.40739656858196205,251.0,1.0,2.0,9.0,59.0,0.00390625,0.0078125,0.03515625,0.23046875,25.0,False
layer3.2.conv3,conv,105,1024,1,False,256.0,0,14.0,14.0,102400,3512.7788865401667,3.180568622300721,0.0031060240452155476,8.460607627057334,0.008262312135798177,1.8675942269270243,0.0018238224872334221,7.318468016133787,10,1024,0.8314579761007279,628,17,47,118,173,0.0166015625,0.0458984375,0.115234375,0.1689453125,resnet50_random,random_init(seed=0),imagenet_val[6400],100.0,True,0.06640625,0.18359375,0.4609375,0.67578125,0.25,6400.0,620.4028689011815,1.1462488593740443,0.0011193836517324651,1.4849844003082644,0.0014501800784260394,1.0712175468015637,0.001046110885548402,6.393476178955243,10.0,1024.0,0.8817474726577472,625.0,1.0,2.0,9.0,57.0,0.0009765625,0.001953125,0.0087890625,0.0556640625,6.25,False
layer3.2.bn3,bn,106,1024,1,False,256.0,0,14.0,14.0,102400,3515.8931933303556,3.1753815004878403,0.0031009584965701565,8.451237308667872,0.00825316143424597,1.8655450438445542,0.0018218213318794475,7.323924469583247,10,1024,0.8317099332104119,629,17,47,118,173,0.0166015625,0.0458984375,0.115234375,0.1689453125,resnet50_random,random_init(seed=0),imagenet_val[6400],100.0,True,0.06640625,0.18359375,0.4609375,0.67578125,0.25,6400.0,620.3966568298413,1.1462488592574376,0.0011193836516185914,1.4849843981405408,0.001450180076309122,1.0712175467502103,0.0010461108854982522,6.388832903297228,10.0,1024.0,0.8824255758458556,627.0,1.0,2.0,9.0,57.0,0.0009765625,0.001953125,0.0087890625,0.0556640625,6.25,False
layer3.2.relu,act,107,1024,1,False,,2,14.0,14.0,102400,3687.0390376536975,2.7603177158858525,0.002695622769419778,8.70711434200636,0.008503041349615586,1.7013457398626717,0.0016614704490846403,2.2335725620451274,10,1024,0.6001334289819376,1020,21,78,313,733,0.0205078125,0.076171875,0.3056640625,0.7158203125,resnet50_random,random_init(seed=0),imagenet_val[6400],100.0,True,,,,,,6400.0,849.9737254529848,1.116532888215985,0.001090364148648423,1.4028261423395523,0.001369947404628469,1.0570169020421287,0.0010322430684005163,2.53526887415284,10.0,1024.0,0.6460576936058591,1019.0,1.0,2.0,8.0,84.0,0.0009765625,0.001953125,0.0078125,0.08203125,6.25,False
layer3.2,block,108,1024,1,False,,0,14.0,14.0,102400,3682.80642915288,2.7822662770287514,0.00271705691116089,8.771520236721598,0.008565937731173435,1.7093878322041207,0.0016693240548868366,2.3085396634823483,10,1024,0.4496218357286683,1019,22,79,313,734,0.021484375,0.0771484375,0.3056640625,0.716796875,resnet50_random,random_init(seed=0),imagenet_val[6400],100.0,True,,,,,,6400.0,849.9737254529848,1.116532888215985,0.001090364148648423,1.4028261423395523,0.001369947404628469,1.0570169020421287,0.0010322430684005163,2.53526887415284,10.0,1024.0,0.6460576936058591,1019.0,1.0,2.0,8.0,84.0,0.0009765625,0.001953125,0.0078125,0.08203125,6.25,False
layer3.3.conv1,conv,109,256,1,False,256.0,0,14.0,14.0,102400,7312.571158631401,2.623575694977436,0.010248342558505609,7.58881670833349,0.029643815266927696,1.650986314695991,0.006449165291781215,1.6426483131656728,10,256,0.9501613876107506,256,18,50,143,230,0.0703125,0.1953125,0.55859375,0.8984375,resnet50_random,random_init(seed=0),imagenet_val[6400],400.0,True,0.0703125,0.1953125,0.55859375,0.8984375,1.0,6400.0,1808.982063642001,1.1055123075829252,0.0043184074514958015,1.3643523543120688,0.005329501384031519,1.051726514949271,0.00410830669902059,2.1369150046084053,10.0,256.0,0.9856293060921335,256.0,1.0,1.0,7.0,58.0,0.00390625,0.00390625,0.02734375,0.2265625,25.0,False
layer3.3.bn1,bn,110,256,1,False,256.0,0,14.0,14.0,102400,7343.8659487549285,2.624663191004487,0.010252590589861277,7.581396150751769,0.029614828713874098,1.6515582098666275,0.006451399257291514,1.6417646573599183,10,256,0.9503293200187739,256,17,50,143,230,0.06640625,0.1953125,0.55859375,0.8984375,resnet50_random,random_init(seed=0),imagenet_val[6400],400.0,True,0.06640625,0.1953125,0.55859375,0.8984375,1.0,6400.0,1808.9639527683025,1.1055123099896809,0.004318407460897191,1.3643523729180862,0.005329501456711274,1.0517265160964888,0.0041083067035019094,2.136911621001918,10.0,256.0,0.9856296807674434,256.0,1.0,1.0,7.0,58.0,0.00390625,0.00390625,0.02734375,0.2265625,25.0,False
layer3.3.relu,act,111,256,1,False,,0,14.0,14.0,102400,3634.092202423102,2.3671404367540303,0.00924664233107043,6.567152608905635,0.025652939878537638,1.5580255630597903,0.006086037355702306,5.947478729397961,10,256,0.21508362722729157,240,15,40,105,157,0.05859375,0.15625,0.41015625,0.61328125,resnet50_random,random_init(seed=0),imagenet_val[6400],400.0,True,,,,,,6400.0,957.093671716966,1.0900109690513664,0.0042578553478569,1.316786762438085,0.005143698290773769,1.0442401320254229,0.004079063015724308,5.943136503274909,10.0,256.0,0.2763451331637512,242.0,1.0,1.0,6.0,49.0,0.00390625,0.00390625,0.0234375,0.19140625,25.0,False
layer3.3.conv2,conv,112,256,1,False,256.0,0,14.0,14.0,102400,10046.38033471669,2.9689434607382155,0.011597435393508654,7.333803429775781,0.028647669647561644,1.8188502535126843,0.007104883802783923,1.2517616509200127,10,256,0.9788733578480056,256,12,46,165,241,0.046875,0.1796875,0.64453125,0.94140625,resnet50_random,random_init(seed=0),imagenet_val[6400],400.0,True,0.046875,0.1796875,0.64453125,0.94140625,1.0,6400.0,1848.9466176587073,1.0898766448518475,0.0042573306439525295,1.3175931794780094,0.005146848357335974,1.0441622837593798,0.004078758920935077,2.8363042681154638,10.0,256.0,0.956088231494247,256.0,1.0,1.0,6.0,43.0,0.00390625,0.00390625,0.0234375,0.16796875,25.0,False
layer3.3.bn2,bn,113,256,1,False,256.0,0,14.0,14.0,102400,10013.335335276986,2.9547828205724755,0.011542120392861233,7.327845101705809,0.028624394928538317,1.8119510885716266,0.007077933939732916,1.2520032485954995,10,256,0.9788803478240398,256,12,46,165,241,0.046875,0.1796875,0.64453125,0.94140625,resnet50_random,random_init(seed=0),imagenet_val[6400],400.0,True,0.046875,0.1796875,0.64453125,0.94140625,1.0,6400.0,1848.9281056191562,1.0898766438141783,0.004257330639899134,1.3175931730460502,0.0051468483322111335,1.0441622832596378,0.00407875891898296,2.8363169153416847,10.0,256.0,0.9560854382511604,256.0,1.0,1.0,6.0,43.0,0.00390625,0.00390625,0.0234375,0.16796875,25.0,False
layer3.3.relu,act,114,256,1,False,,1,14.0,14.0,102400,5496.683350539447,2.6044630138581772,0.010173683647883505,6.597075616665823,0.02576982662760087,1.6617445730058393,0.00649118973830406,3.1471868212505756,10,256,0.2758813837355445,251,11,40,125,182,0.04296875,0.15625,0.48828125,0.7109375,resnet50_random,random_init(seed=0),imagenet_val[6400],400.0,True,,,,,,6400.0,1129.227599340065,1.0754323776124097,0.0042009077250484755,1.2742062187410084,0.004977368041957064,1.037158434574997,0.004051400135058582,3.7237983099848435,10.0,256.0,0.44099630500599574,253.0,1.0,1.0,6.0,44.0,0.00390625,0.00390625,0.0234375,0.171875,25.0,False
layer3.3.conv3,conv,115,1024,1,False,256.0,0,14.0,14.0,102400,11246.050834786382,2.5398028350583477,0.0024802762061116677,6.321339120304153,0.006173182734672025,1.6385434298050747,0.0016001400681690183,7.211372618403051,10,1024,0.8203346291075309,630,11,35,115,177,0.0107421875,0.0341796875,0.1123046875,0.1728515625,resnet50_random,random_init(seed=0),imagenet_val[6400],100.0,True,0.04296875,0.13671875,0.44921875,0.69140625,0.25,6400.0,2345.6269467180896,1.0698771516651848,0.001044801905923032,1.2571382948866034,0.0012276741161001987,1.0344533958972983,0.0010102083944309554,6.190308269532987,10.0,1024.0,0.8809086021731163,627.0,1.0,1.0,6.0,41.0,0.0009765625,0.0009765625,0.005859375,0.0400390625,6.25,False
layer3.3.bn3,bn,116,1024,1,False,256.0,0,14.0,14.0,102400,11215.308649843531,2.538426669468557,0.0024789322944028876,6.323808263811422,0.006175594007628342,1.637823169811134,0.0015994366892686856,7.216644666501099,10,1024,0.8202002587495641,630,11,36,115,177,0.0107421875,0.03515625,0.1123046875,0.1728515625,resnet50_random,random_init(seed=0),imagenet_val[6400],100.0,True,0.04296875,0.140625,0.44921875,0.69140625,0.25,6400.0,2345.6034576415277,1.0698771509797846,0.001044801905253696,1.2571382872175636,0.001227674108610902,1.0344533955658826,0.0010102083941073072,6.188840575951767,10.0,1024.0,0.8804548781145842,627.0,1.0,1.0,6.0,41.0,0.0009765625,0.0009765625,0.005859375,0.0400390625,6.25,False
layer3.3.relu,act,117,1024,1,False,,2,14.0,14.0,102400,9807.12356555642,2.4371663257824085,0.0023800452400218833,6.8534232116927125,0.0066927961051686646,1.5927383402400073,0.001555408535390632,2.518520536623977,10,1024,0.4410426611996229,1013,13,55,267,675,0.0126953125,0.0537109375,0.2607421875,0.6591796875,resnet50_random,random_init(seed=0),imagenet_val[6400],100.0,True,,,,,,6400.0,2362.689800774899,1.0690698520777349,0.001044013527419663,1.2559130149980917,0.001226477553709074,1.0340722779309943,0.0010098362089169866,2.7885916349201842,10.0,1024.0,0.5590598944859295,1014.0,1.0,1.0,6.0,58.0,0.0009765625,0.0009765625,0.005859375,0.056640625,6.25,False
layer3.3,block,118,1024,1,False,,0,14.0,14.0,102400,9819.832020720442,2.443468251904927,0.002386199464750905,6.86908079284504,0.006708086711762734,1.5951295964572374,0.001557743746540271,2.616638674156907,10,1024,0.3773652442404919,1012,12,55,267,675,0.01171875,0.0537109375,0.2607421875,0.6591796875,resnet50_random,random_init(seed=0),imagenet_val[6400],100.0,True,,,,,,6400.0,2362.689800774899,1.0690698520777349,0.001044013527419663,1.2559130149980917,0.001226477553709074,1.0340722779309943,0.0010098362089169866,2.7885916349201842,10.0,1024.0,0.5590598944859295,1014.0,1.0,1.0,6.0,58.0,0.0009765625,0.0009765625,0.005859375,0.056640625,6.25,False
layer3.4.conv1,conv,119,256,1,False,256.0,0,14.0,14.0,102400,19296.172113767843,2.422451070458611,0.00946269949397895,6.271792444766747,0.024499189237370104,1.5909288073750236,0.006214565653808686,1.6652963198559811,10,256,0.9533132053376335,256,12,38,130,224,0.046875,0.1484375,0.5078125,0.875,resnet50_random,random_init(seed=0),imagenet_val[6400],400.0,True,0.046875,0.1484375,0.5078125,0.875,1.0,6400.0,4688.891041454637,1.0716092068099354,0.00418597346410131,1.25859386045665,0.004916382267408789,1.0353218297535418,0.004044225897474773,2.1603001028801456,10.0,256.0,0.9856901263532473,256.0,1.0,1.0,5.0,46.0,0.00390625,0.00390625,0.01953125,0.1796875,25.0,False
layer3.4.bn1,bn,120,256,1,False,256.0,0,14.0,14.0,102400,19270.18914865496,2.4410718892179037,0.009535437067257437,6.313819568179837,0.02466335768820249,1.5981526620613042,0.00624278383617697,1.6636009735732853,10,256,0.953326818374177,256,12,38,130,224,0.046875,0.1484375,0.5078125,0.875,resnet50_random,random_init(seed=0),imagenet_val[6400],400.0,True,0.046875,0.1484375,0.5078125,0.875,1.0,6400.0,4688.844093522333,1.0716092076080785,0.004185973467219057,1.258593866093038,0.00491638228942593,1.0353218301404392,0.004044225898986091,2.160297361499395,10.0,256.0,0.9856906556402424,256.0,1.0,1.0,5.0,46.0,0.00390625,0.00390625,0.01953125,0.1796875,25.0,False
layer3.4.relu,act,121,256,1,False,,0,14.0,14.0,102400,7314.707445476132,2.592673484244602,0.010127630797830477,6.71947751001214,0.026247959023484924,1.6526228330750496,0.006455557941699413,7.274960231851314,10,256,0.23868360299526703,226,13,36,98,150,0.05078125,0.140625,0.3828125,0.5859375,resnet50_random,random_init(seed=0),imagenet_val[6400],400.0,True,,,,,,6400.0,1692.4317076337231,1.0837419854306587,0.0042333671305885105,1.2952788678974996,0.005059683077724608,1.0412271611046906,0.004067293598065198,7.059927828754142,10.0,256.0,0.32239505191342477,230.0,1.0,1.0,6.0,47.0,0.00390625,0.00390625,0.0234375,0.18359375,25.0,False
layer3.4.conv2,conv,122,256,1,False,256.0,0,14.0,14.0,102400,19371.887592023904,3.180828472318497,0.01242511121999413,7.567603970674579,0.029560953010447574,1.912808723896562,0.007471909077720946,1.279746486617873,10,256,0.9795966418883949,256,11,41,160,240,0.04296875,0.16015625,0.625,0.9375,resnet50_random,random_init(seed=0),imagenet_val[6400],400.0,True,0.04296875,0.16015625,0.625,0.9375,1.0,6400.0,3218.0260654468257,1.0856801591940657,0.004240938121851819,1.3049478853336345,0.00509745267708451,1.0421395495509371,0.004070857615433348,2.916512178667012,10.0,256.0,0.955869295032897,256.0,1.0,1.0,7.0,42.0,0.00390625,0.00390625,0.02734375,0.1640625,25.0,False
layer3.4.bn2,bn,123,256,1,False,256.0,0,14.0,14.0,102400,19484.99300038936,3.1664880216697955,0.012369093834647639,7.512517840463665,0.02934577281431119,1.9079046543405007,0.007452752556017581,1.2789121540059385,10,256,0.9795060051543819,256,11,41,160,240,0.04296875,0.16015625,0.625,0.9375,resnet50_random,random_init(seed=0),imagenet_val[6400],400.0,True,0.04296875,0.16015625,0.625,0.9375,1.0,6400.0,3217.993849256412,1.0856801644592449,0.004240938142418925,1.3049479281006835,0.005097452844143295,1.0421395520792922,0.004070857625309735,2.9164649707664028,10.0,256.0,0.9558750013870959,256.0,1.0,1.0,7.0,42.0,0.00390625,0.00390625,0.02734375,0.1640625,25.0,False
layer3.4.relu,act,124,256,1,False,,1,14.0,14.0,102400,9009.302165943911,2.8893601985532595,0.01128656327559867,7.506019225092512,0.029320387598017625,1.7635056486081886,0.006888693939875737,3.1678420252085195,10,256,0.2661888983437799,251,13,43,126,187,0.05078125,0.16796875,0.4921875,0.73046875,resnet50_random,random_init(seed=0),imagenet_val[6400],400.0,True,,,,,,6400.0,1681.5722244321557,1.0759146915114606,0.004202791763716643,1.2772820221597674,0.004989382899061591,1.0373999026997098,0.0040523433699207415,3.385657565255755,10.0,256.0,0.44473950468077716,251.0,1.0,1.0,6.0,47.0,0.00390625,0.00390625,0.0234375,0.18359375,25.0,False
layer3.4.conv3,conv,125,1024,1,False,256.0,0,14.0,14.0,102400,18370.026414304815,2.871419042639162,0.0028041201588273066,7.2982225884072625,0.007127170496491467,1.7598347982741591,0.0017185886701896085,7.251825875022664,10,1024,0.815913840766532,630,12,39,117,182,0.01171875,0.0380859375,0.1142578125,0.177734375,resnet50_random,random_init(seed=0),imagenet_val[6400],100.0,True,0.046875,0.15234375,0.45703125,0.7109375,0.25,6400.0,3434.3616969960685,1.0721771893851133,0.0010470480365088997,1.265491966604587,0.001235831998637292,1.0355800299749738,0.0010113086230224353,6.224311909291563,10.0,1024.0,0.8741056843793611,627.0,1.0,1.0,6.0,44.0,0.0009765625,0.0009765625,0.005859375,0.04296875,6.25,False
layer3.4.bn3,bn,126,1024,1,False,256.0,0,14.0,14.0,102400,18381.44203267128,2.8598610662733375,0.002792833072532556,7.268734135441274,0.007098373179141869,1.7554870891259842,0.001714342860474594,7.244998715137036,10,1024,0.8161374713114105,629,12,39,117,182,0.01171875,0.0380859375,0.1142578125,0.177734375,resnet50_random,random_init(seed=0),imagenet_val[6400],100.0,True,0.046875,0.15234375,0.45703125,0.7109375,0.25,6400.0,3434.327310920021,1.0721771899860386,0.0010470480370957408,1.2654919732487109,0.0012358320051256942,1.035580030265333,0.0010113086233059893,6.216303553628027,10.0,1024.0,0.8745233191309536,626.0,1.0,1.0,6.0,44.0,0.0009765625,0.0009765625,0.005859375,0.04296875,6.25,False
layer3.4.relu,act,127,1024,1,False,,2,14.0,14.0,102400,20179.358430443765,2.483905365088247,0.0024256888330939914,7.027157416730729,0.0068624584147761025,1.6085911106663668,0.0015708897565101239,2.4723812986713702,10,1024,0.42533004543308506,1013,12,54,268,680,0.01171875,0.052734375,0.26171875,0.6640625,resnet50_random,random_init(seed=0),imagenet_val[6400],100.0,True,,,,,,6400.0,4699.524662423158,1.0590632737324353,0.0010342414782543313,1.2258251727136076,0.0011970948952281324,1.0291839270213348,0.0010050624287317722,2.7819949640307975,10.0,1024.0,0.4989950556969609,1012.0,1.0,1.0,5.0,55.0,0.0009765625,0.0009765625,0.0048828125,0.0537109375,6.25,False
layer3.4,block,128,1024,1,False,,0,14.0,14.0,102400,20133.36147782049,2.4966167126644123,0.00243810225846134,7.058924190270737,0.006893480654561267,1.6133588315003515,0.001575545733887062,2.612132326975035,10,1024,0.33404561189070947,1011,12,54,268,680,0.01171875,0.052734375,0.26171875,0.6640625,resnet50_random,random_init(seed=0),imagenet_val[6400],100.0,True,,,,,,6400.0,4699.524662423158,1.0590632737324353,0.0010342414782543313,1.2258251727136076,0.0011970948952281324,1.0291839270213348,0.0010050624287317722,2.7819949640307975,10.0,1024.0,0.4989950556969609,1012.0,1.0,1.0,5.0,55.0,0.0009765625,0.0009765625,0.0048828125,0.0537109375,6.25,False
layer3.5.conv1,conv,129,256,1,False,256.0,0,14.0,14.0,102400,43281.29494898647,2.226432153422272,0.00869700059930575,5.700233612243819,0.02226653754782742,1.5137273348327367,0.005912997401690378,1.6606008800172516,10,256,0.9523014973203805,256,10,34,125,223,0.0390625,0.1328125,0.48828125,0.87109375,resnet50_random,random_init(seed=0),imagenet_val[6400],400.0,True,0.0390625,0.1328125,0.48828125,0.87109375,1.0,6400.0,10581.6052417634,1.052311782808275,0.0041105929015948246,1.1998415975976569,0.004686881240615847,1.0258821352787872,0.004007352090932763,2.165886400584005,10.0,256.0,0.9854321432914721,256.0,1.0,1.0,5.0,40.0,0.00390625,0.00390625,0.01953125,0.15625,25.0,False
layer3.5.bn1,bn,130,256,1,False,256.0,0,14.0,14.0,102400,43289.14655297262,2.2369450715655304,0.008738066685802853,5.727532653169065,0.02237317442644166,1.51774612560215,0.005928695803133399,1.6609042072318583,10,256,0.9523327366316021,256,10,34,125,223,0.0390625,0.1328125,0.48828125,0.87109375,resnet50_random,random_init(seed=0),imagenet_val[6400],400.0,True,0.0390625,0.1328125,0.48828125,0.87109375,1.0,6400.0,10581.499285671918,1.0523117812565461,0.004110592895533383,1.1998415918559238,0.004686881218187202,1.0258821345208262,0.004007352087971977,2.1658869898730373,10.0,256.0,0.9854315860108583,256.0,1.0,1.0,5.0,40.0,0.00390625,0.00390625,0.01953125,0.15625,25.0,False
layer3.5.relu,act,131,256,1,False,,0,14.0,14.0,102400,19399.586872427208,2.305440275088306,0.009005626074563695,5.836990911267878,0.02280074574714015,1.5433638139987114,0.006028764898432466,7.096206456828933,10,256,0.22947141784296943,228,10,32,101,161,0.0390625,0.125,0.39453125,0.62890625,resnet50_random,random_init(seed=0),imagenet_val[6400],400.0,True,,,,,,6400.0,4866.39630599588,1.053476864056658,0.004115144000221321,1.202290465889591,0.004696447132381215,1.0264583960995703,0.004009603109763947,6.283150481111584,10.0,256.0,0.28375395181617913,230.0,1.0,1.0,4.0,39.0,0.00390625,0.00390625,0.015625,0.15234375,25.0,False
layer3.5.conv2,conv,132,256,1,False,256.0,0,14.0,14.0,102400,47782.31973676414,3.1351085378553774,0.012246517725997568,7.249282401619918,0.028317509381327804,1.9009867802709244,0.007425729610433298,1.2669347355453076,10,256,0.9810032339785281,256,10,36,157,240,0.0390625,0.140625,0.61328125,0.9375,resnet50_random,random_init(seed=0),imagenet_val[6400],400.0,True,0.0390625,0.140625,0.61328125,0.9375,1.0,6400.0,7686.746329665116,1.0653138335872234,0.0041613821624500915,1.2458685121464084,0.004866673875571908,1.0322231708999652,0.004032121761327989,2.863923188974799,10.0,256.0,0.9507063484374774,256.0,1.0,1.0,6.0,41.0,0.00390625,0.00390625,0.0234375,0.16015625,25.0,False
layer3.5.bn2,bn,133,256,1,False,256.0,0,14.0,14.0,102400,47760.30322948539,3.098660218911256,0.012104141480122094,7.192829767506174,0.02809699127932099,1.8846597980588669,0.007361952336167449,1.2671868303177327,10,256,0.980948990015718,256,10,36,157,240,0.0390625,0.140625,0.61328125,0.9375,resnet50_random,random_init(seed=0),imagenet_val[6400],400.0,True,0.0390625,0.140625,0.61328125,0.9375,1.0,6400.0,7686.669350573013,1.0653138314484267,0.004161382154095417,1.245868494164101,0.004866673805328519,1.0322231698638142,0.004032121757280524,2.86393782599665,10.0,256.0,0.9507047125328412,256.0,1.0,1.0,6.0,41.0,0.00390625,0.00390625,0.0234375,0.16015625,25.0,False
layer3.5.relu,act,134,256,1,False,,1,14.0,14.0,102400,20243.538937329402,2.9969306677769896,0.011706760421003866,7.327671747889488,0.02862371776519331,1.8146707336294046,0.007088557553239862,3.306236058130791,10,256,0.44692037722914246,254,11,35,110,170,0.04296875,0.13671875,0.4296875,0.6640625,resnet50_random,random_init(seed=0),imagenet_val[6400],400.0,True,,,,,,6400.0,3586.752335162946,1.0630501586242007,0.004152539682125784,1.2405143606813427,0.004845759221411495,1.0311132988351182,0.00402778632357468,3.708624862037965,10.0,256.0,0.5742144866272563,255.0,1.0,1.0,6.0,42.0,0.00390625,0.00390625,0.0234375,0.1640625,25.0,False
layer3.5.conv3,conv,135,1024,1,False,256.0,0,14.0,14.0,102400,38742.86053267235,3.1480113873597415,0.0030742298704684976,7.669133253253528,0.007489387942630398,1.8726707522026242,0.0018287800314478752,7.187443613478782,10,1024,0.8351238193667236,630,12,35,105,166,0.01171875,0.0341796875,0.1025390625,0.162109375,resnet50_random,random_init(seed=0),imagenet_val[6400],100.0,True,0.046875,0.13671875,0.41015625,0.6484375,0.25,6400.0,6670.546854447285,1.0677928467443707,0.0010427664518987995,1.2569419172805503,0.0012274823410942874,1.0334197226232802,0.001009198947874297,6.1885815619977205,10.0,1024.0,0.8905330004279783,630.0,1.0,1.0,6.0,43.0,0.0009765625,0.0009765625,0.005859375,0.0419921875,6.25,False
layer3.5.bn3,bn,136,1024,1,False,256.0,0,14.0,14.0,102400,38601.52009903825,3.174792672046839,0.0031003834687957413,7.722991014301917,0.007541983412404216,1.8833060333634606,0.0018391660482065045,7.189874228975811,10,1024,0.8348321177538498,630,12,35,105,166,0.01171875,0.0341796875,0.1025390625,0.162109375,resnet50_random,random_init(seed=0),imagenet_val[6400],100.0,True,0.046875,0.13671875,0.41015625,0.6484375,0.25,6400.0,6670.480057893412,1.0677928460749981,0.0010427664512451154,1.2569419115527038,0.0012274823355006874,1.0334197222992532,0.0010091989475578644,6.184703342712878,10.0,1024.0,0.8908733610133841,629.0,1.0,1.0,6.0,43.0,0.0009765625,0.0009765625,0.005859375,0.0419921875,6.25,False
layer3.5.relu,act,137,1024,1,False,,2,14.0,14.0,102400,44240.45890066672,2.5236404048162586,0.0024644925828283776,7.0255991326192255,0.006860936652948462,1.6240382473816959,0.0015859748509586874,2.2537630041193837,10,1024,0.5193497363756324,1018,12,48,251,684,0.01171875,0.046875,0.2451171875,0.66796875,resnet50_random,random_init(seed=0),imagenet_val[6400],100.0,True,,,,,,6400.0,10119.146611297121,1.0511972582986162,0.0010265598225572424,1.2011880126049639,0.001173035168559535,1.0253281828939096,0.0010012970536073336,2.5215566779895613,10.0,1024.0,0.6545217225699342,1018.0,1.0,1.0,5.0,50.0,0.0009765625,0.0009765625,0.0048828125,0.048828125,6.25,False
layer3.5,block,138,1024,1,False,,0,14.0,14.0,102400,44401.261566362475,2.4947017068433337,0.002436232135589193,6.947734372001462,0.006784896847657678,1.613013405616269,0.0015752084039221377,2.2562799495675145,10,1024,0.5272900194051021,1018,12,48,250,683,0.01171875,0.046875,0.244140625,0.6669921875,resnet50_random,random_init(seed=0),imagenet_val[6400],100.0,True,,,,,,6400.0,10119.146611297121,1.0511972582986162,0.0010265598225572424,1.2011880126049639,0.001173035168559535,1.0253281828939096,0.0010012970536073336,2.5215566779895613,10.0,1024.0,0.6545217225699342,1018.0,1.0,1.0,5.0,50.0,0.0009765625,0.0009765625,0.0048828125,0.048828125,6.25,False
layer4.0.conv1,conv,139,512,1,False,512.0,0,14.0,14.0,102400,86248.31738762732,2.647896863372762,0.005171673561274926,7.069678142197866,0.013807965121480206,1.671647833226827,0.0032649371742711464,2.0184280816764666,10,512,0.9266869827210462,512,12,41,170,372,0.0234375,0.080078125,0.33203125,0.7265625,resnet50_random,random_init(seed=0),imagenet_val[6400],200.0,True,0.0234375,0.080078125,0.33203125,0.7265625,1.0,6400.0,19454.989028154065,1.0527349572902758,0.00205612296345757,1.205966303903012,0.0023554029373105702,1.0260794939577067,0.002004061511636146,2.3806862783030582,10.0,512.0,0.9658569927933967,512.0,1.0,1.0,5.0,45.0,0.001953125,0.001953125,0.009765625,0.087890625,12.5,False
layer4.0.bn1,bn,140,512,1,False,512.0,0,14.0,14.0,102400,86504.23290720365,2.65102495281072,0.005177783110958438,7.075946040342296,0.013820207110043546,1.6728417524608183,0.003267269047775036,2.019532116293855,10,512,0.9270437099670962,512,12,41,170,372,0.0234375,0.080078125,0.33203125,0.7265625,resnet50_random,random_init(seed=0),imagenet_val[6400],200.0,True,0.0234375,0.080078125,0.33203125,0.7265625,1.0,6400.0,19454.794193529047,1.0527349558942662,0.0020561229607309888,1.2059662915053386,0.0023554029130963645,1.0260794932779616,0.0020040615103085187,2.3806965560194344,10.0,512.0,0.9658554276755961,512.0,1.0,1.0,5.0,45.0,0.001953125,0.001953125,0.009765625,0.087890625,12.5,False
layer4.0.relu,act,141,512,1,False,,0,14.0,14.0,102400,42106.58754531533,2.6263273149603106,0.005129545537031857,7.178316633642069,0.014020149675082166,1.659148319267393,0.003240524061069127,4.659203869290703,10,512,0.2631046085700218,478,13,42,164,312,0.025390625,0.08203125,0.3203125,0.609375,resnet50_random,random_init(seed=0),imagenet_val[6400],200.0,True,,,,,,6400.0,10036.55820665162,1.0510630631172544,0.0020528575451508875,1.2012478432257807,0.002346187193800353,1.0252592491445445,0.0020024594709854384,4.542035436504106,10.0,512.0,0.31966172843125273,480.0,1.0,1.0,5.0,47.0,0.001953125,0.001953125,0.009765625,0.091796875,12.5,False
layer4.0.conv2,conv,142,512,1,False,512.0,0,7.0,7.0,102400,97297.48750035868,2.6948291073724917,0.005263338100336898,6.717195526450109,0.013119522512597868,1.706496025164718,0.00333300004914984,1.2537913758066952,10,512,0.9731800214400457,512,8,43,269,465,0.015625,0.083984375,0.525390625,0.908203125,resnet50_random,random_init(seed=0),imagenet_val[6400],200.0,True,0.015625,0.083984375,0.525390625,0.908203125,1.0,6400.0,16578.702073996603,1.0781179267141063,0.002105699075613489,1.3270924068815868,0.0025919773571905992,1.0383975809230597,0.002028120275240351,1.7464121229364375,10.0,512.0,0.9689704900688622,512.0,1.0,1.0,11.0,187.0,0.001953125,0.001953125,0.021484375,0.365234375,12.5,False
layer4.0.bn2,bn,143,512,1,False,512.0,0,7.0,7.0,102400,97456.825198877,2.6924671346610043,0.005258724872384774,6.707330516349138,0.01310025491474441,1.705714486418401,0.0033314736062859396,1.253972801062536,10,512,0.9731066725802161,512,8,43,269,465,0.015625,0.083984375,0.525390625,0.908203125,resnet50_random,random_init(seed=0),imagenet_val[6400],200.0,True,0.015625,0.083984375,0.525390625,0.908203125,1.0,6400.0,16578.53607727145,1.0781179267340402,0.002105699075652422,1.3270924072646049,0.0025919773579386814,1.0383975809328567,0.002028120275259486,1.7464117876477312,10.0,512.0,0.9689705492235651,512.0,1.0,1.0,11.0,187.0,0.001953125,0.001953125,0.021484375,0.365234375,12.5,False
layer4.0.relu,act,144,512,1,False,,1,7.0,7.0,102400,40757.87162870664,2.802439826238769,0.005473515285622596,7.268067648694577,0.014195444626356597,1.7356264657192808,0.0033898954408579703,4.182688485496722,10,512,0.22021758445183703,486,11,50,204,325,0.021484375,0.09765625,0.3984375,0.634765625,resnet50_random,random_init(seed=0),imagenet_val[6400],200.0,True,,,,,,6400.0,7480.2325844395655,1.076706782858526,0.0021029429352705585,1.3250563056856035,0.0025880005970421944,1.0377072650967538,0.0020267720021420973,4.063452786868607,10.0,512.0,0.2745213245160477,490.0,1.0,1.0,12.0,172.0,0.001953125,0.001953125,0.0234375,0.3359375,12.5,False
layer4.0.conv3,conv,145,2048,1,False,512.0,0,7.0,7.0,102400,79749.50692800725,2.839009658171867,0.001386235184654232,7.364544425718807,0.0035959689578705114,1.7486478544623365,0.0008538319601866877,6.479867018493696,10,2048,0.8228199916558268,1255,11,49,192,318,0.00537109375,0.02392578125,0.09375,0.1552734375,resnet50_random,random_init(seed=0),imagenet_val[6400],50.0,True,0.021484375,0.095703125,0.375,0.62109375,0.25,6400.0,14505.494452165998,1.0801488190183615,0.0005274164155363093,1.336928135944479,0.0006527969413791401,1.0393719909621268,0.000507505854961976,6.061021073091381,10.0,2048.0,0.8486608396156092,1237.0,1.0,1.0,12.0,164.0,0.00048828125,0.00048828125,0.005859375,0.080078125,3.125,False
layer4.0.bn3,bn,146,2048,1,False,512.0,0,7.0,7.0,102400,79697.43772420242,2.8350866825318435,0.0013843196692050017,7.364274959848052,0.0035958373827383065,1.7468363681893437,0.000852947445404953,6.4746321603715264,10,2048,0.823343361493691,1255,11,49,192,318,0.00537109375,0.02392578125,0.09375,0.1552734375,resnet50_random,random_init(seed=0),imagenet_val[6400],50.0,True,0.021484375,0.095703125,0.375,0.62109375,0.25,6400.0,14505.34920041212,1.0801488192390527,0.0005274164156440687,1.3369281372755302,0.0006527969420290675,1.0393719910688985,0.0005075058550141106,6.059171324552675,10.0,2048.0,0.8482725628081142,1238.0,1.0,1.0,12.0,164.0,0.00048828125,0.00048828125,0.005859375,0.080078125,3.125,False
layer4.0.downsample.0,conv,147,2048,1,False,1024.0,0,7.0,7.0,102400,84532.5967315905,2.173916819106241,0.0010614828218292191,5.624565825711507,0.0027463700320856967,1.4957864571378539,0.0007303644810243427,5.190674770518419,10,2048,0.6696159430263435,1516,8,39,209,570,0.00390625,0.01904296875,0.10205078125,0.2783203125,resnet50_random,random_init(seed=0),imagenet_val[6400],50.0,True,0.0078125,0.0380859375,0.2041015625,0.556640625,0.5,6400.0,18311.279815197784,1.0700184740370688,0.0005224699580259125,1.2918828142269851,0.0006308021553842701,1.0344849822128461,0.0005051196202211163,4.8233613323325635,10.0,2048.0,0.7134552600289252,1512.0,1.0,1.0,9.0,167.0,0.00048828125,0.00048828125,0.00439453125,0.08154296875,3.125,False
layer4.0.downsample.1,bn,148,2048,1,False,1024.0,0,7.0,7.0,102400,84313.0782221979,2.1701876709734766,0.001059661948717518,5.630034238837503,0.0027490401556823744,1.494113822572243,0.000729547764927853,5.190282200989767,10,2048,0.6697884613601732,1516,9,39,209,570,0.00439453125,0.01904296875,0.10205078125,0.2783203125,resnet50_random,random_init(seed=0),imagenet_val[6400],50.0,True,0.0087890625,0.0380859375,0.2041015625,0.556640625,0.5,6400.0,18311.09644616582,1.0700184742025554,0.0005224699581067165,1.2918828135471332,0.0006308021550523111,1.0344849822931885,0.000505119620260346,4.823719137020549,10.0,2048.0,0.7135246636231978,1513.0,1.0,1.0,9.0,167.0,0.00048828125,0.00048828125,0.00439453125,0.08154296875,3.125,False
layer4.0.relu,act,149,2048,1,False,,2,7.0,7.0,102400,79757.12830539902,2.380154806444365,0.0011621849640841627,6.735426899092864,0.0032887826655726873,1.5714687741050406,0.0007673187373559769,4.224071002898647,10,2048,0.22210304501247902,1894,11,62,385,1097,0.00537109375,0.0302734375,0.18798828125,0.53564453125,resnet50_random,random_init(seed=0),imagenet_val[6400],50.0,True,,,,,,6400.0,16940.886066789317,1.0691022049665817,0.0005220225610188387,1.3002228651204661,0.0006348744458596026,1.0340270559405342,0.000504896023408464,4.157348699806846,10.0,2048.0,0.2627510882011884,1892.0,1.0,1.0,11.0,289.0,0.00048828125,0.00048828125,0.00537109375,0.14111328125,3.125,False
layer4.0,block,150,2048,1,False,,0,7.0,7.0,102400,80021.8875271616,2.3722321406286464,0.0011583164749163313,6.715661526603603,0.0032791316047869157,1.568365596575413,0.0007658035139528384,4.21205615993409,10,2048,0.22699606414628526,1888,11,62,384,1096,0.00537109375,0.0302734375,0.1875,0.53515625,resnet50_random,random_init(seed=0),imagenet_val[6400],50.0,True,,,,,,6400.0,16940.886066789317,1.0691022049665817,0.0005220225610188387,1.3002228651204661,0.0006348744458596026,1.0340270559405342,0.000504896023408464,4.157348699806846,10.0,2048.0,0.2627510882011884,1892.0,1.0,1.0,11.0,289.0,0.00048828125,0.00048828125,0.00537109375,0.14111328125,3.125,False
layer4.1.conv1,conv,151,512,1,False,512.0,0,7.0,7.0,102400,154158.05832958955,2.392082149195432,0.004672035447647328,6.526700837734922,0.01274746257370102,1.5750782905555558,0.00307632478624132,1.655983007479911,10,512,0.9415806196447292,512,11,50,217,424,0.021484375,0.09765625,0.423828125,0.828125,resnet50_random,random_init(seed=0),imagenet_val[6400],200.0,True,0.021484375,0.09765625,0.423828125,0.828125,1.0,6400.0,33012.60590333139,1.0706933348682124,0.0020911979196644773,1.3010375892574189,0.002541089041518396,1.034800127896291,0.0020210939997974435,1.8204830082606718,10.0,512.0,0.9607060299778751,512.0,1.0,1.0,11.0,178.0,0.001953125,0.001953125,0.021484375,0.34765625,12.5,False
layer4.1.bn1,bn,152,512,1,False,512.0,0,7.0,7.0,102400,153966.52996067214,2.390527982291622,0.004668999965413324,6.520292133640769,0.012734945573517127,1.5745199480213026,0.0030752342734791066,1.6559929912781541,10,512,0.9414513462887241,512,11,50,217,424,0.021484375,0.09765625,0.423828125,0.828125,resnet50_random,random_init(seed=0),imagenet_val[6400],200.0,True,0.021484375,0.09765625,0.423828125,0.828125,1.0,6400.0,33012.27533420146,1.070693335311424,0.002091197920530125,1.3010375911502392,0.002541089045215311,1.0348001281101853,0.0020210940002152056,1.8204830732053128,10.0,512.0,0.9607061532084156,512.0,1.0,1.0,11.0,178.0,0.001953125,0.001953125,0.021484375,0.34765625,12.5,False
layer4.1.relu,act,153,512,1,False,,0,7.0,7.0,102400,72346.93231083415,2.339779283942887,0.004569881413950951,6.505729732016858,0.012706503382845426,1.5527602553462712,0.003032734873723186,5.152553910534198,10,512,0.24423663901917347,472,13,51,191,320,0.025390625,0.099609375,0.373046875,0.625,resnet50_random,random_init(seed=0),imagenet_val[6400],200.0,True,,,,,,6400.0,16561.664008318014,1.0672764501453478,0.0020845243166901324,1.2885852401119209,0.0025167680470935955,1.033140134856841,0.0020178518258922675,4.6733781440069935,10.0,512.0,0.28697460849378753,473.0,1.0,1.0,11.0,161.0,0.001953125,0.001953125,0.021484375,0.314453125,12.5,False
layer4.1.conv2,conv,154,512,1,False,512.0,0,7.0,7.0,102400,212442.44220401702,4.109501803470404,0.008026370709903132,8.468028209537929,0.016539117596753767,2.5372682583406596,0.004955602067071601,1.1895323870986558,10,512,0.9773162961893461,512,9,39,281,471,0.017578125,0.076171875,0.548828125,0.919921875,resnet50_random,random_init(seed=0),imagenet_val[6400],200.0,True,0.017578125,0.076171875,0.548828125,0.919921875,1.0,6400.0,24267.116671005613,1.0946600969540068,0.0021380080018632945,1.3887174098461765,0.0027123386911058135,1.046368331494591,0.002043688147450373,2.1214184312233155,10.0,512.0,0.9451969585634158,512.0,1.0,1.0,15.0,165.0,0.001953125,0.001953125,0.029296875,0.322265625,12.5,False
layer4.1.bn2,bn,155,512,1,False,512.0,0,7.0,7.0,102400,212740.08687776793,4.11410107453326,0.008035353661197774,8.457357188162465,0.016518275758129815,2.544016154562256,0.004968781551879406,1.1894163496574528,10,512,0.9774244824889823,512,9,39,280,470,0.017578125,0.076171875,0.546875,0.91796875,resnet50_random,random_init(seed=0),imagenet_val[6400],200.0,True,0.017578125,0.076171875,0.546875,0.91796875,1.0,6400.0,24266.873730516745,1.094660098621721,0.002138008005120549,1.3887174240997948,0.0027123387189449118,1.0463683322909403,0.0020436881490057427,2.121415417531893,10.0,512.0,0.9451976676559471,512.0,1.0,1.0,15.0,165.0,0.001953125,0.001953125,0.029296875,0.322265625,12.5,False
layer4.1.relu,act,156,512,1,False,,1,7.0,7.0,102400,92191.38037383556,3.9102396095477143,0.0076371867373978795,8.925117858512648,0.017431870817407515,2.2637311323210136,0.00442134986781448,2.549405305216498,10,512,0.32527642734518625,505,11,46,219,366,0.021484375,0.08984375,0.427734375,0.71484375,resnet50_random,random_init(seed=0),imagenet_val[6400],200.0,True,,,,,,6400.0,12637.131673790827,1.0799757763679756,0.0021093276882187023,1.338656169940596,0.0026145628319152268,1.0392874847244007,0.002029858368602345,2.67044754565058,10.0,512.0,0.4549866249987503,511.0,1.0,1.0,14.0,180.0,0.001953125,0.001953125,0.02734375,0.3515625,12.5,False
layer4.1.conv3,conv,157,2048,1,False,512.0,0,7.0,7.0,102400,184528.49993651325,3.840207551229337,0.0018751013433736998,8.77384388946927,0.004284103461654917,2.2254993858619336,0.0010866696220028973,6.42401965198662,10,2048,0.7989668598926994,1266,11,43,202,355,0.00537109375,0.02099609375,0.0986328125,0.17333984375,resnet50_random,random_init(seed=0),imagenet_val[6400],50.0,True,0.021484375,0.083984375,0.39453125,0.693359375,0.25,6400.0,25903.398861003057,1.0775410992685075,0.0005261431148772009,1.328606907318787,0.0006487338414642514,1.0381099813178585,0.0005068896393153606,6.008661460687096,10.0,2048.0,0.8289531813855335,1254.0,1.0,1.0,13.0,165.0,0.00048828125,0.00048828125,0.00634765625,0.08056640625,3.125,False
layer4.1.bn3,bn,158,2048,1,False,512.0,0,7.0,7.0,102400,184917.631707649,3.8243154861880146,0.0018673415459902415,8.733611459512371,0.004264458720465025,2.218367028939299,0.0010831870258492672,6.425645158343968,10,2048,0.7987647332348862,1266,11,43,202,355,0.00537109375,0.02099609375,0.0986328125,0.17333984375,resnet50_random,random_init(seed=0),imagenet_val[6400],50.0,True,0.021484375,0.083984375,0.39453125,0.693359375,0.25,6400.0,25903.13948919792,1.077541098948979,0.0005261431147211812,1.3286069053979002,0.0006487338405263184,1.038109981163581,0.0005068896392400298,6.009590474861347,10.0,2048.0,0.8290095893467447,1254.0,1.0,1.0,13.0,165.0,0.00048828125,0.00048828125,0.00634765625,0.08056640625,3.125,False
layer4.1.relu,act,159,2048,1,False,,2,7.0,7.0,102400,173905.74166104072,3.0198197868606904,0.0014745213803030715,8.38810357050382,0.004095753696535068,1.817208839012337,0.0008873090034239927,2.5460282924350355,10,2048,0.31434758223798087,2015,12,65,451,1296,0.005859375,0.03173828125,0.22021484375,0.6328125,resnet50_random,random_init(seed=0),imagenet_val[6400],50.0,True,,,,,,6400.0,33580.21286948878,1.0612559964516406,0.0005181914045174026,1.2718972183001187,0.0006210435636231048,1.0302103584444036,0.0005030324015841814,2.5413413164547967,10.0,2048.0,0.4359729893880623,2020.0,1.0,1.0,10.0,299.0,0.00048828125,0.00048828125,0.0048828125,0.14599609375,3.125,False
layer4.1,block,160,2048,1,False,,0,7.0,7.0,102400,174057.80708250636,3.0187155782305384,0.00147398221593288,8.384925773609387,0.004094202037895209,1.816923671340945,0.0008871697613969458,2.5273506195912674,10,2048,0.32393944286496834,2018,12,65,450,1296,0.005859375,0.03173828125,0.2197265625,0.6328125,resnet50_random,random_init(seed=0),imagenet_val[6400],50.0,True,,,,,,6400.0,33580.21286948878,1.0612559964516406,0.0005181914045174026,1.2718972183001187,0.0006210435636231048,1.0302103584444036,0.0005030324015841814,2.5413413164547967,10.0,2048.0,0.4359729893880623,2020.0,1.0,1.0,10.0,299.0,0.00048828125,0.00048828125,0.0048828125,0.14599609375,3.125,False
layer4.2.conv1,conv,161,512,1,False,512.0,0,7.0,7.0,102400,358990.89027768077,3.0129151651555772,0.005884599931944487,7.772041879634769,0.015179769296161659,1.8172024242745244,0.0035492234849111804,1.5781717480805386,10,512,0.9529603040174977,512,11,46,225,433,0.021484375,0.08984375,0.439453125,0.845703125,resnet50_random,random_init(seed=0),imagenet_val[6400],200.0,True,0.021484375,0.08984375,0.439453125,0.845703125,1.0,6400.0,69053.88880085674,1.0598933177668985,0.0020701041362634737,1.2606227917803878,0.00246215389019607,1.0295473745656951,0.0020108347159486233,1.7571103886844304,10.0,512.0,0.9678959182934275,512.0,1.0,1.0,9.0,170.0,0.001953125,0.001953125,0.017578125,0.33203125,12.5,False
layer4.2.bn1,bn,162,512,1,False,512.0,0,7.0,7.0,102400,358829.28921648924,3.029842600483982,0.005917661329070277,7.793363512112557,0.015221413109594838,1.824060819140374,0.003562618787383543,1.5778154969597633,10,512,0.9531304690243382,512,11,45,224,433,0.021484375,0.087890625,0.4375,0.845703125,resnet50_random,random_init(seed=0),imagenet_val[6400],200.0,True,0.021484375,0.087890625,0.4375,0.845703125,1.0,6400.0,69053.19738787961,1.0598933188361652,0.002070104138351885,1.2606228002567326,0.002462153906751431,1.029547375084744,0.0020108347169623905,1.757109642593218,10.0,512.0,0.9678961527527555,512.0,1.0,1.0,9.0,170.0,0.001953125,0.001953125,0.017578125,0.33203125,12.5,False
layer4.2.relu,act,163,512,1,False,,0,7.0,7.0,102400,150249.60030638517,3.067687468785549,0.005991577087471775,7.951931557959698,0.015531116324140035,1.8337679967408904,0.0035815781186345516,4.982523520931649,10,512,0.23823604821809508,468,12,46,184,307,0.0234375,0.08984375,0.359375,0.599609375,resnet50_random,random_init(seed=0),imagenet_val[6400],200.0,True,,,,,,6400.0,29512.258854520347,1.0613185175512956,0.002072887729592374,1.2657092383768198,0.002472088356204726,1.0302411987818068,0.0020121898413707163,5.062947693630775,10.0,512.0,0.230599590968942,470.0,1.0,1.0,10.0,154.0,0.001953125,0.001953125,0.01953125,0.30078125,12.5,False
layer4.2.conv2,conv,164,512,1,False,512.0,0,7.0,7.0,102400,406814.45246616047,4.434197905287649,0.008660542783764939,9.144802064636426,0.01786094153249302,2.7086761240864345,0.0052903830548563175,1.238368805962265,10,512,0.9797572843453654,512,10,35,269,468,0.01953125,0.068359375,0.525390625,0.9140625,resnet50_random,random_init(seed=0),imagenet_val[6400],200.0,True,0.01953125,0.068359375,0.525390625,0.9140625,1.0,6400.0,39733.70109226358,1.0973984924322169,0.0021433564305316736,1.3965345730894727,0.0027276065880653764,1.0476892305465328,0.002046268028411197,2.1500707065949616,10.0,512.0,0.9463594623198692,512.0,1.0,1.0,15.0,161.0,0.001953125,0.001953125,0.029296875,0.314453125,12.5,False
layer4.2.bn2,bn,165,512,1,False,512.0,0,7.0,7.0,102400,406453.94162806764,4.41961525111101,0.00863206103732619,9.13217560349066,0.017836280475567696,2.6911960241521813,0.005256242234672229,1.2379239446187964,10,512,0.9798619164314615,512,10,35,269,468,0.01953125,0.068359375,0.525390625,0.9140625,resnet50_random,random_init(seed=0),imagenet_val[6400],200.0,True,0.01953125,0.068359375,0.525390625,0.9140625,1.0,6400.0,39733.30322990899,1.0973984913290267,0.002143356428377005,1.396534565481291,0.0027276065732056466,1.0476892300194056,0.0020462680273816516,2.15007069873976,10.0,512.0,0.9463595242144539,512.0,1.0,1.0,15.0,161.0,0.001953125,0.001953125,0.029296875,0.314453125,12.5,False
layer4.2.relu,act,166,512,1,False,,1,7.0,7.0,102400,176352.2351886494,4.38466209473317,0.008563793153775723,10.234733728507253,0.01998971431349073,2.432358360580364,0.0047506999230085235,2.3730714607277,10,512,0.41271876294845455,509,13,48,229,376,0.025390625,0.09375,0.447265625,0.734375,resnet50_random,random_init(seed=0),imagenet_val[6400],200.0,True,,,,,,6400.0,21217.357170553896,1.085417802879554,0.002119956646249129,1.3600133774745047,0.002656276127879892,1.0419129018485143,0.0020349861364228794,2.6090579060183448,10.0,512.0,0.3798328729610855,509.0,1.0,1.0,15.0,187.0,0.001953125,0.001953125,0.029296875,0.365234375,12.5,False
layer4.2.conv3,conv,167,2048,1,False,512.0,0,7.0,7.0,102400,341249.6669175926,4.483947322848366,0.002189427403734554,10.503032943548668,0.005128434054467123,2.4658743026092163,0.0012040401868209064,6.4886122689119246,10,2048,0.7929470531837557,1267,13,48,214,366,0.00634765625,0.0234375,0.1044921875,0.1787109375,resnet50_random,random_init(seed=0),imagenet_val[6400],50.0,True,0.025390625,0.09375,0.41796875,0.71484375,0.25,6400.0,41024.13017297589,1.087941047341195,0.0005312212145220679,1.3694659623257852,0.0006686845519168873,1.0431269533944696,0.0005093393327121434,6.053712175605625,10.0,2048.0,0.8228020567777615,1256.0,1.0,1.0,15.0,176.0,0.00048828125,0.00048828125,0.00732421875,0.0859375,3.125,False
layer4.2.bn3,bn,168,2048,1,False,512.0,0,7.0,7.0,102400,341212.2528517176,4.478611920055861,0.0021868222265897757,10.48512655330793,0.005119690699857388,2.462967538512502,0.0012026208684143076,6.487303491358838,10,2048,0.7929985029565705,1267,13,48,214,365,0.00634765625,0.0234375,0.1044921875,0.17822265625,resnet50_random,random_init(seed=0),imagenet_val[6400],50.0,True,0.025390625,0.09375,0.41796875,0.712890625,0.25,6400.0,41023.719382328134,1.0879410466778723,0.0005312212141981798,1.369465954809488,0.0006686845482468203,1.0431269530763574,0.0005093393325568151,6.057630204515945,10.0,2048.0,0.8225196638647242,1255.0,1.0,1.0,15.0,176.0,0.00048828125,0.00048828125,0.00732421875,0.0859375,3.125,False
layer4.2.relu,act,169,2048,1,False,,2,7.0,7.0,102400,354600.7503484065,3.6852990288670586,0.0017994624164389935,10.212966163304586,0.004986799884426067,2.0655417044419315,0.0010085652853720369,2.146253393620139,10,2048,0.410277762324465,2034,14,69,499,1404,0.0068359375,0.03369140625,0.24365234375,0.685546875,resnet50_random,random_init(seed=0),imagenet_val[6400],50.0,True,,,,,,6400.0,62116.217373636406,1.06109032774932,0.0005181105115963477,1.2732868944115379,0.0006217221164118837,1.0301271495344917,0.0005029917722336385,2.254427173998664,10.0,2048.0,0.5163613817926186,2035.0,1.0,1.0,10.0,318.0,0.00048828125,0.00048828125,0.0048828125,0.1552734375,3.125,False
layer4.2,block,170,2048,1,False,,0,7.0,7.0,102400,354639.24780569423,3.6700463785770108,0.001792014833289556,10.176933334396711,0.004969205729685894,2.059551972806267,0.00100564061172181,2.1038938394965463,10,2048,0.480742407948205,2035,14,69,498,1403,0.0068359375,0.03369140625,0.2431640625,0.68505859375,resnet50_random,random_init(seed=0),imagenet_val[6400],50.0,True,,,,,,6400.0,62116.217373636406,1.06109032774932,0.0005181105115963477,1.2732868944115379,0.0006217221164118837,1.0301271495344917,0.0005029917722336385,2.254427173998664,10.0,2048.0,0.5163613817926186,2035.0,1.0,1.0,10.0,318.0,0.00048828125,0.00048828125,0.0048828125,0.1552734375,3.125,False
fc,linear,171,1000,1,False,,0,,,6400,10159.094364274719,1.0609904250980113,0.0010609904250980114,1.2695529482773718,0.0012695529482773717,1.0300786755777394,0.0010300786755777394,1.9890073395733068,10,1000,0.942545508735927,1000,1,1,10,226,0.001,0.001,0.01,0.226,resnet50_random,random_init(seed=0),imagenet_val[6400],6.4,False,,,,,,,,,,,,,,,,,,,,,,,,,,,,
