layer,kind,depth_index,C,groups,is_depthwise,r_max,call_index,H,W,n_samples,total_variance,participation_ratio,participation_ratio_norm,effective_rank,effective_rank_norm,stable_rank,stable_rank_norm,powerlaw_alpha,powerlaw_fit_lo,powerlaw_fit_hi,powerlaw_r2,nonzero_eigs,k_star_0.9,k_star_0.95,k_star_0.99,k_star_0.999,k_star_ratio_0.9,k_star_ratio_0.95,k_star_ratio_0.99,k_star_ratio_0.999,n_over_C,pooled_C,pooled_n_samples,pooled_total_variance,pooled_participation_ratio,pooled_participation_ratio_norm,pooled_effective_rank,pooled_effective_rank_norm,pooled_stable_rank,pooled_stable_rank_norm,pooled_powerlaw_alpha,pooled_powerlaw_fit_lo,pooled_powerlaw_fit_hi,pooled_powerlaw_r2,pooled_nonzero_eigs,pooled_k_star_0.9,pooled_k_star_0.95,pooled_k_star_0.99,pooled_k_star_0.999,pooled_k_star_ratio_0.9,pooled_k_star_ratio_0.95,pooled_k_star_ratio_0.99,pooled_k_star_ratio_0.999,pooled_n_over_C,epoch,test_acc
features.0,conv,0,15,1,False,15,0,32.0,32.0,160000,9.21851909208795,1.3433743748677807,0.08955829165785205,1.889056163753413,0.12593707758356085,1.1632069546710622,0.07754713031140414,,10,15,,15,2,3,7,11,0.13333333333333333,0.2,0.4666666666666667,0.7333333333333333,10666.666666666666,15.0,10000.0,3.3103590955144124,1.2046600780600705,0.08031067187067137,1.4140768403443285,0.09427178935628856,1.1019637869316976,0.07346425246211317,,10.0,15.0,,15.0,1.0,2.0,3.0,3.0,0.06666666666666667,0.13333333333333333,0.2,0.2,666.6666666666666,0,1.06
features.3,conv,1,48,1,False,48,0,32.0,32.0,160000,6.16992002150432,2.3718438500867234,0.0494134135434734,4.64779791652212,0.0968291232608775,1.583694461001239,0.032993634604192475,2.552573183574264,10,48,0.9639330291967694,48,6,11,26,42,0.125,0.22916666666666666,0.5416666666666666,0.875,3333.3333333333335,48.0,10000.0,1.991745571856294,1.5693025959256388,0.03269380408178414,2.1246776040096824,0.04426411675020172,1.2719742499842415,0.026499463541338364,6.100412633058802,10.0,48.0,0.9848419128482762,48.0,2.0,3.0,5.0,9.0,0.041666666666666664,0.0625,0.10416666666666667,0.1875,208.33333333333334,0,1.06
features.7,conv,2,101,1,False,101,0,16.0,16.0,160000,4.101578788592618,5.970330836471116,0.05911218649971402,14.009465159984439,0.1387075758414301,2.8294054851109927,0.028013915694168244,1.807614006748983,10,101,0.9833182911369469,101,21,37,74,97,0.2079207920792079,0.36633663366336633,0.7326732673267327,0.9603960396039604,1584.1584158415842,101.0,10000.0,1.0113465858852235,2.186209706741847,0.02164564066081037,3.0383446090609927,0.030082619891692995,1.59996093887476,0.015841197414601584,3.7997632620368704,10.0,101.0,0.9610069959356984,101.0,3.0,4.0,10.0,30.0,0.0297029702970297,0.039603960396039604,0.09900990099009901,0.297029702970297,99.00990099009901,0,1.06
features.10,conv,3,116,1,False,116,0,16.0,16.0,160000,3.52460432833197,8.355138882672486,0.0720270593333835,20.565262445639124,0.17728674522102694,3.7212403463057413,0.03207965815780812,1.4835558933926334,10,116,0.9917428931853352,116,34,57,97,114,0.29310344827586204,0.49137931034482757,0.8362068965517241,0.9827586206896551,1379.3103448275863,116.0,10000.0,0.7314999594859618,2.4092997511175316,0.020769825440668375,3.2865931329035547,0.02833269942158237,1.8409735614991842,0.015870461737061935,3.1240257941583827,10.0,116.0,0.9645278053308123,116.0,3.0,4.0,13.0,45.0,0.02586206896551724,0.034482758620689655,0.11206896551724138,0.3879310344827586,86.20689655172414,0,1.06
features.14,conv,4,226,1,False,226,0,8.0,8.0,160000,4.8675004389038445,9.90115442081984,0.043810417791238225,24.653971615205307,0.10908836997878454,4.5920125239170755,0.02031863948635874,1.397929020119625,10,226,0.9891992406747676,226,46,92,178,219,0.20353982300884957,0.40707964601769914,0.7876106194690266,0.9690265486725663,707.9646017699115,226.0,10000.0,0.9128585845891772,2.556325287903256,0.011311173840279895,3.7005080246576925,0.016373929312644656,2.20014339064121,0.009735147746200044,2.590613721818678,10.0,226.0,0.9585529475364802,226.0,3.0,6.0,28.0,103.0,0.01327433628318584,0.02654867256637168,0.12389380530973451,0.4557522123893805,44.24778761061947,0,1.06
features.17,conv,5,238,1,False,238,0,8.0,8.0,160000,4.297705611185592,11.284544155312409,0.047414051072741215,30.949197017609965,0.13003864293113432,4.782821526300797,0.020095888765969735,1.286032937888866,10,238,0.991976271244367,238,66,117,200,233,0.2773109243697479,0.49159663865546216,0.8403361344537815,0.9789915966386554,672.2689075630252,238.0,10000.0,0.6560998679869217,2.541689561941302,0.010679367907316394,3.8806216773096454,0.016305133097939687,1.9795644436299193,0.008317497662310585,2.3410919869440616,10.0,238.0,0.9641021861899698,238.0,3.0,7.0,38.0,130.0,0.012605042016806723,0.029411764705882353,0.15966386554621848,0.5462184873949579,42.016806722689076,0,1.06
features.20,conv,6,244,1,False,244,0,8.0,8.0,160000,3.784578716071156,9.682029934827145,0.039680450552570266,31.01808696967808,0.127123307252779,3.802761072779413,0.015585086363850054,1.2200736383327002,10,244,0.9917020049817322,244,76,129,209,240,0.3114754098360656,0.5286885245901639,0.8565573770491803,0.9836065573770492,655.7377049180328,244.0,10000.0,0.5316461241527978,2.4808848856344037,0.010167561006698377,3.866281385084721,0.015845415512642298,1.8768534598880753,0.007692022376590472,2.2826789430378778,10.0,244.0,0.9630594344754345,244.0,3.0,8.0,42.0,139.0,0.012295081967213115,0.03278688524590164,0.1721311475409836,0.569672131147541,40.98360655737705,0,1.06
features.24,conv,7,466,1,False,466,0,4.0,4.0,160000,4.789863679149047,6.845499118992016,0.014689912272515055,18.772105043986507,0.04028348721885516,4.379804443341198,0.009398721981418879,1.1825941994493583,10,466,0.9785776632916605,466,50,148,346,448,0.1072961373390558,0.31759656652360513,0.7424892703862661,0.9613733905579399,343.3476394849785,466.0,10000.0,0.5860901591889959,2.2877488592429076,0.004909332315971905,4.766937719548082,0.010229480084867128,1.6022204781490537,0.0034382413694185703,1.8971447543838227,10.0,466.0,0.9459274048157607,466.0,6.0,22.0,137.0,336.0,0.012875536480686695,0.04721030042918455,0.2939914163090129,0.721030042918455,21.459227467811157,0,1.06
features.27,conv,8,481,1,False,481,0,4.0,4.0,160000,4.182010212383496,6.654950277831496,0.013835655463267144,17.566254714056736,0.036520280070804025,4.056037326474754,0.008432510034251047,1.1394512045376,10,481,0.9848943171973923,481,42,141,357,464,0.08731808731808732,0.29313929313929316,0.7422037422037422,0.9646569646569647,332.64033264033264,481.0,10000.0,0.3451395855298856,2.108076834124358,0.004382696120840661,4.949257192541345,0.010289515992809448,1.4887647333700011,0.0030951449758212083,1.7828989998847475,10.0,481.0,0.956887945738223,481.0,8.0,31.0,162.0,374.0,0.016632016632016633,0.06444906444906445,0.3367983367983368,0.7775467775467776,20.79002079002079,0,1.06
features.30,conv,9,489,1,False,489,0,4.0,4.0,160000,3.3837153285939388,7.0980113161021725,0.01451536056462612,18.037194676891133,0.036885878684848945,4.3487612707964125,0.008893172332916999,1.128852080720019,10,489,0.980059661683598,489,36,135,360,471,0.0736196319018405,0.27607361963190186,0.7361963190184049,0.9631901840490797,327.19836400817996,489.0,10000.0,0.24329490757670139,1.9069102651346743,0.0038996119941404382,4.447872348042222,0.009095853472478982,1.4028366547771443,0.0028687866150861846,1.7525832828008006,10.0,489.0,0.9541074346942173,489.0,8.0,31.0,169.0,383.0,0.016359918200409,0.06339468302658487,0.3456032719836401,0.7832310838445807,20.449897750511248,0,1.06
features.34,conv,10,472,1,False,472,0,2.0,2.0,40000,3.130632258904627,3.666945872136868,0.007768953118934043,6.674013911925688,0.014139859982893407,2.7225876610467052,0.00576819419713285,0.9801756021205921,10,472,0.9823128253663113,472,4,37,282,443,0.00847457627118644,0.07838983050847458,0.597457627118644,0.9385593220338984,84.7457627118644,472.0,10000.0,0.26298153377181355,2.122486304740946,0.0044967930185189535,7.399984345721193,0.015677932935849986,1.4676163440678858,0.0031093566611607748,1.2884865705888313,10.0,472.0,0.9365555420274024,472.0,44.0,126.0,312.0,442.0,0.09322033898305085,0.2669491525423729,0.6610169491525424,0.9364406779661016,21.1864406779661,0,1.06
features.37,conv,11,484,1,False,484,0,2.0,2.0,40000,1.661956371216327,3.5977624416750844,0.007433393474535298,5.8355644613687465,0.012056951366464352,2.836047752574606,0.005859602794575632,1.0514031468071348,10,484,0.9677406285857678,484,4,17,241,439,0.008264462809917356,0.03512396694214876,0.49793388429752067,0.9070247933884298,82.64462809917356,484.0,10000.0,0.09437681822575396,2.3230028475017312,0.004799592660127544,8.772938442369506,0.01812590587266427,1.5372314807450684,0.0031760981007129515,1.5272280973491474,10.0,484.0,0.9041458306877481,484.0,54.0,126.0,293.0,437.0,0.1115702479338843,0.2603305785123967,0.6053719008264463,0.9028925619834711,20.66115702479339,0,1.06
features.40,conv,12,490,1,False,490,0,2.0,2.0,40000,0.7622428148479732,3.6068168004465755,0.007360850613156276,5.563285029389176,0.011353642917120767,2.858318888514084,0.005833303854110376,1.0925373549685242,10,490,0.9593977167943222,490,3,11,221,435,0.006122448979591836,0.022448979591836733,0.45102040816326533,0.8877551020408163,81.63265306122449,490.0,10000.0,0.03863799259348742,2.2482293916463356,0.004588223248257828,8.409932372010605,0.017163127289817563,1.5097602808318702,0.003081143430269123,1.661024027312351,10.0,490.0,0.9028238198417298,490.0,51.0,116.0,275.0,431.0,0.10408163265306122,0.23673469387755103,0.5612244897959183,0.8795918367346939,20.408163265306122,0,1.06
classifier,linear,13,100,1,False,100,0,,,10000,0.008959629782558027,1.9375621574383795,0.019375621574383793,5.429394693743874,0.05429394693743874,1.3973359289526475,0.013973359289526475,1.207354750410735,10,100,0.9392471118818744,100,23,44,80,98,0.23,0.44,0.8,0.98,100.0,,,,,,,,,,,,,,,,,,,,,,,,0,1.06
features.0,conv,0,15,1,False,15,0,32.0,32.0,160000,7.02628232735205,2.058509470912505,0.13723396472750032,3.191374192073464,0.21275827947156425,1.474593537739018,0.09830623584926787,,10,15,,15,4,5,8,12,0.26666666666666666,0.3333333333333333,0.5333333333333333,0.8,10666.666666666666,15.0,10000.0,2.3786735806774053,1.6410661782392841,0.10940441188261894,1.9883423182609619,0.1325561545507308,1.326544956811354,0.08843633045409027,,10.0,15.0,,15.0,2.0,2.0,3.0,3.0,0.13333333333333333,0.13333333333333333,0.2,0.2,666.6666666666666,1,20.51
features.3,conv,1,48,1,False,48,0,32.0,32.0,160000,17.35597340272147,3.5034148193125034,0.07298780873567716,6.996692285375772,0.14576442261199526,2.0037539807813864,0.041744874599612215,2.7675697001399406,10,48,0.9673607482128642,48,9,14,28,43,0.1875,0.2916666666666667,0.5833333333333334,0.8958333333333334,3333.3333333333335,48.0,10000.0,5.536289627385656,2.3446414504790347,0.04884669688497989,3.135946116269434,0.06533221075561321,1.6686130730128377,0.03476277235443412,6.096669965411141,10.0,48.0,0.9841279666422602,48.0,3.0,4.0,6.0,10.0,0.0625,0.08333333333333333,0.125,0.20833333333333334,208.33333333333334,1,20.51
features.7,conv,2,101,1,False,101,0,16.0,16.0,160000,67.20618029650026,7.791238632236004,0.07714097655679211,16.814895964375598,0.16648411845916433,3.7993841703745588,0.037617665053213456,1.8744798974198345,10,101,0.983351741440156,101,23,39,75,97,0.22772277227722773,0.38613861386138615,0.7425742574257426,0.9603960396039604,1584.1584158415842,101.0,10000.0,20.53025483942457,3.3934867363925654,0.03359887857814421,4.648544600090423,0.046025194060301214,2.551049413216738,0.02525791498234394,4.020512697050662,10.0,101.0,0.9668406918978025,101.0,4.0,6.0,12.0,32.0,0.039603960396039604,0.0594059405940594,0.1188118811881188,0.31683168316831684,99.00990099009901,1,20.51
features.10,conv,3,116,1,False,116,0,16.0,16.0,160000,99.64074431046473,10.450540202538201,0.09009086381498449,25.443827637098572,0.21934334169912562,4.434845298704523,0.03823142498883209,1.4780014884549169,10,116,0.9926580576466303,116,40,63,100,114,0.3448275862068966,0.5431034482758621,0.8620689655172413,0.9827586206896551,1379.3103448275863,116.0,10000.0,27.83873153697955,3.804372005628984,0.03279631039335331,5.6939124402676455,0.04908545207127281,2.691106767201989,0.023199196268982664,3.3277879455734,10.0,116.0,0.967250613868418,116.0,5.0,8.0,20.0,55.0,0.04310344827586207,0.06896551724137931,0.1724137931034483,0.47413793103448276,86.20689655172414,1,20.51
features.14,conv,4,226,1,False,226,0,8.0,8.0,160000,192.98215237128184,13.966764846160439,0.06179984445203734,34.09182322240928,0.15084877532039506,5.361537967065668,0.023723619323299416,1.4929328159187516,10,226,0.9925449798623895,226,54,99,181,220,0.23893805309734514,0.43805309734513276,0.8008849557522124,0.9734513274336283,707.9646017699115,226.0,10000.0,51.862082847568786,4.321579937111756,0.01912203511996352,7.012407753178116,0.031028352890168656,2.6683383227875987,0.011806806737998225,2.819937745934876,10.0,226.0,0.9658068333977214,226.0,6.0,11.0,34.0,107.0,0.02654867256637168,0.048672566371681415,0.1504424778761062,0.47345132743362833,44.24778761061947,1,20.51
features.17,conv,5,238,1,False,238,0,8.0,8.0,160000,210.16521932738345,21.44172081448172,0.09009126392639379,53.19754074397795,0.22351907875620988,7.256694723601694,0.030490313964713,1.305999688283127,10,238,0.9958417387341962,238,88,139,210,235,0.3697478991596639,0.5840336134453782,0.8823529411764706,0.9873949579831933,672.2689075630252,238.0,10000.0,50.16101056172974,5.4817847607538255,0.023032709078797585,9.331582685526374,0.03920833061145535,3.237626959289904,0.013603474618865144,2.4163447163142506,10.0,238.0,0.9699807874861416,238.0,9.0,15.0,58.0,154.0,0.037815126050420166,0.06302521008403361,0.24369747899159663,0.6470588235294118,42.016806722689076,1,20.51
features.20,conv,6,244,1,False,244,0,8.0,8.0,160000,218.70384238264677,27.994763192861605,0.11473263603631806,66.92131727158649,0.2742676937360102,8.73938732576491,0.03581716117116767,1.2161178136795108,10,244,0.9950862719357011,244,109,158,221,242,0.44672131147540983,0.6475409836065574,0.9057377049180327,0.9918032786885246,655.7377049180328,244.0,10000.0,48.423374437140126,6.590687384053337,0.02701101386907105,11.468862098443257,0.047003533190341215,3.6874337144911333,0.015112433256111201,2.386852916355478,10.0,244.0,0.9633196584996608,244.0,11.0,20.0,73.0,169.0,0.045081967213114756,0.08196721311475409,0.29918032786885246,0.6926229508196722,40.98360655737705,1,20.51
features.24,conv,7,466,1,False,466,0,4.0,4.0,160000,435.1510911554181,15.506555054517136,0.03327586921570201,46.86270028681554,0.10056373452106339,6.691559107438788,0.014359568900083237,1.3128603371364949,10,466,0.9908529757552663,466,104,206,377,454,0.22317596566523606,0.44206008583690987,0.8090128755364807,0.9742489270386266,343.3476394849785,466.0,10000.0,93.89279279973763,6.782963777808792,0.014555716261392258,13.521370751185923,0.029015817062630737,3.41780072388646,0.007334336317352918,2.047542370064329,10.0,466.0,0.9605591558323109,466.0,14.0,33.0,151.0,341.0,0.030042918454935622,0.07081545064377683,0.3240343347639485,0.7317596566523605,21.459227467811157,1,20.51
features.27,conv,8,481,1,False,481,0,4.0,4.0,160000,422.59722924122923,21.450759841587562,0.04459617430683485,64.76712191636744,0.13465098111510904,8.569497760894626,0.01781600366090359,1.2294184973801427,10,481,0.9947225837374254,481,143,253,414,473,0.2972972972972973,0.525987525987526,0.8607068607068608,0.9833679833679834,332.64033264033264,481.0,10000.0,80.11233995956725,7.547835988015497,0.015691966711050928,15.72425349045008,0.032690755697401416,3.6871560473813987,0.007665605088111016,1.8432097336981568,10.0,481.0,0.9703879690200227,481.0,17.0,44.0,192.0,392.0,0.035343035343035345,0.09147609147609148,0.3991683991683992,0.814968814968815,20.79002079002079,1,20.51
features.30,conv,9,489,1,False,489,0,4.0,4.0,160000,403.24015470398274,26.53238518283026,0.05425845640660585,81.2483228564079,0.16615198948140675,8.03053192369889,0.01642235567218587,1.2184306924996056,10,489,0.9962276671398526,489,169,278,429,482,0.3456032719836401,0.5685071574642127,0.8773006134969326,0.9856850715746421,327.19836400817996,489.0,10000.0,65.61682597820767,9.32054712590457,0.019060423570356994,19.226128311491518,0.039317235810821104,4.397767321497006,0.008993389205515349,1.8193473890694305,10.0,489.0,0.9695238463563174,489.0,21.0,57.0,216.0,410.0,0.04294478527607362,0.1165644171779141,0.44171779141104295,0.8384458077709611,20.449897750511248,1,20.51
features.34,conv,10,472,1,False,472,0,2.0,2.0,40000,749.6278956740665,7.3072976770364555,0.015481562875077235,23.929496493045956,0.0506980857903516,3.833209700346803,0.008121206992260176,1.3484461061618096,10,472,0.986847264676596,472,51,136,354,457,0.10805084745762712,0.288135593220339,0.75,0.9682203389830508,84.7457627118644,472.0,10000.0,129.04705994476294,11.703900251798196,0.0247963988385555,26.50377014153021,0.0561520553845979,5.2586176133530484,0.011141139011341204,1.407360688994212,10.0,472.0,0.9730095767551341,472.0,41.0,119.0,315.0,444.0,0.08686440677966102,0.2521186440677966,0.6673728813559322,0.940677966101695,21.1864406779661,1,20.51
features.37,conv,11,484,1,False,484,0,2.0,2.0,40000,293.0432115514694,9.880107243151144,0.02041344471725443,30.065892297298245,0.0621196121845005,4.658006210939633,0.009623979774668664,1.50891786265681,10,484,0.9844033210529425,484,49,120,342,464,0.1012396694214876,0.24793388429752067,0.7066115702479339,0.9586776859504132,82.64462809917356,484.0,10000.0,48.67061827738988,11.215945762760118,0.023173441658595285,24.21357229709707,0.05002804193615097,4.966268160642906,0.010260884629427492,1.540270108878453,10.0,484.0,0.9621471239976532,484.0,32.0,97.0,286.0,441.0,0.06611570247933884,0.20041322314049587,0.5909090909090909,0.9111570247933884,20.66115702479339,1,20.51
features.40,conv,12,490,1,False,490,0,2.0,2.0,40000,316.1931414717201,12.663314762276812,0.025843499514850637,34.547161823737426,0.07050441188517842,5.205424376391318,0.010623315053859833,1.60038999974497,10,490,0.9846014840980208,490,46,104,328,466,0.09387755102040816,0.21224489795918366,0.6693877551020408,0.9510204081632653,81.63265306122449,490.0,10000.0,69.00216630570687,8.605511092576545,0.0175622675358705,17.40385310533004,0.03551806756189804,3.99695983262135,0.008157060882900715,1.595026127027122,10.0,490.0,0.9672799687514757,490.0,15.0,51.0,236.0,427.0,0.030612244897959183,0.10408163265306122,0.4816326530612245,0.8714285714285714,20.408163265306122,1,20.51
classifier,linear,13,100,1,False,100,0,,,10000,306.01401196935046,6.152479689669923,0.061524796896699235,8.97572459667151,0.0897572459667151,3.3967629621430078,0.03396762962143008,2.423152127216649,10,100,0.9764347424021245,100,8,11,23,74,0.08,0.11,0.23,0.74,100.0,,,,,,,,,,,,,,,,,,,,,,,,1,20.51
features.0,conv,0,15,1,False,15,0,32.0,32.0,160000,5.4086051343038815,3.373896985758858,0.2249264657172572,5.014898504359758,0.3343265669573172,2.029522536589186,0.13530150243927908,,10,15,,15,5,7,9,12,0.3333333333333333,0.4666666666666667,0.6,0.8,10666.666666666666,15.0,10000.0,1.4476269553907426,1.9235755024518426,0.12823836683012285,2.3033783803726653,0.15355855869151103,1.4800946628753533,0.09867297752502355,,10.0,15.0,,15.0,2.0,3.0,3.0,5.0,0.13333333333333333,0.2,0.2,0.3333333333333333,666.6666666666666,2,29.61
features.3,conv,1,48,1,False,48,0,32.0,32.0,160000,16.271274423059765,7.607612730899376,0.158491931893737,12.89298003383539,0.26860375070490394,3.487149251154016,0.07264894273237534,3.0266392299025813,10,48,0.9740589285297365,48,13,18,32,44,0.2708333333333333,0.375,0.6666666666666666,0.9166666666666666,3333.3333333333335,48.0,10000.0,3.2433244808245,3.1595347667101072,0.06582364097312723,3.9397431335243662,0.08207798194842429,2.2026531343834255,0.04588860696632136,6.274711517568606,10.0,48.0,0.986147356798278,48.0,4.0,4.0,7.0,13.0,0.08333333333333333,0.08333333333333333,0.14583333333333334,0.2708333333333333,208.33333333333334,2,29.61
features.7,conv,2,101,1,False,101,0,16.0,16.0,160000,64.42726362750531,13.31975295553638,0.13187874213402356,25.616148279084314,0.2536252304859833,5.510999952177577,0.054564355962154226,1.9380352269186276,10,101,0.9862210318866104,101,30,46,79,98,0.297029702970297,0.45544554455445546,0.7821782178217822,0.9702970297029703,1584.1584158415842,101.0,10000.0,13.415942113441188,4.4437394840556985,0.043997420634214836,6.124198740329037,0.0606356310923667,2.8346666228406665,0.028066006166739273,3.9029274911800296,10.0,101.0,0.9683405145314959,101.0,5.0,7.0,15.0,39.0,0.04950495049504951,0.06930693069306931,0.1485148514851485,0.38613861386138615,99.00990099009901,2,29.61
features.10,conv,3,116,1,False,116,0,16.0,16.0,160000,94.54123126626351,16.159924668401505,0.13930969541725435,34.276804229385135,0.2954896916326305,5.564345282163254,0.04796849381175219,1.515757556252261,10,116,0.9961248725948174,116,45,68,102,115,0.3879310344827586,0.5862068965517241,0.8793103448275862,0.9913793103448276,1379.3103448275863,116.0,10000.0,18.146424522522892,4.719033478931979,0.0406813230942412,7.267023673552566,0.06264675580648764,2.694802240732051,0.02323105379941423,3.281200245696031,10.0,116.0,0.9711204493734064,116.0,6.0,10.0,24.0,61.0,0.05172413793103448,0.08620689655172414,0.20689655172413793,0.5258620689655172,86.20689655172414,2,29.61
features.14,conv,4,226,1,False,226,0,8.0,8.0,160000,209.68601470985834,19.319417587594906,0.08548414861767657,42.20466314269174,0.18674629709155638,7.3441312516755675,0.032496155980865346,1.5592038055891908,10,226,0.9946488984065965,226,59,103,183,220,0.2610619469026549,0.4557522123893805,0.8097345132743363,0.9734513274336283,707.9646017699115,226.0,10000.0,44.10597207257053,5.986773750373851,0.026490149337937394,9.408429652336727,0.04163021970060499,3.492380382202669,0.015453010540719774,2.7852917322392803,10.0,226.0,0.9672613349946524,226.0,8.0,12.0,40.0,116.0,0.035398230088495575,0.05309734513274336,0.17699115044247787,0.5132743362831859,44.24778761061947,2,29.61
features.17,conv,5,238,1,False,238,0,8.0,8.0,160000,236.27572759978392,27.89089754939672,0.11718864516553243,59.60601403697284,0.25044543713013795,9.627159608141621,0.04045025045437656,1.3828812600749079,10,238,0.9960765606934019,238,86,137,209,235,0.36134453781512604,0.5756302521008403,0.8781512605042017,0.9873949579831933,672.2689075630252,238.0,10000.0,46.58238635752434,7.191876549600403,0.030217968695800013,11.913722586945685,0.05005765792834321,3.73254303485006,0.015682953927941428,2.4279418171646765,10.0,238.0,0.9725073981465266,238.0,10.0,18.0,63.0,159.0,0.04201680672268908,0.07563025210084033,0.2647058823529412,0.6680672268907563,42.016806722689076,2,29.61
features.20,conv,6,244,1,False,244,0,8.0,8.0,160000,248.74980483017882,34.44348676749707,0.14116183101433225,71.33868833738852,0.2923716735138874,12.601394078536229,0.05164505769891897,1.3110769555169912,10,244,0.9956216374092598,244,103,154,219,242,0.42213114754098363,0.6311475409836066,0.8975409836065574,0.9918032786885246,655.7377049180328,244.0,10000.0,46.81734518359066,8.923519400633904,0.036571800822270094,14.555861288389071,0.05965516921470931,4.770428957025795,0.019550938348466374,2.4088469017701772,10.0,244.0,0.9665261391023443,244.0,12.0,22.0,77.0,173.0,0.04918032786885246,0.09016393442622951,0.3155737704918033,0.7090163934426229,40.98360655737705,2,29.61
features.24,conv,7,466,1,False,466,0,4.0,4.0,160000,475.9722938967901,18.830930685268758,0.040409722500576735,54.27161578339354,0.11646269481414924,7.536385101836366,0.016172500218532976,1.3951352253299523,10,466,0.9929432845946783,466,102,201,374,454,0.21888412017167383,0.4313304721030043,0.8025751072961373,0.9742489270386266,343.3476394849785,466.0,10000.0,96.41513107480277,10.330053251155661,0.022167496247115153,18.131763350140762,0.03890936341231923,5.547479121013982,0.011904461633077214,2.081056756704185,10.0,466.0,0.9615360679550137,466.0,16.0,37.0,157.0,345.0,0.034334763948497854,0.07939914163090128,0.3369098712446352,0.740343347639485,21.459227467811157,2,29.61
features.27,conv,8,481,1,False,481,0,4.0,4.0,160000,453.37319610800716,27.05076256535123,0.05623859161195682,74.86503202415092,0.155644557222767,10.087511206236963,0.020971956769723417,1.2945521298068385,10,481,0.9952623352429404,481,142,251,413,473,0.29521829521829523,0.5218295218295218,0.8586278586278586,0.9833679833679834,332.64033264033264,481.0,10000.0,91.49525499115941,10.912728929571553,0.022687586132165392,19.888494805452684,0.041348222048758175,5.496052804528686,0.011426305206920345,1.895423965839084,10.0,481.0,0.9737220744293801,481.0,17.0,45.0,190.0,390.0,0.035343035343035345,0.09355509355509356,0.39501039501039503,0.8108108108108109,20.79002079002079,2,29.61
features.30,conv,9,489,1,False,489,0,4.0,4.0,160000,453.4824737718843,31.133654366623396,0.06366800483972064,87.89565981831659,0.17974572559982943,9.36389659195586,0.01914907278518581,1.275500778143539,10,489,0.996757596333789,489,164,273,427,482,0.33537832310838445,0.558282208588957,0.8732106339468303,0.9856850715746421,327.19836400817996,489.0,10000.0,87.3840930788741,11.891432141477623,0.024317857140036037,21.568902477360886,0.044108185025277885,6.15598711738815,0.012588930710405215,1.8938690600428254,10.0,489.0,0.9723755727979441,489.0,19.0,50.0,201.0,400.0,0.03885480572597137,0.10224948875255624,0.4110429447852761,0.8179959100204499,20.449897750511248,2,29.61
features.34,conv,10,472,1,False,472,0,2.0,2.0,40000,807.0782731297769,9.036841728449778,0.019145851119596987,30.74355025217084,0.06513464036476874,4.171293886281807,0.008837487047207219,1.4503171481920032,10,472,0.9885601514624797,472,57,138,353,456,0.12076271186440678,0.2923728813559322,0.7478813559322034,0.9661016949152542,84.7457627118644,472.0,10000.0,172.58889687148837,14.054563553275006,0.02977661769761654,27.540759024235424,0.05834906572931234,6.841636493021588,0.014494992569960992,1.5048282223581904,10.0,472.0,0.9750942600286173,472.0,30.0,93.0,291.0,438.0,0.0635593220338983,0.19703389830508475,0.6165254237288136,0.9279661016949152,21.1864406779661,2,29.61
features.37,conv,11,484,1,False,484,0,2.0,2.0,40000,314.8703632665206,13.458196496270258,0.0278061911079964,40.14848672334026,0.08295141884987657,5.507341908306245,0.01137880559567406,1.6097027826129753,10,484,0.9852131266221952,484,57,124,342,464,0.11776859504132231,0.256198347107438,0.7066115702479339,0.9586776859504132,82.64462809917356,484.0,10000.0,66.97307056603161,13.138679868020255,0.027146032785165815,24.59045745383889,0.050806730276526636,6.559232082437491,0.013552132401730354,1.6261791120975218,10.0,484.0,0.9696378875774794,484.0,22.0,71.0,259.0,432.0,0.045454545454545456,0.14669421487603307,0.5351239669421488,0.8925619834710744,20.66115702479339,2,29.61
features.40,conv,12,490,1,False,490,0,2.0,2.0,40000,356.87518085826906,16.619088792568476,0.03391650773993567,42.91473037428368,0.0875810823964973,6.459663837448668,0.013182987423364628,1.699873596196666,10,490,0.9863402291497619,490,52,105,324,465,0.10612244897959183,0.21428571428571427,0.6612244897959184,0.9489795918367347,81.63265306122449,490.0,10000.0,93.27003651836397,10.021663699390889,0.0204523748967161,18.58141849773405,0.03792126224027357,4.759210725772969,0.00971267495055708,1.6905011072736815,10.0,490.0,0.9760198850994003,490.0,16.0,39.0,208.0,417.0,0.0326530612244898,0.07959183673469387,0.42448979591836733,0.8510204081632653,20.408163265306122,2,29.61
classifier,linear,13,100,1,False,100,0,,,10000,459.0053712111664,6.894155862333599,0.068941558623336,10.049139696056628,0.10049139696056628,4.176272805226622,0.041762728052266225,2.840104301281711,10,100,0.9902402421866737,100,9,12,24,69,0.09,0.12,0.24,0.69,100.0,,,,,,,,,,,,,,,,,,,,,,,,2,29.61
features.0,conv,0,15,1,False,15,0,32.0,32.0,160000,5.647315806154765,4.368622940191726,0.291241529346115,6.0886653651608045,0.40591102434405363,2.532184082815492,0.16881227218769945,,10,15,,15,6,8,10,12,0.4,0.5333333333333333,0.6666666666666666,0.8,10666.666666666666,15.0,10000.0,1.1831305127042617,2.025129074338557,0.13500860495590378,2.4439587060455055,0.1629305804030337,1.5231407943863142,0.10154271962575429,,10.0,15.0,,15.0,3.0,3.0,3.0,6.0,0.2,0.2,0.2,0.4,666.6666666666666,3,33.29
features.3,conv,1,48,1,False,48,0,32.0,32.0,160000,17.354793461847933,10.060356355878406,0.20959075741413347,15.00000101829024,0.31250002121438,4.669009687440295,0.09727103515500614,3.2604268792309576,10,48,0.9782612095572898,48,14,19,31,44,0.2916666666666667,0.3958333333333333,0.6458333333333334,0.9166666666666666,3333.3333333333335,48.0,10000.0,2.2966521511485563,3.5200133347713094,0.07333361114106894,4.267794529917526,0.08891238603994846,2.443779826113937,0.05091207971070702,6.334627835546005,10.0,48.0,0.9795535508895927,48.0,4.0,4.0,7.0,14.0,0.08333333333333333,0.08333333333333333,0.14583333333333334,0.2916666666666667,208.33333333333334,3,33.29
features.7,conv,2,101,1,False,101,0,16.0,16.0,160000,63.729625699458644,16.371873905799507,0.16209776144355947,28.734043416308012,0.28449547936938624,6.9239811233582245,0.06855426854810123,2.0511078755941408,10,101,0.988863343763533,101,30,46,79,98,0.297029702970297,0.45544554455445546,0.7821782178217822,0.9702970297029703,1584.1584158415842,101.0,10000.0,10.859265240612498,5.194868353397586,0.05143434013264937,6.9838000053057705,0.06914653470599773,3.1682896091644164,0.03136920405113284,3.8754098821904948,10.0,101.0,0.9671865738651501,101.0,6.0,8.0,15.0,40.0,0.0594059405940594,0.07920792079207921,0.1485148514851485,0.39603960396039606,99.00990099009901,3,33.29
features.10,conv,3,116,1,False,116,0,16.0,16.0,160000,91.08386929744286,19.008500348186384,0.16386638231195158,36.45016868525154,0.3142255921142374,6.735311687520901,0.058063031788973284,1.615307800748914,10,116,0.9964964640767918,116,43,66,101,115,0.3706896551724138,0.5689655172413793,0.8706896551724138,0.9913793103448276,1379.3103448275863,116.0,10000.0,14.2701810949334,5.522238444735558,0.047605503833927226,8.36270027264399,0.07209224372968956,3.0098509080653577,0.025946990586770326,3.275368944611669,10.0,116.0,0.9731989095598336,116.0,7.0,11.0,25.0,63.0,0.0603448275862069,0.09482758620689655,0.21551724137931033,0.5431034482758621,86.20689655172414,3,33.29
features.14,conv,4,226,1,False,226,0,8.0,8.0,160000,226.91529334188476,19.280087237452715,0.08531012051970228,41.925187294083194,0.1855096782924035,6.699670968799896,0.029644561808849095,1.662757533980793,10,226,0.996342486373752,226,54,95,178,220,0.23893805309734514,0.42035398230088494,0.7876106194690266,0.9734513274336283,707.9646017699115,226.0,10000.0,43.67624156948768,6.789174837282616,0.030040596625144318,10.314240849104866,0.04563823384559675,4.192951092433647,0.01855288093997189,2.8197204421111333,10.0,226.0,0.9688951189022315,226.0,9.0,13.0,39.0,116.0,0.03982300884955752,0.05752212389380531,0.17256637168141592,0.5132743362831859,44.24778761061947,3,33.29
features.17,conv,5,238,1,False,238,0,8.0,8.0,160000,244.53950135040483,28.31165907008349,0.11895655071463651,58.22686730196034,0.24465070294941318,10.038792555044626,0.04217980065144801,1.4840681934905706,10,238,0.9968594189643288,238,78,128,205,234,0.3277310924369748,0.5378151260504201,0.8613445378151261,0.9831932773109243,672.2689075630252,238.0,10000.0,45.11213094567964,7.694634307580869,0.03233039625033979,12.464721548157044,0.052372779614105226,4.518750394912263,0.018986346197110347,2.480120175531478,10.0,238.0,0.9756090357357279,238.0,11.0,18.0,61.0,158.0,0.046218487394957986,0.07563025210084033,0.25630252100840334,0.6638655462184874,42.016806722689076,3,33.29
features.20,conv,6,244,1,False,244,0,8.0,8.0,160000,264.10240075036046,34.79530463534233,0.1426037075218948,68.39665312185917,0.2803141521387671,12.286956694775439,0.05035637989662065,1.4248039818718394,10,244,0.9968497916156378,244,91,142,215,241,0.3729508196721312,0.5819672131147541,0.8811475409836066,0.9877049180327869,655.7377049180328,244.0,10000.0,45.68023371443538,9.428192788001674,0.03864013437705604,15.490787443009694,0.06348683378282662,4.905054050882536,0.020102680536403836,2.476471836133039,10.0,244.0,0.9740101612163431,244.0,14.0,23.0,76.0,172.0,0.05737704918032787,0.0942622950819672,0.3114754098360656,0.7049180327868853,40.98360655737705,3,33.29
features.24,conv,7,466,1,False,466,0,4.0,4.0,160000,541.982305951508,18.96019504914856,0.040687113839374595,52.79301806818667,0.11328973834374821,7.697090779781972,0.016517362188373328,1.500721673150961,10,466,0.9946001179735221,466,86,175,360,451,0.18454935622317598,0.37553648068669526,0.7725321888412017,0.9678111587982833,343.3476394849785,466.0,10000.0,108.91904378427661,10.072988072306968,0.021615854232418387,18.00913590172742,0.03864621438138931,5.459090970701128,0.011714787490774953,2.146054475599447,10.0,466.0,0.9657938356672305,466.0,16.0,33.0,147.0,335.0,0.034334763948497854,0.07081545064377683,0.315450643776824,0.7188841201716738,21.459227467811157,3,33.29
features.27,conv,8,481,1,False,481,0,4.0,4.0,160000,492.63461921314587,27.39082148943447,0.05694557482210908,74.12955159687759,0.15411549188540039,9.854654211706587,0.020487846593984588,1.3681824221869312,10,481,0.9966003994412779,481,128,234,405,472,0.2661122661122661,0.4864864864864865,0.841995841995842,0.9812889812889813,332.64033264033264,481.0,10000.0,102.15909754453305,10.929936799043254,0.022723361328572254,20.09748217230463,0.041782707218928544,5.701564884354645,0.011853565248138555,1.94910462533083,10.0,481.0,0.9770082423103696,481.0,18.0,40.0,178.0,383.0,0.037422037422037424,0.08316008316008316,0.3700623700623701,0.7962577962577962,20.79002079002079,3,33.29
features.30,conv,9,489,1,False,489,0,4.0,4.0,160000,484.38710501893473,33.51763603770639,0.06854322298099466,89.20772121625707,0.182428877742857,10.655289965611406,0.021789959029880176,1.3441289289669665,10,489,0.9972773902329984,489,151,259,421,481,0.30879345603271985,0.5296523517382413,0.8609406952965235,0.983640081799591,327.19836400817996,489.0,10000.0,100.37674831349956,11.871715367813561,0.024277536539496034,21.824660206268543,0.04463120696578434,6.076866367696248,0.012427129586290896,1.9645335389300205,10.0,489.0,0.9757026700882229,489.0,19.0,44.0,188.0,392.0,0.03885480572597137,0.08997955010224949,0.38445807770961143,0.8016359918200409,20.449897750511248,3,33.29
features.34,conv,10,472,1,False,472,0,2.0,2.0,40000,802.8519396030763,11.456385732235313,0.02427200366999007,37.17477094816229,0.0787601079410218,4.869988012444093,0.010317771212805282,1.5281833409561187,10,472,0.9899089424611015,472,62,135,350,456,0.13135593220338984,0.2860169491525424,0.7415254237288136,0.9661016949152542,84.7457627118644,472.0,10000.0,201.5085274971312,13.037407017531374,0.02762162503714274,25.97020089536289,0.0550216120664468,6.348325224876096,0.013449841578127323,1.58529208163178,10.0,472.0,0.9772289143911042,472.0,25.0,74.0,270.0,431.0,0.05296610169491525,0.15677966101694915,0.5720338983050848,0.913135593220339,21.1864406779661,3,33.29
features.37,conv,11,484,1,False,484,0,2.0,2.0,40000,323.59472544451665,18.03780260928528,0.037268187209267105,49.35156520805945,0.10196604381830464,6.652525100617053,0.013744886571522837,1.690460308587721,10,484,0.9869084850431198,484,62,123,339,463,0.128099173553719,0.25413223140495866,0.7004132231404959,0.9566115702479339,82.64462809917356,484.0,10000.0,82.62872515581023,12.95692351856885,0.026770503137538947,23.758405049741796,0.04908761373913594,6.51315159410253,0.013456924781203576,1.6993691669171158,10.0,484.0,0.9738567414619197,484.0,20.0,53.0,234.0,424.0,0.04132231404958678,0.10950413223140495,0.4834710743801653,0.8760330578512396,20.66115702479339,3,33.29
features.40,conv,12,490,1,False,490,0,2.0,2.0,40000,379.0022058217273,22.18300331478622,0.045271435336298405,50.92131151613407,0.10392104391047768,8.08046386609009,0.016490742583857326,1.7845202451478477,10,490,0.988795453419905,490,57,104,318,463,0.11632653061224489,0.21224489795918366,0.6489795918367347,0.9448979591836735,81.63265306122449,490.0,10000.0,121.50304149262897,10.198080842623256,0.020812409882904604,18.232753417356996,0.03720970085174897,5.0026560094131725,0.010209502060026883,1.7784928786928977,10.0,490.0,0.9786003850493997,490.0,16.0,28.0,175.0,402.0,0.0326530612244898,0.05714285714285714,0.35714285714285715,0.8204081632653061,20.408163265306122,3,33.29
classifier,linear,13,100,1,False,100,0,,,10000,530.577618488127,7.275611686962417,0.07275611686962417,11.007708510592154,0.11007708510592154,3.907370507295573,0.03907370507295573,3.1391881172582847,10,100,0.9962058197616264,100,10,14,26,67,0.1,0.14,0.26,0.67,100.0,,,,,,,,,,,,,,,,,,,,,,,,3,33.29
features.0,conv,0,15,1,False,15,0,32.0,32.0,160000,7.714427049182429,5.118885300000828,0.3412590200000552,6.858662008720182,0.4572441339146788,2.9662544986383836,0.19775029990922557,,10,15,,15,7,8,10,13,0.4666666666666667,0.5333333333333333,0.6666666666666666,0.8666666666666667,10666.666666666666,15.0,10000.0,1.4235386006354571,2.228374613467188,0.1485583075644792,2.6274923336833167,0.1751661555788878,1.644467433412459,0.10963116222749726,,10.0,15.0,,15.0,3.0,3.0,3.0,6.0,0.2,0.2,0.2,0.4,666.6666666666666,5,40.56
features.3,conv,1,48,1,False,48,0,32.0,32.0,160000,22.420988385826067,10.685956720499432,0.22262409834373817,15.294061863067705,0.31862628881391053,5.211432045438849,0.1085715009466427,3.5913563739168475,10,48,0.9807525778119726,48,14,18,29,43,0.2916666666666667,0.375,0.6041666666666666,0.8958333333333334,3333.3333333333335,48.0,10000.0,2.0021109678237745,3.776141287766589,0.07866961016180395,4.486885588783527,0.0934767830996568,2.7361891643553453,0.05700394092406969,6.349207099271698,10.0,48.0,0.98493373393987,48.0,4.0,4.0,8.0,15.0,0.08333333333333333,0.08333333333333333,0.16666666666666666,0.3125,208.33333333333334,5,40.56
features.7,conv,2,101,1,False,101,0,16.0,16.0,160000,77.70159201452122,17.208999000181638,0.17038612871466968,28.514971461297193,0.2823264501118534,7.173840087939122,0.07102811968256556,2.249094119380673,10,101,0.988383500417211,101,28,42,75,97,0.27722772277227725,0.4158415841584158,0.7425742574257426,0.9603960396039604,1584.1584158415842,101.0,10000.0,10.925034652305918,5.978155750048171,0.059189660891566055,7.861474491745253,0.07783638110638864,3.665038899653029,0.03628751385795078,3.9534745143011363,10.0,101.0,0.9707881022779675,101.0,7.0,8.0,15.0,39.0,0.06930693069306931,0.07920792079207921,0.1485148514851485,0.38613861386138615,99.00990099009901,5,40.56
features.10,conv,3,116,1,False,116,0,16.0,16.0,160000,104.58899547745106,20.68345905297428,0.17830568149115758,35.36149671381768,0.3048404889122214,8.09509758975671,0.06978532404962681,1.8493999913873007,10,116,0.9973253284793127,116,37,57,96,114,0.31896551724137934,0.49137931034482757,0.8275862068965517,0.9827586206896551,1379.3103448275863,116.0,10000.0,12.461300627025459,6.72940441857513,0.05801210705668215,9.746839787084065,0.0840244809231385,3.719080679212216,0.03206104033803635,3.3587792032819426,10.0,116.0,0.97887082157171,116.0,8.0,12.0,26.0,63.0,0.06896551724137931,0.10344827586206896,0.22413793103448276,0.5431034482758621,86.20689655172414,5,40.56
features.14,conv,4,226,1,False,226,0,8.0,8.0,160000,260.7141885988651,23.12601529415804,0.10232750130158424,45.04563880889629,0.1993169858800721,7.7860312653604815,0.034451465775931334,1.8793020104125306,10,226,0.996106150646478,226,48,82,168,218,0.21238938053097345,0.36283185840707965,0.7433628318584071,0.9646017699115044,707.9646017699115,226.0,10000.0,43.37459583542859,8.090101593398911,0.03579690970530491,12.07012513336096,0.05340763333345558,4.816822443237146,0.021313373642642238,2.9464875619643136,10.0,226.0,0.970992415308987,226.0,10.0,14.0,40.0,116.0,0.04424778761061947,0.061946902654867256,0.17699115044247787,0.5132743362831859,44.24778761061947,5,40.56
features.17,conv,5,238,1,False,238,0,8.0,8.0,160000,273.0058370076706,29.85664318733022,0.12544808061903454,56.48358193040319,0.2373259744974924,11.2766473111374,0.04738087105519916,1.6501709781877933,10,238,0.9968002505266874,238,64,111,197,233,0.2689075630252101,0.46638655462184875,0.8277310924369747,0.9789915966386554,672.2689075630252,238.0,10000.0,46.31375991954104,8.646656829364739,0.03633049087968378,13.810943099033123,0.05802917268501312,4.521400214815023,0.018997479894180772,2.5591615752447336,10.0,238.0,0.9800197768579593,238.0,12.0,18.0,59.0,155.0,0.05042016806722689,0.07563025210084033,0.24789915966386555,0.6512605042016807,42.016806722689076,5,40.56
features.20,conv,6,244,1,False,244,0,8.0,8.0,160000,294.58403741917124,33.07775710439596,0.13556457829670474,61.095405607944514,0.2503910065899365,12.873345530953241,0.052759612831775576,1.607578992287907,10,244,0.9970483172438306,244,70,120,205,239,0.28688524590163933,0.4918032786885246,0.8401639344262295,0.9795081967213115,655.7377049180328,244.0,10000.0,48.62608213053561,10.020363322909354,0.041067062798808826,16.264831097523917,0.06665914384231114,4.812112444269264,0.01972177231257895,2.575878966876722,10.0,244.0,0.9800311048642169,244.0,14.0,22.0,69.0,166.0,0.05737704918032787,0.09016393442622951,0.2827868852459016,0.680327868852459,40.98360655737705,5,40.56
features.24,conv,7,466,1,False,466,0,4.0,4.0,160000,480.1272077904578,29.574278480886193,0.06346411691177295,66.39053441117026,0.1424689579638847,11.338443502174435,0.02433142382440866,1.6697609741466954,10,466,0.9953034191584387,466,82,157,346,448,0.1759656652360515,0.3369098712446352,0.7424892703862661,0.9613733905579399,343.3476394849785,466.0,10000.0,105.93337695319026,11.005218206625111,0.023616348082886505,19.793832308640972,0.042476034997083634,4.988127035946486,0.01070413527027143,2.2510498718303737,10.0,466.0,0.9706958612180695,466.0,18.0,31.0,137.0,324.0,0.03862660944206009,0.06652360515021459,0.2939914163090129,0.6952789699570815,21.459227467811157,5,40.56
features.27,conv,8,481,1,False,481,0,4.0,4.0,160000,474.9953415569241,38.900646297111365,0.08087452452621906,84.8335549199858,0.17636913704778753,14.468308703587235,0.030079643874401735,1.5125131844228947,10,481,0.9966341859446397,481,112,211,393,470,0.23284823284823286,0.4386694386694387,0.817047817047817,0.9771309771309772,332.64033264033264,481.0,10000.0,116.4006196740836,11.666517163173358,0.024254713436950848,21.00971253270463,0.04367923603472896,5.164236174273892,0.010736457742773164,2.058457651907819,10.0,481.0,0.9818046168664473,481.0,18.0,33.0,153.0,366.0,0.037422037422037424,0.06860706860706861,0.3180873180873181,0.760914760914761,20.79002079002079,5,40.56
features.30,conv,9,489,1,False,489,0,4.0,4.0,160000,507.65660488467597,41.724122997952065,0.08532540490378746,91.90658946285122,0.18794803571135218,15.248806934303357,0.03118365426237905,1.4959379125453327,10,489,0.996164496482432,489,122,225,405,479,0.24948875255623723,0.4601226993865031,0.8282208588957055,0.9795501022494888,327.19836400817996,489.0,10000.0,128.47539477746452,12.456817603267794,0.025474064628359498,22.106758176896783,0.045208094431281765,5.6457467826847445,0.011545494443118087,2.086761606374356,10.0,489.0,0.979843207309931,489.0,19.0,34.0,156.0,370.0,0.03885480572597137,0.06952965235173825,0.31901840490797545,0.7566462167689162,20.449897750511248,5,40.56
features.34,conv,10,472,1,False,472,0,2.0,2.0,40000,766.5621983488071,19.193583729758295,0.04066437230880995,51.52930743865046,0.10917226152256454,6.625011132704619,0.01403604053539114,1.7019493640126098,10,472,0.9895797653383464,472,66,122,335,453,0.13983050847457626,0.2584745762711864,0.7097457627118644,0.9597457627118644,84.7457627118644,472.0,10000.0,246.85292472888437,14.30791951989131,0.030313388813329047,26.13555086017033,0.05537192978849646,6.3859898672052715,0.01352963954916371,1.7435730315192757,10.0,472.0,0.9782749267484789,472.0,22.0,47.0,226.0,416.0,0.046610169491525424,0.09957627118644068,0.4788135593220339,0.8813559322033898,21.1864406779661,5,40.56
features.37,conv,11,484,1,False,484,0,2.0,2.0,40000,321.04739692677055,30.18180845729883,0.06235910838284882,65.78414862372051,0.13591766244570352,10.127297374324774,0.020924168128770196,1.858597203492845,10,484,0.9857976287092999,484,69,115,324,460,0.14256198347107438,0.23760330578512398,0.6694214876033058,0.9504132231404959,82.64462809917356,484.0,10000.0,106.3220540258049,13.748090815335445,0.02840514631267654,24.010147036870936,0.04960774181171681,5.924385359511915,0.012240465618826272,1.8596655325688614,10.0,484.0,0.976958258941904,484.0,20.0,33.0,187.0,403.0,0.04132231404958678,0.06818181818181818,0.38636363636363635,0.8326446280991735,20.66115702479339,5,40.56
features.40,conv,12,490,1,False,490,0,2.0,2.0,40000,410.31755115814775,28.548935675108254,0.05826313403083317,59.718914629939015,0.12187533597946738,10.475209095322016,0.021377977745555134,1.954089991346357,10,490,0.9875576580513311,490,63,100,294,457,0.12857142857142856,0.20408163265306123,0.6,0.9326530612244898,81.63265306122449,490.0,10000.0,160.28296128547245,10.727549232131551,0.021892957616595002,18.976569298076953,0.03872769244505501,4.7314344586639905,0.009655988691151002,1.9634304520457257,10.0,490.0,0.9813564792250462,490.0,17.0,25.0,128.0,371.0,0.03469387755102041,0.05102040816326531,0.2612244897959184,0.7571428571428571,20.408163265306122,5,40.56
classifier,linear,13,100,1,False,100,0,,,10000,639.4343015222537,7.418625953068142,0.07418625953068142,12.045034291368006,0.12045034291368006,3.8680932227074947,0.03868093222707494,3.454014759126047,10,100,0.9961045302277899,100,12,17,31,66,0.12,0.17,0.31,0.66,100.0,,,,,,,,,,,,,,,,,,,,,,,,5,40.56
features.0,conv,0,15,1,False,15,0,32.0,32.0,160000,11.01249690150678,5.256256768986723,0.3504171179324482,6.966017778412403,0.4644011852274935,3.137132613767084,0.20914217425113893,,10,15,,15,7,8,10,12,0.4666666666666667,0.5333333333333333,0.6666666666666666,0.8,10666.666666666666,15.0,10000.0,1.9911656900721426,2.3888067013721366,0.15925378009147578,2.7292917807840076,0.1819527853856005,1.786188539208275,0.11907923594721834,,10.0,15.0,,15.0,3.0,3.0,3.0,6.0,0.2,0.2,0.2,0.4,666.6666666666666,7,45.75
features.3,conv,1,48,1,False,48,0,32.0,32.0,160000,25.742779854474392,10.440465223774739,0.21750969216197372,14.926495053959346,0.3109686469574864,4.889049203723339,0.10185519174423623,4.0131969052438246,10,48,0.9673606825260039,48,13,17,28,41,0.2708333333333333,0.3541666666666667,0.5833333333333334,0.8541666666666666,3333.3333333333335,48.0,10000.0,1.650588535836421,3.718449277570649,0.07746769328272185,4.606463767983662,0.0959679951663263,2.49682813839471,0.052017252883223127,6.690258965093701,10.0,48.0,0.9802285851307592,48.0,4.0,4.0,9.0,16.0,0.08333333333333333,0.08333333333333333,0.1875,0.3333333333333333,208.33333333333334,7,45.75
features.7,conv,2,101,1,False,101,0,16.0,16.0,160000,86.70973673053147,17.43733325394921,0.17264686390048722,27.76953426706851,0.2749458838323615,7.354245931015102,0.07281431614866438,2.46827236384366,10,101,0.9868735542431993,101,26,38,69,95,0.25742574257425743,0.37623762376237624,0.6831683168316832,0.9405940594059405,1584.1584158415842,101.0,10000.0,11.643955917623506,6.2465715450695,0.0618472430204901,8.214793943769422,0.08133459350266754,3.6454633894580617,0.036093696925327344,4.135171520237407,10.0,101.0,0.9708864232687938,101.0,7.0,9.0,15.0,37.0,0.06930693069306931,0.0891089108910891,0.1485148514851485,0.36633663366336633,99.00990099009901,7,45.75
features.10,conv,3,116,1,False,116,0,16.0,16.0,160000,105.27620178525035,20.888531816808023,0.18007355014489673,33.93607308179214,0.2925523541533805,8.854416686976192,0.07633117833600166,2.080572050956436,10,116,0.9947872571256153,116,33,49,90,113,0.28448275862068967,0.4224137931034483,0.7758620689655172,0.9741379310344828,1379.3103448275863,116.0,10000.0,11.39013119512327,7.027792473456367,0.060584417874623854,9.996607464422015,0.0861776505553622,3.902128438907267,0.033639038266441955,3.4868037073072946,10.0,116.0,0.9824815284054708,116.0,8.0,12.0,25.0,61.0,0.06896551724137931,0.10344827586206896,0.21551724137931033,0.5258620689655172,86.20689655172414,7,45.75
features.14,conv,4,226,1,False,226,0,8.0,8.0,160000,262.0940337403989,24.929043581126667,0.11030550257135693,45.2203590555615,0.20009008431664382,9.152510234107693,0.04049783289428183,2.0618475749521767,10,226,0.993587982285356,226,45,72,155,214,0.19911504424778761,0.3185840707964602,0.6858407079646017,0.9469026548672567,707.9646017699115,226.0,10000.0,39.437202203932635,8.660825020763536,0.038322234605148386,13.129691435204554,0.058095979801790064,4.427721298467673,0.019591687161361383,3.1051274190696603,10.0,226.0,0.9742818684381309,226.0,11.0,15.0,40.0,112.0,0.048672566371681415,0.06637168141592921,0.17699115044247787,0.49557522123893805,44.24778761061947,7,45.75
features.17,conv,5,238,1,False,238,0,8.0,8.0,160000,266.1057809892732,28.310774686803693,0.11895283481850291,52.740012451795,0.2215966909739286,9.58439961830767,0.04027058663154483,1.8138997439949598,10,238,0.9961788195541698,238,55,93,186,231,0.23109243697478993,0.3907563025210084,0.7815126050420168,0.9705882352941176,672.2689075630252,238.0,10000.0,40.70859009579764,8.45842435142288,0.035539598115222185,14.476287912042912,0.06082473912623072,3.8582077303834224,0.016210956850350514,2.674651628602788,10.0,238.0,0.9846299902286747,238.0,13.0,19.0,56.0,151.0,0.0546218487394958,0.07983193277310924,0.23529411764705882,0.634453781512605,42.016806722689076,7,45.75
features.20,conv,6,244,1,False,244,0,8.0,8.0,160000,306.0084256698376,32.49074494459699,0.13315879075654505,56.470925784982626,0.23143822043025666,13.470382170425871,0.05520648430502406,1.816722732948695,10,244,0.9966731627495604,244,57,97,191,237,0.2336065573770492,0.3975409836065574,0.7827868852459017,0.9713114754098361,655.7377049180328,244.0,10000.0,44.50604451417559,10.86345620153608,0.04452236148170524,17.527619731738675,0.07183450709728965,4.997741488827247,0.02048254708535757,2.705406462528232,10.0,244.0,0.9850361683526488,244.0,15.0,23.0,64.0,161.0,0.06147540983606557,0.0942622950819672,0.26229508196721313,0.6598360655737705,40.98360655737705,7,45.75
features.24,conv,7,466,1,False,466,0,4.0,4.0,160000,498.33290484488975,33.95823094810316,0.07287174023198102,68.45557572328232,0.14690037708858866,11.810038448273376,0.02534343014650939,1.8618588658467434,10,466,0.9941431156625813,466,73,127,315,442,0.15665236051502146,0.27253218884120173,0.6759656652360515,0.9484978540772532,343.3476394849785,466.0,10000.0,109.57738868732154,12.493286673352056,0.026809628054403553,21.394226244422992,0.04591035674768883,5.567476203744477,0.011947373827777849,2.380196010500929,10.0,466.0,0.9762677175885929,466.0,19.0,30.0,120.0,305.0,0.0407725321888412,0.06437768240343347,0.2575107296137339,0.6545064377682404,21.459227467811157,7,45.75
features.27,conv,8,481,1,False,481,0,4.0,4.0,160000,468.4763751867836,41.333627134304606,0.08593269674491602,82.95463422449293,0.17246285701557781,13.697086458049105,0.028476271222555312,1.6629665367422708,10,481,0.9953488913957191,481,93,175,372,467,0.19334719334719336,0.36382536382536385,0.7733887733887734,0.9708939708939709,332.64033264033264,481.0,10000.0,120.39136913231408,12.772292162942312,0.02655362196037903,21.932816303048053,0.045598370692407596,5.4207805434867815,0.011269814019723039,2.163595890011001,10.0,481.0,0.9851699205554754,481.0,19.0,30.0,128.0,347.0,0.0395010395010395,0.062370062370062374,0.2661122661122661,0.7214137214137214,20.79002079002079,7,45.75
features.30,conv,9,489,1,False,489,0,4.0,4.0,160000,529.3464814838225,44.43002751322982,0.09085895196979513,88.09023400612548,0.1801436278243875,15.644388374787573,0.031992614263369266,1.677736167549296,10,489,0.9946293794238782,489,97,179,379,475,0.1983640081799591,0.3660531697341513,0.7750511247443763,0.9713701431492843,327.19836400817996,489.0,10000.0,138.18740175939453,14.031341274756207,0.028693949437129256,23.381726039003468,0.047815390672808725,6.032628678924425,0.012336663965080624,2.211861956795488,10.0,489.0,0.9836528520677079,489.0,20.0,30.0,129.0,347.0,0.0408997955010225,0.06134969325153374,0.26380368098159507,0.7096114519427403,20.449897750511248,7,45.75
features.34,conv,10,472,1,False,472,0,2.0,2.0,40000,768.6282495886094,22.797268183145224,0.04829929699818904,55.973567475934736,0.11858806668630241,7.496542179105928,0.015882504616749848,1.8882542760697187,10,472,0.9866273284805955,472,65,103,303,447,0.13771186440677965,0.21822033898305085,0.6419491525423728,0.9470338983050848,84.7457627118644,472.0,10000.0,265.35656544038443,16.244008263091224,0.03441527174383734,27.21711091667785,0.057663370586181886,7.109732056381884,0.015062991644876874,1.9049612881741673,10.0,472.0,0.9791720842319772,472.0,22.0,36.0,185.0,397.0,0.046610169491525424,0.07627118644067797,0.3919491525423729,0.8411016949152542,21.1864406779661,7,45.75
features.37,conv,11,484,1,False,484,0,2.0,2.0,40000,324.1250423304897,37.20524864032666,0.07687034843042698,72.26917331464887,0.14931647379059684,12.10231612472773,0.025004785381668865,2.039300398156132,10,484,0.981356073131189,484,71,105,292,452,0.14669421487603307,0.21694214876033058,0.6033057851239669,0.9338842975206612,82.64462809917356,484.0,10000.0,118.32999017475943,16.53383541247727,0.03416081696792824,25.899298090757487,0.0535109464685072,7.8281333941723075,0.016173829326802287,2.0233275090160596,10.0,484.0,0.9755144294425738,484.0,21.0,29.0,144.0,377.0,0.04338842975206612,0.05991735537190083,0.2975206611570248,0.7789256198347108,20.66115702479339,7,45.75
features.40,conv,12,490,1,False,490,0,2.0,2.0,40000,448.47607083546995,32.04424924288631,0.0653964270262986,62.49832410824032,0.12754760022089862,12.10121851098754,0.024696364308137837,2.1306057116609365,10,490,0.9832566355779512,490,64,94,258,446,0.1306122448979592,0.19183673469387755,0.5265306122448979,0.9102040816326531,81.63265306122449,490.0,10000.0,190.48114147104798,12.982355920058206,0.026494603918486133,20.743140366738636,0.0423329395239564,6.287462142302724,0.012831555392454539,2.1379040022643405,10.0,490.0,0.9794785175048668,490.0,18.0,25.0,90.0,333.0,0.036734693877551024,0.05102040816326531,0.1836734693877551,0.6795918367346939,20.408163265306122,7,45.75
classifier,linear,13,100,1,False,100,0,,,10000,646.4118729147508,9.444547217376568,0.09444547217376568,14.63624327579916,0.1463624327579916,5.393963933398234,0.05393963933398234,3.5771955957057897,10,100,0.9901951596265351,100,14,19,34,68,0.14,0.19,0.34,0.68,100.0,,,,,,,,,,,,,,,,,,,,,,,,7,45.75
features.0,conv,0,15,1,False,15,0,32.0,32.0,160000,16.592650392226748,5.102893353204312,0.3401928902136208,6.754082073493714,0.45027213823291423,3.080275017677646,0.2053516678451764,,10,15,,15,7,8,11,12,0.4666666666666667,0.5333333333333333,0.7333333333333333,0.8,10666.666666666666,15.0,10000.0,3.1806134489488875,2.363434922438206,0.15756232816254706,2.6890984059485294,0.17927322706323529,1.7939437621873715,0.11959625081249144,,10.0,15.0,,15.0,3.0,3.0,3.0,6.0,0.2,0.2,0.2,0.4,666.6666666666666,10,48.82
features.3,conv,1,48,1,False,48,0,32.0,32.0,160000,30.692565476481718,11.085997358165123,0.23095827829510673,15.404284196274633,0.32092258742238816,5.23395062250701,0.10904063796889603,4.266535864097456,10,48,0.9591279089003726,48,14,17,27,39,0.2916666666666667,0.3541666666666667,0.5625,0.8125,3333.3333333333335,48.0,10000.0,1.9158154899717503,3.6989238434654785,0.0770609134055308,4.543979226331776,0.09466623388191199,2.4951465960722783,0.0519822207515058,6.934881602715753,10.0,48.0,0.9693658614588808,48.0,4.0,4.0,9.0,16.0,0.08333333333333333,0.08333333333333333,0.1875,0.3333333333333333,208.33333333333334,10,48.82
features.7,conv,2,101,1,False,101,0,16.0,16.0,160000,85.20355457311021,16.4441154478997,0.16281302423663072,26.232341787455947,0.259726156311445,6.718224633364618,0.0665170755778675,2.7575635067315036,10,101,0.981897018036076,101,25,34,62,92,0.24752475247524752,0.33663366336633666,0.6138613861386139,0.9108910891089109,1584.1584158415842,101.0,10000.0,11.414779162916593,5.870701378152344,0.05812575621933014,7.994129477072271,0.07914979680269575,3.2387850580254383,0.03206717879233107,4.302391867409145,10.0,101.0,0.9709420324471985,101.0,7.0,9.0,14.0,34.0,0.06930693069306931,0.0891089108910891,0.13861386138613863,0.33663366336633666,99.00990099009901,10,48.82
features.10,conv,3,116,1,False,116,0,16.0,16.0,160000,88.60238750365346,20.39630830727232,0.17583024402820965,31.941015518812435,0.2753535820587279,8.965173092801855,0.07728597493794703,2.3749470696158297,10,116,0.9911495714742543,116,30,43,81,111,0.25862068965517243,0.3706896551724138,0.6982758620689655,0.9568965517241379,1379.3103448275863,116.0,10000.0,8.664607148971854,7.019458804306262,0.060512575899191914,9.92000925460487,0.08551732116038682,3.947582222806006,0.03403088123108626,3.6061532753236483,10.0,116.0,0.9839111833209802,116.0,8.0,12.0,24.0,57.0,0.06896551724137931,0.10344827586206896,0.20689655172413793,0.49137931034482757,86.20689655172414,10,48.82
features.14,conv,4,226,1,False,226,0,8.0,8.0,160000,208.57979170370214,25.519141402645875,0.11291655487896404,44.34845800984219,0.1962321150877973,8.922222403189801,0.03947886019110532,2.2951518501944017,10,226,0.9878166739689358,226,43,64,137,209,0.1902654867256637,0.2831858407079646,0.6061946902654868,0.9247787610619469,707.9646017699115,226.0,10000.0,29.431312732472076,9.115435067165324,0.040333783483032404,13.748460761563386,0.06083389717505923,5.135801834015866,0.0227247868761764,3.2810415572879195,10.0,226.0,0.9761150555845042,226.0,12.0,16.0,39.0,106.0,0.05309734513274336,0.07079646017699115,0.17256637168141592,0.4690265486725664,44.24778761061947,10,48.82
features.17,conv,5,238,1,False,238,0,8.0,8.0,160000,202.20601931843726,28.234830518641132,0.11863374167496274,49.85062394114484,0.20945640311405395,10.661132825154777,0.04479467573594444,2.0351064327125394,10,238,0.992975910731873,238,50,77,167,228,0.21008403361344538,0.3235294117647059,0.7016806722689075,0.957983193277311,672.2689075630252,238.0,10000.0,28.63371428685888,9.727629549807245,0.040872393066417,15.61589152362694,0.06561298959507118,4.7330851847056845,0.019886912540780188,2.8476504098438933,10.0,238.0,0.9886003416507265,238.0,14.0,20.0,52.0,141.0,0.058823529411764705,0.08403361344537816,0.2184873949579832,0.592436974789916,42.016806722689076,10,48.82
features.20,conv,6,244,1,False,244,0,8.0,8.0,160000,227.2530616796323,31.898790526707707,0.1307327480602775,53.463438568445135,0.2191124531493653,13.083594026362452,0.05362128699328873,2.0393010888251055,10,244,0.9933689534579305,244,51,80,172,233,0.20901639344262296,0.32786885245901637,0.7049180327868853,0.9549180327868853,655.7377049180328,244.0,10000.0,30.98581522559666,11.801376669196951,0.04836629782457767,18.304752432325557,0.07501947718166212,6.181570911270536,0.025334307013403837,2.8579648559911406,10.0,244.0,0.9887525085443478,244.0,16.0,24.0,60.0,152.0,0.06557377049180328,0.09836065573770492,0.2459016393442623,0.6229508196721312,40.98360655737705,10,48.82
features.24,conv,7,466,1,False,466,0,4.0,4.0,160000,342.4271950949202,38.79766449466649,0.0832567907610869,70.70508206869981,0.1517276439242485,13.914338753916985,0.029859096038448465,2.07204020128442,10,466,0.9903460650269239,466,69,109,276,431,0.148068669527897,0.23390557939914164,0.592274678111588,0.924892703862661,343.3476394849785,466.0,10000.0,77.52975497961404,13.403557258171153,0.028762998408092603,22.35942015890294,0.04798158832382605,6.5778666918750615,0.014115593759388544,2.5527309853565385,10.0,466.0,0.9814807003790814,466.0,20.0,30.0,101.0,281.0,0.04291845493562232,0.06437768240343347,0.2167381974248927,0.6030042918454935,21.459227467811157,10,48.82
features.27,conv,8,481,1,False,481,0,4.0,4.0,160000,327.9060304870879,42.54644233191667,0.08845414206219683,77.90394230475806,0.16196245801405001,16.968149644111595,0.035276818386926395,1.8622441100027194,10,481,0.9937628781251654,481,77,133,332,459,0.1600831600831601,0.2765072765072765,0.6902286902286903,0.9542619542619543,332.64033264033264,481.0,10000.0,92.32712152061826,13.406528300673175,0.02787220020929974,21.93278263375982,0.04559830069388736,6.589466480186496,0.013699514511822237,2.341084954150897,10.0,481.0,0.9896467824317318,481.0,19.0,28.0,96.0,311.0,0.0395010395010395,0.058212058212058215,0.1995841995841996,0.6465696465696466,20.79002079002079,10,48.82
features.30,conv,9,489,1,False,489,0,4.0,4.0,160000,382.8919935066263,42.491699378029246,0.08689509075261605,79.80143096494727,0.16319311035776538,15.962844865443405,0.03264385453055911,1.8956034847448435,10,489,0.991249543129754,489,80,133,332,466,0.16359918200409,0.2719836400817996,0.6789366053169734,0.9529652351738241,327.19836400817996,489.0,10000.0,111.01049119978435,13.68019412041327,0.027975857096959655,22.336762193556368,0.0456784502935713,6.571084676272471,0.013437800973972333,2.3842700519287345,10.0,489.0,0.988693742360132,489.0,19.0,28.0,95.0,308.0,0.03885480572597137,0.05725971370143149,0.19427402862985685,0.6298568507157464,20.449897750511248,10,48.82
features.34,conv,10,472,1,False,472,0,2.0,2.0,40000,503.82255440257535,31.359559418276113,0.06643974453024601,62.85071264902187,0.13315828951063957,10.722531161343639,0.022717227036745,2.127845264313208,10,472,0.9826875543490534,472,64,94,254,434,0.13559322033898305,0.19915254237288135,0.538135593220339,0.9194915254237288,84.7457627118644,472.0,10000.0,199.3866966300111,16.15743724119337,0.03423185856185036,26.30461980796557,0.05573012671179146,7.524244165804474,0.0159411952665349,2.1199411660595104,10.0,472.0,0.9832721281511985,472.0,23.0,31.0,129.0,362.0,0.048728813559322036,0.06567796610169492,0.2733050847457627,0.7669491525423728,21.1864406779661,10,48.82
features.37,conv,11,484,1,False,484,0,2.0,2.0,40000,225.10146959851866,44.32249259431463,0.09157539792213767,76.88972906712473,0.15886307658496845,17.11542474432498,0.03536244781885326,2.2708139568831323,10,484,0.9749080387324697,484,73,101,243,438,0.15082644628099173,0.20867768595041322,0.5020661157024794,0.9049586776859504,82.64462809917356,484.0,10000.0,96.58066704435487,16.207877684503845,0.03348735058781786,25.24846668944962,0.05216625349059839,7.7294372341063955,0.015969911640715692,2.259553250775853,10.0,484.0,0.9784268153105302,484.0,22.0,29.0,92.0,328.0,0.045454545454545456,0.05991735537190083,0.19008264462809918,0.6776859504132231,20.66115702479339,10,48.82
features.40,conv,12,490,1,False,490,0,2.0,2.0,40000,313.1062358743303,37.04294934340249,0.07559785580286223,68.5203423641415,0.13983743339620713,13.792088646566159,0.028147119686869712,2.342188789307711,10,490,0.9767957636942486,490,69,96,221,430,0.14081632653061224,0.19591836734693877,0.45102040816326533,0.8775510204081632,81.63265306122449,490.0,10000.0,146.79057521923593,13.248551489284624,0.02703786018221352,21.3078459934369,0.043485399986605916,6.7948483202541246,0.013867037388273724,2.367670002499122,10.0,490.0,0.9825802877442505,490.0,20.0,26.0,64.0,284.0,0.04081632653061224,0.053061224489795916,0.1306122448979592,0.5795918367346938,20.408163265306122,10,48.82
classifier,linear,13,100,1,False,100,0,,,10000,577.9455453855837,8.889833209223871,0.08889833209223871,14.53368555367849,0.1453368555367849,4.843942516824647,0.048439425168246474,3.538171356901576,10,100,0.9773580955429318,100,15,21,38,71,0.15,0.21,0.38,0.71,100.0,,,,,,,,,,,,,,,,,,,,,,,,10,48.82
features.0,conv,0,15,1,False,15,0,32.0,32.0,160000,24.117505055541475,4.586983344983274,0.3057988896655516,6.406854313963452,0.4271236209308968,2.593562984117186,0.17290419894114573,,10,15,,15,6,8,11,12,0.4,0.5333333333333333,0.7333333333333333,0.8,10666.666666666666,15.0,10000.0,4.782257148013851,2.250602518124834,0.15004016787498892,2.632294858877096,0.17548632392513974,1.6629138253723408,0.11086092169148938,,10.0,15.0,,15.0,3.0,3.0,3.0,6.0,0.2,0.2,0.2,0.4,666.6666666666666,15,52.15
features.3,conv,1,48,1,False,48,0,32.0,32.0,160000,43.604556250485835,10.830094147177311,0.22562696139952731,15.136415882003588,0.3153419975417414,5.251465028412541,0.10940552142526128,4.62398511995785,10,48,0.9474254022462482,48,14,17,26,38,0.2916666666666667,0.3541666666666667,0.5416666666666666,0.7916666666666666,3333.3333333333335,48.0,10000.0,2.5545328989440996,3.5593736345657057,0.07415361738678554,4.3499889559411615,0.09062476991544087,2.570034091496966,0.053542376906186795,6.926048441480982,10.0,48.0,0.9688965856687288,48.0,4.0,4.0,9.0,16.0,0.08333333333333333,0.08333333333333333,0.1875,0.3333333333333333,208.33333333333334,15,52.15
features.7,conv,2,101,1,False,101,0,16.0,16.0,160000,90.75374342317143,16.009383415572202,0.1585087466888337,25.55272292265086,0.2529972566599095,6.2788902772077675,0.06216723046740364,3.067976457299166,10,101,0.9689359572779045,101,24,33,56,87,0.2376237623762376,0.32673267326732675,0.5544554455445545,0.8613861386138614,1584.1584158415842,101.0,10000.0,12.213924077128754,5.559620032757315,0.055045742898587276,7.723561255515819,0.07647090351995861,3.0450649623319355,0.03014915804289045,4.532925843067747,10.0,101.0,0.9689969803638206,101.0,7.0,9.0,14.0,33.0,0.06930693069306931,0.0891089108910891,0.13861386138613863,0.32673267326732675,99.00990099009901,15,52.15
features.10,conv,3,116,1,False,116,0,16.0,16.0,160000,57.375353294572335,20.908981079428916,0.18024983689162857,32.10555622574699,0.27677203642885334,8.286116737822764,0.0714320408432997,2.6187036319819366,10,116,0.9804962012316099,116,29,41,74,107,0.25,0.35344827586206895,0.6379310344827587,0.9224137931034483,1379.3103448275863,116.0,10000.0,5.332849801878791,5.875515689066572,0.05065099731953941,9.07001737721236,0.07818980497596861,3.0322601115035734,0.026140173375030804,3.6926751462992575,10.0,116.0,0.9783383698821573,116.0,8.0,12.0,24.0,56.0,0.06896551724137931,0.10344827586206896,0.20689655172413793,0.4827586206896552,86.20689655172414,15,52.15
features.14,conv,4,226,1,False,226,0,8.0,8.0,160000,123.69517278764896,25.062883026391415,0.1108977125061567,44.46183615124537,0.19673378827984678,8.098046692876565,0.03583206501272816,2.531340997775753,10,226,0.973960583488687,226,43,62,122,199,0.1902654867256637,0.2743362831858407,0.5398230088495575,0.8805309734513275,707.9646017699115,226.0,10000.0,17.533198932406076,8.485908365442405,0.03754826710372746,13.396927401465357,0.05927843982949273,4.461251871063316,0.019740052526828835,3.4574688756885092,10.0,226.0,0.9719078866565859,226.0,12.0,17.0,40.0,100.0,0.05309734513274336,0.0752212389380531,0.17699115044247787,0.4424778761061947,44.24778761061947,15,52.15
features.17,conv,5,238,1,False,238,0,8.0,8.0,160000,97.16123108711487,27.72855339988802,0.1165065268902858,48.48778950163328,0.2037302079900558,9.771736766906317,0.04105771750800973,2.2692231979073836,10,238,0.9857625707560853,238,48,70,146,221,0.20168067226890757,0.29411764705882354,0.6134453781512605,0.9285714285714286,672.2689075630252,238.0,10000.0,13.582418319928918,8.773139622956474,0.03686193118889275,15.133931912996838,0.06358794921427242,4.0893209490277815,0.017182020794234375,3.0146814244850453,10.0,238.0,0.9854444858304319,238.0,14.0,21.0,52.0,134.0,0.058823529411764705,0.08823529411764706,0.2184873949579832,0.5630252100840336,42.016806722689076,15,52.15
features.20,conv,6,244,1,False,244,0,8.0,8.0,160000,112.56146319316328,31.658339567003726,0.12974729330739232,52.56244511597144,0.21541985703266986,11.747461958609497,0.04814533589594056,2.262248923189075,10,244,0.9855959755529868,244,50,74,152,227,0.20491803278688525,0.30327868852459017,0.6229508196721312,0.930327868852459,655.7377049180328,244.0,10000.0,13.868415897366411,11.551231299625579,0.04734111188371139,18.73333589187981,0.07677596676999923,5.234126596770076,0.02145133851135277,3.011359062391419,10.0,244.0,0.9861086849620136,244.0,17.0,26.0,60.0,145.0,0.06967213114754098,0.10655737704918032,0.2459016393442623,0.5942622950819673,40.98360655737705,15,52.15
features.24,conv,7,466,1,False,466,0,4.0,4.0,160000,137.05071789659078,41.304467646542115,0.0886361966663994,72.66482741035297,0.15593310603080038,13.783279711851911,0.02957785345890968,2.30477613065187,10,466,0.9818935936207054,466,69,103,234,413,0.148068669527897,0.22103004291845493,0.5021459227467812,0.8862660944206009,343.3476394849785,466.0,10000.0,30.892846191624905,14.479191263637869,0.03107122588763491,24.377082108740694,0.05231133499729763,6.4435744411131886,0.013827412963762208,2.772461140128919,10.0,466.0,0.9816771016889256,466.0,22.0,34.0,95.0,259.0,0.04721030042918455,0.07296137339055794,0.20386266094420602,0.555793991416309,21.459227467811157,15,52.15
features.27,conv,8,481,1,False,481,0,4.0,4.0,160000,158.28931761782437,41.99717574579754,0.08731221568772878,71.83597536301053,0.14934714212684103,15.71067545118526,0.03266252692554108,2.1646866479717897,10,481,0.9897058656767118,481,66,102,259,440,0.13721413721413722,0.21205821205821207,0.5384615384615384,0.9147609147609148,332.64033264033264,481.0,10000.0,45.219244351217206,14.46491582840042,0.030072590079834552,23.362556257622693,0.04857080303040061,6.248370206841121,0.01299037465039734,2.6078400966170525,10.0,481.0,0.9934336721827797,481.0,21.0,29.0,77.0,266.0,0.04365904365904366,0.060291060291060294,0.1600831600831601,0.553014553014553,20.79002079002079,15,52.15
features.30,conv,9,489,1,False,489,0,4.0,4.0,160000,191.14493222875038,44.778309617982984,0.09157118531284864,76.29963401735036,0.15603197140562444,15.92632697519823,0.03256917581840129,2.2262235993286428,10,489,0.9861014597891112,489,71,105,255,444,0.14519427402862986,0.2147239263803681,0.5214723926380368,0.9079754601226994,327.19836400817996,489.0,10000.0,53.39441879876075,15.952095517511065,0.03262187222394901,24.76392285825699,0.05064196903529037,7.267210043124412,0.014861370231338265,2.6606957429936404,10.0,489.0,0.9932757936409301,489.0,21.0,30.0,75.0,261.0,0.04294478527607362,0.06134969325153374,0.15337423312883436,0.5337423312883436,20.449897750511248,15,52.15
features.34,conv,10,472,1,False,472,0,2.0,2.0,40000,237.1496221018456,40.02261847741278,0.08479368321485758,68.00399825047957,0.1440762674798296,12.95281176434162,0.027442397805808517,2.50203268568326,10,472,0.9772951642456963,472,64,87,182,401,0.13559322033898305,0.1843220338983051,0.3855932203389831,0.8495762711864406,84.7457627118644,472.0,10000.0,98.36762497018874,18.622778168835673,0.039455038493295916,27.941010327621175,0.05919705577885842,9.047039836778103,0.01916745728130954,2.470868084801145,10.0,472.0,0.990678361594024,472.0,24.0,32.0,83.0,299.0,0.05084745762711865,0.06779661016949153,0.17584745762711865,0.6334745762711864,21.1864406779661,15,52.15
features.37,conv,11,484,1,False,484,0,2.0,2.0,40000,99.96508169822215,49.946102505585756,0.10319442666443338,80.48948101005014,0.16630058059927716,16.94712380727542,0.03501471861007319,2.566843024017457,10,484,0.9680374077883658,484,74,99,192,406,0.15289256198347106,0.20454545454545456,0.39669421487603307,0.8388429752066116,82.64462809917356,484.0,10000.0,44.41788603026243,18.552754658432402,0.03833213772403389,27.79004057520922,0.05741743920497772,7.850159876783575,0.016219338588395818,2.6012826655402383,10.0,484.0,0.9867528865593498,484.0,24.0,31.0,67.0,267.0,0.049586776859504134,0.0640495867768595,0.1384297520661157,0.5516528925619835,20.66115702479339,15,52.15
features.40,conv,12,490,1,False,490,0,2.0,2.0,40000,119.72916997061829,46.666280864790686,0.09523730788732793,80.43253398343681,0.16414802853762614,15.860591126412448,0.03236855331920908,2.5795772351903175,10,490,0.9636799724733967,490,77,104,200,405,0.15714285714285714,0.21224489795918366,0.40816326530612246,0.826530612244898,81.63265306122449,490.0,10000.0,48.902602513086926,17.015224304724985,0.03472494756066324,26.52124942998274,0.05412499883669947,7.033993629950665,0.014355089040715642,2.670070734836556,10.0,490.0,0.98859367577684,490.0,24.0,31.0,62.0,251.0,0.04897959183673469,0.06326530612244897,0.12653061224489795,0.5122448979591837,20.408163265306122,15,52.15
classifier,linear,13,100,1,False,100,0,,,10000,544.5106349397701,10.247623013696185,0.10247623013696185,17.174363608952927,0.17174363608952928,4.7249734208858625,0.047249734208858626,3.5562225118054798,10,100,0.9521013661506907,100,18,25,43,74,0.18,0.25,0.43,0.74,100.0,,,,,,,,,,,,,,,,,,,,,,,,15,52.15
features.0,conv,0,15,1,False,15,0,32.0,32.0,160000,28.736612057555607,4.402966947066111,0.2935311298044074,6.123358467682214,0.40822389784548097,2.586916166168816,0.17246107774458774,,10,15,,15,6,8,10,12,0.4,0.5333333333333333,0.6666666666666666,0.8,10666.666666666666,15.0,10000.0,5.6043855402226646,2.2244458362357378,0.14829638908238252,2.6084231200509014,0.1738948746700601,1.6479804887676366,0.10986536591784243,,10.0,15.0,,15.0,3.0,3.0,3.0,6.0,0.2,0.2,0.2,0.4,666.6666666666666,20,54.22
features.3,conv,1,48,1,False,48,0,32.0,32.0,160000,57.182540554066776,11.30366952168253,0.23549311503505269,15.49713630443181,0.3228570063423294,5.703769484529313,0.11882853092769402,4.805252442822101,10,48,0.9396042069863145,48,14,18,26,37,0.2916666666666667,0.375,0.5416666666666666,0.7708333333333334,3333.3333333333335,48.0,10000.0,3.115771984277173,3.2794806167099466,0.06832251284812389,4.281634210502156,0.08920071271879491,2.1315077997982765,0.04440641249579743,7.083019853627516,10.0,48.0,0.962487375020522,48.0,4.0,4.0,9.0,16.0,0.08333333333333333,0.08333333333333333,0.1875,0.3333333333333333,208.33333333333334,20,54.22
features.7,conv,2,101,1,False,101,0,16.0,16.0,160000,103.23203654547879,15.964637397841484,0.15806571681031173,25.598557758527125,0.25345106691611013,6.304625858375403,0.06242203820173667,3.1669714223907626,10,101,0.9573817531251122,101,24,33,56,85,0.2376237623762376,0.32673267326732675,0.5544554455445545,0.8415841584158416,1584.1584158415842,101.0,10000.0,12.886153399135999,5.38091710551118,0.05327640698525921,7.70870373027574,0.0763237993096608,2.9581097390589934,0.029288215238207856,4.554200214121882,10.0,101.0,0.965285011966966,101.0,7.0,9.0,14.0,33.0,0.06930693069306931,0.0891089108910891,0.13861386138613863,0.32673267326732675,99.00990099009901,20,54.22
features.10,conv,3,116,1,False,116,0,16.0,16.0,160000,62.04487649580703,21.54033102527795,0.18569250883860303,32.48043695615315,0.28000376686338924,9.388681311966659,0.08093690786178154,2.7237366033935024,10,116,0.9741123209842057,116,30,41,72,106,0.25862068965517243,0.35344827586206895,0.6206896551724138,0.9137931034482759,1379.3103448275863,116.0,10000.0,5.290316176064254,5.9511329429679884,0.0513028701979999,8.967128751014739,0.07730283406047189,3.150386207757486,0.02715850179101281,3.7288764035062103,10.0,116.0,0.9791843406539942,116.0,8.0,11.0,22.0,54.0,0.06896551724137931,0.09482758620689655,0.1896551724137931,0.46551724137931033,86.20689655172414,20,54.22
features.14,conv,4,226,1,False,226,0,8.0,8.0,160000,124.10623996596655,27.30439465978062,0.12081590557425052,46.996411521538874,0.20794872354663219,8.981482839727887,0.0397410745120703,2.5936044866789723,10,226,0.9651425943383725,226,45,65,122,196,0.19911504424778761,0.28761061946902655,0.5398230088495575,0.8672566371681416,707.9646017699115,226.0,10000.0,17.782421174200856,9.535215345024596,0.0421912183408168,14.382005739898913,0.06363719353937572,5.0534412936989215,0.022360359706632395,3.4898307198003944,10.0,226.0,0.9667025922558086,226.0,12.0,17.0,41.0,102.0,0.05309734513274336,0.0752212389380531,0.18141592920353983,0.45132743362831856,44.24778761061947,20,54.22
features.17,conv,5,238,1,False,238,0,8.0,8.0,160000,73.53904079863818,27.717418062443716,0.11645973975816687,48.7999583003678,0.20504184159818403,9.463184041478506,0.039761277485203805,2.3758792030941063,10,238,0.9767426452935476,238,48,70,139,217,0.20168067226890757,0.29411764705882354,0.5840336134453782,0.9117647058823529,672.2689075630252,238.0,10000.0,10.132282815498447,9.380859223332536,0.03941537488795183,16.10737675533212,0.06767805359383243,4.1072072719943264,0.017257173411740868,3.0719725397711293,10.0,238.0,0.9824080328065531,238.0,15.0,22.0,54.0,133.0,0.06302521008403361,0.09243697478991597,0.226890756302521,0.5588235294117647,42.016806722689076,20,54.22
features.20,conv,6,244,1,False,244,0,8.0,8.0,160000,77.66809578662344,32.27290967169753,0.13226602324466202,53.923833505132876,0.2209993176439872,11.61847366412203,0.04761669534476242,2.299415022396022,10,244,0.9796394595529367,244,52,76,151,225,0.21311475409836064,0.3114754098360656,0.6188524590163934,0.9221311475409836,655.7377049180328,244.0,10000.0,9.297801505620614,11.657042684946962,0.04777476510224165,19.07910410924284,0.07819304962804444,5.57727023518255,0.02285766489828914,3.016039059131986,10.0,244.0,0.9834837029407284,244.0,17.0,27.0,63.0,147.0,0.06967213114754098,0.11065573770491803,0.2581967213114754,0.6024590163934426,40.98360655737705,20,54.22
features.24,conv,7,466,1,False,466,0,4.0,4.0,160000,85.97841556238689,40.64881369543464,0.08722921393870095,74.3116447355931,0.15946704878882642,11.766401326401732,0.02524978825408097,2.390478679798284,10,466,0.9730340988108328,466,72,106,227,402,0.15450643776824036,0.22746781115879827,0.4871244635193133,0.8626609442060086,343.3476394849785,466.0,10000.0,20.001291799062518,14.637193847714995,0.03141028722685621,25.09368549858652,0.05384911051198824,7.3001910146216495,0.015665645954123713,2.8574349922697007,10.0,466.0,0.9772517099048613,466.0,23.0,36.0,99.0,256.0,0.04935622317596566,0.07725321888412018,0.21244635193133046,0.5493562231759657,21.459227467811157,20,54.22
features.27,conv,8,481,1,False,481,0,4.0,4.0,160000,56.524056052558095,41.83909838806618,0.08698357253236212,70.66029484158292,0.1469028998785508,15.775563481420063,0.03279742927530158,2.3349534165355634,10,481,0.9856265971398381,481,65,96,226,422,0.13513513513513514,0.1995841995841996,0.4698544698544699,0.8773388773388774,332.64033264033264,481.0,10000.0,16.73754908447282,15.007299454368525,0.031200206765838928,24.311708911352202,0.0505440933707946,7.42334578779008,0.015433151325966902,2.7669757428249118,10.0,481.0,0.992495782392777,481.0,22.0,31.0,77.0,248.0,0.04573804573804574,0.06444906444906445,0.1600831600831601,0.5155925155925156,20.79002079002079,20,54.22
features.30,conv,9,489,1,False,489,0,4.0,4.0,160000,60.676803235521675,41.84806395690741,0.08557886289756117,74.09541260457466,0.1515243611545494,12.74995001928307,0.026073517421846767,2.3275560046270596,10,489,0.9822328857409054,489,71,104,236,431,0.14519427402862986,0.21267893660531698,0.48261758691206547,0.8813905930470347,327.19836400817996,489.0,10000.0,17.700371015302874,16.14136221565193,0.033008920686404764,25.38048053120181,0.05190282317219184,7.840392691645681,0.016033522886800985,2.792428669753644,10.0,489.0,0.9934222902728224,489.0,22.0,31.0,76.0,246.0,0.044989775051124746,0.06339468302658487,0.1554192229038855,0.5030674846625767,20.449897750511248,20,54.22
features.34,conv,10,472,1,False,472,0,2.0,2.0,40000,65.71896453218208,42.45325981282442,0.08994334706106868,69.33813933406991,0.146902837572182,16.339662801293336,0.03461792966375707,2.6890245822893006,10,472,0.9726476706394349,472,64,88,167,372,0.13559322033898305,0.1864406779661017,0.3538135593220339,0.788135593220339,84.7457627118644,472.0,10000.0,29.444481589809858,17.744944862736126,0.037595222166813824,27.56037162495339,0.05839061784947752,8.347587002593569,0.01768556568346095,2.708419929712609,10.0,472.0,0.9950636879955523,472.0,24.0,33.0,77.0,258.0,0.05084745762711865,0.06991525423728813,0.163135593220339,0.5466101694915254,21.1864406779661,20,54.22
features.37,conv,11,484,1,False,484,0,2.0,2.0,40000,35.33038287385234,49.175294617744655,0.10160184838376994,79.78434508318281,0.16484368818839423,17.072769545815202,0.03527431724341984,2.7443695505660717,10,484,0.9601117162192846,484,74,100,178,377,0.15289256198347106,0.2066115702479339,0.3677685950413223,0.7789256198347108,82.64462809917356,484.0,10000.0,16.38763120287097,18.779896449728895,0.038801438945720856,28.37064881919024,0.05861704301485587,8.363543262542517,0.017280048063104375,2.861105044765015,10.0,484.0,0.9910421411635815,484.0,25.0,33.0,63.0,226.0,0.05165289256198347,0.06818181818181818,0.13016528925619836,0.4669421487603306,20.66115702479339,20,54.22
features.40,conv,12,490,1,False,490,0,2.0,2.0,40000,32.54204174174698,52.60154760615456,0.10735009715541748,88.58528230126733,0.18078629041074964,17.246758994553286,0.03519746733582303,2.6431393335752533,10,490,0.951601163140024,490,84,114,208,396,0.17142857142857143,0.23265306122448978,0.42448979591836733,0.8081632653061225,81.63265306122449,490.0,10000.0,12.620299444189149,20.21160662734591,0.041248176790501856,30.44168097704204,0.062125879544983754,9.009535692008225,0.018386807534710663,2.866950554407088,10.0,490.0,0.992722681263892,490.0,27.0,35.0,69.0,238.0,0.05510204081632653,0.07142857142857142,0.14081632653061224,0.4857142857142857,20.408163265306122,20,54.22
classifier,linear,13,100,1,False,100,0,,,10000,494.28173759229725,10.962559128861324,0.10962559128861324,18.647264612657022,0.18647264612657022,5.633888520787472,0.056338885207874716,3.594448880035322,10,100,0.9265138346014137,100,19,27,46,75,0.19,0.27,0.46,0.75,100.0,,,,,,,,,,,,,,,,,,,,,,,,20,54.22
features.0,conv,0,15,1,False,15,0,32.0,32.0,160000,33.40032883938907,4.392251877507363,0.2928167918338242,6.006810277204401,0.40045401848029344,2.584060888396674,0.1722707258931116,,10,15,,15,6,7,10,12,0.4,0.4666666666666667,0.6666666666666666,0.8,10666.666666666666,15.0,10000.0,7.042564313023036,2.3101181800193946,0.15400787866795965,2.6610986284928955,0.1774065752328597,1.7136384349956033,0.11424256233304023,,10.0,15.0,,15.0,3.0,3.0,3.0,6.0,0.2,0.2,0.2,0.4,666.6666666666666,30,54.92
features.3,conv,1,48,1,False,48,0,32.0,32.0,160000,71.57605277537449,11.372854189460439,0.2369344622804258,15.215388906267613,0.31698726888057527,6.1302910485858915,0.1277143968455394,4.98132265111201,10,48,0.9453776911851158,48,13,17,25,36,0.2708333333333333,0.3541666666666667,0.5208333333333334,0.75,3333.3333333333335,48.0,10000.0,4.234001123416687,3.496651235184111,0.0728469007330023,4.349931034335304,0.09062356321531884,2.454547772763489,0.051136411932572685,7.26958227014966,10.0,48.0,0.9673167095093933,48.0,4.0,4.0,9.0,15.0,0.08333333333333333,0.08333333333333333,0.1875,0.3125,208.33333333333334,30,54.92
features.7,conv,2,101,1,False,101,0,16.0,16.0,160000,126.89807184938479,16.18173589684695,0.16021520689947474,25.188487156036757,0.249390961940958,6.6712479727341085,0.06605196012608028,3.2821938626456593,10,101,0.955347633240129,101,23,32,54,83,0.22772277227722773,0.31683168316831684,0.5346534653465347,0.8217821782178217,1584.1584158415842,101.0,10000.0,16.01012558238871,5.730857328985339,0.05674116167312217,7.860366054540049,0.07782540648059455,3.1382889459846255,0.031072167782025994,4.669194864956546,10.0,101.0,0.9640531436203222,101.0,7.0,9.0,14.0,32.0,0.06930693069306931,0.0891089108910891,0.13861386138613863,0.31683168316831684,99.00990099009901,30,54.92
features.10,conv,3,116,1,False,116,0,16.0,16.0,160000,70.1382508045233,22.320452732877445,0.19241769597308142,32.911852779623665,0.2837228687898592,10.53381890887378,0.09080878369718776,2.734746983006584,10,116,0.9744049385605816,116,30,40,72,106,0.25862068965517243,0.3448275862068966,0.6206896551724138,0.9137931034482759,1379.3103448275863,116.0,10000.0,5.623256500681263,6.804896237735832,0.058662898601170965,9.476254187281832,0.08169184644208476,4.009802994398724,0.03456726719309245,3.689519502283473,10.0,116.0,0.9794497544988935,116.0,8.0,11.0,23.0,54.0,0.06896551724137931,0.09482758620689655,0.19827586206896552,0.46551724137931033,86.20689655172414,30,54.92
features.14,conv,4,226,1,False,226,0,8.0,8.0,160000,141.45888304990774,26.963797124620523,0.11930883683460408,46.85926681635195,0.20734188856792898,8.838023750460305,0.03910629978079781,2.5925824668763022,10,226,0.9595976411994706,226,46,66,122,196,0.20353982300884957,0.2920353982300885,0.5398230088495575,0.8672566371681416,707.9646017699115,226.0,10000.0,18.183445669506746,10.108714770573007,0.04472882641846463,15.080786757069705,0.0667291449427863,5.05390237869633,0.022362399905735974,3.486351773228178,10.0,226.0,0.9643631057257679,226.0,12.0,18.0,44.0,105.0,0.05309734513274336,0.07964601769911504,0.19469026548672566,0.4646017699115044,44.24778761061947,30,54.92
features.17,conv,5,238,1,False,238,0,8.0,8.0,160000,80.38001084685047,25.52357308880952,0.10724190373449378,46.8633090082486,0.19690465969852353,8.366838513355725,0.03515478366956187,2.395745799242698,10,238,0.9725591872480986,238,48,70,137,214,0.20168067226890757,0.29411764705882354,0.5756302521008403,0.8991596638655462,672.2689075630252,238.0,10000.0,9.452251959680869,9.675691843837471,0.04065416741108181,16.451119723312125,0.06912235177862237,4.439870606028482,0.018654918512724713,3.0462611950702843,10.0,238.0,0.9793454924806492,238.0,15.0,23.0,58.0,138.0,0.06302521008403361,0.09663865546218488,0.24369747899159663,0.5798319327731093,42.016806722689076,30,54.92
features.20,conv,6,244,1,False,244,0,8.0,8.0,160000,76.07471842268734,32.17782538526232,0.13187633354615705,54.848525617621455,0.22478903941648137,11.8313056317666,0.048488957507240166,2.2396456722337934,10,244,0.9774645236661156,244,54,80,156,227,0.22131147540983606,0.32786885245901637,0.639344262295082,0.930327868852459,655.7377049180328,244.0,10000.0,7.51749592694783,12.6433888376016,0.051817167367219676,20.834873888908973,0.08538882741356137,5.99072021912745,0.024552132045604302,2.9630089426137762,10.0,244.0,0.9814716793636247,244.0,19.0,31.0,70.0,156.0,0.0778688524590164,0.12704918032786885,0.28688524590163933,0.639344262295082,40.98360655737705,30,54.92
features.24,conv,7,466,1,False,466,0,4.0,4.0,160000,94.29905596831635,41.38451595760366,0.08880797415794776,79.96750431963532,0.17160408652282258,10.346429028491666,0.02220263740019671,2.3648383797440156,10,466,0.965802288612558,466,79,116,241,405,0.16952789699570817,0.24892703862660945,0.5171673819742489,0.869098712446352,343.3476394849785,466.0,10000.0,19.696891901244285,16.609318121982845,0.03564231356648679,29.050621287775833,0.06234038902956188,7.2711003111133286,0.01560321955174534,2.840226084212194,10.0,466.0,0.9733421784895425,466.0,27.0,43.0,114.0,274.0,0.05793991416309013,0.09227467811158799,0.2446351931330472,0.5879828326180258,21.459227467811157,30,54.92
features.27,conv,8,481,1,False,481,0,4.0,4.0,160000,46.356745788278644,44.0299338730486,0.0915383240603921,74.55581732360986,0.1550016992174841,15.445523139963807,0.032111274719259474,2.357340928570692,10,481,0.98149754045171,481,69,102,232,419,0.14345114345114346,0.21205821205821207,0.48232848232848236,0.8711018711018711,332.64033264033264,481.0,10000.0,12.170248820513425,17.70555519402661,0.03680988605826738,28.56075398928365,0.059377866921587634,8.356657142438452,0.017373507572637115,2.773232196299341,10.0,481.0,0.9895563632478015,481.0,25.0,36.0,94.0,271.0,0.05197505197505198,0.07484407484407485,0.19542619542619544,0.5634095634095634,20.79002079002079,30,54.92
features.30,conv,9,489,1,False,489,0,4.0,4.0,160000,48.18586205962113,41.602636324444035,0.08507696589865855,76.70188184199549,0.1568545640940603,11.424727623493135,0.023363451172787597,2.3188043418904285,10,489,0.9787446789945561,489,74,110,245,430,0.15132924335378323,0.2249488752556237,0.5010224948875256,0.8793456032719836,327.19836400817996,489.0,10000.0,12.399298525767222,17.784020713690136,0.03636814051879374,28.5494297030341,0.058383291826245604,8.434020017789551,0.017247484698956136,2.8040911687697045,10.0,489.0,0.9910736071859344,489.0,25.0,35.0,90.0,265.0,0.05112474437627812,0.07157464212678936,0.18404907975460122,0.5419222903885481,20.449897750511248,30,54.92
features.34,conv,10,472,1,False,472,0,2.0,2.0,40000,47.54157639341315,42.420204369650314,0.08987331434247949,70.12585974354009,0.14857173674478832,16.019840307227163,0.03394033963395585,2.7375985635000033,10,472,0.9694792103959924,472,65,90,173,361,0.13771186440677965,0.1906779661016949,0.3665254237288136,0.7648305084745762,84.7457627118644,472.0,10000.0,20.47445972971914,18.91467218677737,0.04007345802283341,29.966902345893455,0.06348919988536748,8.362778812490994,0.017717751721379224,2.8217325109211076,10.0,472.0,0.9939052739019365,472.0,26.0,36.0,83.0,256.0,0.05508474576271186,0.07627118644067797,0.17584745762711865,0.5423728813559322,21.1864406779661,30,54.92
features.37,conv,11,484,1,False,484,0,2.0,2.0,40000,22.62265370360903,47.09656389078448,0.09730695018757124,79.92522378967286,0.1651347598960183,13.477304083745086,0.02784566959451464,2.7770338925275624,10,484,0.9562570269120326,484,75,101,185,369,0.15495867768595042,0.20867768595041322,0.3822314049586777,0.762396694214876,82.64462809917356,484.0,10000.0,10.479175700728552,17.69586264880319,0.036561699687609896,29.222994629698775,0.06037808807789003,6.472083038910193,0.013372072394442547,2.9800249030386605,10.0,484.0,0.9912778050296978,484.0,27.0,36.0,68.0,225.0,0.05578512396694215,0.0743801652892562,0.14049586776859505,0.46487603305785125,20.66115702479339,30,54.92
features.40,conv,12,490,1,False,490,0,2.0,2.0,40000,18.49047910434921,54.87053655235362,0.111980686841538,93.44019494293832,0.19069427539375167,17.330261716157725,0.035367881053383114,2.6515921490672474,10,490,0.9395436039069003,490,89,121,218,393,0.1816326530612245,0.24693877551020407,0.4448979591836735,0.8020408163265306,81.63265306122449,490.0,10000.0,6.869022317993925,21.13577696354793,0.043134238701118224,32.88677092861128,0.0671158590379822,9.132083412237515,0.018636904922933704,2.9928021654455668,10.0,490.0,0.9919176681138718,490.0,30.0,39.0,76.0,236.0,0.061224489795918366,0.07959183673469387,0.15510204081632653,0.4816326530612245,20.408163265306122,30,54.92
classifier,linear,13,100,1,False,100,0,,,10000,474.75199708713643,11.085688071127986,0.11085688071127986,18.97713328741638,0.18977133287416378,5.442258943573429,0.05442258943573429,3.6285081787964124,10,100,0.8726321086186867,100,20,28,47,75,0.2,0.28,0.47,0.75,100.0,,,,,,,,,,,,,,,,,,,,,,,,30,54.92
features.0,conv,0,15,1,False,15,0,32.0,32.0,160000,32.37191176128708,4.774178593532839,0.31827857290218925,6.259732040600781,0.41731546937338543,2.8507124803522927,0.19004749869015286,,10,15,,15,6,7,10,12,0.4,0.4666666666666667,0.6666666666666666,0.8,10666.666666666666,15.0,10000.0,6.485983461355363,2.505032141422894,0.16700214276152628,2.792616938748802,0.18617446258325346,1.882155131619409,0.12547700877462725,,10.0,15.0,,15.0,3.0,3.0,3.0,6.0,0.2,0.2,0.2,0.4,666.6666666666666,40,55.87
features.3,conv,1,48,1,False,48,0,32.0,32.0,160000,76.02473689253102,10.782854275283173,0.22464279740173276,14.726412460056252,0.30680025958450524,5.6351962064562855,0.11739992096783929,4.930321814115935,10,48,0.9545271604115035,48,13,17,25,36,0.2708333333333333,0.3541666666666667,0.5208333333333334,0.75,3333.3333333333335,48.0,10000.0,4.273284709408846,3.5901939064078805,0.07479570638349751,4.446005622183425,0.09262511712882136,2.4687948751972515,0.051433226566609404,7.087970236886499,10.0,48.0,0.9748694224460195,48.0,4.0,4.0,8.0,15.0,0.08333333333333333,0.08333333333333333,0.16666666666666666,0.3125,208.33333333333334,40,55.87
features.7,conv,2,101,1,False,101,0,16.0,16.0,160000,129.66308653934323,15.298983343689878,0.15147508261079087,24.54345219725237,0.24300447720051851,5.971719317242152,0.05912593383408071,3.2741286287199434,10,101,0.953759894957965,101,23,32,53,83,0.22772277227722773,0.31683168316831684,0.5247524752475248,0.8217821782178217,1584.1584158415842,101.0,10000.0,16.165011955572115,5.410530791212347,0.053569611794181654,7.753435877840401,0.07676669185980595,2.880687450667563,0.028521657927401613,4.676488907893136,10.0,101.0,0.9648420294406184,101.0,7.0,9.0,13.0,32.0,0.06930693069306931,0.0891089108910891,0.12871287128712872,0.31683168316831684,99.00990099009901,40,55.87
features.10,conv,3,116,1,False,116,0,16.0,16.0,160000,75.82299230817142,22.53883690015908,0.19430031810481965,32.892792582161185,0.28355855674276886,10.89308064500345,0.09390586762934008,2.7766445960800743,10,116,0.9726204526867952,116,29,40,71,105,0.25,0.3448275862068966,0.6120689655172413,0.9051724137931034,1379.3103448275863,116.0,10000.0,5.945417875593731,6.537890914230601,0.05636112857095346,9.474829776642764,0.08167956704002383,3.4458529241765747,0.02970562865669461,3.7200308494413212,10.0,116.0,0.9810885767668522,116.0,8.0,11.0,23.0,53.0,0.06896551724137931,0.09482758620689655,0.19827586206896552,0.45689655172413796,86.20689655172414,40,55.87
features.14,conv,4,226,1,False,226,0,8.0,8.0,160000,158.44312672201042,27.94164571505035,0.12363560050907234,48.757925923472,0.21574303505961062,9.062042383181696,0.04009753266894556,2.5568127288871567,10,226,0.9568873650867514,226,48,69,126,198,0.21238938053097345,0.3053097345132743,0.5575221238938053,0.8761061946902655,707.9646017699115,226.0,10000.0,20.74813838912808,9.942605230906738,0.04399382845533955,15.18809671114811,0.06720396774844296,5.219801805492247,0.023096468165894897,3.481354102620746,10.0,226.0,0.9664291706378533,226.0,13.0,18.0,45.0,106.0,0.05752212389380531,0.07964601769911504,0.19911504424778761,0.4690265486725664,44.24778761061947,40,55.87
features.17,conv,5,238,1,False,238,0,8.0,8.0,160000,84.59290442328292,25.511079042838325,0.10718940774301818,48.26712694799407,0.20280305440333643,7.8797697277959955,0.033108276167210064,2.346454601846171,10,238,0.9725620486971601,238,50,73,142,217,0.21008403361344538,0.3067226890756303,0.5966386554621849,0.9117647058823529,672.2689075630252,238.0,10000.0,10.641847223205954,8.299224873449896,0.0348706927455878,15.5865630594799,0.06548976075411722,3.536803641609921,0.014860519502562694,3.0389124933828846,10.0,238.0,0.9790046492409787,238.0,15.0,23.0,58.0,138.0,0.06302521008403361,0.09663865546218488,0.24369747899159663,0.5798319327731093,42.016806722689076,40,55.87
features.20,conv,6,244,1,False,244,0,8.0,8.0,160000,81.33862849676547,33.09871282016687,0.13565046237773307,57.16169943857008,0.23426925999413967,11.053766378413927,0.045302321223007896,2.2045027382677396,10,244,0.9760231575232348,244,56,84,160,228,0.22950819672131148,0.3442622950819672,0.6557377049180327,0.9344262295081968,655.7377049180328,244.0,10000.0,8.611708072078642,12.21379112552897,0.05005652100626627,20.60343604943252,0.08444031167800213,5.385297049477126,0.0220708895470374,2.945123098946088,10.0,244.0,0.9809091271389636,244.0,19.0,31.0,71.0,158.0,0.0778688524590164,0.12704918032786885,0.29098360655737704,0.6475409836065574,40.98360655737705,40,55.87
features.24,conv,7,466,1,False,466,0,4.0,4.0,160000,110.61619353360523,42.592482392508046,0.09140017680795719,82.86230204580902,0.17781609881074897,10.612928664858458,0.022774525031885103,2.3218061216547445,10,466,0.9635222047371345,466,83,123,250,410,0.1781115879828326,0.26394849785407726,0.5364806866952789,0.8798283261802575,343.3476394849785,466.0,10000.0,23.507375444831133,16.978570385357163,0.03643470039776215,30.210396977940523,0.06482917806425005,6.632816168144966,0.014233511090439842,2.8216571298550748,10.0,466.0,0.9735421036113996,466.0,28.0,45.0,119.0,280.0,0.060085836909871244,0.09656652360515021,0.2553648068669528,0.6008583690987125,21.459227467811157,40,55.87
features.27,conv,8,481,1,False,481,0,4.0,4.0,160000,50.960106359905694,42.631709723499505,0.08863141314656861,77.25608751299471,0.16061556655508255,11.867344332028255,0.02467223353852028,2.296904905862966,10,481,0.9800242769523517,481,73,110,248,426,0.15176715176715178,0.2286902286902287,0.5155925155925156,0.8856548856548857,332.64033264033264,481.0,10000.0,13.729572536916184,18.15187084305377,0.03773777722048601,30.222375920807032,0.06283238237174019,7.4505667638733915,0.015489743791836572,2.747987661696199,10.0,481.0,0.9893499267876419,481.0,27.0,39.0,102.0,284.0,0.056133056133056136,0.08108108108108109,0.21205821205821207,0.5904365904365905,20.79002079002079,40,55.87
features.30,conv,9,489,1,False,489,0,4.0,4.0,160000,50.44435253800019,40.425018146579205,0.08266874876601064,80.25342715682713,0.16411743794852174,9.888491988721835,0.020221865007611115,2.235789071199226,10,489,0.978221211496894,489,80,121,266,440,0.16359918200409,0.2474437627811861,0.5439672801635992,0.8997955010224948,327.19836400817996,489.0,10000.0,13.137150472137122,19.524525470310724,0.039927454949510686,31.543178795495862,0.0645054781093985,8.602873150317256,0.017592787628460647,2.7578507092335856,10.0,489.0,0.9905850064600471,489.0,28.0,39.0,103.0,286.0,0.05725971370143149,0.07975460122699386,0.21063394683026584,0.5848670756646217,20.449897750511248,40,55.87
features.34,conv,10,472,1,False,472,0,2.0,2.0,40000,46.171657657859804,46.52557147962117,0.09857112601614655,75.71770595688169,0.16041886855271545,17.14631079936407,0.03632692965966964,2.634691374031242,10,472,0.9691561037101042,472,69,97,192,379,0.1461864406779661,0.2055084745762712,0.4067796610169492,0.8029661016949152,84.7457627118644,472.0,10000.0,19.494627936554142,21.219934653756955,0.044957488673213884,33.57781232792897,0.0711394328981546,8.528375226984462,0.0180685915825942,2.770945524536608,10.0,472.0,0.9930551022675905,472.0,29.0,40.0,98.0,281.0,0.0614406779661017,0.0847457627118644,0.2076271186440678,0.5953389830508474,21.1864406779661,40,55.87
features.37,conv,11,484,1,False,484,0,2.0,2.0,40000,23.168422959056862,49.46904449226856,0.10220876961212512,83.8125419798854,0.17316640904935,13.753955161584438,0.028417262730546358,2.6983841110012223,10,484,0.9549365212883301,484,78,107,199,381,0.16115702479338842,0.22107438016528927,0.41115702479338845,0.7871900826446281,82.64462809917356,484.0,10000.0,10.585683696440025,18.558828005180274,0.038344685961116266,31.333990972075423,0.06473965076875088,6.611339279165444,0.013659791899102157,2.9515539647871116,10.0,484.0,0.9910890258714622,484.0,29.0,38.0,77.0,243.0,0.05991735537190083,0.07851239669421488,0.1590909090909091,0.5020661157024794,20.66115702479339,40,55.87
features.40,conv,12,490,1,False,490,0,2.0,2.0,40000,16.239081625525905,60.81122521792823,0.12410454126107802,102.22628506378373,0.20862507155874233,21.206493564106616,0.04327855829409513,2.5575761353884556,10,490,0.932926163603198,490,97,133,238,406,0.19795918367346937,0.2714285714285714,0.4857142857142857,0.8285714285714286,81.63265306122449,490.0,10000.0,5.986499018095149,22.460652187409877,0.045838065688591584,35.888759720879904,0.07324236677730593,8.497738472576394,0.017342323413421214,2.9566140250441,10.0,490.0,0.9909974484433861,490.0,32.0,43.0,86.0,258.0,0.0653061224489796,0.08775510204081632,0.17551020408163265,0.5265306122448979,20.408163265306122,40,55.87
classifier,linear,13,100,1,False,100,0,,,10000,473.20243736507973,10.936080247334319,0.10936080247334319,19.607701402833612,0.19607701402833613,5.155537361794009,0.05155537361794009,3.635273024148301,10,100,0.8072020659520209,100,22,30,50,77,0.22,0.3,0.5,0.77,100.0,,,,,,,,,,,,,,,,,,,,,,,,40,55.87
features.0,conv,0,15,1,False,15,0,32.0,32.0,160000,31.911613156748654,4.521329738509463,0.3014219825672975,6.08132769113623,0.40542184607574866,2.6670850838185842,0.17780567225457228,,10,15,,15,6,8,10,12,0.4,0.5333333333333333,0.6666666666666666,0.8,10666.666666666666,15.0,10000.0,6.32404744858288,2.4462112505260625,0.16308075003507083,2.7641958464573055,0.1842797230971537,1.8086201197596472,0.12057467465064314,,10.0,15.0,,15.0,3.0,3.0,3.0,6.0,0.2,0.2,0.2,0.4,666.6666666666666,50,53.17
features.3,conv,1,48,1,False,48,0,32.0,32.0,160000,73.45759673585854,10.837371398679114,0.22577857080581487,14.925935348807405,0.3109569864334876,5.619709347802246,0.11707727807921346,4.798455657618731,10,48,0.9465010810361242,48,13,17,26,37,0.2708333333333333,0.3541666666666667,0.5416666666666666,0.7708333333333334,3333.3333333333335,48.0,10000.0,4.402976623969574,3.4910048936970886,0.07272926861868935,4.3861033186705,0.09137715247230209,2.3880649345639764,0.04975135280341617,7.224742403645839,10.0,48.0,0.9757503959118196,48.0,4.0,4.0,9.0,15.0,0.08333333333333333,0.08333333333333333,0.1875,0.3125,208.33333333333334,50,53.17
features.7,conv,2,101,1,False,101,0,16.0,16.0,160000,123.44016571718699,14.630137957990888,0.14485285106921672,23.812489414715373,0.23576722192787497,5.712413204957111,0.05655854658373377,3.2935790007735557,10,101,0.9546179020359531,101,23,32,53,82,0.22772277227722773,0.31683168316831684,0.5247524752475248,0.8118811881188119,1584.1584158415842,101.0,10000.0,15.797203459301535,5.081665664875536,0.05031352143441125,7.463649223646649,0.07389751706580841,2.7104726016831755,0.026836362392902727,4.6818494646166355,10.0,101.0,0.964442660847515,101.0,7.0,9.0,13.0,31.0,0.06930693069306931,0.0891089108910891,0.12871287128712872,0.3069306930693069,99.00990099009901,50,53.17
features.10,conv,3,116,1,False,116,0,16.0,16.0,160000,77.47554733069009,21.87085603681987,0.18854186238637818,32.06678822052967,0.27643782948732476,9.855199105229513,0.0849586129761165,2.808010251369406,10,116,0.9761740273881846,116,29,39,69,105,0.25,0.33620689655172414,0.5948275862068966,0.9051724137931034,1379.3103448275863,116.0,10000.0,6.301127683096134,5.935837237287245,0.051171010666269355,8.96590946929821,0.07729232301119147,3.0582888132911674,0.026364558735268686,3.7470387740995834,10.0,116.0,0.9823726852413621,116.0,8.0,11.0,22.0,52.0,0.06896551724137931,0.09482758620689655,0.1896551724137931,0.4482758620689655,86.20689655172414,50,53.17
features.14,conv,4,226,1,False,226,0,8.0,8.0,160000,138.93602094920374,29.729906483391833,0.13154825877607007,50.713121671677236,0.22439434367998776,10.207814533990602,0.04516732094686107,2.5369603397194127,10,226,0.9534481618066044,226,50,71,128,198,0.22123893805309736,0.3141592920353982,0.5663716814159292,0.8761061946902655,707.9646017699115,226.0,10000.0,18.730030674058142,10.082253146664293,0.044611739587010146,15.379542469662372,0.06805107287461226,5.152340861944645,0.02279796841568427,3.4880061040919754,10.0,226.0,0.9626123284246959,226.0,13.0,18.0,46.0,108.0,0.05752212389380531,0.07964601769911504,0.20353982300884957,0.4778761061946903,44.24778761061947,50,53.17
features.17,conv,5,238,1,False,238,0,8.0,8.0,160000,87.93487822899046,26.536517202514567,0.11149797143913684,48.76813296877067,0.20490812171752384,8.54609739056841,0.03590797222927903,2.3525346309183517,10,238,0.9707155825540115,238,50,73,141,216,0.21008403361344538,0.3067226890756303,0.592436974789916,0.907563025210084,672.2689075630252,238.0,10000.0,10.971443522820499,9.41321396108506,0.039551319164222935,16.462352990045716,0.06916955037834334,4.041452636701676,0.016980893431519647,3.0353822621093816,10.0,238.0,0.9796115151952935,238.0,15.0,22.0,57.0,138.0,0.06302521008403361,0.09243697478991597,0.23949579831932774,0.5798319327731093,42.016806722689076,50,53.17
features.20,conv,6,244,1,False,244,0,8.0,8.0,160000,80.34167471048421,31.164522266564784,0.12772345191215076,55.71405663296669,0.22833629767609298,10.221725474776585,0.04189231751957617,2.179822809049978,10,244,0.975947309988123,244,56,84,161,229,0.22950819672131148,0.3442622950819672,0.6598360655737705,0.9385245901639344,655.7377049180328,244.0,10000.0,8.465726886049138,11.357222870049881,0.04654599536905689,19.89778915136369,0.08154831619411348,4.9376899549932,0.02023643424177541,2.9289218327540136,10.0,244.0,0.9805161822553398,244.0,19.0,30.0,71.0,158.0,0.0778688524590164,0.12295081967213115,0.29098360655737704,0.6475409836065574,40.98360655737705,50,53.17
features.24,conv,7,466,1,False,466,0,4.0,4.0,160000,115.8597371843779,41.365330816491564,0.08876680432723512,83.29113207393597,0.17873633492260937,10.182042154103101,0.021849875867174035,2.2738398309341457,10,466,0.9627350839185322,466,85,127,258,414,0.18240343347639484,0.27253218884120173,0.5536480686695279,0.8884120171673819,343.3476394849785,466.0,10000.0,25.513172568393827,15.462690500398372,0.03318173927124114,28.742743080874142,0.06167970618213335,6.8269982812808685,0.014650210904036199,2.7967994314440796,10.0,466.0,0.9720413218916205,466.0,28.0,46.0,122.0,283.0,0.060085836909871244,0.09871244635193133,0.26180257510729615,0.6072961373390557,21.459227467811157,50,53.17
features.27,conv,8,481,1,False,481,0,4.0,4.0,160000,55.29598591623474,40.2389226446591,0.0836568038350501,76.73673192831318,0.15953582521478832,10.967120958480967,0.022800667273349205,2.25526677675996,10,481,0.9792825496393114,481,75,114,256,430,0.15592515592515593,0.23700623700623702,0.5322245322245323,0.893970893970894,332.64033264033264,481.0,10000.0,14.62195247637568,17.496862625904246,0.0363760137752687,29.907548960417067,0.06217785646656355,7.0135417662691255,0.014581167913241426,2.70736936515756,10.0,481.0,0.9888612727051979,481.0,28.0,40.0,107.0,292.0,0.058212058212058215,0.08316008316008316,0.22245322245322247,0.6070686070686071,20.79002079002079,50,53.17
features.30,conv,9,489,1,False,489,0,4.0,4.0,160000,48.19896189988933,38.44396652434337,0.07861751845468991,80.63129925983489,0.16489018253544968,9.325126932042679,0.019069789227081142,2.1663256475444066,10,489,0.9781440074201567,489,83,127,280,445,0.16973415132924335,0.25971370143149286,0.5725971370143149,0.9100204498977505,327.19836400817996,489.0,10000.0,12.128775681395746,19.28521821903465,0.03943807406755552,32.128629635468414,0.06570271909093746,7.958473760707298,0.016274997465659094,2.6939704610945503,10.0,489.0,0.9895577805483927,489.0,29.0,42.0,113.0,303.0,0.05930470347648262,0.08588957055214724,0.2310838445807771,0.6196319018404908,20.449897750511248,50,53.17
features.34,conv,10,472,1,False,472,0,2.0,2.0,40000,47.554476482418416,43.97158918132592,0.09316014657060576,75.07702102945854,0.15906148523190367,15.088219381885034,0.031966566487044566,2.5483768322860314,10,472,0.9689602294793132,472,71,102,205,389,0.1504237288135593,0.21610169491525424,0.4343220338983051,0.8241525423728814,84.7457627118644,472.0,10000.0,20.049508185240633,19.916167543102333,0.04219527021843714,33.104178588575685,0.07013597158596543,8.353395757813866,0.017697872368249715,2.710374907402671,10.0,472.0,0.9928710792856632,472.0,30.0,42.0,106.0,294.0,0.0635593220338983,0.08898305084745763,0.2245762711864407,0.6228813559322034,21.1864406779661,50,53.17
features.37,conv,11,484,1,False,484,0,2.0,2.0,40000,21.630700661128436,45.0347500648219,0.09304700426616094,82.32711706318885,0.1700973493041092,12.1812542084745,0.025167880596021697,2.5692972182153486,10,484,0.9555965738942415,484,80,113,216,397,0.1652892561983471,0.2334710743801653,0.4462809917355372,0.8202479338842975,82.64462809917356,484.0,10000.0,9.695251839531924,16.454294947793567,0.03399647716486274,30.60232630566081,0.06322794691252233,5.656462335487498,0.011686905651833673,2.851162762579422,10.0,484.0,0.9907666422544382,484.0,30.0,41.0,88.0,267.0,0.06198347107438017,0.08471074380165289,0.18181818181818182,0.5516528925619835,20.66115702479339,50,53.17
features.40,conv,12,490,1,False,490,0,2.0,2.0,40000,14.122389162175082,56.8000457388004,0.11591846069142939,101.59534399457138,0.20733743672361507,16.150967453518195,0.03296115806840448,2.4706892786418826,10,490,0.9318182776112401,490,101,139,250,415,0.20612244897959184,0.2836734693877551,0.5102040816326531,0.8469387755102041,81.63265306122449,490.0,10000.0,4.993005923128189,23.484861866485783,0.04792828952344037,37.596843478663956,0.07672825199727339,9.439378615630517,0.019264037991082686,2.8954057256218646,10.0,490.0,0.9900507313053712,490.0,34.0,46.0,94.0,276.0,0.06938775510204082,0.09387755102040816,0.19183673469387755,0.563265306122449,20.408163265306122,50,53.17
classifier,linear,13,100,1,False,100,0,,,10000,495.5096528019211,11.248415285205189,0.11248415285205189,20.54048105821119,0.20540481058211188,4.839313499540471,0.04839313499540471,3.6313825857907545,10,100,0.746712426187699,100,23,32,51,78,0.23,0.32,0.51,0.78,100.0,,,,,,,,,,,,,,,,,,,,,,,,50,53.17
features.0,conv,0,15,1,False,15,0,32.0,32.0,160000,29.321539629988404,4.782708493443545,0.31884723289623634,6.344656752555539,0.4229771168370359,2.8377160829997488,0.18918107219998326,,10,15,,15,6,8,10,12,0.4,0.5333333333333333,0.6666666666666666,0.8,10666.666666666666,15.0,10000.0,5.608545506527986,2.480894905901066,0.1653929937267377,2.800273923898282,0.18668492825988547,1.8254159626345436,0.12169439750896957,,10.0,15.0,,15.0,3.0,3.0,3.0,6.0,0.2,0.2,0.2,0.4,666.6666666666666,60,60.87
features.3,conv,1,48,1,False,48,0,32.0,32.0,160000,65.45276372760358,11.220107453067962,0.23375223860558256,15.36725026154843,0.3201510471155923,5.554403439651671,0.11571673832607648,4.894390058120371,10,48,0.9463565613929513,48,14,17,25,37,0.2916666666666667,0.3541666666666667,0.5208333333333334,0.7708333333333334,3333.3333333333335,48.0,10000.0,3.415549160403238,3.9647659594783153,0.08259929082246491,4.780394535455341,0.09959155282198627,3.0213793655570695,0.06294540344910561,7.246825161672061,10.0,48.0,0.9718881970350568,48.0,4.0,5.0,9.0,16.0,0.08333333333333333,0.10416666666666667,0.1875,0.3333333333333333,208.33333333333334,60,60.87
features.7,conv,2,101,1,False,101,0,16.0,16.0,160000,119.09008844430826,16.0449665965841,0.15886105541172377,24.985959132580177,0.24738573398594235,6.612867186467269,0.06547393253927988,3.2961716402927963,10,101,0.9527210143594735,101,23,32,53,83,0.22772277227722773,0.31683168316831684,0.5247524752475248,0.8217821782178217,1584.1584158415842,101.0,10000.0,14.054330673716038,5.861013735300655,0.05802983896337282,8.038783938785597,0.079591920185996,3.1578298294555633,0.03126564187579765,4.672906885253771,10.0,101.0,0.9623667250069405,101.0,7.0,9.0,14.0,32.0,0.06930693069306931,0.0891089108910891,0.13861386138613863,0.31683168316831684,99.00990099009901,60,60.87
features.10,conv,3,116,1,False,116,0,16.0,16.0,160000,67.17070298075474,22.16329264018818,0.19106286758782912,32.66948478698897,0.2816334895430083,9.82589858679138,0.08470602229992569,2.754059934979815,10,116,0.9745305083220972,116,29,40,71,105,0.25,0.3448275862068966,0.6120689655172413,0.9051724137931034,1379.3103448275863,116.0,10000.0,5.192699755724856,5.844100010134432,0.0503801725011589,8.81819178886515,0.07601889473159612,3.133889751113559,0.027016290957875506,3.7019410678919917,10.0,116.0,0.9812846188230728,116.0,8.0,11.0,23.0,54.0,0.06896551724137931,0.09482758620689655,0.19827586206896552,0.46551724137931033,86.20689655172414,60,60.87
features.14,conv,4,226,1,False,226,0,8.0,8.0,160000,138.18897040827125,28.888337680485787,0.12782450301099907,50.09313440036158,0.2216510371697415,9.508102910305379,0.042071251815510524,2.5455234550416095,10,226,0.9535133015099139,226,50,70,127,198,0.22123893805309736,0.30973451327433627,0.5619469026548672,0.8761061946902655,707.9646017699115,226.0,10000.0,18.655441040147778,9.649405453178305,0.042696484306098695,14.949917476741318,0.06615007733071379,4.676793174283823,0.020693775107450543,3.470736630950248,10.0,226.0,0.9648508364574744,226.0,13.0,18.0,44.0,107.0,0.05752212389380531,0.07964601769911504,0.19469026548672566,0.47345132743362833,44.24778761061947,60,60.87
features.17,conv,5,238,1,False,238,0,8.0,8.0,160000,73.6072821383838,27.002752129938298,0.11345694172242982,50.837082892757564,0.21360118862503177,8.283780916975164,0.03480580217216456,2.296507636763527,10,238,0.9695662104901444,238,53,77,147,218,0.22268907563025211,0.3235294117647059,0.6176470588235294,0.9159663865546218,672.2689075630252,238.0,10000.0,9.313329810169686,8.823408432982259,0.037073144676396046,16.209306851317823,0.06810633130805809,3.775468593441501,0.01586331341782143,2.9898871304677748,10.0,238.0,0.97937572902371,238.0,16.0,24.0,60.0,142.0,0.06722689075630252,0.10084033613445378,0.25210084033613445,0.5966386554621849,42.016806722689076,60,60.87
features.20,conv,6,244,1,False,244,0,8.0,8.0,160000,74.52267452292928,36.243827952653874,0.1485402784944831,61.004401899018944,0.25001804056974974,13.063082901174356,0.053537225004812936,2.175849452861435,10,244,0.9726900509996086,244,60,88,164,230,0.2459016393442623,0.36065573770491804,0.6721311475409836,0.9426229508196722,655.7377049180328,244.0,10000.0,7.6541226306245305,12.784694854381685,0.052396290386810186,21.89533519075671,0.08973498028998653,5.459946023294676,0.022376827964322443,2.9208694017506005,10.0,244.0,0.9801901438374464,244.0,21.0,33.0,75.0,162.0,0.0860655737704918,0.13524590163934427,0.3073770491803279,0.6639344262295082,40.98360655737705,60,60.87
features.24,conv,7,466,1,False,466,0,4.0,4.0,160000,114.56681475385935,45.84180025429773,0.09837296191909384,88.88870077047106,0.19074828491517395,11.239396859637994,0.02411887738119741,2.2555181530397523,10,466,0.9605980471031271,466,89,132,265,417,0.19098712446351931,0.2832618025751073,0.5686695278969958,0.8948497854077253,343.3476394849785,466.0,10000.0,25.16551939195988,17.669134444237862,0.037916597519823736,31.35781345391402,0.067291445180073,7.516860187594453,0.0161306012609323,2.7900998550864906,10.0,466.0,0.9722576570321375,466.0,30.0,48.0,125.0,289.0,0.06437768240343347,0.10300429184549356,0.26824034334763946,0.6201716738197425,21.459227467811157,60,60.87
features.27,conv,8,481,1,False,481,0,4.0,4.0,160000,51.81671699724413,45.955606900448664,0.09554180228783506,84.77421173447384,0.17624576244173354,12.297531050465052,0.025566592620509462,2.1976187264995413,10,481,0.9779180129256294,481,82,124,274,437,0.1704781704781705,0.2577962577962578,0.5696465696465697,0.9085239085239085,332.64033264033264,481.0,10000.0,13.610102967344323,18.98410899599681,0.03946800207067944,32.67455366326222,0.06793046499638716,7.679393488423122,0.015965475027906698,2.668320916419186,10.0,481.0,0.9878212403364572,481.0,30.0,45.0,121.0,309.0,0.062370062370062374,0.09355509355509356,0.2515592515592516,0.6424116424116424,20.79002079002079,60,60.87
features.30,conv,9,489,1,False,489,0,4.0,4.0,160000,47.99180038619141,46.04648687679991,0.09416459484008162,90.18205230439013,0.18442137485560353,11.246712939576154,0.022999412964368415,2.1152910175093416,10,489,0.9763441278919879,489,90,139,298,451,0.18404907975460122,0.2842535787321063,0.6094069529652352,0.9222903885480572,327.19836400817996,489.0,10000.0,12.093710513076966,21.121537864311573,0.04319332896587234,35.38171065963191,0.07235523652276465,8.985506259199134,0.01837526842372011,2.6671654329603927,10.0,489.0,0.9894261713746922,489.0,32.0,47.0,125.0,318.0,0.065439672801636,0.09611451942740286,0.2556237218813906,0.6503067484662577,20.449897750511248,60,60.87
features.34,conv,10,472,1,False,472,0,2.0,2.0,40000,47.09109271249732,51.60376640838922,0.1093300135770958,84.33392361079237,0.17867356697201772,19.008452455718288,0.04027214503330146,2.46451328109247,10,472,0.9676660554215938,472,77,111,225,404,0.163135593220339,0.23516949152542374,0.4766949152542373,0.8559322033898306,84.7457627118644,472.0,10000.0,19.66288044460188,22.349801860399474,0.047351275127964984,37.06325976327385,0.07852385543066494,8.817923709212675,0.018682041756806513,2.6538810917420217,10.0,472.0,0.9922167927523935,472.0,33.0,47.0,121.0,317.0,0.06991525423728813,0.09957627118644068,0.2563559322033898,0.6716101694915254,21.1864406779661,60,60.87
features.37,conv,11,484,1,False,484,0,2.0,2.0,40000,18.92003635976522,47.72393189311061,0.09860316506841035,91.92672724088538,0.1899312546299285,10.83650348363404,0.022389470007508346,2.4236490017890406,10,484,0.9535618654358934,484,89,126,246,418,0.18388429752066116,0.2603305785123967,0.5082644628099173,0.8636363636363636,82.64462809917356,484.0,10000.0,8.433046300775665,15.685551516355416,0.03240816428999053,32.73235061268166,0.06762882357992078,5.009777417482588,0.010350779788187164,2.7458431427184498,10.0,484.0,0.9897525943979438,484.0,33.0,46.0,107.0,300.0,0.06818181818181818,0.09504132231404959,0.22107438016528927,0.6198347107438017,20.66115702479339,60,60.87
features.40,conv,12,490,1,False,490,0,2.0,2.0,40000,11.230171717452958,70.11217656113976,0.14308607461457093,117.85648379871022,0.2405234363238984,21.20333725564129,0.043272116848247534,2.3420120580497197,10,490,0.9269476493348312,490,113,156,277,431,0.23061224489795917,0.3183673469387755,0.5653061224489796,0.8795918367346939,81.63265306122449,490.0,10000.0,3.9179402073365606,25.8227628612351,0.05269951604333693,41.89704942868035,0.0855041825075109,9.49550148502342,0.019378574459231468,2.8089784063572116,10.0,490.0,0.9898366551462977,490.0,38.0,51.0,112.0,306.0,0.07755102040816327,0.10408163265306122,0.22857142857142856,0.6244897959183674,20.408163265306122,60,60.87
classifier,linear,13,100,1,False,100,0,,,10000,537.212454335005,11.947058037685625,0.11947058037685626,21.472310837080112,0.2147231083708011,5.114480869707206,0.05114480869707206,3.544069185751392,10,100,0.7057953379054543,100,24,34,54,79,0.24,0.34,0.54,0.79,100.0,,,,,,,,,,,,,,,,,,,,,,,,60,60.87
features.0,conv,0,15,1,False,15,0,32.0,32.0,160000,28.768179067936096,4.489761856063371,0.2993174570708914,6.064087673170021,0.40427251154466803,2.6283701038695217,0.17522467359130145,,10,15,,15,6,7,10,12,0.4,0.4666666666666667,0.6666666666666666,0.8,10666.666666666666,15.0,10000.0,5.979052662766854,2.340931642542534,0.1560621095028356,2.696388246905162,0.17975921646034412,1.7204846708028854,0.11469897805352569,,10.0,15.0,,15.0,3.0,3.0,3.0,6.0,0.2,0.2,0.2,0.4,666.6666666666666,70,58.7
features.3,conv,1,48,1,False,48,0,32.0,32.0,160000,56.31272360790883,11.57234846488305,0.24109059301839686,15.736011241950402,0.32783356754063336,5.757246916769299,0.1199426440993604,4.894010099721581,10,48,0.9569272709156407,48,14,17,25,37,0.2916666666666667,0.3541666666666667,0.5208333333333334,0.7708333333333334,3333.3333333333335,48.0,10000.0,3.23840799308952,3.711895510053603,0.07733115645945006,4.5022396351631615,0.0937966590658992,2.7053251674815164,0.056360940989198256,6.93863296661337,10.0,48.0,0.969283286382741,48.0,4.0,4.0,8.0,16.0,0.08333333333333333,0.08333333333333333,0.16666666666666666,0.3333333333333333,208.33333333333334,70,58.7
features.7,conv,2,101,1,False,101,0,16.0,16.0,160000,99.72617150908218,14.961024754373893,0.14812895796409795,24.34309252145787,0.24102071803423633,5.791518705299023,0.057341769359396264,3.2822109837013738,10,101,0.9527442577348516,101,23,32,53,83,0.22772277227722773,0.31683168316831684,0.5247524752475248,0.8217821782178217,1584.1584158415842,101.0,10000.0,12.440502485741712,5.319980668237346,0.052673075923142035,7.653236711858311,0.07577462090948822,2.8424660917286357,0.02814322863097659,4.656609818818033,10.0,101.0,0.9633366546290143,101.0,7.0,9.0,13.0,31.0,0.06930693069306931,0.0891089108910891,0.12871287128712872,0.3069306930693069,99.00990099009901,70,58.7
features.10,conv,3,116,1,False,116,0,16.0,16.0,160000,51.84717720618765,22.384901352023196,0.19297328751744133,33.57676139897717,0.2894548396463549,9.139808463623682,0.07879145227261795,2.7114403952538604,10,116,0.9723013309881389,116,30,42,73,106,0.25862068965517243,0.3620689655172414,0.6293103448275862,0.9137931034482759,1379.3103448275863,116.0,10000.0,4.5694667960702136,5.217947076544704,0.044982302384006065,8.35610237767534,0.07203536532478741,2.726459006495548,0.023503956952547825,3.734825153989834,10.0,116.0,0.9812818856703734,116.0,8.0,11.0,23.0,53.0,0.06896551724137931,0.09482758620689655,0.19827586206896552,0.45689655172413796,86.20689655172414,70,58.7
features.14,conv,4,226,1,False,226,0,8.0,8.0,160000,123.04830543817208,27.653367431005577,0.12236003288055565,48.9569852961555,0.2166238287440509,8.838053904497967,0.03910643320574322,2.5291969685260347,10,226,0.9549505719483649,226,49,70,127,199,0.2168141592920354,0.30973451327433627,0.5619469026548672,0.8805309734513275,707.9646017699115,226.0,10000.0,16.629491451167862,9.175613169880789,0.0406000582738088,14.6401700340201,0.0647795134248677,4.294476153531337,0.019002106874032466,3.4687255197965325,10.0,226.0,0.9662705761207797,226.0,13.0,18.0,44.0,106.0,0.05752212389380531,0.07964601769911504,0.19469026548672566,0.4690265486725664,44.24778761061947,70,58.7
features.17,conv,5,238,1,False,238,0,8.0,8.0,160000,69.02951191375436,26.053450816618682,0.1094682807420953,49.628203940068914,0.2085218652944072,8.245907595694844,0.0346466705701464,2.29740074815061,10,238,0.9696712184219716,238,52,77,146,218,0.2184873949579832,0.3235294117647059,0.6134453781512605,0.9159663865546218,672.2689075630252,238.0,10000.0,8.43372402359718,9.093907855655978,0.038209696872504105,16.371476170779644,0.06878771500327581,3.9325723108125157,0.016523413070640824,2.998924296979965,10.0,238.0,0.9794273861166404,238.0,15.0,24.0,60.0,141.0,0.06302521008403361,0.10084033613445378,0.25210084033613445,0.592436974789916,42.016806722689076,70,58.7
features.20,conv,6,244,1,False,244,0,8.0,8.0,160000,65.00441578646664,33.758937038807225,0.13835629933937388,59.63050969978852,0.24438733483519884,10.92222962948136,0.04476323618639901,2.1293739777444807,10,244,0.9739170602963098,244,60,89,167,230,0.2459016393442623,0.36475409836065575,0.6844262295081968,0.9426229508196722,655.7377049180328,244.0,10000.0,6.798638256823755,12.22758957830725,0.05011307204224282,21.066137773608638,0.08633663021970753,5.783233412921483,0.023701776282465094,2.899147335019301,10.0,244.0,0.9775066156984832,244.0,21.0,33.0,76.0,163.0,0.0860655737704918,0.13524590163934427,0.3114754098360656,0.6680327868852459,40.98360655737705,70,58.7
features.24,conv,7,466,1,False,466,0,4.0,4.0,160000,95.68332991687124,43.63943297468069,0.09364685187699719,89.8528465083261,0.19281726718524914,10.092874327437071,0.021658528599650367,2.2160487471368953,10,466,0.9599167950524865,466,92,137,272,421,0.19742489270386265,0.2939914163090129,0.5836909871244635,0.9034334763948498,343.3476394849785,466.0,10000.0,20.856825837500423,17.890300373013723,0.03839120251719683,32.50824731456955,0.06976018737032093,7.008671320041673,0.015040067210389856,2.769706155327851,10.0,466.0,0.9724024533197756,466.0,31.0,51.0,131.0,296.0,0.06652360515021459,0.10944206008583691,0.2811158798283262,0.6351931330472103,21.459227467811157,70,58.7
features.27,conv,8,481,1,False,481,0,4.0,4.0,160000,43.66153722899405,41.469117045552416,0.08621438055208402,84.20623596196909,0.17506493962987335,9.937583631687533,0.020660257030535412,2.153475978767229,10,481,0.9770107122157928,481,84,129,283,441,0.17463617463617465,0.2681912681912682,0.5883575883575883,0.9168399168399168,332.64033264033264,481.0,10000.0,11.417949261532724,20.067671452627156,0.04172073067074253,34.19821528620558,0.07109816067818209,8.285021863655286,0.01722457767911702,2.6426238769224146,10.0,481.0,0.9880436283494228,481.0,32.0,47.0,128.0,318.0,0.06652806652806653,0.09771309771309772,0.2661122661122661,0.6611226611226612,20.79002079002079,70,58.7
features.30,conv,9,489,1,False,489,0,4.0,4.0,160000,37.91803145930215,45.14532124342742,0.0923217203342074,93.26246341525251,0.190720784080271,10.391325701562566,0.021250154808921402,2.0368715266364465,10,489,0.9772214413902234,489,96,149,315,457,0.19631901840490798,0.3047034764826176,0.6441717791411042,0.934560327198364,327.19836400817996,489.0,10000.0,9.375097462386856,22.801797423644842,0.046629442584140784,38.21816354168618,0.07815575366397992,10.202524110181582,0.02086405748503391,2.602256496310345,10.0,489.0,0.9878541774698565,489.0,34.0,52.0,141.0,337.0,0.06952965235173825,0.10633946830265849,0.2883435582822086,0.689161554192229,20.449897750511248,70,58.7
features.34,conv,10,472,1,False,472,0,2.0,2.0,40000,37.87439372529441,52.12007021043443,0.11042387756447972,88.33274227990664,0.18714564042353102,17.47206907272367,0.03701709549305862,2.35918936323219,10,472,0.966997234188377,472,83,120,246,416,0.17584745762711865,0.2542372881355932,0.5211864406779662,0.8813559322033898,84.7457627118644,472.0,10000.0,15.73435665440866,22.83894579540098,0.04838759702415462,39.11897563215489,0.08287918566134511,8.25549525711619,0.017490456053212266,2.5790720763743256,10.0,472.0,0.9912044756538644,472.0,35.0,52.0,138.0,336.0,0.07415254237288135,0.11016949152542373,0.2923728813559322,0.711864406779661,21.1864406779661,70,58.7
features.37,conv,11,484,1,False,484,0,2.0,2.0,40000,14.705627366858515,43.275060972348726,0.0894112830007205,93.73161700461925,0.19366036571202325,9.336767164407966,0.01929084124877679,2.2652298015957286,10,484,0.9547477104978246,484,96,139,273,434,0.19834710743801653,0.2871900826446281,0.5640495867768595,0.8966942148760331,82.64462809917356,484.0,10000.0,6.516224240257483,13.432507912164109,0.027753115521000224,32.38084532599329,0.06690257298758945,4.301251234032383,0.00888688271494294,2.6151718570571716,10.0,484.0,0.9892086503705001,484.0,35.0,51.0,130.0,331.0,0.07231404958677685,0.10537190082644628,0.26859504132231404,0.6838842975206612,20.66115702479339,70,58.7
features.40,conv,12,490,1,False,490,0,2.0,2.0,40000,7.235620520293986,74.50242568606832,0.15204576670626188,128.68274403916638,0.2626178449778906,20.270889115181117,0.0413691614595533,2.1862246457625307,10,490,0.9245425088084052,490,124,173,304,446,0.2530612244897959,0.35306122448979593,0.6204081632653061,0.9102040816326531,81.63265306122449,490.0,10000.0,2.4014171574120184,29.704640857891196,0.060621716036512646,47.637048224493675,0.0972184657642728,11.186698742146405,0.022829997432951846,2.6764657465346797,10.0,490.0,0.9879954842099226,490.0,42.0,57.0,139.0,343.0,0.08571428571428572,0.11632653061224489,0.2836734693877551,0.7,20.408163265306122,70,58.7
classifier,linear,13,100,1,False,100,0,,,10000,528.0166990621776,14.324845853051157,0.14324845853051157,25.09796772957941,0.25097967729579407,6.033219138649635,0.06033219138649635,3.4192490052121074,10,100,0.6906478538209578,100,27,37,57,82,0.27,0.37,0.57,0.82,100.0,,,,,,,,,,,,,,,,,,,,,,,,70,58.7
features.0,conv,0,15,1,False,15,0,32.0,32.0,160000,23.402670089524893,4.662197583225147,0.3108131722150098,6.254818341039714,0.4169878894026476,2.699434629755061,0.1799623086503374,,10,15,,15,6,8,10,12,0.4,0.5333333333333333,0.6666666666666666,0.8,10666.666666666666,15.0,10000.0,4.958307141335095,2.4226209198417874,0.16150806132278583,2.745856259941214,0.18305708399608095,1.7909254864934592,0.11939503243289727,,10.0,15.0,,15.0,3.0,3.0,3.0,6.0,0.2,0.2,0.2,0.4,666.6666666666666,80,64.2
features.3,conv,1,48,1,False,48,0,32.0,32.0,160000,35.988191645578645,11.509874259206223,0.2397890470667963,15.58283824809817,0.32464246350204523,5.7289743282654655,0.11935363183886387,4.925038021364858,10,48,0.953411254127379,48,14,17,25,37,0.2916666666666667,0.3541666666666667,0.5208333333333334,0.7708333333333334,3333.3333333333335,48.0,10000.0,2.1470812951166365,3.6673841690234354,0.0764038368546549,4.412596229901966,0.09192908812295762,2.725600979372254,0.056783353736921956,7.007636286831614,10.0,48.0,0.9698891884902503,48.0,4.0,4.0,8.0,15.0,0.08333333333333333,0.08333333333333333,0.16666666666666666,0.3125,208.33333333333334,80,64.2
features.7,conv,2,101,1,False,101,0,16.0,16.0,160000,65.66287017444158,15.194403044822264,0.15043963410715114,24.584275404604906,0.2434086673723258,6.009120874134077,0.05949624627855522,3.2603449233311252,10,101,0.9499317624873475,101,24,32,54,83,0.2376237623762376,0.31683168316831684,0.5346534653465347,0.8217821782178217,1584.1584158415842,101.0,10000.0,8.150509982005044,5.33158517522284,0.05278797203190931,7.816762890705767,0.0773936919871858,2.779052491736118,0.0275153712053081,4.685587442724977,10.0,101.0,0.9654931130290081,101.0,7.0,9.0,13.0,32.0,0.06930693069306931,0.0891089108910891,0.12871287128712872,0.31683168316831684,99.00990099009901,80,64.2
features.10,conv,3,116,1,False,116,0,16.0,16.0,160000,34.51151548971697,22.061217068853097,0.19018290576597496,33.0502416957404,0.2849158766874172,9.205820556419049,0.07936052203809525,2.7285030395017422,10,116,0.9722742887074429,116,30,41,72,106,0.25862068965517243,0.35344827586206895,0.6206896551724138,0.9137931034482759,1379.3103448275863,116.0,10000.0,2.965387843240735,5.214395653982408,0.04495168667226214,8.400007448663937,0.07241385731606842,2.73130250835916,0.023545711278958277,3.7477743830519423,10.0,116.0,0.9792175400420162,116.0,8.0,11.0,23.0,54.0,0.06896551724137931,0.09482758620689655,0.19827586206896552,0.46551724137931033,86.20689655172414,80,64.2
features.14,conv,4,226,1,False,226,0,8.0,8.0,160000,76.17760447287756,29.580233073856512,0.13088598705246243,51.24439600402546,0.22674511506205955,9.996232024625382,0.044231115153209655,2.5098611362704872,10,226,0.9521077125607631,226,51,72,130,200,0.22566371681415928,0.3185840707964602,0.5752212389380531,0.8849557522123894,707.9646017699115,226.0,10000.0,10.078140708686131,10.35399716401067,0.04581414674341004,16.00328297460529,0.07081098661329775,5.0318468959478535,0.022264809274105547,3.4771300816692987,10.0,226.0,0.9665535001532136,226.0,14.0,19.0,46.0,109.0,0.061946902654867256,0.084070796460177,0.20353982300884957,0.4823008849557522,44.24778761061947,80,64.2
features.17,conv,5,238,1,False,238,0,8.0,8.0,160000,42.965406361111974,27.088961092575694,0.11381916425451973,51.2730337740217,0.2154329150168979,8.385513517772125,0.035233250074672796,2.267548128863981,10,238,0.9701080758305061,238,53,79,149,219,0.22268907563025211,0.3319327731092437,0.6260504201680672,0.9201680672268907,672.2689075630252,238.0,10000.0,5.305809867216141,9.213552605096602,0.03871240590376723,17.052645365694527,0.07164977044409465,3.8622974252652167,0.016228140442290827,2.987183496961361,10.0,238.0,0.980108462993329,238.0,16.0,25.0,63.0,145.0,0.06722689075630252,0.10504201680672269,0.2647058823529412,0.6092436974789915,42.016806722689076,80,64.2
features.20,conv,6,244,1,False,244,0,8.0,8.0,160000,40.44881015117436,35.49231715341635,0.14546031620252603,61.230466575067055,0.25094453514371745,12.253012580156662,0.0502172646727732,2.1251449060777787,10,244,0.9737584657637848,244,61,90,168,231,0.25,0.36885245901639346,0.6885245901639344,0.9467213114754098,655.7377049180328,244.0,10000.0,4.2635165576624585,12.191701051007021,0.0499659879139632,21.93916286832539,0.08991460191936636,4.913878727906491,0.020138847245518406,2.902221287290038,10.0,244.0,0.9788135135048287,244.0,21.0,34.0,78.0,165.0,0.0860655737704918,0.13934426229508196,0.319672131147541,0.6762295081967213,40.98360655737705,80,64.2
features.24,conv,7,466,1,False,466,0,4.0,4.0,160000,67.32406297946268,47.705139505848244,0.10237154400396618,95.36594114320731,0.20464794236739767,10.986048295540183,0.023575210934635587,2.206882028438988,10,466,0.9562137517322493,466,96,142,278,422,0.20600858369098712,0.30472103004291845,0.5965665236051502,0.9055793991416309,343.3476394849785,466.0,10000.0,14.89462942096789,18.8422678798636,0.04043405124434249,34.34901603017584,0.07371033482870352,7.071273238528887,0.015174406091263706,2.780859497626072,10.0,466.0,0.9716546709768061,466.0,33.0,52.0,135.0,298.0,0.07081545064377683,0.11158798283261803,0.28969957081545067,0.6394849785407726,21.459227467811157,80,64.2
features.27,conv,8,481,1,False,481,0,4.0,4.0,160000,28.62442778686598,48.29304577094098,0.10040134255912886,92.70701540021379,0.19273807775512222,12.08855581571533,0.025132132673004844,2.087312777021578,10,481,0.9760713972150384,481,91,141,301,447,0.1891891891891892,0.29313929313929316,0.6257796257796258,0.9293139293139293,332.64033264033264,481.0,10000.0,7.54949593147601,20.57003700736221,0.04276514970345574,36.327688525146215,0.07552533996911895,7.954476034162915,0.01653737221239691,2.5952353846724368,10.0,481.0,0.9866944788659067,481.0,34.0,51.0,141.0,333.0,0.07068607068607069,0.10602910602910603,0.29313929313929316,0.6923076923076923,20.79002079002079,80,64.2
features.30,conv,9,489,1,False,489,0,4.0,4.0,160000,24.64464650370116,44.712543131383164,0.09143669352021097,98.14500726999515,0.20070553633945837,9.809885091256865,0.020061114706046757,1.9595532624839098,10,489,0.9766518226366157,489,104,163,333,462,0.21267893660531698,0.3333333333333333,0.6809815950920245,0.9447852760736196,327.19836400817996,489.0,10000.0,6.085841434803616,23.7665510976757,0.04860235398297689,41.00486729425718,0.08385453434408421,9.518694423997326,0.01946563276891069,2.5494931897063466,10.0,489.0,0.9865205951236474,489.0,37.0,58.0,158.0,354.0,0.07566462167689161,0.11860940695296524,0.3231083844580777,0.7239263803680982,20.449897750511248,80,64.2
features.34,conv,10,472,1,False,472,0,2.0,2.0,40000,22.977247506884122,60.59722111424387,0.12838394303865228,100.56962365541189,0.21307123655807603,20.258663542444364,0.042920897335687214,2.226107184098983,10,472,0.9650360475349472,472,94,138,277,430,0.19915254237288135,0.2923728813559322,0.586864406779661,0.9110169491525424,84.7457627118644,472.0,10000.0,9.558304956381408,25.29649885518332,0.05359427723555788,43.86606942296197,0.09293658776051265,9.289842535730049,0.019681869779089086,2.4775387348876943,10.0,472.0,0.9898835005660841,472.0,39.0,61.0,166.0,362.0,0.0826271186440678,0.1292372881355932,0.3516949152542373,0.7669491525423728,21.1864406779661,80,64.2
features.37,conv,11,484,1,False,484,0,2.0,2.0,40000,9.020013423398897,39.96959921517068,0.08258181656027,103.00622291406738,0.2128227746158417,8.017044914208796,0.016564142384728916,2.0623478292464346,10,484,0.952952729012179,484,112,164,315,451,0.23140495867768596,0.33884297520661155,0.6508264462809917,0.9318181818181818,82.64462809917356,484.0,10000.0,4.072939520414561,11.30483892104886,0.023357105208778636,33.09439945659945,0.06837685838140381,3.7320872064576425,0.0077109239802843855,2.461841048763369,10.0,484.0,0.9869294723517225,484.0,40.0,60.0,166.0,367.0,0.08264462809917356,0.12396694214876033,0.34297520661157027,0.7582644628099173,20.66115702479339,80,64.2
features.40,conv,12,490,1,False,490,0,2.0,2.0,40000,3.4903311391492418,93.14348318298853,0.1900887411897725,154.7323018648775,0.3157802078875051,25.125335496256845,0.05127619489032009,1.9719657936062065,10,490,0.9187922677610438,490,148,205,344,461,0.3020408163265306,0.41836734693877553,0.7020408163265306,0.9408163265306122,81.63265306122449,490.0,10000.0,1.1102679073368185,37.334329788074044,0.07619250977157968,58.75405174938708,0.11990622805997364,13.49462059691416,0.027540042034518694,2.5202320438229604,10.0,490.0,0.9860360712896448,490.0,50.0,69.0,183.0,385.0,0.10204081632653061,0.14081632653061224,0.373469387755102,0.7857142857142857,20.408163265306122,80,64.2
classifier,linear,13,100,1,False,100,0,,,10000,617.7527083279,17.013793502966394,0.17013793502966393,29.31193139676325,0.29311931396763247,7.078640014483574,0.07078640014483574,3.2787443749751986,10,100,0.6496421796788684,100,31,41,62,85,0.31,0.41,0.62,0.85,100.0,,,,,,,,,,,,,,,,,,,,,,,,80,64.2
features.0,conv,0,15,1,False,15,0,32.0,32.0,160000,15.416489834323558,4.771449919578253,0.31809666130521685,6.362523214765393,0.4241682143176929,2.7644040231332565,0.1842936015422171,,10,15,,15,6,8,10,12,0.4,0.5333333333333333,0.6666666666666666,0.8,10666.666666666666,15.0,10000.0,3.1109055181457728,2.484614609372011,0.16564097395813407,2.7963268172149247,0.1864217878143283,1.8347248298299923,0.12231498865533282,,10.0,15.0,,15.0,3.0,3.0,3.0,6.0,0.2,0.2,0.2,0.4,666.6666666666666,90,71.27
features.3,conv,1,48,1,False,48,0,32.0,32.0,160000,16.230331903919133,11.617497334206828,0.24203119446264224,15.819354383865866,0.3295698829972055,5.792140300108844,0.12066958958560092,4.88885201058935,10,48,0.9509097434175733,48,14,17,26,37,0.2916666666666667,0.3541666666666667,0.5416666666666666,0.7708333333333334,3333.3333333333335,48.0,10000.0,0.8148080912464274,3.6855169270636563,0.07678160264715951,4.537280991039361,0.09452668731332002,2.684378939567305,0.05592456124098552,6.977422265287548,10.0,48.0,0.9735179931288244,48.0,4.0,5.0,8.0,15.0,0.08333333333333333,0.10416666666666667,0.16666666666666666,0.3125,208.33333333333334,90,71.27
features.7,conv,2,101,1,False,101,0,16.0,16.0,160000,30.290238989019414,15.984668635256906,0.15826404589363274,25.21095965801192,0.24961346196051407,6.504590741171837,0.06440188852645383,3.2822068602785133,10,101,0.9499655572161421,101,24,33,54,83,0.2376237623762376,0.32673267326732675,0.5346534653465347,0.8217821782178217,1584.1584158415842,101.0,10000.0,3.7400326319258985,5.745359650836996,0.05688474901818808,8.140024433598231,0.08059430132275476,3.0411226726782754,0.030110125472062134,4.705197072374831,10.0,101.0,0.9652973866809242,101.0,7.0,9.0,14.0,32.0,0.06930693069306931,0.0891089108910891,0.13861386138613863,0.31683168316831684,99.00990099009901,90,71.27
features.10,conv,3,116,1,False,116,0,16.0,16.0,160000,15.902535608945124,23.651780979192676,0.20389466361372996,34.32685444441781,0.29592115900360183,10.76045048895553,0.09276250421513389,2.7366000436018485,10,116,0.974043855728002,116,30,41,72,106,0.25862068965517243,0.35344827586206895,0.6206896551724138,0.9137931034482759,1379.3103448275863,116.0,10000.0,1.2957291050864377,6.0640348853894634,0.05227616280508158,9.397253681044731,0.0810108075952132,3.0398159340225286,0.02620530977605628,3.7434705612478956,10.0,116.0,0.9791249935532264,116.0,8.0,12.0,24.0,56.0,0.06896551724137931,0.10344827586206896,0.20689655172413793,0.4827586206896552,86.20689655172414,90,71.27
features.14,conv,4,226,1,False,226,0,8.0,8.0,160000,39.83175605189307,30.29471813168306,0.13404742536142947,52.415527930626105,0.23192711473728364,9.620705266004952,0.04256949232745554,2.503180373280954,10,226,0.9528286129607855,226,52,73,131,200,0.23008849557522124,0.3230088495575221,0.5796460176991151,0.8849557522123894,707.9646017699115,226.0,10000.0,5.266211471193017,11.260464355301664,0.049825063519033916,16.85793915056658,0.07459265110870168,5.507467293098013,0.024369324305743418,3.481785515892449,10.0,226.0,0.9690107261484102,226.0,14.0,19.0,47.0,110.0,0.061946902654867256,0.084070796460177,0.2079646017699115,0.48672566371681414,44.24778761061947,90,71.27
features.17,conv,5,238,1,False,238,0,8.0,8.0,160000,20.38203556466068,28.948060790308205,0.12163050752230338,54.162632346392144,0.22757408548904262,8.956195145553533,0.03763107204014089,2.2329640738074943,10,238,0.9671405919676106,238,56,83,153,221,0.23529411764705882,0.3487394957983193,0.6428571428571429,0.9285714285714286,672.2689075630252,238.0,10000.0,2.4634471869114622,11.034130048066139,0.046361890958261084,19.304025025551397,0.08110934884685461,4.495797713092192,0.01888990635753022,2.9803872488072547,10.0,238.0,0.9807285491127142,238.0,17.0,27.0,67.0,149.0,0.07142857142857142,0.1134453781512605,0.2815126050420168,0.6260504201680672,42.016806722689076,90,71.27
features.20,conv,6,244,1,False,244,0,8.0,8.0,160000,18.798229995887255,37.08906007275272,0.15200434456046197,64.48540452306153,0.26428444476664564,11.665693573150454,0.04781021956209203,2.0707935846790093,10,244,0.9725133780390572,244,65,95,174,232,0.26639344262295084,0.38934426229508196,0.7131147540983607,0.9508196721311475,655.7377049180328,244.0,10000.0,1.9555967968539754,15.576070249428042,0.06383635348126247,25.71721003200175,0.10539840177049897,6.535230675961479,0.02678373227853065,2.8924179916842094,10.0,244.0,0.9786516680979301,244.0,24.0,37.0,83.0,171.0,0.09836065573770492,0.15163934426229508,0.3401639344262295,0.7008196721311475,40.98360655737705,90,71.27
features.24,conv,7,466,1,False,466,0,4.0,4.0,160000,32.48672378888171,53.63495912428055,0.11509647880746898,103.30588346362997,0.22168644520092268,11.8598593279428,0.025450341905456652,2.182983701975154,10,466,0.9536618081690955,466,102,149,286,425,0.21888412017167383,0.3197424892703863,0.6137339055793991,0.9120171673819742,343.3476394849785,466.0,10000.0,7.290820848116119,22.155973830183058,0.04754500821927695,37.99300849412357,0.08153006114618792,8.845578359028734,0.018981927809074536,2.7852116294565246,10.0,466.0,0.9718294699924749,466.0,34.0,55.0,140.0,303.0,0.07296137339055794,0.11802575107296137,0.30042918454935624,0.6502145922746781,21.459227467811157,90,71.27
features.27,conv,8,481,1,False,481,0,4.0,4.0,160000,13.971683188935527,51.61035932306863,0.10729804433070401,100.2748509243761,0.20847162354340146,11.607513765505091,0.024132045250530334,2.041914835450467,10,481,0.9750635159564129,481,98,152,315,451,0.20374220374220375,0.316008316008316,0.6548856548856549,0.9376299376299376,332.64033264033264,481.0,10000.0,3.7115127684741887,24.842507287502166,0.0516476242983413,41.450768275435244,0.0861762334208633,9.408533212426146,0.019560360108994066,2.5781382762612073,10.0,481.0,0.9856114191603831,481.0,36.0,56.0,154.0,344.0,0.07484407484407485,0.11642411642411643,0.3201663201663202,0.7151767151767152,20.79002079002079,90,71.27
features.30,conv,9,489,1,False,489,0,4.0,4.0,160000,10.884246896112838,44.480027642142936,0.09096120172217369,106.16132173161726,0.21709881744707007,8.950299338597906,0.018303270631079564,1.8861686246292924,10,489,0.9748986697984352,489,115,180,351,467,0.23517382413087934,0.36809815950920244,0.7177914110429447,0.9550102249488752,327.19836400817996,489.0,10000.0,2.696741486057367,29.17054399678599,0.05965346420610632,47.747822667456305,0.09764380913590247,11.295991823983208,0.023100187779106763,2.5041948997873296,10.0,489.0,0.9855012056398094,489.0,41.0,66.0,178.0,371.0,0.08384458077709611,0.13496932515337423,0.36400817995910023,0.7586912065439673,20.449897750511248,90,71.27
features.34,conv,10,472,1,False,472,0,2.0,2.0,40000,10.098090993132617,70.1349560120203,0.148591008500043,115.27416162767513,0.24422491870270155,19.8090161388781,0.0419682545315214,2.1221544473973437,10,472,0.9601366574629882,472,107,157,303,439,0.2266949152542373,0.3326271186440678,0.6419491525423728,0.9300847457627118,84.7457627118644,472.0,10000.0,4.255960883114429,29.447477734995516,0.06238872401482101,50.840128019202325,0.10771213563390324,9.2667665111285,0.019632979896458687,2.41633462643884,10.0,472.0,0.9896373924097625,472.0,45.0,70.0,190.0,380.0,0.09533898305084745,0.1483050847457627,0.4025423728813559,0.8050847457627118,21.1864406779661,90,71.27
features.37,conv,11,484,1,False,484,0,2.0,2.0,40000,3.4461278916631923,22.026866295751766,0.045510054330065636,95.91306672614883,0.19816749323584468,5.0522195151681295,0.010438470072661424,1.8652350919441116,10,484,0.9470114461795557,484,129,192,348,461,0.2665289256198347,0.39669421487603307,0.71900826446281,0.9524793388429752,82.64462809917356,484.0,10000.0,1.6869006003604323,6.052225685378532,0.012504598523509363,25.32829545258101,0.05233118895161366,2.5246810004777536,0.005216283058838334,2.308944528100591,10.0,484.0,0.9846535119494645,484.0,43.0,69.0,195.0,390.0,0.08884297520661157,0.14256198347107438,0.40289256198347106,0.8057851239669421,20.66115702479339,90,71.27
features.40,conv,12,490,1,False,490,0,2.0,2.0,40000,0.8792090487060878,131.17875714712713,0.2677117492798513,199.9030377428735,0.40796538314872144,35.33543974207202,0.07211314233075922,1.7371157034006226,10,490,0.8987591234464153,490,184,248,384,472,0.37551020408163266,0.5061224489795918,0.7836734693877551,0.963265306122449,81.63265306122449,490.0,10000.0,0.2701696241311104,54.12399861309912,0.11045714002673289,78.34435260544377,0.15988643388866075,25.160992293685798,0.05134896386466489,2.355328105017289,10.0,490.0,0.9810581732371828,490.0,61.0,89.0,239.0,421.0,0.12448979591836734,0.1816326530612245,0.48775510204081635,0.8591836734693877,20.408163265306122,90,71.27
classifier,linear,13,100,1,False,100,0,,,10000,590.6583557245534,22.586030659178164,0.22586030659178163,36.901903038470394,0.36901903038470396,8.614724158832278,0.08614724158832278,3.102678774598478,10,100,0.6171408825096282,100,37,47,67,88,0.37,0.47,0.67,0.88,100.0,,,,,,,,,,,,,,,,,,,,,,,,90,71.27
features.0,conv,0,15,1,False,15,0,32.0,32.0,160000,13.690305498818848,4.8108174645530655,0.3207211643035377,6.377682174794782,0.4251788116529855,2.8100594140277684,0.1873372942685179,,10,15,,15,6,8,10,12,0.4,0.5333333333333333,0.6666666666666666,0.8,10666.666666666666,15.0,10000.0,2.758862490280238,2.493691521295356,0.1662461014196904,2.801721535565461,0.18678143570436406,1.8429277392176633,0.12286184928117755,,10.0,15.0,,15.0,3.0,3.0,3.0,6.0,0.2,0.2,0.2,0.4,666.6666666666666,100,72.75
features.3,conv,1,48,1,False,48,0,32.0,32.0,160000,12.672006924789295,11.671352284081612,0.24315317258503358,15.86319839338449,0.3304832998621769,5.8265295870851785,0.12138603306427455,4.870556557960673,10,48,0.9510503476957433,48,14,18,26,37,0.2916666666666667,0.375,0.5416666666666666,0.7708333333333334,3333.3333333333335,48.0,10000.0,0.6481421302703659,3.802494887393946,0.07921864348737388,4.61584728959228,0.09616348519983918,2.8506078260692687,0.059387663043109766,7.013898831726389,10.0,48.0,0.9745238191015752,48.0,4.0,5.0,8.0,15.0,0.08333333333333333,0.10416666666666667,0.16666666666666666,0.3125,208.33333333333334,100,72.75
features.7,conv,2,101,1,False,101,0,16.0,16.0,160000,24.29945349549556,16.073774364960293,0.15914628084119103,25.38474117231614,0.25133407101303107,6.394546052470088,0.06331233715316918,3.289460415185802,10,101,0.950376999655302,101,24,33,54,83,0.2376237623762376,0.32673267326732675,0.5346534653465347,0.8217821782178217,1584.1584158415842,101.0,10000.0,3.0514966289945145,5.7912604753106915,0.05733921262683853,8.17786143136747,0.08096892506304426,3.031370965350579,0.030013573914362168,4.712671184270499,10.0,101.0,0.9661523949573931,101.0,7.0,9.0,14.0,32.0,0.06930693069306931,0.0891089108910891,0.13861386138613863,0.31683168316831684,99.00990099009901,100,72.75
features.10,conv,3,116,1,False,116,0,16.0,16.0,160000,12.703310161864183,23.71258131085908,0.20441880440395757,34.50737115863182,0.29747733757441225,10.367711263804392,0.08937682123969302,2.7322590039989114,10,116,0.9731962504899793,116,30,42,73,106,0.25862068965517243,0.3620689655172414,0.6293103448275862,0.9137931034482759,1379.3103448275863,116.0,10000.0,1.0825295331501958,6.016853293039322,0.051869424939994156,9.316728999726273,0.08031662930798511,3.0374564592910622,0.02618496947664709,3.751951684610996,10.0,116.0,0.9793905833781078,116.0,8.0,12.0,24.0,55.0,0.06896551724137931,0.10344827586206896,0.20689655172413793,0.47413793103448276,86.20689655172414,100,72.75
features.14,conv,4,226,1,False,226,0,8.0,8.0,160000,32.32821038088954,30.915263671257108,0.13679320208520845,52.830892187649475,0.23376500967986494,10.063755553381919,0.044529891829123536,2.503202899104293,10,226,0.9525232957090125,226,52,73,131,200,0.23008849557522124,0.3230088495575221,0.5796460176991151,0.8849557522123894,707.9646017699115,226.0,10000.0,4.376664534695103,11.464712633155191,0.050728816960863676,16.935321684738522,0.07493505170238283,5.728087975936445,0.0253455220174179,3.485925882832013,10.0,226.0,0.968940360862784,226.0,14.0,19.0,46.0,110.0,0.061946902654867256,0.084070796460177,0.20353982300884957,0.48672566371681414,44.24778761061947,100,72.75
features.17,conv,5,238,1,False,238,0,8.0,8.0,160000,16.313413513635826,28.94274965333416,0.12160819182073176,54.42974577408228,0.22869641081547176,8.847324072438289,0.037173630556463395,2.2255940275873694,10,238,0.9672275378451239,238,57,83,154,221,0.23949579831932774,0.3487394957983193,0.6470588235294118,0.9285714285714286,672.2689075630252,238.0,10000.0,2.0545539000994273,10.762405798918675,0.0452201924324314,19.00658795638918,0.0798596132621394,4.349845937380306,0.01827666360243826,2.9775352349553716,10.0,238.0,0.9802745114404646,238.0,17.0,27.0,66.0,149.0,0.07142857142857142,0.1134453781512605,0.2773109243697479,0.6260504201680672,42.016806722689076,100,72.75
features.20,conv,6,244,1,False,244,0,8.0,8.0,160000,14.8257553445938,36.28857608524554,0.1487236724805145,64.40249331795103,0.26394464474570095,10.910339647498343,0.04471450675204239,2.060945405231428,10,244,0.9719135088134909,244,65,96,174,232,0.26639344262295084,0.39344262295081966,0.7131147540983607,0.9508196721311475,655.7377049180328,244.0,10000.0,1.6285751082416864,14.734526972892063,0.06038740562660681,24.859092326710527,0.1018815259291415,6.032619701806554,0.024723851236912106,2.885997735360373,10.0,244.0,0.9782640336781868,244.0,23.0,37.0,82.0,170.0,0.0942622950819672,0.15163934426229508,0.3360655737704918,0.6967213114754098,40.98360655737705,100,72.75
features.24,conv,7,466,1,False,466,0,4.0,4.0,160000,25.470173103530808,54.203218648181014,0.11631591984588201,104.14826860552519,0.22349413863846607,12.016810475054895,0.025787146942177885,2.1765636534294046,10,466,0.9530841596217378,466,102,150,287,426,0.21888412017167383,0.3218884120171674,0.6158798283261803,0.9141630901287554,343.3476394849785,466.0,10000.0,5.885429261277353,22.074723003189987,0.04737065022143774,37.69327008828647,0.08088684568301817,9.056931266303657,0.019435474820394115,2.785917318282567,10.0,466.0,0.971784441255169,466.0,34.0,54.0,139.0,302.0,0.07296137339055794,0.11587982832618025,0.2982832618025751,0.648068669527897,21.459227467811157,100,72.75
features.27,conv,8,481,1,False,481,0,4.0,4.0,160000,10.948361494437195,51.05477965724515,0.10614299305040571,100.96904279285697,0.20991484988119952,11.269715853376841,0.02342976268893314,2.030384216859067,10,481,0.9745334410946498,481,99,154,318,452,0.20582120582120583,0.3201663201663202,0.6611226611226612,0.9397089397089398,332.64033264033264,481.0,10000.0,2.98936129512384,24.80199150696137,0.0515633919063646,41.4762846179965,0.08622928195009667,9.320942355725823,0.01937825853581252,2.5761281457622163,10.0,481.0,0.9854100328608882,481.0,36.0,56.0,155.0,345.0,0.07484407484407485,0.11642411642411643,0.32224532224532226,0.7172557172557172,20.79002079002079,100,72.75
features.30,conv,9,489,1,False,489,0,4.0,4.0,160000,8.248218268617332,41.677401011185374,0.0852298589185795,105.57431876543744,0.21589840238330765,8.33566671430315,0.017046353198983948,1.870613776786704,10,489,0.9742091896197506,489,117,183,354,468,0.2392638036809816,0.37423312883435583,0.7239263803680982,0.9570552147239264,327.19836400817996,489.0,10000.0,2.092437607777232,29.010157717405672,0.059325475904715076,47.961643052920195,0.09808106963787361,10.890788544550503,0.0222715512158497,2.5003762681997266,10.0,489.0,0.9851044628593827,489.0,41.0,66.0,179.0,372.0,0.08384458077709611,0.13496932515337423,0.3660531697341513,0.7607361963190185,20.449897750511248,100,72.75
features.34,conv,10,472,1,False,472,0,2.0,2.0,40000,7.422859104826998,70.92347231820149,0.15026159389449467,116.99703507026484,0.24787507430140857,19.60743821979111,0.041541182669048965,2.1041844911756105,10,472,0.9595481883271254,472,109,160,307,440,0.2309322033898305,0.3389830508474576,0.6504237288135594,0.9322033898305084,84.7457627118644,472.0,10000.0,3.177218795792905,29.7254780307711,0.06297770769231165,51.41190855161924,0.10892353506698992,9.291311138681767,0.019684981226020692,2.4076530489068975,10.0,472.0,0.9893581618103295,472.0,45.0,71.0,192.0,382.0,0.09533898305084745,0.1504237288135593,0.4067796610169492,0.809322033898305,21.1864406779661,100,72.75
features.37,conv,11,484,1,False,484,0,2.0,2.0,40000,2.556595339300067,18.342805776038052,0.03789835904140093,90.12063159406523,0.18619965205385378,4.524641864095954,0.009348433603504036,1.8365506106553209,10,484,0.9449645548987379,484,131,195,351,461,0.2706611570247934,0.40289256198347106,0.7252066115702479,0.9524793388429752,82.64462809917356,484.0,10000.0,1.2928740667189864,5.230794791145517,0.010807427254432886,22.73582923401554,0.046974853789288305,2.3312470119127684,0.004816626057671009,2.2931620493888194,10.0,484.0,0.9841211214779269,484.0,43.0,69.0,195.0,391.0,0.08884297520661157,0.14256198347107438,0.40289256198347106,0.8078512396694215,20.66115702479339,100,72.75
features.40,conv,12,490,1,False,490,0,2.0,2.0,40000,0.5898631163696266,136.36892797755087,0.278303934648063,206.56695294389294,0.4215652100895774,35.524371901662484,0.07249871816665814,1.7043327252197527,10,490,0.8938846726698564,490,190,254,388,473,0.3877551020408163,0.5183673469387755,0.7918367346938775,0.9653061224489796,81.63265306122449,490.0,10000.0,0.18220780278275486,57.073604138741544,0.11647674314028887,81.33830527105714,0.16599654136950437,27.21161891106624,0.05553391614503314,2.3400897882128695,10.0,490.0,0.979938808440108,490.0,62.0,91.0,245.0,425.0,0.12653061224489795,0.18571428571428572,0.5,0.8673469387755102,20.408163265306122,100,72.75
classifier,linear,13,100,1,False,100,0,,,10000,528.2109554908758,23.638339701009933,0.23638339701009933,38.10768666167215,0.38107686661672147,8.94216614479794,0.08942166144797939,3.072989319925642,10,100,0.6138797282491264,100,38,48,67,88,0.38,0.48,0.67,0.88,100.0,,,,,,,,,,,,,,,,,,,,,,,,100,72.75
