layer,kind,depth_index,C,groups,is_depthwise,r_max,call_index,H,W,n_samples,total_variance,participation_ratio,participation_ratio_norm,effective_rank,effective_rank_norm,stable_rank,stable_rank_norm,powerlaw_alpha,powerlaw_fit_lo,powerlaw_fit_hi,powerlaw_r2,nonzero_eigs,k_star_0.9,k_star_0.95,k_star_0.99,k_star_0.999,k_star_ratio_0.9,k_star_ratio_0.95,k_star_ratio_0.99,k_star_ratio_0.999,n_over_C,pooled_C,pooled_n_samples,pooled_total_variance,pooled_participation_ratio,pooled_participation_ratio_norm,pooled_effective_rank,pooled_effective_rank_norm,pooled_stable_rank,pooled_stable_rank_norm,pooled_powerlaw_alpha,pooled_powerlaw_fit_lo,pooled_powerlaw_fit_hi,pooled_powerlaw_r2,pooled_nonzero_eigs,pooled_k_star_0.9,pooled_k_star_0.95,pooled_k_star_0.99,pooled_k_star_0.999,pooled_k_star_ratio_0.9,pooled_k_star_ratio_0.95,pooled_k_star_ratio_0.99,pooled_k_star_ratio_0.999,pooled_n_over_C,epoch,test_acc
conv1,conv,0,64,1,False,27.0,0,32.0,32.0,160000,23.427486065615575,1.538280371011603,0.024035630797056298,2.397052008726745,0.03745393763635539,1.2480608131267676,0.019500950205105744,14.636775873399998,10,64,0.8693578154955186,45,3,5,9,16,0.046875,0.078125,0.140625,0.25,2500.0,64.0,10000.0,6.679575417327216,1.3172832765632496,0.020582551196300775,1.6053876771529878,0.025084182455515434,1.1569917123633897,0.018077995505677964,8.671078945877541,10.0,64.0,0.92397150175222,43.0,2.0,2.0,3.0,3.0,0.03125,0.03125,0.046875,0.046875,156.25,0,10.01
layer1.0.conv1,conv,1,64,1,False,64.0,0,32.0,32.0,160000,14.961466080557075,2.8644156762194672,0.044756494940929176,6.561244465123556,0.10251944476755556,1.747198055229846,0.027299969612966345,2.099628669862466,10,64,0.9845287493728381,64,11,19,41,60,0.171875,0.296875,0.640625,0.9375,2500.0,64.0,10000.0,3.801797740490548,1.8249286563905485,0.02851451025610232,2.6530362310852027,0.04145369111070629,1.3843864466134512,0.021631038228335175,3.9335498331788394,10.0,64.0,0.9825630211486719,64.0,3.0,4.0,6.0,15.0,0.046875,0.0625,0.09375,0.234375,156.25,0,10.01
layer1.0.conv2,conv,2,64,1,False,64.0,0,32.0,32.0,160000,11.422851424919742,3.7239128163452846,0.05818613775539507,8.80113461794504,0.13751772840539125,2.070913552795914,0.032358024262436155,1.6074958815173979,10,64,0.9898798753257028,64,15,27,51,63,0.234375,0.421875,0.796875,0.984375,2500.0,64.0,10000.0,2.8056355545147946,1.9959063736826603,0.031186037088791568,2.8901631593221824,0.0451587993644091,1.4797658819201855,0.0231213419050029,3.7637590722864873,10.0,64.0,0.958075748055902,64.0,3.0,4.0,8.0,23.0,0.046875,0.0625,0.125,0.359375,156.25,0,10.01
layer1.0,block,3,64,1,False,,0,32.0,32.0,160000,9.943710411871685,4.18759650709655,0.06543119542338359,8.982312165537195,0.14034862758651867,2.440132422433029,0.03812706910051608,1.7381338674122173,10,64,0.90131635955912,64,15,27,50,61,0.234375,0.421875,0.78125,0.953125,2500.0,64.0,10000.0,2.440735494126184,2.5043753033704563,0.03913086411516338,3.398320290270823,0.05309875453548161,1.827859945345121,0.028560311646017515,2.850945022544233,10.0,64.0,0.9917461353903123,64.0,3.0,4.0,9.0,30.0,0.046875,0.0625,0.140625,0.46875,156.25,0,10.01
layer1.1.conv1,conv,4,64,1,False,64.0,0,32.0,32.0,160000,18.428460597482633,5.17360000876672,0.08083750013698,11.678715879033385,0.18247993560989664,2.6393389397255125,0.04123967093321113,1.5133223240507463,10,64,0.9878723809685461,64,19,31,53,63,0.296875,0.484375,0.828125,0.984375,2500.0,64.0,10000.0,4.176736420958897,2.553306848936952,0.039895419514639874,3.605735806704526,0.05633962197975822,1.7639407439388886,0.027561574124045134,3.7592471748030007,10.0,64.0,0.963052699838039,64.0,3.0,4.0,9.0,26.0,0.046875,0.0625,0.140625,0.40625,156.25,0,10.01
layer1.1.conv2,conv,5,64,1,False,64.0,0,32.0,32.0,160000,14.665320505222475,5.402954462975923,0.08442116348399879,13.30470741970539,0.2078860534328967,2.545471590518305,0.039772993601848515,1.492145646031647,10,64,0.981616863726696,64,22,35,55,63,0.34375,0.546875,0.859375,0.984375,2500.0,64.0,10000.0,3.0887467344958632,2.184489822896967,0.03413265348276511,3.318484698297331,0.051851323410895794,1.5495419354213273,0.02421159274095824,4.102169192261751,10.0,64.0,0.956827083906077,64.0,3.0,4.0,11.0,27.0,0.046875,0.0625,0.171875,0.421875,156.25,0,10.01
layer1.1,block,6,64,1,False,,0,32.0,32.0,160000,18.258120476412167,4.0755290753927165,0.0636801418030112,9.343910269524665,0.1459985979613229,2.233248605919887,0.03489450946749823,1.9923285387398648,10,64,0.8080477812852017,64,16,28,48,59,0.25,0.4375,0.75,0.921875,2500.0,64.0,10000.0,4.410011100830863,2.15486273404755,0.03366973021949297,3.0604076594952137,0.04781886967961271,1.5736760527144398,0.02458868832366312,3.149248258850527,10.0,64.0,0.9525295112447745,64.0,3.0,4.0,10.0,30.0,0.046875,0.0625,0.15625,0.46875,156.25,0,10.01
layer1.2.conv1,conv,7,64,1,False,64.0,0,32.0,32.0,160000,35.842031313410786,5.538674030926946,0.08654178173323353,11.973707350315344,0.18708917734867725,3.052971261246756,0.047702675956980564,1.5114540463517143,10,64,0.9773432949011858,64,20,32,54,63,0.3125,0.5,0.84375,0.984375,2500.0,64.0,10000.0,7.627455103682379,2.5298452802202673,0.03952883250344168,3.3653536432751348,0.05258365067617398,1.8976936609840418,0.029651463452875653,3.9770371757726073,10.0,64.0,0.9624597122812047,64.0,3.0,4.0,10.0,26.0,0.046875,0.0625,0.15625,0.40625,156.25,0,10.01
layer1.2.conv2,conv,8,64,1,False,64.0,0,32.0,32.0,160000,32.712609425243144,5.178112502850702,0.08090800785704222,12.64365532782774,0.19755711449730845,2.5191684674321557,0.03936200730362743,1.4446097582818547,10,64,0.9816264521655232,64,22,35,55,63,0.34375,0.546875,0.859375,0.984375,2500.0,64.0,10000.0,6.3135281976983535,2.1321673575377935,0.033315114961528024,3.0387762705959354,0.04748087922806149,1.5686595133946852,0.024510304896791957,3.9921434592381364,10.0,64.0,0.9610406942435714,64.0,3.0,4.0,10.0,27.0,0.046875,0.0625,0.15625,0.421875,156.25,0,10.01
layer1.2,block,9,64,1,False,,0,32.0,32.0,160000,35.3134447545374,4.097196853777708,0.0640187008402767,10.08567607208225,0.15758868862628517,2.1580132705381883,0.03371895735215919,2.6422739668146686,10,64,0.6612654436157404,64,18,29,46,55,0.28125,0.453125,0.71875,0.859375,2500.0,64.0,10000.0,8.083135903479414,1.8742216059432548,0.029284712592863357,2.743499448427133,0.042867178881673955,1.4178583389435298,0.022154036545992652,3.816123165547031,10.0,64.0,0.852513384049973,64.0,3.0,4.0,10.0,29.0,0.046875,0.0625,0.15625,0.453125,156.25,0,10.01
layer1.3.conv1,conv,10,64,1,False,64.0,0,32.0,32.0,160000,74.01244716419404,3.77315516605321,0.058955549469581404,10.036257685604909,0.1568165263375767,2.0290272116865182,0.03170355018260185,1.4709371117782757,10,64,0.9846937286698564,64,20,33,54,63,0.3125,0.515625,0.84375,0.984375,2500.0,64.0,10000.0,16.335832566336972,1.7012987390241106,0.026582792797251727,2.472758599923178,0.03863685312379966,1.3335936884073432,0.020837401381364737,4.110352833957005,10.0,64.0,0.9525858904789438,64.0,3.0,3.0,9.0,24.0,0.046875,0.046875,0.140625,0.375,156.25,0,10.01
layer1.3.conv2,conv,11,64,1,False,64.0,0,32.0,32.0,160000,56.332725283114485,4.3717396469723315,0.06830843198394268,11.500962333619531,0.17970253646280518,2.202402103046073,0.034412532860094894,1.5139799078469143,10,64,0.9771017840171923,64,21,34,54,63,0.328125,0.53125,0.84375,0.984375,2500.0,64.0,10000.0,10.561839099330982,1.6261548823974474,0.025408670037460116,2.4000840352921373,0.037501313051439646,1.2942846938869796,0.020223198341984057,4.283031400758432,10.0,64.0,0.9602903972879909,64.0,3.0,4.0,9.0,23.0,0.046875,0.0625,0.140625,0.359375,156.25,0,10.01
layer1.3,block,12,64,1,False,,0,32.0,32.0,160000,85.360808855052,2.935171568276284,0.045862055754316934,7.678542616365702,0.11997722838071409,1.751514314268676,0.027367411160448062,2.1279648515877296,10,64,0.6151831746977077,64,16,28,48,58,0.25,0.4375,0.75,0.90625,2500.0,64.0,10000.0,20.935507941296766,1.4951035134354265,0.02336099239742854,2.1094103368128105,0.032959536512700165,1.236636259431381,0.019322441553615326,3.4085692506409755,10.0,64.0,0.8323080400073722,64.0,2.0,3.0,7.0,25.0,0.03125,0.046875,0.109375,0.390625,156.25,0,10.01
layer1.4.conv1,conv,13,64,1,False,64.0,0,32.0,32.0,160000,201.5218045032344,2.5838786122367328,0.04037310331619895,6.784891398252148,0.10601392809768981,1.6303767696464566,0.025474637025725885,1.451604170946916,10,64,0.9840092500391007,64,15,28,52,63,0.234375,0.4375,0.8125,0.984375,2500.0,64.0,10000.0,48.57243970903229,1.3566201617827567,0.021197190027855573,1.8663182906614784,0.0291612232915856,1.1708605087284343,0.018294695448881786,3.9999286074862055,10.0,64.0,0.9631917753254706,64.0,2.0,3.0,6.0,20.0,0.03125,0.046875,0.09375,0.3125,156.25,0,10.01
layer1.4.conv2,conv,14,64,1,False,64.0,0,32.0,32.0,160000,183.00504231608633,2.8099504540180678,0.04390547584403231,7.339321646831631,0.11467690073174423,1.7100362301897807,0.026719316096715323,1.5623977232416006,10,64,0.9860566035817752,64,15,27,51,63,0.234375,0.421875,0.796875,0.984375,2500.0,64.0,10000.0,38.78764747295751,1.2863263576715196,0.020098849338617494,1.7447798383061761,0.027262184973534002,1.1377016625332872,0.017776588477082612,4.299404137750513,10.0,64.0,0.9560881865691152,64.0,2.0,3.0,6.0,19.0,0.03125,0.046875,0.09375,0.296875,156.25,0,10.01
layer1.4,block,15,64,1,False,,0,32.0,32.0,160000,208.51631505561832,2.3485880206270737,0.03669668782229803,5.91607930769825,0.09243873918278515,1.549396982335352,0.024209327848989874,2.476578181013376,10,64,0.7352940573756074,64,13,24,44,56,0.203125,0.375,0.6875,0.875,2500.0,64.0,10000.0,51.792450346201186,1.2475646514028405,0.019493197678169382,1.6498586736546164,0.02577904177585338,1.1197215909760463,0.017495649859000723,3.3689602706020625,10.0,64.0,0.9018561354600364,64.0,2.0,3.0,5.0,20.0,0.03125,0.046875,0.078125,0.3125,156.25,0,10.01
layer1.5.conv1,conv,16,64,1,False,64.0,0,32.0,32.0,160000,430.4902040359568,2.6161448725645564,0.040877263633821194,6.680440737373073,0.10438188652145426,1.6469798031957759,0.025734059424933998,1.5455900049688995,10,64,0.9844934121720665,64,15,27,51,63,0.234375,0.421875,0.796875,0.984375,2500.0,64.0,10000.0,96.42213929191672,1.2716681164647556,0.019869814319761807,1.6792638349195852,0.02623849742061852,1.1317611879176135,0.01768376856121271,4.022587821056087,10.0,64.0,0.9495857861403008,64.0,2.0,2.0,5.0,18.0,0.03125,0.03125,0.078125,0.28125,156.25,0,10.01
layer1.5.conv2,conv,17,64,1,False,64.0,0,32.0,32.0,160000,387.6741957336065,2.6962039694902056,0.04212818702328446,6.795104030602722,0.10617350047816754,1.6750984849686381,0.02617341382763497,1.649262816531779,10,64,0.9782224148384249,64,14,26,49,62,0.21875,0.40625,0.765625,0.96875,2500.0,64.0,10000.0,82.22646112760594,1.2782675797772123,0.019972930934018942,1.6626236651997055,0.0259784947687454,1.1357733894334638,0.017746459209897873,4.339268448306781,10.0,64.0,0.9623058838214933,64.0,2.0,2.0,5.0,16.0,0.03125,0.03125,0.078125,0.25,156.25,0,10.01
layer1.5,block,18,64,1,False,,0,32.0,32.0,160000,373.8159897451924,2.4636510197654844,0.038494547183835694,6.330712150684739,0.09891737735444904,1.5879676918948216,0.024811995185856587,2.9062342191266697,10,64,0.6848762318037684,64,14,24,43,54,0.21875,0.375,0.671875,0.84375,2500.0,64.0,10000.0,88.66116145821643,1.2329167267513432,0.019264323855489738,1.6076679028813396,0.025119810982520932,1.1130495198735064,0.017391398748023538,3.7947432869886994,10.0,64.0,0.784465249579201,64.0,2.0,2.0,5.0,20.0,0.03125,0.03125,0.078125,0.3125,156.25,0,10.01
layer2.0.conv1,conv,19,128,1,False,128.0,0,16.0,16.0,160000,822.1285262498039,2.5261278251884574,0.019735373634284823,6.948209798761731,0.05428288905282602,1.614353489121345,0.012612136633760507,1.6377874641445824,10,128,0.9762969690919766,128,16,35,86,120,0.125,0.2734375,0.671875,0.9375,1250.0,128.0,10000.0,176.16567496560137,1.2061264506021077,0.009422862895328966,1.5703800366415026,0.012268594036261739,1.1001147594907532,0.00859464655852151,2.7911195188248383,10.0,128.0,0.9736017694078247,128.0,1.0,2.0,6.0,29.0,0.0078125,0.015625,0.046875,0.2265625,78.125,0,10.01
layer2.0.conv2,conv,20,128,1,False,128.0,0,16.0,16.0,160000,753.9940538860895,3.7455667727868738,0.02926224041239745,9.984456184282061,0.0780035639397036,2.0611276541780073,0.01610255979826568,1.4008158992981594,10,128,0.9857406889011557,128,21,46,97,124,0.1640625,0.359375,0.7578125,0.96875,1250.0,128.0,10000.0,130.45139411618226,1.2457832922090482,0.009732681970383189,1.664151859955076,0.013001186405899031,1.1189307341391908,0.008741646360462428,3.1424857430071143,10.0,128.0,0.9676384322461546,128.0,2.0,2.0,7.0,30.0,0.015625,0.015625,0.0546875,0.234375,78.125,0,10.01
layer2.0.downsample.0,conv,21,128,1,False,64.0,0,16.0,16.0,160000,624.8865479571555,2.810128110224632,0.021954125861129936,7.001202534323345,0.05469689479940113,1.708865113735244,0.013350508701056593,11.11006263803028,10,128,0.7103268326720268,97,13,21,38,52,0.1015625,0.1640625,0.296875,0.40625,1250.0,128.0,10000.0,139.61766963853415,1.283487861555636,0.010027248918403406,1.7367917915866082,0.013568685871770377,1.136623121372019,0.008879868135718899,9.098068093313673,10.0,128.0,0.7661951274769909,95.0,2.0,3.0,6.0,25.0,0.015625,0.0234375,0.046875,0.1953125,78.125,0,10.01
layer2.0,block,22,128,1,False,,0,16.0,16.0,160000,652.2825169193769,3.000268766121063,0.023439599735320806,8.079918400338432,0.063124362502644,1.7761749666247368,0.013876366926755757,4.319308748788985,10,128,0.35918423471577055,127,16,32,66,93,0.125,0.25,0.515625,0.7265625,1250.0,128.0,10000.0,141.20941926968518,1.1996625824998537,0.009372363925780107,1.5573478011047204,0.012166779696130628,1.097154335202428,0.008571518243768969,4.072419070258058,10.0,128.0,0.6309769106012171,127.0,1.0,2.0,6.0,33.0,0.0078125,0.015625,0.046875,0.2578125,78.125,0,10.01
layer2.1.conv1,conv,23,128,1,False,128.0,0,16.0,16.0,160000,1399.6836912808285,3.812830732691897,0.029787740099155444,10.55563829349331,0.08246592416791648,2.070402644393771,0.016175020659326335,1.4029236677122554,10,128,0.9867189572716958,128,23,49,99,124,0.1796875,0.3828125,0.7734375,0.96875,1250.0,128.0,10000.0,246.4835591267624,1.2242950418619334,0.009564805014546355,1.6293351113006593,0.012729180557036401,1.1085953714769388,0.008660901339663584,3.072077918548219,10.0,128.0,0.9680518097745436,128.0,1.0,2.0,7.0,32.0,0.0078125,0.015625,0.0546875,0.25,78.125,0,10.01
layer2.1.conv2,conv,24,128,1,False,128.0,0,16.0,16.0,160000,1262.4148121817518,4.230571371737739,0.03305133884170108,12.191674900481527,0.09524746016001193,2.19927722792589,0.017181853343171016,1.355214739987005,10,128,0.9878285638561946,128,28,55,103,125,0.21875,0.4296875,0.8046875,0.9765625,1250.0,128.0,10000.0,203.90112133955216,1.2579180218807628,0.00982748454594346,1.7086692456569759,0.013348978481695124,1.124607819785019,0.00878599859207046,3.0981401855354016,10.0,128.0,0.9685643996681972,128.0,2.0,2.0,8.0,35.0,0.015625,0.015625,0.0625,0.2734375,78.125,0,10.01
layer2.1,block,25,128,1,False,,0,16.0,16.0,160000,1397.5802595410005,3.004275800270928,0.023470904689616625,8.61902092722014,0.06733610099390734,1.7759961416291896,0.013874969856478044,2.412076465598916,10,128,0.6235386316245883,128,21,41,81,108,0.1640625,0.3203125,0.6328125,0.84375,1250.0,128.0,10000.0,302.0841142523154,1.1549306408799898,0.00902289563187492,1.4540245200758042,0.01135956656309222,1.0757855157654082,0.008404574341917251,2.948734446925839,10.0,128.0,0.7510601022246821,128.0,1.0,2.0,6.0,34.0,0.0078125,0.015625,0.046875,0.265625,78.125,0,10.01
layer2.2.conv1,conv,26,128,1,False,128.0,0,16.0,16.0,160000,3078.991363055269,3.690826144847317,0.028834579256619666,10.094088489140603,0.07886006632141096,2.0369866553710785,0.01591395824508655,1.3354486212511565,10,128,0.989857043735099,128,22,49,100,125,0.171875,0.3828125,0.78125,0.9765625,1250.0,128.0,10000.0,540.6011934009913,1.1552312902778266,0.00902524445529552,1.4650246920307342,0.01144550540649011,1.0758141667317438,0.008404798177591748,2.9690770262253614,10.0,128.0,0.970354967991719,128.0,1.0,2.0,6.0,31.0,0.0078125,0.015625,0.046875,0.2421875,78.125,0,10.01
layer2.2.conv2,conv,27,128,1,False,128.0,0,16.0,16.0,160000,2601.8309578812336,4.146438763450192,0.03239405283945462,11.806085976337481,0.09223504669013657,2.173406595749552,0.016979739029293374,1.3632830622159855,10,128,0.9877281843773047,128,26,53,102,125,0.203125,0.4140625,0.796875,0.9765625,1250.0,128.0,10000.0,401.62476024272013,1.1806472721784367,0.009223806813894037,1.5409138169211867,0.012038389194696771,1.087781641703146,0.008498294075805829,3.1544534031495743,10.0,128.0,0.9687613836702034,128.0,1.0,2.0,8.0,33.0,0.0078125,0.015625,0.0625,0.2578125,78.125,0,10.01
layer2.2,block,28,128,1,False,,0,16.0,16.0,160000,2923.5373773981887,3.3286103701340473,0.026004768516672244,9.868659436105215,0.077098901844572,1.8814662311085089,0.014698954930535225,1.9709607944319982,10,128,0.6679863648999138,128,24,47,90,113,0.1875,0.3671875,0.703125,0.8828125,1250.0,128.0,10000.0,589.8752400549969,1.1392960590201766,0.00890075046109513,1.4264794513113463,0.011144370713369893,1.068194252419553,0.008345267597027757,2.666668206187379,10.0,128.0,0.8476105671738383,128.0,1.0,2.0,6.0,36.0,0.0078125,0.015625,0.046875,0.28125,78.125,0,10.01
layer2.3.conv1,conv,29,128,1,False,128.0,0,16.0,16.0,160000,6223.504919248002,4.525949161020377,0.0353589778204717,11.876523765477595,0.09278534191779371,2.360633135646894,0.01844244637224136,1.3209047711882422,10,128,0.989951815764309,128,24,52,102,125,0.1875,0.40625,0.796875,0.9765625,1250.0,128.0,10000.0,920.8343107481088,1.1744997767331098,0.00917577950572742,1.5215693399438663,0.011887260468311456,1.0849945046618419,0.00847651956767064,2.9728511624605667,10.0,128.0,0.972047113326555,128.0,1.0,2.0,7.0,35.0,0.0078125,0.015625,0.0546875,0.2734375,78.125,0,10.01
layer2.3.conv2,conv,30,128,1,False,128.0,0,16.0,16.0,160000,5570.801379874883,4.926343317800143,0.038487057170313616,13.427618520112677,0.10490326968838029,2.4504011439206437,0.01914375893688003,1.3398609509443598,10,128,0.9890857856112539,128,28,55,104,125,0.21875,0.4296875,0.8125,0.9765625,1250.0,128.0,10000.0,746.2647560329169,1.1591401436860325,0.009055782372547129,1.5067382621854026,0.011771392673323458,1.0774341070055895,0.008417453960981168,3.1261673191509196,10.0,128.0,0.959442914932249,128.0,1.0,2.0,9.0,38.0,0.0078125,0.015625,0.0703125,0.296875,78.125,0,10.01
layer2.3,block,31,128,1,False,,0,16.0,16.0,160000,6958.560391767871,3.3632387050592016,0.026275302383275013,9.824482825348083,0.0767537720730319,1.8965578149755744,0.014816857929496675,1.8517362389840164,10,128,0.5867935600476967,128,23,48,92,116,0.1796875,0.375,0.71875,0.90625,1250.0,128.0,10000.0,1349.686253421994,1.1020002419061083,0.008609376889891471,1.3427625367474267,0.010490332318339271,1.05008121908117,0.00820375952407164,2.5848041871817253,10.0,128.0,0.787698475454663,128.0,1.0,1.0,6.0,36.0,0.0078125,0.0078125,0.046875,0.28125,78.125,0,10.01
layer2.4.conv1,conv,32,128,1,False,128.0,0,16.0,16.0,160000,14694.431906394473,4.507410103033901,0.03521414142995235,11.78746894226023,0.09208960111140804,2.343432551163305,0.01830806680596332,1.321163989956062,10,128,0.9904231162068359,128,24,51,102,125,0.1875,0.3984375,0.796875,0.9765625,1250.0,128.0,10000.0,2101.4141940524632,1.145535833450604,0.008949498698832844,1.4611774406510454,0.011415448755086292,1.0710201885891037,0.008367345223352373,3.020215366575727,10.0,128.0,0.9646907190517182,128.0,1.0,2.0,8.0,35.0,0.0078125,0.015625,0.0625,0.2734375,78.125,0,10.01
layer2.4.conv2,conv,33,128,1,False,128.0,0,16.0,16.0,160000,12405.098116656407,4.709882319364553,0.03679595562003557,13.142918176138432,0.1026790482510815,2.3526659848237887,0.01838020300643585,1.3902072448740856,10,128,0.988557619385743,128,27,53,102,125,0.2109375,0.4140625,0.796875,0.9765625,1250.0,128.0,10000.0,1705.23900181298,1.1451529814733212,0.008946507667760322,1.4583046029923068,0.011393004710877397,1.0709009679155517,0.008366413811840247,3.142865417637884,10.0,128.0,0.961352864136102,128.0,1.0,2.0,8.0,35.0,0.0078125,0.015625,0.0625,0.2734375,78.125,0,10.01
layer2.4,block,34,128,1,False,,0,16.0,16.0,160000,14734.547870820523,3.3147900455862485,0.025896797231142566,9.637308256550464,0.0752914707543005,1.8775609512877633,0.014668444931935651,1.9451891129119974,10,128,0.7395233254854583,128,22,45,88,113,0.171875,0.3515625,0.6875,0.8828125,1250.0,128.0,10000.0,2810.9657467945153,1.0837945371600275,0.008467144821562715,1.2934578185788312,0.010105139207647119,1.0412477898467918,0.00813474835817806,2.547082097398574,10.0,128.0,0.8827075663616839,128.0,1.0,1.0,6.0,36.0,0.0078125,0.0078125,0.046875,0.28125,78.125,0,10.01
layer2.5.conv1,conv,35,128,1,False,128.0,0,16.0,16.0,160000,33519.905383678255,3.8311392876725785,0.02993077568494202,10.328711640604945,0.08069305969222614,2.082257206300246,0.016267634424220672,1.3530927799749735,10,128,0.9902512018613397,128,21,47,100,124,0.1640625,0.3671875,0.78125,0.96875,1250.0,128.0,10000.0,5054.517413181029,1.0876245464900476,0.008497066769453497,1.3083130356599668,0.01022119559109349,1.0430676925945692,0.008148966348395072,2.9884077184997246,10.0,128.0,0.9609615291177397,128.0,1.0,1.0,6.0,31.0,0.0078125,0.0078125,0.046875,0.2421875,78.125,0,10.01
layer2.5.conv2,conv,36,128,1,False,128.0,0,16.0,16.0,160000,30696.524840271813,3.453781511180057,0.026982668056094197,9.77030409357644,0.07633050073106594,1.9377920559348,0.015139000436990626,1.4259914108888512,10,128,0.9898615212418347,128,21,46,98,124,0.1640625,0.359375,0.765625,0.96875,1250.0,128.0,10000.0,4798.746166665941,1.0795811603695953,0.008434227815387463,1.2822709861155004,0.010017742079027347,1.0391659151360224,0.008118483712000175,3.205990325200146,10.0,128.0,0.964373993824841,128.0,1.0,1.0,6.0,28.0,0.0078125,0.0078125,0.046875,0.21875,78.125,0,10.01
layer2.5,block,37,128,1,False,,0,16.0,16.0,160000,28254.73296496026,2.994447482103425,0.023394120953933006,8.597983252474283,0.06717174415995533,1.7708296351969246,0.013834606524975973,2.2769359853589575,10,128,0.7051488414493473,128,20,40,79,109,0.15625,0.3125,0.6171875,0.8515625,1250.0,128.0,10000.0,5575.9251652336125,1.0635922525276642,0.008309314472872377,1.2329263590633486,0.00963223718018241,1.0313979100919206,0.00805779617259313,2.7530634933334497,10.0,128.0,0.8158819425253012,128.0,1.0,1.0,5.0,31.0,0.0078125,0.0078125,0.0390625,0.2421875,78.125,0,10.01
layer3.0.conv1,conv,38,256,1,False,256.0,0,8.0,8.0,160000,65581.18102392797,2.8654383857573356,0.011193118694364592,7.882730833155956,0.030791917317015454,1.7503889069523708,0.0068374566677826985,1.4036535041697527,10,256,0.9703179816895819,256,16,51,160,238,0.0625,0.19921875,0.625,0.9296875,625.0,256.0,10000.0,10751.287134023174,1.0822813297866287,0.0042276614444790184,1.3166977813864,0.005143350708540625,1.0404547492281153,0.0040642763641723255,2.0532189680964694,10.0,256.0,0.9589269717423391,256.0,1.0,1.0,8.0,90.0,0.00390625,0.00390625,0.03125,0.3515625,39.0625,0,10.01
layer3.0.conv2,conv,39,256,1,False,256.0,0,8.0,8.0,160000,62537.72567214101,4.6152975138055226,0.018028505913302822,10.755488683486915,0.04201362766987076,2.6077961892984955,0.010186703864447248,1.282183036403355,10,256,0.9847436449687321,256,17,58,174,244,0.06640625,0.2265625,0.6796875,0.953125,625.0,256.0,10000.0,7090.762237498065,1.1085775929380062,0.004330381222414087,1.409939700529194,0.005507576955192164,1.0530889087791577,0.004113628549918585,2.3433491193384315,10.0,256.0,0.9550766108922961,256.0,1.0,2.0,12.0,87.0,0.00390625,0.0078125,0.046875,0.33984375,39.0625,0,10.01
layer3.0.downsample.0,conv,40,256,1,False,128.0,0,8.0,8.0,160000,53278.18015576538,2.899452892675301,0.011325987862012894,7.588408504302613,0.029642220719932083,1.7514893320113218,0.006841755203169226,8.449584745145742,10,256,0.6465818587991408,192,16,32,68,101,0.0625,0.125,0.265625,0.39453125,625.0,256.0,10000.0,9625.764096220288,1.087480529033616,0.004247970816537563,1.3336321857346507,0.005209500725525979,1.0429430423964072,0.004073996259360966,7.261640845955516,10.0,256.0,0.6909305704295554,191.0,1.0,1.0,9.0,55.0,0.00390625,0.00390625,0.03515625,0.21484375,39.0625,0,10.01
layer3.0,block,41,256,1,False,,0,8.0,8.0,160000,50724.85415785546,3.955100747654008,0.015449612295523468,10.5223412645466,0.04110289556463516,2.146264215580721,0.00838384459211219,3.3264674676262946,10,256,0.28720155815419957,252,20,51,133,196,0.078125,0.19921875,0.51953125,0.765625,625.0,256.0,10000.0,7668.949096652908,1.093567492522196,0.0042717480176648285,1.369568221118137,0.005349875863742723,1.0458585500100122,0.00408538496097661,3.107668382378499,10.0,256.0,0.42041555745102743,253.0,1.0,1.0,12.0,107.0,0.00390625,0.00390625,0.046875,0.41796875,39.0625,0,10.01
layer3.1.conv1,conv,42,256,1,False,256.0,0,8.0,8.0,160000,116309.90731029361,4.339776720212442,0.016952252813329852,11.201642936745683,0.043756417721662826,2.33609781982349,0.009125382108685508,1.284250767374021,10,256,0.9866361212779372,256,20,63,178,245,0.078125,0.24609375,0.6953125,0.95703125,625.0,256.0,10000.0,13106.67277069369,1.1050211230297056,0.004316488761834787,1.4057469296609422,0.005491198943988055,1.0513579563921833,0.004106867017156966,2.2463578221827065,10.0,256.0,0.9562047176451159,256.0,1.0,1.0,13.0,94.0,0.00390625,0.00390625,0.05078125,0.3671875,39.0625,0,10.01
layer3.1.conv2,conv,43,256,1,False,256.0,0,8.0,8.0,160000,115720.711679162,4.390241930338489,0.017149382540384724,11.296004855042638,0.0441250189650103,2.3718386052102787,0.009264994551602651,1.2919409470693244,10,256,0.9895747468519578,256,21,62,180,245,0.08203125,0.2421875,0.703125,0.95703125,625.0,256.0,10000.0,12194.233520198319,1.105502224082982,0.004318368062824148,1.4048009050912742,0.00548750353551279,1.0516020021756887,0.004107820320998784,2.2505725784036112,10.0,256.0,0.9583256695118387,256.0,1.0,1.0,12.0,92.0,0.00390625,0.00390625,0.046875,0.359375,39.0625,0,10.01
layer3.1,block,44,256,1,False,,0,8.0,8.0,160000,101860.69398363277,4.051707873559761,0.015826983881092816,11.339040525573218,0.04429312705302038,2.172863623457712,0.008487748529131688,1.9465083031070622,10,256,0.618743907875941,256,24,62,155,219,0.09375,0.2421875,0.60546875,0.85546875,625.0,256.0,10000.0,15635.613067390508,1.0807054359039663,0.004221505608999868,1.3235516892529606,0.0051701237861443775,1.0396582423233682,0.004061165009075657,2.1032017731943617,10.0,256.0,0.7203097222319323,256.0,1.0,1.0,10.0,106.0,0.00390625,0.00390625,0.0390625,0.4140625,39.0625,0,10.01
layer3.2.conv1,conv,45,256,1,False,256.0,0,8.0,8.0,160000,244519.80771978994,4.439048998526853,0.01734003515049552,10.97472596626493,0.042870023305722385,2.4173362224091295,0.009442719618785662,1.2857660904266701,10,256,0.9900030946506141,256,19,58,177,245,0.07421875,0.2265625,0.69140625,0.95703125,625.0,256.0,10000.0,28815.183972219085,1.0869882775301631,0.0042460479591022,1.3383884810680244,0.0052280800041719705,1.042703741307715,0.004073061489483261,2.197990504278643,10.0,256.0,0.9614182469876129,256.0,1.0,1.0,10.0,86.0,0.00390625,0.00390625,0.0390625,0.3359375,39.0625,0,10.01
layer3.2.conv2,conv,46,256,1,False,256.0,0,8.0,8.0,160000,277794.9968606108,4.431512354370859,0.01731059513426117,10.198662906013848,0.03983852697661659,2.495592199428035,0.009748407029015761,1.3131626901161242,10,256,0.9891856108810387,256,15,48,169,243,0.05859375,0.1875,0.66015625,0.94921875,625.0,256.0,10000.0,29013.77072699238,1.08394915401979,0.004234176382889805,1.320699778223913,0.00515898350868716,1.0412668926332718,0.004067448799348718,2.2581082327591764,10.0,256.0,0.9611362018518894,256.0,1.0,1.0,9.0,80.0,0.00390625,0.00390625,0.03515625,0.3125,39.0625,0,10.01
layer3.2,block,47,256,1,False,,0,8.0,8.0,160000,241067.45686629618,3.7625140443195177,0.014697320485623116,10.063371817945509,0.03931004616384964,2.084729072286078,0.008143472938617492,1.8713016620153196,10,256,0.688495693098037,256,19,54,151,217,0.07421875,0.2109375,0.58984375,0.84765625,625.0,256.0,10000.0,37118.227940459685,1.0616734010885793,0.004147161723002263,1.2503234474921485,0.004884075966766205,1.0304356778339907,0.004025139366539026,2.0539689406007753,10.0,256.0,0.8034483042828086,256.0,1.0,1.0,7.0,91.0,0.00390625,0.00390625,0.02734375,0.35546875,39.0625,0,10.01
layer3.3.conv1,conv,48,256,1,False,256.0,0,8.0,8.0,160000,536336.7132675354,4.868940253046567,0.019019297863463153,10.961616219299282,0.04281881335663782,2.7621739425118865,0.010789741962937057,1.3184761810401096,10,256,0.9903365765840313,256,16,49,171,244,0.0625,0.19140625,0.66796875,0.953125,625.0,256.0,10000.0,52353.60874853172,1.0942634424140563,0.004274466571929907,1.3538755873351833,0.00528857651302806,1.0462580318985761,0.004086945437103813,2.212684317456009,10.0,256.0,0.9602887104507261,256.0,1.0,1.0,10.0,86.0,0.00390625,0.00390625,0.0390625,0.3359375,39.0625,0,10.01
layer3.3.conv2,conv,49,256,1,False,256.0,0,8.0,8.0,160000,474290.22812478297,5.378136099730197,0.021008344139571082,12.241396316025419,0.04781795435947429,3.008370493008752,0.011751447238315437,1.3830122564222715,10,256,0.9905443208949264,256,18,51,170,243,0.0703125,0.19921875,0.6640625,0.94921875,625.0,256.0,10000.0,41143.927851528635,1.1017374789042542,0.004303662026969743,1.379853849457371,0.005390054099442856,1.0498463936212479,0.0041009624750829995,2.2886800125325593,10.0,256.0,0.956147002530586,256.0,1.0,1.0,11.0,85.0,0.00390625,0.00390625,0.04296875,0.33203125,39.0625,0,10.01
layer3.3,block,50,256,1,False,,0,8.0,8.0,160000,481629.91789772816,4.396101952629327,0.01717227325245831,11.434219178173963,0.044664918664742044,2.331220318956144,0.009106329370922437,1.7550104707314615,10,256,0.7103391267905573,256,20,54,157,225,0.078125,0.2109375,0.61328125,0.87890625,625.0,256.0,10000.0,69416.1472654579,1.0620231604636157,0.004148527970560999,1.2500216714300354,0.004882897154023576,1.0306072025497028,0.004025809384959777,1.9114205826175295,10.0,256.0,0.8217799536088688,256.0,1.0,1.0,7.0,92.0,0.00390625,0.00390625,0.02734375,0.359375,39.0625,0,10.01
layer3.4.conv1,conv,51,256,1,False,256.0,0,8.0,8.0,160000,998248.9261962865,5.49758088103607,0.02147492531654715,12.849310364103806,0.05019261860978049,2.9427966452660246,0.011495299395570409,1.3708420392870553,10,256,0.9918322445180969,256,19,54,174,244,0.07421875,0.2109375,0.6796875,0.953125,625.0,256.0,10000.0,92350.72638481241,1.1042424342454034,0.004313447008771107,1.3859827704474408,0.0054139951970603156,1.0510576332799706,0.004105693879999885,2.1856104579849993,10.0,256.0,0.9590988824865588,256.0,1.0,1.0,10.0,88.0,0.00390625,0.00390625,0.0390625,0.34375,39.0625,0,10.01
layer3.4.conv2,conv,52,256,1,False,256.0,0,8.0,8.0,160000,860388.5580354424,5.924158065990572,0.023141242445275673,14.311653593460797,0.05590489684945624,3.144082258072118,0.01228157132059421,1.416849272335412,10,256,0.9919357334019728,256,22,59,176,244,0.0859375,0.23046875,0.6875,0.953125,625.0,256.0,10000.0,70078.13123882982,1.1204705762629812,0.00437683818852727,1.4381582691653845,0.005617805738927283,1.0588533770593642,0.0041361460041381415,2.247982061588659,10.0,256.0,0.9543066991276945,256.0,1.0,2.0,12.0,92.0,0.00390625,0.0078125,0.046875,0.359375,39.0625,0,10.01
layer3.4,block,53,256,1,False,,0,8.0,8.0,160000,961200.7088204228,4.908548475173075,0.019174017481144823,13.004337690309125,0.05079819410277002,2.5051938647957086,0.009785913534358237,1.645374287974623,10,256,0.8588999629235722,256,22,58,164,230,0.0859375,0.2265625,0.640625,0.8984375,625.0,256.0,10000.0,132840.53131412013,1.0638189975047143,0.00415554295900279,1.2552221354570465,0.004903211466629088,1.031487689062024,0.004029248785398531,1.794973464233228,10.0,256.0,0.9237259691841925,256.0,1.0,1.0,7.0,94.0,0.00390625,0.00390625,0.02734375,0.3671875,39.0625,0,10.01
layer3.5.conv1,conv,54,256,1,False,256.0,0,8.0,8.0,160000,2278015.833389329,4.734076520493186,0.01849248640817651,11.401775172125285,0.044538184266114396,2.5365856885525804,0.009908537845908517,1.4060741456849082,10,256,0.9928788948657941,256,18,47,167,243,0.0703125,0.18359375,0.65234375,0.94921875,625.0,256.0,10000.0,240167.15467087502,1.0715148111474366,0.004185604731044674,1.2740102909094972,0.004976602698865224,1.0352484499504828,0.0040439392576190735,2.167879284551906,10.0,256.0,0.9595950458869413,256.0,1.0,1.0,7.0,74.0,0.00390625,0.00390625,0.02734375,0.2890625,39.0625,0,10.01
layer3.5.conv2,conv,55,256,1,False,256.0,0,8.0,8.0,160000,2047071.7059036822,5.352716944839034,0.020909050565777475,12.846285634918196,0.050180803261399204,2.784667697089426,0.01087760819175557,1.4637304252542658,10,256,0.9916900292581102,256,19,48,167,242,0.07421875,0.1875,0.65234375,0.9453125,625.0,256.0,10000.0,191869.12151028597,1.0880413407236205,0.0042501614872016424,1.32294854545791,0.005167767755694961,1.043289123152582,0.004075348137314774,2.2935961661032844,10.0,256.0,0.9551002162425292,256.0,1.0,1.0,8.0,74.0,0.00390625,0.00390625,0.03125,0.2890625,39.0625,0,10.01
layer3.5,block,56,256,1,False,,0,8.0,8.0,160000,2011170.7431236494,4.646329550234245,0.01814972480560252,12.207690904062643,0.0476862925939947,2.3980835811456678,0.009367513988850265,1.8049819968182104,10,256,0.8378007303939146,256,20,51,152,222,0.078125,0.19921875,0.59375,0.8671875,625.0,256.0,10000.0,286927.58380276297,1.0551737352111086,0.004121772403168393,1.2199015418891088,0.004765240398004331,1.0272769179811692,0.004012800460863942,1.8570404775900051,10.0,256.0,0.9047390001906539,256.0,1.0,1.0,6.0,81.0,0.00390625,0.00390625,0.0234375,0.31640625,39.0625,0,10.01
layer4.0.conv1,conv,57,512,1,False,512.0,0,4.0,4.0,160000,4344954.344320549,4.311205605988331,0.008420323449195959,9.104214634804388,0.01778166920860232,2.4698486293821773,0.004823923104262065,1.3313669031721915,10,512,0.9708417730159236,512,9,28,241,454,0.017578125,0.0546875,0.470703125,0.88671875,312.5,512.0,10000.0,473630.5092016523,1.1193645734567281,0.002186258932532672,1.5246241686452087,0.002977781579385173,1.0581692241013219,0.0020667367658228943,1.6574482729974767,10.0,512.0,0.9367993967100423,512.0,1.0,2.0,56.0,299.0,0.001953125,0.00390625,0.109375,0.583984375,19.53125,0,10.01
layer4.0.conv2,conv,58,512,1,False,512.0,0,4.0,4.0,160000,3908265.702865692,5.267611704688665,0.01028830411072005,9.82586959626791,0.019191151555210763,3.6628602304639815,0.007154023887624964,1.2274089093020422,10,512,0.9735388690896337,512,9,21,245,463,0.017578125,0.041015625,0.478515625,0.904296875,312.5,512.0,10000.0,271892.0924013387,1.1721051436528807,0.0022892678586970325,1.7225548482818183,0.0033643649380504263,1.0830862323653474,0.002115402797588569,1.767268249028163,10.0,512.0,0.9379958333608575,512.0,1.0,3.0,72.0,301.0,0.001953125,0.005859375,0.140625,0.587890625,19.53125,0,10.01
layer4.0.downsample.0,conv,59,512,1,False,256.0,0,4.0,4.0,160000,3987815.5373641066,3.7838471724411407,0.007390326508674103,8.569915922510567,0.016738117036153452,2.127642062252848,0.004155550902837594,6.467553416603917,10,512,0.6061936733525791,379,10,28,113,197,0.01953125,0.0546875,0.220703125,0.384765625,312.5,512.0,10000.0,650674.9968020491,1.0837110831117887,0.002116623209202712,1.3690355303441832,0.002673897520203483,1.0410783014282539,0.0020333560574770583,5.701288742273524,10.0,512.0,0.6331459435394654,384.0,1.0,1.0,28.0,143.0,0.001953125,0.001953125,0.0546875,0.279296875,19.53125,0,10.01
layer4.0,block,60,512,1,False,,0,4.0,4.0,160000,3234611.902662677,4.783876013626984,0.009343507839115204,10.553104673157543,0.020611532564760827,2.5886842565854677,0.005056023938643492,2.956719655947021,10,512,0.24619037496547524,498,11,35,200,366,0.021484375,0.068359375,0.390625,0.71484375,312.5,512.0,10000.0,502485.9998433102,1.088827284503427,0.002126615790045756,1.3965027021840124,0.0027275443402031492,1.0435560000235877,0.0020381953125460698,2.9276486992443416,10.0,512.0,0.22743988352234568,498.0,1.0,1.0,38.0,262.0,0.001953125,0.001953125,0.07421875,0.51171875,19.53125,0,10.01
layer4.1.conv1,conv,61,512,1,False,512.0,0,4.0,4.0,160000,7815008.431309555,5.300618456545527,0.010352770422940482,9.592538001851354,0.018735425784865926,3.7891059167701258,0.007400597493691652,1.2564056929398673,10,512,0.9726519839623275,512,9,18,224,456,0.017578125,0.03515625,0.4375,0.890625,312.5,512.0,10000.0,607996.7137973511,1.133482267979728,0.0022138325546479064,1.560346627429184,0.003047552006697625,1.0649287663234333,0.0020799389967254556,1.7713234994529123,10.0,512.0,0.9409197809032156,512.0,1.0,2.0,52.0,277.0,0.001953125,0.00390625,0.1015625,0.541015625,19.53125,0,10.01
layer4.1.conv2,conv,62,512,1,False,512.0,0,4.0,4.0,160000,7283157.92863397,5.722301778364094,0.011176370660867371,10.111895200866966,0.019749795314193293,3.9711181398702613,0.007756090116934104,1.2619810351532303,10,512,0.9636649941946593,512,9,15,206,452,0.017578125,0.029296875,0.40234375,0.8828125,312.5,512.0,10000.0,466583.1510524451,1.14033691088461,0.002227220529071504,1.5805194920547123,0.00308695213291936,1.0682116787187235,0.0020863509349975068,1.77303090167848,10.0,512.0,0.938270491534566,512.0,1.0,2.0,54.0,278.0,0.001953125,0.00390625,0.10546875,0.54296875,19.53125,0,10.01
layer4.1,block,63,512,1,False,,0,4.0,4.0,160000,6365606.812637093,5.904197165142362,0.011531635088168676,11.620670472878134,0.022696622017340105,3.3628716581882876,0.006568108707398999,1.7590364160464378,10,512,0.3843815556553981,511,11,26,218,421,0.021484375,0.05078125,0.42578125,0.822265625,312.5,512.0,10000.0,807429.8634242562,1.0868765198856243,0.00212280570290161,1.3856255679102947,0.0027062999373247943,1.0426259343200885,0.002036378777968923,1.7951641858673124,10.0,512.0,0.4026664493497858,510.0,1.0,1.0,36.0,285.0,0.001953125,0.001953125,0.0703125,0.556640625,19.53125,0,10.01
layer4.2.conv1,conv,64,512,1,False,512.0,0,4.0,4.0,160000,14940092.170828015,5.522368586706221,0.010785876145910587,9.65674299490061,0.018860826161915253,3.705518479271087,0.007237340779826342,1.2566264983331281,10,512,0.9649605882897233,512,9,14,196,450,0.017578125,0.02734375,0.3828125,0.87890625,312.5,512.0,10000.0,890821.5228397406,1.1332833835034355,0.0022134441084051474,1.567738601216598,0.003061989455501168,1.0648069282348862,0.002079701031708762,1.7234537033911115,10.0,512.0,0.9414691413616915,512.0,1.0,2.0,56.0,288.0,0.001953125,0.00390625,0.109375,0.5625,19.53125,0,10.01
layer4.2.conv2,conv,65,512,1,False,512.0,0,4.0,4.0,160000,12637470.962001098,6.087119627664727,0.01188890552278267,10.598606573374743,0.020700403463622546,3.959901795729363,0.0077341831947839125,1.2691119204084045,10,512,0.9557771838211405,512,10,15,190,449,0.01953125,0.029296875,0.37109375,0.876953125,312.5,512.0,10000.0,670832.4581315182,1.1408404639735508,0.0022282040311983413,1.5971221110458123,0.003119379123136352,1.0683782924791398,0.00208667635249832,1.760399041209278,10.0,512.0,0.9337733315813053,512.0,1.0,2.0,60.0,287.0,0.001953125,0.00390625,0.1171875,0.560546875,19.53125,0,10.01
layer4.2,block,66,512,1,False,,0,4.0,4.0,160000,12585080.144651085,5.940354245500912,0.011602254385743969,11.28839554273898,0.02204764754441207,3.303570407700137,0.00645228595253933,1.516249671857892,10,512,0.7768099945196723,511,11,18,206,426,0.021484375,0.03515625,0.40234375,0.83203125,312.5,512.0,10000.0,1539504.100595287,1.0686256279899797,0.002087159429667929,1.3127190296562306,0.0025639043547973253,1.0337916133168699,0.0020191242447595114,1.6577512873724924,10.0,512.0,0.46860933226503,511.0,1.0,1.0,24.0,273.0,0.001953125,0.001953125,0.046875,0.533203125,19.53125,0,10.01
layer4.3.conv1,conv,67,512,1,False,512.0,0,4.0,4.0,160000,28112160.737643007,5.727909179436639,0.011187322616087186,9.828094654283255,0.019195497371646983,3.754002416893124,0.0073320359704943825,1.2715377764990894,10,512,0.9526914226811768,512,9,14,172,443,0.017578125,0.02734375,0.3359375,0.865234375,312.5,512.0,10000.0,1799160.7117670497,1.0975601155889652,0.0021436721007596976,1.425402176732888,0.0027839886264314218,1.0477630479798568,0.0020464122030856577,1.7225273205451184,10.0,512.0,0.9381257705876157,512.0,1.0,1.0,39.0,263.0,0.001953125,0.001953125,0.076171875,0.513671875,19.53125,0,10.01
layer4.3.conv2,conv,68,512,1,False,512.0,0,4.0,4.0,160000,23670334.000873294,6.2257261256369585,0.012159621339134685,10.49043949424806,0.02048913963720324,4.095463015134929,0.007998951201435409,1.2890752320228926,10,512,0.9443787488893678,512,10,14,158,438,0.01953125,0.02734375,0.30859375,0.85546875,312.5,512.0,10000.0,1313701.5421759244,1.0978796181281607,0.002144296129156564,1.4336442746998332,0.002800086474023112,1.0479018452637083,0.0020466832915306803,1.7818767466686218,10.0,512.0,0.9323892854680048,512.0,1.0,1.0,43.0,260.0,0.001953125,0.001953125,0.083984375,0.5078125,19.53125,0,10.01
layer4.3,block,69,512,1,False,,0,4.0,4.0,160000,22321472.198825005,6.7133127314654315,0.013111938928643421,12.029020763110756,0.023494181177950695,3.9460894094897427,0.007707205877909654,1.5814521090766196,10,512,0.37906182542641487,511,11,16,193,422,0.021484375,0.03125,0.376953125,0.82421875,312.5,512.0,10000.0,2581636.9217741475,1.062007784037867,0.002074233953198959,1.2852610231226909,0.0025102754357865056,1.0305756767837202,0.0020128431187182035,1.546191512909686,10.0,512.0,0.8916341505701799,511.0,1.0,1.0,20.0,265.0,0.001953125,0.001953125,0.0390625,0.517578125,19.53125,0,10.01
layer4.4.conv1,conv,70,512,1,False,512.0,0,4.0,4.0,160000,48131221.471046224,6.002290555094789,0.01172322374041951,10.161203737331503,0.01984610104947559,4.034364899982087,0.007879618945277514,1.2825419236042808,10,512,0.9446830201639118,512,10,14,157,438,0.01953125,0.02734375,0.306640625,0.85546875,312.5,512.0,10000.0,2947014.280795853,1.089841238521023,0.002128596168986373,1.3955501396287706,0.0027256838664624426,1.0440493179004535,0.0020391588240243233,1.7341678127718898,10.0,512.0,0.9359395787558884,512.0,1.0,1.0,36.0,256.0,0.001953125,0.001953125,0.0703125,0.5,19.53125,0,10.01
layer4.4.conv2,conv,71,512,1,False,512.0,0,4.0,4.0,160000,38844970.06350416,6.18544074275514,0.012080938950693633,10.334949076233466,0.020185447414518488,4.240722172683145,0.008282660493521768,1.2979260073028076,10,512,0.9411449164781212,512,10,14,143,432,0.01953125,0.02734375,0.279296875,0.84375,312.5,512.0,10000.0,2147673.0868848576,1.0900515440924157,0.0021290069220554994,1.3963632459904485,0.0027272719648250947,1.0441519045152374,0.002039359188506323,1.7909285919876674,10.0,512.0,0.9316962763865183,512.0,1.0,1.0,37.0,249.0,0.001953125,0.001953125,0.072265625,0.486328125,19.53125,0,10.01
layer4.4,block,72,512,1,False,,0,4.0,4.0,160000,41695132.01099306,6.509992386927064,0.012714828880716922,11.329397311638825,0.02212772912429458,3.9062940789746126,0.00762948062299729,1.5338651206990728,10,512,0.6753521460461696,512,11,15,171,416,0.021484375,0.029296875,0.333984375,0.8125,312.5,512.0,10000.0,4805782.681494854,1.051900874930602,0.002054493896348832,1.240208412871515,0.0024222820563896776,1.0256504215563946,0.0020032234796023333,1.6044181483413273,10.0,512.0,0.7469670182211342,512.0,1.0,1.0,12.0,244.0,0.001953125,0.001953125,0.0234375,0.4765625,19.53125,0,10.01
layer4.5.conv1,conv,73,512,1,False,512.0,0,4.0,4.0,160000,90778519.17653862,6.025161063674835,0.011767892702489912,9.908261049509433,0.01935207236232311,3.8709898378888172,0.007560527027126596,1.2827058802324458,10,512,0.9360194483474796,512,9,13,127,427,0.017578125,0.025390625,0.248046875,0.833984375,312.5,512.0,10000.0,5707297.586482884,1.0685776260544197,0.0020870656758875386,1.30828633817512,0.002555246754248281,1.0337730372859415,0.0020190879634491045,1.7425149001235036,10.0,512.0,0.9355337940846101,512.0,1.0,1.0,23.0,232.0,0.001953125,0.001953125,0.044921875,0.453125,19.53125,0,10.01
layer4.5.conv2,conv,74,512,1,False,512.0,0,4.0,4.0,160000,71491856.34555036,6.644302067548758,0.012977152475681169,10.587306783546202,0.020678333561613676,4.271191024524118,0.008342169969773668,1.306283498364434,10,512,0.9281170218965509,512,10,13,112,418,0.01953125,0.025390625,0.21875,0.81640625,312.5,512.0,10000.0,3730742.8773829513,1.0749409101469523,0.002099493965130766,1.3361958371780251,0.0026097574944883304,1.0368532466778264,0.0020251039974176297,1.8162156996056749,10.0,512.0,0.9292100936836747,512.0,1.0,1.0,28.0,231.0,0.001953125,0.001953125,0.0546875,0.451171875,19.53125,0,10.01
layer4.5,block,75,512,1,False,,0,4.0,4.0,160000,78859740.79617733,6.652231798400343,0.01299264023125067,11.246656823520064,0.021966126608437626,3.8315397016230985,0.007483475979732614,1.4365214010663905,10,512,0.890815954332908,512,11,14,146,412,0.021484375,0.02734375,0.28515625,0.8046875,312.5,512.0,10000.0,9213381.836436132,1.042416537491276,0.0020359697997876483,1.1986212268480438,0.0023410570836875856,1.0210066502167594,0.001994153613704608,1.5334427527379524,10.0,512.0,0.9311305705949039,512.0,1.0,1.0,7.0,219.0,0.001953125,0.001953125,0.013671875,0.427734375,19.53125,0,10.01
fc,linear,76,10,1,False,,0,,,10000,16437.348225921134,1.1346278141346888,0.11346278141346888,1.4232762937436492,0.1423276293743649,1.0655725786405266,0.10655725786405265,,10,10,,10,1,2,7,10,0.1,0.2,0.7,1.0,1000.0,,,,,,,,,,,,,,,,,,,,,,,,0,10.01
conv1,conv,0,64,1,False,27.0,0,32.0,32.0,160000,55.73798741562658,1.2880697645722234,0.02012609007144099,1.7882230448017047,0.027940985075026636,1.1373650517297758,0.017771328933277746,14.019237211812083,10,64,0.8924118975818547,47,2,4,7,13,0.03125,0.0625,0.109375,0.203125,2500.0,64.0,10000.0,16.639504028468917,1.1837483402375137,0.018496067816211152,1.3885255346573417,0.021695711479020965,1.0912483028091204,0.017050754731392507,7.765867303843824,10.0,64.0,0.949832968305039,43.0,1.0,2.0,3.0,3.0,0.015625,0.03125,0.046875,0.046875,156.25,1,49.86
layer1.0.conv1,conv,1,64,1,False,64.0,0,32.0,32.0,160000,127.7085119598427,1.9000421829133258,0.029688159108020716,3.6336011298397453,0.05677501765374602,1.3950568725129846,0.021797763633015384,2.394334737674688,10,64,0.9896539625388663,64,5,9,26,53,0.078125,0.140625,0.40625,0.828125,2500.0,64.0,10000.0,39.1906874778436,1.5012837759944035,0.023457558999912555,2.0585284297012754,0.03216450671408243,1.2398242827935946,0.019372254418649915,4.355953887798546,10.0,64.0,0.9853087047699579,64.0,2.0,3.0,5.0,11.0,0.03125,0.046875,0.078125,0.171875,156.25,1,49.86
layer1.0.conv2,conv,2,64,1,False,64.0,0,32.0,32.0,160000,92.03467285501918,2.450617750069722,0.03829090234483941,5.2582983895876865,0.0821609123373076,1.6081362788708773,0.025127129357357458,1.949424332540107,10,64,0.9902002737851459,64,8,16,39,60,0.125,0.25,0.609375,0.9375,2500.0,64.0,10000.0,28.365303663400628,1.7570786396981688,0.027454353745283887,2.537396812630631,0.03964682519735361,1.3583775966351017,0.021224649947423464,4.044444260949907,10.0,64.0,0.9706205917436421,64.0,3.0,3.0,7.0,18.0,0.046875,0.046875,0.109375,0.28125,156.25,1,49.86
layer1.0,block,3,64,1,False,,0,32.0,32.0,160000,37.42291135492505,4.9764589132892425,0.07775717052014441,11.113661201792587,0.17365095627800917,2.45621915547576,0.03837842430430875,1.878591186708787,10,64,0.9834793034965841,64,15,26,49,62,0.234375,0.40625,0.765625,0.96875,2500.0,64.0,10000.0,9.676472052386972,2.589370673476771,0.040458916773074546,4.0603286021911575,0.06344263440923684,1.7167797093901451,0.026824682959221018,3.0604823528964964,10.0,64.0,0.9945447504796122,64.0,4.0,6.0,13.0,35.0,0.0625,0.09375,0.203125,0.546875,156.25,1,49.86
layer1.1.conv1,conv,4,64,1,False,64.0,0,32.0,32.0,160000,156.04986443932867,3.3498626779176464,0.052341604342463224,7.397720622004706,0.11558938471882353,1.9366711067606794,0.030260486043135616,1.9543522472043442,10,64,0.9955604594758525,64,11,19,44,61,0.171875,0.296875,0.6875,0.953125,2500.0,64.0,10000.0,46.79501923990841,1.917372231044131,0.029958941110064547,2.861505472363658,0.04471102300568216,1.42766485035122,0.02230726328673781,4.1217781358715975,10.0,64.0,0.9713886331132956,64.0,3.0,4.0,8.0,21.0,0.046875,0.0625,0.125,0.328125,156.25,1,49.86
layer1.1.conv2,conv,5,64,1,False,64.0,0,32.0,32.0,160000,59.45263594631606,4.065376658603325,0.06352151029067696,10.059262274570303,0.15717597304016098,2.122180420304577,0.03315906906725902,1.806173900909376,10,64,0.9897538101376817,64,16,27,50,62,0.25,0.421875,0.78125,0.96875,2500.0,64.0,10000.0,16.8825252131087,1.8053285183493994,0.028208258099209366,2.9422008638609647,0.04597188849782757,1.3646742251723798,0.021323034768318434,4.193699908101326,10.0,64.0,0.9636085697687613,64.0,4.0,5.0,11.0,27.0,0.0625,0.078125,0.171875,0.421875,156.25,1,49.86
layer1.1,block,6,64,1,False,,0,32.0,32.0,160000,62.14453751699615,5.758353766178158,0.08997427759653372,13.79223901793765,0.21550373465527578,2.637142875883314,0.041205357435676784,1.6502608192455992,10,64,0.9935011027024309,64,20,33,54,63,0.3125,0.515625,0.84375,0.984375,2500.0,64.0,10000.0,15.23995600030618,2.3047150442140443,0.03601117256584444,4.000641127910048,0.0625100176235945,1.5679631284956157,0.024499423882743995,2.8907131113778233,10.0,64.0,0.9959355260767379,64.0,5.0,7.0,16.0,42.0,0.078125,0.109375,0.25,0.65625,156.25,1,49.86
layer1.2.conv1,conv,7,64,1,False,64.0,0,32.0,32.0,160000,235.8355910619275,3.1415025592536545,0.04908597748833835,7.897174308019806,0.12339334856280947,1.8240612853340141,0.02850095758334397,1.792495821475892,10,64,0.9884119596490925,64,14,25,48,62,0.21875,0.390625,0.75,0.96875,2500.0,64.0,10000.0,68.71488036272392,1.5378409745286006,0.024028765227009384,2.3805039613481025,0.0371953743960641,1.2493005022727917,0.01952032034801237,4.012822784807232,10.0,64.0,0.959251340880049,64.0,3.0,4.0,10.0,25.0,0.046875,0.0625,0.15625,0.390625,156.25,1,49.86
layer1.2.conv2,conv,8,64,1,False,64.0,0,32.0,32.0,160000,58.14610066511714,4.042985970305212,0.06317165578601894,10.46231421120175,0.16347365955002735,2.1095363675747403,0.03296150574335532,1.669430259528095,10,64,0.9904477180369824,64,18,30,52,63,0.28125,0.46875,0.8125,0.984375,2500.0,64.0,10000.0,15.226301915087586,1.6604211169948924,0.025944079953045193,2.7128839247958934,0.042388811324935834,1.3014106411046598,0.02033454126726031,4.1160098972438615,10.0,64.0,0.950651884357631,64.0,3.0,5.0,12.0,30.0,0.046875,0.078125,0.1875,0.46875,156.25,1,49.86
layer1.2,block,9,64,1,False,,0,32.0,32.0,160000,97.71726523476073,5.366543935456038,0.0838522489915006,13.310688659088536,0.20797951029825837,2.5110151935648006,0.03923461239945001,1.5686777842198278,10,64,0.992439152255269,64,21,34,55,63,0.328125,0.53125,0.859375,0.984375,2500.0,64.0,10000.0,23.23698977483116,2.0402710729068105,0.031879235514168915,3.600944491877248,0.056264757685582,1.4575331688703972,0.022773955763599956,2.8488254594433204,10.0,64.0,0.997115363846229,64.0,4.0,7.0,16.0,42.0,0.0625,0.109375,0.25,0.65625,156.25,1,49.86
layer1.3.conv1,conv,10,64,1,False,64.0,0,32.0,32.0,160000,304.18374908748916,4.268003374607866,0.0666875527282479,10.114830666634827,0.15804422916616917,2.226609976767071,0.034790780886985485,1.7052745916248848,10,64,0.9882959588192372,64,16,27,51,63,0.25,0.421875,0.796875,0.984375,2500.0,64.0,10000.0,79.30838724092327,1.7121036445080149,0.026751619445437733,2.7310218191021183,0.0426722159234706,1.327425437307349,0.02074102245792733,3.9944807757468355,10.0,64.0,0.9615977093841122,64.0,3.0,5.0,11.0,28.0,0.046875,0.078125,0.171875,0.4375,156.25,1,49.86
layer1.3.conv2,conv,11,64,1,False,64.0,0,32.0,32.0,160000,50.574502995998365,6.255772636871049,0.09774644745111014,14.31183017463385,0.2236223464786539,2.854802625886448,0.04460629102947575,1.571630508674812,10,64,0.9872119300485777,64,22,34,55,63,0.34375,0.53125,0.859375,0.984375,2500.0,64.0,10000.0,11.791951658791618,2.124090947168929,0.033188921049514514,3.474403548331618,0.05428755544268153,1.509910882685854,0.02359235754196647,4.078651605276811,10.0,64.0,0.951512618044558,64.0,4.0,6.0,14.0,32.0,0.0625,0.09375,0.21875,0.5,156.25,1,49.86
layer1.3,block,12,64,1,False,,0,32.0,32.0,160000,127.59709900939984,6.775943915003323,0.10587412367192692,15.63060689796058,0.24422823278063407,2.9664810104993564,0.046351265789052444,1.4625070999566114,10,64,0.994482825385751,64,23,37,56,64,0.359375,0.578125,0.875,1.0,2500.0,64.0,10000.0,27.863539567592557,2.27505046839156,0.035547663568618125,4.046216416573981,0.06322213150896845,1.553777671238611,0.0242777761131033,2.763618516821007,10.0,64.0,0.9977187854769196,64.0,5.0,7.0,18.0,45.0,0.078125,0.109375,0.28125,0.703125,156.25,1,49.86
layer1.4.conv1,conv,13,64,1,False,64.0,0,32.0,32.0,160000,411.42538387426725,3.8584866573852015,0.06028885402164377,9.53277907387557,0.14894967302930578,2.07261415836961,0.03238459622452516,1.700095333210466,10,64,0.9898068085401942,64,16,28,51,63,0.25,0.4375,0.796875,0.984375,2500.0,64.0,10000.0,107.59080264159955,1.6323141221657238,0.025504908158839434,2.5688935115272686,0.04013896111761357,1.2923864425283256,0.020193538164505087,3.923688423905762,10.0,64.0,0.9565106260718751,64.0,3.0,5.0,11.0,28.0,0.046875,0.078125,0.171875,0.4375,156.25,1,49.86
layer1.4.conv2,conv,14,64,1,False,64.0,0,32.0,32.0,160000,49.247086045684156,5.316171117055651,0.08306517370399455,13.3038071425627,0.2078719866025422,2.5120112838675315,0.03925017631043018,1.569906350293998,10,64,0.9884019275966296,64,22,35,55,63,0.34375,0.546875,0.859375,0.984375,2500.0,64.0,10000.0,11.265628571982685,1.8600011314307185,0.029062517678604977,3.0582832380628733,0.047785675594732395,1.3908455682988814,0.021731962004670022,3.8235792604544176,10.0,64.0,0.9500766001590595,64.0,4.0,5.0,13.0,32.0,0.0625,0.078125,0.203125,0.5,156.25,1,49.86
layer1.4,block,15,64,1,False,,0,32.0,32.0,160000,167.97335037347318,6.5810488278691865,0.10282888793545604,15.272158731198784,0.238627480174981,2.9182116581175666,0.04559705715808698,1.4220040338895394,10,64,0.9957850534974586,64,23,37,57,64,0.359375,0.578125,0.890625,1.0,2500.0,64.0,10000.0,35.58054408066723,2.1828369576213142,0.034106827462833035,3.9151442271502797,0.06117412854922312,1.5145574429691333,0.023664960046392708,2.7317544095414013,10.0,64.0,0.9974366310074054,64.0,5.0,7.0,17.0,45.0,0.078125,0.109375,0.265625,0.703125,156.25,1,49.86
layer1.5.conv1,conv,16,64,1,False,64.0,0,32.0,32.0,160000,429.27261322368435,5.625421168839894,0.08789720576312335,13.31444599299184,0.2080382186404975,2.6301102751360776,0.04109547304900121,1.6913215626764326,10,64,0.9880898182581905,64,20,32,53,63,0.3125,0.5,0.828125,0.984375,2500.0,64.0,10000.0,94.38144884095172,2.049717840400292,0.03202684125625456,3.3897759759210713,0.05296524962376674,1.476151624006312,0.023064869125098624,3.9590921403827104,10.0,64.0,0.9670653850347979,64.0,4.0,6.0,13.0,31.0,0.0625,0.09375,0.203125,0.484375,156.25,1,49.86
layer1.5.conv2,conv,17,64,1,False,64.0,0,32.0,32.0,160000,46.521739094532286,6.983399638069983,0.10911561934484348,16.590397506411517,0.25922496103767995,2.978156609503187,0.046533697023487294,1.556286773286591,10,64,0.9843106710563213,64,25,37,56,63,0.390625,0.578125,0.875,0.984375,2500.0,64.0,10000.0,8.959847668637186,2.140757488823383,0.03344933576286536,3.6950909155765417,0.057735795555883464,1.5067388663851322,0.02354279478726769,3.934096636447424,10.0,64.0,0.9492574832745986,64.0,4.0,7.0,15.0,35.0,0.0625,0.109375,0.234375,0.546875,156.25,1,49.86
layer1.5,block,18,64,1,False,,0,32.0,32.0,160000,198.40364658972123,7.77463406809087,0.12147865731391984,17.10188621448702,0.2672169721013597,3.291991233854898,0.05143736302898278,1.4179699338871805,10,64,0.9948387505149983,64,25,38,57,64,0.390625,0.59375,0.890625,1.0,2500.0,64.0,10000.0,39.67263845864946,2.382598743841372,0.037228105372521435,4.271940400646887,0.06674906876010761,1.596126725019895,0.02493948007843586,2.722083678335489,10.0,64.0,0.9983214812259443,64.0,5.0,8.0,18.0,47.0,0.078125,0.125,0.28125,0.734375,156.25,1,49.86
layer2.0.conv1,conv,19,128,1,False,128.0,0,16.0,16.0,160000,812.5492602389893,4.189087163854398,0.03272724346761249,10.594708477236447,0.08277115997840974,2.1864993121838703,0.017082025876436487,1.7971608460892974,10,128,0.988623232614441,128,17,33,83,120,0.1328125,0.2578125,0.6484375,0.9375,1250.0,128.0,10000.0,209.12739045837506,1.706869448639516,0.013334917567496218,2.7284075250395956,0.02131568378937184,1.3246491351041665,0.0103488213680013,3.2973457798784613,10.0,128.0,0.9879611428044591,128.0,3.0,5.0,11.0,36.0,0.0234375,0.0390625,0.0859375,0.28125,78.125,1,49.86
layer2.0.conv2,conv,20,128,1,False,128.0,0,16.0,16.0,160000,141.2048517702828,4.384242151284159,0.03425189180690749,13.774210831318445,0.10761102211967535,2.182257893452421,0.017048889792597038,1.5113111338376917,10,128,0.995064414466863,128,29,53,102,125,0.2265625,0.4140625,0.796875,0.9765625,1250.0,128.0,10000.0,37.7144029935696,1.5667046837819882,0.012239880342046783,2.5035391703058183,0.019558899768014205,1.2616693423814298,0.00985679173735492,2.9575612554490274,10.0,128.0,0.9751407102863738,128.0,3.0,4.0,13.0,47.0,0.0234375,0.03125,0.1015625,0.3671875,78.125,1,49.86
layer2.0.downsample.0,conv,21,128,1,False,64.0,0,16.0,16.0,160000,406.2326655077493,7.247432152141038,0.05662056368860186,14.549614689076106,0.11366886475840708,3.273044471543097,0.025570659933930446,10.89862325459814,10,128,0.6253482380189435,95,18,28,49,61,0.140625,0.21875,0.3828125,0.4765625,1250.0,128.0,10000.0,79.76116558929198,2.44665209450209,0.019114469488297578,4.275612000939014,0.033403218757336046,1.6272155545786695,0.012712621520145856,9.942832953673296,10.0,128.0,0.7095856171654661,97.0,5.0,8.0,17.0,42.0,0.0390625,0.0625,0.1328125,0.328125,78.125,1,49.86
layer2.0,block,22,128,1,False,,0,16.0,16.0,160000,95.71457590592033,9.033352184916913,0.07057306394466338,26.00670317635101,0.20317736856524227,3.41588274025554,0.026686583908246405,1.3383630867598064,10,128,0.9926384843083762,128,47,74,112,126,0.3671875,0.578125,0.875,0.984375,1250.0,128.0,10000.0,18.40258150349123,2.22656132818095,0.017395010376413673,4.34783271723726,0.033967443103416095,1.5242038128539435,0.011907842287921433,2.184956152206763,10.0,128.0,0.9969427534267665,128.0,6.0,9.0,29.0,93.0,0.046875,0.0703125,0.2265625,0.7265625,78.125,1,49.86
layer2.1.conv1,conv,23,128,1,False,128.0,0,16.0,16.0,160000,289.9067408768815,5.733718389387444,0.044794674917089404,18.724343434669862,0.1462839330833583,2.5342710851172296,0.019798992852478357,1.3738284447110953,10,128,0.9942024294268693,128,40,66,109,126,0.3125,0.515625,0.8515625,0.984375,1250.0,128.0,10000.0,69.78705710058159,1.757419226621111,0.01372983770797743,3.007694488877811,0.0234976131943579,1.3418812311243373,0.010483447118158885,2.854130641197801,10.0,128.0,0.9675384999116251,128.0,4.0,6.0,16.0,58.0,0.03125,0.046875,0.125,0.453125,78.125,1,49.86
layer2.1.conv2,conv,24,128,1,False,128.0,0,16.0,16.0,160000,108.65642691256538,8.510961552935935,0.066491887132312,27.55664060231565,0.215286254705591,3.1931103684441533,0.024946174753469948,1.2596255287236287,10,128,0.9911856166287324,128,54,80,115,127,0.421875,0.625,0.8984375,0.9921875,1250.0,128.0,10000.0,23.72009096676716,2.043911276722825,0.01596805684939707,3.6609474881514292,0.02860115225118304,1.460668278391678,0.011411470924934984,2.8345439810040403,10.0,128.0,0.9617604095115867,128.0,4.0,7.0,22.0,67.0,0.03125,0.0546875,0.171875,0.5234375,78.125,1,49.86
layer2.1,block,25,128,1,False,,0,16.0,16.0,160000,159.189407415668,9.42107956257134,0.07360218408258859,29.224295019810793,0.22831480484227182,3.4332758745957896,0.026822467770279607,1.1635918067668525,10,128,0.9951673366188997,128,57,84,117,127,0.4453125,0.65625,0.9140625,0.9921875,1250.0,128.0,10000.0,31.639235778623572,2.2231095503066456,0.01736804336177067,4.286371486703022,0.03348727723986736,1.52591551556971,0.011921214965388359,2.0913300418855636,10.0,128.0,0.9972991779770498,128.0,5.0,9.0,30.0,96.0,0.0390625,0.0703125,0.234375,0.75,78.125,1,49.86
layer2.2.conv1,conv,26,128,1,False,128.0,0,16.0,16.0,160000,429.6329043738984,6.79036902532361,0.0530497580103407,22.370939942181774,0.1747729682982951,2.785732407528817,0.02176353443381888,1.2910432076515301,10,128,0.9946592668222437,128,46,74,112,127,0.359375,0.578125,0.875,0.9921875,1250.0,128.0,10000.0,98.33046824954745,1.834071101018428,0.01432868047670647,3.1943355144825465,0.024955746206894894,1.3739083877380702,0.010733659279203674,2.8457489408875096,10.0,128.0,0.9674337564677018,128.0,4.0,6.0,19.0,63.0,0.03125,0.046875,0.1484375,0.4921875,78.125,1,49.86
layer2.2.conv2,conv,27,128,1,False,128.0,0,16.0,16.0,160000,117.64292663452011,6.144190996707277,0.0480014921617756,22.54018367275717,0.1760951849434154,2.594526334943324,0.020269736991744718,1.2033535962282376,10,128,0.9913598130659725,128,52,79,115,127,0.40625,0.6171875,0.8984375,0.9921875,1250.0,128.0,10000.0,28.567695956067507,1.6974447313889187,0.013261286963975927,2.9266858019114723,0.022864732827433377,1.3159307670454978,0.010280709117542952,2.8129029827292302,10.0,128.0,0.9562680607359748,128.0,4.0,6.0,20.0,65.0,0.03125,0.046875,0.15625,0.5078125,78.125,1,49.86
layer2.2,block,28,128,1,False,,0,16.0,16.0,160000,235.88809686002799,8.373983343351524,0.06542174486993378,27.752401283868096,0.2168156350302195,3.14959171076218,0.02460618524032953,1.128033171736569,10,128,0.9976717709058063,128,57,85,117,127,0.4453125,0.6640625,0.9140625,0.9921875,1250.0,128.0,10000.0,49.976178231174046,2.0432040259065443,0.015962531452394877,3.8818975961373847,0.030327324969823318,1.4552017333165146,0.01136876354153527,2.072828876378872,10.0,128.0,0.9974986586141141,128.0,5.0,8.0,29.0,95.0,0.0390625,0.0625,0.2265625,0.7421875,78.125,1,49.86
layer2.3.conv1,conv,29,128,1,False,128.0,0,16.0,16.0,160000,627.5419433337004,5.621932665836125,0.04392134895184473,19.559223482349267,0.15280643345585365,2.4890088121548213,0.01944538134495954,1.2610387009814887,10,128,0.9933834025813639,128,45,73,112,127,0.3515625,0.5703125,0.875,0.9921875,1250.0,128.0,10000.0,158.75405744732092,1.6515312990870519,0.012902588274117593,2.7906644972013845,0.021802066384385817,1.2969092916546314,0.010132103841051808,2.797145032401911,10.0,128.0,0.9622929056442657,128.0,3.0,6.0,16.0,61.0,0.0234375,0.046875,0.125,0.4765625,78.125,1,49.86
layer2.3.conv2,conv,30,128,1,False,128.0,0,16.0,16.0,160000,106.24315722160176,7.6172816678620645,0.05951001303017238,26.604749448546112,0.2078496050667665,2.954743836420366,0.02308393622203411,1.1681626197116806,10,128,0.9923612825498697,128,57,83,116,127,0.4453125,0.6484375,0.90625,0.9921875,1250.0,128.0,10000.0,24.291694965647192,1.7876194595504886,0.013965777027738192,3.1763845441581577,0.024815504251235607,1.3543266306545005,0.010580676801988285,2.810202468619902,10.0,128.0,0.9579140817412024,128.0,4.0,7.0,22.0,69.0,0.03125,0.0546875,0.171875,0.5390625,78.125,1,49.86
layer2.3,block,31,128,1,False,,0,16.0,16.0,160000,314.55290792271035,8.390104858634912,0.06554769420808525,28.208957134779745,0.22038247761546675,3.1475416974362593,0.024590169511220776,1.0977342563357722,10,128,0.9974437710368207,128,59,86,118,127,0.4609375,0.671875,0.921875,0.9921875,1250.0,128.0,10000.0,68.44239664644664,2.0013081920501112,0.015635220250391494,3.7943164492222667,0.02964309725954896,1.4387584084535907,0.011240300066043677,2.050695947626816,10.0,128.0,0.9970777418702732,128.0,5.0,8.0,29.0,95.0,0.0390625,0.0625,0.2265625,0.7421875,78.125,1,49.86
layer2.4.conv1,conv,32,128,1,False,128.0,0,16.0,16.0,160000,836.2317274519288,6.148836767021736,0.04803778724235731,20.63837800962004,0.16123732820015657,2.631746540958694,0.020560519851239797,1.2713331004721231,10,128,0.9932700512472878,128,45,73,112,127,0.3515625,0.5703125,0.875,0.9921875,1250.0,128.0,10000.0,208.24595050586132,1.7087843600331174,0.01334987781275873,2.895702551710987,0.022622676185242087,1.3228894990720994,0.010335074211500777,2.829229503503028,10.0,128.0,0.9612200663937535,128.0,3.0,6.0,18.0,61.0,0.0234375,0.046875,0.140625,0.4765625,78.125,1,49.86
layer2.4.conv2,conv,33,128,1,False,128.0,0,16.0,16.0,160000,110.33288495074387,6.952016572185252,0.05431262947019728,25.1299427889785,0.19632767803889453,2.786277417786668,0.021767792326458344,1.1774025076148555,10,128,0.9903196588142386,128,56,82,116,127,0.4375,0.640625,0.90625,0.9921875,1250.0,128.0,10000.0,25.649381620051834,1.7028235930219309,0.013303309320483835,2.9989485129014435,0.023429285257042527,1.3180789849442338,0.010297492069876827,2.813916262124295,10.0,128.0,0.948599339072771,128.0,4.0,7.0,23.0,69.0,0.03125,0.0546875,0.1796875,0.5390625,78.125,1,49.86
layer2.4,block,34,128,1,False,,0,16.0,16.0,160000,375.0493504766256,10.171157507885189,0.07946216803035304,31.887371812134052,0.24912009228229728,3.5702977501520783,0.02789295117306311,1.0837842303562057,10,128,0.9978248163709835,128,62,89,119,127,0.484375,0.6953125,0.9296875,0.9921875,1250.0,128.0,10000.0,76.90572219456845,2.2618756823928168,0.01767090376869388,4.386960238213284,0.03427312686104128,1.5428235054364554,0.012053308636222308,2.0500628058947714,10.0,128.0,0.9971949488503007,128.0,6.0,9.0,32.0,98.0,0.046875,0.0703125,0.25,0.765625,78.125,1,49.86
layer2.5.conv1,conv,35,128,1,False,128.0,0,16.0,16.0,160000,945.6270505944783,6.695439404093139,0.05230812034447765,23.25846767445102,0.1817067787066486,2.740451604838695,0.021409778162802304,1.2513228809057675,10,128,0.9935830977784456,128,50,77,114,127,0.390625,0.6015625,0.890625,0.9921875,1250.0,128.0,10000.0,222.71909514667468,1.7810936752958868,0.013914794338249116,3.1310384877993087,0.0244612381859321,1.3516359570332983,0.010559655914322643,2.8077438206300322,10.0,128.0,0.9597267875729337,128.0,4.0,7.0,20.0,66.0,0.03125,0.0546875,0.15625,0.515625,78.125,1,49.86
layer2.5.conv2,conv,36,128,1,False,128.0,0,16.0,16.0,160000,96.87420636370533,10.365095958104572,0.08097731217269197,34.22150862500274,0.2673555361328339,3.5111447775715328,0.0274308185747776,1.174822972257576,10,128,0.9912719211423132,128,63,87,117,127,0.4921875,0.6796875,0.9140625,0.9921875,1250.0,128.0,10000.0,20.184789796839766,2.0558623093549095,0.01606142429183523,3.9594376390943893,0.030933106555424916,1.4569706952083732,0.011382583556315416,2.8114953632881146,10.0,128.0,0.9494662883023683,128.0,5.0,8.0,27.0,75.0,0.0390625,0.0625,0.2109375,0.5859375,78.125,1,49.86
layer2.5,block,37,128,1,False,,0,16.0,16.0,160000,442.2318994672602,11.942744309691165,0.09330268991946222,35.21987826737014,0.27515529896382923,3.9823378913686747,0.03111201477631777,1.071723014569508,10,128,0.9975708354554317,128,65,90,119,128,0.5078125,0.703125,0.9296875,1.0,1250.0,128.0,10000.0,87.36903981326726,2.5102573756142363,0.01961138574698622,4.962910909974328,0.038772741484174436,1.6359139226139605,0.012780577520421567,2.042080055020734,10.0,128.0,0.9977525169651814,128.0,6.0,10.0,35.0,101.0,0.046875,0.078125,0.2734375,0.7890625,78.125,1,49.86
layer3.0.conv1,conv,38,256,1,False,256.0,0,8.0,8.0,160000,1402.435650752742,6.268734724225878,0.024487245016507335,23.157196282072732,0.09045779797684661,2.6594731618610985,0.010388567038519916,1.3606195078849637,10,256,0.9857240589251509,256,57,110,204,249,0.22265625,0.4296875,0.796875,0.97265625,625.0,256.0,10000.0,354.0254993798943,1.793708311256018,0.00700667309084382,3.3070149702290768,0.012918027227457331,1.3539661496945994,0.005288930272244529,2.072537929378457,10.0,256.0,0.9776926873765155,256.0,4.0,7.0,31.0,144.0,0.015625,0.02734375,0.12109375,0.5625,39.0625,1,49.86
layer3.0.conv2,conv,39,256,1,False,256.0,0,8.0,8.0,160000,236.06737116756543,9.055595979380637,0.035373421794455615,36.50205106222801,0.14258613696182817,3.2431875584931085,0.012668701400363705,1.1913315278699301,10,256,0.9952446608183038,256,90,147,225,253,0.3515625,0.57421875,0.87890625,0.98828125,625.0,256.0,10000.0,57.71576041683728,1.773963831034265,0.006929546214977597,3.3533116424077973,0.013098873603155458,1.3449274809029252,0.005253622972277052,2.088521502008086,10.0,256.0,0.9632474685370406,256.0,4.0,8.0,41.0,155.0,0.015625,0.03125,0.16015625,0.60546875,39.0625,1,49.86
layer3.0.downsample.0,conv,40,256,1,False,128.0,0,8.0,8.0,160000,868.7364065373881,11.219317722251132,0.043825459852543484,29.011014212362177,0.11332427426703975,3.979024867012043,0.015543065886765793,8.690783123314464,10,256,0.5592570699283449,189,46,67,103,124,0.1796875,0.26171875,0.40234375,0.484375,625.0,256.0,10000.0,177.3399190967413,2.565607347015067,0.010021903699277605,5.221790297118548,0.020397618348119328,1.655691393271089,0.006467544504965192,7.8569471040767365,10.0,256.0,0.6199901231919323,191.0,6.0,11.0,44.0,99.0,0.0234375,0.04296875,0.171875,0.38671875,39.0625,1,49.86
layer3.0,block,41,256,1,False,,0,8.0,8.0,160000,204.87765480145796,17.550033482646203,0.06855481829158673,60.85499491662624,0.23771482389307125,4.96256711373881,0.019385027788042228,1.0774270707340166,10,256,0.9964784197317506,256,123,175,236,254,0.48046875,0.68359375,0.921875,0.9921875,625.0,256.0,10000.0,38.726600597452,2.6730362309668667,0.010441547777214323,6.224505461222346,0.02431447445789979,1.6826187028091208,0.006572729307848128,1.5343879599089796,10.0,256.0,0.9953192973163426,256.0,8.0,18.0,107.0,228.0,0.03125,0.0703125,0.41796875,0.890625,39.0625,1,49.86
layer3.1.conv1,conv,42,256,1,False,256.0,0,8.0,8.0,160000,462.27077493411116,14.786876413904718,0.057761235991815305,55.542418536945384,0.2169625724099429,4.359881731771568,0.01703078801473269,1.1249187802136693,10,256,0.9952953109752424,256,116,169,233,254,0.453125,0.66015625,0.91015625,0.9921875,625.0,256.0,10000.0,96.62556624617638,2.210689193221201,0.008635504661020317,4.678935184981777,0.018277090566335065,1.515456569637935,0.005919752225148183,2.0771196385433575,10.0,256.0,0.9611885882435751,256.0,6.0,12.0,63.0,175.0,0.0234375,0.046875,0.24609375,0.68359375,39.0625,1,49.86
layer3.1.conv2,conv,43,256,1,False,256.0,0,8.0,8.0,160000,204.53165603332295,19.7546729599537,0.07716669124981915,69.16744873621232,0.2701853466258294,5.32215513540134,0.020789668497661486,1.0284121513394304,10,256,0.992790281338739,256,135,183,237,254,0.52734375,0.71484375,0.92578125,0.9921875,625.0,256.0,10000.0,38.46745947179319,2.615110755290291,0.010215276387852698,5.712361643570384,0.022313912670196813,1.6723000377605186,0.006532422022502026,2.08284747595142,10.0,256.0,0.953758751265397,256.0,7.0,15.0,78.0,184.0,0.02734375,0.05859375,0.3046875,0.71875,39.0625,1,49.86
layer3.1,block,44,256,1,False,,0,8.0,8.0,160000,309.3807463388025,24.234669036469413,0.09466667592370864,77.96565172377703,0.304553327046004,6.23641909405054,0.024361012086134923,0.9479113337255257,10,256,0.9965105484407591,256,146,193,242,255,0.5703125,0.75390625,0.9453125,0.99609375,625.0,256.0,10000.0,51.74554223023064,3.32098705072998,0.012972605666913984,7.8338090893943155,0.030600816755446545,1.9215841122465696,0.007506187938463162,1.5044775726934532,10.0,256.0,0.9956699278704065,256.0,10.0,24.0,126.0,234.0,0.0390625,0.09375,0.4921875,0.9140625,39.0625,1,49.86
layer3.2.conv1,conv,45,256,1,False,256.0,0,8.0,8.0,160000,688.2175256977781,19.723309909282666,0.07704417933313541,64.85765658399923,0.253350221031247,5.55165343689049,0.021686146237853476,1.0599957313137445,10,256,0.9939514000731494,256,128,178,236,254,0.5,0.6953125,0.921875,0.9921875,625.0,256.0,10000.0,119.64326411485546,2.8175762861450746,0.011006157367754198,6.171869261149615,0.024108864301365683,1.7456444715930368,0.0068189237171603,2.0842750894437696,10.0,256.0,0.9598228110676769,256.0,8.0,16.0,78.0,185.0,0.03125,0.0625,0.3046875,0.72265625,39.0625,1,49.86
layer3.2.conv2,conv,46,256,1,False,256.0,0,8.0,8.0,160000,203.42175856679785,21.04166919189239,0.08219402028082964,72.73421683247795,0.284118034501867,5.609121256966144,0.021910629910024,0.9949503121177231,10,256,0.9922639310868375,256,140,187,239,254,0.546875,0.73046875,0.93359375,0.9921875,625.0,256.0,10000.0,34.816963188222516,2.6393283488721635,0.010309876362781889,5.975611882478905,0.023342233915933222,1.6766802515930272,0.006549532232785263,2.074817062347522,10.0,256.0,0.9456228605972503,256.0,8.0,19.0,86.0,188.0,0.03125,0.07421875,0.3359375,0.734375,39.0625,1,49.86
layer3.2,block,47,256,1,False,,0,8.0,8.0,160000,444.27162025479186,24.631269468258477,0.09621589636038468,79.79739861360237,0.31170858833438425,6.29913972840225,0.02460601456407129,0.9268449011553255,10,256,0.9954300232118294,256,150,195,242,255,0.5859375,0.76171875,0.9453125,0.99609375,625.0,256.0,10000.0,74.60313226898131,3.2930178182021295,0.012863350852352068,7.728012829591224,0.030187550115590718,1.915453432334639,0.007482239970057184,1.505975697272172,10.0,256.0,0.9962103392712626,256.0,10.0,24.0,126.0,234.0,0.0390625,0.09375,0.4921875,0.9140625,39.0625,1,49.86
layer3.3.conv1,conv,48,256,1,False,256.0,0,8.0,8.0,160000,973.4261298621298,20.10106106300912,0.07851976977737937,65.6814512119864,0.25656816879682187,5.577740524319046,0.021788048923121275,1.0512818880212718,10,256,0.9932545283123387,256,129,179,236,254,0.50390625,0.69921875,0.921875,0.9921875,625.0,256.0,10000.0,163.8652712210979,2.88302400452645,0.011261812517681446,6.2776126570469195,0.02452192444158953,1.7756973645247511,0.006936317830174809,2.0973380134943276,10.0,256.0,0.9566326340736441,256.0,8.0,17.0,80.0,185.0,0.03125,0.06640625,0.3125,0.72265625,39.0625,1,49.86
layer3.3.conv2,conv,49,256,1,False,256.0,0,8.0,8.0,160000,194.92285271990764,22.854136322376164,0.08927397000928189,76.20038699021377,0.29765776168052255,6.097340547028411,0.02381773651182973,0.9727041296024797,10,256,0.99088347283062,256,143,189,239,255,0.55859375,0.73828125,0.93359375,0.99609375,625.0,256.0,10000.0,31.38160695100571,2.787052171970966,0.010886922546761586,6.3703428037824095,0.024884151577275037,1.7330094823529691,0.006769568290441286,2.068575843841883,10.0,256.0,0.9440915406840233,256.0,8.0,20.0,91.0,191.0,0.03125,0.078125,0.35546875,0.74609375,39.0625,1,49.86
layer3.3,block,50,256,1,False,,0,8.0,8.0,160000,567.1149739376706,27.746189936640846,0.1083835544400033,84.49123559195142,0.33004388903106024,7.146962916467173,0.027917823892449893,0.9095563610365571,10,256,0.9942845045020064,256,153,198,243,255,0.59765625,0.7734375,0.94921875,0.99609375,625.0,256.0,10000.0,92.2605118613686,3.6078775886665273,0.014093271830728622,8.30201938083858,0.0324297632064007,2.0421443447684835,0.007977126346751889,1.4989546948555772,10.0,256.0,0.9960284496133249,256.0,10.0,26.0,130.0,235.0,0.0390625,0.1015625,0.5078125,0.91796875,39.0625,1,49.86
layer3.4.conv1,conv,51,256,1,False,256.0,0,8.0,8.0,160000,1224.7337261024086,21.81933905564882,0.0852317931861282,69.24642162662938,0.27049383447902103,6.0137727387465505,0.023491299760728713,1.0402967380889754,10,256,0.9925470323590443,256,132,181,237,254,0.515625,0.70703125,0.92578125,0.9921875,625.0,256.0,10000.0,195.021598830106,3.0986479508546143,0.012104093558025837,6.743461598849708,0.026341646870506674,1.8580256566076017,0.007257912721123444,2.0808068376454427,10.0,256.0,0.9515318860710233,256.0,8.0,18.0,84.0,189.0,0.03125,0.0703125,0.328125,0.73828125,39.0625,1,49.86
layer3.4.conv2,conv,52,256,1,False,256.0,0,8.0,8.0,160000,184.15738673666309,30.786075361525835,0.1202581068809603,88.79999725422698,0.34687498927432414,7.556953822966562,0.02951935087096313,0.9692981610046315,10,256,0.9910853633105149,256,149,193,241,255,0.58203125,0.75390625,0.94140625,0.99609375,625.0,256.0,10000.0,25.270971751300376,3.4798906766451667,0.013593322955645182,8.04981969742047,0.03144460819304871,1.9931734615160166,0.00778583383404694,2.0621427060968642,10.0,256.0,0.9398261415873711,256.0,10.0,27.0,101.0,198.0,0.0390625,0.10546875,0.39453125,0.7734375,39.0625,1,49.86
layer3.4,block,53,256,1,False,,0,8.0,8.0,160000,703.9894416702252,30.002521223915924,0.11719734853092158,87.18884068107504,0.34058140891044936,7.80407538793774,0.030484669484131796,0.9008511859340467,10,256,0.9939798435479927,256,155,199,243,255,0.60546875,0.77734375,0.94921875,0.99609375,625.0,256.0,10000.0,108.86899419880628,3.8438352604142105,0.01501498148599301,8.786613545106844,0.03432270916057361,2.137451671529128,0.008349420591910656,1.5009682518877927,10.0,256.0,0.996126120596854,256.0,11.0,28.0,134.0,235.0,0.04296875,0.109375,0.5234375,0.91796875,39.0625,1,49.86
layer3.5.conv1,conv,54,256,1,False,256.0,0,8.0,8.0,160000,1499.4988647267646,21.477297324379567,0.08389569267335768,69.69047594953288,0.2722284216778628,5.739446702690457,0.022419713682384598,1.0288524618773973,10,256,0.9930807400428243,256,134,182,237,254,0.5234375,0.7109375,0.92578125,0.9921875,625.0,256.0,10000.0,239.9170290590187,3.0785907088566797,0.012025744956471405,6.689588127179812,0.02613120362179614,1.8533876824092916,0.0072397956344112955,2.0974374492580536,10.0,256.0,0.9523368675903439,256.0,8.0,18.0,84.0,187.0,0.03125,0.0703125,0.328125,0.73046875,39.0625,1,49.86
layer3.5.conv2,conv,55,256,1,False,256.0,0,8.0,8.0,160000,176.49589009258915,31.65896588625595,0.1236678354931873,92.01306103991247,0.3594260196871581,7.594958084384097,0.02966780501712538,0.9438821636072201,10,256,0.9894469266635318,256,152,195,241,255,0.59375,0.76171875,0.94140625,0.99609375,625.0,256.0,10000.0,24.990655554312458,3.504986935123759,0.013691355215327184,7.907664907568205,0.0308893160451883,2.0287090802481167,0.007924644844719206,2.06964849989269,10.0,256.0,0.9390694292003792,256.0,11.0,27.0,102.0,198.0,0.04296875,0.10546875,0.3984375,0.7734375,39.0625,1,49.86
layer3.5,block,56,256,1,False,,0,8.0,8.0,160000,836.8058241433838,31.280613010485418,0.12218989457220866,88.9569272333658,0.34748799700533517,8.26054823145002,0.03226776652910164,0.8917976470336344,10,256,0.9932551480735285,256,157,200,244,255,0.61328125,0.78125,0.953125,0.99609375,625.0,256.0,10000.0,127.40401195025315,3.9641865813557877,0.015485103833421046,8.919749719023883,0.034842772339937045,2.200162613104938,0.008594385207441164,1.4985654504500274,10.0,256.0,0.996535137846206,256.0,11.0,29.0,135.0,236.0,0.04296875,0.11328125,0.52734375,0.921875,39.0625,1,49.86
layer4.0.conv1,conv,57,512,1,False,512.0,0,4.0,4.0,160000,2188.3729609512934,12.75353024146153,0.02490923875285455,53.604391208804905,0.10469607657969708,4.3176757739356155,0.008432960495967999,1.121810333243591,10,512,0.9789213504110806,512,172,282,439,503,0.3359375,0.55078125,0.857421875,0.982421875,312.5,512.0,10000.0,363.2614027112638,3.501556719120592,0.006838977967032406,9.551291342382497,0.018654865903090814,1.9946910855299986,0.0038958810264257786,1.468381141399077,10.0,512.0,0.9550823726247978,512.0,17.0,68.0,270.0,455.0,0.033203125,0.1328125,0.52734375,0.888671875,19.53125,1,49.86
layer4.0.conv2,conv,58,512,1,False,512.0,0,4.0,4.0,160000,357.1077936215098,22.386321294729232,0.04372328377876803,80.44024273034081,0.1571098490826969,7.259138236855125,0.014178004368857666,0.99624990057492,10,512,0.9891099130014586,512,224,334,465,507,0.4375,0.65234375,0.908203125,0.990234375,312.5,512.0,10000.0,51.529021972756496,3.431334582805137,0.0067018253570412835,10.63092682260806,0.020763528950406368,1.9419781545289712,0.003792926083064397,1.5026896062495765,10.0,512.0,0.9503589907322948,512.0,27.0,92.0,285.0,460.0,0.052734375,0.1796875,0.556640625,0.8984375,19.53125,1,49.86
layer4.0.downsample.0,conv,59,512,1,False,256.0,0,4.0,4.0,160000,1674.2686276921818,22.13664315145029,0.04323563115517635,61.14193155482121,0.11941783506801018,7.042574713618517,0.013755028737536167,7.01173028960873,10,512,0.5148658455742607,377,104,147,213,249,0.203125,0.287109375,0.416015625,0.486328125,312.5,512.0,10000.0,306.0527501328995,4.365439851359438,0.008526249709686403,11.622486378782735,0.02270016870856003,2.30799977343628,0.0045078120574927345,6.5040603441405676,10.0,512.0,0.5532981656177205,383.0,23.0,62.0,161.0,234.0,0.044921875,0.12109375,0.314453125,0.45703125,19.53125,1,49.86
layer4.0,block,60,512,1,False,,0,4.0,4.0,160000,384.84515902931145,39.57727881529312,0.07729937268611937,135.45671122208583,0.2645638891056364,9.752291848192971,0.019047445016001897,0.9475226305263739,10,512,0.9966760498499416,512,280,377,480,509,0.546875,0.736328125,0.9375,0.994140625,312.5,512.0,10000.0,56.67541401027604,5.590123527519401,0.01091821001468633,19.954043725944597,0.03897274165223554,2.6375905482648236,0.005151544039579734,1.1027305209928466,10.0,512.0,0.9937915109023322,512.0,73.0,187.0,407.0,499.0,0.142578125,0.365234375,0.794921875,0.974609375,19.53125,1,49.86
layer4.1.conv1,conv,61,512,1,False,512.0,0,4.0,4.0,160000,712.5571732727059,29.488213113530804,0.05759416623736485,106.09561597311429,0.20721799994748885,9.288763951656708,0.01814211709307951,0.9654053609122679,10,512,0.9899246784013646,512,257,357,473,508,0.501953125,0.697265625,0.923828125,0.9921875,312.5,512.0,10000.0,90.61585163498991,4.77703632753541,0.009330149077217598,16.070871244209087,0.03138842039884587,2.380929352922689,0.004650252642427127,1.485179298776693,10.0,512.0,0.948724223981337,512.0,49.0,128.0,318.0,472.0,0.095703125,0.25,0.62109375,0.921875,19.53125,1,49.86
layer4.1.conv2,conv,62,512,1,False,512.0,0,4.0,4.0,160000,367.46890389998816,25.426883222888847,0.04966188129470478,97.33048544752842,0.19009860438970394,8.252571176628274,0.0161183030793521,0.9183238616749159,10,512,0.9885228447715202,512,259,360,474,508,0.505859375,0.703125,0.92578125,0.9921875,312.5,512.0,10000.0,42.795045896188505,4.045982194497271,0.007902308973627483,14.53991238170215,0.028398266370512012,2.1205524942240315,0.0041417040902813115,1.4773125306041708,10.0,512.0,0.9402266916371285,512.0,53.0,132.0,318.0,472.0,0.103515625,0.2578125,0.62109375,0.921875,19.53125,1,49.86
layer4.1,block,63,512,1,False,,0,4.0,4.0,160000,586.0880385790015,38.05626039398008,0.07432863358199235,137.445893341439,0.268449010432498,9.001797138100539,0.017581635035352615,0.8649264594661895,10,512,0.9906098725316377,512,300,392,485,510,0.5859375,0.765625,0.947265625,0.99609375,312.5,512.0,10000.0,81.61062408331952,4.93610794830976,0.0096408358365425,18.172571666687066,0.035493304036498176,2.41447709947757,0.004715775584917129,1.0785785154104388,10.0,512.0,0.9919355225747863,512.0,73.0,189.0,406.0,499.0,0.142578125,0.369140625,0.79296875,0.974609375,19.53125,1,49.86
layer4.2.conv1,conv,64,512,1,False,512.0,0,4.0,4.0,160000,1123.2979225406414,24.867974066456455,0.04857026184854776,91.55310481529756,0.17881465784237804,8.664632237950691,0.016923109839747444,0.9512451396597521,10,512,0.9895116453660862,512,246,350,471,508,0.48046875,0.68359375,0.919921875,0.9921875,312.5,512.0,10000.0,125.91166050238289,4.421464850224851,0.008635673535595412,15.39904637897625,0.030076262458937988,2.244001826789086,0.004382816067947434,1.4716668763556866,10.0,512.0,0.9442990344323717,512.0,51.0,130.0,319.0,472.0,0.099609375,0.25390625,0.623046875,0.921875,19.53125,1,49.86
layer4.2.conv2,conv,65,512,1,False,512.0,0,4.0,4.0,160000,360.12087013147686,22.703497929939672,0.04434276939441342,87.98388342844163,0.17184352232117506,7.887018679723589,0.015404333358835134,0.9303604213471873,10,512,0.9877957458129031,512,249,353,471,508,0.486328125,0.689453125,0.919921875,0.9921875,312.5,512.0,10000.0,38.88198565808456,3.6681658130169397,0.00716438635354871,13.365522720083097,0.0261045365626623,1.991471882272788,0.003889593520064039,1.4786052893873969,10.0,512.0,0.9343911591594806,512.0,51.0,130.0,314.0,470.0,0.099609375,0.25390625,0.61328125,0.91796875,19.53125,1,49.86
layer4.2,block,66,512,1,False,,0,4.0,4.0,160000,789.4522390185684,37.78882932327098,0.07380630727201364,135.6100933369813,0.2648634635487916,9.090110085514867,0.017754121260771225,0.8563496837723595,10,512,0.9872534021681223,512,301,393,485,510,0.587890625,0.767578125,0.947265625,0.99609375,312.5,512.0,10000.0,106.63107453184982,4.667630516740138,0.009116465853008082,17.10359746842297,0.03340546380551361,2.323851382400021,0.004538772231250041,1.0691681136778144,10.0,512.0,0.9903952339131675,512.0,69.0,185.0,404.0,499.0,0.134765625,0.361328125,0.7890625,0.974609375,19.53125,1,49.86
layer4.3.conv1,conv,67,512,1,False,512.0,0,4.0,4.0,160000,1558.2707473692753,21.332423674427886,0.041664889989116966,80.68561786438458,0.15758909739137614,7.5288412626056145,0.01470476809102659,0.9499657900403861,10,512,0.9875829455761418,512,235,343,468,507,0.458984375,0.669921875,0.9140625,0.990234375,312.5,512.0,10000.0,169.12222978668737,4.000173798877581,0.007812839450932776,13.468338613954364,0.026305348855379617,2.124127742769011,0.004148686997595724,1.4617104411101494,10.0,512.0,0.9433506247452992,512.0,45.0,122.0,312.0,471.0,0.087890625,0.23828125,0.609375,0.919921875,19.53125,1,49.86
layer4.3.conv2,conv,68,512,1,False,512.0,0,4.0,4.0,160000,358.2810490875426,20.695278943146107,0.04042046668583224,79.1398603481966,0.1545700397425715,7.060241225807373,0.013789533644155026,0.9321605829576011,10,512,0.9854780235321647,512,237,344,469,508,0.462890625,0.671875,0.916015625,0.9921875,312.5,512.0,10000.0,40.92537466417221,2.856365493149287,0.005578838853807201,9.861395583039773,0.019260538248124556,1.7280489181503387,0.0033750955432623802,1.4701334447708707,10.0,512.0,0.9341108499968096,512.0,37.0,112.0,300.0,465.0,0.072265625,0.21875,0.5859375,0.908203125,19.53125,1,49.86
layer4.3,block,69,512,1,False,,0,4.0,4.0,160000,975.7583037838347,38.113867031704594,0.07444114654629803,133.75223871053302,0.2612348412315098,9.857245558010527,0.01925243273048931,0.8481906550450427,10,512,0.9855125263648569,512,301,394,485,510,0.587890625,0.76953125,0.947265625,0.99609375,312.5,512.0,10000.0,124.86488221869473,4.958349355102006,0.009684276084183605,17.968335935383386,0.03509440612379568,2.4203338803437693,0.004727214610046424,1.0660290218887378,10.0,512.0,0.9893072465920896,512.0,73.0,189.0,405.0,499.0,0.142578125,0.369140625,0.791015625,0.974609375,19.53125,1,49.86
layer4.4.conv1,conv,70,512,1,False,512.0,0,4.0,4.0,160000,1890.7657750131332,21.744288913240542,0.04246931428367293,80.6882604055938,0.15759425860467538,8.359846988450075,0.016327826149316552,0.9500784113168199,10,512,0.9869146115957858,512,235,343,468,507,0.458984375,0.669921875,0.9140625,0.990234375,312.5,512.0,10000.0,183.7755863418813,4.483877628285308,0.008757573492744742,15.613422508480769,0.0304949658368765,2.26535601404781,0.004424523464937129,1.4555284712269407,10.0,512.0,0.9407103798877372,512.0,54.0,134.0,322.0,473.0,0.10546875,0.26171875,0.62890625,0.923828125,19.53125,1,49.86
layer4.4.conv2,conv,71,512,1,False,512.0,0,4.0,4.0,160000,336.4047351834083,23.41830816335802,0.04573888313155863,85.68050920307788,0.16734474453726148,8.240034669735602,0.016093817714327347,0.9302840938341213,10,512,0.9849944346260517,512,244,349,470,508,0.4765625,0.681640625,0.91796875,0.9921875,312.5,512.0,10000.0,31.852417477758333,3.7062370828466773,0.007238744302434917,13.990538332604737,0.027325270180868628,1.9939744325491966,0.0038944813135726496,1.45319739324305,10.0,512.0,0.9307233383363982,512.0,58.0,138.0,322.0,473.0,0.11328125,0.26953125,0.62890625,0.923828125,19.53125,1,49.86
layer4.4,block,72,512,1,False,,0,4.0,4.0,160000,1175.1965111674324,37.420210358385255,0.0730863483562212,131.25024200453242,0.2563481289151024,9.781599917078058,0.019104687338043082,0.8485042278100089,10,512,0.984470649272591,512,299,392,485,510,0.583984375,0.765625,0.947265625,0.99609375,312.5,512.0,10000.0,151.26441173885718,4.757384546830325,0.009291766693027979,16.93474393796638,0.03307567175384059,2.360727691088824,0.00461079627165786,1.061286866320038,10.0,512.0,0.9879528198434435,512.0,68.0,182.0,401.0,498.0,0.1328125,0.35546875,0.783203125,0.97265625,19.53125,1,49.86
layer4.5.conv1,conv,73,512,1,False,512.0,0,4.0,4.0,160000,2233.4597446275066,22.0520979741428,0.043070503855747656,81.41488943929456,0.15901345593612218,8.198877125277933,0.016013431885308464,0.9472728208770244,10,512,0.9856970116167594,512,236,343,468,507,0.4609375,0.669921875,0.9140625,0.990234375,312.5,512.0,10000.0,225.910568969859,4.282262756861178,0.008363794446994489,14.431787281506354,0.028187084534192098,2.2128126013418337,0.004321899611995769,1.450516433618028,10.0,512.0,0.9399774050162248,512.0,48.0,127.0,317.0,472.0,0.09375,0.248046875,0.619140625,0.921875,19.53125,1,49.86
layer4.5.conv2,conv,74,512,1,False,512.0,0,4.0,4.0,160000,328.23321771519306,25.018757228144718,0.04886476021122015,88.90837398482935,0.17364916793911983,8.633359104006821,0.016862029500013323,0.9274197390004704,10,512,0.9828294463036495,512,247,351,471,508,0.482421875,0.685546875,0.919921875,0.9921875,312.5,512.0,10000.0,32.60594305872162,3.7202043771998787,0.007266024174218513,13.43595484322273,0.026242099303169394,2.013862871531581,0.0039333259209601195,1.4435017064381606,10.0,512.0,0.9287871814325043,512.0,54.0,134.0,320.0,472.0,0.10546875,0.26171875,0.625,0.921875,19.53125,1,49.86
layer4.5,block,75,512,1,False,,0,4.0,4.0,160000,1325.1656504099938,41.63585683435526,0.08132003287960012,140.4138126919412,0.27424572791394763,10.421749517551968,0.020354979526468687,0.8434638897101073,10,512,0.9838298473746064,512,305,396,486,510,0.595703125,0.7734375,0.94921875,0.99609375,312.5,512.0,10000.0,178.3242524207424,4.846322246899417,0.009465473138475424,16.6774443231025,0.03257313344355957,2.40455264607171,0.004696391886858809,1.0587117277209592,10.0,512.0,0.9869819375261399,512.0,65.0,178.0,399.0,498.0,0.126953125,0.34765625,0.779296875,0.97265625,19.53125,1,49.86
fc,linear,76,10,1,False,,0,,,10000,43.79872241809786,2.0526181247904334,0.20526181247904335,2.9299873319796674,0.29299873319796677,1.4930435626982104,0.14930435626982103,,10,10,,10,3,4,7,9,0.3,0.4,0.7,0.9,1000.0,,,,,,,,,,,,,,,,,,,,,,,,1,49.86
conv1,conv,0,64,1,False,27.0,0,32.0,32.0,160000,47.064782537855194,1.3674350565287576,0.021366172758261838,1.986066715971244,0.031032292437050687,1.1730999851051462,0.01832968726726791,13.998467520180364,10,64,0.8884696397756777,46,3,4,8,14,0.046875,0.0625,0.125,0.21875,2500.0,64.0,10000.0,13.823533398034655,1.2047613089604843,0.018824395452507567,1.4262714236567178,0.022285490994636215,1.1015678526677906,0.017211997697934227,7.917436014099621,10.0,64.0,0.934915370801299,44.0,1.0,2.0,3.0,3.0,0.015625,0.03125,0.046875,0.046875,156.25,2,59.92
layer1.0.conv1,conv,1,64,1,False,64.0,0,32.0,32.0,160000,89.23444551473811,2.4776144986274478,0.03871272654105387,5.375527721014166,0.08399262064084634,1.6063512288624935,0.02509923795097646,2.321722768065599,10,64,0.9899475788590615,64,8,14,34,57,0.125,0.21875,0.53125,0.890625,2500.0,64.0,10000.0,24.656879221482956,1.5350855889689194,0.023985712327639366,2.1991911230062438,0.03436236129697256,1.2518799676995183,0.019560624495304973,4.322128373056445,10.0,64.0,0.988604163356407,64.0,3.0,3.0,6.0,13.0,0.046875,0.046875,0.09375,0.203125,156.25,2,59.92
layer1.0.conv2,conv,2,64,1,False,64.0,0,32.0,32.0,160000,72.41282272295766,3.056336083567848,0.04775525130574763,7.339918648672001,0.11468622888550002,1.8041037096435208,0.028189120463180013,1.8490736056065125,10,64,0.9902969292551389,64,12,22,46,62,0.1875,0.34375,0.71875,0.96875,2500.0,64.0,10000.0,19.138191272069523,1.6824173080616351,0.02628777043846305,2.540105605015238,0.03968915007836309,1.3172457762717085,0.020581965254245445,4.042701322314102,10.0,64.0,0.9645013140335857,64.0,3.0,4.0,9.0,22.0,0.046875,0.0625,0.140625,0.34375,156.25,2,59.92
layer1.0,block,3,64,1,False,,0,32.0,32.0,160000,34.84104277959228,6.635829052424142,0.10368482894412721,14.98553630077163,0.2341490046995567,2.8846596489884964,0.045072807015445256,1.8082732084026085,10,64,0.9844982575403075,64,20,32,52,63,0.3125,0.5,0.8125,0.984375,2500.0,64.0,10000.0,7.327602189443909,2.5770315413464764,0.040266117833538694,4.281287908188164,0.06689512356544006,1.6931769617108963,0.026455890026732754,2.946322311753531,10.0,64.0,0.9949590373050547,64.0,5.0,7.0,15.0,40.0,0.078125,0.109375,0.234375,0.625,156.25,2,59.92
layer1.1.conv1,conv,4,64,1,False,64.0,0,32.0,32.0,160000,129.36074124027658,4.158611463372777,0.06497830411519964,10.155283847949438,0.15867631012420996,2.148141415641639,0.03356470961940061,1.8934287167239445,10,64,0.9946360476963321,64,15,26,49,62,0.234375,0.40625,0.765625,0.96875,2500.0,64.0,10000.0,30.799470908411877,1.828418466160909,0.028569038533764204,2.8967071271932516,0.04526104886239456,1.376937439600656,0.02151464749376025,4.097093686424186,10.0,64.0,0.9720895325412681,64.0,3.0,5.0,10.0,25.0,0.046875,0.078125,0.15625,0.390625,156.25,2,59.92
layer1.1.conv2,conv,5,64,1,False,64.0,0,32.0,32.0,160000,55.35251277267261,5.311890479853999,0.08299828874771874,13.299511430940798,0.20780486610844998,2.4687121494434328,0.03857362733505364,1.695919591361976,10,64,0.9898951558354202,64,20,32,53,63,0.3125,0.5,0.828125,0.984375,2500.0,64.0,10000.0,11.652913981895896,1.8724601044122196,0.02925718913144093,3.143569537325282,0.04911827402070753,1.3900765283797263,0.021719945755933223,4.049096013237239,10.0,64.0,0.9582926372228547,64.0,4.0,6.0,13.0,30.0,0.0625,0.09375,0.203125,0.46875,156.25,2,59.92
layer1.1,block,6,64,1,False,,0,32.0,32.0,160000,58.63523478324961,8.098299130616494,0.12653592391588273,18.25293744194154,0.28520214753033657,3.305393385960594,0.051646771655634284,1.564886196166406,10,64,0.9935521141691191,64,25,38,57,63,0.390625,0.59375,0.890625,0.984375,2500.0,64.0,10000.0,10.374156259011002,2.5582375132068056,0.03997246114385634,4.564613362328229,0.07132208378637858,1.6655998592176806,0.02602499780027626,2.784174425744994,10.0,64.0,0.9970757094699473,64.0,5.0,8.0,19.0,46.0,0.078125,0.125,0.296875,0.71875,156.25,2,59.92
layer1.2.conv1,conv,7,64,1,False,64.0,0,32.0,32.0,160000,201.49028993753757,4.618926065921458,0.07217071978002278,11.579081357062266,0.1809231462040979,2.2814482317177402,0.03564762862058969,1.7681526961879637,10,64,0.9905429804899815,64,18,30,52,63,0.28125,0.46875,0.8125,0.984375,2500.0,64.0,10000.0,40.95334065132729,1.7396942083284819,0.02718272200513253,2.8398020629062968,0.04437190723291089,1.3359923617298457,0.02087488065202884,3.940035010308663,10.0,64.0,0.9597475409892419,64.0,3.0,5.0,12.0,29.0,0.046875,0.078125,0.1875,0.453125,156.25,2,59.92
layer1.2.conv2,conv,8,64,1,False,64.0,0,32.0,32.0,160000,52.825325412741904,6.05042643226556,0.09453791300414938,14.730403177396195,0.23016254964681554,2.7175522187484162,0.042461753417944004,1.5800288007884187,10,64,0.9914034413048988,64,23,35,55,63,0.359375,0.546875,0.859375,0.984375,2500.0,64.0,10000.0,9.691624902610059,1.9152552064239685,0.029925862600374508,3.2458208039522285,0.05071595006175357,1.4106262526535043,0.022041035197711004,3.978671043784652,10.0,64.0,0.9484582554738468,64.0,4.0,6.0,14.0,33.0,0.0625,0.09375,0.21875,0.515625,156.25,2,59.92
layer1.2,block,9,64,1,False,,0,32.0,32.0,160000,91.23284552754774,7.775484513105364,0.12149194551727131,17.931973614731984,0.28018708773018725,3.2177688405749456,0.050277638133983525,1.499043137766619,10,64,0.9943485182259459,64,26,39,57,64,0.40625,0.609375,0.890625,1.0,2500.0,64.0,10000.0,15.110706363437698,2.28025185445632,0.03562893522588,4.1501147287184486,0.06484554263622576,1.5538274635727984,0.024278554118324976,2.7489480784632727,10.0,64.0,0.996617472349749,64.0,5.0,8.0,19.0,47.0,0.078125,0.125,0.296875,0.734375,156.25,2,59.92
layer1.3.conv1,conv,10,64,1,False,64.0,0,32.0,32.0,160000,276.84949822371584,5.718607555396488,0.08935324305307013,13.295799246195626,0.20774686322180666,2.697332694614892,0.04214582335335769,1.693481303681544,10,64,0.995023289324,64,20,32,54,63,0.3125,0.5,0.84375,0.984375,2500.0,64.0,10000.0,51.14371731930456,1.8181713810120004,0.028408927828312506,2.9814958987237015,0.046585873417557835,1.3736912220975248,0.021463925345273825,3.930057873241296,10.0,64.0,0.9579721382551365,64.0,4.0,6.0,13.0,31.0,0.0625,0.09375,0.203125,0.484375,156.25,2,59.92
layer1.3.conv2,conv,11,64,1,False,64.0,0,32.0,32.0,160000,48.44268722226059,7.379239562880984,0.11530061817001537,17.133000861163037,0.26770313845567245,3.1458624649393108,0.04915410101467673,1.5029982709192176,10,64,0.9879104788172529,64,26,38,56,64,0.40625,0.59375,0.875,1.0,2500.0,64.0,10000.0,8.339786601711648,2.0299249461301505,0.0317175772832836,3.4694126826299843,0.054209573166093504,1.4599350379745941,0.022811484968353033,3.9288212028223364,10.0,64.0,0.9560780148046477,64.0,4.0,6.0,14.0,33.0,0.0625,0.09375,0.21875,0.515625,156.25,2,59.92
layer1.3,block,12,64,1,False,,0,32.0,32.0,160000,120.08350179574794,9.723532772292312,0.15193019956706738,20.46402520639779,0.31975039384996545,3.961052339315861,0.06189144280181033,1.4376354814523264,10,64,0.9966105735602208,64,28,41,58,64,0.4375,0.640625,0.90625,1.0,2500.0,64.0,10000.0,17.071947247641024,2.673883083497719,0.04177942317965186,4.862013197007523,0.07596895620324255,1.7161518341522581,0.026814872408629033,2.706648925886883,10.0,64.0,0.9980336358636812,64.0,6.0,9.0,21.0,49.0,0.09375,0.140625,0.328125,0.765625,156.25,2,59.92
layer1.4.conv1,conv,13,64,1,False,64.0,0,32.0,32.0,160000,341.99943100789176,6.254601432634018,0.09772814738490652,14.485354683191229,0.22633366692486295,2.85528249370254,0.04461378896410219,1.6529726312185966,10,64,0.992826210118997,64,22,34,55,63,0.34375,0.53125,0.859375,0.984375,2500.0,64.0,10000.0,55.92810411937548,1.9285096152750791,0.03013296273867311,3.1859049874911376,0.049779765429549025,1.4229762971031759,0.022234004642237123,3.813656709027313,10.0,64.0,0.9617075719414891,64.0,4.0,6.0,14.0,32.0,0.0625,0.09375,0.21875,0.5,156.25,2,59.92
layer1.4.conv2,conv,14,64,1,False,64.0,0,32.0,32.0,160000,46.087944275459805,8.821881456415065,0.1378418977564854,19.81641232794125,0.30963144262408204,3.5580241101037977,0.05559412672037184,1.4693240642150147,10,64,0.9893043020970349,64,28,40,58,64,0.4375,0.625,0.90625,1.0,2500.0,64.0,10000.0,6.566715476483511,2.3627717599426017,0.03691830874910315,4.011622800888461,0.06268160626388221,1.6034743090949133,0.02505428607960802,3.7550708082247994,10.0,64.0,0.9541945077806949,64.0,4.0,7.0,15.0,36.0,0.0625,0.109375,0.234375,0.5625,156.25,2,59.92
layer1.4,block,15,64,1,False,,0,32.0,32.0,160000,160.96400006194756,9.669250483936024,0.15108203881150037,20.463060438298427,0.3197353193484129,3.9512247881765385,0.061737887315258415,1.365188284132488,10,64,0.9972285318996387,64,29,42,59,64,0.453125,0.65625,0.921875,1.0,2500.0,64.0,10000.0,21.474487004765166,2.7744415766928396,0.04335064963582562,5.092543985421435,0.07957099977220992,1.7470225057923003,0.027297226653004693,2.715675091137697,10.0,64.0,0.9968956219894037,64.0,6.0,9.0,21.0,49.0,0.09375,0.140625,0.328125,0.765625,156.25,2,59.92
layer1.5.conv1,conv,16,64,1,False,64.0,0,32.0,32.0,160000,368.61674163628857,9.37176222182467,0.14643378471601046,19.502570128722372,0.30472765826128706,3.967985857132814,0.06199977901770022,1.5835920654036433,10,64,0.9916100152988089,64,26,38,56,63,0.40625,0.59375,0.875,0.984375,2500.0,64.0,10000.0,49.96783759365101,2.723157770260372,0.04254934016031831,4.5590821007412,0.07123565782408126,1.776133623424273,0.027752087866004266,3.8769982307035367,10.0,64.0,0.9619688597200167,64.0,5.0,8.0,16.0,36.0,0.078125,0.125,0.25,0.5625,156.25,2,59.92
layer1.5.conv2,conv,17,64,1,False,64.0,0,32.0,32.0,160000,42.715327022176936,11.860488247721243,0.18532012887064442,23.865448468485184,0.372897632320081,4.663772774289644,0.07287144959827568,1.4283203291125346,10,64,0.9868590132059292,64,31,43,58,64,0.484375,0.671875,0.90625,1.0,2500.0,64.0,10000.0,4.79279399638797,2.7659711862732954,0.04321829978552024,4.841395341181849,0.0756468022059664,1.7756457600361275,0.027744465000564492,3.7110643111326485,10.0,64.0,0.9489707858786172,64.0,6.0,8.0,19.0,40.0,0.09375,0.125,0.296875,0.625,156.25,2,59.92
layer1.5,block,18,64,1,False,,0,32.0,32.0,160000,193.45695470024435,10.825149516374701,0.1691429611933547,22.107269465115333,0.3454260853924271,4.268447106901554,0.06669448604533679,1.3401784227634363,10,64,0.9979830801735171,64,30,43,59,64,0.46875,0.671875,0.921875,1.0,2500.0,64.0,10000.0,23.427774025250557,3.012110908969464,0.047064232952647875,5.595279842431001,0.08742624753798439,1.8320836059841552,0.028626306343502425,2.6642037351092465,10.0,64.0,0.9978734958557308,64.0,7.0,9.0,23.0,51.0,0.109375,0.140625,0.359375,0.796875,156.25,2,59.92
layer2.0.conv1,conv,19,128,1,False,128.0,0,16.0,16.0,160000,719.8943575810807,6.085655949579378,0.04754418710608889,15.439747567916342,0.12062302787434642,2.7929424042983086,0.021819862533580536,1.700104454198906,10,128,0.9890710865406145,128,24,46,94,123,0.1875,0.359375,0.734375,0.9609375,1250.0,128.0,10000.0,113.69648005393759,2.0294153360058336,0.015854807312545575,3.5009636283719585,0.027351278346655926,1.4576437772660067,0.011387842009890677,3.077265412631032,10.0,128.0,0.9887936114084288,128.0,4.0,7.0,15.0,48.0,0.03125,0.0546875,0.1171875,0.375,78.125,2,59.92
layer2.0.conv2,conv,20,128,1,False,128.0,0,16.0,16.0,160000,125.49828465688515,8.133522435032717,0.0635431440236931,23.85800865167421,0.18639069259120478,3.1744787617953816,0.02480061532652642,1.4406151633965956,10,128,0.9950568569291018,128,42,68,110,126,0.328125,0.53125,0.859375,0.984375,1250.0,128.0,10000.0,20.89079284257641,1.8805299319004685,0.01469164009297241,3.295615095500987,0.02574699293360146,1.3947550186470228,0.010896523583179865,2.866117525731193,10.0,128.0,0.9756671160407113,128.0,4.0,7.0,18.0,60.0,0.03125,0.0546875,0.140625,0.46875,78.125,2,59.92
layer2.0.downsample.0,conv,21,128,1,False,64.0,0,16.0,16.0,160000,374.63287829055866,8.899694138072265,0.06952886045368957,17.552512647679837,0.13712900505999873,3.794761475959636,0.029646574030934656,11.009252233456296,10,128,0.6107158115006464,94,22,32,51,62,0.171875,0.25,0.3984375,0.484375,1250.0,128.0,10000.0,47.75877002808121,2.939719746387769,0.022966560518654446,5.319223616036695,0.041556434500286676,1.8089540497194032,0.014132453513432838,10.171498950392865,10.0,128.0,0.6960428570286619,96.0,6.0,9.0,21.0,47.0,0.046875,0.0703125,0.1640625,0.3671875,78.125,2,59.92
layer2.0,block,22,128,1,False,,0,16.0,16.0,160000,99.95819103392957,14.379934612575674,0.11234323916074745,36.382856327366675,0.28424106505755214,4.80703412171844,0.03755495407592531,1.2537206311389835,10,128,0.9949486507776107,128,58,84,116,127,0.453125,0.65625,0.90625,0.9921875,1250.0,128.0,10000.0,12.39696650047294,2.9461229924332426,0.023016585878384708,5.975261693045639,0.04668173197691906,1.7950869711653563,0.014024116962229346,2.0731942863181536,10.0,128.0,0.9985169915198173,128.0,7.0,11.0,41.0,104.0,0.0546875,0.0859375,0.3203125,0.8125,78.125,2,59.92
layer2.1.conv1,conv,23,128,1,False,128.0,0,16.0,16.0,160000,278.8011955766153,8.912212148824626,0.06962665741269239,27.624471938898115,0.21581618702264152,3.3083195800508998,0.025846246719147654,1.3163045795848773,10,128,0.995303400068955,128,51,77,114,127,0.3984375,0.6015625,0.890625,0.9921875,1250.0,128.0,10000.0,45.31933354176838,2.123909240753662,0.016593040943387986,3.8605514293370344,0.03016055804169558,1.4918218380305401,0.011654858109613595,2.765803723020852,10.0,128.0,0.9716195184980876,128.0,5.0,7.0,22.0,68.0,0.0390625,0.0546875,0.171875,0.53125,78.125,2,59.92
layer2.1.conv2,conv,24,128,1,False,128.0,0,16.0,16.0,160000,107.84519819804238,12.652298730589566,0.09884608383273098,36.49717420442065,0.28513417347203635,4.1921486692326795,0.03275116147838031,1.2055650874559318,10,128,0.9924120051450231,128,62,87,117,127,0.484375,0.6796875,0.9140625,0.9921875,1250.0,128.0,10000.0,17.167382214171784,2.4747690117057335,0.019334132903951043,4.5772838554837785,0.03576003012096702,1.6354812980364624,0.012777197640909862,2.769497323643599,10.0,128.0,0.9623895705721762,128.0,5.0,8.0,26.0,73.0,0.0390625,0.0625,0.203125,0.5703125,78.125,2,59.92
layer2.1,block,25,128,1,False,,0,16.0,16.0,160000,164.41791363443969,15.255783296056093,0.11918580700043822,40.101819036656615,0.3132954612238798,4.82599456584052,0.03770308254562906,1.1298943186289212,10,128,0.9963502193722791,128,66,91,119,127,0.515625,0.7109375,0.9296875,0.9921875,1250.0,128.0,10000.0,22.399563344781164,2.8593044808005286,0.02233831625625413,5.737181405835776,0.044821729733092,1.7669820936556775,0.01380454760668498,2.014091801178686,10.0,128.0,0.9978874582807088,128.0,7.0,11.0,40.0,105.0,0.0546875,0.0859375,0.3125,0.8203125,78.125,2,59.92
layer2.2.conv1,conv,26,128,1,False,128.0,0,16.0,16.0,160000,413.4278668765206,12.167432909658473,0.09505806960670682,33.39373568949551,0.26088856007418365,4.1232098482221575,0.032212576939235606,1.2619874585063413,10,128,0.9958978060185143,128,56,82,116,127,0.4375,0.640625,0.90625,0.9921875,1250.0,128.0,10000.0,64.7080932337339,2.3026913569502736,0.017989776226174013,4.272658227879874,0.033380142405311515,1.5615102121047522,0.012199298532068376,2.76618899883894,10.0,128.0,0.9711388140237972,128.0,5.0,8.0,24.0,71.0,0.0390625,0.0625,0.1875,0.5546875,78.125,2,59.92
layer2.2.conv2,conv,27,128,1,False,128.0,0,16.0,16.0,160000,105.30709875742154,11.175763638598006,0.08731065342654692,35.06424587998085,0.2739394209373504,3.748291722524285,0.029283529082220976,1.1606947644503884,10,128,0.9947404061624762,128,63,88,118,127,0.4921875,0.6875,0.921875,0.9921875,1250.0,128.0,10000.0,17.86815665709869,2.119469050640014,0.01655835195812511,3.9539304919889395,0.03089008196866359,1.4890408463940654,0.011633131612453636,2.796501104494023,10.0,128.0,0.9572370329922931,128.0,5.0,8.0,26.0,74.0,0.0390625,0.0625,0.203125,0.578125,78.125,2,59.92
layer2.2,block,28,128,1,False,,0,16.0,16.0,160000,236.5916440999748,14.898344722874931,0.1163933181474604,40.17774394458004,0.31388862456703154,4.709994909007328,0.03679683522661975,1.0982020701926813,10,128,0.9975072047722918,128,67,92,120,127,0.5234375,0.71875,0.9375,0.9921875,1250.0,128.0,10000.0,33.94928326317347,2.8022975093995623,0.02189294929218408,5.590763179732228,0.04367783734165803,1.75027456271018,0.01367402002117328,2.018875251191932,10.0,128.0,0.9973848913529224,128.0,7.0,11.0,40.0,105.0,0.0546875,0.0859375,0.3125,0.8203125,78.125,2,59.92
layer2.3.conv1,conv,29,128,1,False,128.0,0,16.0,16.0,160000,585.8776106428843,9.668637848357754,0.07553623319029495,30.06748435300084,0.23490222150781906,3.474401845682514,0.02714376441939464,1.236065388066352,10,128,0.9951938272126084,128,56,82,116,127,0.4375,0.640625,0.90625,0.9921875,1250.0,128.0,10000.0,106.19281207185007,2.0920073602977154,0.0163438075023259,3.7964526171190496,0.029659786071242575,1.479745788666647,0.01156051397395818,2.7579264814347626,10.0,128.0,0.9645573555762835,128.0,5.0,8.0,22.0,70.0,0.0390625,0.0625,0.171875,0.546875,78.125,2,59.92
layer2.3.conv2,conv,30,128,1,False,128.0,0,16.0,16.0,160000,100.98462410954372,11.108693373126817,0.08678666697755326,35.132852415220626,0.27447540949391114,3.734700518647768,0.029177347801935687,1.131354092396812,10,128,0.9937351591304797,128,64,89,118,127,0.5,0.6953125,0.921875,0.9921875,1250.0,128.0,10000.0,17.289874111389416,2.0372274486471635,0.015915839442555965,3.8884663365187877,0.03037864325405303,1.4524735154736181,0.011347449339637642,2.736471200174251,10.0,128.0,0.9619179707501935,128.0,5.0,9.0,27.0,77.0,0.0390625,0.0703125,0.2109375,0.6015625,78.125,2,59.92
layer2.3,block,31,128,1,False,,0,16.0,16.0,160000,307.21894701797055,15.6612120108811,0.12235321883500859,41.451945856002,0.3238433270000156,4.923376042839319,0.03846387533468218,1.0820579137000466,10,128,0.9980208796519195,128,68,93,120,128,0.53125,0.7265625,0.9375,1.0,1250.0,128.0,10000.0,45.046450691307264,2.823625170104306,0.02205957164143989,5.680869425632645,0.04438179238775504,1.7573809696996776,0.013729538825778731,2.014040896279167,10.0,128.0,0.997289188207177,128.0,7.0,11.0,41.0,105.0,0.0546875,0.0859375,0.3203125,0.8203125,78.125,2,59.92
layer2.4.conv1,conv,32,128,1,False,128.0,0,16.0,16.0,160000,736.0584214581515,11.950138353414891,0.09336045588605384,33.482324392623546,0.26158065931737146,4.063184425795697,0.03174362832652888,1.2448200712278357,10,128,0.9945070757125838,128,57,83,116,127,0.4453125,0.6484375,0.90625,0.9921875,1250.0,128.0,10000.0,123.64042938302211,2.293772418673161,0.01792009702088407,4.24838280041505,0.03319049062824258,1.5635409665684914,0.012215163801316339,2.822195690534075,10.0,128.0,0.9633956913406087,128.0,5.0,9.0,25.0,72.0,0.0390625,0.0703125,0.1953125,0.5625,78.125,2,59.92
layer2.4.conv2,conv,33,128,1,False,128.0,0,16.0,16.0,160000,98.89130939765916,13.748167060906292,0.1074075551633304,39.36856774510699,0.3075669355086484,4.34574989357687,0.033951171043569296,1.145676399649566,10,128,0.9925103480243026,128,66,90,118,127,0.515625,0.703125,0.921875,0.9921875,1250.0,128.0,10000.0,15.294191122909549,2.322961652855011,0.018148137912929775,4.544668707230572,0.03550522427523884,1.567976032013229,0.012249812750103352,2.7895874129053446,10.0,128.0,0.9519352035175619,128.0,6.0,10.0,32.0,79.0,0.046875,0.078125,0.25,0.6171875,78.125,2,59.92
layer2.4,block,34,128,1,False,,0,16.0,16.0,160000,373.68685513812534,18.28038627438625,0.14281551776864257,44.32813941567587,0.34631358918496774,5.744823240647055,0.04488143156755512,1.069145603243937,10,128,0.9975164574162237,128,70,94,120,128,0.546875,0.734375,0.9375,1.0,1250.0,128.0,10000.0,52.39390836640803,3.286396352252884,0.025674971501975657,6.55345987640661,0.05119890528442664,1.936299681984422,0.015127341265503297,2.0281777189392147,10.0,128.0,0.996891810547008,128.0,8.0,12.0,44.0,107.0,0.0625,0.09375,0.34375,0.8359375,78.125,2,59.92
layer2.5.conv1,conv,35,128,1,False,128.0,0,16.0,16.0,160000,889.073347982385,12.453310374709933,0.09729148730242135,34.63073602535552,0.27055262519809,4.17214503330973,0.03259488307273226,1.2408625342246549,10,128,0.9956015395666569,128,58,84,116,127,0.453125,0.65625,0.90625,0.9921875,1250.0,128.0,10000.0,140.98803551878314,2.5016187865226573,0.01954389676970826,4.735852383619795,0.03699884674702965,1.6410380496011718,0.012820609762509155,2.814745622661707,10.0,128.0,0.9676158496467161,128.0,6.0,9.0,27.0,75.0,0.046875,0.0703125,0.2109375,0.5859375,78.125,2,59.92
layer2.5.conv2,conv,36,128,1,False,128.0,0,16.0,16.0,160000,86.37731305629168,19.663040409250318,0.1536175031972681,48.001892255515266,0.375014783246213,5.656733962325179,0.04419323408066546,1.134986338938541,10,128,0.9931565682943856,128,71,93,119,127,0.5546875,0.7265625,0.9296875,0.9921875,1250.0,128.0,10000.0,12.297923685594913,3.004934502128179,0.0234760507978764,6.043189284061168,0.04721241628172788,1.8163353863283704,0.014190120205690394,2.758762993128487,10.0,128.0,0.9520291424187981,128.0,7.0,12.0,37.0,84.0,0.0546875,0.09375,0.2890625,0.65625,78.125,2,59.92
layer2.5,block,37,128,1,False,,0,16.0,16.0,160000,444.50141917166434,20.92779462968575,0.16349839554441992,47.18425837525427,0.36862701855667396,6.722830560753925,0.05252211375589004,1.061846456705054,10,128,0.9974869389492604,128,71,95,121,128,0.5546875,0.7421875,0.9453125,1.0,1250.0,128.0,10000.0,58.655570780747276,3.882040088990026,0.030328438195234578,7.665863739445516,0.059889560464418096,2.1546418135351835,0.01683313916824362,2.030100468498777,10.0,128.0,0.997015807292925,128.0,8.0,14.0,49.0,109.0,0.0625,0.109375,0.3828125,0.8515625,78.125,2,59.92
layer3.0.conv1,conv,38,256,1,False,256.0,0,8.0,8.0,160000,1365.3634601794752,12.732762111400834,0.04973735199765951,36.550369174779945,0.14277487958898416,4.477759221334216,0.01749124695833678,1.3545280076393633,10,256,0.9878485111389154,256,71,125,212,250,0.27734375,0.48828125,0.828125,0.9765625,625.0,256.0,10000.0,234.84303579999897,2.8114374040299057,0.01098217735949182,5.601281153778565,0.02188000450694752,1.756194103380295,0.0068601332163292774,2.030926447110184,10.0,256.0,0.9793941950952302,256.0,6.0,11.0,51.0,172.0,0.0234375,0.04296875,0.19921875,0.671875,39.0625,2,59.92
layer3.0.conv2,conv,39,256,1,False,256.0,0,8.0,8.0,160000,208.53841760131323,20.66912659662276,0.08073877576805766,60.10480014909596,0.23478437558240609,5.800433340630123,0.02265794273683642,1.202842811315758,10,256,0.9961414925802952,256,109,163,231,254,0.42578125,0.63671875,0.90234375,0.9921875,625.0,256.0,10000.0,33.88496407115504,2.8751318203006697,0.011230983673049491,6.107414326606822,0.023857087213307898,1.7719561883506951,0.006921703860744903,2.071854702550353,10.0,256.0,0.9670027323613352,256.0,8.0,13.0,68.0,181.0,0.03125,0.05078125,0.265625,0.70703125,39.0625,2,59.92
layer3.0.downsample.0,conv,40,256,1,False,128.0,0,8.0,8.0,160000,835.3314884120005,17.97508998630131,0.07021519525898949,37.136784679300156,0.14506556515351623,6.462035477843058,0.025242326085324444,8.784036271499373,10,256,0.5598965264009937,191,50,72,106,125,0.1953125,0.28125,0.4140625,0.48828125,625.0,256.0,10000.0,118.76819524990344,3.944973385202242,0.015410052285946258,8.072245404310896,0.03153220861058944,2.160141381423037,0.008438052271183738,8.063206831236174,10.0,256.0,0.6105837008745852,192.0,9.0,16.0,57.0,107.0,0.03515625,0.0625,0.22265625,0.41796875,39.0625,2,59.92
layer3.0,block,41,256,1,False,,0,8.0,8.0,160000,197.8128464574211,31.952632874392794,0.12481497216559685,82.3395882126462,0.32163901645564924,8.838257109506744,0.03452444183401072,1.048523873951715,10,256,0.9979254750898736,256,137,186,239,255,0.53515625,0.7265625,0.93359375,0.99609375,625.0,256.0,10000.0,26.075839194691536,4.495079779101509,0.01755890538711527,10.794271006732005,0.042165121120046896,2.321578544544274,0.00906866618962607,1.4989540233924845,10.0,256.0,0.995228667605904,256.0,13.0,33.0,145.0,239.0,0.05078125,0.12890625,0.56640625,0.93359375,39.0625,2,59.92
layer3.1.conv1,conv,42,256,1,False,256.0,0,8.0,8.0,160000,426.54187832762904,30.971174988605355,0.12098115229923967,79.45828139653898,0.3103839117052304,8.3088538167158,0.03245646022154609,1.1215405951197783,10,256,0.9954597097928152,256,130,179,236,254,0.5078125,0.69921875,0.921875,0.9921875,625.0,256.0,10000.0,59.36886969186333,3.968696291998124,0.015502719890617671,8.719287049775682,0.03405971503818626,2.164077373863911,0.008453427241655903,2.0612084085721096,10.0,256.0,0.9624045186750718,256.0,10.0,21.0,91.0,196.0,0.0390625,0.08203125,0.35546875,0.765625,39.0625,2,59.92
layer3.1.conv2,conv,43,256,1,False,256.0,0,8.0,8.0,160000,186.69564182688237,34.68336594443664,0.13548189822045562,89.4032159013134,0.3492313121145055,9.199561525877819,0.03593578721046023,1.029220693957391,10,256,0.9944280241655091,256,144,190,240,255,0.5625,0.7421875,0.9375,0.99609375,625.0,256.0,10000.0,25.048381145046392,4.273952041674315,0.016695125162790293,9.512901188330995,0.03715977026691795,2.2847480495541697,0.008924797068570975,2.0680246880232662,10.0,256.0,0.9561816357789442,256.0,11.0,26.0,101.0,200.0,0.04296875,0.1015625,0.39453125,0.78125,39.0625,2,59.92
layer3.1,block,44,256,1,False,,0,8.0,8.0,160000,309.5124859997005,38.39300272317079,0.1499726668873859,95.40415211053637,0.3726724691817827,10.824500639673682,0.04228320562372532,0.9531493440195237,10,256,0.9959675548495183,256,153,198,243,255,0.59765625,0.7734375,0.94921875,0.99609375,625.0,256.0,10000.0,38.733883141645215,5.460459062972339,0.021329918214735698,12.574876501237341,0.049120611332958364,2.709478477903939,0.010583900304312261,1.4933352384372962,10.0,256.0,0.9955719704697006,256.0,15.0,40.0,154.0,241.0,0.05859375,0.15625,0.6015625,0.94140625,39.0625,2,59.92
layer3.2.conv1,conv,45,256,1,False,256.0,0,8.0,8.0,160000,655.3719011622002,33.30650978725399,0.13010355385646089,83.17561373969458,0.32490474117068197,9.77269015358125,0.03817457091242676,1.0803835819609184,10,256,0.9946200466587465,256,136,184,238,254,0.53125,0.71875,0.9296875,0.9921875,625.0,256.0,10000.0,86.61674979199915,4.696563403414206,0.018345950794586743,9.889393154813192,0.03863044201098903,2.489165197166196,0.009723301551430454,2.0752998154861406,10.0,256.0,0.9634490760521615,256.0,11.0,24.0,96.0,199.0,0.04296875,0.09375,0.375,0.77734375,39.0625,2,59.92
layer3.2.conv2,conv,46,256,1,False,256.0,0,8.0,8.0,160000,179.10123293307382,35.16658518233121,0.1373694733684813,91.95220493147222,0.3591883005135634,9.307539242641672,0.03635757516656903,0.9999035829575521,10,256,0.9924471251938104,256,148,192,240,255,0.578125,0.75,0.9375,0.99609375,625.0,256.0,10000.0,22.798369148868172,4.5267571841502185,0.01768264525058679,10.08123443010222,0.0393798219925868,2.4235528097932186,0.00946700316325476,2.0693461938279123,10.0,256.0,0.9506161801821872,256.0,13.0,30.0,107.0,203.0,0.05078125,0.1171875,0.41796875,0.79296875,39.0625,2,59.92
layer3.2,block,47,256,1,False,,0,8.0,8.0,160000,442.20350324598667,38.086202237751785,0.1487742274912179,95.78939660430433,0.3741773304855638,10.26572702640291,0.04010049619688637,0.943531480827532,10,256,0.9945773052220008,256,155,199,243,255,0.60546875,0.77734375,0.94921875,0.99609375,625.0,256.0,10000.0,56.53682496195878,5.440768320327759,0.02125300125128031,12.400550612450257,0.048439650829883815,2.7322172064122494,0.01067272346254785,1.5054123341946573,10.0,256.0,0.9958251448798645,256.0,15.0,39.0,153.0,240.0,0.05859375,0.15234375,0.59765625,0.9375,39.0625,2,59.92
layer3.3.conv1,conv,48,256,1,False,256.0,0,8.0,8.0,160000,949.9996449687449,29.302096933152043,0.11446131614512517,77.84366061591899,0.30407679928093356,7.961283650108845,0.031098764258237675,1.079169133834939,10,256,0.9942088812524645,256,133,182,237,254,0.51953125,0.7109375,0.92578125,0.9921875,625.0,256.0,10000.0,125.70538731885969,4.361065506761524,0.017035412135787204,9.382231216114592,0.036649340687947625,2.3492389320977356,0.00917671457850678,2.108950858495267,10.0,256.0,0.9618200008998908,256.0,11.0,24.0,95.0,197.0,0.04296875,0.09375,0.37109375,0.76953125,39.0625,2,59.92
layer3.3.conv2,conv,49,256,1,False,256.0,0,8.0,8.0,160000,179.284500193004,28.37081532482811,0.11082349736260981,84.77792914490966,0.33116378572230337,7.002560950807363,0.027353753714091263,0.9945721028714284,10,256,0.9929189138836786,256,146,191,240,255,0.5703125,0.74609375,0.9375,0.99609375,625.0,256.0,10000.0,22.914507514089856,3.7998444132825577,0.014843142239384991,9.10105852730949,0.0355510098723027,2.0906297180871927,0.008166522336278096,2.093096534719839,10.0,256.0,0.9488379765150523,256.0,13.0,30.0,105.0,201.0,0.05078125,0.1171875,0.41015625,0.78515625,39.0625,2,59.92
layer3.3,block,50,256,1,False,,0,8.0,8.0,160000,575.0557060936286,36.956026643090325,0.14435947907457158,94.94525475373541,0.37087990138177895,9.462919545145443,0.036964529473224386,0.9363473681133379,10,256,0.9931432514917236,256,155,199,243,255,0.60546875,0.77734375,0.94921875,0.99609375,625.0,256.0,10000.0,74.20451654332346,5.480606937215819,0.02140862084849929,12.333536531463695,0.04817787707603006,2.767055695836176,0.010808811311860062,1.5039657673020397,10.0,256.0,0.9959609953076449,256.0,15.0,39.0,152.0,240.0,0.05859375,0.15234375,0.59375,0.9375,39.0625,2,59.92
layer3.4.conv1,conv,51,256,1,False,256.0,0,8.0,8.0,160000,1209.324886398373,28.650078042069893,0.11191436735183552,77.95163791377806,0.30449858560069554,7.658386842806153,0.029915573604711535,1.0752919290604799,10,256,0.9945575318725388,256,134,182,237,254,0.5234375,0.7109375,0.92578125,0.9921875,625.0,256.0,10000.0,159.7929169653114,4.535755790980061,0.017717796058515863,9.643893702774923,0.03767145977646454,2.419722573910483,0.009452041304337824,2.1050601721108424,10.0,256.0,0.9584237317627348,256.0,11.0,25.0,96.0,197.0,0.04296875,0.09765625,0.375,0.76953125,39.0625,2,59.92
layer3.4.conv2,conv,52,256,1,False,256.0,0,8.0,8.0,160000,169.2104641260679,33.94092663641467,0.13258174467349482,92.38569293097493,0.3608816130116208,8.043769049665169,0.03142097285025457,0.9965570263663452,10,256,0.992334204664655,256,149,193,241,255,0.58203125,0.75390625,0.94140625,0.99609375,625.0,256.0,10000.0,21.281326582917966,4.341768497519424,0.01696003319343525,10.051918290496573,0.03926530582225224,2.29640062322434,0.008970314934470078,2.076649013331709,10.0,256.0,0.9441582552687948,256.0,13.0,32.0,109.0,203.0,0.05078125,0.125,0.42578125,0.79296875,39.0625,2,59.92
layer3.4,block,53,256,1,False,,0,8.0,8.0,160000,716.9548337729223,36.34385178771379,0.14196817104575699,94.33381971491906,0.3684914832614026,8.977048330956345,0.03506659504279822,0.9352620647600887,10,256,0.9917954523521042,256,155,199,243,255,0.60546875,0.77734375,0.94921875,0.99609375,625.0,256.0,10000.0,93.97783688019447,5.270082558235534,0.020586259993107554,12.086261347044754,0.04721195838689357,2.651965261078472,0.01035923930108778,1.515162954919646,10.0,256.0,0.9958427839916845,256.0,15.0,38.0,150.0,240.0,0.05859375,0.1484375,0.5859375,0.9375,39.0625,2,59.92
layer3.5.conv1,conv,54,256,1,False,256.0,0,8.0,8.0,160000,1464.8860459519133,29.255642589910224,0.11427985386683681,79.20301205225218,0.30938676582911007,7.5573666695278225,0.029520963552843057,1.0727687024781538,10,256,0.993992316151314,256,135,183,238,254,0.52734375,0.71484375,0.9296875,0.9921875,625.0,256.0,10000.0,187.7318564449449,4.519399772087249,0.017653905359715817,9.861871415272565,0.03852293521590846,2.3868400413802644,0.009323593911641658,2.1142509858578515,10.0,256.0,0.9579221102487774,256.0,12.0,26.0,98.0,198.0,0.046875,0.1015625,0.3828125,0.7734375,39.0625,2,59.92
layer3.5.conv2,conv,55,256,1,False,256.0,0,8.0,8.0,160000,159.4558870022631,40.97614982964778,0.16006308527206164,102.23767092187936,0.39936590203859124,9.619062296403825,0.03757446209532744,0.9761722235491697,10,256,0.9924663421371857,256,154,196,242,255,0.6015625,0.765625,0.9453125,0.99609375,625.0,256.0,10000.0,18.747541441904296,4.999021992831894,0.019527429659499586,11.603898814196079,0.04532772974295343,2.5651177158907754,0.010019991077698341,2.092177210008252,10.0,256.0,0.9430891789888237,256.0,16.0,38.0,115.0,206.0,0.0625,0.1484375,0.44921875,0.8046875,39.0625,2,59.92
layer3.5,block,56,256,1,False,,0,8.0,8.0,160000,861.9668153674752,37.04711600000418,0.14471529687501633,95.12327227481035,0.3715752823234779,9.227994532502208,0.03604685364258675,0.9337059168520134,10,256,0.991337108108392,256,156,200,244,255,0.609375,0.78125,0.953125,0.99609375,625.0,256.0,10000.0,113.7163698482195,5.438095284400283,0.021242559704688604,12.257284171538254,0.047880016295071305,2.7363229574598917,0.010688761552577702,1.5205780957774144,10.0,256.0,0.9960437191052798,256.0,15.0,39.0,150.0,239.0,0.05859375,0.15234375,0.5859375,0.93359375,39.0625,2,59.92
layer4.0.conv1,conv,57,512,1,False,512.0,0,4.0,4.0,160000,2299.313989359151,16.39902406947108,0.0320293438856857,61.246164986673975,0.11962141598959761,5.0877021263651505,0.009936918215556935,1.177590363412983,10,512,0.9840939743678593,512,165,276,437,503,0.322265625,0.5390625,0.853515625,0.982421875,312.5,512.0,10000.0,345.2147644462855,4.8884704010866855,0.009547793752122433,12.829844773272526,0.025058290572797903,2.511838684491262,0.004905934930646996,1.4956449598918335,10.0,512.0,0.9623985178921038,512.0,21.0,75.0,278.0,458.0,0.041015625,0.146484375,0.54296875,0.89453125,19.53125,2,59.92
layer4.0.conv2,conv,58,512,1,False,512.0,0,4.0,4.0,160000,358.64208090237577,22.785296479444874,0.04450253218641577,80.35807158997726,0.15694935857417433,7.2463700473483765,0.014153066498727298,1.056209454709608,10,512,0.9918311541226568,512,210,323,462,507,0.41015625,0.630859375,0.90234375,0.990234375,312.5,512.0,10000.0,48.33509194551022,4.409196935429343,0.008611712764510436,13.06606152385098,0.025519651413771445,2.286467602387257,0.004465757035912611,1.5277983343175603,10.0,512.0,0.9565331230469853,512.0,28.0,91.0,285.0,461.0,0.0546875,0.177734375,0.556640625,0.900390625,19.53125,2,59.92
layer4.0.downsample.0,conv,59,512,1,False,256.0,0,4.0,4.0,160000,1609.5647463072332,26.679295594263397,0.0521079992075457,67.6027604667787,0.13203664153667716,7.791012457652778,0.015216821206353082,7.0241396140851515,10,512,0.5121270977905452,375,106,149,215,249,0.20703125,0.291015625,0.419921875,0.486328125,312.5,512.0,10000.0,257.7915650180316,6.147575369830625,0.012006983144200439,16.02953422685466,0.03130768403682551,2.8993807686034496,0.0056628530636786125,6.614456125697533,10.0,512.0,0.5527815274515416,385.0,30.0,73.0,170.0,237.0,0.05859375,0.142578125,0.33203125,0.462890625,19.53125,2,59.92
layer4.0,block,60,512,1,False,,0,4.0,4.0,160000,383.4318103768053,39.94078582031799,0.07800934730530858,136.93035326877893,0.26744209622808385,9.039508638655603,0.017655290309874224,0.9777387587623221,10,512,0.9967677702548459,512,275,374,479,509,0.537109375,0.73046875,0.935546875,0.994140625,312.5,512.0,10000.0,55.9273643174608,6.467488294165819,0.012631813074542616,22.315230314552053,0.04358443420810948,2.8929140979585637,0.00565022284757532,1.1224183934292367,10.0,512.0,0.993919548066238,512.0,73.0,187.0,406.0,499.0,0.142578125,0.365234375,0.79296875,0.974609375,19.53125,2,59.92
layer4.1.conv1,conv,61,512,1,False,512.0,0,4.0,4.0,160000,719.5092740810111,28.267587695631885,0.055210132218031026,102.50083991976878,0.2001969529682984,8.780622918384793,0.0171496541374703,1.0149797919579757,10,512,0.9925462057692961,512,245,349,470,508,0.478515625,0.681640625,0.91796875,0.9921875,312.5,512.0,10000.0,92.92657778944063,5.138633952738278,0.01003639443894195,16.593806973313672,0.032409779244753266,2.4791615154749636,0.004842112334912038,1.5090281538327035,10.0,512.0,0.9540699350654718,512.0,43.0,117.0,309.0,469.0,0.083984375,0.228515625,0.603515625,0.916015625,19.53125,2,59.92
layer4.1.conv2,conv,62,512,1,False,512.0,0,4.0,4.0,160000,380.7096744570415,20.880777549998275,0.04078276865234038,82.13094026652473,0.16041199270805612,7.19108393184251,0.014045085804379902,0.9640478796822161,10,512,0.9921380780425181,512,236,344,469,508,0.4609375,0.671875,0.916015625,0.9921875,312.5,512.0,10000.0,46.30702187628695,4.138131312798961,0.008082287720310471,13.736135563505172,0.02682838977247104,2.1528354069950866,0.0042047566542872785,1.5084716197005799,10.0,512.0,0.9467533609016135,512.0,38.0,110.0,299.0,465.0,0.07421875,0.21484375,0.583984375,0.908203125,19.53125,2,59.92
layer4.1,block,63,512,1,False,,0,4.0,4.0,160000,596.2152257893632,33.63849050367025,0.06570017676498095,128.13185335128736,0.25025752607673313,7.856115121911794,0.015343974847483973,0.9108639544642391,10,512,0.9919320946946992,512,287,383,482,509,0.560546875,0.748046875,0.94140625,0.994140625,312.5,512.0,10000.0,87.51751742859418,5.178134800723835,0.01011354453266374,18.013920994355384,0.03518343944210036,2.475660168709292,0.004835273767010336,1.105415882662377,10.0,512.0,0.9926516204159187,512.0,58.0,169.0,396.0,498.0,0.11328125,0.330078125,0.7734375,0.97265625,19.53125,2,59.92
layer4.2.conv1,conv,64,512,1,False,512.0,0,4.0,4.0,160000,1187.3432697617404,19.68596687496202,0.038449154052660195,76.12523032357032,0.14868209047572328,7.194536532813598,0.014051829165651558,1.0003630167354678,10,512,0.9926082918479763,512,220,332,465,507,0.4296875,0.6484375,0.908203125,0.990234375,312.5,512.0,10000.0,140.4903685926929,4.2686428943953745,0.008337193153115966,13.938488335496,0.027223610030265626,2.1893142707953737,0.004276004435147214,1.5056450204442064,10.0,512.0,0.9502972255041492,512.0,35.0,106.0,298.0,465.0,0.068359375,0.20703125,0.58203125,0.908203125,19.53125,2,59.92
layer4.2.conv2,conv,65,512,1,False,512.0,0,4.0,4.0,160000,385.60131632345457,16.85128786254416,0.032912671606531566,64.72476254636429,0.12641555184836775,6.408457485317692,0.012516518526011117,0.9831324272485057,10,512,0.990348567245353,512,207,323,462,507,0.404296875,0.630859375,0.90234375,0.990234375,312.5,512.0,10000.0,46.317528860960834,3.1370287467999307,0.006127009271093615,10.058262106421061,0.019645043176603635,1.8238673809913046,0.003562240978498642,1.5154921979811316,10.0,512.0,0.9426985556878373,512.0,25.0,89.0,277.0,457.0,0.048828125,0.173828125,0.541015625,0.892578125,19.53125,2,59.92
layer4.2,block,66,512,1,False,,0,4.0,4.0,160000,809.6383363711369,30.90622817356517,0.060363726901494476,117.97505334605881,0.23042002606652112,7.59973033198575,0.014843223304659668,0.9088381664324487,10,512,0.9892317179939383,512,280,379,482,509,0.546875,0.740234375,0.94140625,0.994140625,312.5,512.0,10000.0,120.75922991863095,4.5115917612931025,0.00881170265877559,15.190847059393565,0.029669623162878057,2.2725654601208336,0.004438604414298503,1.1028801518200284,10.0,512.0,0.9914030246034613,512.0,44.0,149.0,384.0,495.0,0.0859375,0.291015625,0.75,0.966796875,19.53125,2,59.92
layer4.3.conv1,conv,67,512,1,False,512.0,0,4.0,4.0,160000,1614.8558746565357,17.925063822644418,0.03500989027860238,67.9595093443747,0.13273341668823183,6.704754946759772,0.01309522450539018,1.0089989875536016,10,512,0.9921148674363575,512,206,322,462,507,0.40234375,0.62890625,0.90234375,0.990234375,312.5,512.0,10000.0,185.90650989228172,3.8561454901757606,0.007531534160499532,12.108854345998823,0.023650106144528952,2.0690946998485034,0.004041200585641608,1.5001533444404591,10.0,512.0,0.9487345491579612,512.0,28.0,95.0,287.0,461.0,0.0546875,0.185546875,0.560546875,0.900390625,19.53125,2,59.92
layer4.3.conv2,conv,68,512,1,False,512.0,0,4.0,4.0,160000,387.77706235790413,15.195332568641595,0.029678383923128115,57.4308837782943,0.11216969487948106,5.944575089270524,0.011610498221231492,0.9902001665716511,10,512,0.9902607156546024,512,192,312,459,506,0.375,0.609375,0.896484375,0.98828125,312.5,512.0,10000.0,45.59241288672738,2.68912802327463,0.005252203170458262,8.338960015398888,0.016287031280075952,1.6734842405754182,0.0032685239073738637,1.5131957123402866,10.0,512.0,0.9409089402107051,512.0,20.0,79.0,267.0,452.0,0.0390625,0.154296875,0.521484375,0.8828125,19.53125,2,59.92
layer4.3,block,69,512,1,False,,0,4.0,4.0,160000,1007.8714770550578,29.32306534850781,0.05727161200880432,111.76449691353172,0.21829003303424163,7.544746414133341,0.014735832840104181,0.9079677996627594,10,512,0.9886141793063903,512,275,377,481,509,0.537109375,0.736328125,0.939453125,0.994140625,312.5,512.0,10000.0,152.31434735254805,4.390387042315841,0.008574974692023127,14.137890688469463,0.02761306775091692,2.242542457832369,0.004379965737953846,1.1038964268749416,10.0,512.0,0.9903657575303187,512.0,37.0,136.0,375.0,494.0,0.072265625,0.265625,0.732421875,0.96484375,19.53125,2,59.92
layer4.4.conv1,conv,70,512,1,False,512.0,0,4.0,4.0,160000,2047.7442310043493,16.93907632931716,0.03308413345569758,62.08415805941243,0.1212581212097899,7.12540217104917,0.01391680111533041,1.0156125131822673,10,512,0.9916532415789271,512,193,312,459,506,0.376953125,0.609375,0.896484375,0.98828125,312.5,512.0,10000.0,221.89619519957287,4.036236192970047,0.007883273814394623,12.268908637317217,0.02396271218226019,2.1336709640716727,0.004167326101702486,1.4996717223365155,10.0,512.0,0.9482171959633852,512.0,27.0,92.0,284.0,461.0,0.052734375,0.1796875,0.5546875,0.900390625,19.53125,2,59.92
layer4.4.conv2,conv,71,512,1,False,512.0,0,4.0,4.0,160000,364.27653950940214,17.002729898743304,0.033208456833483016,59.661074285181996,0.11652553571324609,6.823696338903523,0.013327531911920943,1.0071846897360037,10,512,0.9893342893621558,512,188,308,457,506,0.3671875,0.6015625,0.892578125,0.98828125,312.5,512.0,10000.0,36.261181106774316,3.34491093639776,0.006533029172651875,10.757154961938518,0.021010068285036168,1.8901870411930122,0.003691771564830102,1.5029279863377327,10.0,512.0,0.9405282974426912,512.0,27.0,94.0,282.0,459.0,0.052734375,0.18359375,0.55078125,0.896484375,19.53125,2,59.92
layer4.4,block,72,512,1,False,,0,4.0,4.0,160000,1199.3729825583152,28.48569091243265,0.05563611506334502,108.49301645607392,0.21190042276576937,7.267259517574105,0.014193866245261923,0.9132503049829773,10,512,0.9878211918346995,512,271,374,480,509,0.529296875,0.73046875,0.9375,0.994140625,312.5,512.0,10000.0,186.93696249589843,4.224102315437265,0.008250199834838408,13.060616799089438,0.025509017185721558,2.1939798559248875,0.004285116906103296,1.1008223412704448,10.0,512.0,0.9897797594581298,512.0,30.0,122.0,367.0,492.0,0.05859375,0.23828125,0.716796875,0.9609375,19.53125,2,59.92
layer4.5.conv1,conv,73,512,1,False,512.0,0,4.0,4.0,160000,2390.5777674268247,16.60727741592621,0.03243608870298088,61.30600536909234,0.11973829173650848,6.569039108412215,0.012830154508617608,1.0217395138938217,10,512,0.9897757659356295,512,191,310,458,506,0.373046875,0.60546875,0.89453125,0.98828125,312.5,512.0,10000.0,267.5753415224089,3.900385499095608,0.007617940427921109,11.41816978585905,0.022301112863005956,2.0969798508345465,0.004095663771161224,1.4944789904604439,10.0,512.0,0.9459855660531933,512.0,23.0,86.0,277.0,458.0,0.044921875,0.16796875,0.541015625,0.89453125,19.53125,2,59.92
layer4.5.conv2,conv,74,512,1,False,512.0,0,4.0,4.0,160000,355.49820376503754,16.93485278396877,0.033075884343689,60.36753174402015,0.11790533543753935,6.48369998363709,0.01266347653054119,1.0066918173943482,10,512,0.9887033773352768,512,190,310,458,506,0.37109375,0.60546875,0.89453125,0.98828125,312.5,512.0,10000.0,40.616708931142064,2.888022738166029,0.0056406694104805255,8.790793958814918,0.017169519450810387,1.7427788058279607,0.003403864855132736,1.4937574546928545,10.0,512.0,0.9387196417477053,512.0,19.0,79.0,269.0,453.0,0.037109375,0.154296875,0.525390625,0.884765625,19.53125,2,59.92
layer4.5,block,75,512,1,False,,0,4.0,4.0,160000,1336.9047545715443,30.31638100013342,0.05921168164088558,114.8081852669795,0.22423473684956935,7.356783986987935,0.01436871872458581,0.9115597940325094,10,512,0.9866614620800356,512,277,378,481,509,0.541015625,0.73828125,0.939453125,0.994140625,312.5,512.0,10000.0,227.1115269327157,4.095396292182314,0.007998820883168582,12.196271358946174,0.023820842497941745,2.156297160695394,0.004211517891983191,1.0981027767303069,10.0,512.0,0.9888347549154783,512.0,24.0,111.0,358.0,491.0,0.046875,0.216796875,0.69921875,0.958984375,19.53125,2,59.92
fc,linear,76,10,1,False,,0,,,10000,64.41542454584899,2.420338231403897,0.2420338231403897,3.580189868746369,0.3580189868746369,1.635892140164016,0.1635892140164016,,10,10,,10,4,5,7,9,0.4,0.5,0.7,0.9,1000.0,,,,,,,,,,,,,,,,,,,,,,,,2,59.92
conv1,conv,0,64,1,False,27.0,0,32.0,32.0,160000,40.13371106836796,1.4672145398451932,0.022925227185081144,2.2301775243635404,0.03484652381818032,1.2169606512202757,0.01901501017531681,14.393111605952507,10,64,0.881298615400203,45,3,4,8,14,0.046875,0.0625,0.125,0.21875,2500.0,64.0,10000.0,11.495396418715643,1.235779441687357,0.019309053776364955,1.4809398695284173,0.02313968546138152,1.11672354449923,0.01744880538280047,8.08747001173378,10.0,64.0,0.95624604074983,45.0,2.0,2.0,3.0,3.0,0.03125,0.03125,0.046875,0.046875,156.25,3,65.27
layer1.0.conv1,conv,1,64,1,False,64.0,0,32.0,32.0,160000,66.39956548223007,3.9878301089158037,0.06230984545180943,8.673277776723754,0.13551996526130866,2.1206766030979187,0.03313557192340498,2.3080356750844677,10,64,0.9922049648203354,64,11,18,40,60,0.171875,0.28125,0.625,0.9375,2500.0,64.0,10000.0,15.606674475463027,1.923078107436094,0.03004809542868897,2.873078588453004,0.04489185294457819,1.4227376486532342,0.022230275760206784,4.3748500522232385,10.0,64.0,0.9877203049219164,64.0,3.0,4.0,7.0,17.0,0.046875,0.0625,0.109375,0.265625,156.25,3,65.27
layer1.0.conv2,conv,2,64,1,False,64.0,0,32.0,32.0,160000,48.04449259248109,6.571197859480945,0.10267496655438976,14.470779245955724,0.22610592571805818,2.92193229461561,0.04565519210336891,1.8345673029438556,10,64,0.9937750821254406,64,19,30,52,63,0.296875,0.46875,0.8125,0.984375,2500.0,64.0,10000.0,8.997629084704856,2.5483568369307847,0.03981807557704351,3.942307466437864,0.06159855416309162,1.7118595096516864,0.0267478048383076,3.9510641028167615,10.0,64.0,0.9679434268560011,64.0,4.0,6.0,12.0,29.0,0.0625,0.09375,0.1875,0.453125,156.25,3,65.27
layer1.0,block,3,64,1,False,,0,32.0,32.0,160000,31.646724118944803,10.821780038079925,0.16909031309499883,20.825076353906688,0.325391818029792,4.275710356665269,0.06680797432289483,1.6812603441720742,10,64,0.9824600670170345,64,26,37,56,63,0.40625,0.578125,0.875,0.984375,2500.0,64.0,10000.0,4.983055981167075,3.438913377535885,0.053733021523998205,5.565228662239728,0.08695669784749575,2.0679839324581373,0.032312248944658395,2.8546569032127165,10.0,64.0,0.996859084643128,64.0,5.0,8.0,19.0,46.0,0.078125,0.125,0.296875,0.71875,156.25,3,65.27
layer1.1.conv1,conv,4,64,1,False,64.0,0,32.0,32.0,160000,99.71929631080542,8.499655014756357,0.13280710960556807,17.20221264197683,0.26878457253088794,3.5372279513543994,0.05526918673991249,1.8351451965193684,10,64,0.9958954737246611,64,21,32,54,63,0.328125,0.5,0.84375,0.984375,2500.0,64.0,10000.0,16.213398416811813,2.5041042428875007,0.0391266287951172,3.9834863649391115,0.062241974452173617,1.6748180469409382,0.02616903198345216,3.9361262220434305,10.0,64.0,0.962984003637101,64.0,4.0,6.0,13.0,31.0,0.0625,0.09375,0.203125,0.484375,156.25,3,65.27
layer1.1.conv2,conv,5,64,1,False,64.0,0,32.0,32.0,160000,43.952228217310875,10.354133415589457,0.16178333461858527,20.783542434502078,0.32474285053909496,4.096107152777982,0.06400167426215597,1.603822569454046,10,64,0.9945476548255333,64,26,39,57,64,0.40625,0.609375,0.890625,1.0,2500.0,64.0,10000.0,6.353096608314994,2.6752409652764317,0.041800640082444246,4.37020571885033,0.0682844643570364,1.7428026766819855,0.027231291823156024,3.8746488913384183,10.0,64.0,0.9571941305548597,64.0,4.0,7.0,16.0,35.0,0.0625,0.109375,0.25,0.546875,156.25,3,65.27
layer1.1,block,6,64,1,False,,0,32.0,32.0,160000,56.031864878330204,12.510334521657828,0.19547397690090357,24.137209185342073,0.3771438935209699,4.8346613813239205,0.07554158408318626,1.4421714958320255,10,64,0.9927098437892913,64,31,43,58,64,0.484375,0.671875,0.90625,1.0,2500.0,64.0,10000.0,7.2037850618966,3.552050917489726,0.05550079558577697,5.963512739527705,0.0931798865551204,2.090108032957506,0.03265793801496103,2.7131505786652457,10.0,64.0,0.9969355733838008,64.0,6.0,9.0,22.0,50.0,0.09375,0.140625,0.34375,0.78125,156.25,3,65.27
layer1.2.conv1,conv,7,64,1,False,64.0,0,32.0,32.0,160000,158.41639632138777,9.905433939440375,0.15477240530375586,19.555833556084572,0.30555989931382144,4.109640885220034,0.06421313883156303,1.689586192875065,10,64,0.9926916080120325,64,25,36,56,63,0.390625,0.5625,0.875,0.984375,2500.0,64.0,10000.0,19.26142368647292,2.9851077078081394,0.04664230793450218,4.75537022973169,0.07430265983955765,1.8838859907536,0.029435718605525,3.905131513623666,10.0,64.0,0.9531599614284815,64.0,5.0,7.0,16.0,35.0,0.078125,0.109375,0.25,0.546875,156.25,3,65.27
layer1.2.conv2,conv,8,64,1,False,64.0,0,32.0,32.0,160000,42.41300655107745,12.778272280936575,0.19966050438963398,24.15857249519778,0.3774776952374653,5.218688549574912,0.081542008587108,1.4696308173541404,10,64,0.9938623860691896,64,30,42,58,64,0.46875,0.65625,0.90625,1.0,2500.0,64.0,10000.0,4.781858015633127,3.0970654684365093,0.04839164794432046,5.162831189255133,0.08066923733211145,1.922755945620797,0.030043061650324953,3.8315969004179395,10.0,64.0,0.9530374082380083,64.0,5.0,8.0,18.0,38.0,0.078125,0.125,0.28125,0.59375,156.25,3,65.27
layer1.2,block,9,64,1,False,,0,32.0,32.0,160000,88.24208769262862,12.310530401906092,0.1923520375297827,24.17946349339175,0.3778041170842461,4.795912697495669,0.07493613589836982,1.3879906965824211,10,64,0.9955227930779404,64,31,44,59,64,0.484375,0.6875,0.921875,1.0,2500.0,64.0,10000.0,9.880616319259063,3.4058209860928637,0.053215952907700995,5.956540977143523,0.09307095276786755,2.012069261943761,0.03143858221787126,2.6794533102413824,10.0,64.0,0.9973113035864286,64.0,6.0,10.0,24.0,51.0,0.09375,0.15625,0.375,0.796875,156.25,3,65.27
layer1.3.conv1,conv,10,64,1,False,64.0,0,32.0,32.0,160000,245.33297166389795,9.498443293036733,0.14841317645369895,18.815789896320556,0.2939967171300087,4.290526263897726,0.06703947287340196,1.5751505780395547,10,64,0.993684512019396,64,25,37,56,63,0.390625,0.578125,0.875,0.984375,2500.0,64.0,10000.0,27.755993490306423,2.708869142810165,0.04232608035640883,4.486526726084856,0.07010198009507587,1.752222673506937,0.02737847927354589,3.830591558334973,10.0,64.0,0.9486641995104144,64.0,5.0,7.0,16.0,35.0,0.078125,0.109375,0.25,0.546875,156.25,3,65.27
layer1.3.conv2,conv,11,64,1,False,64.0,0,32.0,32.0,160000,43.13161093104891,12.433112474283236,0.19426738241067557,23.854756115700177,0.37273056430781526,5.189281261197818,0.08108251970621591,1.3781652553225785,10,64,0.9854450883478276,64,31,43,58,64,0.484375,0.671875,0.90625,1.0,2500.0,64.0,10000.0,4.616043689400151,3.0512372606361513,0.047675582197439864,5.035941922688664,0.07868659254201038,1.9196852768105046,0.029995082450164134,3.7979784526605482,10.0,64.0,0.9530755232690401,64.0,5.0,8.0,17.0,38.0,0.078125,0.125,0.265625,0.59375,156.25,3,65.27
layer1.3,block,12,64,1,False,,0,32.0,32.0,160000,120.04159515029488,13.36713361521261,0.20886146273769704,25.470083250060313,0.3979700507821924,5.443036446061553,0.08504744446971177,1.3264026734994085,10,64,0.9973641158403643,64,33,45,60,64,0.515625,0.703125,0.9375,1.0,2500.0,64.0,10000.0,10.912282684145811,4.219218384673268,0.06592528726051981,7.04350687477786,0.11005479491840406,2.3934724502972426,0.037398007035894416,2.645429938007298,10.0,64.0,0.99651049433737,64.0,7.0,11.0,26.0,53.0,0.109375,0.171875,0.40625,0.828125,156.25,3,65.27
layer1.4.conv1,conv,13,64,1,False,64.0,0,32.0,32.0,160000,298.0383459949845,10.968201005317018,0.1713781407080784,21.278550534191865,0.3324773520967479,4.689201346397154,0.07326877103745554,1.507770099349848,10,64,0.9944210062949634,64,27,40,57,64,0.421875,0.625,0.890625,1.0,2500.0,64.0,10000.0,28.654415925233955,3.4765520734964266,0.054321126148381665,5.402089756528744,0.08440765244576162,2.1797650418601107,0.03405882877906423,3.7250726208635405,10.0,64.0,0.9590823285786918,64.0,5.0,7.0,18.0,38.0,0.078125,0.109375,0.28125,0.59375,156.25,3,65.27
layer1.4.conv2,conv,14,64,1,False,64.0,0,32.0,32.0,160000,41.757387842686846,12.78759676571785,0.19980619946434142,25.351148917919772,0.39611170184249644,4.879863003307852,0.07624785942668519,1.3748799090317259,10,64,0.9892735160948966,64,33,44,59,64,0.515625,0.6875,0.921875,1.0,2500.0,64.0,10000.0,4.390746265013818,3.1927023691065073,0.049885974517289176,5.077580249962522,0.0793371914056644,2.0499395922526222,0.03203030612894722,3.6881634829211634,10.0,64.0,0.9543206431596354,64.0,5.0,8.0,18.0,39.0,0.078125,0.125,0.28125,0.609375,156.25,3,65.27
layer1.4,block,15,64,1,False,,0,32.0,32.0,160000,156.8381631363159,13.30610105015099,0.20790782890860923,25.33235655712506,0.39581807120507906,5.413338957915839,0.08458342121743498,1.277237760186877,10,64,0.9976400441403628,64,33,45,60,64,0.515625,0.703125,0.9375,1.0,2500.0,64.0,10000.0,13.59214397793167,4.223770137988964,0.06599640840607757,7.121670844867899,0.11127610695106092,2.374991742543492,0.037109245977242064,2.6421555981812537,10.0,64.0,0.9974183807471977,64.0,7.0,11.0,25.0,53.0,0.109375,0.171875,0.390625,0.828125,156.25,3,65.27
layer1.5.conv1,conv,16,64,1,False,64.0,0,32.0,32.0,160000,357.5818764748044,12.66421111048955,0.19787829860139922,23.333156285134585,0.3645805669552279,5.618563318357466,0.0877900518493354,1.4868962345250842,10,64,0.9899172994209133,64,29,41,58,64,0.453125,0.640625,0.90625,1.0,2500.0,64.0,10000.0,32.60314515547918,4.029948124166434,0.06296793944010053,6.192616555661645,0.0967596336822132,2.464301009061739,0.038504703266589675,3.8010052193942845,10.0,64.0,0.9675106301823038,64.0,6.0,8.0,18.0,38.0,0.09375,0.125,0.28125,0.59375,156.25,3,65.27
layer1.5.conv2,conv,17,64,1,False,64.0,0,32.0,32.0,160000,40.985842518898245,15.3550763305379,0.23992306766465468,28.141253596595075,0.43970708744679804,5.925724437942169,0.0925894443428464,1.39872343152602,10,64,0.9927991842702599,64,34,45,59,64,0.53125,0.703125,0.921875,1.0,2500.0,64.0,10000.0,3.1352104024473384,4.0626391039424,0.0634787359991,6.7022653205540585,0.10472289563365716,2.3152409947393684,0.03617564054280263,3.7148975050386204,10.0,64.0,0.9611925188584638,64.0,7.0,10.0,21.0,42.0,0.109375,0.15625,0.328125,0.65625,156.25,3,65.27
layer1.5,block,18,64,1,False,,0,32.0,32.0,160000,189.69518997863656,14.0969955244384,0.22026555506935,26.4373428641415,0.4130834822522109,5.654888794825712,0.08835763741915174,1.2545106515243574,10,64,0.9966252448150889,64,34,46,60,64,0.53125,0.71875,0.9375,1.0,2500.0,64.0,10000.0,14.717040783220227,4.977502570674103,0.07777347766678286,8.079011636466609,0.12623455681979076,2.703997073207904,0.0422499542688735,2.6245006823165618,10.0,64.0,0.9974750852087888,64.0,8.0,11.0,27.0,54.0,0.125,0.171875,0.421875,0.84375,156.25,3,65.27
layer2.0.conv1,conv,19,128,1,False,128.0,0,16.0,16.0,160000,633.3883859721323,10.499624519281873,0.08202831655688964,23.316981528579106,0.18216391819202427,4.435922706478752,0.03465564614436525,1.622583145209238,10,128,0.9907963233841864,128,33,57,102,125,0.2578125,0.4453125,0.796875,0.9765625,1250.0,128.0,10000.0,63.355562608862286,3.5039065228611044,0.027374269709852378,5.796151274063447,0.04528243182862068,2.07773553952932,0.016232308902572812,2.9048976224586482,10.0,128.0,0.9891772025942561,128.0,6.0,8.0,21.0,64.0,0.046875,0.0625,0.1640625,0.5,78.125,3,65.27
layer2.0.conv2,conv,20,128,1,False,128.0,0,16.0,16.0,160000,104.27860109867476,16.74102966438288,0.13078929425299124,38.07102488829889,0.2974298819398351,5.646663396675641,0.044114557786528445,1.379301055152583,10,128,0.9965079784216876,128,54,80,115,127,0.421875,0.625,0.8984375,0.9921875,1250.0,128.0,10000.0,12.36627849004767,2.876763602907576,0.022474715647715436,5.167304399461922,0.040369565620796265,1.794905659472897,0.014022700464632007,2.755794212060924,10.0,128.0,0.9753324076841403,128.0,6.0,8.0,23.0,72.0,0.046875,0.0625,0.1796875,0.5625,78.125,3,65.27
layer2.0.downsample.0,conv,21,128,1,False,64.0,0,16.0,16.0,160000,337.5192758921638,10.938156445442583,0.08545434723002018,20.6369894178797,0.16122647982718516,4.69079892638863,0.03664686661241117,11.177007944072402,10,128,0.6130476419418415,95,25,35,53,62,0.1953125,0.2734375,0.4140625,0.484375,1250.0,128.0,10000.0,28.46847296162232,5.019655465863482,0.039216058327058455,7.762255206077559,0.06064261879748093,2.805158542559013,0.021915301113742288,10.331006715018308,10.0,128.0,0.6811647926292181,97.0,7.0,10.0,26.0,51.0,0.0546875,0.078125,0.203125,0.3984375,78.125,3,65.27
layer2.0,block,22,128,1,False,,0,16.0,16.0,160000,97.35524442721768,19.462633826421893,0.15205182676892104,44.172748193915304,0.3450995952649633,6.979231120062511,0.054525243125488364,1.1769419442836404,10,128,0.9972889355556962,128,66,90,119,127,0.515625,0.703125,0.9296875,0.9921875,1250.0,128.0,10000.0,8.974175827209613,4.3480510035058675,0.03396914846488959,8.176225381631035,0.06387676079399246,2.371616532841487,0.018528254162824116,2.0218320211439926,10.0,128.0,0.9974692252876101,128.0,9.0,14.0,50.0,111.0,0.0703125,0.109375,0.390625,0.8671875,78.125,3,65.27
layer2.1.conv1,conv,23,128,1,False,128.0,0,16.0,16.0,160000,243.25216897487746,17.173544109650692,0.13416831335664603,40.669628124020576,0.31773146971891075,5.584111006553306,0.043625867238697706,1.2807487540482108,10,128,0.9962120213102978,128,60,85,117,127,0.46875,0.6640625,0.9140625,0.9921875,1250.0,128.0,10000.0,27.963744418069705,3.25722617079945,0.025447079459370702,5.81415286601911,0.045423069265774295,1.9597645417981895,0.015310660482798355,2.715884990651275,10.0,128.0,0.9699004163846128,128.0,6.0,9.0,28.0,78.0,0.046875,0.0703125,0.21875,0.609375,78.125,3,65.27
layer2.1.conv2,conv,24,128,1,False,128.0,0,16.0,16.0,160000,102.52874216616844,18.350416109995102,0.14336262585933673,44.7142728062209,0.34933025629860076,5.69570147264558,0.044497667755043595,1.1633271188234506,10,128,0.9935884935095499,128,67,91,119,127,0.5234375,0.7109375,0.9296875,0.9921875,1250.0,128.0,10000.0,12.868093114439446,3.095462640406078,0.024183301878172483,5.772229107907447,0.04509553990552693,1.8718336330198502,0.01462370025796758,2.7393930774730553,10.0,128.0,0.9654843643167144,128.0,6.0,10.0,29.0,79.0,0.046875,0.078125,0.2265625,0.6171875,78.125,3,65.27
layer2.1,block,25,128,1,False,,0,16.0,16.0,160000,160.47347241203403,21.632745394260887,0.16900582339266318,48.95787413446649,0.3824833916755195,6.859855102079514,0.053592617984996205,1.0690261071771208,10,128,0.9971949837494785,128,73,96,121,128,0.5703125,0.75,0.9453125,1.0,1250.0,128.0,10000.0,16.822228013157574,3.879353463992566,0.030307448937441923,7.572983188018128,0.059163931156391625,2.158781109327184,0.016865477416618625,1.9690090790936594,10.0,128.0,0.9969693344787113,128.0,8.0,13.0,49.0,111.0,0.0625,0.1015625,0.3828125,0.8671875,78.125,3,65.27
layer2.2.conv1,conv,26,128,1,False,128.0,0,16.0,16.0,160000,388.29399379078393,17.744171327568385,0.138626338496628,41.32324000900506,0.32283781257035205,5.796646166844395,0.04528629817847184,1.2392884177692116,10,128,0.9970246540035937,128,62,87,118,127,0.484375,0.6796875,0.921875,0.9921875,1250.0,128.0,10000.0,46.735717051236705,3.0660879774510796,0.02395381232383656,5.685614365024944,0.04441886222675737,1.8619702921225878,0.014546642907207717,2.7351614962142845,10.0,128.0,0.9716614368992038,128.0,6.0,9.0,28.0,77.0,0.046875,0.0703125,0.21875,0.6015625,78.125,3,65.27
layer2.2.conv2,conv,27,128,1,False,128.0,0,16.0,16.0,160000,98.15171988863972,19.415016889519613,0.15167981944937198,45.75521178000312,0.3574625920312744,6.206904234641926,0.04849143933314005,1.1463341797551636,10,128,0.9953332647730561,128,69,92,119,127,0.5390625,0.71875,0.9296875,0.9921875,1250.0,128.0,10000.0,12.013749315407994,3.0728771991095987,0.02400685311804374,5.906261678604858,0.046142669364100455,1.8622558368741509,0.014548873725579304,2.7838549358122653,10.0,128.0,0.9622353182694452,128.0,7.0,11.0,33.0,81.0,0.0546875,0.0859375,0.2578125,0.6328125,78.125,3,65.27
layer2.2,block,28,128,1,False,,0,16.0,16.0,160000,232.79434006612615,23.23019917698124,0.18148593107016595,50.661993954872926,0.39579682777244474,7.488253129977297,0.05850197757794763,1.0710188348259668,10,128,0.9962922608957544,128,73,97,121,128,0.5703125,0.7578125,0.9453125,1.0,1250.0,128.0,10000.0,24.626354987625753,4.1803118630207665,0.03265868642984974,8.054103649762304,0.062922684763768,2.2856192728414957,0.017856400569074185,1.9855337948100449,10.0,128.0,0.9966616909696224,128.0,9.0,14.0,51.0,111.0,0.0703125,0.109375,0.3984375,0.8671875,78.125,3,65.27
layer2.3.conv1,conv,29,128,1,False,128.0,0,16.0,16.0,160000,547.8921230797971,16.879649363264992,0.13187226065050775,40.43797694786707,0.3159216949052115,5.7296591248008015,0.04476296191250626,1.2202197008585105,10,128,0.9956786132519722,128,62,87,118,127,0.484375,0.6796875,0.921875,0.9921875,1250.0,128.0,10000.0,70.7363507315762,3.14921406659022,0.024603234895236095,5.707374709289509,0.044588864916324286,1.910606658507366,0.014926614519588797,2.7420111718981794,10.0,128.0,0.9676443299563905,128.0,6.0,9.0,28.0,78.0,0.046875,0.0703125,0.21875,0.609375,78.125,3,65.27
layer2.3.conv2,conv,30,128,1,False,128.0,0,16.0,16.0,160000,94.13201414261832,17.892306089493378,0.139783641324167,44.548131909642905,0.3480322805440852,5.822886106595709,0.045491297707778974,1.110027731885639,10,128,0.9943568641884746,128,70,93,119,128,0.546875,0.7265625,0.9296875,1.0,1250.0,128.0,10000.0,12.012296569272172,2.8879076769737546,0.022561778726357458,5.565095144539712,0.0434773058167165,1.7937493185602422,0.014013666551251892,2.677604241047149,10.0,128.0,0.9591046027095946,128.0,6.0,11.0,34.0,84.0,0.046875,0.0859375,0.265625,0.65625,78.125,3,65.27
layer2.3,block,31,128,1,False,,0,16.0,16.0,160000,310.0990123474946,22.95679709353767,0.17934997729326305,50.23902695269212,0.3924923980679072,7.751830041223107,0.06056117219705552,1.0620683115714813,10,128,0.9968111507055866,128,74,97,121,128,0.578125,0.7578125,0.9453125,1.0,1250.0,128.0,10000.0,33.80991471750023,4.312680178472315,0.033692813894314964,8.297742613776855,0.06482611417013168,2.3413933672910856,0.018292135681961606,1.9812473207585177,10.0,128.0,0.9980508928618608,128.0,9.0,14.0,51.0,112.0,0.0703125,0.109375,0.3984375,0.875,78.125,3,65.27
layer2.4.conv1,conv,32,128,1,False,128.0,0,16.0,16.0,160000,708.0862489255808,17.773887921489656,0.13885849938663794,41.219353239991555,0.322026197187434,6.451848789452612,0.05040506866759853,1.2364952254063932,10,128,0.9955996188494363,128,62,87,117,127,0.484375,0.6796875,0.9140625,0.9921875,1250.0,128.0,10000.0,87.82543562618905,3.3949316383679893,0.026522903424749916,6.229159101646985,0.04866530548161707,2.016455266737841,0.01575355677138938,2.7813669532257483,10.0,128.0,0.9664487874660704,128.0,7.0,10.0,31.0,80.0,0.0546875,0.078125,0.2421875,0.625,78.125,3,65.27
layer2.4.conv2,conv,33,128,1,False,128.0,0,16.0,16.0,160000,97.42810702653682,18.247636185092123,0.1425596576960322,44.479543176373866,0.34749643106542083,5.949517085054906,0.046480602226991456,1.1219455343950797,10,128,0.9943032891578137,128,69,92,119,127,0.5390625,0.71875,0.9296875,0.9921875,1250.0,128.0,10000.0,11.751252142974614,3.2043263055466933,0.02503379926208354,6.196354807004107,0.04840902192971958,1.9343577507405572,0.015112169927660603,2.7659151838724334,10.0,128.0,0.9489908966877874,128.0,7.0,12.0,37.0,84.0,0.0546875,0.09375,0.2890625,0.65625,78.125,3,65.27
layer2.4,block,34,128,1,False,,0,16.0,16.0,160000,384.6159167750377,24.3396033297286,0.1901531510135047,51.381488553685784,0.4014178793256702,8.304118178355973,0.06487592326840604,1.0624229643583252,10,128,0.9968259825781558,128,74,97,121,128,0.578125,0.7578125,0.9453125,1.0,1250.0,128.0,10000.0,40.57757385658701,5.007767343953264,0.03912318237463488,9.393075143116354,0.07338339955559652,2.6244064994375433,0.020503175776855807,1.991548211633631,10.0,128.0,0.9974442077762677,128.0,9.0,16.0,55.0,113.0,0.0703125,0.125,0.4296875,0.8828125,78.125,3,65.27
layer2.5.conv1,conv,35,128,1,False,128.0,0,16.0,16.0,160000,873.262077349285,18.529678219876466,0.1447631110927849,41.74878849947799,0.3261624101521718,6.590801051399753,0.05149063321406057,1.2339485886601098,10,128,0.9961532087435488,128,62,87,117,127,0.484375,0.6796875,0.9140625,0.9921875,1250.0,128.0,10000.0,103.82490901023624,3.7415174443176475,0.02923060503373162,6.841110352564835,0.05344617462941277,2.148670181500868,0.016786485792975533,2.782372385580997,10.0,128.0,0.969837906813744,128.0,7.0,11.0,33.0,82.0,0.0546875,0.0859375,0.2578125,0.640625,78.125,3,65.27
layer2.5.conv2,conv,36,128,1,False,128.0,0,16.0,16.0,160000,90.04150637718915,20.140328989615636,0.15734632023137216,47.39417404162569,0.3702669847002007,6.372087107059774,0.049781930523904484,1.1099897671112686,10,128,0.9944101010665868,128,71,94,120,128,0.5546875,0.734375,0.9375,1.0,1250.0,128.0,10000.0,11.16147272802247,3.3232389105068068,0.025962803988334428,6.569660513640149,0.05132547276281366,1.9528021269344846,0.015256266616675661,2.7548263220112768,10.0,128.0,0.9517934209859299,128.0,8.0,13.0,39.0,86.0,0.0625,0.1015625,0.3046875,0.671875,78.125,3,65.27
layer2.5,block,37,128,1,False,,0,16.0,16.0,160000,466.7263427834685,24.296816669883576,0.18981888023346544,51.28451431844067,0.40066026811281774,7.9759552661134006,0.06231215051651094,1.05192915005117,10,128,0.9975739137489692,128,74,97,121,128,0.578125,0.7578125,0.9453125,1.0,1250.0,128.0,10000.0,49.93160413081584,5.296156677391131,0.04137622404211821,9.805682145058663,0.0766068917582708,2.751965627497859,0.02149973146482702,2.0003260938845786,10.0,128.0,0.9974339179639125,128.0,10.0,16.0,56.0,114.0,0.078125,0.125,0.4375,0.890625,78.125,3,65.27
layer3.0.conv1,conv,38,256,1,False,256.0,0,8.0,8.0,160000,1472.617629226091,16.808998447543324,0.06566015018571611,41.44193950722232,0.1618825762000872,6.664692524122085,0.026033955172351894,1.3666916548934465,10,256,0.989679899359652,256,73,127,213,251,0.28515625,0.49609375,0.83203125,0.98046875,625.0,256.0,10000.0,200.69438378870532,4.106403093906697,0.016040637085573035,7.638020621725057,0.029836018053613505,2.3035593957068055,0.008998278889479709,1.995165417563107,10.0,256.0,0.9814284464666809,256.0,8.0,12.0,60.0,183.0,0.03125,0.046875,0.234375,0.71484375,39.0625,3,65.27
layer3.0.conv2,conv,39,256,1,False,256.0,0,8.0,8.0,160000,219.41359878988624,26.04848391433243,0.10175189029036105,64.06640925793334,0.2502594111638021,8.571214136666173,0.03348130522135224,1.221787030433378,10,256,0.9957211435144808,256,108,163,231,254,0.421875,0.63671875,0.90234375,0.9921875,625.0,256.0,10000.0,29.61186942434629,4.083256230788341,0.015950219651516957,7.9569404001325905,0.03108179843801793,2.2799351016085967,0.00890599649065858,2.0591517645562156,10.0,256.0,0.9707340417773966,256.0,8.0,16.0,74.0,188.0,0.03125,0.0625,0.2890625,0.734375,39.0625,3,65.27
layer3.0.downsample.0,conv,40,256,1,False,128.0,0,8.0,8.0,160000,823.2218269979867,19.167891837750066,0.0748745774912112,39.20518814072211,0.15314526617469573,6.9942332034732875,0.02732122345106753,8.795119729739518,10,256,0.5525782655755531,189,53,74,107,125,0.20703125,0.2890625,0.41796875,0.48828125,625.0,256.0,10000.0,101.5477041318775,4.8819387706422965,0.01907007332282147,9.40296462466494,0.03673033056509742,2.5774559669990205,0.010068187371089924,8.158591970255607,10.0,256.0,0.600592398458758,191.0,10.0,18.0,62.0,110.0,0.0390625,0.0703125,0.2421875,0.4296875,39.0625,3,65.27
layer3.0,block,41,256,1,False,,0,8.0,8.0,160000,208.82604335540572,35.701123765132486,0.13945751470754877,86.92361108938879,0.33954535581792494,11.574994858077764,0.045214823664366265,1.0370935776359553,10,256,0.9981730772202217,256,140,188,240,255,0.546875,0.734375,0.9375,0.99609375,625.0,256.0,10000.0,23.944113316923495,5.731990421447807,0.022390587583780496,12.977590101285635,0.05069371133314701,2.820392011863077,0.011017156296340145,1.4732788345774726,10.0,256.0,0.9947754799688596,256.0,15.0,39.0,156.0,242.0,0.05859375,0.15234375,0.609375,0.9453125,39.0625,3,65.27
layer3.1.conv1,conv,42,256,1,False,256.0,0,8.0,8.0,160000,452.2610763064335,33.472003519694695,0.1307500137488074,80.4225158340418,0.3141504524767258,10.692625666347325,0.04176806900916924,1.1405784261367586,10,256,0.9958289307717199,256,128,178,236,254,0.5,0.6953125,0.921875,0.9921875,625.0,256.0,10000.0,51.119453221956235,5.358529140753515,0.02093175445606842,10.940934974983836,0.04273802724603061,2.760992606665462,0.010785127369786962,2.046222401727281,10.0,256.0,0.9661097359964361,256.0,12.0,25.0,99.0,202.0,0.046875,0.09765625,0.38671875,0.7890625,39.0625,3,65.27
layer3.1.conv2,conv,43,256,1,False,256.0,0,8.0,8.0,160000,196.32182538958205,36.32156822335742,0.1418811258724899,89.22274011749066,0.3485263285839479,10.0112836712693,0.039106576840895704,1.0565975578364413,10,256,0.9948446341101158,256,141,188,239,255,0.55078125,0.734375,0.93359375,0.99609375,625.0,256.0,10000.0,21.041743954660394,5.609727496002556,0.021912998031259984,12.115887305156331,0.04732768478576692,2.804454923552575,0.010954902045127246,2.06900221276146,10.0,256.0,0.96014700842336,256.0,14.0,31.0,109.0,206.0,0.0546875,0.12109375,0.42578125,0.8046875,39.0625,3,65.27
layer3.1,block,44,256,1,False,,0,8.0,8.0,160000,337.68543247822487,41.01946503952985,0.16023228531066347,97.36797545022542,0.38034365410244303,12.228087699239541,0.04776596757515446,0.9672602549938029,10,256,0.9951027370549508,256,153,198,243,255,0.59765625,0.7734375,0.94921875,0.99609375,625.0,256.0,10000.0,36.4705766225773,6.516611116338388,0.025455512173196828,14.877717402059014,0.058116083601793024,3.098109242997473,0.012101989230458878,1.492003808194213,10.0,256.0,0.9949486985633478,256.0,18.0,47.0,163.0,243.0,0.0703125,0.18359375,0.63671875,0.94921875,39.0625,3,65.27
layer3.2.conv1,conv,45,256,1,False,256.0,0,8.0,8.0,160000,711.8883966631074,34.94888954709122,0.13651909979332508,82.35603556094956,0.32170326390995924,11.060860934070526,0.04320648802371299,1.10962766020178,10,256,0.9952189314615996,256,132,181,237,254,0.515625,0.70703125,0.92578125,0.9921875,625.0,256.0,10000.0,81.18781550425315,5.399186754638726,0.021090573260307523,11.351950691565856,0.044343557388929124,2.7341125026266444,0.01068012696338533,2.0778321038634138,10.0,256.0,0.9667097584165577,256.0,13.0,26.0,101.0,203.0,0.05078125,0.1015625,0.39453125,0.79296875,39.0625,3,65.27
layer3.2.conv2,conv,46,256,1,False,256.0,0,8.0,8.0,160000,190.81972908618954,33.444488547366355,0.13064253338814982,87.27268106078768,0.34090891039370186,8.935632997627742,0.03490481639698337,1.0331113211031753,10,256,0.9930585091008497,256,143,189,240,255,0.55859375,0.73828125,0.9375,0.99609375,625.0,256.0,10000.0,22.72863329647754,4.208406562826791,0.01643908813604215,10.045494439415577,0.0392402126539671,2.2318047817588473,0.008717987428745497,2.083733225903074,10.0,256.0,0.9558129620941933,256.0,13.0,30.0,107.0,203.0,0.05078125,0.1171875,0.41796875,0.79296875,39.0625,3,65.27
layer3.2,block,47,256,1,False,,0,8.0,8.0,160000,489.9100694783851,39.926860028801194,0.15596429698750466,96.15932448078905,0.37562236125308224,11.289449278293063,0.044099411243332276,0.9648539330012241,10,256,0.9927671626049612,256,153,198,243,255,0.59765625,0.7734375,0.94921875,0.99609375,625.0,256.0,10000.0,56.046004726852736,5.652516135288559,0.022080141153470935,13.691249787688223,0.05348144448315712,2.7086702624348935,0.010580743212636303,1.5106696239816542,10.0,256.0,0.9952856078532278,256.0,18.0,44.0,159.0,242.0,0.0703125,0.171875,0.62109375,0.9453125,39.0625,3,65.27
layer3.3.conv1,conv,48,256,1,False,256.0,0,8.0,8.0,160000,1032.739216776994,31.266515504105556,0.12213482618791233,77.5218887971058,0.30281987811369454,9.01519234575277,0.035215595100596755,1.1189190951593402,10,256,0.9944403640931159,256,129,179,237,254,0.50390625,0.69921875,0.92578125,0.9921875,625.0,256.0,10000.0,123.73244639754878,4.3726699685876795,0.017080742064795623,9.90539053777483,0.03869293178818293,2.3081269124553567,0.009016120751778737,2.112766797641425,10.0,256.0,0.9652757443660208,256.0,12.0,25.0,98.0,200.0,0.046875,0.09765625,0.3828125,0.78125,39.0625,3,65.27
layer3.3.conv2,conv,49,256,1,False,256.0,0,8.0,8.0,160000,186.64517395707915,30.734482601566175,0.12005657266236787,84.5882732502015,0.3304229423835996,7.743827297303135,0.03024932538009037,1.0276641489063147,10,256,0.994031206145837,256,142,189,240,255,0.5546875,0.73828125,0.9375,0.99609375,625.0,256.0,10000.0,22.21835799230216,3.8682795853455185,0.015110467130255932,9.574318050234744,0.03739967988372947,2.101776372619462,0.008210063955544774,2.0986414654443593,10.0,256.0,0.9512839287365001,256.0,13.0,31.0,107.0,202.0,0.05078125,0.12109375,0.41796875,0.7890625,39.0625,3,65.27
layer3.3,block,50,256,1,False,,0,8.0,8.0,160000,647.1815441063386,38.35410126257448,0.14982070805693157,94.3028549741524,0.3683705272427828,10.158773055226927,0.039682707246980184,0.9665669522975607,10,256,0.9921081371965701,256,152,198,243,255,0.59375,0.7734375,0.94921875,0.99609375,625.0,256.0,10000.0,77.36466311826334,5.241774652808378,0.020475682237532728,12.84096991776403,0.05016003874126574,2.570699867807791,0.010041796358624183,1.5244339011065347,10.0,256.0,0.9958334395815369,256.0,17.0,42.0,155.0,241.0,0.06640625,0.1640625,0.60546875,0.94140625,39.0625,3,65.27
layer3.4.conv1,conv,51,256,1,False,256.0,0,8.0,8.0,160000,1330.1418873238588,28.923375369977673,0.11298193503897529,75.86848628809294,0.29636127456286304,7.953698647339431,0.031069135341169653,1.1134992531433197,10,256,0.99509420278442,256,128,179,236,254,0.5,0.69921875,0.921875,0.9921875,625.0,256.0,10000.0,167.39196658660586,4.152712240648018,0.01622153219003132,9.50103502548246,0.03711341806829086,2.218120024149508,0.008664531344334016,2.1190358256510087,10.0,256.0,0.9641368177615269,256.0,12.0,25.0,96.0,198.0,0.046875,0.09765625,0.375,0.7734375,39.0625,3,65.27
layer3.4.conv2,conv,52,256,1,False,256.0,0,8.0,8.0,160000,174.69096328136214,33.00816083931373,0.12893812827856926,87.97952905089628,0.3436700353550636,8.233502524437677,0.032162119236084676,1.0318112739602776,10,256,0.9935614131901667,256,144,190,240,255,0.5625,0.7421875,0.9375,0.99609375,625.0,256.0,10000.0,21.801581928285426,4.258375671992317,0.016634279968719988,10.024160908829494,0.03915687855011521,2.246225571039622,0.008774318636873524,2.084120664894398,10.0,256.0,0.9483404473125575,256.0,13.0,30.0,106.0,202.0,0.05078125,0.1171875,0.4140625,0.7890625,39.0625,3,65.27
layer3.4,block,53,256,1,False,,0,8.0,8.0,160000,810.0695075551998,37.153154056398726,0.14512950803280752,92.54859100049195,0.3615179335956717,9.611835713685474,0.037546233256583884,0.9741634587971489,10,256,0.9913325219166811,256,151,197,243,255,0.58984375,0.76953125,0.94921875,0.99609375,625.0,256.0,10000.0,100.30575548348074,5.1767055173275045,0.020221505927060564,12.648037754942886,0.04940639748024565,2.5425758450887535,0.009931936894877943,1.5344984340607353,10.0,256.0,0.995619435278683,256.0,16.0,40.0,152.0,240.0,0.0625,0.15625,0.59375,0.9375,39.0625,3,65.27
layer3.5.conv1,conv,54,256,1,False,256.0,0,8.0,8.0,160000,1636.5540017590172,27.29892761046923,0.10663643597839544,74.44628544440529,0.29080580251720817,7.2117585210921495,0.02817093172301621,1.115473914956501,10,256,0.9953479326382435,256,128,178,236,254,0.5,0.6953125,0.921875,0.9921875,625.0,256.0,10000.0,205.55726020517685,4.1899616509311315,0.016367037698949732,9.62790953168517,0.03760902160814519,2.2297915578978036,0.008710123273038295,2.129049060123636,10.0,256.0,0.9607185674576133,256.0,12.0,25.0,96.0,197.0,0.046875,0.09765625,0.375,0.76953125,39.0625,3,65.27
layer3.5.conv2,conv,55,256,1,False,256.0,0,8.0,8.0,160000,169.92798192111587,34.07690790810902,0.13311292151605086,90.77082402614495,0.3545735313521287,8.398519612923884,0.03280671723798392,1.0214134764785465,10,256,0.9941903507255387,256,146,191,240,255,0.5703125,0.74609375,0.9375,0.99609375,625.0,256.0,10000.0,19.724509368908862,4.637570347190632,0.018115509168713406,11.153908109079122,0.04356995355109032,2.408531485698143,0.009408326116008371,2.1086979653148252,10.0,256.0,0.9462214759954916,256.0,15.0,35.0,112.0,204.0,0.05859375,0.13671875,0.4375,0.796875,39.0625,3,65.27
layer3.5,block,56,256,1,False,,0,8.0,8.0,160000,972.7721185374643,37.282529364241924,0.14563488032907002,92.71044038836735,0.36215015776705994,9.70310947511529,0.037902771387169104,0.9780289429189541,10,256,0.9915424963398012,256,151,197,243,255,0.58984375,0.76953125,0.94921875,0.99609375,625.0,256.0,10000.0,122.52523639901781,5.303777181632022,0.020717879615750084,12.776967056713923,0.04991002756528876,2.6037265790000954,0.010170806949219123,1.538198555064092,10.0,256.0,0.9952382306108992,256.0,16.0,40.0,152.0,240.0,0.0625,0.15625,0.59375,0.9375,39.0625,3,65.27
layer4.0.conv1,conv,57,512,1,False,512.0,0,4.0,4.0,160000,2667.016767712338,17.386723939387338,0.033958445194115894,60.14810920858934,0.11747677579802605,5.409928350745556,0.010566266310049914,1.2295290006651423,10,512,0.9872998459822654,512,149,262,432,502,0.291015625,0.51171875,0.84375,0.98046875,312.5,512.0,10000.0,391.3104135073224,4.621517012696085,0.009026400415422041,12.458686986742729,0.02433337302098189,2.3753931522409046,0.004639439750470517,1.5195615022716467,10.0,512.0,0.9665991653587817,512.0,19.0,64.0,267.0,454.0,0.037109375,0.125,0.521484375,0.88671875,19.53125,3,65.27
layer4.0.conv2,conv,58,512,1,False,512.0,0,4.0,4.0,160000,390.4964208805228,21.591594682401738,0.042171083364065894,74.75566316165009,0.14600715461259783,7.156728216262291,0.013977984797387287,1.109660882452637,10,512,0.993483054785508,512,189,308,457,506,0.369140625,0.6015625,0.892578125,0.98828125,312.5,512.0,10000.0,53.3579656987251,4.019562672484696,0.007850708344696672,11.873684312877419,0.02319078967358871,2.137185509353848,0.004174190447956735,1.5488118061806408,10.0,512.0,0.9618553950431985,512.0,22.0,75.0,269.0,455.0,0.04296875,0.146484375,0.525390625,0.888671875,19.53125,3,65.27
layer4.0.downsample.0,conv,59,512,1,False,256.0,0,4.0,4.0,160000,1709.9388572822213,26.801672631899883,0.05234701685917946,66.86083239129158,0.13058756326424137,7.882236627135372,0.015394993412373773,6.991270263811552,10,512,0.5074949735583508,371,104,148,215,249,0.203125,0.2890625,0.419921875,0.486328125,312.5,512.0,10000.0,263.0383018872921,5.776017700731396,0.011281284571741008,15.836874094560507,0.03093139471593849,2.7234906422268494,0.005319317660599315,6.607749580085262,10.0,512.0,0.5514016706241072,384.0,29.0,71.0,170.0,238.0,0.056640625,0.138671875,0.33203125,0.46484375,19.53125,3,65.27
layer4.0,block,60,512,1,False,,0,4.0,4.0,160000,414.5820124416664,37.458934447354316,0.0731619813424889,128.9199660029995,0.2517968085996084,8.573413446355039,0.016744948137412185,1.0042061277896983,10,512,0.9963198270512665,512,264,366,477,509,0.515625,0.71484375,0.931640625,0.994140625,312.5,512.0,10000.0,60.29585766342205,6.125795767821102,0.01196444485902559,21.08914667203639,0.04118973959382107,2.773663288600127,0.005417311110547123,1.1329117381126876,10.0,512.0,0.9937179589762365,512.0,63.0,174.0,401.0,498.0,0.123046875,0.33984375,0.783203125,0.97265625,19.53125,3,65.27
layer4.1.conv1,conv,61,512,1,False,512.0,0,4.0,4.0,160000,772.7517140246108,26.559078659472146,0.051873200506781535,94.77999038050035,0.18511716871191475,8.589275006905572,0.016775927747862445,1.0610429486036692,10,512,0.9940456166567214,512,227,336,466,507,0.443359375,0.65625,0.91015625,0.990234375,312.5,512.0,10000.0,101.89736566493198,4.937775953867239,0.00964409365989695,15.160902592329052,0.02961113787564268,2.430651664796666,0.004747366532805988,1.5174402353888305,10.0,512.0,0.9578119926618437,512.0,33.0,101.0,296.0,465.0,0.064453125,0.197265625,0.578125,0.908203125,19.53125,3,65.27
layer4.1.conv2,conv,62,512,1,False,512.0,0,4.0,4.0,160000,413.9692261549462,18.396518643154874,0.03593070047491186,70.74481248404157,0.1381734618828937,6.725358066237824,0.01313546497312075,1.0165760781363924,10,512,0.9923833034924979,512,209,325,463,507,0.408203125,0.634765625,0.904296875,0.990234375,312.5,512.0,10000.0,54.662106452756305,3.965420200062977,0.0077449613282480016,11.638002957270109,0.02273047452591818,2.123886966571467,0.0041482167315848965,1.5238061299635826,10.0,512.0,0.9498953338751429,512.0,22.0,82.0,273.0,455.0,0.04296875,0.16015625,0.533203125,0.888671875,19.53125,3,65.27
layer4.1,block,63,512,1,False,,0,4.0,4.0,160000,661.0491712898627,29.09689345960271,0.056829870038286545,113.60561468700588,0.22188596618555836,7.0533448686194955,0.013776064196522452,0.9561963277246958,10,512,0.9916459885652175,512,267,370,479,509,0.521484375,0.72265625,0.935546875,0.994140625,312.5,512.0,10000.0,103.49563995405926,4.82475600095541,0.009423351564366035,15.624083231273234,0.030515787561080535,2.3792538069014553,0.004646980091604405,1.1231761663519764,10.0,512.0,0.9932297490624175,512.0,40.0,138.0,380.0,495.0,0.078125,0.26953125,0.7421875,0.966796875,19.53125,3,65.27
layer4.2.conv1,conv,64,512,1,False,512.0,0,4.0,4.0,160000,1326.2942999647328,17.03503892255872,0.0332715603956225,64.5525872758431,0.12607927202313104,6.540508691906944,0.01277443103888075,1.0539624799390106,10,512,0.9933560924412355,512,191,310,458,506,0.373046875,0.60546875,0.89453125,0.98828125,312.5,512.0,10000.0,167.12074773887568,4.02307537714805,0.007857569095992285,11.856394978687858,0.023157021442749722,2.1277271968749574,0.004155717181396401,1.521391144533344,10.0,512.0,0.955246228614039,512.0,21.0,78.0,272.0,456.0,0.041015625,0.15234375,0.53125,0.890625,19.53125,3,65.27
layer4.2.conv2,conv,65,512,1,False,512.0,0,4.0,4.0,160000,459.9906516733667,12.354591211232465,0.02413006095943841,46.02218458305228,0.08988707926377398,5.007054526112773,0.00977940337131401,1.0490070139389467,10,512,0.9908732223818842,512,155,282,448,505,0.302734375,0.55078125,0.875,0.986328125,312.5,512.0,10000.0,62.57963387150462,2.544607352910878,0.004969936236154058,6.965106238391522,0.013603723121858442,1.6283806900580784,0.0031804310352696844,1.5441402282918442,10.0,512.0,0.9489841760861076,512.0,10.0,46.0,229.0,436.0,0.01953125,0.08984375,0.447265625,0.8515625,19.53125,3,65.27
layer4.2,block,66,512,1,False,,0,4.0,4.0,160000,931.1201102206603,22.741610234790947,0.04441720748982607,93.82979359330479,0.1832613156119234,5.990743457615665,0.011700670815655595,0.9699853509565626,10,512,0.9889919188301425,512,247,358,475,509,0.482421875,0.69921875,0.927734375,0.994140625,312.5,512.0,10000.0,160.58402145251742,3.702535051458391,0.00723151377237967,11.171938349594564,0.021820192089051883,2.0231423361638323,0.003951449875319985,1.1237232674412432,10.0,512.0,0.9919225870749389,512.0,21.0,95.0,350.0,490.0,0.041015625,0.185546875,0.68359375,0.95703125,19.53125,3,65.27
layer4.3.conv1,conv,67,512,1,False,512.0,0,4.0,4.0,160000,1905.178207394671,13.932121115433855,0.027211174053581748,51.11758744250805,0.09983903797364853,5.8582063968992895,0.011441809368943925,1.0721206913202874,10,512,0.9926648876922815,512,160,286,450,505,0.3125,0.55859375,0.87890625,0.986328125,312.5,512.0,10000.0,246.66628569629188,3.259732114090724,0.006366664285333445,8.954919189203537,0.017490076541413158,1.8853768306875642,0.003682376622436649,1.520878171591674,10.0,512.0,0.9538454858885466,512.0,13.0,55.0,245.0,445.0,0.025390625,0.107421875,0.478515625,0.869140625,19.53125,3,65.27
layer4.3.conv2,conv,68,512,1,False,512.0,0,4.0,4.0,160000,484.3461892595228,10.265201380412389,0.020049221446117947,35.65778329408215,0.0696441079962542,4.621150654903245,0.0090256848728579,1.0695990293634459,10,512,0.9901185272498758,512,119,249,437,503,0.232421875,0.486328125,0.853515625,0.982421875,312.5,512.0,10000.0,68.62051790319263,2.048816471414525,0.0040015946707314945,5.029455793548319,0.00982315584677406,1.4479003572589377,0.0028279303852713628,1.5455401209160164,10.0,512.0,0.9469338264565087,512.0,7.0,27.0,198.0,419.0,0.013671875,0.052734375,0.38671875,0.818359375,19.53125,3,65.27
layer4.3,block,69,512,1,False,,0,4.0,4.0,160000,1181.2503718394732,19.437062839301884,0.03796301335801149,81.23170485709677,0.15865567354901713,5.489442809877109,0.010721567988041228,0.980383744575747,10,512,0.9875421362220798,512,230,346,473,508,0.44921875,0.67578125,0.923828125,0.9921875,312.5,512.0,10000.0,216.38646037864245,3.2721141424802576,0.006390847934531753,9.274886109811431,0.018115011933225452,1.883715040296961,0.0036791309380800018,1.1288103685322315,10.0,512.0,0.9916136688785798,512.0,13.0,69.0,326.0,485.0,0.025390625,0.134765625,0.63671875,0.947265625,19.53125,3,65.27
layer4.4.conv1,conv,70,512,1,False,512.0,0,4.0,4.0,160000,2478.8575539902795,12.31049251033606,0.024043930684250116,43.23022718044201,0.0844340374618008,5.711415282338587,0.011155107973317552,1.0917390362760169,10,512,0.9918022541682335,512,135,264,442,504,0.263671875,0.515625,0.86328125,0.984375,312.5,512.0,10000.0,322.67366900739233,2.863535892311608,0.005592843539671109,7.560341391316965,0.014766291779915947,1.7470541722991488,0.003412215180271775,1.5270732001375142,10.0,512.0,0.9543930238382512,512.0,10.0,42.0,226.0,437.0,0.01953125,0.08203125,0.44140625,0.853515625,19.53125,3,65.27
layer4.4.conv2,conv,71,512,1,False,512.0,0,4.0,4.0,160000,470.26302450801694,10.329756432333916,0.02017530553190218,33.87110803194484,0.06615450787489227,4.509054220585418,0.008806746524580895,1.0964243847569748,10,512,0.9895950996188743,512,102,231,430,503,0.19921875,0.451171875,0.83984375,0.982421875,312.5,512.0,10000.0,65.55540936420253,1.935755311080188,0.003780772091953492,4.56682091541431,0.008919572100418573,1.404217524353858,0.002742612352253629,1.5385088089622598,10.0,512.0,0.9467484433519844,512.0,6.0,21.0,186.0,413.0,0.01171875,0.041015625,0.36328125,0.806640625,19.53125,3,65.27
layer4.4,block,72,512,1,False,,0,4.0,4.0,160000,1432.3040146057435,16.44854011606494,0.032126054914189336,72.37874804890852,0.14136474228302445,4.782636375779062,0.00934108667144348,0.9938502637356106,10,512,0.9866593239404208,512,216,336,470,508,0.421875,0.65625,0.91796875,0.9921875,312.5,512.0,10000.0,290.91617444709976,2.8405703060719074,0.005547988879046694,7.536182148969588,0.014719105759706226,1.7377226585862435,0.003393989567551257,1.1269799046717868,10.0,512.0,0.9912177562781934,512.0,9.0,45.0,298.0,480.0,0.017578125,0.087890625,0.58203125,0.9375,19.53125,3,65.27
layer4.5.conv1,conv,73,512,1,False,512.0,0,4.0,4.0,160000,2959.832901177796,11.373137679401822,0.022213159530081683,39.80587713214543,0.07774585377372155,5.050887900763296,0.009865015431178313,1.1005295834339188,10,512,0.9908701216831826,512,124,253,438,504,0.2421875,0.494140625,0.85546875,0.984375,312.5,512.0,10000.0,423.4032626203938,2.505487098303845,0.004893529488874697,6.260781470921851,0.012228088810394241,1.6197448087302306,0.0031635640795512317,1.5267736850952747,10.0,512.0,0.9517411023257978,512.0,8.0,29.0,205.0,425.0,0.015625,0.056640625,0.400390625,0.830078125,19.53125,3,65.27
layer4.5.conv2,conv,74,512,1,False,512.0,0,4.0,4.0,160000,485.0644968170001,9.698700718458083,0.018942774840738443,30.871769502960845,0.0602964248104704,4.347924959607488,0.008492040936733374,1.1043775114771517,10,512,0.9890366588320926,512,88,217,424,502,0.171875,0.423828125,0.828125,0.98046875,312.5,512.0,10000.0,75.80701665609597,1.72788948046684,0.003374784141536797,3.7755507598634317,0.007374122577858265,1.322239035064615,0.002582498115360576,1.541378891713006,10.0,512.0,0.9461129916853412,512.0,5.0,13.0,163.0,399.0,0.009765625,0.025390625,0.318359375,0.779296875,19.53125,3,65.27
layer4.5,block,75,512,1,False,,0,4.0,4.0,160000,1650.3435030104968,14.041233625985832,0.02742428442575358,66.8044966294766,0.1304775324794465,4.206923733320495,0.008216647916641591,0.9978557572018949,10,512,0.9866526194326835,512,210,332,468,508,0.41015625,0.6484375,0.9140625,0.9921875,312.5,512.0,10000.0,393.8406516888096,2.434434672212562,0.00475475521916516,6.071055171500811,0.011857529631837522,1.5925270549219874,0.0031104044041445067,1.1314256763761665,10.0,512.0,0.9903595580208454,512.0,7.0,27.0,265.0,472.0,0.013671875,0.052734375,0.517578125,0.921875,19.53125,3,65.27
fc,linear,76,10,1,False,,0,,,10000,104.24561872077297,2.3402897811339796,0.23402897811339796,3.5313680665345504,0.35313680665345504,1.595603789404169,0.1595603789404169,,10,10,,10,4,5,8,9,0.4,0.5,0.8,0.9,1000.0,,,,,,,,,,,,,,,,,,,,,,,,3,65.27
conv1,conv,0,64,1,False,27.0,0,32.0,32.0,160000,31.170294993404656,1.757384235002272,0.0274591286719105,2.8704880689300154,0.04485137607703149,1.3398037717858347,0.020934433934153666,15.180596066510242,10,64,0.8770147168568413,44,4,6,9,15,0.0625,0.09375,0.140625,0.234375,2500.0,64.0,10000.0,8.640442622441443,1.3650934124334708,0.02132958456927298,1.6786796204081533,0.026229369068877396,1.1804445290039434,0.018444445765686615,8.27098432603787,10.0,64.0,0.9497934850191097,45.0,2.0,2.0,3.0,4.0,0.03125,0.03125,0.046875,0.0625,156.25,5,74.4
layer1.0.conv1,conv,1,64,1,False,64.0,0,32.0,32.0,160000,54.32145530965998,4.874881516627763,0.0761700236973088,10.502924609805767,0.1641081970282151,2.3924171379368118,0.037381517780262684,2.37873154956967,10,64,0.9930361176997773,64,13,20,41,60,0.203125,0.3125,0.640625,0.9375,2500.0,64.0,10000.0,12.253229849238387,2.0585920641090807,0.032165501001704386,3.1000636669606254,0.04843849479625977,1.479383765584787,0.023115371337262297,4.230320531703626,10.0,64.0,0.9858792236458561,64.0,4.0,4.0,8.0,18.0,0.0625,0.0625,0.125,0.28125,156.25,5,74.4
layer1.0.conv2,conv,2,64,1,False,64.0,0,32.0,32.0,160000,40.809902882327506,7.787074714794301,0.12167304241866095,15.8290823513594,0.24732941173999062,3.365119550750086,0.05257999298047009,1.8182484578053133,10,64,0.9948140275279083,64,20,31,53,63,0.3125,0.484375,0.828125,0.984375,2500.0,64.0,10000.0,7.399846644076578,2.4965146237108384,0.03900804099548185,3.8586772068962603,0.06029183135775407,1.675238719725097,0.026175604995704642,3.9420336552590975,10.0,64.0,0.9630226135116083,64.0,4.0,5.0,12.0,29.0,0.0625,0.078125,0.1875,0.453125,156.25,5,74.4
layer1.0,block,3,64,1,False,,0,32.0,32.0,160000,28.112590647366073,12.362709467452285,0.19316733542894196,22.261763185602316,0.3478400497750362,5.053800971580435,0.07896564018094429,1.6615698558138587,10,64,0.9825756727568877,64,27,38,56,63,0.421875,0.59375,0.875,0.984375,2500.0,64.0,10000.0,3.9539626888013575,3.3261374342639987,0.05197089741037498,5.54963628562193,0.08671306696284266,2.0011294242780564,0.03126764725434463,2.8682315618298837,10.0,64.0,0.9947136368452347,64.0,5.0,8.0,21.0,47.0,0.078125,0.125,0.328125,0.734375,156.25,5,74.4
layer1.1.conv1,conv,4,64,1,False,64.0,0,32.0,32.0,160000,85.18931448722293,11.026730113766721,0.17229265802760502,19.273346356437422,0.3011460368193347,4.7536659059924915,0.07427602978113268,1.936549442332479,10,64,0.9974972141313566,64,21,32,53,63,0.328125,0.5,0.828125,0.984375,2500.0,64.0,10000.0,10.80360409009344,2.4443305029053017,0.03819266410789534,3.9717330549887526,0.06205832898419926,1.6433940701946639,0.025678032346791623,3.9658785328755948,10.0,64.0,0.9746311759446569,64.0,4.0,6.0,14.0,32.0,0.0625,0.09375,0.21875,0.5,156.25,5,74.4
layer1.1.conv2,conv,5,64,1,False,64.0,0,32.0,32.0,160000,36.85661683727516,13.417986636616726,0.20965604119713635,23.527521219759556,0.36761751905874307,5.441517717765292,0.08502371434008268,1.658997531379899,10,64,0.9943426887952446,64,27,39,57,64,0.421875,0.609375,0.890625,1.0,2500.0,64.0,10000.0,3.701179388816308,2.9219738934379302,0.04565584208496766,4.706956428000955,0.07354619418751492,1.8726408900445854,0.029260013906946648,3.780838018516847,10.0,64.0,0.9645364806957241,64.0,5.0,7.0,17.0,36.0,0.078125,0.109375,0.265625,0.5625,156.25,5,74.4
layer1.1,block,6,64,1,False,,0,32.0,32.0,160000,52.77103820872337,14.335859734423169,0.223997808350362,25.56811489031387,0.3995017951611542,5.854458274237085,0.09147591053495445,1.4381993603125953,10,64,0.9936429247778373,64,31,43,59,64,0.484375,0.671875,0.921875,1.0,2500.0,64.0,10000.0,4.961423807139904,3.5940518482479495,0.05615706012887421,6.3564840866507994,0.09932006385391874,2.080723927885248,0.032511311373207,2.6866912636814373,10.0,64.0,0.9981278831039301,64.0,7.0,10.0,25.0,52.0,0.109375,0.15625,0.390625,0.8125,156.25,5,74.4
layer1.2.conv1,conv,7,64,1,False,64.0,0,32.0,32.0,160000,146.67863577586948,12.061083308422367,0.18845442669409948,21.433442940011716,0.33489754593768306,5.258066932382677,0.08215729581847933,1.76204626678931,10,64,0.9949413713422717,64,24,36,56,63,0.375,0.5625,0.875,0.984375,2500.0,64.0,10000.0,10.779288059696931,3.0741048206159407,0.048032887822124073,5.186018894774356,0.08103154523084931,1.8920838599350747,0.02956381031148554,3.8138429851664664,10.0,64.0,0.9599987899049596,64.0,5.0,8.0,17.0,38.0,0.078125,0.125,0.265625,0.59375,156.25,5,74.4
layer1.2.conv2,conv,8,64,1,False,64.0,0,32.0,32.0,160000,36.21084349977567,13.808941354253918,0.21576470866021746,25.298622620586592,0.3952909784466655,5.473435297029413,0.08552242651608458,1.5211991133529728,10,64,0.9937094667910887,64,30,42,58,64,0.46875,0.65625,0.90625,1.0,2500.0,64.0,10000.0,2.9149058097577356,2.60271691978028,0.040667451871566875,4.622028368305533,0.07221919325477395,1.6859724945140284,0.026343320226781694,3.7586963235609696,10.0,64.0,0.9560971166793931,64.0,5.0,8.0,18.0,39.0,0.078125,0.125,0.28125,0.609375,156.25,5,74.4
layer1.2,block,9,64,1,False,,0,32.0,32.0,160000,85.67730258588679,14.050496946883195,0.21953901479504992,25.58038076349224,0.39969344942956625,5.683254446679514,0.0888008507293674,1.3733808571373138,10,64,0.9954920335700433,64,32,44,59,64,0.5,0.6875,0.921875,1.0,2500.0,64.0,10000.0,6.706955591323018,3.20247231287031,0.05003862988859859,6.047789957347161,0.0944967180835494,1.8939055772427067,0.029592274644417292,2.63573340319483,10.0,64.0,0.9984470793120392,64.0,7.0,10.0,25.0,53.0,0.109375,0.15625,0.390625,0.828125,156.25,5,74.4
layer1.3.conv1,conv,10,64,1,False,64.0,0,32.0,32.0,160000,224.42634813420386,11.924979238256883,0.1863278005977638,21.489272779127543,0.33576988717386785,5.342426545969789,0.08347541478077795,1.6646376380652725,10,64,0.9959310625063703,64,25,37,56,63,0.390625,0.578125,0.875,0.984375,2500.0,64.0,10000.0,17.069956207251224,2.6164559112678516,0.04088212361356018,4.5984533307424735,0.07185083329285115,1.6894496569528306,0.026397650889887977,3.7833312779291353,10.0,64.0,0.9634051156916618,64.0,5.0,7.0,16.0,36.0,0.078125,0.109375,0.25,0.5625,156.25,5,74.4
layer1.3.conv2,conv,11,64,1,False,64.0,0,32.0,32.0,160000,35.40044616213542,15.10359630290031,0.23599369223281735,26.894659758401193,0.42022905872501864,6.067053703076959,0.09479771411057748,1.4155288410364681,10,64,0.9919690380161876,64,32,44,59,64,0.5,0.6875,0.921875,1.0,2500.0,64.0,10000.0,2.5579074007220814,3.278057354951885,0.051219646171123207,5.408449663411437,0.0845070259908037,2.0449992019906587,0.03195311253110404,3.7711158948885104,10.0,64.0,0.9645449587393798,64.0,6.0,8.0,18.0,38.0,0.09375,0.125,0.28125,0.59375,156.25,5,74.4
layer1.3,block,12,64,1,False,,0,32.0,32.0,160000,122.81182148433929,14.59287120246177,0.22801361253846517,26.3689593305529,0.4120149895398891,5.998379746332512,0.0937246835364455,1.3699422115093918,10,64,0.9967914872297239,64,32,44,59,64,0.5,0.6875,0.921875,1.0,2500.0,64.0,10000.0,7.955827588969836,4.109576695433124,0.06421213586614256,7.18931732867807,0.11233308326059484,2.282638839814577,0.035666231872102765,2.647730928048812,10.0,64.0,0.9977017234954373,64.0,7.0,11.0,26.0,54.0,0.109375,0.171875,0.40625,0.84375,156.25,5,74.4
layer1.4.conv1,conv,13,64,1,False,64.0,0,32.0,32.0,160000,295.121931819472,12.263607889212832,0.1916188732689505,22.39971300984777,0.3499955157788714,5.213747545856743,0.0814648054040116,1.587874940803275,10,64,0.9960920726332517,64,27,39,57,64,0.421875,0.609375,0.890625,1.0,2500.0,64.0,10000.0,19.151833098147716,3.050677423473991,0.04766683474178111,5.048343967318238,0.07888037448934747,1.9368593907685934,0.03026342798075927,3.7815633878066075,10.0,64.0,0.9713363185502397,64.0,5.0,8.0,18.0,38.0,0.078125,0.125,0.28125,0.59375,156.25,5,74.4
layer1.4.conv2,conv,14,64,1,False,64.0,0,32.0,32.0,160000,35.52951091308656,15.81429595856336,0.2470983743525525,28.03240271242358,0.4380062923816184,5.973525027296526,0.09333632855150822,1.3938131376589393,10,64,0.9937177120851993,64,33,45,59,64,0.515625,0.703125,0.921875,1.0,2500.0,64.0,10000.0,2.660740922982034,3.1138864832777995,0.04865447630121562,5.082780955667217,0.07941845243230027,1.9937606328357818,0.03115250988805909,3.7754160174961076,10.0,64.0,0.971374767190208,64.0,5.0,8.0,18.0,38.0,0.078125,0.125,0.28125,0.59375,156.25,5,74.4
layer1.4,block,15,64,1,False,,0,32.0,32.0,160000,166.4316352845969,14.79045871836283,0.23110091747441922,26.33316558971169,0.41145571233924516,6.284410671856894,0.09819391674776397,1.361648116135631,10,64,0.9968131203344202,64,32,44,59,64,0.5,0.6875,0.921875,1.0,2500.0,64.0,10000.0,10.97559266028751,4.110531725103252,0.06422705820473831,7.0939059977758365,0.11084228121524745,2.3168238883243704,0.03620037325506829,2.6496493882256402,10.0,64.0,0.9977029299173678,64.0,7.0,11.0,25.0,54.0,0.109375,0.171875,0.390625,0.84375,156.25,5,74.4
layer1.5.conv1,conv,16,64,1,False,64.0,0,32.0,32.0,160000,357.7247824907346,15.20174584156983,0.2375272787745286,25.528730858473107,0.3988864196636423,6.902218229634993,0.10784715983804677,1.6397109857318701,10,64,0.9935631218401098,64,28,40,57,64,0.4375,0.625,0.890625,1.0,2500.0,64.0,10000.0,26.645072606852885,3.4261650880625676,0.05353382950097762,5.540655549498482,0.08657274296091379,2.1143581050797557,0.033036845391871184,3.7361944082506975,10.0,64.0,0.969461238234168,64.0,6.0,8.0,17.0,37.0,0.09375,0.125,0.265625,0.578125,156.25,5,74.4
layer1.5.conv2,conv,17,64,1,False,64.0,0,32.0,32.0,160000,34.736610049875466,18.319298145819033,0.2862390335284224,30.58961187050674,0.4779626854766678,7.355533846167036,0.11493021634635994,1.4463018771642506,10,64,0.9950506612320673,64,34,46,60,64,0.53125,0.71875,0.9375,1.0,2500.0,64.0,10000.0,2.3985313520588702,3.9142552066272196,0.061160237603550306,6.255022959839946,0.09773473374749915,2.3667641160194814,0.0369806893128044,3.6002997730622766,10.0,64.0,0.9574542732965005,64.0,6.0,9.0,19.0,41.0,0.09375,0.140625,0.296875,0.640625,156.25,5,74.4
layer1.5,block,18,64,1,False,,0,32.0,32.0,160000,206.39154323210542,15.399329459952124,0.24061452281175194,27.160209523377535,0.424378273802774,6.563840602042885,0.10256000940692007,1.3414120302147576,10,64,0.997521862061577,64,33,45,60,64,0.515625,0.703125,0.9375,1.0,2500.0,64.0,10000.0,12.943374223826627,4.34492750184872,0.06788949221638625,7.5034831254302565,0.11724192383484776,2.379702034757903,0.03718284429309224,2.6000353238790477,10.0,64.0,0.9980037003135651,64.0,8.0,11.0,26.0,54.0,0.125,0.171875,0.40625,0.84375,156.25,5,74.4
layer2.0.conv1,conv,19,128,1,False,128.0,0,16.0,16.0,160000,723.1109576258034,11.82817517391855,0.09240761854623868,24.538159195702725,0.19170436871642754,4.710720266748109,0.0368025020839696,1.7369142853144754,10,128,0.9949650535145693,128,30,53,100,124,0.234375,0.4140625,0.78125,0.96875,1250.0,128.0,10000.0,62.61597494866386,3.0868572918033435,0.02411607259221362,5.352097596755477,0.04181326247465216,1.8954117438590565,0.01480790424889888,2.8125106698808033,10.0,128.0,0.9908299071602932,128.0,6.0,8.0,19.0,63.0,0.046875,0.0625,0.1484375,0.4921875,78.125,5,74.4
layer2.0.conv2,conv,20,128,1,False,128.0,0,16.0,16.0,160000,98.6550880118657,18.980512603581357,0.14828525471547935,39.88123805078436,0.3115721722717528,6.206844224121712,0.04849097050095087,1.4758579313996505,10,128,0.9972695316277439,128,51,77,114,127,0.3984375,0.6015625,0.890625,0.9921875,1250.0,128.0,10000.0,9.589675437727653,2.945227063467982,0.02300958643334361,5.361260248618307,0.04188484569233052,1.8193839406862535,0.014213937036611356,2.7361658587078845,10.0,128.0,0.9779838659287108,128.0,6.0,9.0,23.0,72.0,0.046875,0.0703125,0.1796875,0.5625,78.125,5,74.4
layer2.0.downsample.0,conv,21,128,1,False,64.0,0,16.0,16.0,160000,308.3949495802574,11.946353356548602,0.09333088559803596,21.429822001024927,0.16742048438300725,5.363214981076384,0.04190011703965925,11.087082326445527,10,128,0.6062384886137693,94,25,35,53,62,0.1953125,0.2734375,0.4140625,0.484375,1250.0,128.0,10000.0,22.62518275065735,4.350709292395871,0.033989916346842744,7.248759540075764,0.05663093390684191,2.4282210258589902,0.01897047676452336,10.359273397795738,10.0,128.0,0.6791764808250319,97.0,7.0,10.0,25.0,52.0,0.0546875,0.078125,0.1953125,0.40625,78.125,5,74.4
layer2.0,block,22,128,1,False,,0,16.0,16.0,160000,100.20224201219598,20.788500218552954,0.16241015795744496,45.07806018522251,0.3521723451970509,7.2173698454498245,0.056385701917576754,1.199988328735682,10,128,0.9965934424379488,128,65,90,119,127,0.5078125,0.703125,0.9296875,0.9921875,1250.0,128.0,10000.0,7.886634803671219,4.215131754536352,0.03293071683231525,8.197498557388275,0.0640429574795959,2.3034105450460203,0.017995394883172033,1.9846130465749903,10.0,128.0,0.9969100488090605,128.0,9.0,15.0,51.0,112.0,0.0703125,0.1171875,0.3984375,0.875,78.125,5,74.4
layer2.1.conv1,conv,23,128,1,False,128.0,0,16.0,16.0,160000,242.52099802491156,18.83185232807945,0.1471238463131207,41.50076283049545,0.3242247096132457,5.862809749516349,0.045803201168096476,1.3809861259701428,10,128,0.9981002060247529,128,57,82,116,127,0.4453125,0.640625,0.90625,0.9921875,1250.0,128.0,10000.0,22.794813481516666,3.349491121884188,0.02616789938972022,6.2021409422542835,0.04845422611136159,1.9654976497169805,0.01535545038841391,2.717842149197332,10.0,128.0,0.9757107023067496,128.0,7.0,10.0,28.0,79.0,0.0546875,0.078125,0.21875,0.6171875,78.125,5,74.4
layer2.1.conv2,conv,24,128,1,False,128.0,0,16.0,16.0,160000,95.39615664084184,20.482302094633326,0.16001798511432286,44.57734425211201,0.3482605019696251,6.3401456880970235,0.049532388188257996,1.2607143400566854,10,128,0.9972410515929168,128,62,88,118,127,0.484375,0.6875,0.921875,0.9921875,1250.0,128.0,10000.0,9.17666516155829,3.6662835281141914,0.02864284006339212,6.842559486672988,0.05345749598963272,2.0771809790953224,0.016227976399182206,2.7505622697258034,10.0,128.0,0.9694109584581018,128.0,7.0,11.0,32.0,82.0,0.0546875,0.0859375,0.25,0.640625,78.125,5,74.4
layer2.1,block,25,128,1,False,,0,16.0,16.0,160000,168.66044929815945,22.712153528809267,0.1774386994438224,48.77134537126129,0.38102613571297883,7.2208677573180085,0.05641302935404694,1.1283919301653502,10,128,0.9975503917503106,128,70,94,120,127,0.546875,0.734375,0.9375,0.9921875,1250.0,128.0,10000.0,13.915583497247972,4.463990022314848,0.03487492204933475,8.754741888745347,0.06839642100582302,2.3645322263992017,0.018472908018743763,1.965064578456239,10.0,128.0,0.9948113745064027,128.0,9.0,15.0,54.0,113.0,0.0703125,0.1171875,0.421875,0.8828125,78.125,5,74.4
layer2.2.conv1,conv,26,128,1,False,128.0,0,16.0,16.0,160000,397.8999696745469,19.82314823689769,0.1548683456007632,41.42712449163073,0.32364941009086506,6.453010994670791,0.050414148395865555,1.3715918363235535,10,128,0.9986639160924876,128,56,82,116,127,0.4375,0.640625,0.90625,0.9921875,1250.0,128.0,10000.0,35.393717271657955,3.9400125646381663,0.030781348161235674,7.1120016057065945,0.05556251254458277,2.1953601905206437,0.01715125148844253,2.7617476075751908,10.0,128.0,0.9767880353081032,128.0,7.0,11.0,31.0,80.0,0.0546875,0.0859375,0.2421875,0.625,78.125,5,74.4
layer2.2.conv2,conv,27,128,1,False,128.0,0,16.0,16.0,160000,90.75676587835063,19.48067929632564,0.15219280700254406,43.10298493853121,0.33674206983227506,6.153942320507452,0.04807767437896447,1.2397598117843716,10,128,0.9976867259774599,128,62,87,118,127,0.484375,0.6796875,0.921875,0.9921875,1250.0,128.0,10000.0,8.396979072117563,3.8047387546489158,0.029724521520694654,7.0744945850894965,0.05526948894601169,2.157801549321347,0.016857824604073025,2.7716206714401785,10.0,128.0,0.962813426982587,128.0,7.0,12.0,36.0,84.0,0.0546875,0.09375,0.28125,0.65625,78.125,5,74.4
layer2.2,block,28,128,1,False,,0,16.0,16.0,160000,252.12613925449745,22.464069435630428,0.17550054246586272,48.085254416698774,0.3756660501304592,6.949816835905536,0.054295444030512,1.1454146930773181,10,128,0.9975197661836859,128,69,93,120,128,0.5390625,0.7265625,0.9375,1.0,1250.0,128.0,10000.0,21.334866471104057,4.569656137253416,0.03570043857229231,8.990072563918462,0.07023494190561298,2.39749112737694,0.018730399432632345,1.9804661192978363,10.0,128.0,0.9956506124815403,128.0,9.0,16.0,55.0,113.0,0.0703125,0.125,0.4296875,0.8828125,78.125,5,74.4
layer2.3.conv1,conv,29,128,1,False,128.0,0,16.0,16.0,160000,585.5696476688488,15.735591401950513,0.12293430782773838,37.141611069485144,0.2901688364803527,5.035186488914404,0.03933739444464378,1.3656215887856626,10,128,0.9974023121213098,128,54,80,115,127,0.421875,0.625,0.8984375,0.9921875,1250.0,128.0,10000.0,61.2394203502333,3.1643862834671808,0.02472176783958735,5.916196195486426,0.046220282777237706,1.8953372529266292,0.014807322288489291,2.7578689286288443,10.0,128.0,0.9720281816880909,128.0,7.0,10.0,29.0,78.0,0.0546875,0.078125,0.2265625,0.609375,78.125,5,74.4
layer2.3.conv2,conv,30,128,1,False,128.0,0,16.0,16.0,160000,83.349878783513,17.831203979077216,0.13930628108654075,42.18088927301723,0.3295381974454471,5.638533486995741,0.04405104286715423,1.2436419435630572,10,128,0.9971442683976194,128,63,88,118,127,0.4921875,0.6875,0.921875,0.9921875,1250.0,128.0,10000.0,9.119865989717795,3.0160911736486256,0.023563212294129887,5.857034225636091,0.04575807988778196,1.8363273832776352,0.014346307681856525,2.7165140066847213,10.0,128.0,0.9598390909689444,128.0,7.0,11.0,35.0,84.0,0.0546875,0.0859375,0.2734375,0.65625,78.125,5,74.4
layer2.3,block,31,128,1,False,,0,16.0,16.0,160000,339.6616164750711,22.651816673671476,0.1769673177630584,47.91013902341587,0.3742979611204365,7.069689106930231,0.05523194614789243,1.1623546697748466,10,128,0.9966662370351074,128,68,92,120,128,0.53125,0.71875,0.9375,1.0,1250.0,128.0,10000.0,29.60910689648527,4.878047548244048,0.038109746470656625,9.482242053845237,0.07408001604566591,2.5198709519253404,0.019686491811916722,2.0006596873960025,10.0,128.0,0.9969661825134872,128.0,10.0,16.0,56.0,113.0,0.078125,0.125,0.4375,0.8828125,78.125,5,74.4
layer2.4.conv1,conv,32,128,1,False,128.0,0,16.0,16.0,160000,734.1092956907123,19.84862375148705,0.15506737305849258,41.21907377194454,0.3220240138433167,6.537247514761643,0.051072246209075335,1.3958999055179366,10,128,0.9979586801187503,128,55,81,116,127,0.4296875,0.6328125,0.90625,0.9921875,1250.0,128.0,10000.0,71.32696642342964,4.096673374174434,0.03200526073573776,7.474049650413026,0.05839101289385176,2.2565824801043557,0.01762955062581528,2.8204420987977805,10.0,128.0,0.9714475842137192,128.0,8.0,12.0,33.0,82.0,0.0625,0.09375,0.2578125,0.640625,78.125,5,74.4
layer2.4.conv2,conv,33,128,1,False,128.0,0,16.0,16.0,160000,82.75736922875339,21.629936833898295,0.16898388151483043,45.53178454157649,0.35571706673106634,8.189344587956647,0.0639792545934113,1.2567936583307018,10,128,0.9976586807992164,128,63,88,118,127,0.4921875,0.6875,0.921875,0.9921875,1250.0,128.0,10000.0,8.198193851441504,4.077985544413491,0.0318592620657304,7.77203178644945,0.060718998331636326,2.240211684204673,0.017501653782849007,2.785184104409884,10.0,128.0,0.9583733893950275,128.0,8.0,13.0,39.0,87.0,0.0625,0.1015625,0.3046875,0.6796875,78.125,5,74.4
layer2.4,block,34,128,1,False,,0,16.0,16.0,160000,428.1315147058057,23.462132475578315,0.18329790996545559,48.489337652083925,0.37882295040690567,7.377699498175094,0.05763827732949292,1.1714283739116065,10,128,0.9960800712193858,128,68,93,120,128,0.53125,0.7265625,0.9375,1.0,1250.0,128.0,10000.0,36.75503106766421,5.92565529078463,0.04629418195925492,10.848888945006955,0.08475694488286684,2.9808906418890007,0.023288208139757818,2.0175821809413597,10.0,128.0,0.997218201830223,128.0,11.0,18.0,59.0,114.0,0.0859375,0.140625,0.4609375,0.890625,78.125,5,74.4
layer2.5.conv1,conv,35,128,1,False,128.0,0,16.0,16.0,160000,909.5536728942957,19.493950350913945,0.1522964871165152,40.74650860544742,0.31833209848005795,6.663280292844334,0.05205687728784636,1.3726533324639625,10,128,0.9977560464825045,128,56,82,116,127,0.4375,0.640625,0.90625,0.9921875,1250.0,128.0,10000.0,85.1975009735703,5.231937644543597,0.040874512847996855,8.673550841290547,0.0677621159475824,2.9093264937168852,0.022729113232163166,2.8262078028713304,10.0,128.0,0.9731822488449603,128.0,8.0,12.0,35.0,84.0,0.0625,0.09375,0.2734375,0.65625,78.125,5,74.4
layer2.5.conv2,conv,36,128,1,False,128.0,0,16.0,16.0,160000,80.51698987527374,22.782921935358953,0.17799157761999182,46.83748612208715,0.36591786032880586,8.146209315804406,0.06364226027972192,1.2536505288313082,10,128,0.9971850812796106,128,64,89,118,127,0.5,0.6953125,0.921875,0.9921875,1250.0,128.0,10000.0,8.078794727423656,4.71306515588235,0.03682082153033086,8.572175707873926,0.06697012271776505,2.5388707064302793,0.019834927393986557,2.8017735564368467,10.0,128.0,0.9592541407144869,128.0,9.0,14.0,40.0,87.0,0.0703125,0.109375,0.3125,0.6796875,78.125,5,74.4
layer2.5,block,37,128,1,False,,0,16.0,16.0,160000,518.654690709791,24.160817787620303,0.18875638896578362,49.15325677879607,0.3840098185843443,7.505222667207236,0.05863455208755653,1.1791313611567436,10,128,0.9946269678561241,128,68,93,120,128,0.53125,0.7265625,0.9375,1.0,1250.0,128.0,10000.0,43.973673447770416,6.689574068432406,0.05226229740962817,11.906829901006235,0.09302210860161121,3.31011936328901,0.02586030752569539,2.0225760259090024,10.0,128.0,0.9964303959874564,128.0,11.0,19.0,62.0,115.0,0.0859375,0.1484375,0.484375,0.8984375,78.125,5,74.4
layer3.0.conv1,conv,38,256,1,False,256.0,0,8.0,8.0,160000,1809.9858027388864,17.104536158090426,0.06681459436754073,38.44066874928191,0.15015886230188247,6.0543315061124785,0.02364973244575187,1.5357813183961082,10,256,0.9935917432959314,256,54,104,202,249,0.2109375,0.40625,0.7890625,0.97265625,625.0,256.0,10000.0,194.83393422911357,5.709940113996296,0.022304453570298033,9.629707190120735,0.03761604371140912,3.041518113838928,0.011880930132183313,2.0966033693423,10.0,256.0,0.9847743844229673,256.0,9.0,13.0,56.0,178.0,0.03515625,0.05078125,0.21875,0.6953125,39.0625,5,74.4
layer3.0.conv2,conv,39,256,1,False,256.0,0,8.0,8.0,160000,207.379070739213,29.40409390306982,0.11485974180886649,64.22387476021552,0.2508745107820919,9.31408836354761,0.03638315767010785,1.38094201885201,10,256,0.9969435433766083,256,92,148,226,253,0.359375,0.578125,0.8828125,0.98828125,625.0,256.0,10000.0,22.242166690948242,5.914594392882528,0.023103884347197377,10.442132605311544,0.04078958048949822,3.238052312742816,0.012648641846651624,2.1315427106158884,10.0,256.0,0.9763978067560339,256.0,10.0,18.0,76.0,188.0,0.0390625,0.0703125,0.296875,0.734375,39.0625,5,74.4
layer3.0.downsample.0,conv,40,256,1,False,128.0,0,8.0,8.0,160000,771.7599443358973,19.53158343708819,0.07629524780112575,38.409233393765696,0.15003606794439725,6.849702081034668,0.02675664875404167,8.740517655882618,10,256,0.556938095419028,190,49,72,107,125,0.19140625,0.28125,0.41796875,0.48828125,625.0,256.0,10000.0,75.65589215266735,6.362270231444663,0.024852618091580715,11.568381355819483,0.045188989671169855,3.151117385110835,0.012309052285589199,8.21838116216615,10.0,256.0,0.6025432926018583,191.0,11.0,20.0,65.0,112.0,0.04296875,0.078125,0.25390625,0.4375,39.0625,5,74.4
layer3.0,block,41,256,1,False,,0,8.0,8.0,160000,202.83933920593284,36.4781468144443,0.14249276099392305,85.2049710249684,0.3328319180662828,10.42073351336858,0.040705990286596015,1.09638456154065,10,256,0.9966848757602803,256,134,184,239,255,0.5234375,0.71875,0.93359375,0.99609375,625.0,256.0,10000.0,18.8999913860791,7.878010640784738,0.030773479065565382,16.517577099199706,0.06452178554374885,3.953981311041721,0.015445239496256723,1.5015173340392651,10.0,256.0,0.9964071874127381,256.0,19.0,48.0,164.0,243.0,0.07421875,0.1875,0.640625,0.94921875,39.0625,5,74.4
layer3.1.conv1,conv,42,256,1,False,256.0,0,8.0,8.0,160000,444.77170431752074,33.28206017646696,0.13000804756432408,74.50872617428381,0.2910497116182961,9.974006704755762,0.0389609636904522,1.2620951105650622,10,256,0.9969010700886083,256,112,166,233,254,0.4375,0.6484375,0.91015625,0.9921875,625.0,256.0,10000.0,42.76734736590967,6.783372417377352,0.026497548505380282,12.78188663305045,0.04992924466035332,3.5760652010089657,0.013969004691441272,2.083651526469253,10.0,256.0,0.9713635116163332,256.0,12.0,25.0,98.0,202.0,0.046875,0.09765625,0.3828125,0.7890625,39.0625,5,74.4
layer3.1.conv2,conv,43,256,1,False,256.0,0,8.0,8.0,160000,172.16232807136842,35.80862407537328,0.13987743779442688,81.96900854746201,0.3201914396385235,10.171581178366372,0.03973273897799364,1.167911731317137,10,256,0.9962265285876427,256,126,178,237,254,0.4921875,0.6953125,0.92578125,0.9921875,625.0,256.0,10000.0,16.05347142805532,7.174527692846609,0.028025498800182066,14.427876069914849,0.05635889089810488,3.650554397547515,0.01425997811541998,2.11165699867826,10.0,256.0,0.9680055077171863,256.0,16.0,32.0,109.0,207.0,0.0625,0.125,0.42578125,0.80859375,39.0625,5,74.4
layer3.1,block,44,256,1,False,,0,8.0,8.0,160000,330.8692739767916,40.74562032338653,0.15916257938822864,93.45708422179072,0.36506673524137,10.837094612227045,0.04233240082901189,1.05283849426811,10,256,0.9946468716514222,256,144,191,241,255,0.5625,0.74609375,0.94140625,0.99609375,625.0,256.0,10000.0,30.755166358716586,8.237021310974212,0.032175864495993016,17.840086904176694,0.06968783946944021,4.046460754251824,0.01580648732129619,1.5221110708385264,10.0,256.0,0.9962105062925722,256.0,22.0,52.0,168.0,244.0,0.0859375,0.203125,0.65625,0.953125,39.0625,5,74.4
layer3.2.conv1,conv,45,256,1,False,256.0,0,8.0,8.0,160000,668.359336353261,35.960890213524465,0.14047222739657994,78.7828566970692,0.3077455339729266,10.543812820862692,0.04118676883149489,1.2313914175656748,10,256,0.9967121717878422,256,118,171,234,254,0.4609375,0.66796875,0.9140625,0.9921875,625.0,256.0,10000.0,63.37312175705083,7.19078399148395,0.02808899996673418,14.085691112300132,0.05502223090742239,3.7243082284958255,0.014548079017561819,2.1266849239452434,10.0,256.0,0.9729110956395447,256.0,15.0,29.0,104.0,205.0,0.05859375,0.11328125,0.40625,0.80078125,39.0625,5,74.4
layer3.2.conv2,conv,46,256,1,False,256.0,0,8.0,8.0,160000,163.87556585385175,36.48840553166836,0.14253283410807954,84.93015947340848,0.3317584354430019,9.914997909922972,0.03873046058563661,1.1379931720735394,10,256,0.9962602849861734,256,131,181,238,254,0.51171875,0.70703125,0.9296875,0.9921875,625.0,256.0,10000.0,15.65289184787563,6.873137720588076,0.026848194221047172,14.339253537251752,0.056012709129889655,3.5951899722047522,0.014043710828924813,2.1099580463603136,10.0,256.0,0.9620091305235521,256.0,16.0,34.0,113.0,208.0,0.0625,0.1328125,0.44140625,0.8125,39.0625,5,74.4
layer3.2,block,47,256,1,False,,0,8.0,8.0,160000,492.123683480485,40.805038572624596,0.15939468192431483,92.93661901231104,0.36303366801684,11.23140815825406,0.043872688118179924,1.0577306473968944,10,256,0.9939522904821584,256,143,191,241,255,0.55859375,0.74609375,0.94140625,0.99609375,625.0,256.0,10000.0,47.40905273102417,8.09647241000909,0.03162684535159801,17.702927513447996,0.06915206059940623,3.9858802684304875,0.015569844798556592,1.5496001800306225,10.0,256.0,0.9956816022862427,256.0,21.0,51.0,165.0,243.0,0.08203125,0.19921875,0.64453125,0.94921875,39.0625,5,74.4
layer3.3.conv1,conv,48,256,1,False,256.0,0,8.0,8.0,160000,968.763532087449,33.661691870554556,0.13149098386935373,75.60715433164233,0.29534044660797787,10.346594774859218,0.04041638583929382,1.2284183860953992,10,256,0.9964846973274099,256,116,169,234,254,0.453125,0.66015625,0.9140625,0.9921875,625.0,256.0,10000.0,96.64149902426759,6.4901795272846625,0.025352263778455713,13.186438831174316,0.05150952668427467,3.400771891994146,0.013284265203102132,2.1403844625351693,10.0,256.0,0.9725223400659893,256.0,14.0,28.0,101.0,203.0,0.0546875,0.109375,0.39453125,0.79296875,39.0625,5,74.4
layer3.3.conv2,conv,49,256,1,False,256.0,0,8.0,8.0,160000,163.5490462602688,30.421886506291738,0.1188354941652021,79.13375502086457,0.3091162305502522,7.821183470192071,0.030551497930437776,1.127091007825977,10,256,0.9960675778863541,256,130,180,237,254,0.5078125,0.703125,0.92578125,0.9921875,625.0,256.0,10000.0,17.198961483773545,5.659176575985122,0.022106158499941884,12.438671711625421,0.0485885613735368,2.8718264603156833,0.011218072110608138,2.111596990724765,10.0,256.0,0.9581697016229143,256.0,15.0,32.0,108.0,204.0,0.05859375,0.125,0.421875,0.796875,39.0625,5,74.4
layer3.3,block,50,256,1,False,,0,8.0,8.0,160000,671.0352029183312,37.589852113454995,0.14683535981818358,89.16910519212473,0.34831681715673724,10.030455383133159,0.0391814663403639,1.0674820785206796,10,256,0.9935559056716637,256,141,190,241,255,0.55078125,0.7421875,0.94140625,0.99609375,625.0,256.0,10000.0,68.06049314508557,7.517529547331158,0.029365349794262335,16.697275019570185,0.06522373054519603,3.6648392026307812,0.01431577813527649,1.5632726296133423,10.0,256.0,0.9946450489521397,256.0,20.0,48.0,162.0,242.0,0.078125,0.1875,0.6328125,0.9453125,39.0625,5,74.4
layer3.4.conv1,conv,51,256,1,False,256.0,0,8.0,8.0,160000,1292.188645070981,29.573270539374846,0.11552058804443299,71.3713892815133,0.27879448938091134,8.56637423191395,0.03346239934341387,1.2254546310773926,10,256,0.9974213142551275,256,113,168,233,254,0.44140625,0.65625,0.91015625,0.9921875,625.0,256.0,10000.0,135.32092250786602,6.245885523030591,0.024397990324338245,12.67234624448895,0.04950135251753496,3.3251817869680163,0.012988991355343813,2.151427149910757,10.0,256.0,0.9689211887040667,256.0,14.0,27.0,99.0,201.0,0.0546875,0.10546875,0.38671875,0.78515625,39.0625,5,74.4
layer3.4.conv2,conv,52,256,1,False,256.0,0,8.0,8.0,160000,158.2927099233714,30.73221553232758,0.12004771692315461,79.3550745943021,0.30998076013399256,8.005861930387624,0.03127289816557666,1.1258904449978082,10,256,0.9954794702866097,256,130,180,237,254,0.5078125,0.703125,0.92578125,0.9921875,625.0,256.0,10000.0,17.67712568975401,5.723193536111025,0.022356224750433692,12.239296461967378,0.04780975180456007,2.929490851810844,0.01144332363988611,2.11097594276514,10.0,256.0,0.9533432704418053,256.0,14.0,30.0,107.0,203.0,0.0546875,0.1171875,0.41796875,0.79296875,39.0625,5,74.4
layer3.4,block,53,256,1,False,,0,8.0,8.0,160000,860.1047982725378,35.599002139305775,0.13905860210666318,86.19761640441195,0.33670943907973416,9.412264013654088,0.03676665630333628,1.0757023920515163,10,256,0.9934359063746475,256,138,188,240,255,0.5390625,0.734375,0.9375,0.99609375,625.0,256.0,10000.0,92.61980022006982,7.408782424248815,0.028940556344721934,16.194951488799283,0.0632615292531222,3.5979271270902236,0.014054402840196186,1.573258275622237,10.0,256.0,0.9937113120421557,256.0,18.0,45.0,157.0,241.0,0.0703125,0.17578125,0.61328125,0.94140625,39.0625,5,74.4
layer3.5.conv1,conv,54,256,1,False,256.0,0,8.0,8.0,160000,1606.5903058354431,28.64053832262703,0.11187710282276184,70.70565085444832,0.27619394865018876,7.960108956473549,0.0310941756112248,1.2299508801740795,10,256,0.9969118120499181,256,113,167,233,254,0.44140625,0.65234375,0.91015625,0.9921875,625.0,256.0,10000.0,170.89090666619052,6.535014823577155,0.025527401654598263,13.061354145581173,0.05102091463117646,3.3638578827787513,0.013140069854604497,2.1622405986939714,10.0,256.0,0.968525804949562,256.0,14.0,27.0,99.0,200.0,0.0546875,0.10546875,0.38671875,0.78125,39.0625,5,74.4
layer3.5.conv2,conv,55,256,1,False,256.0,0,8.0,8.0,160000,155.8230244885352,28.315723725632584,0.11060829580325228,78.03818609336822,0.30483666442721963,7.179056823356645,0.028043190716236895,1.120698165591765,10,256,0.9957986140177029,256,130,180,237,254,0.5078125,0.703125,0.92578125,0.9921875,625.0,256.0,10000.0,16.66823264339386,5.784104846656527,0.02259415955725206,12.99350954962767,0.05075589667823308,2.7882484557844003,0.010891595530407814,2.133716340672132,10.0,256.0,0.9518903577824166,256.0,15.0,34.0,111.0,204.0,0.05859375,0.1328125,0.43359375,0.796875,39.0625,5,74.4
layer3.5,block,56,256,1,False,,0,8.0,8.0,160000,1054.6021861448967,33.18189542944443,0.1296167790212673,83.45576009388579,0.32599906286674135,8.664684941494103,0.03384642555271134,1.077501373395764,10,256,0.9934393056585843,256,137,187,240,255,0.53515625,0.73046875,0.9375,0.99609375,625.0,256.0,10000.0,117.75326116409137,7.327783551496253,0.02862415449803224,15.975277954602369,0.0624034295101655,3.449098886766931,0.013473042526433325,1.5764189349153288,10.0,256.0,0.9936005095858536,256.0,18.0,43.0,155.0,241.0,0.0703125,0.16796875,0.60546875,0.94140625,39.0625,5,74.4
layer4.0.conv1,conv,57,512,1,False,512.0,0,4.0,4.0,160000,3015.743088926704,18.14353414868262,0.03543659013414574,55.12336719735009,0.1076628265573244,5.663240411246128,0.011061016428215093,1.3508231090368632,10,512,0.9914499151959217,512,109,220,413,499,0.212890625,0.4296875,0.806640625,0.974609375,312.5,512.0,10000.0,411.85501351110173,6.024439623943981,0.011766483640515588,13.927865755498631,0.027202862803708264,2.98381908829685,0.005827771656829785,1.5861356506342559,10.0,512.0,0.9747776418162375,512.0,16.0,46.0,238.0,445.0,0.03125,0.08984375,0.46484375,0.869140625,19.53125,5,74.4
layer4.0.conv2,conv,58,512,1,False,512.0,0,4.0,4.0,160000,417.5817990318997,17.150694190146787,0.03349744959013044,58.489039583256876,0.11423640543604859,6.068385983817141,0.011852316374642853,1.2337810825860875,10,512,0.9944312788259041,512,134,258,440,504,0.26171875,0.50390625,0.859375,0.984375,312.5,512.0,10000.0,63.66731603524154,3.8192298000295897,0.007459433203182792,9.722913198855673,0.018990064841514987,2.086872013466155,0.004075921901301084,1.6037307219008208,10.0,512.0,0.9694252089465111,512.0,12.0,37.0,215.0,432.0,0.0234375,0.072265625,0.419921875,0.84375,19.53125,5,74.4
layer4.0.downsample.0,conv,59,512,1,False,256.0,0,4.0,4.0,160000,1534.6879021476295,25.462683431305805,0.04973180357676915,62.74912644042984,0.12255688757896453,7.45550162499288,0.014561526611314218,7.017156853555937,10,512,0.51670782903077,375,97,143,214,249,0.189453125,0.279296875,0.41796875,0.486328125,312.5,512.0,10000.0,210.72579881568512,7.76541452855309,0.015166825251080254,18.61142324909521,0.03635043603338908,3.610990604653033,0.007052716024712955,6.630329726572676,10.0,512.0,0.5509715481414746,384.0,28.0,70.0,171.0,238.0,0.0546875,0.13671875,0.333984375,0.46484375,19.53125,5,74.4
layer4.0,block,60,512,1,False,,0,4.0,4.0,160000,455.250581809258,25.086187738814964,0.048996460427372976,98.04134267610776,0.19148699741427297,6.237828969248106,0.012183259705562707,1.0669858850631209,10,512,0.9958880090319491,512,228,339,469,508,0.4453125,0.662109375,0.916015625,0.9921875,312.5,512.0,10000.0,73.90668669090141,4.8666944851844685,0.009505262666375915,15.237758786206042,0.029761247629308676,2.3890452023947364,0.0046661039109272195,1.1758810637823756,10.0,512.0,0.9928663296355784,512.0,32.0,117.0,365.0,493.0,0.0625,0.228515625,0.712890625,0.962890625,19.53125,5,74.4
layer4.1.conv1,conv,61,512,1,False,512.0,0,4.0,4.0,160000,849.2290928970917,18.620155197939624,0.03636749062097583,67.26290994639722,0.13137287098905706,6.264844015122081,0.012236023467035314,1.1647231581600883,10,512,0.9947938443528173,512,167,290,452,505,0.326171875,0.56640625,0.8828125,0.986328125,312.5,512.0,10000.0,138.48131133296377,3.6013486402437054,0.007033884062975987,9.636859893442685,0.018821991979380243,1.996578476997216,0.0038995673378851873,1.5626928984456643,10.0,512.0,0.9661370133268461,512.0,13.0,44.0,231.0,440.0,0.025390625,0.0859375,0.451171875,0.859375,19.53125,5,74.4
layer4.1.conv2,conv,62,512,1,False,512.0,0,4.0,4.0,160000,549.5591896057857,9.083962861603853,0.017742114964070025,33.80507137114612,0.06602553002176977,3.7529993809328355,0.007330076915884444,1.1445658949880884,10,512,0.9920245796561131,512,102,230,431,503,0.19921875,0.44921875,0.841796875,0.982421875,312.5,512.0,10000.0,117.86717317269184,2.008778741405495,0.003923395979307608,4.514084963017417,0.008816572193393393,1.4329396999274984,0.0027987103514208952,1.5841975431914663,10.0,512.0,0.9604647549903238,512.0,6.0,12.0,143.0,390.0,0.01171875,0.0234375,0.279296875,0.76171875,19.53125,5,74.4
layer4.1,block,63,512,1,False,,0,4.0,4.0,160000,832.6989030107725,11.783859034885255,0.023015349677510264,59.24162770607877,0.1157063041134351,3.7576328209797074,0.007339126603475991,1.0466328829663674,10,512,0.9916935176843305,512,190,314,463,507,0.37109375,0.61328125,0.904296875,0.990234375,312.5,512.0,10000.0,194.5853225791977,2.4679514216253424,0.004820217620361997,6.54602457217406,0.012785204242527461,1.5996985928637482,0.003124411314187008,1.1797970623996594,10.0,512.0,0.9923305825127708,512.0,9.0,33.0,274.0,475.0,0.017578125,0.064453125,0.53515625,0.927734375,19.53125,5,74.4
layer4.2.conv1,conv,64,512,1,False,512.0,0,4.0,4.0,160000,1760.64424498767,8.586802628683328,0.016771098884147125,31.528667058444835,0.06157942784852507,3.6516801343929823,0.007132187762486294,1.1783733793889948,10,512,0.9935575283841225,512,92,215,424,502,0.1796875,0.419921875,0.828125,0.98046875,312.5,512.0,10000.0,384.4390379131966,1.8439300046065867,0.0036014257902472397,4.054232326225271,0.007918422512158732,1.3680083437613888,0.0026718912964089625,1.5795469531685913,10.0,512.0,0.9646594411540506,512.0,6.0,11.0,134.0,387.0,0.01171875,0.021484375,0.26171875,0.755859375,19.53125,5,74.4
layer4.2.conv2,conv,65,512,1,False,512.0,0,4.0,4.0,160000,847.5153824642235,4.477469581185173,0.008745057775752291,13.342174616133395,0.026058934797135537,2.356960238328057,0.004603437965484486,1.1988451271511822,10,512,0.9901324114971685,512,29,100,363,493,0.056640625,0.1953125,0.708984375,0.962890625,312.5,512.0,10000.0,256.46845475340166,1.260298717558661,0.00246152093273176,1.9501290734930796,0.003808845846666171,1.1236439741293414,0.00219461713697137,1.6199164214909534,10.0,512.0,0.9590227873450186,512.0,2.0,4.0,32.0,280.0,0.00390625,0.0078125,0.0625,0.546875,19.53125,5,74.4
layer4.2,block,66,512,1,False,,0,4.0,4.0,160000,1371.119786788664,6.337005249912213,0.012376963378734791,32.18309267513269,0.06285760288111854,2.6356995618748496,0.0051478507067868155,1.0857718483893815,10,512,0.9899420499970609,512,123,256,445,505,0.240234375,0.5,0.869140625,0.986328125,312.5,512.0,10000.0,438.5206305258671,1.6431812407905924,0.0032093383609191257,3.396884085857283,0.006634539230190006,1.2876982808230313,0.002515035704732483,1.1978623645246977,10.0,512.0,0.9919055198679418,512.0,5.0,9.0,156.0,443.0,0.009765625,0.017578125,0.3046875,0.865234375,19.53125,5,74.4
layer4.3.conv1,conv,67,512,1,False,512.0,0,4.0,4.0,160000,3020.47033437472,5.583736044870897,0.010905734462638471,17.93531391249736,0.03502990998534641,2.7662236475051194,0.005402780561533436,1.206815373546857,10,512,0.993024825882147,512,47,140,388,497,0.091796875,0.2734375,0.7578125,0.970703125,312.5,512.0,10000.0,836.1446613822087,1.385103126249499,0.002705279543456053,2.4011013505824894,0.004689651075356425,1.1790625354838642,0.0023028565146169223,1.594628915475262,10.0,512.0,0.9639400364329148,512.0,3.0,6.0,59.0,324.0,0.005859375,0.01171875,0.115234375,0.6328125,19.53125,5,74.4
layer4.3.conv2,conv,68,512,1,False,512.0,0,4.0,4.0,160000,1154.5569910264983,3.4564260636402846,0.006750832155547431,8.159228116428304,0.01593599241489903,2.0443778773706565,0.003992925541739563,1.2273472683254931,10,512,0.9910974799662629,512,11,40,285,479,0.021484375,0.078125,0.556640625,0.935546875,312.5,512.0,10000.0,412.4214808866775,1.1161811447594385,0.0021800412983582784,1.441238337236836,0.0028149186274156954,1.0566943300020075,0.002063856113285171,1.6441245817771775,10.0,512.0,0.9610182228773451,512.0,1.0,2.0,10.0,191.0,0.001953125,0.00390625,0.01953125,0.373046875,19.53125,5,74.4
layer4.3,block,69,512,1,False,,0,4.0,4.0,160000,2003.0016321980677,4.2046337229641955,0.008212175240164444,19.385580257430725,0.037862461440294384,2.109694373317468,0.004120496822885679,1.1085968579415182,10,512,0.9887622366945811,512,75,200,424,502,0.146484375,0.390625,0.828125,0.98046875,312.5,512.0,10000.0,789.104543465254,1.382110194837893,0.00269943397429276,2.40301505264058,0.004693388774688632,1.1777615840421813,0.0023003155938323854,1.2134502656650286,10.0,512.0,0.9914614001101641,512.0,3.0,6.0,74.0,404.0,0.005859375,0.01171875,0.14453125,0.7890625,19.53125,5,74.4
layer4.4.conv1,conv,70,512,1,False,512.0,0,4.0,4.0,160000,4601.781769027576,4.548173046214594,0.00888315048088788,12.427013893726413,0.0242715115111844,2.47535770438144,0.00483468301637,1.229020235869372,10,512,0.993017831745361,512,26,85,348,490,0.05078125,0.166015625,0.6796875,0.95703125,312.5,512.0,10000.0,1430.0560058268525,1.2337253525164813,0.0024096198291337525,1.8565728681202136,0.003626118883047292,1.1115479224623932,0.0021709920360593617,1.606880081148246,10.0,512.0,0.9649745122424507,512.0,2.0,4.0,26.0,272.0,0.00390625,0.0078125,0.05078125,0.53125,19.53125,5,74.4
layer4.4.conv2,conv,71,512,1,False,512.0,0,4.0,4.0,160000,1307.538097566221,3.0737489397463995,0.0060034158979421865,6.684602655684486,0.013055864561883762,1.8870312064975554,0.003685607825190538,1.256633248169384,10,512,0.9905980404442694,512,7,22,223,465,0.013671875,0.04296875,0.435546875,0.908203125,312.5,512.0,10000.0,516.1924754359256,1.069667944382369,0.0020891952038718142,1.274947608290074,0.0024901320474415506,1.034317687939413,0.002020151734256666,1.646211325615735,10.0,512.0,0.9610003544331915,512.0,1.0,1.0,7.0,135.0,0.001953125,0.001953125,0.013671875,0.263671875,19.53125,5,74.4
layer4.4,block,72,512,1,False,,0,4.0,4.0,160000,2865.8614777218545,3.10650286647311,0.006067388411080293,12.408471578786191,0.02423529605231678,1.7943006713339236,0.0035044934986990695,1.129314475117565,10,512,0.9877889642323092,512,43,141,397,499,0.083984375,0.275390625,0.775390625,0.974609375,312.5,512.0,10000.0,1340.3121168482446,1.2413799438994197,0.002424570202928554,1.8816737710638094,0.0036751440841090027,1.1150622462544033,0.0021778559497156315,1.2216945100399557,10.0,512.0,0.9908263452305239,512.0,2.0,4.0,28.0,353.0,0.00390625,0.0078125,0.0546875,0.689453125,19.53125,5,74.4
layer4.5.conv1,conv,73,512,1,False,512.0,0,4.0,4.0,160000,6636.669731715435,3.6724699623837496,0.007172792895280761,9.087434300749715,0.017748895118651787,2.1328575672485868,0.004165737436032396,1.2405054035535428,10,512,0.9930735505697128,512,15,52,306,483,0.029296875,0.1015625,0.59765625,0.943359375,312.5,512.0,10000.0,2407.251451832682,1.15070256990919,0.0022474659568538866,1.558170674005688,0.0030433020976673593,1.0730554393311438,0.00209581140494364,1.6199465198756189,10.0,512.0,0.9646995262621891,512.0,1.0,3.0,12.0,214.0,0.001953125,0.005859375,0.0234375,0.41796875,19.53125,5,74.4
layer4.5.conv2,conv,74,512,1,False,512.0,0,4.0,4.0,160000,1626.9066142511617,2.582632392224432,0.0050442038910633435,5.150870039983356,0.010060293046842491,1.6900227248656359,0.003300825634503195,1.2693444411342916,10,512,0.9910747281011694,512,5,11,151,445,0.009765625,0.021484375,0.294921875,0.869140625,312.5,512.0,10000.0,762.3111571010822,1.0408407876158177,0.002032892163312144,1.1669448194898286,0.0022791891005660716,1.0202422586451647,0.0019926606614163373,1.6645228599362245,10.0,512.0,0.9615345865685307,512.0,1.0,1.0,4.0,72.0,0.001953125,0.001953125,0.0078125,0.140625,19.53125,5,74.4
layer4.5,block,75,512,1,False,,0,4.0,4.0,160000,4191.292850201735,2.2539682579449423,0.004402281753798715,7.494696876413599,0.01463807983674531,1.5133254250141501,0.002955713720730762,1.1395657810943134,10,512,0.9873548132766172,512,23,83,359,494,0.044921875,0.162109375,0.701171875,0.96484375,312.5,512.0,10000.0,2368.6222796441784,1.1456371955839817,0.0022375726476249642,1.536971593146785,0.0030018976428648147,1.070685933306999,0.0020911834634902322,1.2279588181627517,10.0,512.0,0.9907204602969915,512.0,1.0,3.0,10.0,279.0,0.001953125,0.005859375,0.01953125,0.544921875,19.53125,5,74.4
fc,linear,76,10,1,False,,0,,,10000,154.69892556225582,3.078077279284782,0.3078077279284782,4.4046895708306915,0.44046895708306916,1.9351074152196373,0.19351074152196374,,10,10,,10,5,6,8,9,0.5,0.6,0.8,0.9,1000.0,,,,,,,,,,,,,,,,,,,,,,,,5,74.4
conv1,conv,0,64,1,False,27.0,0,32.0,32.0,160000,28.042897410074183,1.9632922775277142,0.030676441836370534,3.280240847508272,0.05125376324231675,1.4239406625776942,0.022249072852776473,14.730964284459088,10,64,0.8890523141610313,45,4,6,9,15,0.0625,0.09375,0.140625,0.234375,2500.0,64.0,10000.0,7.667657928728569,1.4799194706865701,0.02312374172947766,1.8337477406146776,0.028652308447104338,1.2375597518560102,0.01933687112275016,8.648298231283595,10.0,64.0,0.9493072384628172,43.0,2.0,2.0,3.0,4.0,0.03125,0.03125,0.046875,0.0625,156.25,7,73.88
layer1.0.conv1,conv,1,64,1,False,64.0,0,32.0,32.0,160000,42.176481872121144,6.417894568937027,0.10027960263964104,12.443261419816308,0.1944259596846298,2.9114442742916555,0.04549131678580712,2.5122184857756853,10,64,0.9890414628562015,64,14,21,41,60,0.21875,0.328125,0.640625,0.9375,2500.0,64.0,10000.0,8.853082896795241,2.612507089391498,0.04082042327174216,3.708305798512395,0.05794227810175617,1.7440896749661667,0.027251401171346355,4.183594748306417,10.0,64.0,0.9843729620884695,64.0,4.0,4.0,8.0,18.0,0.0625,0.0625,0.125,0.28125,156.25,7,73.88
layer1.0.conv2,conv,2,64,1,False,64.0,0,32.0,32.0,160000,32.20569262743977,10.997041519423416,0.17182877374099087,18.726395254651834,0.2925999258539349,4.895623125755934,0.07649411133993647,1.9875014996457583,10,64,0.9963938782021532,64,20,30,52,63,0.3125,0.46875,0.8125,0.984375,2500.0,64.0,10000.0,4.636040499425006,3.6412942374632498,0.05689522246036328,4.998916879260843,0.07810807623845067,2.361651124145883,0.03690079881477942,3.895298151067176,10.0,64.0,0.9682851213326347,64.0,4.0,6.0,13.0,30.0,0.0625,0.09375,0.203125,0.46875,156.25,7,73.88
layer1.0,block,3,64,1,False,,0,32.0,32.0,160000,24.8645352318456,12.948209605266715,0.20231577508229243,22.66729455016981,0.3541764773464033,5.346017258760793,0.08353151966813739,1.7015946154624402,10,64,0.9880412166432782,64,26,38,56,63,0.40625,0.59375,0.875,0.984375,2500.0,64.0,10000.0,3.102126504574535,3.560651140589911,0.05563517407171736,5.698038276324355,0.08903184806756805,2.1511031798377536,0.0336109871849649,2.78279497719563,10.0,64.0,0.9961292609483602,64.0,5.0,9.0,21.0,48.0,0.078125,0.140625,0.328125,0.75,156.25,7,73.88
layer1.1.conv1,conv,4,64,1,False,64.0,0,32.0,32.0,160000,74.30865396430652,11.36410236298539,0.17756409942164672,19.425731563805634,0.30352705568446303,4.8780820852080655,0.07622003258137602,2.0719773920265023,10,64,0.9975555329117869,64,20,30,52,63,0.3125,0.46875,0.8125,0.984375,2500.0,64.0,10000.0,7.487626191428147,2.8437325822479047,0.04443332159762351,4.417348229467201,0.06902106608542502,1.8309301052227738,0.02860828289410584,3.9131269768881642,10.0,64.0,0.9738829836549125,64.0,4.0,6.0,14.0,32.0,0.0625,0.09375,0.21875,0.5,156.25,7,73.88
layer1.1.conv2,conv,5,64,1,False,64.0,0,32.0,32.0,160000,31.073212422222642,13.688112183890128,0.21387675287328325,22.81853259131755,0.3565395717393367,6.086076796187562,0.09509494994043066,1.7223345218352324,10,64,0.9949927902795982,64,25,37,56,63,0.390625,0.578125,0.875,0.984375,2500.0,64.0,10000.0,2.62301698624526,3.080156928269544,0.048127452004211625,4.623661091197798,0.0722447045499656,2.013561477628658,0.03146189808794778,3.7962268031735906,10.0,64.0,0.963257068333762,64.0,4.0,7.0,16.0,35.0,0.0625,0.109375,0.25,0.546875,156.25,7,73.88
layer1.1,block,6,64,1,False,,0,32.0,32.0,160000,48.435544936342794,14.527277296464062,0.22698870775725097,25.224648114637283,0.39413512679120755,6.134916109140773,0.09585806420532458,1.525152166972016,10,64,0.9913329726140373,64,30,42,58,64,0.46875,0.65625,0.90625,1.0,2500.0,64.0,10000.0,4.035353543771059,3.5225030672970923,0.05503911042651707,5.999127139804751,0.09373636155944924,2.0865727694360667,0.03260269952243854,2.672961672352899,10.0,64.0,0.9977497758273904,64.0,6.0,10.0,24.0,52.0,0.09375,0.15625,0.375,0.8125,156.25,7,73.88
layer1.2.conv1,conv,7,64,1,False,64.0,0,32.0,32.0,160000,133.8802836509186,11.885490623606247,0.1857107909938476,20.68147493441793,0.3231480458502802,5.085224464091455,0.07945663225142899,1.898824882771735,10,64,0.9939833227944422,64,23,34,54,63,0.359375,0.53125,0.84375,0.984375,2500.0,64.0,10000.0,7.463752132571498,3.3935913133428137,0.053024864270981464,5.373125810571475,0.0839550907901793,2.078051828388536,0.03246955981857087,3.764896055196091,10.0,64.0,0.9677744301330167,64.0,5.0,8.0,17.0,37.0,0.078125,0.125,0.265625,0.578125,156.25,7,73.88
layer1.2.conv2,conv,8,64,1,False,64.0,0,32.0,32.0,160000,28.985531132065944,14.94856244072309,0.2335712881362983,25.93690979929359,0.40526421561396236,6.269184478721577,0.09795600748002464,1.6310465037617958,10,64,0.9946470292766435,64,29,41,58,64,0.453125,0.640625,0.90625,1.0,2500.0,64.0,10000.0,1.607577092514195,3.5634233370661956,0.05567848964165931,6.011452751411727,0.09392894924080823,2.0863543504783464,0.03259928672622416,3.7875871735570175,10.0,64.0,0.9739902777998029,64.0,6.0,9.0,19.0,40.0,0.09375,0.140625,0.296875,0.625,156.25,7,73.88
layer1.2,block,9,64,1,False,,0,32.0,32.0,160000,79.64897520214812,15.165708314530942,0.23696419241454597,26.455692319677123,0.41337019249495505,6.293572775635053,0.0983370746192977,1.449644645494113,10,64,0.9963318946196114,64,31,43,59,64,0.484375,0.671875,0.921875,1.0,2500.0,64.0,10000.0,5.103512725012639,3.940189847496165,0.06156546636712758,6.748658446814101,0.10544778823147033,2.23119963060703,0.03486249422823484,2.6769289158989316,10.0,64.0,0.9981619305582804,64.0,7.0,11.0,25.0,53.0,0.109375,0.171875,0.390625,0.828125,156.25,7,73.88
layer1.3.conv1,conv,10,64,1,False,64.0,0,32.0,32.0,160000,201.3632506509725,11.906225863226547,0.1860347791129148,21.179403117200696,0.3309281737062609,5.434504593908472,0.08491413427981988,1.7723264844586957,10,64,0.9956467691609958,64,24,36,55,63,0.375,0.5625,0.859375,0.984375,2500.0,64.0,10000.0,9.591199122206966,3.6632898636781723,0.05723890411997144,5.828823777830776,0.09107537152860587,2.1532560682230897,0.033644626065985776,3.64437215814202,10.0,64.0,0.9711149862513825,64.0,5.0,8.0,18.0,38.0,0.078125,0.125,0.28125,0.59375,156.25,7,73.88
layer1.3.conv2,conv,11,64,1,False,64.0,0,32.0,32.0,160000,27.399215226350613,15.058352860252525,0.2352867634414457,26.866890901187393,0.419795170331053,5.973412593709512,0.09333457177671113,1.5187992171225078,10,64,0.9944463690302555,64,31,43,59,64,0.484375,0.671875,0.921875,1.0,2500.0,64.0,10000.0,1.3449941460741996,4.2130278531674366,0.0658285602057412,6.470563377832281,0.1011025527786294,2.4803276275909854,0.038755119181109146,3.653570479061768,10.0,64.0,0.9630747114402266,64.0,6.0,9.0,19.0,40.0,0.09375,0.140625,0.296875,0.625,156.25,7,73.88
layer1.3,block,12,64,1,False,,0,32.0,32.0,160000,115.59268641295674,15.241167275639716,0.23814323868187057,26.84808227503794,0.4195012855474678,6.283466406440179,0.0981791626006278,1.4348527312286552,10,64,0.9964146463368728,64,32,44,59,64,0.5,0.6875,0.921875,1.0,2500.0,64.0,10000.0,6.474184139775988,4.227130679140163,0.06604891686156504,7.182491084735687,0.1122264231989951,2.3347336603826303,0.0364802134434786,2.638990009972895,10.0,64.0,0.998422921850418,64.0,7.0,11.0,26.0,53.0,0.109375,0.171875,0.40625,0.828125,156.25,7,73.88
layer1.4.conv1,conv,13,64,1,False,64.0,0,32.0,32.0,160000,269.45636280633573,12.78949794285652,0.19983590535713314,22.233523609521505,0.3473988063987735,5.861772606969266,0.09159019698389478,1.7298844562301159,10,64,0.9948328438809397,64,25,37,56,63,0.390625,0.578125,0.875,0.984375,2500.0,64.0,10000.0,14.098579798674898,3.2075675171562295,0.050118242455566085,5.31067498705838,0.08297929667278718,1.9431184652247206,0.03036122601913626,3.675363013406824,10.0,64.0,0.9714129406736334,64.0,5.0,8.0,17.0,38.0,0.078125,0.125,0.265625,0.59375,156.25,7,73.88
layer1.4.conv2,conv,14,64,1,False,64.0,0,32.0,32.0,160000,28.539969338592922,15.382817912298567,0.2403565298796651,27.08782428392664,0.42324725443635375,5.665204110507392,0.088518814226678,1.5203526759110877,10,64,0.9968719236625248,64,31,43,59,64,0.484375,0.671875,0.921875,1.0,2500.0,64.0,10000.0,1.8800766017937505,3.2035822749541496,0.05005597304615859,5.315142379383606,0.08304909967786885,1.9545998223772465,0.030540622224644477,3.673899217486506,10.0,64.0,0.9733555243062425,64.0,6.0,8.0,16.0,37.0,0.09375,0.125,0.25,0.578125,156.25,7,73.88
layer1.4,block,15,64,1,False,,0,32.0,32.0,160000,154.4241317954541,16.03359067242517,0.2505248542566433,27.405081287339616,0.4282043951146815,6.744283518298233,0.10537942997340989,1.421950136460314,10,64,0.997521520561284,64,32,44,59,64,0.5,0.6875,0.921875,1.0,2500.0,64.0,10000.0,9.3593956443041,3.9379472962048627,0.06153042650320098,6.8523511787316815,0.10706798716768252,2.205348313104818,0.03445856739226278,2.6412416491452158,10.0,64.0,0.9981497523773645,64.0,7.0,10.0,25.0,53.0,0.109375,0.15625,0.390625,0.828125,156.25,7,73.88
layer1.5.conv1,conv,16,64,1,False,64.0,0,32.0,32.0,160000,316.0450416322171,16.040458546398252,0.2506321647874727,25.837407132284007,0.4037094864419376,7.056623815227979,0.11025974711293718,1.7488238131718339,10,64,0.9944258845694862,64,28,39,57,64,0.4375,0.609375,0.890625,1.0,2500.0,64.0,10000.0,20.69276602858711,3.740754966044212,0.058449296344440814,5.962823620307578,0.0931691190673059,2.1931077973834423,0.034267309334116286,3.750335171447746,10.0,64.0,0.9784451162000675,64.0,6.0,8.0,16.0,36.0,0.09375,0.125,0.25,0.5625,156.25,7,73.88
layer1.5.conv2,conv,17,64,1,False,64.0,0,32.0,32.0,160000,29.085096866531437,17.202047146883356,0.26878198667005243,28.522575085448103,0.4456652357101266,7.308104920398071,0.11418913938121986,1.5254794775015317,10,64,0.9966889508952452,64,32,44,59,64,0.5,0.6875,0.921875,1.0,2500.0,64.0,10000.0,1.9929568663336883,3.828319680288085,0.05981749500450133,6.227500653656369,0.09730469771338077,2.200952447748522,0.034389881996070654,3.7212622816089787,10.0,64.0,0.9698385754391509,64.0,6.0,9.0,18.0,39.0,0.09375,0.140625,0.28125,0.609375,156.25,7,73.88
layer1.5,block,18,64,1,False,,0,32.0,32.0,160000,189.2761813304778,17.351324262560052,0.2711144416025008,28.728602152583083,0.44888440863411067,7.3549760879658,0.11492150137446562,1.3994139658813305,10,64,0.9981129649244028,64,33,45,60,64,0.515625,0.703125,0.9375,1.0,2500.0,64.0,10000.0,11.543791942758165,4.259037549793101,0.0665474617155172,7.291941309510147,0.11393658296109604,2.3288490639093853,0.036388266623584145,2.6125013845346188,10.0,64.0,0.9964808761165012,64.0,7.0,10.0,26.0,53.0,0.109375,0.15625,0.40625,0.828125,156.25,7,73.88
layer2.0.conv1,conv,19,128,1,False,128.0,0,16.0,16.0,160000,702.9166842137876,13.45016552393931,0.10507941815577586,25.497367818309343,0.19919818608054174,5.361565310962041,0.04188722899189094,1.8610467142586768,10,128,0.9968232881714446,128,28,48,97,124,0.21875,0.375,0.7578125,0.96875,1250.0,128.0,10000.0,60.68616154565407,3.2523455207839844,0.02540894938112488,5.5028495450353745,0.04299101207058886,1.9450734613656047,0.015195886416918786,2.8196160315268957,10.0,128.0,0.9924613123942783,128.0,6.0,8.0,17.0,59.0,0.046875,0.0625,0.1328125,0.4609375,78.125,7,73.88
layer2.0.conv2,conv,20,128,1,False,128.0,0,16.0,16.0,160000,80.87741353968454,20.78053386854622,0.16234792084801736,40.58878027203404,0.31709984587526596,6.8265673868973575,0.053332557710135606,1.5852539485526294,10,128,0.9978701351233554,128,48,74,113,127,0.375,0.578125,0.8828125,0.9921875,1250.0,128.0,10000.0,7.724250303280165,3.1373556167340655,0.024510590755734887,5.592206582904376,0.04368911392894044,1.8865681500964817,0.014738813672628763,2.715147185148568,10.0,128.0,0.9784394900233303,128.0,6.0,8.0,22.0,71.0,0.046875,0.0625,0.171875,0.5546875,78.125,7,73.88
layer2.0.downsample.0,conv,21,128,1,False,64.0,0,16.0,16.0,160000,234.64993185732305,13.282021180261328,0.10376579047079162,22.506406617929077,0.1758313017025709,6.035377755144276,0.04715138871206466,11.221723232953645,10,128,0.6199602531107709,96,25,36,54,63,0.1953125,0.28125,0.421875,0.4921875,1250.0,128.0,10000.0,17.600978585425608,4.072339609162963,0.03181515319658565,6.853972917727734,0.053546663419747925,2.2673314565429163,0.017713527004241534,10.229594105617142,10.0,128.0,0.6777494963941162,97.0,7.0,9.0,24.0,51.0,0.0546875,0.0703125,0.1875,0.3984375,78.125,7,73.88
layer2.0,block,22,128,1,False,,0,16.0,16.0,160000,88.50003758585318,22.587948439203974,0.17646834718128104,45.92908696232212,0.35882099189314154,7.9090251975546835,0.061789259355895965,1.227418520078081,10,128,0.9984348291251758,128,64,89,118,127,0.5,0.6953125,0.921875,0.9921875,1250.0,128.0,10000.0,7.10816543926285,4.38911252718662,0.034289941618645466,8.271384884091345,0.06462019440696364,2.3510593272939135,0.0183676509944837,1.9561812852009712,10.0,128.0,0.9962148431584418,128.0,8.0,13.0,50.0,111.0,0.0625,0.1015625,0.390625,0.8671875,78.125,7,73.88
layer2.1.conv1,conv,23,128,1,False,128.0,0,16.0,16.0,160000,211.99877021713024,22.27716510903372,0.17404035241432594,42.21971816109905,0.32984154813358635,7.383030969199089,0.05767992944686788,1.5301927852389925,10,128,0.9987721520401136,128,51,77,114,127,0.3984375,0.6015625,0.890625,0.9921875,1250.0,128.0,10000.0,18.191624526303745,3.918292964093978,0.030611663781984204,6.893316450563408,0.05385403477002663,2.1880141692296893,0.017093860697106947,2.723425383026513,10.0,128.0,0.9783212226592595,128.0,7.0,10.0,27.0,78.0,0.0546875,0.078125,0.2109375,0.609375,78.125,7,73.88
layer2.1.conv2,conv,24,128,1,False,128.0,0,16.0,16.0,160000,73.77437601650503,22.782296507630083,0.17798669146586002,43.70992308866185,0.3414837741301707,7.937840721719274,0.06201438063843183,1.3961907838304914,10,128,0.9986135958949974,128,56,82,116,127,0.4375,0.640625,0.90625,0.9921875,1250.0,128.0,10000.0,6.059634323233951,4.320280366581442,0.033752190363917516,7.793190288956121,0.0608842991324697,2.3255610412427927,0.018168445634709318,2.7882492048605,10.0,128.0,0.972067347129698,128.0,8.0,12.0,33.0,82.0,0.0625,0.09375,0.2578125,0.640625,78.125,7,73.88
layer2.1,block,25,128,1,False,,0,16.0,16.0,160000,148.61039503057287,24.36106600679717,0.1903208281781029,48.74362141488277,0.3808095423037716,8.117731816275803,0.06341977981465471,1.2009431259853804,10,128,0.9983358347992725,128,67,91,119,128,0.5234375,0.7109375,0.9296875,1.0,1250.0,128.0,10000.0,11.716825929602638,4.856926156182783,0.03794473559517799,9.231004501272261,0.07211722266618954,2.4978475363259536,0.019514433877546512,1.9594838057108939,10.0,128.0,0.9969345953001836,128.0,9.0,15.0,54.0,113.0,0.0703125,0.1171875,0.421875,0.8828125,78.125,7,73.88
layer2.2.conv1,conv,26,128,1,False,128.0,0,16.0,16.0,160000,337.72546702107354,22.918799693852957,0.17905312260822623,41.80994321587918,0.3266401813740561,8.622734428186702,0.0673651127202086,1.5170639787267384,10,128,0.9987305810224557,128,50,76,114,127,0.390625,0.59375,0.890625,0.9921875,1250.0,128.0,10000.0,27.561879106826026,4.65343705823482,0.03635497701745953,7.919863297195605,0.06187393200934067,2.4827424494959716,0.019396425386687278,2.790258764426434,10.0,128.0,0.9786146455903602,128.0,7.0,11.0,30.0,80.0,0.0546875,0.0859375,0.234375,0.625,78.125,7,73.88
layer2.2.conv2,conv,27,128,1,False,128.0,0,16.0,16.0,160000,69.21397742265037,22.492559049028912,0.17572311757053838,42.739025517299076,0.33389863685389903,8.789245187914155,0.06866597803057933,1.3738583346873363,10,128,0.9986159487437336,128,55,82,116,127,0.4296875,0.640625,0.90625,0.9921875,1250.0,128.0,10000.0,5.965486135482445,4.590072114553983,0.035859938394952995,7.994445260322242,0.062456603596267514,2.4684438536422677,0.019284717606580216,2.7852041847900795,10.0,128.0,0.9668891146470966,128.0,8.0,12.0,35.0,83.0,0.0625,0.09375,0.2734375,0.6484375,78.125,7,73.88
layer2.2,block,28,128,1,False,,0,16.0,16.0,160000,223.53979056868081,25.3609012782107,0.1981320412360211,49.08508002048545,0.3834771876600426,8.82700499126657,0.06896097649427008,1.2162821264593555,10,128,0.9981475587767777,128,66,91,119,128,0.515625,0.7109375,0.9296875,1.0,1250.0,128.0,10000.0,18.182932168416148,5.008988704909732,0.03913272425710728,9.547245997384229,0.07458785935456429,2.5550674197123655,0.019961464216502856,1.9721791697729212,10.0,128.0,0.9971466569382419,128.0,9.0,16.0,56.0,113.0,0.0703125,0.125,0.4375,0.8828125,78.125,7,73.88
layer2.3.conv1,conv,29,128,1,False,128.0,0,16.0,16.0,160000,492.3505169372595,20.00280343912892,0.15627190186819467,38.92827739885589,0.30412716717856164,7.314800932615215,0.05714688228605637,1.4994453774799172,10,128,0.9984886757191824,128,49,75,114,127,0.3828125,0.5859375,0.890625,0.9921875,1250.0,128.0,10000.0,45.03444206666575,4.019070335204583,0.03139898699378581,7.146193825946613,0.05582963926520791,2.2223532786758677,0.017362134989655217,2.764533197775446,10.0,128.0,0.9753938878305147,128.0,7.0,11.0,30.0,79.0,0.0546875,0.0859375,0.234375,0.6171875,78.125,7,73.88
layer2.3.conv2,conv,30,128,1,False,128.0,0,16.0,16.0,160000,61.614746466913495,18.26021737524519,0.14265794824410305,40.48510424115574,0.3162898768840292,5.993414466699719,0.04682355052109156,1.342817188122885,10,128,0.9986663634065396,128,57,83,116,127,0.4453125,0.6484375,0.90625,0.9921875,1250.0,128.0,10000.0,6.528655583782577,3.0330020877080686,0.023695328810219286,5.953903484113266,0.04651487096963489,1.8315546091854258,0.014309020384261139,2.7445112738297937,10.0,128.0,0.9638700842834989,128.0,7.0,11.0,34.0,83.0,0.0546875,0.0859375,0.265625,0.6484375,78.125,7,73.88
layer2.3,block,31,128,1,False,,0,16.0,16.0,160000,306.54177589677283,24.581067347377342,0.19203958865138548,48.084132295813816,0.37565728356104544,8.730340982631416,0.06820578892680794,1.2284522564937999,10,128,0.9984220083961991,128,65,90,119,127,0.5078125,0.703125,0.9296875,0.9921875,1250.0,128.0,10000.0,25.85640661334825,5.139186098691755,0.040149891396029334,9.829749688954701,0.0767949194449586,2.6060848691736127,0.02036003804041885,2.0066808271347876,10.0,128.0,0.9979224313169829,128.0,10.0,17.0,57.0,113.0,0.078125,0.1328125,0.4453125,0.8828125,78.125,7,73.88
layer2.4.conv1,conv,32,128,1,False,128.0,0,16.0,16.0,160000,642.762085417775,20.37941185523695,0.15921415511903866,39.17032828184588,0.30601818970192096,7.534745573897729,0.05886519979607601,1.5174368907247324,10,128,0.9989590957015193,128,48,75,113,127,0.375,0.5859375,0.8828125,0.9921875,1250.0,128.0,10000.0,58.875269069048954,4.431203080413518,0.034618774065730606,7.745440194283961,0.060511251517843444,2.403822498369768,0.018779863268513813,2.8225313910271184,10.0,128.0,0.9718365057708609,128.0,7.0,11.0,31.0,80.0,0.0546875,0.0859375,0.2421875,0.625,78.125,7,73.88
layer2.4.conv2,conv,33,128,1,False,128.0,0,16.0,16.0,160000,65.11364325064034,18.27170584494126,0.1427477019136036,39.54480559965615,0.3089437937473137,6.327680239333337,0.049435001869791696,1.374083674183815,10,128,0.9984700541722589,128,55,81,116,127,0.4296875,0.6328125,0.90625,0.9921875,1250.0,128.0,10000.0,6.72995823473034,3.5201328747883616,0.027501038084284075,6.804000047488437,0.05315625037100341,2.0225656266058367,0.0158012939578581,2.8323940593895114,10.0,128.0,0.962223927803388,128.0,8.0,12.0,35.0,83.0,0.0625,0.09375,0.2734375,0.6484375,78.125,7,73.88
layer2.4,block,34,128,1,False,,0,16.0,16.0,160000,388.7182433511468,24.919168758412113,0.19468100592509463,48.137336631507516,0.37607294243365247,9.38792463633471,0.07334316122136492,1.2426646581888787,10,128,0.9985678459244514,128,64,90,119,127,0.5,0.703125,0.9296875,0.9921875,1250.0,128.0,10000.0,32.406194646570825,6.000769522077973,0.04688101189123416,10.960516379325133,0.0856290342134776,2.998116081394319,0.023422781885893116,2.033152108081416,10.0,128.0,0.9980673810312652,128.0,11.0,18.0,59.0,114.0,0.0859375,0.140625,0.4609375,0.890625,78.125,7,73.88
layer2.5.conv1,conv,35,128,1,False,128.0,0,16.0,16.0,160000,795.4183102209726,19.63371740823926,0.15338841725186922,38.508175330079965,0.3008451197662497,7.6463855071163485,0.05973738677434647,1.490283852654303,10,128,0.9987889326739147,128,49,75,114,127,0.3828125,0.5859375,0.890625,0.9921875,1250.0,128.0,10000.0,74.170985481857,4.753059238651301,0.03713327530196329,8.152386869801362,0.06369052242032314,2.5909542113731705,0.020241829776352895,2.867238197615674,10.0,128.0,0.9777094000241472,128.0,8.0,12.0,33.0,81.0,0.0625,0.09375,0.2578125,0.6328125,78.125,7,73.88
layer2.5.conv2,conv,36,128,1,False,128.0,0,16.0,16.0,160000,61.812139458432576,18.785066005153617,0.14675832816526263,39.96103400703657,0.3121955781799732,6.619825496088657,0.05171738668819263,1.364161194616719,10,128,0.9979589086564119,128,55,81,116,127,0.4296875,0.6328125,0.90625,0.9921875,1250.0,128.0,10000.0,6.551774050010478,4.169751735062657,0.032576185430177006,7.6003741549609085,0.0593779230856321,2.363705491713369,0.018466449154010696,2.8819586427669326,10.0,128.0,0.966787086650755,128.0,8.0,13.0,36.0,83.0,0.0625,0.1015625,0.28125,0.6484375,78.125,7,73.88
layer2.5,block,37,128,1,False,,0,16.0,16.0,160000,466.0607081249078,26.190375677853194,0.20461230998322807,49.35127480036885,0.38555683437788163,9.711068494592125,0.07586772261400097,1.2536395058490262,10,128,0.9981649183229794,128,65,90,119,127,0.5078125,0.703125,0.9296875,0.9921875,1250.0,128.0,10000.0,37.83792084880484,6.687140205967561,0.05224328285912157,12.011290796154151,0.09383820934495431,3.3252487461315674,0.02597850582915287,2.048269782551197,10.0,128.0,0.99807335682717,128.0,12.0,20.0,62.0,115.0,0.09375,0.15625,0.484375,0.8984375,78.125,7,73.88
layer3.0.conv1,conv,38,256,1,False,256.0,0,8.0,8.0,160000,1741.122186551432,18.960376822239986,0.07406397196187495,37.848263995455525,0.14784478123224815,8.03712763381022,0.03139502981957117,1.6740592322904806,10,256,0.9959657247368536,256,44,87,192,247,0.171875,0.33984375,0.75,0.96484375,625.0,256.0,10000.0,172.20074557032586,6.203523526867377,0.02423251377682569,10.183246929741337,0.0397783083193021,3.3187378706869484,0.012963819807370892,2.226160399856448,10.0,256.0,0.9894262571634406,256.0,9.0,14.0,50.0,168.0,0.03515625,0.0546875,0.1953125,0.65625,39.0625,7,73.88
layer3.0.conv2,conv,39,256,1,False,256.0,0,8.0,8.0,160000,159.617510502308,31.716437508077902,0.1238923340159293,63.34927435708504,0.24745810295736342,10.904661074143245,0.04259633232087205,1.5042867970021876,10,256,0.9973861888234754,256,80,134,221,252,0.3125,0.5234375,0.86328125,0.984375,625.0,256.0,10000.0,15.741563823153243,6.630728182589412,0.025901281963239892,11.475061111769397,0.04482445746784921,3.5628870298745747,0.013917527460447558,2.22081101457006,10.0,256.0,0.9835096665247963,256.0,11.0,18.0,70.0,184.0,0.04296875,0.0703125,0.2734375,0.71875,39.0625,7,73.88
layer3.0.downsample.0,conv,40,256,1,False,128.0,0,8.0,8.0,160000,583.6339751228595,20.368933399915637,0.07956614609342046,37.85247392313418,0.14786122626224288,8.33273534599198,0.03254974744528117,8.680357625160795,10,256,0.5519537634083954,188,47,70,106,125,0.18359375,0.2734375,0.4140625,0.48828125,625.0,256.0,10000.0,55.69459940108727,6.195123061163427,0.024199699457669636,11.310091068123441,0.04418004323485719,3.069217450041029,0.01198913066422277,8.2880331590245,10.0,256.0,0.6052309490416751,191.0,11.0,19.0,63.0,112.0,0.04296875,0.07421875,0.24609375,0.4375,39.0625,7,73.88
layer3.0,block,41,256,1,False,,0,8.0,8.0,160000,163.17284977504866,37.899013437834576,0.1480430212415413,84.15911787909018,0.328746554215196,11.659638476868672,0.04554546280026825,1.1482691148618063,10,256,0.9976320207375738,256,129,179,238,254,0.50390625,0.69921875,0.9296875,0.9921875,625.0,256.0,10000.0,14.763816345353266,8.126862319845477,0.031745555936896395,17.0245563737365,0.06650217333490821,3.820639716265232,0.014924373891661062,1.5445964303744042,10.0,256.0,0.995337227889122,256.0,19.0,47.0,161.0,242.0,0.07421875,0.18359375,0.62890625,0.9453125,39.0625,7,73.88
layer3.1.conv1,conv,42,256,1,False,256.0,0,8.0,8.0,160000,349.7733522324873,37.45100839437768,0.14629300154053781,74.02674863284022,0.2891669868470321,12.898166720899347,0.050383463753513075,1.3983926157158992,10,256,0.9965308387092313,256,97,153,229,253,0.37890625,0.59765625,0.89453125,0.98828125,625.0,256.0,10000.0,31.934387679859647,8.095721586840535,0.03162391244859584,14.32664687284913,0.055963464347066914,4.353651596062236,0.01700645154711811,2.1661287391457735,10.0,256.0,0.9806128215232668,256.0,13.0,24.0,92.0,199.0,0.05078125,0.09375,0.359375,0.77734375,39.0625,7,73.88
layer3.1.conv2,conv,43,256,1,False,256.0,0,8.0,8.0,160000,126.11147948553192,37.00690677916701,0.14455822960612114,77.26196942659044,0.3018045680726189,11.590253890620229,0.04527442926023527,1.3029366840302432,10,256,0.996116695757519,256,109,165,233,254,0.42578125,0.64453125,0.91015625,0.9921875,625.0,256.0,10000.0,11.652542145344919,8.82529346158968,0.03447380258433469,15.900045769567312,0.06210955378737231,4.9139230851458064,0.019195012051350806,2.186617102114992,10.0,256.0,0.9767676392192866,256.0,15.0,28.0,101.0,203.0,0.05859375,0.109375,0.39453125,0.79296875,39.0625,7,73.88
layer3.1,block,44,256,1,False,,0,8.0,8.0,160000,269.8371054833154,42.44976916784187,0.1658194108118823,91.68749066248284,0.3581542604003236,11.86049171498695,0.04633004576166777,1.1279135304720402,10,256,0.9962291872973095,256,136,186,240,255,0.53125,0.7265625,0.9375,0.99609375,625.0,256.0,10000.0,24.29038951165914,9.557003352552895,0.03733204434590975,19.475469150040613,0.07607605136734615,4.62586225482317,0.01806977443290301,1.570126234114106,10.0,256.0,0.9949062919021678,256.0,22.0,51.0,166.0,243.0,0.0859375,0.19921875,0.6484375,0.94921875,39.0625,7,73.88
layer3.2.conv1,conv,45,256,1,False,256.0,0,8.0,8.0,160000,530.3038905827243,37.02230762800977,0.14461838917191316,74.60930607419476,0.2914426018523233,11.794806273160804,0.04607346200453439,1.372713771471459,10,256,0.9972934015464717,256,100,156,230,254,0.390625,0.609375,0.8984375,0.9921875,625.0,256.0,10000.0,47.070617980982114,8.656678635616565,0.03381515092037721,15.769370232373994,0.061599102470210915,4.44568951247035,0.017365974658087306,2.199194154479452,10.0,256.0,0.9794125733573739,256.0,15.0,27.0,98.0,202.0,0.05859375,0.10546875,0.3828125,0.7890625,39.0625,7,73.88
layer3.2.conv2,conv,46,256,1,False,256.0,0,8.0,8.0,160000,112.70838112261077,37.52588315478453,0.14658548107337707,79.70277654722372,0.31133897088759266,11.429713430262609,0.04464731808696332,1.2657324129418945,10,256,0.995680994569488,256,115,169,234,254,0.44921875,0.66015625,0.9140625,0.9921875,625.0,256.0,10000.0,10.627364414558908,7.772733534911255,0.03036224037074709,15.376951604189317,0.06006621720386452,4.004838873745384,0.015643901850567906,2.1798040970741686,10.0,256.0,0.9702788004872266,256.0,17.0,31.0,107.0,205.0,0.06640625,0.12109375,0.41796875,0.80078125,39.0625,7,73.88
layer3.2,block,47,256,1,False,,0,8.0,8.0,160000,398.9404865431596,43.53723465668499,0.17006732287767573,92.36330522447587,0.36079416103310885,12.097850721401798,0.047257229380475774,1.1424075175005892,10,256,0.9954486375270152,256,135,185,240,255,0.52734375,0.72265625,0.9375,0.99609375,625.0,256.0,10000.0,36.8533869980237,9.633665623967024,0.03763150634362119,19.8789686466662,0.07765222127603984,4.697022233675746,0.018347743100295882,1.6038734599888742,10.0,256.0,0.9942287566293466,256.0,22.0,52.0,165.0,243.0,0.0859375,0.203125,0.64453125,0.94921875,39.0625,7,73.88
layer3.3.conv1,conv,48,256,1,False,256.0,0,8.0,8.0,160000,734.0740773568914,36.980184296384095,0.14445384490775037,74.72843330904561,0.2919079426134594,12.39160848767335,0.048404720654974025,1.3548107721175886,10,256,0.9972051034122512,256,102,158,230,254,0.3984375,0.6171875,0.8984375,0.9921875,625.0,256.0,10000.0,67.94393188940137,7.770779137502506,0.030354606005869166,15.103722980721379,0.05899891789344289,3.996251515650741,0.015610357483010708,2.2057468089611247,10.0,256.0,0.9788633621605055,256.0,15.0,28.0,99.0,203.0,0.05859375,0.109375,0.38671875,0.79296875,39.0625,7,73.88
layer3.3.conv2,conv,49,256,1,False,256.0,0,8.0,8.0,160000,103.14946161240931,37.3348797340814,0.14583937396125546,81.60650805637506,0.3187754220952151,10.669335932010542,0.04167709348441618,1.2284670469631602,10,256,0.9962790422526882,256,120,173,235,254,0.46875,0.67578125,0.91796875,0.9921875,625.0,256.0,10000.0,10.523472338950201,7.052570756781715,0.027549104518678574,14.57051334949445,0.05691606777146269,3.5212034628925992,0.013754701026924216,2.1717432657489932,10.0,256.0,0.9656332625670843,256.0,16.0,31.0,108.0,204.0,0.0625,0.12109375,0.421875,0.796875,39.0625,7,73.88
layer3.3,block,50,256,1,False,,0,8.0,8.0,160000,531.6627856866188,43.40950922482725,0.16956839540948143,92.05254120684009,0.3595802390892191,11.917124682472304,0.04655126829090744,1.1511040036185978,10,256,0.9946024614953342,256,134,185,240,255,0.5234375,0.72265625,0.9375,0.99609375,625.0,256.0,10000.0,51.481259675005546,9.531721760992161,0.03723328812887563,19.668117562744147,0.07682858422946932,4.8315118296327695,0.018873093084503006,1.6156231459987602,10.0,256.0,0.9936583150452228,256.0,22.0,51.0,163.0,243.0,0.0859375,0.19921875,0.63671875,0.94921875,39.0625,7,73.88
layer3.4.conv1,conv,51,256,1,False,256.0,0,8.0,8.0,160000,925.9482066352748,35.471123789047134,0.13855907730096537,74.26109328455037,0.2900823956427749,11.16901005240014,0.043628945517188045,1.3365867632209594,10,256,0.9979092337967842,256,104,159,231,254,0.40625,0.62109375,0.90234375,0.9921875,625.0,256.0,10000.0,92.13308180849631,7.936964363140285,0.031003767043516737,14.985939901042096,0.05853882773844569,4.183093114416762,0.016340207478190476,2.206206087991155,10.0,256.0,0.975904674867286,256.0,15.0,27.0,99.0,201.0,0.05859375,0.10546875,0.38671875,0.78515625,39.0625,7,73.88
layer3.4.conv2,conv,52,256,1,False,256.0,0,8.0,8.0,160000,98.73999203996843,38.60725452736279,0.1508095879975109,82.2718845343653,0.32137454896236445,11.713834265850142,0.04575716510097712,1.2135136714469017,10,256,0.9955494131701021,256,122,175,236,254,0.4765625,0.68359375,0.921875,0.9921875,625.0,256.0,10000.0,10.507769405662044,7.8066133368182005,0.030494583346946096,14.903244164645688,0.05821579751814722,4.228508117894589,0.016517609835525738,2.1505780217949435,10.0,256.0,0.9615417271730557,256.0,16.0,32.0,108.0,204.0,0.0625,0.125,0.421875,0.796875,39.0625,7,73.88
layer3.4,block,53,256,1,False,,0,8.0,8.0,160000,674.1623848634056,42.52083350731119,0.16609700588793433,90.51156905337713,0.3535608166147544,11.594993367585055,0.04529294284212912,1.1600347201520445,10,256,0.9941940076618696,256,132,184,239,255,0.515625,0.71875,0.93359375,0.99609375,625.0,256.0,10000.0,67.79059877953864,9.894273990731019,0.03864950777629304,19.944226492483672,0.07790713473626434,5.1291900524896965,0.020035898642537877,1.6278003209663712,10.0,256.0,0.9933623578581694,256.0,22.0,49.0,161.0,242.0,0.0859375,0.19140625,0.62890625,0.9453125,39.0625,7,73.88
layer3.5.conv1,conv,54,256,1,False,256.0,0,8.0,8.0,160000,1149.4244008964279,33.94623087359573,0.13260246434998332,72.50801381841949,0.2832344289782011,9.846195182109689,0.03846169993011597,1.3401112434403117,10,256,0.9971567585758837,256,103,158,230,254,0.40234375,0.6171875,0.8984375,0.9921875,625.0,256.0,10000.0,117.15930600533821,8.252046759561486,0.032234557654537054,15.223764237685028,0.05946782905345714,4.366371810357146,0.0170561398842076,2.2069969332459523,10.0,256.0,0.9735598826489335,256.0,15.0,27.0,99.0,200.0,0.05859375,0.10546875,0.38671875,0.78125,39.0625,7,73.88
layer3.5.conv2,conv,55,256,1,False,256.0,0,8.0,8.0,160000,97.05884482363619,33.5107939944453,0.13090153904080196,78.63064316932622,0.30715094988018055,8.906777429881906,0.034792099335476195,1.2073903170815323,10,256,0.9962323008726901,256,121,174,236,254,0.47265625,0.6796875,0.921875,0.9921875,625.0,256.0,10000.0,10.271834689585509,8.020612118361877,0.03133051608735108,15.507326408666206,0.060575493783852366,3.9069578163213907,0.015261553970005432,2.1614852802851336,10.0,256.0,0.9585469602879254,256.0,16.0,33.0,109.0,204.0,0.0625,0.12890625,0.42578125,0.796875,39.0625,7,73.88
layer3.5,block,56,256,1,False,,0,8.0,8.0,160000,807.3329937876548,42.33233748715089,0.16536069330918315,90.26011487043743,0.3525785737126462,11.676421528780319,0.04561102159679812,1.162230686688176,10,256,0.9945228613413244,256,132,183,239,255,0.515625,0.71484375,0.93359375,0.99609375,625.0,256.0,10000.0,84.81628667554885,10.135624054512675,0.03959228146294014,20.037521821343233,0.078271569614622,5.244536127099763,0.02048646924648345,1.632195055045991,10.0,256.0,0.9938035873434863,256.0,21.0,49.0,160.0,242.0,0.08203125,0.19140625,0.625,0.9453125,39.0625,7,73.88
layer4.0.conv1,conv,57,512,1,False,512.0,0,4.0,4.0,160000,2274.4587647304743,26.19261044444339,0.051157442274303494,62.748363827415695,0.12255539810042128,8.639058345763871,0.01687316083157006,1.451703352826282,10,512,0.9924324754615257,512,95,200,404,497,0.185546875,0.390625,0.7890625,0.970703125,312.5,512.0,10000.0,297.6847749065819,8.7130810872183,0.017017736498473244,17.525738601516146,0.03422995820608622,4.508334865044831,0.008805341533290685,1.6723441537115107,10.0,512.0,0.9805411323283527,512.0,17.0,44.0,226.0,440.0,0.033203125,0.0859375,0.44140625,0.859375,19.53125,7,73.88
layer4.0.conv2,conv,58,512,1,False,512.0,0,4.0,4.0,160000,245.0069310101727,25.82894240525553,0.050447153135264704,72.70639574877592,0.14200467919682797,8.367598446874867,0.016342965716552475,1.3283391213024578,10,512,0.9945470867298907,512,129,249,437,504,0.251953125,0.486328125,0.853515625,0.984375,312.5,512.0,10000.0,34.76154111697252,7.067543647578013,0.013803796186675807,14.728034435344203,0.028765692256531646,3.67732342934694,0.007182272322943242,1.6519436209003446,10.0,512.0,0.9748328904371675,512.0,15.0,40.0,218.0,434.0,0.029296875,0.078125,0.42578125,0.84765625,19.53125,7,73.88
layer4.0.downsample.0,conv,59,512,1,False,256.0,0,4.0,4.0,160000,947.4901753893464,31.116619503165918,0.06077464746712093,67.69569809953764,0.13221816035065945,9.368078076462487,0.018297027493090794,7.048105421088659,10,512,0.5133474969681522,371,96,144,215,250,0.1875,0.28125,0.419921875,0.48828125,312.5,512.0,10000.0,127.27239296559854,9.921451475383638,0.019377834912858667,21.545919525546275,0.04208187407333257,4.979150206859806,0.00972490274777306,6.663289846413934,10.0,512.0,0.5494599942710198,383.0,29.0,71.0,174.0,240.0,0.056640625,0.138671875,0.33984375,0.46875,19.53125,7,73.88
layer4.0,block,60,512,1,False,,0,4.0,4.0,160000,271.8049106237458,44.9377688842601,0.08776907985207051,125.78767282756651,0.24567904849134084,10.930545369206206,0.02134872142423087,1.1136106192215631,10,512,0.9951869748002704,512,236,344,470,508,0.4609375,0.671875,0.91796875,0.9921875,312.5,512.0,10000.0,39.514786144538384,10.39666523303781,0.020305986783276973,26.061848241369525,0.05090204734642485,5.167229346739742,0.010092244817851058,1.2143266017495136,10.0,512.0,0.9914886802672823,512.0,50.0,147.0,383.0,496.0,0.09765625,0.287109375,0.748046875,0.96875,19.53125,7,73.88
layer4.1.conv1,conv,61,512,1,False,512.0,0,4.0,4.0,160000,437.5839394743416,32.62323619731512,0.0637172581978811,91.86286902432211,0.17941966606312912,10.714266129281036,0.020926301033752023,1.229717566408922,10,512,0.9949453817392772,512,176,296,454,506,0.34375,0.578125,0.88671875,0.98828125,312.5,512.0,10000.0,63.41721637132405,8.106900494772876,0.015833790028853274,17.146776316503104,0.033489797493170124,4.220904378136109,0.008243953863547088,1.5962923119466752,10.0,512.0,0.9713456806347175,512.0,18.0,60.0,252.0,450.0,0.03515625,0.1171875,0.4921875,0.87890625,19.53125,7,73.88
layer4.1.conv2,conv,62,512,1,False,512.0,0,4.0,4.0,160000,237.4697223924369,15.042505461198438,0.0293798934789032,51.13901261062582,0.09988088400512855,5.388005629896242,0.010523448495891099,1.2051234979174597,10,512,0.9919899062806972,512,122,249,439,504,0.23828125,0.486328125,0.857421875,0.984375,312.5,512.0,10000.0,46.8718667198007,4.202095871259726,0.008207218498554152,9.052440513669929,0.01768054787826158,2.267667949160292,0.004429038963203695,1.6227176098260518,10.0,512.0,0.965836798497912,512.0,9.0,19.0,167.0,405.0,0.017578125,0.037109375,0.326171875,0.791015625,19.53125,7,73.88
layer4.1,block,63,512,1,False,,0,4.0,4.0,160000,413.22401715885087,30.405977730963254,0.059386675255787606,100.93022005201195,0.19712933603908583,7.440513063167012,0.01453225207649807,1.1056709422966102,10,512,0.9928471772391886,512,217,332,467,507,0.423828125,0.6484375,0.912109375,0.990234375,312.5,512.0,10000.0,79.94518124789096,6.904430345424379,0.013485215518406991,15.999251762108695,0.031248538597868546,3.319110177682017,0.006482637065785189,1.2237719768155633,10.0,512.0,0.9904302416835816,512.0,18.0,75.0,327.0,486.0,0.03515625,0.146484375,0.638671875,0.94921875,19.53125,7,73.88
layer4.2.conv1,conv,64,512,1,False,512.0,0,4.0,4.0,160000,697.3408465787644,15.657348792333105,0.030580759360025595,55.2066514093545,0.1078254910338955,5.548961985341846,0.010837816377620792,1.224367408414137,10,512,0.9947014999109056,512,131,256,441,504,0.255859375,0.5,0.861328125,0.984375,312.5,512.0,10000.0,128.5603650489273,3.824498269522704,0.007469723182661531,9.106326992427025,0.017785794907084033,2.0847763359140257,0.004071828781082081,1.6070241355576542,10.0,512.0,0.9683137325010848,512.0,10.0,25.0,186.0,418.0,0.01953125,0.048828125,0.36328125,0.81640625,19.53125,7,73.88
layer4.2.conv2,conv,65,512,1,False,512.0,0,4.0,4.0,160000,270.93625433465087,5.521318065871281,0.010783824347404845,19.674956909222338,0.03842765021332488,2.6094172411575385,0.005096518049135817,1.2199891109812473,10,512,0.9921380978376935,512,53,150,395,498,0.103515625,0.29296875,0.771484375,0.97265625,312.5,512.0,10000.0,78.74468295631789,1.5582758497108231,0.0030435075189664514,2.9163648279546894,0.005696025054599003,1.2531252584524577,0.0024475102704149564,1.6542442652536948,10.0,512.0,0.9617149061707098,512.0,4.0,8.0,60.0,316.0,0.0078125,0.015625,0.1171875,0.6171875,19.53125,7,73.88
layer4.2,block,66,512,1,False,,0,4.0,4.0,160000,531.5885110088186,17.299669589346674,0.03378841716669272,73.6786648936625,0.14390364237043457,4.750616021769474,0.009278546917518504,1.1258151782164578,10,512,0.9920111745027652,512,186,309,460,507,0.36328125,0.603515625,0.8984375,0.990234375,312.5,512.0,10000.0,134.53059053421325,3.878286555375928,0.0075747784284686094,9.49165088710311,0.01853838063887326,2.1019205411318067,0.00410531355689806,1.235394360714274,10.0,512.0,0.9904363259921217,512.0,10.0,32.0,260.0,472.0,0.01953125,0.0625,0.5078125,0.921875,19.53125,7,73.88
layer4.3.conv1,conv,67,512,1,False,512.0,0,4.0,4.0,160000,939.2738639356527,8.915685392548015,0.017413448032320342,34.51769522487483,0.06741737348608365,3.5779441309792186,0.006988172130818786,1.2258046020580735,10,512,0.9950851636237191,512,96,215,425,502,0.1875,0.419921875,0.830078125,0.98046875,312.5,512.0,10000.0,227.35461950355722,2.108735341590687,0.004118623714044311,4.71144784017823,0.009202046562848105,1.4711721664653403,0.002873383137627618,1.615905983741499,10.0,512.0,0.9684977432314306,512.0,7.0,11.0,121.0,377.0,0.013671875,0.021484375,0.236328125,0.736328125,19.53125,7,73.88
layer4.3.conv2,conv,68,512,1,False,512.0,0,4.0,4.0,160000,287.3982555295694,3.471816307719014,0.006780891226013699,10.25270412032457,0.020024812735008925,1.9855264706616733,0.0038779813880110807,1.2155588319891353,10,512,0.9936376726343285,512,24,80,344,490,0.046875,0.15625,0.671875,0.95703125,312.5,512.0,10000.0,109.66732580159729,1.2032974637934069,0.0023501903589714978,1.74519067511646,0.003408575537336836,1.0975428580093034,0.0021436383945494207,1.679126907227584,10.0,512.0,0.9636080554231925,512.0,1.0,4.0,16.0,233.0,0.001953125,0.0078125,0.03125,0.455078125,19.53125,7,73.88
layer4.3,block,69,512,1,False,,0,4.0,4.0,160000,645.0550717409569,9.985596996466876,0.019503119133724368,51.08103309919117,0.09976764277185775,3.3598063762952965,0.006562121828701751,1.1365133269130412,10,512,0.9916366661911562,512,155,282,452,506,0.302734375,0.55078125,0.8828125,0.98828125,312.5,512.0,10000.0,203.8554507706099,2.6116290877429233,0.005100838061997897,6.181893138815227,0.012074010036748491,1.6561392102029595,0.0032346468949276553,1.2469388093794604,10.0,512.0,0.9904095190914415,512.0,8.0,14.0,194.0,455.0,0.015625,0.02734375,0.37890625,0.888671875,19.53125,7,73.88
layer4.4.conv1,conv,70,512,1,False,512.0,0,4.0,4.0,160000,1207.215858137125,6.432355459482245,0.01256319425680126,23.504234673880255,0.04590670834742237,2.9509596554196187,0.005763593076991443,1.2340381755397554,10,512,0.9949425466392503,512,68,173,406,499,0.1328125,0.337890625,0.79296875,0.974609375,312.5,512.0,10000.0,347.52192340725577,1.639681742032704,0.003202503402407625,3.221226059072974,0.006291457146626903,1.2866974099240693,0.002513080878757948,1.6270344773582988,10.0,512.0,0.968813029155882,512.0,5.0,8.0,76.0,340.0,0.009765625,0.015625,0.1484375,0.6640625,19.53125,7,73.88
layer4.4.conv2,conv,71,512,1,False,512.0,0,4.0,4.0,160000,279.0503630031391,2.9045680929730775,0.005672984556588042,7.645524510649717,0.014932665059862729,1.7874165085648006,0.003491047868290626,1.226278537903347,10,512,0.9935473574076091,512,14,49,301,482,0.02734375,0.095703125,0.587890625,0.94140625,312.5,512.0,10000.0,120.47246057977432,1.1188317409949902,0.00218521824413084,1.4526336687929016,0.002837175134361136,1.057950317087527,0.0020663092130615763,1.6825260102197988,10.0,512.0,0.9645534986779751,512.0,1.0,2.0,10.0,183.0,0.001953125,0.00390625,0.01953125,0.357421875,19.53125,7,73.88
layer4.4,block,72,512,1,False,,0,4.0,4.0,160000,784.9567595420244,6.157963538286608,0.012027272535716031,33.59693834337645,0.06561902020190713,2.5563673652407006,0.004992905010235743,1.1469805951815335,10,512,0.9910345941233148,512,120,249,441,504,0.234375,0.486328125,0.861328125,0.984375,312.5,512.0,10000.0,301.24847979326813,1.9510811710129994,0.0038107054121347644,4.190176865452324,0.00818393919033657,1.4110136205553379,0.0027558859776471442,1.254961001070627,10.0,512.0,0.9903789073697101,512.0,6.0,9.0,129.0,432.0,0.01171875,0.017578125,0.251953125,0.84375,19.53125,7,73.88
layer4.5.conv1,conv,73,512,1,False,512.0,0,4.0,4.0,160000,1504.9320035223861,4.733770510155766,0.009245645527647981,16.44987573455902,0.03212866354406058,2.395145168709565,0.004678017907635869,1.233493145892827,10,512,0.995181579174847,512,49,136,386,496,0.095703125,0.265625,0.75390625,0.96875,312.5,512.0,10000.0,535.2025439780436,1.4100706862468364,0.0027540443090758523,2.418159141484639,0.004722967073212185,1.1902889931764689,0.0023247831897977907,1.6406490232542479,10.0,512.0,0.9688225998652599,512.0,3.0,6.0,40.0,295.0,0.005859375,0.01171875,0.078125,0.576171875,19.53125,7,73.88
layer4.5.conv2,conv,74,512,1,False,512.0,0,4.0,4.0,160000,291.8087886888824,2.299313388510948,0.004490846461935445,5.444724681099175,0.010634227892771827,1.5568257928233078,0.003040675376608023,1.2313805980178922,10,512,0.9946242754652995,512,7,28,247,472,0.013671875,0.0546875,0.482421875,0.921875,312.5,512.0,10000.0,154.78690424879423,1.0768110702800828,0.0021031466216407868,1.2944420929671132,0.002528207212826393,1.0377994895785447,0.002026952128083095,1.7114186569756613,10.0,512.0,0.9661600463900326,512.0,1.0,1.0,7.0,119.0,0.001953125,0.001953125,0.013671875,0.232421875,19.53125,7,73.88
layer4.5,block,75,512,1,False,,0,4.0,4.0,160000,1006.7187694677835,3.5779330795461175,0.006988150545988511,18.297523989088162,0.03573735154118782,1.9119009578054635,0.003734181558213796,1.1512352091037699,10,512,0.9908785816029466,512,78,199,421,502,0.15234375,0.388671875,0.822265625,0.98046875,312.5,512.0,10000.0,485.9796475660037,1.5074378147554206,0.002944214481944181,2.747515221339093,0.005366240666677916,1.2319416602827555,0.002406136055239757,1.2599881238347246,10.0,512.0,0.9907821913458661,512.0,4.0,7.0,61.0,391.0,0.0078125,0.013671875,0.119140625,0.763671875,19.53125,7,73.88
fc,linear,76,10,1,False,,0,,,10000,132.725403995061,2.9639577965300115,0.2963957796530011,4.507192926365646,0.45071929263656463,1.8325299782683881,0.18325299782683882,,10,10,,10,5,6,8,9,0.5,0.6,0.8,0.9,1000.0,,,,,,,,,,,,,,,,,,,,,,,,7,73.88
conv1,conv,0,64,1,False,27.0,0,32.0,32.0,160000,21.297534782621767,2.5817393781703935,0.0403396777839124,4.2732490688908,0.06676951670141874,1.6745301100877101,0.02616453297012047,15.1482895016914,10,64,0.881991811474814,43,5,7,10,16,0.078125,0.109375,0.15625,0.25,2500.0,64.0,10000.0,5.675234310594059,1.8188591822718292,0.02841967472299733,2.188157215691006,0.034189956495171966,1.423394231275347,0.022240534863677296,8.776916355522616,10.0,64.0,0.9468943900693221,44.0,2.0,3.0,3.0,5.0,0.03125,0.046875,0.046875,0.078125,156.25,10,80.09
layer1.0.conv1,conv,1,64,1,False,64.0,0,32.0,32.0,160000,32.24240799405197,6.493156782574962,0.10145557472773378,11.789023554523338,0.18420349303942715,2.9960761217717002,0.046813689402682816,2.7539202266926734,10,64,0.9897534967689527,64,12,19,37,58,0.1875,0.296875,0.578125,0.90625,2500.0,64.0,10000.0,7.246437505014706,2.7455637754012536,0.04289943399064459,3.73537425417697,0.058365222721515155,1.82438327693514,0.028505988702111563,4.240608922421452,10.0,64.0,0.9806020449892692,64.0,4.0,4.0,7.0,16.0,0.0625,0.0625,0.109375,0.25,156.25,10,80.09
layer1.0.conv2,conv,2,64,1,False,64.0,0,32.0,32.0,160000,23.321729481812582,10.655906572681795,0.16649854019815305,17.599851651476783,0.27499768205432473,4.955526298829207,0.07743009841920635,2.2304766093644863,10,64,0.9951263059638652,64,18,27,48,62,0.28125,0.421875,0.75,0.96875,2500.0,64.0,10000.0,3.9529861275752043,3.2076054460326473,0.050118835094260114,4.461455002739415,0.06971023441780336,2.0777698245726404,0.032465153508947506,3.997531057824067,10.0,64.0,0.9760603957002298,64.0,4.0,5.0,11.0,27.0,0.0625,0.078125,0.171875,0.421875,156.25,10,80.09
layer1.0,block,3,64,1,False,,0,32.0,32.0,160000,18.422459591978615,13.57141578662351,0.21205337166599234,22.74900804040883,0.355453250631388,5.835681464254564,0.09118252287897756,1.8295719557801424,10,64,0.9855459827451896,64,25,36,55,63,0.390625,0.5625,0.859375,0.984375,2500.0,64.0,10000.0,2.2321904754469206,3.945928390061708,0.06165513109471419,6.10370803439263,0.09537043803738485,2.3751276337260148,0.03711136927696898,2.725415341246305,10.0,64.0,0.9965892350826243,64.0,5.0,9.0,21.0,49.0,0.078125,0.140625,0.328125,0.765625,156.25,10,80.09
layer1.1.conv1,conv,4,64,1,False,64.0,0,32.0,32.0,160000,51.55685625169573,12.72606305636364,0.1988447352556819,20.038304867525934,0.3130985135550927,6.02385607576114,0.09412275118376781,2.3196931082198113,10,64,0.9966235225471456,64,19,28,50,62,0.296875,0.4375,0.78125,0.96875,2500.0,64.0,10000.0,4.171142514549832,3.1729396318702197,0.04957718174797218,4.978373030926378,0.07778707860822466,1.9547794490357824,0.0305434288911841,3.848910824358373,10.0,64.0,0.9803964151350125,64.0,5.0,7.0,14.0,33.0,0.078125,0.109375,0.21875,0.515625,156.25,10,80.09
layer1.1.conv2,conv,5,64,1,False,64.0,0,32.0,32.0,160000,20.67078024533463,13.065647912978504,0.20415074864028912,21.662644281076908,0.3384788168918267,5.7204846326490335,0.08938257238514115,1.9058755468254245,10,64,0.9963647552756626,64,22,34,54,63,0.34375,0.53125,0.84375,0.984375,2500.0,64.0,10000.0,1.037002682446811,3.964837176436597,0.06195058088182183,6.066314404919779,0.09478616257687154,2.425405933323401,0.03789696770817814,3.8088768036135727,10.0,64.0,0.9725637868091481,64.0,6.0,9.0,18.0,38.0,0.09375,0.140625,0.28125,0.59375,156.25,10,80.09
layer1.1,block,6,64,1,False,,0,32.0,32.0,160000,36.39006293901101,14.764136992329808,0.23068964050515325,25.45941593749536,0.397803374023365,6.04613679041259,0.09447088735019672,1.6192196022916645,10,64,0.9927401095271322,64,29,41,57,64,0.453125,0.640625,0.890625,1.0,2500.0,64.0,10000.0,2.306753127417707,5.044346428094295,0.07881791293897336,7.73610822887237,0.12087669107613078,3.0434532889331143,0.04755395763957991,2.663342833080255,10.0,64.0,0.9977379778779186,64.0,7.0,11.0,26.0,54.0,0.109375,0.171875,0.40625,0.84375,156.25,10,80.09
layer1.2.conv1,conv,7,64,1,False,64.0,0,32.0,32.0,160000,105.08690671547046,11.738569382455838,0.18341514660087246,19.471210708710363,0.3042376673235994,5.49028349030221,0.08578567953597203,2.158108758126196,10,64,0.9965600366058119,64,20,29,51,63,0.3125,0.453125,0.796875,0.984375,2500.0,64.0,10000.0,3.7408596873581557,4.733157079896687,0.07395557937338573,6.738028028451335,0.10528168794455212,2.9431614953736336,0.045986898365213025,3.7810699149255838,10.0,64.0,0.976476393738506,64.0,6.0,9.0,18.0,38.0,0.09375,0.140625,0.28125,0.59375,156.25,10,80.09
layer1.2.conv2,conv,8,64,1,False,64.0,0,32.0,32.0,160000,17.589441713947583,15.531414828505795,0.24267835669540305,25.389648029831974,0.3967132504661246,7.352337399954847,0.11488027187429449,1.7780212302477325,10,64,0.9950615636616295,64,27,38,57,64,0.421875,0.59375,0.890625,1.0,2500.0,64.0,10000.0,0.6898582665858657,4.585134245367547,0.07164272258386792,6.967853795602818,0.10887271555629403,2.612775002772845,0.040824609418325705,3.7710331032781257,10.0,64.0,0.9764265049163515,64.0,6.0,9.0,19.0,40.0,0.09375,0.140625,0.296875,0.625,156.25,10,80.09
layer1.2,block,9,64,1,False,,0,32.0,32.0,160000,60.8809356881699,15.095335732453288,0.23586462081958262,26.2578521501552,0.410278939846175,6.091597095412065,0.09518120461581352,1.552562467863268,10,64,0.994383874851653,64,30,42,58,64,0.46875,0.65625,0.90625,1.0,2500.0,64.0,10000.0,2.760697614748664,5.935759425669021,0.09274624102607845,8.898906875724741,0.13904541993319908,3.539218836091614,0.05530029431393147,2.662154930096097,10.0,64.0,0.9974847134066999,64.0,8.0,13.0,28.0,55.0,0.125,0.203125,0.4375,0.859375,156.25,10,80.09
layer1.3.conv1,conv,10,64,1,False,64.0,0,32.0,32.0,160000,155.51799776005657,12.143438802190234,0.1897412312842224,20.399039750039623,0.3187349960943691,5.564612392826407,0.08694706863791261,2.0420514754527934,10,64,0.9969871592643824,64,21,31,53,63,0.328125,0.484375,0.828125,0.984375,2500.0,64.0,10000.0,4.615456753041487,5.239808305671325,0.08187200477611445,7.299501094938278,0.11405470460841059,3.2778936883016323,0.051217088879713005,3.589886263554065,10.0,64.0,0.9685851338151635,64.0,6.0,8.0,19.0,40.0,0.09375,0.125,0.296875,0.625,156.25,10,80.09
layer1.3.conv2,conv,11,64,1,False,64.0,0,32.0,32.0,160000,16.65102076064213,14.675185214753384,0.22929976898052162,25.352160647595348,0.3961275101186773,6.4194876290173255,0.10030449420339571,1.6368454552887333,10,64,0.9943937155702856,64,29,40,58,64,0.453125,0.625,0.90625,1.0,2500.0,64.0,10000.0,0.5874533511970221,3.7794386805971887,0.05905372938433107,6.347616834911962,0.09918151304549941,2.1542131890710543,0.03365958107923522,3.643187551586094,10.0,64.0,0.9642262862581815,64.0,6.0,9.0,19.0,41.0,0.09375,0.140625,0.296875,0.640625,156.25,10,80.09
layer1.3,block,12,64,1,False,,0,32.0,32.0,160000,89.84036471828334,15.523216885559831,0.24255026383687237,26.66602135425765,0.4166565836602758,6.523732484293318,0.1019333200670831,1.5295513377586814,10,64,0.9972341360927277,64,30,43,59,64,0.46875,0.671875,0.921875,1.0,2500.0,64.0,10000.0,3.7699083221222063,5.688307717735594,0.08887980808961865,8.745403304580282,0.1366469266340669,3.1453471862571583,0.0491460497852681,2.633211962380308,10.0,64.0,0.9970986403811835,64.0,8.0,12.0,28.0,55.0,0.125,0.1875,0.4375,0.859375,156.25,10,80.09
layer1.4.conv1,conv,13,64,1,False,64.0,0,32.0,32.0,160000,213.42907776383055,12.064937540674928,0.18851464907304574,20.570210522170388,0.3214095394089123,5.925070935516358,0.0925792333674431,1.9632612851390727,10,64,0.9961774170707147,64,22,33,54,63,0.34375,0.515625,0.84375,0.984375,2500.0,64.0,10000.0,7.568613280921937,3.6006136091702956,0.05625958764328587,5.817077847825402,0.09089184137227191,2.1063349300631335,0.03291148328223646,3.6064260396580425,10.0,64.0,0.9796861839877521,64.0,6.0,8.0,17.0,38.0,0.09375,0.125,0.265625,0.59375,156.25,10,80.09
layer1.4.conv2,conv,14,64,1,False,64.0,0,32.0,32.0,160000,18.35178498748438,13.619130542133279,0.21279891472083248,24.16603262615436,0.3775942597836619,5.322459321155557,0.08316342689305557,1.6864522428636475,10,64,0.9970993037048617,64,27,39,57,64,0.421875,0.609375,0.890625,1.0,2500.0,64.0,10000.0,0.945026199714087,2.900446054047656,0.04531946959449463,5.038182367570797,0.0787215994932937,1.7969132695757244,0.028076769837120694,3.6149600831677273,10.0,64.0,0.9796772016801638,64.0,6.0,8.0,16.0,36.0,0.09375,0.125,0.25,0.5625,156.25,10,80.09
layer1.4,block,15,64,1,False,,0,32.0,32.0,160000,119.39467543883048,16.343753374253023,0.2553711464727035,27.256966272373838,0.4258900980058412,7.243768866781022,0.11318388854345347,1.546757910558976,10,64,0.997552709821372,64,30,43,59,64,0.46875,0.671875,0.921875,1.0,2500.0,64.0,10000.0,5.659619715306101,4.841034517357717,0.07564116433371433,7.9919634448709145,0.12487442882610804,2.605126197634335,0.040705096838036484,2.619887819810533,10.0,64.0,0.998180035237008,64.0,8.0,11.0,26.0,54.0,0.125,0.171875,0.40625,0.84375,156.25,10,80.09
layer1.5.conv1,conv,16,64,1,False,64.0,0,32.0,32.0,160000,231.87199850312086,15.735377616600408,0.24586527525938137,25.056450987310296,0.39150704667672337,6.717117845284974,0.10495496633257771,2.0350508211520317,10,64,0.9972129284997201,64,25,35,55,63,0.390625,0.546875,0.859375,0.984375,2500.0,64.0,10000.0,12.118235513746885,4.16287854842659,0.06504497731916548,6.409345887474599,0.1001460294917906,2.3991047467840327,0.03748601166850051,3.7388681464593585,10.0,64.0,0.9713673705455045,64.0,6.0,8.0,16.0,37.0,0.09375,0.125,0.25,0.578125,156.25,10,80.09
layer1.5.conv2,conv,17,64,1,False,64.0,0,32.0,32.0,160000,17.890395317909732,15.673796204825884,0.24490306570040443,26.12082020730427,0.4081378157391292,6.154031430038627,0.09615674109435354,1.7260542741958358,10,64,0.9981299140736718,64,28,40,57,64,0.4375,0.625,0.890625,1.0,2500.0,64.0,10000.0,1.1821794144455513,3.339219934026271,0.05217531146916048,5.596158198502361,0.0874399718515994,1.9756320026096819,0.03086925004077628,3.727560984383952,10.0,64.0,0.9685992387808869,64.0,6.0,8.0,17.0,37.0,0.09375,0.125,0.265625,0.578125,156.25,10,80.09
layer1.5,block,18,64,1,False,,0,32.0,32.0,160000,146.58912585733876,17.425794229060067,0.27227803482906354,28.269962249933553,0.44171816015521176,7.960160447966549,0.12437750699947733,1.545214487377108,10,64,0.9986334378759798,64,31,43,59,64,0.484375,0.671875,0.921875,1.0,2500.0,64.0,10000.0,7.209966871885416,4.935684368241944,0.07712006825378037,8.268064113826293,0.12918850177853583,2.579084724360223,0.04029819881812848,2.6114457498143597,10.0,64.0,0.9967251511615088,64.0,8.0,11.0,27.0,54.0,0.125,0.171875,0.421875,0.84375,156.25,10,80.09
layer2.0.conv1,conv,19,128,1,False,128.0,0,16.0,16.0,160000,584.6374143903427,14.307281961238674,0.11177564032217714,25.144772969147663,0.19644353882146612,5.880917168979376,0.04594466538265138,2.091739283795235,10,128,0.998007058261717,128,25,41,89,122,0.1953125,0.3203125,0.6953125,0.953125,1250.0,128.0,10000.0,40.821019807177606,3.949704404519285,0.030857065660306913,6.3935829880507455,0.04994986709414645,2.220703703821158,0.017349247686102798,2.9240074850186826,10.0,128.0,0.9928036206674453,128.0,6.0,8.0,17.0,56.0,0.046875,0.0625,0.1328125,0.4375,78.125,10,80.09
layer2.0.conv2,conv,20,128,1,False,128.0,0,16.0,16.0,160000,59.04179201513744,22.39818249880644,0.17498580077192533,39.22400780139698,0.3064375609484139,8.144584945160252,0.06362956988406447,1.8373554171014894,10,128,0.9951080298021225,128,41,62,107,126,0.3203125,0.484375,0.8359375,0.984375,1250.0,128.0,10000.0,4.781193097057096,3.8481179907456515,0.030063421802700403,6.509845966312105,0.05085817161181332,2.177889824076482,0.017014764250597517,2.8711603078021968,10.0,128.0,0.9843932546201848,128.0,7.0,9.0,21.0,66.0,0.0546875,0.0703125,0.1640625,0.515625,78.125,10,80.09
layer2.0.downsample.0,conv,21,128,1,False,64.0,0,16.0,16.0,160000,143.87903649859325,12.327865272021672,0.09631144743766931,20.747066468249738,0.16208645678320108,5.572579057979353,0.043535773890463696,10.993360192143522,10,128,0.6093912262887584,94,22,33,53,62,0.171875,0.2578125,0.4140625,0.484375,1250.0,128.0,10000.0,9.708375886033496,4.174718321767486,0.032614986888808484,6.954739746187569,0.05433390426709038,2.2964885328867246,0.017941316663177536,10.194418372168974,10.0,128.0,0.6777555419780488,97.0,7.0,9.0,23.0,51.0,0.0546875,0.0703125,0.1796875,0.3984375,78.125,10,80.09
layer2.0,block,22,128,1,False,,0,16.0,16.0,160000,68.71744126953939,21.969046025982088,0.17163317207798506,43.86713805239135,0.3427120160343074,8.074117878010142,0.06307904592195424,1.3189423571484935,10,128,0.9984683644316823,128,59,84,117,127,0.4609375,0.65625,0.9140625,0.9921875,1250.0,128.0,10000.0,4.8753083799811865,5.097487132801626,0.0398241182250127,9.362201206575271,0.07314219692636931,2.6331526942331336,0.020571505423696356,2.022894075138075,10.0,128.0,0.9958672315744042,128.0,9.0,14.0,51.0,111.0,0.0703125,0.109375,0.3984375,0.8671875,78.125,10,80.09
layer2.1.conv1,conv,23,128,1,False,128.0,0,16.0,16.0,160000,167.07048788836113,24.044338158747806,0.18784639186521723,40.67316098243703,0.3177590701752893,9.16392474897582,0.07159316210137359,1.8018381982144729,10,128,0.9976986836392355,128,42,65,109,126,0.328125,0.5078125,0.8515625,0.984375,1250.0,128.0,10000.0,12.489827462113876,4.474359351699997,0.034955932435156226,7.682315857988139,0.06001809264053234,2.381128784799508,0.018602568631246156,2.844274194492125,10.0,128.0,0.984136672643646,128.0,7.0,10.0,26.0,75.0,0.0546875,0.078125,0.203125,0.5859375,78.125,10,80.09
layer2.1.conv2,conv,24,128,1,False,128.0,0,16.0,16.0,160000,47.40454084494572,22.39430049896974,0.1749554726482011,40.69807092591281,0.3179536791086938,8.462569375380443,0.06611382324515971,1.6062081425247166,10,128,0.9983635307140871,128,47,72,112,127,0.3671875,0.5625,0.875,0.9921875,1250.0,128.0,10000.0,3.6692439726654165,4.096987794020611,0.03200771714078603,7.739367947823567,0.060463812092371616,2.1987664690577313,0.017177863039513526,2.8947188146692255,10.0,128.0,0.9769550092943438,128.0,8.0,12.0,32.0,80.0,0.0625,0.09375,0.25,0.625,78.125,10,80.09
layer2.1,block,25,128,1,False,,0,16.0,16.0,160000,117.8886804249729,24.459149830127483,0.19108710804787096,47.06195401355092,0.36767151573086654,8.769589143508071,0.0685124151836568,1.3066052684045937,10,128,0.9989019521760751,128,62,87,118,127,0.484375,0.6796875,0.921875,0.9921875,1250.0,128.0,10000.0,8.385271211402817,5.337405332583709,0.04169847916081023,10.125436990539818,0.07910497648859233,2.6516780042881902,0.020716234408501486,2.0302731434616708,10.0,128.0,0.995653791874738,128.0,10.0,16.0,55.0,113.0,0.078125,0.125,0.4296875,0.8828125,78.125,10,80.09
layer2.2.conv1,conv,26,128,1,False,128.0,0,16.0,16.0,160000,271.2666228030632,21.130634460732228,0.16508308172447053,37.63749950803229,0.2940429649065023,8.105660548090823,0.06332547303195955,1.7491375292762692,10,128,0.998663928534967,128,41,65,109,126,0.3203125,0.5078125,0.8515625,0.984375,1250.0,128.0,10000.0,20.94606220235324,4.240727100805876,0.03313068047504591,7.559300302020531,0.059057033609535396,2.282203929018009,0.017829718195453197,2.9185226382260465,10.0,128.0,0.9835854886378244,128.0,8.0,11.0,28.0,75.0,0.0625,0.0859375,0.21875,0.5859375,78.125,10,80.09
layer2.2.conv2,conv,27,128,1,False,128.0,0,16.0,16.0,160000,45.4997039284142,18.769966257994852,0.14664036139058478,36.86188635517487,0.28798348714980365,6.577734201768742,0.051388548451318294,1.5795833700653603,10,128,0.9990485684345161,128,45,70,112,127,0.3515625,0.546875,0.875,0.9921875,1250.0,128.0,10000.0,3.9017493341718334,3.723774252046201,0.029091986344110945,7.037689681138583,0.05498195063389518,2.095475096486549,0.016370899191301164,2.9158649403391395,10.0,128.0,0.9751509904592045,128.0,8.0,11.0,31.0,78.0,0.0625,0.0859375,0.2421875,0.609375,78.125,10,80.09
layer2.2,block,28,128,1,False,,0,16.0,16.0,160000,177.3463017820312,24.975565520629633,0.195121605629919,47.68111704467137,0.37250872691149506,8.509400434337039,0.06647969089325811,1.3217730795645573,10,128,0.998989228225294,128,61,87,118,127,0.4765625,0.6796875,0.921875,0.9921875,1250.0,128.0,10000.0,13.27215438189208,4.915927566627938,0.03840568411428077,9.84586662947639,0.0769208330427843,2.473390646369211,0.01932336442475946,2.0461290532898357,10.0,128.0,0.9968292043954374,128.0,10.0,17.0,56.0,113.0,0.078125,0.1328125,0.4375,0.8828125,78.125,10,80.09
layer2.3.conv1,conv,29,128,1,False,128.0,0,16.0,16.0,160000,371.86422243922834,20.320054419020522,0.15875042514859783,37.25111408651784,0.2910243288009206,7.205753369757269,0.05629494820122866,1.7172684536215939,10,128,0.9990492344418712,128,41,65,109,126,0.3203125,0.5078125,0.8515625,0.984375,1250.0,128.0,10000.0,31.964301077700277,3.7732689024062736,0.029478663300049012,6.931452503121222,0.05415197268063455,2.1144529458281753,0.01651916363928262,2.8755235999149344,10.0,128.0,0.982131513708273,128.0,7.0,10.0,28.0,76.0,0.0546875,0.078125,0.21875,0.59375,78.125,10,80.09
layer2.3.conv2,conv,30,128,1,False,128.0,0,16.0,16.0,160000,40.52642941347313,15.124829083343624,0.11816272721362206,34.15112602925532,0.2668056721035572,5.029063444327321,0.0392895581588072,1.533393841084678,10,128,0.9988707514485722,128,45,71,112,127,0.3515625,0.5546875,0.875,0.9921875,1250.0,128.0,10000.0,4.537840748980711,2.6780142444144563,0.02092198628448794,5.193226236904635,0.04057207997581746,1.7019264026445142,0.013296300020660267,2.8560025710252908,10.0,128.0,0.9695259881785426,128.0,6.0,10.0,29.0,76.0,0.046875,0.078125,0.2265625,0.59375,78.125,10,80.09
layer2.3,block,31,128,1,False,,0,16.0,16.0,160000,239.097058073851,25.200976771492396,0.19688263102728434,47.90990062747155,0.3742960986521215,8.605016639204662,0.06722669249378642,1.339511249961967,10,128,0.9993148240953791,128,61,86,118,127,0.4765625,0.671875,0.921875,0.9921875,1250.0,128.0,10000.0,18.747993074865207,4.904258885727084,0.038314522544742845,9.942115517830448,0.07767277748305038,2.4693778672769184,0.019292014588100925,2.0646952100457416,10.0,128.0,0.9976149919987237,128.0,10.0,18.0,57.0,113.0,0.078125,0.140625,0.4453125,0.8828125,78.125,10,80.09
layer2.4.conv1,conv,32,128,1,False,128.0,0,16.0,16.0,160000,464.3156648006287,19.821016735213917,0.15485169324385872,37.16994149195283,0.29039016790588146,7.05654871723676,0.05512928685341219,1.698194608361429,10,128,0.998404005288919,128,42,66,109,126,0.328125,0.515625,0.8515625,0.984375,1250.0,128.0,10000.0,41.72313911143103,3.5485578054304345,0.02772310785492527,6.864460808048455,0.053628600062878555,2.01323277944905,0.015728381089445704,2.9340563539052504,10.0,128.0,0.980794163996001,128.0,8.0,11.0,29.0,77.0,0.0625,0.0859375,0.2265625,0.6015625,78.125,10,80.09
layer2.4.conv2,conv,33,128,1,False,128.0,0,16.0,16.0,160000,41.66540529165061,15.603991986586363,0.12190618739520596,34.04234557985102,0.2659558248425861,5.420936699879064,0.04235106796780519,1.5525945935616092,10,128,0.998885709765503,128,44,70,112,127,0.34375,0.546875,0.875,0.9921875,1250.0,128.0,10000.0,4.710066145237479,2.851987290390731,0.022281150706177585,5.594482174534764,0.04370689198855284,1.7701082558299606,0.013828970748671567,2.940716681845579,10.0,128.0,0.9726606249078472,128.0,7.0,11.0,29.0,76.0,0.0546875,0.0859375,0.2265625,0.59375,78.125,10,80.09
layer2.4,block,34,128,1,False,,0,16.0,16.0,160000,303.8076118023642,25.53316953849048,0.19947788701945687,48.27141704023491,0.3771204456268352,8.660134456826944,0.0676573004439605,1.3521355685337386,10,128,0.9993307768253457,128,61,86,118,127,0.4765625,0.671875,0.921875,0.9921875,1250.0,128.0,10000.0,23.85163992395926,5.323880746461718,0.04159281833173217,10.677340175846421,0.08341672012380016,2.625995338368605,0.020515588581004728,2.086278793531942,10.0,128.0,0.9977068508855338,128.0,11.0,19.0,59.0,114.0,0.0859375,0.1484375,0.4609375,0.890625,78.125,10,80.09
layer2.5.conv1,conv,35,128,1,False,128.0,0,16.0,16.0,160000,584.1513106798759,19.282928216049307,0.1506478766878852,36.29745699264911,0.28357388275507117,7.249400382845013,0.056635940490976665,1.685303522554559,10,128,0.998868709722241,128,41,66,109,126,0.3203125,0.515625,0.8515625,0.984375,1250.0,128.0,10000.0,53.3549131180491,4.136419458147241,0.03231577701677532,7.460704561111562,0.05828675438368408,2.298386988863965,0.017956148350499728,2.9553285797704927,10.0,128.0,0.981214284155303,128.0,8.0,12.0,30.0,78.0,0.0625,0.09375,0.234375,0.609375,78.125,10,80.09
layer2.5.conv2,conv,36,128,1,False,128.0,0,16.0,16.0,160000,40.55199023575823,14.439449690318936,0.11280820070561669,32.352102644305226,0.2527508019086346,5.3209058040251875,0.04156957659394678,1.530036979822113,10,128,0.9989464901873369,128,44,70,111,126,0.34375,0.546875,0.8671875,0.984375,1250.0,128.0,10000.0,4.674346803922152,3.258986543799741,0.025460832373435476,5.989631163805613,0.04679399346723135,2.006088634737628,0.015672567458887718,2.9781128761034243,10.0,128.0,0.973319224723058,128.0,7.0,12.0,31.0,77.0,0.0546875,0.09375,0.2421875,0.6015625,78.125,10,80.09
layer2.5,block,37,128,1,False,,0,16.0,16.0,160000,356.4815116352042,27.61590137968227,0.21574922952876774,50.329212414768406,0.3931969719903782,9.642245027299158,0.07533003927577467,1.3554384254149472,10,128,0.9996014501695774,128,62,87,118,127,0.484375,0.6796875,0.921875,0.9921875,1250.0,128.0,10000.0,26.61267267795208,5.9293958641092015,0.04632340518835314,11.936937404259156,0.09325732347077466,2.809682144935242,0.02195064175730658,2.0905885340149752,10.0,128.0,0.9981884315316296,128.0,12.0,22.0,64.0,116.0,0.09375,0.171875,0.5,0.90625,78.125,10,80.09
layer3.0.conv1,conv,38,256,1,False,256.0,0,8.0,8.0,160000,1413.7936320540462,19.83404492595856,0.07747673799202562,37.49780616100798,0.14647580531643742,8.02778111167999,0.03135851996749996,1.859147850873497,10,256,0.9969576706191353,256,39,71,177,244,0.15234375,0.27734375,0.69140625,0.953125,625.0,256.0,10000.0,137.79902226434538,5.437490666310049,0.02124019791527363,9.70886177487189,0.03792524130809332,2.753597565153651,0.01075624048888145,2.3946744081385463,10.0,256.0,0.9933944661904411,256.0,9.0,14.0,42.0,153.0,0.03515625,0.0546875,0.1640625,0.59765625,39.0625,10,80.09
layer3.0.conv2,conv,39,256,1,False,256.0,0,8.0,8.0,160000,108.94004094374817,33.594642436023754,0.1312290720157178,61.33639336111472,0.2395952865668544,12.60789034564727,0.04924957166268465,1.699083079795609,10,256,0.997165372938893,256,66,113,210,251,0.2578125,0.44140625,0.8203125,0.98046875,625.0,256.0,10000.0,11.077256546493071,6.153254976796623,0.024036152253111807,11.09531253721676,0.04334106459850297,3.0672105400391074,0.011981291172027763,2.36486974436441,10.0,256.0,0.9892315204831061,256.0,11.0,17.0,57.0,171.0,0.04296875,0.06640625,0.22265625,0.66796875,39.0625,10,80.09
layer3.0.downsample.0,conv,40,256,1,False,128.0,0,8.0,8.0,160000,347.2315820772134,19.66589038403671,0.0768198843126434,36.39383384103009,0.14216341344152378,7.549358581078508,0.02948968195733792,8.911974943954782,10,256,0.5773008306905603,193,43,66,106,125,0.16796875,0.2578125,0.4140625,0.48828125,625.0,256.0,10000.0,32.7703480251944,5.141130842443866,0.020082542353296352,10.374205477875218,0.04052424014795007,2.5451435189217486,0.00994196687078808,8.154173534885638,10.0,256.0,0.608901201293229,192.0,11.0,18.0,60.0,112.0,0.04296875,0.0703125,0.234375,0.4375,39.0625,10,80.09
layer3.0,block,41,256,1,False,,0,8.0,8.0,160000,123.5523447738424,36.59217496691493,0.14293818346451145,79.58904030695116,0.310894688699028,11.411201864004754,0.04457500728126857,1.2267627718077183,10,256,0.9981109032973103,256,118,171,235,254,0.4609375,0.66796875,0.91796875,0.9921875,625.0,256.0,10000.0,11.203256299457022,7.415628128708731,0.02896729737776848,16.49550716847182,0.06443557487684305,3.29737217313446,0.012880360051306484,1.61434367626934,10.0,256.0,0.9963653607056759,256.0,19.0,44.0,153.0,241.0,0.07421875,0.171875,0.59765625,0.94140625,39.0625,10,80.09
layer3.1.conv1,conv,42,256,1,False,256.0,0,8.0,8.0,160000,272.36057105340325,35.59407183932494,0.13903934312236305,65.7923265190571,0.2570012754650668,12.603346843170527,0.04923182360613487,1.6148917937688372,10,256,0.9963287995287801,256,74,125,217,252,0.2890625,0.48828125,0.84765625,0.984375,625.0,256.0,10000.0,25.905624029317465,6.856071869696579,0.02678153074100226,13.002461827715852,0.050790866514515046,3.1972150812969984,0.0124891214113164,2.321955110114254,10.0,256.0,0.9863206125139811,256.0,13.0,21.0,73.0,185.0,0.05078125,0.08203125,0.28515625,0.72265625,39.0625,10,80.09
layer3.1.conv2,conv,43,256,1,False,256.0,0,8.0,8.0,160000,87.00926285123123,33.355349803511835,0.1302943351699681,66.33557867493889,0.25912335419898,10.600711236937391,0.041409028269286684,1.514077958719067,10,256,0.9954486683430854,256,80,136,223,253,0.3125,0.53125,0.87109375,0.98828125,625.0,256.0,10000.0,8.733641210845859,7.111375933421853,0.027778812239929115,13.930395412874587,0.054415607081541355,3.2590297365783463,0.012730584908509165,2.336112610472579,10.0,256.0,0.98341179021789,256.0,15.0,24.0,82.0,189.0,0.05859375,0.09375,0.3203125,0.73828125,39.0625,10,80.09
layer3.1,block,44,256,1,False,,0,8.0,8.0,160000,210.49616349874776,41.19660862148081,0.16092425242765943,86.332314980794,0.33723560539372655,11.869616666648346,0.0463656901040951,1.2279901298458682,10,256,0.9975347415121019,256,123,175,236,254,0.48046875,0.68359375,0.921875,0.9921875,625.0,256.0,10000.0,19.838964941050207,8.161170821993375,0.03187957352341162,18.152374034686925,0.0709077110729958,3.5286367763717275,0.01378373740770206,1.6507261355070895,10.0,256.0,0.9965438957813869,256.0,21.0,46.0,156.0,241.0,0.08203125,0.1796875,0.609375,0.94140625,39.0625,10,80.09
layer3.2.conv1,conv,45,256,1,False,256.0,0,8.0,8.0,160000,412.2860233924079,35.03580793449502,0.13685862474412117,65.29078766473961,0.2550421393153891,12.749741095946796,0.04980367615604217,1.577192086309321,10,256,0.9962779584673781,256,75,128,219,252,0.29296875,0.5,0.85546875,0.984375,625.0,256.0,10000.0,38.97923610129169,7.198948650891626,0.028120893167545413,14.018753670615574,0.054760756525842086,3.323869937496034,0.012983866943343882,2.34260181630472,10.0,256.0,0.9861262027694128,256.0,15.0,24.0,80.0,190.0,0.05859375,0.09375,0.3125,0.7421875,39.0625,10,80.09
layer3.2.conv2,conv,46,256,1,False,256.0,0,8.0,8.0,160000,76.86878118694645,33.647434805140406,0.1314352922075797,67.07497656012137,0.2620116271879741,11.110928410630024,0.04340206410402353,1.469212991956706,10,256,0.9955797342673085,256,84,141,225,253,0.328125,0.55078125,0.87890625,0.98828125,625.0,256.0,10000.0,7.5359465258669465,7.225206605548067,0.028223463302922136,14.434196310058132,0.05638357933616458,3.501353015638609,0.013677160217338316,2.317257861521094,10.0,256.0,0.978846865925482,256.0,16.0,27.0,90.0,194.0,0.0625,0.10546875,0.3515625,0.7578125,39.0625,10,80.09
layer3.2,block,47,256,1,False,,0,8.0,8.0,160000,318.2605588606935,42.60116142242058,0.1664107868063304,86.92269487889627,0.33954177687068854,12.614570457507563,0.04927566584963892,1.2484992392281835,10,256,0.9971196160869343,256,121,174,236,254,0.47265625,0.6796875,0.921875,0.9921875,625.0,256.0,10000.0,30.329127306381586,8.542651724208953,0.033369733297691224,19.072317345420114,0.07450123963054732,3.6751318004292695,0.014355983595426834,1.6783852926126865,10.0,256.0,0.9962310757855635,256.0,22.0,48.0,157.0,241.0,0.0859375,0.1875,0.61328125,0.94140625,39.0625,10,80.09
layer3.3.conv1,conv,48,256,1,False,256.0,0,8.0,8.0,160000,559.9231052919721,35.26300378662623,0.1377461085415087,65.8259292279387,0.25713253604663555,13.755051371386239,0.053730669419477496,1.5513763405544019,10,256,0.996459435046999,256,77,131,220,252,0.30078125,0.51171875,0.859375,0.984375,625.0,256.0,10000.0,53.361732206549554,7.02390945891077,0.027437146323870194,14.125363808212349,0.05517720237582949,3.2576802022011306,0.012725313289848167,2.3357720880498216,10.0,256.0,0.985294508888792,256.0,15.0,25.0,84.0,192.0,0.05859375,0.09765625,0.328125,0.75,39.0625,10,80.09
layer3.3.conv2,conv,49,256,1,False,256.0,0,8.0,8.0,160000,73.40858769236898,28.58219425763562,0.11164919631888914,62.83570514536065,0.24545197322406503,8.473269696977502,0.033098709753818366,1.4307219045701687,10,256,0.9947845337292657,256,85,143,225,253,0.33203125,0.55859375,0.87890625,0.98828125,625.0,256.0,10000.0,7.580919963184214,6.763775497253886,0.026420998036147992,13.449354549762269,0.052536541210008864,3.394536705990313,0.01325990900777466,2.28962777422693,10.0,256.0,0.9754176848318176,256.0,15.0,25.0,90.0,193.0,0.05859375,0.09765625,0.3515625,0.75390625,39.0625,10,80.09
layer3.3,block,50,256,1,False,,0,8.0,8.0,160000,437.760753757995,42.32615264346026,0.16533653376351665,85.79440684428428,0.3351344017354855,12.850325474270331,0.05019658388386848,1.2651452478978653,10,256,0.9964654654886314,256,119,173,236,254,0.46484375,0.67578125,0.921875,0.9921875,625.0,256.0,10000.0,42.48832257548467,8.89501876241404,0.03474616704067984,19.519621424627307,0.07624852118995042,3.8832625770159868,0.015168994441468698,1.6982494913067454,10.0,256.0,0.9959549589881637,256.0,23.0,48.0,157.0,241.0,0.08984375,0.1875,0.61328125,0.94140625,39.0625,10,80.09
layer3.4.conv1,conv,51,256,1,False,256.0,0,8.0,8.0,160000,726.1700493904094,31.160532597563112,0.1217208304592309,62.73585180410748,0.24506192110979486,9.690052446430064,0.03785176736886744,1.5338298235200976,10,256,0.9967387232885274,256,77,131,220,252,0.30078125,0.51171875,0.859375,0.984375,625.0,256.0,10000.0,71.70019949356227,7.205041010439297,0.028144691447028504,14.182467023243273,0.055400261809544035,3.440879095387234,0.013440933966356382,2.349690460079815,10.0,256.0,0.982178343245261,256.0,15.0,25.0,85.0,191.0,0.05859375,0.09765625,0.33203125,0.74609375,39.0625,10,80.09
layer3.4.conv2,conv,52,256,1,False,256.0,0,8.0,8.0,160000,71.69428695987465,24.981194532736794,0.0975827911435031,58.055365554693125,0.22677877169802002,7.473244831163496,0.029192362621732405,1.4019695012846072,10,256,0.9948989293896224,256,83,141,225,253,0.32421875,0.55078125,0.87890625,0.98828125,625.0,256.0,10000.0,8.056914265308254,6.536031339868457,0.02553137242136116,12.448619978565047,0.048627421791269713,3.5776848346671573,0.013975331385418583,2.276722074076612,10.0,256.0,0.971144715708293,256.0,13.0,23.0,87.0,190.0,0.05078125,0.08984375,0.33984375,0.7421875,39.0625,10,80.09
layer3.4,block,53,256,1,False,,0,8.0,8.0,160000,561.2079561242691,41.213290437496696,0.16098941577147147,83.99548042201957,0.32810734539851394,12.419524850622745,0.048513768947745096,1.275412601609241,10,256,0.9961956339656668,256,117,171,235,254,0.45703125,0.66796875,0.91796875,0.9921875,625.0,256.0,10000.0,56.51726319324409,9.212556518706572,0.03598654890119755,19.7378265065851,0.07710088479134805,4.073492369582546,0.01591207956868182,1.711667856199512,10.0,256.0,0.9953084572212076,256.0,22.0,47.0,155.0,241.0,0.0859375,0.18359375,0.60546875,0.94140625,39.0625,10,80.09
layer3.5.conv1,conv,54,256,1,False,256.0,0,8.0,8.0,160000,875.3180260280324,30.29673783010762,0.11834663214885789,61.77853923236564,0.24132241887642827,9.516386757995624,0.03717338577342041,1.518242789475986,10,256,0.9972140342948957,256,77,132,221,252,0.30078125,0.515625,0.86328125,0.984375,625.0,256.0,10000.0,87.85983064977188,7.892855355449546,0.03083146623222479,14.779561924313274,0.05773266376684873,3.9529360404919665,0.015441156408171744,2.3305359489661166,10.0,256.0,0.9811306972356572,256.0,15.0,25.0,86.0,192.0,0.05859375,0.09765625,0.3359375,0.75,39.0625,10,80.09
layer3.5.conv2,conv,55,256,1,False,256.0,0,8.0,8.0,160000,71.78014773298806,20.89268519680642,0.08161205155002507,54.101546854175794,0.2113341673991242,6.04894461541284,0.023628689903956408,1.3853169284385431,10,256,0.9954023872756208,256,83,141,225,253,0.32421875,0.55078125,0.87890625,0.98828125,625.0,256.0,10000.0,7.873209990953007,6.91490768452862,0.02701135814268992,13.350112485036965,0.05214887689467564,3.389141621963401,0.013238834460794536,2.2854365466101534,10.0,256.0,0.9708604989769319,256.0,14.0,24.0,88.0,191.0,0.0546875,0.09375,0.34375,0.74609375,39.0625,10,80.09
layer3.5,block,56,256,1,False,,0,8.0,8.0,160000,688.3599843186813,39.722109929861944,0.15516449191352322,82.08566239362473,0.3206471187250966,11.96059031141958,0.04672105590398273,1.2827810708543508,10,256,0.9963064303261872,256,115,169,235,254,0.44921875,0.66015625,0.91796875,0.9921875,625.0,256.0,10000.0,70.82995401116484,10.050707446030136,0.03926057596105522,20.46806979169897,0.0799533976238241,4.661962907433006,0.01821079260716018,1.7190043262350538,10.0,256.0,0.9953799418187402,256.0,22.0,47.0,154.0,240.0,0.0859375,0.18359375,0.6015625,0.9375,39.0625,10,80.09
layer4.0.conv1,conv,57,512,1,False,512.0,0,4.0,4.0,160000,2063.2117984273127,21.99529767583349,0.04295956577311229,50.31187000808885,0.09826537110954854,7.204489983978591,0.014071269499958185,1.6089601289322943,10,512,0.9928511384574221,512,60,133,361,490,0.1171875,0.259765625,0.705078125,0.95703125,312.5,512.0,10000.0,272.01808010873884,7.9870767185666995,0.015599759215950585,15.551968000333492,0.03037493750065135,3.869417119309076,0.007557455311150539,1.8120072025522846,10.0,512.0,0.9868013571381983,512.0,15.0,28.0,164.0,410.0,0.029296875,0.0546875,0.3203125,0.80078125,19.53125,10,80.09
layer4.0.conv2,conv,58,512,1,False,512.0,0,4.0,4.0,160000,217.92087617942704,19.35049436611197,0.03779393430881244,50.29046261058115,0.09822355978629131,7.227651421265551,0.01411650668215928,1.5388583020579463,10,512,0.994410607679853,512,71,150,385,496,0.138671875,0.29296875,0.751953125,0.96875,312.5,512.0,10000.0,35.62507623983119,5.444261242537712,0.010633322739331468,10.61440516263406,0.02073126008326965,2.874574699374551,0.00561440370971592,1.7913435872011827,10.0,512.0,0.9824419555134534,512.0,10.0,18.0,125.0,380.0,0.01953125,0.03515625,0.244140625,0.7421875,19.53125,10,80.09
layer4.0.downsample.0,conv,59,512,1,False,256.0,0,4.0,4.0,160000,604.5920000389201,28.1880779618963,0.05505483976932871,59.74968854985912,0.1166986104489436,9.13106152245579,0.017834104536046464,7.010051922516172,10,512,0.5229089903119932,374,80,131,211,249,0.15625,0.255859375,0.412109375,0.486328125,312.5,512.0,10000.0,81.55082541131917,9.25856870305513,0.01808314199815455,19.939695952144973,0.03894471865653315,4.308719622163642,0.008415468012038364,6.660027218084048,10.0,512.0,0.5578854492650744,383.0,24.0,57.0,165.0,239.0,0.046875,0.111328125,0.322265625,0.466796875,19.53125,10,80.09
layer4.0,block,60,512,1,False,,0,4.0,4.0,160000,243.72019403787084,31.63264359342691,0.06178250701841193,92.48416372022615,0.1806331322660667,8.611104126548739,0.016818562747165505,1.2194615393270298,10,512,0.9959419397394828,512,181,298,454,506,0.353515625,0.58203125,0.88671875,0.98828125,312.5,512.0,10000.0,39.28247050363947,7.9150148530773015,0.015459013384916604,19.016950685928194,0.037142481808453504,3.738137540357217,0.007301049883510189,1.3106084576772599,10.0,512.0,0.9914485684718634,512.0,25.0,86.0,332.0,486.0,0.048828125,0.16796875,0.6484375,0.94921875,19.53125,10,80.09
layer4.1.conv1,conv,61,512,1,False,512.0,0,4.0,4.0,160000,379.85096606507574,22.98036149979845,0.04488351855429385,60.928917238931554,0.11900179148228819,8.244853473799534,0.016103229441014714,1.4144628632221288,10,512,0.99465221338529,512,96,203,418,501,0.1875,0.396484375,0.81640625,0.978515625,312.5,512.0,10000.0,66.56459567663265,4.7404340502687035,0.009258660254431061,10.298836150341044,0.020114914356134852,2.4526173746847686,0.004790268309931189,1.7139965173625056,10.0,512.0,0.9792906657290155,512.0,11.0,21.0,156.0,402.0,0.021484375,0.041015625,0.3046875,0.78515625,19.53125,10,80.09
layer4.1.conv2,conv,62,512,1,False,512.0,0,4.0,4.0,160000,261.10585028320946,7.402943068277796,0.014458873180230071,23.37296276487184,0.04565031790014031,3.1143093667440156,0.0060826354819219055,1.4289831634595809,10,512,0.990645980961366,512,41,100,354,492,0.080078125,0.1953125,0.69140625,0.9609375,312.5,512.0,10000.0,79.45859402295196,2.0551020618233897,0.004013871214498808,4.010066139621363,0.007832160428947974,1.456412807425483,0.0028445562645028964,1.7618955751182221,10.0,512.0,0.9746507081811617,512.0,5.0,8.0,35.0,275.0,0.009765625,0.015625,0.068359375,0.537109375,19.53125,10,80.09
layer4.1,block,63,512,1,False,,0,4.0,4.0,160000,411.0775939891859,15.805253618046587,0.03086963597274724,59.96439132806483,0.11711795181262662,4.657055787762489,0.00909581208547361,1.2490557197521759,10,512,0.9943390306576143,512,135,256,440,504,0.263671875,0.5,0.859375,0.984375,312.5,512.0,10000.0,101.56083149403506,3.6884831036400643,0.0072040685617970005,8.871426118405273,0.0173270041375103,2.0420081933349037,0.003988297252607234,1.3409908403150523,10.0,512.0,0.9907826809893907,512.0,10.0,24.0,219.0,461.0,0.01953125,0.046875,0.427734375,0.900390625,19.53125,10,80.09
layer4.2.conv1,conv,64,512,1,False,512.0,0,4.0,4.0,160000,637.9300433920499,7.97202471139485,0.015570360764443066,28.459253517497032,0.05558447952636139,3.227651646735212,0.006304007122529711,1.3851902536766993,10,512,0.9952303733637381,512,61,145,387,497,0.119140625,0.283203125,0.755859375,0.970703125,312.5,512.0,10000.0,181.16141273408937,1.7373858107391236,0.0033933316615998507,3.514984038491304,0.006865203200178328,1.3261902082700419,0.0025902152505274255,1.717850318431642,10.0,512.0,0.9773357641659005,512.0,6.0,9.0,63.0,324.0,0.01171875,0.017578125,0.123046875,0.6328125,19.53125,10,80.09
layer4.2.conv2,conv,65,512,1,False,512.0,0,4.0,4.0,160000,392.16188061577196,2.385897655512398,0.0046599563584226525,5.816449338057558,0.011360252613393669,1.5877490426720873,0.0031010723489689205,1.3727693511116288,10,512,0.9925671755454479,512,9,28,216,465,0.017578125,0.0546875,0.421875,0.908203125,312.5,512.0,10000.0,195.18953088321186,1.1109022690648231,0.0021697309942672327,1.4051579523640936,0.0027444491257111203,1.0541901959850932,0.002058965226533385,1.7587708322839184,10.0,512.0,0.9701918286146992,512.0,1.0,2.0,9.0,107.0,0.001953125,0.00390625,0.017578125,0.208984375,19.53125,10,80.09
layer4.2,block,66,512,1,False,,0,4.0,4.0,160000,587.3045703149152,7.0897255650094335,0.01384712024415905,33.66543756257078,0.06575280773939605,2.78550471154588,0.005440438889738047,1.272709132268313,10,512,0.993951682021186,512,91,206,419,501,0.177734375,0.40234375,0.818359375,0.978515625,312.5,512.0,10000.0,209.2885017943089,2.019149101146264,0.003943650588176297,4.371604926032489,0.008538290871157206,1.4378261555263974,0.002808254210012495,1.3574048412246877,10.0,512.0,0.9912272033240613,512.0,6.0,10.0,111.0,420.0,0.01171875,0.01953125,0.216796875,0.8203125,19.53125,10,80.09
layer4.3.conv1,conv,67,512,1,False,512.0,0,4.0,4.0,160000,979.5689066089709,4.061924609865594,0.007933446503643738,13.862022591762102,0.027074262874535356,2.136658740205459,0.004173161601963787,1.3724310113087879,10,512,0.9961769628201312,512,36,92,342,490,0.0703125,0.1796875,0.66796875,0.95703125,312.5,512.0,10000.0,390.1194913648017,1.3068647809738776,0.0025524702753396047,2.07092431459406,0.004044774051941523,1.144672600662066,0.0022356886731680977,1.7205970522514695,10.0,512.0,0.977264378924957,512.0,2.0,5.0,21.0,241.0,0.00390625,0.009765625,0.041015625,0.470703125,19.53125,10,80.09
layer4.3.conv2,conv,68,512,1,False,512.0,0,4.0,4.0,160000,467.4933058096828,1.899346128828262,0.0037096604078676993,3.7027281694726804,0.007231890956001329,1.4042738202413887,0.0027427223051589623,1.3486795069019208,10,512,0.9937779252265908,512,3,11,119,433,0.005859375,0.021484375,0.232421875,0.845703125,312.5,512.0,10000.0,269.30280538038056,1.0492153982263817,0.0020492488246609017,1.1920258733965459,0.0023281755339776286,1.0243513824027433,0.002000686293755358,1.7624380029512894,10.0,512.0,0.9702672845338757,512.0,1.0,1.0,5.0,43.0,0.001953125,0.001953125,0.009765625,0.083984375,19.53125,10,80.09
layer4.3,block,69,512,1,False,,0,4.0,4.0,160000,795.7104686622022,4.149178012233626,0.0081038633051438,19.443556309583293,0.03797569591715487,2.0743144581966275,0.004051395426165288,1.2869305852625597,10,512,0.9939250516755405,512,59,156,395,497,0.115234375,0.3046875,0.771484375,0.970703125,312.5,512.0,10000.0,356.9047970994722,1.5632275753249318,0.0030531788580565075,2.905993278307805,0.005675768121694931,1.255532175394804,0.0024522112800679768,1.370054094337366,10.0,512.0,0.9915941815666729,512.0,4.0,8.0,53.0,372.0,0.0078125,0.015625,0.103515625,0.7265625,19.53125,10,80.09
layer4.4.conv1,conv,70,512,1,False,512.0,0,4.0,4.0,160000,1447.629387152377,3.084906809979405,0.0060252086132410254,8.711141848667982,0.017013948923179652,1.8464342310806015,0.0036063168575792997,1.3763278497831872,10,512,0.9959803629798146,512,20,56,289,480,0.0390625,0.109375,0.564453125,0.9375,312.5,512.0,10000.0,663.8044699287242,1.1779395505896404,0.0023006631847453914,1.6337300555690086,0.00319087901478322,1.0858679450250637,0.0021208358301270775,1.727860674509635,10.0,512.0,0.9765403830821997,512.0,1.0,3.0,12.0,178.0,0.001953125,0.005859375,0.0234375,0.34765625,19.53125,10,80.09
layer4.4.conv2,conv,71,512,1,False,512.0,0,4.0,4.0,160000,505.6757390485798,1.700717759934639,0.003321714374872342,2.963505442839556,0.005788096568046008,1.3222512649139846,0.002582522001785126,1.3552290707332975,10,512,0.9943176570580297,512,3,5,64,394,0.005859375,0.009765625,0.125,0.76953125,312.5,512.0,10000.0,313.36008702477585,1.0260718336417192,0.0020040465500814827,1.1082016927739675,0.0021644564311991553,1.0129639168993263,0.0019784451501939967,1.7669903685466293,10.0,512.0,0.9705346335484938,512.0,1.0,1.0,2.0,18.0,0.001953125,0.001953125,0.00390625,0.03515625,19.53125,10,80.09
layer4.4,block,72,512,1,False,,0,4.0,4.0,160000,1074.000641367487,2.8254238074723226,0.00551840587396938,11.536657203908103,0.022532533601383013,1.6952108373796881,0.0033109586667572034,1.2972621438701624,10,512,0.9938614956979255,512,37,108,363,493,0.072265625,0.2109375,0.708984375,0.962890625,312.5,512.0,10000.0,572.0133501433376,1.3374766993001719,0.002612259178320648,2.158937911136793,0.004216675607689049,1.1584316301743873,0.0022625617776843502,1.3770756186974464,10.0,512.0,0.9916067911455243,512.0,2.0,5.0,24.0,315.0,0.00390625,0.009765625,0.046875,0.615234375,19.53125,10,80.09
layer4.5.conv1,conv,73,512,1,False,512.0,0,4.0,4.0,160000,2061.358583114286,2.452055526741008,0.004789170950666031,5.997072820302109,0.011713032852152557,1.6180562915371277,0.0031602661944084526,1.3734012905774708,10,512,0.9966346746966731,512,10,34,232,468,0.01953125,0.06640625,0.453125,0.9140625,312.5,512.0,10000.0,1090.4875464877666,1.1224153005978255,0.002192217383980128,1.4333229296393044,0.0027994588469517664,1.0597544550286941,0.0020698329199779182,1.7335387681313292,10.0,512.0,0.97662410562146,512.0,1.0,2.0,8.0,118.0,0.001953125,0.00390625,0.015625,0.23046875,19.53125,10,80.09
layer4.5.conv2,conv,74,512,1,False,512.0,0,4.0,4.0,160000,534.6742447749007,1.5716863377925876,0.0030696998785011476,2.554630385160164,0.004989512471015946,1.2663184382401027,0.0024732781996877006,1.3575936614751571,10,512,0.9946961288409979,512,3,4,36,350,0.005859375,0.0078125,0.0703125,0.68359375,312.5,512.0,10000.0,359.13455666944355,1.019883461137935,0.0019919598850350294,1.0822859635048359,0.0021138397724703825,1.009902370650804,0.0019724655676773514,1.793208760241286,10.0,512.0,0.9720409346429771,512.0,1.0,1.0,1.0,12.0,0.001953125,0.001953125,0.001953125,0.0234375,19.53125,10,80.09
layer4.5,block,75,512,1,False,,0,4.0,4.0,160000,1637.455119641436,1.8934960716673002,0.0036982345149751956,5.82192412421367,0.011370945555104824,1.3797785854352933,0.0026948800496783072,1.3038922132862343,10,512,0.9936844470467523,512,19,56,304,482,0.037109375,0.109375,0.59375,0.94140625,312.5,512.0,10000.0,1044.1483543368015,1.174441930701519,0.0022938318959014044,1.6162783472263533,0.0031567936469264713,1.084257824536856,0.0021176910635485467,1.382989581699383,10.0,512.0,0.9923613409393416,512.0,1.0,3.0,10.0,222.0,0.001953125,0.005859375,0.01953125,0.43359375,19.53125,10,80.09
fc,linear,76,10,1,False,,0,,,10000,237.89907416554612,2.8368065061890135,0.28368065061890135,4.086963469620416,0.4086963469620416,1.8600883846827811,0.18600883846827812,,10,10,,10,4,6,8,9,0.4,0.6,0.8,0.9,1000.0,,,,,,,,,,,,,,,,,,,,,,,,10,80.09
conv1,conv,0,64,1,False,27.0,0,32.0,32.0,160000,25.047284042019868,2.27160851507037,0.03549388304797453,3.7626519976266577,0.058791437462916527,1.5510255606556447,0.024234774385244448,14.815180168551723,10,64,0.9041241173544867,44,5,6,10,15,0.078125,0.09375,0.15625,0.234375,2500.0,64.0,10000.0,6.86291831910455,1.742692609515596,0.027229572023681186,2.1173537154339352,0.03308365180365524,1.3778702076132223,0.0215292219939566,8.583506151521846,10.0,64.0,0.9539997107458579,43.0,2.0,3.0,3.0,4.0,0.03125,0.046875,0.046875,0.0625,156.25,15,84.83
layer1.0.conv1,conv,1,64,1,False,64.0,0,32.0,32.0,160000,16.73936248522333,6.540715127370433,0.10219867386516301,10.905892262972193,0.17040456660894052,3.176661328655602,0.04963533326024378,3.2938319588460985,10,64,0.9870156685654062,64,11,16,30,52,0.171875,0.25,0.46875,0.8125,2500.0,64.0,10000.0,4.019968757964771,3.183453790216144,0.04974146547212725,3.8758415322115285,0.06056002394080513,2.2253743219277853,0.034771473780121645,4.452437657294453,10.0,64.0,0.9866760706979022,64.0,3.0,4.0,6.0,14.0,0.046875,0.0625,0.09375,0.21875,156.25,15,84.83
layer1.0.conv2,conv,2,64,1,False,64.0,0,32.0,32.0,160000,11.774856510161662,9.059615209196629,0.14155648764369733,15.097377746739644,0.23589652729280694,3.9902886382563,0.062348259972754685,2.7997824334501638,10,64,0.993079316242041,64,15,21,39,59,0.234375,0.328125,0.609375,0.921875,2500.0,64.0,10000.0,2.133759532751429,3.2148801991494333,0.050232503111709896,4.222611895904878,0.06597831087351372,2.1705625331658203,0.03391503958071594,4.219846017815651,10.0,64.0,0.9723689547915554,64.0,4.0,4.0,10.0,23.0,0.0625,0.0625,0.15625,0.359375,156.25,15,84.83
layer1.0,block,3,64,1,False,,0,32.0,32.0,160000,8.012445473524675,11.995965090558256,0.18743695453997275,19.5131575220226,0.3048930862816031,5.57992643249633,0.08718635050775515,2.0971587078931244,10,64,0.9917710475200501,64,20,30,51,62,0.3125,0.46875,0.796875,0.96875,2500.0,64.0,10000.0,1.1318250707655764,3.8594745360134115,0.060304289625209555,5.546122122002241,0.08665815815628501,2.4622089535949816,0.03847201489992159,2.8772358974731835,10.0,64.0,0.9931058403920406,64.0,5.0,7.0,18.0,45.0,0.078125,0.109375,0.28125,0.703125,156.25,15,84.83
layer1.1.conv1,conv,4,64,1,False,64.0,0,32.0,32.0,160000,24.88196436743865,12.64620437522532,0.19759694336289563,18.727412440864622,0.2926158193885097,6.055580189682395,0.09461844046378742,2.8769313848058555,10,64,0.992164257861218,64,17,23,42,60,0.265625,0.359375,0.65625,0.9375,2500.0,64.0,10000.0,2.3017553062979847,3.989499816352815,0.062335934630512735,5.185504405961564,0.08102350634314943,2.733979503500418,0.04271842974219403,4.130076669997082,10.0,64.0,0.9670477482037024,64.0,4.0,5.0,13.0,29.0,0.0625,0.078125,0.203125,0.453125,156.25,15,84.83
layer1.1.conv2,conv,5,64,1,False,64.0,0,32.0,32.0,160000,9.285294469060815,12.027461078063931,0.18792907934474892,18.98609201241942,0.29665768769405343,5.719432056229025,0.08936612587857852,2.4045720823119012,10,64,0.9944322818482583,64,18,26,48,62,0.28125,0.40625,0.75,0.96875,2500.0,64.0,10000.0,0.4644648017972806,3.657765194614048,0.0571525811658445,5.618139228274833,0.08778342544179427,2.2105211911121003,0.03453939361112657,4.020851397022482,10.0,64.0,0.9648792288658148,64.0,5.0,8.0,17.0,35.0,0.078125,0.125,0.265625,0.546875,156.25,15,84.83
layer1.1,block,6,64,1,False,,0,32.0,32.0,160000,15.87120141934868,12.534557298094509,0.1958524577827267,21.67673644390994,0.33869900693609284,5.247849723638067,0.0819976519318448,1.8901617887471591,10,64,0.9961110695421185,64,23,35,55,63,0.359375,0.546875,0.859375,0.984375,2500.0,64.0,10000.0,1.0873992190446735,4.2803569618369455,0.06688057752870227,6.721640221179597,0.1050256284559312,2.4939192921819173,0.03896748894034246,2.7135547581784105,10.0,64.0,0.9934710915952866,64.0,6.0,10.0,24.0,51.0,0.09375,0.15625,0.375,0.796875,156.25,15,84.83
layer1.2.conv1,conv,7,64,1,False,64.0,0,32.0,32.0,160000,52.418195794813926,10.198083166106901,0.15934504947042033,16.586918737950754,0.2591706052804805,4.658318498553681,0.07278622653990127,2.6130265853955374,10,64,0.9918107618755454,64,16,24,43,61,0.25,0.375,0.671875,0.953125,2500.0,64.0,10000.0,1.745469969593996,4.4140703007344975,0.06896984844897652,6.360765544667982,0.09938696163543721,2.695930548558871,0.04212391482123236,4.096939462861248,10.0,64.0,0.9738371618699552,64.0,5.0,8.0,16.0,34.0,0.078125,0.125,0.25,0.53125,156.25,15,84.83
layer1.2.conv2,conv,8,64,1,False,64.0,0,32.0,32.0,160000,7.566271060293243,11.621821937452125,0.18159096777268946,19.59413382392315,0.30615834099879924,5.291178591721558,0.08267466549564935,2.131434951575545,10,64,0.993277025078672,64,20,30,51,63,0.3125,0.46875,0.796875,0.984375,2500.0,64.0,10000.0,0.24885087550242904,3.005837808264602,0.046966215754134406,5.166140693240539,0.08072094833188342,1.859465813802437,0.029054153340663077,4.00221917864009,10.0,64.0,0.974437193048846,64.0,6.0,9.0,18.0,36.0,0.09375,0.140625,0.28125,0.5625,156.25,15,84.83
layer1.2,block,9,64,1,False,,0,32.0,32.0,160000,29.040777209273244,12.799504693529315,0.19999226083639554,22.701157223022342,0.3547055816097241,5.227557491148266,0.08168058579919166,1.7410741017753344,10,64,0.9964807867766503,64,25,37,56,64,0.390625,0.578125,0.875,1.0,2500.0,64.0,10000.0,1.254986351159797,5.063253831763348,0.07911334112130232,7.952616997671694,0.12425964058862021,2.7624690345520437,0.04316357866487568,2.674002417086931,10.0,64.0,0.9969362202190544,64.0,7.0,11.0,26.0,53.0,0.109375,0.171875,0.40625,0.828125,156.25,15,84.83
layer1.3.conv1,conv,10,64,1,False,64.0,0,32.0,32.0,160000,94.88418996563142,9.959894325552764,0.15562334883676193,16.276220937156545,0.254315952143071,4.889525279247406,0.07639883248824073,2.5434380941494066,10,64,0.9896696301170623,64,16,24,44,61,0.25,0.375,0.6875,0.953125,2500.0,64.0,10000.0,2.21542032064092,3.9791426508647603,0.06217410391976188,6.093999347177083,0.09521873979964192,2.311496437046649,0.03611713182885389,3.8283980675639255,10.0,64.0,0.9790352194553915,64.0,6.0,8.0,16.0,35.0,0.09375,0.125,0.25,0.546875,156.25,15,84.83
layer1.3.conv2,conv,11,64,1,False,64.0,0,32.0,32.0,160000,5.892181593506034,12.966144663473946,0.2025960103667804,21.72738524182124,0.33949039440345685,5.741981499560964,0.08971846093064006,1.9619314316812997,10,64,0.9945484555861965,64,23,33,54,63,0.359375,0.515625,0.84375,0.984375,2500.0,64.0,10000.0,0.1629120731627823,3.5681778743921906,0.05575277928737798,5.873914913775139,0.09177992052773655,2.1369800563193038,0.03339031337998912,3.856682470338104,10.0,64.0,0.9810244566578183,64.0,6.0,9.0,17.0,37.0,0.09375,0.140625,0.265625,0.578125,156.25,15,84.83
layer1.3,block,12,64,1,False,,0,32.0,32.0,160000,44.17569920209881,13.770342112871171,0.21516159551361205,23.83591497606348,0.3724361715009919,5.7600360682113445,0.09000056356580226,1.693247474669129,10,64,0.9950811189875058,64,27,38,57,64,0.421875,0.59375,0.890625,1.0,2500.0,64.0,10000.0,1.6343567273593549,4.972665418448265,0.07769789716325413,8.07150323299682,0.1261172380155753,2.642957588732568,0.041296212323946375,2.605669793756494,10.0,64.0,0.9981409149475545,64.0,7.0,11.0,27.0,54.0,0.109375,0.171875,0.421875,0.84375,156.25,15,84.83
layer1.4.conv1,conv,13,64,1,False,64.0,0,32.0,32.0,160000,122.59370561342242,10.953620695346617,0.17115032336479089,17.816003057114308,0.27837504776741107,5.177468698481614,0.08089794841377522,2.4935257363968293,10,64,0.9939133738704974,64,18,25,46,62,0.28125,0.390625,0.71875,0.96875,2500.0,64.0,10000.0,3.1952082732754716,2.8452637328217887,0.04445724582534045,4.8072414656135365,0.07511314790021151,1.7896187063839921,0.027962792287249877,3.7593515707933047,10.0,64.0,0.9797665511813414,64.0,5.0,7.0,15.0,34.0,0.078125,0.109375,0.234375,0.53125,156.25,15,84.83
layer1.4.conv2,conv,14,64,1,False,64.0,0,32.0,32.0,160000,6.135943768402856,11.833433990625505,0.1848974061035235,21.412226684802267,0.3345660419500354,4.539789888807814,0.07093421701262209,2.037647685460224,10,64,0.9962871549597039,64,23,33,54,63,0.359375,0.515625,0.84375,0.984375,2500.0,64.0,10000.0,0.33567270956297485,2.04009012267236,0.031876408166755625,3.5286165955708615,0.05513463430579471,1.455723908234021,0.022745686066156578,3.697284367460159,10.0,64.0,0.9774068433118615,64.0,5.0,6.0,13.0,31.0,0.078125,0.09375,0.203125,0.484375,156.25,15,84.83
layer1.4,block,15,64,1,False,,0,32.0,32.0,160000,54.97724924298197,16.20895321802664,0.25326489403166624,26.364935480801257,0.41195211688751965,7.3023714263725035,0.11409955353707037,1.6677956353308243,10,64,0.9957009348474317,64,29,40,58,64,0.453125,0.625,0.90625,1.0,2500.0,64.0,10000.0,2.323409105338664,4.306883351305609,0.06729505236415013,7.51247885590559,0.11738248212352484,2.313435871794606,0.03614743549679072,2.601275207991695,10.0,64.0,0.994985775221834,64.0,8.0,11.0,26.0,53.0,0.125,0.171875,0.40625,0.828125,156.25,15,84.83
layer1.5.conv1,conv,16,64,1,False,64.0,0,32.0,32.0,160000,114.62903768770286,15.42846537742207,0.24106977152221984,23.350468397470504,0.3648510687104766,6.929409431163062,0.10827202236192285,2.4726138534370845,10,64,0.9887653440578246,64,22,30,50,62,0.34375,0.46875,0.78125,0.96875,2500.0,64.0,10000.0,4.921149930438527,3.487980878778298,0.054499701230910906,5.687252869438048,0.0888633260849695,2.046796514234628,0.03198119553491606,3.8077050348617054,10.0,64.0,0.9840960602477811,64.0,6.0,8.0,14.0,34.0,0.09375,0.125,0.21875,0.53125,156.25,15,84.83
layer1.5.conv2,conv,17,64,1,False,64.0,0,32.0,32.0,160000,6.964304295102297,12.849006724719075,0.20076573007373555,21.838627321960356,0.34122855190563056,5.194410555269553,0.08116266492608677,2.044953260750835,10,64,0.9979308093728152,64,22,33,54,63,0.34375,0.515625,0.84375,0.984375,2500.0,64.0,10000.0,0.4806941470106186,2.5681560933639096,0.04012743895881109,4.236565625649594,0.06619633790077491,1.6966209999382285,0.02650970312403482,3.8396424157929885,10.0,64.0,0.969845429061174,64.0,5.0,7.0,14.0,32.0,0.078125,0.109375,0.21875,0.5,156.25,15,84.83
layer1.5,block,18,64,1,False,,0,32.0,32.0,160000,63.49766484288648,18.618524538255183,0.29091444591023724,28.84966955430943,0.45077608678608483,8.463285657187654,0.1322388383935571,1.6428064769060031,10,64,0.9967959542845547,64,30,42,58,64,0.46875,0.65625,0.90625,1.0,2500.0,64.0,10000.0,2.8263795445148068,4.802225703426322,0.07503477661603628,8.152486050830012,0.12738259454421894,2.5083419786035637,0.03919284341568068,2.578011203393676,10.0,64.0,0.9933275269751759,64.0,8.0,11.0,27.0,54.0,0.125,0.171875,0.421875,0.84375,156.25,15,84.83
layer2.0.conv1,conv,19,128,1,False,128.0,0,16.0,16.0,160000,276.56063207588966,14.865587497788805,0.11613740232647504,24.969186599402235,0.19507177030782996,5.921413687987881,0.04626104443740532,2.4404969734661237,10,128,0.9975426271510294,128,23,35,76,119,0.1796875,0.2734375,0.59375,0.9296875,1250.0,128.0,10000.0,19.21707181887172,3.780739302021114,0.029537025797039953,6.17513318240718,0.04824322798755609,2.1429720079327548,0.016741968811974647,3.0751535896088202,10.0,128.0,0.9940924244306142,128.0,6.0,8.0,15.0,47.0,0.046875,0.0625,0.1171875,0.3671875,78.125,15,84.83
layer2.0.conv2,conv,20,128,1,False,128.0,0,16.0,16.0,160000,23.74437255667214,22.119375839341036,0.17280762374485184,37.743531572122556,0.29487134040720747,8.164421082596178,0.06378453970778264,2.08806520019213,10,128,0.9890298711214591,128,37,55,99,124,0.2890625,0.4296875,0.7734375,0.96875,1250.0,128.0,10000.0,1.8280234765536916,4.548770824367677,0.03553727206537248,7.29867694012009,0.0570209135946882,2.482183368499551,0.01939205756640274,3.0572589398089214,10.0,128.0,0.9883886295482217,128.0,7.0,9.0,20.0,60.0,0.0546875,0.0703125,0.15625,0.46875,78.125,15,84.83
layer2.0.downsample.0,conv,21,128,1,False,64.0,0,16.0,16.0,160000,50.318577918259805,10.867217078615612,0.08490013342668447,17.934549035015355,0.14011366433605746,4.897573420964205,0.03826229235128285,10.851091328575416,10,128,0.6150239121360579,93,18,28,49,62,0.140625,0.21875,0.3828125,0.484375,1250.0,128.0,10000.0,3.4415264821483667,3.8284257488337596,0.029909576162763747,6.359796241776853,0.049685908138881664,2.1667044508278437,0.01692737852209253,10.08747926490003,10.0,128.0,0.6811553926520093,95.0,6.0,8.0,18.0,46.0,0.046875,0.0625,0.140625,0.359375,78.125,15,84.83
layer2.0,block,22,128,1,False,,0,16.0,16.0,160000,35.584010995018744,21.0838063246525,0.16471723691134765,42.10683323759308,0.32895963466869593,7.379297437144891,0.05765076122769446,1.4198953568532495,10,128,0.9963625766640449,128,55,80,115,127,0.4296875,0.625,0.8984375,0.9921875,1250.0,128.0,10000.0,2.46533685451981,5.196606124812756,0.040598485350099654,9.548200431586434,0.07459531587176901,2.653785994209305,0.020732703079760197,2.1008286400215064,10.0,128.0,0.9969068380149176,128.0,9.0,15.0,50.0,109.0,0.0703125,0.1171875,0.390625,0.8515625,78.125,15,84.83
layer2.1.conv1,conv,23,128,1,False,128.0,0,16.0,16.0,160000,93.8457483234508,22.407791006507892,0.1750608672383429,36.439733569204336,0.28468541850940887,9.4094650420532,0.07351144564104062,2.105577596686417,10,128,0.9944372464177609,128,35,52,98,124,0.2734375,0.40625,0.765625,0.96875,1250.0,128.0,10000.0,6.488284478591423,4.962142600009963,0.03876673906257783,7.9230064090301555,0.06189848757054809,2.6838528801663006,0.020967600626299224,3.0599749958335565,10.0,128.0,0.9879851811261481,128.0,8.0,10.0,23.0,66.0,0.0625,0.078125,0.1796875,0.515625,78.125,15,84.83
layer2.1.conv2,conv,24,128,1,False,128.0,0,16.0,16.0,160000,18.331837848732903,20.990428593942255,0.16398772339017387,36.06668593395724,0.2817709838590409,8.815161912060098,0.06886845243796952,1.9234666099124824,10,128,0.9963799539854721,128,37,57,103,125,0.2890625,0.4453125,0.8046875,0.9765625,1250.0,128.0,10000.0,1.2170591659126677,4.879200080419661,0.0381187506282786,8.221600776669119,0.06423125606772749,2.674360846585501,0.020893444113949226,3.0542482857713353,10.0,128.0,0.9806840410970309,128.0,8.0,12.0,30.0,76.0,0.0625,0.09375,0.234375,0.59375,78.125,15,84.83
layer2.1,block,25,128,1,False,,0,16.0,16.0,160000,58.54878499394436,24.306470178309738,0.18989429826804483,46.21236458731636,0.36103409833840905,8.708630405620346,0.06803617504390895,1.3982989823905412,10,128,0.997507252277846,128,58,83,116,127,0.453125,0.6484375,0.90625,0.9921875,1250.0,128.0,10000.0,3.74106639351683,5.936456720588911,0.04637856812960087,10.82944556123777,0.08460504344717008,2.962004935011235,0.023140663554775273,2.0787862176826786,10.0,128.0,0.9987502694994523,128.0,10.0,18.0,56.0,113.0,0.078125,0.140625,0.4375,0.8828125,78.125,15,84.83
layer2.2.conv1,conv,26,128,1,False,128.0,0,16.0,16.0,160000,139.2555373076351,20.411588670043777,0.159465536484717,34.413887244129135,0.26885849409475887,8.470032630284965,0.06617212992410129,2.0646067613564485,10,128,0.9965059364911607,128,34,52,98,124,0.265625,0.40625,0.765625,0.96875,1250.0,128.0,10000.0,8.941467766881493,5.320854736991949,0.0415691776327496,8.421479451921002,0.06579280821813283,2.881472025405991,0.022511500198484306,3.072529460041515,10.0,128.0,0.9860993748209967,128.0,8.0,11.0,26.0,70.0,0.0625,0.0859375,0.203125,0.546875,78.125,15,84.83
layer2.2.conv2,conv,27,128,1,False,128.0,0,16.0,16.0,160000,17.020248891527796,18.840430386561184,0.14719086239500925,33.91729756894894,0.2649788872574136,7.1339712528253445,0.055734150412698004,1.8677225081397604,10,128,0.9971723714729358,128,36,57,103,125,0.28125,0.4453125,0.8046875,0.9765625,1250.0,128.0,10000.0,1.159887037151118,4.548014732246049,0.03553136509567226,7.796559875005342,0.060910624023479236,2.6989755025299633,0.02108574611351534,3.0962658513824852,10.0,128.0,0.978741164888205,128.0,8.0,13.0,31.0,76.0,0.0625,0.1015625,0.2421875,0.59375,78.125,15,84.83
layer2.2,block,28,128,1,False,,0,16.0,16.0,160000,85.81822100474763,25.71374494292395,0.20088863236659335,47.93793278688895,0.3745150998975699,9.050435881029799,0.0707065303205453,1.3994927574317322,10,128,0.9972063280901418,128,59,84,116,127,0.4609375,0.65625,0.90625,0.9921875,1250.0,128.0,10000.0,5.3694417614287175,5.911769104653303,0.04618569613010393,11.148022115804533,0.08709392277972292,2.934749505874514,0.02292773051464464,2.0791434504422575,10.0,128.0,0.9986445687223481,128.0,11.0,20.0,60.0,114.0,0.0859375,0.15625,0.46875,0.890625,78.125,15,84.83
layer2.3.conv1,conv,29,128,1,False,128.0,0,16.0,16.0,160000,188.88915000384338,19.44907800228104,0.15194592189282063,33.489655979252824,0.2616379373379127,7.475796588371409,0.058404660846651635,2.022685797082207,10,128,0.9972239652374607,128,34,52,99,124,0.265625,0.40625,0.7734375,0.96875,1250.0,128.0,10000.0,12.342756238047125,5.288536747331588,0.041316693338528034,8.407516914354417,0.06568372589339389,2.9476830553631266,0.023028773870024426,3.0577862580135595,10.0,128.0,0.9863232146266048,128.0,8.0,11.0,28.0,72.0,0.0625,0.0859375,0.21875,0.5625,78.125,15,84.83
layer2.3.conv2,conv,30,128,1,False,128.0,0,16.0,16.0,160000,15.941286766094066,14.33252990747448,0.11197288990214438,29.700630098757394,0.23203617264654214,5.079617475704676,0.039684511528942784,1.8365636887850099,10,128,0.9973575530432569,128,35,55,103,125,0.2734375,0.4296875,0.8046875,0.9765625,1250.0,128.0,10000.0,1.320343608460659,3.6206267329518744,0.02828614635118652,6.50253603047332,0.05080106273807281,2.1098962156780847,0.016483564184985037,3.040318913163107,10.0,128.0,0.9784397412831638,128.0,7.0,11.0,28.0,74.0,0.0546875,0.0859375,0.21875,0.578125,78.125,15,84.83
layer2.3,block,31,128,1,False,,0,16.0,16.0,160000,115.15521647599053,25.840734298332794,0.20188073670572496,48.24715312165272,0.3769308837629119,8.95657977347776,0.069973279480295,1.4021324265412431,10,128,0.9972036872918911,128,59,84,117,127,0.4609375,0.65625,0.9140625,0.9921875,1250.0,128.0,10000.0,7.181617473338546,6.26018782509835,0.04890771738358086,11.68575478903245,0.09129495928931601,3.128426327911114,0.024440830686805578,2.0911179783993905,10.0,128.0,0.9986764859069448,128.0,12.0,21.0,61.0,115.0,0.09375,0.1640625,0.4765625,0.8984375,78.125,15,84.83
layer2.4.conv1,conv,32,128,1,False,128.0,0,16.0,16.0,160000,225.45928645817958,18.516350755886926,0.1446589902803666,33.16424940071402,0.2590956984430783,6.70438846133346,0.05237803485416766,1.9670141216024988,10,128,0.9970609220043396,128,34,53,100,125,0.265625,0.4140625,0.78125,0.9765625,1250.0,128.0,10000.0,14.981487092743336,5.111294389917732,0.03993198742123228,8.447076429026438,0.06599278460176905,2.848733470023478,0.022255730234558423,3.058956851141505,10.0,128.0,0.9856420171824782,128.0,8.0,12.0,30.0,74.0,0.0625,0.09375,0.234375,0.578125,78.125,15,84.83
layer2.4.conv2,conv,33,128,1,False,128.0,0,16.0,16.0,160000,16.539995356587255,13.07251652685688,0.10212903536606938,28.141023704102007,0.21985174768829693,4.702126685232157,0.03673536472837623,1.8413689797197674,10,128,0.9977302053120676,128,33,54,102,125,0.2578125,0.421875,0.796875,0.9765625,1250.0,128.0,10000.0,1.4384067486566803,3.6449413858482314,0.028476104576939307,6.275079265898221,0.04902405676482985,2.295494453672461,0.017933550419316102,3.101024368488395,10.0,128.0,0.9796876748056086,128.0,7.0,11.0,28.0,71.0,0.0546875,0.0859375,0.21875,0.5546875,78.125,15,84.83
layer2.4,block,34,128,1,False,,0,16.0,16.0,160000,142.42094953317428,26.780879465664086,0.20922562082550067,49.45978394959017,0.3864045621061732,9.02040757480835,0.07047193417819024,1.4056114204426557,10,128,0.9975385380131718,128,60,85,117,127,0.46875,0.6640625,0.9140625,0.9921875,1250.0,128.0,10000.0,8.754849265606605,6.643606864119925,0.051903178625936915,12.395530148770469,0.09684007928726929,3.348354600503044,0.02615902031643003,2.0943714765173955,10.0,128.0,0.9987044848997989,128.0,13.0,23.0,64.0,116.0,0.1015625,0.1796875,0.5,0.90625,78.125,15,84.83
layer2.5.conv1,conv,35,128,1,False,128.0,0,16.0,16.0,160000,264.29171302570137,16.900223379373664,0.13203299515135675,31.845393526795615,0.24879213692809074,5.9582834997266305,0.0465490898416143,1.926428719676804,10,128,0.9972202229382503,128,34,53,101,125,0.265625,0.4140625,0.7890625,0.9765625,1250.0,128.0,10000.0,17.795129837244954,5.165462226113636,0.04035517364151278,8.519227497618896,0.06655646482514763,3.1107128347761646,0.024302444021688786,3.101471011473025,10.0,128.0,0.9845055436372483,128.0,8.0,13.0,31.0,75.0,0.0625,0.1015625,0.2421875,0.5859375,78.125,15,84.83
layer2.5.conv2,conv,36,128,1,False,128.0,0,16.0,16.0,160000,17.074114919632347,9.910692644584614,0.0774272862858173,23.65154413618334,0.18477768856393234,3.703130270629885,0.028930705239295976,1.8222582483052305,10,128,0.9984439699486254,128,30,50,100,125,0.234375,0.390625,0.78125,0.9765625,1250.0,128.0,10000.0,1.657963617902237,3.3381868189592505,0.026079584523119145,5.737535467065281,0.04482449583644751,2.138413876628301,0.0167063584111586,3.156900827555269,10.0,128.0,0.9810546812472473,128.0,6.0,11.0,26.0,68.0,0.046875,0.0859375,0.203125,0.53125,78.125,15,84.83
layer2.5,block,37,128,1,False,,0,16.0,16.0,160000,159.34069348551094,29.81910143871494,0.23296172998996048,52.581491413558496,0.41079290166842575,10.34897770393764,0.08085138831201281,1.397339263875974,10,128,0.9981404150352465,128,62,86,117,127,0.484375,0.671875,0.9140625,0.9921875,1250.0,128.0,10000.0,9.18762392008804,7.435657952471217,0.058091077753681386,14.045239362134643,0.1097284325166769,3.5970938787704045,0.028102295927893785,2.0925298262560865,10.0,128.0,0.9991926906764581,128.0,15.0,26.0,69.0,118.0,0.1171875,0.203125,0.5390625,0.921875,78.125,15,84.83
layer3.0.conv1,conv,38,256,1,False,256.0,0,8.0,8.0,160000,678.3986251380561,22.00797826646734,0.08596866510338805,38.383506020575894,0.14993557039287458,8.634534960974465,0.0337286521913065,2.105961713405618,10,256,0.9973399667553383,256,36,59,154,239,0.140625,0.23046875,0.6015625,0.93359375,625.0,256.0,10000.0,54.01882872518879,6.795483767549297,0.02654485846698944,11.25954952502767,0.04398261533213933,3.5110650079636447,0.013715097687357987,2.5749572592605565,10.0,256.0,0.9957698596809418,256.0,10.0,16.0,42.0,144.0,0.0390625,0.0625,0.1640625,0.5625,39.0625,15,84.83
layer3.0.conv2,conv,39,256,1,False,256.0,0,8.0,8.0,160000,46.696993723938014,34.975713059698414,0.13662387913944693,59.969250793777775,0.23425488591319443,12.94861155043134,0.05058051386887242,1.9731049004920125,10,256,0.9909790405474055,256,59,91,188,247,0.23046875,0.35546875,0.734375,0.96484375,625.0,256.0,10000.0,4.460134661567138,7.2142848926272976,0.02818080036182538,12.003668925131702,0.04688933173879571,3.7453469998369946,0.01463026171811326,2.5686910128626983,10.0,256.0,0.9922924621225213,256.0,11.0,18.0,49.0,154.0,0.04296875,0.0703125,0.19140625,0.6015625,39.0625,15,84.83
layer3.0.downsample.0,conv,40,256,1,False,128.0,0,8.0,8.0,160000,125.23867042399908,18.129186577264463,0.07081713506743931,32.36848309098148,0.1264393870741464,7.153660560744016,0.027943986565406313,8.83661829403018,10,256,0.5865269786976481,193,35,56,100,124,0.13671875,0.21875,0.390625,0.484375,625.0,256.0,10000.0,10.045327112070833,5.974343262551263,0.02333727836934087,10.990203360222166,0.042930481875867836,2.9733807125739116,0.011614768408491842,8.118469753058195,10.0,256.0,0.6090716890730725,190.0,11.0,18.0,55.0,110.0,0.04296875,0.0703125,0.21484375,0.4296875,39.0625,15,84.83
layer3.0,block,41,256,1,False,,0,8.0,8.0,160000,59.79437709212081,36.356843373546596,0.1420189194279164,77.74244159719802,0.3036814124890548,10.963201600184872,0.04282500625072216,1.2846293512532223,10,256,0.9989861808098901,256,112,165,232,254,0.4375,0.64453125,0.90625,0.9921875,625.0,256.0,10000.0,4.885025280058142,8.36921166777995,0.03269223307726543,17.772019634228563,0.06942195169620533,3.9131048775630957,0.015285565927980842,1.6467084826949716,10.0,256.0,0.9974694650787596,256.0,20.0,46.0,154.0,241.0,0.078125,0.1796875,0.6015625,0.94140625,39.0625,15,84.83
layer3.1.conv1,conv,42,256,1,False,256.0,0,8.0,8.0,160000,146.66121852127824,32.586181268678715,0.12728977058077623,57.48430603848637,0.2245480704628374,11.441487689398333,0.04469331128671224,1.9213038900675812,10,256,0.9933868818901901,256,57,91,192,248,0.22265625,0.35546875,0.75,0.96875,625.0,256.0,10000.0,13.58137222077433,7.764396755202669,0.030329674825010425,13.075527874232895,0.051076280758722246,3.9689198941396446,0.015503593336482987,2.5417940220491766,10.0,256.0,0.9912786515815788,256.0,12.0,20.0,56.0,164.0,0.046875,0.078125,0.21875,0.640625,39.0625,15,84.83
layer3.1.conv2,conv,43,256,1,False,256.0,0,8.0,8.0,160000,33.98392940407724,31.10393681052299,0.12149975316610542,57.84727523059617,0.22596591886951628,9.731563489989595,0.038013919882771856,1.8115364604191044,10,256,0.9934512236540096,256,59,99,202,250,0.23046875,0.38671875,0.7890625,0.9765625,625.0,256.0,10000.0,3.184895875322755,8.545156026364838,0.03337951572798765,15.13514558438016,0.059121662438985,4.211302908410214,0.016450401985977397,2.54772098306646,10.0,256.0,0.987356747168594,256.0,15.0,24.0,68.0,175.0,0.05859375,0.09375,0.265625,0.68359375,39.0625,15,84.83
layer3.1,block,44,256,1,False,,0,8.0,8.0,160000,99.1703360005575,42.51574616565845,0.16607713345960332,86.15872648661139,0.3365575253383257,12.523376241433699,0.048919438443100385,1.289584548138678,10,256,0.9986574675216962,256,117,169,234,254,0.45703125,0.66015625,0.9140625,0.9921875,625.0,256.0,10000.0,8.24761139618565,9.181856873672663,0.03586662841278384,20.127025485468792,0.07862119330261247,4.035075471439629,0.01576201356031105,1.682615603516442,10.0,256.0,0.9980508613934183,256.0,24.0,51.0,160.0,242.0,0.09375,0.19921875,0.625,0.9453125,39.0625,15,84.83
layer3.2.conv1,conv,45,256,1,False,256.0,0,8.0,8.0,160000,201.11418114364298,33.49050166333517,0.13082227212240302,58.482349647342375,0.22844667830993115,11.91489160424393,0.04654254532907785,1.8706239428666982,10,256,0.9938368427634655,256,57,94,197,249,0.22265625,0.3671875,0.76953125,0.97265625,625.0,256.0,10000.0,17.433864470037168,8.568006600839217,0.03346877578452819,15.21584487673311,0.05943689404973871,4.03165399276694,0.01574864840924586,2.561390248254007,10.0,256.0,0.9904026237121109,256.0,15.0,24.0,66.0,174.0,0.05859375,0.09375,0.2578125,0.6796875,39.0625,15,84.83
layer3.2.conv2,conv,46,256,1,False,256.0,0,8.0,8.0,160000,29.301806055055273,32.763449368264574,0.1279822240947835,59.00273584078712,0.23047943687807468,10.72298672671859,0.04188666690124449,1.7790484160196067,10,256,0.9935149899641524,256,59,102,205,250,0.23046875,0.3984375,0.80078125,0.9765625,625.0,256.0,10000.0,2.8719954313159577,7.658636941413731,0.02991655055239739,14.453779332113095,0.05646007551606678,3.7044037985826996,0.01447032733821367,2.5246942918333746,10.0,256.0,0.986971573983088,256.0,16.0,25.0,71.0,179.0,0.0625,0.09765625,0.27734375,0.69921875,39.0625,15,84.83
layer3.2,block,47,256,1,False,,0,8.0,8.0,160000,148.47931520854314,46.158987158553536,0.18030854358809975,89.26783227830514,0.34870246983712944,14.030581167852905,0.05480695768692541,1.3177679408286136,10,256,0.9980458137434122,256,116,169,234,254,0.453125,0.66015625,0.9140625,0.9921875,625.0,256.0,10000.0,12.746338290301422,9.35191934192401,0.03653093492939066,20.95507227367614,0.08185575106904742,4.008874333878317,0.015659665366712174,1.706959780138629,10.0,256.0,0.997702844073146,256.0,25.0,53.0,161.0,242.0,0.09765625,0.20703125,0.62890625,0.9453125,39.0625,15,84.83
layer3.3.conv1,conv,48,256,1,False,256.0,0,8.0,8.0,160000,260.5614864309342,33.33071821011681,0.13019811800826878,58.074192365015165,0.2268523139258405,13.185662171170085,0.051506492856133144,1.824554404295219,10,256,0.9945035682531815,256,57,97,200,249,0.22265625,0.37890625,0.78125,0.97265625,625.0,256.0,10000.0,21.945865106964273,7.633906120293361,0.02981994578239594,14.914685964584946,0.058260492049159944,3.4505977029235892,0.01347889727704527,2.5188032302241914,10.0,256.0,0.9901219077828799,256.0,16.0,25.0,71.0,180.0,0.0625,0.09765625,0.27734375,0.703125,39.0625,15,84.83
layer3.3.conv2,conv,49,256,1,False,256.0,0,8.0,8.0,160000,28.696919340536823,25.45484471201513,0.0994329871563091,51.64220425549903,0.2017273603730431,7.886183827091431,0.0308054055745759,1.723895608255175,10,256,0.9940238663598528,256,56,100,205,250,0.21875,0.390625,0.80078125,0.9765625,625.0,256.0,10000.0,2.7917199178865384,6.233062860933161,0.02434790180052016,12.73708189705644,0.04975422616037672,3.0012191095927654,0.01172351214684674,2.4868930066282635,10.0,256.0,0.9848175171232716,256.0,15.0,23.0,71.0,178.0,0.05859375,0.08984375,0.27734375,0.6953125,39.0625,15,84.83
layer3.3,block,50,256,1,False,,0,8.0,8.0,160000,204.14969320477655,46.84367927510122,0.18298312216836415,88.98900000217942,0.3476132812585134,14.414897677705273,0.05630819405353622,1.3388008963809395,10,256,0.9976637917661622,256,114,167,233,254,0.4453125,0.65234375,0.91015625,0.9921875,625.0,256.0,10000.0,17.867472591852607,9.610788326621718,0.037542141900866084,21.4555042276558,0.08381056338928047,4.145799933754694,0.016194530991229274,1.7262072439435174,10.0,256.0,0.9971285548506353,256.0,26.0,53.0,161.0,242.0,0.1015625,0.20703125,0.62890625,0.9453125,39.0625,15,84.83
layer3.4.conv1,conv,51,256,1,False,256.0,0,8.0,8.0,160000,328.58456455327115,31.045329022500326,0.1212708164941419,56.27110934532824,0.21980902088018844,10.377764887987047,0.0405381440936994,1.802079430582844,10,256,0.995270422776002,256,57,98,201,250,0.22265625,0.3828125,0.78515625,0.9765625,625.0,256.0,10000.0,27.63481455348108,8.341707827251817,0.03258479620020241,15.809298779494139,0.06175507335739898,4.026710301633817,0.015729337115757098,2.531285197588798,10.0,256.0,0.9884027678432883,256.0,17.0,26.0,73.0,181.0,0.06640625,0.1015625,0.28515625,0.70703125,39.0625,15,84.83
layer3.4.conv2,conv,52,256,1,False,256.0,0,8.0,8.0,160000,28.11693647227049,22.17404793444171,0.08661737474391293,46.79632460251371,0.18279814297856917,6.988544165609649,0.02729900064691269,1.6904625659934545,10,256,0.9946371580363847,256,53,97,204,250,0.20703125,0.37890625,0.796875,0.9765625,625.0,256.0,10000.0,2.778716679993355,6.944530707515944,0.027127073076234156,13.258718539070912,0.05179186929324575,3.522454993226349,0.013759589817290425,2.47951097194328,10.0,256.0,0.9836264061169598,256.0,14.0,22.0,70.0,177.0,0.0546875,0.0859375,0.2734375,0.69140625,39.0625,15,84.83
layer3.4,block,53,256,1,False,,0,8.0,8.0,160000,262.87085507684316,45.55180631027714,0.1779367433995201,86.96333523046587,0.3397005282440073,13.582041497316549,0.05305484959889277,1.352994121782778,10,256,0.9974725448959996,256,112,166,233,254,0.4375,0.6484375,0.91015625,0.9921875,625.0,256.0,10000.0,23.449159856220078,10.17320537671469,0.03973908350279176,22.1329509743893,0.0864568397437082,4.4194858420445025,0.017263616570486338,1.7426222299396588,10.0,256.0,0.9968315898366484,256.0,26.0,53.0,160.0,241.0,0.1015625,0.20703125,0.625,0.94140625,39.0625,15,84.83
layer3.5.conv1,conv,54,256,1,False,256.0,0,8.0,8.0,160000,388.6558654636709,28.23754627881282,0.11030291515161258,53.15662652933871,0.20764307238022933,9.5039426582766,0.03712477600889297,1.7551689714107508,10,256,0.9956490705453405,256,56,98,203,250,0.21875,0.3828125,0.79296875,0.9765625,625.0,256.0,10000.0,34.083444707201345,8.56604292073505,0.03346110515912129,15.531113316111538,0.060668411391060696,4.447762798106074,0.01737407343010185,2.487404042695063,10.0,256.0,0.9879247243775444,256.0,16.0,25.0,73.0,182.0,0.0625,0.09765625,0.28515625,0.7109375,39.0625,15,84.83
layer3.5.conv2,conv,55,256,1,False,256.0,0,8.0,8.0,160000,31.474644880255624,13.319830508647073,0.05203058792440263,34.44919572517003,0.13456717080144542,4.506808294774894,0.01760471990146443,1.6450967425664669,10,256,0.9948337969659015,256,46,86,198,249,0.1796875,0.3359375,0.7734375,0.97265625,625.0,256.0,10000.0,3.6840548763080334,4.5829837928780846,0.017902280440930018,9.456046966866682,0.036937683464322975,2.395457021230438,0.009357253989181398,2.4550427650944537,10.0,256.0,0.9809954742592627,256.0,11.0,17.0,56.0,164.0,0.04296875,0.06640625,0.21875,0.640625,39.0625,15,84.83
layer3.5,block,56,256,1,False,,0,8.0,8.0,160000,314.6195244697343,45.094861114857345,0.1761518012299115,86.22838796246683,0.33682964047838604,13.338445767848349,0.05210330378065761,1.3565767679271086,10,256,0.9973554126518742,256,111,165,233,254,0.43359375,0.64453125,0.91015625,0.9921875,625.0,256.0,10000.0,29.124348201302382,10.906641085266939,0.04260406673932398,22.61582653761046,0.08834307241254086,4.93640065212493,0.019282815047363008,1.7403239293684234,10.0,256.0,0.9967356528940458,256.0,25.0,52.0,159.0,241.0,0.09765625,0.203125,0.62109375,0.94140625,39.0625,15,84.83
layer4.0.conv1,conv,57,512,1,False,512.0,0,4.0,4.0,160000,919.8614669606073,25.36857274045585,0.04954799363370283,50.096490610543974,0.0978447082237187,8.485167774373789,0.016572593309323806,1.793541490752514,10,512,0.9915890976507187,512,49,93,315,481,0.095703125,0.181640625,0.615234375,0.939453125,312.5,512.0,10000.0,119.58953460904004,8.629813688541857,0.016855104860433314,15.981556942132821,0.031213978402603166,4.352679354419775,0.008501326864101122,1.9569543322207024,10.0,512.0,0.9902372436036591,512.0,15.0,25.0,123.0,381.0,0.029296875,0.048828125,0.240234375,0.744140625,19.53125,15,84.83
layer4.0.conv2,conv,58,512,1,False,512.0,0,4.0,4.0,160000,89.45732162404713,22.514047871771574,0.043972749749553855,49.10815758905011,0.0959143702911135,8.723881747735428,0.017038831538545757,1.792478210834362,10,512,0.9931994172766803,512,55,101,320,485,0.107421875,0.197265625,0.625,0.947265625,312.5,512.0,10000.0,15.947782807884307,6.533565378767315,0.012760869880404912,11.40580388127566,0.022276960705616522,3.2817903896240375,0.006409746854734448,1.9667093343153723,10.0,512.0,0.988237486138151,512.0,10.0,16.0,72.0,323.0,0.01953125,0.03125,0.140625,0.630859375,19.53125,15,84.83
layer4.0.downsample.0,conv,59,512,1,False,256.0,0,4.0,4.0,160000,194.65469284702652,26.135838904025068,0.05104656035942396,53.397425545768385,0.10429184676907888,8.27537723107158,0.01616284615443668,7.050899718571557,10,512,0.5360334029572329,376,65,115,206,249,0.126953125,0.224609375,0.40234375,0.486328125,312.5,512.0,10000.0,27.108386198273095,8.257565847175835,0.016128058295265302,17.584914034884957,0.03434553522438468,3.889651868362736,0.007596976305395969,6.609762962313859,10.0,512.0,0.5640652895006373,383.0,19.0,43.0,152.0,237.0,0.037109375,0.083984375,0.296875,0.462890625,19.53125,15,84.83
layer4.0,block,60,512,1,False,,0,4.0,4.0,160000,124.41019480431612,31.311020245726315,0.06115433641743421,82.48875658691458,0.16111085270881753,8.754242041872507,0.01709812898803224,1.3159905928044606,10,512,0.9951509837699521,512,145,262,441,504,0.283203125,0.51171875,0.861328125,0.984375,312.5,512.0,10000.0,21.320998791788558,8.837705836858014,0.017261144212613308,18.649320401131465,0.03642445390845989,4.220934337218484,0.008244012377379852,1.3870232752882212,10.0,512.0,0.9912138198291112,512.0,19.0,59.0,293.0,479.0,0.037109375,0.115234375,0.572265625,0.935546875,19.53125,15,84.83
layer4.1.conv1,conv,61,512,1,False,512.0,0,4.0,4.0,160000,188.54028685301188,24.49380681502013,0.04783946643558619,52.024364040283565,0.10161008601617884,9.602963902048627,0.018755788871188724,1.6999377258367707,10,512,0.9910295300986759,512,57,112,347,491,0.111328125,0.21875,0.677734375,0.958984375,312.5,512.0,10000.0,33.9709499690843,6.672285221955318,0.01303180707413148,11.583842709808222,0.022624692792594183,3.3298195037929066,0.006503553718345521,1.8942036521585264,10.0,512.0,0.9863410063416874,512.0,10.0,15.0,84.0,343.0,0.01953125,0.029296875,0.1640625,0.669921875,19.53125,15,84.83
layer4.1.conv2,conv,62,512,1,False,512.0,0,4.0,4.0,160000,106.7228660698465,9.900308118538188,0.0193365392940199,25.226670970633435,0.04927084173951843,3.812163175332379,0.007445631201821052,1.7187163140463644,10,512,0.9877894474892727,512,31,60,258,474,0.060546875,0.1171875,0.50390625,0.92578125,312.5,512.0,10000.0,34.5991629185744,3.2001875313069568,0.0062503662720839,5.901223004081638,0.01152582617984695,1.887035572992217,0.003685616353500424,1.9528105552678126,10.0,512.0,0.9813694469338082,512.0,7.0,9.0,19.0,192.0,0.013671875,0.017578125,0.037109375,0.375,19.53125,15,84.83
layer4.1,block,63,512,1,False,,0,4.0,4.0,160000,219.80701310176613,22.37716836354183,0.04370540696004264,61.604407000248415,0.12032110742236019,6.90940350424403,0.01349492871922662,1.3787720215052606,10,512,0.9947879197879,512,104,215,421,501,0.203125,0.419921875,0.822265625,0.978515625,312.5,512.0,10000.0,54.95744083046475,6.076442912005286,0.011868052562510324,11.87606372544049,0.023195436963750957,2.9744377855616495,0.005809448799925097,1.4535779332624728,10.0,512.0,0.9925267977900992,512.0,10.0,21.0,180.0,448.0,0.01953125,0.041015625,0.3515625,0.875,19.53125,15,84.83
layer4.2.conv1,conv,64,512,1,False,512.0,0,4.0,4.0,160000,254.02921657762553,9.524707908614687,0.01860294513401306,30.13593109386222,0.058859240417699646,3.550031731011181,0.006933655724631213,1.6012169513853587,10,512,0.993238411881519,512,47,98,335,488,0.091796875,0.19140625,0.654296875,0.953125,312.5,512.0,10000.0,75.48130432932193,2.1251243446358976,0.0041506334856169875,4.354449332710144,0.0085047838529495,1.4783095883889434,0.002887323414822155,1.8546442639782685,10.0,512.0,0.9845917308744954,512.0,6.0,9.0,40.0,272.0,0.01171875,0.017578125,0.078125,0.53125,19.53125,15,84.83
layer4.2.conv2,conv,65,512,1,False,512.0,0,4.0,4.0,160000,205.19649187463654,2.028380450478774,0.003961680567341356,4.301516998233959,0.008401400387175701,1.4506993696707589,0.002833397206388201,1.5819831667336177,10,512,0.9912110733279392,512,5,15,95,411,0.009765625,0.029296875,0.185546875,0.802734375,312.5,512.0,10000.0,115.07073723916092,1.1116483152372325,0.0021711881156977197,1.3859686899321393,0.0027069700975237095,1.0545891436869053,0.002059744421263487,1.8997155913558637,10.0,512.0,0.9758051599514275,512.0,1.0,2.0,8.0,36.0,0.001953125,0.00390625,0.015625,0.0703125,19.53125,15,84.83
layer4.2,block,66,512,1,False,,0,4.0,4.0,160000,296.3432407353418,11.48318474235938,0.022428095199920665,41.74072642629584,0.08152485630135907,3.8101217906542737,0.007441644122371628,1.4079948109313893,10,512,0.9948749936082324,512,77,175,401,499,0.150390625,0.341796875,0.783203125,0.974609375,312.5,512.0,10000.0,99.24286334617577,3.1680936117705882,0.00618768283548943,6.878493624165855,0.013434557859698935,1.8587587874278906,0.003630388256695099,1.4800619901555945,10.0,512.0,0.9925215345829885,512.0,8.0,11.0,103.0,411.0,0.015625,0.021484375,0.201171875,0.802734375,19.53125,15,84.83
layer4.3.conv1,conv,67,512,1,False,512.0,0,4.0,4.0,160000,368.35678976865097,3.9558138224406227,0.007726198871954341,13.992807611138083,0.02732970236550407,2.061186607741785,0.004025755093245674,1.5673044720642009,10,512,0.9948889787707567,512,31,68,289,480,0.060546875,0.1328125,0.564453125,0.9375,312.5,512.0,10000.0,159.9282800237989,1.4036585146644736,0.00274152053645405,2.3293941995436835,0.004549598045983757,1.1872658080275171,0.0023188785313037444,1.8459217957045881,10.0,512.0,0.9834554941384737,512.0,3.0,6.0,16.0,186.0,0.005859375,0.01171875,0.03125,0.36328125,19.53125,15,84.83
layer4.3.conv2,conv,68,512,1,False,512.0,0,4.0,4.0,160000,281.206108954062,1.6271196145293902,0.0031779679971277153,2.7210355250201594,0.005314522509804999,1.2910728075665205,0.0025216265772783604,1.5132935694962617,10,512,0.994390048395046,512,3,4,43,342,0.005859375,0.0078125,0.083984375,0.66796875,312.5,512.0,10000.0,178.37485684079053,1.0419645144957772,0.002035086942374565,1.1603730889372195,0.0022663536893305068,1.0207984987710343,0.0019937470679121765,1.8977085899298947,10.0,512.0,0.9750507148764186,512.0,1.0,1.0,4.0,14.0,0.001953125,0.001953125,0.0078125,0.02734375,19.53125,15,84.83
layer4.3,block,69,512,1,False,,0,4.0,4.0,160000,365.21370229754956,7.263855176735929,0.014187217142062362,29.84026227712975,0.05828176226001904,2.851753823064499,0.00556983168567285,1.4245595067801593,10,512,0.9953087335646867,512,61,146,383,496,0.119140625,0.28515625,0.748046875,0.96875,312.5,512.0,10000.0,143.4249575580394,2.3617891744947563,0.004612869481435071,5.00866035507021,0.009782539755996503,1.567650800178707,0.0030618179690990372,1.5018174567239713,10.0,512.0,0.9921723453943141,512.0,7.0,10.0,67.0,377.0,0.013671875,0.01953125,0.130859375,0.736328125,19.53125,15,84.83
layer4.4.conv1,conv,70,512,1,False,512.0,0,4.0,4.0,160000,496.0369089973535,3.104577132070111,0.006063627211074436,9.353419676591255,0.018268397805842294,1.8251932965564048,0.003564830657336728,1.5518391136625356,10,512,0.9956998429653336,512,21,50,246,470,0.041015625,0.09765625,0.48046875,0.91796875,312.5,512.0,10000.0,234.43030162722738,1.267911211764365,0.0024763890854772753,1.8966126211820145,0.003704321525746122,1.1271986397569238,0.002201559843275242,1.8530919848903544,10.0,512.0,0.983146292027617,512.0,2.0,5.0,11.0,142.0,0.00390625,0.009765625,0.021484375,0.27734375,19.53125,15,84.83
layer4.4.conv2,conv,71,512,1,False,512.0,0,4.0,4.0,160000,347.6114646419473,1.5937869251275696,0.0031128650881397843,2.4646333985985693,0.004813737106637831,1.2790587828401647,0.0024981616852346967,1.5146205166118663,10,512,0.9948952771437356,512,3,3,24,277,0.005859375,0.005859375,0.046875,0.541015625,312.5,512.0,10000.0,220.3687299551657,1.0252820988331044,0.002002504099283407,1.1018335369582766,0.002152018626871634,1.01257352952308,0.0019776826748497656,1.8946141257871039,10.0,512.0,0.97503446960185,512.0,1.0,1.0,2.0,11.0,0.001953125,0.001953125,0.00390625,0.021484375,19.53125,15,84.83
layer4.4,block,72,512,1,False,,0,4.0,4.0,160000,451.98260120525276,4.9368618618243625,0.009642308323875708,20.79118790474381,0.040607788876452756,2.2891418279630162,0.004470980132740266,1.4396394102834116,10,512,0.9955832538253314,512,46,116,359,492,0.08984375,0.2265625,0.701171875,0.9609375,312.5,512.0,10000.0,201.08027722213032,1.9046069692127177,0.003719935486743589,3.7809470258689837,0.007384662159900359,1.39401075519733,0.002722677256244785,1.5171943530210865,10.0,512.0,0.9921127858835201,512.0,6.0,9.0,43.0,339.0,0.01171875,0.017578125,0.083984375,0.662109375,19.53125,15,84.83
layer4.5.conv1,conv,73,512,1,False,512.0,0,4.0,4.0,160000,718.5953742356692,2.4825272059818553,0.004848685949183311,6.4186454055948285,0.0125364168078024,1.6154050588722912,0.003155088005609944,1.5467181940442318,10,512,0.9960373215957298,512,12,32,187,454,0.0234375,0.0625,0.365234375,0.88671875,312.5,512.0,10000.0,379.59591011499026,1.2174609124700164,0.002377853344668001,1.6986912922129371,0.003317756430103393,1.1044782645314426,0.002157184110412974,1.8591899461885515,10.0,512.0,0.9831263109332989,512.0,1.0,3.0,9.0,92.0,0.001953125,0.005859375,0.017578125,0.1796875,19.53125,15,84.83
layer4.5.conv2,conv,74,512,1,False,512.0,0,4.0,4.0,160000,399.4762919189652,1.5961285367916151,0.0031174385484211233,2.368624113877775,0.004626218972417529,1.2816009603013376,0.00250312687558855,1.5177965024268043,10,512,0.9958148648415024,512,3,3,14,211,0.005859375,0.005859375,0.02734375,0.412109375,312.5,512.0,10000.0,251.52719347732648,1.0228657544723927,0.001997784676703892,1.0890991555062783,0.0021271467880982,1.0113837104416832,0.0019753588094564125,1.91937007827469,10.0,512.0,0.9773712857567783,512.0,1.0,1.0,2.0,10.0,0.001953125,0.001953125,0.00390625,0.01953125,19.53125,15,84.83
layer4.5,block,75,512,1,False,,0,4.0,4.0,160000,668.394350005595,2.732068211688409,0.005336070725953924,10.134133166912463,0.019793228841625904,1.6674350854371465,0.0032567091512444267,1.4526247019865415,10,512,0.9956219067633915,512,27,70,305,482,0.052734375,0.13671875,0.595703125,0.94140625,312.5,512.0,10000.0,358.86704885421807,1.4314125234882595,0.002795727584938007,2.40063648349984,0.004688743131835625,1.1996925788894746,0.002343149568143505,1.5308120203466267,10.0,512.0,0.9925621012223922,512.0,3.0,6.0,19.0,255.0,0.005859375,0.01171875,0.037109375,0.498046875,19.53125,15,84.83
fc,linear,76,10,1,False,,0,,,10000,164.91455000549723,3.840814674287987,0.38408146742879873,5.335935119010433,0.5335935119010433,2.293301759461623,0.22933017594616228,,10,10,,10,6,7,9,9,0.6,0.7,0.9,0.9,1000.0,,,,,,,,,,,,,,,,,,,,,,,,15,84.83
conv1,conv,0,64,1,False,27.0,0,32.0,32.0,160000,21.61957374263099,2.566997880254527,0.04010934187897698,4.132224112715014,0.0645660017611721,1.674583609960251,0.02616536890562892,14.672290888839882,10,64,0.913406328109408,45,5,6,10,15,0.078125,0.09375,0.15625,0.234375,2500.0,64.0,10000.0,5.923170851144162,1.7998993794090492,0.028123427803266394,2.1782974761682095,0.03403589806512827,1.4090791056037133,0.02201686102505802,8.330048007871083,10.0,64.0,0.9481573667791957,43.0,2.0,3.0,3.0,4.0,0.03125,0.046875,0.046875,0.0625,156.25,20,87.96
layer1.0.conv1,conv,1,64,1,False,64.0,0,32.0,32.0,160000,8.744828532344687,5.960545257795288,0.09313351965305137,10.12151072041206,0.15814860500643843,2.906338406616212,0.045411537603378314,3.674686965643526,10,64,0.9836183941173997,64,10,15,26,47,0.15625,0.234375,0.40625,0.734375,2500.0,64.0,10000.0,2.009073114256514,2.9035873213363006,0.0453685518958797,3.6150456542648883,0.05648508834788888,1.9975024466618974,0.031210975729092146,4.640235295690143,10.0,64.0,0.9787322190880983,64.0,3.0,4.0,5.0,13.0,0.046875,0.0625,0.078125,0.203125,156.25,20,87.96
layer1.0.conv2,conv,2,64,1,False,64.0,0,32.0,32.0,160000,5.102831258866088,9.624830645415102,0.15038797883461097,15.21237698560648,0.23769339040010126,4.371405995630468,0.06830321868172606,3.0970250187915958,10,64,0.9876667995069702,64,15,20,36,57,0.234375,0.3125,0.5625,0.890625,2500.0,64.0,10000.0,0.8651628131117384,3.136929964190277,0.049014530690473075,4.160873250130765,0.0650136445332932,2.078136563011991,0.03247088379706236,4.440144098352364,10.0,64.0,0.9727065263110006,64.0,4.0,4.0,10.0,22.0,0.0625,0.0625,0.15625,0.34375,156.25,20,87.96
layer1.0,block,3,64,1,False,,0,32.0,32.0,160000,4.008995362527081,11.341158643932435,0.1772056038114443,18.56003844649561,0.2900006007264939,5.082132022895367,0.07940831285774011,2.227384046127145,10,64,0.9895950883456842,64,19,28,49,62,0.296875,0.4375,0.765625,0.96875,2500.0,64.0,10000.0,0.5757541315545793,3.6075116215778293,0.05636736908715358,5.344577825315273,0.08350902852055114,2.240352263816093,0.035005504122126455,2.9562041578648643,10.0,64.0,0.9894364685605234,64.0,5.0,7.0,18.0,43.0,0.078125,0.109375,0.28125,0.671875,156.25,20,87.96
layer1.1.conv1,conv,4,64,1,False,64.0,0,32.0,32.0,160000,11.964871206019316,11.836026837629333,0.18493791933795833,17.997921016828354,0.281217515887943,5.147942781117555,0.0804366059549618,3.1558522811728174,10,64,0.9866640539311357,64,17,22,38,58,0.265625,0.34375,0.59375,0.90625,2500.0,64.0,10000.0,1.190722115139163,3.564801822938415,0.05570002848341273,4.780159343154434,0.07468998973678803,2.3140626369861454,0.03615722870290852,4.252839598297893,10.0,64.0,0.9746731458982473,64.0,4.0,5.0,12.0,26.0,0.0625,0.078125,0.1875,0.40625,156.25,20,87.96
layer1.1.conv2,conv,5,64,1,False,64.0,0,32.0,32.0,160000,3.1304999503663415,12.492228454511924,0.1951910696017488,19.251343651986485,0.3008022445622888,6.035593529344276,0.09430614889600432,2.6135393658124992,10,64,0.9875496212650421,64,18,26,45,61,0.28125,0.40625,0.703125,0.953125,2500.0,64.0,10000.0,0.1772786494097551,3.8095777734000373,0.05952465270937558,5.580065216103497,0.08718851900161714,2.51619696666017,0.039315577604065156,4.142466865469485,10.0,64.0,0.9715643547712078,64.0,5.0,8.0,16.0,33.0,0.078125,0.125,0.25,0.515625,156.25,20,87.96
layer1.1,block,6,64,1,False,,0,32.0,32.0,160000,7.494985244351737,13.23679856555872,0.206824977586855,21.93145636712756,0.3426790057363681,5.558502573740491,0.08685160271469518,2.005892929196909,10,64,0.9937411215946437,64,23,33,53,63,0.359375,0.515625,0.828125,0.984375,2500.0,64.0,10000.0,0.5584734373945289,4.110038090188026,0.06421934515918791,6.5484723286870095,0.10231988013573452,2.377310277440029,0.037145473085000456,2.7910119964994995,10.0,64.0,0.9934323836488481,64.0,6.0,10.0,23.0,50.0,0.09375,0.15625,0.359375,0.78125,156.25,20,87.96
layer1.2.conv1,conv,7,64,1,False,64.0,0,32.0,32.0,160000,23.18895072788394,10.992333675075324,0.17175521367305194,17.4389671216677,0.27248386127605784,5.038668638683676,0.07872919747943244,2.871472618336295,10,64,0.9862830634485774,64,17,23,41,60,0.265625,0.359375,0.640625,0.9375,2500.0,64.0,10000.0,1.0944269758983458,3.5766415147947486,0.055885023668667946,5.4236747943666845,0.08474491866197945,2.147789556820297,0.03355921182531714,4.111215485871779,10.0,64.0,0.9786731070377753,64.0,5.0,7.0,14.0,31.0,0.078125,0.109375,0.21875,0.484375,156.25,20,87.96
layer1.2.conv2,conv,8,64,1,False,64.0,0,32.0,32.0,160000,2.339498628668823,12.167636955433085,0.19011932742864196,19.92300325136225,0.31129692580253515,5.83876183016902,0.09123065359639093,2.2439626038665796,10,64,0.985985224931101,64,20,29,50,62,0.3125,0.453125,0.78125,0.96875,2500.0,64.0,10000.0,0.08540211684534592,3.761096867689778,0.05876713855765278,5.979586239218693,0.09343103498779208,2.2151985283154745,0.03461247700492929,4.0752843838764585,10.0,64.0,0.9718032610090658,64.0,6.0,8.0,17.0,35.0,0.09375,0.125,0.265625,0.546875,156.25,20,87.96
layer1.2,block,9,64,1,False,,0,32.0,32.0,160000,12.614794336244834,13.528953676566772,0.2113899011963558,23.22031544836521,0.3628174288807064,5.497707310122951,0.08590167672067112,1.8233627794103673,10,64,0.9918195569100886,64,25,37,56,63,0.390625,0.578125,0.875,0.984375,2500.0,64.0,10000.0,0.6176416463046777,5.026589269983332,0.07854045734348956,7.872079013103261,0.12300123457973845,2.785897762667874,0.04352965254168553,2.7267248972132174,10.0,64.0,0.9921282490122508,64.0,7.0,11.0,27.0,53.0,0.109375,0.171875,0.421875,0.828125,156.25,20,87.96
layer1.3.conv1,conv,10,64,1,False,64.0,0,32.0,32.0,160000,40.89178416577087,10.66024236765049,0.1665662869945389,16.807082505855433,0.26261066415399115,5.314495595065218,0.08303899367289404,2.8495023835202713,10,64,0.9875919067977792,64,16,23,41,59,0.25,0.359375,0.640625,0.921875,2500.0,64.0,10000.0,1.1479495399169954,3.0714855008586603,0.04799196095091657,5.130297607017296,0.08016090010964524,1.8695536844351697,0.029211776319299526,3.9802168061506573,10.0,64.0,0.9761244265240704,64.0,6.0,7.0,14.0,32.0,0.09375,0.109375,0.21875,0.5,156.25,20,87.96
layer1.3.conv2,conv,11,64,1,False,64.0,0,32.0,32.0,160000,1.5989075614058001,12.967428498308943,0.20261607028607723,21.275315489346443,0.3324268045210382,5.965962437884986,0.09321816309195291,2.1385998758702467,10,64,0.9890168306418109,64,22,31,52,63,0.34375,0.484375,0.8125,0.984375,2500.0,64.0,10000.0,0.04041509505569851,4.625925083385996,0.0722800794279062,7.227647882923106,0.11293199817067354,2.606899751535883,0.040732808617748174,3.970048506255229,10.0,64.0,0.9774637166957704,64.0,7.0,10.0,18.0,38.0,0.109375,0.15625,0.28125,0.59375,156.25,20,87.96
layer1.3,block,12,64,1,False,,0,32.0,32.0,160000,17.787075510925927,15.141766172922095,0.23659009645190773,25.595047226156506,0.3999226129086954,6.2518102794817345,0.0976845356169021,1.7287163697020023,10,64,0.9912514930428411,64,28,39,57,63,0.4375,0.609375,0.890625,0.984375,2500.0,64.0,10000.0,0.7225489727684319,5.748001711843373,0.0898125267475527,8.819947634288095,0.13781168178575148,3.128400757847096,0.04888126184136087,2.6717577965655566,10.0,64.0,0.9952972006054296,64.0,8.0,12.0,28.0,54.0,0.125,0.1875,0.4375,0.84375,156.25,20,87.96
layer1.4.conv1,conv,13,64,1,False,64.0,0,32.0,32.0,160000,50.75150265820627,10.594861835377278,0.16554471617776997,17.408786477299603,0.2720122887078063,4.831240335303083,0.07548813023911068,2.71957655486024,10,64,0.985019712494797,64,18,25,43,60,0.28125,0.390625,0.671875,0.9375,2500.0,64.0,10000.0,1.2988857706004089,3.5646640362672057,0.05569787556667509,5.6406275412089215,0.0881348053313894,2.092325146184578,0.03269258040913403,3.8240275295714756,10.0,64.0,0.9760973977761513,64.0,6.0,7.0,15.0,34.0,0.09375,0.109375,0.234375,0.53125,156.25,20,87.96
layer1.4.conv2,conv,14,64,1,False,64.0,0,32.0,32.0,160000,1.4894729099507678,12.204985690407497,0.19070290141261714,21.206166022073184,0.3313463440948935,5.055531857685024,0.0789926852763285,2.1714132375141753,10,64,0.9911843725789999,64,22,32,52,63,0.34375,0.5,0.8125,0.984375,2500.0,64.0,10000.0,0.06032090271742597,2.473178692537567,0.03864341707089949,4.454986926614878,0.06960917072835747,1.6224097446660872,0.025350152260407613,3.8910319097701995,10.0,64.0,0.9814311130679929,64.0,5.0,8.0,15.0,33.0,0.078125,0.125,0.234375,0.515625,156.25,20,87.96
layer1.4,block,15,64,1,False,,0,32.0,32.0,160000,21.003197860965482,17.918531568895677,0.27997705576399495,28.677646755946622,0.44808823056166597,7.827658590765259,0.12230716548070718,1.680217772448065,10,64,0.9920163462482683,64,31,42,58,64,0.484375,0.65625,0.90625,1.0,2500.0,64.0,10000.0,0.9248325471635835,5.39288567011048,0.08426383859547625,8.745319274743592,0.13664561366786862,2.82535152308534,0.044146117548208436,2.641096526663705,10.0,64.0,0.9969194582465706,64.0,8.0,12.0,28.0,54.0,0.125,0.1875,0.4375,0.84375,156.25,20,87.96
layer1.5.conv1,conv,16,64,1,False,64.0,0,32.0,32.0,160000,43.28908858807868,14.717496168637123,0.22996087763495504,22.9364806222331,0.35838250972239216,6.198321773388911,0.09684877770920174,2.665188955026609,10,64,0.9788134726299139,64,22,29,47,62,0.34375,0.453125,0.734375,0.96875,2500.0,64.0,10000.0,1.7896081497753056,3.606718365492931,0.056354974460827045,5.88034101799795,0.09188032840621797,2.077286770568003,0.03245760579012505,3.846090295005564,10.0,64.0,0.9846360721322885,64.0,6.0,8.0,15.0,33.0,0.09375,0.125,0.234375,0.515625,156.25,20,87.96
layer1.5.conv2,conv,17,64,1,False,64.0,0,32.0,32.0,160000,1.7933719158257042,12.301973154936226,0.19221833054587853,21.098795940183887,0.32966868656537324,4.808083035748274,0.07512629743356677,2.2165183109833686,10,64,0.9940604077117128,64,21,31,51,63,0.328125,0.484375,0.796875,0.984375,2500.0,64.0,10000.0,0.13068276736862922,2.4300071044241003,0.03796886100662657,4.015020008077287,0.06273468762620761,1.63659198828186,0.025571749816904063,3.8680619609632165,10.0,64.0,0.9709169111709918,64.0,5.0,6.0,13.0,31.0,0.078125,0.09375,0.203125,0.484375,156.25,20,87.96
layer1.5,block,18,64,1,False,,0,32.0,32.0,160000,23.08015217383863,19.89546151262436,0.31086658613475565,30.861750379120167,0.4822148496737526,8.557353899346012,0.13370865467728144,1.618790236050315,10,64,0.9914181853443643,64,32,43,59,64,0.5,0.671875,0.921875,1.0,2500.0,64.0,10000.0,1.0661560986937082,5.767217979690971,0.09011278093267142,9.249952234342816,0.1445305036616065,2.9907071627830524,0.04672979941848519,2.6393730374824944,10.0,64.0,0.995866501853839,64.0,9.0,12.0,29.0,55.0,0.140625,0.1875,0.453125,0.859375,156.25,20,87.96
layer2.0.conv1,conv,19,128,1,False,128.0,0,16.0,16.0,160000,104.79943286801405,16.324373170689874,0.12753416539601464,26.00699261501637,0.20317962980481538,6.8107100913315755,0.05320867258852793,2.6399850128825975,10,128,0.9936383731606103,128,24,35,70,116,0.1875,0.2734375,0.546875,0.90625,1250.0,128.0,10000.0,7.0086738101179815,4.672543208620788,0.03650424381734991,7.164356713542152,0.055971536824548064,2.572183998783222,0.02009518749049392,3.3545335461427204,10.0,128.0,0.9948872019586255,128.0,7.0,9.0,17.0,46.0,0.0546875,0.0703125,0.1328125,0.359375,78.125,20,87.96
layer2.0.conv2,conv,20,128,1,False,128.0,0,16.0,16.0,160000,8.340401922500675,24.155495097957772,0.1887148054527951,39.26922704895869,0.30679083631998977,9.925107017053413,0.07753989857072979,2.205218498999588,10,128,0.9804837539610096,128,38,55,95,123,0.296875,0.4296875,0.7421875,0.9609375,1250.0,128.0,10000.0,0.6070387419058452,5.760978348551138,0.045007643348055765,8.60304710802461,0.06721130553144226,3.2087883001492594,0.02506865859491609,3.2548023837325695,10.0,128.0,0.9874096786946285,128.0,8.0,10.0,22.0,61.0,0.0625,0.078125,0.171875,0.4765625,78.125,20,87.96
layer2.0.downsample.0,conv,21,128,1,False,64.0,0,16.0,16.0,160000,18.329018588446615,10.112503954279402,0.07900393714280783,16.282417488811692,0.12720638663134134,4.942483343123717,0.03861315111815404,10.769056264384002,10,128,0.631879796370064,93,16,24,44,60,0.125,0.1875,0.34375,0.46875,1250.0,128.0,10000.0,1.2836734954788298,4.411801080869851,0.03446719594429571,6.819701239072974,0.05327891593025761,2.462164167343654,0.019235657557372297,9.957562090005545,10.0,128.0,0.7059148792112354,97.0,7.0,8.0,18.0,43.0,0.0546875,0.0625,0.140625,0.3359375,78.125,20,87.96
layer2.0,block,22,128,1,False,,0,16.0,16.0,160000,17.093921031238622,21.698262034531062,0.16951767214477392,42.392170732668184,0.3311888338489702,8.250038081360529,0.06445342251062913,1.466059575616747,10,128,0.9956613109241809,128,54,79,114,127,0.421875,0.6171875,0.890625,0.9921875,1250.0,128.0,10000.0,1.134201238496,6.966119194742201,0.054422806208923445,11.559782285327627,0.09031079910412208,3.6340116515861673,0.028390716028016932,2.187179765548595,10.0,128.0,0.9956377504699545,128.0,10.0,17.0,52.0,109.0,0.078125,0.1328125,0.40625,0.8515625,78.125,20,87.96
layer2.1.conv1,conv,23,128,1,False,128.0,0,16.0,16.0,160000,43.59130754447958,24.284825040025755,0.1897251956252012,38.138038395308584,0.2979534249633483,10.49116871388451,0.08196225557722274,2.279102317034409,10,128,0.9840205394282209,128,36,51,92,123,0.28125,0.3984375,0.71875,0.9609375,1250.0,128.0,10000.0,2.7850616273337248,6.3547981322521645,0.049646860408220035,9.35891007612444,0.07311648496972219,3.6642582239623516,0.02862701737470587,3.212572867306044,10.0,128.0,0.9874059067876164,128.0,8.0,11.0,25.0,66.0,0.0625,0.0859375,0.1953125,0.515625,78.125,20,87.96
layer2.1.conv2,conv,24,128,1,False,128.0,0,16.0,16.0,160000,3.8899755024474785,24.013068273560044,0.18760209588718785,40.24691874847427,0.31442905272245525,9.780228006236161,0.07640803129872001,1.9562299838450294,10,128,0.9902317563355751,128,41,60,103,125,0.3203125,0.46875,0.8046875,0.9765625,1250.0,128.0,10000.0,0.23325944985896452,5.169704324979131,0.04038831503889946,9.25546048854369,0.07230828506674758,2.7342867319339765,0.02136161509323419,3.091213135806118,10.0,128.0,0.9768465248833235,128.0,10.0,15.0,36.0,81.0,0.078125,0.1171875,0.28125,0.6328125,78.125,20,87.96
layer2.1,block,25,128,1,False,,0,16.0,16.0,160000,23.43742595928041,25.553955288063246,0.1996402756879941,48.444535025862514,0.3784729298895509,9.680247869148369,0.07562693647772163,1.3972763197342932,10,128,0.99619422546229,128,60,84,117,127,0.46875,0.65625,0.9140625,0.9921875,1250.0,128.0,10000.0,1.3944366702518078,7.691377561126499,0.060088887196300775,13.053064632794731,0.10197706744370884,4.03064902929301,0.03148944554135164,2.103118436909172,10.0,128.0,0.9973561425733724,128.0,12.0,21.0,62.0,114.0,0.09375,0.1640625,0.484375,0.890625,78.125,20,87.96
layer2.2.conv1,conv,26,128,1,False,128.0,0,16.0,16.0,160000,52.29193005897972,22.26386683349516,0.17393645963668095,36.20011480842118,0.2828133969407905,9.180325247968055,0.07172129099975043,2.1983360751031493,10,128,0.9887575616380495,128,35,51,94,123,0.2734375,0.3984375,0.734375,0.9609375,1250.0,128.0,10000.0,3.275433257904889,6.386361196280579,0.049893446845942026,9.513785166284375,0.07432644661159668,3.762825683678631,0.029397075653739304,3.1939167418961913,10.0,128.0,0.9863874666277035,128.0,9.0,12.0,28.0,70.0,0.0703125,0.09375,0.21875,0.546875,78.125,20,87.96
layer2.2.conv2,conv,27,128,1,False,128.0,0,16.0,16.0,160000,3.411341890093093,22.07413007899536,0.17245414124215125,38.17247617501156,0.2982224701172778,8.711566813317,0.06805911572903907,1.9295897714828323,10,128,0.9913404030443161,128,40,59,103,125,0.3125,0.4609375,0.8046875,0.9765625,1250.0,128.0,10000.0,0.23471298030388138,5.399059922003219,0.04218015564065015,9.009636160229233,0.07038778250179088,3.0705366298045327,0.02398856742034791,3.1292599706861526,10.0,128.0,0.978337063628343,128.0,9.0,14.0,34.0,79.0,0.0703125,0.109375,0.265625,0.6171875,78.125,20,87.96
layer2.2,block,28,128,1,False,,0,16.0,16.0,160000,29.97714598638831,28.72936128622227,0.2244481350486115,52.756693210746874,0.41216166570895996,10.696827614839384,0.08356896574093269,1.3568673133169233,10,128,0.9957365559196474,128,64,88,118,127,0.5,0.6875,0.921875,0.9921875,1250.0,128.0,10000.0,1.7454596333371846,7.763102267661547,0.06064923646610584,13.702547500805636,0.10705115235004403,3.9247111401892716,0.030661805782728684,2.0642201338205406,10.0,128.0,0.997685016490299,128.0,13.0,24.0,67.0,116.0,0.1015625,0.1875,0.5234375,0.90625,78.125,20,87.96
layer2.3.conv1,conv,29,128,1,False,128.0,0,16.0,16.0,160000,59.16891009188869,20.988236304743552,0.163970596130809,35.919791451155376,0.2806233707121514,7.580240876032177,0.059220631844001385,2.120607780775563,10,128,0.991505948684598,128,36,53,97,124,0.28125,0.4140625,0.7578125,0.96875,1250.0,128.0,10000.0,3.7177915077721764,6.335687057573508,0.04949755513729303,9.703061569273512,0.07580516850994931,3.7478923461723306,0.029280408954471333,3.144182152569689,10.0,128.0,0.9875933592639563,128.0,9.0,13.0,30.0,74.0,0.0703125,0.1015625,0.234375,0.578125,78.125,20,87.96
layer2.3.conv2,conv,30,128,1,False,128.0,0,16.0,16.0,160000,3.086052017886994,20.114629709415446,0.15714554460480817,36.521199177139714,0.285321868571404,7.653483960981872,0.05979284344517088,1.9022486509599617,10,128,0.9946350598331302,128,39,59,104,125,0.3046875,0.4609375,0.8125,0.9765625,1250.0,128.0,10000.0,0.23200733161163292,5.195103954868437,0.040586749647409666,8.683609428432325,0.06784069865962754,2.9919045265183652,0.02337425411342473,3.1215372669088794,10.0,128.0,0.9772839667471419,128.0,9.0,14.0,34.0,78.0,0.0703125,0.109375,0.265625,0.609375,78.125,20,87.96
layer2.3,block,31,128,1,False,,0,16.0,16.0,160000,36.68624466935303,30.75781313902036,0.24029541514859656,55.38705317925558,0.4327113529629342,11.452839684049342,0.08947531003163549,1.329764559369631,10,128,0.9948040599632446,128,66,89,118,127,0.515625,0.6953125,0.921875,0.9921875,1250.0,128.0,10000.0,2.094040724506396,8.15397543963925,0.06370293312218164,14.522610688180047,0.11345789600140661,4.291516360398434,0.03352747156561277,2.048019815096049,10.0,128.0,0.9978387880685078,128.0,14.0,26.0,71.0,118.0,0.109375,0.203125,0.5546875,0.921875,78.125,20,87.96
layer2.4.conv1,conv,32,128,1,False,128.0,0,16.0,16.0,160000,63.31896927354064,20.485927683411106,0.16004631002664926,35.758705150506074,0.2793648839883287,7.40678616897664,0.05786551694513,2.054584204757778,10,128,0.9932149243143902,128,36,54,99,125,0.28125,0.421875,0.7734375,0.9765625,1250.0,128.0,10000.0,4.127077574405229,5.754390588244342,0.04495617647065892,9.474764864796859,0.07402160050622546,3.118160346212928,0.0243606277047885,3.1552039014232123,10.0,128.0,0.9842145426543688,128.0,9.0,14.0,32.0,76.0,0.0703125,0.109375,0.25,0.59375,78.125,20,87.96
layer2.4.conv2,conv,33,128,1,False,128.0,0,16.0,16.0,160000,3.490607411379954,15.044044165276562,0.11753159504122314,30.988022974192262,0.24209392948587705,5.322831116912882,0.04158461810088189,1.9176982623307712,10,128,0.9936115335693142,128,36,55,101,125,0.28125,0.4296875,0.7890625,0.9765625,1250.0,128.0,10000.0,0.2804174331731741,4.322309189525815,0.03376804054317043,7.610105411711155,0.0594539485289934,2.5416078143031506,0.019856311049243364,3.199432993901913,10.0,128.0,0.9777053901367968,128.0,9.0,14.0,32.0,75.0,0.0703125,0.109375,0.25,0.5859375,78.125,20,87.96
layer2.4,block,34,128,1,False,,0,16.0,16.0,160000,41.737927825078,32.80215284083761,0.2562668190690438,58.17269729087366,0.45447419758495045,11.513808214238521,0.08995162667373845,1.308987006838499,10,128,0.9937791147548042,128,68,91,119,127,0.53125,0.7109375,0.9296875,0.9921875,1250.0,128.0,10000.0,2.3411893824233254,8.511277113837235,0.0664943524518534,15.42937906560151,0.1205420239500118,4.744340132065358,0.03706515728176061,2.0257748314725825,10.0,128.0,0.9979409326141484,128.0,16.0,29.0,75.0,119.0,0.125,0.2265625,0.5859375,0.9296875,78.125,20,87.96
layer2.5.conv1,conv,35,128,1,False,128.0,0,16.0,16.0,160000,66.11076004228019,17.380959969653933,0.13578874976292135,33.81665871868974,0.2641926462397636,5.798019289124395,0.04529702569628433,1.970134077238241,10,128,0.993485061319532,128,37,56,101,125,0.2890625,0.4375,0.7890625,0.9765625,1250.0,128.0,10000.0,4.4584712738341,4.311445219655609,0.03368316577855945,8.383170047148049,0.06549351599334413,2.2881451193752684,0.017876133745119285,3.172046533713884,10.0,128.0,0.985512861341228,128.0,10.0,14.0,33.0,77.0,0.078125,0.109375,0.2578125,0.6015625,78.125,20,87.96
layer2.5.conv2,conv,36,128,1,False,128.0,0,16.0,16.0,160000,4.2435313689416905,7.892200658504458,0.06165781764456608,20.880206713144318,0.16312661494643999,3.1252347474537783,0.024415896464482643,1.9282728238949016,10,128,0.9960630957608402,128,29,47,95,124,0.2265625,0.3671875,0.7421875,0.96875,1250.0,128.0,10000.0,0.44296101471315025,2.4574542795089993,0.019198861558664057,4.6903222172476715,0.036643142322247434,1.6321891965080713,0.012751478097719307,3.2607879327364957,10.0,128.0,0.9795925881963146,128.0,6.0,11.0,25.0,65.0,0.046875,0.0859375,0.1953125,0.5078125,78.125,20,87.96
layer2.5,block,37,128,1,False,,0,16.0,16.0,160000,43.51210754988946,37.879644189458254,0.2959347202301426,63.07416018913108,0.49276687647758655,14.245220991912966,0.11129078899932004,1.2914581700985857,10,128,0.9935097166455145,128,71,93,120,127,0.5546875,0.7265625,0.9375,0.9921875,1250.0,128.0,10000.0,2.274239209229093,9.78331393685589,0.07643214013168664,17.884037711720776,0.13971904462281856,4.90216430364879,0.03829815862225617,2.0165082613063254,10.0,128.0,0.9986193281288761,128.0,19.0,33.0,81.0,120.0,0.1484375,0.2578125,0.6328125,0.9375,78.125,20,87.96
layer3.0.conv1,conv,38,256,1,False,256.0,0,8.0,8.0,160000,177.81703418668036,25.935282573353316,0.10130969755216139,44.71236051385861,0.1746576582572602,10.748120601918057,0.04198484610124241,2.179168743968275,10,256,0.9943893179052015,256,43,67,156,238,0.16796875,0.26171875,0.609375,0.9296875,625.0,256.0,10000.0,13.645723570393749,8.242796560019295,0.03219842406257537,13.549248917660107,0.05292675358460979,4.62410298565437,0.018062902287712384,2.681881868098908,10.0,256.0,0.9953991457519058,256.0,13.0,19.0,51.0,152.0,0.05078125,0.07421875,0.19921875,0.59375,39.0625,20,87.96
layer3.0.conv2,conv,39,256,1,False,256.0,0,8.0,8.0,160000,10.79155377246289,39.81178164221261,0.155514772039893,67.23997754086939,0.26265616226902105,16.000987588727842,0.06250385776846813,1.9949555215867962,10,256,0.9828147198022805,256,66,99,189,247,0.2578125,0.38671875,0.73828125,0.96484375,625.0,256.0,10000.0,1.018241668039966,8.163989572469074,0.03189058426745732,13.709325692590234,0.0535520534866806,4.509707581159151,0.017616045238902932,2.642005377556317,10.0,256.0,0.9915577003508362,256.0,13.0,21.0,57.0,161.0,0.05078125,0.08203125,0.22265625,0.62890625,39.0625,20,87.96
layer3.0.downsample.0,conv,40,256,1,False,128.0,0,8.0,8.0,160000,29.729093417640637,20.592697748628765,0.08044022558058112,35.22074346526803,0.13758102916120324,8.62562464862899,0.033693846283706995,8.840022762427234,10,256,0.5848035225602067,190,36,55,98,123,0.140625,0.21484375,0.3828125,0.48046875,625.0,256.0,10000.0,2.2668807432125777,7.825592260871402,0.030568719769028915,13.468120320139834,0.052609845000546225,4.151459322632597,0.016216637979033582,8.393709092544574,10.0,256.0,0.6235913882220325,192.0,13.0,21.0,58.0,110.0,0.05078125,0.08203125,0.2265625,0.4296875,39.0625,20,87.96
layer3.0,block,41,256,1,False,,0,8.0,8.0,160000,19.989931025733053,44.65972580649814,0.17445205393163335,91.25550672514885,0.3564668231451127,13.858237536275773,0.05413374037607724,1.243391105842444,10,256,0.9978417092582191,256,125,175,235,254,0.48828125,0.68359375,0.91796875,0.9921875,625.0,256.0,10000.0,1.5387736114757797,10.76791456898312,0.04206216628509031,22.627607196442153,0.08838909061110216,5.1394234109009105,0.02007587269883168,1.624440649793368,10.0,256.0,0.9974261924173006,256.0,28.0,60.0,172.0,244.0,0.109375,0.234375,0.671875,0.953125,39.0625,20,87.96
layer3.1.conv1,conv,42,256,1,False,256.0,0,8.0,8.0,160000,46.45602460447723,34.35289084720763,0.13419097987190481,61.650083428824324,0.24082063839384502,10.784953207534569,0.04212872346693191,1.9962480618904037,10,256,0.9857771429472444,256,62,94,187,247,0.2421875,0.3671875,0.73046875,0.96484375,625.0,256.0,10000.0,4.214004959391933,8.32066429087539,0.03250259488623199,14.509621408362051,0.05667820862641426,4.134879805995782,0.016151874242171023,2.635738429783798,10.0,256.0,0.9904033044715255,256.0,15.0,23.0,62.0,166.0,0.05859375,0.08984375,0.2421875,0.6484375,39.0625,20,87.96
layer3.1.conv2,conv,43,256,1,False,256.0,0,8.0,8.0,160000,6.373462979686869,33.40333690468631,0.1304817847839309,62.64088148044884,0.24469094328300328,9.771891484711002,0.03817145111215235,1.8583374795426677,10,256,0.9910976163945904,256,64,102,200,249,0.25,0.3984375,0.78125,0.97265625,625.0,256.0,10000.0,0.594043952408438,8.181901052272215,0.03196055098543834,16.24136108301926,0.06344281673054399,3.602991742973732,0.014074186495991141,2.6134593500007974,10.0,256.0,0.9861675261700755,256.0,18.0,28.0,76.0,179.0,0.0703125,0.109375,0.296875,0.69921875,39.0625,20,87.96
layer3.1,block,44,256,1,False,,0,8.0,8.0,160000,29.176723675964322,53.3204976548476,0.20828319396424844,102.58086887009597,0.4007065190238124,17.216781873949344,0.06725305419511463,1.2222238055143078,10,256,0.9970597086852266,256,133,181,237,254,0.51953125,0.70703125,0.92578125,0.9921875,625.0,256.0,10000.0,2.254388040849836,11.968840744105922,0.04675328415666376,26.158727407137118,0.10218252893412937,5.301296048335854,0.02070818768881193,1.6337221305460847,10.0,256.0,0.9979885646113744,256.0,33.0,70.0,180.0,246.0,0.12890625,0.2734375,0.703125,0.9609375,39.0625,20,87.96
layer3.2.conv1,conv,45,256,1,False,256.0,0,8.0,8.0,160000,56.34268348472175,34.615898938408165,0.1352183552281569,61.342365940301036,0.23961861695430092,11.191759407024742,0.0437178101836904,1.9548606640315467,10,256,0.9897596939574755,256,61,94,191,248,0.23828125,0.3671875,0.74609375,0.96875,625.0,256.0,10000.0,4.9476078970101165,9.179404211793063,0.03585704770231665,16.356281822373138,0.06389172586864507,4.415933266532933,0.01724973932239427,2.6400512741638957,10.0,256.0,0.9898731856697415,256.0,17.0,26.0,69.0,174.0,0.06640625,0.1015625,0.26953125,0.6796875,39.0625,20,87.96
layer3.2.conv2,conv,46,256,1,False,256.0,0,8.0,8.0,160000,6.19486963869972,33.37083032609058,0.13035480596129131,60.114871266198094,0.2348237158835863,10.997966809277887,0.04296080784874175,1.8770072101531419,10,256,0.992736512487719,256,60,97,198,249,0.234375,0.37890625,0.7734375,0.97265625,625.0,256.0,10000.0,0.5901573653974543,9.441169584563562,0.036879568689701415,17.061857406003003,0.06664788049219923,4.560551365554245,0.01781465377169627,2.6169036807819075,10.0,256.0,0.9862011188088547,256.0,18.0,28.0,75.0,179.0,0.0703125,0.109375,0.29296875,0.69921875,39.0625,20,87.96
layer3.2,block,47,256,1,False,,0,8.0,8.0,160000,40.56909909992659,57.423234615692685,0.22430951021754955,106.36609514768324,0.41549255917063765,18.865480062681073,0.07369328149484794,1.2333207846573384,10,256,0.9965840548222935,256,133,181,237,254,0.51953125,0.70703125,0.92578125,0.9921875,625.0,256.0,10000.0,3.224374808006445,12.45508497977647,0.04865267570225184,27.510453202691714,0.10746270782301451,5.285443629157401,0.020646264176396097,1.6516101794589275,10.0,256.0,0.9981823907291019,256.0,35.0,72.0,182.0,246.0,0.13671875,0.28125,0.7109375,0.9609375,39.0625,20,87.96
layer3.3.conv1,conv,48,256,1,False,256.0,0,8.0,8.0,160000,64.76152941064892,34.78494232094345,0.13587868094118535,60.91334071522973,0.23794273716886613,11.801074222110625,0.04609794618011963,1.911994708717158,10,256,0.9918635917766444,256,60,95,195,248,0.234375,0.37109375,0.76171875,0.96875,625.0,256.0,10000.0,5.295070623467762,9.98272511017823,0.03899501996163371,18.058344886057114,0.0705404097111606,4.684246826455696,0.01829783916584256,2.623612132254039,10.0,256.0,0.9897787159457881,256.0,19.0,29.0,75.0,181.0,0.07421875,0.11328125,0.29296875,0.70703125,39.0625,20,87.96
layer3.3.conv2,conv,49,256,1,False,256.0,0,8.0,8.0,160000,6.598670734395251,23.1752406128677,0.09052828364401445,49.41262994247737,0.19301808571280224,6.7880069634506786,0.026515652200979213,1.8615026696234973,10,256,0.9932799261235622,256,53,88,193,248,0.20703125,0.34375,0.75390625,0.96875,625.0,256.0,10000.0,0.6249151928305529,6.526869869144163,0.025495585426344388,13.769801631002984,0.05378828762110541,3.0354141182176564,0.01185708639928772,2.6138553515095824,10.0,256.0,0.9863551965979057,256.0,16.0,26.0,70.0,175.0,0.0625,0.1015625,0.2734375,0.68359375,39.0625,20,87.96
layer3.3,block,50,256,1,False,,0,8.0,8.0,160000,53.10146585839746,58.39950072210872,0.22812304969573718,106.54296285723764,0.41618344866108453,17.791051290621088,0.06949629410398862,1.2514867810605887,10,256,0.9966137298135671,256,132,180,237,254,0.515625,0.703125,0.92578125,0.9921875,625.0,256.0,10000.0,4.259194087462263,13.35867058620553,0.05218230697736535,28.798501998556397,0.11249414843186092,5.9425263971719335,0.023212993738952865,1.665660084065269,10.0,256.0,0.9979902733802515,256.0,36.0,74.0,182.0,246.0,0.140625,0.2890625,0.7109375,0.9609375,39.0625,20,87.96
layer3.4.conv1,conv,51,256,1,False,256.0,0,8.0,8.0,160000,76.84660099131762,30.776984013798454,0.12022259380390021,57.32945477156894,0.22394318270144117,9.412009139036089,0.03676566069935972,1.886716986431472,10,256,0.9919923055210544,256,57,93,196,249,0.22265625,0.36328125,0.765625,0.97265625,625.0,256.0,10000.0,6.372745302335699,9.58010370892205,0.037422280112976755,17.747932719723696,0.06932786218642069,4.789037231344964,0.018707176684941266,2.6185957161107654,10.0,256.0,0.9893793938902392,256.0,19.0,29.0,75.0,181.0,0.07421875,0.11328125,0.29296875,0.70703125,39.0625,20,87.96
layer3.4.conv2,conv,52,256,1,False,256.0,0,8.0,8.0,160000,7.209919458535203,16.683042630420815,0.06516813527508131,40.13359607622824,0.15677185967276655,5.12305320516112,0.020011926582660624,1.8539214286422236,10,256,0.9941147050678004,256,46,78,187,247,0.1796875,0.3046875,0.73046875,0.96484375,625.0,256.0,10000.0,0.7549392336208393,5.710059487647678,0.022304919873623742,11.908019196943378,0.04651569998806007,2.788857099794696,0.010893973046073032,2.630125924403503,10.0,256.0,0.9866500769133957,256.0,14.0,22.0,60.0,165.0,0.0546875,0.0859375,0.234375,0.64453125,39.0625,20,87.96
layer3.4,block,53,256,1,False,,0,8.0,8.0,160000,65.35056012782205,57.86819072144263,0.22604762000563527,105.2408283866873,0.41109698588549726,16.807271528259637,0.06565340440726421,1.2715860701872774,10,256,0.9967566547792513,256,130,179,237,254,0.5078125,0.69921875,0.92578125,0.9921875,625.0,256.0,10000.0,5.437292570690633,13.616423261701929,0.05318915336602316,28.96245015967617,0.11313457093623504,6.216457560409157,0.02428303734534827,1.6823499164206264,10.0,256.0,0.9976730607645942,256.0,35.0,72.0,180.0,246.0,0.13671875,0.28125,0.703125,0.9609375,39.0625,20,87.96
layer3.5.conv1,conv,54,256,1,False,256.0,0,8.0,8.0,160000,83.35245201656734,30.013932063180786,0.11724192212179994,55.840682064190865,0.21812766431324557,9.522345022363032,0.037196660243605593,1.845087755850533,10,256,0.9933935265851466,256,56,94,198,249,0.21875,0.3671875,0.7734375,0.97265625,625.0,256.0,10000.0,7.109421508586952,9.669011639946914,0.037769576718542634,17.790140191683236,0.06949273512376264,4.501295899995072,0.01758318710935575,2.5966498736480483,10.0,256.0,0.9890767196105359,256.0,19.0,28.0,75.0,182.0,0.07421875,0.109375,0.29296875,0.7109375,39.0625,20,87.96
layer3.5.conv2,conv,55,256,1,False,256.0,0,8.0,8.0,160000,8.675351823357214,9.174496340761621,0.03583787633110008,27.10667624875038,0.10588545409668117,3.3587474924711516,0.013120107392465436,1.830101165206382,10,256,0.9938087371638219,256,37,64,175,245,0.14453125,0.25,0.68359375,0.95703125,625.0,256.0,10000.0,1.0315543665633755,3.74552302508497,0.014630949316738164,8.272847175634633,0.032315809279822784,2.050560145691417,0.008010000569107098,2.610361909037445,10.0,256.0,0.9861072504179853,256.0,11.0,17.0,46.0,148.0,0.04296875,0.06640625,0.1796875,0.578125,39.0625,20,87.96
layer3.5,block,56,256,1,False,,0,8.0,8.0,160000,74.53433457483725,59.11064230774344,0.2309009465146228,105.62818474167322,0.41261009664716103,17.940704168441428,0.07008087565797433,1.2791419745995878,10,256,0.9963918330755227,256,130,179,237,254,0.5078125,0.69921875,0.92578125,0.9921875,625.0,256.0,10000.0,6.4134571425383,14.205933826836402,0.055491929011079695,29.425605211269364,0.11494377035652095,6.3989101627049605,0.024995742823066252,1.683215706977685,10.0,256.0,0.9973055766753527,256.0,35.0,72.0,180.0,245.0,0.13671875,0.28125,0.703125,0.95703125,39.0625,20,87.96
layer4.0.conv1,conv,57,512,1,False,512.0,0,4.0,4.0,160000,187.87867400007121,31.526867118846784,0.061575912341497625,57.56366327256412,0.1124290298292268,10.998345801613693,0.021481144143776745,1.8544241836646536,10,512,0.9909696321407743,512,53,96,314,481,0.103515625,0.1875,0.61328125,0.939453125,312.5,512.0,10000.0,24.31267777943117,10.433214050841833,0.020377371193050456,18.909684241879404,0.03693297703492071,4.936754230364943,0.009642098106181529,2.0136923427049918,10.0,512.0,0.9915074880147132,512.0,18.0,30.0,131.0,386.0,0.03515625,0.05859375,0.255859375,0.75390625,19.53125,20,87.96
layer4.0.conv2,conv,58,512,1,False,512.0,0,4.0,4.0,160000,19.276536431729216,29.444718224774565,0.05750921528276282,57.25536913012958,0.11182689283228434,10.287809823028248,0.020093378560602046,1.907131339236524,10,512,0.9934419123755959,512,58,99,304,482,0.11328125,0.193359375,0.59375,0.94140625,312.5,512.0,10000.0,3.713290531539799,8.01683142463198,0.015657873876234334,12.915660795418754,0.025225899991052254,3.9886467167625947,0.007790325618676943,2.059330134341271,10.0,512.0,0.9911682496095835,512.0,10.0,16.0,66.0,308.0,0.01953125,0.03125,0.12890625,0.6015625,19.53125,20,87.96
layer4.0.downsample.0,conv,59,512,1,False,256.0,0,4.0,4.0,160000,33.18261132358545,30.024988476651064,0.05864255561845911,58.338759188258564,0.11394288903956751,9.69305858194115,0.01893175504285381,7.068860847757837,10,512,0.5320391756097118,375,68,119,209,249,0.1328125,0.232421875,0.408203125,0.486328125,312.5,512.0,10000.0,4.8511106074287005,9.835941954826492,0.01921082413052049,19.95256431364805,0.03896985217509385,4.4562322522479585,0.008703578617671794,6.707093563379836,10.0,512.0,0.5646405855080996,384.0,21.0,46.0,156.0,238.0,0.041015625,0.08984375,0.3046875,0.46484375,19.53125,20,87.96
layer4.0,block,60,512,1,False,,0,4.0,4.0,160000,48.90922199820631,34.301953740130905,0.06699600339869317,83.81934488344888,0.1637096579754861,9.754101856220588,0.019050980187930836,1.3651339700824585,10,512,0.9938803448828265,512,135,251,436,503,0.263671875,0.490234375,0.8515625,0.982421875,312.5,512.0,10000.0,8.78511873246824,9.9431948621652,0.019420302465166406,19.799177090432377,0.038670267754750735,4.703039729815792,0.00918562447229647,1.4305429358448796,10.0,512.0,0.9913368556346073,512.0,19.0,55.0,283.0,476.0,0.037109375,0.107421875,0.552734375,0.9296875,19.53125,20,87.96
layer4.1.conv1,conv,61,512,1,False,512.0,0,4.0,4.0,160000,71.25156687406222,28.17395379095466,0.05502725349795832,52.22852434110082,0.10200883660371254,10.58973641663645,0.020683078938743066,1.9241108072178028,10,512,0.9899068209969138,512,50,84,283,478,0.09765625,0.1640625,0.552734375,0.93359375,312.5,512.0,10000.0,13.952899503595745,7.8245854239221675,0.015282393406097983,12.034288859830294,0.023504470429356043,4.1338046873628285,0.008073837280005524,2.0457297776780683,10.0,512.0,0.9907498248138255,512.0,10.0,14.0,56.0,291.0,0.01953125,0.02734375,0.109375,0.568359375,19.53125,20,87.96
layer4.1.conv2,conv,62,512,1,False,512.0,0,4.0,4.0,160000,20.10980142502662,20.461271808057695,0.039963421500112686,37.574170965885855,0.07338705266774581,8.934282957354013,0.017449771401082056,1.9200232210714918,10,512,0.9870991569449689,512,36,60,230,465,0.0703125,0.1171875,0.44921875,0.908203125,312.5,512.0,10000.0,6.266734092618059,7.574489324117522,0.014793924461167035,10.019195718604616,0.01956874163789964,4.2914262613559835,0.008381691916710905,2.085645176854522,10.0,512.0,0.9847305166878966,512.0,8.0,10.0,22.0,179.0,0.015625,0.01953125,0.04296875,0.349609375,19.53125,20,87.96
layer4.1,block,63,512,1,False,,0,4.0,4.0,160000,92.24377937029688,28.129493434462585,0.054940416864184737,66.05930867912093,0.12902208726390807,9.551619942294357,0.018655507699793666,1.4615603072487164,10,512,0.9948256311035484,512,94,198,410,499,0.18359375,0.38671875,0.80078125,0.974609375,312.5,512.0,10000.0,22.450303551601234,8.811802089314138,0.017210550955691677,14.682824349453723,0.028677391307526803,4.629804581338018,0.009042587072925816,1.5232990605999677,10.0,512.0,0.9938876206141294,512.0,10.0,24.0,176.0,445.0,0.01953125,0.046875,0.34375,0.869140625,19.53125,20,87.96
layer4.2.conv1,conv,64,512,1,False,512.0,0,4.0,4.0,160000,89.13779526265041,20.058765818480385,0.0391772769892195,41.406550353454044,0.08087216865908993,7.384411224785916,0.014422678173409993,1.821541144208529,10,512,0.9898004090983528,512,43,77,284,478,0.083984375,0.150390625,0.5546875,0.93359375,312.5,512.0,10000.0,20.75992542472865,5.368769817982403,0.010485878550746881,9.051281903591127,0.01767828496795142,2.7512890421884837,0.005373611410524382,1.986060366723865,10.0,512.0,0.989015828735852,512.0,8.0,10.0,43.0,264.0,0.015625,0.01953125,0.083984375,0.515625,19.53125,20,87.96
layer4.2.conv2,conv,65,512,1,False,512.0,0,4.0,4.0,160000,26.51572661379256,3.8762006834648184,0.007570704459892223,11.073627380470018,0.021628178477480504,2.0479431710766973,0.0039998890060091745,1.837075664943637,10,512,0.9884069512174216,512,18,32,133,428,0.03515625,0.0625,0.259765625,0.8359375,312.5,512.0,10000.0,11.742901104204742,1.6286051277311242,0.003180869390099852,2.7932275435612337,0.005455522546018035,1.2834777512343367,0.002506792482879564,2.0360343954696067,10.0,512.0,0.9820417158273754,512.0,4.0,7.0,11.0,74.0,0.0078125,0.013671875,0.021484375,0.14453125,19.53125,20,87.96
layer4.2,block,66,512,1,False,,0,4.0,4.0,160000,129.33052315430143,20.403809599389177,0.03985119062380699,52.323909300726946,0.10219513535298232,6.441733399005649,0.012581510544932908,1.5104437604818837,10,512,0.9955191953139825,512,73,162,388,496,0.142578125,0.31640625,0.7578125,0.96875,312.5,512.0,10000.0,37.25019180113419,6.85176019308205,0.01338234412711338,11.63479195250852,0.022724203032243203,3.4525155334630253,0.006743194401294971,1.5724397961003846,10.0,512.0,0.9942065987164111,512.0,9.0,15.0,118.0,416.0,0.017578125,0.029296875,0.23046875,0.8125,19.53125,20,87.96
layer4.3.conv1,conv,67,512,1,False,512.0,0,4.0,4.0,160000,107.95802338867452,9.351751590697518,0.01826513982558109,27.648643850482664,0.05400125752047395,3.458158373167661,0.006754215572593088,1.7746413057062023,10,512,0.9917220483167425,512,37,68,268,475,0.072265625,0.1328125,0.5234375,0.927734375,312.5,512.0,10000.0,36.288619386132154,2.5894537352684615,0.005057526826696214,5.050615300784402,0.009864483009344536,1.6551446365406801,0.003232704368243516,1.9752099241676226,10.0,512.0,0.9876591432794256,512.0,7.0,9.0,25.0,204.0,0.013671875,0.017578125,0.048828125,0.3984375,19.53125,20,87.96
layer4.3.conv2,conv,68,512,1,False,512.0,0,4.0,4.0,160000,35.48428468773243,2.0156710772803397,0.003936857572813163,4.391790618888331,0.008577716052516272,1.4402661652679236,0.0028130198540389133,1.7349398125895035,10,512,0.9929354787591839,512,6,15,75,376,0.01171875,0.029296875,0.146484375,0.734375,312.5,512.0,10000.0,20.491169056932666,1.1686735164223432,0.002282565461762389,1.546491168160219,0.0030204905628129276,1.0816106364375826,0.0021125207742921535,2.018917029264195,10.0,512.0,0.9802497425557914,512.0,1.0,3.0,8.0,27.0,0.001953125,0.005859375,0.015625,0.052734375,19.53125,20,87.96
layer4.3,block,69,512,1,False,,0,4.0,4.0,160000,158.3871333326832,15.185671742765633,0.029659515122589127,43.36548764043422,0.08469821804772308,4.8543134585499255,0.009481080973730323,1.5397976402547786,10,512,0.9959000274560892,512,62,139,372,494,0.12109375,0.271484375,0.7265625,0.96484375,312.5,512.0,10000.0,50.90492926199036,5.393272687570694,0.010533735717911512,9.760621974714411,0.019063714794364084,2.7164079385658364,0.005305484255011399,1.6064128414247205,10.0,512.0,0.9935160316234468,512.0,9.0,12.0,87.0,392.0,0.017578125,0.0234375,0.169921875,0.765625,19.53125,20,87.96
layer4.4.conv1,conv,70,512,1,False,512.0,0,4.0,4.0,160000,127.32859486831423,6.665654771768835,0.013018856976111005,20.662802347620737,0.04035703583519675,2.835740649026458,0.0055385559551298005,1.7513432780244853,10,512,0.9934099844639032,512,32,61,250,470,0.0625,0.119140625,0.48828125,0.91796875,312.5,512.0,10000.0,47.92390438174875,2.099190724609336,0.00409998188400261,3.9731254959559434,0.007760010734288952,1.4722164189889766,0.002875422693337845,1.9795321508040213,10.0,512.0,0.9866848292533585,512.0,6.0,8.0,19.0,174.0,0.01171875,0.015625,0.037109375,0.33984375,19.53125,20,87.96
layer4.4.conv2,conv,71,512,1,False,512.0,0,4.0,4.0,160000,39.968365599302984,1.8008558101433554,0.003517296504186241,3.4172298553208122,0.006674277061173461,1.3597962897164546,0.0026558521283524504,1.7029090192618772,10,512,0.9947476335273161,512,3,9,53,336,0.005859375,0.017578125,0.103515625,0.65625,312.5,512.0,10000.0,24.134187037219228,1.1107856908891156,0.002169503302517804,1.3636960021378168,0.0026634687541754235,1.0542437960668396,0.002059069914193046,2.016235422136457,10.0,512.0,0.9809285578143702,512.0,1.0,2.0,6.0,17.0,0.001953125,0.00390625,0.01171875,0.033203125,19.53125,20,87.96
layer4.4,block,72,512,1,False,,0,4.0,4.0,160000,186.24498029135003,11.457984988493706,0.02237887693065177,35.74355280805754,0.06981162657823738,3.9254058249431343,0.007666808251842059,1.5586582183297968,10,512,0.9964168729247371,512,53,121,355,491,0.103515625,0.236328125,0.693359375,0.958984375,312.5,512.0,10000.0,65.39400252559065,4.350030959636439,0.00849615421803992,8.250549986816434,0.016114355443000848,2.305882212283624,0.004503676195866453,1.6323578703431036,10.0,512.0,0.9929683356181608,512.0,8.0,10.0,67.0,367.0,0.015625,0.01953125,0.130859375,0.716796875,19.53125,20,87.96
layer4.5.conv1,conv,73,512,1,False,512.0,0,4.0,4.0,160000,164.69211533463883,5.417049733460355,0.010580175260664756,15.792763722820897,0.030845241646134565,2.518390314157992,0.0049187310823398285,1.74257143764232,10,512,0.9943506065960274,512,25,49,214,460,0.048828125,0.095703125,0.41796875,0.8984375,312.5,512.0,10000.0,72.07974791767106,2.1713440762320326,0.004240906398890689,3.882229594657164,0.007582479677064774,1.5080974826169784,0.002945502895736286,1.992437266177403,10.0,512.0,0.9866977059475067,512.0,5.0,7.0,13.0,130.0,0.009765625,0.013671875,0.025390625,0.25390625,19.53125,20,87.96
layer4.5.conv2,conv,74,512,1,False,512.0,0,4.0,4.0,160000,45.07176265220824,1.6870873004022142,0.0032950923835980746,3.0077936334491353,0.005874596940330342,1.3122424921110956,0.0025629736174044835,1.7080226310075814,10,512,0.9956433084398161,512,3,6,37,285,0.005859375,0.01171875,0.072265625,0.556640625,312.5,512.0,10000.0,28.734839151508282,1.1277150972469518,0.002202568549310453,1.3858685457664335,0.0027067745034500654,1.0625568623447375,0.0020753063717670653,2.0580563891831334,10.0,512.0,0.9842082590395625,512.0,1.0,2.0,6.0,14.0,0.001953125,0.00390625,0.01171875,0.02734375,19.53125,20,87.96
layer4.5,block,75,512,1,False,,0,4.0,4.0,160000,234.9991747795981,6.531162348495863,0.012756176461905983,23.6697329358754,0.04622994714038164,2.718018429857818,0.005308629745816051,1.5734009539720155,10,512,0.9967345855458231,512,41,94,325,485,0.080078125,0.18359375,0.634765625,0.947265625,312.5,512.0,10000.0,96.32882051649108,2.8556065360396667,0.005577356515702474,5.714561609244441,0.01116125314305555,1.755510528786178,0.003428731501535504,1.6537266067806529,10.0,512.0,0.9933145812914977,512.0,7.0,9.0,44.0,320.0,0.013671875,0.017578125,0.0859375,0.625,19.53125,20,87.96
fc,linear,76,10,1,False,,0,,,10000,111.85010597730944,4.567938588638143,0.45679385886381435,6.104887515484653,0.6104887515484653,2.5365844274960376,0.25365844274960375,,10,10,,10,6,7,9,9,0.6,0.7,0.9,0.9,1000.0,,,,,,,,,,,,,,,,,,,,,,,,20,87.96
conv1,conv,0,64,1,False,27.0,0,32.0,32.0,160000,20.25104727807633,2.931956157251362,0.045811814957052534,4.4894307981254356,0.07014735622070993,1.8367547295046849,0.0286992926485107,14.608589578284011,10,64,0.9357952760356534,48,5,6,10,15,0.078125,0.09375,0.15625,0.234375,2500.0,64.0,10000.0,5.210211575896635,2.0510529839814664,0.03204770287471041,2.3837954525170253,0.03724680394557852,1.578020425518744,0.024656569148730375,8.707968637816705,10.0,64.0,0.9474651993486065,43.0,2.0,3.0,3.0,4.0,0.03125,0.046875,0.046875,0.0625,156.25,30,84.87
layer1.0.conv1,conv,1,64,1,False,64.0,0,32.0,32.0,160000,6.654620168512649,6.286286434484789,0.09822322553882483,10.361957949607218,0.16190559296261278,3.1202533542706545,0.04875395866047898,4.020271821239327,10,64,0.9699308841598687,64,10,15,26,44,0.15625,0.234375,0.40625,0.6875,2500.0,64.0,10000.0,1.5822943073668512,3.2561504669121413,0.05087735104550221,3.7977307547917443,0.059339543043621004,2.4245320592336173,0.03788331342552527,5.340054917024029,10.0,64.0,0.9748552906664649,64.0,3.0,4.0,6.0,14.0,0.046875,0.0625,0.09375,0.21875,156.25,30,84.87
layer1.0.conv2,conv,2,64,1,False,64.0,0,32.0,32.0,160000,2.897474857458387,10.59729798028327,0.1655827809419261,16.488882853041094,0.2576387945787671,4.773751813303835,0.07458987208287242,3.3840288381312744,10,64,0.9722665946285206,64,16,22,36,55,0.25,0.34375,0.5625,0.859375,2500.0,64.0,10000.0,0.5066651897921828,4.018238077555229,0.06278496996180045,4.951117689807621,0.07736121390324407,2.774722572122833,0.04335504018941926,4.498771229067678,10.0,64.0,0.9630772942409045,64.0,4.0,5.0,10.0,23.0,0.0625,0.078125,0.15625,0.359375,156.25,30,84.87
layer1.0,block,3,64,1,False,,0,32.0,32.0,160000,2.943520032042526,9.70925098879574,0.15170704669993343,16.619890095800354,0.25968578274688053,4.167515628853452,0.06511743170083518,2.4024102516125407,10,64,0.9843076155893626,64,17,25,46,61,0.265625,0.390625,0.71875,0.953125,2500.0,64.0,10000.0,0.4307743362990826,3.8981071571800485,0.06090792433093826,5.405404575165444,0.08445944648696006,2.631377838994594,0.04111527873429053,3.021325846821133,10.0,64.0,0.9865119461672067,64.0,4.0,7.0,17.0,42.0,0.0625,0.109375,0.265625,0.65625,156.25,30,84.87
layer1.1.conv1,conv,4,64,1,False,64.0,0,32.0,32.0,160000,8.60323699771537,10.480863217433846,0.16376348777240385,16.75852798026333,0.26185199969161455,4.548876721049057,0.07107619876639151,3.3778375215922236,10,64,0.9658897897844091,64,16,22,37,55,0.25,0.34375,0.578125,0.859375,2500.0,64.0,10000.0,0.7973484771902665,3.7599345730070843,0.05874897770323569,4.924627282193176,0.07694730128426837,2.8359638759731043,0.044311935562079754,4.537766746297641,10.0,64.0,0.9719215863875498,64.0,4.0,5.0,13.0,26.0,0.0625,0.078125,0.203125,0.40625,156.25,30,84.87
layer1.1.conv2,conv,5,64,1,False,64.0,0,32.0,32.0,160000,2.037412735993702,11.873668403547315,0.1855260688054268,18.644678238708533,0.2913230974798208,5.7935868105095025,0.09052479391421098,2.7765465061938737,10,64,0.9698681635778601,64,19,25,43,60,0.296875,0.390625,0.671875,0.9375,2500.0,64.0,10000.0,0.10571403310876859,3.9496306062637268,0.06171297822287073,5.902746396125897,0.09223041243946714,2.411213745723464,0.037675214776929124,4.336605064102972,10.0,64.0,0.9663765254332043,64.0,5.0,8.0,16.0,33.0,0.078125,0.125,0.25,0.515625,156.25,30,84.87
layer1.1,block,6,64,1,False,,0,32.0,32.0,160000,5.430777058023944,12.310141708116397,0.1923459641893187,20.42354797065218,0.3191179370414403,5.342122188704254,0.08347065919850397,2.1684660667562836,10,64,0.9886506269912025,64,21,31,51,62,0.328125,0.484375,0.796875,0.96875,2500.0,64.0,10000.0,0.44004954912833505,4.433713117141406,0.06927676745533447,6.565665602861486,0.10258852504471072,2.7469876881673425,0.04292168262761473,2.9172837282008697,10.0,64.0,0.9868040740963366,64.0,6.0,9.0,23.0,48.0,0.09375,0.140625,0.359375,0.75,156.25,30,84.87
layer1.2.conv1,conv,7,64,1,False,64.0,0,32.0,32.0,160000,16.216501422956554,11.130355386125883,0.17391180290821692,17.571180095349007,0.27454968898982823,5.044058803055532,0.07881341879774269,3.1183865539079925,10,64,0.9749925614033769,64,17,23,39,58,0.265625,0.359375,0.609375,0.90625,2500.0,64.0,10000.0,0.7689533031119087,4.453915556205158,0.06959243056570559,6.10783770492537,0.0954349641394589,2.8826299239629476,0.045041092561921056,4.393643609133599,10.0,64.0,0.9769596557957725,64.0,5.0,7.0,14.0,30.0,0.078125,0.109375,0.21875,0.46875,156.25,30,84.87
layer1.2.conv2,conv,8,64,1,False,64.0,0,32.0,32.0,160000,1.5257948402308883,12.251703888902396,0.19143287326409994,19.74833211836875,0.30856768934951173,6.337745611129614,0.09902727517390023,2.4259585034571964,10,64,0.9739098090226033,64,20,29,48,61,0.3125,0.453125,0.75,0.953125,2500.0,64.0,10000.0,0.045484692477331334,5.499740225057844,0.08593344101652882,8.028453807074847,0.12544459073554448,3.0505806664715496,0.04766532291361796,4.261394698067661,10.0,64.0,0.9737724723833868,64.0,7.0,10.0,18.0,36.0,0.109375,0.15625,0.28125,0.5625,156.25,30,84.87
layer1.2,block,9,64,1,False,,0,32.0,32.0,160000,9.159477991934189,12.976566747568468,0.2027588554307573,21.969746760664243,0.3432772931353788,5.692350722036298,0.08894298003181715,2.0021781220915242,10,64,0.9832762112043346,64,24,34,54,63,0.375,0.53125,0.84375,0.984375,2500.0,64.0,10000.0,0.4411034515703477,5.1470178267003455,0.0804221535421929,7.9073485800661825,0.1235523215635341,3.0145871790419814,0.04710292467253096,2.807649890133047,10.0,64.0,0.9878317295798801,64.0,7.0,11.0,26.0,52.0,0.109375,0.171875,0.40625,0.8125,156.25,30,84.87
layer1.3.conv1,conv,10,64,1,False,64.0,0,32.0,32.0,160000,30.267686831139248,11.229799619593685,0.17546561905615132,17.091688050278048,0.2670576257855945,5.487554307511513,0.0857430360548674,3.093807117966458,10,64,0.9793006433531872,64,16,22,39,58,0.25,0.34375,0.609375,0.90625,2500.0,64.0,10000.0,0.6716166164732061,3.9369229121762275,0.061514420502753554,5.970846386575428,0.09329447479024107,2.309707781953289,0.036089184093020144,4.25219602131153,10.0,64.0,0.9663246573528378,64.0,6.0,8.0,16.0,33.0,0.09375,0.125,0.25,0.515625,156.25,30,84.87
layer1.3.conv2,conv,11,64,1,False,64.0,0,32.0,32.0,160000,1.017648890516583,14.463165837744434,0.22598696621475678,22.332732248551117,0.3489489413836112,7.193068659998709,0.11239169781247983,2.358179126827268,10,64,0.9720487578423578,64,22,30,50,62,0.34375,0.46875,0.78125,0.96875,2500.0,64.0,10000.0,0.027990878319284762,3.340230164658449,0.05219109632278827,5.312546103645355,0.08300853286945867,2.165881447506252,0.03384189761728519,4.0583593922537435,10.0,64.0,0.9762220723540515,64.0,6.0,8.0,17.0,35.0,0.09375,0.125,0.265625,0.546875,156.25,30,84.87
layer1.3,block,12,64,1,False,,0,32.0,32.0,160000,12.028590106920717,14.97023507232046,0.23390992300500718,25.00501585823826,0.3907033727849728,6.592165134707337,0.10300258022980215,1.8261043246153081,10,64,0.9850243035725487,64,27,38,56,63,0.421875,0.59375,0.875,0.984375,2500.0,64.0,10000.0,0.5041097724875807,5.840608461577066,0.09125950721214166,8.966901696594265,0.1401078390092854,3.161552904625551,0.04939926413477423,2.736937117694999,10.0,64.0,0.9900776093411298,64.0,7.0,12.0,28.0,53.0,0.109375,0.1875,0.4375,0.828125,156.25,30,84.87
layer1.4.conv1,conv,13,64,1,False,64.0,0,32.0,32.0,160000,38.661840557275426,10.447488463563433,0.16324200724317864,16.79075503774345,0.2623555474647414,5.332772980687911,0.0833245778232486,2.897736704391405,10,64,0.9646038566032283,64,17,24,40,59,0.265625,0.375,0.625,0.921875,2500.0,64.0,10000.0,0.8028585642983599,3.36671324994165,0.05260489453033828,5.499498088244944,0.08592965762882725,2.0004136370043044,0.031256463078192256,3.974282985556264,10.0,64.0,0.9677621834398775,64.0,6.0,8.0,15.0,34.0,0.09375,0.125,0.234375,0.53125,156.25,30,84.87
layer1.4.conv2,conv,14,64,1,False,64.0,0,32.0,32.0,160000,0.7970388922927327,15.397450242451121,0.24058516003829877,23.8777456259831,0.3730897754059859,6.938119821430664,0.10840812220985413,2.343634428720452,10,64,0.9792997504382519,64,23,32,51,62,0.359375,0.5,0.796875,0.96875,2500.0,64.0,10000.0,0.02937380327154678,3.0140653117335026,0.04709477049583598,4.893904622129777,0.07646725972077777,1.8897387833319814,0.02952716848956221,3.9508289651059036,10.0,64.0,0.9741700901320954,64.0,5.0,7.0,15.0,33.0,0.078125,0.109375,0.234375,0.515625,156.25,30,84.87
layer1.4,block,15,64,1,False,,0,32.0,32.0,160000,12.667998199843206,18.95028248670495,0.29609816385476484,29.71131338467898,0.4642392716356091,8.789159199546756,0.13733061249291806,1.6843526782625835,10,64,0.9865284574637381,64,31,42,58,64,0.484375,0.65625,0.90625,1.0,2500.0,64.0,10000.0,0.5954453672943272,5.8675477335848605,0.09168043333726345,9.274748452046898,0.1449179445632328,3.0528722377535353,0.04770112871489899,2.6570293466450825,10.0,64.0,0.9910732540651466,64.0,8.0,12.0,29.0,54.0,0.125,0.1875,0.453125,0.84375,156.25,30,84.87
layer1.5.conv1,conv,16,64,1,False,64.0,0,32.0,32.0,160000,28.056480955777833,14.374452696974016,0.224600823390219,22.085801590004085,0.3450906498438138,6.959693743051104,0.1087452147351735,2.762804603649866,10,64,0.9632149860098732,64,21,29,46,61,0.328125,0.453125,0.71875,0.953125,2500.0,64.0,10000.0,1.0192627086736992,3.3806854651116116,0.05282321039236893,5.57962889401552,0.0871817014689925,2.0069423830217703,0.03135847473471516,3.9924559181168457,10.0,64.0,0.9714568229748769,64.0,6.0,8.0,15.0,34.0,0.09375,0.125,0.234375,0.53125,156.25,30,84.87
layer1.5.conv2,conv,17,64,1,False,64.0,0,32.0,32.0,160000,0.7932947059148499,13.4041667711387,0.20944010579904218,21.388200441939922,0.3341906319053113,6.054607260321636,0.09460323844252556,2.490367669347032,10,64,0.986395096482352,64,21,29,48,62,0.328125,0.453125,0.75,0.96875,2500.0,64.0,10000.0,0.03859769114343441,2.7973988469461912,0.04370935698353424,4.866377700282155,0.07603715156690867,1.7556875029624104,0.027432617233787662,4.066893032792971,10.0,64.0,0.9691949213571872,64.0,5.0,7.0,16.0,34.0,0.078125,0.109375,0.25,0.53125,156.25,30,84.87
layer1.5,block,18,64,1,False,,0,32.0,32.0,160000,12.691630687935401,21.69691061694144,0.33901422838971,32.815854218549845,0.5127477221648413,9.394268996928123,0.14678545307700192,1.624811107173225,10,64,0.9841407495146667,64,34,44,59,64,0.53125,0.6875,0.921875,1.0,2500.0,64.0,10000.0,0.6635940249732382,6.062550135009293,0.09472734585952021,9.706399855254546,0.15166249773835228,3.0775557622508423,0.04808680878516941,2.6430757629177766,10.0,64.0,0.9939924412256893,64.0,9.0,13.0,30.0,55.0,0.140625,0.203125,0.46875,0.859375,156.25,30,84.87
layer2.0.conv1,conv,19,128,1,False,128.0,0,16.0,16.0,160000,61.37634834842218,16.838177274553708,0.13154825995745084,26.901380610941764,0.21016703602298253,7.043300940620934,0.05502578859860105,2.81783089584116,10,128,0.9837817321737845,128,25,36,68,112,0.1953125,0.28125,0.53125,0.875,1250.0,128.0,10000.0,4.731831787128236,4.562004809499784,0.03564066257421706,7.1365272304674905,0.05575411898802727,2.4896178275067227,0.01945013927739627,3.643702893032074,10.0,128.0,0.9904948603033019,128.0,7.0,9.0,16.0,43.0,0.0546875,0.0703125,0.125,0.3359375,78.125,30,84.87
layer2.0.conv2,conv,20,128,1,False,128.0,0,16.0,16.0,160000,6.062994529061034,24.71212801602887,0.19306350012522555,40.38166228395978,0.31548173659343576,9.626838418011799,0.07520967514071718,2.238950721902239,10,128,0.9662215365854395,128,40,56,94,122,0.3125,0.4375,0.734375,0.953125,1250.0,128.0,10000.0,0.526030497969183,5.461260969551148,0.042666101324618344,8.440542847500353,0.06594174099609651,2.897393193990769,0.022635884328052882,3.4015032981501827,10.0,128.0,0.9858099100356167,128.0,8.0,10.0,23.0,59.0,0.0625,0.078125,0.1796875,0.4609375,78.125,30,84.87
layer2.0.downsample.0,conv,21,128,1,False,64.0,0,16.0,16.0,160000,10.182799359580772,10.599702674734427,0.08281017714636271,16.787531646386956,0.1311525909873981,5.132587003348119,0.04009833596365718,11.254575707091833,10,128,0.6803204750691071,97,16,23,40,58,0.125,0.1796875,0.3125,0.453125,1250.0,128.0,10000.0,0.8353266679869646,4.579680788728406,0.03577875616194067,7.035925759079157,0.05496816999280591,2.5104647039462997,0.019613005499580467,9.991424491043023,10.0,128.0,0.7226574581824393,96.0,7.0,9.0,16.0,38.0,0.0546875,0.0703125,0.125,0.296875,78.125,30,84.87
layer2.0,block,22,128,1,False,,0,16.0,16.0,160000,11.897982615990694,22.235289717635634,0.1737132009190284,43.181136814017826,0.33735263135951427,7.914302585856521,0.06183048895200407,1.510547805906808,10,128,0.9921149991181734,128,54,78,113,126,0.421875,0.609375,0.8828125,0.984375,1250.0,128.0,10000.0,0.9167162134526525,6.271853753255804,0.048998857447310966,11.132720266094408,0.08697437707886256,3.061921605560551,0.023921262543441804,2.276228490834795,10.0,128.0,0.9967403003767619,128.0,10.0,17.0,50.0,107.0,0.078125,0.1328125,0.390625,0.8359375,78.125,30,84.87
layer2.1.conv1,conv,23,128,1,False,128.0,0,16.0,16.0,160000,29.541838259196084,23.493696649129856,0.183544505071327,38.05511454143133,0.29730558235493226,9.060188204592384,0.070782720348378,2.3413509752248425,10,128,0.9687785348625498,128,37,53,90,121,0.2890625,0.4140625,0.703125,0.9453125,1250.0,128.0,10000.0,2.081635235651738,5.628902175208841,0.04397579824381907,8.810454260473753,0.0688316739099512,3.011188935378825,0.02352491355764707,3.3266299646574056,10.0,128.0,0.9812810675533531,128.0,8.0,11.0,26.0,65.0,0.0625,0.0859375,0.203125,0.5078125,78.125,30,84.87
layer2.1.conv2,conv,24,128,1,False,128.0,0,16.0,16.0,160000,1.2305400181827861,26.352619444170685,0.20587983940758348,44.69828332675034,0.34920533849023705,10.142037800220557,0.0792346703142231,1.8959032310706776,10,128,0.9751308731412184,128,47,66,105,125,0.3671875,0.515625,0.8203125,0.9765625,1250.0,128.0,10000.0,0.06261652953973348,6.838484878809326,0.05342566311569786,12.117510536550611,0.09466805106680165,3.455772767243188,0.026998224744087407,3.0741638385687793,10.0,128.0,0.9666215110675177,128.0,12.0,20.0,46.0,89.0,0.09375,0.15625,0.359375,0.6953125,78.125,30,84.87
layer2.1,block,25,128,1,False,,0,16.0,16.0,160000,13.852335361003107,26.843090806658335,0.20971164692701824,50.45277820722762,0.39416232974396576,9.134131396813919,0.07136040153760874,1.3948224299424508,10,128,0.994034795605132,128,62,85,117,127,0.484375,0.6640625,0.9140625,0.9921875,1250.0,128.0,10000.0,0.9139138939606809,7.143809331708587,0.055811010403973335,12.959242074368863,0.10124407870600674,3.389420655101534,0.026479848867980733,2.1418399866614415,10.0,128.0,0.997626853814605,128.0,12.0,21.0,62.0,114.0,0.09375,0.1640625,0.484375,0.890625,78.125,30,84.87
layer2.2.conv1,conv,26,128,1,False,128.0,0,16.0,16.0,160000,29.874645374924356,21.92672404040639,0.17130253156567493,37.44200512581973,0.29251566504546667,7.872087560855139,0.06150068406918077,2.2614074463138962,10,128,0.9738019674626305,128,38,54,92,122,0.296875,0.421875,0.71875,0.953125,1250.0,128.0,10000.0,1.9072971491135622,6.1094251449169725,0.04772988394466385,9.436441674688986,0.0737222005835077,3.3654132295959975,0.02629229085621873,3.2078356770246526,10.0,128.0,0.9824746812604077,128.0,8.0,12.0,29.0,71.0,0.0625,0.09375,0.2265625,0.5546875,78.125,30,84.87
layer2.2.conv2,conv,27,128,1,False,128.0,0,16.0,16.0,160000,0.9659793818743063,22.80162255461107,0.17813767620789897,40.99464096195495,0.32027063251527305,8.175669875954132,0.06387242090589165,1.8969652160446757,10,128,0.9778155980829408,128,44,64,104,125,0.34375,0.5,0.8125,0.9765625,1250.0,128.0,10000.0,0.054262234996846744,6.473831937603827,0.0505768120125299,11.256348510933881,0.08794022274167095,3.4904218441299615,0.027268920657265324,3.1454217597952256,10.0,128.0,0.9633301558749663,128.0,12.0,18.0,43.0,85.0,0.09375,0.140625,0.3359375,0.6640625,78.125,30,84.87
layer2.2,block,28,128,1,False,,0,16.0,16.0,160000,15.69797995500566,30.927721207212247,0.24162282193134568,56.180952322830045,0.4389136900221097,10.102918838971837,0.07892905342946747,1.3251132363495954,10,128,0.993120968910921,128,67,90,118,127,0.5234375,0.703125,0.921875,0.9921875,1250.0,128.0,10000.0,0.9351750615552555,7.8227580421210705,0.06111529720407086,14.578275134268488,0.11389277448647256,3.629184888056802,0.028353006937943764,2.071494196189847,10.0,128.0,0.9974564465701332,128.0,14.0,26.0,71.0,117.0,0.109375,0.203125,0.5546875,0.9140625,78.125,30,84.87
layer2.3.conv1,conv,29,128,1,False,128.0,0,16.0,16.0,160000,29.944448525505024,21.76740284765963,0.17005783474734085,37.806026100760015,0.2953595789121876,7.303502780584722,0.05705861547331814,2.219183389793495,10,128,0.9790401169027598,128,38,54,94,123,0.296875,0.421875,0.734375,0.9609375,1250.0,128.0,10000.0,1.9139491433705833,6.322581944146824,0.049395171438647065,9.985452955218326,0.07801135121264317,3.7442716249448242,0.02925212206988144,3.208478453151728,10.0,128.0,0.9816280404990337,128.0,9.0,13.0,32.0,75.0,0.0703125,0.1015625,0.25,0.5859375,78.125,30,84.87
layer2.3.conv2,conv,30,128,1,False,128.0,0,16.0,16.0,160000,0.7119275991802386,21.891808730090798,0.17102975570383436,40.31346559011366,0.31494894992276296,7.615384484940366,0.05949519128859661,1.892298814683192,10,128,0.978904212076855,128,44,64,104,125,0.34375,0.5,0.8125,0.9765625,1250.0,128.0,10000.0,0.04540371655403502,5.638617326597187,0.04405169786404052,10.353355617307532,0.08088559076021509,2.8843642011357615,0.022534095321373137,3.141791770957676,10.0,128.0,0.9668330504233175,128.0,12.0,18.0,42.0,85.0,0.09375,0.140625,0.328125,0.6640625,78.125,30,84.87
layer2.3,block,31,128,1,False,,0,16.0,16.0,160000,17.595151977297313,33.367610987980264,0.2606844608435958,59.619071651691876,0.4657739972788428,10.454485740982356,0.08167566985142466,1.2798754569778465,10,128,0.9923014701258803,128,70,92,119,127,0.546875,0.71875,0.9296875,0.9921875,1250.0,128.0,10000.0,0.974790245396778,8.507956361878886,0.0664684090771788,16.015724392524113,0.12512284681659464,3.937941752531896,0.030765169941655436,2.0299727383754567,10.0,128.0,0.9971121893039624,128.0,16.0,30.0,76.0,119.0,0.125,0.234375,0.59375,0.9296875,78.125,30,84.87
layer2.4.conv1,conv,32,128,1,False,128.0,0,16.0,16.0,160000,30.19894152505837,19.975019998574844,0.15605484373886597,36.61014213747629,0.2860167354490335,6.7211808460329205,0.05250922535963219,2.166487735709502,10,128,0.975231798569221,128,38,55,95,123,0.296875,0.4296875,0.7421875,0.9609375,1250.0,128.0,10000.0,1.8072660791526274,6.204409498947825,0.048471949210529885,10.291943173300906,0.08040580604141333,3.3114442579315524,0.025870658265090253,3.2086251383973456,10.0,128.0,0.9777986070336736,128.0,10.0,15.0,36.0,78.0,0.078125,0.1171875,0.28125,0.609375,78.125,30,84.87
layer2.4.conv2,conv,33,128,1,False,128.0,0,16.0,16.0,160000,0.6583776668433527,20.06141772138748,0.15672982594833967,37.91780426404398,0.2962328458128436,6.97004004838298,0.054453437877992034,1.9384410418244944,10,128,0.9770291760974997,128,42,61,102,125,0.328125,0.4765625,0.796875,0.9765625,1250.0,128.0,10000.0,0.038321363673900634,6.031010138064042,0.04711726670362533,11.184965436599667,0.0873825424734349,3.11679662938082,0.024349973667037655,3.240284983933696,10.0,128.0,0.9698278945985834,128.0,13.0,19.0,41.0,84.0,0.1015625,0.1484375,0.3203125,0.65625,78.125,30,84.87
layer2.4,block,34,128,1,False,,0,16.0,16.0,160000,18.762429999830555,36.13872394071403,0.28233378078682836,63.12316084609894,0.493149694110148,11.093688831148675,0.08666944399334903,1.2467290821862367,10,128,0.9911101651416506,128,73,94,120,128,0.5703125,0.734375,0.9375,1.0,1250.0,128.0,10000.0,1.0015108116176032,9.10370045075427,0.07112265977151773,17.326385295088155,0.1353623851178762,4.190368500182475,0.03273725390767559,2.002269413117317,10.0,128.0,0.9974003643059592,128.0,18.0,34.0,81.0,121.0,0.140625,0.265625,0.6328125,0.9453125,78.125,30,84.87
layer2.5.conv1,conv,35,128,1,False,128.0,0,16.0,16.0,160000,28.12544282864955,18.999420941477705,0.14843297610529457,35.845198138908245,0.28004061046022066,6.37146519843692,0.04977707186278844,2.093923033896592,10,128,0.9771199068657282,128,39,56,96,124,0.3046875,0.4375,0.75,0.96875,1250.0,128.0,10000.0,1.7107185059122088,6.246752633956025,0.04880275495278145,10.978116271555182,0.08576653337152486,3.064500113111112,0.02394140713368056,3.244595782674465,10.0,128.0,0.9760727615267264,128.0,11.0,17.0,38.0,81.0,0.0859375,0.1328125,0.296875,0.6328125,78.125,30,84.87
layer2.5.conv2,conv,36,128,1,False,128.0,0,16.0,16.0,160000,0.666972213530492,10.419538856502706,0.08140264731642739,25.365341476774645,0.19816673028730192,3.8375528226774955,0.029980881427167934,2.0103761171742907,10,128,0.984140593734036,128,33,51,95,123,0.2578125,0.3984375,0.7421875,0.9609375,1250.0,128.0,10000.0,0.05669025010459751,3.512513777890598,0.027441513889770296,6.631368113743843,0.05180756338862377,2.0944090933797552,0.016362571042029338,3.3155049988238376,10.0,128.0,0.9690815326502659,128.0,8.0,14.0,33.0,73.0,0.0625,0.109375,0.2578125,0.5703125,78.125,30,84.87
layer2.5,block,37,128,1,False,,0,16.0,16.0,160000,18.876731808237523,41.48262111205208,0.32408297743790687,68.01371706876064,0.5313571645996925,13.523860601801225,0.10565516095157207,1.2257646882008661,10,128,0.9904606426288134,128,75,96,120,128,0.5859375,0.75,0.9375,1.0,1250.0,128.0,10000.0,0.9778261522221656,10.09871446925218,0.07889620679103265,19.291175842809782,0.15071231127195142,4.525621582248908,0.03535641861131959,1.9930573043637427,10.0,128.0,0.9982651263575063,128.0,21.0,37.0,85.0,122.0,0.1640625,0.2890625,0.6640625,0.953125,78.125,30,84.87
layer3.0.conv1,conv,38,256,1,False,256.0,0,8.0,8.0,160000,82.67524129868508,27.761532072102344,0.10844348465664978,49.34886598682665,0.1927690077610416,10.733599651046166,0.04192812363689909,2.229377575098468,10,256,0.9799576153728795,256,50,77,157,235,0.1953125,0.30078125,0.61328125,0.91796875,625.0,256.0,10000.0,6.643622807425477,8.1852908593625,0.031973792419384764,14.228996295445018,0.0555820167790821,4.097504309444062,0.016005876208765868,2.7893425576408677,10.0,256.0,0.9889101292603117,256.0,14.0,21.0,57.0,151.0,0.0546875,0.08203125,0.22265625,0.58984375,39.0625,30,84.87
layer3.0.conv2,conv,39,256,1,False,256.0,0,8.0,8.0,160000,6.880415452154114,41.706364828212664,0.16291548761020572,72.75743011370088,0.28420871138164405,13.263530025291566,0.05181066416129518,1.957365363573272,10,256,0.9698367274578017,256,74,109,191,246,0.2890625,0.42578125,0.74609375,0.9609375,625.0,256.0,10000.0,0.6247993413820989,9.237555072387892,0.0360841995015152,15.691797616363097,0.06129608443891835,4.9456091999853475,0.019318785937442764,2.670764230374088,10.0,256.0,0.9871225624126266,256.0,15.0,24.0,66.0,166.0,0.05859375,0.09375,0.2578125,0.6484375,39.0625,30,84.87
layer3.0.downsample.0,conv,40,256,1,False,128.0,0,8.0,8.0,160000,12.911265897770187,21.891074618380042,0.08551201022804704,36.26727261372382,0.14166903364735867,8.911276711932176,0.034809674655985064,9.006557986922711,10,256,0.6027503095545452,190,36,52,90,120,0.140625,0.203125,0.3515625,0.46875,625.0,256.0,10000.0,1.0043912462764344,7.589000660879456,0.029644533831560373,13.830510283345596,0.054025430794318735,3.5923462051985964,0.014032602364057017,8.387436882248217,10.0,256.0,0.6333156108967166,189.0,14.0,23.0,55.0,104.0,0.0546875,0.08984375,0.21484375,0.40625,39.0625,30,84.87
layer3.0,block,41,256,1,False,,0,8.0,8.0,160000,10.709424024268456,45.28789556182932,0.1769058420383958,94.94774927611208,0.3708896456098128,12.194687821499874,0.047635499302733884,1.2374663799632506,10,256,0.9927103729194924,256,128,176,234,254,0.5,0.6875,0.9140625,0.9921875,625.0,256.0,10000.0,0.8104156765182203,11.215307083693116,0.04380979329567623,24.58065413183996,0.09601818020249984,5.081802973116676,0.019850792863737015,1.6483236510555543,10.0,256.0,0.9972721723952592,256.0,32.0,67.0,175.0,244.0,0.125,0.26171875,0.68359375,0.953125,39.0625,30,84.87
layer3.1.conv1,conv,42,256,1,False,256.0,0,8.0,8.0,160000,24.15696974886203,32.657230264546484,0.1275673057208847,63.24716033396537,0.24705922005455222,9.067887581907152,0.035421435866824814,2.022597274463859,10,256,0.9750424924842339,256,66,99,183,244,0.2578125,0.38671875,0.71484375,0.953125,625.0,256.0,10000.0,2.108667161482459,8.452169439713984,0.03301628687388275,15.050235534393563,0.058789982556224855,4.2911957435630725,0.016762483373293252,2.654147862241856,10.0,256.0,0.9853621145036993,256.0,15.0,25.0,69.0,169.0,0.05859375,0.09765625,0.26953125,0.66015625,39.0625,30,84.87
layer3.1.conv2,conv,43,256,1,False,256.0,0,8.0,8.0,160000,1.628789737112897,29.62076921651263,0.11570612975200247,67.05187236279077,0.26192137641715146,7.368631064682031,0.028783715096414184,1.8003052162874957,10,256,0.9800006009256664,256,77,116,203,249,0.30078125,0.453125,0.79296875,0.97265625,625.0,256.0,10000.0,0.1505246067672454,7.746751891087238,0.030260749574559525,16.719181328920047,0.06530930206609394,3.4616154508082158,0.013521935354719593,2.5900379828605264,10.0,256.0,0.9738969989599743,256.0,20.0,34.0,90.0,186.0,0.078125,0.1328125,0.3515625,0.7265625,39.0625,30,84.87
layer3.1,block,44,256,1,False,,0,8.0,8.0,160000,12.005908920035095,57.451630213851026,0.22442043052285557,112.29478112047504,0.4386514887518556,14.812109746984271,0.05785980369915731,1.1674542062677342,10,256,0.9890447595857347,256,142,186,238,254,0.5546875,0.7265625,0.9296875,0.9921875,625.0,256.0,10000.0,0.8515526360008548,13.0444580227606,0.05095491415140859,30.122065012571493,0.1176643164553574,5.456836955456908,0.021315769357253548,1.587026681408196,10.0,256.0,0.9971529483595708,256.0,43.0,85.0,191.0,247.0,0.16796875,0.33203125,0.74609375,0.96484375,39.0625,30,84.87
layer3.2.conv1,conv,45,256,1,False,256.0,0,8.0,8.0,160000,21.434147742272437,37.784475284287424,0.14759560657924775,68.32983158746033,0.2669134046385169,11.092981964541142,0.043331960798988836,1.96237084166703,10,256,0.9782187338023163,256,69,105,191,246,0.26953125,0.41015625,0.74609375,0.9609375,625.0,256.0,10000.0,1.7511948577730971,10.369906512801705,0.04050744731563166,18.83452180059045,0.07357235078355645,5.078415717864787,0.019837561397909324,2.640266310674797,10.0,256.0,0.9821638800790741,256.0,19.0,31.0,82.0,182.0,0.07421875,0.12109375,0.3203125,0.7109375,39.0625,30,84.87
layer3.2.conv2,conv,46,256,1,False,256.0,0,8.0,8.0,160000,1.2528163910749615,29.8101711909786,0.11644598121476016,64.3658997376262,0.2514292958501023,7.662647444636917,0.029932216580612958,1.8417080797206935,10,256,0.9838544005127547,256,72,110,199,248,0.28125,0.4296875,0.77734375,0.96875,625.0,256.0,10000.0,0.1099861004847448,7.858176019128792,0.030696000074721844,18.17995708017227,0.07101545734442292,3.2994641826817,0.01288853196360039,2.6371521944842113,10.0,256.0,0.9740892309103674,256.0,22.0,37.0,92.0,188.0,0.0859375,0.14453125,0.359375,0.734375,39.0625,30,84.87
layer3.2,block,47,256,1,False,,0,8.0,8.0,160000,13.56658780983288,65.81917269970414,0.2571061433582193,122.11809843591077,0.47702382201527643,16.80646816194266,0.06565026625758852,1.1397340623728809,10,256,0.9857974575048957,256,148,190,239,254,0.578125,0.7421875,0.93359375,0.9921875,625.0,256.0,10000.0,0.9447815581387741,14.470901167682287,0.056526957686258934,34.079063742828346,0.13312134274542323,5.87817152995449,0.022961607538884727,1.5655803115234423,10.0,256.0,0.9967033831556154,256.0,50.0,95.0,197.0,248.0,0.1953125,0.37109375,0.76953125,0.96875,39.0625,30,84.87
layer3.3.conv1,conv,48,256,1,False,256.0,0,8.0,8.0,160000,19.08937808782747,37.493374728320234,0.1464584950325009,68.58539268055495,0.26791169015841776,10.73760228174572,0.04194375891306922,1.9309288733564474,10,256,0.9813880612773849,256,70,105,194,248,0.2734375,0.41015625,0.7578125,0.96875,625.0,256.0,10000.0,1.454363015759025,11.175738312994369,0.043655227785134254,21.363309017959775,0.08345042585140537,4.800420957035843,0.018751644363421263,2.6446735640020624,10.0,256.0,0.9812448937713766,256.0,23.0,36.0,90.0,189.0,0.08984375,0.140625,0.3515625,0.73828125,39.0625,30,84.87
layer3.3.conv2,conv,49,256,1,False,256.0,0,8.0,8.0,160000,0.9054970627073704,24.78504216094758,0.09681657094120148,55.83635280543994,0.21811075314624975,6.669699511291633,0.02605351371598294,1.8914608259058703,10,256,0.9887819082181789,256,63,99,192,247,0.24609375,0.38671875,0.75,0.96484375,625.0,256.0,10000.0,0.07947422533599514,6.728935546956768,0.026284904480299874,16.522827116194453,0.06454229342263458,2.8720046857905115,0.011218768303869186,2.703462741617634,10.0,256.0,0.9765321465320558,256.0,21.0,34.0,84.0,181.0,0.08203125,0.1328125,0.328125,0.70703125,39.0625,30,84.87
layer3.3,block,50,256,1,False,,0,8.0,8.0,160000,15.057433352202347,69.29854667678829,0.27069744795620426,126.26770632551741,0.4932332278340524,16.92449401508421,0.0661113047464227,1.1355407074788644,10,256,0.9839983277389089,256,150,192,239,254,0.5859375,0.75,0.93359375,0.9921875,625.0,256.0,10000.0,1.0637857424998194,15.299834164707176,0.05976497720588741,36.170845819944596,0.14129236648415858,6.053182703798343,0.023645244936712276,1.5680562789167958,10.0,256.0,0.9963847950237624,256.0,53.0,99.0,199.0,248.0,0.20703125,0.38671875,0.77734375,0.96875,39.0625,30,84.87
layer3.4.conv1,conv,51,256,1,False,256.0,0,8.0,8.0,160000,18.82004467235579,31.29979695545511,0.12226483185724653,62.277252527227155,0.24327051768448107,8.46232964651293,0.033055975181691136,1.9260686583512565,10,256,0.9858126164917042,256,66,101,193,247,0.2578125,0.39453125,0.75390625,0.96484375,625.0,256.0,10000.0,1.5150372492243007,10.29751181711168,0.0402246555355925,20.636906196970976,0.08061291483191788,4.237271060739011,0.01655184008101176,2.686609005375776,10.0,256.0,0.9828346750899033,256.0,23.0,35.0,86.0,186.0,0.08984375,0.13671875,0.3359375,0.7265625,39.0625,30,84.87
layer3.4.conv2,conv,52,256,1,False,256.0,0,8.0,8.0,160000,0.7921438745036294,18.72198799372822,0.07313276560050086,45.39991677206022,0.17734342489086025,5.390117566974139,0.02105514674599273,1.9411415889214012,10,256,0.9942196269860656,256,52,85,183,246,0.203125,0.33203125,0.71484375,0.9609375,625.0,256.0,10000.0,0.08427232362277623,6.414881346083665,0.025058130258139317,14.319119723345738,0.05593406141931929,2.869912963646924,0.011210597514245796,2.7877968205715806,10.0,256.0,0.983196388288899,256.0,17.0,27.0,68.0,165.0,0.06640625,0.10546875,0.265625,0.64453125,39.0625,30,84.87
layer3.4,block,53,256,1,False,,0,8.0,8.0,160000,16.45814573188195,70.92089911508955,0.27703476216831857,127.88209490440477,0.4995394332203311,17.01894186590322,0.06648024166368445,1.1367755260818733,10,256,0.9831252556685715,256,150,192,239,254,0.5859375,0.75,0.93359375,0.9921875,625.0,256.0,10000.0,1.2126528107862944,16.070214504297887,0.06277427540741362,37.2529215232249,0.14551922470009726,6.22631505977292,0.02432154320223797,1.5816505216096985,10.0,256.0,0.9965490102241928,256.0,53.0,99.0,199.0,248.0,0.20703125,0.38671875,0.77734375,0.96875,39.0625,30,84.87
layer3.5.conv1,conv,54,256,1,False,256.0,0,8.0,8.0,160000,17.859716827337945,27.31812172843952,0.10671141300171688,57.07654184009123,0.22295524156285637,7.495908468924737,0.029280892456737255,1.9145529626250162,10,256,0.9897584692268211,256,61,96,192,248,0.23828125,0.375,0.75,0.96875,625.0,256.0,10000.0,1.5428527590950438,10.018079342207058,0.03913312243049632,19.937356193741735,0.07788029763180365,4.007735514122721,0.015655216852041878,2.715556385670892,10.0,256.0,0.9849111555417737,256.0,21.0,33.0,81.0,181.0,0.08203125,0.12890625,0.31640625,0.70703125,39.0625,30,84.87
layer3.5.conv2,conv,55,256,1,False,256.0,0,8.0,8.0,160000,1.0061867332496712,5.4432434229306175,0.021262669620822724,19.207586638340132,0.07502963530601614,2.4214951295963534,0.009458965349985755,1.9736968708076428,10,256,0.9961421397643084,256,33,56,151,239,0.12890625,0.21875,0.58984375,0.93359375,625.0,256.0,10000.0,0.14811234279584512,2.3549948169899966,0.009199198503867174,5.537108891017829,0.021629331605538395,1.5545065366392539,0.006072291158747085,2.829112433928779,10.0,256.0,0.9854108279372142,256.0,9.0,15.0,40.0,127.0,0.03515625,0.05859375,0.15625,0.49609375,39.0625,30,84.87
layer3.5,block,56,256,1,False,,0,8.0,8.0,160000,17.062604901440825,74.31712168999307,0.29030125660153544,130.63203782635924,0.5102813977592158,18.187447020357457,0.07104471492327132,1.1339028999420586,10,256,0.9836874904247979,256,152,193,239,254,0.59375,0.75390625,0.93359375,0.9921875,625.0,256.0,10000.0,1.3200255099011557,16.943854649776128,0.066186932225688,37.97954097510552,0.14835758193400594,6.6507309083496615,0.025979417610740865,1.5817848457276718,10.0,256.0,0.9968934629451329,256.0,53.0,99.0,199.0,248.0,0.20703125,0.38671875,0.77734375,0.96875,39.0625,30,84.87
layer4.0.conv1,conv,57,512,1,False,512.0,0,4.0,4.0,160000,37.72614268223011,34.23225420576508,0.06685987149563492,64.94602752113698,0.12684771000222067,11.24257687353358,0.021958157956120272,1.947776959171791,10,512,0.9962111942550097,512,64,112,309,477,0.125,0.21875,0.603515625,0.931640625,312.5,512.0,10000.0,5.2658425884982485,11.24042815357016,0.02195396123744172,20.926981071083976,0.04087300990446089,5.454264350386135,0.01065286005934792,2.120282579617707,10.0,512.0,0.9939654314884547,512.0,21.0,36.0,141.0,383.0,0.041015625,0.0703125,0.275390625,0.748046875,19.53125,30,84.87
layer4.0.conv2,conv,58,512,1,False,512.0,0,4.0,4.0,160000,2.5913097295066794,27.735916738917062,0.05417171238069739,54.31105472456489,0.1060762787589158,9.344836989551805,0.01825163474521837,2.0704389622614876,10,512,0.9943625922474971,512,55,89,255,468,0.107421875,0.173828125,0.498046875,0.9140625,312.5,512.0,10000.0,0.5781774067272695,8.337297767762772,0.016283784702661664,12.997513214423595,0.025385767996921084,4.5101419461139045,0.00880887098850372,2.2612142171489173,10.0,512.0,0.9949810679740912,512.0,11.0,16.0,54.0,257.0,0.021484375,0.03125,0.10546875,0.501953125,19.53125,30,84.87
layer4.0.downsample.0,conv,59,512,1,False,256.0,0,4.0,4.0,160000,5.576314027666851,26.01683515854351,0.050814131169030295,51.98691046650674,0.10153693450489598,8.328493371513979,0.01626658861623824,7.058566820977702,10,512,0.542111409660435,372,58,102,194,246,0.11328125,0.19921875,0.37890625,0.48046875,312.5,512.0,10000.0,0.887714915496331,9.601406959725034,0.018752747968212958,19.189066245850487,0.03747864501142673,4.347053399737809,0.008490338671362908,6.708715079159122,10.0,512.0,0.5811790622704827,384.0,21.0,41.0,136.0,230.0,0.041015625,0.080078125,0.265625,0.44921875,19.53125,30,84.87
layer4.0,block,60,512,1,False,,0,4.0,4.0,160000,20.022541716229753,27.109992991565626,0.052949205061651614,68.98117836565477,0.13472886399541947,7.8446467818949035,0.015321575745888483,1.4704658852376455,10,512,0.9962701562916915,512,102,206,412,500,0.19921875,0.40234375,0.8046875,0.9765625,312.5,512.0,10000.0,4.031178870490653,9.49530728100596,0.018545522033214766,18.321565000530583,0.035784306641661295,5.002107687807125,0.00976974157774829,1.5628894567915175,10.0,512.0,0.994154118418174,512.0,17.0,42.0,233.0,461.0,0.033203125,0.08203125,0.455078125,0.900390625,19.53125,30,84.87
layer4.1.conv1,conv,61,512,1,False,512.0,0,4.0,4.0,160000,29.463971108181447,24.03181428715602,0.0469371372796016,44.856377159407884,0.08761011163946852,8.950643038842637,0.017481724685239525,2.3059486265144793,10,512,0.9914639179256748,512,44,66,171,431,0.0859375,0.12890625,0.333984375,0.841796875,312.5,512.0,10000.0,6.171275716275595,7.204139575208005,0.014070585107828135,11.366161011289323,0.02219953322517446,3.865899360924237,0.00755058468930515,2.4045009035639047,10.0,512.0,0.9963737767466352,512.0,10.0,14.0,40.0,190.0,0.01953125,0.02734375,0.078125,0.37109375,19.53125,30,84.87
layer4.1.conv2,conv,62,512,1,False,512.0,0,4.0,4.0,160000,1.4392556846448918,19.991603334840963,0.03904610026336126,36.44833523339173,0.07118815475271822,7.5647241171282475,0.014774851791266108,2.145517042452223,10,512,0.9880467107303065,512,35,53,164,435,0.068359375,0.103515625,0.3203125,0.849609375,312.5,512.0,10000.0,0.4777229656630398,7.448954639663239,0.014548739530592264,10.114931143529564,0.01975572488970618,3.929873632264268,0.007675534438016148,2.315126803508835,10.0,512.0,0.9890851314324298,512.0,9.0,10.0,21.0,130.0,0.017578125,0.01953125,0.041015625,0.25390625,19.53125,30,84.87
layer4.1,block,63,512,1,False,,0,4.0,4.0,160000,34.94782874981166,24.854325007392514,0.048543603530063505,59.06161528173555,0.11535471734713974,8.17611747741898,0.015968979448083946,1.5639150616714368,10,512,0.9967525369732418,512,78,164,386,496,0.15234375,0.3203125,0.75390625,0.96875,312.5,512.0,10000.0,8.860768392176967,8.817407348406388,0.017221498727356226,14.978923061792601,0.029255709105063674,4.771079148658505,0.009318513962223643,1.6491471847374322,10.0,512.0,0.994621705635723,512.0,12.0,24.0,153.0,430.0,0.0234375,0.046875,0.298828125,0.83984375,19.53125,30,84.87
layer4.2.conv1,conv,64,512,1,False,512.0,0,4.0,4.0,160000,38.02431717990943,20.036143602251975,0.03913309297314839,35.942251544737445,0.07019971004831532,8.471748635263944,0.01654638405324989,2.202224340057157,10,512,0.9874711462620416,512,34,51,149,426,0.06640625,0.099609375,0.291015625,0.83203125,312.5,512.0,10000.0,9.489418549033394,7.1258589490266955,0.013917693259817765,10.15339655915288,0.019830852654595468,3.8627940830580894,0.007544519693472831,2.2948876414999235,10.0,512.0,0.994053096130626,512.0,9.0,10.0,27.0,151.0,0.017578125,0.01953125,0.052734375,0.294921875,19.53125,30,84.87
layer4.2.conv2,conv,65,512,1,False,512.0,0,4.0,4.0,160000,1.1484363224781218,15.371850356614749,0.03002314522776318,27.629003241497255,0.053962896956049326,6.213077868892776,0.012134917712681203,2.139328845954035,10,512,0.9886243023737333,512,26,41,125,409,0.05078125,0.080078125,0.244140625,0.798828125,312.5,512.0,10000.0,0.43110759679794164,7.206752092494007,0.014075687680652357,9.281569634812822,0.018128065692993793,3.8412645359996724,0.00750246979687436,2.300156052727276,10.0,512.0,0.9883248956857957,512.0,8.0,9.0,14.0,87.0,0.015625,0.017578125,0.02734375,0.169921875,19.53125,30,84.87
layer4.2,block,66,512,1,False,,0,4.0,4.0,160000,51.90944219224531,21.744997968872852,0.04247069915795479,50.0803212924261,0.09781312752426972,7.949110077477126,0.015525605620072512,1.629437991544166,10,512,0.9972144878392943,512,61,132,358,491,0.119140625,0.2578125,0.69921875,0.958984375,312.5,512.0,10000.0,15.060916802944543,8.346434090355507,0.0163016290827256,13.268119329309979,0.025914295565058552,4.523847606492492,0.008835639856430648,1.7116379571218763,10.0,512.0,0.9950735164347069,512.0,10.0,17.0,105.0,398.0,0.01953125,0.033203125,0.205078125,0.77734375,19.53125,30,84.87
layer4.3.conv1,conv,67,512,1,False,512.0,0,4.0,4.0,160000,46.03525069353698,18.57242938809522,0.036274276148623476,32.33858030571428,0.0631612896595982,7.7365599981647515,0.01511046874641553,2.1581371719196283,10,512,0.9865531856380535,512,30,45,138,420,0.05859375,0.087890625,0.26953125,0.8203125,312.5,512.0,10000.0,14.48650641673605,7.198097122610249,0.014058783442598142,9.577352667190503,0.01870576692810645,3.921046685827373,0.007658294308256588,2.2572421491352155,10.0,512.0,0.9928446763045571,512.0,8.0,9.0,20.0,118.0,0.015625,0.017578125,0.0390625,0.23046875,19.53125,30,84.87
layer4.3.conv2,conv,68,512,1,False,512.0,0,4.0,4.0,160000,1.0076136842327463,12.311414885316706,0.024045732197884192,22.570000750122496,0.044082032715083,5.012857845220291,0.009790737978945882,2.0963684852589166,10,512,0.991236289055767,512,21,35,112,396,0.041015625,0.068359375,0.21875,0.7734375,312.5,512.0,10000.0,0.4156105846603556,6.276967260575186,0.01225970168081091,8.477096614097428,0.01655682932440904,3.2539993728243806,0.006355467525047618,2.3097731585555628,10.0,512.0,0.9874589931449048,512.0,8.0,9.0,12.0,71.0,0.015625,0.017578125,0.0234375,0.138671875,19.53125,30,84.87
layer4.3,block,69,512,1,False,,0,4.0,4.0,160000,70.01893929545108,19.200653026701733,0.03750127544277682,43.36535450458191,0.08469795801676154,7.3995959574461985,0.014452335854387106,1.6774267535238687,10,512,0.9975364316954777,512,51,109,332,486,0.099609375,0.212890625,0.6484375,0.94921875,312.5,512.0,10000.0,22.33319076481686,7.887233087421156,0.015404752123869445,12.205006277199557,0.023837902885155384,4.143537938881441,0.008092847536877815,1.7634551847458875,10.0,512.0,0.9948859462288143,512.0,9.0,14.0,79.0,368.0,0.017578125,0.02734375,0.154296875,0.71875,19.53125,30,84.87
layer4.4.conv1,conv,70,512,1,False,512.0,0,4.0,4.0,160000,56.115158253986785,17.04773653896386,0.03329636042766379,29.16356831497427,0.05696009436518412,7.308716870857824,0.014274837638394187,2.142146329665319,10,512,0.9862002493619565,512,27,41,124,410,0.052734375,0.080078125,0.2421875,0.80078125,312.5,512.0,10000.0,19.89447091222402,6.708793406886482,0.01310311212282516,8.98108820615799,0.017541187902652324,3.609187892527829,0.007049195102593416,2.2603307597354236,10.0,512.0,0.9921544504999702,512.0,8.0,9.0,16.0,98.0,0.015625,0.017578125,0.03125,0.19140625,19.53125,30,84.87
layer4.4.conv2,conv,71,512,1,False,512.0,0,4.0,4.0,160000,0.9455991725594135,10.293393618422835,0.0201042844109821,19.136547366666147,0.03737606907551982,4.3226011664306325,0.00844258040318483,2.0807880516069255,10,512,0.9936598459292365,512,18,30,101,381,0.03515625,0.05859375,0.197265625,0.744140625,312.5,512.0,10000.0,0.44084681432775524,5.620604284710408,0.010977742743575016,7.784690230753828,0.01520447310694107,2.9654080156635994,0.0057918125305929675,2.3367296402220292,10.0,512.0,0.9886636939461226,512.0,7.0,9.0,11.0,56.0,0.013671875,0.017578125,0.021484375,0.109375,19.53125,30,84.87
layer4.4,block,72,512,1,False,,0,4.0,4.0,160000,89.90466402053701,16.86524446075193,0.032939930587406116,37.76581098450826,0.0737613495791177,6.586162911175581,0.012863599435889807,1.7142719645417226,10,512,0.9977974404124751,512,44,92,307,481,0.0859375,0.1796875,0.599609375,0.939453125,312.5,512.0,10000.0,31.03244086803206,7.343222854333475,0.014342232137370068,11.317186364204387,0.022103879617586693,3.78990370475722,0.007402155673353945,1.8085478558219523,10.0,512.0,0.9945960431209517,512.0,9.0,12.0,63.0,339.0,0.017578125,0.0234375,0.123046875,0.662109375,19.53125,30,84.87
layer4.5.conv1,conv,73,512,1,False,512.0,0,4.0,4.0,160000,78.59894711653047,13.172093394863372,0.025726744911842524,23.170593787414017,0.045255065991043,5.431638779550381,0.010608669491309338,2.1368629809239446,10,512,0.9873413204428094,512,21,33,100,384,0.041015625,0.064453125,0.1953125,0.75,312.5,512.0,10000.0,36.915062891700636,6.126397670523584,0.011965620450241375,8.225322837598865,0.016065083667185284,3.2556324792288716,0.00635865718599389,2.28053857455982,10.0,512.0,0.9912381126344613,512.0,8.0,9.0,12.0,64.0,0.015625,0.017578125,0.0234375,0.125,19.53125,30,84.87
layer4.5.conv2,conv,74,512,1,False,512.0,0,4.0,4.0,160000,1.0091804361689738,7.83166767259637,0.015296225923039785,14.492967384952781,0.0283065769237359,3.542339241574537,0.0069186313312002675,2.0433080389005998,10,512,0.9965062947492918,512,13,23,85,354,0.025390625,0.044921875,0.166015625,0.69140625,312.5,512.0,10000.0,0.6070958824142437,5.011242280823972,0.00978758257973432,7.088515321638254,0.013844756487574715,2.69572257415401,0.005265083152644551,2.394421357089775,10.0,512.0,0.9893747100432169,512.0,7.0,8.0,10.0,41.0,0.013671875,0.015625,0.01953125,0.080078125,19.53125,30,84.87
layer4.5,block,75,512,1,False,,0,4.0,4.0,160000,112.05212571552853,14.837250181253706,0.028979004260261145,33.0596922456389,0.06456971141726348,5.85139111348657,0.011428498268528457,1.743970413579122,10,512,0.9980870830617509,512,39,79,284,475,0.076171875,0.154296875,0.5546875,0.927734375,312.5,512.0,10000.0,42.46972559896948,6.820967943489995,0.013322203014628897,10.608529892043384,0.020719784945397234,3.475623909250181,0.00678832794775426,1.8599090276982932,10.0,512.0,0.9940416526712039,512.0,9.0,11.0,51.0,309.0,0.017578125,0.021484375,0.099609375,0.603515625,19.53125,30,84.87
fc,linear,76,10,1,False,,0,,,10000,102.93117902247141,4.36676705816429,0.436676705816429,5.970522225075105,0.5970522225075106,2.4587508400644724,0.24587508400644725,,10,10,,10,6,7,9,9,0.6,0.7,0.9,0.9,1000.0,,,,,,,,,,,,,,,,,,,,,,,,30,84.87
conv1,conv,0,64,1,False,27.0,0,32.0,32.0,160000,17.389231252562528,3.426068226861259,0.05353231604470717,5.035026947528372,0.07867229605513082,2.0587245231386153,0.032167570674040864,15.283375270262598,10,64,0.9364005655640097,45,5,6,10,15,0.078125,0.09375,0.15625,0.234375,2500.0,64.0,10000.0,4.456287080759481,2.248059853150817,0.03512593520548152,2.539404776921452,0.039678199639397685,1.7361226682830875,0.027126916691923242,9.272786319962485,10.0,64.0,0.9628603630313828,42.0,3.0,3.0,3.0,5.0,0.046875,0.046875,0.046875,0.078125,156.25,40,84.82
layer1.0.conv1,conv,1,64,1,False,64.0,0,32.0,32.0,160000,6.1146605372953955,7.51470481174321,0.11741726268348765,11.615342315662913,0.181489723682233,3.9749699530397073,0.06210890551624543,4.158723483028285,10,64,0.9607778855700628,64,11,16,27,45,0.171875,0.25,0.421875,0.703125,2500.0,64.0,10000.0,1.4804242035665642,3.249747741914494,0.05077730846741397,3.8005445586832027,0.05938350872942504,2.4189442495774545,0.037796003899647726,5.504853709954477,10.0,64.0,0.9686829840812524,64.0,3.0,4.0,6.0,14.0,0.046875,0.0625,0.09375,0.21875,156.25,40,84.82
layer1.0.conv2,conv,2,64,1,False,64.0,0,32.0,32.0,160000,2.3016014716095885,11.551110292135078,0.1804860983146106,17.44703830091133,0.27260997345173954,5.457296012603668,0.08527025019693231,3.3932406130637225,10,64,0.9712199531774273,64,16,22,37,55,0.25,0.34375,0.578125,0.859375,2500.0,64.0,10000.0,0.44549521131319464,3.5981774955298307,0.056221523367653604,4.586679051027175,0.0716668601722996,2.4162449770024352,0.03775382776566305,4.433745320013019,10.0,64.0,0.9682056512949178,64.0,4.0,5.0,9.0,23.0,0.0625,0.078125,0.140625,0.359375,156.25,40,84.82
layer1.0,block,3,64,1,False,,0,32.0,32.0,160000,2.6307225259453784,11.449670358713112,0.17890109935489237,17.835660301980695,0.27868219221844837,5.820757498447423,0.09094933591324099,2.385529973560184,10,64,0.9819155955310122,64,18,26,46,61,0.28125,0.40625,0.71875,0.953125,2500.0,64.0,10000.0,0.37345759967709635,3.7284763916528134,0.05825744361957521,5.500712043530647,0.08594862568016635,2.362894038694732,0.03692021935460519,3.064310984992737,10.0,64.0,0.9866648139222893,64.0,5.0,7.0,19.0,43.0,0.078125,0.109375,0.296875,0.671875,156.25,40,84.82
layer1.1.conv1,conv,4,64,1,False,64.0,0,32.0,32.0,160000,7.770137347419875,11.583599889120213,0.18099374826750333,17.938772383366835,0.2802933184901068,4.939234034317274,0.07717553178620741,3.4588694396944506,10,64,0.9661300380681723,64,17,23,37,55,0.265625,0.359375,0.578125,0.859375,2500.0,64.0,10000.0,0.6397281840856703,4.029907500811561,0.06296730470018064,5.393847978694254,0.08427887466709771,2.6306178546498273,0.04110340397890355,4.633665294387867,10.0,64.0,0.9683156401987391,64.0,4.0,6.0,14.0,28.0,0.0625,0.09375,0.21875,0.4375,156.25,40,84.82
layer1.1.conv2,conv,5,64,1,False,64.0,0,32.0,32.0,160000,1.8094451760953016,12.429275361780972,0.1942074275278277,19.273342109733733,0.3011459704645896,6.1215233845883885,0.09564880288419357,2.7941809127301305,10,64,0.9737365128955446,64,19,26,44,60,0.296875,0.40625,0.6875,0.9375,2500.0,64.0,10000.0,0.08274313634754175,4.368091047696423,0.06825142262025662,6.502729783142808,0.10160515286160637,2.6559131901081723,0.04149864359544019,4.318222205765312,10.0,64.0,0.9738878679097939,64.0,6.0,9.0,18.0,34.0,0.09375,0.140625,0.28125,0.53125,156.25,40,84.82
layer1.1,block,6,64,1,False,,0,32.0,32.0,160000,4.958937263622511,13.075641752335718,0.2043069023802456,21.454971901797823,0.335233935965591,5.533965975506917,0.08646821836729558,2.214858701110274,10,64,0.9869373077137397,64,22,31,51,62,0.34375,0.484375,0.796875,0.96875,2500.0,64.0,10000.0,0.3797914401611914,4.220707712472746,0.06594855800738665,6.7879570958150195,0.10606182962210968,2.417782511132877,0.0377778517364512,2.9170662059592023,10.0,64.0,0.99045643779579,64.0,6.0,10.0,24.0,49.0,0.09375,0.15625,0.375,0.765625,156.25,40,84.82
layer1.2.conv1,conv,7,64,1,False,64.0,0,32.0,32.0,160000,14.482855080974824,11.286194096038797,0.1763467827506062,17.705273698018335,0.2766449015315365,5.086063272571223,0.07946973863392535,3.101835997552933,10,64,0.9717915187393232,64,17,24,39,58,0.265625,0.375,0.609375,0.90625,2500.0,64.0,10000.0,0.5637400397040739,4.823977521628326,0.07537464877544259,6.646958425928228,0.10385872540512857,3.20279713349309,0.05004370521082953,4.406762088072938,10.0,64.0,0.9726532126506242,64.0,5.0,8.0,16.0,32.0,0.078125,0.125,0.25,0.5,156.25,40,84.82
layer1.2.conv2,conv,8,64,1,False,64.0,0,32.0,32.0,160000,1.3533425912859092,12.184927035937914,0.1903894849365299,19.78040119715065,0.3090687687054789,5.8427611064029765,0.09129314228754651,2.46736163905199,10,64,0.9673335061193616,64,20,29,47,61,0.3125,0.453125,0.734375,0.953125,2500.0,64.0,10000.0,0.03584120472976149,5.3773259696252635,0.08402071827539474,7.790709683163089,0.12172983879942327,3.2066750225631675,0.05010429722754949,4.23761615968324,10.0,64.0,0.9703936193495301,64.0,7.0,10.0,19.0,37.0,0.109375,0.15625,0.296875,0.578125,156.25,40,84.82
layer1.2,block,9,64,1,False,,0,32.0,32.0,160000,8.043789053823971,13.04785987062316,0.20387281047848688,22.75318772095405,0.355518558139907,5.18335088127474,0.08098985751991782,1.949223776647747,10,64,0.9787479181954534,64,24,36,54,63,0.375,0.5625,0.84375,0.984375,2500.0,64.0,10000.0,0.39053963336869996,4.860158944473269,0.07593998350739482,7.904592675578892,0.12350926055592018,2.6694104574406534,0.04170953839751021,2.7799100509294687,10.0,64.0,0.9911884783736146,64.0,7.0,12.0,28.0,53.0,0.109375,0.1875,0.4375,0.828125,156.25,40,84.82
layer1.3.conv1,conv,10,64,1,False,64.0,0,32.0,32.0,160000,25.914471741074276,11.484150308505773,0.1794398485704027,17.15844272587991,0.2681006675918736,5.962803896402463,0.09316881088128849,3.0814671225414902,10,64,0.9744491662044464,64,16,22,38,57,0.25,0.34375,0.59375,0.890625,2500.0,64.0,10000.0,0.6092644332801376,2.90102515938222,0.04532851811534719,4.983981499416453,0.07787471092838208,1.8094417306892814,0.02827252704202002,4.253441143009344,10.0,64.0,0.968915633536179,64.0,6.0,8.0,16.0,33.0,0.09375,0.125,0.25,0.515625,156.25,40,84.82
layer1.3.conv2,conv,11,64,1,False,64.0,0,32.0,32.0,160000,0.749181332579809,14.874152824832375,0.23240863788800586,23.34302545758955,0.36473477277483674,6.876921886797094,0.10745190448120459,2.238669861237517,10,64,0.9626868327190206,64,24,33,51,62,0.375,0.515625,0.796875,0.96875,2500.0,64.0,10000.0,0.01871798210208436,3.595340318323255,0.05617719247380086,5.603841879569094,0.0875600293682671,2.483274372681231,0.038801162073144234,3.973340818418738,10.0,64.0,0.9729390118737756,64.0,6.0,9.0,18.0,37.0,0.09375,0.140625,0.28125,0.578125,156.25,40,84.82
layer1.3,block,12,64,1,False,,0,32.0,32.0,160000,10.658919573296052,15.19118005392733,0.23736218834261452,25.939854716183767,0.40531022994037136,5.98282232379138,0.09348159880924031,1.7606907020462401,10,64,0.9799304077582401,64,29,40,56,63,0.453125,0.625,0.875,0.984375,2500.0,64.0,10000.0,0.44104326876014743,5.553225193171937,0.08676914364331152,8.794751314265792,0.137417989285403,3.014696126762382,0.04710462698066222,2.7081484652791064,10.0,64.0,0.9911746974476578,64.0,8.0,13.0,29.0,54.0,0.125,0.203125,0.453125,0.84375,156.25,40,84.82
layer1.4.conv1,conv,13,64,1,False,64.0,0,32.0,32.0,160000,33.521430575431665,10.823928913482703,0.16912388927316724,17.115862973098814,0.26743535895466897,5.5945467764802865,0.08741479338250448,2.8726594703365214,10,64,0.9626570858932187,64,17,25,41,59,0.265625,0.390625,0.640625,0.921875,2500.0,64.0,10000.0,0.7115379739692799,2.4261947812068763,0.03790929345635744,4.259697394612543,0.06655777179082098,1.6219495363726628,0.025342961505822856,3.9511175019513574,10.0,64.0,0.9704062776435659,64.0,5.0,8.0,16.0,34.0,0.078125,0.125,0.25,0.53125,156.25,40,84.82
layer1.4.conv2,conv,14,64,1,False,64.0,0,32.0,32.0,160000,0.5589518525670841,16.626901519479645,0.25979533624186946,25.672606685150686,0.4011344794554795,7.070377614062286,0.11047465021972322,2.30635685267103,10,64,0.9737831380864577,64,25,34,52,62,0.390625,0.53125,0.8125,0.96875,2500.0,64.0,10000.0,0.019177685006577697,3.2741294015058586,0.05115827189852904,5.233531919344374,0.08177393623975585,1.990893965240235,0.031107718206878673,3.8824822176433993,10.0,64.0,0.9750892943245558,64.0,5.0,7.0,16.0,34.0,0.078125,0.109375,0.25,0.53125,156.25,40,84.82
layer1.4,block,15,64,1,False,,0,32.0,32.0,160000,11.223444298269824,20.60165704561758,0.32190089133777466,31.601709502222977,0.493776710972234,9.398031017763916,0.1468442346525612,1.624414380464056,10,64,0.9796452219237647,64,33,43,58,64,0.515625,0.671875,0.90625,1.0,2500.0,64.0,10000.0,0.5320281212985487,5.770128072554092,0.09015825113365769,9.170094661788195,0.14328272909044054,3.1042374577880705,0.0485037102779386,2.631140536427254,10.0,64.0,0.9935681392983856,64.0,8.0,13.0,29.0,55.0,0.125,0.203125,0.453125,0.859375,156.25,40,84.82
layer1.5.conv1,conv,16,64,1,False,64.0,0,32.0,32.0,160000,25.34887211633267,15.284295602471818,0.23881711878862216,23.166360747271863,0.36197438667612286,7.203414490241247,0.11255335141001949,2.750622925450018,10,64,0.9630676428085418,64,22,29,46,61,0.34375,0.453125,0.71875,0.953125,2500.0,64.0,10000.0,0.9141942471603257,3.014257755310353,0.04709777742672427,5.185918479680808,0.08102997624501262,1.8462622258920485,0.028847847279563257,3.822542522593691,10.0,64.0,0.9718436633858947,64.0,6.0,8.0,16.0,35.0,0.09375,0.125,0.25,0.546875,156.25,40,84.82
layer1.5.conv2,conv,17,64,1,False,64.0,0,32.0,32.0,160000,0.6431721687119616,15.799499132164371,0.2468671739400683,23.650588991290842,0.3695404529889194,7.707247030639706,0.1204257348537454,2.5338330382911196,10,64,0.9779800740064402,64,22,30,49,62,0.34375,0.46875,0.765625,0.96875,2500.0,64.0,10000.0,0.02540346527634494,3.363878328575764,0.052560598883996314,5.587224433415904,0.0873003817721235,2.0116168580693836,0.03143151340733412,4.0485902193730885,10.0,64.0,0.9709394253501368,64.0,6.0,8.0,17.0,36.0,0.09375,0.125,0.265625,0.5625,156.25,40,84.82
layer1.5,block,18,64,1,False,,0,32.0,32.0,160000,11.033739964501267,23.528537681042028,0.3676334012662817,35.13766380618664,0.5490259969716662,9.668604985077533,0.15107195289183645,1.5632340699045582,10,64,0.9772034162476434,64,35,46,59,64,0.546875,0.71875,0.921875,1.0,2500.0,64.0,10000.0,0.5955095195074424,6.018321123753495,0.09403626755864836,9.596473379784292,0.14994489655912957,3.189763165672692,0.049840049463635815,2.6148979879372285,10.0,64.0,0.9966135147276276,64.0,9.0,13.0,30.0,56.0,0.140625,0.203125,0.46875,0.875,156.25,40,84.82
layer2.0.conv1,conv,19,128,1,False,128.0,0,16.0,16.0,160000,52.02707893119235,17.351270945867842,0.13555680426459252,28.186512385125653,0.22020712800879416,6.948564300481175,0.05428565859750918,2.7713366828834234,10,128,0.9760857693319174,128,26,39,71,112,0.203125,0.3046875,0.5546875,0.875,1250.0,128.0,10000.0,4.186970146814555,4.856235125921892,0.037939336921264784,7.30062437760993,0.05703612795007758,2.762100938408054,0.021578913581312923,3.691148906287108,10.0,128.0,0.987883670035413,128.0,7.0,9.0,17.0,45.0,0.0546875,0.0703125,0.1328125,0.3515625,78.125,40,84.82
layer2.0.conv2,conv,20,128,1,False,128.0,0,16.0,16.0,160000,5.72406419375654,25.503332019120418,0.19924478139937826,42.01252027655565,0.328222814660591,9.915943210910394,0.07746830633523745,2.151020171499011,10,128,0.9616936422294708,128,42,59,97,123,0.328125,0.4609375,0.7578125,0.9609375,1250.0,128.0,10000.0,0.515795963445161,5.185507517216661,0.04051177747825516,8.08459940204049,0.06316093282844133,2.918425342161888,0.02280019798563975,3.324789093451814,10.0,128.0,0.9840630924965447,128.0,8.0,10.0,24.0,61.0,0.0625,0.078125,0.1875,0.4765625,78.125,40,84.82
layer2.0.downsample.0,conv,21,128,1,False,64.0,0,16.0,16.0,160000,8.704036723927365,10.289438177413441,0.08038623576104251,16.93116427153846,0.13227472087139422,4.8433061101074175,0.0378383289852142,11.248459678753514,10,128,0.662951099807139,94,17,24,41,58,0.1328125,0.1875,0.3203125,0.453125,1250.0,128.0,10000.0,0.7408557424268472,4.85336799049161,0.037916937425715704,7.143179639367444,0.05580609093255816,2.768897661057087,0.02163201297700849,10.256563557897284,10.0,128.0,0.7219880113459771,97.0,7.0,8.0,17.0,39.0,0.0546875,0.0625,0.1328125,0.3046875,78.125,40,84.82
layer2.0,block,22,128,1,False,,0,16.0,16.0,160000,10.982372675303035,23.093041637620228,0.18041438779390803,44.87488839341936,0.35058506557358876,8.404102096543998,0.06565704762924998,1.489048125007163,10,128,0.9869845106342342,128,56,80,114,126,0.4375,0.625,0.890625,0.984375,1250.0,128.0,10000.0,0.905972114401362,6.463045531699067,0.05049254321639896,11.053745480318034,0.08635738656498464,3.333181187757698,0.026040478029357016,2.252463727195624,10.0,128.0,0.9973088141854681,128.0,10.0,17.0,51.0,108.0,0.078125,0.1328125,0.3984375,0.84375,78.125,40,84.82
layer2.1.conv1,conv,23,128,1,False,128.0,0,16.0,16.0,160000,25.368823690724405,24.640018448145472,0.1925001441261365,39.959700450726146,0.312185159771298,9.441195513701656,0.07375933995079419,2.304216929482445,10,128,0.962216361530138,128,39,55,92,121,0.3046875,0.4296875,0.71875,0.9453125,1250.0,128.0,10000.0,1.7765341827648382,5.918288968904429,0.04623663256956585,9.116958288782145,0.07122623663111051,3.2707200339431406,0.025552500265180786,3.2946405717466534,10.0,128.0,0.9814760191549442,128.0,8.0,11.0,28.0,67.0,0.0625,0.0859375,0.21875,0.5234375,78.125,40,84.82
layer2.1.conv2,conv,24,128,1,False,128.0,0,16.0,16.0,160000,0.9516049516085436,26.737339061520878,0.20888546141813186,45.57364609730272,0.3560441101351775,10.269368085784889,0.08022943817019444,1.8340308482903034,10,128,0.970519683639237,128,49,69,106,125,0.3828125,0.5390625,0.828125,0.9765625,1250.0,128.0,10000.0,0.052318253996925454,5.435343103633661,0.04246361799713798,10.261302929852869,0.08016642913947554,2.929460588511814,0.022886410847748548,2.982614475633812,10.0,128.0,0.9629338663128232,128.0,12.0,19.0,46.0,90.0,0.09375,0.1484375,0.359375,0.703125,78.125,40,84.82
layer2.1,block,25,128,1,False,,0,16.0,16.0,160000,12.663471881645759,28.006946007394628,0.21880426568277053,52.18262636036138,0.4076767684403233,9.809710380215815,0.07663836234543606,1.3852170193983009,10,128,0.9876128415727261,128,63,86,116,127,0.4921875,0.671875,0.90625,0.9921875,1250.0,128.0,10000.0,0.9019951817305041,6.984124777710293,0.054563474825861664,12.453672208608143,0.09729431412975112,3.43411687119956,0.026829038056246562,2.1179018190550063,10.0,128.0,0.9965719655640479,128.0,12.0,21.0,62.0,114.0,0.09375,0.1640625,0.484375,0.890625,78.125,40,84.82
layer2.2.conv1,conv,26,128,1,False,128.0,0,16.0,16.0,160000,26.87541511714512,24.509145607884648,0.1914777000615988,40.200161910268804,0.31406376492397503,9.616454991059399,0.07512855461765156,2.2412676648439187,10,128,0.9643925927056518,128,40,56,93,122,0.3125,0.4375,0.7265625,0.953125,1250.0,128.0,10000.0,1.7492623345689393,5.73716310023133,0.04482158672055726,9.284797172572732,0.07253747791072447,3.0122416775387575,0.023533138105771543,3.1760284795112703,10.0,128.0,0.9761873027356099,128.0,9.0,12.0,31.0,73.0,0.0703125,0.09375,0.2421875,0.5703125,78.125,40,84.82
layer2.2.conv2,conv,27,128,1,False,128.0,0,16.0,16.0,160000,0.8362358587631277,24.69726503528958,0.19294738308819984,44.01302421073558,0.3438517516463717,8.991686474131228,0.07024755057915022,1.8240185667806474,10,128,0.9651136748868548,128,49,68,105,125,0.3828125,0.53125,0.8203125,0.9765625,1250.0,128.0,10000.0,0.04661668833778441,6.617324521488442,0.05169784782412845,11.56824458307224,0.09037691080525187,3.546168119251917,0.0277044384316556,3.0844035928705082,10.0,128.0,0.9602426335204669,128.0,12.0,20.0,45.0,88.0,0.09375,0.15625,0.3515625,0.6875,78.125,40,84.82
layer2.2,block,28,128,1,False,,0,16.0,16.0,160000,14.668749323987802,32.12311689874197,0.25096185077142164,57.973741114152695,0.45291985245431793,10.676057589674718,0.08340669991933373,1.3064455721639472,10,128,0.9869769565301427,128,69,91,118,127,0.5390625,0.7109375,0.921875,0.9921875,1250.0,128.0,10000.0,0.9316680546263548,7.426922243519976,0.05802283002749981,13.796894729595676,0.10778824007496622,3.5241552534492757,0.027532462917572467,2.033953056714408,10.0,128.0,0.9951579964275288,128.0,14.0,26.0,70.0,117.0,0.109375,0.203125,0.546875,0.9140625,78.125,40,84.82
layer2.3.conv1,conv,29,128,1,False,128.0,0,16.0,16.0,160000,26.651070817666486,25.079017541573805,0.19592982454354535,41.1915132343314,0.3218086971432141,9.499824773742947,0.07421738104486678,2.165513134520448,10,128,0.9674935919141623,128,41,58,96,123,0.3203125,0.453125,0.75,0.9609375,1250.0,128.0,10000.0,1.7292947480890648,5.859022326565239,0.04577361192629093,9.721223183479866,0.07594705612093645,3.0938388766220104,0.024170616223609456,3.1602478105415694,10.0,128.0,0.9738511332974805,128.0,9.0,13.0,34.0,78.0,0.0703125,0.1015625,0.265625,0.609375,78.125,40,84.82
layer2.3.conv2,conv,30,128,1,False,128.0,0,16.0,16.0,160000,0.6518604068144016,26.150892786757804,0.20430384989654535,44.90768336517672,0.35084127629044315,9.80464833974743,0.0765988151542768,1.869411598379688,10,128,0.971055455846684,128,48,68,105,125,0.375,0.53125,0.8203125,0.9765625,1250.0,128.0,10000.0,0.04099412408364426,6.28086814296593,0.049069282366921325,11.24854341755146,0.08787924544962078,3.2047109938164207,0.025036804639190786,3.1149065447076048,10.0,128.0,0.9628961937283365,128.0,12.0,19.0,44.0,87.0,0.09375,0.1484375,0.34375,0.6796875,78.125,40,84.82
layer2.3,block,31,128,1,False,,0,16.0,16.0,160000,16.31937188587631,35.91059199101808,0.28055149992982875,62.5342554530972,0.4885488707273219,11.8217120020401,0.09235712501593828,1.2537606786094162,10,128,0.9851101749496334,128,72,94,119,127,0.5625,0.734375,0.9296875,0.9921875,1250.0,128.0,10000.0,0.9670565579046375,7.965314317972093,0.06222901810915698,15.08350315001294,0.11783986835947609,3.722031987247158,0.029078374900368423,1.9733346351042567,10.0,128.0,0.9944745983721974,128.0,16.0,30.0,77.0,119.0,0.125,0.234375,0.6015625,0.9296875,78.125,40,84.82
layer2.4.conv1,conv,32,128,1,False,128.0,0,16.0,16.0,160000,27.37539803691307,23.73440478767561,0.18542503740371571,40.49532888756289,0.3163697569340851,8.499739746735829,0.06640421677137366,2.1279477889353773,10,128,0.9671420257820825,128,41,59,97,123,0.3203125,0.4609375,0.7578125,0.9609375,1250.0,128.0,10000.0,1.7286218940836426,6.103277908622487,0.04768185866111318,10.074501576347016,0.07870704356521106,3.3935330794016925,0.026511977182825722,3.1212672419840213,10.0,128.0,0.9703972251313465,128.0,10.0,15.0,37.0,80.0,0.078125,0.1171875,0.2890625,0.625,78.125,40,84.82
layer2.4.conv2,conv,33,128,1,False,128.0,0,16.0,16.0,160000,0.5588917898582864,22.5366528894255,0.17606760069863672,41.255942328102115,0.3223120494382978,7.936977849326783,0.06200763944786549,1.9073422356903635,10,128,0.9705798586232885,128,45,65,103,125,0.3515625,0.5078125,0.8046875,0.9765625,1250.0,128.0,10000.0,0.03410950541810364,6.267971859876807,0.04896853015528756,11.332345213706828,0.0885339469820846,3.303820064908482,0.025811094257097517,3.149141922955079,10.0,128.0,0.9602694825472005,128.0,12.0,20.0,44.0,86.0,0.09375,0.15625,0.34375,0.671875,78.125,40,84.82
layer2.4,block,34,128,1,False,,0,16.0,16.0,160000,17.417978445537855,39.08844122934182,0.30537844710423295,66.14465568925775,0.5167551225723261,12.689407260605646,0.09913599422348161,1.2173902585260696,10,128,0.984577426292033,128,75,96,120,127,0.5859375,0.75,0.9375,0.9921875,1250.0,128.0,10000.0,0.9859484665132371,8.416879335637638,0.06575686980966905,16.268351280556097,0.1270964943793445,3.8904279977918086,0.030393968732748505,1.9365245200848762,10.0,128.0,0.9948937742263315,128.0,18.0,34.0,81.0,120.0,0.140625,0.265625,0.6328125,0.9375,78.125,40,84.82
layer2.5.conv1,conv,35,128,1,False,128.0,0,16.0,16.0,160000,26.338078652814836,22.6777995207318,0.17717030875571718,39.58480074182639,0.3092562557955187,7.92409900859485,0.06190702350464727,2.1078673091369597,10,128,0.966232523734046,128,41,59,97,123,0.3203125,0.4609375,0.7578125,0.9609375,1250.0,128.0,10000.0,1.6545481029982056,6.410061767776443,0.05007860756075346,10.92943277986179,0.08538619359267023,3.4947601044244605,0.027302813315816098,3.170725510635849,10.0,128.0,0.9740249207295064,128.0,11.0,16.0,39.0,82.0,0.0859375,0.125,0.3046875,0.640625,78.125,40,84.82
layer2.5.conv2,conv,36,128,1,False,128.0,0,16.0,16.0,160000,0.6177790737351689,13.4472953306151,0.10505699477043047,31.198717620705207,0.24373998141175943,4.5353015394879,0.03543204327724922,1.9991377362538372,10,128,0.9711260916836059,128,39,57,97,123,0.3046875,0.4453125,0.7578125,0.9609375,1250.0,128.0,10000.0,0.049994929732207906,4.315028974526185,0.03371116386348582,8.14184225414667,0.06360814261052086,2.432511095200132,0.019003992931251032,3.324267117089569,10.0,128.0,0.9627525412698444,128.0,10.0,16.0,37.0,77.0,0.078125,0.125,0.2890625,0.6015625,78.125,40,84.82
layer2.5,block,37,128,1,False,,0,16.0,16.0,160000,17.81496462656591,43.85173822170995,0.342591704857109,70.3963508222765,0.5499714907990352,15.142401969710674,0.11830001538836464,1.1969358706531974,10,128,0.9849031698726343,128,77,97,120,128,0.6015625,0.7578125,0.9375,1.0,1250.0,128.0,10000.0,0.9760776108014904,9.134106924056592,0.07136021034419213,17.971633814027705,0.14040338917209144,4.06728053792139,0.03177562920251086,1.9381673576566636,10.0,128.0,0.9963459086751957,128.0,20.0,37.0,85.0,121.0,0.15625,0.2890625,0.6640625,0.9453125,78.125,40,84.82
layer3.0.conv1,conv,38,256,1,False,256.0,0,8.0,8.0,160000,77.45247336175503,28.39894216216555,0.11093336782095918,51.75223575821774,0.20215717093053806,10.623149565888285,0.041496677991751114,2.1777842803565193,10,256,0.9748555978936343,256,54,83,163,237,0.2109375,0.32421875,0.63671875,0.92578125,625.0,256.0,10000.0,6.537922788904103,7.43848337744599,0.029056575693148397,13.303491638956887,0.05196676421467534,3.656374290716647,0.014282712073111903,2.760950560165303,10.0,256.0,0.9844723181666654,256.0,13.0,21.0,59.0,153.0,0.05078125,0.08203125,0.23046875,0.59765625,39.0625,40,84.82
layer3.0.conv2,conv,39,256,1,False,256.0,0,8.0,8.0,160000,6.844506465602719,40.75664139828039,0.15920563046203276,74.62525139032385,0.29150488824345255,13.573350737384235,0.05302090131790717,1.8519966359553224,10,256,0.9646077260313572,256,81,118,198,247,0.31640625,0.4609375,0.7734375,0.96484375,625.0,256.0,10000.0,0.6604867792285022,7.315398806860743,0.028575776589299776,13.740630734032433,0.05367433880481419,3.6614874002685767,0.014302685157299128,2.6075012738782086,10.0,256.0,0.986637801340301,256.0,15.0,24.0,68.0,170.0,0.05859375,0.09375,0.265625,0.6640625,39.0625,40,84.82
layer3.0.downsample.0,conv,40,256,1,False,128.0,0,8.0,8.0,160000,12.100735991616157,22.816593849959503,0.08912731972640431,37.796037604414565,0.1476407718922444,10.016329173704413,0.039126285834782865,9.130934309388548,10,256,0.6085191668693137,192,38,55,91,120,0.1484375,0.21484375,0.35546875,0.46875,625.0,256.0,10000.0,0.9433409382941126,7.6249550840825036,0.02978498079719728,13.847744433894968,0.05409275169490222,3.62769771630062,0.014170694204299297,8.589022594669542,10.0,256.0,0.6417158789031693,192.0,14.0,23.0,57.0,104.0,0.0546875,0.08984375,0.22265625,0.40625,39.0625,40,84.82
layer3.0,block,41,256,1,False,,0,8.0,8.0,160000,11.136774170876441,47.28463640169491,0.18470561094412075,97.19682936907809,0.3796751147229613,14.832140120860213,0.05793804734711021,1.232636709102463,10,256,0.9877431224638528,256,129,177,234,253,0.50390625,0.69140625,0.9140625,0.98828125,625.0,256.0,10000.0,0.8385732231652737,9.937262816420539,0.03881743287664273,23.247372191612477,0.09081004762348624,4.308017970942837,0.016828195198995456,1.6470165934756253,10.0,256.0,0.9967118272398211,256.0,32.0,67.0,175.0,244.0,0.125,0.26171875,0.68359375,0.953125,39.0625,40,84.82
layer3.1.conv1,conv,42,256,1,False,256.0,0,8.0,8.0,160000,23.76536357152468,35.00065191575603,0.136721296545922,65.88614040323701,0.25736773595014456,10.673805682545742,0.041694553447444306,1.9706729546531727,10,256,0.968817734619304,256,71,105,187,245,0.27734375,0.41015625,0.73046875,0.95703125,625.0,256.0,10000.0,1.8793461564597924,8.59689781721393,0.033581632098491916,15.85567736967631,0.06193623972529808,4.250008830493155,0.016601596994113888,2.6176515573839265,10.0,256.0,0.9841798753824443,256.0,16.0,27.0,75.0,176.0,0.0625,0.10546875,0.29296875,0.6875,39.0625,40,84.82
layer3.1.conv2,conv,43,256,1,False,256.0,0,8.0,8.0,160000,1.2789551227675189,30.341476193910935,0.11852139138246459,69.41208425911579,0.27114095413717104,7.686026445914468,0.03002354080435339,1.7010056680006467,10,256,0.9754596119827468,256,84,126,207,250,0.328125,0.4921875,0.80859375,0.9765625,625.0,256.0,10000.0,0.09687975487050487,8.76381254950427,0.03423364277150105,18.622507246518474,0.07274416893171279,4.073744667538046,0.01591306510757049,2.486638109834558,10.0,256.0,0.964954853538101,256.0,23.0,41.0,103.0,197.0,0.08984375,0.16015625,0.40234375,0.76953125,39.0625,40,84.82
layer3.1,block,44,256,1,False,,0,8.0,8.0,160000,11.769941384526422,60.167827047886384,0.2350305744058062,115.11897337534278,0.4496834897474327,18.590534069732445,0.07261927370989237,1.1566690834399072,10,256,0.9827767959214458,256,144,187,237,254,0.5625,0.73046875,0.92578125,0.9921875,625.0,256.0,10000.0,0.7831326055799764,11.720494212330388,0.04578318051691558,29.438124724578863,0.11499267470538618,4.63772665356655,0.018116119740494336,1.562184652870357,10.0,256.0,0.9963739984041591,256.0,46.0,89.0,194.0,247.0,0.1796875,0.34765625,0.7578125,0.96484375,39.0625,40,84.82
layer3.2.conv1,conv,45,256,1,False,256.0,0,8.0,8.0,160000,20.193620046408988,39.978046835743065,0.15616424545212135,72.74981860347387,0.2841789789198198,12.172995080737113,0.04755076203412935,1.8839484812093659,10,256,0.9704993195745681,256,77,113,196,247,0.30078125,0.44140625,0.765625,0.96484375,625.0,256.0,10000.0,1.5024872251964698,10.214130382169666,0.039898946805350256,19.524032984543158,0.07626575384587171,4.605791847164345,0.017991374402985722,2.5569517257641863,10.0,256.0,0.9798679254938165,256.0,21.0,35.0,91.0,191.0,0.08203125,0.13671875,0.35546875,0.74609375,39.0625,40,84.82
layer3.2.conv2,conv,46,256,1,False,256.0,0,8.0,8.0,160000,0.9991520464176694,35.74428082343621,0.1396260969665477,73.64976124194801,0.2876943798513594,9.084796777661227,0.03548748741273917,1.7579203540112665,10,256,0.9746390780774328,256,83,123,206,249,0.32421875,0.48046875,0.8046875,0.97265625,625.0,256.0,10000.0,0.08145265866561616,9.113286046849122,0.035598773620504384,20.425956267070692,0.07978889166824489,3.8445478761817484,0.015017765141334955,2.549402214607844,10.0,256.0,0.9658567067773824,256.0,25.0,43.0,105.0,197.0,0.09765625,0.16796875,0.41015625,0.76953125,39.0625,40,84.82
layer3.2,block,47,256,1,False,,0,8.0,8.0,160000,12.921981058025787,69.47064112904799,0.2713696919103437,125.53814464771928,0.49038337753015343,21.39063399848206,0.08355716405657054,1.1332607976464484,10,256,0.974998638364521,256,149,191,238,253,0.58203125,0.74609375,0.9296875,0.98828125,625.0,256.0,10000.0,0.8319423234138016,12.60164348091493,0.049225169847323946,33.29461555742465,0.13005709202119003,4.677260410100879,0.01827054847695656,1.5431303053782626,10.0,256.0,0.9945364388796377,256.0,54.0,101.0,200.0,248.0,0.2109375,0.39453125,0.78125,0.96875,39.0625,40,84.82
layer3.3.conv1,conv,48,256,1,False,256.0,0,8.0,8.0,160000,18.129684899961998,39.833460275872206,0.1555994542026258,73.96283046520789,0.2889173065047183,11.281494743247796,0.044068338840811704,1.8661480120265888,10,256,0.9707235218545113,256,79,116,198,248,0.30859375,0.453125,0.7734375,0.96875,625.0,256.0,10000.0,1.274665065147807,10.409875810817335,0.04066357738600521,21.428825190435017,0.08370634840013678,4.585917212383277,0.017913739110872177,2.5678168979630684,10.0,256.0,0.975015849303961,256.0,24.0,41.0,100.0,196.0,0.09375,0.16015625,0.390625,0.765625,39.0625,40,84.82
layer3.3.conv2,conv,49,256,1,False,256.0,0,8.0,8.0,160000,0.7924143870071776,30.310475369705074,0.11840029441291045,65.55411066933401,0.25607074480208597,7.802511414784929,0.03047856021400363,1.842491626168384,10,256,0.9783444769412893,256,74,112,198,248,0.2890625,0.4375,0.7734375,0.96875,625.0,256.0,10000.0,0.060673198805799855,9.199467334773166,0.03593541927645768,20.793134098605787,0.08122318007267885,3.8345353163188256,0.014978653579370413,2.635535845214953,10.0,256.0,0.9654489357942033,256.0,26.0,43.0,101.0,192.0,0.1015625,0.16796875,0.39453125,0.75,39.0625,40,84.82
layer3.3,block,50,256,1,False,,0,8.0,8.0,160000,13.952354742408826,76.4873300973249,0.2987786331926754,132.61269985113972,0.5180183587935145,23.056991324808877,0.09006637236253467,1.1173950599423723,10,256,0.9737137527226486,256,153,193,239,254,0.59765625,0.75390625,0.93359375,0.9921875,625.0,256.0,10000.0,0.8833235605698379,14.135159619045808,0.05521546726189769,37.284443642085584,0.1456423579768968,5.076577812429144,0.019830382079801343,1.5311347180229409,10.0,256.0,0.9947335963129796,256.0,60.0,108.0,204.0,249.0,0.234375,0.421875,0.796875,0.97265625,39.0625,40,84.82
layer3.4.conv1,conv,51,256,1,False,256.0,0,8.0,8.0,160000,16.868812736658143,36.34770804263057,0.14198323454152567,70.86968319890836,0.2768346999957358,9.719286234889848,0.03796596185503847,1.8943452472968663,10,256,0.9716857034644074,256,76,112,196,247,0.296875,0.4375,0.765625,0.96484375,625.0,256.0,10000.0,1.2442757441897534,10.722059491375566,0.041883044888185804,22.13062091516058,0.08644773794984602,4.7701291594239885,0.018633317028999955,2.627410668002921,10.0,256.0,0.9749629427037273,256.0,25.0,41.0,98.0,194.0,0.09765625,0.16015625,0.3828125,0.7578125,39.0625,40,84.82
layer3.4.conv2,conv,52,256,1,False,256.0,0,8.0,8.0,160000,0.7239589826233336,25.7166406882966,0.1004556276886586,55.624752232223045,0.21728418840712127,6.982423281083452,0.027275090941732236,1.9754579831243024,10,256,0.9848386527641015,256,61,95,184,245,0.23828125,0.37109375,0.71875,0.95703125,625.0,256.0,10000.0,0.06726328898815033,8.913569181454916,0.034818629615058265,18.33871773031122,0.0716356161340282,3.9528145676581254,0.015440681904914553,2.792349168293958,10.0,256.0,0.97548437356791,256.0,21.0,33.0,81.0,175.0,0.08203125,0.12890625,0.31640625,0.68359375,39.0625,40,84.82
layer3.4,block,53,256,1,False,,0,8.0,8.0,160000,15.083613513095758,80.46346372060259,0.31431040515860387,135.892994067618,0.5308320080766328,25.088370996546974,0.09800144920526162,1.1168679428660164,10,256,0.9745062055560995,256,154,194,239,254,0.6015625,0.7578125,0.93359375,0.9921875,625.0,256.0,10000.0,0.9976885502116626,15.140356921972224,0.059142019226454,38.73134943252554,0.1512943337208029,5.410822376323156,0.02113602490751233,1.5402917521397863,10.0,256.0,0.9948482843630139,256.0,60.0,109.0,205.0,249.0,0.234375,0.42578125,0.80078125,0.97265625,39.0625,40,84.82
layer3.5.conv1,conv,54,256,1,False,256.0,0,8.0,8.0,160000,16.04399971806473,34.12730319521869,0.133309778106323,65.65234990963192,0.2564544918344997,9.599490655088712,0.03749801037144028,1.9554656985765662,10,256,0.9767504508696782,256,69,103,190,246,0.26953125,0.40234375,0.7421875,0.9609375,625.0,256.0,10000.0,1.281362959684419,11.36611086820584,0.044398870578929064,22.242400611680704,0.08688437738937775,5.25717251002921,0.0205358301173016,2.7107684831265204,10.0,256.0,0.9777988021000347,256.0,24.0,38.0,91.0,187.0,0.09375,0.1484375,0.35546875,0.73046875,39.0625,40,84.82
layer3.5.conv2,conv,55,256,1,False,256.0,0,8.0,8.0,160000,0.8411684620807313,8.447520058837762,0.03299812522983501,27.83013014689956,0.1087114458863264,3.108150172649073,0.012141211611910441,2.0970413855539625,10,256,0.991610539270198,256,40,65,153,238,0.15625,0.25390625,0.59765625,0.9296875,625.0,256.0,10000.0,0.11254818605087231,3.571493698860352,0.01395114726117325,8.56280666493893,0.0334484635349177,1.9638569443949268,0.007671316189042683,2.909209333492054,10.0,256.0,0.9805362840707027,256.0,12.0,19.0,49.0,136.0,0.046875,0.07421875,0.19140625,0.53125,39.0625,40,84.82
layer3.5,block,56,256,1,False,,0,8.0,8.0,160000,16.047428079839,82.41977480012066,0.32195224531297134,136.9245724111645,0.5348616109811113,27.3623835012273,0.10688431055166914,1.1246478635892079,10,256,0.9759288192777409,256,154,194,239,254,0.6015625,0.7578125,0.93359375,0.9921875,625.0,256.0,10000.0,1.1289620000649814,15.988387092500517,0.062454637080080144,39.14345135169251,0.15290410684254888,5.5768070635419935,0.021784402591960912,1.554328880693459,10.0,256.0,0.994742797912353,256.0,58.0,106.0,203.0,248.0,0.2265625,0.4140625,0.79296875,0.96875,39.0625,40,84.82
layer4.0.conv1,conv,57,512,1,False,512.0,0,4.0,4.0,160000,32.513642110113,39.26676005349636,0.07669289072948508,73.37651068901951,0.14331349743949123,14.80014217755657,0.028906527690540175,2.010877609640301,10,512,0.9916514764410548,512,74,126,309,473,0.14453125,0.24609375,0.603515625,0.923828125,312.5,512.0,10000.0,4.261072904724753,10.233217513909183,0.019986752956853874,21.75650779526625,0.04249317928762939,4.110182842410038,0.008027700864082105,2.1779610851648274,10.0,512.0,0.9895086219179694,512.0,23.0,43.0,156.0,384.0,0.044921875,0.083984375,0.3046875,0.75,19.53125,40,84.82
layer4.0.conv2,conv,58,512,1,False,512.0,0,4.0,4.0,160000,2.499200139854168,28.777213794231002,0.05620549569185743,53.723448227700985,0.10492860981972849,9.926043686041881,0.01938680407430055,2.2544384038818177,10,512,0.9940582855751067,512,53,84,216,445,0.103515625,0.1640625,0.421875,0.869140625,312.5,512.0,10000.0,0.5601847752991407,7.1709936651616335,0.014005847002268815,12.092967911427607,0.023619077952007045,3.39871915634459,0.006638123352235527,2.4282933999618823,10.0,512.0,0.9960119047244327,512.0,10.0,16.0,50.0,216.0,0.01953125,0.03125,0.09765625,0.421875,19.53125,40,84.82
layer4.0.downsample.0,conv,59,512,1,False,256.0,0,4.0,4.0,160000,4.413483415311316,28.887733390387705,0.05642135427810099,51.000064092433796,0.09960950018053476,12.082482111249144,0.023598597873533484,7.160292222520243,10,512,0.5667582588063775,373,51,83,172,238,0.099609375,0.162109375,0.3359375,0.46484375,312.5,512.0,10000.0,0.6616676562737441,9.076504259896712,0.017727547382610766,19.03183702132518,0.037171556682275744,3.877278342892663,0.007572809263462233,6.826923229293413,10.0,512.0,0.6050203452822696,383.0,21.0,38.0,116.0,218.0,0.041015625,0.07421875,0.2265625,0.42578125,19.53125,40,84.82
layer4.0,block,60,512,1,False,,0,4.0,4.0,160000,17.99568395948276,31.303743240527016,0.06114012351665433,69.98964034166377,0.13669851629231206,10.77042931726742,0.02103599476028793,1.5739964473734793,10,512,0.9967285342887797,512,91,183,393,496,0.177734375,0.357421875,0.767578125,0.96875,312.5,512.0,10000.0,3.6559079568813617,8.738536198943462,0.01706745351356145,17.216312821473135,0.03362561097943972,3.9587182352644237,0.0077318715532508275,1.634367215392908,10.0,512.0,0.9942730302429481,512.0,16.0,37.0,207.0,449.0,0.03125,0.072265625,0.404296875,0.876953125,19.53125,40,84.82
layer4.1.conv1,conv,61,512,1,False,512.0,0,4.0,4.0,160000,24.48066701169201,26.311537677068166,0.05138972202552376,47.27708424317368,0.0923380551624486,9.104663878185242,0.01778254663708055,2.5902918335699225,10,512,0.9901545729969382,512,46,66,144,382,0.08984375,0.12890625,0.28125,0.74609375,312.5,512.0,10000.0,4.472011341767986,7.661358198951849,0.01496359023232783,12.082064338709543,0.023597781911542076,3.7976677910007273,0.0074173199042982954,2.642295203534793,10.0,512.0,0.9977316914624451,512.0,10.0,15.0,42.0,158.0,0.01953125,0.029296875,0.08203125,0.30859375,19.53125,40,84.82
layer4.1.conv2,conv,62,512,1,False,512.0,0,4.0,4.0,160000,0.7835413007973996,22.206303471680346,0.04337168646812568,36.89976721829579,0.07206985784823397,9.89582442398479,0.019327782078095292,2.374958440959106,10,512,0.9896441283354925,512,34,49,122,392,0.06640625,0.095703125,0.23828125,0.765625,312.5,512.0,10000.0,0.24653560637800168,8.228859068615389,0.01607199036838943,10.4753628438714,0.020459693054436328,4.803700349497211,0.00938222724511174,2.479453645657601,10.0,512.0,0.9923007315268444,512.0,9.0,10.0,19.0,97.0,0.017578125,0.01953125,0.037109375,0.189453125,19.53125,40,84.82
layer4.1,block,63,512,1,False,,0,4.0,4.0,160000,29.820489076100966,28.154580261339728,0.054989414572929156,61.01478563068225,0.11916950318492626,10.309060896668749,0.02013488456380615,1.6573322785027926,10,512,0.9969501672634593,512,73,150,367,491,0.142578125,0.29296875,0.716796875,0.958984375,312.5,512.0,10000.0,7.557312375722793,8.540200325147076,0.016680078760052883,14.436328322966245,0.028195953755793448,4.208666426210553,0.008220051613692487,1.7007411792532767,10.0,512.0,0.9949036683534522,512.0,11.0,22.0,137.0,415.0,0.021484375,0.04296875,0.267578125,0.810546875,19.53125,40,84.82
layer4.2.conv1,conv,64,512,1,False,512.0,0,4.0,4.0,160000,31.905340275997215,22.25513448174917,0.04346705953466635,37.754470603500984,0.07373920039746286,8.522606208247069,0.016645715250482557,2.5202172326690335,10,512,0.9885065464248937,512,35,49,109,363,0.068359375,0.095703125,0.212890625,0.708984375,312.5,512.0,10000.0,7.378060310627968,7.494583360153397,0.014637858125299604,10.43006984802912,0.020371230171931876,3.934849633503365,0.00768525319043626,2.5336306654088054,10.0,512.0,0.996377155517483,512.0,9.0,10.0,25.0,108.0,0.017578125,0.01953125,0.048828125,0.2109375,19.53125,40,84.82
layer4.2.conv2,conv,65,512,1,False,512.0,0,4.0,4.0,160000,0.48034000390319503,16.416659406630945,0.032063787903576065,27.46726741201585,0.05364700666409346,7.296929397734396,0.014251815229949992,2.3666007297813234,10,512,0.9890782905294735,512,26,38,92,352,0.05078125,0.07421875,0.1796875,0.6875,312.5,512.0,10000.0,0.19294492515978973,7.3443395214484415,0.014344413127828987,9.103589687552345,0.017780448608500674,4.275810875668715,0.00835119311654046,2.4729216805995544,10.0,512.0,0.9912658521534574,512.0,8.0,9.0,13.0,58.0,0.015625,0.017578125,0.025390625,0.11328125,19.53125,40,84.82
layer4.2,block,66,512,1,False,,0,4.0,4.0,160000,44.04589394607017,24.50653335618663,0.04786432296130201,52.05881188830601,0.10167736696934768,9.75152722445865,0.0190459516102708,1.7231303982518102,10,512,0.99722656426894,512,59,121,338,485,0.115234375,0.236328125,0.66015625,0.947265625,312.5,512.0,10000.0,13.187973123369629,8.201786078943483,0.01601911343543649,12.73897594088161,0.024880812384534396,4.278929719418327,0.00835728460823892,1.7604875388031733,10.0,512.0,0.9953690580036914,512.0,9.0,15.0,93.0,378.0,0.017578125,0.029296875,0.181640625,0.73828125,19.53125,40,84.82
layer4.3.conv1,conv,67,512,1,False,512.0,0,4.0,4.0,160000,41.648740991151804,20.124967495546787,0.03930657713973982,32.25753335202922,0.06300299482818207,9.415609371108927,0.018389862052947122,2.4665101640160603,10,512,0.9854072682701028,512,29,41,91,344,0.056640625,0.080078125,0.177734375,0.671875,312.5,512.0,10000.0,13.53294501788126,7.615151461841874,0.01487334269890991,9.654132487173824,0.018855727514011374,4.356921373044557,0.00850961205672765,2.487619077587307,10.0,512.0,0.9947798658906081,512.0,8.0,9.0,16.0,73.0,0.015625,0.017578125,0.03125,0.142578125,19.53125,40,84.82
layer4.3.conv2,conv,68,512,1,False,512.0,0,4.0,4.0,160000,0.37597483937642817,13.25123271247442,0.025881313891551603,21.743750378725625,0.04246826245844849,6.488761701769209,0.012673362698767987,2.339770664994847,10,512,0.9915900166210183,512,20,31,77,319,0.0390625,0.060546875,0.150390625,0.623046875,312.5,512.0,10000.0,0.18395335174293528,7.032501288264754,0.013735354078642098,8.62947109007145,0.0168544357227958,4.271499651951151,0.008342772757717092,2.5057329161665507,10.0,512.0,0.991119707187802,512.0,8.0,9.0,11.0,42.0,0.015625,0.017578125,0.021484375,0.08203125,19.53125,40,84.82
layer4.3,block,69,512,1,False,,0,4.0,4.0,160000,60.790803574791866,21.326811350823917,0.04165392841957796,44.589442530401435,0.0870887549421903,9.079338350896684,0.017733082716595086,1.7750336157352866,10,512,0.9975350266672308,512,49,99,309,478,0.095703125,0.193359375,0.603515625,0.93359375,312.5,512.0,10000.0,20.81646167279139,7.877372775119155,0.0153854937014046,11.69726134701827,0.022846213568395057,4.235755275841636,0.008272959523128195,1.8191835095369555,10.0,512.0,0.9954070616495362,512.0,9.0,12.0,67.0,340.0,0.017578125,0.0234375,0.130859375,0.6640625,19.53125,40,84.82
layer4.4.conv1,conv,70,512,1,False,512.0,0,4.0,4.0,160000,56.45655247163925,16.998732547058562,0.033200649505973755,26.880023101346854,0.052500045119818074,7.936917378348879,0.015501791754587654,2.438030713209931,10,512,0.9836557503867378,512,24,34,75,315,0.046875,0.06640625,0.146484375,0.615234375,312.5,512.0,10000.0,23.103963188962723,7.209856825574006,0.01408175161244923,8.984710369145466,0.017548262439737238,4.079905389415462,0.007968565213702074,2.48113064827335,10.0,512.0,0.9933500140869278,512.0,8.0,9.0,12.0,53.0,0.015625,0.017578125,0.0234375,0.103515625,19.53125,40,84.82
layer4.4.conv2,conv,71,512,1,False,512.0,0,4.0,4.0,160000,0.34090099627304277,10.691501810540302,0.020881839473711528,17.264809153966368,0.03372033037884056,5.248047661852988,0.010250093089556617,2.3194613531741943,10,512,0.9944730363568984,512,15,24,65,283,0.029296875,0.046875,0.126953125,0.552734375,312.5,512.0,10000.0,0.19858040354952775,6.654973953224341,0.012997996002391292,8.193547154828757,0.016003021786774915,3.930305064267299,0.007676377078647069,2.5745683966272805,10.0,512.0,0.9916913986851901,512.0,7.0,8.0,10.0,33.0,0.013671875,0.015625,0.01953125,0.064453125,19.53125,40,84.82
layer4.4,block,72,512,1,False,,0,4.0,4.0,160000,80.07118550049307,18.652098354387054,0.036429879598412214,38.52399346918773,0.07524217474450728,8.036080498809662,0.01569546972423762,1.8160137424407938,10,512,0.9977874832493345,512,42,83,282,471,0.08203125,0.162109375,0.55078125,0.919921875,312.5,512.0,10000.0,30.72871455916573,7.5492980827868825,0.01474472281794313,10.97237903323005,0.02143042779927744,4.112580185111046,0.008032383174045012,1.8760568468480423,10.0,512.0,0.9952433296191129,512.0,9.0,11.0,52.0,303.0,0.017578125,0.021484375,0.1015625,0.591796875,19.53125,40,84.82
layer4.5.conv1,conv,73,512,1,False,512.0,0,4.0,4.0,160000,83.09878856109232,13.169218413453954,0.025721129713777255,20.565568479277545,0.040167125936088954,6.779146532263679,0.013240520570827499,2.402225715040011,10,512,0.9852905766035893,512,18,27,61,272,0.03515625,0.052734375,0.119140625,0.53125,312.5,512.0,10000.0,46.04084764592125,7.340918935278512,0.014337732295465843,8.750871103383027,0.017091545123794974,4.4558701948486865,0.00870287147431384,2.5022758024517944,10.0,512.0,0.9919479297128753,512.0,8.0,9.0,10.0,36.0,0.015625,0.017578125,0.01953125,0.0703125,19.53125,40,84.82
layer4.5.conv2,conv,74,512,1,False,512.0,0,4.0,4.0,160000,0.3974782257441878,8.18219329091821,0.01598084627132463,12.936468887835632,0.02526654079655397,4.062003966500063,0.007933601497070435,2.2879718870914716,10,512,0.997447068123111,512,10,17,52,234,0.01953125,0.033203125,0.1015625,0.45703125,312.5,512.0,10000.0,0.2887274548586651,6.247725681376757,0.012202589221438978,7.960248303615421,0.015547359967998869,3.4632364374481552,0.006764133666890928,2.7057639575087298,10.0,512.0,0.9907987545839835,512.0,7.0,8.0,11.0,27.0,0.013671875,0.015625,0.021484375,0.052734375,19.53125,40,84.82
layer4.5,block,75,512,1,False,,0,4.0,4.0,160000,102.14878525636647,16.448097608628665,0.03212519064185286,33.6248023629734,0.06567344211518242,7.093365149895621,0.013854228808389884,1.8482477436241886,10,512,0.9980771570867588,512,37,71,256,463,0.072265625,0.138671875,0.5,0.904296875,312.5,512.0,10000.0,44.42069952148336,7.280331688206831,0.014219397828528968,10.542385944961053,0.020590597548752056,3.953911824134894,0.0077224840315134645,1.9447734615727836,10.0,512.0,0.9947741820147991,512.0,8.0,11.0,42.0,267.0,0.015625,0.021484375,0.08203125,0.521484375,19.53125,40,84.82
fc,linear,76,10,1,False,,0,,,10000,104.09595951977752,5.075618303347782,0.5075618303347782,6.498580304781687,0.6498580304781687,2.8498492042009085,0.2849849204200908,,10,10,,10,7,8,9,9,0.7,0.8,0.9,0.9,1000.0,,,,,,,,,,,,,,,,,,,,,,,,40,84.82
conv1,conv,0,64,1,False,27.0,0,32.0,32.0,160000,18.139147446998802,3.1166742176410023,0.04869803465064066,4.6793334578820724,0.07311458527940738,1.9202614427639175,0.03000408504318621,15.745543909021334,10,64,0.9430446215783808,44,5,6,10,15,0.078125,0.09375,0.15625,0.234375,2500.0,64.0,10000.0,4.693798948715034,2.0626972727235064,0.03222964488630479,2.404268893003672,0.037566701453182375,1.5785409711058933,0.024664702673529583,9.333777519011777,10.0,64.0,0.9632826872477315,44.0,2.0,3.0,3.0,5.0,0.03125,0.046875,0.046875,0.078125,156.25,50,87.11
layer1.0.conv1,conv,1,64,1,False,64.0,0,32.0,32.0,160000,5.5699355481446995,7.815147850566233,0.12211168516509739,12.050546803480064,0.188289793804376,4.31152312708394,0.06736754886068656,4.269268428705809,10,64,0.9602081592306859,64,12,16,27,45,0.1875,0.25,0.421875,0.703125,2500.0,64.0,10000.0,1.432832935456591,3.011026109219081,0.04704728295654814,3.660403626553811,0.0571938066649033,2.1975193499333283,0.034336239842708255,5.938912174096338,10.0,64.0,0.96852794243051,64.0,3.0,4.0,6.0,15.0,0.046875,0.0625,0.09375,0.234375,156.25,50,87.11
layer1.0.conv2,conv,2,64,1,False,64.0,0,32.0,32.0,160000,2.0417092781436335,11.681041920040746,0.18251628000063666,17.737582039422207,0.277149719365972,5.412420709549174,0.08456907358670585,3.420861036225554,10,64,0.9718131693761974,64,17,22,37,55,0.265625,0.34375,0.578125,0.859375,2500.0,64.0,10000.0,0.3905265416699555,3.2108896657421,0.05017015102722031,4.2334053130453775,0.06614695801633402,2.18193863728131,0.03409279120752047,4.651182659825849,10.0,64.0,0.9685836906628853,64.0,4.0,4.0,10.0,23.0,0.0625,0.0625,0.15625,0.359375,156.25,50,87.11
layer1.0,block,3,64,1,False,,0,32.0,32.0,160000,2.603880708478009,10.121924899793385,0.15815507655927163,16.62862932626626,0.2598223332229103,4.678889370682075,0.07310764641690742,2.449617477013903,10,64,0.9790058614654675,64,17,25,45,60,0.265625,0.390625,0.703125,0.9375,2500.0,64.0,10000.0,0.3855472329447933,3.1984242594068757,0.04997537905323243,4.761185715088674,0.07439352679826053,2.0523650300245295,0.032068203594133274,2.963880425222458,10.0,64.0,0.9893364250237797,64.0,4.0,6.0,17.0,41.0,0.0625,0.09375,0.265625,0.640625,156.25,50,87.11
layer1.1.conv1,conv,4,64,1,False,64.0,0,32.0,32.0,160000,7.602212411632733,11.468228395019736,0.17919106867218337,17.38490132483716,0.2716390832005806,5.241112576518518,0.08189238400810184,3.4842612017323473,10,64,0.9653670015125758,64,16,22,36,55,0.25,0.34375,0.5625,0.859375,2500.0,64.0,10000.0,0.718000969184859,3.053262089219356,0.04770722014405244,4.265512388666451,0.0666486310729133,2.061927161455406,0.03221761189774072,4.552085785165218,10.0,64.0,0.9696910097930432,64.0,4.0,5.0,12.0,25.0,0.0625,0.078125,0.1875,0.390625,156.25,50,87.11
layer1.1.conv2,conv,5,64,1,False,64.0,0,32.0,32.0,160000,1.8257613500580863,13.001142345778385,0.20314284915278727,19.95664970944246,0.3118226517100384,6.504259747287938,0.10162905855137404,2.7230886015127056,10,64,0.9783756059140934,64,19,27,45,60,0.296875,0.421875,0.703125,0.9375,2500.0,64.0,10000.0,0.09474269127077578,4.887778067362188,0.07637153230253418,6.8743270971376935,0.10741136089277646,3.0039956976282047,0.0469374327754407,4.373636326234245,10.0,64.0,0.9706424752986782,64.0,6.0,9.0,17.0,34.0,0.09375,0.140625,0.265625,0.53125,156.25,50,87.11
layer1.1,block,6,64,1,False,,0,32.0,32.0,160000,4.639645996343468,12.466666345243214,0.1947916616444252,21.190287533318596,0.33109824270810306,5.297675970593741,0.08277618704052721,2.1569513339418065,10,64,0.9702346234912843,64,22,32,52,62,0.34375,0.5,0.8125,0.96875,2500.0,64.0,10000.0,0.355508528323017,4.026773424138629,0.06291833475216607,6.548285606681811,0.1023169626044033,2.3318011876250235,0.03643439355664099,2.901738267779967,10.0,64.0,0.9899258997282036,64.0,6.0,10.0,24.0,49.0,0.09375,0.15625,0.375,0.765625,156.25,50,87.11
layer1.2.conv1,conv,7,64,1,False,64.0,0,32.0,32.0,160000,13.159670600690351,12.102387059807798,0.18909979780949684,18.354581870060304,0.28679034171969225,5.613138548754463,0.08770528982428849,3.1665019190109303,10,64,0.977928209744133,64,17,23,39,57,0.265625,0.359375,0.609375,0.890625,2500.0,64.0,10000.0,0.5610461603642791,4.056137962474378,0.06337715566366216,5.993572135222086,0.0936495646128451,2.407265112020297,0.03761351737531714,4.398325041015006,10.0,64.0,0.9702659931195439,64.0,6.0,7.0,15.0,31.0,0.09375,0.109375,0.234375,0.484375,156.25,50,87.11
layer1.2.conv2,conv,8,64,1,False,64.0,0,32.0,32.0,160000,1.1569097832508022,13.58342216476787,0.21224097132449796,21.34993395636869,0.3335927180682608,6.822381342586701,0.10659970847791721,2.440147400745555,10,64,0.9711490966627899,64,21,30,48,61,0.328125,0.46875,0.75,0.953125,2500.0,64.0,10000.0,0.04535901070905614,3.2919486651401444,0.051436697892814756,5.603032835451823,0.08754738805393474,1.9518067990294325,0.030496981234834884,4.287170757199347,10.0,64.0,0.9715007095231815,64.0,6.0,8.0,17.0,34.0,0.09375,0.125,0.265625,0.53125,156.25,50,87.11
layer1.2,block,9,64,1,False,,0,32.0,32.0,160000,7.494081960710516,12.93616978379603,0.20212765287181297,22.76507751473346,0.3557043361677103,5.19947667244579,0.08124182300696547,1.972724311138745,10,64,0.9652193645191134,64,25,36,54,63,0.390625,0.5625,0.84375,0.984375,2500.0,64.0,10000.0,0.3564499846377057,5.062424380008725,0.07910038093763633,8.195880227035502,0.12806062854742972,2.7344480194775116,0.04272575030433612,2.7882975357105813,10.0,64.0,0.9904354721378963,64.0,8.0,12.0,28.0,53.0,0.125,0.1875,0.4375,0.828125,156.25,50,87.11
layer1.3.conv1,conv,10,64,1,False,64.0,0,32.0,32.0,160000,23.225100917376576,11.639735314509085,0.18187086428920446,17.3975434776309,0.2718366168379828,5.797894729323769,0.09059210514568389,3.0476829145821265,10,64,0.9741527997369946,64,16,23,39,58,0.25,0.359375,0.609375,0.90625,2500.0,64.0,10000.0,0.5767709361161985,3.1525061200765734,0.04925790812619646,5.258564053486092,0.08216506333572018,1.9164708301497986,0.029944856721090603,4.254294174480524,10.0,64.0,0.973963043937149,64.0,6.0,8.0,16.0,32.0,0.09375,0.125,0.25,0.5,156.25,50,87.11
layer1.3.conv2,conv,11,64,1,False,64.0,0,32.0,32.0,160000,0.7776976343443351,15.100002118345436,0.23593753309914745,23.500006721675913,0.36718760502618614,6.934067633913083,0.10834480677989192,2.273764144584138,10,64,0.9716242560178787,64,23,32,51,62,0.359375,0.5,0.796875,0.96875,2500.0,64.0,10000.0,0.01913837209161421,3.6046647412887434,0.056322886582636615,5.835815196900117,0.09118461245156433,2.228058126152116,0.034813408221126815,4.06367867245667,10.0,64.0,0.9681757736435639,64.0,6.0,9.0,19.0,37.0,0.09375,0.140625,0.296875,0.578125,156.25,50,87.11
layer1.3,block,12,64,1,False,,0,32.0,32.0,160000,10.256382642735748,14.443862824765693,0.22568535663696396,25.286907040294842,0.3951079225046069,5.660691549462126,0.08844830546034572,1.7759728693431014,10,64,0.9797913264293154,64,28,39,56,63,0.4375,0.609375,0.875,0.984375,2500.0,64.0,10000.0,0.399740003176463,5.753112597781328,0.08989238434033325,9.28766362649547,0.14511974416399173,2.9809027274119475,0.04657660511581168,2.7084110808947637,10.0,64.0,0.9951587417905254,64.0,8.0,13.0,30.0,55.0,0.125,0.203125,0.46875,0.859375,156.25,50,87.11
layer1.4.conv1,conv,13,64,1,False,64.0,0,32.0,32.0,160000,32.67877188273629,10.727697852161963,0.16762027894003068,16.88769434797622,0.2638702241871284,5.537984866176617,0.08653101353400965,2.7992878549425613,10,64,0.9546523441294772,64,17,24,41,58,0.265625,0.375,0.640625,0.90625,2500.0,64.0,10000.0,0.5745702632579521,2.784097317780819,0.0435015205903253,4.983222933568046,0.07786285833700071,1.7439516260768804,0.027249244157451256,3.9608870490419026,10.0,64.0,0.9713816602346277,64.0,6.0,8.0,16.0,35.0,0.09375,0.125,0.25,0.546875,156.25,50,87.11
layer1.4.conv2,conv,14,64,1,False,64.0,0,32.0,32.0,160000,0.615747169468706,16.165591867397673,0.25258737292808864,25.004307813212133,0.3906923095814396,7.588581751199469,0.11857158986249171,2.317726359192686,10,64,0.9710798627145809,64,25,33,51,62,0.390625,0.515625,0.796875,0.96875,2500.0,64.0,10000.0,0.020811102251969894,3.0756365623250232,0.04805682128632849,4.785934358913103,0.07478022435801723,1.9622480476862991,0.030660125745098424,3.985695369922528,10.0,64.0,0.9759429783281542,64.0,5.0,7.0,15.0,33.0,0.078125,0.109375,0.234375,0.515625,156.25,50,87.11
layer1.4,block,15,64,1,False,,0,32.0,32.0,160000,10.868312642821294,19.99617386633518,0.3124402166614872,31.27099288664616,0.48860926385384623,8.653443613366525,0.13521005645885195,1.6229604809983056,10,64,0.976598491374453,64,33,43,58,64,0.515625,0.671875,0.90625,1.0,2500.0,64.0,10000.0,0.48922922410825115,5.742969540493879,0.08973389907021687,9.517904923615367,0.1487172644314901,2.9059210384656176,0.045405016226025274,2.6411784413970056,10.0,64.0,0.9960694461835372,64.0,9.0,13.0,30.0,56.0,0.140625,0.203125,0.46875,0.875,156.25,50,87.11
layer1.5.conv1,conv,16,64,1,False,64.0,0,32.0,32.0,160000,24.922990953170903,14.865172593098123,0.23226832176715817,22.88453799527081,0.35757090617610643,7.2688934510226515,0.11357646017222893,2.6422409813757106,10,64,0.9606730416666253,64,22,30,47,61,0.34375,0.46875,0.734375,0.953125,2500.0,64.0,10000.0,0.7869240792096297,2.7487521538699986,0.04294925240421873,4.994341425867526,0.07803658477918009,1.728669824180627,0.0270104660028223,3.8822279977243057,10.0,64.0,0.9743028718134411,64.0,6.0,8.0,17.0,36.0,0.09375,0.125,0.265625,0.5625,156.25,50,87.11
layer1.5.conv2,conv,17,64,1,False,64.0,0,32.0,32.0,160000,0.7731197633273335,14.281424406653533,0.22314725635396146,22.425523840855586,0.35039881001336853,6.244663777073377,0.09757287151677152,2.5019292349601465,10,64,0.9727532197228466,64,22,30,49,62,0.34375,0.46875,0.765625,0.96875,2500.0,64.0,10000.0,0.03272999444772939,2.4036255802764575,0.03755664969181965,4.305383034328515,0.06727160991138305,1.6015046697453066,0.025023510464770415,4.065298328745471,10.0,64.0,0.9705023303572771,64.0,5.0,8.0,17.0,34.0,0.078125,0.125,0.265625,0.53125,156.25,50,87.11
layer1.5,block,18,64,1,False,,0,32.0,32.0,160000,10.581869727287009,23.710181668213963,0.37047158856584317,35.42077083938994,0.5534495443654678,9.508476372247955,0.1485699433163743,1.5480648094600458,10,64,0.9739493108910678,64,36,46,59,64,0.5625,0.71875,0.921875,1.0,2500.0,64.0,10000.0,0.5713333837287922,5.694231645281199,0.08897236945751874,9.649626247835593,0.15077541012243115,2.8336643410406173,0.044276005328759645,2.618527906775419,10.0,64.0,0.9955763999229404,64.0,9.0,13.0,31.0,56.0,0.140625,0.203125,0.484375,0.875,156.25,50,87.11
layer2.0.conv1,conv,19,128,1,False,128.0,0,16.0,16.0,160000,48.74118217379281,17.251938318518885,0.1347807681134288,28.399564997385394,0.2218716015420734,6.814587935729362,0.05323896824788564,2.739221534840482,10,128,0.9711214413457201,128,27,40,73,112,0.2109375,0.3125,0.5703125,0.875,1250.0,128.0,10000.0,3.9644715921940055,4.162430505160748,0.03251898832156835,7.001232150689487,0.054697126177261614,2.2618126954260998,0.017670411683016404,3.7142979009661974,10.0,128.0,0.9881885632515474,128.0,7.0,9.0,18.0,45.0,0.0546875,0.0703125,0.140625,0.3515625,78.125,50,87.11
layer2.0.conv2,conv,20,128,1,False,128.0,0,16.0,16.0,160000,5.756762805784043,25.047929707164872,0.19568695083722557,42.03670150184392,0.32841173048315564,9.047628354367237,0.07068459651849404,2.0766015248306666,10,128,0.9656578139298143,128,43,61,99,123,0.3359375,0.4765625,0.7734375,0.9609375,1250.0,128.0,10000.0,0.508654973588635,4.658578455977797,0.03639514418732654,7.990399922297654,0.062424999392950424,2.4519907461393906,0.01915617770421399,3.3285391011636203,10.0,128.0,0.9847802496378896,128.0,8.0,10.0,24.0,62.0,0.0625,0.078125,0.1875,0.484375,78.125,50,87.11
layer2.0.downsample.0,conv,21,128,1,False,64.0,0,16.0,16.0,160000,8.10953485447262,10.777542441694488,0.08419955032573818,17.83342814752459,0.13932365740253586,4.788303756068934,0.037408623094288544,11.308125382190294,10,128,0.6637093465062313,95,18,25,42,58,0.140625,0.1953125,0.328125,0.453125,1250.0,128.0,10000.0,0.678365846025571,4.262564065513564,0.033301281761824716,6.998832501348971,0.05467837891678884,2.310281860857779,0.0180490770379514,10.303799959030883,10.0,128.0,0.7265971793466233,97.0,7.0,9.0,18.0,39.0,0.0546875,0.0703125,0.140625,0.3046875,78.125,50,87.11
layer2.0,block,22,128,1,False,,0,16.0,16.0,160000,11.709532510161122,22.880240540359278,0.17875187922155686,44.48172390846797,0.347513468034906,8.128849427610183,0.06350663615320455,1.5062630066145621,10,128,0.9822616261268652,128,55,79,113,126,0.4296875,0.6171875,0.8828125,0.984375,1250.0,128.0,10000.0,0.9463325922680054,5.9163288684090904,0.04622131928444602,11.225682939169218,0.08770064796225951,2.8130670220699536,0.021977086109921513,2.338314779538719,10.0,128.0,0.9966638011768791,128.0,11.0,18.0,50.0,107.0,0.0859375,0.140625,0.390625,0.8359375,78.125,50,87.11
layer2.1.conv1,conv,23,128,1,False,128.0,0,16.0,16.0,160000,25.399997529412083,27.17339820397469,0.21229217346855225,42.69983796870952,0.3335924841305431,10.854950698705768,0.08480430233363881,2.2803044553358807,10,128,0.9582388702267756,128,41,57,93,122,0.3203125,0.4453125,0.7265625,0.953125,1250.0,128.0,10000.0,1.7785078403482273,5.998465252563563,0.04686300978565284,9.635171252294993,0.07527477540855464,3.0438301380833956,0.02377992295377653,3.3320209198935213,10.0,128.0,0.9832459592628181,128.0,9.0,12.0,28.0,68.0,0.0703125,0.09375,0.21875,0.53125,78.125,50,87.11
layer2.1.conv2,conv,24,128,1,False,128.0,0,16.0,16.0,160000,0.7685123177199991,29.56059611335249,0.23094215713556632,50.34989620121218,0.3933585640719702,10.13260774916606,0.07916099804035985,1.7693037990841818,10,128,0.9631285991308248,128,53,73,108,126,0.4140625,0.5703125,0.84375,0.984375,1250.0,128.0,10000.0,0.04509501184865869,6.03935698232532,0.047182476424416565,11.357894015958069,0.08873354699967241,3.0804651452558924,0.02406613394731166,3.04691471431935,10.0,128.0,0.9632916114498421,128.0,12.0,20.0,46.0,89.0,0.09375,0.15625,0.359375,0.6953125,78.125,50,87.11
layer2.1,block,25,128,1,False,,0,16.0,16.0,160000,13.068804843344777,28.375910498507587,0.22168680076959052,52.94928026000809,0.4136662520313132,9.795628941037275,0.07652835110185371,1.3682273501569024,10,128,0.9895941270640018,128,64,87,117,127,0.5,0.6796875,0.9140625,0.9921875,1250.0,128.0,10000.0,0.9134529139700456,6.531496341587488,0.05102731516865225,12.889383766682906,0.1006983106772102,2.9761110790288847,0.023250867804913162,2.1619842944396677,10.0,128.0,0.997295075714206,128.0,13.0,22.0,63.0,114.0,0.1015625,0.171875,0.4921875,0.890625,78.125,50,87.11
layer2.2.conv1,conv,26,128,1,False,128.0,0,16.0,16.0,160000,25.83603378227378,26.058532347165485,0.20358228396223035,42.57986847136741,0.3326552224325579,9.996419300188236,0.0780970257827206,2.1752181678164044,10,128,0.9593542599153221,128,42,59,96,123,0.328125,0.4609375,0.75,0.9609375,1250.0,128.0,10000.0,1.6629280044966412,6.06509518060643,0.04738355609848773,9.864124962997701,0.07706347627341954,3.1343048043939894,0.024486756284328042,3.1687709514730025,10.0,128.0,0.978168246090483,128.0,9.0,13.0,32.0,77.0,0.0703125,0.1015625,0.25,0.6015625,78.125,50,87.11
layer2.2.conv2,conv,27,128,1,False,128.0,0,16.0,16.0,160000,0.6383615215144737,27.75889018324911,0.21686632955663368,49.653354682142975,0.387916833454242,8.723931885690284,0.06815571785695534,1.7434585603095187,10,128,0.9631070574805718,128,54,74,109,126,0.421875,0.578125,0.8515625,0.984375,1250.0,128.0,10000.0,0.038160238474424374,6.334267038122618,0.04948646123533295,11.55063683999254,0.09023935031244172,3.5778305382962605,0.027951801080439535,3.0440943035504975,10.0,128.0,0.9602426264169345,128.0,13.0,21.0,48.0,90.0,0.1015625,0.1640625,0.375,0.703125,78.125,50,87.11
layer2.2,block,28,128,1,False,,0,16.0,16.0,160000,14.425125242250036,33.65009382447721,0.2628913580037282,59.97789260569168,0.46857728598196624,11.166384165129667,0.08723737629007552,1.2851593038456657,10,128,0.989522890734911,128,70,92,119,127,0.546875,0.71875,0.9296875,0.9921875,1250.0,128.0,10000.0,0.9159055855368561,6.9765291747763305,0.05450413417794008,14.295114349161762,0.11168058085282627,3.088400998479152,0.024128132800618374,2.068465945938581,10.0,128.0,0.9968584444585966,128.0,15.0,27.0,72.0,118.0,0.1171875,0.2109375,0.5625,0.921875,78.125,50,87.11
layer2.3.conv1,conv,29,128,1,False,128.0,0,16.0,16.0,160000,25.273440236284507,27.13144408708755,0.2119644069303715,44.74838998753721,0.34959679677763444,9.38046627867263,0.07328489280212992,2.0989621593858594,10,128,0.9599601180783492,128,45,62,99,123,0.3515625,0.484375,0.7734375,0.9609375,1250.0,128.0,10000.0,1.607102929089839,6.7466711171504405,0.05270836810273782,10.872148079341233,0.08493865686985339,3.720588036819256,0.029067094037650437,3.15197225026975,10.0,128.0,0.9769048996402444,128.0,10.0,15.0,36.0,80.0,0.078125,0.1171875,0.28125,0.625,78.125,50,87.11
layer2.3.conv2,conv,30,128,1,False,128.0,0,16.0,16.0,160000,0.540577239144889,29.085291194701718,0.22722883745860717,49.13182868967581,0.38384241163809224,11.75332454150366,0.09182284798049735,1.7703205896286778,10,128,0.9605939199529472,128,52,72,108,125,0.40625,0.5625,0.84375,0.9765625,1250.0,128.0,10000.0,0.03448299756361872,7.18433482568084,0.05612761582563156,12.363195148538344,0.09658746209795581,3.6530795257398774,0.028539683794842792,3.0664442913855408,10.0,128.0,0.9643708151547548,128.0,13.0,20.0,46.0,89.0,0.1015625,0.15625,0.359375,0.6953125,78.125,50,87.11
layer2.3,block,31,128,1,False,,0,16.0,16.0,160000,15.595635768451364,38.52247418025214,0.30095682953321984,65.8469339031122,0.5144291711180641,12.43496990509416,0.09714820238354813,1.221748314836501,10,128,0.9874030718381462,128,75,96,120,128,0.5859375,0.75,0.9375,1.0,1250.0,128.0,10000.0,0.9215051288277392,7.528692867206923,0.05881791302505408,15.779679632747785,0.12327874713084207,3.2531802161310543,0.025415470438523862,1.9960279365703726,10.0,128.0,0.9965068117112211,128.0,17.0,32.0,79.0,120.0,0.1328125,0.25,0.6171875,0.9375,78.125,50,87.11
layer2.4.conv1,conv,32,128,1,False,128.0,0,16.0,16.0,160000,24.996206615401025,25.489750613731736,0.1991386766697792,44.508178844258275,0.3477201472207678,8.151519940213774,0.06368374953292011,2.031740815601128,10,128,0.9588622627902043,128,46,64,101,124,0.359375,0.5,0.7890625,0.96875,1250.0,128.0,10000.0,1.6133787584128867,5.669628510837828,0.044293972740920534,10.066714154679667,0.0786462043334349,3.0093981160038616,0.02351092278128017,3.1240531774948903,10.0,128.0,0.9732928160478783,128.0,11.0,16.0,39.0,83.0,0.0859375,0.125,0.3046875,0.6484375,78.125,50,87.11
layer2.4.conv2,conv,33,128,1,False,128.0,0,16.0,16.0,160000,0.5171013298222321,23.947455203055828,0.18708949377387366,43.969152478757245,0.343509003740291,8.602874311320882,0.06720995555719439,1.8443036787387928,10,128,0.959280862220159,128,49,68,105,125,0.3828125,0.53125,0.8203125,0.9765625,1250.0,128.0,10000.0,0.03396855745302202,4.888372224507703,0.038190408003966426,9.894537134477451,0.07730107136310509,2.521234112042448,0.019697141500331625,3.1270743792196676,10.0,128.0,0.9571081819798425,128.0,12.0,20.0,45.0,87.0,0.09375,0.15625,0.3515625,0.6796875,78.125,50,87.11
layer2.4,block,34,128,1,False,,0,16.0,16.0,160000,16.601880554150227,42.5874452145499,0.3327144157386711,70.11883080977186,0.5478033657013427,13.63111951685825,0.10649312122545508,1.1818385313613198,10,128,0.9863615562829403,128,77,98,121,128,0.6015625,0.765625,0.9453125,1.0,1250.0,128.0,10000.0,0.9416494166803638,7.932087013870742,0.06196942979586517,17.057335214041135,0.13326043135969637,3.3634912604816916,0.026277275472513215,1.950359633546859,10.0,128.0,0.9963188693247693,128.0,20.0,36.0,84.0,121.0,0.15625,0.28125,0.65625,0.9453125,78.125,50,87.11
layer2.5.conv1,conv,35,128,1,False,128.0,0,16.0,16.0,160000,24.921563374151454,23.293525909267064,0.18198067116614894,42.52156617053647,0.33219973570731615,7.458758433161151,0.05827155025907149,2.0291447460809837,10,128,0.9593307934465783,128,45,63,100,124,0.3515625,0.4921875,0.78125,0.96875,1250.0,128.0,10000.0,1.690331318515773,6.199120327176208,0.04843062755606412,11.003612444894472,0.08596572222573806,3.2759203901611773,0.025593128048134198,3.1481244056011786,10.0,128.0,0.9734601222983665,128.0,11.0,17.0,40.0,85.0,0.0859375,0.1328125,0.3125,0.6640625,78.125,50,87.11
layer2.5.conv2,conv,36,128,1,False,128.0,0,16.0,16.0,160000,0.54005395864848,13.372646707837182,0.10447380240497799,33.310281253302044,0.2602365722914222,4.369636331966262,0.034137783843486424,1.9368757515259574,10,128,0.9636885855171005,128,43,62,100,124,0.3359375,0.484375,0.78125,0.96875,1250.0,128.0,10000.0,0.04421391796673219,4.111263298117728,0.03211924451654475,8.263882425375684,0.06456158144824753,2.3392253115750665,0.018275197746680207,3.299248281651178,10.0,128.0,0.9577871422488844,128.0,11.0,18.0,40.0,80.0,0.0859375,0.140625,0.3125,0.625,78.125,50,87.11
layer2.5,block,37,128,1,False,,0,16.0,16.0,160000,16.748456249123777,48.73556295556636,0.3807465855903622,75.3264354086001,0.5884877766296883,16.808396821603324,0.13131560016877597,1.1529353272432643,10,128,0.9841723300772123,128,80,100,121,128,0.625,0.78125,0.9453125,1.0,1250.0,128.0,10000.0,0.9153477753778426,9.110838349340536,0.07117842460422294,19.52769753636057,0.15256013700281695,3.675706806415999,0.02871645942512499,1.943548491161924,10.0,128.0,0.9967902107997586,128.0,23.0,40.0,89.0,122.0,0.1796875,0.3125,0.6953125,0.953125,78.125,50,87.11
layer3.0.conv1,conv,38,256,1,False,256.0,0,8.0,8.0,160000,69.09528588139689,32.536796617543445,0.12709686178727908,58.054092171615565,0.2267737975453733,13.552993432010767,0.05294138059379206,2.104905425986055,10,256,0.9716084083048268,256,61,92,173,240,0.23828125,0.359375,0.67578125,0.9375,625.0,256.0,10000.0,5.810753196521578,7.334425309331703,0.028650098864576964,14.524844491611683,0.056737673795358136,3.226589775534085,0.01260386631068002,2.745266814524877,10.0,256.0,0.9854762749289847,256.0,15.0,24.0,65.0,161.0,0.05859375,0.09375,0.25390625,0.62890625,39.0625,50,87.11
layer3.0.conv2,conv,39,256,1,False,256.0,0,8.0,8.0,160000,6.588185781696564,46.96664466909498,0.18346345573865228,82.26459330241431,0.3213460675875559,16.98695883207987,0.066355307937812,1.7809627635677094,10,256,0.9659058062970333,256,87,126,205,249,0.33984375,0.4921875,0.80078125,0.97265625,625.0,256.0,10000.0,0.6631946435698902,7.378893311408721,0.028823801997690315,14.36317667233345,0.05610615887630254,3.388931012781158,0.013238011768676398,2.5688923062332623,10.0,256.0,0.9860265552919871,256.0,15.0,26.0,72.0,176.0,0.05859375,0.1015625,0.28125,0.6875,39.0625,50,87.11
layer3.0.downsample.0,conv,40,256,1,False,128.0,0,8.0,8.0,160000,11.079711714392577,24.292827267131017,0.09489385651223053,40.7886463736641,0.1593306498971254,9.670960046535912,0.037777187681780906,9.016133788639555,10,256,0.5941814051434164,190,42,58,94,121,0.1640625,0.2265625,0.3671875,0.47265625,625.0,256.0,10000.0,0.8772009199197455,7.075229550898203,0.027637615433196105,14.29926154159118,0.05585649039684055,3.1472628835140593,0.012293995638726794,8.571793829337711,10.0,256.0,0.6375043313945004,192.0,15.0,26.0,61.0,106.0,0.05859375,0.1015625,0.23828125,0.4140625,39.0625,50,87.11
layer3.0,block,41,256,1,False,,0,8.0,8.0,160000,10.946864980548753,53.19613923130113,0.20779741887227005,105.53129429402443,0.41223161833603295,15.930450373093867,0.06222832176989792,1.1969382576572696,10,256,0.9916419126407897,256,136,182,237,254,0.53125,0.7109375,0.92578125,0.9921875,625.0,256.0,10000.0,0.8659104582427584,9.776025931922952,0.03818760129657403,24.082377376785246,0.09407178662806737,3.9475555932085515,0.015420139035970904,1.6342842160940432,10.0,256.0,0.9977088573363301,256.0,34.0,70.0,179.0,245.0,0.1328125,0.2734375,0.69921875,0.95703125,39.0625,50,87.11
layer3.1.conv1,conv,42,256,1,False,256.0,0,8.0,8.0,160000,21.85522536738449,40.33308113334478,0.15755109817712803,73.73171365563105,0.2880145064673088,11.787102034246733,0.0460433673212763,1.9122948465468939,10,256,0.9658846889096964,256,78,113,194,246,0.3046875,0.44140625,0.7578125,0.9609375,625.0,256.0,10000.0,1.9475240358399661,8.022036549842863,0.03133608027282368,15.306926346571458,0.05979268104129476,3.7766022015137968,0.014752352349663269,2.581709399785316,10.0,256.0,0.9830030124986804,256.0,16.0,28.0,76.0,178.0,0.0625,0.109375,0.296875,0.6953125,39.0625,50,87.11
layer3.1.conv2,conv,43,256,1,False,256.0,0,8.0,8.0,160000,1.1078254093869975,33.750913752002944,0.1318395068437615,79.07100374600053,0.30887110838281456,7.8607044220295474,0.03070587664855292,1.605396208750091,10,256,0.9734093061899294,256,96,139,216,251,0.375,0.54296875,0.84375,0.98046875,625.0,256.0,10000.0,0.09170994394541937,8.408138438517229,0.032844290775457925,18.707347528051013,0.07307557628144927,4.0896806979903975,0.01597531522652499,2.4140005400623727,10.0,256.0,0.9599299437978781,256.0,25.0,44.0,111.0,202.0,0.09765625,0.171875,0.43359375,0.7890625,39.0625,50,87.11
layer3.1,block,44,256,1,False,,0,8.0,8.0,160000,11.512089906147601,68.14296440295364,0.26618345469903765,124.80491135056292,0.4875191849631364,20.22169102409869,0.0789909805628855,1.11099731167618,10,256,0.9850724787546989,256,151,193,240,254,0.58984375,0.75390625,0.9375,0.9921875,625.0,256.0,10000.0,0.8070121990766163,11.436950627514511,0.04467558838872856,30.03335728129971,0.117317801880077,4.323945188583395,0.016890410892903888,1.5406237762745996,10.0,256.0,0.9964150232363908,256.0,48.0,94.0,197.0,248.0,0.1875,0.3671875,0.76953125,0.96875,39.0625,50,87.11
layer3.2.conv1,conv,45,256,1,False,256.0,0,8.0,8.0,160000,19.42618236162476,44.54059031298582,0.17398668091010086,80.39293359720963,0.31403489686410013,12.53189219450136,0.04895270388477094,1.81817483571787,10,256,0.9682245691078665,256,85,123,203,249,0.33203125,0.48046875,0.79296875,0.97265625,625.0,256.0,10000.0,1.5580677716523061,9.804192963658796,0.03829762876429217,19.292769633239747,0.07536238137984276,4.3738735350018105,0.017085443496100822,2.5118425745788127,10.0,256.0,0.9787503897617711,256.0,21.0,36.0,95.0,194.0,0.08203125,0.140625,0.37109375,0.7578125,39.0625,50,87.11
layer3.2.conv2,conv,46,256,1,False,256.0,0,8.0,8.0,160000,0.8564979978753939,36.43738783852889,0.14233354624425348,80.90973295555781,0.3160536443576477,8.435831197824287,0.03295246561650112,1.6482653148946635,10,256,0.9710364038458755,256,94,137,214,251,0.3671875,0.53515625,0.8359375,0.98046875,625.0,256.0,10000.0,0.06800324363927063,10.69655488056332,0.04178341750220047,23.471936843934504,0.09168725329661916,4.456110615873987,0.017406682093257762,2.460727700423138,10.0,256.0,0.9601934835142036,256.0,29.0,50.0,116.0,205.0,0.11328125,0.1953125,0.453125,0.80078125,39.0625,50,87.11
layer3.2,block,47,256,1,False,,0,8.0,8.0,160000,12.234481057215868,80.16705932751128,0.31315257549809095,137.5035814493938,0.5371233650366946,24.029748407411674,0.09386620471645185,1.0676122881546903,10,256,0.9818276699999563,256,158,198,241,254,0.6171875,0.7734375,0.94140625,0.9921875,625.0,256.0,10000.0,0.8064001622076924,13.26173127339311,0.051803637786691836,35.447646815435974,0.13846737037279677,4.816713045185331,0.0188152853327552,1.499289948037731,10.0,256.0,0.9951374187894875,256.0,59.0,108.0,205.0,249.0,0.23046875,0.421875,0.80078125,0.97265625,39.0625,50,87.11
layer3.3.conv1,conv,48,256,1,False,256.0,0,8.0,8.0,160000,16.863207902118145,47.37904536976935,0.18507439597566153,84.56145232288122,0.3303181731362548,13.254641045191361,0.051775941582778755,1.7797174895018106,10,256,0.967163385619892,256,89,128,206,249,0.34765625,0.5,0.8046875,0.97265625,625.0,256.0,10000.0,1.271957621727954,10.710365279927716,0.04183736437471764,22.11344826355287,0.08638065727950339,4.585090208016369,0.01791050862506394,2.4958065166536603,10.0,256.0,0.9714920710481898,256.0,26.0,44.0,107.0,201.0,0.1015625,0.171875,0.41796875,0.78515625,39.0625,50,87.11
layer3.3.conv2,conv,49,256,1,False,256.0,0,8.0,8.0,160000,0.6958530109002313,33.216838945621845,0.12975327713133533,74.05755064835076,0.28928730722012014,7.950159112776168,0.031055309034281907,1.746074705723781,10,256,0.9722796647629961,256,86,126,206,249,0.3359375,0.4921875,0.8046875,0.97265625,625.0,256.0,10000.0,0.05647373618432549,10.027866369402636,0.03917135300547905,22.177443304979235,0.08663063791007514,4.213319160286414,0.016458277969868804,2.553184224918195,10.0,256.0,0.9601528459831513,256.0,28.0,47.0,109.0,199.0,0.109375,0.18359375,0.42578125,0.77734375,39.0625,50,87.11
layer3.3,block,50,256,1,False,,0,8.0,8.0,160000,13.127430192861091,88.4240545428016,0.34540646305781875,144.7456824133462,0.5654128219271336,26.217524282734377,0.10241220422943116,1.0580448249282386,10,256,0.9779276556186265,256,161,199,241,254,0.62890625,0.77734375,0.94140625,0.9921875,625.0,256.0,10000.0,0.8516322631120622,14.786131460835001,0.057758326018886724,39.17896494481444,0.1530428318156814,5.255078821563224,0.020527651646731343,1.4910496944085505,10.0,256.0,0.9940075317512921,256.0,64.0,115.0,208.0,249.0,0.25,0.44921875,0.8125,0.97265625,39.0625,50,87.11
layer3.4.conv1,conv,51,256,1,False,256.0,0,8.0,8.0,160000,16.080320801364753,43.19501791052601,0.16873053871299223,80.68408572654454,0.3151722098693146,11.043104792532503,0.04313712809583009,1.8222608597807435,10,256,0.9664348815011283,256,85,123,203,248,0.33203125,0.48046875,0.79296875,0.96875,625.0,256.0,10000.0,1.1850069471844715,12.541575771452067,0.048990530357234635,24.945557787491495,0.09744358510738865,5.838359258189716,0.02280609085230358,2.551428350132956,10.0,256.0,0.9706006967400199,256.0,28.0,46.0,109.0,201.0,0.109375,0.1796875,0.42578125,0.78515625,39.0625,50,87.11
layer3.4.conv2,conv,52,256,1,False,256.0,0,8.0,8.0,160000,0.6324726663510304,34.31037511843038,0.13402490280636867,66.16080770497693,0.25844065509756614,9.505641713156953,0.03713141294201935,1.9296642685095355,10,256,0.9778785117308965,256,70,107,192,246,0.2734375,0.41796875,0.75,0.9609375,625.0,256.0,10000.0,0.05804065684214813,11.800573402920953,0.046095989855159974,22.37614704249576,0.08740682438474906,5.370029309778972,0.02097667699132411,2.7454029686023658,10.0,256.0,0.9697913642120515,256.0,24.0,38.0,92.0,184.0,0.09375,0.1484375,0.359375,0.71875,39.0625,50,87.11
layer3.4,block,53,256,1,False,,0,8.0,8.0,160000,14.332998866228412,91.41028801250532,0.3570714375488489,146.67386555525653,0.5729447873252208,26.48309906421247,0.10344960571957997,1.065785611135124,10,256,0.9788398218336387,256,161,199,241,254,0.62890625,0.77734375,0.94140625,0.9921875,625.0,256.0,10000.0,0.9770018246137012,15.752492187775212,0.061533172608496924,40.13389391137538,0.15677302309131008,5.6862429672979085,0.022211886591007455,1.508597985535567,10.0,256.0,0.9953448058074218,256.0,63.0,113.0,208.0,249.0,0.24609375,0.44140625,0.8125,0.97265625,39.0625,50,87.11
layer3.5.conv1,conv,54,256,1,False,256.0,0,8.0,8.0,160000,16.444742036257985,36.89823279740575,0.1441337218648662,71.27988836044398,0.2784370639079843,9.658368794021799,0.03772800310164765,1.9154963515624694,10,256,0.970514495453899,256,76,111,194,246,0.296875,0.43359375,0.7578125,0.9609375,625.0,256.0,10000.0,1.3159216884588245,12.38608381385609,0.04838313989787535,24.025580477258064,0.09384992373928931,5.623198794257175,0.02196562029006709,2.6755159640825337,10.0,256.0,0.9729720605894793,256.0,26.0,42.0,99.0,192.0,0.1015625,0.1640625,0.38671875,0.75,39.0625,50,87.11
layer3.5.conv2,conv,55,256,1,False,256.0,0,8.0,8.0,160000,0.7552683477415321,12.950239986100744,0.05058687494570603,37.30439668547187,0.1457202995526245,4.0606423587383835,0.01586188421382181,2.1307310101760377,10,256,0.9847021630093964,256,47,75,160,238,0.18359375,0.29296875,0.625,0.9296875,625.0,256.0,10000.0,0.09273256393716663,5.38683638704512,0.021042329636895,12.373792151380927,0.04833512559133175,2.508841553985635,0.009800162320256387,2.935212454602967,10.0,256.0,0.977202143313487,256.0,14.0,23.0,59.0,148.0,0.0546875,0.08984375,0.23046875,0.578125,39.0625,50,87.11
layer3.5,block,56,256,1,False,,0,8.0,8.0,160000,15.700718874840158,89.97641372268554,0.3514703661042404,144.50289866124498,0.5644644478954882,26.660806797174356,0.10414377655146233,1.0850817259101468,10,256,0.9792607020594397,256,159,198,241,254,0.62109375,0.7734375,0.94140625,0.9921875,625.0,256.0,10000.0,1.150898009421918,16.587393615834696,0.06479450631185428,39.52096350249456,0.15437876368161937,6.17500963635709,0.024121131392019882,1.5302293903384692,10.0,256.0,0.9953256093287097,256.0,59.0,108.0,205.0,249.0,0.23046875,0.421875,0.80078125,0.97265625,39.0625,50,87.11
layer4.0.conv1,conv,57,512,1,False,512.0,0,4.0,4.0,160000,32.43357010831867,40.522832442110136,0.07914615711349636,76.44568324573355,0.14930797508932334,15.758459121425606,0.030778240471534386,2.008130215081719,10,512,0.9880149168533228,512,79,134,313,472,0.154296875,0.26171875,0.611328125,0.921875,312.5,512.0,10000.0,4.291735066713478,10.855883416993487,0.021202897298815405,22.262930161042327,0.043482285470785795,4.5964988042161945,0.008977536726984755,2.183138054417114,10.0,512.0,0.986011475717439,512.0,23.0,45.0,162.0,384.0,0.044921875,0.087890625,0.31640625,0.75,19.53125,50,87.11
layer4.0.conv2,conv,58,512,1,False,512.0,0,4.0,4.0,160000,2.3241210936191465,28.943052264219535,0.05652939895355378,53.598597094441494,0.10468475995008104,11.240806402552867,0.021954700004986068,2.3518587830257065,10,512,0.9914136691869053,512,53,84,204,429,0.103515625,0.1640625,0.3984375,0.837890625,312.5,512.0,10000.0,0.5143355383597743,7.927139794797668,0.015482694911714195,12.544275301343704,0.024500537697936923,4.100981481005857,0.008009729455089565,2.5333402594456054,10.0,512.0,0.9949250319720312,512.0,10.0,16.0,50.0,203.0,0.01953125,0.03125,0.09765625,0.396484375,19.53125,50,87.11
layer4.0.downsample.0,conv,59,512,1,False,256.0,0,4.0,4.0,160000,4.181775626523382,28.02293402142127,0.05473229301058842,48.777973382804326,0.0952694792632897,11.277827729122885,0.022027007283443135,7.245465217881093,10,512,0.5854226691977542,376,48,76,158,232,0.09375,0.1484375,0.30859375,0.453125,312.5,512.0,10000.0,0.6493770809325685,9.322375340175492,0.01820776433628026,18.538502317090494,0.03620801233806737,4.103876509452443,0.008015383807524304,6.848808899804718,10.0,512.0,0.6201413819088246,383.0,20.0,35.0,103.0,206.0,0.0390625,0.068359375,0.201171875,0.40234375,19.53125,50,87.11
layer4.0,block,60,512,1,False,,0,4.0,4.0,160000,17.61672852841515,29.783415837225157,0.058170734057080384,68.09224024694893,0.13299265673232213,9.301632666026482,0.018167251300832972,1.6027248466725375,10,512,0.9967474750353419,512,88,176,386,494,0.171875,0.34375,0.75390625,0.96484375,312.5,512.0,10000.0,3.6383778387927364,9.097395595932884,0.017768350773306414,16.954685651184462,0.03311462041246965,4.503866138930055,0.008796613552597764,1.6556644310969453,10.0,512.0,0.9950279500941329,512.0,15.0,35.0,196.0,443.0,0.029296875,0.068359375,0.3828125,0.865234375,19.53125,50,87.11
layer4.1.conv1,conv,61,512,1,False,512.0,0,4.0,4.0,160000,22.76540932210224,26.85861630251276,0.05245823496584524,47.81713022369169,0.09339283246814784,9.411192435178995,0.018381235224958974,2.7748010463918096,10,512,0.9869608414087131,512,47,67,136,343,0.091796875,0.130859375,0.265625,0.669921875,312.5,512.0,10000.0,4.032863751682038,7.488405291455251,0.014625791584873538,11.809740733469214,0.02306589987005706,4.011476186320138,0.00783491442640652,2.8213540092013387,10.0,512.0,0.9971482921138894,512.0,10.0,15.0,42.0,142.0,0.01953125,0.029296875,0.08203125,0.27734375,19.53125,50,87.11
layer4.1.conv2,conv,62,512,1,False,512.0,0,4.0,4.0,160000,0.7257598019328845,21.52293405780907,0.04203698058165834,36.02812665386692,0.07036743487083383,9.164940306782082,0.017900274036683754,2.591200807087583,10,512,0.9918655468172345,512,34,48,104,340,0.06640625,0.09375,0.203125,0.6640625,312.5,512.0,10000.0,0.21823927734024898,7.765943253398616,0.015167857916794172,10.113024722603397,0.01975200141133476,4.590282325459323,0.00896539516691274,2.6644250675411336,10.0,512.0,0.9946407380934299,512.0,9.0,10.0,19.0,80.0,0.017578125,0.01953125,0.037109375,0.15625,19.53125,50,87.11
layer4.1,block,63,512,1,False,,0,4.0,4.0,160000,29.156630319080175,27.21135833562967,0.0531471842492767,59.97736299699541,0.11714328710350666,9.001814314728538,0.017581668583454176,1.690983341390571,10,512,0.997040565425069,512,71,144,359,489,0.138671875,0.28125,0.701171875,0.955078125,312.5,512.0,10000.0,7.445753745134144,8.699676523796109,0.016991555710539275,14.215724453327983,0.027765086822906217,4.599655602238846,0.008983702348122746,1.7188266713938445,10.0,512.0,0.9954999615401673,512.0,10.0,21.0,130.0,409.0,0.01953125,0.041015625,0.25390625,0.798828125,19.53125,50,87.11
layer4.2.conv1,conv,64,512,1,False,512.0,0,4.0,4.0,160000,31.023594709407536,22.169034248907856,0.043298895017398156,37.81512271421566,0.07385766155120246,8.149200294847672,0.01591640682587436,2.7723562999295233,10,512,0.9900709752008501,512,36,50,98,302,0.0703125,0.09765625,0.19140625,0.58984375,312.5,512.0,10000.0,7.012787572304103,7.010109025938342,0.013691619191285824,9.901600275938966,0.019339063038943293,3.9684279317275553,0.007750835804155381,2.747389626810812,10.0,512.0,0.9979142423342254,512.0,9.0,10.0,25.0,92.0,0.017578125,0.01953125,0.048828125,0.1796875,19.53125,50,87.11
layer4.2.conv2,conv,65,512,1,False,512.0,0,4.0,4.0,160000,0.44913015867570205,16.655872042594172,0.03253100008319174,27.59686991803414,0.05390013655866043,7.89308088876326,0.015416173610865742,2.594558134074046,10,512,0.9908180573173057,512,26,38,79,290,0.05078125,0.07421875,0.154296875,0.56640625,312.5,512.0,10000.0,0.1812879691859506,7.525985699714444,0.014699190819754774,9.175788914014374,0.017921462722684325,4.636031385134999,0.009054748799091794,2.6494695627842137,10.0,512.0,0.9936273639259245,512.0,8.0,9.0,12.0,47.0,0.015625,0.017578125,0.0234375,0.091796875,19.53125,50,87.11
layer4.2,block,66,512,1,False,,0,4.0,4.0,160000,44.46648071311659,23.73921093807908,0.0463656463634357,50.859774657115956,0.0993354973771796,8.57736765080425,0.01675267119297705,1.7663546546809379,10,512,0.9972165564385509,512,56,114,327,482,0.109375,0.22265625,0.638671875,0.94140625,312.5,512.0,10000.0,13.710967739428234,8.344119768409398,0.016297108922674605,12.493546126288965,0.024401457277908135,4.5812376960734,0.008947729875143359,1.784274272600301,10.0,512.0,0.9955882615774886,512.0,9.0,14.0,84.0,365.0,0.017578125,0.02734375,0.1640625,0.712890625,19.53125,50,87.11
layer4.3.conv1,conv,67,512,1,False,512.0,0,4.0,4.0,160000,43.31390589216981,19.432824723606544,0.03795473578829403,31.419469463402375,0.061366151295707765,8.37435306244803,0.01635615832509381,2.7384780179035064,10,512,0.9871696338896381,512,29,40,78,265,0.056640625,0.078125,0.15234375,0.517578125,312.5,512.0,10000.0,14.175271108309754,7.369172314655979,0.01439291467706246,9.361448904160893,0.018284079890939244,4.357277604099319,0.008510307820506482,2.7110606733481784,10.0,512.0,0.9964595523287826,512.0,8.0,9.0,16.0,60.0,0.015625,0.017578125,0.03125,0.1171875,19.53125,50,87.11
layer4.3.conv2,conv,68,512,1,False,512.0,0,4.0,4.0,160000,0.3624758835319021,13.39569511208917,0.02616346701579916,21.50221310940831,0.041996509979313104,6.404944311750596,0.012509656858887884,2.5663320804250995,10,512,0.9925384539114003,512,20,30,66,249,0.0390625,0.05859375,0.12890625,0.486328125,312.5,512.0,10000.0,0.18552352282749013,7.468156348874313,0.014586242868895143,8.917200411885341,0.017416407054463557,4.397331226519525,0.008588537551795948,2.7035436491645166,10.0,512.0,0.9930208311859289,512.0,8.0,9.0,11.0,34.0,0.015625,0.017578125,0.021484375,0.06640625,19.53125,50,87.11
layer4.3,block,69,512,1,False,,0,4.0,4.0,160000,63.08408062319663,20.688071267237337,0.040406389193822924,43.28116884871837,0.08453353290765307,8.278930764087859,0.0161697866486091,1.824612050143301,10,512,0.9974916960575132,512,46,92,294,474,0.08984375,0.1796875,0.57421875,0.92578125,312.5,512.0,10000.0,22.615037624286288,8.097825823095919,0.015816066060734216,11.547550828228145,0.022553810211383096,4.513761041192921,0.008815939533579923,1.8496392340175825,10.0,512.0,0.995486143208466,512.0,9.0,11.0,59.0,320.0,0.017578125,0.021484375,0.115234375,0.625,19.53125,50,87.11
layer4.4.conv1,conv,70,512,1,False,512.0,0,4.0,4.0,160000,61.061410863898914,16.28717993217836,0.03181089830503586,25.75172259630504,0.05029633319590828,7.909086778988738,0.015447435115212379,2.7045842947055885,10,512,0.9851201804118046,512,24,33,64,226,0.046875,0.064453125,0.125,0.44140625,312.5,512.0,10000.0,26.579643987356683,7.354804547053746,0.014364852630964348,8.990038271756967,0.017558668499525327,4.3869262937722056,0.008568215417523839,2.706076220856073,10.0,512.0,0.9946775710788504,512.0,8.0,9.0,11.0,42.0,0.015625,0.017578125,0.021484375,0.08203125,19.53125,50,87.11
layer4.4.conv2,conv,71,512,1,False,512.0,0,4.0,4.0,160000,0.3408402197682523,10.53409875173035,0.02057441162447334,16.541461309681804,0.03230754162047227,5.186976164686349,0.010130812821653025,2.5473214743248658,10,512,0.9952644629363097,512,14,23,55,206,0.02734375,0.044921875,0.107421875,0.40234375,312.5,512.0,10000.0,0.21305439299848358,6.946608730586797,0.013567595176927337,8.469117024405426,0.016541244188291847,4.008573230833544,0.007829244591471766,2.799047672597812,10.0,512.0,0.9921767564761358,512.0,8.0,9.0,10.0,28.0,0.015625,0.017578125,0.01953125,0.0546875,19.53125,50,87.11
layer4.4,block,72,512,1,False,,0,4.0,4.0,160000,84.96587357922047,18.06817534713914,0.03528940497488113,37.12129519131425,0.07250252967053565,7.9562819425425095,0.015539613169028339,1.8702351658435392,10,512,0.9977791723641548,512,40,76,263,465,0.078125,0.1484375,0.513671875,0.908203125,312.5,512.0,10000.0,34.5815270895926,7.8158216074878,0.01526527657712461,10.9262166155837,0.021340266827311914,4.358722265447919,0.008513129424702967,1.914956131419159,10.0,512.0,0.9951422367148056,512.0,9.0,10.0,45.0,277.0,0.017578125,0.01953125,0.087890625,0.541015625,19.53125,50,87.11
layer4.5.conv1,conv,73,512,1,False,512.0,0,4.0,4.0,160000,94.39724040762817,12.073494794947345,0.023581044521381534,18.656381697112355,0.03643824550217257,6.38034874641955,0.012461618645350683,2.6402538859044973,10,512,0.9864383765424934,512,16,25,51,179,0.03125,0.048828125,0.099609375,0.349609375,312.5,512.0,10000.0,56.388743771073976,7.478420683543369,0.014606290397545643,8.827236504628594,0.017240696298102723,4.466391838940478,0.00872342156043062,2.7236060184157447,10.0,512.0,0.9925469042073601,512.0,8.0,9.0,10.0,29.0,0.015625,0.017578125,0.01953125,0.056640625,19.53125,50,87.11
layer4.5.conv2,conv,74,512,1,False,512.0,0,4.0,4.0,160000,0.3925650293096025,7.979001575786809,0.01558398745270861,12.129332089559368,0.02369010173742064,4.0946729782959626,0.007997408160734302,2.4866009020774102,10,512,0.9977006354519967,512,10,15,42,163,0.01953125,0.029296875,0.08203125,0.318359375,312.5,512.0,10000.0,0.3029719131846448,6.4256827148892945,0.012550161552518153,8.210906353501853,0.016036926471683307,3.567309740099716,0.006967401836132258,2.968304942403634,10.0,512.0,0.9899312396484533,512.0,8.0,9.0,11.0,26.0,0.015625,0.017578125,0.021484375,0.05078125,19.53125,50,87.11
layer4.5,block,75,512,1,False,,0,4.0,4.0,160000,109.1821584570614,16.005501978685796,0.031260746052120696,32.3798202375749,0.06324183640151347,7.029387311668132,0.01372927209310182,1.9027380919093626,10,512,0.9980491250259071,512,35,66,236,456,0.068359375,0.12890625,0.4609375,0.890625,312.5,512.0,10000.0,50.66167571712837,7.617201134931971,0.014877345966664006,10.651270756991737,0.020803263197249486,4.191041561886611,0.008185628050559788,1.9906179446588652,10.0,512.0,0.9946230933285974,512.0,9.0,10.0,38.0,241.0,0.017578125,0.01953125,0.07421875,0.470703125,19.53125,50,87.11
fc,linear,76,10,1,False,,0,,,10000,114.66775723228791,5.482897201811243,0.5482897201811243,6.8291346826204755,0.6829134682620476,3.0925724628362503,0.30925724628362505,,10,10,,10,7,8,9,9,0.7,0.8,0.9,0.9,1000.0,,,,,,,,,,,,,,,,,,,,,,,,50,87.11
conv1,conv,0,64,1,False,27.0,0,32.0,32.0,160000,16.785731967401873,3.1148998854824423,0.04867031071066316,4.701535239082659,0.07346148811066655,1.915134906233642,0.029923982909900657,16.03835798294331,10,64,0.9477760851615565,45,5,6,10,15,0.078125,0.09375,0.15625,0.234375,2500.0,64.0,10000.0,4.315769154757333,2.0520677243401124,0.03206355819281426,2.39812414503926,0.037470689766238435,1.5698310203132466,0.02452860969239448,9.884403300362914,10.0,64.0,0.9683763809843674,43.0,2.0,3.0,3.0,5.0,0.03125,0.046875,0.046875,0.078125,156.25,60,86.35
layer1.0.conv1,conv,1,64,1,False,64.0,0,32.0,32.0,160000,5.127021309542631,7.7804028743988605,0.1215687949124822,12.13144078773116,0.18955376230829937,4.099886861112335,0.06406073220488023,4.275373367324212,10,64,0.9628882735514096,64,12,16,27,45,0.1875,0.25,0.421875,0.703125,2500.0,64.0,10000.0,1.1844886473002265,3.374957338212678,0.052733708409573095,3.9887687263407927,0.062324511349074886,2.6355459429101353,0.041180405357970865,5.829509857798339,10.0,64.0,0.9580293299267614,64.0,3.0,4.0,6.0,15.0,0.046875,0.0625,0.09375,0.234375,156.25,60,86.35
layer1.0.conv2,conv,2,64,1,False,64.0,0,32.0,32.0,160000,2.344936271998368,11.081106084133319,0.1731422825645831,17.172038816012808,0.2683131065002001,4.834437871437323,0.07553809174120817,3.360198625198698,10,64,0.9651800127468763,64,16,22,37,55,0.25,0.34375,0.578125,0.859375,2500.0,64.0,10000.0,0.42341791163904874,3.9644401868145676,0.06194437791897762,4.882020134850889,0.07628156460704515,2.788717888548139,0.043573717008564675,4.534937144685776,10.0,64.0,0.9625380307324736,64.0,4.0,5.0,9.0,23.0,0.0625,0.078125,0.140625,0.359375,156.25,60,86.35
layer1.0,block,3,64,1,False,,0,32.0,32.0,160000,2.521556207845491,12.073614638743939,0.18865022873037404,18.419248314175512,0.2878007549089924,5.9485581415152495,0.09294622096117577,2.394694385829441,10,64,0.9565926317587949,64,18,27,47,60,0.28125,0.421875,0.734375,0.9375,2500.0,64.0,10000.0,0.3659368487678527,4.017206765774743,0.06276885571523036,5.719556695132195,0.08936807336144055,2.582478797758552,0.04035123121497738,3.1009199739411453,10.0,64.0,0.9768187241198808,64.0,5.0,7.0,19.0,43.0,0.078125,0.109375,0.296875,0.671875,156.25,60,86.35
layer1.1.conv1,conv,4,64,1,False,64.0,0,32.0,32.0,160000,6.794371557931238,12.587905281634319,0.19668602002553623,18.569093488806836,0.2901420857626068,5.882750245885853,0.09191797259196645,3.446171822604186,10,64,0.9570991975579037,64,17,23,38,55,0.265625,0.359375,0.59375,0.859375,2500.0,64.0,10000.0,0.6289954103841331,3.6991519786471065,0.05779924966636104,5.044493349671046,0.0788202085886101,2.3838446787698095,0.037247573105778274,4.649740814424513,10.0,64.0,0.9683478407730959,64.0,4.0,5.0,14.0,27.0,0.0625,0.078125,0.21875,0.421875,156.25,60,86.35
layer1.1.conv2,conv,5,64,1,False,64.0,0,32.0,32.0,160000,1.7445750060918757,13.351244319382078,0.20861319249034496,20.31404490206072,0.3174069515946987,6.579141720602154,0.10279908938440865,2.720517459091888,10,64,0.9769361596857985,64,19,27,45,60,0.296875,0.421875,0.703125,0.9375,2500.0,64.0,10000.0,0.08830147643418372,4.418454133034643,0.0690383458286663,6.438202891058083,0.10059692017278254,2.654069858071712,0.0414698415323705,4.188451216397639,10.0,64.0,0.9596783439307904,64.0,6.0,8.0,17.0,35.0,0.09375,0.125,0.265625,0.546875,156.25,60,86.35
layer1.1,block,6,64,1,False,,0,32.0,32.0,160000,4.541860526742882,14.428324412375453,0.22544256894336645,22.892495401209157,0.3576952406438931,6.294189207953092,0.09834670637426707,2.060508506191799,10,64,0.9855917641378573,64,23,34,53,63,0.359375,0.53125,0.828125,0.984375,2500.0,64.0,10000.0,0.34867632363680584,4.777036119789072,0.07464118937170425,7.277366757402907,0.11370885558442043,2.8575994808475262,0.0446499918882426,2.8227841726572462,10.0,64.0,0.9893510593665442,64.0,6.0,11.0,25.0,51.0,0.09375,0.171875,0.390625,0.796875,156.25,60,86.35
layer1.2.conv1,conv,7,64,1,False,64.0,0,32.0,32.0,160000,12.142943113821008,12.409223452907957,0.19389411645168683,19.04356326449615,0.29755567600775235,5.563452003348283,0.08692893755231693,3.0725444780014333,10,64,0.9693617072719355,64,18,25,41,58,0.28125,0.390625,0.640625,0.90625,2500.0,64.0,10000.0,0.5424254708712012,4.732172007122499,0.07394018761128905,6.570103453748359,0.10265786646481811,2.9694598779470622,0.04639781059292285,4.374947534415305,10.0,64.0,0.9669885856455238,64.0,6.0,8.0,16.0,32.0,0.09375,0.125,0.25,0.5,156.25,60,86.35
layer1.2.conv2,conv,8,64,1,False,64.0,0,32.0,32.0,160000,1.1715879716659083,13.472903589995576,0.21051411859368088,21.67896928135626,0.33873389502119156,6.904709420280574,0.10788608469188397,2.400190789989665,10,64,0.9697156436223,64,22,31,49,62,0.34375,0.484375,0.765625,0.96875,2500.0,64.0,10000.0,0.04010464480538045,4.823202012703279,0.07536253144848873,7.42844963001623,0.11606952546900359,2.7033876060753115,0.04224043134492674,4.328749520873289,10.0,64.0,0.9716743749333031,64.0,7.0,10.0,19.0,36.0,0.109375,0.15625,0.296875,0.5625,156.25,60,86.35
layer1.2,block,9,64,1,False,,0,32.0,32.0,160000,7.045890797429318,14.544256030867194,0.2272540004822999,24.525290672460553,0.38320766675719614,5.870108537079368,0.09172044589186512,1.8027715363328003,10,64,0.9892308048860002,64,27,38,56,63,0.421875,0.59375,0.875,0.984375,2500.0,64.0,10000.0,0.34462942096114085,5.541609902243988,0.08658765472256232,8.594425783687754,0.13428790287012116,3.2652544336967386,0.05101960052651154,2.659477382185345,10.0,64.0,0.9890378758258346,64.0,7.0,13.0,29.0,54.0,0.109375,0.203125,0.453125,0.84375,156.25,60,86.35
layer1.3.conv1,conv,10,64,1,False,64.0,0,32.0,32.0,160000,19.558061702014157,11.801713458809498,0.1844017727938984,18.182578786711773,0.28410279354237145,5.538966047303259,0.08654634448911343,2.9864965466837767,10,64,0.9719583945129276,64,17,24,41,58,0.265625,0.375,0.640625,0.90625,2500.0,64.0,10000.0,0.5708177258805432,2.9447890241258463,0.04601232850196635,4.948563524978676,0.07732130507779181,1.8236497123768785,0.028494526755888726,4.089030986616574,10.0,64.0,0.9653011136136114,64.0,5.0,7.0,16.0,33.0,0.078125,0.109375,0.25,0.515625,156.25,60,86.35
layer1.3.conv2,conv,11,64,1,False,64.0,0,32.0,32.0,160000,0.694426454331641,15.231824538365219,0.23799725841195654,23.37730207618794,0.3652703449404366,7.3747997717492355,0.1152312464335818,2.2320662819891837,10,64,0.9694852426286433,64,23,33,51,62,0.359375,0.515625,0.796875,0.96875,2500.0,64.0,10000.0,0.01861183194370069,4.151174088606835,0.0648620951344818,6.172794960565248,0.096449921258832,2.765570113382804,0.04321203302160631,3.960543111679747,10.0,64.0,0.9730923105815692,64.0,6.0,9.0,18.0,37.0,0.09375,0.140625,0.28125,0.578125,156.25,60,86.35
layer1.3,block,12,64,1,False,,0,32.0,32.0,160000,9.502542497499318,16.223291740369213,0.25348893344326895,27.320678410212693,0.42688560015957333,6.363013925840257,0.09942209259125402,1.6693598166272212,10,64,0.990541531927977,64,30,41,58,64,0.46875,0.640625,0.90625,1.0,2500.0,64.0,10000.0,0.367777102932454,6.225500796376117,0.09727344994337683,9.671228363512196,0.15111294317987806,3.4636990934904817,0.054120298335788776,2.587936221614556,10.0,64.0,0.9889979752406463,64.0,8.0,14.0,32.0,56.0,0.125,0.21875,0.5,0.875,156.25,60,86.35
layer1.4.conv1,conv,13,64,1,False,64.0,0,32.0,32.0,160000,28.523288179176472,11.136068283413513,0.17400106692833614,17.268763332904197,0.26982442707662807,5.967759626685777,0.09324624416696527,2.7912747136166827,10,64,0.967095446943135,64,17,24,41,59,0.265625,0.375,0.640625,0.921875,2500.0,64.0,10000.0,0.5068905108233718,3.054031352108553,0.04771923987669614,5.288903538563969,0.08263911779006201,1.8589273650210276,0.029045740078453557,3.784867071511667,10.0,64.0,0.9715522312671334,64.0,6.0,8.0,17.0,37.0,0.09375,0.125,0.265625,0.578125,156.25,60,86.35
layer1.4.conv2,conv,14,64,1,False,64.0,0,32.0,32.0,160000,0.6013431088873507,15.674692856753788,0.24491707588677794,24.363100093878785,0.380673438966856,6.712318273380095,0.10487997302156399,2.306926341848711,10,64,0.9712609528458819,64,24,33,51,62,0.375,0.515625,0.796875,0.96875,2500.0,64.0,10000.0,0.021119286117155838,3.276479802263106,0.05119499691036103,5.0422559533505416,0.07878524927110221,2.03279729605055,0.03176245775078984,3.9553119639091694,10.0,64.0,0.9763084225465045,64.0,5.0,7.0,15.0,32.0,0.078125,0.109375,0.234375,0.5,156.25,60,86.35
layer1.4,block,15,64,1,False,,0,32.0,32.0,160000,9.857329116952162,21.363006141666904,0.3337969709635454,32.91896083844444,0.5143587631006944,8.834968377397521,0.13804638089683627,1.542220934072251,10,64,0.9852921242960906,64,34,45,59,64,0.53125,0.703125,0.921875,1.0,2500.0,64.0,10000.0,0.4392912753281598,6.22614138932644,0.09728345920822562,9.91238813928045,0.15488106467625704,3.2525115511153238,0.050820492986176934,2.554180188101601,10.0,64.0,0.9931558017458112,64.0,9.0,14.0,32.0,57.0,0.140625,0.21875,0.5,0.890625,156.25,60,86.35
layer1.5.conv1,conv,16,64,1,False,64.0,0,32.0,32.0,160000,21.655195177172466,15.098662156838557,0.23591659620060246,23.382204369634405,0.3653469432755376,7.14441991846099,0.11163156122595297,2.60107009627821,10,64,0.9588790349859652,64,23,31,48,61,0.359375,0.484375,0.75,0.953125,2500.0,64.0,10000.0,0.6355779055657481,3.081498577480124,0.04814841527312694,5.41872680079286,0.08466760626238844,1.8673907127745284,0.029177979887102006,3.7547549013931016,10.0,64.0,0.9713673239137174,64.0,6.0,9.0,17.0,38.0,0.09375,0.140625,0.265625,0.59375,156.25,60,86.35
layer1.5.conv2,conv,17,64,1,False,64.0,0,32.0,32.0,160000,0.5911801598406893,16.28367044703285,0.2544323507348883,24.29616728493108,0.3796276138270481,8.277418917360421,0.12933467058375658,2.476744513638366,10,64,0.9655419825768152,64,23,31,49,62,0.359375,0.484375,0.765625,0.96875,2500.0,64.0,10000.0,0.025063542720489152,3.3715419832655296,0.0526803434885239,5.476009887088704,0.085562654485761,2.0285566218965347,0.031696197217133355,4.077277260565514,10.0,64.0,0.9672772009656876,64.0,5.0,8.0,16.0,35.0,0.078125,0.125,0.25,0.546875,156.25,60,86.35
layer1.5,block,18,64,1,False,,0,32.0,32.0,160000,9.418137048357417,24.9739180567695,0.3902174696370234,36.98217055248699,0.5778464148826092,9.930035196786134,0.15515679994978335,1.4304861842634875,10,64,0.9754639508824419,64,38,48,60,64,0.59375,0.75,0.9375,1.0,2500.0,64.0,10000.0,0.4923672272010084,6.605655811746431,0.10321337205853798,10.49500563268039,0.1639844630106311,3.4004119640941437,0.053131436938970995,2.5634150695040434,10.0,64.0,0.9945523414841759,64.0,9.0,14.0,33.0,57.0,0.140625,0.21875,0.515625,0.890625,156.25,60,86.35
layer2.0.conv1,conv,19,128,1,False,128.0,0,16.0,16.0,160000,42.35881138954579,17.757630187490918,0.1387314858397728,28.886473973719017,0.22567557791967982,7.147526389138283,0.05584004991514284,2.659030897650072,10,128,0.9727289992408619,128,28,41,75,114,0.21875,0.3203125,0.5859375,0.890625,1250.0,128.0,10000.0,3.158445470070217,4.97455756357147,0.03886373096540211,7.775221611195318,0.06074391883746342,2.690730359671442,0.02102133093493314,3.681509115114236,10.0,128.0,0.9854882956469225,128.0,7.0,10.0,19.0,49.0,0.0546875,0.078125,0.1484375,0.3828125,78.125,60,86.35
layer2.0.conv2,conv,20,128,1,False,128.0,0,16.0,16.0,160000,4.54781284035543,27.299861751686343,0.21328016993504956,44.75042104370951,0.34961266440398053,10.70338442568478,0.08362019082566234,2.0192768148308176,10,128,0.9615291140093802,128,46,64,101,124,0.359375,0.5,0.7890625,0.96875,1250.0,128.0,10000.0,0.3617046253085647,5.4859020475736076,0.04285860974666881,9.003111545568675,0.07033680894975528,2.8687470375819903,0.0224120862311093,3.3010309245025233,10.0,128.0,0.9849401956608456,128.0,8.0,12.0,28.0,67.0,0.0625,0.09375,0.21875,0.5234375,78.125,60,86.35
layer2.0.downsample.0,conv,21,128,1,False,64.0,0,16.0,16.0,160000,6.925749761097555,11.976037984173912,0.09356279675135869,18.94161615158437,0.1479813761842529,5.763110709854314,0.04502430242073683,11.409449226443183,10,128,0.6643729960951035,96,19,26,43,59,0.1484375,0.203125,0.3359375,0.4609375,1250.0,128.0,10000.0,0.5524088735728894,5.337219929985207,0.04169703070300943,7.8692358803661255,0.061478405315360356,2.946238316128889,0.023017486844756945,10.339635845716083,10.0,128.0,0.7162743933579226,96.0,7.0,9.0,19.0,42.0,0.0546875,0.0703125,0.1484375,0.328125,78.125,60,86.35
layer2.0,block,22,128,1,False,,0,16.0,16.0,160000,10.608867926139585,25.317492379798075,0.19779290921717246,47.50342837848933,0.3711205342069479,9.326206292246265,0.07286098665817395,1.4397742787862002,10,128,0.9919510243815661,128,58,82,115,127,0.453125,0.640625,0.8984375,0.9921875,1250.0,128.0,10000.0,0.7696645130762182,7.411787268221757,0.05790458803298248,12.77409302337402,0.09979760174510953,3.6653914055213446,0.028635870355635504,2.2606500085141734,10.0,128.0,0.997413983319667,128.0,11.0,20.0,56.0,111.0,0.0859375,0.15625,0.4375,0.8671875,78.125,60,86.35
layer2.1.conv1,conv,23,128,1,False,128.0,0,16.0,16.0,160000,21.848004851843697,25.495283063143457,0.19918189893080826,42.148335154010454,0.32928386839070667,9.016055700043243,0.07043793515658783,2.250163509235284,10,128,0.9571494271433907,128,41,58,94,122,0.3203125,0.453125,0.734375,0.953125,1250.0,128.0,10000.0,1.421777852931187,6.15134210840913,0.04805736022194633,9.738977175323743,0.07608575918221674,3.3991619400931468,0.02655595265697771,3.294916411253015,10.0,128.0,0.9823137212790983,128.0,9.0,13.0,29.0,71.0,0.0703125,0.1015625,0.2265625,0.5546875,78.125,60,86.35
layer2.1.conv2,conv,24,128,1,False,128.0,0,16.0,16.0,160000,0.7242453714446464,29.277605188589295,0.22873129053585387,50.135450677980124,0.3916832084217197,10.127362023238595,0.07912001580655152,1.763668001310318,10,128,0.9671150906406729,128,53,74,109,126,0.4140625,0.578125,0.8515625,0.984375,1250.0,128.0,10000.0,0.04098493210978946,7.271297906386592,0.05680701489364525,12.527839951631703,0.09787374962212268,3.8404463818831704,0.03000348735846227,3.0353299150434774,10.0,128.0,0.9626716091956095,128.0,13.0,20.0,47.0,91.0,0.1015625,0.15625,0.3671875,0.7109375,78.125,60,86.35
layer2.1,block,25,128,1,False,,0,16.0,16.0,160000,12.044597675880901,30.608691007982873,0.2391303984998662,55.46901035849438,0.43335164342573734,10.774243168620337,0.08417377475484639,1.330519419403089,10,128,0.9913680274664111,128,66,89,118,127,0.515625,0.6953125,0.921875,0.9921875,1250.0,128.0,10000.0,0.7585389351040627,8.341801338511521,0.06517032295712126,14.78209540354509,0.11548512034019602,4.05820316031463,0.031704712189958045,2.13320507417712,10.0,128.0,0.997844511967625,128.0,14.0,25.0,68.0,116.0,0.109375,0.1953125,0.53125,0.90625,78.125,60,86.35
layer2.2.conv1,conv,26,128,1,False,128.0,0,16.0,16.0,160000,22.635781244982528,25.883756338894145,0.2022168463976105,43.95053367535493,0.3433635443387104,8.481316909789541,0.06626028835773079,2.131605419763317,10,128,0.9572321414742883,128,44,61,98,123,0.34375,0.4765625,0.765625,0.9609375,1250.0,128.0,10000.0,1.307296877244874,6.589874245811546,0.051483392545402705,10.607036138251642,0.08286746983009095,3.909564015790597,0.030543468873364038,3.128333109600398,10.0,128.0,0.980166922439914,128.0,10.0,15.0,35.0,80.0,0.078125,0.1171875,0.2734375,0.625,78.125,60,86.35
layer2.2.conv2,conv,27,128,1,False,128.0,0,16.0,16.0,160000,0.5628252212333704,26.31417013890997,0.20557945421023413,49.12508760059501,0.3837897468796485,8.012838009258704,0.06260029694733363,1.6977180940748224,10,128,0.9614316919915376,128,55,75,110,126,0.4296875,0.5859375,0.859375,0.984375,1250.0,128.0,10000.0,0.03036526782692752,6.951450227582932,0.05430820490299166,12.745055694838994,0.09957074761592964,3.517424588843891,0.0274798796003429,3.012653317070994,10.0,128.0,0.9587644366912812,128.0,13.0,22.0,50.0,92.0,0.1015625,0.171875,0.390625,0.71875,78.125,60,86.35
layer2.2,block,28,128,1,False,,0,16.0,16.0,160000,13.401731004601805,35.702028817618064,0.2789221001376411,62.23002288921885,0.4861720538220223,11.946662330251087,0.09333329945508662,1.2531447495940835,10,128,0.9880434608022762,128,72,94,119,127,0.5625,0.734375,0.9296875,0.9921875,1250.0,128.0,10000.0,0.7576292011479558,9.188989395423052,0.0717889796517426,16.674590531144812,0.13027023852456884,4.437787229390176,0.03467021272961075,2.0514329427242632,10.0,128.0,0.9972872217617038,128.0,17.0,30.0,76.0,119.0,0.1328125,0.234375,0.59375,0.9296875,78.125,60,86.35
layer2.3.conv1,conv,29,128,1,False,128.0,0,16.0,16.0,160000,22.345503940530822,26.713770023661585,0.20870132830985613,45.90510111343283,0.35863360244869397,8.458118549581897,0.06607905116860857,2.042912871664175,10,128,0.9567215088314471,128,47,64,101,124,0.3671875,0.5,0.7890625,0.96875,1250.0,128.0,10000.0,1.2404268010980708,6.5315141553162945,0.05102745433840855,11.176477117135912,0.08731622747762431,3.4013256607689617,0.026572856724757513,3.10562575939104,10.0,128.0,0.9766376996436226,128.0,11.0,16.0,39.0,85.0,0.0859375,0.125,0.3046875,0.6640625,78.125,60,86.35
layer2.3.conv2,conv,30,128,1,False,128.0,0,16.0,16.0,160000,0.4753548683694415,29.61041782577822,0.23133138926389235,50.463240566117335,0.3942440669227917,11.579003098422696,0.09046096170642731,1.7316200538338882,10,128,0.962211837490091,128,54,74,109,126,0.421875,0.578125,0.8515625,0.984375,1250.0,128.0,10000.0,0.026315760784735742,7.374070262678837,0.05760992392717841,13.157178233054076,0.10279045494573497,3.6453877474336145,0.028479591776825113,3.0357674402695145,10.0,128.0,0.9580548093023916,128.0,14.0,22.0,50.0,92.0,0.109375,0.171875,0.390625,0.71875,78.125,60,86.35
layer2.3,block,31,128,1,False,,0,16.0,16.0,160000,14.642374932827419,39.28540066286818,0.30691719267865764,66.80023143370586,0.521876808075827,12.385040820121198,0.09675813140719686,1.1965537054353899,10,128,0.9869630258384309,128,76,97,120,127,0.59375,0.7578125,0.9375,0.9921875,1250.0,128.0,10000.0,0.7680723569812314,9.798873442116884,0.07655369876653816,18.148850222596007,0.1417878923640313,4.761640321341239,0.03720031501047843,1.9986527414847255,10.0,128.0,0.9973107325433452,128.0,19.0,34.0,82.0,121.0,0.1484375,0.265625,0.640625,0.9453125,78.125,60,86.35
layer2.4.conv1,conv,32,128,1,False,128.0,0,16.0,16.0,160000,23.371951182720288,25.331137041631536,0.19789950813774637,44.59099170161352,0.3483671226688556,8.38023355914602,0.06547057468082829,1.9871126997334752,10,128,0.9559316768736213,128,47,65,101,124,0.3671875,0.5078125,0.7890625,0.96875,1250.0,128.0,10000.0,1.2461096634523545,6.72638044850986,0.05254984725398328,11.507516740751484,0.08990247453712097,3.7188196789585555,0.029053278741863715,3.0627880602064694,10.0,128.0,0.9760215664797973,128.0,12.0,18.0,42.0,88.0,0.09375,0.140625,0.328125,0.6875,78.125,60,86.35
layer2.4.conv2,conv,33,128,1,False,128.0,0,16.0,16.0,160000,0.4267322167177045,25.36825187416038,0.19818946776687796,46.87387824682966,0.36620217380335673,9.265980050378733,0.07239046914358385,1.7707331122386207,10,128,0.956786327206646,128,52,72,107,125,0.40625,0.5625,0.8359375,0.9765625,1250.0,128.0,10000.0,0.020271615135807945,8.178031324752272,0.06389086972462713,14.31425864489014,0.11183014566320422,4.492913978482256,0.035100890456892624,3.05082843463169,10.0,128.0,0.953830143603051,128.0,16.0,24.0,53.0,94.0,0.125,0.1875,0.4140625,0.734375,78.125,60,86.35
layer2.4,block,34,128,1,False,,0,16.0,16.0,160000,15.668727074255798,42.864998133143274,0.33488279791518183,70.91057045431332,0.5539888316743228,12.980011622168805,0.10140634079819379,1.1568029860195075,10,128,0.9864344733754342,128,79,99,121,128,0.6171875,0.7734375,0.9453125,1.0,1250.0,128.0,10000.0,0.7942529367220796,10.399552483579695,0.08124650377796637,19.622967530675,0.15330443383339845,5.076009500445998,0.03965632422223436,1.9604492851429636,10.0,128.0,0.9973700958533239,128.0,21.0,38.0,86.0,122.0,0.1640625,0.296875,0.671875,0.953125,78.125,60,86.35
layer2.5.conv1,conv,35,128,1,False,128.0,0,16.0,16.0,160000,23.4578775100225,24.225443505689835,0.18926127738820184,44.20705743534032,0.34536763621359623,7.630504637144622,0.05961331747769236,1.9737578996532725,10,128,0.9511118538944258,128,47,66,102,124,0.3671875,0.515625,0.796875,0.96875,1250.0,128.0,10000.0,1.3720802888165196,6.815171366923005,0.05324352630408598,12.206975461046403,0.09536699578942502,3.2809851368116756,0.025632696381341216,3.1094724732478207,10.0,128.0,0.9733562207665728,128.0,12.0,18.0,43.0,87.0,0.09375,0.140625,0.3359375,0.6796875,78.125,60,86.35
layer2.5.conv2,conv,36,128,1,False,128.0,0,16.0,16.0,160000,0.4894687771268246,17.314172041509845,0.13526696907429567,38.308516434178415,0.29928528464201887,5.396291084310722,0.04215852409617751,1.881220250162898,10,128,0.9597839580541516,128,46,66,103,125,0.359375,0.515625,0.8046875,0.9765625,1250.0,128.0,10000.0,0.032535003368881384,5.305000075946553,0.04144531309333244,10.582439416799467,0.08267530794374583,2.723325910029703,0.021275983672107056,3.2532529063733273,10.0,128.0,0.9575448877011334,128.0,13.0,21.0,44.0,85.0,0.1015625,0.1640625,0.34375,0.6640625,78.125,60,86.35
layer2.5,block,37,128,1,False,,0,16.0,16.0,160000,15.993007131435434,48.42395920613692,0.3783121812979447,75.5387194416186,0.5901462456376453,15.340626814811102,0.11984864699071174,1.1399116687835422,10,128,0.9845977883560235,128,81,100,121,128,0.6328125,0.78125,0.9453125,1.0,1250.0,128.0,10000.0,0.7905660664632135,11.808907680176803,0.09225709125138128,22.144782288928,0.17300611163225,5.306811813680159,0.041459467294376245,1.958911651178994,10.0,128.0,0.9980269548352457,128.0,24.0,42.0,90.0,123.0,0.1875,0.328125,0.703125,0.9609375,78.125,60,86.35
layer3.0.conv1,conv,38,256,1,False,256.0,0,8.0,8.0,160000,62.87066928520625,33.10158150749777,0.12930305276366316,59.5913278728493,0.23277862450331757,11.480140713105664,0.044844299660569,2.081971617243984,10,256,0.9720028442757277,256,62,94,176,241,0.2421875,0.3671875,0.6875,0.94140625,625.0,256.0,10000.0,4.677315487535936,10.155879346780422,0.03967140369836102,17.50483314690204,0.0683782544800861,4.729767892180607,0.018475655828830494,2.7185452899005833,10.0,256.0,0.9864183232461536,256.0,16.0,26.0,71.0,169.0,0.0625,0.1015625,0.27734375,0.66015625,39.0625,60,86.35
layer3.0.conv2,conv,39,256,1,False,256.0,0,8.0,8.0,160000,5.92379451706822,46.35922690962138,0.1810907301157085,84.13005898786825,0.32863304292136036,13.576249124490957,0.0530322231425428,1.7498692588695732,10,256,0.9639453400029852,256,91,130,207,249,0.35546875,0.5078125,0.80859375,0.97265625,625.0,256.0,10000.0,0.5186771257666913,9.486924605297327,0.037058299239442684,17.256451751266553,0.06740801465338497,4.425564393606876,0.017287360912526858,2.558932316190301,10.0,256.0,0.9862995142474595,256.0,17.0,28.0,79.0,183.0,0.06640625,0.109375,0.30859375,0.71484375,39.0625,60,86.35
layer3.0.downsample.0,conv,40,256,1,False,128.0,0,8.0,8.0,160000,10.15438903783184,25.518513588627172,0.09968169370557489,42.22963611404389,0.16495951607048395,10.450397267353543,0.040821864325599776,9.054869098639742,10,256,0.5948488985898269,191,43,60,95,121,0.16796875,0.234375,0.37109375,0.47265625,625.0,256.0,10000.0,0.702944388971769,10.347334308105205,0.04041927464103596,17.834140796336168,0.06966461248568816,4.868485857424979,0.019017522880566323,8.716907997235374,10.0,256.0,0.6355747965068445,193.0,17.0,28.0,65.0,108.0,0.06640625,0.109375,0.25390625,0.421875,39.0625,60,86.35
layer3.0,block,41,256,1,False,,0,8.0,8.0,160000,10.47246826307748,51.90316488209371,0.20274673782067856,105.0597291455893,0.4103895669749582,13.730809897610749,0.05363597616254199,1.1921878159437214,10,256,0.9929930132608256,256,136,183,237,254,0.53125,0.71484375,0.92578125,0.9921875,625.0,256.0,10000.0,0.7473003688279675,13.047643057635948,0.05096735569389042,28.56204070428874,0.1115704715011279,5.573849243411168,0.021772848607074874,1.638476089671956,10.0,256.0,0.9975346804403032,256.0,37.0,75.0,183.0,246.0,0.14453125,0.29296875,0.71484375,0.9609375,39.0625,60,86.35
layer3.1.conv1,conv,42,256,1,False,256.0,0,8.0,8.0,160000,19.966032760368748,37.66468632919742,0.14712768097342743,72.42375963391252,0.2829053110699708,10.16841313373875,0.039720363803666996,1.8905861780029953,10,256,0.9673906680854157,256,78,115,196,247,0.3046875,0.44921875,0.765625,0.96484375,625.0,256.0,10000.0,1.5979730683375482,9.087939123486917,0.03549976220112077,16.998345766782684,0.06639978815149486,4.279993295552448,0.01671872381075175,2.5626717143667053,10.0,256.0,0.9836020575972876,256.0,17.0,29.0,81.0,183.0,0.06640625,0.11328125,0.31640625,0.71484375,39.0625,60,86.35
layer3.1.conv2,conv,43,256,1,False,256.0,0,8.0,8.0,160000,0.8872933756232275,28.290435262879438,0.1105095127456228,76.39113573964174,0.29840287398297555,6.586840994858442,0.02572984763616579,1.556167001503246,10,256,0.9712154003818755,256,99,143,218,251,0.38671875,0.55859375,0.8515625,0.98046875,625.0,256.0,10000.0,0.07245012986677546,6.652203154708482,0.025985168573080007,17.10999582285703,0.06683592118303527,2.9220998497876898,0.011414452538233163,2.3848757036728316,10.0,256.0,0.9609985972906263,256.0,25.0,45.0,112.0,203.0,0.09765625,0.17578125,0.4375,0.79296875,39.0625,60,86.35
layer3.1,block,44,256,1,False,,0,8.0,8.0,160000,10.885062772735235,65.22998827031202,0.25480464168090633,123.00604244478342,0.4804923532999352,16.73030850169114,0.06535276758473102,1.110281308988307,10,256,0.9896688408714088,256,150,192,240,255,0.5859375,0.75,0.9375,0.99609375,625.0,256.0,10000.0,0.7026384451780406,14.978517342158845,0.05850983336780799,34.65186495511709,0.13535884748092614,6.042336692357217,0.023602877704520377,1.5484602928848439,10.0,256.0,0.9974270912828009,256.0,51.0,97.0,199.0,248.0,0.19921875,0.37890625,0.77734375,0.96875,39.0625,60,86.35
layer3.2.conv1,conv,45,256,1,False,256.0,0,8.0,8.0,160000,17.57404190265593,41.41365278281397,0.16177208118286707,79.85007445975019,0.3119143533583992,10.704763652995283,0.04181548301951282,1.778465137682997,10,256,0.966343488986616,256,86,126,205,249,0.3359375,0.4921875,0.80078125,0.97265625,625.0,256.0,10000.0,1.3111088858065738,11.212966190207936,0.04380064918049975,21.229036181973992,0.0829259225858359,5.223176361072027,0.020403032660437605,2.4939576694238283,10.0,256.0,0.9799715840285864,256.0,22.0,38.0,99.0,198.0,0.0859375,0.1484375,0.38671875,0.7734375,39.0625,60,86.35
layer3.2.conv2,conv,46,256,1,False,256.0,0,8.0,8.0,160000,0.7185271085817859,31.28904418803315,0.12222282885950449,79.03769185737092,0.30874098381785514,7.1608958804043,0.027972249532829296,1.587363872814734,10,256,0.968829847144625,256,98,141,216,251,0.3828125,0.55078125,0.84375,0.98046875,625.0,256.0,10000.0,0.06321271123181144,7.894715945390559,0.030838734161681872,19.216663834360446,0.07506509310297049,3.345262629251021,0.013067432145511801,2.432977234464415,10.0,256.0,0.9609598467898239,256.0,26.0,46.0,113.0,203.0,0.1015625,0.1796875,0.44140625,0.79296875,39.0625,60,86.35
layer3.2,block,47,256,1,False,,0,8.0,8.0,160000,11.39960361442305,77.2313369122666,0.3016849098135414,136.04253395720983,0.5314161482703509,20.14066874539151,0.07867448728668558,1.0680653475111566,10,256,0.9839058898579431,256,157,197,241,255,0.61328125,0.76953125,0.94140625,0.99609375,625.0,256.0,10000.0,0.6999427051555824,16.89806821476697,0.06600807896393347,40.263133657362886,0.15727786584907377,6.592768602308685,0.0257530023527683,1.5112715727096333,10.0,256.0,0.9959369417914209,256.0,62.0,111.0,206.0,249.0,0.2421875,0.43359375,0.8046875,0.97265625,39.0625,60,86.35
layer3.3.conv1,conv,48,256,1,False,256.0,0,8.0,8.0,160000,15.767959185310666,44.03156332460557,0.1719982942367405,83.80374527431164,0.32735837997777983,11.475941308694525,0.04482789573708799,1.7263912346113925,10,256,0.9668090958571789,256,91,131,209,250,0.35546875,0.51171875,0.81640625,0.9765625,625.0,256.0,10000.0,1.0990930071471139,11.683023366624584,0.04563681002587728,24.03732803927481,0.09389581265341723,4.808365351636212,0.018782677154828953,2.465347944071984,10.0,256.0,0.9729914093248249,256.0,28.0,47.0,112.0,205.0,0.109375,0.18359375,0.4375,0.80078125,39.0625,60,86.35
layer3.3.conv2,conv,49,256,1,False,256.0,0,8.0,8.0,160000,0.6149418238632629,30.665721720142997,0.11978797546930858,76.72295185017084,0.29969903066472986,7.102713063956058,0.02774497290607835,1.653386201296646,10,256,0.967257844880384,256,93,135,212,250,0.36328125,0.52734375,0.828125,0.9765625,625.0,256.0,10000.0,0.048965166561968185,8.174041829428402,0.031929850896204696,21.943120400867944,0.0857153140658904,3.2112446656010025,0.012543924475003916,2.5036206877826346,10.0,256.0,0.9605283799165465,256.0,30.0,50.0,116.0,204.0,0.1171875,0.1953125,0.453125,0.796875,39.0625,60,86.35
layer3.3,block,50,256,1,False,,0,8.0,8.0,160000,11.82654467342505,86.99021924053766,0.3398055439083502,145.27517413845868,0.5674811489783542,23.571640555382416,0.09207672091946256,1.045181481879807,10,256,0.9786537058058461,256,162,200,242,255,0.6328125,0.78125,0.9453125,0.99609375,625.0,256.0,10000.0,0.7093578537871104,18.440178411785972,0.07203194692103895,44.83728138125573,0.1751456303955302,6.793260031961686,0.026536171999850335,1.4897862000871271,10.0,256.0,0.9953449254802821,256.0,69.0,120.0,211.0,250.0,0.26953125,0.46875,0.82421875,0.9765625,39.0625,60,86.35
layer3.4.conv1,conv,51,256,1,False,256.0,0,8.0,8.0,160000,14.289757426362947,43.64882596036949,0.17050322640769333,84.81507104306696,0.33130887126198033,10.80955063222835,0.04222480715714199,1.7309947255225537,10,256,0.9620871933676807,256,92,132,209,249,0.359375,0.515625,0.81640625,0.97265625,625.0,256.0,10000.0,1.0403867848811956,13.049368932602867,0.05097409739297995,26.513245109872273,0.10356736371043856,5.405170720869103,0.021113948128394934,2.513157872399471,10.0,256.0,0.9721370234499659,256.0,30.0,49.0,114.0,206.0,0.1171875,0.19140625,0.4453125,0.8046875,39.0625,60,86.35
layer3.4.conv2,conv,52,256,1,False,256.0,0,8.0,8.0,160000,0.544433076686323,31.605786466824743,0.12346010338603415,69.35178007330893,0.270905390911363,7.778141210541465,0.030383364103677597,1.8372888573733903,10,256,0.9715366094560509,256,78,117,199,247,0.3046875,0.45703125,0.77734375,0.96484375,625.0,256.0,10000.0,0.04877596484342077,10.354640767247437,0.0404478154970603,22.73432276478398,0.08880594829993742,4.100015309319341,0.016015684802028675,2.6808482207132704,10.0,256.0,0.965931053195105,256.0,27.0,43.0,101.0,191.0,0.10546875,0.16796875,0.39453125,0.74609375,39.0625,60,86.35
layer3.4,block,53,256,1,False,,0,8.0,8.0,160000,12.688702290343693,91.1332041481446,0.35598907870368984,148.51251996681282,0.5801270311203626,25.132981986278,0.09817571088389844,1.044632416177871,10,256,0.9742989868163556,256,163,200,241,255,0.63671875,0.78125,0.94140625,0.99609375,625.0,256.0,10000.0,0.7859084216482841,19.59079597580329,0.0765265467804816,47.100657320120725,0.18398694265672158,7.020242700338296,0.02742282304819647,1.5020818745094335,10.0,256.0,0.9950568449319956,256.0,71.0,122.0,211.0,250.0,0.27734375,0.4765625,0.82421875,0.9765625,39.0625,60,86.35
layer3.5.conv1,conv,54,256,1,False,256.0,0,8.0,8.0,160000,14.623445934611022,37.040100585364854,0.14468789291158146,75.7127897996031,0.2957530851546996,9.203417978954494,0.03595085148029099,1.8253894257521892,10,256,0.964562778576788,256,83,121,201,248,0.32421875,0.47265625,0.78515625,0.96875,625.0,256.0,10000.0,1.1085991469526804,13.52796138108726,0.05284359914487211,26.79866660387555,0.10468229142138887,5.5073231364631905,0.021512981001809338,2.6082720449758026,10.0,256.0,0.9713481030817602,256.0,29.0,47.0,108.0,200.0,0.11328125,0.18359375,0.421875,0.78125,39.0625,60,86.35
layer3.5.conv2,conv,55,256,1,False,256.0,0,8.0,8.0,160000,0.7371760308831795,14.173804972028806,0.055366425671987525,40.46466384243143,0.15806509313449776,4.2999109892575875,0.01679652730178745,2.0961695997285923,10,256,0.9795353904089069,256,52,81,166,239,0.203125,0.31640625,0.6484375,0.93359375,625.0,256.0,10000.0,0.08778548596162272,5.887886590587571,0.0229995569944827,13.376413982439677,0.05225161711890499,2.6991001894802857,0.010543360115157366,2.9039764522729357,10.0,256.0,0.9744467967259366,256.0,16.0,26.0,65.0,155.0,0.0625,0.1015625,0.25390625,0.60546875,39.0625,60,86.35
layer3.5,block,56,256,1,False,,0,8.0,8.0,160000,13.882696829463637,91.97111365912559,0.35926216273095934,147.87189223678993,0.5776245790499607,27.199264762899567,0.10624712798007643,1.0603610928056504,10,256,0.9750263793911688,256,161,200,241,255,0.62890625,0.78125,0.94140625,0.99609375,625.0,256.0,10000.0,0.9441208134886958,20.36831633918722,0.07956373569995008,46.027278527743604,0.17979405674899845,7.809416519862634,0.030505533280713416,1.5289236854949921,10.0,256.0,0.9956405824595987,256.0,66.0,116.0,209.0,249.0,0.2578125,0.453125,0.81640625,0.97265625,39.0625,60,86.35
layer4.0.conv1,conv,57,512,1,False,512.0,0,4.0,4.0,160000,26.466646412548513,43.375006840356484,0.08471681023507126,82.72187301230001,0.16156615822714845,15.521339032514518,0.03031511529787992,1.9615914578818567,10,512,0.9862363994864922,512,88,149,329,477,0.171875,0.291015625,0.642578125,0.931640625,312.5,512.0,10000.0,3.430157261628173,12.639746841154231,0.024687005549129358,25.405294079082598,0.0496197149982082,5.355467508133496,0.010459897476823235,2.15610091292029,10.0,512.0,0.9840153486409345,512.0,27.0,52.0,181.0,397.0,0.052734375,0.1015625,0.353515625,0.775390625,19.53125,60,86.35
layer4.0.conv2,conv,58,512,1,False,512.0,0,4.0,4.0,160000,1.845633893141129,30.442644556066078,0.05945829014856656,57.3546174560757,0.11202073721889785,9.950923046511397,0.019435396575217572,2.3813615937637835,10,512,0.9880244057146303,512,57,89,212,427,0.111328125,0.173828125,0.4140625,0.833984375,312.5,512.0,10000.0,0.4128852217776258,7.5738169631154255,0.014792611256084815,12.882867709176349,0.025161850994485056,3.5874444697284678,0.007006727479938414,2.5903350043248823,10.0,512.0,0.9930512147654244,512.0,11.0,18.0,56.0,210.0,0.021484375,0.03515625,0.109375,0.41015625,19.53125,60,86.35
layer4.0.downsample.0,conv,59,512,1,False,256.0,0,4.0,4.0,160000,3.288435758110692,30.234642000093793,0.05905203515643319,52.10653046111891,0.10177056730687287,11.673756810250664,0.022800306270020828,7.313111839611134,10,512,0.5869299796515484,375,51,79,158,231,0.099609375,0.154296875,0.30859375,0.451171875,312.5,512.0,10000.0,0.4759516332171906,11.391444416020962,0.02224891487504094,21.900906314808136,0.04277520764610964,4.96058129681907,0.009688635345349746,6.955018055995547,10.0,512.0,0.6218388013909278,383.0,24.0,40.0,110.0,208.0,0.046875,0.078125,0.21484375,0.40625,19.53125,60,86.35
layer4.0,block,60,512,1,False,,0,4.0,4.0,160000,14.126023186151198,32.12255956580701,0.06273937415196681,74.83924217120558,0.1461703948656359,9.87476208589897,0.019286644699021426,1.5899015839756454,10,512,0.996472899576001,512,99,192,395,495,0.193359375,0.375,0.771484375,0.966796875,312.5,512.0,10000.0,2.846286588821763,9.52251540008399,0.01859866289078904,18.809239069463125,0.036736795057545166,4.422073089976896,0.008636861503861126,1.6656763006540758,10.0,512.0,0.9948691502060989,512.0,18.0,43.0,218.0,450.0,0.03515625,0.083984375,0.42578125,0.87890625,19.53125,60,86.35
layer4.1.conv1,conv,61,512,1,False,512.0,0,4.0,4.0,160000,16.501985095379684,27.691237611821432,0.054084448460588734,50.92557864271152,0.09946402078654594,8.630699416388431,0.016856834797633655,2.8371277328955373,10,512,0.9826134509782003,512,51,71,143,338,0.099609375,0.138671875,0.279296875,0.66015625,312.5,512.0,10000.0,2.9131133980530466,7.700564296926168,0.015040164642433922,12.525326800486152,0.024463528907199515,3.9742670473975945,0.007762240326948427,2.9111700863182874,10.0,512.0,0.9949277418578992,512.0,11.0,16.0,47.0,149.0,0.021484375,0.03125,0.091796875,0.291015625,19.53125,60,86.35
layer4.1.conv2,conv,62,512,1,False,512.0,0,4.0,4.0,160000,0.45995111637904645,24.404091163664194,0.04766424055403163,39.910427557181386,0.0779500538226199,10.21093203009983,0.01994322662128873,2.6815951520628336,10,512,0.9927392537187856,512,37,52,110,333,0.072265625,0.1015625,0.21484375,0.650390625,312.5,512.0,10000.0,0.13195081060344704,8.863501012115718,0.01731152541428851,11.266108826768749,0.022004118802282712,5.480545294290709,0.010704190027911542,2.768659277939467,10.0,512.0,0.9952745059275466,512.0,9.0,11.0,23.0,89.0,0.017578125,0.021484375,0.044921875,0.173828125,19.53125,60,86.35
layer4.1,block,63,512,1,False,,0,4.0,4.0,160000,22.692550122419632,30.177327357048206,0.05894009249423478,67.37439299696211,0.13159061132219163,9.751470156464439,0.019045840149344608,1.670130714916751,10,512,0.9967660643517325,512,82,163,373,491,0.16015625,0.318359375,0.728515625,0.958984375,312.5,512.0,10000.0,5.627625010541671,9.43980932339827,0.018437127584762247,15.943381901156728,0.031139417775696735,4.831848800617427,0.009437204688705913,1.7208552173282834,10.0,512.0,0.9949812087042853,512.0,12.0,27.0,155.0,422.0,0.0234375,0.052734375,0.302734375,0.82421875,19.53125,60,86.35
layer4.2.conv1,conv,64,512,1,False,512.0,0,4.0,4.0,160000,22.88312420728862,23.23232983088982,0.04537564420095668,40.432886786393446,0.0789704820046747,7.945855565441896,0.015519249151253703,2.902233316569769,10,512,0.9900844523745576,512,38,53,103,285,0.07421875,0.103515625,0.201171875,0.556640625,312.5,512.0,10000.0,5.044093638012203,7.367286671807633,0.014389231780874282,10.604619356542608,0.020712147180747282,4.066329284676858,0.007942049384134488,2.890848702151655,10.0,512.0,0.9976386832901505,512.0,9.0,11.0,29.0,98.0,0.017578125,0.021484375,0.056640625,0.19140625,19.53125,60,86.35
layer4.2.conv2,conv,65,512,1,False,512.0,0,4.0,4.0,160000,0.3216392248068639,18.46222510681963,0.03605903341175709,29.901663909733028,0.05840168732369732,8.292505111365456,0.016196299045635656,2.710957107981227,10,512,0.9920923187605248,512,28,40,81,272,0.0546875,0.078125,0.158203125,0.53125,312.5,512.0,10000.0,0.12776055060193867,8.20322801884426,0.016021929724305196,9.854778756570038,0.019247614758925856,4.67725821304262,0.009135269947348867,2.7826639109886186,10.0,512.0,0.9955042604600325,512.0,9.0,9.0,13.0,52.0,0.017578125,0.017578125,0.025390625,0.1015625,19.53125,60,86.35
layer4.2,block,66,512,1,False,,0,4.0,4.0,160000,35.142837451057105,26.24727720500889,0.051264213291032985,56.76996485789612,0.11087883761307836,9.363594259933596,0.018288270038932804,1.7469585409419413,10,512,0.9970016971206175,512,64,130,342,485,0.125,0.25390625,0.66796875,0.947265625,312.5,512.0,10000.0,10.802963524034277,9.062856923551948,0.017700892428812398,13.746995837975941,0.02684960124604676,4.847884782046843,0.00946852496493524,1.7877776405966994,10.0,512.0,0.9953058569319201,512.0,10.0,17.0,100.0,380.0,0.01953125,0.033203125,0.1953125,0.7421875,19.53125,60,86.35
layer4.3.conv1,conv,67,512,1,False,512.0,0,4.0,4.0,160000,33.56794927393442,19.471911529458872,0.03803107720597436,32.25763389065207,0.06300319119267983,7.73018086773404,0.015098009507293047,2.894368585683962,10,512,0.9896366476211771,512,30,42,79,235,0.05859375,0.08203125,0.154296875,0.458984375,312.5,512.0,10000.0,11.003544161389609,7.224678056877974,0.014110699329839793,9.488040522456972,0.018531329145423773,3.9483665723945167,0.0077116534617080405,2.8765119123434952,10.0,512.0,0.9973727174757417,512.0,8.0,10.0,17.0,62.0,0.015625,0.01953125,0.033203125,0.12109375,19.53125,60,86.35
layer4.3.conv2,conv,68,512,1,False,512.0,0,4.0,4.0,160000,0.2843131881056591,14.409993574900561,0.028144518700977658,22.675646011396992,0.04428837111600975,6.738373727780339,0.013160886187070975,2.7111729870567376,10,512,0.9927759941944495,512,21,31,65,219,0.041015625,0.060546875,0.126953125,0.427734375,312.5,512.0,10000.0,0.14741181955697352,8.049900827975105,0.015722462554638876,9.441669048246322,0.018440759859856097,4.607366727901365,0.008998763140432353,2.8471733606430565,10.0,512.0,0.994299524540894,512.0,8.0,9.0,11.0,35.0,0.015625,0.017578125,0.021484375,0.068359375,19.53125,60,86.35
layer4.3,block,69,512,1,False,,0,4.0,4.0,160000,51.454034230008176,22.353478703786905,0.0436591380933338,47.27183025244678,0.09232779346181012,8.666113838969459,0.016926003591737224,1.8089353380789175,10,512,0.9974378216297501,512,52,103,309,477,0.1015625,0.201171875,0.603515625,0.931640625,312.5,512.0,10000.0,18.88788767530378,8.703069210715292,0.016998182052178304,12.492147575265236,0.024398725732939913,4.641624565005852,0.009065672978527055,1.8623795533380734,10.0,512.0,0.9955127791275111,512.0,9.0,13.0,68.0,334.0,0.017578125,0.025390625,0.1328125,0.65234375,19.53125,60,86.35
layer4.4.conv1,conv,70,512,1,False,512.0,0,4.0,4.0,160000,49.96423100644708,15.968979085569556,0.03118941227650304,25.7393683471964,0.05027220380311797,7.027034591796513,0.013724676937102564,2.8662599688449983,10,512,0.9875566332854946,512,24,34,62,190,0.046875,0.06640625,0.12109375,0.37109375,312.5,512.0,10000.0,22.67437151063097,7.42840686488604,0.014508607157980547,9.207510560661582,0.017983419063792153,4.14864571266122,0.008102823657541445,2.884180085379453,10.0,512.0,0.9957142290466287,512.0,8.0,9.0,12.0,43.0,0.015625,0.017578125,0.0234375,0.083984375,19.53125,60,86.35
layer4.4.conv2,conv,71,512,1,False,512.0,0,4.0,4.0,160000,0.2887336817083881,11.260891241503574,0.021993928206061667,16.868735089767984,0.032946748222203094,5.6575333072284835,0.011049869740680632,2.681439641998101,10,512,0.9947433354080413,512,14,22,52,172,0.02734375,0.04296875,0.1015625,0.3359375,312.5,512.0,10000.0,0.18980992388335668,7.711633622628147,0.0150617844191956,9.098835647776335,0.017771163374563154,4.472673253838104,0.008735689948902546,2.953671867125443,10.0,512.0,0.9919775965036047,512.0,8.0,9.0,11.0,29.0,0.015625,0.017578125,0.021484375,0.056640625,19.53125,60,86.35
layer4.4,block,72,512,1,False,,0,4.0,4.0,160000,71.15652474838627,19.066254164293294,0.03723877766463534,39.67225277147517,0.07748486869428745,7.615582378253016,0.014874184332525422,1.8568385788920634,10,512,0.9978999414938313,512,43,84,276,468,0.083984375,0.1640625,0.5390625,0.9140625,312.5,512.0,10000.0,30.381827843330598,8.322629611282645,0.016255135959536416,11.726754557297719,0.022903817494722107,4.372428759313773,0.008539899920534713,1.9390222317292998,10.0,512.0,0.995341343399277,512.0,9.0,11.0,51.0,289.0,0.017578125,0.021484375,0.099609375,0.564453125,19.53125,60,86.35
layer4.5.conv1,conv,73,512,1,False,512.0,0,4.0,4.0,160000,79.72652136378724,11.398409882403103,0.02226251930156856,17.825111054561738,0.034814670028440894,5.520516201945059,0.010782258206923943,2.7743416852708376,10,512,0.9880257631057622,512,16,24,48,146,0.03125,0.046875,0.09375,0.28515625,312.5,512.0,10000.0,50.10887705541085,7.521733664688286,0.014690886063844309,8.985143532037146,0.01754910846101005,4.232680299388511,0.008266953709743185,2.8974770814105018,10.0,512.0,0.9933467877990089,512.0,8.0,9.0,10.0,30.0,0.015625,0.017578125,0.01953125,0.05859375,19.53125,60,86.35
layer4.5.conv2,conv,74,512,1,False,512.0,0,4.0,4.0,160000,0.3760779905173459,8.301228727631752,0.016213337358655766,11.96919951413383,0.023377342801042637,4.177406807776497,0.00815899767143847,2.6276078752897294,10,512,0.9969704416250499,512,9,13,36,123,0.017578125,0.025390625,0.0703125,0.240234375,312.5,512.0,10000.0,0.301522685180537,6.97878891526198,0.013630447100121054,8.683191856634618,0.01695935909498949,3.7551465603286545,0.007334270625641903,3.1485009016836645,10.0,512.0,0.9884301506235562,512.0,8.0,9.0,12.0,26.0,0.015625,0.017578125,0.0234375,0.05078125,19.53125,60,86.35
layer4.5,block,75,512,1,False,,0,4.0,4.0,160000,94.22625113188084,16.3319691562739,0.03189837725834746,33.603924964387296,0.06563266594606894,6.571637820406739,0.012835230117981912,1.8911537684205084,10,512,0.9981406704949101,512,38,70,246,459,0.07421875,0.13671875,0.48046875,0.896484375,312.5,512.0,10000.0,46.75117473969329,7.961050685601408,0.01554892712031525,11.299444720522388,0.02206922796977029,4.095578807769416,0.007999177358924641,2.0230990844570464,10.0,512.0,0.9946785994392332,512.0,9.0,11.0,41.0,249.0,0.017578125,0.021484375,0.080078125,0.486328125,19.53125,60,86.35
fc,linear,76,10,1,False,,0,,,10000,100.07086433401805,5.69293182154679,0.5692931821546791,7.124684646734748,0.7124684646734748,3.0794295118867563,0.30794295118867565,,10,10,,10,7,8,9,9,0.7,0.8,0.9,0.9,1000.0,,,,,,,,,,,,,,,,,,,,,,,,60,86.35
conv1,conv,0,64,1,False,27.0,0,32.0,32.0,160000,15.476854563630164,3.175606808544561,0.04961885638350876,4.757455307410941,0.07433523917829596,1.944149670829938,0.03037733860671778,16.30413567268424,10,64,0.9495541237611324,45,5,6,10,15,0.078125,0.09375,0.15625,0.234375,2500.0,64.0,10000.0,3.9446890844217832,2.067259747823214,0.03230093355973772,2.409336377800955,0.037645880903139924,1.5819968562825149,0.024718700879414295,10.080268759565946,10.0,64.0,0.980649025683958,44.0,2.0,3.0,3.0,5.0,0.03125,0.046875,0.046875,0.078125,156.25,70,90.38
layer1.0.conv1,conv,1,64,1,False,64.0,0,32.0,32.0,160000,4.2776793044116825,7.997754792201321,0.12496491862814564,12.660735178915195,0.19782398717054991,3.987802812879431,0.06230941895124111,4.324144883121034,10,64,0.9547511495856296,64,12,17,29,45,0.1875,0.265625,0.453125,0.703125,2500.0,64.0,10000.0,1.024559919610346,3.4214989318390905,0.05346092080998579,4.061406171099481,0.06345947142342939,2.6700451007536627,0.04171945469927598,6.002052566530185,10.0,64.0,0.9651987485723543,64.0,3.0,4.0,6.0,15.0,0.046875,0.0625,0.09375,0.234375,156.25,70,90.38
layer1.0.conv2,conv,2,64,1,False,64.0,0,32.0,32.0,160000,1.6128581931181156,12.10626825086397,0.18916044141974953,18.161293422534396,0.28377020972709993,6.313531304023655,0.09864892662536962,3.335220742767681,10,64,0.9677975433228391,64,17,23,38,56,0.265625,0.359375,0.59375,0.875,2500.0,64.0,10000.0,0.2818656866466145,4.0355695400043645,0.0630557740625682,5.08175035758493,0.07940234933726453,2.6892559102610134,0.042019623597828334,4.567820581643195,10.0,64.0,0.9679937464076562,64.0,4.0,5.0,10.0,24.0,0.0625,0.078125,0.15625,0.375,156.25,70,90.38
layer1.0,block,3,64,1,False,,0,32.0,32.0,160000,2.1209777612460696,12.156171936753092,0.18994018651176706,18.446898057612433,0.28823278215019427,6.538201603774712,0.10215940005897987,2.3360455884011055,10,64,0.9841672279610023,64,18,26,47,61,0.28125,0.40625,0.734375,0.953125,2500.0,64.0,10000.0,0.30641029601888464,3.7945693588566978,0.0592901462321359,5.52795319785425,0.08637426871647266,2.456425159622863,0.03838164311910723,3.027692927449414,10.0,64.0,0.983957322846603,64.0,5.0,7.0,19.0,43.0,0.078125,0.109375,0.296875,0.671875,156.25,70,90.38
layer1.1.conv1,conv,4,64,1,False,64.0,0,32.0,32.0,160000,5.52321926724173,12.59965365275802,0.19686958832434406,18.639601331443764,0.2912437708038088,6.210257276074605,0.09703526993866571,3.4063480136168303,10,64,0.9576560908104346,64,17,23,38,56,0.265625,0.359375,0.59375,0.875,2500.0,64.0,10000.0,0.5859160309354908,3.339455375445213,0.052178990241331456,4.625074440007862,0.07226678812512284,2.243446690998281,0.03505385454684814,4.612588443917719,10.0,64.0,0.9666346967876919,64.0,4.0,5.0,12.0,26.0,0.0625,0.078125,0.1875,0.40625,156.25,70,90.38
layer1.1.conv2,conv,5,64,1,False,64.0,0,32.0,32.0,160000,1.344764197309016,13.705694576020456,0.21415147775031962,21.064845216722265,0.3291382065112854,6.382850830393964,0.09973204422490568,2.761675236862528,10,64,0.9721309846723067,64,20,27,45,60,0.3125,0.421875,0.703125,0.9375,2500.0,64.0,10000.0,0.07001394599287623,4.676886245819825,0.07307634759093476,6.8896313273076375,0.10765048948918184,2.695604438201127,0.04211881934689261,4.358600614417276,10.0,64.0,0.9635863557184318,64.0,6.0,9.0,18.0,35.0,0.09375,0.140625,0.28125,0.546875,156.25,70,90.38
layer1.1,block,6,64,1,False,,0,32.0,32.0,160000,3.709276110944267,14.282518497692392,0.22316435152644362,23.15597179293325,0.36181205926458204,6.195098019773232,0.09679840655895675,2.052313212461753,10,64,0.9927875857414565,64,24,34,53,63,0.375,0.53125,0.828125,0.984375,2500.0,64.0,10000.0,0.25479135053681146,4.976071150222911,0.07775111172223298,7.798685341864332,0.12185445846663019,2.9111432204428294,0.04548661281941921,2.8075997229087117,10.0,64.0,0.9857681891336609,64.0,7.0,12.0,27.0,52.0,0.109375,0.1875,0.421875,0.8125,156.25,70,90.38
layer1.2.conv1,conv,7,64,1,False,64.0,0,32.0,32.0,160000,9.209225336413601,12.405943986549627,0.19384287478983792,19.36690455889562,0.30260788373274405,5.301853661352137,0.08284146345862714,3.0706019773734403,10,64,0.9674362318572898,64,18,25,41,58,0.28125,0.390625,0.640625,0.90625,2500.0,64.0,10000.0,0.3951717541716266,4.3391797263867495,0.06779968322479296,6.2512572088924205,0.09767589388894407,2.724380266718254,0.04256844166747272,4.35466724887182,10.0,64.0,0.9621707347424064,64.0,6.0,8.0,17.0,33.0,0.09375,0.125,0.265625,0.515625,156.25,70,90.38
layer1.2.conv2,conv,8,64,1,False,64.0,0,32.0,32.0,160000,0.7707454799808131,12.992723531898823,0.20301130518591912,21.217929398635064,0.3315301468536729,6.275620834551337,0.09805657553986465,2.3491167889551496,10,64,0.9682593496670988,64,22,31,49,62,0.34375,0.484375,0.765625,0.96875,2500.0,64.0,10000.0,0.02524772476117846,5.698282744642552,0.08903566788503987,7.999172360349396,0.12498706813045932,3.373813903793851,0.05271584224677892,4.16802050060385,10.0,64.0,0.9754415761622193,64.0,7.0,10.0,19.0,37.0,0.109375,0.15625,0.296875,0.578125,156.25,70,90.38
layer1.2,block,9,64,1,False,,0,32.0,32.0,160000,5.86717206337641,13.736972758126026,0.21464019934571915,23.991389950276993,0.374865467973078,5.405427669189332,0.08445980733108331,1.8692864353226122,10,64,0.9794918324929247,64,26,37,55,63,0.40625,0.578125,0.859375,0.984375,2500.0,64.0,10000.0,0.25445652693548126,5.858322267377387,0.09153628542777167,9.243370338569974,0.14442766154015585,3.2428745338511082,0.050669914591423566,2.6763490179094256,10.0,64.0,0.9890017173230113,64.0,8.0,14.0,31.0,55.0,0.125,0.21875,0.484375,0.859375,156.25,70,90.38
layer1.3.conv1,conv,10,64,1,False,64.0,0,32.0,32.0,160000,15.410576966817342,11.71029631783934,0.1829733799662397,17.97663861828957,0.28088497841077453,5.651800981643796,0.08830939033818432,2.893733484481855,10,64,0.9632108281955714,64,17,25,41,59,0.265625,0.390625,0.640625,0.921875,2500.0,64.0,10000.0,0.3954651658350561,2.8213050785981735,0.04408289185309646,4.981840296280392,0.07784125462938113,1.7596491116195927,0.027494517369056136,4.012276054270745,10.0,64.0,0.970735670661949,64.0,6.0,8.0,16.0,34.0,0.09375,0.125,0.25,0.53125,156.25,70,90.38
layer1.3.conv2,conv,11,64,1,False,64.0,0,32.0,32.0,160000,0.5855943171413329,14.584514844851878,0.2278830444508106,22.961900924529328,0.35877970194577075,6.697564339477766,0.10464944280434009,2.158955648233002,10,64,0.9680552732392602,64,23,33,51,62,0.359375,0.515625,0.796875,0.96875,2500.0,64.0,10000.0,0.01436978581403894,3.8757930889545915,0.06055926701491549,6.089527220383224,0.09514886281848788,2.357625990238346,0.03683790609747416,3.972098234902179,10.0,64.0,0.9690316949266757,64.0,6.0,9.0,19.0,37.0,0.09375,0.140625,0.296875,0.578125,156.25,70,90.38
layer1.3,block,12,64,1,False,,0,32.0,32.0,160000,8.029435024438065,15.069670374542076,0.23546359960221994,26.392144932675638,0.41237726457305685,5.751526404943197,0.08986760007723746,1.684067347073065,10,64,0.9811120527518576,64,30,41,57,63,0.46875,0.640625,0.890625,0.984375,2500.0,64.0,10000.0,0.28393696501119714,6.597060970125868,0.10307907765821668,10.327006089197488,0.16135947014371074,3.4954582206126443,0.05461653469707257,2.63084820726612,10.0,64.0,0.9890084818765901,64.0,9.0,15.0,33.0,56.0,0.140625,0.234375,0.515625,0.875,156.25,70,90.38
layer1.4.conv1,conv,13,64,1,False,64.0,0,32.0,32.0,160000,23.098659862167096,10.794708484350808,0.16866732006798138,16.960662932550665,0.26501035832110414,5.10301123342373,0.07973455052224578,2.7421967796385585,10,64,0.9654396161799347,64,17,24,42,59,0.265625,0.375,0.65625,0.921875,2500.0,64.0,10000.0,0.45415167205989226,2.428089213564732,0.03793889396194894,4.376898695106044,0.06838904211103193,1.608752017643737,0.025136750275683392,3.884696970745648,10.0,64.0,0.9688313552923291,64.0,6.0,8.0,16.0,35.0,0.09375,0.125,0.25,0.546875,156.25,70,90.38
layer1.4.conv2,conv,14,64,1,False,64.0,0,32.0,32.0,160000,0.4241312449315171,16.948374422788646,0.2648183503560726,26.31798730834423,0.4112185516928786,7.053516689420165,0.11021119827219007,2.186423887060076,10,64,0.9659827994094631,64,26,35,53,63,0.40625,0.546875,0.828125,0.984375,2500.0,64.0,10000.0,0.014170437360212753,2.9427475945625963,0.04598043116504057,4.865516994399134,0.07602370303748647,1.8383543118613472,0.02872428612283355,3.9410970678698862,10.0,64.0,0.9712010291356901,64.0,5.0,7.0,16.0,34.0,0.078125,0.109375,0.25,0.53125,156.25,70,90.38
layer1.4,block,15,64,1,False,,0,32.0,32.0,160000,8.50092004413608,20.600508207574716,0.32188294074335494,32.32670010055983,0.5051046890712474,8.543031911914966,0.13348487362367134,1.5519013602895737,10,64,0.9738525765318179,64,34,45,59,64,0.53125,0.703125,0.921875,1.0,2500.0,64.0,10000.0,0.3559430700441562,6.366068599771727,0.09946982187143323,10.383338762143504,0.16223966815849225,3.1696385104365254,0.04952560172557071,2.5962382083283555,10.0,64.0,0.990691049172651,64.0,9.0,14.0,33.0,57.0,0.140625,0.21875,0.515625,0.890625,156.25,70,90.38
layer1.5.conv1,conv,16,64,1,False,64.0,0,32.0,32.0,160000,17.891547071280684,14.871148314343767,0.23236169241162136,23.11434701159434,0.36116167205616156,7.165802096132771,0.11196565775207455,2.534871715648465,10,64,0.9535512795906073,64,23,31,48,61,0.359375,0.484375,0.75,0.953125,2500.0,64.0,10000.0,0.5300477801401469,2.700170544910997,0.04219016476423433,4.933740167479915,0.07708969011687367,1.7082748958232123,0.026691795247237693,3.745737368345425,10.0,64.0,0.9699674050967506,64.0,6.0,9.0,17.0,37.0,0.09375,0.140625,0.265625,0.578125,156.25,70,90.38
layer1.5.conv2,conv,17,64,1,False,64.0,0,32.0,32.0,160000,0.4871708300713346,16.189190062171317,0.2529560947214268,24.674593359146087,0.3855405212366576,7.287139231251239,0.11386155048830061,2.42008070681518,10,64,0.9701335761058638,64,24,32,50,62,0.375,0.5,0.78125,0.96875,2500.0,64.0,10000.0,0.016080071608856567,4.110820426179577,0.0642315691590559,6.62857225882996,0.10357144154421813,2.3329265895327005,0.036451977961448445,4.055318926672729,10.0,64.0,0.9658381599929083,64.0,7.0,9.0,18.0,37.0,0.109375,0.140625,0.28125,0.578125,156.25,70,90.38
layer1.5,block,18,64,1,False,,0,32.0,32.0,160000,8.107794730104679,23.791447242264706,0.37174136316038603,36.304372045916566,0.5672558132174463,9.16732002239316,0.14323937534989312,1.4383290426696733,10,64,0.96623646863328,64,38,47,60,64,0.59375,0.734375,0.9375,1.0,2500.0,64.0,10000.0,0.4030565441769283,7.0823122429640435,0.11066112879631318,11.224638879585102,0.17538498249351722,3.520951043767646,0.05501486005886947,2.5830505945095754,10.0,64.0,0.9952637731350714,64.0,10.0,15.0,34.0,57.0,0.15625,0.234375,0.53125,0.890625,156.25,70,90.38
layer2.0.conv1,conv,19,128,1,False,128.0,0,16.0,16.0,160000,33.68394142763504,17.660612375321517,0.13797353418219935,28.89694321139649,0.22575736883903508,7.2398224110035745,0.056561112585965426,2.6571586401832445,10,128,0.9728009368703332,128,28,41,75,114,0.21875,0.3203125,0.5859375,0.890625,1250.0,128.0,10000.0,2.483190455265257,5.27980411595496,0.04124846965589812,8.138494948631712,0.06358199178618525,2.8025529632193114,0.02189494502515087,3.7221104907886486,10.0,128.0,0.9864202315089476,128.0,8.0,10.0,19.0,49.0,0.0625,0.078125,0.1484375,0.3828125,78.125,70,90.38
layer2.0.conv2,conv,20,128,1,False,128.0,0,16.0,16.0,160000,4.34267800800281,26.411055099631277,0.20633636796586935,43.87215364618758,0.34275120036084045,10.598790567309996,0.08280305130710934,2.0196519102878736,10,128,0.9643540132605475,128,45,63,100,124,0.3515625,0.4921875,0.78125,0.96875,1250.0,128.0,10000.0,0.3380040949786675,5.823620020804503,0.04549703141253518,9.207341883736614,0.0719323584666923,3.157432949680591,0.024667444919379618,3.3099993683550823,10.0,128.0,0.9835237106806641,128.0,8.0,12.0,28.0,67.0,0.0625,0.09375,0.21875,0.5234375,78.125,70,90.38
layer2.0.downsample.0,conv,21,128,1,False,64.0,0,16.0,16.0,160000,5.421235232314721,11.392184697723776,0.089001442950967,18.579284868999704,0.14515066303906018,5.419356633065581,0.04233872369582485,11.322453335353083,10,128,0.6487969969064131,94,19,26,44,59,0.1484375,0.203125,0.34375,0.4609375,1250.0,128.0,10000.0,0.4077497017647065,5.602746837221353,0.04377145966579182,8.308287167964947,0.06490849349972615,2.9970336728044282,0.023414325568784596,10.4146570479751,10.0,128.0,0.7064932543487643,95.0,8.0,10.0,19.0,43.0,0.0625,0.078125,0.1484375,0.3359375,78.125,70,90.38
layer2.0,block,22,128,1,False,,0,16.0,16.0,160000,10.177821922763421,23.99715750586998,0.1874777930146092,46.001334912939456,0.3593854290073395,9.285593360884189,0.07254369813190772,1.4780231450476946,10,128,0.9910477679209948,128,57,81,114,127,0.4453125,0.6328125,0.890625,0.9921875,1250.0,128.0,10000.0,0.7135609873085826,7.796308473070023,0.060908659945859554,13.066136958303364,0.10207919498674503,3.97028553940852,0.031017855776629064,2.2757964084276576,10.0,128.0,0.9957566197760551,128.0,12.0,20.0,56.0,110.0,0.09375,0.15625,0.4375,0.859375,78.125,70,90.38
layer2.1.conv1,conv,23,128,1,False,128.0,0,16.0,16.0,160000,19.48412592267451,25.702923935731086,0.2008040932478991,42.269336254842834,0.33022918949095964,9.139668499138791,0.0714036601495218,2.2336460536116163,10,128,0.9581985242682157,128,42,58,95,122,0.328125,0.453125,0.7421875,0.953125,1250.0,128.0,10000.0,1.21682275831522,6.534023432897002,0.05104705806950783,10.137519374025544,0.07919937010957456,3.660323756171662,0.02859627934509111,3.289755941168775,10.0,128.0,0.9805869232294939,128.0,9.0,12.0,30.0,71.0,0.0703125,0.09375,0.234375,0.5546875,78.125,70,90.38
layer2.1.conv2,conv,24,128,1,False,128.0,0,16.0,16.0,160000,0.551565414198356,28.283991728902475,0.22096868538205058,50.45024518228811,0.39414254048662584,9.102688822497363,0.07111475642576065,1.6818792929739967,10,128,0.9655668491373275,128,56,76,110,126,0.4375,0.59375,0.859375,0.984375,1250.0,128.0,10000.0,0.027886860019206323,6.609367331060055,0.05163568227390668,12.362737171117494,0.09658388414935543,3.512280824041833,0.02743969393782682,2.9885300630571052,10.0,128.0,0.96730160024629,128.0,14.0,22.0,50.0,94.0,0.109375,0.171875,0.390625,0.734375,78.125,70,90.38
layer2.1,block,25,128,1,False,,0,16.0,16.0,160000,11.476816308833683,29.138307733875315,0.2276430291709009,53.88015982000008,0.42093874859375063,10.78359084963147,0.08424680351274585,1.3549782697442332,10,128,0.9921321671162584,128,65,88,118,127,0.5078125,0.6875,0.921875,0.9921875,1250.0,128.0,10000.0,0.6852935977225894,8.887642159641455,0.06943470437219887,15.26772347678349,0.11927908966237101,4.485566102689645,0.03504348517726285,2.1346427575674283,10.0,128.0,0.9964030154178658,128.0,14.0,25.0,68.0,116.0,0.109375,0.1953125,0.53125,0.90625,78.125,70,90.38
layer2.2.conv1,conv,26,128,1,False,128.0,0,16.0,16.0,160000,20.50266264287025,25.9883929170782,0.20303431966467345,43.54412752173358,0.3401884962635436,9.086097105048042,0.07098513363318783,2.103254983946939,10,128,0.9601462851445302,128,44,62,99,123,0.34375,0.484375,0.7734375,0.9609375,1250.0,128.0,10000.0,1.1174652336406576,6.8624146147792455,0.053612614177962856,10.970855453358768,0.08570980822936537,3.528752271580947,0.027568377121726148,3.141868961128978,10.0,128.0,0.9765605133776573,128.0,10.0,15.0,36.0,80.0,0.078125,0.1171875,0.28125,0.625,78.125,70,90.38
layer2.2.conv2,conv,27,128,1,False,128.0,0,16.0,16.0,160000,0.4357205609994201,27.985555055709277,0.21863714887272873,51.32435319925672,0.4009715093691931,8.627453183245619,0.0674019779941064,1.6345316714081968,10,128,0.9651355088482717,128,57,78,111,126,0.4453125,0.609375,0.8671875,0.984375,1250.0,128.0,10000.0,0.020707326449389253,6.789433761564604,0.05304245126222347,13.372438088811602,0.10447217256884064,3.174888265873682,0.02480381457713814,2.9362363091933754,10.0,128.0,0.9554627773946065,128.0,15.0,24.0,54.0,96.0,0.1171875,0.1875,0.421875,0.75,78.125,70,90.38
layer2.2,block,28,128,1,False,,0,16.0,16.0,160000,12.604354003065811,34.74129077050591,0.27141633414457744,61.25668219472415,0.4785678296462824,12.320180944230147,0.09625141362679802,1.2559247905788251,10,128,0.9910697545237455,128,71,94,119,127,0.5546875,0.734375,0.9296875,0.9921875,1250.0,128.0,10000.0,0.6672156485671186,9.817552933935756,0.0766996322963731,17.358605690112494,0.13561410695400386,4.817068158244586,0.03763334498628583,2.028679949640184,10.0,128.0,0.9961773178035556,128.0,17.0,32.0,78.0,119.0,0.1328125,0.25,0.609375,0.9296875,78.125,70,90.38
layer2.3.conv1,conv,29,128,1,False,128.0,0,16.0,16.0,160000,19.89655669741643,25.842814016357647,0.2018969845027941,45.49653181812125,0.35544165482907225,8.163529375821842,0.06377757324860814,1.9928707036387912,10,128,0.9571255855703644,128,47,66,102,124,0.3671875,0.515625,0.796875,0.96875,1250.0,128.0,10000.0,1.0317927519361374,6.692602623190583,0.05228595799367643,11.259730102196126,0.08796664142340724,3.6169227339523635,0.02825720885900284,3.0630526269179637,10.0,128.0,0.9752261100638369,128.0,11.0,17.0,41.0,86.0,0.0859375,0.1328125,0.3203125,0.671875,78.125,70,90.38
layer2.3.conv2,conv,30,128,1,False,128.0,0,16.0,16.0,160000,0.33341738572955726,33.11739710939828,0.2587296649171741,54.99346333795796,0.4296364323277966,12.355749235192821,0.09652929089994391,1.6761619668466694,10,128,0.9634753011027574,128,58,78,111,126,0.453125,0.609375,0.8671875,0.984375,1250.0,128.0,10000.0,0.01550711584206815,9.207306903479523,0.07193208518343377,15.882173932851185,0.12407948385039988,4.846422547313288,0.03786267615088506,2.9658592955547376,10.0,128.0,0.9570969343181791,128.0,17.0,26.0,55.0,97.0,0.1328125,0.203125,0.4296875,0.7578125,78.125,70,90.38
layer2.3,block,31,128,1,False,,0,16.0,16.0,160000,13.862475955108376,38.78001164358164,0.30296884096548155,66.2503080138303,0.5175805313580493,13.083182355196232,0.10221236214997056,1.1939384529690868,10,128,0.9888531138854306,128,76,97,120,128,0.59375,0.7578125,0.9375,1.0,1250.0,128.0,10000.0,0.6776825604046799,10.67178950400599,0.08337335550004679,19.188793489704246,0.14991244913831442,5.200282829848492,0.04062720960819134,1.9716642178676116,10.0,128.0,0.996347309598403,128.0,20.0,36.0,84.0,121.0,0.15625,0.28125,0.65625,0.9453125,78.125,70,90.38
layer2.4.conv1,conv,32,128,1,False,128.0,0,16.0,16.0,160000,20.76697974304334,26.32127312074516,0.20563494625582157,45.823312640445074,0.35799463000347714,8.439600452231122,0.06593437853305564,1.9657595939748642,10,128,0.9612321383274784,128,47,66,103,124,0.3671875,0.515625,0.8046875,0.96875,1250.0,128.0,10000.0,1.0212273732929662,7.197364507961075,0.0562294102184459,12.36694951370045,0.09661679307578476,3.650993022433784,0.028523382987763937,3.048280358181065,10.0,128.0,0.9714488274900883,128.0,12.0,19.0,45.0,89.0,0.09375,0.1484375,0.3515625,0.6953125,78.125,70,90.38
layer2.4.conv2,conv,33,128,1,False,128.0,0,16.0,16.0,160000,0.36436317591739964,27.14921704843328,0.212103258190885,49.523888134486185,0.3869053760506733,8.620645127573312,0.0673487900591665,1.7212620970596735,10,128,0.960377372302596,128,54,74,109,126,0.421875,0.578125,0.8515625,0.984375,1250.0,128.0,10000.0,0.015878542590724253,7.6164798588156195,0.05950374889699703,14.77718227546773,0.11544673652709164,3.557579215152195,0.027793587618376525,3.03257942237888,10.0,128.0,0.9545312001142285,128.0,16.0,26.0,55.0,96.0,0.125,0.203125,0.4296875,0.75,78.125,70,90.38
layer2.4,block,34,128,1,False,,0,16.0,16.0,160000,14.825787101811503,42.633608092261056,0.3330750632207895,70.69730143160892,0.5523226674344447,13.459930500878238,0.10515570703811124,1.1536011570715106,10,128,0.9854859669412273,128,78,99,121,128,0.609375,0.7734375,0.9453125,1.0,1250.0,128.0,10000.0,0.7018265630269183,11.52774635298038,0.09006051838265922,20.908118775644894,0.16334467793472573,5.588977550211319,0.04366388711102593,1.9329379388697612,10.0,128.0,0.9969737109800941,128.0,22.0,40.0,88.0,122.0,0.171875,0.3125,0.6875,0.953125,78.125,70,90.38
layer2.5.conv1,conv,35,128,1,False,128.0,0,16.0,16.0,160000,22.05678163953145,21.68635399200917,0.16942464056257164,42.18060848135935,0.3295360037606199,6.694473834884151,0.05230057683503243,1.9325987148399864,10,128,0.9546136371167442,128,47,66,102,124,0.3671875,0.515625,0.796875,0.96875,1250.0,128.0,10000.0,1.2283887094211976,6.651906449143728,0.051968019133935374,12.070589743057573,0.09430148236763729,3.1202805542415666,0.02437719183001224,3.078821519303731,10.0,128.0,0.9706596281803662,128.0,12.0,19.0,44.0,88.0,0.09375,0.1484375,0.34375,0.6875,78.125,70,90.38
layer2.5.conv2,conv,36,128,1,False,128.0,0,16.0,16.0,160000,0.47719301264702274,9.889091484446018,0.07725852722223452,28.961356342647566,0.2262605964269341,3.481465626316275,0.027198950205595897,1.8415212061895632,10,128,0.9592028544968377,128,43,63,101,124,0.3359375,0.4921875,0.7890625,0.96875,1250.0,128.0,10000.0,0.037066811723290946,3.3036901667854686,0.025810079428011473,7.160735085983316,0.05594324285924466,1.9286228512269175,0.015067366025210293,3.2166467213720447,10.0,128.0,0.9523682465161605,128.0,10.0,17.0,41.0,82.0,0.078125,0.1328125,0.3203125,0.640625,78.125,70,90.38
layer2.5,block,37,128,1,False,,0,16.0,16.0,160000,14.80026379291917,49.62117398620317,0.38766542176721225,76.67519767018342,0.599024981798308,16.76913144602297,0.13100883942205446,1.1171263317780518,10,128,0.9812385885628921,128,82,101,121,128,0.640625,0.7890625,0.9453125,1.0,1250.0,128.0,10000.0,0.6992598609957178,12.795505531345697,0.09996488696363826,23.305114315985872,0.18207120559363962,5.799717628985192,0.045310293976446814,1.9149607656144882,10.0,128.0,0.9978740217073941,128.0,25.0,44.0,92.0,123.0,0.1953125,0.34375,0.71875,0.9609375,78.125,70,90.38
layer3.0.conv1,conv,38,256,1,False,256.0,0,8.0,8.0,160000,53.415083861760756,33.719415018453795,0.13171646491583514,61.17113114623205,0.23894973103996894,12.940673365192234,0.050549505332782164,2.048654425474444,10,256,0.9695020654377715,256,65,97,179,242,0.25390625,0.37890625,0.69921875,0.9453125,625.0,256.0,10000.0,3.8973875774723323,10.21157098752782,0.039888949170030545,17.733503635338362,0.06927149857554048,4.667746323839243,0.018233384077497042,2.7076045172631713,10.0,256.0,0.9850114701683292,256.0,17.0,27.0,73.0,172.0,0.06640625,0.10546875,0.28515625,0.671875,39.0625,70,90.38
layer3.0.conv2,conv,39,256,1,False,256.0,0,8.0,8.0,160000,5.096336968543856,48.01868209709937,0.18757297694179442,86.32143795251304,0.33719311700200405,15.225545219736858,0.0594747860145971,1.7067677741471379,10,256,0.9635730411704164,256,93,133,210,250,0.36328125,0.51953125,0.8203125,0.9765625,625.0,256.0,10000.0,0.4431285232787928,9.755036944947662,0.038105613066201804,17.766795202734134,0.06940154376068021,4.621185657220621,0.01805150647351805,2.528690766713659,10.0,256.0,0.9870410050543468,256.0,18.0,30.0,82.0,187.0,0.0703125,0.1171875,0.3203125,0.73046875,39.0625,70,90.38
layer3.0.downsample.0,conv,40,256,1,False,128.0,0,8.0,8.0,160000,8.823143641668642,25.013840790654715,0.09771031558849498,42.31831868191253,0.16530593235122082,10.392404317323043,0.04059532936454314,9.039979067860672,10,256,0.5870854058900052,189,44,61,97,121,0.171875,0.23828125,0.37890625,0.47265625,625.0,256.0,10000.0,0.6208787017133224,9.91412691792795,0.038727058273156055,17.0703532123237,0.06668106723563945,4.808220643845197,0.0187821118900203,8.654157958751304,10.0,256.0,0.6283388722083978,191.0,17.0,28.0,66.0,109.0,0.06640625,0.109375,0.2578125,0.42578125,39.0625,70,90.38
layer3.0,block,41,256,1,False,,0,8.0,8.0,160000,9.296785893642738,55.603357139815984,0.21720061382740619,109.4186026971153,0.42741641678560666,15.378569670751588,0.06007253777637339,1.1804881378928551,10,256,0.9898214396800981,256,139,185,237,254,0.54296875,0.72265625,0.92578125,0.9921875,625.0,256.0,10000.0,0.694663512078303,12.876439686223502,0.050298592524310556,28.13001857574839,0.10988288506151715,5.702349152861276,0.02227480137836436,1.636652439318596,10.0,256.0,0.9977620442259971,256.0,37.0,75.0,183.0,245.0,0.14453125,0.29296875,0.71484375,0.95703125,39.0625,70,90.38
layer3.1.conv1,conv,42,256,1,False,256.0,0,8.0,8.0,160000,16.29147367130354,41.069335836333494,0.1604270931106777,76.52754377341395,0.29893571786489825,11.288033318158593,0.044093880149057005,1.8539451733287315,10,256,0.9660736187534653,256,82,119,199,247,0.3203125,0.46484375,0.77734375,0.96484375,625.0,256.0,10000.0,1.3860581274164043,9.71475436718703,0.03794825924682434,17.59968368953554,0.0687487644122482,4.996294979941267,0.019516777265395573,2.5520107817532875,10.0,256.0,0.9832558542896908,256.0,18.0,30.0,83.0,185.0,0.0703125,0.1171875,0.32421875,0.72265625,39.0625,70,90.38
layer3.1.conv2,conv,43,256,1,False,256.0,0,8.0,8.0,160000,0.7237378428025444,38.195658453851536,0.14920179083535756,88.06502491476672,0.3440040035733075,8.486230263843423,0.03314933696813837,1.5242860691536595,10,256,0.9703335568912341,256,106,150,221,252,0.4140625,0.5859375,0.86328125,0.984375,625.0,256.0,10000.0,0.05712550349780112,10.31961935820346,0.04031101311798226,22.983485452980666,0.08977924005070573,4.123143104993143,0.016106027753879464,2.371344811890586,10.0,256.0,0.961572139119534,256.0,29.0,51.0,120.0,209.0,0.11328125,0.19921875,0.46875,0.81640625,39.0625,70,90.38
layer3.1,block,44,256,1,False,,0,8.0,8.0,160000,9.58031253942368,71.85249015595654,0.28067378967170525,129.86646494319533,0.5072908786843567,19.504547247381446,0.07618963768508377,1.0816639398724872,10,256,0.9859095305513824,256,155,196,241,254,0.60546875,0.765625,0.94140625,0.9921875,625.0,256.0,10000.0,0.6391644581652745,15.117162998380486,0.059051417962423774,34.915782359843675,0.13638977484313936,6.278745839759347,0.02452635093655995,1.5293294135560909,10.0,256.0,0.9970136330954905,256.0,52.0,99.0,201.0,249.0,0.203125,0.38671875,0.78515625,0.97265625,39.0625,70,90.38
layer3.2.conv1,conv,45,256,1,False,256.0,0,8.0,8.0,160000,13.902823678810922,48.3089811439203,0.18870695759343867,87.25066843483405,0.3408229235735705,13.071113026004381,0.051059035257829614,1.7305331361016552,10,256,0.9665671488334673,256,92,132,210,250,0.359375,0.515625,0.8203125,0.9765625,625.0,256.0,10000.0,1.0610293900795873,12.343589812734686,0.04821714770599487,22.68271371640763,0.0886043504547173,6.24937946959567,0.024411638553108087,2.4538589243243645,10.0,256.0,0.9794650170705369,256.0,24.0,40.0,104.0,202.0,0.09375,0.15625,0.40625,0.7890625,39.0625,70,90.38
layer3.2.conv2,conv,46,256,1,False,256.0,0,8.0,8.0,160000,0.5708636009848125,40.88846799880419,0.15972057812032886,92.17366969858807,0.36005339726010965,8.915936771347377,0.03482787801307569,1.5132450251661391,10,256,0.9638384985636468,256,109,152,222,252,0.42578125,0.59375,0.8671875,0.984375,625.0,256.0,10000.0,0.047340795261995375,11.547346782192648,0.04510682336794003,25.35327758491886,0.0990362405660893,4.665125135953769,0.01822314506231941,2.386853026759647,10.0,256.0,0.960291736838857,256.0,31.0,54.0,124.0,211.0,0.12109375,0.2109375,0.484375,0.82421875,39.0625,70,90.38
layer3.2,block,47,256,1,False,,0,8.0,8.0,160000,9.785489536610699,86.96347542066447,0.33970107586197057,145.2718344662056,0.5674681033836156,24.3746214490922,0.0952133650355164,1.0293351577779033,10,256,0.9757682547690419,256,163,201,242,254,0.63671875,0.78515625,0.9453125,0.9921875,625.0,256.0,10000.0,0.6109741449690181,17.270571801219848,0.06746317109851503,41.40769449819527,0.16174880663357527,6.7468868057931495,0.02635502658512949,1.4756304129074664,10.0,256.0,0.9948447363211966,256.0,65.0,116.0,209.0,250.0,0.25390625,0.453125,0.81640625,0.9765625,39.0625,70,90.38
layer3.3.conv1,conv,48,256,1,False,256.0,0,8.0,8.0,160000,12.10860600222486,51.28688695083802,0.200339402151711,93.7278391538586,0.36612437169476014,13.06038626302363,0.05101713383993606,1.6490208782195712,10,256,0.9633410369161132,256,100,141,215,251,0.390625,0.55078125,0.83984375,0.98046875,625.0,256.0,10000.0,0.8820948988164024,12.840769187487451,0.050159254638622856,25.44819591106007,0.09940701527757839,5.696847043076512,0.022253308762017626,2.403732013597025,10.0,256.0,0.9720813366606673,256.0,29.0,49.0,118.0,210.0,0.11328125,0.19140625,0.4609375,0.8203125,39.0625,70,90.38
layer3.3.conv2,conv,49,256,1,False,256.0,0,8.0,8.0,160000,0.44831693261446787,37.17843826166882,0.14522827445964384,88.77071540087886,0.34676060703468303,7.9779854206158936,0.031164005549280834,1.5650319144285079,10,256,0.9634452875226575,256,104,147,219,251,0.40625,0.57421875,0.85546875,0.98046875,625.0,256.0,10000.0,0.03564988368525283,11.010008336642743,0.043007845065010715,26.39938931882265,0.10312261452665097,4.074765387595664,0.015917052295295563,2.4324805205584727,10.0,256.0,0.9546740176966236,256.0,35.0,57.0,125.0,210.0,0.13671875,0.22265625,0.48828125,0.8203125,39.0625,70,90.38
layer3.3,block,50,256,1,False,,0,8.0,8.0,160000,9.939781780777743,99.6191550139894,0.3891373242733961,156.37637631336278,0.6108452199740734,27.55984070147039,0.1076556277401187,0.9991965120218594,10,256,0.9681048303490876,256,168,204,242,254,0.65625,0.796875,0.9453125,0.9921875,625.0,256.0,10000.0,0.6010645216322609,19.425885290025033,0.07588236441416028,47.16401043845282,0.18423441577520633,7.389134440462535,0.028863806408056778,1.4513534132351678,10.0,256.0,0.9927225760784931,256.0,75.0,126.0,214.0,250.0,0.29296875,0.4921875,0.8359375,0.9765625,39.0625,70,90.38
layer3.4.conv1,conv,51,256,1,False,256.0,0,8.0,8.0,160000,11.017443130879256,50.4254270744438,0.1969743245095461,94.77766309875616,0.37022524647951627,11.968124852476338,0.046750487704985695,1.6454832060005082,10,256,0.9580612489270875,256,101,142,215,251,0.39453125,0.5546875,0.83984375,0.98046875,625.0,256.0,10000.0,0.7953541514199003,13.486165099422283,0.052680332419618295,28.3914621488394,0.1109041490189039,5.193530658082379,0.020287229133134292,2.434739093855842,10.0,256.0,0.9680889398131293,256.0,33.0,54.0,123.0,212.0,0.12890625,0.2109375,0.48046875,0.828125,39.0625,70,90.38
layer3.4.conv2,conv,52,256,1,False,256.0,0,8.0,8.0,160000,0.4489326484697513,31.65277659468071,0.12364365857297152,74.57106424170054,0.29129321969414274,7.39580721051814,0.028889871916086485,1.7528500333851262,10,256,0.9651307807818155,256,87,127,206,249,0.33984375,0.49609375,0.8046875,0.97265625,625.0,256.0,10000.0,0.04074097201838341,10.636803254521036,0.041550012712972796,24.028334275782637,0.09386068076477593,4.019541146388821,0.015701332603081333,2.6131118938654265,10.0,256.0,0.9616639870969246,256.0,29.0,47.0,108.0,197.0,0.11328125,0.18359375,0.421875,0.76953125,39.0625,70,90.38
layer3.4,block,53,256,1,False,,0,8.0,8.0,160000,10.513983381838376,106.59448207850588,0.4163846956191636,161.69294662867816,0.631613072768274,28.56514302733021,0.11158258995050863,0.9904769338642458,10,256,0.9696305336184012,256,170,205,243,254,0.6640625,0.80078125,0.94921875,0.9921875,625.0,256.0,10000.0,0.6543349976085283,21.6266916043924,0.0844792640796578,50.84975612286426,0.1986318598549385,8.155667173166352,0.03185807489518106,1.4605328630017675,10.0,256.0,0.994154553084962,256.0,77.0,129.0,215.0,251.0,0.30078125,0.50390625,0.83984375,0.98046875,39.0625,70,90.38
layer3.5.conv1,conv,54,256,1,False,256.0,0,8.0,8.0,160000,11.254883827733872,41.3332855743984,0.16145814677499376,85.46182941098076,0.3338352711366436,9.36242405690527,0.03657196897228621,1.7300351822567208,10,256,0.9608841337140489,256,93,133,210,250,0.36328125,0.51953125,0.8203125,0.9765625,625.0,256.0,10000.0,0.9187524886730927,13.978845243851065,0.054604864233793224,27.683335808204863,0.10813803050080024,5.562539896238144,0.02172867146968025,2.5446986533510563,10.0,256.0,0.9673564911842049,256.0,31.0,50.0,114.0,204.0,0.12109375,0.1953125,0.4453125,0.796875,39.0625,70,90.38
layer3.5.conv2,conv,55,256,1,False,256.0,0,8.0,8.0,160000,0.5886304243074565,11.755392456868206,0.04591950178464143,40.19875176877815,0.15702637409678966,3.716365189719405,0.014517051522341427,2.0160994329162474,10,256,0.9747335979001066,256,57,89,175,241,0.22265625,0.34765625,0.68359375,0.94140625,625.0,256.0,10000.0,0.07943725748926636,4.469097766876699,0.017457413151862104,11.404688593362334,0.044549564817821616,2.227085593169201,0.008699553098317192,2.8494254490055577,10.0,256.0,0.9709745091754491,256.0,16.0,27.0,68.0,158.0,0.0625,0.10546875,0.265625,0.6171875,39.0625,70,90.38
layer3.5,block,56,256,1,False,,0,8.0,8.0,160000,11.440173974851614,108.73111806877553,0.4247309299561544,161.96462833812112,0.6326743294457856,31.159748179374706,0.12171776632568244,1.0075041682933727,10,256,0.9745062222753215,256,169,205,243,255,0.66015625,0.80078125,0.94921875,0.99609375,625.0,256.0,10000.0,0.7858187615528535,22.510855763628072,0.08793303032667216,49.809758232451856,0.19456936809551506,8.801425393418427,0.03438056794304073,1.4881263190290739,10.0,256.0,0.9956357172016673,256.0,72.0,124.0,213.0,250.0,0.28125,0.484375,0.83203125,0.9765625,39.0625,70,90.38
layer4.0.conv1,conv,57,512,1,False,512.0,0,4.0,4.0,160000,19.038326543530324,50.99744963782951,0.09960439382388576,94.82334847620228,0.18520185249258259,18.38515918503764,0.03590851403327664,1.9066118750239018,10,512,0.9840690655699269,512,101,168,349,483,0.197265625,0.328125,0.681640625,0.943359375,312.5,512.0,10000.0,2.5423018386664467,14.662348849149463,0.028637400095995046,28.260951624164242,0.055197171140945786,7.1490611587541615,0.013963010075691722,2.1144729831347266,10.0,512.0,0.982932580603778,512.0,30.0,59.0,199.0,409.0,0.05859375,0.115234375,0.388671875,0.798828125,19.53125,70,90.38
layer4.0.conv2,conv,58,512,1,False,512.0,0,4.0,4.0,160000,1.4620731872979436,36.230422153723474,0.07076254326899116,64.38219965365597,0.12574648369854682,13.350097361832743,0.026074408909829577,2.381411473324042,10,512,0.9844762390017475,512,62,97,224,431,0.12109375,0.189453125,0.4375,0.841796875,312.5,512.0,10000.0,0.31806074236454507,9.577888470288105,0.018706813418531455,14.859785344585303,0.02902301825114317,5.030960560711348,0.009826094845139351,2.5942648972474704,10.0,512.0,0.9914486749910737,512.0,12.0,20.0,63.0,225.0,0.0234375,0.0390625,0.123046875,0.439453125,19.53125,70,90.38
layer4.0.downsample.0,conv,59,512,1,False,256.0,0,4.0,4.0,160000,2.3871784930512416,35.66040911329696,0.06964923654940812,58.71823729385072,0.11468405721455219,15.049663527790443,0.02939387407771571,7.37160211342098,10,512,0.5818514842104376,373,56,86,163,232,0.109375,0.16796875,0.318359375,0.453125,312.5,512.0,10000.0,0.34771762888050617,13.370064555261985,0.026113407334496064,24.455659886652576,0.04776496071611831,6.664689925357046,0.01301697251046298,7.011249723483183,10.0,512.0,0.6173456850009222,382.0,26.0,45.0,117.0,210.0,0.05078125,0.087890625,0.228515625,0.41015625,19.53125,70,90.38
layer4.0,block,60,512,1,False,,0,4.0,4.0,160000,11.48291418097032,39.85776716563389,0.07784720149537869,85.99968813490854,0.16796814088849324,12.144227741866798,0.02371919480833359,1.5837498085868704,10,512,0.9956328556716646,512,111,206,403,496,0.216796875,0.40234375,0.787109375,0.96875,312.5,512.0,10000.0,2.284575680577732,11.354715094230796,0.022177177918419524,21.282099223027732,0.04156660004497604,5.8538520032933485,0.011433304693932321,1.6572267057672225,10.0,512.0,0.9949224466514164,512.0,21.0,49.0,235.0,455.0,0.041015625,0.095703125,0.458984375,0.888671875,19.53125,70,90.38
layer4.1.conv1,conv,61,512,1,False,512.0,0,4.0,4.0,160000,12.035603585672163,30.992721600096015,0.06053265937518753,56.46029619605769,0.11027401600792518,9.005744641932665,0.017589345003774737,2.874979890218534,10,512,0.9780901819569227,512,55,76,152,340,0.107421875,0.1484375,0.296875,0.6640625,312.5,512.0,10000.0,2.0083451302782125,9.510676156009131,0.018575539367205334,14.513726273647483,0.02834712162821774,5.454973177638431,0.01065424448757506,2.9525376654480335,10.0,512.0,0.9927666850484655,512.0,12.0,18.0,52.0,161.0,0.0234375,0.03515625,0.1015625,0.314453125,19.53125,70,90.38
layer4.1.conv2,conv,62,512,1,False,512.0,0,4.0,4.0,160000,0.3659645877249149,27.848341689291058,0.0543912923618966,43.468229660391955,0.08489888605545304,13.082104492137194,0.025550985336205458,2.7946456070211885,10,512,0.9925563731990366,512,39,54,111,316,0.076171875,0.10546875,0.216796875,0.6171875,312.5,512.0,10000.0,0.10761558279620159,9.436951560529556,0.01843154601665929,11.592986455647393,0.022642551671186315,5.965168308281485,0.011650719352112275,2.8541567072219856,10.0,512.0,0.9955524584807488,512.0,9.0,10.0,23.0,88.0,0.017578125,0.01953125,0.044921875,0.171875,19.53125,70,90.38
layer4.1,block,63,512,1,False,,0,4.0,4.0,160000,19.394454819997218,36.58684825983506,0.07145868800749035,75.46004349723958,0.14738289745554606,12.237724334606446,0.023901805341028214,1.6735196931370384,10,512,0.9959866290335739,512,88,172,379,492,0.171875,0.3359375,0.740234375,0.9609375,312.5,512.0,10000.0,5.00316764751178,10.548368985375467,0.020602283174561458,16.725781546298805,0.03266754208261485,6.117603313309723,0.011948443971308053,1.711416077062042,10.0,512.0,0.9951929037897501,512.0,12.0,27.0,158.0,424.0,0.0234375,0.052734375,0.30859375,0.828125,19.53125,70,90.38
layer4.2.conv1,conv,64,512,1,False,512.0,0,4.0,4.0,160000,18.144220133622053,26.68648743508928,0.05212204577165875,44.58124384199471,0.08707274187889592,8.93159339874322,0.01744451835692035,3.0176334166593364,10,512,0.9889404802215258,512,41,56,106,273,0.080078125,0.109375,0.20703125,0.533203125,312.5,512.0,10000.0,4.076441399247206,8.440250433912013,0.0164848641287344,11.350542672659945,0.022169028657538954,4.565797652176826,0.008917573539407864,2.9800060572382203,10.0,512.0,0.9963119901757544,512.0,9.0,11.0,30.0,99.0,0.017578125,0.021484375,0.05859375,0.193359375,19.53125,70,90.38
layer4.2.conv2,conv,65,512,1,False,512.0,0,4.0,4.0,160000,0.28199906356366244,20.43408819252327,0.03991032850102201,31.495346247762097,0.061514348140160345,10.134717987138602,0.019794371068630082,2.8592828628917286,10,512,0.9928227232250666,512,30,41,79,241,0.05859375,0.080078125,0.154296875,0.470703125,312.5,512.0,10000.0,0.12018125221360988,8.71315095387183,0.017017872956780918,9.98939063386095,0.019510528581759667,5.518588245399461,0.010778492666795822,2.8932609502151285,10.0,512.0,0.9963247736784901,512.0,9.0,9.0,13.0,48.0,0.017578125,0.017578125,0.025390625,0.09375,19.53125,70,90.38
layer4.2,block,66,512,1,False,,0,4.0,4.0,160000,32.08548784046743,30.493610196492188,0.059557832415023805,60.891646052888476,0.1189289961970478,11.813673275222792,0.023073580615669515,1.7616032736726712,10,512,0.9964090621121958,512,66,132,343,485,0.12890625,0.2578125,0.669921875,0.947265625,312.5,512.0,10000.0,10.851798499076375,9.772678700819261,0.01908726308753762,13.768546582479521,0.026891692543905315,5.87614983946667,0.01147685515520834,1.78702157898007,10.0,512.0,0.9954436508044003,512.0,9.0,15.0,92.0,372.0,0.017578125,0.029296875,0.1796875,0.7265625,19.53125,70,90.38
layer4.3.conv1,conv,67,512,1,False,512.0,0,4.0,4.0,160000,28.464440995468607,22.856741015535597,0.04464207229596796,35.46973206626556,0.06927682044192492,9.5917225277006,0.018733833061915235,3.061488844929151,10,512,0.9910857200296684,512,32,44,80,212,0.0625,0.0859375,0.15625,0.4140625,312.5,512.0,10000.0,9.66893400366313,8.524721807907316,0.016649847281068976,10.251078250969822,0.020021637208925434,4.978706545455615,0.009724036221592998,3.004754516825849,10.0,512.0,0.9967968679728035,512.0,9.0,10.0,17.0,61.0,0.017578125,0.01953125,0.033203125,0.119140625,19.53125,70,90.38
layer4.3.conv2,conv,68,512,1,False,512.0,0,4.0,4.0,160000,0.24406866603666277,14.988213842129301,0.029273855160408792,22.778279431167977,0.044488827013999956,8.177056783044723,0.015970814029384224,2.847340296243072,10,512,0.9935560539077833,512,21,32,64,190,0.041015625,0.0625,0.125,0.37109375,312.5,512.0,10000.0,0.1389156073084449,8.544031069855304,0.01668756068331114,9.614703354202698,0.018778717488677144,5.658999336249974,0.01105273307861323,2.9705976295519707,10.0,512.0,0.9950445441326665,512.0,8.0,9.0,11.0,33.0,0.015625,0.017578125,0.021484375,0.064453125,19.53125,70,90.38
layer4.3,block,69,512,1,False,,0,4.0,4.0,160000,49.36408528381981,24.918009991226505,0.04866798826411427,48.829546354100444,0.09537020772285243,10.480335485148125,0.02046940524442993,1.8293821483657031,10,512,0.996985334334887,512,51,100,304,476,0.099609375,0.1953125,0.59375,0.9296875,312.5,512.0,10000.0,20.5078628965129,9.322906631964498,0.01820880201555566,12.407730048666677,0.024233847751302103,5.59363267397815,0.010925063816363574,1.873315644450916,10.0,512.0,0.9956180920490448,512.0,9.0,11.0,59.0,315.0,0.017578125,0.021484375,0.115234375,0.615234375,19.53125,70,90.38
layer4.4.conv1,conv,70,512,1,False,512.0,0,4.0,4.0,160000,45.563910526033624,17.955820201782867,0.03506996133160716,26.97297246970528,0.052681586854893124,8.921078278025114,0.0174239810117678,3.0408473339075415,10,512,0.9890325738611175,512,25,34,62,162,0.048828125,0.06640625,0.12109375,0.31640625,312.5,512.0,10000.0,22.07507971407541,8.58426564612264,0.01676614384008328,9.816399371149616,0.019172655021776595,5.240693979032729,0.010235730427798299,3.0302559724374096,10.0,512.0,0.9958111961667406,512.0,9.0,9.0,11.0,41.0,0.017578125,0.017578125,0.021484375,0.080078125,19.53125,70,90.38
layer4.4.conv2,conv,71,512,1,False,512.0,0,4.0,4.0,160000,0.23445618992330777,11.463258912349803,0.022389177563183208,16.454120500496757,0.03213695410253273,6.721266946498368,0.013127474504879624,2.800926485598982,10,512,0.9949733097466874,512,13,22,51,150,0.025390625,0.04296875,0.099609375,0.29296875,312.5,512.0,10000.0,0.16594434208448114,8.395165709841658,0.016396808027034488,9.474125263099802,0.0185041509044918,5.645676678564781,0.011026712262821838,3.1049752579113408,10.0,512.0,0.9919150794723354,512.0,8.0,9.0,11.0,29.0,0.015625,0.017578125,0.021484375,0.056640625,19.53125,70,90.38
layer4.4,block,72,512,1,False,,0,4.0,4.0,160000,70.85707789522037,20.647520196470754,0.04032718788373194,39.83719310822109,0.07780701778949432,9.06784797043697,0.017710640567259708,1.8803491592323733,10,512,0.9974843920930719,512,42,79,266,465,0.08203125,0.154296875,0.51953125,0.908203125,312.5,512.0,10000.0,34.52357046943848,9.033509130238041,0.017643572519996174,11.760442377614133,0.022969614018777604,5.373244315051829,0.010494617802835603,1.9626470358326837,10.0,512.0,0.9955187643231801,512.0,9.0,10.0,43.0,263.0,0.017578125,0.01953125,0.083984375,0.513671875,19.53125,70,90.38
layer4.5.conv1,conv,73,512,1,False,512.0,0,4.0,4.0,160000,74.93642550334117,12.713987948164412,0.024832007711258618,18.126148649916612,0.03540263408186838,7.294029762150347,0.014246151879199897,2.934224193205285,10,512,0.9888085196044191,512,15,24,47,122,0.029296875,0.046875,0.091796875,0.23828125,312.5,512.0,10000.0,49.1936203537595,8.695275319422326,0.01698295960824673,9.617153732482956,0.018783503383755774,5.664555358156467,0.01106358468389935,3.0407170808679007,10.0,512.0,0.9935462950691276,512.0,9.0,9.0,10.0,28.0,0.017578125,0.017578125,0.01953125,0.0546875,19.53125,70,90.38
layer4.5.conv2,conv,74,512,1,False,512.0,0,4.0,4.0,160000,0.2765241251099195,9.12396177668349,0.017820237845084942,12.148548750421757,0.023727634278167493,5.330605008841642,0.010411337907893833,2.7258483241852667,10,512,0.9971005648849879,512,9,12,36,110,0.017578125,0.0234375,0.0703125,0.21484375,312.5,512.0,10000.0,0.2312095806225397,8.076765883134502,0.015774933365497075,9.44039370571908,0.018438268956482578,4.9475842185228895,0.009663250426802519,3.3022374410983133,10.0,512.0,0.9869646455412583,512.0,8.0,9.0,13.0,26.0,0.015625,0.017578125,0.025390625,0.05078125,19.53125,70,90.38
layer4.5,block,75,512,1,False,,0,4.0,4.0,160000,95.59575111328239,17.526701849960986,0.03423183955070505,33.320516033370154,0.06507913287767608,7.988361345678385,0.015602268253278095,1.915578303056787,10,512,0.9975484378157695,512,37,66,234,455,0.072265625,0.12890625,0.45703125,0.888671875,312.5,512.0,10000.0,53.49304188833473,8.876219112605297,0.01733636545430722,11.552500342692335,0.022563477231820967,5.240194966715621,0.010234755794366448,2.054750227019856,10.0,512.0,0.9948647777780628,512.0,9.0,10.0,36.0,224.0,0.017578125,0.01953125,0.0703125,0.4375,19.53125,70,90.38
fc,linear,76,10,1,False,,0,,,10000,107.03791115177155,6.951490655096676,0.6951490655096676,7.866459595471841,0.7866459595471841,4.0146665420494285,0.4014666542049429,,10,10,,10,8,8,9,9,0.8,0.8,0.9,0.9,1000.0,,,,,,,,,,,,,,,,,,,,,,,,70,90.38
conv1,conv,0,64,1,False,27.0,0,32.0,32.0,160000,12.43606344704414,3.432856221761803,0.05363837846502817,4.989157055381349,0.07795557899033358,2.0729026071443126,0.032389103236629885,16.70161841878712,10,64,0.9495989009308929,45,5,6,10,16,0.078125,0.09375,0.15625,0.25,2500.0,64.0,10000.0,3.1637752785577353,2.114886892971146,0.03304510770267416,2.440998349754605,0.0381405992149157,1.6233898879966304,0.02536546699994735,10.915538996192351,10.0,64.0,0.985435780586861,41.0,2.0,3.0,3.0,5.0,0.03125,0.046875,0.046875,0.078125,156.25,80,92.07
layer1.0.conv1,conv,1,64,1,False,64.0,0,32.0,32.0,160000,2.6736955722631963,8.500039812737008,0.13281312207401574,13.19922975727331,0.20623796495739546,4.589444665932671,0.07171007290519799,4.20223962391096,10,64,0.9529584720529308,64,13,18,29,46,0.203125,0.28125,0.453125,0.71875,2500.0,64.0,10000.0,0.6658559922563885,2.99931128458899,0.04686423882170297,3.7420824959850356,0.05847003899976618,2.1672319338136985,0.03386299896583904,5.945129225272066,10.0,64.0,0.9628874682955363,64.0,3.0,4.0,6.0,15.0,0.046875,0.0625,0.09375,0.234375,156.25,80,92.07
layer1.0.conv2,conv,2,64,1,False,64.0,0,32.0,32.0,160000,1.0678844994220085,12.218249696832359,0.1909101515130056,18.178275161146463,0.2840355493929135,6.374347363309431,0.09959917755170986,3.276419978456592,10,64,0.9706917742141011,64,17,23,38,56,0.265625,0.359375,0.59375,0.875,2500.0,64.0,10000.0,0.20862186973710786,3.655746885284245,0.05712104508256633,4.647769535305606,0.0726213989891501,2.702441762553658,0.042225652539900904,4.669200894866382,10.0,64.0,0.9728700494292117,64.0,4.0,5.0,10.0,24.0,0.0625,0.078125,0.15625,0.375,156.25,80,92.07
layer1.0,block,3,64,1,False,,0,32.0,32.0,160000,1.6642330875567768,12.384150422240747,0.19350235034751168,18.549392199857778,0.2898342531227778,6.905408012705413,0.10789700019852208,2.3838476251922955,10,64,0.9820007576327219,64,17,26,47,61,0.265625,0.40625,0.734375,0.953125,2500.0,64.0,10000.0,0.24848312775127435,3.6964629824799364,0.05775723410124901,5.533693236211115,0.08646395681579867,2.291970261540467,0.0358120353365698,3.067473536986777,10.0,64.0,0.9767745721963146,64.0,5.0,7.0,19.0,43.0,0.078125,0.109375,0.296875,0.671875,156.25,80,92.07
layer1.1.conv1,conv,4,64,1,False,64.0,0,32.0,32.0,160000,3.4565447168184447,14.081988120091074,0.22003106437642303,20.191329738475606,0.31548952716368134,6.7491816824537185,0.10545596378833935,3.3305953353067546,10,64,0.9629514811087369,64,18,24,39,57,0.28125,0.375,0.609375,0.890625,2500.0,64.0,10000.0,0.3145819949354176,3.571331270505305,0.05580205110164539,5.127829160817829,0.08012233063777857,2.234558132354624,0.034914970818041,4.66778462355225,10.0,64.0,0.9662231546481054,64.0,4.0,6.0,14.0,28.0,0.0625,0.09375,0.21875,0.4375,156.25,80,92.07
layer1.1.conv2,conv,5,64,1,False,64.0,0,32.0,32.0,160000,0.8890430460629368,13.791309686332312,0.21548921384894237,21.678669790056777,0.33872921546963713,6.014540975687846,0.0939772027451226,2.650274838817036,10,64,0.954807427736969,64,21,30,47,60,0.328125,0.46875,0.734375,0.9375,2500.0,64.0,10000.0,0.05129569105118874,4.406156938990214,0.06884620217172209,6.692416016681137,0.10456900026064277,2.584123127272934,0.04037692386363959,4.355855599735621,10.0,64.0,0.9690885051511691,64.0,6.0,9.0,18.0,35.0,0.09375,0.140625,0.28125,0.546875,156.25,80,92.07
layer1.1,block,6,64,1,False,,0,32.0,32.0,160000,2.941651287148261,13.961024268445193,0.21814100419445615,23.062246968925336,0.3603476088894584,5.524143471600073,0.08631474174375114,2.0926439833218216,10,64,0.9834376487765694,64,24,34,53,62,0.375,0.53125,0.828125,0.96875,2500.0,64.0,10000.0,0.22145898197617303,4.88544086899301,0.07633501357801578,7.699833594830563,0.12030989991922755,2.763123691761544,0.04317380768377412,2.8575539894962563,10.0,64.0,0.9845738330739443,64.0,7.0,11.0,26.0,51.0,0.109375,0.171875,0.40625,0.796875,156.25,80,92.07
layer1.2.conv1,conv,7,64,1,False,64.0,0,32.0,32.0,160000,6.111393877383952,12.981221990631044,0.20283159360361006,20.081320298559753,0.31377062966499614,5.571116410211648,0.087048693909557,2.9789905157062586,10,64,0.9730541287355051,64,19,26,43,59,0.296875,0.40625,0.671875,0.921875,2500.0,64.0,10000.0,0.24676635306414038,4.999508748300763,0.07811732419219942,7.007963802521965,0.1094994344144057,3.1361672147056714,0.049002612729776115,4.332309061400476,10.0,64.0,0.9691846389443335,64.0,6.0,9.0,18.0,34.0,0.09375,0.140625,0.28125,0.53125,156.25,80,92.07
layer1.2.conv2,conv,8,64,1,False,64.0,0,32.0,32.0,160000,0.5223473674284076,15.11516922847053,0.23617451919485202,23.856026572384014,0.3727504151935002,6.822989679015331,0.10660921373461454,2.275627434255984,10,64,0.9629510248342119,64,24,33,51,62,0.375,0.515625,0.796875,0.96875,2500.0,64.0,10000.0,0.020054052280847813,4.819678144099957,0.07530747100156183,7.2538157656902476,0.11334087133891012,2.877382556955109,0.04495910245242358,4.210971990590288,10.0,64.0,0.9744709358690674,64.0,7.0,10.0,20.0,37.0,0.109375,0.15625,0.3125,0.578125,156.25,80,92.07
layer1.2,block,9,64,1,False,,0,32.0,32.0,160000,4.541182581550997,14.01043199049313,0.21891299985145515,24.858078717099982,0.3884074799546872,5.183670171483896,0.08099484642943587,1.8955195586407634,10,64,0.9692281998998373,64,27,38,55,63,0.421875,0.59375,0.859375,0.984375,2500.0,64.0,10000.0,0.2136121195315912,6.020173339924913,0.09406520843632676,9.466723175520839,0.1479175496175131,3.2625285399154156,0.05097700843617837,2.7176281093869163,10.0,64.0,0.98888797395963,64.0,9.0,14.0,31.0,55.0,0.140625,0.21875,0.484375,0.859375,156.25,80,92.07
layer1.3.conv1,conv,10,64,1,False,64.0,0,32.0,32.0,160000,9.891059702097486,12.236324400364614,0.1911925687556971,18.61558784769224,0.29086856012019124,6.006821203861797,0.09385658131034058,2.780299086663493,10,64,0.9694449394716936,64,18,25,43,59,0.28125,0.390625,0.671875,0.921875,2500.0,64.0,10000.0,0.2537866710025,2.8372102653103966,0.044331410395474946,5.160105122846045,0.08062664254446945,1.757848991323242,0.027466390489425657,4.057017454699762,10.0,64.0,0.9587340506776795,64.0,6.0,8.0,18.0,36.0,0.09375,0.125,0.28125,0.5625,156.25,80,92.07
layer1.3.conv2,conv,11,64,1,False,64.0,0,32.0,32.0,160000,0.3331331751977989,16.118836165675805,0.25185681508868446,25.156066828654424,0.3930635441977254,7.417888906943853,0.1159045141709977,2.11427022706468,10,64,0.9645498351381742,64,26,35,53,63,0.40625,0.546875,0.828125,0.984375,2500.0,64.0,10000.0,0.009066729606507605,3.419757250483004,0.053433707038796935,5.531093090141225,0.08642332953345665,2.185545669724143,0.034149151089439736,3.943162823276828,10.0,64.0,0.9642179963262828,64.0,6.0,9.0,19.0,38.0,0.09375,0.140625,0.296875,0.59375,156.25,80,92.07
layer1.3,block,12,64,1,False,,0,32.0,32.0,160000,6.189561102090694,15.057873025659418,0.2352792660259284,27.08855505669746,0.4232586727608978,5.366657564671824,0.08385402444799725,1.7120226345425018,10,64,0.9775348990904027,64,30,41,57,63,0.46875,0.640625,0.890625,0.984375,2500.0,64.0,10000.0,0.2326641287285583,6.583063737596909,0.1028603708999517,10.294975606412326,0.1608589938501926,3.539697381848383,0.055307771591380984,2.6255009868525625,10.0,64.0,0.9897667936543542,64.0,9.0,15.0,33.0,56.0,0.140625,0.234375,0.515625,0.875,156.25,80,92.07
layer1.4.conv1,conv,13,64,1,False,64.0,0,32.0,32.0,160000,14.910179626861488,11.488688699810057,0.17951076093453214,17.99512514717468,0.28117383042460437,5.5156171510892245,0.08618151798576913,2.692115415246219,10,64,0.9648962228416411,64,18,25,43,60,0.28125,0.390625,0.671875,0.9375,2500.0,64.0,10000.0,0.2842257553986775,2.629609405974876,0.041087646968357434,4.766599511761819,0.07447811737127842,1.6849085552066814,0.026326696175104396,3.844298028136437,10.0,64.0,0.9672262150386177,64.0,6.0,8.0,17.0,37.0,0.09375,0.125,0.265625,0.578125,156.25,80,92.07
layer1.4.conv2,conv,14,64,1,False,64.0,0,32.0,32.0,160000,0.2838782327887934,17.5571125860408,0.2743298841568875,27.439279097526896,0.42873873589885775,6.943495505120093,0.10849211726750145,2.172317734737266,10,64,0.9652367814996994,64,27,36,53,63,0.421875,0.5625,0.828125,0.984375,2500.0,64.0,10000.0,0.009235556037747316,2.9147637188609092,0.04554318310720171,4.876094693707759,0.07618897958918373,1.8367793481710755,0.028699677315173054,3.821416404560318,10.0,64.0,0.9684329443689463,64.0,5.0,8.0,17.0,36.0,0.078125,0.125,0.265625,0.5625,156.25,80,92.07
layer1.4,block,15,64,1,False,,0,32.0,32.0,160000,6.508947942301638,21.6129778683664,0.337702779193225,33.66933761583296,0.52608340024739,8.083683721865572,0.12630755815414957,1.5658093811313771,10,64,0.9806668865721538,64,35,45,59,64,0.546875,0.703125,0.921875,1.0,2500.0,64.0,10000.0,0.2848777370758688,6.458284666133906,0.10091069790834228,10.473151700765666,0.16364299532446352,3.268368007893614,0.05106825012333772,2.609298579245716,10.0,64.0,0.9950879011450597,64.0,10.0,15.0,33.0,57.0,0.15625,0.234375,0.515625,0.890625,156.25,80,92.07
layer1.5.conv1,conv,16,64,1,False,64.0,0,32.0,32.0,160000,11.502117974117098,15.300828554601244,0.23907544616564444,23.90298249566519,0.37348410149476857,7.048483519783175,0.1101325549966121,2.40653611194593,10,64,0.9546326553260214,64,24,32,50,62,0.375,0.5,0.78125,0.96875,2500.0,64.0,10000.0,0.30990379745825386,2.7394210612394905,0.04280345408186704,5.232443657545609,0.08175693214915014,1.7119534981020736,0.0267492734078449,3.792784632249022,10.0,64.0,0.9711697224110348,64.0,7.0,9.0,19.0,39.0,0.109375,0.140625,0.296875,0.609375,156.25,80,92.07
layer1.5.conv2,conv,17,64,1,False,64.0,0,32.0,32.0,160000,0.34671666329408934,16.572148272136044,0.2589398167521257,25.105148862209738,0.39226795097202716,8.127165934399127,0.12698696772498635,2.3844551954800917,10,64,0.9698823141545142,64,24,33,51,62,0.375,0.515625,0.796875,0.96875,2500.0,64.0,10000.0,0.013126578791927017,3.223090813630491,0.05036079396297642,5.5793225575675045,0.08717691496199226,1.9285486114425014,0.030133572053789085,3.9605872640452233,10.0,64.0,0.9646667727176341,64.0,6.0,8.0,17.0,37.0,0.09375,0.125,0.265625,0.578125,156.25,80,92.07
layer1.5,block,18,64,1,False,,0,32.0,32.0,160000,6.191363224806263,26.108971451857823,0.4079526789352785,38.39629725918061,0.5999421446746971,9.703662478418986,0.15161972622529665,1.4446103380153752,10,64,0.9735845499945684,64,38,48,60,64,0.59375,0.75,0.9375,1.0,2500.0,64.0,10000.0,0.32990881941654593,6.671051597406119,0.1042351812094706,10.970707730185199,0.17141730828414373,3.2799695955365653,0.05124952493025883,2.5938098920667865,10.0,64.0,0.9953918939937908,64.0,10.0,15.0,34.0,57.0,0.15625,0.234375,0.53125,0.890625,156.25,80,92.07
layer2.0.conv1,conv,19,128,1,False,128.0,0,16.0,16.0,160000,20.749430568246396,19.691206492173727,0.15383755072010724,32.06044744689122,0.25047224567883764,7.643015147369177,0.0597110558388217,2.5827157687567848,10,128,0.9699394772741096,128,31,45,80,116,0.2421875,0.3515625,0.625,0.90625,1250.0,128.0,10000.0,1.5951517302032705,5.2706744327961035,0.04117714400621956,8.323063361186497,0.06502393250926951,2.7607104279753343,0.0215680502185573,3.7113168430987473,10.0,128.0,0.9866132635694618,128.0,8.0,10.0,21.0,52.0,0.0625,0.078125,0.1640625,0.40625,78.125,80,92.07
layer2.0.conv2,conv,20,128,1,False,128.0,0,16.0,16.0,160000,2.6896992397033275,29.060387510050873,0.22703427742227245,48.13205180687296,0.376031654741195,10.401335690896484,0.08126043508512878,1.9173127248524535,10,128,0.9591505690133245,128,49,68,104,125,0.3828125,0.53125,0.8125,0.9765625,1250.0,128.0,10000.0,0.2252628997073314,5.493409699494335,0.04291726327729949,9.201189746300743,0.07188429489297456,2.818289727062412,0.022017888492675095,3.2518848610544198,10.0,128.0,0.9862602786844902,128.0,9.0,12.0,29.0,70.0,0.0703125,0.09375,0.2265625,0.546875,78.125,80,92.07
layer2.0.downsample.0,conv,21,128,1,False,64.0,0,16.0,16.0,160000,3.4842477260710587,12.079391139660984,0.09437024327860144,19.739589098120845,0.1542155398290691,5.508060908236159,0.04303172584559499,11.235838670268857,10,128,0.6407788581966021,93,20,27,44,60,0.15625,0.2109375,0.34375,0.46875,1250.0,128.0,10000.0,0.28059632136575946,5.492522014095714,0.042910328235122766,8.294053447669786,0.0647972925599202,2.9153814675654255,0.022776417715354887,10.46127470956364,10.0,128.0,0.7118562725397355,96.0,8.0,10.0,20.0,43.0,0.0625,0.078125,0.15625,0.3359375,78.125,80,92.07
layer2.0,block,22,128,1,False,,0,16.0,16.0,160000,7.640441410992464,25.39345920597493,0.19838640004667915,48.44255401383741,0.37845745323310476,8.691076380082588,0.06789903421939522,1.4107583155177406,10,128,0.9940396708361307,128,60,84,116,127,0.46875,0.65625,0.90625,0.9921875,1250.0,128.0,10000.0,0.6069579652759778,7.182176085458544,0.05611075066764488,12.483887983204847,0.09753037486878786,3.476762282286616,0.02716220533036419,2.2522946173679133,10.0,128.0,0.9970325632944099,128.0,11.0,19.0,55.0,111.0,0.0859375,0.1484375,0.4296875,0.8671875,78.125,80,92.07
layer2.1.conv1,conv,23,128,1,False,128.0,0,16.0,16.0,160000,12.213441349898837,28.707013237963697,0.22427354092159138,46.07544921184723,0.3599644469675565,10.38226110766778,0.08111141490365453,2.1701459501417797,10,128,0.953382262961639,128,44,61,98,123,0.34375,0.4765625,0.765625,0.9609375,1250.0,128.0,10000.0,0.8778693755351561,6.810615706580778,0.05320793520766233,10.411438904431066,0.0813393664408677,3.5744113505332753,0.027925088676041213,3.2450088594650692,10.0,128.0,0.9829703923515891,128.0,9.0,13.0,30.0,72.0,0.0703125,0.1015625,0.234375,0.5625,78.125,80,92.07
layer2.1.conv2,conv,24,128,1,False,128.0,0,16.0,16.0,160000,0.3661837810757781,31.046368408686455,0.24254975319286293,54.36405602774878,0.42471918771678735,9.872655521597823,0.07713012126248299,1.6158669706503772,10,128,0.9625974483379773,128,59,80,112,126,0.4609375,0.625,0.875,0.984375,1250.0,128.0,10000.0,0.021696632508325916,7.131602422257179,0.055715643923884214,12.562695503263393,0.09814605861924526,3.6188245082109085,0.028272066470397723,2.9097886284002947,10.0,128.0,0.9604069865909346,128.0,13.0,21.0,50.0,94.0,0.1015625,0.1640625,0.390625,0.734375,78.125,80,92.07
layer2.1,block,25,128,1,False,,0,16.0,16.0,160000,8.465188225410873,31.327370231796813,0.2447450799359126,57.0022560695219,0.44533012554313983,10.434696870183279,0.08152106929830687,1.2919046847086355,10,128,0.9932595307365291,128,69,91,119,127,0.5390625,0.7109375,0.9296875,0.9921875,1250.0,128.0,10000.0,0.5681311577540865,8.203500283209573,0.06408984596257479,14.597769356572133,0.11404507309821979,3.8168182964121176,0.02981889294071967,2.1005619950856538,10.0,128.0,0.9972573444657825,128.0,14.0,24.0,68.0,116.0,0.109375,0.1875,0.53125,0.90625,78.125,80,92.07
layer2.2.conv1,conv,26,128,1,False,128.0,0,16.0,16.0,160000,12.49847211418787,28.481738116440027,0.22251357903468771,47.33399642370136,0.36979684706016686,9.818622074441558,0.07670798495657467,2.034409757815371,10,128,0.9553623005075914,128,48,65,101,124,0.375,0.5078125,0.7890625,0.96875,1250.0,128.0,10000.0,0.7618828829275073,6.691450386293147,0.052276956142915214,10.86082352979545,0.08485018382652695,3.411339798118361,0.026651092172799696,3.073409159658486,10.0,128.0,0.9822164399238267,128.0,10.0,15.0,36.0,81.0,0.078125,0.1171875,0.28125,0.6328125,78.125,80,92.07
layer2.2.conv2,conv,27,128,1,False,128.0,0,16.0,16.0,160000,0.31554040459611665,29.88899428523025,0.23350776785336133,53.857962974001325,0.42076533573438535,9.841747454773119,0.07688865199041499,1.5767441864645524,10,128,0.9635450765220614,128,60,81,113,126,0.46875,0.6328125,0.8828125,0.984375,1250.0,128.0,10000.0,0.01665982084762598,7.08959438706052,0.05538745614891031,12.988252379220905,0.10147072171266332,3.799024372714184,0.029679877911829564,2.85769867599166,10.0,128.0,0.9548841627076371,128.0,14.0,24.0,54.0,97.0,0.109375,0.1875,0.421875,0.7578125,78.125,80,92.07
layer2.2,block,28,128,1,False,,0,16.0,16.0,160000,9.377770394575776,36.955627353940706,0.28871583870266176,64.15153884297033,0.5011838972107057,12.008894538418462,0.09381948858139423,1.2055054233867852,10,128,0.9920888286421434,128,75,96,120,128,0.5859375,0.75,0.9375,1.0,1250.0,128.0,10000.0,0.5482391425223974,8.92986372663118,0.06976456036430609,16.4429406990013,0.12846047421094767,4.011469849732766,0.03133960820103723,1.9982579339017876,10.0,128.0,0.9970121753267377,128.0,16.0,30.0,78.0,119.0,0.125,0.234375,0.609375,0.9296875,78.125,80,92.07
layer2.3.conv1,conv,29,128,1,False,128.0,0,16.0,16.0,160000,12.320868089725577,30.451649238798264,0.23790350967811144,50.420487964816544,0.39391006222512925,9.938720729967851,0.07764625570287384,1.9335259647334264,10,128,0.9551292900646396,128,51,70,104,125,0.3984375,0.546875,0.8125,0.9765625,1250.0,128.0,10000.0,0.6651615985541233,7.312337811501344,0.05712763915235425,12.181460123444472,0.09516765721440994,3.8099395933640814,0.029765153073156886,3.0157435347843022,10.0,128.0,0.9753459681546013,128.0,12.0,17.0,42.0,88.0,0.09375,0.1328125,0.328125,0.6875,78.125,80,92.07
layer2.3.conv2,conv,30,128,1,False,128.0,0,16.0,16.0,160000,0.23432697617390102,35.03501938993951,0.2737110889839024,58.06125535049107,0.45360355742571146,12.465306895981238,0.09738521012485342,1.6022481330413507,10,128,0.9575584041657045,128,61,81,113,126,0.4765625,0.6328125,0.8828125,0.984375,1250.0,128.0,10000.0,0.011177101486661182,7.95941927382317,0.062182963076743515,15.049068134573046,0.11757084480135192,3.6278140385398836,0.02834229717609284,2.9255237329561004,10.0,128.0,0.9557539019714731,128.0,16.0,26.0,56.0,98.0,0.125,0.203125,0.4375,0.765625,78.125,80,92.07
layer2.3,block,31,128,1,False,,0,16.0,16.0,160000,10.413812512779979,40.86356065530666,0.31924656761958325,69.21416943341599,0.5407356986985624,12.472563997120778,0.09744190622750608,1.141171111361877,10,128,0.9902854797687458,128,79,99,121,128,0.6171875,0.7734375,0.9453125,1.0,1250.0,128.0,10000.0,0.5521319320251181,9.414034299485898,0.07354714296473358,18.02619466468392,0.14082964581784313,4.094207382902561,0.03198599517892626,1.931773915814654,10.0,128.0,0.9969681102567312,128.0,19.0,35.0,84.0,121.0,0.1484375,0.2734375,0.65625,0.9453125,78.125,80,92.07
layer2.4.conv1,conv,32,128,1,False,128.0,0,16.0,16.0,160000,13.272206358490813,28.475603793475667,0.22246565463652865,49.343938410720504,0.38549951883375394,8.863187995235299,0.06924365621277577,1.8937401028025516,10,128,0.9513510865345127,128,51,70,105,125,0.3984375,0.546875,0.8203125,0.9765625,1250.0,128.0,10000.0,0.6797615147354129,7.6341188726908475,0.059641553692897246,12.77237860859692,0.09978420787966344,4.056545679160998,0.0316917631184453,2.980682425314711,10.0,128.0,0.9730026807977423,128.0,12.0,20.0,46.0,91.0,0.09375,0.15625,0.359375,0.7109375,78.125,80,92.07
layer2.4.conv2,conv,33,128,1,False,128.0,0,16.0,16.0,160000,0.2198094802807015,29.681472375243995,0.2318865029315937,54.111022471436016,0.4227423630580939,9.043517792973667,0.07065248275760677,1.6085634630471712,10,128,0.956293932325713,128,59,80,112,126,0.4609375,0.625,0.875,0.984375,1250.0,128.0,10000.0,0.010541909320503537,7.719885025655308,0.06031160176293209,15.148411473511082,0.11834696463680533,3.6907377792489,0.02883388890038203,2.9618505886580335,10.0,128.0,0.9467063450823271,128.0,17.0,28.0,58.0,98.0,0.1328125,0.21875,0.453125,0.765625,78.125,80,92.07
layer2.4,block,34,128,1,False,,0,16.0,16.0,160000,11.117353985311974,45.710608620064846,0.3571141298442566,74.20888050314966,0.5797568789308567,13.777395569657994,0.10763590288795308,1.0931861516331647,10,128,0.9896620796492144,128,82,101,122,128,0.640625,0.7890625,0.953125,1.0,1250.0,128.0,10000.0,0.5630285372402035,10.139889378258276,0.07921788576764278,19.868669774761692,0.15522398261532572,4.275035239213323,0.033398712806354085,1.890152186324892,10.0,128.0,0.9978514974609333,128.0,22.0,40.0,89.0,123.0,0.171875,0.3125,0.6953125,0.9609375,78.125,80,92.07
layer2.5.conv1,conv,35,128,1,False,128.0,0,16.0,16.0,160000,13.70170241133283,26.839096458205702,0.20968044107973205,48.13390182967953,0.37604610804437133,8.193548651043166,0.06401209883627473,1.880392329540907,10,128,0.9557141201950905,128,51,70,105,125,0.3984375,0.546875,0.8203125,0.9765625,1250.0,128.0,10000.0,0.7993295650062305,7.604681075195503,0.05941157089996487,12.981300750622873,0.1014164121142412,3.9256252521699735,0.030668947282577918,3.026764937258764,10.0,128.0,0.9703929496523382,128.0,13.0,20.0,46.0,91.0,0.1015625,0.15625,0.359375,0.7109375,78.125,80,92.07
layer2.5.conv2,conv,36,128,1,False,128.0,0,16.0,16.0,160000,0.30763466046372656,16.614461295485516,0.1298004788709806,39.75914768925285,0.3106183413222879,5.047953761414299,0.03943713876104921,1.763984942943907,10,128,0.9571002678931716,128,50,70,106,125,0.390625,0.546875,0.828125,0.9765625,1250.0,128.0,10000.0,0.021861128006886294,5.448986964894106,0.0425702106632352,10.49000775496609,0.08195318558567258,2.872994177228096,0.0224452670095945,3.1390100641826684,10.0,128.0,0.9501619356448058,128.0,13.0,21.0,47.0,88.0,0.1015625,0.1640625,0.3671875,0.6875,78.125,80,92.07
layer2.5,block,37,128,1,False,,0,16.0,16.0,160000,11.364877835071423,52.46122065302769,0.4098532863517788,79.66763068175801,0.6224033647012345,16.546857027985677,0.1292723205311381,1.0679884733416536,10,128,0.987400494752472,128,84,103,122,128,0.65625,0.8046875,0.953125,1.0,1250.0,128.0,10000.0,0.5747184094713131,10.982824344868831,0.08580331519428774,22.03994406066802,0.1721870629739689,4.412014603189359,0.03446886408741687,1.8910089585642578,10.0,128.0,0.9983446740927764,128.0,25.0,44.0,93.0,123.0,0.1953125,0.34375,0.7265625,0.9609375,78.125,80,92.07
layer3.0.conv1,conv,38,256,1,False,256.0,0,8.0,8.0,160000,34.383978279880154,37.2775237449754,0.14561532712881015,66.4596097249261,0.25960785048799256,12.719919447904587,0.049687185343377294,2.007367381865035,10,256,0.9682528029423374,256,69,103,185,243,0.26953125,0.40234375,0.72265625,0.94921875,625.0,256.0,10000.0,2.7673868475401435,9.109849375599358,0.035585349123434994,16.99202740425157,0.06637510704785769,3.913719871188838,0.015287968246831398,2.686128404489425,10.0,256.0,0.9850527216688294,256.0,17.0,27.0,74.0,173.0,0.06640625,0.10546875,0.2890625,0.67578125,39.0625,80,92.07
layer3.0.conv2,conv,39,256,1,False,256.0,0,8.0,8.0,160000,3.287716540913516,55.77034427162715,0.21785290731104356,95.53940727805578,0.3732008096799054,18.663656238636612,0.07290490718217427,1.6477464486795788,10,256,0.962320755479392,256,101,142,215,251,0.39453125,0.5546875,0.83984375,0.98046875,625.0,256.0,10000.0,0.31212797020006067,9.61450797964239,0.037556671795478086,17.989232980208474,0.07027044132893935,4.111440925841736,0.01606031611656928,2.492183008210701,10.0,256.0,0.9866997351238526,256.0,18.0,30.0,85.0,190.0,0.0703125,0.1171875,0.33203125,0.7421875,39.0625,80,92.07
layer3.0.downsample.0,conv,40,256,1,False,128.0,0,8.0,8.0,160000,5.640564680283323,27.62394962366357,0.10790605321743582,45.84984345172204,0.1791009509832892,10.419422988966868,0.04070087105065183,9.008563054097731,10,256,0.5757599085920744,187,47,65,99,122,0.18359375,0.25390625,0.38671875,0.4765625,625.0,256.0,10000.0,0.4011943401942595,9.27791704169685,0.036241863444128324,17.417588160900365,0.06803745375351705,3.9770693476331136,0.01553542713919185,8.64200473189783,10.0,256.0,0.6224625779686213,191.0,18.0,30.0,68.0,111.0,0.0703125,0.1171875,0.265625,0.43359375,39.0625,80,92.07
layer3.0,block,41,256,1,False,,0,8.0,8.0,160000,7.319257964752121,59.32792693369339,0.2317497145847398,113.2541575029529,0.4423990527459098,17.371685992765364,0.0678581484092397,1.1612048310425933,10,256,0.9916169410209561,256,142,187,238,254,0.5546875,0.73046875,0.9296875,0.9921875,625.0,256.0,10000.0,0.5704455215401831,12.540088357447738,0.048984720146280226,28.16806351039208,0.11003149808746907,4.876770792081785,0.01904988590656947,1.6213207298313241,10.0,256.0,0.9982109500080183,256.0,37.0,75.0,184.0,246.0,0.14453125,0.29296875,0.71875,0.9609375,39.0625,80,92.07
layer3.1.conv1,conv,42,256,1,False,256.0,0,8.0,8.0,160000,10.902029820234212,44.34729440526961,0.1732316187705844,81.90788275615576,0.3199526670162334,11.622248584609531,0.04539940853363098,1.8108246772274934,10,256,0.9642310343219265,256,86,125,204,249,0.3359375,0.48828125,0.796875,0.97265625,625.0,256.0,10000.0,0.9569176398898105,10.64595911245139,0.04158577778301324,18.62886779931101,0.07276901484105863,5.280618859214813,0.020627417418807862,2.518878553070088,10.0,256.0,0.9841075198442502,256.0,18.0,31.0,85.0,189.0,0.0703125,0.12109375,0.33203125,0.73828125,39.0625,80,92.07
layer3.1.conv2,conv,43,256,1,False,256.0,0,8.0,8.0,160000,0.4340887713143329,40.13928024689225,0.15679406346442284,95.54497560249314,0.3732225609472388,8.403729165984462,0.032827067054626805,1.437765373124021,10,256,0.9696135611478606,256,116,160,226,253,0.453125,0.625,0.8828125,0.98828125,625.0,256.0,10000.0,0.033112043082972935,10.919189710910375,0.04265308480824365,25.025612361940144,0.09775629828882869,4.292902404387913,0.016769150017140286,2.3080254064778987,10.0,256.0,0.957775962971085,256.0,33.0,57.0,129.0,215.0,0.12890625,0.22265625,0.50390625,0.83984375,39.0625,80,92.07
layer3.1,block,44,256,1,False,,0,8.0,8.0,160000,7.52536866207997,75.74166761740935,0.29586588913050527,133.46976029786094,0.5213662511635193,22.022412136656687,0.08602504740881518,1.0638093052295852,10,256,0.9863030339135006,256,157,197,241,255,0.61328125,0.76953125,0.94140625,0.99609375,625.0,256.0,10000.0,0.511690152500437,14.823347751677009,0.057903702154988315,35.39498484252768,0.13826165954112374,5.378599498003311,0.021010154289075433,1.5110652952635035,10.0,256.0,0.9977784153300605,256.0,53.0,101.0,203.0,249.0,0.20703125,0.39453125,0.79296875,0.97265625,39.0625,80,92.07
layer3.2.conv1,conv,45,256,1,False,256.0,0,8.0,8.0,160000,9.348867866369075,48.96908705297928,0.19128549630070033,91.67882370025008,0.35812040507910187,11.902769717148473,0.04649519420761122,1.6803178231536493,10,256,0.9625990487668602,256,97,138,214,251,0.37890625,0.5390625,0.8359375,0.98046875,625.0,256.0,10000.0,0.7248089768225556,12.530407182742078,0.04894690305758624,23.285985630874116,0.09096088137060201,5.651608188187788,0.02207659448510855,2.4258297884111384,10.0,256.0,0.9784715630093249,256.0,24.0,42.0,108.0,205.0,0.09375,0.1640625,0.421875,0.80078125,39.0625,80,92.07
layer3.2.conv2,conv,46,256,1,False,256.0,0,8.0,8.0,160000,0.3574790295676869,40.070508498555824,0.1565254238224837,96.98715805977194,0.37885608617098415,8.265069784613619,0.03228542884614695,1.4396369312799415,10,256,0.9649852007537638,256,116,160,226,253,0.453125,0.625,0.8828125,0.98828125,625.0,256.0,10000.0,0.028015409744216156,11.104097687309446,0.043375381591052524,27.20241402982643,0.10625942980400949,4.047792319174384,0.015811688746774938,2.326393973759568,10.0,256.0,0.9560319776305457,256.0,36.0,61.0,133.0,216.0,0.140625,0.23828125,0.51953125,0.84375,39.0625,80,92.07
layer3.2,block,47,256,1,False,,0,8.0,8.0,160000,7.646744426165277,90.52285022123304,0.3536048836766916,148.7720626673232,0.5811408697942313,26.523015000298134,0.10360552734491459,1.004157304268084,10,256,0.977521928522351,256,166,203,242,255,0.6484375,0.79296875,0.9453125,0.99609375,625.0,256.0,10000.0,0.4761075996834393,17.209580162427635,0.06722492250948295,42.662517287676415,0.166650458154986,5.853164723497619,0.022863924701162573,1.4524260049444786,10.0,256.0,0.9964509206964627,256.0,67.0,120.0,212.0,250.0,0.26171875,0.46875,0.828125,0.9765625,39.0625,80,92.07
layer3.3.conv1,conv,48,256,1,False,256.0,0,8.0,8.0,160000,8.263400772158082,49.370007603624735,0.19285159220165912,96.30104520366432,0.37617595782681373,11.18922013992465,0.043707891171580665,1.5879582256912557,10,256,0.9615541691023679,256,105,147,219,251,0.41015625,0.57421875,0.85546875,0.98046875,625.0,256.0,10000.0,0.5847623557317799,13.562108821975993,0.052976987585843724,27.203505746772773,0.10626369432333115,5.896691667256032,0.023033951825218876,2.3684123087468882,10.0,256.0,0.9719411437940304,256.0,31.0,53.0,124.0,214.0,0.12109375,0.20703125,0.484375,0.8359375,39.0625,80,92.07
layer3.3.conv2,conv,49,256,1,False,256.0,0,8.0,8.0,160000,0.30332943774698307,38.343910663900466,0.1497809010308612,93.03955444382633,0.3634357595461966,8.054835878956885,0.03146420265217533,1.4949567619948736,10,256,0.9619952033687177,256,111,154,223,252,0.43359375,0.6015625,0.87109375,0.984375,625.0,256.0,10000.0,0.02234514249016933,12.150777988876182,0.04746397651904759,29.614203561294325,0.11568048266130596,4.313592425099568,0.016849970410545187,2.392854819481066,10.0,256.0,0.9561303031504637,256.0,38.0,63.0,133.0,215.0,0.1484375,0.24609375,0.51953125,0.83984375,39.0625,80,92.07
layer3.3,block,50,256,1,False,,0,8.0,8.0,160000,7.777130988220837,102.43500692658408,0.40013674580696906,159.4095261327131,0.6226934614559105,28.821724138387108,0.11258485991557464,0.9734850318453806,10,256,0.9662991708308998,256,170,205,243,254,0.6640625,0.80078125,0.94921875,0.9921875,625.0,256.0,10000.0,0.46308047558586346,19.818308179785802,0.07741526632728829,49.12322140989585,0.19188758363240566,6.547062467265128,0.025574462762754407,1.4305618669623172,10.0,256.0,0.9951263548953019,256.0,77.0,130.0,216.0,251.0,0.30078125,0.5078125,0.84375,0.98046875,39.0625,80,92.07
layer3.4.conv1,conv,51,256,1,False,256.0,0,8.0,8.0,160000,7.590317774315659,47.662856836809276,0.18618303451878623,97.74597282995647,0.38182020636701747,10.194110311934507,0.03982074340599417,1.5725658833526193,10,256,0.9564190159465772,256,107,149,220,252,0.41796875,0.58203125,0.859375,0.984375,625.0,256.0,10000.0,0.5333402575644529,15.305295535017036,0.0597863106836603,31.09609800006621,0.12146913281275863,6.084306937802481,0.02376682397579094,2.391466830874526,10.0,256.0,0.9691307104161829,256.0,35.0,58.0,130.0,216.0,0.13671875,0.2265625,0.5078125,0.84375,39.0625,80,92.07
layer3.4.conv2,conv,52,256,1,False,256.0,0,8.0,8.0,160000,0.2998119281489992,35.48913485230592,0.13862943301682,83.32660958599715,0.32549456869530136,7.846188698914367,0.030649174605134246,1.6579917318124462,10,256,0.9621841475289941,256,97,138,213,250,0.37890625,0.5390625,0.83203125,0.9765625,625.0,256.0,10000.0,0.025252199630364222,12.624799009951717,0.049315621132623895,28.447844151279305,0.11112439121593479,4.4739774506515895,0.01747647441660777,2.5567272866838615,10.0,256.0,0.9590192861643326,256.0,34.0,54.0,120.0,205.0,0.1328125,0.2109375,0.46875,0.80078125,39.0625,80,92.07
layer3.4,block,53,256,1,False,,0,8.0,8.0,160000,8.194746854618762,109.86853840796914,0.42917397815612945,165.18589387579155,0.6452573979523107,29.34026275952152,0.11461040140438093,0.962011753928593,10,256,0.9649039418326549,256,172,207,243,254,0.671875,0.80859375,0.94921875,0.9921875,625.0,256.0,10000.0,0.49825999596428466,22.57358213484055,0.0881780552142209,53.48751767042378,0.20893561590009288,7.512385058223204,0.02934525413368439,1.4413929553891014,10.0,256.0,0.9955498023217492,256.0,81.0,133.0,218.0,251.0,0.31640625,0.51953125,0.8515625,0.98046875,39.0625,80,92.07
layer3.5.conv1,conv,54,256,1,False,256.0,0,8.0,8.0,160000,8.01327981828503,35.49175335246969,0.13863966153308474,85.12749482753226,0.3325292766700479,7.702994399119299,0.03008982187155976,1.6494713802989682,10,256,0.9582088132871858,256,98,139,214,251,0.3828125,0.54296875,0.8359375,0.98046875,625.0,256.0,10000.0,0.6431008402534173,13.093287607997523,0.05114565471874032,27.901647342550127,0.10899080993183644,4.918660482961639,0.0192135175115689,2.492181070994394,10.0,256.0,0.9685577523880797,256.0,32.0,53.0,119.0,209.0,0.125,0.20703125,0.46484375,0.81640625,39.0625,80,92.07
layer3.5.conv2,conv,55,256,1,False,256.0,0,8.0,8.0,160000,0.40183070326251025,13.539596177533378,0.05288904756848976,45.50170810880992,0.17774104730003876,4.031476437455819,0.015747954833811792,1.941051741769158,10,256,0.9727853817416093,256,63,98,183,244,0.24609375,0.3828125,0.71484375,0.953125,625.0,256.0,10000.0,0.05186986432244342,5.513475463280749,0.021537013528440424,13.797392948027303,0.05389606620323165,2.5176927059171255,0.009834737132488771,2.7965497068394405,10.0,256.0,0.9690849818176532,256.0,17.0,30.0,75.0,167.0,0.06640625,0.1171875,0.29296875,0.65234375,39.0625,80,92.07
layer3.5,block,56,256,1,False,,0,8.0,8.0,160000,9.098993837061538,110.25574286363981,0.430686495561093,164.18836892710726,0.6413608161215127,30.555492568471458,0.11935739284559163,0.9828175805939766,10,256,0.9711785277455098,256,171,207,243,255,0.66796875,0.80859375,0.94921875,0.99609375,625.0,256.0,10000.0,0.6251148412679929,23.560192702955643,0.09203200274592048,51.568715261068526,0.20144029398854893,8.503045309533167,0.033215020740363935,1.4791844176885043,10.0,256.0,0.9965275583125764,256.0,74.0,126.0,215.0,251.0,0.2890625,0.4921875,0.83984375,0.98046875,39.0625,80,92.07
layer4.0.conv1,conv,57,512,1,False,512.0,0,4.0,4.0,160000,13.112230750132317,51.170253588456404,0.09994190153995391,98.1994477747781,0.19179579643511346,15.0786035674763,0.02945039759272715,1.8648664005157733,10,512,0.9839094225087045,512,107,178,359,485,0.208984375,0.34765625,0.701171875,0.947265625,312.5,512.0,10000.0,1.7223077801478446,15.546066355962589,0.03036341085148943,29.74048516106631,0.05808688508020764,7.585985145136668,0.014816377236595055,2.078753648272508,10.0,512.0,0.9830836730110882,512.0,31.0,63.0,209.0,417.0,0.060546875,0.123046875,0.408203125,0.814453125,19.53125,80,92.07
layer4.0.conv2,conv,58,512,1,False,512.0,0,4.0,4.0,160000,0.9107934191096141,39.462442724292615,0.07707508344588401,69.21575915135527,0.13518702959249077,15.420135446141593,0.0301174520432453,2.341197093572732,10,512,0.9826383254203391,512,67,104,239,438,0.130859375,0.203125,0.466796875,0.85546875,312.5,512.0,10000.0,0.191964756075618,10.726303545675938,0.020949811612648316,16.229595870665083,0.03169842943489274,5.917014792155231,0.011556669515928186,2.5707222310910103,10.0,512.0,0.9903947918168758,512.0,13.0,22.0,69.0,242.0,0.025390625,0.04296875,0.134765625,0.47265625,19.53125,80,92.07
layer4.0.downsample.0,conv,59,512,1,False,256.0,0,4.0,4.0,160000,1.6238516405097283,38.11322906375884,0.07443990051515398,61.70410750514638,0.12051583497098903,17.265195613620925,0.03372108518285337,7.33224683933079,10,512,0.5758802196291253,373,59,91,167,234,0.115234375,0.177734375,0.326171875,0.45703125,312.5,512.0,10000.0,0.2257698695263496,14.46440079520942,0.028250782803143398,26.704258059603614,0.05215675402266331,6.329956627214948,0.012363196537529195,7.062385444817619,10.0,512.0,0.6149807274065449,384.0,28.0,49.0,123.0,214.0,0.0546875,0.095703125,0.240234375,0.41796875,19.53125,80,92.07
layer4.0,block,60,512,1,False,,0,4.0,4.0,160000,8.702409128309066,42.76768686896609,0.08353063841594939,91.40814392662257,0.1785315311066847,12.623652859742972,0.024655571991685492,1.5732413327435848,10,512,0.9960140027716927,512,118,216,408,497,0.23046875,0.421875,0.796875,0.970703125,312.5,512.0,10000.0,1.6906581644096788,11.874237288024691,0.023191869703173225,22.257838960186717,0.04347234171911468,6.019595795434233,0.011757023037957486,1.6453295736929041,10.0,512.0,0.9948132309696976,512.0,22.0,53.0,245.0,458.0,0.04296875,0.103515625,0.478515625,0.89453125,19.53125,80,92.07
layer4.1.conv1,conv,61,512,1,False,512.0,0,4.0,4.0,160000,7.959554333077888,31.965308529543233,0.062432243221764126,59.01265838992051,0.1152590984178135,8.878576480902181,0.017340969689262072,2.8751934800429133,10,512,0.9750924260399746,512,57,80,157,345,0.111328125,0.15625,0.306640625,0.673828125,312.5,512.0,10000.0,1.3153063726981842,10.091381721816212,0.01970972992542229,15.214576085351135,0.029715968916701436,5.75966715350429,0.011249349909188066,2.9619682473332842,10.0,512.0,0.9915610243431326,512.0,12.0,19.0,55.0,166.0,0.0234375,0.037109375,0.107421875,0.32421875,19.53125,80,92.07
layer4.1.conv2,conv,62,512,1,False,512.0,0,4.0,4.0,160000,0.2651378984461757,27.535150500640736,0.05377959082156394,43.782622948786056,0.08551293544684777,11.152696261449627,0.021782609885643803,2.832280863103854,10,512,0.9924017410499938,512,40,55,114,311,0.078125,0.107421875,0.22265625,0.607421875,312.5,512.0,10000.0,0.08302297094740782,9.103966481978562,0.01778118453511438,11.287005059822746,0.022044931757466302,5.327866815975597,0.010405989874952337,2.891129181847054,10.0,512.0,0.9947535896411739,512.0,9.0,10.0,22.0,86.0,0.017578125,0.01953125,0.04296875,0.16796875,19.53125,80,92.07
layer4.1,block,63,512,1,False,,0,4.0,4.0,160000,15.72923190737313,37.384504621979225,0.07301661058980317,76.76385329558904,0.14992940096794735,11.963303792402312,0.023365827719535767,1.6798835105414793,10,512,0.9964116850653647,512,89,173,380,492,0.173828125,0.337890625,0.7421875,0.9609375,312.5,512.0,10000.0,4.233954208432489,10.541089727342312,0.020588065873715453,16.328490302261656,0.0318915826216048,6.548047304332532,0.012789154891274477,1.7145495114015157,10.0,512.0,0.9953410530445651,512.0,11.0,26.0,151.0,419.0,0.021484375,0.05078125,0.294921875,0.818359375,19.53125,80,92.07
layer4.2.conv1,conv,64,512,1,False,512.0,0,4.0,4.0,160000,13.045962348232086,26.454226723626103,0.05166841156958223,45.34628869601972,0.08856697010941351,8.361601519799075,0.01633125296835757,3.0713933731033336,10,512,0.9875696098923575,512,42,58,108,268,0.08203125,0.11328125,0.2109375,0.5234375,312.5,512.0,10000.0,3.0829798658067924,8.421270944529711,0.016447794813534592,11.21306477949631,0.02190051714745373,4.833491208202803,0.0094404125160211,3.0294057926904565,10.0,512.0,0.9948332364586256,512.0,9.0,10.0,29.0,98.0,0.017578125,0.01953125,0.056640625,0.19140625,19.53125,80,92.07
layer4.2.conv2,conv,65,512,1,False,512.0,0,4.0,4.0,160000,0.17932544416518154,19.31350542950327,0.03772169029199857,31.07390971123499,0.06069122990475584,8.39791586978528,0.016402179433174374,2.8887015720230997,10,512,0.9939301150270328,512,30,42,82,240,0.05859375,0.08203125,0.16015625,0.46875,312.5,512.0,10000.0,0.08378065562814832,8.487960522010598,0.01657804789455195,9.7834680596508,0.01910833605400547,5.248574738894286,0.010251122536902902,2.93200866306558,10.0,512.0,0.9960816074599529,512.0,8.0,9.0,12.0,47.0,0.015625,0.017578125,0.0234375,0.091796875,19.53125,80,92.07
layer4.2,block,66,512,1,False,,0,4.0,4.0,160000,27.566472571344015,29.68854568330134,0.05798544078769793,59.49896832537485,0.11620892251049775,10.984034752926952,0.021453192876810454,1.7778033259193946,10,512,0.9967610620723371,512,64,128,338,484,0.125,0.25,0.66015625,0.9453125,312.5,512.0,10000.0,10.135333150742948,9.665036429046618,0.018877024275481675,13.28029350781154,0.025938073257444415,6.451859524535119,0.012601288133857655,1.8108545424839273,10.0,512.0,0.9956600664578307,512.0,9.0,13.0,82.0,357.0,0.017578125,0.025390625,0.16015625,0.697265625,19.53125,80,92.07
layer4.3.conv1,conv,67,512,1,False,512.0,0,4.0,4.0,160000,21.88972875056194,21.81730216134205,0.04261191828387119,34.927332177291575,0.06821744565877261,8.370228346111528,0.016348102238499078,3.1462943728849178,10,512,0.9915645113617173,512,32,43,80,200,0.0625,0.083984375,0.15625,0.390625,312.5,512.0,10000.0,8.052307154573791,8.331238955447201,0.016271951084857815,10.029370141745359,0.019588613558096404,5.09122548706267,0.009943799779419277,3.0814505738722633,10.0,512.0,0.9959628492125564,512.0,9.0,10.0,16.0,59.0,0.017578125,0.01953125,0.03125,0.115234375,19.53125,80,92.07
layer4.3.conv2,conv,68,512,1,False,512.0,0,4.0,4.0,160000,0.15154135762716733,13.655974052540946,0.026671824321369036,21.377887738073063,0.04175368698842395,6.8015310301809215,0.013284240293322112,2.8662156403007413,10,512,0.9944837414428499,512,20,32,65,188,0.0390625,0.0625,0.126953125,0.3671875,312.5,512.0,10000.0,0.09570722705501329,8.35683861647049,0.016321950422793927,9.449748687647629,0.018456540405561776,5.171260312363868,0.01010011779758568,3.0338824819924244,10.0,512.0,0.99596793516068,512.0,8.0,9.0,11.0,33.0,0.015625,0.017578125,0.021484375,0.064453125,19.53125,80,92.07
layer4.3,block,69,512,1,False,,0,4.0,4.0,160000,44.131086965929065,23.579808114005857,0.04605431272266769,46.40296993425139,0.09063080065283474,10.009112824580036,0.019549048485507883,1.8511698135799324,10,512,0.9973318751484513,512,49,95,293,473,0.095703125,0.185546875,0.572265625,0.923828125,312.5,512.0,10000.0,20.283192962451654,9.312958292554093,0.018189371665144713,12.10213232429745,0.023636977195893458,6.2088629033203855,0.012126685358047628,1.9154122336812736,10.0,512.0,0.9960036950231261,512.0,9.0,10.0,52.0,292.0,0.017578125,0.01953125,0.1015625,0.5703125,19.53125,80,92.07
layer4.4.conv1,conv,70,512,1,False,512.0,0,4.0,4.0,160000,36.52082370063607,16.43913770063461,0.032107690821551974,25.757847992446933,0.05030829686024792,6.950450760426707,0.013575099141458413,3.1342448571416504,10,512,0.9906213116948157,512,25,34,61,150,0.048828125,0.06640625,0.119140625,0.29296875,312.5,512.0,10000.0,18.97494942961281,8.548237812137412,0.016695776976830883,9.76753954480747,0.01907722567345209,5.291955281501366,0.010335850159182355,3.1286808166414155,10.0,512.0,0.9954458975157459,512.0,9.0,9.0,11.0,40.0,0.017578125,0.017578125,0.021484375,0.078125,19.53125,80,92.07
layer4.4.conv2,conv,71,512,1,False,512.0,0,4.0,4.0,160000,0.1597649097432803,10.239324856735735,0.019998681360811982,14.592489864467037,0.028500956766537182,5.78280047532583,0.011294532178370762,2.8124989695071054,10,512,0.994970624129052,512,11,19,50,140,0.021484375,0.037109375,0.09765625,0.2734375,312.5,512.0,10000.0,0.12416581541858095,8.16271808171055,0.015942808753340917,9.274558404567166,0.018114371883920247,5.093287157960471,0.009947826480391544,3.1854266609064097,10.0,512.0,0.9918722090277858,512.0,8.0,9.0,11.0,28.0,0.015625,0.017578125,0.021484375,0.0546875,19.53125,80,92.07
layer4.4,block,72,512,1,False,,0,4.0,4.0,160000,65.07215478307015,19.287709131590603,0.037671306897637896,37.10550316855677,0.07247168587608745,9.200422855745236,0.017969575890127414,1.9043753134530916,10,512,0.9977563981989351,512,40,74,252,460,0.078125,0.14453125,0.4921875,0.8984375,312.5,512.0,10000.0,35.347963089300606,9.129045344705876,0.017830166688878664,11.613449942620901,0.022682519419181448,5.979786863629169,0.01167927121802572,2.016019117357462,10.0,512.0,0.9958775274244506,512.0,9.0,10.0,39.0,237.0,0.017578125,0.01953125,0.076171875,0.462890625,19.53125,80,92.07
layer4.5.conv1,conv,73,512,1,False,512.0,0,4.0,4.0,160000,59.92644029808765,11.932924279785217,0.023306492733955502,17.33048815908109,0.03384860968570525,5.9074828018054735,0.011538052347276315,3.020530689282401,10,512,0.9902760775440406,512,14,23,46,114,0.02734375,0.044921875,0.08984375,0.22265625,312.5,512.0,10000.0,40.41565434263975,8.69326295345523,0.016979029205967246,9.635354362899347,0.018819051490037788,5.536657548131231,0.01081378427369381,3.1431055038802014,10.0,512.0,0.9936990794339086,512.0,9.0,9.0,10.0,28.0,0.017578125,0.017578125,0.01953125,0.0546875,19.53125,80,92.07
layer4.5.conv2,conv,74,512,1,False,512.0,0,4.0,4.0,160000,0.1951316839279917,8.467826311635989,0.01653872326491404,11.103169837143717,0.021685878588171323,4.96731024341014,0.00970177781916043,2.737269854402601,10,512,0.997782428983001,512,9,10,31,100,0.017578125,0.01953125,0.060546875,0.1953125,312.5,512.0,10000.0,0.1703411360338783,7.848792791847647,0.015329673421577436,9.279781178526864,0.01812457261431028,4.785699985103055,0.009347070283404405,3.38004022592686,10.0,512.0,0.9855111598405888,512.0,8.0,9.0,13.0,26.0,0.015625,0.017578125,0.025390625,0.05078125,19.53125,80,92.07
layer4.5,block,75,512,1,False,,0,4.0,4.0,160000,90.20794699094365,16.287313510168314,0.03181115919954749,30.556105124723164,0.05967989282172493,8.133732939256227,0.015886197146984818,1.9402870315385314,10,512,0.9974058110704347,512,34,61,216,448,0.06640625,0.119140625,0.421875,0.875,312.5,512.0,10000.0,56.00683339170512,9.025752812091984,0.017628423461117156,11.49841072483759,0.02245783344694842,5.746097833908771,0.011222847331853069,2.112971958633034,10.0,512.0,0.9951906860775454,512.0,9.0,10.0,33.0,199.0,0.017578125,0.01953125,0.064453125,0.388671875,19.53125,80,92.07
fc,linear,76,10,1,False,,0,,,10000,104.72803886270707,7.48655891254719,0.748655891254719,8.207875904741881,0.8207875904741881,4.650454809634514,0.4650454809634514,,10,10,,10,8,9,9,9,0.8,0.9,0.9,0.9,1000.0,,,,,,,,,,,,,,,,,,,,,,,,80,92.07
conv1,conv,0,64,1,False,27.0,0,32.0,32.0,160000,8.95464937761947,3.4249579401102443,0.05351496781422257,5.024199248393906,0.07850311325615478,2.061958750317699,0.032218105473714044,16.640449239198563,10,64,0.9512389925273852,46,5,6,10,16,0.078125,0.09375,0.15625,0.25,2500.0,64.0,10000.0,2.274537010365949,2.1391326798388,0.03342394812248125,2.4667579047017467,0.03854309226096479,1.635164616728201,0.02554944713637814,10.936436003589135,10.0,64.0,0.9799759044632024,42.0,2.0,3.0,3.0,5.0,0.03125,0.046875,0.046875,0.078125,156.25,90,94.46
layer1.0.conv1,conv,1,64,1,False,64.0,0,32.0,32.0,160000,1.630234170593024,8.423083129014627,0.13161067389085354,13.149774193274201,0.2054652217699094,4.720129101896458,0.07375201721713216,4.202877616114375,10,64,0.9545559568314458,64,13,18,30,46,0.203125,0.28125,0.46875,0.71875,2500.0,64.0,10000.0,0.42686368935167524,3.1457262620175968,0.04915197284402495,3.8748700939142084,0.06054484521740951,2.246777664329621,0.035105901005150326,5.803197981221953,10.0,64.0,0.9631899093404661,64.0,3.0,4.0,6.0,14.0,0.046875,0.0625,0.09375,0.21875,156.25,90,94.46
layer1.0.conv2,conv,2,64,1,False,64.0,0,32.0,32.0,160000,0.5695906341009636,13.113096677199673,0.2048921355812449,19.80413088071568,0.3094395450111825,5.986048615439652,0.09353200961624457,3.2262901480942814,10,64,0.9688176172692932,64,18,25,40,57,0.28125,0.390625,0.625,0.890625,2500.0,64.0,10000.0,0.10631092960420822,3.987818005419645,0.062309656334681954,5.1051206039056,0.079767509436025,3.030582633816063,0.047352853653375986,4.564170354065525,10.0,64.0,0.9588363158751627,64.0,4.0,5.0,11.0,25.0,0.0625,0.078125,0.171875,0.390625,156.25,90,94.46
layer1.0,block,3,64,1,False,,0,32.0,32.0,160000,1.1878771205738696,13.5341463964321,0.21147103744425155,20.29051615137473,0.3170393148652302,6.710885652316114,0.10485758831743928,2.428065464031092,10,64,0.9697453751554036,64,19,28,48,61,0.296875,0.4375,0.75,0.953125,2500.0,64.0,10000.0,0.1602986864289562,4.1393984876504515,0.0646781013695383,6.195486444062693,0.09680447568847958,2.5068924630261984,0.03917019473478435,3.1360379782519576,10.0,64.0,0.9723386442548474,64.0,5.0,9.0,21.0,45.0,0.078125,0.140625,0.328125,0.703125,156.25,90,94.46
layer1.1.conv1,conv,4,64,1,False,64.0,0,32.0,32.0,160000,1.9928516650415362,14.629913214815225,0.2285923939814879,21.161523528228702,0.3306488051285735,6.780944840946829,0.10595226313979421,3.2178216601320817,10,64,0.9611448078262763,64,19,25,41,58,0.296875,0.390625,0.640625,0.90625,2500.0,64.0,10000.0,0.18295285945428597,3.677697061206427,0.05746401658135042,5.309309227328917,0.08295795667701433,2.2820913486152503,0.035657677322113286,4.687400641414907,10.0,64.0,0.9655651529012053,64.0,5.0,7.0,15.0,29.0,0.078125,0.109375,0.234375,0.453125,156.25,90,94.46
layer1.1.conv2,conv,5,64,1,False,64.0,0,32.0,32.0,160000,0.5006948686000952,14.375311327179157,0.22461423948717432,22.47864759898775,0.3512288687341836,6.467362639164493,0.10105254123694521,2.5351475992318524,10,64,0.9599061778850839,64,22,31,48,61,0.34375,0.484375,0.75,0.953125,2500.0,64.0,10000.0,0.029779207841169098,3.7408236449988306,0.05845036945310673,6.161813612201849,0.09627833769065389,2.221078508405164,0.03470435169383069,4.275231639752494,10.0,64.0,0.9677876566200009,64.0,7.0,9.0,18.0,35.0,0.109375,0.140625,0.28125,0.546875,156.25,90,94.46
layer1.1,block,6,64,1,False,,0,32.0,32.0,160000,2.0711290475663904,15.110850454851422,0.23610703835705346,24.642911907915103,0.3850454985611735,5.902644979480386,0.09222882780438103,2.032803118134319,10,64,0.9927209983107067,64,25,35,55,63,0.390625,0.546875,0.859375,0.984375,2500.0,64.0,10000.0,0.14196403321615692,5.4620299186287005,0.08534421747857344,8.665984339942344,0.13540600531159913,2.9209878618666933,0.045640435341667084,2.8049361231277214,10.0,64.0,0.9850827293590098,64.0,8.0,12.0,28.0,53.0,0.125,0.1875,0.4375,0.828125,156.25,90,94.46
layer1.2.conv1,conv,7,64,1,False,64.0,0,32.0,32.0,160000,3.361581628644645,13.964463636012932,0.21819474431270205,21.477206874910678,0.33558135742047934,5.980775820856079,0.09344962220087623,2.883338770863419,10,64,0.9665005960329304,64,20,27,44,60,0.3125,0.421875,0.6875,0.9375,2500.0,64.0,10000.0,0.13072745268187894,5.481275831194078,0.08564493486240747,7.840664078231854,0.12251037622237272,3.3693371121601077,0.05264589237750168,4.30825776032173,10.0,64.0,0.9725761146988604,64.0,7.0,10.0,19.0,36.0,0.109375,0.15625,0.296875,0.5625,156.25,90,94.46
layer1.2.conv2,conv,8,64,1,False,64.0,0,32.0,32.0,160000,0.28297155976626176,14.747108745056995,0.23042357414151554,23.97334482190043,0.3745835128421942,6.808080377000103,0.1063762558906266,2.146336940603832,10,64,0.96045243071487,64,25,35,52,62,0.390625,0.546875,0.8125,0.96875,2500.0,64.0,10000.0,0.009150905518433556,5.5749873679755435,0.08710917762461787,8.523944007846888,0.13318662512260762,3.0037384504512747,0.04693341328830117,4.160983632142234,10.0,64.0,0.970446176052299,64.0,8.0,11.0,21.0,40.0,0.125,0.171875,0.328125,0.625,156.25,90,94.46
layer1.2,block,9,64,1,False,,0,32.0,32.0,160000,3.2184786253522066,15.015239219958469,0.23461311281185107,26.22707602008163,0.40979806281377545,5.566425329126753,0.08697539576760552,1.7979132046364854,10,64,0.983955565650065,64,29,40,56,63,0.453125,0.625,0.875,0.984375,2500.0,64.0,10000.0,0.14244015874172783,6.204454570517297,0.09694460266433276,10.031937153809874,0.15674901802827929,3.175260112434897,0.04961343925679527,2.6614505093748027,10.0,64.0,0.9871594729933665,64.0,9.0,15.0,33.0,56.0,0.140625,0.234375,0.515625,0.875,156.25,90,94.46
layer1.3.conv1,conv,10,64,1,False,64.0,0,32.0,32.0,160000,5.5078114356736965,12.575299153511834,0.1964890492736224,19.531369298027503,0.30517764528167973,6.11239973011238,0.09550624578300594,2.6950625529471846,10,64,0.9639734617354917,64,19,27,44,60,0.296875,0.421875,0.6875,0.9375,2500.0,64.0,10000.0,0.14050779436607164,2.977604849101393,0.04652507576720927,5.400920301922257,0.08438937971753527,1.8158673449727953,0.028372927265199927,3.9903773510362273,10.0,64.0,0.9630297695918896,64.0,6.0,9.0,19.0,38.0,0.09375,0.140625,0.296875,0.59375,156.25,90,94.46
layer1.3.conv2,conv,11,64,1,False,64.0,0,32.0,32.0,160000,0.18250629489288667,17.014888601872364,0.2658576344042557,26.235987104414793,0.40993729850648114,7.854595614119212,0.12272805647061269,2.0049896978401174,10,64,0.9640802152065538,64,27,37,54,63,0.421875,0.578125,0.84375,0.984375,2500.0,64.0,10000.0,0.005158225932742372,3.378604604806125,0.0527906969500957,5.555571471117967,0.08680580423621824,2.1265752327791705,0.03322773801217454,3.87749557729075,10.0,64.0,0.9631904412795198,64.0,6.0,9.0,20.0,39.0,0.09375,0.140625,0.3125,0.609375,156.25,90,94.46
layer1.3,block,12,64,1,False,,0,32.0,32.0,160000,4.364081016948772,16.723692056222767,0.26130768837848073,28.92243565685264,0.4519130571383225,6.019581023628819,0.0940559534942003,1.6182709589633233,10,64,0.9800088232247421,64,32,43,58,64,0.5,0.671875,0.90625,1.0,2500.0,64.0,10000.0,0.161197863019998,6.708295054396941,0.1048171102249522,10.802457918328292,0.16878840497387956,3.3825391199083934,0.05285217374856865,2.6596960217240913,10.0,64.0,0.9869176520565983,64.0,10.0,16.0,34.0,56.0,0.15625,0.25,0.53125,0.875,156.25,90,94.46
layer1.4.conv1,conv,13,64,1,False,64.0,0,32.0,32.0,160000,8.146526272239267,12.205589677856011,0.19071233871650017,18.99232086003577,0.2967550134380589,5.926399794653938,0.09259999679146778,2.5789517538547573,10,64,0.9584688635424564,64,19,27,45,60,0.296875,0.421875,0.703125,0.9375,2500.0,64.0,10000.0,0.17470737517388665,2.4765586922648954,0.03869622956663899,4.479638311958229,0.06999434862434732,1.630683216407799,0.025479425256371858,3.8523752170769434,10.0,64.0,0.9699562296163178,64.0,6.0,8.0,17.0,37.0,0.09375,0.125,0.265625,0.578125,156.25,90,94.46
layer1.4.conv2,conv,14,64,1,False,64.0,0,32.0,32.0,160000,0.14559740496249066,19.985865435159592,0.31227914742436863,29.787718918779717,0.4654331081059331,8.504640183759053,0.1328850028712352,2.061610078971916,10,64,0.9602423365863366,64,29,38,55,63,0.453125,0.59375,0.859375,0.984375,2500.0,64.0,10000.0,0.0044384314744369355,3.295647258344252,0.05149448841162894,5.573782223115988,0.08709034723618732,1.9717930743078147,0.030809266786059605,3.8855535939491603,10.0,64.0,0.964908135463142,64.0,6.0,8.0,19.0,37.0,0.09375,0.125,0.296875,0.578125,156.25,90,94.46
layer1.4,block,15,64,1,False,,0,32.0,32.0,160000,4.56768606033353,23.628764016155312,0.36919943775242675,35.66541542887877,0.5572721160762307,9.184201974789154,0.14350315585608053,1.475335007469914,10,64,0.9750424574993075,64,37,47,60,64,0.578125,0.734375,0.9375,1.0,2500.0,64.0,10000.0,0.19870971977364738,6.3560781537480935,0.09931372115231396,10.722003717225558,0.16753130808164934,3.126208693651314,0.04884701083830178,2.6455000220356073,10.0,64.0,0.9939070304267447,64.0,10.0,15.0,34.0,57.0,0.15625,0.234375,0.53125,0.890625,156.25,90,94.46
layer1.5.conv1,conv,16,64,1,False,64.0,0,32.0,32.0,160000,6.397019250109148,16.320607203808557,0.2550094875595087,25.518815328816753,0.39873148951276177,7.313692536085824,0.114276445876341,2.3232945356370815,10,64,0.9511039395817276,64,26,34,51,62,0.40625,0.53125,0.796875,0.96875,2500.0,64.0,10000.0,0.1813697300158303,2.74102956120109,0.042828586893767034,5.274445336384997,0.08241320838101558,1.7119273058349807,0.026748864153671573,3.8076742263521806,10.0,64.0,0.9722740849728609,64.0,7.0,10.0,20.0,40.0,0.109375,0.15625,0.3125,0.625,156.25,90,94.46
layer1.5.conv2,conv,17,64,1,False,64.0,0,32.0,32.0,160000,0.1893334653426909,17.312047961001603,0.27050074939065005,26.40259281483657,0.4125405127318214,7.527052810955347,0.11761020017117729,2.234896196608599,10,64,0.9673503262637265,64,25,35,53,62,0.390625,0.546875,0.828125,0.96875,2500.0,64.0,10000.0,0.005735126802879747,4.655814033739669,0.07274709427718233,7.483183375162152,0.11692474023690863,2.5731013359217387,0.04020470837377717,3.885941395161976,10.0,64.0,0.9618365696507137,64.0,7.0,10.0,21.0,41.0,0.109375,0.15625,0.328125,0.640625,156.25,90,94.46
layer1.5,block,18,64,1,False,,0,32.0,32.0,160000,4.362037641039867,27.37825934532646,0.4277853022707259,39.83496785526153,0.6224213727384614,10.395526033336647,0.16243009427088512,1.3603906479530918,10,64,0.9652045055794028,64,40,49,60,64,0.625,0.765625,0.9375,1.0,2500.0,64.0,10000.0,0.2303363999051053,6.824728486643178,0.10663638260379965,11.367656003991687,0.1776196250623701,3.3128897349539455,0.0517639021086554,2.643902726540152,10.0,64.0,0.9956566729688499,64.0,11.0,16.0,35.0,58.0,0.171875,0.25,0.546875,0.90625,156.25,90,94.46
layer2.0.conv1,conv,19,128,1,False,128.0,0,16.0,16.0,160000,11.758314249177314,20.122146433773363,0.1572042690138544,33.441870712300855,0.2612646149398504,7.891032404974839,0.06164869066386593,2.537164999306309,10,128,0.9683853440616973,128,33,47,82,117,0.2578125,0.3671875,0.640625,0.9140625,1250.0,128.0,10000.0,0.918799463779789,5.202887326804369,0.04064755724065913,8.385651268275586,0.06551290053340302,2.7296709873841856,0.02132555458893895,3.72147389472021,10.0,128.0,0.9892414345123293,128.0,8.0,11.0,21.0,52.0,0.0625,0.0859375,0.1640625,0.40625,78.125,90,94.46
layer2.0.conv2,conv,20,128,1,False,128.0,0,16.0,16.0,160000,1.5017700397750409,29.56680748407758,0.23099068346935608,49.53241100830669,0.386971961002396,10.656517962534778,0.08325404658230295,1.8451706860092032,10,128,0.9606554770336926,128,51,71,106,125,0.3984375,0.5546875,0.828125,0.9765625,1250.0,128.0,10000.0,0.1320877493816638,5.532671858322734,0.04322399889314636,9.419018206317048,0.07358607973685194,2.8303942415346572,0.02211245501198951,3.2478532424305837,10.0,128.0,0.9870172473968211,128.0,9.0,13.0,29.0,72.0,0.0703125,0.1015625,0.2265625,0.5625,78.125,90,94.46
layer2.0.downsample.0,conv,21,128,1,False,64.0,0,16.0,16.0,160000,1.9231404266481142,12.542731605873469,0.09799009067088647,20.67696527384784,0.16153879120193626,5.794735691403631,0.04527137258909087,11.328780043431454,10,128,0.6407594144977399,94,21,29,46,60,0.1640625,0.2265625,0.359375,0.46875,1250.0,128.0,10000.0,0.15620540864830462,5.361010405951391,0.04188289379649524,8.329561741953112,0.06507470110900869,2.8506545189799155,0.02227073842953059,10.605265308213973,10.0,128.0,0.7181312541249808,97.0,8.0,10.0,21.0,44.0,0.0625,0.078125,0.1640625,0.34375,78.125,90,94.46
layer2.0,block,22,128,1,False,,0,16.0,16.0,160000,5.43149224393571,26.45929576202989,0.2067132481408585,50.04891486875032,0.3910071474121119,9.232052743180482,0.07212541205609752,1.4184154957059887,10,128,0.9904473331791303,128,61,85,116,127,0.4765625,0.6640625,0.90625,0.9921875,1250.0,128.0,10000.0,0.4295795767658104,7.627510867103144,0.05958992864924331,13.421101888062646,0.10485235850048942,3.630782076358508,0.028365484971550843,2.2912054635239976,10.0,128.0,0.9961804062895058,128.0,12.0,21.0,57.0,111.0,0.09375,0.1640625,0.4453125,0.8671875,78.125,90,94.46
layer2.1.conv1,conv,23,128,1,False,128.0,0,16.0,16.0,160000,6.978787163024543,30.536463599567934,0.2385661218716245,48.689297032712005,0.38038513306806254,10.968481830757563,0.08569126430279346,2.083910837204258,10,128,0.9505300505507738,128,47,65,101,124,0.3671875,0.5078125,0.7890625,0.96875,1250.0,128.0,10000.0,0.5006136753575346,6.624687337632183,0.05175536982525143,10.65855524767974,0.08326996287249797,3.4075292821032517,0.026621322516431654,3.2563516863120383,10.0,128.0,0.9842846823262136,128.0,10.0,14.0,32.0,75.0,0.078125,0.109375,0.25,0.5859375,78.125,90,94.46
layer2.1.conv2,conv,24,128,1,False,128.0,0,16.0,16.0,160000,0.19295048427787917,34.39174613526569,0.2686855166817632,59.288357471863065,0.4631902927489302,10.137017832432491,0.07919545181587884,1.5267154196806365,10,128,0.961431113613238,128,63,84,114,127,0.4921875,0.65625,0.890625,0.9921875,1250.0,128.0,10000.0,0.010969199860743208,7.060411724196534,0.05515946659528542,13.455463360018639,0.10512080750014562,3.8459256697954665,0.03004629429527708,2.860743280804,10.0,128.0,0.9602913322793739,128.0,15.0,25.0,55.0,98.0,0.1171875,0.1953125,0.4296875,0.765625,78.125,90,94.46
layer2.1,block,25,128,1,False,,0,16.0,16.0,160000,6.059060128744239,33.57591604275334,0.2623118440840105,59.727067861618345,0.4666177176688933,11.487903511300958,0.08974924618203874,1.2881418152521753,10,128,0.9926707243215628,128,70,93,119,127,0.546875,0.7265625,0.9296875,0.9921875,1250.0,128.0,10000.0,0.40514211241030385,8.852610291786085,0.06916101790457879,15.912035829911272,0.12431277992118181,4.019137238511824,0.03139950967587363,2.127783894642033,10.0,128.0,0.9965874920141209,128.0,15.0,26.0,71.0,117.0,0.1171875,0.203125,0.5546875,0.9140625,78.125,90,94.46
layer2.2.conv1,conv,26,128,1,False,128.0,0,16.0,16.0,160000,7.227913503224126,30.315356485043104,0.23683872253939925,50.51925173269141,0.39468165416165163,9.601255445879968,0.07500980817093725,1.9641401287786806,10,128,0.9515656254670813,128,50,69,104,125,0.390625,0.5390625,0.8125,0.9765625,1250.0,128.0,10000.0,0.4569248925516054,6.524179429652408,0.05097015179415944,11.142631369944693,0.08705180757769292,3.317742316777233,0.02591986184982213,3.0777107432819886,10.0,128.0,0.9804180293564176,128.0,11.0,16.0,38.0,84.0,0.0859375,0.125,0.296875,0.65625,78.125,90,94.46
layer2.2.conv2,conv,27,128,1,False,128.0,0,16.0,16.0,160000,0.14962859607530204,35.82713297198768,0.27989947634365375,60.69009684215433,0.4741413815793307,11.67041936140874,0.09117515126100578,1.4807653303298758,10,128,0.959376121061559,128,65,86,115,127,0.5078125,0.671875,0.8984375,0.9921875,1250.0,128.0,10000.0,0.007716992531341823,7.236337129959128,0.056533883827805685,14.497291775512204,0.1132600919961891,3.4279545414371633,0.026780894854977838,2.789477193264073,10.0,128.0,0.9526977368793678,128.0,17.0,27.0,60.0,101.0,0.1328125,0.2109375,0.46875,0.7890625,78.125,90,94.46
layer2.2,block,28,128,1,False,,0,16.0,16.0,160000,6.715199620062293,40.21637166627616,0.3141904036427825,67.67114147269737,0.5286807927554482,13.426530599594264,0.10489477030933018,1.1904959527069894,10,128,0.9924908929156785,128,77,97,121,128,0.6015625,0.7578125,0.9453125,1.0,1250.0,128.0,10000.0,0.3918676709796419,9.795147974453485,0.07652459355041785,18.106280706935692,0.1414553180229351,4.330662121032982,0.03383329782057017,2.020327948203492,10.0,128.0,0.9970684039662695,128.0,18.0,33.0,81.0,120.0,0.140625,0.2578125,0.6328125,0.9375,78.125,90,94.46
layer2.3.conv1,conv,29,128,1,False,128.0,0,16.0,16.0,160000,7.256501247940129,32.350700706367135,0.25273984926849324,53.220240979132726,0.4157831326494744,10.21129123371271,0.07977571276338055,1.8659074102180853,10,128,0.950394373152563,128,54,72,106,125,0.421875,0.5625,0.828125,0.9765625,1250.0,128.0,10000.0,0.4091902761994396,7.338725262194257,0.05733379111089263,12.663019070243912,0.09892983648628056,3.963067637576033,0.030961465918562758,3.034066710912826,10.0,128.0,0.9798528126606549,128.0,12.0,19.0,44.0,90.0,0.09375,0.1484375,0.34375,0.703125,78.125,90,94.46
layer2.3.conv2,conv,30,128,1,False,128.0,0,16.0,16.0,160000,0.13489515515258765,36.21936471014321,0.28296378679799383,60.59070790178855,0.47336490548272303,11.692907180437418,0.09135083734716733,1.5146427992525535,10,128,0.9579314701281567,128,64,85,115,127,0.5,0.6640625,0.8984375,0.9921875,1250.0,128.0,10000.0,0.007158027458995039,7.314948358030625,0.05714803404711426,14.672127222579572,0.11462599392640291,3.305106965351795,0.025821148166810897,2.860214876238664,10.0,128.0,0.9503820123609483,128.0,17.0,28.0,58.0,100.0,0.1328125,0.21875,0.453125,0.78125,78.125,90,94.46
layer2.3,block,31,128,1,False,,0,16.0,16.0,160000,7.368396403717311,45.63012696227676,0.3564853668927872,73.58091101224511,0.5748508672831649,14.473348291260589,0.11307303352547335,1.1232708431536398,10,128,0.9894538945576877,128,81,100,121,128,0.6328125,0.78125,0.9453125,1.0,1250.0,128.0,10000.0,0.3900847459696139,10.646104747250492,0.08317269333789447,20.23381044653317,0.1580766441135404,4.555558710121468,0.03559030242282397,1.9589265671730616,10.0,128.0,0.9971990281194849,128.0,21.0,38.0,87.0,122.0,0.1640625,0.296875,0.6796875,0.953125,78.125,90,94.46
layer2.4.conv1,conv,32,128,1,False,128.0,0,16.0,16.0,160000,7.53293751268523,31.59360732730424,0.24682505724456438,53.65244233678107,0.4191597057561021,9.560033325822733,0.0746877603579901,1.8105042112387593,10,128,0.9508927105432399,128,55,74,108,125,0.4296875,0.578125,0.84375,0.9765625,1250.0,128.0,10000.0,0.38802054906048006,7.720739644316319,0.060318278471221246,13.635469756004493,0.1065271074687851,3.8744020109640354,0.030268765710656526,2.975880859980965,10.0,128.0,0.9745628716213868,128.0,13.0,22.0,49.0,94.0,0.1015625,0.171875,0.3828125,0.734375,78.125,90,94.46
layer2.4.conv2,conv,33,128,1,False,128.0,0,16.0,16.0,160000,0.1338482189037854,33.95845304032508,0.2653004143775397,58.63465637033352,0.45808325289323065,11.137261898739933,0.08700985858390572,1.552701422106727,10,128,0.9518819701431155,128,63,83,114,126,0.4921875,0.6484375,0.890625,0.984375,1250.0,128.0,10000.0,0.006381866217698476,8.899359052632052,0.0695262425986879,17.014384075120972,0.1329248755868826,4.682106433921834,0.036578956515014326,2.912246584142863,10.0,128.0,0.946205933581153,128.0,20.0,31.0,61.0,101.0,0.15625,0.2421875,0.4765625,0.7890625,78.125,90,94.46
layer2.4,block,34,128,1,False,,0,16.0,16.0,160000,7.85951093029515,51.00116785266353,0.3984466238489338,78.68191314432723,0.6147024464400564,15.874453501779143,0.12401916798264956,1.072182474037972,10,128,0.9864813552114046,128,84,103,122,128,0.65625,0.8046875,0.953125,1.0,1250.0,128.0,10000.0,0.3967065667655044,11.908847585661979,0.09303787176298421,22.667387277288125,0.17708896310381347,5.012127773481174,0.03915724823032167,1.91841081956263,10.0,128.0,0.9975307576378569,128.0,25.0,43.0,92.0,123.0,0.1953125,0.3359375,0.71875,0.9609375,78.125,90,94.46
layer2.5.conv1,conv,35,128,1,False,128.0,0,16.0,16.0,160000,7.748133237382408,31.355371416467374,0.24496383919115136,53.374224499160356,0.4169861288996903,9.43725042592771,0.07372851895256023,1.8016438052077413,10,128,0.9510838963017669,128,55,74,108,125,0.4296875,0.578125,0.84375,0.9765625,1250.0,128.0,10000.0,0.4527010350992497,8.280465604752647,0.06469113753713006,14.554859379732667,0.11370983890416146,4.1025481480534065,0.03205115740666724,3.0484029278323943,10.0,128.0,0.9726021510821312,128.0,14.0,22.0,49.0,93.0,0.109375,0.171875,0.3828125,0.7265625,78.125,90,94.46
layer2.5.conv2,conv,36,128,1,False,128.0,0,16.0,16.0,160000,0.16653456239355757,18.921159749487334,0.1478215605428698,45.68474140994902,0.3569120422652267,5.2517204200325684,0.04102906578150444,1.6806988697499403,10,128,0.9513188398667186,128,56,76,110,126,0.4375,0.59375,0.859375,0.984375,1250.0,128.0,10000.0,0.011399587206584173,4.750920864284365,0.0371165692522216,10.968064393092096,0.085688003071032,2.378334989071439,0.01858074210212062,3.090253031493564,10.0,128.0,0.9437728899053655,128.0,15.0,25.0,52.0,92.0,0.1171875,0.1953125,0.40625,0.71875,78.125,90,94.46
layer2.5,block,37,128,1,False,,0,16.0,16.0,160000,8.071516393224202,58.754269941777906,0.4590177339201399,84.37094996751959,0.6591480466212468,20.26045778023198,0.15828482640806235,1.048964495306,10,128,0.9842954188499127,128,86,104,123,128,0.671875,0.8125,0.9609375,1.0,1250.0,128.0,10000.0,0.40470444584603044,13.611968203494014,0.10634350158979698,25.838871667468087,0.20186618490209443,5.313240544937737,0.04150969175732607,1.923465727126601,10.0,128.0,0.9981530323618985,128.0,28.0,47.0,96.0,124.0,0.21875,0.3671875,0.75,0.96875,78.125,90,94.46
layer3.0.conv1,conv,38,256,1,False,256.0,0,8.0,8.0,160000,18.790895744685386,42.776347672642856,0.16709510809626116,73.76731033622178,0.28815355600086634,15.684278593004818,0.06126671325392507,1.9532000503792908,10,256,0.965927192113837,256,76,111,191,245,0.296875,0.43359375,0.74609375,0.95703125,625.0,256.0,10000.0,1.4592031721344474,11.832394687993714,0.046220291749975446,20.707882630210396,0.08089016652425936,4.97230899547437,0.01942308201357176,2.6927758957759904,10.0,256.0,0.9873643627888014,256.0,19.0,31.0,80.0,180.0,0.07421875,0.12109375,0.3125,0.703125,39.0625,90,94.46
layer3.0.conv2,conv,39,256,1,False,256.0,0,8.0,8.0,160000,1.943866436552776,61.90090444874408,0.24180040800290656,104.00411739769518,0.4062660835847468,19.556884596350567,0.0763940804544944,1.575660400712113,10,256,0.9608102734665622,256,109,150,220,252,0.42578125,0.5859375,0.859375,0.984375,625.0,256.0,10000.0,0.17946497921215432,12.117809163789309,0.04733519204605199,21.3457380988664,0.08338178944869687,5.500836371128566,0.02148764207472096,2.482022054965791,10.0,256.0,0.9887667457323994,256.0,20.0,34.0,93.0,197.0,0.078125,0.1328125,0.36328125,0.76953125,39.0625,90,94.46
layer3.0.downsample.0,conv,40,256,1,False,128.0,0,8.0,8.0,160000,3.1414988650436144,31.585984803994748,0.12338275314060448,50.453015820485426,0.1970820930487712,12.496251693521735,0.04881348317781928,9.141386222182737,10,256,0.5805039724728089,190,50,69,102,123,0.1953125,0.26953125,0.3984375,0.48046875,625.0,256.0,10000.0,0.2265516866928484,10.948366741621093,0.042767057584457396,19.767036430663374,0.0772149860572788,4.68805812486786,0.018312727050265078,8.761516375827657,10.0,256.0,0.623154735578986,191.0,20.0,33.0,72.0,112.0,0.078125,0.12890625,0.28125,0.4375,39.0625,90,94.46
layer3.0,block,41,256,1,False,,0,8.0,8.0,160000,4.9280305362497945,67.62336220680577,0.264153758620335,124.24101464900554,0.4853164634726779,18.810170150871127,0.07347722715184034,1.0981150272703784,10,256,0.994427819213977,256,152,195,241,255,0.59375,0.76171875,0.94140625,0.99609375,625.0,256.0,10000.0,0.38527746110125644,14.949451093173998,0.05839629333271093,32.61878667190594,0.12741713543713257,5.948653032620281,0.023236925908672972,1.6148879293748175,10.0,256.0,0.9980300985585366,256.0,42.0,84.0,192.0,248.0,0.1640625,0.328125,0.75,0.96875,39.0625,90,94.46
layer3.1.conv1,conv,42,256,1,False,256.0,0,8.0,8.0,160000,5.902053599401699,48.15356293917168,0.18809985523113937,88.78627305247504,0.3468213791112306,12.058368449969953,0.04710300175769513,1.7373728044984793,10,256,0.9611540943259071,256,93,133,210,250,0.36328125,0.51953125,0.8203125,0.9765625,625.0,256.0,10000.0,0.5164395990000729,11.902831898996117,0.046495437105453584,21.064697112623087,0.08228397309618393,5.654861697625529,0.022089303506349724,2.5099839533366395,10.0,256.0,0.9842049299345005,256.0,20.0,35.0,93.0,195.0,0.078125,0.13671875,0.36328125,0.76171875,39.0625,90,94.46
layer3.1.conv2,conv,43,256,1,False,256.0,0,8.0,8.0,160000,0.25680374310586357,41.3726051347186,0.16161173880749452,103.1160191633083,0.402796949856673,8.224245707296477,0.032125959794126864,1.3539005922636589,10,256,0.9652746052760691,256,125,169,230,253,0.48828125,0.66015625,0.8984375,0.98828125,625.0,256.0,10000.0,0.01992177085318336,11.682956518235706,0.045636548899358226,28.121720082806615,0.10985046907346334,4.207358209378613,0.016434993005385208,2.2699388023563656,10.0,256.0,0.956413260321556,256.0,37.0,64.0,137.0,219.0,0.14453125,0.25,0.53515625,0.85546875,39.0625,90,94.46
layer3.1,block,44,256,1,False,,0,8.0,8.0,160000,5.019209811687402,89.34785490650037,0.3490150582285171,148.15704316883887,0.5787384498782768,25.031959656438485,0.09778109240796283,0.9796141735561591,10,256,0.9924903933507311,256,168,206,244,255,0.65625,0.8046875,0.953125,0.99609375,625.0,256.0,10000.0,0.34399502646362967,17.825655349652163,0.06963146620957876,41.30074714742478,0.16133104354462804,6.573513138221399,0.02567778569617734,1.484123259038725,10.0,256.0,0.9981483483927353,256.0,61.0,112.0,210.0,251.0,0.23828125,0.4375,0.8203125,0.98046875,39.0625,90,94.46
layer3.2.conv1,conv,45,256,1,False,256.0,0,8.0,8.0,160000,4.995423247091043,56.06769488391078,0.2190144331402765,101.02209681618876,0.39461756568823736,13.301810679980772,0.05196019796867489,1.6006943095443729,10,256,0.9605185649905166,256,106,147,220,252,0.4140625,0.57421875,0.859375,0.984375,625.0,256.0,10000.0,0.3949419563823082,14.499392692178407,0.056638252703821904,26.543477476038973,0.10368545889077724,6.909038775123691,0.02698843271532692,2.3943617895029177,10.0,256.0,0.9784213304263597,256.0,27.0,47.0,117.0,211.0,0.10546875,0.18359375,0.45703125,0.82421875,39.0625,90,94.46
layer3.2.conv2,conv,46,256,1,False,256.0,0,8.0,8.0,160000,0.17859893892558862,49.90292737283329,0.19493331005013004,112.44177521818118,0.4392256844460202,9.57177913041253,0.037389762228173945,1.3354383984276035,10,256,0.9579901817666244,256,129,172,231,253,0.50390625,0.671875,0.90234375,0.98828125,625.0,256.0,10000.0,0.013945870547993693,14.788565979431414,0.05776783585715396,33.62021349072856,0.13132895894815844,5.268077095655933,0.020578426154905988,2.2716103436822697,10.0,256.0,0.9500614309889261,256.0,43.0,71.0,144.0,222.0,0.16796875,0.27734375,0.5625,0.8671875,39.0625,90,94.46
layer3.2,block,47,256,1,False,,0,8.0,8.0,160000,5.096732847543935,108.91010186124434,0.4254300853954857,165.8446273370062,0.6478305755351804,31.206133941050275,0.12189896070722764,0.9056182999070407,10,256,0.9881746189914726,256,177,212,246,255,0.69140625,0.828125,0.9609375,0.99609375,625.0,256.0,10000.0,0.3200604979885621,20.969461853957245,0.08191196036702049,50.229357840624665,0.1962084290649401,7.177706190757558,0.02803791480764671,1.410951603880672,10.0,256.0,0.9981641599614282,256.0,78.0,132.0,219.0,252.0,0.3046875,0.515625,0.85546875,0.984375,39.0625,90,94.46
layer3.3.conv1,conv,48,256,1,False,256.0,0,8.0,8.0,160000,4.385559995055091,59.08404811880912,0.23079706296409813,109.15593973693775,0.4263903895974131,12.754979176871062,0.04982413740965259,1.5063428895676787,10,256,0.9568063580789912,256,116,158,225,252,0.453125,0.6171875,0.87890625,0.984375,625.0,256.0,10000.0,0.3199286681755349,15.998527912785477,0.06249424965931827,31.360431935719923,0.12250168724890595,6.716296362560352,0.026235532666251376,2.330686550586748,10.0,256.0,0.9695935224846476,256.0,35.0,60.0,133.0,219.0,0.13671875,0.234375,0.51953125,0.85546875,39.0625,90,94.46
layer3.3.conv2,conv,49,256,1,False,256.0,0,8.0,8.0,160000,0.16466340725514036,41.15542462543332,0.1607633774430989,104.36235717306886,0.4076654577073002,8.053030603421805,0.031457150794616424,1.3832017020383292,10,256,0.9544869437386378,256,124,167,229,253,0.484375,0.65234375,0.89453125,0.98828125,625.0,256.0,10000.0,0.01258560426712891,13.174768585206373,0.05146393978596239,33.52871721717373,0.13097155162958488,4.436817411193458,0.017331318012474447,2.325747755870807,10.0,256.0,0.9489898027860415,256.0,45.0,72.0,143.0,221.0,0.17578125,0.28125,0.55859375,0.86328125,39.0625,90,94.46
layer3.3,block,50,256,1,False,,0,8.0,8.0,160000,5.134398390764377,124.02267365373756,0.4844635689599123,177.36778979249058,0.6928429288769163,36.449742943629325,0.14238180837355205,0.8676022741565506,10,256,0.9831121785332885,256,182,215,246,255,0.7109375,0.83984375,0.9609375,0.99609375,625.0,256.0,10000.0,0.30971277688162907,23.575285670679452,0.09209095965109161,57.15785826786102,0.22327288385883212,7.6506772125366025,0.029885457861471103,1.3727100593223673,10.0,256.0,0.9977634349943172,256.0,89.0,143.0,223.0,252.0,0.34765625,0.55859375,0.87109375,0.984375,39.0625,90,94.46
layer3.4.conv1,conv,51,256,1,False,256.0,0,8.0,8.0,160000,4.0584902924229045,53.8311123077049,0.21027778245197226,108.33652619734224,0.4231895554583681,10.90269222273986,0.04258864149507758,1.4805148842814728,10,256,0.9510460987926475,256,117,160,225,252,0.45703125,0.625,0.87890625,0.984375,625.0,256.0,10000.0,0.29798255504946664,17.028369636570492,0.06651706889285348,34.54856733790706,0.13495534116369945,6.690712135413407,0.02613559427895862,2.3496549469469468,10.0,256.0,0.9665635129976615,256.0,39.0,64.0,137.0,220.0,0.15234375,0.25,0.53515625,0.859375,39.0625,90,94.46
layer3.4.conv2,conv,52,256,1,False,256.0,0,8.0,8.0,160000,0.1659962265481849,38.934554042274215,0.15208810172763365,92.4109672304262,0.3609803407438523,8.09545576352209,0.03162287407625816,1.5722911479185746,10,256,0.9573115092361448,256,107,149,219,251,0.41796875,0.58203125,0.85546875,0.98046875,625.0,256.0,10000.0,0.014190316683450905,13.911643923013223,0.0543423590742704,32.13055076758784,0.12550996393589,4.635158931300532,0.018106089575392705,2.513757240318429,10.0,256.0,0.9556721400970093,256.0,38.0,61.0,128.0,210.0,0.1484375,0.23828125,0.5,0.8203125,39.0625,90,94.46
layer3.4,block,53,256,1,False,,0,8.0,8.0,160000,5.453111876531645,129.06197186473045,0.5041483275966033,180.99893575764554,0.7070270928033029,34.66350445114695,0.13540431426229277,0.8600068266291435,10,256,0.9807161459739376,256,183,215,247,255,0.71484375,0.83984375,0.96484375,0.99609375,625.0,256.0,10000.0,0.340009648411863,26.05403011870174,0.10177355515117867,60.458796072375875,0.23616717215771826,8.510166033169115,0.03324283606706686,1.387403617581211,10.0,256.0,0.9982119130950462,256.0,90.0,144.0,224.0,253.0,0.3515625,0.5625,0.875,0.98828125,39.0625,90,94.46
layer3.5.conv1,conv,54,256,1,False,256.0,0,8.0,8.0,160000,4.399725397115345,35.87184064800943,0.14012437753128684,91.54995068280483,0.3576169948547064,7.428068306269856,0.029015891821366626,1.5675625948552154,10,256,0.9550268974534277,256,107,149,220,252,0.41796875,0.58203125,0.859375,0.984375,625.0,256.0,10000.0,0.3714778620377385,14.069639218165756,0.054959528195959985,30.078382692886358,0.11749368239408733,5.108726587415005,0.019955963232089865,2.4456397214938876,10.0,256.0,0.9664468152555047,256.0,35.0,57.0,126.0,213.0,0.13671875,0.22265625,0.4921875,0.83203125,39.0625,90,94.46
layer3.5.conv2,conv,55,256,1,False,256.0,0,8.0,8.0,160000,0.23727032016315172,11.447393040663727,0.04471637906509268,44.0828140702566,0.17219849246193986,3.6012300992445883,0.014067305075174173,1.8706247315077678,10,256,0.9712608751870275,256,68,104,190,245,0.265625,0.40625,0.7421875,0.95703125,625.0,256.0,10000.0,0.031999638360202656,5.247037783406639,0.020496241341432183,13.506538672957014,0.052759916691238334,2.443411807011666,0.009544577371139321,2.7439960137843338,10.0,256.0,0.9644836515717229,256.0,18.0,31.0,80.0,172.0,0.0703125,0.12109375,0.3125,0.671875,39.0625,90,94.46
layer3.5,block,56,256,1,False,,0,8.0,8.0,160000,6.18980142911865,114.91179151096763,0.4488741855897173,172.8772857239359,0.6753018973591246,24.191508537236903,0.09449808022358165,0.8905122684620199,10,256,0.9837354826317602,256,180,214,246,255,0.703125,0.8359375,0.9609375,0.99609375,625.0,256.0,10000.0,0.45298752556400973,24.22831603648463,0.09464185951751809,53.13343823211229,0.20755249309418863,9.15878640272256,0.035776509385635,1.421323935451131,10.0,256.0,0.9983274597804762,256.0,78.0,132.0,219.0,252.0,0.3046875,0.515625,0.85546875,0.984375,39.0625,90,94.46
layer4.0.conv1,conv,57,512,1,False,512.0,0,4.0,4.0,160000,7.329681791241425,42.379855638212696,0.08277315554338417,98.17939104603677,0.19175662313679057,9.549772176543513,0.01865189878231155,1.8041207882972738,10,512,0.9813406318899741,512,115,191,371,488,0.224609375,0.373046875,0.724609375,0.953125,312.5,512.0,10000.0,1.056321176360468,13.813447348417712,0.026979389352378345,27.75829107551565,0.054215412256866505,5.908908294573107,0.011540836512838099,2.0380880740008367,10.0,512.0,0.9827707654793951,512.0,30.0,62.0,212.0,420.0,0.05859375,0.12109375,0.4140625,0.8203125,19.53125,90,94.46
layer4.0.conv2,conv,58,512,1,False,512.0,0,4.0,4.0,160000,0.4357608472209822,42.48849699246576,0.08298534568840969,75.28398745756127,0.14703903800304935,16.038020092804338,0.03132425799375847,2.2650691709759205,10,512,0.9816741963057949,512,73,115,260,450,0.142578125,0.224609375,0.5078125,0.87890625,312.5,512.0,10000.0,0.10268788113557527,10.599342467518362,0.0207018407568718,16.31498341140031,0.03186520197539123,5.77026052426774,0.01127004008646043,2.5193858680869075,10.0,512.0,0.9892271961826211,512.0,13.0,22.0,75.0,256.0,0.025390625,0.04296875,0.146484375,0.5,19.53125,90,94.46
layer4.0.downsample.0,conv,59,512,1,False,256.0,0,4.0,4.0,160000,0.9201497669047388,37.38994468511251,0.07302723571311037,63.99226043962329,0.12498488367113923,12.794166806225428,0.02498860704340904,7.300797438709023,10,512,0.5699243104670861,374,64,97,175,237,0.125,0.189453125,0.341796875,0.462890625,312.5,512.0,10000.0,0.13663098434898005,14.27220736290294,0.027875405005669804,26.424025236511817,0.05160942429006214,6.181703729758401,0.012073640097184377,6.96818480659896,10.0,512.0,0.6070859122782003,382.0,28.0,50.0,127.0,217.0,0.0546875,0.09765625,0.248046875,0.423828125,19.53125,90,94.46
layer4.0,block,60,512,1,False,,0,4.0,4.0,160000,5.844159239684365,46.86052775272975,0.0915244682670503,98.42502791686157,0.19223638265012025,14.381273034710311,0.028088423895918577,1.5578521234408458,10,512,0.9950333248952158,512,127,226,414,498,0.248046875,0.44140625,0.80859375,0.97265625,312.5,512.0,10000.0,1.2656929041480007,11.462444263906447,0.02238758645294228,21.51634736847547,0.04202411595405365,5.768797497995747,0.011267182613272943,1.6405631367825468,10.0,512.0,0.9949919615482249,512.0,21.0,52.0,242.0,457.0,0.041015625,0.1015625,0.47265625,0.892578125,19.53125,90,94.46
layer4.1.conv1,conv,61,512,1,False,512.0,0,4.0,4.0,160000,4.3825616895315145,36.24990834860541,0.07080060224336994,63.46483343129127,0.12395475279549076,10.071403507659891,0.019670709975898225,2.8455657228355458,10,512,0.9750576584978334,512,59,83,163,356,0.115234375,0.162109375,0.318359375,0.6953125,312.5,512.0,10000.0,0.8023875753250423,10.172906489587259,0.019868957987475115,15.227993987134246,0.029742175756121574,5.799408324462516,0.011326969383715852,2.932675210181792,10.0,512.0,0.9907756710214226,512.0,12.0,19.0,55.0,170.0,0.0234375,0.037109375,0.107421875,0.33203125,19.53125,90,94.46
layer4.1.conv2,conv,62,512,1,False,512.0,0,4.0,4.0,160000,0.14908709297631456,29.901816971868737,0.058401986273181127,46.4314662202391,0.0906864574614045,13.60180231693627,0.026566020150266153,2.82072477447561,10,512,0.9917777001129771,512,41,58,119,320,0.080078125,0.11328125,0.232421875,0.625,312.5,512.0,10000.0,0.0541658957499928,9.554950586264573,0.018662012863797994,11.386889489007526,0.022240018533217824,6.449556761828828,0.01259679055044693,2.8738090036209045,10.0,512.0,0.9941174529424408,512.0,9.0,10.0,21.0,85.0,0.017578125,0.01953125,0.041015625,0.166015625,19.53125,90,94.46
layer4.1,block,63,512,1,False,,0,4.0,4.0,160000,12.010262927854873,38.240679353208385,0.07468882686173513,76.44557005844392,0.14930775402039828,14.125979903782174,0.027589804499574558,1.6927955350115813,10,512,0.9957133361442261,512,87,169,376,491,0.169921875,0.330078125,0.734375,0.958984375,312.5,512.0,10000.0,3.9008983297279016,10.230400282607613,0.019981250551967995,15.05058108654997,0.02939566618466791,6.291762338957853,0.012288598318277057,1.7256354911088148,10.0,512.0,0.9954045547124343,512.0,10.0,20.0,127.0,404.0,0.01953125,0.0390625,0.248046875,0.7890625,19.53125,90,94.46
layer4.2.conv1,conv,64,512,1,False,512.0,0,4.0,4.0,160000,8.21652531216389,28.999091493051548,0.056638850572366305,47.696289225137804,0.09315681489284727,9.192496805841463,0.017954095323909108,3.0899383726729783,10,512,0.9874538670095132,512,43,58,109,268,0.083984375,0.11328125,0.212890625,0.5234375,312.5,512.0,10000.0,2.2299453722334235,9.354538483966191,0.018270582976496468,11.57845591625798,0.022614171711441367,5.738695419237623,0.011208389490698483,3.02588205120504,10.0,512.0,0.9935673723929064,512.0,9.0,10.0,27.0,94.0,0.017578125,0.01953125,0.052734375,0.18359375,19.53125,90,94.46
layer4.2.conv2,conv,65,512,1,False,512.0,0,4.0,4.0,160000,0.09633738134955001,19.427506551657835,0.03794434873370671,31.20103199227173,0.06093951560990572,10.376379282655606,0.02026636578643673,2.8607097613359738,10,512,0.9930352147846969,512,31,43,86,250,0.060546875,0.083984375,0.16796875,0.48828125,312.5,512.0,10000.0,0.05194065236195527,9.066148014237408,0.017707320340307437,9.970842838201044,0.019474302418361414,6.638121098280356,0.01296508027007882,2.914241579911809,10.0,512.0,0.9957608324722136,512.0,9.0,9.0,12.0,46.0,0.017578125,0.017578125,0.0234375,0.08984375,19.53125,90,94.46
layer4.2,block,66,512,1,False,,0,4.0,4.0,160000,23.163800578794152,28.409361629762447,0.05548703443312978,55.609712400711246,0.10861271953263915,12.77263556579264,0.02494655383943875,1.803896324766099,10,512,0.996160333698266,512,58,116,324,480,0.11328125,0.2265625,0.6328125,0.9375,312.5,512.0,10000.0,10.341345847440637,9.666860489829064,0.01888058689419739,12.539443088317345,0.024491099781869814,6.6010277954076075,0.012892632412905483,1.8428060346877122,10.0,512.0,0.9956969405147202,512.0,9.0,11.0,64.0,325.0,0.017578125,0.021484375,0.125,0.634765625,19.53125,90,94.46
layer4.3.conv1,conv,67,512,1,False,512.0,0,4.0,4.0,160000,15.124154503116975,22.99749354533231,0.04491697958072717,35.711921196256704,0.06974984608643887,9.332562403912865,0.018227660945142315,3.184279222329966,10,512,0.9910864499546523,512,33,44,79,195,0.064453125,0.0859375,0.154296875,0.380859375,312.5,512.0,10000.0,6.321034423921323,9.353916388558494,0.018269367946403308,10.501986532038455,0.020511692445387607,6.252596758657652,0.012212103044253226,3.100580800043425,10.0,512.0,0.9946806781472061,512.0,9.0,10.0,14.0,57.0,0.017578125,0.01953125,0.02734375,0.111328125,19.53125,90,94.46
layer4.3.conv2,conv,68,512,1,False,512.0,0,4.0,4.0,160000,0.08704598144395896,13.269749897843399,0.025917480269225388,20.161509199183797,0.039377947654655854,8.679119418585715,0.016951405114425225,2.835234574623475,10,512,0.9935614027845555,512,20,32,66,192,0.0390625,0.0625,0.12890625,0.375,312.5,512.0,10000.0,0.06169301376596703,8.980518706921645,0.017540075599456337,9.653659270432126,0.018854803262562746,7.004121663515057,0.013679925124052845,3.042946713417869,10.0,512.0,0.9963411102801072,512.0,8.0,9.0,11.0,33.0,0.015625,0.017578125,0.021484375,0.064453125,19.53125,90,94.46
layer4.3,block,69,512,1,False,,0,4.0,4.0,160000,39.20180291701184,21.795702426490564,0.04256973130173938,41.82062735087809,0.08168091279468377,10.80211394232409,0.021097878793601737,1.8838073736122791,10,512,0.9968849275898948,512,44,83,272,466,0.0859375,0.162109375,0.53125,0.91015625,312.5,512.0,10000.0,21.509225763823483,9.435238716311735,0.018428200617796358,11.642445213792291,0.022739150808188068,6.655952468151301,0.01299990716435801,1.9653815136758135,10.0,512.0,0.9963915785324762,512.0,9.0,10.0,42.0,252.0,0.017578125,0.01953125,0.08203125,0.4921875,19.53125,90,94.46
layer4.4.conv1,conv,70,512,1,False,512.0,0,4.0,4.0,160000,26.729349097625892,16.97994270814296,0.03316395060184172,25.59061582241601,0.04998167152815627,8.04155780908572,0.015706167595870547,3.1767247884403202,10,512,0.9907585212227289,512,24,34,60,144,0.046875,0.06640625,0.1171875,0.28125,312.5,512.0,10000.0,15.117804126107266,9.39076219801426,0.0183413324179966,10.148181749439459,0.019820667479373943,6.656090741815007,0.013000177230107435,3.1584662017394747,10.0,512.0,0.994774576365511,512.0,9.0,9.0,10.0,38.0,0.017578125,0.017578125,0.01953125,0.07421875,19.53125,90,94.46
layer4.4.conv2,conv,71,512,1,False,512.0,0,4.0,4.0,160000,0.10109469027521338,10.3759486348391,0.020265524677420117,13.536768931286662,0.026439001818919262,7.572786433864518,0.014790598503641637,2.793174024551393,10,512,0.9936537636366621,512,9,16,47,134,0.017578125,0.03125,0.091796875,0.26171875,312.5,512.0,10000.0,0.0849898264859777,9.001760876040045,0.017581564211015713,9.603179546378623,0.01875621005152075,7.164117504992548,0.013992417001938571,3.218495923732409,10.0,512.0,0.9923544551774858,512.0,8.0,9.0,10.0,27.0,0.015625,0.017578125,0.01953125,0.052734375,19.53125,90,94.46
layer4.4,block,72,512,1,False,,0,4.0,4.0,160000,60.016974638413394,17.515337174722546,0.03420964291937997,32.525432214041246,0.06352623479304931,9.228555857913399,0.018024523159987108,1.9381097745164657,10,512,0.9971832570312117,512,36,64,225,450,0.0703125,0.125,0.439453125,0.87890625,312.5,512.0,10000.0,38.23317296711635,9.317586964630333,0.01819841204029362,11.260266727191663,0.021992708451546217,6.520288658880873,0.012734938786876706,2.073594196439891,10.0,512.0,0.9964270619767329,512.0,9.0,9.0,33.0,197.0,0.017578125,0.017578125,0.064453125,0.384765625,19.53125,90,94.46
layer4.5.conv1,conv,73,512,1,False,512.0,0,4.0,4.0,160000,44.779198490828094,12.417840361311235,0.024253594455686006,17.239592525327218,0.03367107915102972,6.868008481889554,0.013414079066190535,3.0657832443659006,10,512,0.9908628471604529,512,13,23,45,109,0.025390625,0.044921875,0.087890625,0.212890625,312.5,512.0,10000.0,31.271047016134435,9.280295752087689,0.018125577640796267,9.857594607156354,0.019253114467102254,7.306153962456544,0.014269831957922937,3.177680024693746,10.0,512.0,0.9944936444574161,512.0,9.0,9.0,10.0,27.0,0.017578125,0.017578125,0.01953125,0.052734375,19.53125,90,94.46
layer4.5.conv2,conv,74,512,1,False,512.0,0,4.0,4.0,160000,0.12779994809695788,9.551490289419155,0.018655254471521786,11.245522285740966,0.021963910714337825,7.065789699392506,0.013800370506625989,2.7703702156263863,10,512,0.9975044404614699,512,9,9,27,92,0.017578125,0.017578125,0.052734375,0.1796875,312.5,512.0,10000.0,0.1153020161014375,9.11511506218784,0.017802959105835625,9.866228920261644,0.019269978359886024,6.9380591851429,0.013550896845982227,3.4263426195724636,10.0,512.0,0.9861218916961648,512.0,9.0,9.0,12.0,24.0,0.017578125,0.017578125,0.0234375,0.046875,19.53125,90,94.46
layer4.5,block,75,512,1,False,,0,4.0,4.0,160000,86.38187707495506,14.903093275889157,0.02910760405447101,26.406763460178677,0.05157570988316148,8.196984860558642,0.016009736055778597,1.975311952977672,10,512,0.9964386448002434,512,29,53,186,433,0.056640625,0.103515625,0.36328125,0.845703125,312.5,512.0,10000.0,61.34795395258462,9.326485581314863,0.01821579215100559,11.211790449202615,0.021898028221098858,6.35084587583735,0.012403995851244824,2.1708028424603047,10.0,512.0,0.995704167430457,512.0,9.0,9.0,29.0,162.0,0.017578125,0.017578125,0.056640625,0.31640625,19.53125,90,94.46
fc,linear,76,10,1,False,,0,,,10000,103.01748161547205,8.43154799673004,0.8431547996730041,8.714035899742612,0.8714035899742612,5.7826681697991775,0.5782668169799178,,10,10,,10,8,9,9,9,0.8,0.9,0.9,0.9,1000.0,,,,,,,,,,,,,,,,,,,,,,,,90,94.46
conv1,conv,0,64,1,False,27.0,0,32.0,32.0,160000,8.185610797608874,3.3849092842426187,0.05288920756629092,4.9899934422807295,0.0779686475356364,2.0433965869165798,0.03192807167057156,16.799137488931105,10,64,0.9440754182862606,44,5,6,10,16,0.078125,0.09375,0.15625,0.25,2500.0,64.0,10000.0,2.0649077548542514,2.1382371906484776,0.03340995610388246,2.4598166763395963,0.03843463556780619,1.6409826749178977,0.025640354295592152,10.939959271430062,10.0,64.0,0.9845204277261419,43.0,2.0,3.0,3.0,5.0,0.03125,0.046875,0.046875,0.078125,156.25,100,95.39
layer1.0.conv1,conv,1,64,1,False,64.0,0,32.0,32.0,160000,1.3558980140376153,8.525810530995349,0.13321578954680233,13.315101214813197,0.2080484564814562,4.957392212871526,0.0774592533261176,4.16363563381401,10,64,0.951082857631991,64,13,18,30,47,0.203125,0.28125,0.46875,0.734375,2500.0,64.0,10000.0,0.3499946402354846,3.205171991162457,0.05008081236191339,3.888807899078733,0.060762623423105205,2.3947741106610487,0.037418345479078886,5.786297677797181,10.0,64.0,0.9642056707270158,64.0,3.0,4.0,6.0,14.0,0.046875,0.0625,0.09375,0.21875,156.25,100,95.39
layer1.0.conv2,conv,2,64,1,False,64.0,0,32.0,32.0,160000,0.47815296072468183,13.119511243729152,0.204992363183268,19.860673452839272,0.3103230227006136,6.282872739942316,0.09816988656159868,3.1986887508776336,10,64,0.9670589772309074,64,19,25,41,58,0.296875,0.390625,0.640625,0.90625,2500.0,64.0,10000.0,0.091182039099103,3.8173947875150778,0.05964679355492309,4.940216177492239,0.07719087777331624,2.758626539111836,0.04310353967362244,4.550945456363574,10.0,64.0,0.9601432733727018,64.0,4.0,5.0,11.0,25.0,0.0625,0.078125,0.171875,0.390625,156.25,100,95.39
layer1.0,block,3,64,1,False,,0,32.0,32.0,160000,1.0441502152994777,14.274293971303909,0.22303584330162357,20.89716697426937,0.3265182339729589,7.737314427094404,0.12089553792335006,2.435964671680297,10,64,0.9746886855094333,64,19,28,48,61,0.296875,0.4375,0.75,0.953125,2500.0,64.0,10000.0,0.13952338347384624,3.9977608391689365,0.06246501311201463,6.130282802451985,0.09578566878831227,2.4140049964909114,0.03771882807017049,3.1288966520127097,10.0,64.0,0.9769363708623376,64.0,5.0,9.0,21.0,45.0,0.078125,0.140625,0.328125,0.703125,156.25,100,95.39
layer1.1.conv1,conv,4,64,1,False,64.0,0,32.0,32.0,160000,1.647920660520363,15.16618779723597,0.23697168433181204,21.74677980279371,0.33979343441865173,7.1568754753305885,0.11182617930204045,3.184975958104176,10,64,0.9574690063691971,64,19,26,42,58,0.296875,0.40625,0.65625,0.90625,2500.0,64.0,10000.0,0.15033590110824727,3.6563353083004086,0.057130239192193885,5.330725555143687,0.0832925867991201,2.2917297596551793,0.03580827749461218,4.681448102546399,10.0,64.0,0.9661949511345829,64.0,5.0,7.0,15.0,29.0,0.078125,0.109375,0.234375,0.453125,156.25,100,95.39
layer1.1.conv2,conv,5,64,1,False,64.0,0,32.0,32.0,160000,0.4238347279602258,15.310837313208008,0.23923183301887513,23.450708057290765,0.3664173133951682,6.858753860794299,0.10716802907491092,2.525349292031499,10,64,0.9590630788513022,64,23,31,49,61,0.359375,0.484375,0.765625,0.953125,2500.0,64.0,10000.0,0.025960020330451097,3.987839809896288,0.0623099970296295,6.346124748273037,0.0991581991917662,2.3792956731790005,0.03717649489342188,4.242382000008413,10.0,64.0,0.9646013334986152,64.0,6.0,9.0,19.0,35.0,0.09375,0.140625,0.296875,0.546875,156.25,100,95.39
layer1.1,block,6,64,1,False,,0,32.0,32.0,160000,1.8151220115713578,15.798269044717003,0.24684795382370317,25.304607720343576,0.39538449563036837,6.245697979444798,0.09758903092882497,2.023644178718203,10,64,0.9937524784911141,64,25,36,55,63,0.390625,0.5625,0.859375,0.984375,2500.0,64.0,10000.0,0.12382354324904414,5.536685725224988,0.08651071445664044,8.821724703486131,0.1378394484919708,2.9355306599004813,0.04586766656094502,2.78826227978819,10.0,64.0,0.9867780281054485,64.0,8.0,13.0,29.0,53.0,0.125,0.203125,0.453125,0.828125,156.25,100,95.39
layer1.2.conv1,conv,7,64,1,False,64.0,0,32.0,32.0,160000,2.7709930871266564,14.295234454870428,0.22336303835735044,21.86194239496782,0.3415928499213722,6.158512234215914,0.09622675365962366,2.85962940631379,10,64,0.9651018099345032,64,21,28,45,60,0.328125,0.4375,0.703125,0.9375,2500.0,64.0,10000.0,0.10562733135290682,5.444125499335869,0.08506446092712296,7.896414041088378,0.12338146939200591,3.573048236132273,0.05582887868956676,4.310540738942367,10.0,64.0,0.971782189010122,64.0,7.0,10.0,19.0,36.0,0.109375,0.15625,0.296875,0.5625,156.25,100,95.39
layer1.2.conv2,conv,8,64,1,False,64.0,0,32.0,32.0,160000,0.24069906619103723,15.559370289232543,0.2431151607692585,24.72936306027593,0.3863962978168114,7.271957000886596,0.11362432813885306,2.1440665651542954,10,64,0.9603462310033207,64,25,35,52,62,0.390625,0.546875,0.8125,0.96875,2500.0,64.0,10000.0,0.008250386723105112,5.281138674468338,0.08251779178856779,8.073686734981177,0.1261513552340809,3.024716327821129,0.04726119262220514,4.199126830454578,10.0,64.0,0.9729718591440905,64.0,8.0,11.0,21.0,39.0,0.125,0.171875,0.328125,0.609375,156.25,100,95.39
layer1.2,block,9,64,1,False,,0,32.0,32.0,160000,2.8217552381125364,15.688092811576219,0.24512645018087842,26.95439491545308,0.42116242055395436,5.829052932883249,0.09107895207630076,1.7861295283866925,10,64,0.9799777179210853,64,29,40,57,63,0.453125,0.625,0.890625,0.984375,2500.0,64.0,10000.0,0.12444627037251006,6.524442773624238,0.10194441833787872,10.362320845920967,0.16191126321751512,3.334028679658451,0.052094198119663294,2.65194252227888,10.0,64.0,0.9897528912649031,64.0,9.0,15.0,33.0,56.0,0.140625,0.234375,0.515625,0.875,156.25,100,95.39
layer1.3.conv1,conv,10,64,1,False,64.0,0,32.0,32.0,160000,4.491866613330318,13.03012650402363,0.2035957266253692,20.083539053483857,0.31380529771068527,6.327461103412336,0.09886657974081775,2.6689434460613457,10,64,0.9634395093003404,64,20,28,45,60,0.3125,0.4375,0.703125,0.9375,2500.0,64.0,10000.0,0.11862539097522025,2.8728478531499575,0.044888247705468086,5.315634840766657,0.08305679438697902,1.7692627836198203,0.02764473099405969,3.991347872218154,10.0,64.0,0.9660195441088059,64.0,6.0,9.0,18.0,38.0,0.09375,0.140625,0.28125,0.59375,156.25,100,95.39
layer1.3.conv2,conv,11,64,1,False,64.0,0,32.0,32.0,160000,0.1507756721568568,17.58694115026439,0.2747959554728811,27.04631929120934,0.42259873892514593,7.9230227150445085,0.12379722992257045,1.9855424488011555,10,64,0.9620176100603599,64,28,37,54,63,0.4375,0.578125,0.84375,0.984375,2500.0,64.0,10000.0,0.004041488279044062,3.7789373653048375,0.059045896332888086,6.2190552002832975,0.09717273750442652,2.3158117526399655,0.03618455863499946,3.8451128098332408,10.0,64.0,0.9642755747129658,64.0,7.0,10.0,21.0,41.0,0.109375,0.15625,0.328125,0.640625,156.25,100,95.39
layer1.3,block,12,64,1,False,,0,32.0,32.0,160000,3.8285299027748585,17.331717258541918,0.27080808216471747,29.568256338662653,0.46200400529160396,6.25490202947006,0.09773284421046968,1.6018134795689607,10,64,0.9771502821777935,64,32,43,58,64,0.5,0.671875,0.90625,1.0,2500.0,64.0,10000.0,0.13852429920766218,7.259682572076113,0.11343254018868927,11.327070181811633,0.17698547159080677,3.7195996306125223,0.05811874422832066,2.664731747267319,10.0,64.0,0.9893950227641232,64.0,10.0,16.0,35.0,57.0,0.15625,0.25,0.546875,0.890625,156.25,100,95.39
layer1.4.conv1,conv,13,64,1,False,64.0,0,32.0,32.0,160000,6.569301806744798,12.543855167199412,0.19599773698749082,19.604282008431777,0.3063169063817465,5.918103858585536,0.092470372790399,2.544292827062575,10,64,0.9582807569230872,64,20,28,46,61,0.3125,0.4375,0.71875,0.953125,2500.0,64.0,10000.0,0.13506479788392156,2.5713654736200495,0.040177585525313274,4.72835991805412,0.07388062371959563,1.6661312342435424,0.02603330053505535,3.8413475884310078,10.0,64.0,0.9700507958579336,64.0,6.0,9.0,18.0,38.0,0.09375,0.140625,0.28125,0.59375,156.25,100,95.39
layer1.4.conv2,conv,14,64,1,False,64.0,0,32.0,32.0,160000,0.11760806775933003,20.537104363436093,0.32089225567868895,30.63900676211281,0.47873448065801266,8.31753461860353,0.12996147841568015,2.0238970947426913,10,64,0.959404385709419,64,30,39,55,63,0.46875,0.609375,0.859375,0.984375,2500.0,64.0,10000.0,0.003468817855971059,3.0707575331335235,0.047980586455211305,5.5050887105326165,0.08601701110207213,1.855469763742339,0.028991715058474046,3.8796412438815313,10.0,64.0,0.9658858095682304,64.0,6.0,9.0,19.0,38.0,0.09375,0.140625,0.296875,0.59375,156.25,100,95.39
layer1.4,block,15,64,1,False,,0,32.0,32.0,160000,4.02589798599016,24.451893265092206,0.3820608322670657,36.371095874546334,0.5682983730397865,9.809395264519608,0.15327180100811888,1.4616442968930943,10,64,0.9750090998528157,64,37,47,60,64,0.578125,0.734375,0.9375,1.0,2500.0,64.0,10000.0,0.17329727705701511,6.611542255262971,0.10330534773848392,11.023075492147765,0.17223555456480882,3.2188090194806995,0.05029389092938593,2.6567505082655782,10.0,64.0,0.9944035230801822,64.0,10.0,16.0,34.0,57.0,0.15625,0.25,0.53125,0.890625,156.25,100,95.39
layer1.5.conv1,conv,16,64,1,False,64.0,0,32.0,32.0,160000,5.236020855126181,17.117082071078247,0.2674544073605976,26.456125949487763,0.4133769679607463,7.734546567629872,0.12085229011921675,2.3031154194507804,10,64,0.9512620067936498,64,26,35,52,62,0.40625,0.546875,0.8125,0.96875,2500.0,64.0,10000.0,0.14852913226630812,2.9005926573359213,0.04532176027087377,5.521157242156551,0.08626808190869611,1.773627218263576,0.027712925285368374,3.81335072320244,10.0,64.0,0.9725697955678088,64.0,7.0,10.0,20.0,40.0,0.109375,0.15625,0.3125,0.625,156.25,100,95.39
layer1.5.conv2,conv,17,64,1,False,64.0,0,32.0,32.0,160000,0.15787821035724586,17.745287975730303,0.277270124620786,27.033179428413625,0.4223934285689629,7.710968063916948,0.1204838759987023,2.2108420543958163,10,64,0.9665395438046396,64,26,36,53,62,0.40625,0.5625,0.828125,0.96875,2500.0,64.0,10000.0,0.004794153249223806,4.600007312878467,0.07187511426372604,7.483301031450327,0.11692657861641136,2.532748670415075,0.039574197975235544,3.8616727420570007,10.0,64.0,0.9606488706366233,64.0,7.0,10.0,21.0,41.0,0.109375,0.15625,0.328125,0.640625,156.25,100,95.39
layer1.5,block,18,64,1,False,,0,32.0,32.0,160000,3.866116769450569,27.69875975434406,0.43279312116162594,40.30073440986354,0.6296989751541178,10.112973527001428,0.1580152113593973,1.3439574410483641,10,64,0.9656588599875188,64,40,50,61,64,0.625,0.78125,0.953125,1.0,2500.0,64.0,10000.0,0.2030708869354915,6.997187219954643,0.1093310503117913,11.590178042215568,0.18109653190961825,3.3630068968094444,0.05254698276264757,2.6448333062161224,10.0,64.0,0.9956173034769176,64.0,11.0,16.0,35.0,58.0,0.171875,0.25,0.546875,0.90625,156.25,100,95.39
layer2.0.conv1,conv,19,128,1,False,128.0,0,16.0,16.0,160000,9.613406441051294,20.70458768366774,0.16175459127865421,34.408530223307636,0.2688166423695909,7.8497219861908585,0.06132595301711608,2.5152014378537104,10,128,0.9671359708982226,128,34,48,84,118,0.265625,0.375,0.65625,0.921875,1250.0,128.0,10000.0,0.7369207112226079,5.39159269720247,0.0421218179468943,8.667241128906817,0.0677128213195845,2.782731829031246,0.02174009241430661,3.704189438423928,10.0,128.0,0.9892471705052014,128.0,8.0,11.0,22.0,53.0,0.0625,0.0859375,0.171875,0.4140625,78.125,100,95.39
layer2.0.conv2,conv,20,128,1,False,128.0,0,16.0,16.0,160000,1.2266408830186895,31.403061306882634,0.24533641646002058,51.51448322358992,0.40245690018429625,11.359110955092438,0.08874305433665967,1.820226270455072,10,128,0.958939427274389,128,53,72,107,125,0.4140625,0.5625,0.8359375,0.9765625,1250.0,128.0,10000.0,0.1046096655128949,6.014794764316065,0.04699058409621926,9.999048888424115,0.0781175694408134,3.0279946161539293,0.023656207938702573,3.2298796666867804,10.0,128.0,0.9866949962782063,128.0,9.0,13.0,30.0,73.0,0.0703125,0.1015625,0.234375,0.5703125,78.125,100,95.39
layer2.0.downsample.0,conv,21,128,1,False,64.0,0,16.0,16.0,160000,1.5808045882874957,12.820903306964166,0.10016330708565754,21.224042253545893,0.16581283010582729,5.694403597921707,0.04448752810876334,11.395800111721437,10,128,0.6462071893129325,95,22,30,47,60,0.171875,0.234375,0.3671875,0.46875,1250.0,128.0,10000.0,0.12714906715918678,5.520474590335204,0.04312870773699378,8.55800113964391,0.06685938390346804,2.8958292379262685,0.022623665921298972,10.542672272361093,10.0,128.0,0.7103639565598745,96.0,8.0,10.0,21.0,45.0,0.0625,0.078125,0.1640625,0.3515625,78.125,100,95.39
layer2.0,block,22,128,1,False,,0,16.0,16.0,160000,4.777518722972413,27.029057633423236,0.21116451276111903,51.151214551654846,0.3996188636848035,9.173690628905003,0.07166945803832034,1.3976332263584266,10,128,0.9908017176033679,128,62,86,117,127,0.484375,0.671875,0.9140625,0.9921875,1250.0,128.0,10000.0,0.37794942848542207,7.921125540210121,0.06188379328289157,13.773362087425857,0.10760439130801451,3.749568893484096,0.0292935069803445,2.2827887120570556,10.0,128.0,0.9966676437635428,128.0,12.0,21.0,58.0,112.0,0.09375,0.1640625,0.453125,0.875,78.125,100,95.39
layer2.1.conv1,conv,23,128,1,False,128.0,0,16.0,16.0,160000,5.753847840303096,31.4741799772218,0.24589203107204533,49.7732552034187,0.3888535562767086,11.282619420215028,0.0881454642204299,2.06872323562807,10,128,0.9511271607395347,128,48,66,101,124,0.375,0.515625,0.7890625,0.96875,1250.0,128.0,10000.0,0.412228674476383,7.0325577266579815,0.05494185723951548,11.054120327404311,0.08636031505784618,3.6721466492505423,0.028688645697269862,3.2407932266554007,10.0,128.0,0.9844511419505179,128.0,10.0,14.0,33.0,76.0,0.078125,0.109375,0.2578125,0.59375,78.125,100,95.39
layer2.1.conv2,conv,24,128,1,False,128.0,0,16.0,16.0,160000,0.16019029981703672,34.68444562644717,0.27097223145661853,60.188668114542686,0.47022396964486474,9.975412353204131,0.07793290900940728,1.5048701198473604,10,128,0.960161553881897,128,64,85,115,127,0.5,0.6640625,0.8984375,0.9921875,1250.0,128.0,10000.0,0.009173334464150822,7.565682793540171,0.05910689682453259,14.007999831606305,0.10943749868442426,4.213774314228137,0.03292011182990732,2.8482999965262086,10.0,128.0,0.9592202280041989,128.0,15.0,26.0,56.0,98.0,0.1171875,0.203125,0.4375,0.765625,78.125,100,95.39
layer2.1,block,25,128,1,False,,0,16.0,16.0,160000,5.329192065891506,34.39025880462006,0.2686738969110942,61.12492392254594,0.47753846814489015,11.381042586277742,0.08891439520529486,1.2634849893511184,10,128,0.993305376490832,128,72,94,119,127,0.5625,0.734375,0.9296875,0.9921875,1250.0,128.0,10000.0,0.35563852925970385,9.228565080559425,0.07209816469187051,16.35489978605128,0.12777265457852563,4.229226203001079,0.03304082971094593,2.117164240965595,10.0,128.0,0.9970156909209329,128.0,15.0,27.0,72.0,118.0,0.1171875,0.2109375,0.5625,0.921875,78.125,100,95.39
layer2.2.conv1,conv,26,128,1,False,128.0,0,16.0,16.0,160000,5.949869184140413,31.376381111651636,0.2451279774347784,51.74271543511358,0.40423996433682485,9.911444209226183,0.07743315788457955,1.942499971478245,10,128,0.9524469756999935,128,51,70,105,125,0.3984375,0.546875,0.8203125,0.9765625,1250.0,128.0,10000.0,0.3738766201480085,6.898550644456512,0.0538949269098165,11.593321341470675,0.09057282298023965,3.5092349274996733,0.027415897871091197,3.0678768586509944,10.0,128.0,0.9808229770943632,128.0,11.0,16.0,39.0,85.0,0.0859375,0.125,0.3046875,0.6640625,78.125,100,95.39
layer2.2.conv2,conv,27,128,1,False,128.0,0,16.0,16.0,160000,0.12486178552862286,36.15974733162874,0.28249802602834956,61.540934368822754,0.48078854975642776,11.375655246693553,0.08887230661479338,1.451930010654234,10,128,0.9579364428587461,128,66,87,116,127,0.515625,0.6796875,0.90625,0.9921875,1250.0,128.0,10000.0,0.006465250105524839,7.399454075914727,0.05780823496808381,14.719340305970793,0.11499484614039682,3.4739889340056807,0.02714053854691938,2.7798815387661047,10.0,128.0,0.9498232354633016,128.0,17.0,28.0,60.0,102.0,0.1328125,0.21875,0.46875,0.796875,78.125,100,95.39
layer2.2,block,28,128,1,False,,0,16.0,16.0,160000,5.904632944978334,41.56449392202007,0.3247226087657818,69.4830499583547,0.5428363277996461,13.35658391408918,0.10434831182882172,1.1644287006963199,10,128,0.9929969926283523,128,78,99,121,128,0.609375,0.7734375,0.9453125,1.0,1250.0,128.0,10000.0,0.34393217170599016,10.208963514220443,0.07975752745484721,18.64944985612187,0.1456988270009521,4.5450496802483595,0.03550820062694031,2.0123251770706294,10.0,128.0,0.9972839429884817,128.0,19.0,33.0,82.0,121.0,0.1484375,0.2578125,0.640625,0.9453125,78.125,100,95.39
layer2.3.conv1,conv,29,128,1,False,128.0,0,16.0,16.0,160000,5.9568213009245925,33.45206119590037,0.26134422809297164,54.62701052230552,0.42677351970551186,10.455291911878508,0.08168196806155084,1.8388265626050306,10,128,0.9495570976555083,128,55,73,107,125,0.4296875,0.5703125,0.8359375,0.9765625,1250.0,128.0,10000.0,0.3341157604502222,7.827790845481624,0.061154615980325185,13.231916322961041,0.10337434627313313,4.436459870948275,0.0346598427417834,3.0149855193416504,10.0,128.0,0.9798360798637545,128.0,13.0,19.0,45.0,91.0,0.1015625,0.1484375,0.3515625,0.7109375,78.125,100,95.39
layer2.3.conv2,conv,30,128,1,False,128.0,0,16.0,16.0,160000,0.11069851182227551,37.96308317365647,0.2965865872941912,62.794274767425314,0.49058027162051027,12.124472527759949,0.0947224416231246,1.4795516782505598,10,128,0.9556881431334316,128,66,86,115,127,0.515625,0.671875,0.8984375,0.9921875,1250.0,128.0,10000.0,0.005801233939402243,8.013544975988157,0.06260582012490748,15.75064048583667,0.12305187879559898,3.5544460418416257,0.0277691097018877,2.844955159003564,10.0,128.0,0.9498683433122388,128.0,18.0,29.0,60.0,101.0,0.140625,0.2265625,0.46875,0.7890625,78.125,100,95.39
layer2.3,block,31,128,1,False,,0,16.0,16.0,160000,6.491562800110828,47.33577040706818,0.36981070630522017,75.5633107047225,0.5903383648806445,14.455384441958227,0.11293269095279865,1.0944099037800454,10,128,0.989657910006109,128,82,102,122,128,0.640625,0.796875,0.953125,1.0,1250.0,128.0,10000.0,0.3436694686838347,11.054472216427545,0.0863630641908402,20.827223556057497,0.1627126840316992,4.7442978809725505,0.03706482719509805,1.9503508032677421,10.0,128.0,0.9974317846394148,128.0,22.0,39.0,88.0,122.0,0.171875,0.3046875,0.6875,0.953125,78.125,100,95.39
layer2.4.conv1,conv,32,128,1,False,128.0,0,16.0,16.0,160000,6.193607165554367,33.13048293668188,0.2588318979428272,55.20826967175711,0.4313146068106024,10.150593572774882,0.07930151228730377,1.783907351941801,10,128,0.9508392203849804,128,56,75,109,126,0.4375,0.5859375,0.8515625,0.984375,1250.0,128.0,10000.0,0.31800152081510386,8.177589687067899,0.06388741943021796,14.17512355410084,0.1107431527664128,4.246107951656854,0.03317271837231917,2.958055338914928,10.0,128.0,0.9746448930099159,128.0,14.0,22.0,50.0,95.0,0.109375,0.171875,0.390625,0.7421875,78.125,100,95.39
layer2.4.conv2,conv,33,128,1,False,128.0,0,16.0,16.0,160000,0.11249682492535491,34.22300105822247,0.26736719576736306,59.52344993617207,0.4650269526263443,10.638045717410344,0.08310973216726832,1.521481503389926,10,128,0.9503440274058188,128,64,84,114,127,0.5,0.65625,0.890625,0.9921875,1250.0,128.0,10000.0,0.005227740933408485,9.12871382676965,0.07131807677163789,17.63262752921074,0.1377549025719589,4.229760010949108,0.033045000085539906,2.9030365989765072,10.0,128.0,0.9456257659849989,128.0,20.0,32.0,62.0,102.0,0.15625,0.25,0.484375,0.796875,78.125,100,95.39
layer2.4,block,34,128,1,False,,0,16.0,16.0,160000,6.964086369826489,52.75515264318418,0.4121496300248764,80.55261180659504,0.6293172797390237,15.804973656251185,0.12347635668946239,1.0471310028142813,10,128,0.9868071382108389,128,85,103,122,128,0.6640625,0.8046875,0.953125,1.0,1250.0,128.0,10000.0,0.3508733117429245,12.347492173283499,0.09646478260377733,23.32540487581971,0.1822297255923415,5.210453229497345,0.04070666585544801,1.9144413437703867,10.0,128.0,0.9975779590533119,128.0,26.0,44.0,93.0,123.0,0.203125,0.34375,0.7265625,0.9609375,78.125,100,95.39
layer2.5.conv1,conv,35,128,1,False,128.0,0,16.0,16.0,160000,6.439833281840398,32.10524993100404,0.25082226508596905,54.53034775116394,0.42601834180596826,9.560535640850539,0.07469168469414483,1.7777197789935815,10,128,0.9498698680243479,128,56,75,109,125,0.4375,0.5859375,0.8515625,0.9765625,1250.0,128.0,10000.0,0.3763026024734502,8.37515053045891,0.06543086351921024,14.812251711348923,0.11572071649491346,4.011827736218505,0.03134240418920707,3.042095966509917,10.0,128.0,0.9730592747265537,128.0,15.0,23.0,50.0,94.0,0.1171875,0.1796875,0.390625,0.734375,78.125,100,95.39
layer2.5.conv2,conv,36,128,1,False,128.0,0,16.0,16.0,160000,0.1369836298282218,21.963461118020057,0.1715895399845317,48.27645899095581,0.37715983586684226,6.081362659514178,0.047510645777454515,1.6662684556815945,10,128,0.9527505331816056,128,57,77,110,126,0.4453125,0.6015625,0.859375,0.984375,1250.0,128.0,10000.0,0.009248760842791661,5.849194909543318,0.04569683523080717,12.227161259194817,0.09552469733745951,2.892746581094837,0.022599582664803414,3.0659031102621963,10.0,128.0,0.9449082082770711,128.0,16.0,25.0,53.0,93.0,0.125,0.1953125,0.4140625,0.7265625,78.125,100,95.39
layer2.5,block,37,128,1,False,,0,16.0,16.0,160000,7.211498093212285,60.42160313509569,0.47204377449293505,85.97395523463783,0.671671525270608,19.8693617754753,0.1552293888709008,1.0266428615535206,10,128,0.983816328367723,128,87,105,123,128,0.6796875,0.8203125,0.9609375,1.0,1250.0,128.0,10000.0,0.3618688889809068,14.024447719958893,0.10956599781217885,26.431018846706948,0.20649233473989803,5.4992095770699105,0.042962574820858676,1.922910559254088,10.0,128.0,0.997909155510948,128.0,29.0,48.0,96.0,124.0,0.2265625,0.375,0.75,0.96875,78.125,100,95.39
layer3.0.conv1,conv,38,256,1,False,256.0,0,8.0,8.0,160000,15.472104644432966,44.35645277272666,0.17326739364346352,76.15380979537973,0.29747581951320207,15.762510247631495,0.061572305654810526,1.9293951354986383,10,256,0.9647144075781475,256,78,114,194,246,0.3046875,0.4453125,0.7578125,0.9609375,625.0,256.0,10000.0,1.1947862368186009,12.023090017977585,0.04696519538272494,21.13579503557918,0.08256169935773117,5.0974289177755026,0.019911831710060557,2.6817877841701656,10.0,256.0,0.9877393764726577,256.0,20.0,32.0,82.0,182.0,0.078125,0.125,0.3203125,0.7109375,39.0625,100,95.39
layer3.0.conv2,conv,39,256,1,False,256.0,0,8.0,8.0,160000,1.569217432850156,64.03446868312949,0.25013464329347457,107.09070748306043,0.4183230761057048,19.941089117466003,0.07789487936510157,1.5481644756158945,10,256,0.959403760101499,256,112,153,222,252,0.4375,0.59765625,0.8671875,0.984375,625.0,256.0,10000.0,0.14668022341382858,11.794419663520706,0.04607195181062776,21.317519105004987,0.08327155900392573,5.290434933682741,0.020665761459698208,2.47125797224191,10.0,256.0,0.989176377442145,256.0,21.0,35.0,94.0,199.0,0.08203125,0.13671875,0.3671875,0.77734375,39.0625,100,95.39
layer3.0.downsample.0,conv,40,256,1,False,128.0,0,8.0,8.0,160000,2.622528898099753,32.5119139812899,0.12699966398941367,51.8549839420272,0.20255853102354374,12.244202175329859,0.04782891474738226,9.115657168311076,10,256,0.5748809323489426,189,52,70,103,124,0.203125,0.2734375,0.40234375,0.484375,625.0,256.0,10000.0,0.18744008743741417,11.21737908443184,0.04381788704856188,20.278581256456,0.07921320803303125,4.778616899503708,0.01866647226368636,8.780771478550049,10.0,256.0,0.6247491997633252,193.0,20.0,34.0,73.0,113.0,0.078125,0.1328125,0.28515625,0.44140625,39.0625,100,95.39
layer3.0,block,41,256,1,False,,0,8.0,8.0,160000,4.233381390409238,70.38844819222075,0.2749548757508623,127.4614770289311,0.4978963946442621,19.57365168280401,0.07645957688595316,1.082231707954848,10,256,0.994428986710542,256,154,196,242,255,0.6015625,0.765625,0.9453125,0.99609375,625.0,256.0,10000.0,0.3354479243925276,14.892032528327022,0.05817200206377743,32.78501102173473,0.1280664493036513,5.854239441036098,0.022868122816547258,1.6133913142252334,10.0,256.0,0.9980204931240982,256.0,43.0,85.0,192.0,248.0,0.16796875,0.33203125,0.75,0.96875,39.0625,100,95.39
layer3.1.conv1,conv,42,256,1,False,256.0,0,8.0,8.0,160000,4.707130678214802,50.18988581750246,0.19605424147461897,91.47586546887169,0.35732759948778003,12.51931618810895,0.04890357885980059,1.715043038483164,10,256,0.9601930627881765,256,96,136,211,250,0.375,0.53125,0.82421875,0.9765625,625.0,256.0,10000.0,0.4191316243702484,11.908401078777041,0.04651719171397282,21.294840482787304,0.0831829706358879,5.708116860791839,0.02229733148746812,2.5039686740196965,10.0,256.0,0.9847929418226598,256.0,21.0,36.0,94.0,196.0,0.08203125,0.140625,0.3671875,0.765625,39.0625,100,95.39
layer3.1.conv2,conv,43,256,1,False,256.0,0,8.0,8.0,160000,0.2090303605387517,44.40968492236045,0.1734753317279705,107.63180618117771,0.4204367428952254,8.631271874501856,0.033715905759772874,1.3299770256471013,10,256,0.9637047462585413,256,129,172,232,253,0.50390625,0.671875,0.90625,0.98828125,625.0,256.0,10000.0,0.016490659313212426,12.284013585471664,0.04798442806824869,28.911083086005956,0.11293391830471076,4.4253904671252915,0.01728668151220817,2.2574544656147784,10.0,256.0,0.9551811688805953,256.0,38.0,65.0,139.0,220.0,0.1484375,0.25390625,0.54296875,0.859375,39.0625,100,95.39
layer3.1,block,44,256,1,False,,0,8.0,8.0,160000,4.2977298202894,93.51168206341895,0.36528000806023025,152.05905107506365,0.5939806682619674,26.849487164871203,0.10488080923777814,0.9611165422350091,10,256,0.9930797450260689,256,171,208,245,255,0.66796875,0.8125,0.95703125,0.99609375,625.0,256.0,10000.0,0.2982974795751722,17.73223140964332,0.06926652894391921,41.535978852419944,0.1622499173922654,6.448176510765568,0.025188189495178,1.4787107643114603,10.0,256.0,0.9980868163120914,256.0,62.0,114.0,210.0,251.0,0.2421875,0.4453125,0.8203125,0.98046875,39.0625,100,95.39
layer3.2.conv1,conv,45,256,1,False,256.0,0,8.0,8.0,160000,3.9854317368628625,57.88404177747999,0.22610953819328122,103.83218362343905,0.4055944672790588,13.412100586861271,0.05239101791742684,1.5786643957407989,10,256,0.9595400954283434,256,108,150,221,252,0.421875,0.5859375,0.86328125,0.984375,625.0,256.0,10000.0,0.32125686673728193,14.336135324430856,0.05600052861105803,26.67809801048525,0.10421132035345801,6.805251673600131,0.026583014350000513,2.387816274448351,10.0,256.0,0.9783978952644652,256.0,28.0,48.0,118.0,211.0,0.109375,0.1875,0.4609375,0.82421875,39.0625,100,95.39
layer3.2.conv2,conv,46,256,1,False,256.0,0,8.0,8.0,160000,0.14532582242913625,50.27044500031478,0.1963689257824796,115.35930696908865,0.45062229284800254,9.418288902487246,0.036790191025340806,1.3070332435929761,10,256,0.9553381433486916,256,133,175,233,254,0.51953125,0.68359375,0.91015625,0.9921875,625.0,256.0,10000.0,0.0116958999489396,14.263745210069837,0.0557177547268353,33.23793272187926,0.12983567469484086,5.007905141118378,0.019562129457493665,2.2523627858946735,10.0,256.0,0.9489518841043818,256.0,44.0,72.0,145.0,223.0,0.171875,0.28125,0.56640625,0.87109375,39.0625,100,95.39
layer3.2,block,47,256,1,False,,0,8.0,8.0,160000,4.34837688855518,114.46355188121547,0.4471232495359979,170.3756216154847,0.6655297719354871,34.54312366532165,0.1349340768176627,0.8819720978027539,10,256,0.9901282115236555,256,180,214,247,255,0.703125,0.8359375,0.96484375,0.99609375,625.0,256.0,10000.0,0.2761568331438203,21.05441046022189,0.08224379086024176,50.81254591974145,0.19848650749899005,7.127580066266039,0.027842109633851714,1.398501991487527,10.0,256.0,0.9982204134369169,256.0,80.0,134.0,220.0,252.0,0.3125,0.5234375,0.859375,0.984375,39.0625,100,95.39
layer3.3.conv1,conv,48,256,1,False,256.0,0,8.0,8.0,160000,3.4825727925598486,61.335921081172835,0.23959344172333139,112.57487266187167,0.4397455963354362,12.962906002549683,0.0506363515724597,1.4815164834701715,10,256,0.954990334670996,256,119,161,226,253,0.46484375,0.62890625,0.8828125,0.98828125,625.0,256.0,10000.0,0.2582945020658293,15.806889769186764,0.0617456631608858,31.609789690793093,0.12347574097966052,6.513931958143488,0.025445046711498,2.3220773087074673,10.0,256.0,0.9697928851379863,256.0,36.0,61.0,134.0,220.0,0.140625,0.23828125,0.5234375,0.859375,39.0625,100,95.39
layer3.3.conv2,conv,49,256,1,False,256.0,0,8.0,8.0,160000,0.13538531506672627,40.25267442669369,0.15723700947927222,105.32174874860104,0.4114130810492228,7.820236374725718,0.030547798338772338,1.3645617006562352,10,256,0.9540504946437793,256,126,169,230,253,0.4921875,0.66015625,0.8984375,0.98828125,625.0,256.0,10000.0,0.010486191175140824,12.527838581660403,0.04893686945961095,32.995017004416944,0.1288867851735037,4.229614286472393,0.016521930806532786,2.3120514302665183,10.0,256.0,0.9469554395323293,256.0,45.0,72.0,144.0,222.0,0.17578125,0.28125,0.5625,0.8671875,39.0625,100,95.39
layer3.3,block,50,256,1,False,,0,8.0,8.0,160000,4.369773373700347,130.20919458874423,0.5086296663622821,182.1164409496329,0.7113923474595035,39.66700885958295,0.1549492533577459,0.839731170584221,10,256,0.9856518514738442,256,185,217,247,256,0.72265625,0.84765625,0.96484375,1.0,625.0,256.0,10000.0,0.266936612845434,23.57138186162983,0.09207571039699153,57.62823275023921,0.22511028418062193,7.596417434979185,0.02967350560538744,1.3558962836996442,10.0,256.0,0.9980248644984134,256.0,91.0,145.0,224.0,253.0,0.35546875,0.56640625,0.875,0.98828125,39.0625,100,95.39
layer3.4.conv1,conv,51,256,1,False,256.0,0,8.0,8.0,160000,3.229494071965297,55.07787592704028,0.2151479528400011,111.20816736705731,0.43440690377756763,10.86026302184642,0.042422902429087576,1.4589462376312483,10,256,0.9503954355207771,256,120,162,226,253,0.46875,0.6328125,0.8828125,0.98828125,625.0,256.0,10000.0,0.24241202448063087,17.066969272238538,0.06666784871968179,34.75577812658656,0.13576475830697876,6.612442379569454,0.02582985304519318,2.3367945393253526,10.0,256.0,0.9658065726222328,256.0,40.0,65.0,138.0,221.0,0.15625,0.25390625,0.5390625,0.86328125,39.0625,100,95.39
layer3.4.conv2,conv,52,256,1,False,256.0,0,8.0,8.0,160000,0.13452880363454775,38.50738864893303,0.15041948690989465,94.19507827620377,0.367949524516421,7.871439680553635,0.030747811252162638,1.551220338185708,10,256,0.955202015446317,256,109,151,221,251,0.42578125,0.58984375,0.86328125,0.98046875,625.0,256.0,10000.0,0.011882152447377075,13.84486968861512,0.05408152222115281,32.024207115573304,0.12509455904520822,4.622092063408485,0.018055047122689395,2.508142598603178,10.0,256.0,0.9548471915729732,256.0,38.0,61.0,128.0,210.0,0.1484375,0.23828125,0.5,0.8203125,39.0625,100,95.39
layer3.4,block,53,256,1,False,,0,8.0,8.0,160000,4.677020917531371,132.8104870219263,0.5187909649293996,184.45811276430857,0.7205395029855803,33.30602289649665,0.13010165193944004,0.8363484946972838,10,256,0.9824890863454027,256,185,217,247,256,0.72265625,0.84765625,0.96484375,1.0,625.0,256.0,10000.0,0.2970886984952081,25.99296751618073,0.10153502936008098,60.36211204254693,0.23578950016619896,8.63144151409873,0.033716568414448166,1.371745549064659,10.0,256.0,0.9984087957197247,256.0,91.0,145.0,224.0,253.0,0.35546875,0.56640625,0.875,0.98828125,39.0625,100,95.39
layer3.5.conv1,conv,54,256,1,False,256.0,0,8.0,8.0,160000,3.5743060907335242,33.992050341425916,0.13278144664619498,91.55994203596495,0.3576560235779881,7.044934739285597,0.027519276325334362,1.5447699197783025,10,256,0.9532503359199596,256,109,151,221,252,0.42578125,0.58984375,0.86328125,0.984375,625.0,256.0,10000.0,0.3070742297411286,13.766440826813993,0.05377515947974216,29.822732699019976,0.11649504960554678,4.9693214990138355,0.019411412105522795,2.435944801358508,10.0,256.0,0.9650942266412279,256.0,35.0,57.0,126.0,213.0,0.13671875,0.22265625,0.4921875,0.83203125,39.0625,100,95.39
layer3.5.conv2,conv,55,256,1,False,256.0,0,8.0,8.0,160000,0.18744337569501757,13.70223507179555,0.05352435574920137,49.396996810328936,0.1929570187903474,4.00557445980422,0.015646775233610234,1.856798918978388,10,256,0.9705801092028624,256,71,109,193,246,0.27734375,0.42578125,0.75390625,0.9609375,625.0,256.0,10000.0,0.025150897481490412,6.314246300437843,0.024665024611085325,15.29596529961282,0.05974986445161258,2.75301571930017,0.01075396765351629,2.731729234890369,10.0,256.0,0.9636956120601523,256.0,19.0,33.0,83.0,175.0,0.07421875,0.12890625,0.32421875,0.68359375,39.0625,100,95.39
layer3.5,block,56,256,1,False,,0,8.0,8.0,160000,5.450602740269627,112.46558979381886,0.43931871013210494,172.9257448147496,0.6754911906826156,21.974766333325555,0.08583893098955295,0.8769592823107178,10,256,0.9870003329638036,256,181,215,247,255,0.70703125,0.83984375,0.96484375,0.99609375,625.0,256.0,10000.0,0.41245570230072437,23.748917146076828,0.09276920760186261,51.521466345698244,0.20125572791288376,9.691606664092708,0.03785783853161214,1.4095489191519477,10.0,256.0,0.9986001961410725,256.0,77.0,131.0,219.0,252.0,0.30078125,0.51171875,0.85546875,0.984375,39.0625,100,95.39
layer4.0.conv1,conv,57,512,1,False,512.0,0,4.0,4.0,160000,6.173645401402458,41.02709521391516,0.08013104533967805,97.95603386406786,0.19132037864075754,9.088151314693473,0.01775029553651069,1.8000889621053464,10,512,0.9813147583284819,512,116,192,372,489,0.2265625,0.375,0.7265625,0.955078125,312.5,512.0,10000.0,0.9104072121011431,13.861354422268459,0.027072957855993084,27.12371144681536,0.05297599891956125,6.136733194163193,0.011985807019849986,2.0301676582994452,10.0,512.0,0.9825455556228099,512.0,29.0,60.0,209.0,419.0,0.056640625,0.1171875,0.408203125,0.818359375,19.53125,100,95.39
layer4.0.conv2,conv,58,512,1,False,512.0,0,4.0,4.0,160000,0.36319543819189287,43.22987947641632,0.08443335835237563,76.06307034856849,0.14856068427454783,17.29516996768684,0.03377962884313836,2.2671178262005176,10,512,0.9812812023252623,512,74,116,261,450,0.14453125,0.2265625,0.509765625,0.87890625,312.5,512.0,10000.0,0.08873612785676968,10.629398028264188,0.02076054302395349,15.898510306899913,0.031051777943163893,6.035304960172325,0.011787705000336572,2.511316219618428,10.0,512.0,0.988734646653193,512.0,13.0,21.0,72.0,251.0,0.025390625,0.041015625,0.140625,0.490234375,19.53125,100,95.39
layer4.0.downsample.0,conv,59,512,1,False,256.0,0,4.0,4.0,160000,0.7815888244399545,36.87044815478727,0.07201259405231888,63.94853856367539,0.1248994893821785,11.95936247610771,0.02335812983614787,7.2891305518210565,10,512,0.5667599498306866,372,64,98,176,238,0.125,0.19140625,0.34375,0.46484375,312.5,512.0,10000.0,0.11935687049198122,14.30477670029844,0.02793901699277039,25.89795336797379,0.05058194017182381,6.467109018081663,0.012631072300940748,6.971230992733223,10.0,512.0,0.6070392033112102,383.0,27.0,49.0,127.0,217.0,0.052734375,0.095703125,0.248046875,0.423828125,19.53125,100,95.39
layer4.0,block,60,512,1,False,,0,4.0,4.0,160000,5.215651647564888,46.160670706726584,0.09015755997407536,96.52435361161275,0.18852412814768116,14.481775534690554,0.028284717841192488,1.5764977390992305,10,512,0.9950828434850262,512,123,220,410,497,0.240234375,0.4296875,0.80078125,0.970703125,312.5,512.0,10000.0,1.1861241698450662,11.184746889714503,0.02184520876897364,20.278108760364287,0.0396056811725865,5.7346706179901,0.011200528550761915,1.6480918783926906,10.0,512.0,0.9950238280779475,512.0,19.0,47.0,227.0,452.0,0.037109375,0.091796875,0.443359375,0.8828125,19.53125,100,95.39
layer4.1.conv1,conv,61,512,1,False,512.0,0,4.0,4.0,160000,3.722249684064899,37.18656315763003,0.07263000616724616,64.35405039175102,0.1256915046713887,10.304115917357931,0.02012522640108971,2.8595244863072793,10,512,0.9748051729527489,512,60,83,162,354,0.1171875,0.162109375,0.31640625,0.69140625,312.5,512.0,10000.0,0.7151568387532582,10.234440028368814,0.01998914068040784,14.871855620989015,0.02904659300974417,6.161117170103691,0.012033431972858772,2.9325563419647174,10.0,512.0,0.9905205881057815,512.0,12.0,18.0,52.0,165.0,0.0234375,0.03515625,0.1015625,0.322265625,19.53125,100,95.39
layer4.1.conv2,conv,62,512,1,False,512.0,0,4.0,4.0,160000,0.12473770106167023,29.626281851096497,0.057863831740422846,46.30980679140753,0.09044884138946784,14.010249851956567,0.02736376924210267,2.8305863306632926,10,512,0.9912660331641484,512,42,58,119,318,0.08203125,0.11328125,0.232421875,0.62109375,312.5,512.0,10000.0,0.04777807401652444,9.656192722535215,0.01885975141120159,11.31228450390106,0.022094305671681757,6.94369108671863,0.013561896653747324,2.8736601818155227,10.0,512.0,0.9937936049881836,512.0,9.0,10.0,20.0,81.0,0.017578125,0.01953125,0.0390625,0.158203125,19.53125,100,95.39
layer4.1,block,63,512,1,False,,0,4.0,4.0,160000,11.075196773007296,36.84973778075697,0.07197214410304095,73.46554619559211,0.14348739491326584,14.215785827484252,0.02776520669430518,1.7168469785044431,10,512,0.9955270616598936,512,82,160,368,490,0.16015625,0.3125,0.71875,0.95703125,312.5,512.0,10000.0,3.8358338900799773,10.155259854817611,0.019834491903940647,14.417570173167606,0.02815931674446798,6.374251382037206,0.012449709730541419,1.7387143795803592,10.0,512.0,0.9946686847749181,512.0,10.0,17.0,111.0,391.0,0.01953125,0.033203125,0.216796875,0.763671875,19.53125,100,95.39
layer4.2.conv1,conv,64,512,1,False,512.0,0,4.0,4.0,160000,7.192107890671054,28.668452252800613,0.0559930708062512,47.6328473300133,0.09303290494143222,9.038547535292372,0.017653413154867913,3.1110633886158974,10,512,0.9869259684519892,512,43,58,108,264,0.083984375,0.11328125,0.2109375,0.515625,312.5,512.0,10000.0,2.0872340322935785,9.282963933689098,0.01813078893298652,11.345305088101497,0.022158799000198237,5.52629628174266,0.010793547425278632,3.031665875789658,10.0,512.0,0.9930209179238473,512.0,9.0,10.0,25.0,90.0,0.017578125,0.01953125,0.048828125,0.17578125,19.53125,100,95.39
layer4.2.conv2,conv,65,512,1,False,512.0,0,4.0,4.0,160000,0.08053234441531512,19.02328052305678,0.03715484477159527,30.741236065941187,0.06004147669129138,10.762110902903071,0.02101974785723256,2.8664971946694986,10,512,0.9925444441228023,512,31,43,86,249,0.060546875,0.083984375,0.16796875,0.486328125,312.5,512.0,10000.0,0.04514426672987297,9.176833600426395,0.017923503125832803,9.999104534427284,0.01952950104380329,7.350156834780033,0.014355775067929752,2.918835471266579,10.0,512.0,0.9954410071682679,512.0,9.0,9.0,11.0,44.0,0.017578125,0.017578125,0.021484375,0.0859375,19.53125,100,95.39
layer4.2,block,66,512,1,False,,0,4.0,4.0,160000,21.70117394865158,27.248383061602805,0.05321949816719298,53.06896421200268,0.10365032072656774,12.486246169836988,0.024387199550462868,1.830382686531624,10,512,0.9959015078800821,512,55,109,313,477,0.107421875,0.212890625,0.611328125,0.931640625,312.5,512.0,10000.0,10.209917888538394,9.701689674402415,0.018948612645317216,12.279082204559945,0.023982582430781142,6.70649387942329,0.013098620858248613,1.862869828125253,10.0,512.0,0.9948490846519835,512.0,9.0,10.0,57.0,306.0,0.017578125,0.01953125,0.111328125,0.59765625,19.53125,100,95.39
layer4.3.conv1,conv,67,512,1,False,512.0,0,4.0,4.0,160000,13.462069226696137,22.326029029299967,0.0436055254478515,35.189328841308786,0.06872915789318122,8.874599526283372,0.01733320219977221,3.2051566468530237,10,512,0.9907359196282836,512,33,44,78,191,0.064453125,0.0859375,0.15234375,0.373046875,312.5,512.0,10000.0,5.9069713026061255,9.345281283145967,0.018252502506144467,10.433170772254313,0.020377286664559204,5.9297476431227,0.011581538365474023,3.112479871302204,10.0,512.0,0.9939972539483647,512.0,9.0,10.0,13.0,54.0,0.017578125,0.01953125,0.025390625,0.10546875,19.53125,100,95.39
layer4.3.conv2,conv,68,512,1,False,512.0,0,4.0,4.0,160000,0.07624247368561467,12.946993389362808,0.025287096463599234,19.52446428751965,0.038133719311561814,8.424672573228001,0.01645443861958594,2.839434448046324,10,512,0.9933724678558031,512,19,31,66,189,0.037109375,0.060546875,0.12890625,0.369140625,312.5,512.0,10000.0,0.055538982797037624,9.042230692290682,0.017660606820880238,9.660296291277303,0.018867766193900983,7.194913390634884,0.014052565216083758,3.054851027234749,10.0,512.0,0.9962340061135824,512.0,8.0,9.0,10.0,32.0,0.015625,0.017578125,0.01953125,0.0625,19.53125,100,95.39
layer4.3,block,69,512,1,False,,0,4.0,4.0,160000,36.97796433521609,20.94449280496869,0.04090721250970447,39.82208527540312,0.07777751030352172,10.399329817647466,0.020311191050092707,1.9098576509946121,10,512,0.9965251636911108,512,42,78,259,462,0.08203125,0.15234375,0.505859375,0.90234375,312.5,512.0,10000.0,21.165861028809204,9.471466634823564,0.018498958271139773,11.474942247193189,0.022411996576549197,6.676846690949373,0.013040716193260493,1.9882249350225145,10.0,512.0,0.9958521451655125,512.0,9.0,9.0,38.0,232.0,0.017578125,0.017578125,0.07421875,0.453125,19.53125,100,95.39
layer4.4.conv1,conv,70,512,1,False,512.0,0,4.0,4.0,160000,23.936389435461354,16.92602236219427,0.033058637426160685,25.37110183412626,0.04955293326977785,8.192201838246147,0.016000394215324506,3.1987969321555347,10,512,0.9910064861288429,512,24,34,60,141,0.046875,0.06640625,0.1171875,0.275390625,312.5,512.0,10000.0,13.899775399532096,9.491090371076302,0.018537285881008402,10.184038392276213,0.019890699984914478,6.734874966467984,0.013154052668882782,3.1736335224819188,10.0,512.0,0.9941800158819092,512.0,9.0,10.0,10.0,37.0,0.017578125,0.01953125,0.01953125,0.072265625,19.53125,100,95.39
layer4.4.conv2,conv,71,512,1,False,512.0,0,4.0,4.0,160000,0.09149520867176741,10.201896539698344,0.01992557917909833,13.092290431759439,0.025570879749530154,7.354196810830095,0.014363665646152528,2.800864566683688,10,512,0.9934234192262645,512,9,15,45,129,0.017578125,0.029296875,0.087890625,0.251953125,312.5,512.0,10000.0,0.07803359349557139,9.010299673242683,0.017598241549302115,9.54867169493303,0.018649749404166076,7.071991294873988,0.013812482997800758,3.2319403642573024,10.0,512.0,0.9930338487266076,512.0,8.0,9.0,10.0,26.0,0.015625,0.017578125,0.01953125,0.05078125,19.53125,100,95.39
layer4.4,block,72,512,1,False,,0,4.0,4.0,160000,57.01491318153742,16.848838006021374,0.0329078867305105,30.829096264870948,0.06021307864232607,8.91788208017807,0.01741773843784779,1.9622431134788083,10,512,0.9967574458503827,512,34,61,212,444,0.06640625,0.119140625,0.4140625,0.8671875,312.5,512.0,10000.0,37.615399956263026,9.33138390324771,0.018225359186030684,11.085176721973474,0.02165073578510444,6.497034393580081,0.012689520299961095,2.0952208139533384,10.0,512.0,0.9963642930595797,512.0,9.0,9.0,30.0,179.0,0.017578125,0.017578125,0.05859375,0.349609375,19.53125,100,95.39
layer4.5.conv1,conv,73,512,1,False,512.0,0,4.0,4.0,160000,40.18254323050899,12.575273639601066,0.024561081327345833,17.247352595524763,0.0336862355381343,7.2086758785142075,0.014079445075223062,3.08733136812409,10,512,0.9913773305177886,512,13,22,44,108,0.025390625,0.04296875,0.0859375,0.2109375,312.5,512.0,10000.0,28.43205353885496,9.318978166699425,0.018201129231834815,9.861182349575706,0.019260121776515052,7.2832441949149,0.014225086318193164,3.1900243729377555,10.0,512.0,0.9943848514606841,512.0,9.0,9.0,10.0,26.0,0.017578125,0.017578125,0.01953125,0.05078125,19.53125,100,95.39
layer4.5.conv2,conv,74,512,1,False,512.0,0,4.0,4.0,160000,0.1191207571283873,9.42493040808627,0.018408067203293497,10.935042846659254,0.021357505559881355,6.885008007944972,0.013447281265517523,2.7948733444879683,10,512,0.9969608804790275,512,9,9,25,87,0.017578125,0.017578125,0.048828125,0.169921875,312.5,512.0,10000.0,0.10812784421526236,9.059525552383109,0.01769438584449826,9.707756180997764,0.018960461291011258,6.900906660212873,0.013478333320728267,3.4457265898563763,10.0,512.0,0.9877737667544101,512.0,9.0,9.0,11.0,23.0,0.017578125,0.017578125,0.021484375,0.044921875,19.53125,100,95.39
layer4.5,block,75,512,1,False,,0,4.0,4.0,160000,83.15115910128458,14.316056868796844,0.027961048571868836,24.830378297005392,0.04849683261133866,7.9315691720409855,0.01549134603914255,1.998095619712611,10,512,0.9959829216268252,512,28,50,172,425,0.0546875,0.09765625,0.3359375,0.830078125,312.5,512.0,10000.0,60.802301126564835,9.292912009295275,0.018150218768154834,10.970507720360652,0.0214267728913294,6.3015567964431805,0.012307728118053087,2.1889849108908592,10.0,512.0,0.9960024085081536,512.0,9.0,9.0,27.0,146.0,0.017578125,0.017578125,0.052734375,0.28515625,19.53125,100,95.39
fc,linear,76,10,1,False,,0,,,10000,97.55135635954349,8.572050140048152,0.8572050140048152,8.79049209952718,0.879049209952718,5.975140526699017,0.5975140526699018,,10,10,,10,8,9,9,9,0.8,0.9,0.9,0.9,1000.0,,,,,,,,,,,,,,,,,,,,,,,,100,95.39
