layer,kind,depth_index,C,groups,is_depthwise,r_max,call_index,H,W,n_samples,total_variance,participation_ratio,participation_ratio_norm,effective_rank,effective_rank_norm,stable_rank,stable_rank_norm,powerlaw_alpha,powerlaw_fit_lo,powerlaw_fit_hi,powerlaw_r2,nonzero_eigs,k_star_0.9,k_star_0.95,k_star_0.99,k_star_0.999,k_star_ratio_0.9,k_star_ratio_0.95,k_star_ratio_0.99,k_star_ratio_0.999,n_over_C,model
conv_stem,conv,0,32,1,False,27.0,0,112.0,112.0,512,11.385268890670513,1.2713227454663378,0.03972883579582306,1.6473662499612167,0.05148019531128802,1.132089509556768,0.035377797173649,9.908344648719183,10,32,0.888931223516468,29,2,2,5,10,0.0625,0.0625,0.15625,0.3125,1,timm:efficientnet_b0.ra_in1k_random
conv_stem,conv,0,32,1,False,27.0,0,112.0,112.0,512,11.385268890670513,1.2713227454663378,0.03972883579582306,1.6473662499612167,0.05148019531128802,1.132089509556768,0.035377797173649,9.908344648719183,10,32,0.888931223516468,29,2,2,5,10,0.0625,0.0625,0.15625,0.3125,2,timm:efficientnet_b0.ra_in1k_random
conv_stem,conv,0,32,1,False,27.0,0,112.0,112.0,512,11.385268890670513,1.2713227454663378,0.03972883579582306,1.6473662499612167,0.05148019531128802,1.132089509556768,0.035377797173649,9.908344648719183,10,32,0.888931223516468,29,2,2,5,10,0.0625,0.0625,0.15625,0.3125,5,timm:efficientnet_b0.ra_in1k_random
conv_stem,conv,0,32,1,False,27.0,0,112.0,112.0,512,11.385268890670513,1.2713227454663378,0.03972883579582306,1.6473662499612167,0.05148019531128802,1.132089509556768,0.035377797173649,9.908344648719183,10,32,0.888931223516468,29,2,2,5,10,0.0625,0.0625,0.15625,0.3125,10,timm:efficientnet_b0.ra_in1k_random
conv_stem,conv,0,32,1,False,27.0,0,112.0,112.0,1024,11.487566420894286,1.262824762892147,0.03946327384037959,1.664501287466173,0.05201566523331791,1.127181026807201,0.03522440708772503,9.894415548684359,10,32,0.8697861026636258,29,2,2,5,11,0.0625,0.0625,0.15625,0.34375,25,timm:efficientnet_b0.ra_in1k_random
conv_stem,conv,0,32,1,False,27.0,0,112.0,112.0,2048,11.456617743430987,1.2523436738235028,0.03913573980698446,1.6492371228516776,0.051538660089114924,1.1220137804090882,0.035062930637784005,9.065640212293504,10,32,0.8826162021167574,28,2,2,5,11,0.0625,0.0625,0.15625,0.34375,50,timm:efficientnet_b0.ra_in1k_random
conv_stem,conv,0,32,1,False,27.0,0,112.0,112.0,3584,10.807392724702304,1.2411218558305295,0.038785057994704046,1.633834682880447,0.05105733384001397,1.1165159260734354,0.03489112268979486,10.096841827888955,10,32,0.8496034787419271,29,2,3,5,11,0.0625,0.09375,0.15625,0.34375,100,timm:efficientnet_b0.ra_in1k_random
conv_stem,conv,0,32,1,False,27.0,0,112.0,112.0,8192,10.97932682927912,1.2220893368348116,0.03819029177608786,1.5901827342307049,0.04969321044470953,1.1075881808078716,0.03461213065024599,10.740427158626488,10,32,0.7908723694821006,29,1,2,5,11,0.03125,0.0625,0.15625,0.34375,250,timm:efficientnet_b0.ra_in1k_random
bn1.act,act,1,32,1,False,,0,112.0,112.0,512,3.2099876413140045,1.5288152433725488,0.04777547635539215,2.2318711087422396,0.06974597214819499,1.2483663585642453,0.039011448705132665,4.200081397018487,10,32,0.9766067249922975,32,3,3,7,17,0.09375,0.09375,0.21875,0.53125,1,timm:efficientnet_b0.ra_in1k_random
bn1.act,act,1,32,1,False,,0,112.0,112.0,512,3.2099876413140045,1.5288152433725488,0.04777547635539215,2.2318711087422396,0.06974597214819499,1.2483663585642453,0.039011448705132665,4.200081397018487,10,32,0.9766067249922975,32,3,3,7,17,0.09375,0.09375,0.21875,0.53125,2,timm:efficientnet_b0.ra_in1k_random
bn1.act,act,1,32,1,False,,0,112.0,112.0,512,3.2099876413140045,1.5288152433725488,0.04777547635539215,2.2318711087422396,0.06974597214819499,1.2483663585642453,0.039011448705132665,4.200081397018487,10,32,0.9766067249922975,32,3,3,7,17,0.09375,0.09375,0.21875,0.53125,5,timm:efficientnet_b0.ra_in1k_random
bn1.act,act,1,32,1,False,,0,112.0,112.0,512,3.2099876413140045,1.5288152433725488,0.04777547635539215,2.2318711087422396,0.06974597214819499,1.2483663585642453,0.039011448705132665,4.200081397018487,10,32,0.9766067249922975,32,3,3,7,17,0.09375,0.09375,0.21875,0.53125,10,timm:efficientnet_b0.ra_in1k_random
bn1.act,act,1,32,1,False,,0,112.0,112.0,1024,3.491429136166169,1.5096599930049028,0.047176874781403214,2.2242560150616204,0.06950800047067564,1.2393491549563471,0.03872966109238585,3.809322044484223,10,32,0.9769215560248159,32,3,3,8,18,0.09375,0.09375,0.25,0.5625,25,timm:efficientnet_b0.ra_in1k_random
bn1.act,act,1,32,1,False,,0,112.0,112.0,2048,3.607421883426198,1.4889737390995008,0.0465304293468594,2.1854082425957797,0.06829400758111812,1.230269571593282,0.038445924112290066,3.7861533165529844,10,32,0.9763789996691384,32,2,3,8,19,0.0625,0.09375,0.25,0.59375,50,timm:efficientnet_b0.ra_in1k_random
bn1.act,act,1,32,1,False,,0,112.0,112.0,3584,3.353620571357024,1.4996089268055561,0.04686277896267363,2.2141505924485454,0.06919220601401704,1.2351677464974782,0.03859899207804619,3.7142231124651803,10,32,0.9786069873216056,32,2,4,8,19,0.0625,0.125,0.25,0.59375,100,timm:efficientnet_b0.ra_in1k_random
bn1.act,act,1,32,1,False,,0,112.0,112.0,8192,3.300668638715615,1.4950619202931534,0.046720685009161045,2.201775679539347,0.0688054899856046,1.2333223845579426,0.03854132451743571,3.715123647563572,10,32,0.974814697274352,32,2,4,8,19,0.0625,0.125,0.25,0.59375,250,timm:efficientnet_b0.ra_in1k_random
blocks.0.0.conv_dw,conv,2,32,32,True,32.0,0,112.0,112.0,512,4.9513999324022215,1.5958948315524848,0.04987171348601515,2.6058747666642756,0.08143358645825861,1.273669902003536,0.0398021844376105,2.6869639664530447,10,32,0.9685658152182128,32,3,5,14,27,0.09375,0.15625,0.4375,0.84375,1,timm:efficientnet_b0.ra_in1k_random
blocks.0.0.conv_dw,conv,2,32,32,True,32.0,0,112.0,112.0,512,4.9513999324022215,1.5958948315524848,0.04987171348601515,2.6058747666642756,0.08143358645825861,1.273669902003536,0.0398021844376105,2.6869639664530447,10,32,0.9685658152182128,32,3,5,14,27,0.09375,0.15625,0.4375,0.84375,2,timm:efficientnet_b0.ra_in1k_random
blocks.0.0.conv_dw,conv,2,32,32,True,32.0,0,112.0,112.0,512,4.9513999324022215,1.5958948315524848,0.04987171348601515,2.6058747666642756,0.08143358645825861,1.273669902003536,0.0398021844376105,2.6869639664530447,10,32,0.9685658152182128,32,3,5,14,27,0.09375,0.15625,0.4375,0.84375,5,timm:efficientnet_b0.ra_in1k_random
blocks.0.0.conv_dw,conv,2,32,32,True,32.0,0,112.0,112.0,512,4.9513999324022215,1.5958948315524848,0.04987171348601515,2.6058747666642756,0.08143358645825861,1.273669902003536,0.0398021844376105,2.6869639664530447,10,32,0.9685658152182128,32,3,5,14,27,0.09375,0.15625,0.4375,0.84375,10,timm:efficientnet_b0.ra_in1k_random
blocks.0.0.conv_dw,conv,2,32,32,True,32.0,0,112.0,112.0,1024,5.392422678592097,1.6373655563244578,0.051167673635139306,2.756212650102295,0.08613164531569673,1.290395530945488,0.0403248603420465,2.6276950592073867,10,32,0.9689064048117101,32,4,6,16,28,0.125,0.1875,0.5,0.875,25,timm:efficientnet_b0.ra_in1k_random
blocks.0.0.conv_dw,conv,2,32,32,True,32.0,0,112.0,112.0,2048,5.404437717427305,1.6197836473098672,0.05061823897843335,2.667902703698941,0.08337195949059191,1.2843964792305997,0.04013738997595624,2.615886440228585,10,32,0.9757203356618931,32,3,5,15,28,0.09375,0.15625,0.46875,0.875,50,timm:efficientnet_b0.ra_in1k_random
blocks.0.0.conv_dw,conv,2,32,32,True,32.0,0,112.0,112.0,3584,5.191789044652084,1.6145331858786198,0.05045416205870687,2.658062685735795,0.08306445892924359,1.282399838930425,0.04007499496657578,2.5664301452518963,10,32,0.9800004421743346,32,3,5,16,28,0.09375,0.15625,0.5,0.875,100,timm:efficientnet_b0.ra_in1k_random
blocks.0.0.conv_dw,conv,2,32,32,True,32.0,0,112.0,112.0,8192,5.225320738681572,1.6016096540361175,0.05005030168862867,2.6151130609719755,0.08172228315537423,1.2773382435862524,0.039916820112070386,2.5612973955926623,10,32,0.9801644500298275,32,3,5,15,28,0.09375,0.15625,0.46875,0.875,250,timm:efficientnet_b0.ra_in1k_random
blocks.0.0.bn1.act,act,3,32,1,False,,0,112.0,112.0,512,2.5493024018412704,1.2271722398178413,0.03834913249430754,1.7276277113591387,0.053988365979973085,1.1088113600051046,0.03465035500015952,2.857920108890796,10,32,0.9621209204817873,32,1,4,11,25,0.03125,0.125,0.34375,0.78125,1,timm:efficientnet_b0.ra_in1k_random
blocks.0.0.bn1.act,act,3,32,1,False,,0,112.0,112.0,512,2.5493024018412704,1.2271722398178413,0.03834913249430754,1.7276277113591387,0.053988365979973085,1.1088113600051046,0.03465035500015952,2.857920108890796,10,32,0.9621209204817873,32,1,4,11,25,0.03125,0.125,0.34375,0.78125,2,timm:efficientnet_b0.ra_in1k_random
blocks.0.0.bn1.act,act,3,32,1,False,,0,112.0,112.0,512,2.5493024018412704,1.2271722398178413,0.03834913249430754,1.7276277113591387,0.053988365979973085,1.1088113600051046,0.03465035500015952,2.857920108890796,10,32,0.9621209204817873,32,1,4,11,25,0.03125,0.125,0.34375,0.78125,5,timm:efficientnet_b0.ra_in1k_random
blocks.0.0.bn1.act,act,3,32,1,False,,0,112.0,112.0,512,2.5493024018412704,1.2271722398178413,0.03834913249430754,1.7276277113591387,0.053988365979973085,1.1088113600051046,0.03465035500015952,2.857920108890796,10,32,0.9621209204817873,32,1,4,11,25,0.03125,0.125,0.34375,0.78125,10,timm:efficientnet_b0.ra_in1k_random
blocks.0.0.bn1.act,act,3,32,1,False,,0,112.0,112.0,1024,2.671967676933122,1.2240126450615587,0.03825039515817371,1.7267823134591147,0.053961947295597334,1.1073170691732657,0.03460365841166455,2.6659539599473674,10,32,0.9722084875685023,32,1,4,12,26,0.03125,0.125,0.375,0.8125,25,timm:efficientnet_b0.ra_in1k_random
blocks.0.0.bn1.act,act,3,32,1,False,,0,112.0,112.0,2048,2.6178254520167212,1.2321566470586942,0.038504895220584194,1.747149076022845,0.054598408625713905,1.1111006718762488,0.034721895996132776,2.634731122517479,10,32,0.9700275324946199,32,1,4,12,26,0.03125,0.125,0.375,0.8125,50,timm:efficientnet_b0.ra_in1k_random
blocks.0.0.bn1.act,act,3,32,1,False,,0,112.0,112.0,3584,2.407708966057057,1.2556417842253378,0.039238805757041806,1.8175047101285668,0.056797022191517714,1.121860379554769,0.03505813686108653,2.6188694742363556,10,32,0.9707288174710476,32,2,4,13,26,0.0625,0.125,0.40625,0.8125,100,timm:efficientnet_b0.ra_in1k_random
blocks.0.0.bn1.act,act,3,32,1,False,,0,112.0,112.0,8192,2.3446270615781097,1.2569824584089255,0.03928070182527892,1.8229939227684566,0.05696856008651427,1.1224802908056353,0.0350775090876761,2.5818311664530467,10,32,0.9703943894941447,32,2,4,13,27,0.0625,0.125,0.40625,0.84375,250,timm:efficientnet_b0.ra_in1k_random
blocks.0.0.se.conv_reduce,conv_gap,4,8,1,False,8.0,0,1.0,1.0,32,0.8889488135614697,1.1259661947051447,0.1407457743381431,1.313182032524972,0.1641477540656215,1.0623399135592626,0.13279248919490783,,10,8,,8,1,2,3,5,0.125,0.25,0.375,0.625,1,timm:efficientnet_b0.ra_in1k_random
blocks.0.0.se.conv_reduce,conv_gap,4,8,1,False,8.0,0,1.0,1.0,32,0.8889488135614697,1.1259661947051447,0.1407457743381431,1.313182032524972,0.1641477540656215,1.0623399135592626,0.13279248919490783,,10,8,,8,1,2,3,5,0.125,0.25,0.375,0.625,2,timm:efficientnet_b0.ra_in1k_random
blocks.0.0.se.conv_reduce,conv_gap,4,8,1,False,8.0,0,1.0,1.0,64,0.7504263990320197,1.1813102256341144,0.1476637782042643,1.4165536921238198,0.17706921151547747,1.0896486718230547,0.13620608397788184,,10,8,,8,1,2,3,6,0.125,0.25,0.375,0.75,5,timm:efficientnet_b0.ra_in1k_random
blocks.0.0.se.conv_reduce,conv_gap,4,8,1,False,8.0,0,1.0,1.0,96,0.8701704460602405,1.16148117426132,0.145185146782665,1.3780274628154683,0.17225343285193354,1.0799429307934454,0.13499286634918067,,10,8,,8,1,2,3,6,0.125,0.25,0.375,0.75,10,timm:efficientnet_b0.ra_in1k_random
blocks.0.0.se.conv_reduce,conv_gap,4,8,1,False,8.0,0,1.0,1.0,224,0.6833240553679847,1.1863721520334218,0.14829651900417773,1.417323541802031,0.17716544272525386,1.0923994158710453,0.13654992698388066,,10,8,,8,1,2,3,6,0.125,0.25,0.375,0.75,25,timm:efficientnet_b0.ra_in1k_random
blocks.0.0.se.conv_reduce,conv_gap,4,8,1,False,8.0,0,1.0,1.0,416,0.6858139677540145,1.1814895790107809,0.1476861973763476,1.4118634295762809,0.1764829286970351,1.0898942445963453,0.13623678057454316,,10,8,,8,1,2,3,6,0.125,0.25,0.375,0.75,50,timm:efficientnet_b0.ra_in1k_random
blocks.0.0.se.conv_reduce,conv_gap,4,8,1,False,8.0,0,1.0,1.0,800,0.6358454310512012,1.1925291615006008,0.1490661451875751,1.4329873528543418,0.17912341910679272,1.095318831075242,0.13691485388440525,,10,8,,8,1,2,3,6,0.125,0.25,0.375,0.75,100,timm:efficientnet_b0.ra_in1k_random
blocks.0.0.se.conv_reduce,conv_gap,4,8,1,False,8.0,0,1.0,1.0,2016,0.5846691044970178,1.1992878528423272,0.1499109816052909,1.4445242726495213,0.18056553408119017,1.0986808505802834,0.13733510632253543,,10,8,,8,1,2,3,6,0.125,0.25,0.375,0.75,250,timm:efficientnet_b0.ra_in1k_random
blocks.0.0.se.act1,act,5,8,1,False,,0,1.0,1.0,32,0.384686453087676,1.0868586875961137,0.1358573359495142,1.2466526871276786,0.15583158589095983,1.0429058559397588,0.13036323199246985,,10,8,,8,1,1,3,6,0.125,0.125,0.375,0.75,1,timm:efficientnet_b0.ra_in1k_random
blocks.0.0.se.act1,act,5,8,1,False,,0,1.0,1.0,32,0.384686453087676,1.0868586875961137,0.1358573359495142,1.2466526871276786,0.15583158589095983,1.0429058559397588,0.13036323199246985,,10,8,,8,1,1,3,6,0.125,0.125,0.375,0.75,2,timm:efficientnet_b0.ra_in1k_random
blocks.0.0.se.act1,act,5,8,1,False,,0,1.0,1.0,64,0.30327607008815094,1.1246803059996748,0.14058503824995935,1.331023807235418,0.16637797590442724,1.061407541207904,0.132675942650988,,10,8,,8,1,2,4,6,0.125,0.25,0.5,0.75,5,timm:efficientnet_b0.ra_in1k_random
blocks.0.0.se.act1,act,5,8,1,False,,0,1.0,1.0,96,0.35663253905770903,1.1136196810982129,0.1392024601372766,1.3074009819076406,0.16342512273845508,1.056000526025337,0.1320000657531671,,10,8,,8,1,2,4,6,0.125,0.25,0.5,0.75,10,timm:efficientnet_b0.ra_in1k_random
blocks.0.0.se.act1,act,5,8,1,False,,0,1.0,1.0,224,0.2713246433593741,1.1309970233691917,0.14137462792114897,1.3423682148196352,0.1677960268524544,1.0645130406615986,0.13306413008269982,,10,8,,8,1,2,3,6,0.125,0.25,0.375,0.75,25,timm:efficientnet_b0.ra_in1k_random
blocks.0.0.se.act1,act,5,8,1,False,,0,1.0,1.0,416,0.27831329456270526,1.126337404724897,0.14079217559061213,1.3346753009183776,0.1668344126147972,1.0621991818764769,0.1327748977345596,,10,8,,8,1,2,3,6,0.125,0.25,0.375,0.75,50,timm:efficientnet_b0.ra_in1k_random
blocks.0.0.se.act1,act,5,8,1,False,,0,1.0,1.0,800,0.257291996236225,1.1336954222565943,0.14171192778207428,1.351001553719599,0.16887519421494987,1.0657895850533123,0.13322369813166404,,10,8,,8,1,2,4,6,0.125,0.25,0.5,0.75,100,timm:efficientnet_b0.ra_in1k_random
blocks.0.0.se.act1,act,5,8,1,False,,0,1.0,1.0,2016,0.23781457635091421,1.1403150951499672,0.1425393868937459,1.3670199667664025,0.1708774958458003,1.0689706557763952,0.1336213319720494,,10,8,,8,1,2,4,6,0.125,0.25,0.5,0.75,250,timm:efficientnet_b0.ra_in1k_random
blocks.0.0.se.conv_expand,conv_gap,6,32,1,False,8.0,0,1.0,1.0,32,1.068948941210244,1.0592581862589399,0.03310181832059187,1.1782134873952048,0.03681917148110015,1.0293662554890457,0.03216769548403268,5.117091525614583,10,32,0.7777058459214132,21,1,1,3,5,0.03125,0.03125,0.09375,0.15625,1,timm:efficientnet_b0.ra_in1k_random
blocks.0.0.se.conv_expand,conv_gap,6,32,1,False,8.0,0,1.0,1.0,64,0.8369861829084251,1.0817250563953593,0.03380390801235498,1.2338789932945096,0.038558718540453424,1.0403956835190729,0.03251236510997103,3.6601943742327427,10,32,0.9473142563944408,20,1,1,3,6,0.03125,0.03125,0.09375,0.1875,2,timm:efficientnet_b0.ra_in1k_random
blocks.0.0.se.conv_expand,conv_gap,6,32,1,False,8.0,0,1.0,1.0,160,0.8227068488822739,1.0798303061596533,0.033744697067489164,1.2284951344288695,0.03839047295090217,1.0394727755834214,0.03248352423698192,4.611369565781344,10,32,0.9326367044997688,19,1,1,3,6,0.03125,0.03125,0.09375,0.1875,5,timm:efficientnet_b0.ra_in1k_random
blocks.0.0.se.conv_expand,conv_gap,6,32,1,False,8.0,0,1.0,1.0,320,0.7777293212941542,1.0801244385792654,0.033753888705602045,1.2286268098595385,0.03839458780811058,1.039618791597127,0.032488087237410215,8.113273377666511,10,32,0.6741793092929752,20,1,1,3,6,0.03125,0.03125,0.09375,0.1875,10,timm:efficientnet_b0.ra_in1k_random
blocks.0.0.se.conv_expand,conv_gap,6,32,1,False,8.0,0,1.0,1.0,800,0.7053168049787975,1.0879646188018848,0.0339988943375589,1.2486173663579205,0.03901929269868502,1.043447728302599,0.032607741509456216,8.126202962909966,10,32,0.7343735854580764,20,1,1,3,6,0.03125,0.03125,0.09375,0.1875,25,timm:efficientnet_b0.ra_in1k_random
blocks.0.0.se.conv_expand,conv_gap,6,32,1,False,8.0,0,1.0,1.0,1600,0.6969843358913572,1.0890504985331289,0.03403282807916028,1.2511320719794683,0.039097877249358384,1.0439747963273853,0.03262421238523079,6.25079169125955,10,32,0.8829105877992149,20,1,1,3,6,0.03125,0.03125,0.09375,0.1875,50,timm:efficientnet_b0.ra_in1k_random
blocks.0.0.se.conv_expand,conv_gap,6,32,1,False,8.0,0,1.0,1.0,3200,0.6510991857226373,1.0924550912421627,0.03413922160131758,1.2602393023524268,0.039382478198513336,1.0456301621937616,0.03267594256855505,5.669152602901434,10,32,0.8588348021147179,20,1,1,3,6,0.03125,0.03125,0.09375,0.1875,100,timm:efficientnet_b0.ra_in1k_random
blocks.0.0.conv_pw,conv,7,16,1,False,16.0,0,112.0,112.0,512,1.1099397569253255,1.2245819040700656,0.0765363690043791,1.6421182266713652,0.10263238916696032,1.1081738077601515,0.06926086298500947,,10,16,,16,1,3,7,13,0.0625,0.1875,0.4375,0.8125,1,timm:efficientnet_b0.ra_in1k_random
blocks.0.0.conv_pw,conv,7,16,1,False,16.0,0,112.0,112.0,512,1.1099397569253255,1.2245819040700656,0.0765363690043791,1.6421182266713652,0.10263238916696032,1.1081738077601515,0.06926086298500947,,10,16,,16,1,3,7,13,0.0625,0.1875,0.4375,0.8125,2,timm:efficientnet_b0.ra_in1k_random
blocks.0.0.conv_pw,conv,7,16,1,False,16.0,0,112.0,112.0,512,1.1099397569253255,1.2245819040700656,0.0765363690043791,1.6421182266713652,0.10263238916696032,1.1081738077601515,0.06926086298500947,,10,16,,16,1,3,7,13,0.0625,0.1875,0.4375,0.8125,5,timm:efficientnet_b0.ra_in1k_random
blocks.0.0.conv_pw,conv,7,16,1,False,16.0,0,112.0,112.0,512,1.1099397569253255,1.2245819040700656,0.0765363690043791,1.6421182266713652,0.10263238916696032,1.1081738077601515,0.06926086298500947,,10,16,,16,1,3,7,13,0.0625,0.1875,0.4375,0.8125,10,timm:efficientnet_b0.ra_in1k_random
blocks.0.0.conv_pw,conv,7,16,1,False,16.0,0,112.0,112.0,512,1.1099397569253255,1.2245819040700656,0.0765363690043791,1.6421182266713652,0.10263238916696032,1.1081738077601515,0.06926086298500947,,10,16,,16,1,3,7,13,0.0625,0.1875,0.4375,0.8125,25,timm:efficientnet_b0.ra_in1k_random
blocks.0.0.conv_pw,conv,7,16,1,False,16.0,0,112.0,112.0,1024,1.2506014968130115,1.2300802014073637,0.07688001258796023,1.6615553609613753,0.10384721006008596,1.1106354257827882,0.06941471411142426,,10,16,,16,1,3,8,13,0.0625,0.1875,0.5,0.8125,50,timm:efficientnet_b0.ra_in1k_random
blocks.0.0.conv_pw,conv,7,16,1,False,16.0,0,112.0,112.0,2048,1.2918610604778935,1.2277021331210907,0.07673138332006817,1.6509902805894432,0.1031868925368402,1.1096086275846329,0.06935053922403955,,10,16,,16,1,3,7,13,0.0625,0.1875,0.4375,0.8125,100,timm:efficientnet_b0.ra_in1k_random
blocks.0.0.conv_pw,conv,7,16,1,False,16.0,0,112.0,112.0,4096,1.2109590183131052,1.2374239659112112,0.0773389978694507,1.6704202665723393,0.10440126666077121,1.1142234947490868,0.06963896842181792,,10,16,,16,2,3,8,13,0.125,0.1875,0.5,0.8125,250,timm:efficientnet_b0.ra_in1k_random
blocks.0.0,block,8,16,1,False,,0,112.0,112.0,512,1.1659717797766458,1.2210321184839115,0.07631450740524447,1.6298746826805772,0.10186716766753608,1.1065571887988719,0.06915982429992949,,10,16,,16,1,3,7,13,0.0625,0.1875,0.4375,0.8125,1,timm:efficientnet_b0.ra_in1k_random
blocks.0.0,block,8,16,1,False,,0,112.0,112.0,512,1.1659717797766458,1.2210321184839115,0.07631450740524447,1.6298746826805772,0.10186716766753608,1.1065571887988719,0.06915982429992949,,10,16,,16,1,3,7,13,0.0625,0.1875,0.4375,0.8125,2,timm:efficientnet_b0.ra_in1k_random
blocks.0.0,block,8,16,1,False,,0,112.0,112.0,512,1.1659717797766458,1.2210321184839115,0.07631450740524447,1.6298746826805772,0.10186716766753608,1.1065571887988719,0.06915982429992949,,10,16,,16,1,3,7,13,0.0625,0.1875,0.4375,0.8125,5,timm:efficientnet_b0.ra_in1k_random
blocks.0.0,block,8,16,1,False,,0,112.0,112.0,512,1.1659717797766458,1.2210321184839115,0.07631450740524447,1.6298746826805772,0.10186716766753608,1.1065571887988719,0.06915982429992949,,10,16,,16,1,3,7,13,0.0625,0.1875,0.4375,0.8125,10,timm:efficientnet_b0.ra_in1k_random
blocks.0.0,block,8,16,1,False,,0,112.0,112.0,512,1.1659717797766458,1.2210321184839115,0.07631450740524447,1.6298746826805772,0.10186716766753608,1.1065571887988719,0.06915982429992949,,10,16,,16,1,3,7,13,0.0625,0.1875,0.4375,0.8125,25,timm:efficientnet_b0.ra_in1k_random
blocks.0.0,block,8,16,1,False,,0,112.0,112.0,1024,1.284985957360318,1.2304752745754741,0.07690470466096713,1.656620339336342,0.10353877120852137,1.1109260232127816,0.06943287645079885,,10,16,,16,1,3,8,13,0.0625,0.1875,0.5,0.8125,50,timm:efficientnet_b0.ra_in1k_random
blocks.0.0,block,8,16,1,False,,0,112.0,112.0,2048,1.230653098442853,1.2409192829869686,0.07755745518668554,1.6795866312855594,0.10497416445534746,1.1158365271695427,0.06973978294809642,,10,16,,16,2,3,8,14,0.125,0.1875,0.5,0.875,100,timm:efficientnet_b0.ra_in1k_random
blocks.0.0,block,8,16,1,False,,0,112.0,112.0,4096,1.17690381221819,1.243925685900418,0.07774535536877612,1.6793621707692006,0.10496013567307504,1.1173727760717258,0.06983579850448286,,10,16,,16,2,3,7,13,0.125,0.1875,0.4375,0.8125,250,timm:efficientnet_b0.ra_in1k_random
blocks.1.0.conv_pw,conv,9,96,1,False,16.0,0,112.0,112.0,512,2.8790237872179256,1.1807176163143318,0.012299141836607623,1.5204384317927844,0.015837900331174836,1.087653140683118,0.011329720215449146,7.843148164853787,10,96,0.8371024564021518,56,1,2,6,12,0.010416666666666666,0.020833333333333332,0.0625,0.125,1,timm:efficientnet_b0.ra_in1k_random
blocks.1.0.conv_pw,conv,9,96,1,False,16.0,0,112.0,112.0,512,2.8790237872179256,1.1807176163143318,0.012299141836607623,1.5204384317927844,0.015837900331174836,1.087653140683118,0.011329720215449146,7.843148164853787,10,96,0.8371024564021518,56,1,2,6,12,0.010416666666666666,0.020833333333333332,0.0625,0.125,2,timm:efficientnet_b0.ra_in1k_random
blocks.1.0.conv_pw,conv,9,96,1,False,16.0,0,112.0,112.0,512,2.8790237872179256,1.1807176163143318,0.012299141836607623,1.5204384317927844,0.015837900331174836,1.087653140683118,0.011329720215449146,7.843148164853787,10,96,0.8371024564021518,56,1,2,6,12,0.010416666666666666,0.020833333333333332,0.0625,0.125,5,timm:efficientnet_b0.ra_in1k_random
blocks.1.0.conv_pw,conv,9,96,1,False,16.0,0,112.0,112.0,1024,3.0859626336627826,1.1864010694148674,0.012358344473071535,1.539420832702984,0.016035633673989417,1.0903076765945716,0.011357371631193455,8.029413366084436,10,96,0.8288565082111922,56,1,2,6,12,0.010416666666666666,0.020833333333333332,0.0625,0.125,10,timm:efficientnet_b0.ra_in1k_random
blocks.1.0.conv_pw,conv,9,96,1,False,16.0,0,112.0,112.0,2560,2.8691089407057553,1.203326745338574,0.012534653597276813,1.5760281877115843,0.016416960288662335,1.0983637702475333,0.011441289273411806,8.421386426024116,10,96,0.8218276344676065,55,1,3,6,12,0.010416666666666666,0.03125,0.0625,0.125,25,timm:efficientnet_b0.ra_in1k_random
blocks.1.0.conv_pw,conv,9,96,1,False,16.0,0,112.0,112.0,5120,2.6736498698699243,1.213510107916133,0.012640730290793052,1.5981247178726008,0.016647132477839593,1.1031995946340265,0.011491662444104442,8.70289301385301,10,96,0.8133039844254508,54,1,3,7,13,0.010416666666666666,0.03125,0.07291666666666667,0.13541666666666666,50,timm:efficientnet_b0.ra_in1k_random
blocks.1.0.conv_pw,conv,9,96,1,False,16.0,0,112.0,112.0,9728,2.4573797864536244,1.2337543806017135,0.01285160813126785,1.647521159560874,0.017161678745425773,1.1126722018673794,0.011590335436118536,8.851542024048813,10,96,0.7988632964034955,54,2,3,7,13,0.020833333333333332,0.03125,0.07291666666666667,0.13541666666666666,100,timm:efficientnet_b0.ra_in1k_random
blocks.1.0.conv_pw,conv,9,96,1,False,16.0,0,112.0,112.0,24064,2.4160383888181056,1.2346246566181973,0.012860673506439555,1.6479883521979388,0.017166545335395196,1.1131121475003378,0.011594918203128518,8.893346813126975,10,96,0.7904021080397776,56,2,3,7,13,0.020833333333333332,0.03125,0.07291666666666667,0.13541666666666666,250,timm:efficientnet_b0.ra_in1k_random
blocks.1.0.bn1.act,act,10,96,1,False,,0,112.0,112.0,512,0.5883766315678106,1.2529090249461932,0.013051135676522845,1.7179063517737094,0.01789485783097614,1.1212996454483708,0.011680204640087196,5.940572324415275,10,96,0.9837889110527822,90,2,3,8,16,0.020833333333333332,0.03125,0.08333333333333333,0.16666666666666666,1,timm:efficientnet_b0.ra_in1k_random
blocks.1.0.bn1.act,act,10,96,1,False,,0,112.0,112.0,512,0.5883766315678106,1.2529090249461932,0.013051135676522845,1.7179063517737094,0.01789485783097614,1.1212996454483708,0.011680204640087196,5.940572324415275,10,96,0.9837889110527822,90,2,3,8,16,0.020833333333333332,0.03125,0.08333333333333333,0.16666666666666666,2,timm:efficientnet_b0.ra_in1k_random
blocks.1.0.bn1.act,act,10,96,1,False,,0,112.0,112.0,512,0.5883766315678106,1.2529090249461932,0.013051135676522845,1.7179063517737094,0.01789485783097614,1.1212996454483708,0.011680204640087196,5.940572324415275,10,96,0.9837889110527822,90,2,3,8,16,0.020833333333333332,0.03125,0.08333333333333333,0.16666666666666666,5,timm:efficientnet_b0.ra_in1k_random
blocks.1.0.bn1.act,act,10,96,1,False,,0,112.0,112.0,1024,0.6382856705028669,1.2514675087774219,0.013036119883098144,1.7277330174184125,0.017997218931441798,1.120519751481408,0.011672080744598001,5.648812381243483,10,96,0.9835071935469847,95,2,3,8,16,0.020833333333333332,0.03125,0.08333333333333333,0.16666666666666666,10,timm:efficientnet_b0.ra_in1k_random
blocks.1.0.bn1.act,act,10,96,1,False,,0,112.0,112.0,2560,0.6503318774942647,1.2437345944305045,0.012955568691984422,1.7016460525924686,0.01772547971450488,1.1170542129316476,0.011635981384704662,5.50678869552744,10,96,0.983437466867094,96,2,3,8,16,0.020833333333333332,0.03125,0.08333333333333333,0.16666666666666666,25,timm:efficientnet_b0.ra_in1k_random
blocks.1.0.bn1.act,act,10,96,1,False,,0,112.0,112.0,5120,0.6300565909843961,1.2464238653984356,0.012983581931233704,1.7080960326531582,0.017792667006803733,1.118293707571229,0.0116488927872003,5.421652028212313,10,96,0.9880238491458544,96,2,3,8,16,0.020833333333333332,0.03125,0.08333333333333333,0.16666666666666666,50,timm:efficientnet_b0.ra_in1k_random
blocks.1.0.bn1.act,act,10,96,1,False,,0,112.0,112.0,9728,0.5866631174190347,1.2600328420336668,0.013125342104517363,1.7400101325079862,0.01812510554695819,1.1246364095000512,0.011714962598958866,5.338310758051834,10,96,0.9901640936492035,96,2,3,8,16,0.020833333333333332,0.03125,0.08333333333333333,0.16666666666666666,100,timm:efficientnet_b0.ra_in1k_random
blocks.1.0.bn1.act,act,10,96,1,False,,0,112.0,112.0,24064,0.5816843788851478,1.264206179085514,0.013168814365474103,1.7499841151867521,0.018229001199862,1.1265919698892721,0.011735333019679918,5.289877707357448,10,96,0.9910009987524876,96,2,3,8,16,0.020833333333333332,0.03125,0.08333333333333333,0.16666666666666666,250,timm:efficientnet_b0.ra_in1k_random
blocks.1.0.conv_dw,conv,11,96,96,True,96.0,0,56.0,56.0,512,0.9025352430364043,1.4983840038142209,0.015608166706398134,2.586326896306378,0.026940905169858104,1.228543638069168,0.012797329563220501,3.3120675170664775,10,96,0.9324336293393384,96,4,7,22,52,0.041666666666666664,0.07291666666666667,0.22916666666666666,0.5416666666666666,1,timm:efficientnet_b0.ra_in1k_random
blocks.1.0.conv_dw,conv,11,96,96,True,96.0,0,56.0,56.0,512,0.9025352430364043,1.4983840038142209,0.015608166706398134,2.586326896306378,0.026940905169858104,1.228543638069168,0.012797329563220501,3.3120675170664775,10,96,0.9324336293393384,96,4,7,22,52,0.041666666666666664,0.07291666666666667,0.22916666666666666,0.5416666666666666,2,timm:efficientnet_b0.ra_in1k_random
blocks.1.0.conv_dw,conv,11,96,96,True,96.0,0,56.0,56.0,512,0.9025352430364043,1.4983840038142209,0.015608166706398134,2.586326896306378,0.026940905169858104,1.228543638069168,0.012797329563220501,3.3120675170664775,10,96,0.9324336293393384,96,4,7,22,52,0.041666666666666664,0.07291666666666667,0.22916666666666666,0.5416666666666666,5,timm:efficientnet_b0.ra_in1k_random
blocks.1.0.conv_dw,conv,11,96,96,True,96.0,0,56.0,56.0,1024,0.9777172486881548,1.512539777142866,0.01575562267857152,2.679957009520565,0.027916218849172555,1.2341275401890919,0.01285549521030304,3.0583347116789725,10,96,0.935433949715686,96,4,7,25,58,0.041666666666666664,0.07291666666666667,0.2604166666666667,0.6041666666666666,10,timm:efficientnet_b0.ra_in1k_random
blocks.1.0.conv_dw,conv,11,96,96,True,96.0,0,56.0,56.0,2560,0.9393078471654083,1.551831180859871,0.01616490813395699,2.799693936652527,0.029163478506797156,1.2507967160797069,0.013029132459163614,3.014910045786563,10,96,0.9407223319036926,96,4,8,26,60,0.041666666666666664,0.08333333333333333,0.2708333333333333,0.625,25,timm:efficientnet_b0.ra_in1k_random
blocks.1.0.conv_dw,conv,11,96,96,True,96.0,0,56.0,56.0,5120,0.9190655357681007,1.5611630066194555,0.016262114652285994,2.8230178650247857,0.029406436094008184,1.2547976118853617,0.013070808457139184,2.980529048924819,10,96,0.9429492422652256,96,4,8,26,60,0.041666666666666664,0.08333333333333333,0.2708333333333333,0.625,50,timm:efficientnet_b0.ra_in1k_random
blocks.1.0.conv_dw,conv,11,96,96,True,96.0,0,56.0,56.0,9728,0.864435610605218,1.595305230917616,0.0166177628220585,2.916793051969943,0.030383260958020242,1.2692523713031163,0.013221378867740795,2.958854731676585,10,96,0.9427474691268036,96,4,8,26,61,0.041666666666666664,0.08333333333333333,0.2708333333333333,0.6354166666666666,100,timm:efficientnet_b0.ra_in1k_random
blocks.1.0.conv_dw,conv,11,96,96,True,96.0,0,56.0,56.0,24064,0.855174174629624,1.6189350061787542,0.016863906314362024,2.9732872180610075,0.03097174185480216,1.2792721279567971,0.013325751332883303,2.9498850958985092,10,96,0.9437231520688207,96,4,8,27,61,0.041666666666666664,0.08333333333333333,0.28125,0.6354166666666666,250,timm:efficientnet_b0.ra_in1k_random
blocks.1.0.bn2.act,act,12,96,1,False,,0,56.0,56.0,512,0.250397619104228,1.49156783916647,0.015537164991317395,2.588854626014863,0.026967235687654825,1.225381940066627,0.012764395209027364,3.2988937609770437,10,96,0.9406269033661929,96,4,7,22,52,0.041666666666666664,0.07291666666666667,0.22916666666666666,0.5416666666666666,1,timm:efficientnet_b0.ra_in1k_random
blocks.1.0.bn2.act,act,12,96,1,False,,0,56.0,56.0,512,0.250397619104228,1.49156783916647,0.015537164991317395,2.588854626014863,0.026967235687654825,1.225381940066627,0.012764395209027364,3.2988937609770437,10,96,0.9406269033661929,96,4,7,22,52,0.041666666666666664,0.07291666666666667,0.22916666666666666,0.5416666666666666,2,timm:efficientnet_b0.ra_in1k_random
blocks.1.0.bn2.act,act,12,96,1,False,,0,56.0,56.0,512,0.250397619104228,1.49156783916647,0.015537164991317395,2.588854626014863,0.026967235687654825,1.225381940066627,0.012764395209027364,3.2988937609770437,10,96,0.9406269033661929,96,4,7,22,52,0.041666666666666664,0.07291666666666667,0.22916666666666666,0.5416666666666666,5,timm:efficientnet_b0.ra_in1k_random
blocks.1.0.bn2.act,act,12,96,1,False,,0,56.0,56.0,1024,0.25609990167598085,1.54652097278275,0.01610959346648698,2.792736768456544,0.029091008004755666,1.2482515642057155,0.013002620460476203,3.0583846233493555,10,96,0.9425573019656291,96,4,8,25,58,0.041666666666666664,0.08333333333333333,0.2604166666666667,0.6041666666666666,10,timm:efficientnet_b0.ra_in1k_random
blocks.1.0.bn2.act,act,12,96,1,False,,0,56.0,56.0,2560,0.2502860636933869,1.5630246650203636,0.016281506927295453,2.83735675362543,0.02955579951693156,1.2553323919106196,0.013076379082402287,2.959847001947355,10,96,0.9470760655966595,96,4,8,25,60,0.041666666666666664,0.08333333333333333,0.2604166666666667,0.625,25,timm:efficientnet_b0.ra_in1k_random
blocks.1.0.bn2.act,act,12,96,1,False,,0,56.0,56.0,5120,0.24237816634526171,1.5886095176328596,0.016548015808675622,2.8996522366991653,0.03020471079894964,1.2662566181308423,0.013190173105529607,2.924419320552697,10,96,0.9474870344723615,96,4,8,26,61,0.041666666666666664,0.08333333333333333,0.2708333333333333,0.6354166666666666,50,timm:efficientnet_b0.ra_in1k_random
blocks.1.0.bn2.act,act,12,96,1,False,,0,56.0,56.0,9728,0.23193558180649934,1.6139086490806394,0.016811548427923328,2.964592783791663,0.030881174831163153,1.277013575364463,0.013302224743379823,2.906483179933392,10,96,0.948580711289958,96,4,8,26,62,0.041666666666666664,0.08333333333333333,0.2708333333333333,0.6458333333333334,100,timm:efficientnet_b0.ra_in1k_random
blocks.1.0.bn2.act,act,12,96,1,False,,0,56.0,56.0,24064,0.2221887442076321,1.6442232656906484,0.017127325684277588,3.0555116097564734,0.031828245934963265,1.2895322446464483,0.013432627548400503,2.891936082099682,10,96,0.9490212849227552,96,4,9,27,62,0.041666666666666664,0.09375,0.28125,0.6458333333333334,250,timm:efficientnet_b0.ra_in1k_random
blocks.1.0.se.conv_reduce,conv_gap,13,4,1,False,4.0,0,1.0,1.0,32,0.2406661986343324,1.0286858388305269,0.2571714597076317,1.0911312907988053,0.27278282269970133,1.0142874564393674,0.25357186410984184,,10,4,,4,1,1,2,4,0.25,0.25,0.5,1.0,1,timm:efficientnet_b0.ra_in1k_random
blocks.1.0.se.conv_reduce,conv_gap,13,4,1,False,4.0,0,1.0,1.0,32,0.2406661986343324,1.0286858388305269,0.2571714597076317,1.0911312907988053,0.27278282269970133,1.0142874564393674,0.25357186410984184,,10,4,,4,1,1,2,4,0.25,0.25,0.5,1.0,2,timm:efficientnet_b0.ra_in1k_random
blocks.1.0.se.conv_reduce,conv_gap,13,4,1,False,4.0,0,1.0,1.0,32,0.2406661986343324,1.0286858388305269,0.2571714597076317,1.0911312907988053,0.27278282269970133,1.0142874564393674,0.25357186410984184,,10,4,,4,1,1,2,4,0.25,0.25,0.5,1.0,5,timm:efficientnet_b0.ra_in1k_random
blocks.1.0.se.conv_reduce,conv_gap,13,4,1,False,4.0,0,1.0,1.0,64,0.2119398098119886,1.0353560112937126,0.25883900282342814,1.1097707049111827,0.27744267622779567,1.0175885654921928,0.2543971413730482,,10,4,,4,1,1,2,4,0.25,0.25,0.5,1.0,10,timm:efficientnet_b0.ra_in1k_random
blocks.1.0.se.conv_reduce,conv_gap,13,4,1,False,4.0,0,1.0,1.0,128,0.20521307157751303,1.0380626723285225,0.2595156680821306,1.1165352489234577,0.2791338122308644,1.0189300227111067,0.25473250567777667,,10,4,,4,1,1,2,4,0.25,0.25,0.5,1.0,25,timm:efficientnet_b0.ra_in1k_random
blocks.1.0.se.conv_reduce,conv_gap,13,4,1,False,4.0,0,1.0,1.0,224,0.1921556509507641,1.0385352529554732,0.2596338132388683,1.1176291293540876,0.2794072823385219,1.0191646234268585,0.25479115585671464,,10,4,,4,1,1,2,4,0.25,0.25,0.5,1.0,50,timm:efficientnet_b0.ra_in1k_random
blocks.1.0.se.conv_reduce,conv_gap,13,4,1,False,4.0,0,1.0,1.0,416,0.1849547865051636,1.0386889817149052,0.2596722454287263,1.1182390168951661,0.27955975422379153,1.0192399376904626,0.25480998442261565,,10,4,,4,1,1,2,4,0.25,0.25,0.5,1.0,100,timm:efficientnet_b0.ra_in1k_random
blocks.1.0.se.conv_reduce,conv_gap,13,4,1,False,4.0,0,1.0,1.0,1024,0.17165120567634895,1.0424491115377192,0.2606122778844298,1.1279400587662003,0.2819850146915501,1.0210989965154451,0.2552747491288613,,10,4,,4,1,1,2,4,0.25,0.25,0.5,1.0,250,timm:efficientnet_b0.ra_in1k_random
blocks.1.0.se.act1,act,14,4,1,False,,0,1.0,1.0,32,0.03157483834412788,1.156370278585218,0.2890925696463045,1.3576718058086061,0.33941795145215153,1.0773311122514564,0.2693327780628641,,10,4,,4,1,2,3,4,0.25,0.5,0.75,1.0,1,timm:efficientnet_b0.ra_in1k_random
blocks.1.0.se.act1,act,14,4,1,False,,0,1.0,1.0,32,0.03157483834412788,1.156370278585218,0.2890925696463045,1.3576718058086061,0.33941795145215153,1.0773311122514564,0.2693327780628641,,10,4,,4,1,2,3,4,0.25,0.5,0.75,1.0,2,timm:efficientnet_b0.ra_in1k_random
blocks.1.0.se.act1,act,14,4,1,False,,0,1.0,1.0,32,0.03157483834412788,1.156370278585218,0.2890925696463045,1.3576718058086061,0.33941795145215153,1.0773311122514564,0.2693327780628641,,10,4,,4,1,2,3,4,0.25,0.5,0.75,1.0,5,timm:efficientnet_b0.ra_in1k_random
blocks.1.0.se.act1,act,14,4,1,False,,0,1.0,1.0,64,0.02874531965873331,1.1657254589873325,0.2914313647468331,1.3753570932256116,0.3438392733064029,1.0819478855767994,0.27048697139419986,,10,4,,4,1,2,3,4,0.25,0.5,0.75,1.0,10,timm:efficientnet_b0.ra_in1k_random
blocks.1.0.se.act1,act,14,4,1,False,,0,1.0,1.0,128,0.027095915816287286,1.1737773251084231,0.2934443312771058,1.3879866145782453,0.34699665364456134,1.085967512603854,0.2714918781509635,,10,4,,4,1,2,3,4,0.25,0.5,0.75,1.0,25,timm:efficientnet_b0.ra_in1k_random
blocks.1.0.se.act1,act,14,4,1,False,,0,1.0,1.0,224,0.02552337930312023,1.1859337321851646,0.29648343304629116,1.4056491637525386,0.35141229093813464,1.0920913903837797,0.2730228475959449,,10,4,,4,1,2,3,4,0.25,0.5,0.75,1.0,50,timm:efficientnet_b0.ra_in1k_random
blocks.1.0.se.act1,act,14,4,1,False,,0,1.0,1.0,416,0.024490653074149948,1.1973126824579987,0.2993281706144997,1.4239363855367064,0.3559840963841766,1.0977538952943895,0.2744384738235974,,10,4,,4,1,2,3,4,0.25,0.5,0.75,1.0,100,timm:efficientnet_b0.ra_in1k_random
blocks.1.0.se.act1,act,14,4,1,False,,0,1.0,1.0,1024,0.022861978473103152,1.199497592195904,0.299874398048976,1.4297103165708434,0.35742757914271084,1.0987580970903899,0.27468952427259746,,10,4,,4,1,2,3,4,0.25,0.5,0.75,1.0,250,timm:efficientnet_b0.ra_in1k_random
blocks.1.0.se.conv_expand,conv_gap,15,96,1,False,4.0,0,1.0,1.0,96,0.06266472687241532,1.2111796856432382,0.012616455058783732,1.4436000687339803,0.01503750071597896,1.104704431339723,0.011507337826455447,3.311659665972942,10,96,0.759544856114245,49,1,2,3,4,0.010416666666666666,0.020833333333333332,0.03125,0.041666666666666664,1,timm:efficientnet_b0.ra_in1k_random
blocks.1.0.se.conv_expand,conv_gap,15,96,1,False,4.0,0,1.0,1.0,192,0.055764653833314394,1.2338338361293126,0.012852435793013673,1.4752505720923248,0.01536719345929505,1.1161752868372843,0.011626825904555044,3.0894602555131305,10,96,0.8082240678017274,51,2,2,3,4,0.020833333333333332,0.020833333333333332,0.03125,0.041666666666666664,2,timm:efficientnet_b0.ra_in1k_random
blocks.1.0.se.conv_expand,conv_gap,15,96,1,False,4.0,0,1.0,1.0,480,0.050612791590389235,1.245925125897417,0.012978386728098095,1.4916502611146616,0.015538023553277725,1.1223143828947084,0.011690774821819879,2.8953643882176205,10,96,0.8455457908844102,50,2,2,3,4,0.020833333333333332,0.020833333333333332,0.03125,0.041666666666666664,5,timm:efficientnet_b0.ra_in1k_random
blocks.1.0.se.conv_expand,conv_gap,15,96,1,False,4.0,0,1.0,1.0,960,0.04709613481543879,1.2457552879124332,0.012976617582421178,1.4956491422495575,0.015579678565099557,1.1220463260897517,0.011687982563434915,3.311298300889381,10,96,0.7599844612973706,50,2,2,3,4,0.020833333333333332,0.020833333333333332,0.03125,0.041666666666666664,10,timm:efficientnet_b0.ra_in1k_random
blocks.1.0.se.conv_expand,conv_gap,15,96,1,False,4.0,0,1.0,1.0,2400,0.04315675427576397,1.2517992479827855,0.013039575499820683,1.507228928441605,0.015700301337933386,1.124967433115046,0.011718410761615063,3.173449115938258,10,96,0.822077842848071,51,2,2,3,4,0.020833333333333332,0.020833333333333332,0.03125,0.041666666666666664,25,timm:efficientnet_b0.ra_in1k_random
blocks.1.0.se.conv_expand,conv_gap,15,96,1,False,4.0,0,1.0,1.0,4800,0.04489197910350016,1.2400544570006327,0.012917233927089924,1.4893406646467973,0.015513965256737471,1.119104439366241,0.011657337910065011,3.395013997463558,10,96,0.6988668924838888,51,2,2,3,4,0.020833333333333332,0.020833333333333332,0.03125,0.041666666666666664,50,timm:efficientnet_b0.ra_in1k_random
blocks.1.0.conv_pwl,conv,16,24,1,False,24.0,0,56.0,56.0,512,0.11581184666917282,1.7573279557264219,0.07322199815526757,2.9016586161184112,0.12090244233826714,1.3425070254138038,0.05593779272557516,2.782411766771281,10,24,0.9475540035973201,24,3,6,12,21,0.125,0.25,0.5,0.875,1,timm:efficientnet_b0.ra_in1k_random
blocks.1.0.conv_pwl,conv,16,24,1,False,24.0,0,56.0,56.0,512,0.11581184666917282,1.7573279557264219,0.07322199815526757,2.9016586161184112,0.12090244233826714,1.3425070254138038,0.05593779272557516,2.782411766771281,10,24,0.9475540035973201,24,3,6,12,21,0.125,0.25,0.5,0.875,2,timm:efficientnet_b0.ra_in1k_random
blocks.1.0.conv_pwl,conv,16,24,1,False,24.0,0,56.0,56.0,512,0.11581184666917282,1.7573279557264219,0.07322199815526757,2.9016586161184112,0.12090244233826714,1.3425070254138038,0.05593779272557516,2.782411766771281,10,24,0.9475540035973201,24,3,6,12,21,0.125,0.25,0.5,0.875,5,timm:efficientnet_b0.ra_in1k_random
blocks.1.0.conv_pwl,conv,16,24,1,False,24.0,0,56.0,56.0,512,0.11581184666917282,1.7573279557264219,0.07322199815526757,2.9016586161184112,0.12090244233826714,1.3425070254138038,0.05593779272557516,2.782411766771281,10,24,0.9475540035973201,24,3,6,12,21,0.125,0.25,0.5,0.875,10,timm:efficientnet_b0.ra_in1k_random
blocks.1.0.conv_pwl,conv,16,24,1,False,24.0,0,56.0,56.0,1024,0.12717936945992517,1.8474030520028122,0.07697512716678384,3.061112694124359,0.12754636225518162,1.3818222387769827,0.057575926615707616,2.6580320569512415,10,24,0.949827595117099,24,4,6,13,22,0.16666666666666666,0.25,0.5416666666666666,0.9166666666666666,25,timm:efficientnet_b0.ra_in1k_random
blocks.1.0.conv_pwl,conv,16,24,1,False,24.0,0,56.0,56.0,1536,0.12926308647087845,1.8200762550077039,0.075836510625321,3.028318009355572,0.12617991705648215,1.369520420343556,0.057063350847648166,2.7049172363032787,10,24,0.9437935804653271,24,4,6,13,22,0.16666666666666666,0.25,0.5416666666666666,0.9166666666666666,50,timm:efficientnet_b0.ra_in1k_random
blocks.1.0.conv_pwl,conv,16,24,1,False,24.0,0,56.0,56.0,2560,0.12235518377653377,1.8254508871860537,0.07606045363275224,3.048781570993017,0.12703256545804237,1.3717052764419377,0.05715438651841407,2.684075289767752,10,24,0.9560216883635066,24,4,6,13,22,0.16666666666666666,0.25,0.5416666666666666,0.9166666666666666,100,timm:efficientnet_b0.ra_in1k_random
blocks.1.0.conv_pwl,conv,16,24,1,False,24.0,0,56.0,56.0,6144,0.11341861203822508,1.906554270667313,0.07943976127780471,3.208607493832024,0.13369197890966766,1.4060758733495515,0.05858649472289798,2.7123294052900393,10,24,0.9564809392333445,24,4,6,14,22,0.16666666666666666,0.25,0.5833333333333334,0.9166666666666666,250,timm:efficientnet_b0.ra_in1k_random
blocks.1.0,block,17,24,1,False,,0,56.0,56.0,512,0.11156075907080136,1.9130103976138804,0.07970876656724502,3.2014870826412136,0.13339529511005058,1.4086699367802369,0.05869458069917654,2.987105885926423,10,24,0.9667690923893278,24,4,6,13,22,0.16666666666666666,0.25,0.5416666666666666,0.9166666666666666,1,timm:efficientnet_b0.ra_in1k_random
blocks.1.0,block,17,24,1,False,,0,56.0,56.0,512,0.11156075907080136,1.9130103976138804,0.07970876656724502,3.2014870826412136,0.13339529511005058,1.4086699367802369,0.05869458069917654,2.987105885926423,10,24,0.9667690923893278,24,4,6,13,22,0.16666666666666666,0.25,0.5416666666666666,0.9166666666666666,2,timm:efficientnet_b0.ra_in1k_random
blocks.1.0,block,17,24,1,False,,0,56.0,56.0,512,0.11156075907080136,1.9130103976138804,0.07970876656724502,3.2014870826412136,0.13339529511005058,1.4086699367802369,0.05869458069917654,2.987105885926423,10,24,0.9667690923893278,24,4,6,13,22,0.16666666666666666,0.25,0.5416666666666666,0.9166666666666666,5,timm:efficientnet_b0.ra_in1k_random
blocks.1.0,block,17,24,1,False,,0,56.0,56.0,512,0.11156075907080136,1.9130103976138804,0.07970876656724502,3.2014870826412136,0.13339529511005058,1.4086699367802369,0.05869458069917654,2.987105885926423,10,24,0.9667690923893278,24,4,6,13,22,0.16666666666666666,0.25,0.5416666666666666,0.9166666666666666,10,timm:efficientnet_b0.ra_in1k_random
blocks.1.0,block,17,24,1,False,,0,56.0,56.0,1024,0.11506808405281584,1.9755343884550995,0.08231393285229581,3.333975572225942,0.13891564884274757,1.435764066127353,0.059823502755306374,2.7857293948142816,10,24,0.9479508283237094,24,4,7,14,22,0.16666666666666666,0.2916666666666667,0.5833333333333334,0.9166666666666666,25,timm:efficientnet_b0.ra_in1k_random
blocks.1.0,block,17,24,1,False,,0,56.0,56.0,1536,0.11634506904610531,1.9257504679007738,0.08023960282919891,3.2520081787499757,0.13550034078124898,1.4138779190579058,0.05891157996074608,2.7397375376388453,10,24,0.944966000978704,24,4,6,14,22,0.16666666666666666,0.25,0.5833333333333334,0.9166666666666666,50,timm:efficientnet_b0.ra_in1k_random
blocks.1.0,block,17,24,1,False,,0,56.0,56.0,2560,0.11405637195889957,1.9210825977043435,0.08004510823768098,3.2368692045463034,0.1348695501894293,1.4124063642933935,0.058850265178891394,2.7198928107728673,10,24,0.9607613350196432,24,4,6,14,22,0.16666666666666666,0.25,0.5833333333333334,0.9166666666666666,100,timm:efficientnet_b0.ra_in1k_random
blocks.1.0,block,17,24,1,False,,0,56.0,56.0,6144,0.1103031022433067,1.9471513691222937,0.08113130704676223,3.287083415964346,0.13696180899851443,1.422919762729948,0.05928832344708116,2.7097357024887194,10,24,0.9590542880966428,24,4,6,14,22,0.16666666666666666,0.25,0.5833333333333334,0.9166666666666666,250,timm:efficientnet_b0.ra_in1k_random
blocks.1.1.conv_pw,conv,18,144,1,False,24.0,0,56.0,56.0,512,0.21629629399846287,2.0020552401083713,0.013903161389641467,3.2541385974892076,0.022598184704786164,1.451778230911674,0.010081793270219958,8.43942420874844,10,144,0.8568985746191877,81,3,6,13,21,0.020833333333333332,0.041666666666666664,0.09027777777777778,0.14583333333333334,1,timm:efficientnet_b0.ra_in1k_random
blocks.1.1.conv_pw,conv,18,144,1,False,24.0,0,56.0,56.0,512,0.21629629399846287,2.0020552401083713,0.013903161389641467,3.2541385974892076,0.022598184704786164,1.451778230911674,0.010081793270219958,8.43942420874844,10,144,0.8568985746191877,81,3,6,13,21,0.020833333333333332,0.041666666666666664,0.09027777777777778,0.14583333333333334,2,timm:efficientnet_b0.ra_in1k_random
blocks.1.1.conv_pw,conv,18,144,1,False,24.0,0,56.0,56.0,1024,0.22782780732670807,2.029882058636416,0.01409640318497511,3.3877495825898634,0.02352603876798516,1.4605182319190677,0.010142487721660192,8.562209922731672,10,144,0.841508506367681,81,4,6,14,22,0.027777777777777776,0.041666666666666664,0.09722222222222222,0.1527777777777778,5,timm:efficientnet_b0.ra_in1k_random
blocks.1.1.conv_pw,conv,18,144,1,False,24.0,0,56.0,56.0,1536,0.24066752060523786,2.032716113183424,0.014116084119329334,3.3560538264016864,0.02330592935001171,1.463536012616968,0.010163444532062279,8.647774363790587,10,144,0.8476279034587908,82,4,6,13,21,0.027777777777777776,0.041666666666666664,0.09027777777777778,0.14583333333333334,10,timm:efficientnet_b0.ra_in1k_random
blocks.1.1.conv_pw,conv,18,144,1,False,24.0,0,56.0,56.0,4096,0.22532178926452165,2.0720351743973437,0.01438913315553711,3.442459026296998,0.02390596546039582,1.4790757831207662,0.010271359605005321,9.091490216119132,10,144,0.8420483592464874,83,4,6,13,21,0.027777777777777776,0.041666666666666664,0.09027777777777778,0.14583333333333334,25,timm:efficientnet_b0.ra_in1k_random
blocks.1.1.conv_pw,conv,18,144,1,False,24.0,0,56.0,56.0,7680,0.2166128070991369,2.067890640217344,0.014360351668176,3.4426450773240616,0.023907257481417095,1.476707432540135,0.01025491272597316,9.076201651480813,10,144,0.8366691791757526,83,4,6,14,21,0.027777777777777776,0.041666666666666664,0.09722222222222222,0.14583333333333334,50,timm:efficientnet_b0.ra_in1k_random
blocks.1.1.conv_pw,conv,18,144,1,False,24.0,0,56.0,56.0,14848,0.2120305640671193,2.0887510117620254,0.01450521535945851,3.463392715564033,0.024051338302528008,1.4863779740230718,0.01032206926404911,9.331918289667724,10,144,0.8358550461559013,83,4,6,13,21,0.027777777777777776,0.041666666666666664,0.09027777777777778,0.14583333333333334,100,timm:efficientnet_b0.ra_in1k_random
blocks.1.1.conv_pw,conv,18,144,1,False,24.0,0,56.0,56.0,36352,0.21115393187330941,2.0807536440284315,0.014449678083530775,3.4456022951421295,0.023927793716264786,1.4828024315389956,0.010297239107909691,9.561358163943705,10,144,0.829446299346356,82,4,6,13,21,0.027777777777777776,0.041666666666666664,0.09027777777777778,0.14583333333333334,250,timm:efficientnet_b0.ra_in1k_random
blocks.1.1.bn1.act,act,19,144,1,False,,0,56.0,56.0,512,0.059444185036368474,1.8864562926770088,0.013100390921368117,3.0862092431973895,0.021432008633315205,1.4000153611974058,0.009722328897204207,5.848072645066409,10,144,0.9791478436925293,132,3,5,12,21,0.020833333333333332,0.034722222222222224,0.08333333333333333,0.14583333333333334,1,timm:efficientnet_b0.ra_in1k_random
blocks.1.1.bn1.act,act,19,144,1,False,,0,56.0,56.0,512,0.059444185036368474,1.8864562926770088,0.013100390921368117,3.0862092431973895,0.021432008633315205,1.4000153611974058,0.009722328897204207,5.848072645066409,10,144,0.9791478436925293,132,3,5,12,21,0.020833333333333332,0.034722222222222224,0.08333333333333333,0.14583333333333334,2,timm:efficientnet_b0.ra_in1k_random
blocks.1.1.bn1.act,act,19,144,1,False,,0,56.0,56.0,1024,0.06258798307661231,1.999880466828632,0.013888058797421056,3.346278353824676,0.023238044123782473,1.44700390110876,0.010048638202144168,5.529010557276265,10,144,0.9829162405040826,140,4,6,13,22,0.027777777777777776,0.041666666666666664,0.09027777777777778,0.1527777777777778,5,timm:efficientnet_b0.ra_in1k_random
blocks.1.1.bn1.act,act,19,144,1,False,,0,56.0,56.0,1536,0.06308229532300118,1.9698245522725761,0.013679337168559557,3.2945692202444823,0.022878952918364462,1.4343998549199026,0.009961110103610435,5.4342128084840295,10,144,0.9831906975675435,143,4,6,13,22,0.027777777777777776,0.041666666666666664,0.09027777777777778,0.1527777777777778,10,timm:efficientnet_b0.ra_in1k_random
blocks.1.1.bn1.act,act,19,144,1,False,,0,56.0,56.0,4096,0.05954478238439993,2.004026580508955,0.013916851253534411,3.3407652217830064,0.023199758484604212,1.449212575889305,0.010063976221453507,5.21747417919659,10,144,0.9855569136248558,144,4,6,13,22,0.027777777777777776,0.041666666666666664,0.09027777777777778,0.1527777777777778,25,timm:efficientnet_b0.ra_in1k_random
blocks.1.1.bn1.act,act,19,144,1,False,,0,56.0,56.0,7680,0.05732615783292299,2.024889404071704,0.014061731972720167,3.375728013281149,0.02344255564778576,1.4580399790641414,0.010125277632389872,5.1544933173180745,10,144,0.9857076905549153,144,4,6,13,22,0.027777777777777776,0.041666666666666664,0.09027777777777778,0.1527777777777778,50,timm:efficientnet_b0.ra_in1k_random
blocks.1.1.bn1.act,act,19,144,1,False,,0,56.0,56.0,14848,0.05554741695009507,2.0143939105580166,0.013988846601097338,3.3482908081151823,0.023252019500799876,1.4539796605995285,0.010097080976385614,5.118016472284581,10,144,0.9847528071424098,144,4,6,13,22,0.027777777777777776,0.041666666666666664,0.09027777777777778,0.1527777777777778,100,timm:efficientnet_b0.ra_in1k_random
blocks.1.1.bn1.act,act,19,144,1,False,,0,56.0,56.0,36352,0.05442040474876205,2.0680616673280765,0.014361539356444976,3.434889437222674,0.023853398869601902,1.477369710179221,0.01025951187624459,5.082192072149524,10,144,0.9842755366291379,144,4,6,14,23,0.027777777777777776,0.041666666666666664,0.09722222222222222,0.1597222222222222,250,timm:efficientnet_b0.ra_in1k_random
blocks.1.1.conv_dw,conv,20,144,144,True,144.0,0,56.0,56.0,512,0.10528012058550011,2.522015625678636,0.017513997400546086,5.874323096923833,0.040793910395304396,1.6161832427321563,0.011223494741195529,3.1918091858545203,10,144,0.924599647107334,144,9,16,44,88,0.0625,0.1111111111111111,0.3055555555555556,0.6111111111111112,1,timm:efficientnet_b0.ra_in1k_random
blocks.1.1.conv_dw,conv,20,144,144,True,144.0,0,56.0,56.0,512,0.10528012058550011,2.522015625678636,0.017513997400546086,5.874323096923833,0.040793910395304396,1.6161832427321563,0.011223494741195529,3.1918091858545203,10,144,0.924599647107334,144,9,16,44,88,0.0625,0.1111111111111111,0.3055555555555556,0.6111111111111112,2,timm:efficientnet_b0.ra_in1k_random
blocks.1.1.conv_dw,conv,20,144,144,True,144.0,0,56.0,56.0,1024,0.11004613400555714,2.692044223689042,0.018694751553396127,6.429778234854465,0.0446512377420449,1.6765007818452073,0.011642366540591718,2.9748457379314273,10,144,0.924375810307911,144,10,19,50,96,0.06944444444444445,0.13194444444444445,0.3472222222222222,0.6666666666666666,5,timm:efficientnet_b0.ra_in1k_random
blocks.1.1.conv_dw,conv,20,144,144,True,144.0,0,56.0,56.0,1536,0.111073050825947,2.529761222743382,0.017567786269051266,6.040115359285004,0.0419452455505903,1.6189720242777528,0.011242861279706617,2.943679803565917,10,144,0.9261728843874991,144,10,18,49,96,0.06944444444444445,0.125,0.3402777777777778,0.6666666666666666,10,timm:efficientnet_b0.ra_in1k_random
blocks.1.1.conv_dw,conv,20,144,144,True,144.0,0,56.0,56.0,4096,0.10481726433264468,2.582236810489411,0.017932200072843133,6.230291040657365,0.043265910004565034,1.6370751758950275,0.011368577610382135,2.8497591880219657,10,144,0.9285215702935973,144,10,19,52,99,0.06944444444444445,0.13194444444444445,0.3611111111111111,0.6875,25,timm:efficientnet_b0.ra_in1k_random
blocks.1.1.conv_dw,conv,20,144,144,True,144.0,0,56.0,56.0,7680,0.10021295690886545,2.697233064708653,0.01873078517158787,6.545913949928693,0.0454577357633937,1.6768880202199494,0.011645055695971872,2.8167553739975864,10,144,0.928595733960311,144,10,20,53,101,0.06944444444444445,0.1388888888888889,0.3680555555555556,0.7013888888888888,50,timm:efficientnet_b0.ra_in1k_random
blocks.1.1.conv_dw,conv,20,144,144,True,144.0,0,56.0,56.0,14848,0.10033562060493549,2.676691842820882,0.018588137797367236,6.468827633013213,0.04492241411814731,1.670109945683962,0.011597985733916403,2.802144528301248,10,144,0.9299627430376386,144,10,19,53,101,0.06944444444444445,0.13194444444444445,0.3680555555555556,0.7013888888888888,100,timm:efficientnet_b0.ra_in1k_random
blocks.1.1.conv_dw,conv,20,144,144,True,144.0,0,56.0,56.0,36352,0.09784439584607656,2.7691404532755306,0.01923014203663563,6.6932923703105915,0.04648119701604578,1.7023327279485392,0.01182175505519819,2.795223169265311,10,144,0.9308144003280993,144,10,20,53,101,0.06944444444444445,0.1388888888888889,0.3680555555555556,0.7013888888888888,250,timm:efficientnet_b0.ra_in1k_random
blocks.1.1.bn2.act,act,21,144,1,False,,0,56.0,56.0,512,0.02490142910739449,2.64070255415335,0.018338212181620486,6.168704953710654,0.04283822884521288,1.6592729179660215,0.01152272859698626,3.1821819304742966,10,144,0.9283908022190821,144,10,17,44,89,0.06944444444444445,0.11805555555555555,0.3055555555555556,0.6180555555555556,1,timm:efficientnet_b0.ra_in1k_random
blocks.1.1.bn2.act,act,21,144,1,False,,0,56.0,56.0,512,0.02490142910739449,2.64070255415335,0.018338212181620486,6.168704953710654,0.04283822884521288,1.6592729179660215,0.01152272859698626,3.1821819304742966,10,144,0.9283908022190821,144,10,17,44,89,0.06944444444444445,0.11805555555555555,0.3055555555555556,0.6180555555555556,2,timm:efficientnet_b0.ra_in1k_random
blocks.1.1.bn2.act,act,21,144,1,False,,0,56.0,56.0,1024,0.02833018039023201,2.870156229922688,0.019931640485574224,6.802512175076718,0.04723966788247721,1.74032878293359,0.01208561654814993,2.9800297863456793,10,144,0.931009487661737,144,10,19,49,96,0.06944444444444445,0.13194444444444445,0.3402777777777778,0.6666666666666666,5,timm:efficientnet_b0.ra_in1k_random
blocks.1.1.bn2.act,act,21,144,1,False,,0,56.0,56.0,1536,0.028425289047728553,2.7010053867200106,0.018756981852222295,6.389038015463247,0.0443683195518281,1.681444056516445,0.011676694836919757,2.921742225056766,10,144,0.9320653002674483,144,10,18,49,97,0.06944444444444445,0.125,0.3402777777777778,0.6736111111111112,10,timm:efficientnet_b0.ra_in1k_random
blocks.1.1.bn2.act,act,21,144,1,False,,0,56.0,56.0,4096,0.02627693032001664,2.782620596442764,0.01932375414196364,6.727012469290518,0.04671536437007304,1.7069283872128262,0.011853669355644627,2.8145175316484035,10,144,0.9309338230215738,144,10,20,53,101,0.06944444444444445,0.1388888888888889,0.3680555555555556,0.7013888888888888,25,timm:efficientnet_b0.ra_in1k_random
blocks.1.1.bn2.act,act,21,144,1,False,,0,56.0,56.0,7680,0.025490987192481093,2.7150571876022584,0.01885456380279346,6.556217401296802,0.04552928750900557,1.683783338211215,0.011692939848688993,2.7906064039148597,10,144,0.9315231536705276,144,10,20,53,101,0.06944444444444445,0.1388888888888889,0.3680555555555556,0.7013888888888888,50,timm:efficientnet_b0.ra_in1k_random
blocks.1.1.bn2.act,act,21,144,1,False,,0,56.0,56.0,14848,0.02502133059773822,2.778241698549429,0.01929334512881548,6.719124765086051,0.04666058864643091,1.7054127188567996,0.011843143880949997,2.7746209850790082,10,144,0.9323100886477725,144,10,20,53,102,0.06944444444444445,0.1388888888888889,0.3680555555555556,0.7083333333333334,100,timm:efficientnet_b0.ra_in1k_random
blocks.1.1.bn2.act,act,21,144,1,False,,0,56.0,56.0,36352,0.0250220545776054,2.7890395926301066,0.01936833050437574,6.736372173698305,0.04678036231734934,1.7090640333013416,0.011868500231259316,2.7667979524029835,10,144,0.9330953676843003,144,10,20,53,102,0.06944444444444445,0.1388888888888889,0.3680555555555556,0.7083333333333334,250,timm:efficientnet_b0.ra_in1k_random
blocks.1.1.se.conv_reduce,conv_gap,22,6,1,False,6.0,0,1.0,1.0,32,0.01722252191675287,1.1888142187529058,0.1981357031254843,1.3942799115487712,0.23237998525812853,1.0941346507492693,0.18235577512487822,,10,6,,6,1,2,2,4,0.16666666666666666,0.3333333333333333,0.3333333333333333,0.6666666666666666,1,timm:efficientnet_b0.ra_in1k_random
blocks.1.1.se.conv_reduce,conv_gap,22,6,1,False,6.0,0,1.0,1.0,32,0.01722252191675287,1.1888142187529058,0.1981357031254843,1.3942799115487712,0.23237998525812853,1.0941346507492693,0.18235577512487822,,10,6,,6,1,2,2,4,0.16666666666666666,0.3333333333333333,0.3333333333333333,0.6666666666666666,2,timm:efficientnet_b0.ra_in1k_random
blocks.1.1.se.conv_reduce,conv_gap,22,6,1,False,6.0,0,1.0,1.0,32,0.01722252191675287,1.1888142187529058,0.1981357031254843,1.3942799115487712,0.23237998525812853,1.0941346507492693,0.18235577512487822,,10,6,,6,1,2,2,4,0.16666666666666666,0.3333333333333333,0.3333333333333333,0.6666666666666666,5,timm:efficientnet_b0.ra_in1k_random
blocks.1.1.se.conv_reduce,conv_gap,22,6,1,False,6.0,0,1.0,1.0,64,0.015140446440220596,1.2575190075673486,0.20958650126122477,1.5001506784977796,0.25002511308296327,1.1287464668468787,0.18812441114114645,,10,6,,6,2,2,3,4,0.3333333333333333,0.3333333333333333,0.5,0.6666666666666666,10,timm:efficientnet_b0.ra_in1k_random
blocks.1.1.se.conv_reduce,conv_gap,22,6,1,False,6.0,0,1.0,1.0,160,0.015127573531913758,1.2652512266251164,0.2108752044375194,1.5160554227289147,0.25267590378815247,1.1324184986457,0.18873641644095,,10,6,,6,2,2,3,4,0.3333333333333333,0.3333333333333333,0.5,0.6666666666666666,25,timm:efficientnet_b0.ra_in1k_random
blocks.1.1.se.conv_reduce,conv_gap,22,6,1,False,6.0,0,1.0,1.0,320,0.014174521825152185,1.2790008633380063,0.21316681055633438,1.5374064084002361,0.25623440140003934,1.1393048582156229,0.18988414303593715,,10,6,,6,2,2,3,4,0.3333333333333333,0.3333333333333333,0.5,0.6666666666666666,50,timm:efficientnet_b0.ra_in1k_random
blocks.1.1.se.conv_reduce,conv_gap,22,6,1,False,6.0,0,1.0,1.0,608,0.013387135512100946,1.307737648088473,0.21795627468141218,1.5754721529822149,0.2625786921637025,1.1540634275855817,0.19234390459759695,,10,6,,6,2,2,3,4,0.3333333333333333,0.3333333333333333,0.5,0.6666666666666666,100,timm:efficientnet_b0.ra_in1k_random
blocks.1.1.se.conv_reduce,conv_gap,22,6,1,False,6.0,0,1.0,1.0,1504,0.012057134922167536,1.3178523737599979,0.21964206229333297,1.591149153375067,0.2651915255625112,1.1591783129712607,0.19319638549521012,,10,6,,6,2,2,3,4,0.3333333333333333,0.3333333333333333,0.5,0.6666666666666666,250,timm:efficientnet_b0.ra_in1k_random
blocks.1.1.se.act1,act,23,6,1,False,,0,1.0,1.0,32,0.004254426792143813,1.1876463769002112,0.19794106281670187,1.3968268879672983,0.23280448132788303,1.093461757008381,0.18224362616806353,,10,6,,6,1,2,3,5,0.16666666666666666,0.3333333333333333,0.5,0.8333333333333334,1,timm:efficientnet_b0.ra_in1k_random
blocks.1.1.se.act1,act,23,6,1,False,,0,1.0,1.0,32,0.004254426792143813,1.1876463769002112,0.19794106281670187,1.3968268879672983,0.23280448132788303,1.093461757008381,0.18224362616806353,,10,6,,6,1,2,3,5,0.16666666666666666,0.3333333333333333,0.5,0.8333333333333334,2,timm:efficientnet_b0.ra_in1k_random
blocks.1.1.se.act1,act,23,6,1,False,,0,1.0,1.0,32,0.004254426792143813,1.1876463769002112,0.19794106281670187,1.3968268879672983,0.23280448132788303,1.093461757008381,0.18224362616806353,,10,6,,6,1,2,3,5,0.16666666666666666,0.3333333333333333,0.5,0.8333333333333334,5,timm:efficientnet_b0.ra_in1k_random
blocks.1.1.se.act1,act,23,6,1,False,,0,1.0,1.0,64,0.00369800306934387,1.2569700267653074,0.20949500446088457,1.5054908594851641,0.25091514324752734,1.128284677904013,0.1880474463173355,,10,6,,6,2,2,3,5,0.3333333333333333,0.3333333333333333,0.5,0.8333333333333334,10,timm:efficientnet_b0.ra_in1k_random
blocks.1.1.se.act1,act,23,6,1,False,,0,1.0,1.0,160,0.003684610105364039,1.2643799864061986,0.21072999773436643,1.5220529953918729,0.2536754992319788,1.1317415853359467,0.18862359755599112,,10,6,,6,2,2,3,5,0.3333333333333333,0.3333333333333333,0.5,0.8333333333333334,25,timm:efficientnet_b0.ra_in1k_random
blocks.1.1.se.act1,act,23,6,1,False,,0,1.0,1.0,320,0.0034654955676563623,1.2779675022901427,0.21299458371502378,1.5451257298839907,0.25752095498066513,1.138446996287686,0.18974116604794766,,10,6,,6,2,2,3,5,0.3333333333333333,0.3333333333333333,0.5,0.8333333333333334,50,timm:efficientnet_b0.ra_in1k_random
blocks.1.1.se.act1,act,23,6,1,False,,0,1.0,1.0,608,0.003288255112060605,1.3027490543595737,0.21712484239326227,1.5785493004288054,0.26309155007146756,1.151108095342697,0.19185134922378286,,10,6,,6,2,2,3,5,0.3333333333333333,0.3333333333333333,0.5,0.8333333333333334,100,timm:efficientnet_b0.ra_in1k_random
blocks.1.1.se.act1,act,23,6,1,False,,0,1.0,1.0,1504,0.0029664621644337496,1.3130019290368828,0.21883365483948047,1.5955704292548893,0.26592840487581487,1.156221283796824,0.19270354729947067,,10,6,,6,2,2,3,5,0.3333333333333333,0.3333333333333333,0.5,0.8333333333333334,250,timm:efficientnet_b0.ra_in1k_random
blocks.1.1.se.conv_expand,conv_gap,24,144,1,False,6.0,0,1.0,1.0,160,0.006766454262142314,1.3039219212280053,0.009055013341861148,1.5783206940804535,0.010960560375558705,1.151809477710679,0.007998676928546382,2.917340831483329,10,144,0.7747062136977043,76,2,2,3,5,0.013888888888888888,0.013888888888888888,0.020833333333333332,0.034722222222222224,1,timm:efficientnet_b0.ra_in1k_random
blocks.1.1.se.conv_expand,conv_gap,24,144,1,False,6.0,0,1.0,1.0,288,0.006229795960688274,1.318425347545423,0.00915573158017655,1.6010044717168925,0.011118086609145088,1.1590515909989911,0.008048969381937438,2.8124572047999448,10,144,0.7643135252120596,75,2,2,3,5,0.013888888888888888,0.013888888888888888,0.020833333333333332,0.034722222222222224,2,timm:efficientnet_b0.ra_in1k_random
blocks.1.1.se.conv_expand,conv_gap,24,144,1,False,6.0,0,1.0,1.0,736,0.0060365996010618775,1.3388734235508055,0.009297732107991705,1.6279316570237952,0.011305080951554133,1.1696068221987448,0.008122269598602395,2.692692655639987,10,144,0.8084278868621516,75,2,2,3,5,0.013888888888888888,0.013888888888888888,0.020833333333333332,0.034722222222222224,5,timm:efficientnet_b0.ra_in1k_random
blocks.1.1.se.conv_expand,conv_gap,24,144,1,False,6.0,0,1.0,1.0,1440,0.005508187077228349,1.3582458139239564,0.009432262596694142,1.654951699248321,0.011492720133668897,1.1795423233681257,0.008191266134500873,2.7252645730968013,10,144,0.7704909173322367,76,2,2,3,5,0.013888888888888888,0.013888888888888888,0.020833333333333332,0.034722222222222224,10,timm:efficientnet_b0.ra_in1k_random
blocks.1.1.se.conv_expand,conv_gap,24,144,1,False,6.0,0,1.0,1.0,3616,0.005366917715140769,1.3722941347958484,0.009529820380526724,1.6739429451392818,0.011624603785689457,1.1868071345308193,0.008241716212019579,2.7370163736171826,10,144,0.7744986812459582,75,2,2,3,5,0.013888888888888888,0.013888888888888888,0.020833333333333332,0.034722222222222224,25,timm:efficientnet_b0.ra_in1k_random
blocks.1.1.conv_pwl,conv,25,24,1,False,24.0,0,56.0,56.0,512,0.01671062118269926,1.7022075949294324,0.07092531645539302,3.0399265191786076,0.1266636049657753,1.31421001440876,0.054758750600365,2.749084778305554,10,24,0.9791177520173564,24,4,8,16,23,0.16666666666666666,0.3333333333333333,0.6666666666666666,0.9583333333333334,1,timm:efficientnet_b0.ra_in1k_random
blocks.1.1.conv_pwl,conv,25,24,1,False,24.0,0,56.0,56.0,512,0.01671062118269926,1.7022075949294324,0.07092531645539302,3.0399265191786076,0.1266636049657753,1.31421001440876,0.054758750600365,2.749084778305554,10,24,0.9791177520173564,24,4,8,16,23,0.16666666666666666,0.3333333333333333,0.6666666666666666,0.9583333333333334,2,timm:efficientnet_b0.ra_in1k_random
blocks.1.1.conv_pwl,conv,25,24,1,False,24.0,0,56.0,56.0,512,0.01671062118269926,1.7022075949294324,0.07092531645539302,3.0399265191786076,0.1266636049657753,1.31421001440876,0.054758750600365,2.749084778305554,10,24,0.9791177520173564,24,4,8,16,23,0.16666666666666666,0.3333333333333333,0.6666666666666666,0.9583333333333334,5,timm:efficientnet_b0.ra_in1k_random
blocks.1.1.conv_pwl,conv,25,24,1,False,24.0,0,56.0,56.0,512,0.01671062118269926,1.7022075949294324,0.07092531645539302,3.0399265191786076,0.1266636049657753,1.31421001440876,0.054758750600365,2.749084778305554,10,24,0.9791177520173564,24,4,8,16,23,0.16666666666666666,0.3333333333333333,0.6666666666666666,0.9583333333333334,10,timm:efficientnet_b0.ra_in1k_random
blocks.1.1.conv_pwl,conv,25,24,1,False,24.0,0,56.0,56.0,1024,0.019876379717012477,1.7046308920768367,0.0710262871698682,3.066796168085418,0.12778317367022576,1.3147027316545725,0.054779280485607186,2.5712754706835033,10,24,0.9873973644071165,24,4,8,17,23,0.16666666666666666,0.3333333333333333,0.7083333333333334,0.9583333333333334,25,timm:efficientnet_b0.ra_in1k_random
blocks.1.1.conv_pwl,conv,25,24,1,False,24.0,0,56.0,56.0,1536,0.0215998850786897,1.7152631041658342,0.07146929600690975,3.04053646491512,0.12668901937146335,1.320699007268359,0.05502912530284829,2.59676143377253,10,24,0.9821023390712427,24,4,8,16,23,0.16666666666666666,0.3333333333333333,0.6666666666666666,0.9583333333333334,50,timm:efficientnet_b0.ra_in1k_random
blocks.1.1.conv_pwl,conv,25,24,1,False,24.0,0,56.0,56.0,2560,0.02054067087671495,1.7116164795486684,0.07131735331452785,3.0362226746074663,0.12650927810864443,1.3191086267115457,0.054962859446314405,2.5297062096794285,10,24,0.9875234060002391,24,4,8,17,23,0.16666666666666666,0.3333333333333333,0.7083333333333334,0.9583333333333334,100,timm:efficientnet_b0.ra_in1k_random
blocks.1.1.conv_pwl,conv,25,24,1,False,24.0,0,56.0,56.0,6144,0.018698064947107077,1.7978991917975433,0.07491246632489763,3.257651715311186,0.13573548813796607,1.354271058051827,0.05642796075215945,2.4457671188420727,10,24,0.9869703820013942,24,5,9,17,23,0.20833333333333334,0.375,0.7083333333333334,0.9583333333333334,250,timm:efficientnet_b0.ra_in1k_random
blocks.1.1,block,26,24,1,False,,0,56.0,56.0,512,0.14229367635488038,1.728947744580021,0.07203948935750087,2.8889351603338924,0.12037229834724551,1.330241283886149,0.05542672016192288,2.63847350642356,10,24,0.9916657632906587,24,3,6,14,22,0.125,0.25,0.5833333333333334,0.9166666666666666,1,timm:efficientnet_b0.ra_in1k_random
blocks.1.1,block,26,24,1,False,,0,56.0,56.0,512,0.14229367635488038,1.728947744580021,0.07203948935750087,2.8889351603338924,0.12037229834724551,1.330241283886149,0.05542672016192288,2.63847350642356,10,24,0.9916657632906587,24,3,6,14,22,0.125,0.25,0.5833333333333334,0.9166666666666666,2,timm:efficientnet_b0.ra_in1k_random
blocks.1.1,block,26,24,1,False,,0,56.0,56.0,512,0.14229367635488038,1.728947744580021,0.07203948935750087,2.8889351603338924,0.12037229834724551,1.330241283886149,0.05542672016192288,2.63847350642356,10,24,0.9916657632906587,24,3,6,14,22,0.125,0.25,0.5833333333333334,0.9166666666666666,5,timm:efficientnet_b0.ra_in1k_random
blocks.1.1,block,26,24,1,False,,0,56.0,56.0,512,0.14229367635488038,1.728947744580021,0.07203948935750087,2.8889351603338924,0.12037229834724551,1.330241283886149,0.05542672016192288,2.63847350642356,10,24,0.9916657632906587,24,3,6,14,22,0.125,0.25,0.5833333333333334,0.9166666666666666,10,timm:efficientnet_b0.ra_in1k_random
blocks.1.1,block,26,24,1,False,,0,56.0,56.0,1024,0.15678587053320836,1.764692199918896,0.07352884166328734,2.9976260505208505,0.12490108543836877,1.344680427428503,0.05602835114285429,2.5828605621415086,10,24,0.9833815856954095,24,4,6,15,22,0.16666666666666666,0.25,0.625,0.9166666666666666,25,timm:efficientnet_b0.ra_in1k_random
blocks.1.1,block,26,24,1,False,,0,56.0,56.0,1536,0.154739745420071,1.7494369062635864,0.07289320442764943,2.9713617825467757,0.12380674093944899,1.337990804127443,0.05574961683864346,2.5827311705476963,10,24,0.9877417754247922,24,4,6,15,22,0.16666666666666666,0.25,0.625,0.9166666666666666,50,timm:efficientnet_b0.ra_in1k_random
blocks.1.1,block,26,24,1,False,,0,56.0,56.0,2560,0.1449546795817127,1.8098990803107093,0.0754124616796129,3.089638574880669,0.12873494062002788,1.363718971455666,0.05682162381065275,2.5436201142499955,10,24,0.9888267844845925,24,4,7,15,23,0.16666666666666666,0.2916666666666667,0.625,0.9583333333333334,100,timm:efficientnet_b0.ra_in1k_random
blocks.1.1,block,26,24,1,False,,0,56.0,56.0,6144,0.13948769276670642,1.8102099034585188,0.07542541264410495,3.1031966060851257,0.12929985858688023,1.3636087093015783,0.05681702955423243,2.4599077926729582,10,24,0.9843702131011978,24,4,7,15,23,0.16666666666666666,0.2916666666666667,0.625,0.9583333333333334,250,timm:efficientnet_b0.ra_in1k_random
blocks.2.0.conv_pw,conv,27,144,1,False,24.0,0,56.0,56.0,512,0.2734077569874864,1.6691919245691618,0.011591610587285845,2.8040315004257232,0.019472440975178633,1.3033493896726238,0.009051037428282109,8.38850413177551,10,144,0.8654560312895015,84,4,6,13,21,0.027777777777777776,0.041666666666666664,0.09027777777777778,0.14583333333333334,1,timm:efficientnet_b0.ra_in1k_random
blocks.2.0.conv_pw,conv,27,144,1,False,24.0,0,56.0,56.0,512,0.2734077569874864,1.6691919245691618,0.011591610587285845,2.8040315004257232,0.019472440975178633,1.3033493896726238,0.009051037428282109,8.38850413177551,10,144,0.8654560312895015,84,4,6,13,21,0.027777777777777776,0.041666666666666664,0.09027777777777778,0.14583333333333334,2,timm:efficientnet_b0.ra_in1k_random
blocks.2.0.conv_pw,conv,27,144,1,False,24.0,0,56.0,56.0,1024,0.2779870787879281,1.7889492243525684,0.012423258502448391,3.0587021740859854,0.021240987320041566,1.3548131910385464,0.009408424937767683,8.652279974027074,10,144,0.8521669270697906,82,4,7,14,22,0.027777777777777776,0.04861111111111111,0.09722222222222222,0.1527777777777778,5,timm:efficientnet_b0.ra_in1k_random
blocks.2.0.conv_pw,conv,27,144,1,False,24.0,0,56.0,56.0,1536,0.2921488564186805,1.7164677551763905,0.011919914966502711,2.9072863205315835,0.020189488337024886,1.3241777408067648,0.009195678755602532,8.750991660550028,10,144,0.8549675273747965,83,4,6,14,22,0.027777777777777776,0.041666666666666664,0.09722222222222222,0.1527777777777778,10,timm:efficientnet_b0.ra_in1k_random
blocks.2.0.conv_pw,conv,27,144,1,False,24.0,0,56.0,56.0,4096,0.26692837788435075,1.8205339364878736,0.012642596781165789,3.122708680840512,0.02168547695028133,1.3682099659675848,0.009501458096997116,9.040302648601838,10,144,0.8416916822407073,82,4,7,15,22,0.027777777777777776,0.04861111111111111,0.10416666666666667,0.1527777777777778,25,timm:efficientnet_b0.ra_in1k_random
blocks.2.0.conv_pw,conv,27,144,1,False,24.0,0,56.0,56.0,7680,0.2559572764794877,1.857887758060556,0.012901998319864973,3.210528910540299,0.022295339656529856,1.383443836822914,0.009607248866825792,9.222810910161646,10,144,0.841774744183326,84,4,7,15,22,0.027777777777777776,0.04861111111111111,0.10416666666666667,0.1527777777777778,50,timm:efficientnet_b0.ra_in1k_random
blocks.2.0.conv_pw,conv,27,144,1,False,24.0,0,56.0,56.0,14848,0.2455527419655939,1.8520303167139927,0.012861321643847172,3.20331925283674,0.02224527258914403,1.3807267427895458,0.009588380158260735,9.469735604440165,10,144,0.8379868633738699,83,4,7,15,22,0.027777777777777776,0.04861111111111111,0.10416666666666667,0.1527777777777778,100,timm:efficientnet_b0.ra_in1k_random
blocks.2.0.conv_pw,conv,27,144,1,False,24.0,0,56.0,56.0,36352,0.2381092733493068,1.891167171200797,0.01313310535556109,3.28679874697135,0.022824991298412155,1.3968486832195581,0.009700338077913599,9.754140272162163,10,144,0.8292225814288091,82,4,7,15,22,0.027777777777777776,0.04861111111111111,0.10416666666666667,0.1527777777777778,250,timm:efficientnet_b0.ra_in1k_random
blocks.2.0.bn1.act,act,28,144,1,False,,0,56.0,56.0,512,0.0651841915250928,1.8980573534342002,0.013180953843293057,3.2790286426162436,0.02277103224039058,1.4005302190134457,0.009725904298704484,5.79254070123066,10,144,0.9842141832081037,137,4,7,15,23,0.027777777777777776,0.04861111111111111,0.10416666666666667,0.1597222222222222,1,timm:efficientnet_b0.ra_in1k_random
blocks.2.0.bn1.act,act,28,144,1,False,,0,56.0,56.0,512,0.0651841915250928,1.8980573534342002,0.013180953843293057,3.2790286426162436,0.02277103224039058,1.4005302190134457,0.009725904298704484,5.79254070123066,10,144,0.9842141832081037,137,4,7,15,23,0.027777777777777776,0.04861111111111111,0.10416666666666667,0.1597222222222222,2,timm:efficientnet_b0.ra_in1k_random
blocks.2.0.bn1.act,act,28,144,1,False,,0,56.0,56.0,1024,0.07073468562980384,1.8301549170636575,0.0127094091462754,3.174647854283982,0.022046165654749875,1.3712987809685901,0.009522908201170764,5.417755630539129,10,144,0.983059054705507,143,4,7,15,23,0.027777777777777776,0.04861111111111111,0.10416666666666667,0.1597222222222222,5,timm:efficientnet_b0.ra_in1k_random
blocks.2.0.bn1.act,act,28,144,1,False,,0,56.0,56.0,1536,0.07065407025162077,1.813806125532258,0.012595875871751792,3.135865692976785,0.021776845090116563,1.3648867533738813,0.009478380231763065,5.258563184974485,10,144,0.9843347337176819,144,4,7,15,23,0.027777777777777776,0.04861111111111111,0.10416666666666667,0.1597222222222222,10,timm:efficientnet_b0.ra_in1k_random
blocks.2.0.bn1.act,act,28,144,1,False,,0,56.0,56.0,4096,0.0632481529713829,1.8588614061876643,0.012908759765192113,3.239815378549956,0.022498717906596917,1.3832467060484832,0.009605879903114466,5.043010936138827,10,144,0.9822749955654859,144,4,7,15,23,0.027777777777777776,0.04861111111111111,0.10416666666666667,0.1597222222222222,25,timm:efficientnet_b0.ra_in1k_random
blocks.2.0.bn1.act,act,28,144,1,False,,0,56.0,56.0,7680,0.0633148306328013,1.8319900953561052,0.012722153439972954,3.189493598735247,0.022149261102328104,1.3717140811710407,0.009525792230354449,4.975014145131043,10,144,0.981914238334352,144,4,7,15,23,0.027777777777777776,0.04861111111111111,0.10416666666666667,0.1597222222222222,50,timm:efficientnet_b0.ra_in1k_random
blocks.2.0.bn1.act,act,28,144,1,False,,0,56.0,56.0,14848,0.061651150803282075,1.8411553414150992,0.0127858009820493,3.2043515619947636,0.022252441402741414,1.3757240786149298,0.009553639434825902,4.947292250636358,10,144,0.9817612729630798,144,4,7,15,23,0.027777777777777776,0.04861111111111111,0.10416666666666667,0.1597222222222222,100,timm:efficientnet_b0.ra_in1k_random
blocks.2.0.bn1.act,act,28,144,1,False,,0,56.0,56.0,36352,0.06033509182957867,1.8624876702725142,0.012933942154670237,3.250168920842139,0.022570617505848187,1.3845228334301503,0.009614741898820488,4.919155855066111,10,144,0.9809571655821427,144,4,7,15,23,0.027777777777777776,0.04861111111111111,0.10416666666666667,0.1597222222222222,250,timm:efficientnet_b0.ra_in1k_random
blocks.2.0.conv_dw,conv,29,144,144,True,144.0,0,28.0,28.0,512,0.13998736187072067,2.2142337935735927,0.015376623566483283,5.556344543772543,0.03858572599842044,1.5029505177528604,0.010437156373283752,2.4398948207421682,10,144,0.9518770699200718,144,11,22,61,113,0.0763888888888889,0.1527777777777778,0.4236111111111111,0.7847222222222222,1,timm:efficientnet_b0.ra_in1k_random
blocks.2.0.conv_dw,conv,29,144,144,True,144.0,0,28.0,28.0,512,0.13998736187072067,2.2142337935735927,0.015376623566483283,5.556344543772543,0.03858572599842044,1.5029505177528604,0.010437156373283752,2.4398948207421682,10,144,0.9518770699200718,144,11,22,61,113,0.0763888888888889,0.1527777777777778,0.4236111111111111,0.7847222222222222,2,timm:efficientnet_b0.ra_in1k_random
blocks.2.0.conv_dw,conv,29,144,144,True,144.0,0,28.0,28.0,1024,0.14964831735530323,2.302823038330816,0.01599182665507511,6.01189574158536,0.041749275983231665,1.5346075897714284,0.010656997151190475,2.1908964112397826,10,144,0.9593611546292227,144,13,26,70,122,0.09027777777777778,0.18055555555555555,0.4861111111111111,0.8472222222222222,5,timm:efficientnet_b0.ra_in1k_random
blocks.2.0.conv_dw,conv,29,144,144,True,144.0,0,28.0,28.0,1536,0.15890445973885464,2.095352721059087,0.014551060562910327,5.2997959676756805,0.03680413866441445,1.4593125829353237,0.010134115159273082,2.1409799001713337,10,144,0.9624327813987436,144,12,25,69,122,0.08333333333333333,0.1736111111111111,0.4791666666666667,0.8472222222222222,10,timm:efficientnet_b0.ra_in1k_random
blocks.2.0.conv_dw,conv,29,144,144,True,144.0,0,28.0,28.0,4096,0.15065156217299008,2.169323305905969,0.015064745179902563,5.611492145410121,0.03896869545423695,1.4861908636553722,0.010320769886495641,2.052658643274599,10,144,0.9655115022046246,144,13,27,73,125,0.09027777777777778,0.1875,0.5069444444444444,0.8680555555555556,25,timm:efficientnet_b0.ra_in1k_random
blocks.2.0.conv_dw,conv,29,144,144,True,144.0,0,28.0,28.0,7680,0.1483413341907388,2.204893674159963,0.015311761626110856,5.745962149730164,0.039902514928681694,1.4992095399807033,0.010411177360977106,2.0344000842937042,10,144,0.9664217632840579,144,13,27,74,126,0.09027777777777778,0.1875,0.5138888888888888,0.875,50,timm:efficientnet_b0.ra_in1k_random
blocks.2.0.conv_dw,conv,29,144,144,True,144.0,0,28.0,28.0,14848,0.1450256586313899,2.209484137143237,0.01534363984127248,5.772764030039194,0.040088639097494404,1.5006767213988794,0.010421366120825552,2.026403411353296,10,144,0.9669964842748783,144,13,28,75,126,0.09027777777777778,0.19444444444444445,0.5208333333333334,0.875,100,timm:efficientnet_b0.ra_in1k_random
blocks.2.0.conv_dw,conv,29,144,144,True,144.0,0,28.0,28.0,36352,0.14070935178684407,2.277156018679785,0.015813583463054063,6.050001355142762,0.04201389829960252,1.524620231339772,0.010587640495415085,2.0306691686353187,10,144,0.968487574850267,144,14,28,76,127,0.09722222222222222,0.19444444444444445,0.5277777777777778,0.8819444444444444,250,timm:efficientnet_b0.ra_in1k_random
blocks.2.0.bn2.act,act,30,144,1,False,,0,28.0,28.0,512,0.03408509886818126,2.3513673041661702,0.016328939612265073,6.095991494340004,0.042333274266250026,1.5515789289847957,0.010774853673505525,2.4219248719864033,10,144,0.9455435449289769,144,13,25,64,115,0.09027777777777778,0.1736111111111111,0.4444444444444444,0.7986111111111112,1,timm:efficientnet_b0.ra_in1k_random
blocks.2.0.bn2.act,act,30,144,1,False,,0,28.0,28.0,512,0.03408509886818126,2.3513673041661702,0.016328939612265073,6.095991494340004,0.042333274266250026,1.5515789289847957,0.010774853673505525,2.4219248719864033,10,144,0.9455435449289769,144,13,25,64,115,0.09027777777777778,0.1736111111111111,0.4444444444444444,0.7986111111111112,2,timm:efficientnet_b0.ra_in1k_random
blocks.2.0.bn2.act,act,30,144,1,False,,0,28.0,28.0,1024,0.0361703337697939,2.4379931302507427,0.01693050784896349,6.6281470381261425,0.04602879887587599,1.580342112413701,0.010974598002872923,2.2095845902209748,10,144,0.9581896559395697,144,15,29,73,123,0.10416666666666667,0.2013888888888889,0.5069444444444444,0.8541666666666666,5,timm:efficientnet_b0.ra_in1k_random
blocks.2.0.bn2.act,act,30,144,1,False,,0,28.0,28.0,1536,0.03938457486056753,2.2825905276225,0.015851323108489582,6.058792103479318,0.04207494516305082,1.5261895099780558,0.010598538263736499,2.166389024819662,10,144,0.9616535299667359,144,14,28,72,123,0.09722222222222222,0.19444444444444445,0.5,0.8541666666666666,10,timm:efficientnet_b0.ra_in1k_random
blocks.2.0.bn2.act,act,30,144,1,False,,0,28.0,28.0,4096,0.03548892967956694,2.4118239682853466,0.01674877755753713,6.560003019534109,0.045555576524542424,1.5718707201062427,0.010915768889626686,2.0483545296052443,10,144,0.965080191672673,144,15,30,77,127,0.10416666666666667,0.20833333333333334,0.5347222222222222,0.8819444444444444,25,timm:efficientnet_b0.ra_in1k_random
blocks.2.0.bn2.act,act,30,144,1,False,,0,28.0,28.0,7680,0.03430511700268537,2.4117231595831603,0.01674807749710528,6.588519182484409,0.04575360543391951,1.5716471653130395,0.010914216425784997,2.032777137178103,10,144,0.965297887783836,144,15,30,78,127,0.10416666666666667,0.20833333333333334,0.5416666666666666,0.8819444444444444,50,timm:efficientnet_b0.ra_in1k_random
blocks.2.0.bn2.act,act,30,144,1,False,,0,28.0,28.0,14848,0.03361393654681027,2.4289192836977733,0.016867495025678983,6.612920208398991,0.04592305700277077,1.5780090514159637,0.010958396190388638,2.0311926516720935,10,144,0.9670788011301614,144,15,30,78,127,0.10416666666666667,0.20833333333333334,0.5416666666666666,0.8819444444444444,100,timm:efficientnet_b0.ra_in1k_random
blocks.2.0.bn2.act,act,30,144,1,False,,0,28.0,28.0,36352,0.032412045661037905,2.496133246739018,0.017334258657909846,6.851129619868386,0.04757728902686379,1.6013542321027046,0.011120515500713225,2.0210416622974785,10,144,0.9679491100229847,144,16,31,79,128,0.1111111111111111,0.2152777777777778,0.5486111111111112,0.8888888888888888,250,timm:efficientnet_b0.ra_in1k_random
blocks.2.0.se.conv_reduce,conv_gap,31,6,1,False,6.0,0,1.0,1.0,32,0.03361861263739788,1.0874885450087688,0.1812480908347948,1.2230464979535303,0.20384108299225503,1.0434657210984253,0.1739109535164042,,10,6,,6,1,1,2,4,0.16666666666666666,0.16666666666666666,0.3333333333333333,0.6666666666666666,1,timm:efficientnet_b0.ra_in1k_random
blocks.2.0.se.conv_reduce,conv_gap,31,6,1,False,6.0,0,1.0,1.0,32,0.03361861263739788,1.0874885450087688,0.1812480908347948,1.2230464979535303,0.20384108299225503,1.0434657210984253,0.1739109535164042,,10,6,,6,1,1,2,4,0.16666666666666666,0.16666666666666666,0.3333333333333333,0.6666666666666666,2,timm:efficientnet_b0.ra_in1k_random
blocks.2.0.se.conv_reduce,conv_gap,31,6,1,False,6.0,0,1.0,1.0,32,0.03361861263739788,1.0874885450087688,0.1812480908347948,1.2230464979535303,0.20384108299225503,1.0434657210984253,0.1739109535164042,,10,6,,6,1,1,2,4,0.16666666666666666,0.16666666666666666,0.3333333333333333,0.6666666666666666,5,timm:efficientnet_b0.ra_in1k_random
blocks.2.0.se.conv_reduce,conv_gap,31,6,1,False,6.0,0,1.0,1.0,64,0.02808310702834159,1.1193032836596892,0.18655054727661488,1.2829160536297723,0.21381934227162872,1.0592957300587031,0.1765492883431172,,10,6,,6,1,2,2,5,0.16666666666666666,0.3333333333333333,0.3333333333333333,0.8333333333333334,10,timm:efficientnet_b0.ra_in1k_random
blocks.2.0.se.conv_reduce,conv_gap,31,6,1,False,6.0,0,1.0,1.0,160,0.02790958527906548,1.1013675202837165,0.18356125338061943,1.2485410627479028,0.20809017712465047,1.05040061916733,0.1750667698612217,,10,6,,6,1,1,2,5,0.16666666666666666,0.16666666666666666,0.3333333333333333,0.8333333333333334,25,timm:efficientnet_b0.ra_in1k_random
blocks.2.0.se.conv_reduce,conv_gap,31,6,1,False,6.0,0,1.0,1.0,320,0.02614566243319089,1.1006603187932147,0.1834433864655358,1.2458351627711288,0.20763919379518814,1.0500713597309328,0.1750118932884888,,10,6,,6,1,1,2,5,0.16666666666666666,0.16666666666666666,0.3333333333333333,0.8333333333333334,50,timm:efficientnet_b0.ra_in1k_random
blocks.2.0.se.conv_reduce,conv_gap,31,6,1,False,6.0,0,1.0,1.0,608,0.024796256599248577,1.1067411361282669,0.18445685602137782,1.2566097250394552,0.20943495417324254,1.0531063912123975,0.1755177318687329,,10,6,,6,1,2,2,5,0.16666666666666666,0.3333333333333333,0.3333333333333333,0.8333333333333334,100,timm:efficientnet_b0.ra_in1k_random
blocks.2.0.se.conv_reduce,conv_gap,31,6,1,False,6.0,0,1.0,1.0,1504,0.022417904316866293,1.110380467446679,0.18506341124111317,1.2644156481710003,0.21073594136183338,1.0549047127407218,0.17581745212345365,,10,6,,6,1,2,2,5,0.16666666666666666,0.3333333333333333,0.3333333333333333,0.8333333333333334,250,timm:efficientnet_b0.ra_in1k_random
blocks.2.0.se.act1,act,32,6,1,False,,0,1.0,1.0,32,0.005367687413743098,1.1214877497908238,0.1869146249651373,1.2964015780086222,0.2160669296681037,1.0601900976279908,0.17669834960466513,,10,6,,6,1,2,3,5,0.16666666666666666,0.3333333333333333,0.5,0.8333333333333334,1,timm:efficientnet_b0.ra_in1k_random
blocks.2.0.se.act1,act,32,6,1,False,,0,1.0,1.0,32,0.005367687413743098,1.1214877497908238,0.1869146249651373,1.2964015780086222,0.2160669296681037,1.0601900976279908,0.17669834960466513,,10,6,,6,1,2,3,5,0.16666666666666666,0.3333333333333333,0.5,0.8333333333333334,2,timm:efficientnet_b0.ra_in1k_random
blocks.2.0.se.act1,act,32,6,1,False,,0,1.0,1.0,32,0.005367687413743098,1.1214877497908238,0.1869146249651373,1.2964015780086222,0.2160669296681037,1.0601900976279908,0.17669834960466513,,10,6,,6,1,2,3,5,0.16666666666666666,0.3333333333333333,0.5,0.8333333333333334,5,timm:efficientnet_b0.ra_in1k_random
blocks.2.0.se.act1,act,32,6,1,False,,0,1.0,1.0,64,0.004648592513372126,1.161032324196099,0.1935053873660165,1.3663000217328696,0.2277166702888116,1.0798507729438476,0.1799751288239746,,10,6,,6,1,2,3,5,0.16666666666666666,0.3333333333333333,0.5,0.8333333333333334,10,timm:efficientnet_b0.ra_in1k_random
blocks.2.0.se.act1,act,32,6,1,False,,0,1.0,1.0,160,0.00467782012181702,1.13932344618294,0.18988724103049,1.3268397401550058,0.22113995669250097,1.0691051390687278,0.17818418984478798,,10,6,,6,1,2,3,5,0.16666666666666666,0.3333333333333333,0.5,0.8333333333333334,25,timm:efficientnet_b0.ra_in1k_random
blocks.2.0.se.act1,act,32,6,1,False,,0,1.0,1.0,320,0.004387355358428337,1.1381066632556636,0.18968444387594394,1.3222058579024214,0.2203676429837369,1.0685516078338317,0.17809193463897197,,10,6,,6,1,2,3,5,0.16666666666666666,0.3333333333333333,0.5,0.8333333333333334,50,timm:efficientnet_b0.ra_in1k_random
blocks.2.0.se.act1,act,32,6,1,False,,0,1.0,1.0,608,0.004191931950549013,1.1466240181334957,0.19110400302224928,1.3360414720358,0.22267357867263335,1.072809953534363,0.17880165892239383,,10,6,,6,1,2,3,5,0.16666666666666666,0.3333333333333333,0.5,0.8333333333333334,100,timm:efficientnet_b0.ra_in1k_random
blocks.2.0.se.act1,act,32,6,1,False,,0,1.0,1.0,1504,0.0037961112768892585,1.1516540840648057,0.1919423473441343,1.3464028728659267,0.2244004788109878,1.0752880985923825,0.17921468309873043,,10,6,,6,1,2,3,5,0.16666666666666666,0.3333333333333333,0.5,0.8333333333333334,250,timm:efficientnet_b0.ra_in1k_random
blocks.2.0.se.conv_expand,conv_gap,33,144,1,False,6.0,0,1.0,1.0,160,0.011465931415625118,1.1290214255619402,0.007840426566402362,1.2984184293762218,0.009016794648445984,1.064183244354506,0.007390161419128514,2.8179078299705775,10,144,0.7974995943925249,75,1,2,2,5,0.006944444444444444,0.013888888888888888,0.013888888888888888,0.034722222222222224,1,timm:efficientnet_b0.ra_in1k_random
blocks.2.0.se.conv_expand,conv_gap,33,144,1,False,6.0,0,1.0,1.0,288,0.010566770902436351,1.1298100762947154,0.00784590330760219,1.2981783184105367,0.009015127211184283,1.0646050603331831,0.007393090696758216,2.7462732976041537,10,144,0.8210191859159599,75,1,2,2,5,0.006944444444444444,0.013888888888888888,0.013888888888888888,0.034722222222222224,2,timm:efficientnet_b0.ra_in1k_random
blocks.2.0.se.conv_expand,conv_gap,33,144,1,False,6.0,0,1.0,1.0,736,0.010323789974979599,1.131728246282701,0.007859223932518757,1.3016587753097657,0.009039297050762262,1.065561068117358,0.007399729639703875,2.820852848845958,10,144,0.7540791270780802,74,1,2,2,5,0.006944444444444444,0.013888888888888888,0.013888888888888888,0.034722222222222224,5,timm:efficientnet_b0.ra_in1k_random
blocks.2.0.se.conv_expand,conv_gap,33,144,1,False,6.0,0,1.0,1.0,1440,0.009459195086187712,1.1360781766283148,0.007889431782141075,1.309318416862414,0.009092489005988986,1.0677357877845295,0.007414831859614788,2.8189901340522794,10,144,0.7926502168055709,75,1,2,2,5,0.006944444444444444,0.013888888888888888,0.013888888888888888,0.034722222222222224,10,timm:efficientnet_b0.ra_in1k_random
blocks.2.0.se.conv_expand,conv_gap,33,144,1,False,6.0,0,1.0,1.0,3616,0.009318798385131277,1.140604381021316,0.007920863757092472,1.3179874618646463,0.009152690707393378,1.0699751850966188,0.00743038322983763,2.7039093056696846,10,144,0.8196785278483699,73,1,2,2,5,0.006944444444444444,0.013888888888888888,0.013888888888888888,0.034722222222222224,25,timm:efficientnet_b0.ra_in1k_random
blocks.2.0.conv_pwl,conv,34,40,1,False,40.0,0,28.0,28.0,512,0.01611928396845517,2.6967137660962304,0.06741784415240576,5.690675876268836,0.1422668969067209,1.694526142771532,0.0423631535692883,2.4032271524314917,10,40,0.9647182852431211,40,9,15,28,38,0.225,0.375,0.7,0.95,1,timm:efficientnet_b0.ra_in1k_random
blocks.2.0.conv_pwl,conv,34,40,1,False,40.0,0,28.0,28.0,512,0.01611928396845517,2.6967137660962304,0.06741784415240576,5.690675876268836,0.1422668969067209,1.694526142771532,0.0423631535692883,2.4032271524314917,10,40,0.9647182852431211,40,9,15,28,38,0.225,0.375,0.7,0.95,2,timm:efficientnet_b0.ra_in1k_random
blocks.2.0.conv_pwl,conv,34,40,1,False,40.0,0,28.0,28.0,512,0.01611928396845517,2.6967137660962304,0.06741784415240576,5.690675876268836,0.1422668969067209,1.694526142771532,0.0423631535692883,2.4032271524314917,10,40,0.9647182852431211,40,9,15,28,38,0.225,0.375,0.7,0.95,5,timm:efficientnet_b0.ra_in1k_random
blocks.2.0.conv_pwl,conv,34,40,1,False,40.0,0,28.0,28.0,512,0.01611928396845517,2.6967137660962304,0.06741784415240576,5.690675876268836,0.1422668969067209,1.694526142771532,0.0423631535692883,2.4032271524314917,10,40,0.9647182852431211,40,9,15,28,38,0.225,0.375,0.7,0.95,10,timm:efficientnet_b0.ra_in1k_random
blocks.2.0.conv_pwl,conv,34,40,1,False,40.0,0,28.0,28.0,1024,0.018106400298932877,2.737571531842628,0.0684392882960657,5.840463548201148,0.1460115887050287,1.709365510116706,0.04273413775291765,2.2680245820267535,10,40,0.9627554061413541,40,9,15,29,38,0.225,0.375,0.725,0.95,25,timm:efficientnet_b0.ra_in1k_random
blocks.2.0.conv_pwl,conv,34,40,1,False,40.0,0,28.0,28.0,2048,0.018056904288588603,2.592709130337182,0.06481772825842955,5.55495669946524,0.138873917486631,1.6536166669808225,0.04134041667452056,2.2458081816711313,10,40,0.9686221942778783,40,9,15,29,38,0.225,0.375,0.725,0.95,50,timm:efficientnet_b0.ra_in1k_random
blocks.2.0.conv_pwl,conv,34,40,1,False,40.0,0,28.0,28.0,4096,0.01637274558028145,2.730062044478797,0.06825155111196993,5.887297956360055,0.1471824489090014,1.703449313231492,0.0425862328307873,2.2236852682335435,10,40,0.968640645373395,40,10,16,29,38,0.25,0.4,0.725,0.95,100,timm:efficientnet_b0.ra_in1k_random
blocks.2.0.conv_pwl,conv,34,40,1,False,40.0,0,28.0,28.0,10240,0.015314239313327713,2.7985181709013505,0.06996295427253377,6.090545428386139,0.15226363570965346,1.7261527229311453,0.04315381807327863,2.1854766598510857,10,40,0.969921661478965,40,10,16,30,39,0.25,0.4,0.75,0.975,250,timm:efficientnet_b0.ra_in1k_random
blocks.2.0,block,35,40,1,False,,0,28.0,28.0,512,0.014504551967704372,2.664739870948592,0.0666184967737148,5.7521182464620635,0.1438029561615516,1.675110873774037,0.041877771844350924,2.411295871575011,10,40,0.9786689873272332,40,9,15,28,38,0.225,0.375,0.7,0.95,1,timm:efficientnet_b0.ra_in1k_random
blocks.2.0,block,35,40,1,False,,0,28.0,28.0,512,0.014504551967704372,2.664739870948592,0.0666184967737148,5.7521182464620635,0.1438029561615516,1.675110873774037,0.041877771844350924,2.411295871575011,10,40,0.9786689873272332,40,9,15,28,38,0.225,0.375,0.7,0.95,2,timm:efficientnet_b0.ra_in1k_random
blocks.2.0,block,35,40,1,False,,0,28.0,28.0,512,0.014504551967704372,2.664739870948592,0.0666184967737148,5.7521182464620635,0.1438029561615516,1.675110873774037,0.041877771844350924,2.411295871575011,10,40,0.9786689873272332,40,9,15,28,38,0.225,0.375,0.7,0.95,5,timm:efficientnet_b0.ra_in1k_random
blocks.2.0,block,35,40,1,False,,0,28.0,28.0,512,0.014504551967704372,2.664739870948592,0.0666184967737148,5.7521182464620635,0.1438029561615516,1.675110873774037,0.041877771844350924,2.411295871575011,10,40,0.9786689873272332,40,9,15,28,38,0.225,0.375,0.7,0.95,10,timm:efficientnet_b0.ra_in1k_random
blocks.2.0,block,35,40,1,False,,0,28.0,28.0,1024,0.017442305979592815,2.746959804355975,0.06867399510889938,5.932274702017512,0.14830686755043782,1.7111577181967446,0.04277894295491862,2.3008346124743277,10,40,0.9678948123939896,40,10,16,29,38,0.25,0.4,0.725,0.95,25,timm:efficientnet_b0.ra_in1k_random
blocks.2.0,block,35,40,1,False,,0,28.0,28.0,2048,0.016559833369369996,2.816243218240897,0.07040608045602242,6.103229703693795,0.15258074259234486,1.7352370193562008,0.04338092548390502,2.2600645442864282,10,40,0.9708926886365097,40,10,16,29,39,0.25,0.4,0.725,0.975,50,timm:efficientnet_b0.ra_in1k_random
blocks.2.0,block,35,40,1,False,,0,28.0,28.0,4096,0.015427681782042355,2.893459691007084,0.0723364922751771,6.280104744245416,0.1570026186061354,1.762694401618136,0.044067360040453404,2.222028779194695,10,40,0.9693494249081185,40,10,17,30,39,0.25,0.425,0.75,0.975,100,timm:efficientnet_b0.ra_in1k_random
blocks.2.0,block,35,40,1,False,,0,28.0,28.0,10240,0.014842060699717757,2.8969902127921787,0.07242475531980447,6.315953427599683,0.15789883568999208,1.761662206290279,0.044041555157256974,2.208112056521126,10,40,0.9697360417438692,40,10,17,30,39,0.25,0.425,0.75,0.975,250,timm:efficientnet_b0.ra_in1k_random
blocks.2.1.conv_pw,conv,36,240,1,False,40.0,0,28.0,28.0,512,0.03113679881750814,2.644620656284931,0.011019252734520545,5.607741511176823,0.02336558962990343,1.6704693445774843,0.006960288935739518,7.96771129228953,10,240,0.8678504748723688,141,9,14,27,38,0.0375,0.058333333333333334,0.1125,0.15833333333333333,1,timm:efficientnet_b0.ra_in1k_random
blocks.2.1.conv_pw,conv,36,240,1,False,40.0,0,28.0,28.0,512,0.03113679881750814,2.644620656284931,0.011019252734520545,5.607741511176823,0.02336558962990343,1.6704693445774843,0.006960288935739518,7.96771129228953,10,240,0.8678504748723688,141,9,14,27,38,0.0375,0.058333333333333334,0.1125,0.15833333333333333,2,timm:efficientnet_b0.ra_in1k_random
blocks.2.1.conv_pw,conv,36,240,1,False,40.0,0,28.0,28.0,1536,0.03708665643366336,2.434202699573645,0.010142511248223521,5.074340140230923,0.021143083917628848,1.5974107789195424,0.006655878245498094,8.163049404397608,10,240,0.8629097893627268,141,8,14,27,38,0.03333333333333333,0.058333333333333334,0.1125,0.15833333333333333,5,timm:efficientnet_b0.ra_in1k_random
blocks.2.1.conv_pw,conv,36,240,1,False,40.0,0,28.0,28.0,2560,0.03550848372089179,2.46605763489186,0.01027524014538275,5.190184000448438,0.02162576666853516,1.6082197723516145,0.006700915718131727,8.392510567211023,10,240,0.8609056684818195,141,8,14,27,38,0.03333333333333333,0.058333333333333334,0.1125,0.15833333333333333,10,timm:efficientnet_b0.ra_in1k_random
blocks.2.1.conv_pw,conv,36,240,1,False,40.0,0,28.0,28.0,6144,0.03311801297757725,2.6508621636382754,0.011045259015159481,5.636769629894475,0.023486540124560314,1.6752751689999539,0.006980313204166475,8.70028237795083,10,240,0.852309373395038,138,9,15,28,38,0.0375,0.0625,0.11666666666666667,0.15833333333333333,25,timm:efficientnet_b0.ra_in1k_random
blocks.2.1.conv_pw,conv,36,240,1,False,40.0,0,28.0,28.0,12288,0.03273069767851343,2.7094812425509134,0.011289505177295472,5.760440440551505,0.024001835168964602,1.696553769110541,0.007068974037960587,8.881895562880533,10,240,0.8485158382684134,138,9,15,28,38,0.0375,0.0625,0.11666666666666667,0.15833333333333333,50,timm:efficientnet_b0.ra_in1k_random
blocks.2.1.conv_pw,conv,36,240,1,False,40.0,0,28.0,28.0,24064,0.031401097627162824,2.7661951651318897,0.01152581318804954,5.874876839261582,0.02447865349692326,1.7178776141281102,0.007157823392200459,9.078536913710872,10,240,0.846914729237816,139,9,15,28,38,0.0375,0.0625,0.11666666666666667,0.15833333333333333,100,timm:efficientnet_b0.ra_in1k_random
blocks.2.1.conv_pw,conv,36,240,1,False,40.0,0,28.0,28.0,60416,0.03128543150651477,2.8005350705197736,0.011668896127165724,5.934313378404539,0.02472630574335225,1.7308079432991332,0.007211699763746388,9.408457315755635,10,240,0.8455453796758279,138,9,15,28,38,0.0375,0.0625,0.11666666666666667,0.15833333333333333,250,timm:efficientnet_b0.ra_in1k_random
blocks.2.1.bn1.act,act,37,240,1,False,,0,28.0,28.0,512,0.008407871730829585,2.751861214992113,0.01146608839580047,5.556072650605672,0.023150302710856965,1.7251174065333539,0.007187989193888975,6.156331335402339,10,240,0.9518344881395494,200,8,13,26,37,0.03333333333333333,0.05416666666666667,0.10833333333333334,0.15416666666666667,1,timm:efficientnet_b0.ra_in1k_random
blocks.2.1.bn1.act,act,37,240,1,False,,0,28.0,28.0,512,0.008407871730829585,2.751861214992113,0.01146608839580047,5.556072650605672,0.023150302710856965,1.7251174065333539,0.007187989193888975,6.156331335402339,10,240,0.9518344881395494,200,8,13,26,37,0.03333333333333333,0.05416666666666667,0.10833333333333334,0.15416666666666667,2,timm:efficientnet_b0.ra_in1k_random
blocks.2.1.bn1.act,act,37,240,1,False,,0,28.0,28.0,1536,0.009299806247392637,2.603876076881901,0.010849483653674587,5.45949803133827,0.022747908463909457,1.660808013242394,0.006920033388509975,5.640263775782285,10,240,0.9495132645477143,226,9,14,27,38,0.0375,0.058333333333333334,0.1125,0.15833333333333333,5,timm:efficientnet_b0.ra_in1k_random
blocks.2.1.bn1.act,act,37,240,1,False,,0,28.0,28.0,2560,0.008786792233632598,2.6466418150413356,0.011027674229338898,5.594484132467193,0.023310350551946638,1.6745266855472067,0.006977194523113362,5.465679002516905,10,240,0.9448285418227965,236,9,15,28,38,0.0375,0.0625,0.11666666666666667,0.15833333333333333,10,timm:efficientnet_b0.ra_in1k_random
blocks.2.1.bn1.act,act,37,240,1,False,,0,28.0,28.0,6144,0.008385563916542405,2.6676275565168215,0.011115114818820089,5.687214421777323,0.023696726757405515,1.6806069259546461,0.007002528858144359,5.226529034569434,10,240,0.9370284976188445,240,9,15,28,38,0.0375,0.0625,0.11666666666666667,0.15833333333333333,25,timm:efficientnet_b0.ra_in1k_random
blocks.2.1.bn1.act,act,37,240,1,False,,0,28.0,28.0,12288,0.007992648996997063,2.7318999099875967,0.011382916291614985,5.831166604481904,0.0242965275186746,1.7037198126383002,0.007098832552659584,5.1463562796891855,10,240,0.9322501002458822,240,9,15,28,38,0.0375,0.0625,0.11666666666666667,0.15833333333333333,50,timm:efficientnet_b0.ra_in1k_random
blocks.2.1.bn1.act,act,37,240,1,False,,0,28.0,28.0,24064,0.007853262674798358,2.751772188136213,0.011465717450567554,5.861492008064377,0.024422883366934902,1.7118573805404178,0.0071327390855850745,5.1137885357648685,10,240,0.9299598786401173,240,9,15,28,38,0.0375,0.0625,0.11666666666666667,0.15833333333333333,100,timm:efficientnet_b0.ra_in1k_random
blocks.2.1.bn1.act,act,37,240,1,False,,0,28.0,28.0,60416,0.007796530093551335,2.83303124764596,0.011804296865191499,6.020873705251943,0.025086973771883094,1.7419087679030347,0.007257953199595978,5.086050492550261,10,240,0.9287244271021791,240,9,15,28,38,0.0375,0.0625,0.11666666666666667,0.15833333333333333,250,timm:efficientnet_b0.ra_in1k_random
blocks.2.1.conv_dw,conv,38,240,240,True,240.0,0,28.0,28.0,512,0.013926699803139712,4.920439924393306,0.02050183301830544,16.367076383188106,0.06819615159661711,2.3322357061522525,0.009717648775634385,2.259653779856029,10,240,0.9210318915085904,240,35,61,127,201,0.14583333333333334,0.25416666666666665,0.5291666666666667,0.8375,1,timm:efficientnet_b0.ra_in1k_random
blocks.2.1.conv_dw,conv,38,240,240,True,240.0,0,28.0,28.0,512,0.013926699803139712,4.920439924393306,0.02050183301830544,16.367076383188106,0.06819615159661711,2.3322357061522525,0.009717648775634385,2.259653779856029,10,240,0.9210318915085904,240,35,61,127,201,0.14583333333333334,0.25416666666666665,0.5291666666666667,0.8375,2,timm:efficientnet_b0.ra_in1k_random
blocks.2.1.conv_dw,conv,38,240,240,True,240.0,0,28.0,28.0,1536,0.015534146475923204,4.712066797659249,0.019633611656913536,16.350246186975152,0.06812602577906314,2.276153922319371,0.009483974676330713,1.9235265677483446,10,240,0.9436570297158831,240,39,70,146,217,0.1625,0.2916666666666667,0.6083333333333333,0.9041666666666667,5,timm:efficientnet_b0.ra_in1k_random
blocks.2.1.conv_dw,conv,38,240,240,True,240.0,0,28.0,28.0,2560,0.014445902847965117,5.16120306614822,0.02150501277561758,18.10351653225638,0.07543131888440158,2.394426122664224,0.009976775511100933,1.844066605728749,10,240,0.9491915776677583,240,42,75,154,221,0.175,0.3125,0.6416666666666667,0.9208333333333333,10,timm:efficientnet_b0.ra_in1k_random
blocks.2.1.conv_dw,conv,38,240,240,True,240.0,0,28.0,28.0,6144,0.014363027642952896,5.178619793101123,0.02157758247125468,18.794577340618844,0.07831073891924518,2.3860287241055484,0.009941786350439786,1.7782695199706668,10,240,0.9515426848856029,240,45,80,160,223,0.1875,0.3333333333333333,0.6666666666666666,0.9291666666666667,25,timm:efficientnet_b0.ra_in1k_random
blocks.2.1.conv_dw,conv,38,240,240,True,240.0,0,28.0,28.0,12288,0.014102616361511831,5.269778483874669,0.021957410349477787,19.229475322018526,0.08012281384174386,2.407029937216091,0.010029291405067047,1.763744470910198,10,240,0.9529991467277232,240,46,81,161,224,0.19166666666666668,0.3375,0.6708333333333333,0.9333333333333333,50,timm:efficientnet_b0.ra_in1k_random
blocks.2.1.conv_dw,conv,38,240,240,True,240.0,0,28.0,28.0,24064,0.01361002869006762,5.435056365332894,0.022646068188887057,19.86430246081206,0.08276792692005025,2.4497241462365573,0.010207183942652322,1.7515342116266372,10,240,0.9531213933455275,240,47,83,163,225,0.19583333333333333,0.3458333333333333,0.6791666666666667,0.9375,100,timm:efficientnet_b0.ra_in1k_random
blocks.2.1.conv_dw,conv,38,240,240,True,240.0,0,28.0,28.0,60416,0.013549902384932233,5.519194294027007,0.022996642891779197,20.111078558496274,0.08379616066040114,2.4723613156459643,0.010301505481858184,1.7506511191437115,10,240,0.9538783128762721,240,47,83,163,225,0.19583333333333333,0.3458333333333333,0.6791666666666667,0.9375,250,timm:efficientnet_b0.ra_in1k_random
blocks.2.1.bn2.act,act,39,240,1,False,,0,28.0,28.0,512,0.0035294397183240124,4.730081233444335,0.019708671806018062,15.643457213573873,0.06518107172322447,2.28095866961819,0.009503994456742458,2.304439401348708,10,240,0.92204848509262,240,34,59,124,198,0.14166666666666666,0.24583333333333332,0.5166666666666667,0.825,1,timm:efficientnet_b0.ra_in1k_random
blocks.2.1.bn2.act,act,39,240,1,False,,0,28.0,28.0,512,0.0035294397183240124,4.730081233444335,0.019708671806018062,15.643457213573873,0.06518107172322447,2.28095866961819,0.009503994456742458,2.304439401348708,10,240,0.92204848509262,240,34,59,124,198,0.14166666666666666,0.24583333333333332,0.5166666666666667,0.825,2,timm:efficientnet_b0.ra_in1k_random
blocks.2.1.bn2.act,act,39,240,1,False,,0,28.0,28.0,1536,0.003962431618345978,4.492976066611678,0.01872073361088199,16.241576282604218,0.0676732345108509,2.196517880924404,0.009152157837185017,1.9279086939075145,10,240,0.9430404415381989,240,40,71,147,217,0.16666666666666666,0.29583333333333334,0.6125,0.9041666666666667,5,timm:efficientnet_b0.ra_in1k_random
blocks.2.1.bn2.act,act,39,240,1,False,,0,28.0,28.0,2560,0.00367442031529116,4.78129312810881,0.019922054700453374,17.339208978764997,0.0722467040781875,2.2771622154005633,0.009488175897502346,1.847539540171043,10,240,0.9476953710312312,240,42,75,153,221,0.175,0.3125,0.6375,0.9208333333333333,10,timm:efficientnet_b0.ra_in1k_random
blocks.2.1.bn2.act,act,39,240,1,False,,0,28.0,28.0,6144,0.003506864180757876,5.140193506346483,0.021417472943110347,19.05337753134907,0.07938907304728779,2.3677738347625508,0.009865724311510627,1.7736579686185059,10,240,0.9507928549302676,240,46,81,161,224,0.19166666666666668,0.3375,0.6708333333333333,0.9333333333333333,25,timm:efficientnet_b0.ra_in1k_random
blocks.2.1.bn2.act,act,39,240,1,False,,0,28.0,28.0,12288,0.0034464781757025365,5.308662806711498,0.022119428361297908,19.555399409978776,0.08148083087491156,2.413671110187858,0.010056962959116074,1.7597885131080881,10,240,0.9522256329150343,240,47,82,162,224,0.19583333333333333,0.3416666666666667,0.675,0.9333333333333333,50,timm:efficientnet_b0.ra_in1k_random
blocks.2.1.bn2.act,act,39,240,1,False,,0,28.0,28.0,24064,0.0033195168105228873,5.501863142709482,0.022924429761289507,20.18818993694659,0.08411745807061079,2.4663221326711486,0.010276342219463119,1.7473042261104261,10,240,0.952413895546973,240,48,83,164,225,0.2,0.3458333333333333,0.6833333333333333,0.9375,100,timm:efficientnet_b0.ra_in1k_random
blocks.2.1.bn2.act,act,39,240,1,False,,0,28.0,28.0,60416,0.003350078311754514,5.540451783020962,0.02308521576258734,20.19281345504662,0.08413672272936092,2.478286456958157,0.010326193570658986,1.7488113476059663,10,240,0.9536459804171269,240,47,83,164,225,0.19583333333333333,0.3458333333333333,0.6833333333333333,0.9375,250,timm:efficientnet_b0.ra_in1k_random
blocks.2.1.se.conv_reduce,conv_gap,40,10,1,False,10.0,0,1.0,1.0,32,0.0017639037771826436,1.211699136274227,0.12116991362742272,1.4874019720003289,0.1487401972000329,1.104043749335343,0.1104043749335343,,10,10,,10,1,2,3,6,0.1,0.2,0.3,0.6,1,timm:efficientnet_b0.ra_in1k_random
blocks.2.1.se.conv_reduce,conv_gap,40,10,1,False,10.0,0,1.0,1.0,32,0.0017639037771826436,1.211699136274227,0.12116991362742272,1.4874019720003289,0.1487401972000329,1.104043749335343,0.1104043749335343,,10,10,,10,1,2,3,6,0.1,0.2,0.3,0.6,2,timm:efficientnet_b0.ra_in1k_random
blocks.2.1.se.conv_reduce,conv_gap,40,10,1,False,10.0,0,1.0,1.0,64,0.001540972657809653,1.2894122168561541,0.12894122168561542,1.6245692751163494,0.16245692751163493,1.1422220703858301,0.11422220703858302,,10,10,,10,2,2,4,7,0.2,0.2,0.4,0.7,5,timm:efficientnet_b0.ra_in1k_random
blocks.2.1.se.conv_reduce,conv_gap,40,10,1,False,10.0,0,1.0,1.0,128,0.0015283509944073945,1.2825302827605387,0.12825302827605387,1.6109602397269753,0.16109602397269754,1.1389878475905797,0.11389878475905797,,10,10,,10,2,2,4,7,0.2,0.2,0.4,0.7,10,timm:efficientnet_b0.ra_in1k_random
blocks.2.1.se.conv_reduce,conv_gap,40,10,1,False,10.0,0,1.0,1.0,256,0.0014521933365742993,1.2712955924159053,0.12712955924159053,1.5808281125054944,0.15808281125054943,1.1339378613423823,0.11339378613423823,,10,10,,10,2,2,4,7,0.2,0.2,0.4,0.7,25,timm:efficientnet_b0.ra_in1k_random
blocks.2.1.se.conv_reduce,conv_gap,40,10,1,False,10.0,0,1.0,1.0,512,0.001348137994308538,1.3090385741512838,0.1309038574151284,1.644254349427588,0.1644254349427588,1.1525412616789363,0.11525412616789363,,10,10,,10,2,2,4,7,0.2,0.2,0.4,0.7,50,timm:efficientnet_b0.ra_in1k_random
blocks.2.1.se.conv_reduce,conv_gap,40,10,1,False,10.0,0,1.0,1.0,1024,0.0012883194592099541,1.3198447463401406,0.13198447463401405,1.6629291376406612,0.16629291376406613,1.1578138356370948,0.11578138356370948,,10,10,,10,2,2,4,7,0.2,0.2,0.4,0.7,100,timm:efficientnet_b0.ra_in1k_random
blocks.2.1.se.conv_reduce,conv_gap,40,10,1,False,10.0,0,1.0,1.0,2528,0.0011858234465846455,1.3302935311034623,0.13302935311034622,1.6850820342014083,0.16850820342014083,1.162741406099035,0.11627414060990351,,10,10,,10,2,2,4,7,0.2,0.2,0.4,0.7,250,timm:efficientnet_b0.ra_in1k_random
blocks.2.1.se.act1,act,41,10,1,False,,0,1.0,1.0,32,0.0004185921936896779,1.2238513365527217,0.12238513365527218,1.509147898025434,0.15091478980254341,1.10996784984434,0.110996784984434,,10,10,,10,1,2,3,6,0.1,0.2,0.3,0.6,1,timm:efficientnet_b0.ra_in1k_random
blocks.2.1.se.act1,act,41,10,1,False,,0,1.0,1.0,32,0.0004185921936896779,1.2238513365527217,0.12238513365527218,1.509147898025434,0.15091478980254341,1.10996784984434,0.110996784984434,,10,10,,10,1,2,3,6,0.1,0.2,0.3,0.6,2,timm:efficientnet_b0.ra_in1k_random
blocks.2.1.se.act1,act,41,10,1,False,,0,1.0,1.0,64,0.00036644445902216127,1.3078295920622833,0.13078295920622834,1.6545443460616185,0.16545443460616185,1.1512824132488855,0.11512824132488855,,10,10,,10,2,2,4,7,0.2,0.2,0.4,0.7,5,timm:efficientnet_b0.ra_in1k_random
blocks.2.1.se.act1,act,41,10,1,False,,0,1.0,1.0,128,0.00036357239520988147,1.3002831615791006,0.13002831615791005,1.6398583344121398,0.16398583344121398,1.1477410081459203,0.11477410081459202,,10,10,,10,2,2,4,7,0.2,0.2,0.4,0.7,10,timm:efficientnet_b0.ra_in1k_random
blocks.2.1.se.act1,act,41,10,1,False,,0,1.0,1.0,256,0.00034489458448592726,1.2887117446315615,0.12887117446315616,1.6087359638188532,0.1608735963818853,1.1425886599458261,0.11425886599458261,,10,10,,10,2,2,4,7,0.2,0.2,0.4,0.7,25,timm:efficientnet_b0.ra_in1k_random
blocks.2.1.se.act1,act,41,10,1,False,,0,1.0,1.0,512,0.00032104375009390406,1.3281829496971507,0.13281829496971506,1.6737735754272665,0.16737735754272665,1.1620933622510092,0.11620933622510092,,10,10,,10,2,2,4,7,0.2,0.2,0.4,0.7,50,timm:efficientnet_b0.ra_in1k_random
blocks.2.1.se.act1,act,41,10,1,False,,0,1.0,1.0,1024,0.00030707201974950566,1.3392617326366107,0.13392617326366107,1.6926959733339975,0.16926959733339975,1.1675028742984457,0.11675028742984457,,10,10,,10,2,2,4,7,0.2,0.2,0.4,0.7,100,timm:efficientnet_b0.ra_in1k_random
blocks.2.1.se.act1,act,41,10,1,False,,0,1.0,1.0,2528,0.00028332706805006156,1.3494578967355388,0.1349457896735539,1.7145197850899523,0.17145197850899524,1.1722851003372954,0.11722851003372954,,10,10,,10,2,2,4,7,0.2,0.2,0.4,0.7,250,timm:efficientnet_b0.ra_in1k_random
blocks.2.1.se.conv_expand,conv_gap,42,240,1,False,10.0,0,1.0,1.0,256,0.0006744517450944251,1.28778690630483,0.0053657787762701244,1.6050420101058775,0.006687675042107823,1.142153518668082,0.004758972994450342,2.707064684714265,10,240,0.7240165028597316,126,2,2,4,7,0.008333333333333333,0.008333333333333333,0.016666666666666666,0.029166666666666667,1,timm:efficientnet_b0.ra_in1k_random
blocks.2.1.se.conv_expand,conv_gap,42,240,1,False,10.0,0,1.0,1.0,480,0.0006418388473371209,1.3126725248426092,0.005469468853510872,1.647678644956099,0.006865327687317079,1.1543694787878025,0.00480987282828251,2.6987963462035363,10,240,0.7088087595704865,125,2,2,4,7,0.008333333333333333,0.008333333333333333,0.016666666666666666,0.029166666666666667,2,timm:efficientnet_b0.ra_in1k_random
blocks.2.1.se.conv_expand,conv_gap,42,240,1,False,10.0,0,1.0,1.0,1216,0.0005907650211176578,1.3381681774974041,0.005575700739572517,1.6878166149938874,0.007032569229141197,1.1670188550656824,0.004862578562773677,2.5241487372341553,10,240,0.7165372375677659,123,2,2,4,7,0.008333333333333333,0.008333333333333333,0.016666666666666666,0.029166666666666667,5,timm:efficientnet_b0.ra_in1k_random
blocks.2.1.se.conv_expand,conv_gap,42,240,1,False,10.0,0,1.0,1.0,2400,0.0005507108722051837,1.3539745374375323,0.0056415605726563844,1.717605070738009,0.007156687794741704,1.1746279534279886,0.0048942831392832864,2.6678024048214377,10,240,0.6989265030195794,124,2,2,4,7,0.008333333333333333,0.008333333333333333,0.016666666666666666,0.029166666666666667,10,timm:efficientnet_b0.ra_in1k_random
blocks.2.1.se.conv_expand,conv_gap,42,240,1,False,10.0,0,1.0,1.0,6016,0.0005779737004203482,1.3430768411270768,0.005596153504696153,1.7004994338640624,0.0070854143077669265,1.1691885313156694,0.004871618880481956,2.5968125178707235,10,240,0.7061922289086067,125,2,2,4,7,0.008333333333333333,0.008333333333333333,0.016666666666666666,0.029166666666666667,25,timm:efficientnet_b0.ra_in1k_random
blocks.2.1.conv_pwl,conv,43,40,1,False,40.0,0,28.0,28.0,512,0.001964320343009646,3.4721572936651053,0.08680393234162763,8.376682798996496,0.2094170699749124,1.927055171163193,0.04817637927907982,1.7514000815693365,10,40,0.9629771168573487,40,15,22,34,40,0.375,0.55,0.85,1.0,1,timm:efficientnet_b0.ra_in1k_random
blocks.2.1.conv_pwl,conv,43,40,1,False,40.0,0,28.0,28.0,512,0.001964320343009646,3.4721572936651053,0.08680393234162763,8.376682798996496,0.2094170699749124,1.927055171163193,0.04817637927907982,1.7514000815693365,10,40,0.9629771168573487,40,15,22,34,40,0.375,0.55,0.85,1.0,2,timm:efficientnet_b0.ra_in1k_random
blocks.2.1.conv_pwl,conv,43,40,1,False,40.0,0,28.0,28.0,512,0.001964320343009646,3.4721572936651053,0.08680393234162763,8.376682798996496,0.2094170699749124,1.927055171163193,0.04817637927907982,1.7514000815693365,10,40,0.9629771168573487,40,15,22,34,40,0.375,0.55,0.85,1.0,5,timm:efficientnet_b0.ra_in1k_random
blocks.2.1.conv_pwl,conv,43,40,1,False,40.0,0,28.0,28.0,512,0.001964320343009646,3.4721572936651053,0.08680393234162763,8.376682798996496,0.2094170699749124,1.927055171163193,0.04817637927907982,1.7514000815693365,10,40,0.9629771168573487,40,15,22,34,40,0.375,0.55,0.85,1.0,10,timm:efficientnet_b0.ra_in1k_random
blocks.2.1.conv_pwl,conv,43,40,1,False,40.0,0,28.0,28.0,1024,0.002152797254367905,3.6646867278611626,0.09161716819652907,8.898444840222957,0.22246112100557394,1.985263454025559,0.049631586350638975,1.657287410741255,10,40,0.9617091092097628,40,16,23,35,40,0.4,0.575,0.875,1.0,25,timm:efficientnet_b0.ra_in1k_random
blocks.2.1.conv_pwl,conv,43,40,1,False,40.0,0,28.0,28.0,2048,0.0021881077958267633,3.3760970363621947,0.08440242590905486,8.241161349709483,0.20602903374273707,1.8948421606663417,0.047371054016658545,1.6213594326041458,10,40,0.9645108107086285,40,15,23,35,40,0.375,0.575,0.875,1.0,50,timm:efficientnet_b0.ra_in1k_random
blocks.2.1.conv_pwl,conv,43,40,1,False,40.0,0,28.0,28.0,4096,0.0021176127394935476,3.5704072823908932,0.08926018205977233,8.695503591595177,0.21738758978987943,1.9567835819762585,0.048919589549406464,1.6245785543616242,10,40,0.9665078023608988,40,16,23,35,40,0.4,0.575,0.875,1.0,100,timm:efficientnet_b0.ra_in1k_random
blocks.2.1.conv_pwl,conv,43,40,1,False,40.0,0,28.0,28.0,10240,0.002045364142533061,3.471977021009644,0.0867994255252411,8.619769858608405,0.21549424646521015,1.9205994387491103,0.04801498596872776,1.5875347556729316,10,40,0.9646032750779727,40,16,23,35,40,0.4,0.575,0.875,1.0,250,timm:efficientnet_b0.ra_in1k_random
blocks.2.1,block,44,40,1,False,,0,28.0,28.0,512,0.016673196384176588,2.533855344233326,0.06334638360583314,5.6549429722296445,0.1413735743057411,1.6239684244034747,0.04059921061008687,2.0464643049289095,10,40,0.9772514421915053,40,10,17,30,39,0.25,0.425,0.75,0.975,1,timm:efficientnet_b0.ra_in1k_random
blocks.2.1,block,44,40,1,False,,0,28.0,28.0,512,0.016673196384176588,2.533855344233326,0.06334638360583314,5.6549429722296445,0.1413735743057411,1.6239684244034747,0.04059921061008687,2.0464643049289095,10,40,0.9772514421915053,40,10,17,30,39,0.25,0.425,0.75,0.975,2,timm:efficientnet_b0.ra_in1k_random
blocks.2.1,block,44,40,1,False,,0,28.0,28.0,512,0.016673196384176588,2.533855344233326,0.06334638360583314,5.6549429722296445,0.1413735743057411,1.6239684244034747,0.04059921061008687,2.0464643049289095,10,40,0.9772514421915053,40,10,17,30,39,0.25,0.425,0.75,0.975,5,timm:efficientnet_b0.ra_in1k_random
blocks.2.1,block,44,40,1,False,,0,28.0,28.0,512,0.016673196384176588,2.533855344233326,0.06334638360583314,5.6549429722296445,0.1413735743057411,1.6239684244034747,0.04059921061008687,2.0464643049289095,10,40,0.9772514421915053,40,10,17,30,39,0.25,0.425,0.75,0.975,10,timm:efficientnet_b0.ra_in1k_random
blocks.2.1,block,44,40,1,False,,0,28.0,28.0,1024,0.01809202646019748,2.664675162870505,0.06661687907176263,6.074082495822785,0.15185206239556964,1.6693259475336903,0.041733148688342256,1.9161152714773062,10,40,0.9751963259238948,40,11,18,32,39,0.275,0.45,0.8,0.975,25,timm:efficientnet_b0.ra_in1k_random
blocks.2.1,block,44,40,1,False,,0,28.0,28.0,2048,0.01952473988851664,2.4582208066137743,0.061455520165344356,5.528745296985798,0.13821863242464497,1.597022073464426,0.03992555183661065,1.8666609347442904,10,40,0.9743136427006877,40,10,17,31,39,0.25,0.425,0.775,0.975,50,timm:efficientnet_b0.ra_in1k_random
blocks.2.1,block,44,40,1,False,,0,28.0,28.0,4096,0.018495477072485892,2.5706532198282743,0.06426633049570686,5.828418475492885,0.14571046188732212,1.63680222108701,0.040920055527175245,1.8522000258037385,10,40,0.9788259511837041,40,11,18,32,39,0.275,0.45,0.8,0.975,100,timm:efficientnet_b0.ra_in1k_random
blocks.2.1,block,44,40,1,False,,0,28.0,28.0,10240,0.01766669233276761,2.698552705868109,0.06746381764670273,6.1663658477023064,0.15415914619255766,1.681358832033266,0.04203397080083165,1.856612682529619,10,40,0.9789571575529845,40,11,18,32,39,0.275,0.45,0.8,0.975,250,timm:efficientnet_b0.ra_in1k_random
blocks.3.0.conv_pw,conv,45,240,1,False,40.0,0,28.0,28.0,512,0.038415047516550574,2.6496459617871007,0.011040191507446253,5.7067135581084445,0.023777973158785184,1.671454176627346,0.006964392402613942,8.139892559480051,10,240,0.8625710452797297,139,9,15,29,38,0.0375,0.0625,0.12083333333333333,0.15833333333333333,1,timm:efficientnet_b0.ra_in1k_random
blocks.3.0.conv_pw,conv,45,240,1,False,40.0,0,28.0,28.0,512,0.038415047516550574,2.6496459617871007,0.011040191507446253,5.7067135581084445,0.023777973158785184,1.671454176627346,0.006964392402613942,8.139892559480051,10,240,0.8625710452797297,139,9,15,29,38,0.0375,0.0625,0.12083333333333333,0.15833333333333333,2,timm:efficientnet_b0.ra_in1k_random
blocks.3.0.conv_pw,conv,45,240,1,False,40.0,0,28.0,28.0,1536,0.043564964656423476,2.456279074371815,0.010234496143215895,5.347923593191883,0.022283014971632844,1.599989109073299,0.0066666212878054125,8.372622522716718,10,240,0.8571033569948063,138,9,16,29,39,0.0375,0.06666666666666667,0.12083333333333333,0.1625,5,timm:efficientnet_b0.ra_in1k_random
blocks.3.0.conv_pw,conv,45,240,1,False,40.0,0,28.0,28.0,2560,0.04091335192359499,2.5147733933131367,0.010478222472138069,5.5238788389502025,0.023016161828959176,1.620311673899322,0.0067512986412471745,8.521471812155893,10,240,0.8539823059734442,139,9,16,30,39,0.0375,0.06666666666666667,0.125,0.1625,10,timm:efficientnet_b0.ra_in1k_random
blocks.3.0.conv_pw,conv,45,240,1,False,40.0,0,28.0,28.0,6144,0.03761728964668274,2.723208068222885,0.011346700284262021,6.00796473571978,0.025033186398832414,1.6962072574192442,0.0070675302392468504,8.925900194638993,10,240,0.848566960699493,138,10,17,30,39,0.041666666666666664,0.07083333333333333,0.125,0.1625,25,timm:efficientnet_b0.ra_in1k_random
blocks.3.0.conv_pw,conv,45,240,1,False,40.0,0,28.0,28.0,12288,0.0364316398362666,2.778555920616152,0.011577316335900634,6.1224637810124785,0.02551026575421866,1.715947069611427,0.007149779456714279,9.010598758667218,10,240,0.8432657319200993,138,10,17,31,39,0.041666666666666664,0.07083333333333333,0.12916666666666668,0.1625,50,timm:efficientnet_b0.ra_in1k_random
blocks.3.0.conv_pw,conv,45,240,1,False,40.0,0,28.0,28.0,24064,0.03545710412880454,2.839011433359381,0.011829214305664087,6.244045952477298,0.026016858135322073,1.7384963754534941,0.0072437348977228925,9.184153144169963,10,240,0.8416563690038211,139,10,17,31,39,0.041666666666666664,0.07083333333333333,0.12916666666666668,0.1625,100,timm:efficientnet_b0.ra_in1k_random
blocks.3.0.conv_pw,conv,45,240,1,False,40.0,0,28.0,28.0,60416,0.035480746684030166,2.8545115044219207,0.011893797935091337,6.273359565813981,0.026138998190891587,1.7438358221630788,0.0072659825923461615,9.539222183538303,10,240,0.838165662061586,136,10,17,31,39,0.041666666666666664,0.07083333333333333,0.12916666666666668,0.1625,250,timm:efficientnet_b0.ra_in1k_random
blocks.3.0.bn1.act,act,46,240,1,False,,0,28.0,28.0,512,0.009013157674551435,2.784604450642798,0.011602518544344992,6.01988903337191,0.025082870972382956,1.7204557536453355,0.007168565640188898,6.0505359152558045,10,240,0.9428255847128982,211,10,16,29,39,0.041666666666666664,0.06666666666666667,0.12083333333333333,0.1625,1,timm:efficientnet_b0.ra_in1k_random
blocks.3.0.bn1.act,act,46,240,1,False,,0,28.0,28.0,512,0.009013157674551435,2.784604450642798,0.011602518544344992,6.01988903337191,0.025082870972382956,1.7204557536453355,0.007168565640188898,6.0505359152558045,10,240,0.9428255847128982,211,10,16,29,39,0.041666666666666664,0.06666666666666667,0.12083333333333333,0.1625,2,timm:efficientnet_b0.ra_in1k_random
blocks.3.0.bn1.act,act,46,240,1,False,,0,28.0,28.0,1536,0.01067380018770506,2.5727076525918733,0.010719615219132806,5.553781081789462,0.023140754507456094,1.6450235509780209,0.006854264795741753,5.52770076691184,10,240,0.9413512505523149,232,9,15,29,39,0.0375,0.0625,0.12083333333333333,0.1625,5,timm:efficientnet_b0.ra_in1k_random
blocks.3.0.bn1.act,act,46,240,1,False,,0,28.0,28.0,2560,0.009768193451232789,2.700141225502502,0.011250588439593758,5.886414549702999,0.02452672729042916,1.6900385684035308,0.007041827368348045,5.3398754460161735,10,240,0.9362324950053814,239,10,16,30,39,0.041666666666666664,0.06666666666666667,0.125,0.1625,10,timm:efficientnet_b0.ra_in1k_random
blocks.3.0.bn1.act,act,46,240,1,False,,0,28.0,28.0,6144,0.009225254702150035,2.7436042246251615,0.011431684269271507,6.032509218816803,0.025135455078403347,1.7039306279704134,0.007099710949876723,5.1560756473141565,10,240,0.9282214091546931,240,10,17,31,39,0.041666666666666664,0.07083333333333333,0.12916666666666668,0.1625,25,timm:efficientnet_b0.ra_in1k_random
blocks.3.0.bn1.act,act,46,240,1,False,,0,28.0,28.0,12288,0.009030736399133496,2.8005823818522986,0.011669093257717911,6.149360425749124,0.025622335107288015,1.7246296367036242,0.0071859568195984345,5.087031243683672,10,240,0.924634405904801,240,10,17,31,39,0.041666666666666664,0.07083333333333333,0.12916666666666668,0.1625,50,timm:efficientnet_b0.ra_in1k_random
blocks.3.0.bn1.act,act,46,240,1,False,,0,28.0,28.0,24064,0.008863639594584041,2.820863545902634,0.011753598107927641,6.2031898596308235,0.02584662441512843,1.7321618616503431,0.007217341090209763,5.0472754927641565,10,240,0.9219126729040483,240,10,17,31,39,0.041666666666666664,0.07083333333333333,0.12916666666666668,0.1625,100,timm:efficientnet_b0.ra_in1k_random
blocks.3.0.bn1.act,act,46,240,1,False,,0,28.0,28.0,60416,0.008948138519237885,2.818273956330458,0.011742808151376908,6.184722642764899,0.025769677678187077,1.73155481704084,0.007214811737670166,5.022397602612626,10,240,0.9209192347265673,240,10,17,31,39,0.041666666666666664,0.07083333333333333,0.12916666666666668,0.1625,250,timm:efficientnet_b0.ra_in1k_random
blocks.3.0.conv_dw,conv,47,240,240,True,240.0,0,14.0,14.0,512,0.016429894745492044,3.703400172864532,0.015430834053602216,11.174761996388188,0.046561508318284116,1.9822801528782588,0.008259500636992744,2.8786776755142185,10,240,0.8947525876207774,240,22,40,92,163,0.09166666666666666,0.16666666666666666,0.38333333333333336,0.6791666666666667,1,timm:efficientnet_b0.ra_in1k_random
blocks.3.0.conv_dw,conv,47,240,240,True,240.0,0,14.0,14.0,512,0.016429894745492044,3.703400172864532,0.015430834053602216,11.174761996388188,0.046561508318284116,1.9822801528782588,0.008259500636992744,2.8786776755142185,10,240,0.8947525876207774,240,22,40,92,163,0.09166666666666666,0.16666666666666666,0.38333333333333336,0.6791666666666667,2,timm:efficientnet_b0.ra_in1k_random
blocks.3.0.conv_dw,conv,47,240,240,True,240.0,0,14.0,14.0,1536,0.01916720012097895,3.7144242166363637,0.015476767569318182,11.284044804055235,0.04701685335023014,1.9929080463575302,0.00830378352648971,2.5124073660419035,10,240,0.9071998255706539,240,24,44,105,181,0.1,0.18333333333333332,0.4375,0.7541666666666667,5,timm:efficientnet_b0.ra_in1k_random
blocks.3.0.conv_dw,conv,47,240,240,True,240.0,0,14.0,14.0,2560,0.017702395485198377,3.968495288672752,0.016535397036136466,12.161632288734804,0.05067346786972835,2.069587338032006,0.008623280575133358,2.4324910771945505,10,240,0.9065554425262962,240,25,48,110,186,0.10416666666666667,0.2,0.4583333333333333,0.775,10,timm:efficientnet_b0.ra_in1k_random
blocks.3.0.conv_dw,conv,47,240,240,True,240.0,0,14.0,14.0,6144,0.016767564659192033,4.108045781629089,0.017116857423454538,12.862244656327087,0.053592686068029534,2.1086530109209334,0.008786054212170555,2.3670547656332444,10,240,0.9054292758073926,240,27,51,116,191,0.1125,0.2125,0.48333333333333334,0.7958333333333333,25,timm:efficientnet_b0.ra_in1k_random
blocks.3.0.conv_dw,conv,47,240,240,True,240.0,0,14.0,14.0,12288,0.016472069904013294,4.132519518762482,0.01721883132817701,13.012103406479444,0.05421709752699768,2.114851182522536,0.008811879927177234,2.3502621234812624,10,240,0.9063783606445698,240,28,52,117,192,0.11666666666666667,0.21666666666666667,0.4875,0.8,50,timm:efficientnet_b0.ra_in1k_random
blocks.3.0.conv_dw,conv,47,240,240,True,240.0,0,14.0,14.0,24064,0.015804707674987057,4.242149625407712,0.0176756234391988,13.40251480423737,0.05584381168432238,2.147842876888437,0.008949345320368486,2.3372334226244718,10,240,0.9062172209992666,240,29,53,119,193,0.12083333333333333,0.22083333333333333,0.49583333333333335,0.8041666666666667,100,timm:efficientnet_b0.ra_in1k_random
blocks.3.0.conv_dw,conv,47,240,240,True,240.0,0,14.0,14.0,60416,0.015846896579811223,4.277833655495897,0.01782430689789957,13.447369506888132,0.05603070627870055,2.1593718347900484,0.008997382644958534,2.333618002855469,10,240,0.9066720024946229,240,29,53,119,193,0.12083333333333333,0.22083333333333333,0.49583333333333335,0.8041666666666667,250,timm:efficientnet_b0.ra_in1k_random
blocks.3.0.bn2.act,act,48,240,1,False,,0,14.0,14.0,512,0.00376300772654536,3.9703627166315743,0.016543177985964892,11.675452986757225,0.04864772077815511,2.0701366586214,0.008625569410922499,2.834489309927903,10,240,0.8931561885798178,240,22,41,94,166,0.09166666666666666,0.17083333333333334,0.39166666666666666,0.6916666666666667,1,timm:efficientnet_b0.ra_in1k_random
blocks.3.0.bn2.act,act,48,240,1,False,,0,14.0,14.0,512,0.00376300772654536,3.9703627166315743,0.016543177985964892,11.675452986757225,0.04864772077815511,2.0701366586214,0.008625569410922499,2.834489309927903,10,240,0.8931561885798178,240,22,41,94,166,0.09166666666666666,0.17083333333333334,0.39166666666666666,0.6916666666666667,2,timm:efficientnet_b0.ra_in1k_random
blocks.3.0.bn2.act,act,48,240,1,False,,0,14.0,14.0,1536,0.004473181196720715,4.174014075598135,0.01739172531499223,12.653035905417342,0.05272098293923892,2.135592359606714,0.00889830149836131,2.4957544230526563,10,240,0.9051296815967539,240,26,47,109,184,0.10833333333333334,0.19583333333333333,0.45416666666666666,0.7666666666666667,5,timm:efficientnet_b0.ra_in1k_random
blocks.3.0.bn2.act,act,48,240,1,False,,0,14.0,14.0,2560,0.004292201354924417,4.00622851098772,0.016692618795782165,12.39579083475692,0.05164912847815383,2.0806890530572577,0.008669537721071907,2.4150565069696337,10,240,0.9049869979624464,240,26,49,113,187,0.10833333333333334,0.20416666666666666,0.4708333333333333,0.7791666666666667,10,timm:efficientnet_b0.ra_in1k_random
blocks.3.0.bn2.act,act,48,240,1,False,,0,14.0,14.0,6144,0.004151258681589833,4.105848929827964,0.017107703874283182,12.82812014702376,0.053450500612599004,2.1097141435973032,0.008790475598322097,2.357166600951021,10,240,0.9051843906263408,240,28,51,117,191,0.11666666666666667,0.2125,0.4875,0.7958333333333333,25,timm:efficientnet_b0.ra_in1k_random
blocks.3.0.bn2.act,act,48,240,1,False,,0,14.0,14.0,12288,0.004036758553361032,4.191055211119709,0.01746273004633212,13.151319929270105,0.05479716637195877,2.13440892413168,0.008893370517215334,2.3393391870179943,10,240,0.9059159156788121,240,28,52,118,192,0.11666666666666667,0.21666666666666667,0.49166666666666664,0.8,50,timm:efficientnet_b0.ra_in1k_random
blocks.3.0.bn2.act,act,48,240,1,False,,0,14.0,14.0,24064,0.003938431622213035,4.306710784463426,0.017944628268597607,13.514737314189572,0.05631140547578988,2.168886185374469,0.009037025772393622,2.3313124569328396,10,240,0.9065773435557744,240,29,53,119,193,0.12083333333333333,0.22083333333333333,0.49583333333333335,0.8041666666666667,100,timm:efficientnet_b0.ra_in1k_random
blocks.3.0.bn2.act,act,48,240,1,False,,0,14.0,14.0,60416,0.0039623073267818255,4.333247163915587,0.018055196516314945,13.55875966202887,0.05649483192512029,2.176756801667607,0.009069820006948363,2.330907669631349,10,240,0.9071440760678672,240,29,53,119,193,0.12083333333333333,0.22083333333333333,0.49583333333333335,0.8041666666666667,250,timm:efficientnet_b0.ra_in1k_random
blocks.3.0.se.conv_reduce,conv_gap,49,10,1,False,10.0,0,1.0,1.0,32,0.001915594480270821,1.3958757731606173,0.13958757731606172,1.7781299233434582,0.17781299233434583,1.1955753074169564,0.11955753074169564,,10,10,,10,2,2,4,8,0.2,0.2,0.4,0.8,1,timm:efficientnet_b0.ra_in1k_random
blocks.3.0.se.conv_reduce,conv_gap,49,10,1,False,10.0,0,1.0,1.0,32,0.001915594480270821,1.3958757731606173,0.13958757731606172,1.7781299233434582,0.17781299233434583,1.1955753074169564,0.11955753074169564,,10,10,,10,2,2,4,8,0.2,0.2,0.4,0.8,2,timm:efficientnet_b0.ra_in1k_random
blocks.3.0.se.conv_reduce,conv_gap,49,10,1,False,10.0,0,1.0,1.0,64,0.0017504158972794844,1.5737368660575863,0.15737368660575862,1.9989471493798237,0.19989471493798236,1.2906899770564282,0.1290689977056428,,10,10,,10,2,2,5,8,0.2,0.2,0.5,0.8,5,timm:efficientnet_b0.ra_in1k_random
blocks.3.0.se.conv_reduce,conv_gap,49,10,1,False,10.0,0,1.0,1.0,128,0.0017162793732136354,1.5374472675431956,0.15374472675431955,1.974539357748907,0.1974539357748907,1.2695041756055623,0.12695041756055622,,10,10,,10,2,2,5,9,0.2,0.2,0.5,0.9,10,timm:efficientnet_b0.ra_in1k_random
blocks.3.0.se.conv_reduce,conv_gap,49,10,1,False,10.0,0,1.0,1.0,256,0.0016079018076681434,1.5101847858681108,0.15101847858681108,1.912418986849793,0.1912418986849793,1.257398189059255,0.1257398189059255,,10,10,,10,2,2,5,9,0.2,0.2,0.5,0.9,25,timm:efficientnet_b0.ra_in1k_random
blocks.3.0.se.conv_reduce,conv_gap,49,10,1,False,10.0,0,1.0,1.0,512,0.0015311664880407493,1.5567550856981838,0.15567550856981838,1.9738719479070168,0.1973871947907017,1.2823032904672864,0.12823032904672865,,10,10,,10,2,2,5,9,0.2,0.2,0.5,0.9,50,timm:efficientnet_b0.ra_in1k_random
blocks.3.0.se.conv_reduce,conv_gap,49,10,1,False,10.0,0,1.0,1.0,1024,0.0014712165286066817,1.557260864759767,0.1557260864759767,1.9766362768419108,0.19766362768419107,1.2823197599578842,0.12823197599578842,,10,10,,10,2,2,5,9,0.2,0.2,0.5,0.9,100,timm:efficientnet_b0.ra_in1k_random
blocks.3.0.se.conv_reduce,conv_gap,49,10,1,False,10.0,0,1.0,1.0,2528,0.0013551915125820202,1.5763664927649779,0.1576366492764978,2.009760279951425,0.20097602799514253,1.2919230598273248,0.12919230598273249,,10,10,,10,2,2,5,9,0.2,0.2,0.5,0.9,250,timm:efficientnet_b0.ra_in1k_random
blocks.3.0.se.act1,act,50,10,1,False,,0,1.0,1.0,32,0.0004956870886211796,1.3768430244824883,0.13768430244824884,1.7538823347529355,0.17538823347529356,1.1859001953484865,0.11859001953484864,,10,10,,10,2,2,4,8,0.2,0.2,0.4,0.8,1,timm:efficientnet_b0.ra_in1k_random
blocks.3.0.se.act1,act,50,10,1,False,,0,1.0,1.0,32,0.0004956870886211796,1.3768430244824883,0.13768430244824884,1.7538823347529355,0.17538823347529356,1.1859001953484865,0.11859001953484864,,10,10,,10,2,2,4,8,0.2,0.2,0.4,0.8,2,timm:efficientnet_b0.ra_in1k_random
blocks.3.0.se.act1,act,50,10,1,False,,0,1.0,1.0,64,0.0004474134604221468,1.551058263365356,0.1551058263365356,1.9759472297854037,0.19759472297854036,1.2779974975616595,0.12779974975616595,,10,10,,10,2,2,5,8,0.2,0.2,0.5,0.8,5,timm:efficientnet_b0.ra_in1k_random
blocks.3.0.se.act1,act,50,10,1,False,,0,1.0,1.0,128,0.0004386448152718903,1.5157196996328166,0.15157196996328165,1.9516052717469723,0.19516052717469723,1.2576634206798967,0.12576634206798967,,10,10,,10,2,2,5,9,0.2,0.2,0.5,0.9,10,timm:efficientnet_b0.ra_in1k_random
blocks.3.0.se.act1,act,50,10,1,False,,0,1.0,1.0,256,0.0004107605850449923,1.4912041678765269,0.1491204167876527,1.8931523176213272,0.18931523176213272,1.2469469920725966,0.12469469920725966,,10,10,,10,2,2,5,9,0.2,0.2,0.5,0.9,25,timm:efficientnet_b0.ra_in1k_random
blocks.3.0.se.act1,act,50,10,1,False,,0,1.0,1.0,512,0.0003919394836572321,1.5321885398533082,0.1532188539853308,1.9494249559830783,0.19494249559830784,1.268509611183562,0.1268509611183562,,10,10,,10,2,2,5,9,0.2,0.2,0.5,0.9,50,timm:efficientnet_b0.ra_in1k_random
blocks.3.0.se.act1,act,50,10,1,False,,0,1.0,1.0,1024,0.00037738310615672747,1.5315389346822348,0.15315389346822347,1.9505648126488861,0.19505648126488861,1.267932740898209,0.1267932740898209,,10,10,,10,2,2,5,9,0.2,0.2,0.5,0.9,100,timm:efficientnet_b0.ra_in1k_random
blocks.3.0.se.act1,act,50,10,1,False,,0,1.0,1.0,2528,0.000347425048872041,1.5515550086244838,0.1551555008624484,1.9850039586909358,0.19850039586909357,1.2779674537959418,0.12779674537959418,,10,10,,10,2,2,5,9,0.2,0.2,0.5,0.9,250,timm:efficientnet_b0.ra_in1k_random
blocks.3.0.se.conv_expand,conv_gap,51,240,1,False,10.0,0,1.0,1.0,256,0.000841795752268518,1.4721760132005213,0.006134066721668839,1.8641193992300347,0.007767164163458478,1.236791478520398,0.0051532978271683245,2.6438026139172757,10,240,0.7028233739281236,125,2,2,4,9,0.008333333333333333,0.008333333333333333,0.016666666666666666,0.0375,1,timm:efficientnet_b0.ra_in1k_random
blocks.3.0.se.conv_expand,conv_gap,51,240,1,False,10.0,0,1.0,1.0,480,0.0008151261351133158,1.490158716339255,0.006208994651413562,1.8907137905391362,0.0078779741272464,1.2460773283051438,0.0051919888679381,2.7094456786178003,10,240,0.6920992605051914,125,2,2,4,9,0.008333333333333333,0.008333333333333333,0.016666666666666666,0.0375,2,timm:efficientnet_b0.ra_in1k_random
blocks.3.0.se.conv_expand,conv_gap,51,240,1,False,10.0,0,1.0,1.0,1216,0.000759154283996793,1.5166308267027253,0.006319295111261355,1.9254737274839906,0.00802280719784996,1.2599767407565494,0.005249903086485623,2.6574344484566477,10,240,0.6657667721933538,123,2,2,5,9,0.008333333333333333,0.008333333333333333,0.020833333333333332,0.0375,5,timm:efficientnet_b0.ra_in1k_random
blocks.3.0.se.conv_expand,conv_gap,51,240,1,False,10.0,0,1.0,1.0,2400,0.00070729347620753,1.5408485007996724,0.0064202020866653015,1.9636477415667557,0.008181865589861483,1.2723103457751626,0.00530129310739651,2.73909897681647,10,240,0.6327193911150374,123,2,2,5,9,0.008333333333333333,0.008333333333333333,0.020833333333333332,0.0375,10,timm:efficientnet_b0.ra_in1k_random
blocks.3.0.se.conv_expand,conv_gap,51,240,1,False,10.0,0,1.0,1.0,6016,0.0007399157110511145,1.5215106574369888,0.0063396277393207865,1.9376761106020406,0.008073650460841835,1.2618769597498303,0.0052578206656242925,2.657638624264955,10,240,0.6467637637611114,122,2,2,4,9,0.008333333333333333,0.008333333333333333,0.016666666666666666,0.0375,25,timm:efficientnet_b0.ra_in1k_random
blocks.3.0.conv_pwl,conv,52,80,1,False,80.0,0,14.0,14.0,512,0.002127121602697207,4.060724770681798,0.05075905963352247,9.87843766217554,0.12348047077719423,2.1412051475003095,0.02676506434375387,2.3153503295129236,10,80,0.9387117180792186,80,16,27,51,73,0.2,0.3375,0.6375,0.9125,1,timm:efficientnet_b0.ra_in1k_random
blocks.3.0.conv_pwl,conv,52,80,1,False,80.0,0,14.0,14.0,512,0.002127121602697207,4.060724770681798,0.05075905963352247,9.87843766217554,0.12348047077719423,2.1412051475003095,0.02676506434375387,2.3153503295129236,10,80,0.9387117180792186,80,16,27,51,73,0.2,0.3375,0.6375,0.9125,2,timm:efficientnet_b0.ra_in1k_random
blocks.3.0.conv_pwl,conv,52,80,1,False,80.0,0,14.0,14.0,512,0.002127121602697207,4.060724770681798,0.05075905963352247,9.87843766217554,0.12348047077719423,2.1412051475003095,0.02676506434375387,2.3153503295129236,10,80,0.9387117180792186,80,16,27,51,73,0.2,0.3375,0.6375,0.9125,5,timm:efficientnet_b0.ra_in1k_random
blocks.3.0.conv_pwl,conv,52,80,1,False,80.0,0,14.0,14.0,1024,0.0024718059294246524,3.9377911618372243,0.0492223895229653,9.689893989807317,0.12112367487259146,2.101826233386686,0.026272827917333576,2.169640949879826,10,80,0.9470673912825219,80,17,28,53,74,0.2125,0.35,0.6625,0.925,10,timm:efficientnet_b0.ra_in1k_random
blocks.3.0.conv_pwl,conv,52,80,1,False,80.0,0,14.0,14.0,2048,0.0023724183992005154,3.805662191033249,0.04757077738791561,9.449490099838018,0.11811862624797523,2.0565478371298354,0.025706847964122943,2.115430020158112,10,80,0.9445270452722294,80,17,28,54,74,0.2125,0.35,0.675,0.925,25,timm:efficientnet_b0.ra_in1k_random
blocks.3.0.conv_pwl,conv,52,80,1,False,80.0,0,14.0,14.0,4096,0.0022317053192056706,3.94598252868775,0.04932478160859687,9.830039278582259,0.12287549098227823,2.0993425675536552,0.02624178209442069,2.068264214202628,10,80,0.9449473063984136,80,17,29,55,75,0.2125,0.3625,0.6875,0.9375,50,timm:efficientnet_b0.ra_in1k_random
blocks.3.0.conv_pwl,conv,52,80,1,False,80.0,0,14.0,14.0,8192,0.002182508010601025,3.9821488983826443,0.04977686122978305,10.017591935458018,0.12521989919322524,2.1064222079229684,0.026330277599037104,2.051321588998402,10,80,0.9446963068762279,80,17,30,55,75,0.2125,0.375,0.6875,0.9375,100,timm:efficientnet_b0.ra_in1k_random
blocks.3.0.conv_pwl,conv,52,80,1,False,80.0,0,14.0,14.0,20480,0.0021106747515011156,3.994374766548309,0.04992968458185386,10.05283430029906,0.12566042875373823,2.111250315488117,0.026390628943601464,2.043967390178096,10,80,0.9442356139821464,80,18,30,55,75,0.225,0.375,0.6875,0.9375,250,timm:efficientnet_b0.ra_in1k_random
blocks.3.0,block,53,80,1,False,,0,14.0,14.0,512,0.0021534407303582903,4.068642126408115,0.05085802658010143,9.943187799789584,0.1242898474973698,2.1338901404872406,0.02667362675609051,2.319071638582387,10,80,0.9417171991796645,80,16,27,51,73,0.2,0.3375,0.6375,0.9125,1,timm:efficientnet_b0.ra_in1k_random
blocks.3.0,block,53,80,1,False,,0,14.0,14.0,512,0.0021534407303582903,4.068642126408115,0.05085802658010143,9.943187799789584,0.1242898474973698,2.1338901404872406,0.02667362675609051,2.319071638582387,10,80,0.9417171991796645,80,16,27,51,73,0.2,0.3375,0.6375,0.9125,2,timm:efficientnet_b0.ra_in1k_random
blocks.3.0,block,53,80,1,False,,0,14.0,14.0,512,0.0021534407303582903,4.068642126408115,0.05085802658010143,9.943187799789584,0.1242898474973698,2.1338901404872406,0.02667362675609051,2.319071638582387,10,80,0.9417171991796645,80,16,27,51,73,0.2,0.3375,0.6375,0.9125,5,timm:efficientnet_b0.ra_in1k_random
blocks.3.0,block,53,80,1,False,,0,14.0,14.0,1024,0.002444995763981009,4.033314159340146,0.05041642699175183,9.839601370730579,0.12299501713413223,2.1365878851539897,0.02670734856442487,2.1560796987595183,10,80,0.9413627367969996,80,17,28,53,74,0.2125,0.35,0.6625,0.925,10,timm:efficientnet_b0.ra_in1k_random
blocks.3.0,block,53,80,1,False,,0,14.0,14.0,2048,0.002416411327103392,3.86316785183509,0.04828959814793862,9.642097725713255,0.12052622157141568,2.0714429608277123,0.025893037010346405,2.1035342083344615,10,80,0.9423529049592931,80,17,29,54,74,0.2125,0.3625,0.675,0.925,25,timm:efficientnet_b0.ra_in1k_random
blocks.3.0,block,53,80,1,False,,0,14.0,14.0,4096,0.0022569623610025867,4.044477393059702,0.05055596741324627,10.10881338001047,0.12636016725013088,2.12766649913134,0.02659583123914175,2.0690796546107815,10,80,0.9443323673980102,80,18,29,55,75,0.225,0.3625,0.6875,0.9375,50,timm:efficientnet_b0.ra_in1k_random
blocks.3.0,block,53,80,1,False,,0,14.0,14.0,8192,0.0022165559065345317,4.0266832684244696,0.05033354085530587,10.14344378489422,0.12679304731117774,2.1205144248034644,0.026506430310043304,2.0498716372637578,10,80,0.9422171285206883,80,18,30,55,75,0.225,0.375,0.6875,0.9375,100,timm:efficientnet_b0.ra_in1k_random
blocks.3.0,block,53,80,1,False,,0,14.0,14.0,20480,0.002125619122376873,4.073712651036984,0.050921408137962296,10.317616111143309,0.12897020138929136,2.132792334616711,0.026659904182708888,2.0448408407927015,10,80,0.943503497462994,80,18,30,56,75,0.225,0.375,0.7,0.9375,250,timm:efficientnet_b0.ra_in1k_random
blocks.3.1.conv_pw,conv,54,480,1,False,80.0,0,14.0,14.0,512,0.0043263584138147106,3.2938065311036344,0.006862096939799238,8.243358324944877,0.017173663176968494,1.8761444331324975,0.0039086342356927034,7.09481236675061,10,480,0.8739900601112144,281,14,24,48,71,0.029166666666666667,0.05,0.1,0.14791666666666667,1,timm:efficientnet_b0.ra_in1k_random
blocks.3.1.conv_pw,conv,54,480,1,False,80.0,0,14.0,14.0,1024,0.004867278022306195,3.4997129781742466,0.007291068704529681,8.737604123978805,0.018203341924955842,1.950345614332494,0.004063220029859363,7.2658346520590085,10,480,0.8666866875424075,280,15,26,51,73,0.03125,0.05416666666666667,0.10625,0.15208333333333332,2,timm:efficientnet_b0.ra_in1k_random
blocks.3.1.conv_pw,conv,54,480,1,False,80.0,0,14.0,14.0,2560,0.004628281429612827,3.560218014440143,0.007417120863416965,8.92608725072211,0.018596015105671063,1.9695833885605787,0.004103298726167872,7.486623458433969,10,480,0.8610755500906135,279,16,27,52,73,0.03333333333333333,0.05625,0.10833333333333334,0.15208333333333332,5,timm:efficientnet_b0.ra_in1k_random
blocks.3.1.conv_pw,conv,54,480,1,False,80.0,0,14.0,14.0,5120,0.004611960226221651,3.588959154736195,0.007476998239033739,9.079878416681204,0.018916413368085843,1.9739716598594241,0.004112440958040467,7.678129930020379,10,480,0.8568225538287885,278,16,27,52,73,0.03333333333333333,0.05625,0.10833333333333334,0.15208333333333332,10,timm:efficientnet_b0.ra_in1k_random
blocks.3.1.conv_pw,conv,54,480,1,False,80.0,0,14.0,14.0,12288,0.0045002012527948065,3.7736464774494225,0.007861763494686296,9.54260759811575,0.019880432496074477,2.033377300478828,0.0042362027093308914,7.881752780892732,10,480,0.8517859326687388,277,17,28,53,74,0.035416666666666666,0.058333333333333334,0.11041666666666666,0.15416666666666667,25,timm:efficientnet_b0.ra_in1k_random
blocks.3.1.conv_pw,conv,54,480,1,False,80.0,0,14.0,14.0,24064,0.004341063105905826,3.878961691108003,0.00808117018980834,9.78513208432484,0.020385691842343415,2.0682911380846813,0.0043089398710097525,8.086291056171731,10,480,0.8483297322696178,275,17,28,53,74,0.035416666666666666,0.058333333333333334,0.11041666666666666,0.15416666666666667,50,timm:efficientnet_b0.ra_in1k_random
blocks.3.1.conv_pw,conv,54,480,1,False,80.0,0,14.0,14.0,48128,0.004301571552766875,3.908186833764557,0.00814205590367616,9.854918102096642,0.020531079379368003,2.077218563214028,0.004327538673362558,8.25723332671095,10,480,0.8462936732925834,275,17,28,53,74,0.035416666666666666,0.058333333333333334,0.11041666666666666,0.15416666666666667,100,timm:efficientnet_b0.ra_in1k_random
blocks.3.1.bn1.act,act,55,480,1,False,,0,14.0,14.0,512,0.0010828003366185502,3.723895316020397,0.007758115241709161,9.220730237208487,0.019209854660851015,2.0116610721043178,0.004190960566883995,6.498870725681769,10,480,0.897977494241297,322,15,25,48,71,0.03125,0.052083333333333336,0.1,0.14791666666666667,1,timm:efficientnet_b0.ra_in1k_random
blocks.3.1.bn1.act,act,55,480,1,False,,0,14.0,14.0,1024,0.0011412689217004989,3.79656422073002,0.007909508793187543,9.584918889987597,0.019968581020807494,2.037612153677074,0.00424502532016057,6.372862024161308,10,480,0.8981330698311246,345,16,27,52,73,0.03333333333333333,0.05625,0.10833333333333334,0.15208333333333332,2,timm:efficientnet_b0.ra_in1k_random
blocks.3.1.bn1.act,act,55,480,1,False,,0,14.0,14.0,2560,0.0011507499606511016,3.6066439101228864,0.00751384147942268,9.047964495860729,0.018849926033043186,1.9819542850691476,0.004129071427227391,6.175523058872371,10,480,0.8960665008480636,375,16,27,52,73,0.03333333333333333,0.05625,0.10833333333333334,0.15208333333333332,5,timm:efficientnet_b0.ra_in1k_random
blocks.3.1.bn1.act,act,55,480,1,False,,0,14.0,14.0,5120,0.0011553508250440752,3.660827821272668,0.0076267246276513915,9.18414830601307,0.019133642304193895,1.999856681594923,0.00416636808665609,6.018869636799134,10,480,0.8964665792081612,402,16,27,52,73,0.03333333333333333,0.05625,0.10833333333333334,0.15208333333333332,10,timm:efficientnet_b0.ra_in1k_random
blocks.3.1.bn1.act,act,55,480,1,False,,0,14.0,14.0,12288,0.0010929415651330405,3.8093135937803524,0.007936069987042401,9.615961451019984,0.0200332530229583,2.045787793358385,0.004262057902829968,5.858089999966161,10,480,0.8923583676579836,430,17,28,53,74,0.035416666666666666,0.058333333333333334,0.11041666666666666,0.15416666666666667,25,timm:efficientnet_b0.ra_in1k_random
blocks.3.1.bn1.act,act,55,480,1,False,,0,14.0,14.0,24064,0.0010575287113078846,3.927539665041796,0.00818237430217041,9.8616626389675,0.020545130497848958,2.0855332935260398,0.00434486102817925,5.771943942110734,10,480,0.8906413617452935,448,17,28,53,74,0.035416666666666666,0.058333333333333334,0.11041666666666666,0.15416666666666667,50,timm:efficientnet_b0.ra_in1k_random
blocks.3.1.bn1.act,act,55,480,1,False,,0,14.0,14.0,48128,0.001055163845510238,3.9951017471421757,0.008323128639879532,10.029518240034392,0.020894829666738318,2.106215851649952,0.0043879496909374005,5.66178990736967,10,480,0.8901273611432283,465,17,28,53,74,0.035416666666666666,0.058333333333333334,0.11041666666666666,0.15416666666666667,100,timm:efficientnet_b0.ra_in1k_random
blocks.3.1.conv_dw,conv,56,480,480,True,480.0,0,14.0,14.0,512,0.0018783536005046201,7.209540126123059,0.015019875262756372,23.447206695856174,0.048848347283033694,2.9514141904757625,0.006148779563491172,3.537329917720936,10,480,0.7835608199600832,480,44,76,162,276,0.09166666666666666,0.15833333333333333,0.3375,0.575,1,timm:efficientnet_b0.ra_in1k_random
blocks.3.1.conv_dw,conv,56,480,480,True,480.0,0,14.0,14.0,1024,0.0020225585290665404,7.892811129023931,0.016443356518799856,26.548644449919948,0.05530967593733323,3.1523206374750066,0.006567334661406263,2.703566516980397,10,480,0.8731714401408858,480,54,93,196,331,0.1125,0.19375,0.4083333333333333,0.6895833333333333,2,timm:efficientnet_b0.ra_in1k_random
blocks.3.1.conv_dw,conv,56,480,480,True,480.0,0,14.0,14.0,2560,0.0020859615287180657,6.674546926669278,0.013905306097227661,23.787215553726988,0.04955669907026456,2.818935634045812,0.005872782570928775,2.4523624798015087,10,480,0.8853255794353186,480,54,97,211,355,0.1125,0.20208333333333334,0.4395833333333333,0.7395833333333334,5,timm:efficientnet_b0.ra_in1k_random
blocks.3.1.conv_dw,conv,56,480,480,True,480.0,0,14.0,14.0,5120,0.002028985036494271,7.4182110134620185,0.015454606278045872,26.22987482826175,0.05464557255887865,3.016045394624059,0.0062834279054667895,2.382260862956982,10,480,0.8877877227404694,480,58,103,221,366,0.12083333333333333,0.21458333333333332,0.46041666666666664,0.7625,10,timm:efficientnet_b0.ra_in1k_random
blocks.3.1.conv_dw,conv,56,480,480,True,480.0,0,14.0,14.0,12288,0.0019525249327232506,7.950444844578414,0.016563426759538362,28.365597195370867,0.05909499415702264,3.142783570249552,0.006547465771353234,2.341307027380268,10,480,0.8885255891769533,480,62,109,229,373,0.12916666666666668,0.22708333333333333,0.47708333333333336,0.7770833333333333,25,timm:efficientnet_b0.ra_in1k_random
blocks.3.1.conv_dw,conv,56,480,480,True,480.0,0,14.0,14.0,24064,0.0019150466146965336,8.214160878157912,0.017112835162828983,29.149928737035758,0.06072901820215783,3.2135866913435303,0.006694972273632355,2.325268002725806,10,480,0.8885522245613023,480,63,111,232,375,0.13125,0.23125,0.48333333333333334,0.78125,50,timm:efficientnet_b0.ra_in1k_random
blocks.3.1.conv_dw,conv,56,480,480,True,480.0,0,14.0,14.0,48128,0.0018973489793170212,8.38802573105517,0.017475053606364935,29.636182417109932,0.061742046702312356,3.26145324382831,0.006794694257975646,2.318378381427341,10,480,0.888971704516594,480,64,112,233,376,0.13333333333333333,0.23333333333333334,0.48541666666666666,0.7833333333333333,100,timm:efficientnet_b0.ra_in1k_random
blocks.3.1.bn2.act,act,57,480,1,False,,0,14.0,14.0,512,0.00046457114676064866,7.701691157618386,0.01604518991170497,24.220264719286043,0.05045888483184592,3.1295751106070213,0.006519948147097961,3.629219665185386,10,480,0.7698976621234552,480,45,77,160,273,0.09375,0.16041666666666668,0.3333333333333333,0.56875,1,timm:efficientnet_b0.ra_in1k_random
blocks.3.1.bn2.act,act,57,480,1,False,,0,14.0,14.0,1024,0.0005383242690066689,7.549710878739706,0.015728564330707722,24.864264161632804,0.05180055033673501,3.077515746608466,0.006411491138767638,2.713249545440929,10,480,0.8738704921445645,480,51,89,192,327,0.10625,0.18541666666666667,0.4,0.68125,2,timm:efficientnet_b0.ra_in1k_random
blocks.3.1.bn2.act,act,57,480,1,False,,0,14.0,14.0,2560,0.000542172037316369,6.915390564108182,0.014407063675225379,24.06592912789181,0.0501373523497746,2.90059196338823,0.006042899923725479,2.464331885241044,10,480,0.8856193205498133,480,53,96,210,354,0.11041666666666666,0.2,0.4375,0.7375,5,timm:efficientnet_b0.ra_in1k_random
blocks.3.1.bn2.act,act,57,480,1,False,,0,14.0,14.0,5120,0.0005278845781990508,7.407239803311429,0.015431749590232142,26.06758015261646,0.05430745865128429,3.019122309535081,0.006289838144864752,2.38396347463396,10,480,0.8875619827381841,480,57,103,221,365,0.11875,0.21458333333333332,0.46041666666666664,0.7604166666666666,10,timm:efficientnet_b0.ra_in1k_random
blocks.3.1.bn2.act,act,57,480,1,False,,0,14.0,14.0,12288,0.0004972278412182434,7.965954934337824,0.016595739446537132,28.232439867712944,0.0588175830577353,3.154245716759688,0.00657134524324935,2.3423011294645657,10,480,0.8886491697566808,480,61,109,229,372,0.12708333333333333,0.22708333333333333,0.47708333333333336,0.775,25,timm:efficientnet_b0.ra_in1k_random
blocks.3.1.bn2.act,act,57,480,1,False,,0,14.0,14.0,24064,0.0004771297430008404,8.372117645480078,0.01744191176141683,29.45712411074837,0.06136900856405911,3.265542376316634,0.006803213283992987,2.3245419561464824,10,480,0.8887004218945674,480,63,111,232,375,0.13125,0.23125,0.48333333333333334,0.78125,50,timm:efficientnet_b0.ra_in1k_random
blocks.3.1.bn2.act,act,57,480,1,False,,0,14.0,14.0,48128,0.00047531018324046604,8.438017230640451,0.017579202563834273,29.78216690537021,0.06204618105285461,3.2776492960860186,0.0068284360335125385,2.3189553361158506,10,480,0.8891503408710394,480,64,112,233,376,0.13333333333333333,0.23333333333333334,0.48541666666666666,0.7833333333333333,100,timm:efficientnet_b0.ra_in1k_random
blocks.3.1.se.conv_reduce,conv_gap,58,20,1,False,20.0,0,1.0,1.0,32,0.00017004465987537838,1.4027139573977974,0.07013569786988987,1.8345081181473484,0.09172540590736741,1.1968140630408979,0.05984070315204489,5.5001341003713895,10,20,0.9741817138433583,20,2,2,5,12,0.1,0.1,0.25,0.6,1,timm:efficientnet_b0.ra_in1k_random
blocks.3.1.se.conv_reduce,conv_gap,58,20,1,False,20.0,0,1.0,1.0,64,0.0001516804885539042,1.571740005171815,0.07858700025859075,2.0887259304426085,0.10443629652213042,1.2820148747121007,0.06410074373560504,3.7210290819691685,10,20,0.9673053543992438,20,2,3,6,14,0.1,0.15,0.3,0.7,2,timm:efficientnet_b0.ra_in1k_random
blocks.3.1.se.conv_reduce,conv_gap,58,20,1,False,20.0,0,1.0,1.0,128,0.000152342318464594,1.5177299171806804,0.07588649585903402,2.0182993518191212,0.10091496759095606,1.2547544435717302,0.0627377221785865,3.1433865397449643,10,20,0.9621648801717738,20,2,3,6,15,0.1,0.15,0.3,0.75,5,timm:efficientnet_b0.ra_in1k_random
blocks.3.1.se.conv_reduce,conv_gap,58,20,1,False,20.0,0,1.0,1.0,224,0.00014232875521474,1.499436139551217,0.07497180697756085,1.9831633247359015,0.09915816623679508,1.2465186615807298,0.062325933079036486,2.9615439171355957,10,20,0.9456268435968281,20,2,2,6,15,0.1,0.1,0.3,0.75,10,timm:efficientnet_b0.ra_in1k_random
blocks.3.1.se.conv_reduce,conv_gap,58,20,1,False,20.0,0,1.0,1.0,512,0.00013301015238359465,1.5507010399633658,0.07753505199816829,2.060013993452916,0.1030006996726458,1.2727201224302092,0.06363600612151046,3.019201863618789,10,20,0.9585490253405122,20,2,3,6,15,0.1,0.15,0.3,0.75,25,timm:efficientnet_b0.ra_in1k_random
blocks.3.1.se.conv_reduce,conv_gap,58,20,1,False,20.0,0,1.0,1.0,1024,0.00012727514690357138,1.5590050685350636,0.07795025342675319,2.071493390807166,0.1035746695403583,1.2769590381653717,0.06384795190826859,2.9842740458119494,10,20,0.954618800834755,20,2,3,6,15,0.1,0.15,0.3,0.75,50,timm:efficientnet_b0.ra_in1k_random
blocks.3.1.se.conv_reduce,conv_gap,58,20,1,False,20.0,0,1.0,1.0,2016,0.00011610822614501587,1.5974747122906712,0.07987373561453356,2.1357141799451913,0.10678570899725956,1.2962472706342392,0.06481236353171196,2.926550671649144,10,20,0.9643868582138224,20,2,3,6,15,0.1,0.15,0.3,0.75,100,timm:efficientnet_b0.ra_in1k_random
blocks.3.1.se.conv_reduce,conv_gap,58,20,1,False,20.0,0,1.0,1.0,5024,0.00012197804666411199,1.5709393331429744,0.07854696665714872,2.100836973668724,0.1050418486834362,1.281890948043179,0.06409454740215895,2.8760764003239574,10,20,0.9730534999576735,20,2,3,6,15,0.1,0.15,0.3,0.75,250,timm:efficientnet_b0.ra_in1k_random
blocks.3.1.se.act1,act,59,20,1,False,,0,1.0,1.0,32,4.299250609150358e-05,1.400002426740404,0.0700001213370202,1.8297552229334406,0.09148776114667204,1.1955026615219828,0.05977513307609914,5.521698558405676,10,20,0.9747242346370155,20,2,2,5,11,0.1,0.1,0.25,0.55,1,timm:efficientnet_b0.ra_in1k_random
blocks.3.1.se.act1,act,59,20,1,False,,0,1.0,1.0,64,3.8360178383364766e-05,1.567158629885146,0.07835793149425731,2.081842145427683,0.10409210727138415,1.279707569032672,0.0639853784516336,3.7389480010743186,10,20,0.9658176566023547,20,2,3,6,14,0.1,0.15,0.3,0.7,2,timm:efficientnet_b0.ra_in1k_random
blocks.3.1.se.act1,act,59,20,1,False,,0,1.0,1.0,128,3.851396739294358e-05,1.5137986130143772,0.07568993065071886,2.0121289834612544,0.10060644917306272,1.2527983538298577,0.06263991769149288,3.1560952727063185,10,20,0.960533719477375,20,2,3,6,15,0.1,0.15,0.3,0.75,5,timm:efficientnet_b0.ra_in1k_random
blocks.3.1.se.act1,act,59,20,1,False,,0,1.0,1.0,224,3.599682586548788e-05,1.495195391104851,0.07475976955524255,1.976523392708777,0.09882616963543886,1.2443897463408202,0.06221948731704101,2.9790014199903654,10,20,0.9441327914480575,20,2,2,6,15,0.1,0.1,0.3,0.75,10,timm:efficientnet_b0.ra_in1k_random
blocks.3.1.se.act1,act,59,20,1,False,,0,1.0,1.0,512,3.362082998784151e-05,1.546498645829963,0.07732493229149814,2.053570160521997,0.10267850802609986,1.2705880914462773,0.06352940457231386,3.02523937486129,10,20,0.9589877175109008,20,2,3,6,15,0.1,0.15,0.3,0.75,25,timm:efficientnet_b0.ra_in1k_random
blocks.3.1.se.act1,act,59,20,1,False,,0,1.0,1.0,1024,3.2165513106653135e-05,1.5548343590428588,0.07774171795214294,2.065123944380534,0.10325619721902671,1.2748389529128166,0.06374194764564083,2.9888561979627166,10,20,0.9539531148444715,20,2,3,6,15,0.1,0.15,0.3,0.75,50,timm:efficientnet_b0.ra_in1k_random
blocks.3.1.se.act1,act,59,20,1,False,,0,1.0,1.0,2016,2.932701744296173e-05,1.5932717416189486,0.07966358708094742,2.129360869594945,0.10646804347974725,1.2940977241932468,0.06470488620966233,2.931576913503052,10,20,0.9637669733359348,20,2,3,6,15,0.1,0.15,0.3,0.75,100,timm:efficientnet_b0.ra_in1k_random
blocks.3.1.se.act1,act,59,20,1,False,,0,1.0,1.0,5024,3.080662581672951e-05,1.5670406380661868,0.07835203190330933,2.0948360680102636,0.10474180340051317,1.2799225128591565,0.06399612564295783,2.8805572911063435,10,20,0.9729811553274218,20,2,3,6,15,0.1,0.15,0.3,0.75,250,timm:efficientnet_b0.ra_in1k_random
blocks.3.1.se.conv_expand,conv_gap,60,480,1,False,20.0,0,1.0,1.0,480,6.57854046190716e-05,1.4912585846273472,0.00310678871797364,1.9875757277511228,0.004140782766148173,1.241498339183578,0.002586454873299121,3.723101182435276,10,480,0.7087882857604924,247,2,2,6,15,0.004166666666666667,0.004166666666666667,0.0125,0.03125,1,timm:efficientnet_b0.ra_in1k_random
blocks.3.1.se.conv_expand,conv_gap,60,480,1,False,20.0,0,1.0,1.0,960,6.157089480411895e-05,1.5121335372615312,0.00315027820262819,2.022946844543123,0.004214472592798173,1.2516903197961913,0.002607688166242065,3.8112678252030014,10,480,0.7050830048204598,247,2,3,6,15,0.004166666666666667,0.00625,0.0125,0.03125,2,timm:efficientnet_b0.ra_in1k_random
blocks.3.1.se.conv_expand,conv_gap,60,480,1,False,20.0,0,1.0,1.0,2400,5.618942978819773e-05,1.5537396508063666,0.003236957605846597,2.091662541574033,0.004357630294945902,1.2722567904222977,0.0026505349800464537,3.838645089104601,10,480,0.6910809682097727,249,2,3,7,15,0.004166666666666667,0.00625,0.014583333333333334,0.03125,5,timm:efficientnet_b0.ra_in1k_random
blocks.3.1.se.conv_expand,conv_gap,60,480,1,False,20.0,0,1.0,1.0,4800,5.8753072496413154e-05,1.538473292309216,0.0032051526923108664,2.068053606025131,0.004308445012552356,1.2643381212864537,0.002634037752680112,3.898164289296823,10,480,0.6870246468376136,248,2,3,6,15,0.004166666666666667,0.00625,0.0125,0.03125,10,timm:efficientnet_b0.ra_in1k_random
blocks.3.1.conv_pwl,conv,61,80,1,False,80.0,0,14.0,14.0,512,0.00024075785056285108,7.375432237140205,0.09219290296425256,17.694710472844164,0.22118388091055205,3.110964758825428,0.03888705948531785,1.917180933694144,10,80,0.9579451990908459,80,26,39,63,78,0.325,0.4875,0.7875,0.975,1,timm:efficientnet_b0.ra_in1k_random
blocks.3.1.conv_pwl,conv,61,80,1,False,80.0,0,14.0,14.0,512,0.00024075785056285108,7.375432237140205,0.09219290296425256,17.694710472844164,0.22118388091055205,3.110964758825428,0.03888705948531785,1.917180933694144,10,80,0.9579451990908459,80,26,39,63,78,0.325,0.4875,0.7875,0.975,2,timm:efficientnet_b0.ra_in1k_random
blocks.3.1.conv_pwl,conv,61,80,1,False,80.0,0,14.0,14.0,512,0.00024075785056285108,7.375432237140205,0.09219290296425256,17.694710472844164,0.22118388091055205,3.110964758825428,0.03888705948531785,1.917180933694144,10,80,0.9579451990908459,80,26,39,63,78,0.325,0.4875,0.7875,0.975,5,timm:efficientnet_b0.ra_in1k_random
blocks.3.1.conv_pwl,conv,61,80,1,False,80.0,0,14.0,14.0,1024,0.0002654710394268203,8.194221003511132,0.10242776254388915,19.08848186624088,0.238606023328011,3.3870281306277006,0.04233785163284626,1.793411170278691,10,80,0.9591213471827653,80,28,41,65,78,0.35,0.5125,0.8125,0.975,10,timm:efficientnet_b0.ra_in1k_random
blocks.3.1.conv_pwl,conv,61,80,1,False,80.0,0,14.0,14.0,2048,0.0002702537335766967,7.230863283016367,0.09038579103770458,17.76894735737683,0.2221118419672104,3.0709116038696287,0.03838639504837036,1.726444297995218,10,80,0.9597106277618093,80,28,42,65,78,0.35,0.525,0.8125,0.975,25,timm:efficientnet_b0.ra_in1k_random
blocks.3.1.conv_pwl,conv,61,80,1,False,80.0,0,14.0,14.0,4096,0.00025062011583204866,7.99597663963707,0.09994970799546338,19.092064885849563,0.23865081107311953,3.3071100030111773,0.041338875037639715,1.6908133325731753,10,80,0.9605301239926379,80,29,43,66,78,0.3625,0.5375,0.825,0.975,50,timm:efficientnet_b0.ra_in1k_random
blocks.3.1.conv_pwl,conv,61,80,1,False,80.0,0,14.0,14.0,8192,0.0002451652161862423,8.13660998590523,0.10170762482381537,19.532824542284548,0.24416030677855685,3.3392199423010362,0.04174024927876295,1.66142626055249,10,80,0.9610164894498888,80,30,44,67,78,0.375,0.55,0.8375,0.975,100,timm:efficientnet_b0.ra_in1k_random
blocks.3.1.conv_pwl,conv,61,80,1,False,80.0,0,14.0,14.0,20480,0.00023466805656064798,8.23190474378341,0.10289880929729263,19.697466317458726,0.2462183289682341,3.3704133278492954,0.04213016659811619,1.646472367201349,10,80,0.9610379291928858,80,30,44,67,79,0.375,0.55,0.8375,0.9875,250,timm:efficientnet_b0.ra_in1k_random
blocks.3.1,block,62,80,1,False,,0,14.0,14.0,512,0.002552329553491682,3.0155672550289205,0.037694590687861504,7.856387117898213,0.09820483897372766,1.7818098149984787,0.022272622687480984,1.9898359684508937,10,80,0.9526204030958831,80,16,28,54,75,0.2,0.35,0.675,0.9375,1,timm:efficientnet_b0.ra_in1k_random
blocks.3.1,block,62,80,1,False,,0,14.0,14.0,512,0.002552329553491682,3.0155672550289205,0.037694590687861504,7.856387117898213,0.09820483897372766,1.7818098149984787,0.022272622687480984,1.9898359684508937,10,80,0.9526204030958831,80,16,28,54,75,0.2,0.35,0.675,0.9375,2,timm:efficientnet_b0.ra_in1k_random
blocks.3.1,block,62,80,1,False,,0,14.0,14.0,512,0.002552329553491682,3.0155672550289205,0.037694590687861504,7.856387117898213,0.09820483897372766,1.7818098149984787,0.022272622687480984,1.9898359684508937,10,80,0.9526204030958831,80,16,28,54,75,0.2,0.35,0.675,0.9375,5,timm:efficientnet_b0.ra_in1k_random
blocks.3.1,block,62,80,1,False,,0,14.0,14.0,1024,0.002801645275556777,3.7946524808898707,0.047433156011123384,9.859301197133606,0.12324126496417007,2.042785406215956,0.02553481757769945,1.8807394342265742,10,80,0.9563043775356643,80,18,31,58,76,0.225,0.3875,0.725,0.95,10,timm:efficientnet_b0.ra_in1k_random
blocks.3.1,block,62,80,1,False,,0,14.0,14.0,2048,0.002680716532384287,3.9563146521424186,0.04945393315178023,10.114738668061861,0.12643423335077325,2.1041162657285017,0.026301453321606272,1.8118513854229779,10,80,0.9592064601188391,80,19,32,59,77,0.2375,0.4,0.7375,0.9625,25,timm:efficientnet_b0.ra_in1k_random
blocks.3.1,block,62,80,1,False,,0,14.0,14.0,4096,0.00257874519484108,4.096265769915843,0.051203322123948035,10.48090251894419,0.13101128148680236,2.1474376319136135,0.02684297039892017,1.767991246705201,10,80,0.9596366519275233,80,19,33,60,77,0.2375,0.4125,0.75,0.9625,50,timm:efficientnet_b0.ra_in1k_random
blocks.3.1,block,62,80,1,False,,0,14.0,14.0,8192,0.0024259407249690476,4.196095235641681,0.05245119044552101,10.905704662915555,0.13632130828644445,2.171905071185622,0.027148813389820274,1.7426801976963548,10,80,0.9607749416040601,80,20,34,61,77,0.25,0.425,0.7625,0.9625,100,timm:efficientnet_b0.ra_in1k_random
blocks.3.1,block,62,80,1,False,,0,14.0,14.0,20480,0.0023233380574750515,4.354245307887637,0.05442806634859546,11.325155557283948,0.14156444446604935,2.2194050513071706,0.027742563141339632,1.7414580659351497,10,80,0.9627041374703912,80,21,35,61,77,0.2625,0.4375,0.7625,0.9625,250,timm:efficientnet_b0.ra_in1k_random
blocks.3.2.conv_pw,conv,63,480,1,False,80.0,0,14.0,14.0,512,0.004784789713719189,4.6502444598334876,0.009688009291319766,11.478765152510702,0.02391409406773063,2.3122845278034103,0.0048172594329237714,7.2683013010127375,10,480,0.8576872188690047,280,18,30,55,75,0.0375,0.0625,0.11458333333333333,0.15625,1,timm:efficientnet_b0.ra_in1k_random
blocks.3.2.conv_pw,conv,63,480,1,False,80.0,0,14.0,14.0,1024,0.00532031605892538,4.291396091114236,0.008940408523154659,10.96293058073804,0.02283943870987092,2.1949530367504533,0.004572818826563445,7.369426539789542,10,480,0.8551167323943265,279,19,31,57,76,0.03958333333333333,0.06458333333333334,0.11875,0.15833333333333333,2,timm:efficientnet_b0.ra_in1k_random
blocks.3.2.conv_pw,conv,63,480,1,False,80.0,0,14.0,14.0,2560,0.005184782836445731,4.062561149390523,0.008463669061230255,10.414854791100923,0.021697614148126924,2.123966205996657,0.0044249295958263685,7.5761143497762715,10,480,0.8515856359651554,279,18,31,57,76,0.0375,0.06458333333333334,0.11875,0.15833333333333333,5,timm:efficientnet_b0.ra_in1k_random
blocks.3.2.conv_pw,conv,63,480,1,False,80.0,0,14.0,14.0,5120,0.005035737707201488,4.149013851502781,0.008643778857297462,10.707033498403796,0.02230631978834124,2.14814348805016,0.004475298933437833,7.770327979464766,10,480,0.8464605917580246,279,19,32,58,76,0.03958333333333333,0.06666666666666667,0.12083333333333333,0.15833333333333333,10,timm:efficientnet_b0.ra_in1k_random
blocks.3.2.conv_pw,conv,63,480,1,False,80.0,0,14.0,14.0,12288,0.004725930321478067,4.204441371454528,0.008759252857196932,10.946166463325751,0.02280451346526198,2.1640097982320388,0.004508353746316748,7.997454008028642,10,480,0.8423976730716641,277,20,32,59,77,0.041666666666666664,0.06666666666666667,0.12291666666666666,0.16041666666666668,25,timm:efficientnet_b0.ra_in1k_random
blocks.3.2.conv_pw,conv,63,480,1,False,80.0,0,14.0,14.0,24064,0.004562338835557644,4.331204774325474,0.009023343279844737,11.236588701050845,0.02340955979385593,2.20557088711824,0.004594939348163,8.171153798426587,10,480,0.8395390370148547,278,20,33,59,77,0.041666666666666664,0.06875,0.12291666666666666,0.16041666666666668,50,timm:efficientnet_b0.ra_in1k_random
blocks.3.2.conv_pw,conv,63,480,1,False,80.0,0,14.0,14.0,48128,0.004540205521444166,4.415061155909918,0.00919804407481233,11.4326704887239,0.02381806351817479,2.2305654936190105,0.004647011445039605,8.350627482910777,10,480,0.8372829330192259,278,20,33,59,77,0.041666666666666664,0.06875,0.12291666666666666,0.16041666666666668,100,timm:efficientnet_b0.ra_in1k_random
blocks.3.2.bn1.act,act,64,480,1,False,,0,14.0,14.0,512,0.0011510227799878105,3.961455429327428,0.008253032144432142,10.03131088328186,0.020898564340170542,2.096085613057444,0.004366845027203008,6.58486892833957,10,480,0.8902975345962952,324,17,29,54,75,0.035416666666666666,0.06041666666666667,0.1125,0.15625,1,timm:efficientnet_b0.ra_in1k_random
blocks.3.2.bn1.act,act,64,480,1,False,,0,14.0,14.0,1024,0.001334284863803078,4.18182243574255,0.008712130074463646,10.433592295789149,0.021736650616227392,2.178212101974801,0.004537941879114169,6.375033489552693,10,480,0.8924122824962397,351,18,30,56,76,0.0375,0.0625,0.11666666666666667,0.15833333333333333,2,timm:efficientnet_b0.ra_in1k_random
blocks.3.2.bn1.act,act,64,480,1,False,,0,14.0,14.0,2560,0.001299567309570111,3.940988933982801,0.008210393612464168,10.091100216679077,0.021023125451414746,2.0893988754745334,0.004352914323905278,6.137320325008359,10,480,0.8911336571667291,386,18,31,57,76,0.0375,0.06458333333333334,0.11875,0.15833333333333333,5,timm:efficientnet_b0.ra_in1k_random
blocks.3.2.bn1.act,act,64,480,1,False,,0,14.0,14.0,5120,0.0012422054553872194,4.158721678587923,0.008664003497058172,10.751373160987486,0.022398694085390594,2.15235090940981,0.004484064394603771,5.928003701592693,10,480,0.8878105013392915,417,19,32,58,76,0.03958333333333333,0.06666666666666667,0.12083333333333333,0.15833333333333333,10,timm:efficientnet_b0.ra_in1k_random
blocks.3.2.bn1.act,act,64,480,1,False,,0,14.0,14.0,12288,0.001171805873057775,4.303502142092576,0.008965629462692866,11.16328183857029,0.023256837163688104,2.1964981014396407,0.004576037711332585,5.761367136549024,10,480,0.8820698902473944,446,20,33,59,77,0.041666666666666664,0.06875,0.12291666666666666,0.16041666666666668,25,timm:efficientnet_b0.ra_in1k_random
blocks.3.2.bn1.act,act,64,480,1,False,,0,14.0,14.0,24064,0.0011355708082932507,4.361266543331126,0.00908597196527318,11.330093319679577,0.023604361082665785,2.2142950549441016,0.0046131146978002115,5.648753394121575,10,480,0.8812940610720199,463,20,33,60,77,0.041666666666666664,0.06875,0.125,0.16041666666666668,50,timm:efficientnet_b0.ra_in1k_random
blocks.3.2.bn1.act,act,64,480,1,False,,0,14.0,14.0,48128,0.0011284307835942229,4.394611794522067,0.00915544123858764,11.412552584301688,0.023776151217295184,2.2235273420044885,0.004632348629176017,5.561051168770233,10,480,0.8782736024825679,475,20,33,60,77,0.041666666666666664,0.06875,0.125,0.16041666666666668,100,timm:efficientnet_b0.ra_in1k_random
blocks.3.2.conv_dw,conv,65,480,480,True,480.0,0,14.0,14.0,512,0.0022993372649348746,5.8931175344865006,0.012277328196846876,20.339267780762334,0.042373474543254866,2.5788308235157844,0.005372564215657885,3.444951672115136,10,480,0.7894204808529752,480,41,74,161,278,0.08541666666666667,0.15416666666666667,0.33541666666666664,0.5791666666666667,1,timm:efficientnet_b0.ra_in1k_random
blocks.3.2.conv_dw,conv,65,480,480,True,480.0,0,14.0,14.0,1024,0.002520751145131406,6.341236203014343,0.013210908756279883,22.45455251323086,0.04678031773589762,2.706480955938145,0.005638501991537802,2.6630457501270985,10,480,0.8772396941248531,480,48,87,192,331,0.1,0.18125,0.4,0.6895833333333333,2,timm:efficientnet_b0.ra_in1k_random
blocks.3.2.conv_dw,conv,65,480,480,True,480.0,0,14.0,14.0,2560,0.0023736312811010584,6.420785041197993,0.013376635502495819,23.8260875519915,0.04963768239998229,2.7173791381462644,0.005661206537804718,2.4117737174648557,10,480,0.8883537616734283,480,54,99,215,360,0.1125,0.20625,0.4479166666666667,0.75,5,timm:efficientnet_b0.ra_in1k_random
blocks.3.2.conv_dw,conv,65,480,480,True,480.0,0,14.0,14.0,5120,0.0023616541268270856,6.277464354135908,0.013078050737783143,23.93398739348349,0.04986247373642394,2.670132595147671,0.005562776239890981,2.335516874029949,10,480,0.8893188571486703,480,57,103,224,369,0.11875,0.21458333333333332,0.4666666666666667,0.76875,10,timm:efficientnet_b0.ra_in1k_random
blocks.3.2.conv_dw,conv,65,480,480,True,480.0,0,14.0,14.0,12288,0.0022607431089254034,6.685892301000707,0.013928942293751473,25.89794036425228,0.05395404242552558,2.7649208459128447,0.005760251762318426,2.28942406513705,10,480,0.8894576681732885,480,61,109,233,377,0.12708333333333333,0.22708333333333333,0.48541666666666666,0.7854166666666667,25,timm:efficientnet_b0.ra_in1k_random
blocks.3.2.conv_dw,conv,65,480,480,True,480.0,0,14.0,14.0,24064,0.0021780543340026146,7.047334528880393,0.014681946935167485,27.230750909037546,0.056730731060494886,2.8526162708175566,0.005942950564203243,2.2702186386063214,10,480,0.889160194288539,480,63,113,237,380,0.13125,0.23541666666666666,0.49375,0.7916666666666666,50,timm:efficientnet_b0.ra_in1k_random
blocks.3.2.conv_dw,conv,65,480,480,True,480.0,0,14.0,14.0,48128,0.0021551850705859984,7.280844219019048,0.015168425456289684,27.965581563877226,0.058261628258077555,2.910468156285715,0.00606347532559524,2.2653751361155234,10,480,0.8900537869434233,480,64,114,238,381,0.13333333333333333,0.2375,0.49583333333333335,0.79375,100,timm:efficientnet_b0.ra_in1k_random
blocks.3.2.bn2.act,act,66,480,1,False,,0,14.0,14.0,512,0.0005384051963407752,6.455513021172956,0.013448985460776991,22.798521728184735,0.04749692026705153,2.7083936577914196,0.0056424867870654575,3.5000533258488575,10,480,0.7791686504001949,480,46,79,165,280,0.09583333333333334,0.16458333333333333,0.34375,0.5833333333333334,1,timm:efficientnet_b0.ra_in1k_random
blocks.3.2.bn2.act,act,66,480,1,False,,0,14.0,14.0,1024,0.0006241438390048356,6.953849901629175,0.014487187295060782,24.240606551146566,0.050501263648222015,2.860277151554183,0.005958910732404548,2.669191540794,10,480,0.8758095116822762,480,51,90,194,332,0.10625,0.1875,0.4041666666666667,0.6916666666666667,2,timm:efficientnet_b0.ra_in1k_random
blocks.3.2.bn2.act,act,66,480,1,False,,0,14.0,14.0,2560,0.0006067681810136643,6.255348463504175,0.013031975965633697,23.44053595571967,0.048834449907749315,2.6670548505203753,0.005556364271917449,2.4096038355283054,10,480,0.8870861871225129,480,54,99,215,360,0.1125,0.20625,0.4479166666666667,0.75,5,timm:efficientnet_b0.ra_in1k_random
blocks.3.2.bn2.act,act,66,480,1,False,,0,14.0,14.0,5120,0.0005878208235810277,6.453461870582991,0.013444712230381232,24.574701022088462,0.05119729379601763,2.712759628074958,0.005651582558489496,2.3313170439003943,10,480,0.8892233586635601,480,57,104,225,370,0.11875,0.21666666666666667,0.46875,0.7708333333333334,10,timm:efficientnet_b0.ra_in1k_random
blocks.3.2.bn2.act,act,66,480,1,False,,0,14.0,14.0,12288,0.0005550851476727815,6.840970797601686,0.014252022495003512,26.532790460890343,0.055276646793521546,2.802112282388426,0.005837733921642554,2.2833603239042115,10,480,0.889184548234333,480,62,111,234,378,0.12916666666666668,0.23125,0.4875,0.7875,25,timm:efficientnet_b0.ra_in1k_random
blocks.3.2.bn2.act,act,66,480,1,False,,0,14.0,14.0,24064,0.0005415091766796466,6.911103382108603,0.01439813204605959,26.860013291352914,0.055958361023651905,2.8195871050912804,0.005874139802273501,2.2674426085394677,10,480,0.8889505653731725,480,63,112,237,380,0.13125,0.23333333333333334,0.49375,0.7916666666666666,50,timm:efficientnet_b0.ra_in1k_random
blocks.3.2.bn2.act,act,66,480,1,False,,0,14.0,14.0,48128,0.0005371946715826964,7.1226230658320855,0.014838798053816845,27.529074130883515,0.05735223777267399,2.8709135747687213,0.005981069947434836,2.2627204053363066,10,480,0.8899250826919035,480,64,113,238,381,0.13333333333333333,0.23541666666666666,0.49583333333333335,0.79375,100,timm:efficientnet_b0.ra_in1k_random
blocks.3.2.se.conv_reduce,conv_gap,67,20,1,False,20.0,0,1.0,1.0,32,0.00015620216386342959,1.4468703664417046,0.07234351832208523,1.96049711951811,0.0980248559759055,1.2156685371877518,0.06078342685938759,5.1442928982958405,10,20,0.9466260982806404,20,2,3,5,12,0.1,0.15,0.25,0.6,1,timm:efficientnet_b0.ra_in1k_random
blocks.3.2.se.conv_reduce,conv_gap,67,20,1,False,20.0,0,1.0,1.0,64,0.00014601295567530124,1.5911481646981638,0.07955740823490819,2.1828633419526025,0.10914316709763013,1.2879236363125042,0.0643961818156252,4.36134708136574,10,20,0.9074110012132791,20,2,3,7,14,0.1,0.15,0.35,0.7,2,timm:efficientnet_b0.ra_in1k_random
blocks.3.2.se.conv_reduce,conv_gap,67,20,1,False,20.0,0,1.0,1.0,128,0.00014328635629281612,1.55352015646656,0.077676007823328,2.1576554501316916,0.10788277250658458,1.2677855314148005,0.06338927657074003,3.8626238183354085,10,20,0.9403817450108571,20,2,3,7,15,0.1,0.15,0.35,0.75,5,timm:efficientnet_b0.ra_in1k_random
blocks.3.2.se.conv_reduce,conv_gap,67,20,1,False,20.0,0,1.0,1.0,224,0.00013201233324167653,1.5442831828477879,0.0772141591423894,2.135567127791924,0.10677835638959621,1.2643188357352515,0.06321594178676257,3.4915659460140596,10,20,0.9570908001562456,20,2,3,7,15,0.1,0.15,0.35,0.75,10,timm:efficientnet_b0.ra_in1k_random
blocks.3.2.se.conv_reduce,conv_gap,67,20,1,False,20.0,0,1.0,1.0,512,0.00012510408184912097,1.5860833128219476,0.07930416564109738,2.210088385744399,0.11050441928721995,1.284425725451021,0.06422128627255105,3.440831743451696,10,20,0.9694791869884518,20,2,3,8,16,0.1,0.15,0.4,0.8,25,timm:efficientnet_b0.ra_in1k_random
blocks.3.2.se.conv_reduce,conv_gap,67,20,1,False,20.0,0,1.0,1.0,1024,0.00011986471139919934,1.5962465225162183,0.07981232612581092,2.2310664975838126,0.11155332487919063,1.288930914534836,0.0644465457267418,3.3836753083514997,10,20,0.9541708003304898,20,2,3,8,16,0.1,0.15,0.4,0.8,50,timm:efficientnet_b0.ra_in1k_random
blocks.3.2.se.conv_reduce,conv_gap,67,20,1,False,20.0,0,1.0,1.0,2016,0.00010972916875683497,1.6382395726188335,0.08191197863094167,2.3108634074298897,0.11554317037149449,1.3088071288121823,0.06544035644060911,3.429304233807333,10,20,0.9614293563301578,20,2,3,8,16,0.1,0.15,0.4,0.8,100,timm:efficientnet_b0.ra_in1k_random
blocks.3.2.se.conv_reduce,conv_gap,67,20,1,False,20.0,0,1.0,1.0,5024,0.00011399240352796417,1.622159592234517,0.08110797961172585,2.2874992477180958,0.11437496238590479,1.3002768378850882,0.06501384189425441,3.4220109922638957,10,20,0.96250999300973,20,2,3,8,16,0.1,0.15,0.4,0.8,250,timm:efficientnet_b0.ra_in1k_random
blocks.3.2.se.act1,act,68,20,1,False,,0,1.0,1.0,32,3.886224235869914e-05,1.4488220726095908,0.07244110363047954,1.9636740494150196,0.09818370247075098,1.2166177866477346,0.06083088933238673,5.156330528306798,10,20,0.9424298319187102,20,2,3,5,12,0.1,0.15,0.25,0.6,1,timm:efficientnet_b0.ra_in1k_random
blocks.3.2.se.act1,act,68,20,1,False,,0,1.0,1.0,64,3.633173338511417e-05,1.5933842838443861,0.07966921419221931,2.185964603610281,0.10929823018051406,1.2890676547947093,0.06445338273973547,4.3639877862629435,10,20,0.905302575235481,20,2,3,7,14,0.1,0.15,0.35,0.7,2,timm:efficientnet_b0.ra_in1k_random
blocks.3.2.se.act1,act,68,20,1,False,,0,1.0,1.0,128,3.566767049111393e-05,1.5551632800612356,0.07775816400306178,2.160104224223673,0.10800521121118364,1.2686041866260394,0.06343020933130197,3.871602642325861,10,20,0.9380562278930742,20,2,3,7,15,0.1,0.15,0.35,0.75,5,timm:efficientnet_b0.ra_in1k_random
blocks.3.2.se.act1,act,68,20,1,False,,0,1.0,1.0,224,3.2862484570716646e-05,1.5461272465394909,0.07730636232697455,2.1383363725016036,0.10691681862508018,1.2652409399297846,0.06326204699648923,3.496136256915734,10,20,0.9561078504227676,20,2,3,7,15,0.1,0.15,0.35,0.75,10,timm:efficientnet_b0.ra_in1k_random
blocks.3.2.se.act1,act,68,20,1,False,,0,1.0,1.0,512,3.1146211226148825e-05,1.5878786915675442,0.0793939345783772,2.212761820509098,0.1106380910254549,1.2853274683250329,0.06426637341625165,3.448773044073391,10,20,0.9679309150700965,20,2,3,8,16,0.1,0.15,0.4,0.8,25,timm:efficientnet_b0.ra_in1k_random
blocks.3.2.se.act1,act,68,20,1,False,,0,1.0,1.0,1024,2.9842430212124863e-05,1.598141311506546,0.0799070655753273,2.2339514956285678,0.11169757478142839,1.2898766287752412,0.06449383143876206,3.389697635506487,10,20,0.9518037124008475,20,2,3,8,16,0.1,0.15,0.4,0.8,50,timm:efficientnet_b0.ra_in1k_random
blocks.3.2.se.act1,act,68,20,1,False,,0,1.0,1.0,2016,2.7323035476174636e-05,1.640166931730443,0.08200834658652215,2.3137303398372695,0.11568651699186347,1.3097746111704285,0.06548873055852142,3.4364831678471037,10,20,0.959389040028319,20,2,3,8,16,0.1,0.15,0.4,0.8,100,timm:efficientnet_b0.ra_in1k_random
blocks.3.2.se.act1,act,68,20,1,False,,0,1.0,1.0,5024,2.8384942449919346e-05,1.623993180132087,0.08119965900660435,2.2902279948479705,0.11451139974239852,1.3011917082408366,0.06505958541204183,3.427420452504482,10,20,0.9607435922322617,20,2,3,8,16,0.1,0.15,0.4,0.8,250,timm:efficientnet_b0.ra_in1k_random
blocks.3.2.se.conv_expand,conv_gap,69,480,1,False,20.0,0,1.0,1.0,480,6.357878911398616e-05,1.5558286608067973,0.003241309710014161,2.160093106718341,0.004500193972329878,1.2696546501502501,0.0026451138544796877,3.75541906497374,10,480,0.7051925641194713,249,2,3,7,15,0.004166666666666667,0.00625,0.014583333333333334,0.03125,1,timm:efficientnet_b0.ra_in1k_random
blocks.3.2.se.conv_expand,conv_gap,69,480,1,False,20.0,0,1.0,1.0,960,5.987736314083338e-05,1.5833001247965626,0.0032985419266595055,2.2133060187152904,0.004611054205656855,1.282293106423472,0.0026714439717155664,3.8049456408563525,10,480,0.6996348777528592,248,2,3,8,16,0.004166666666666667,0.00625,0.016666666666666666,0.03333333333333333,2,timm:efficientnet_b0.ra_in1k_random
blocks.3.2.se.conv_expand,conv_gap,69,480,1,False,20.0,0,1.0,1.0,2400,5.480709302222969e-05,1.63147815051562,0.003398912813574208,2.3004205584132507,0.004792542830027605,1.3052810102871635,0.002719335438098257,3.873080705500941,10,480,0.6866021024286708,250,2,3,8,16,0.004166666666666667,0.00625,0.016666666666666666,0.03333333333333333,5,timm:efficientnet_b0.ra_in1k_random
blocks.3.2.se.conv_expand,conv_gap,69,480,1,False,20.0,0,1.0,1.0,4800,5.7124307734593e-05,1.6120895199503327,0.0033585198332298596,2.2689363924048758,0.004726950817510158,1.2955092799855663,0.0026989776666365966,3.9509017222288785,10,480,0.6801490693388519,247,2,3,8,16,0.004166666666666667,0.00625,0.016666666666666666,0.03333333333333333,10,timm:efficientnet_b0.ra_in1k_random
blocks.3.2.conv_pwl,conv,70,80,1,False,80.0,0,14.0,14.0,512,0.00028061191915897127,5.885647900486036,0.07357059875607544,15.4825547209631,0.19353193401203875,2.6145071891538523,0.032681339864423155,1.9027153796998537,10,80,0.9599749906031521,80,25,37,62,77,0.3125,0.4625,0.775,0.9625,1,timm:efficientnet_b0.ra_in1k_random
blocks.3.2.conv_pwl,conv,70,80,1,False,80.0,0,14.0,14.0,512,0.00028061191915897127,5.885647900486036,0.07357059875607544,15.4825547209631,0.19353193401203875,2.6145071891538523,0.032681339864423155,1.9027153796998537,10,80,0.9599749906031521,80,25,37,62,77,0.3125,0.4625,0.775,0.9625,2,timm:efficientnet_b0.ra_in1k_random
blocks.3.2.conv_pwl,conv,70,80,1,False,80.0,0,14.0,14.0,512,0.00028061191915897127,5.885647900486036,0.07357059875607544,15.4825547209631,0.19353193401203875,2.6145071891538523,0.032681339864423155,1.9027153796998537,10,80,0.9599749906031521,80,25,37,62,77,0.3125,0.4625,0.775,0.9625,5,timm:efficientnet_b0.ra_in1k_random
blocks.3.2.conv_pwl,conv,70,80,1,False,80.0,0,14.0,14.0,1024,0.0003009174655726105,7.068940478042628,0.08836175597553285,18.057895289460934,0.22572369111826168,2.948317373284762,0.03685396716605953,1.7656414835979806,10,80,0.963257804458218,80,28,41,65,78,0.35,0.5125,0.8125,0.975,10,timm:efficientnet_b0.ra_in1k_random
blocks.3.2.conv_pwl,conv,70,80,1,False,80.0,0,14.0,14.0,2048,0.000313675448065817,5.773022169506304,0.0721627771188288,15.680264203481835,0.19600330254352294,2.584756823958468,0.032309460299480855,1.6866718581667903,10,80,0.9664939523856788,80,27,41,66,78,0.3375,0.5125,0.825,0.975,25,timm:efficientnet_b0.ra_in1k_random
blocks.3.2.conv_pwl,conv,70,80,1,False,80.0,0,14.0,14.0,4096,0.00029673509253304536,6.068402519518376,0.0758550314939797,16.43963369368118,0.20549542117101477,2.6648136669639197,0.033310170837049,1.6412044470254976,10,80,0.9674767853179235,80,28,42,67,79,0.35,0.525,0.8375,0.9875,50,timm:efficientnet_b0.ra_in1k_random
blocks.3.2.conv_pwl,conv,70,80,1,False,80.0,0,14.0,14.0,8192,0.0002938879958277854,6.0840688733872375,0.07605086091734047,16.637305942554857,0.2079663242819357,2.660530977307132,0.033256637216339154,1.621009328162291,10,80,0.9688232868212211,80,28,43,67,79,0.35,0.5375,0.8375,0.9875,100,timm:efficientnet_b0.ra_in1k_random
blocks.3.2.conv_pwl,conv,70,80,1,False,80.0,0,14.0,14.0,20480,0.0002792350391042465,6.319287772963235,0.07899109716204043,17.24497302700022,0.21556216283750276,2.72020578050846,0.03400257225635575,1.613780813741948,10,80,0.968666055702658,80,29,43,67,79,0.3625,0.5375,0.8375,0.9875,250,timm:efficientnet_b0.ra_in1k_random
blocks.3.2,block,71,80,1,False,,0,14.0,14.0,512,0.0027705812015718333,3.7287957188928935,0.046609946486161166,9.951868093908711,0.12439835117385889,2.00501875773564,0.025062734471695502,1.9026085667754855,10,80,0.9640839659448148,80,18,31,58,76,0.225,0.3875,0.725,0.95,1,timm:efficientnet_b0.ra_in1k_random
blocks.3.2,block,71,80,1,False,,0,14.0,14.0,512,0.0027705812015718333,3.7287957188928935,0.046609946486161166,9.951868093908711,0.12439835117385889,2.00501875773564,0.025062734471695502,1.9026085667754855,10,80,0.9640839659448148,80,18,31,58,76,0.225,0.3875,0.725,0.95,2,timm:efficientnet_b0.ra_in1k_random
blocks.3.2,block,71,80,1,False,,0,14.0,14.0,512,0.0027705812015718333,3.7287957188928935,0.046609946486161166,9.951868093908711,0.12439835117385889,2.00501875773564,0.025062734471695502,1.9026085667754855,10,80,0.9640839659448148,80,18,31,58,76,0.225,0.3875,0.725,0.95,5,timm:efficientnet_b0.ra_in1k_random
blocks.3.2,block,71,80,1,False,,0,14.0,14.0,1024,0.0029829885257310436,4.294064934968835,0.05367581168711044,11.435278676083373,0.14294098345104217,2.184564763635807,0.027307059545447588,1.79276481230275,10,80,0.9666105787910573,80,21,34,61,77,0.2625,0.425,0.7625,0.9625,10,timm:efficientnet_b0.ra_in1k_random
blocks.3.2,block,71,80,1,False,,0,14.0,14.0,2048,0.003105630006978301,3.903325756544719,0.048791571956808985,10.318032149652186,0.12897540187065232,2.0723464032160814,0.02590433004020102,1.7102553044760243,10,80,0.970951737375516,80,20,33,61,77,0.25,0.4125,0.7625,0.9625,25,timm:efficientnet_b0.ra_in1k_random
blocks.3.2,block,71,80,1,False,,0,14.0,14.0,4096,0.0029184498653581324,4.440567100356389,0.055507088754454856,11.565442661299214,0.14456803326624018,2.24651483826595,0.028081435478324375,1.6571862137582953,10,80,0.9734774558220947,80,21,35,63,78,0.2625,0.4375,0.7875,0.975,50,timm:efficientnet_b0.ra_in1k_random
blocks.3.2,block,71,80,1,False,,0,14.0,14.0,8192,0.0028384764803518043,4.407482980176117,0.055093537252201466,11.623996306442422,0.14529995383053027,2.2312246068394055,0.027890307585492567,1.638785476218471,10,80,0.9732855463243812,80,22,36,63,78,0.275,0.45,0.7875,0.975,100,timm:efficientnet_b0.ra_in1k_random
blocks.3.2,block,71,80,1,False,,0,14.0,14.0,20480,0.0026669342721916236,4.567628363760076,0.05709535454700095,12.071809647957119,0.150897620599464,2.2799212291579187,0.028499015364473985,1.6286393524140301,10,80,0.97474682417051,80,22,37,64,78,0.275,0.4625,0.8,0.975,250,timm:efficientnet_b0.ra_in1k_random
blocks.4.0.conv_pw,conv,72,480,1,False,80.0,0,14.0,14.0,512,0.0051108364591896886,4.3683742048829,0.009100779593506043,10.886302763222114,0.022679797423379403,2.222604317842997,0.00463042566217291,7.223067676890536,10,480,0.8584657634040602,278,18,29,56,76,0.0375,0.06041666666666667,0.11666666666666667,0.15833333333333333,1,timm:efficientnet_b0.ra_in1k_random
blocks.4.0.conv_pw,conv,72,480,1,False,80.0,0,14.0,14.0,1024,0.005863351375191129,4.752395931261333,0.009900824856794443,11.703451182682853,0.02438218996392261,2.353424166254627,0.004902967013030473,7.340138773210114,10,480,0.8516448039811001,280,19,31,58,77,0.03958333333333333,0.06458333333333334,0.12083333333333333,0.16041666666666668,2,timm:efficientnet_b0.ra_in1k_random
blocks.4.0.conv_pw,conv,72,480,1,False,80.0,0,14.0,14.0,2560,0.0056601152974846275,4.415786254262437,0.009199554696380076,11.343273413778903,0.02363181961203938,2.235384797398933,0.004657051661247777,7.572483913527963,10,480,0.8460281718131721,279,20,33,60,77,0.041666666666666664,0.06875,0.125,0.16041666666666668,5,timm:efficientnet_b0.ra_in1k_random
blocks.4.0.conv_pw,conv,72,480,1,False,80.0,0,14.0,14.0,5120,0.00551883588165034,4.5283390504838925,0.00943403968850811,11.63439450932071,0.024238321894418147,2.2691560713492156,0.004727408481977532,7.791472630289882,10,480,0.8402631152711673,276,20,33,60,77,0.041666666666666664,0.06875,0.125,0.16041666666666668,10,timm:efficientnet_b0.ra_in1k_random
blocks.4.0.conv_pw,conv,72,480,1,False,80.0,0,14.0,14.0,12288,0.005245517912256863,4.843790683621766,0.010091230590878679,12.477546254138739,0.025994888029455706,2.36301866504223,0.004922955552171313,8.045791000489023,10,480,0.8379751397438755,277,21,35,61,78,0.04375,0.07291666666666667,0.12708333333333333,0.1625,25,timm:efficientnet_b0.ra_in1k_random
blocks.4.0.conv_pw,conv,72,480,1,False,80.0,0,14.0,14.0,24064,0.005086462035458665,4.935677618103838,0.010282661704382997,12.70551725353236,0.02646982761152575,2.3917446437276157,0.0049828013410991995,8.253780305952333,10,480,0.8335373913959898,276,22,35,62,78,0.04583333333333333,0.07291666666666667,0.12916666666666668,0.1625,50,timm:efficientnet_b0.ra_in1k_random
blocks.4.0.conv_pw,conv,72,480,1,False,80.0,0,14.0,14.0,48128,0.005030361765977733,5.001042794515577,0.010418839155240785,12.844537658714918,0.026759453455656078,2.4122457459907567,0.0050255119708140766,8.418018241595469,10,480,0.8315858191440986,275,22,35,62,78,0.04583333333333333,0.07291666666666667,0.12916666666666668,0.1625,100,timm:efficientnet_b0.ra_in1k_random
blocks.4.0.bn1.act,act,73,480,1,False,,0,14.0,14.0,512,0.0012594832652660574,4.699530605579152,0.009790688761623234,11.419894668189835,0.02379144722539549,2.33820978253293,0.004871270380276937,6.545434289124576,10,480,0.8887830420516089,331,18,30,56,76,0.0375,0.0625,0.11666666666666667,0.15833333333333333,1,timm:efficientnet_b0.ra_in1k_random
blocks.4.0.bn1.act,act,73,480,1,False,,0,14.0,14.0,1024,0.0013994678994562154,4.875432610568733,0.010157151272018194,12.066927389373951,0.025139432061195732,2.403390420412884,0.0050070633758601745,6.374971728574376,10,480,0.8890525873568212,357,20,33,59,77,0.041666666666666664,0.06875,0.12291666666666666,0.16041666666666668,2,timm:efficientnet_b0.ra_in1k_random
blocks.4.0.bn1.act,act,73,480,1,False,,0,14.0,14.0,2560,0.0013287895422460555,4.769156861397366,0.009935743461244512,12.046914077470927,0.025097737661397765,2.3590620069271293,0.004914712514431519,6.078965792364974,10,480,0.890408517841717,398,21,34,60,77,0.04375,0.07083333333333333,0.125,0.16041666666666668,5,timm:efficientnet_b0.ra_in1k_random
blocks.4.0.bn1.act,act,73,480,1,False,,0,14.0,14.0,5120,0.001340704337329707,4.638088623149078,0.00966268463156058,11.868434043247307,0.024725904256765224,2.309544506700549,0.004811551055626143,5.8638106148799745,10,480,0.8896377177827243,429,21,34,61,77,0.04375,0.07083333333333333,0.12708333333333333,0.16041666666666668,10,timm:efficientnet_b0.ra_in1k_random
blocks.4.0.bn1.act,act,73,480,1,False,,0,14.0,14.0,12288,0.0013097510526087007,4.7810868754665075,0.009960597657221891,12.333300005491921,0.025694375011441502,2.345813253894716,0.004887110945613992,5.6481983786460725,10,480,0.8833444925382352,458,21,34,61,77,0.04375,0.07083333333333333,0.12708333333333333,0.16041666666666668,25,timm:efficientnet_b0.ra_in1k_random
blocks.4.0.bn1.act,act,73,480,1,False,,0,14.0,14.0,24064,0.0012669315568075395,4.964218590320604,0.010342122063167924,12.724561027063425,0.02650950213971547,2.4037717684901185,0.00500785785102108,5.554583771660445,10,480,0.878441159245085,473,22,35,62,78,0.04583333333333333,0.07291666666666667,0.12916666666666668,0.1625,50,timm:efficientnet_b0.ra_in1k_random
blocks.4.0.bn1.act,act,73,480,1,False,,0,14.0,14.0,48128,0.0012600466796120556,5.024781905831119,0.010468295637148165,12.889183339822466,0.026852465291296805,2.4199497856920344,0.005041562053525072,5.456135435867068,10,480,0.8752094937984327,480,22,35,62,78,0.04583333333333333,0.07291666666666667,0.12916666666666668,0.1625,100,timm:efficientnet_b0.ra_in1k_random
blocks.4.0.conv_dw,conv,74,480,480,True,480.0,0,14.0,14.0,512,0.002504077927850063,8.227983923254113,0.01714163317344607,30.685057083605592,0.06392720225751165,3.141512261864211,0.0065448172122171055,2.9024212333815194,10,480,0.7715764646398054,480,65,108,214,334,0.13541666666666666,0.225,0.44583333333333336,0.6958333333333333,1,timm:efficientnet_b0.ra_in1k_random
blocks.4.0.conv_dw,conv,74,480,480,True,480.0,0,14.0,14.0,1024,0.002744265097175643,9.716360412314904,0.02024241752565605,37.05855289667822,0.0772053185347463,3.497157401205128,0.007285744585844017,2.0638510758115225,10,480,0.9092242082883983,480,80,136,270,410,0.16666666666666666,0.2833333333333333,0.5625,0.8541666666666666,2,timm:efficientnet_b0.ra_in1k_random
blocks.4.0.conv_dw,conv,74,480,480,True,480.0,0,14.0,14.0,2560,0.0026146333513556302,9.793018333819106,0.020402121528789802,38.71719005465441,0.08066081261386335,3.5333198810762747,0.007361083085575573,1.7770123539895377,10,480,0.9359773012679106,480,91,157,309,439,0.18958333333333333,0.32708333333333334,0.64375,0.9145833333333333,5,timm:efficientnet_b0.ra_in1k_random
blocks.4.0.conv_dw,conv,74,480,480,True,480.0,0,14.0,14.0,5120,0.002570780921082927,9.99765872410918,0.020828455675227456,40.827742090829844,0.08505779602256218,3.5552208358250748,0.007406710074635572,1.689037948166205,10,480,0.9421548137288592,480,98,169,326,447,0.20416666666666666,0.35208333333333336,0.6791666666666667,0.93125,10,timm:efficientnet_b0.ra_in1k_random
blocks.4.0.conv_dw,conv,74,480,480,True,480.0,0,14.0,14.0,12288,0.0024430423478408905,10.609457905200927,0.02210303730250193,44.21076665793337,0.09210576387069452,3.66668645370567,0.007638930111886812,1.6359695052962377,10,480,0.9452380908451842,480,106,180,338,452,0.22083333333333333,0.375,0.7041666666666667,0.9416666666666667,25,timm:efficientnet_b0.ra_in1k_random
blocks.4.0.conv_dw,conv,74,480,480,True,480.0,0,14.0,14.0,24064,0.002355454903892975,10.965909103419655,0.022845643965457615,45.54029620090529,0.09487561708521935,3.7462515448456655,0.00780469071842847,1.6161810201065616,10,480,0.9468426641374489,480,109,184,342,453,0.22708333333333333,0.38333333333333336,0.7125,0.94375,50,timm:efficientnet_b0.ra_in1k_random
blocks.4.0.conv_dw,conv,74,480,480,True,480.0,0,14.0,14.0,48128,0.002342838314340365,10.963058457598818,0.022839705119997538,45.85227125142684,0.09552556510713925,3.7330726015282067,0.007777234586517097,1.6109292458720648,10,480,0.948313508936803,480,109,185,344,454,0.22708333333333333,0.3854166666666667,0.7166666666666667,0.9458333333333333,100,timm:efficientnet_b0.ra_in1k_random
blocks.4.0.bn2.act,act,75,480,1,False,,0,14.0,14.0,512,0.0005902087781037232,10.47441904514481,0.021821706344051686,37.143441366775534,0.0773821695141157,3.653065855048599,0.007610553864684581,2.9374527944500826,10,480,0.7520605894393613,480,71,115,220,338,0.14791666666666667,0.23958333333333334,0.4583333333333333,0.7041666666666667,1,timm:efficientnet_b0.ra_in1k_random
blocks.4.0.bn2.act,act,75,480,1,False,,0,14.0,14.0,1024,0.0006375266184799876,11.414778830631558,0.023780789230482414,42.4867156752509,0.08851399099010604,3.8805758507824293,0.008084533022463394,2.0541464177650037,10,480,0.906022616790118,480,87,144,278,413,0.18125,0.3,0.5791666666666667,0.8604166666666667,2,timm:efficientnet_b0.ra_in1k_random
blocks.4.0.bn2.act,act,75,480,1,False,,0,14.0,14.0,2560,0.0006456110362286109,10.107595582388155,0.02105749079664199,40.049419044851696,0.08343628967677437,3.614005580760131,0.007529178293250272,1.7732881037035726,10,480,0.9351684375682279,480,93,160,312,440,0.19375,0.3333333333333333,0.65,0.9166666666666666,5,timm:efficientnet_b0.ra_in1k_random
blocks.4.0.bn2.act,act,75,480,1,False,,0,14.0,14.0,5120,0.0006327475565749847,10.18557039315623,0.02121993831907548,41.36264870274124,0.08617218479737758,3.609238027111575,0.007519245889815782,1.6883877874431823,10,480,0.9420001365620199,480,99,170,326,447,0.20625,0.3541666666666667,0.6791666666666667,0.93125,10,timm:efficientnet_b0.ra_in1k_random
blocks.4.0.bn2.act,act,75,480,1,False,,0,14.0,14.0,12288,0.0006020645362972833,10.660003771893962,0.022208341191445755,44.20887359300455,0.09210181998542614,3.6852340575789957,0.007677570953289575,1.635329069609793,10,480,0.9455650448826176,480,106,180,338,452,0.22083333333333333,0.375,0.7041666666666667,0.9416666666666667,25,timm:efficientnet_b0.ra_in1k_random
blocks.4.0.bn2.act,act,75,480,1,False,,0,14.0,14.0,24064,0.0005847293142851402,10.916436143297085,0.022742575298535593,45.50457937732283,0.09480120703608923,3.7342964082500907,0.007779784183854356,1.6147883582747515,10,480,0.9468700869533385,480,109,184,342,453,0.22708333333333333,0.38333333333333336,0.7125,0.94375,50,timm:efficientnet_b0.ra_in1k_random
blocks.4.0.bn2.act,act,75,480,1,False,,0,14.0,14.0,48128,0.0005844777407914869,10.803543241047844,0.02250738175218301,45.43155758818881,0.09464907830872668,3.697404888786526,0.007702926851638595,1.6092959317274966,10,480,0.9480570800154903,480,109,185,343,454,0.22708333333333333,0.3854166666666667,0.7145833333333333,0.9458333333333333,100,timm:efficientnet_b0.ra_in1k_random
blocks.4.0.se.conv_reduce,conv_gap,76,20,1,False,20.0,0,1.0,1.0,32,0.0002514149526823237,1.5390309549370262,0.07695154774685131,2.060287752904332,0.1030143876452166,1.2597207048031185,0.06298603524015592,5.720597386637762,10,20,0.9510210089847349,20,2,3,5,11,0.1,0.15,0.25,0.55,1,timm:efficientnet_b0.ra_in1k_random
blocks.4.0.se.conv_reduce,conv_gap,76,20,1,False,20.0,0,1.0,1.0,64,0.0002309556516539904,1.6924072704192934,0.08462036352096466,2.2879479521037482,0.11439739760518741,1.3361362960613665,0.06680681480306833,3.5419153001682075,10,20,0.9267304497322442,20,2,3,6,14,0.1,0.15,0.3,0.7,2,timm:efficientnet_b0.ra_in1k_random
blocks.4.0.se.conv_reduce,conv_gap,76,20,1,False,20.0,0,1.0,1.0,128,0.00023237677388831946,1.6603698568154404,0.08301849284077202,2.2620107555180207,0.11310053777590104,1.3194590729692193,0.06597295364846097,3.179143556860251,10,20,0.9650046884943441,20,2,3,6,15,0.1,0.15,0.3,0.75,5,timm:efficientnet_b0.ra_in1k_random
blocks.4.0.se.conv_reduce,conv_gap,76,20,1,False,20.0,0,1.0,1.0,224,0.00021420736491915566,1.6263929897644507,0.08131964948822254,2.2154031940547347,0.11077015970273674,1.303596128025911,0.06517980640129555,3.034852987864432,10,20,0.9491800760379614,20,2,3,6,15,0.1,0.15,0.3,0.75,10,timm:efficientnet_b0.ra_in1k_random
blocks.4.0.se.conv_reduce,conv_gap,76,20,1,False,20.0,0,1.0,1.0,512,0.00020015952708148774,1.7321084396821156,0.08660542198410578,2.363970850099677,0.11819854250498385,1.3565013814124365,0.06782506907062183,2.8943532673600934,10,20,0.963979002186077,20,2,3,7,15,0.1,0.15,0.35,0.75,25,timm:efficientnet_b0.ra_in1k_random
blocks.4.0.se.conv_reduce,conv_gap,76,20,1,False,20.0,0,1.0,1.0,1024,0.00018943828787160684,1.7577998419506211,0.08788999209753105,2.400280759530317,0.12001403797651584,1.369249985655381,0.06846249928276905,2.89778938173013,10,20,0.9697337893045695,20,2,3,7,15,0.1,0.15,0.35,0.75,50,timm:efficientnet_b0.ra_in1k_random
blocks.4.0.se.conv_reduce,conv_gap,76,20,1,False,20.0,0,1.0,1.0,2016,0.00017319756002932095,1.8150318988738878,0.09075159494369439,2.4854189409622074,0.12427094704811037,1.398268706835056,0.0699134353417528,2.971215046646053,10,20,0.9727348079103286,20,2,3,7,16,0.1,0.15,0.35,0.8,100,timm:efficientnet_b0.ra_in1k_random
blocks.4.0.se.conv_reduce,conv_gap,76,20,1,False,20.0,0,1.0,1.0,5024,0.0001814129834437923,1.7940465290977314,0.08970232645488657,2.4611852633230176,0.12305926316615087,1.3860178944867019,0.0693008947243351,2.9776304545342773,10,20,0.9723380328615202,20,3,3,7,16,0.15,0.15,0.35,0.8,250,timm:efficientnet_b0.ra_in1k_random
blocks.4.0.se.act1,act,77,20,1,False,,0,1.0,1.0,32,6.266630322399225e-05,1.5402255991039264,0.07701127995519633,2.0617849703216353,0.10308924851608177,1.2602974251273056,0.06301487125636528,5.757354087000399,10,20,0.9468761504638885,20,2,3,5,11,0.1,0.15,0.25,0.55,1,timm:efficientnet_b0.ra_in1k_random
blocks.4.0.se.act1,act,77,20,1,False,,0,1.0,1.0,64,5.755383842421084e-05,1.6944268499855015,0.08472134249927507,2.290093313983823,0.11450466569919115,1.3371815680765853,0.06685907840382926,3.5395582561870698,10,20,0.9283844911689416,20,2,3,6,14,0.1,0.15,0.3,0.7,2,timm:efficientnet_b0.ra_in1k_random
blocks.4.0.se.act1,act,77,20,1,False,,0,1.0,1.0,128,5.790687890991275e-05,1.6619615319992878,0.08309807659996439,2.2637722382884435,0.11318861191442217,1.3202801631378822,0.06601400815689411,3.1894922597166153,10,20,0.967061628068762,20,2,3,6,15,0.1,0.15,0.3,0.75,5,timm:efficientnet_b0.ra_in1k_random
blocks.4.0.se.act1,act,77,20,1,False,,0,1.0,1.0,224,5.33602452527366e-05,1.6282174008597416,0.08141087004298708,2.2173991275624774,0.11086995637812387,1.3045414735551049,0.06522707367775524,3.035578468857577,10,20,0.9483523033062391,20,2,3,6,15,0.1,0.15,0.3,0.75,10,timm:efficientnet_b0.ra_in1k_random
blocks.4.0.se.act1,act,77,20,1,False,,0,1.0,1.0,512,4.987526315613325e-05,1.7337801578940737,0.08668900789470368,2.3656861562749825,0.11828430781374913,1.3574133093949843,0.06787066546974921,2.900905044725503,10,20,0.9645378029199886,20,2,3,7,15,0.1,0.15,0.35,0.75,25,timm:efficientnet_b0.ra_in1k_random
blocks.4.0.se.act1,act,77,20,1,False,,0,1.0,1.0,1024,4.721454862661403e-05,1.7592863175766484,0.08796431587883242,2.401609749435604,0.1200804874717802,1.3700797146645969,0.06850398573322984,2.9030906046518203,10,20,0.9690701339219261,20,2,3,7,15,0.1,0.15,0.35,0.75,50,timm:efficientnet_b0.ra_in1k_random
blocks.4.0.se.act1,act,77,20,1,False,,0,1.0,1.0,2016,4.3175880572013844e-05,1.8165342155890687,0.09082671077945344,2.4867790619331163,0.12433895309665581,1.3991259247070735,0.06995629623535368,2.975609086483544,10,20,0.9711878807575787,20,2,3,7,16,0.1,0.15,0.35,0.8,100,timm:efficientnet_b0.ra_in1k_random
blocks.4.0.se.act1,act,77,20,1,False,,0,1.0,1.0,5024,4.522421323737168e-05,1.7954654978439781,0.08977327489219891,2.462477876232774,0.12312389381163871,1.3868087537633107,0.06934043768816553,2.9824741518264024,10,20,0.9717578659606998,20,3,3,7,16,0.15,0.15,0.35,0.8,250,timm:efficientnet_b0.ra_in1k_random
blocks.4.0.se.conv_expand,conv_gap,78,480,1,False,20.0,0,1.0,1.0,480,9.264513310455715e-05,1.7288424370176245,0.003601755077120051,2.372972354781524,0.004943692405794842,1.3544206242822312,0.002821709633921315,3.7002339371798407,10,480,0.6982908669219621,250,2,3,7,15,0.004166666666666667,0.00625,0.014583333333333334,0.03125,1,timm:efficientnet_b0.ra_in1k_random
blocks.4.0.se.conv_expand,conv_gap,78,480,1,False,20.0,0,1.0,1.0,960,8.6435806271566e-05,1.7794626235432034,0.0037072137990483405,2.4453391594645955,0.005094456582217907,1.3795533069580117,0.002874069389495858,3.7574424093255745,10,480,0.6890246277334096,250,2,3,7,16,0.004166666666666667,0.00625,0.014583333333333334,0.03333333333333333,2,timm:efficientnet_b0.ra_in1k_random
blocks.4.0.se.conv_expand,conv_gap,78,480,1,False,20.0,0,1.0,1.0,2400,7.891219079245209e-05,1.8527513708667067,0.003859898689305639,2.5511343807472047,0.005314863293223343,1.4169994109647637,0.002952082106176591,3.8263088316084444,10,480,0.6763956801930484,249,3,3,8,16,0.00625,0.00625,0.016666666666666666,0.03333333333333333,5,timm:efficientnet_b0.ra_in1k_random
blocks.4.0.se.conv_expand,conv_gap,78,480,1,False,20.0,0,1.0,1.0,4800,8.212373787133918e-05,1.8416884139658745,0.003836850862428905,2.5337785890395885,0.005278705393832476,1.4105260460250162,0.0029385959292187835,3.860391427480631,10,480,0.6712251258520625,250,3,3,7,16,0.00625,0.00625,0.014583333333333334,0.03333333333333333,10,timm:efficientnet_b0.ra_in1k_random
blocks.4.0.conv_pwl,conv,79,112,1,False,112.0,0,14.0,14.0,512,0.0003013440952071312,9.847813758919244,0.08792690856177897,25.00444104692972,0.22325393791901535,3.697551153551652,0.033013849585282605,1.8222420579055731,10,112,0.9398506873790132,112,38,55,88,108,0.3392857142857143,0.49107142857142855,0.7857142857142857,0.9642857142857143,1,timm:efficientnet_b0.ra_in1k_random
blocks.4.0.conv_pwl,conv,79,112,1,False,112.0,0,14.0,14.0,512,0.0003013440952071312,9.847813758919244,0.08792690856177897,25.00444104692972,0.22325393791901535,3.697551153551652,0.033013849585282605,1.8222420579055731,10,112,0.9398506873790132,112,38,55,88,108,0.3392857142857143,0.49107142857142855,0.7857142857142857,0.9642857142857143,2,timm:efficientnet_b0.ra_in1k_random
blocks.4.0.conv_pwl,conv,79,112,1,False,112.0,0,14.0,14.0,1024,0.00033003910641311775,9.570639453476325,0.08545213797746719,25.71228415094489,0.22957396563343652,3.563359329406305,0.03181570829827058,1.644813712336131,10,112,0.9493152805074576,112,41,60,92,109,0.36607142857142855,0.5357142857142857,0.8214285714285714,0.9732142857142857,5,timm:efficientnet_b0.ra_in1k_random
blocks.4.0.conv_pwl,conv,79,112,1,False,112.0,0,14.0,14.0,1536,0.00034451458821130435,8.405873637021452,0.07505244318769154,23.799819753026995,0.21249839065202675,3.2505354319432005,0.029022637785207146,1.6015253886007366,10,112,0.9513209646431846,112,41,59,92,109,0.36607142857142855,0.5267857142857143,0.8214285714285714,0.9732142857142857,10,timm:efficientnet_b0.ra_in1k_random
blocks.4.0.conv_pwl,conv,79,112,1,False,112.0,0,14.0,14.0,3072,0.0003188574203089328,9.840264942005868,0.08785950841076669,26.85788252521951,0.23980252254660275,3.6059517089582043,0.03219599740141254,1.5516443672351854,10,112,0.953055592713709,112,44,63,94,110,0.39285714285714285,0.5625,0.8392857142857143,0.9821428571428571,25,timm:efficientnet_b0.ra_in1k_random
blocks.4.0.conv_pwl,conv,79,112,1,False,112.0,0,14.0,14.0,5632,0.0002982304675201485,10.398763315788573,0.09284610103382654,28.082293436730616,0.25073476282795193,3.7480192506160472,0.03346445759478613,1.5177744249929048,10,112,0.9543173008217075,112,45,64,95,110,0.4017857142857143,0.5714285714285714,0.8482142857142857,0.9821428571428571,50,timm:efficientnet_b0.ra_in1k_random
blocks.4.0.conv_pwl,conv,79,112,1,False,112.0,0,14.0,14.0,11264,0.0002905397172223504,10.681258701439832,0.09536838126285564,28.999862313903755,0.2589273420884264,3.7965223703663127,0.03389752116398494,1.4954551148449062,10,112,0.953777793316266,112,46,66,96,110,0.4107142857142857,0.5892857142857143,0.8571428571428571,0.9821428571428571,100,timm:efficientnet_b0.ra_in1k_random
blocks.4.0.conv_pwl,conv,79,112,1,False,112.0,0,14.0,14.0,28160,0.00028330625859990135,11.380550816565492,0.10161206086219189,30.241993314016984,0.2700177974465802,3.984418483819658,0.035575165034104086,1.4882034106310547,10,112,0.954649876394,112,47,67,97,110,0.41964285714285715,0.5982142857142857,0.8660714285714286,0.9821428571428571,250,timm:efficientnet_b0.ra_in1k_random
blocks.4.0,block,80,112,1,False,,0,14.0,14.0,512,0.00028675291486769737,9.909646809647432,0.08847898937185207,26.31232476810818,0.23493147114382304,3.6006355899780518,0.032148532053375464,1.828060560185123,10,112,0.9445102772584268,112,39,57,89,108,0.3482142857142857,0.5089285714285714,0.7946428571428571,0.9642857142857143,1,timm:efficientnet_b0.ra_in1k_random
blocks.4.0,block,80,112,1,False,,0,14.0,14.0,512,0.00028675291486769737,9.909646809647432,0.08847898937185207,26.31232476810818,0.23493147114382304,3.6006355899780518,0.032148532053375464,1.828060560185123,10,112,0.9445102772584268,112,39,57,89,108,0.3482142857142857,0.5089285714285714,0.7946428571428571,0.9642857142857143,2,timm:efficientnet_b0.ra_in1k_random
blocks.4.0,block,80,112,1,False,,0,14.0,14.0,1024,0.0003123155441309048,10.443418352317765,0.0932448067171229,27.652689115466675,0.24689900995952388,3.7522222602638693,0.03350198446664169,1.660592446188691,10,112,0.9514642669829287,112,42,61,93,109,0.375,0.5446428571428571,0.8303571428571429,0.9732142857142857,5,timm:efficientnet_b0.ra_in1k_random
blocks.4.0,block,80,112,1,False,,0,14.0,14.0,1536,0.00032993572261073856,8.715213675327098,0.07781440781542051,24.392305751047072,0.21778844420577742,3.3487293122922557,0.029899368859752282,1.6134640823673623,10,112,0.9518279614938174,112,41,60,92,109,0.36607142857142855,0.5357142857142857,0.8214285714285714,0.9732142857142857,10,timm:efficientnet_b0.ra_in1k_random
blocks.4.0,block,80,112,1,False,,0,14.0,14.0,3072,0.0003159552038267725,9.786609611280024,0.08738044295785737,26.676546720560093,0.23818345286214368,3.6120839238860687,0.032250749320411325,1.55583360775702,10,112,0.9563396312770789,112,43,63,94,110,0.38392857142857145,0.5625,0.8392857142857143,0.9821428571428571,25,timm:efficientnet_b0.ra_in1k_random
blocks.4.0,block,80,112,1,False,,0,14.0,14.0,5632,0.00030048431271553614,10.064058926006814,0.0898576689822037,27.551155048743624,0.2459924557923538,3.658021813421834,0.03266090904840923,1.5244981073267108,10,112,0.9555521168875252,112,45,64,95,110,0.4017857142857143,0.5714285714285714,0.8482142857142857,0.9821428571428571,50,timm:efficientnet_b0.ra_in1k_random
blocks.4.0,block,80,112,1,False,,0,14.0,14.0,11264,0.000294093294250582,10.61088417657702,0.09474003729086625,28.86708317472462,0.25774181406004126,3.7814440374460827,0.03376289319148288,1.5023725814611777,10,112,0.953707005061878,112,46,65,96,110,0.4107142857142857,0.5803571428571429,0.8571428571428571,0.9821428571428571,100,timm:efficientnet_b0.ra_in1k_random
blocks.4.0,block,80,112,1,False,,0,14.0,14.0,28160,0.0002801335237348427,11.602427063850747,0.10359309878438168,30.615604997004713,0.27335361604468494,4.037555868529868,0.03604960596901668,1.4898278591298575,10,112,0.9536809458378489,112,47,67,97,110,0.41964285714285715,0.5982142857142857,0.8660714285714286,0.9821428571428571,250,timm:efficientnet_b0.ra_in1k_random
blocks.4.1.conv_pw,conv,81,672,1,False,112.0,0,14.0,14.0,1024,0.0006179551140897109,11.197716778746212,0.016663269015991387,27.724172547579556,0.04125620914818386,3.9762358170529,0.005917017584900148,7.33421590728597,10,672,0.8318940317491113,389,40,57,89,108,0.05952380952380952,0.08482142857142858,0.1324404761904762,0.16071428571428573,1,timm:efficientnet_b0.ra_in1k_random
blocks.4.1.conv_pw,conv,81,672,1,False,112.0,0,14.0,14.0,1536,0.0006677840248980261,9.29592530345753,0.013833222177764181,24.816199492316056,0.036928868292136985,3.483276386520601,0.0051834470037508944,7.357233206905239,10,672,0.8342762238564978,389,38,56,89,108,0.05654761904761905,0.08333333333333333,0.1324404761904762,0.16071428571428573,2,timm:efficientnet_b0.ra_in1k_random
blocks.4.1.conv_pw,conv,81,672,1,False,112.0,0,14.0,14.0,3584,0.0006114703270194216,10.605831989339324,0.015782488079373994,27.378744225540903,0.040742178907054914,3.8231570939647317,0.005689221866018946,7.596092134755356,10,672,0.826856063443308,389,41,59,91,109,0.06101190476190476,0.08779761904761904,0.13541666666666666,0.16220238095238096,5,timm:efficientnet_b0.ra_in1k_random
blocks.4.1.conv_pw,conv,81,672,1,False,112.0,0,14.0,14.0,7168,0.0005938420764484337,10.381667333280022,0.015448909722142891,27.547417977019798,0.040993181513422315,3.734900552425135,0.005557887726823117,7.768705391364414,10,672,0.8227109154601713,389,42,61,92,109,0.0625,0.09077380952380952,0.13690476190476192,0.16220238095238096,10,timm:efficientnet_b0.ra_in1k_random
blocks.4.1.conv_pw,conv,81,672,1,False,112.0,0,14.0,14.0,16896,0.0005789096646235245,10.704057710794123,0.015928657307729348,28.30640497372887,0.0421226264490013,3.8041412767619693,0.005660924518991026,8.006420567018116,10,672,0.8189389637590518,385,43,61,93,109,0.06398809523809523,0.09077380952380952,0.13839285714285715,0.16220238095238096,25,timm:efficientnet_b0.ra_in1k_random
blocks.4.1.conv_pw,conv,81,672,1,False,112.0,0,14.0,14.0,33792,0.000568126328055517,11.316362414104933,0.016839825020989484,29.394422675727668,0.04374170041030903,3.9634674740956832,0.005898017074547147,8.181852981675851,10,672,0.8153396029298058,385,44,62,93,109,0.06547619047619048,0.09226190476190477,0.13839285714285715,0.16220238095238096,50,timm:efficientnet_b0.ra_in1k_random
blocks.4.1.conv_pw,conv,81,672,1,False,112.0,0,14.0,14.0,67584,0.0005767520526015204,11.005855808256607,0.016377761619429474,28.838449129765316,0.04291435882405553,3.888107149054954,0.005785873733712729,8.387877735302744,10,672,0.8136956451398416,383,44,62,93,109,0.06547619047619048,0.09226190476190477,0.13839285714285715,0.16220238095238096,100,timm:efficientnet_b0.ra_in1k_random
blocks.4.1.bn1.act,act,82,672,1,False,,0,14.0,14.0,1024,0.00015771550845823572,10.42433669503106,0.015512405796177173,26.668701043767744,0.03968556702941629,3.823549473458824,0.005689805764075631,6.908763585380788,10,672,0.8433240147205991,431,40,57,89,109,0.05952380952380952,0.08482142857142858,0.1324404761904762,0.16220238095238096,1,timm:efficientnet_b0.ra_in1k_random
blocks.4.1.bn1.act,act,82,672,1,False,,0,14.0,14.0,1536,0.00016993259180060125,9.204015856006727,0.013696452166676677,24.533312607536768,0.036507905665977336,3.507122372826784,0.00521893210242081,6.869051513615912,10,672,0.8436838241240903,439,39,56,89,109,0.05803571428571429,0.08333333333333333,0.1324404761904762,0.16220238095238096,2,timm:efficientnet_b0.ra_in1k_random
blocks.4.1.bn1.act,act,82,672,1,False,,0,14.0,14.0,3584,0.00015445585648214097,10.418523636026823,0.0155037554107542,27.046720778672736,0.04024809639683443,3.782629260105362,0.005628912589442503,6.845816373167473,10,672,0.8421800872602561,470,41,59,91,109,0.06101190476190476,0.08779761904761904,0.13541666666666666,0.16220238095238096,5,timm:efficientnet_b0.ra_in1k_random
blocks.4.1.bn1.act,act,82,672,1,False,,0,14.0,14.0,7168,0.00014647139997195244,10.739009615761544,0.015980669071073726,28.021813171158662,0.04169912674279563,3.840008542209562,0.005714298425907086,6.762838661761235,10,672,0.8392194785549418,497,43,61,93,109,0.06398809523809523,0.09077380952380952,0.13839285714285715,0.16220238095238096,10,timm:efficientnet_b0.ra_in1k_random
blocks.4.1.bn1.act,act,82,672,1,False,,0,14.0,14.0,16896,0.00014385462578036693,10.588043316726683,0.015756016840367086,28.10463756422261,0.04182237732771222,3.7761622748771337,0.005619289099519544,6.665583014408835,10,672,0.8371056479622628,531,43,61,93,109,0.06398809523809523,0.09077380952380952,0.13839285714285715,0.16220238095238096,25,timm:efficientnet_b0.ra_in1k_random
blocks.4.1.bn1.act,act,82,672,1,False,,0,14.0,14.0,33792,0.00014082685014122587,11.257383481087754,0.01675205875161868,29.306568393699056,0.04361096487157597,3.9514815791096654,0.005880180921294145,6.506535044830668,10,672,0.8356000286783763,570,44,62,93,109,0.06547619047619048,0.09226190476190477,0.13839285714285715,0.16220238095238096,50,timm:efficientnet_b0.ra_in1k_random
blocks.4.1.bn1.act,act,82,672,1,False,,0,14.0,14.0,67584,0.00014392003911925814,11.02334936210584,0.01640379369360988,28.854479402861532,0.04293821339711538,3.896440912051767,0.005798275166743701,6.383728729459636,10,672,0.8343951617490704,599,44,62,93,109,0.06547619047619048,0.09226190476190477,0.13839285714285715,0.16220238095238096,100,timm:efficientnet_b0.ra_in1k_random
blocks.4.1.conv_dw,conv,83,672,672,True,672.0,0,14.0,14.0,1024,0.0002869978831284999,15.776577868217174,0.0234770503991327,63.8077391598614,0.0949519927974128,4.542504133140256,0.0067596787695539525,2.179605682431258,10,672,0.8735046284168135,672,125,199,370,553,0.18601190476190477,0.2961309523809524,0.5505952380952381,0.8229166666666666,1,timm:efficientnet_b0.ra_in1k_random
blocks.4.1.conv_dw,conv,83,672,672,True,672.0,0,14.0,14.0,1536,0.00029600863010760883,14.396946251159997,0.02142402715946428,61.443004197087326,0.09143304195995137,4.315078876950203,0.0064212483287949445,1.9384111966687396,10,672,0.9074588250814597,672,131,214,404,591,0.1949404761904762,0.31845238095238093,0.6011904761904762,0.8794642857142857,2,timm:efficientnet_b0.ra_in1k_random
blocks.4.1.conv_dw,conv,83,672,672,True,672.0,0,14.0,14.0,3584,0.0002742694038150254,16.14930234353364,0.02403169991597268,70.64559044874339,0.10512736673920148,4.626298673664383,0.006884373026286285,1.7028469010774598,10,672,0.9314871441306232,672,154,250,460,625,0.22916666666666666,0.37202380952380953,0.6845238095238095,0.9300595238095238,5,timm:efficientnet_b0.ra_in1k_random
blocks.4.1.conv_dw,conv,83,672,672,True,672.0,0,14.0,14.0,7168,0.0002651178937297919,16.223636997884036,0.02414231696113696,73.71990486667357,0.10970223938493091,4.6182274222324144,0.006872362235464903,1.610596381969753,10,672,0.9381477164884722,672,166,269,483,635,0.24702380952380953,0.40029761904761907,0.71875,0.9449404761904762,10,timm:efficientnet_b0.ra_in1k_random
blocks.4.1.conv_dw,conv,83,672,672,True,672.0,0,14.0,14.0,16896,0.00026022192904554735,16.691421237916373,0.024838424461185078,76.68701661014282,0.11411758424128396,4.690889987637752,0.006980491053032369,1.5679583049124863,10,672,0.9417593696067423,672,174,280,494,639,0.25892857142857145,0.4166666666666667,0.7351190476190477,0.9508928571428571,25,timm:efficientnet_b0.ra_in1k_random
blocks.4.1.conv_dw,conv,83,672,672,True,672.0,0,14.0,14.0,33792,0.0002563496222220996,17.661147336678507,0.026281469251009684,80.23896719651844,0.11940322499481912,4.865334825750706,0.00724008158593855,1.5510530810579708,10,672,0.9433108647476748,672,179,286,500,641,0.2663690476190476,0.4255952380952381,0.7440476190476191,0.9538690476190477,50,timm:efficientnet_b0.ra_in1k_random
blocks.4.1.conv_dw,conv,83,672,672,True,672.0,0,14.0,14.0,67584,0.00026030989192995515,17.38730891322247,0.025873971597057246,79.24543931780238,0.11792476088958688,4.821419719637053,0.007174731725650376,1.5438296187583702,10,672,0.9445024012173164,672,179,287,501,641,0.2663690476190476,0.4270833333333333,0.7455357142857143,0.9538690476190477,100,timm:efficientnet_b0.ra_in1k_random
blocks.4.1.bn2.act,act,84,672,1,False,,0,14.0,14.0,1024,7.192293912962582e-05,17.167812603624064,0.02554734018396438,66.83204257977103,0.09945244431513546,4.86844858668427,0.007244715158756354,2.1781525761722613,10,672,0.8741301813821436,672,127,200,372,555,0.18898809523809523,0.2976190476190476,0.5535714285714286,0.8258928571428571,1,timm:efficientnet_b0.ra_in1k_random
blocks.4.1.bn2.act,act,84,672,1,False,,0,14.0,14.0,1536,7.475302634217065e-05,14.192355294117982,0.021119576330532713,60.87566666940182,0.09058878968660984,4.301735202819925,0.006401391670862984,1.9306640413443852,10,672,0.9068113893449136,672,132,214,405,592,0.19642857142857142,0.31845238095238093,0.6026785714285714,0.8809523809523809,2,timm:efficientnet_b0.ra_in1k_random
blocks.4.1.bn2.act,act,84,672,1,False,,0,14.0,14.0,3584,6.971611364101814e-05,15.906401097041448,0.02367023972774025,69.85968203646097,0.10395786017330501,4.6035348541719205,0.006850498294898691,1.696128227713462,10,672,0.9301775366655733,672,155,251,460,625,0.23065476190476192,0.37351190476190477,0.6845238095238095,0.9300595238095238,5,timm:efficientnet_b0.ra_in1k_random
blocks.4.1.bn2.act,act,84,672,1,False,,0,14.0,14.0,7168,6.652049073365065e-05,16.023921398071558,0.023845121128082673,72.55030590354104,0.10796176473741227,4.608937112940781,0.0068585373704475915,1.6075063516183923,10,672,0.937967782017132,672,166,269,482,635,0.24702380952380953,0.40029761904761907,0.7172619047619048,0.9449404761904762,10,timm:efficientnet_b0.ra_in1k_random
blocks.4.1.bn2.act,act,84,672,1,False,,0,14.0,14.0,16896,6.505868411078579e-05,16.60539205017699,0.024710404836572903,75.75685905020619,0.11273342120566397,4.694868229159471,0.006986411055296833,1.5667024412230124,10,672,0.9423604030568457,672,173,279,494,639,0.25744047619047616,0.41517857142857145,0.7351190476190477,0.9508928571428571,25,timm:efficientnet_b0.ra_in1k_random
blocks.4.1.bn2.act,act,84,672,1,False,,0,14.0,14.0,33792,6.408581243604535e-05,17.638820860035693,0.026248245327434066,80.19367698430004,0.11933582884568458,4.861681607281826,0.007234645248931288,1.5500791231452538,10,672,0.9434263703458908,672,179,287,501,641,0.2663690476190476,0.4270833333333333,0.7455357142857143,0.9538690476190477,50,timm:efficientnet_b0.ra_in1k_random
blocks.4.1.bn2.act,act,84,672,1,False,,0,14.0,14.0,67584,6.51040317284674e-05,17.167993077792442,0.025547608746714943,78.8893385837832,0.11739484908301072,4.773948597704873,0.007104090175156061,1.5429646970903437,10,672,0.94438680994245,672,179,287,502,641,0.2663690476190476,0.4270833333333333,0.7470238095238095,0.9538690476190477,100,timm:efficientnet_b0.ra_in1k_random
blocks.4.1.se.conv_reduce,conv_gap,85,28,1,False,28.0,0,1.0,1.0,32,2.2919507706143523e-05,1.429956615406422,0.05106987912165793,1.9532309280771367,0.06975824743132632,1.2073812137330682,0.04312075763332386,6.142217073351831,10,28,0.9133022255630459,28,2,3,6,14,0.07142857142857142,0.10714285714285714,0.21428571428571427,0.5,1,timm:efficientnet_b0.ra_in1k_random
blocks.4.1.se.conv_reduce,conv_gap,85,28,1,False,28.0,0,1.0,1.0,64,2.1491859466862962e-05,1.5426838091825934,0.055095850327949766,2.1546724112311257,0.07695258611539735,1.2623619243595279,0.04508435444141171,3.7414498755946335,10,28,0.9639489516410347,28,2,3,8,18,0.07142857142857142,0.10714285714285714,0.2857142857142857,0.6428571428571429,2,timm:efficientnet_b0.ra_in1k_random
blocks.4.1.se.conv_reduce,conv_gap,85,28,1,False,28.0,0,1.0,1.0,160,2.1718803080654163e-05,1.4922321140556496,0.05329400407341606,2.1002925472131158,0.07501044811475413,1.2371933781941857,0.04418547779264949,3.1228615879658346,10,28,0.9728293403226389,28,2,3,8,20,0.07142857142857142,0.10714285714285714,0.2857142857142857,0.7142857142857143,5,timm:efficientnet_b0.ra_in1k_random
blocks.4.1.se.conv_reduce,conv_gap,85,28,1,False,28.0,0,1.0,1.0,288,1.9751627677319213e-05,1.5290318873047168,0.054608281689454176,2.1743617502005104,0.07765577679287537,1.2545231169532882,0.044804397034046005,3.0774273590626082,10,28,0.9838997629224675,28,2,3,9,20,0.07142857142857142,0.10714285714285714,0.32142857142857145,0.7142857142857143,10,timm:efficientnet_b0.ra_in1k_random
blocks.4.1.se.conv_reduce,conv_gap,85,28,1,False,28.0,0,1.0,1.0,704,1.9393661819411654e-05,1.576078234666039,0.05628850838092996,2.2428706277159502,0.08010252241842679,1.2780186835598824,0.045643524412852944,2.9752085606516276,10,28,0.979886692741476,28,2,3,9,21,0.07142857142857142,0.10714285714285714,0.32142857142857145,0.75,25,timm:efficientnet_b0.ra_in1k_random
blocks.4.1.se.conv_reduce,conv_gap,85,28,1,False,28.0,0,1.0,1.0,1408,1.7598946719152078e-05,1.6215199091167536,0.05791142532559834,2.3242696055543446,0.08300962876979802,1.2997303650477385,0.046418941608847804,2.9184776965340036,10,28,0.9824845448985151,28,2,3,9,21,0.07142857142857142,0.10714285714285714,0.32142857142857145,0.75,50,timm:efficientnet_b0.ra_in1k_random
blocks.4.1.se.conv_reduce,conv_gap,85,28,1,False,28.0,0,1.0,1.0,2816,1.6940280441613556e-05,1.6509393808365689,0.058962120744163175,2.3807158470834437,0.08502556596726585,1.3131969664118843,0.0468998916575673,2.8632425197816462,10,28,0.9808483526197468,28,2,3,9,21,0.07142857142857142,0.10714285714285714,0.32142857142857145,0.75,100,timm:efficientnet_b0.ra_in1k_random
blocks.4.1.se.act1,act,86,28,1,False,,0,1.0,1.0,32,5.736716558651038e-06,1.4296372306281409,0.051058472522433604,1.952496169455614,0.06973200605198622,1.207234931165998,0.0431155332559285,6.12862157164749,10,28,0.9144094306916486,28,2,3,6,14,0.07142857142857142,0.10714285714285714,0.21428571428571427,0.5,1,timm:efficientnet_b0.ra_in1k_random
blocks.4.1.se.act1,act,86,28,1,False,,0,1.0,1.0,64,5.379020451897654e-06,1.5423102488701448,0.05508250888821946,2.1538819841645878,0.0769243565773067,1.2621870266755877,0.0450781080955567,3.74000832211825,10,28,0.9642338965126752,28,2,3,8,18,0.07142857142857142,0.10714285714285714,0.2857142857142857,0.6428571428571429,2,timm:efficientnet_b0.ra_in1k_random
blocks.4.1.se.act1,act,86,28,1,False,,0,1.0,1.0,160,5.4369818434168724e-06,1.491803620330898,0.0532787007261035,2.0993648110686904,0.07497731468102466,1.2369930694980376,0.0441783239106442,3.123068947472829,10,28,0.973033045560329,28,2,3,8,20,0.07142857142857142,0.10714285714285714,0.2857142857142857,0.7142857142857143,5,timm:efficientnet_b0.ra_in1k_random
blocks.4.1.se.act1,act,86,28,1,False,,0,1.0,1.0,288,4.94410251023852e-06,1.5286473195590125,0.05459454712710759,2.1735345884042307,0.0776262353001511,1.2543427014228639,0.04479795362224514,3.076927083469425,10,28,0.9838909813108517,28,2,3,9,20,0.07142857142857142,0.10714285714285714,0.32142857142857145,0.7142857142857143,10,timm:efficientnet_b0.ra_in1k_random
blocks.4.1.se.act1,act,86,28,1,False,,0,1.0,1.0,704,4.854379877523337e-06,1.5756709572924879,0.056273962760445995,2.2420389541936205,0.0800728197926293,1.2778250660546906,0.04563660950195324,2.9733925904343446,10,28,0.9798577726097055,28,2,3,9,21,0.07142857142857142,0.10714285714285714,0.32142857142857145,0.75,25,timm:efficientnet_b0.ra_in1k_random
blocks.4.1.se.act1,act,86,28,1,False,,0,1.0,1.0,1408,4.404845878592997e-06,1.6211250475276742,0.057897323125988366,2.323459353160796,0.08298069118431414,1.2995425213082594,0.04641223290386641,2.916190372534587,10,28,0.9823700960956919,28,2,3,9,21,0.07142857142857142,0.10714285714285714,0.32142857142857145,0.75,50,timm:efficientnet_b0.ra_in1k_random
blocks.4.1.se.act1,act,86,28,1,False,,0,1.0,1.0,2816,4.239864683057312e-06,1.650550472480509,0.058948231160018176,2.3799038952705427,0.08499656768823367,1.3130130599495453,0.04689332356962662,2.8610492023942498,10,28,0.9807264570573265,28,2,3,9,21,0.07142857142857142,0.10714285714285714,0.32142857142857145,0.75,100,timm:efficientnet_b0.ra_in1k_random
blocks.4.1.se.conv_expand,conv_gap,87,672,1,False,28.0,0,1.0,1.0,672,1.0256760301249575e-05,1.545894698461268,0.002300438539376887,2.183834437462959,0.003249753627177022,1.2636826997958788,0.0018804802080295815,3.9409070457621858,10,672,0.7457895670151716,348,2,3,9,20,0.002976190476190476,0.004464285714285714,0.013392857142857142,0.02976190476190476,1,timm:efficientnet_b0.ra_in1k_random
blocks.4.1.se.conv_expand,conv_gap,87,672,1,False,28.0,0,1.0,1.0,1344,9.19280276541791e-06,1.6033611676356652,0.002385954118505454,2.2866772682206102,0.0034027935538997176,1.2910677364573881,0.001921231750680637,4.000241758892842,10,672,0.7364582022261055,348,2,3,9,21,0.002976190476190476,0.004464285714285714,0.013392857142857142,0.03125,2,timm:efficientnet_b0.ra_in1k_random
blocks.4.1.se.conv_expand,conv_gap,87,672,1,False,28.0,0,1.0,1.0,3360,8.871214746468268e-06,1.6349016559358125,0.002432889368952102,2.341791325743178,0.0034848085204511577,1.3059661749365201,0.0019434020460364883,4.09631694491394,10,672,0.7241959316315398,344,2,3,9,21,0.002976190476190476,0.004464285714285714,0.013392857142857142,0.03125,5,timm:efficientnet_b0.ra_in1k_random
blocks.4.1.conv_pwl,conv,88,112,1,False,112.0,0,14.0,14.0,512,3.2167398708999165e-05,13.037323812393804,0.11640467689637325,33.161645563358185,0.29608612110141236,4.31136453532594,0.03849432620826732,1.6578973942581319,10,112,0.9414291229970119,112,46,64,94,110,0.4107142857142857,0.5714285714285714,0.8392857142857143,0.9821428571428571,1,timm:efficientnet_b0.ra_in1k_random
blocks.4.1.conv_pwl,conv,88,112,1,False,112.0,0,14.0,14.0,512,3.2167398708999165e-05,13.037323812393804,0.11640467689637325,33.161645563358185,0.29608612110141236,4.31136453532594,0.03849432620826732,1.6578973942581319,10,112,0.9414291229970119,112,46,64,94,110,0.4107142857142857,0.5714285714285714,0.8392857142857143,0.9821428571428571,2,timm:efficientnet_b0.ra_in1k_random
blocks.4.1.conv_pwl,conv,88,112,1,False,112.0,0,14.0,14.0,1024,3.7556695957349934e-05,13.625288595985623,0.12165436246415735,35.079821157432,0.31321268890564286,4.418935349808674,0.03945477990900602,1.4746229815986573,10,112,0.9507409381889477,112,51,70,98,111,0.45535714285714285,0.625,0.875,0.9910714285714286,5,timm:efficientnet_b0.ra_in1k_random
blocks.4.1.conv_pwl,conv,88,112,1,False,112.0,0,14.0,14.0,1536,3.831465576597932e-05,11.388278484710451,0.10168105789920046,32.03333861756484,0.2860119519425432,3.864509778756598,0.03450455159604105,1.423053229479067,10,112,0.9557821539074789,112,50,70,98,111,0.44642857142857145,0.625,0.875,0.9910714285714286,10,timm:efficientnet_b0.ra_in1k_random
blocks.4.1.conv_pwl,conv,88,112,1,False,112.0,0,14.0,14.0,3072,3.661383344637158e-05,12.123814089220144,0.10824834008232272,33.83181080673774,0.3020697393458727,4.01849696917559,0.035879437224782054,1.357969544984785,10,112,0.9589088029987987,112,53,72,100,111,0.4732142857142857,0.6428571428571429,0.8928571428571429,0.9910714285714286,25,timm:efficientnet_b0.ra_in1k_random
blocks.4.1.conv_pwl,conv,88,112,1,False,112.0,0,14.0,14.0,5632,3.466943585461904e-05,12.580849647512663,0.11232901470993449,34.96278704811304,0.3121677415010093,4.108106004128238,0.036679517894002124,1.323999534619124,10,112,0.9604186158477209,112,54,74,101,111,0.48214285714285715,0.6607142857142857,0.9017857142857143,0.9910714285714286,50,timm:efficientnet_b0.ra_in1k_random
blocks.4.1.conv_pwl,conv,88,112,1,False,112.0,0,14.0,14.0,11264,3.387308059110137e-05,13.325640648913723,0.11897893436530109,36.48693887061213,0.3257762399161797,4.276478882658564,0.03818284716659432,1.292883086645146,10,112,0.9576868221559877,112,56,75,101,111,0.5,0.6696428571428571,0.9017857142857143,0.9910714285714286,100,timm:efficientnet_b0.ra_in1k_random
blocks.4.1.conv_pwl,conv,88,112,1,False,112.0,0,14.0,14.0,28160,3.235984017980409e-05,14.340733347003185,0.12804226202681415,38.31829755667713,0.3421276567560458,4.492757948173894,0.04011391025155263,1.278058003353345,10,112,0.9576673946316799,112,57,76,102,111,0.5089285714285714,0.6785714285714286,0.9107142857142857,0.9910714285714286,250,timm:efficientnet_b0.ra_in1k_random
blocks.4.1,block,89,112,1,False,,0,14.0,14.0,512,0.00031552243047829444,10.677865978022101,0.09533808908948305,26.943299113982444,0.24056517066055755,3.9588413354710137,0.03534679763813405,1.7263447481473144,10,112,0.9463955054626585,112,41,59,91,109,0.36607142857142855,0.5267857142857143,0.8125,0.9732142857142857,1,timm:efficientnet_b0.ra_in1k_random
blocks.4.1,block,89,112,1,False,,0,14.0,14.0,512,0.00031552243047829444,10.677865978022101,0.09533808908948305,26.943299113982444,0.24056517066055755,3.9588413354710137,0.03534679763813405,1.7263447481473144,10,112,0.9463955054626585,112,41,59,91,109,0.36607142857142855,0.5267857142857143,0.8125,0.9732142857142857,2,timm:efficientnet_b0.ra_in1k_random
blocks.4.1,block,89,112,1,False,,0,14.0,14.0,1024,0.0003488451013784116,12.076928581338942,0.10782971947624055,30.116710642845636,0.26889920216826463,4.31562762798728,0.03853238953560072,1.5583124730474003,10,112,0.9573304612538891,112,45,64,95,110,0.4017857142857143,0.5714285714285714,0.8482142857142857,0.9821428571428571,5,timm:efficientnet_b0.ra_in1k_random
blocks.4.1,block,89,112,1,False,,0,14.0,14.0,1536,0.00035846706902607295,10.371851956065155,0.09260582103629603,27.720785661263964,0.24750701483271395,3.8056916978648685,0.03397939015950775,1.5081098895854692,10,112,0.9614667037634951,112,44,64,96,110,0.39285714285714285,0.5714285714285714,0.8571428571428571,0.9821428571428571,10,timm:efficientnet_b0.ra_in1k_random
blocks.4.1,block,89,112,1,False,,0,14.0,14.0,3072,0.0003503873816684917,10.902933221595902,0.0973476180499634,29.20497401567126,0.26075869656849343,3.884979787101464,0.03468731952769164,1.4518539101068066,10,112,0.9642259766819944,112,47,67,97,111,0.41964285714285715,0.5982142857142857,0.8660714285714286,0.9910714285714286,25,timm:efficientnet_b0.ra_in1k_random
blocks.4.1,block,89,112,1,False,,0,14.0,14.0,5632,0.000335086007236151,11.150414821711955,0.09955727519385674,29.79164048766562,0.26599679006844307,3.945935159067672,0.03523156392024707,1.4204379942596592,10,112,0.9655284768090929,112,48,68,98,111,0.42857142857142855,0.6071428571428571,0.875,0.9910714285714286,50,timm:efficientnet_b0.ra_in1k_random
blocks.4.1,block,89,112,1,False,,0,14.0,14.0,11264,0.0003291832938394268,11.39396112877393,0.10173179579262437,30.545009210173987,0.2727232965194106,3.9925600583370833,0.035647857663723956,1.3991900989898114,10,112,0.9648914240452864,112,49,69,99,111,0.4375,0.6160714285714286,0.8839285714285714,0.9910714285714286,100,timm:efficientnet_b0.ra_in1k_random
blocks.4.1,block,89,112,1,False,,0,14.0,14.0,28160,0.0003165941321214417,12.177649703199206,0.10872901520713577,31.92296106166782,0.2850264380506055,4.1976399246321225,0.037478927898501095,1.3875818294914382,10,112,0.9657105712943296,112,50,70,99,111,0.44642857142857145,0.625,0.8839285714285714,0.9910714285714286,250,timm:efficientnet_b0.ra_in1k_random
blocks.4.2.conv_pw,conv,90,672,1,False,112.0,0,14.0,14.0,1024,0.000726250557991061,11.934800579673347,0.017760119910228196,28.913266752975897,0.0430256945728808,4.2587071053243095,0.006337361763875461,7.3297714465385475,10,672,0.8295232925878037,391,41,59,92,109,0.06101190476190476,0.08779761904761904,0.13690476190476192,0.16220238095238096,1,timm:efficientnet_b0.ra_in1k_random
blocks.4.2.conv_pw,conv,90,672,1,False,112.0,0,14.0,14.0,1536,0.000758804957341056,10.04460839170806,0.014947333916232233,26.118274517505302,0.03886647993676384,3.723873088002062,0.005541477809526877,7.381101356310385,10,672,0.8303419370990716,390,40,59,92,109,0.05952380952380952,0.08779761904761904,0.13690476190476192,0.16220238095238096,2,timm:efficientnet_b0.ra_in1k_random
blocks.4.2.conv_pw,conv,90,672,1,False,112.0,0,14.0,14.0,3584,0.0006764225872841105,11.42874631993783,0.01700706297609796,28.763010529299677,0.042802099001934046,4.108722356815395,0.006114170173832433,7.6128826098082465,10,672,0.8225728044132065,389,43,62,94,110,0.06398809523809523,0.09226190476190477,0.13988095238095238,0.1636904761904762,5,timm:efficientnet_b0.ra_in1k_random
blocks.4.2.conv_pw,conv,90,672,1,False,112.0,0,14.0,14.0,7168,0.0006526217905860708,11.767572453004016,0.017511268531255977,29.531139736791978,0.043945148417845206,4.205722957636418,0.006258516306006575,7.791428524878747,10,672,0.8183081299026189,388,45,64,95,110,0.06696428571428571,0.09523809523809523,0.14136904761904762,0.1636904761904762,10,timm:efficientnet_b0.ra_in1k_random
blocks.4.2.conv_pw,conv,90,672,1,False,112.0,0,14.0,14.0,16896,0.0006412470287870969,12.343095182542898,0.01836770116449836,30.57559644005654,0.04549939946436985,4.3465515392221565,0.006468082647652019,8.024208841198032,10,672,0.8142295300929098,384,45,64,95,110,0.06696428571428571,0.09523809523809523,0.14136904761904762,0.1636904761904762,25,timm:efficientnet_b0.ra_in1k_random
blocks.4.2.conv_pw,conv,90,672,1,False,112.0,0,14.0,14.0,33792,0.0006307717862176785,12.849686662902105,0.019121557534080513,31.53385105535069,0.04692537359427186,4.478940747032247,0.006665090397369415,8.235551462269953,10,672,0.812773128125812,384,46,65,96,110,0.06845238095238096,0.09672619047619048,0.14285714285714285,0.1636904761904762,50,timm:efficientnet_b0.ra_in1k_random
blocks.4.2.conv_pw,conv,90,672,1,False,112.0,0,14.0,14.0,67584,0.0006433418800891381,12.539213393854263,0.01865954374085456,31.05799273780951,0.04621725109793082,4.395156593071653,0.006540411596832817,8.401801552191534,10,672,0.8095379176670383,380,46,65,96,110,0.06845238095238096,0.09672619047619048,0.14285714285714285,0.1636904761904762,100,timm:efficientnet_b0.ra_in1k_random
blocks.4.2.bn1.act,act,91,672,1,False,,0,14.0,14.0,1024,0.00017541704308496325,12.957089512647006,0.019281383203343758,29.892137042165086,0.04448234678893614,4.673604840294612,0.006954769107581267,6.885535990468604,10,672,0.8417145705577675,438,42,60,92,109,0.0625,0.08928571428571429,0.13690476190476192,0.16220238095238096,1,timm:efficientnet_b0.ra_in1k_random
blocks.4.2.bn1.act,act,91,672,1,False,,0,14.0,14.0,1536,0.00018442007562760398,10.646621292854435,0.015843186447700053,26.82766445988145,0.039922119731966445,3.96450510614611,0.005899561169860283,6.857584168650018,10,672,0.8430656171986775,446,41,59,92,109,0.06101190476190476,0.08779761904761904,0.13690476190476192,0.16220238095238096,2,timm:efficientnet_b0.ra_in1k_random
blocks.4.2.bn1.act,act,91,672,1,False,,0,14.0,14.0,3584,0.00017186556290171726,12.06048267114675,0.017947146832063617,29.365319904267235,0.043698392714683384,4.382786023837205,0.006522003011662508,6.779047354794833,10,672,0.8397967922668623,479,44,63,94,110,0.06547619047619048,0.09375,0.13988095238095238,0.1636904761904762,5,timm:efficientnet_b0.ra_in1k_random
blocks.4.2.bn1.act,act,91,672,1,False,,0,14.0,14.0,7168,0.00016414972437165653,12.069020021858798,0.017959851223004163,29.912931586161207,0.04451329105083513,4.321700689052571,0.00643110221585204,6.6958859904117,10,672,0.8380265792820585,509,45,64,95,110,0.06696428571428571,0.09523809523809523,0.14136904761904762,0.1636904761904762,10,timm:efficientnet_b0.ra_in1k_random
blocks.4.2.bn1.act,act,91,672,1,False,,0,14.0,14.0,16896,0.00016015308646691293,12.344344176499298,0.01836955978645729,30.513375606602036,0.04540680893839589,4.366907328943458,0.0064983740014039545,6.565399219813346,10,672,0.8368055121970541,548,45,64,95,110,0.06696428571428571,0.09523809523809523,0.14136904761904762,0.1636904761904762,25,timm:efficientnet_b0.ra_in1k_random
blocks.4.2.bn1.act,act,91,672,1,False,,0,14.0,14.0,33792,0.00015757254775534865,12.747523717392014,0.018969529341357164,31.35130676336062,0.04665373030261997,4.452593616429938,0.0066258833577826455,6.393309022358657,10,672,0.8342400476759316,588,46,65,96,110,0.06845238095238096,0.09672619047619048,0.14285714285714285,0.1636904761904762,50,timm:efficientnet_b0.ra_in1k_random
blocks.4.2.bn1.act,act,91,672,1,False,,0,14.0,14.0,67584,0.00016027696129703768,12.47695840879421,0.018566902394039003,30.958795660331653,0.04606963639930305,4.373309299893258,0.006507900743888777,6.275267973344488,10,672,0.8320623524952446,617,46,65,96,110,0.06845238095238096,0.09672619047619048,0.14285714285714285,0.1636904761904762,100,timm:efficientnet_b0.ra_in1k_random
blocks.4.2.conv_dw,conv,92,672,672,True,672.0,0,14.0,14.0,1024,0.0003246311530663435,21.28222033404169,0.03166997073518109,73.90951352780866,0.10998439513066764,5.811359293378156,0.008647856091336541,2.1424521343267315,10,672,0.875188377411863,672,132,208,381,561,0.19642857142857142,0.30952380952380953,0.5669642857142857,0.8348214285714286,1,timm:efficientnet_b0.ra_in1k_random
blocks.4.2.conv_dw,conv,92,672,672,True,672.0,0,14.0,14.0,1536,0.0003409153223815892,17.139441499175312,0.02550512127853469,66.4922350510757,0.09894677834981502,5.032950691618169,0.007489509957765133,1.9110617670385959,10,672,0.9070280694172579,672,136,220,412,595,0.20238095238095238,0.3273809523809524,0.6130952380952381,0.8854166666666666,2,timm:efficientnet_b0.ra_in1k_random
blocks.4.2.conv_dw,conv,92,672,672,True,672.0,0,14.0,14.0,3584,0.00030923267760675645,19.496609247498295,0.029012811380205797,77.07807174430891,0.11469951152426922,5.432035370072887,0.008083385967370368,1.6793539631773735,10,672,0.9304490114359747,672,161,259,467,628,0.23958333333333334,0.3854166666666667,0.6949404761904762,0.9345238095238095,5,timm:efficientnet_b0.ra_in1k_random
blocks.4.2.conv_dw,conv,92,672,672,True,672.0,0,14.0,14.0,7168,0.00030016730573159846,18.710937423067442,0.027843656879564645,78.30292978716452,0.11652221694518529,5.213170285749878,0.007757693877603985,1.593273477237143,10,672,0.9373076242699527,672,171,275,488,636,0.2544642857142857,0.40922619047619047,0.7261904761904762,0.9464285714285714,10,timm:efficientnet_b0.ra_in1k_random
blocks.4.2.conv_dw,conv,92,672,672,True,672.0,0,14.0,14.0,16896,0.00029212160885006764,19.617958353934235,0.02919339040764023,82.39010554584608,0.12260432372893762,5.353308013248877,0.007966232162572733,1.5512473783728802,10,672,0.9417912430646562,672,179,287,500,640,0.2663690476190476,0.4270833333333333,0.7440476190476191,0.9523809523809523,25,timm:efficientnet_b0.ra_in1k_random
blocks.4.2.conv_dw,conv,92,672,672,True,672.0,0,14.0,14.0,33792,0.0002898147431273969,20.4334225264206,0.030406878759554463,85.6702904312446,0.1274855512369711,5.487129422802268,0.008165371164884328,1.5336650926963609,10,672,0.9431266758446429,672,184,293,506,642,0.27380952380952384,0.43601190476190477,0.7529761904761905,0.9553571428571429,50,timm:efficientnet_b0.ra_in1k_random
blocks.4.2.conv_dw,conv,92,672,672,True,672.0,0,14.0,14.0,67584,0.00029496515044527696,20.077961485260808,0.029877918876876203,84.448258566024,0.1256670514375357,5.433097401235426,0.008084966370886052,1.526719934878356,10,672,0.9443470653526931,672,184,293,506,642,0.27380952380952384,0.43601190476190477,0.7529761904761905,0.9553571428571429,100,timm:efficientnet_b0.ra_in1k_random
blocks.4.2.bn2.act,act,93,672,1,False,,0,14.0,14.0,1024,8.290997105492098e-05,18.66210293885138,0.027770986516147886,68.47936346593116,0.10190381468144517,5.264157812089701,0.007833568172752532,2.152637784020313,10,672,0.8728602322780199,672,129,204,376,558,0.19196428571428573,0.30357142857142855,0.5595238095238095,0.8303571428571429,1,timm:efficientnet_b0.ra_in1k_random
blocks.4.2.bn2.act,act,93,672,1,False,,0,14.0,14.0,1536,8.632215337272666e-05,15.180847739354226,0.022590547231181885,62.0846325341287,0.09238784603292961,4.554793576133906,0.0067779666311516456,1.915839571934352,10,672,0.9051520204525618,672,133,217,408,593,0.19791666666666666,0.3229166666666667,0.6071428571428571,0.8824404761904762,2,timm:efficientnet_b0.ra_in1k_random
blocks.4.2.bn2.act,act,93,672,1,False,,0,14.0,14.0,3584,7.819815664530813e-05,18.20532869529518,0.02709126293942735,73.95342089999015,0.1100497334821282,5.140727144878638,0.00764989158464083,1.6766710631740769,10,672,0.9309807572846334,672,159,256,466,628,0.23660714285714285,0.38095238095238093,0.6934523809523809,0.9345238095238095,5,timm:efficientnet_b0.ra_in1k_random
blocks.4.2.bn2.act,act,93,672,1,False,,0,14.0,14.0,7168,7.519622215003412e-05,18.295855401712,0.027225975300166665,76.99813695973816,0.11458056095199132,5.137300882367085,0.007644792979712924,1.5916050995591702,10,672,0.9372590692590573,672,171,274,487,636,0.2544642857142857,0.40773809523809523,0.7247023809523809,0.9464285714285714,10,timm:efficientnet_b0.ra_in1k_random
blocks.4.2.bn2.act,act,93,672,1,False,,0,14.0,14.0,16896,7.416173158599159e-05,19.0613964882997,0.028365173345684076,80.54463736232087,0.11985809131297749,5.257523263517611,0.007823695332615493,1.5504724835287764,10,672,0.9419937731507638,672,178,285,499,640,0.2648809523809524,0.42410714285714285,0.7425595238095238,0.9523809523809523,25,timm:efficientnet_b0.ra_in1k_random
blocks.4.2.bn2.act,act,93,672,1,False,,0,14.0,14.0,33792,7.245331111733679e-05,20.5125994966674,0.030524701631945532,85.59393595049917,0.12737192849776663,5.523188673100719,0.008219030763542736,1.532721405167804,10,672,0.9432676669140206,672,184,293,506,642,0.27380952380952384,0.43601190476190477,0.7529761904761905,0.9553571428571429,50,timm:efficientnet_b0.ra_in1k_random
blocks.4.2.bn2.act,act,93,672,1,False,,0,14.0,14.0,67584,7.415463068596464e-05,19.97574934536078,0.029725817478215445,84.02847111918533,0.12504236773688293,5.42068649689738,0.008066497763240149,1.5271398813039252,10,672,0.9446046859757865,672,183,293,506,642,0.27232142857142855,0.43601190476190477,0.7529761904761905,0.9553571428571429,100,timm:efficientnet_b0.ra_in1k_random
blocks.4.2.se.conv_reduce,conv_gap,94,28,1,False,28.0,0,1.0,1.0,32,3.024344297016561e-05,1.3693566629963971,0.048905595107014185,1.8481832174948085,0.06600654348195745,1.1779793646365224,0.04207069159416151,5.470482598479723,10,28,0.9019316993145127,28,2,3,5,14,0.07142857142857142,0.10714285714285714,0.17857142857142858,0.5,1,timm:efficientnet_b0.ra_in1k_random
blocks.4.2.se.conv_reduce,conv_gap,94,28,1,False,28.0,0,1.0,1.0,64,2.854464036907344e-05,1.4356374934106573,0.05127276762180919,1.9913755991724746,0.07112055711330266,1.209647648454998,0.04320170173053565,3.8127943574974292,10,28,0.9630549445421656,28,2,3,7,18,0.07142857142857142,0.10714285714285714,0.25,0.6428571428571429,2,timm:efficientnet_b0.ra_in1k_random
blocks.4.2.se.conv_reduce,conv_gap,94,28,1,False,28.0,0,1.0,1.0,160,2.9235422341790806e-05,1.3697257721105722,0.04891877757537758,1.898977081725579,0.06782061006162783,1.177598348159836,0.042057083862851286,3.3251618866192967,10,28,0.9690071581262972,28,2,3,7,19,0.07142857142857142,0.10714285714285714,0.25,0.6785714285714286,5,timm:efficientnet_b0.ra_in1k_random
blocks.4.2.se.conv_reduce,conv_gap,94,28,1,False,28.0,0,1.0,1.0,288,2.6165637106413068e-05,1.400844450338465,0.050030158940659465,1.9685829589990405,0.07030653424996573,1.1920280888480517,0.04257243174457327,3.0002420570171724,10,28,0.9759610398436356,28,2,3,8,20,0.07142857142857142,0.10714285714285714,0.2857142857142857,0.7142857142857143,10,timm:efficientnet_b0.ra_in1k_random
blocks.4.2.se.conv_reduce,conv_gap,94,28,1,False,28.0,0,1.0,1.0,704,2.566983723540296e-05,1.4279523986333287,0.05099829995119031,2.015651305907798,0.0719875466395642,1.2050592322292446,0.04303782972247302,2.888790721320133,10,28,0.9758344887439785,28,2,3,8,20,0.07142857142857142,0.10714285714285714,0.2857142857142857,0.7142857142857143,25,timm:efficientnet_b0.ra_in1k_random
blocks.4.2.se.conv_reduce,conv_gap,94,28,1,False,28.0,0,1.0,1.0,1408,2.3214395159774265e-05,1.4555618366420904,0.051984351308646086,2.0755918347860645,0.07412827981378801,1.217707775999266,0.043489563428545215,2.846349547552987,10,28,0.9784038097439521,28,2,3,8,20,0.07142857142857142,0.10714285714285714,0.2857142857142857,0.7142857142857143,50,timm:efficientnet_b0.ra_in1k_random
blocks.4.2.se.conv_reduce,conv_gap,94,28,1,False,28.0,0,1.0,1.0,2816,2.234707674780874e-05,1.4798666220483976,0.05285237935887134,2.130217565075548,0.07607919875269815,1.2286216071064024,0.043879343110942944,2.8176741964633054,10,28,0.9804681866264278,28,2,3,9,21,0.07142857142857142,0.10714285714285714,0.32142857142857145,0.75,100,timm:efficientnet_b0.ra_in1k_random
blocks.4.2.se.act1,act,95,28,1,False,,0,1.0,1.0,32,7.533364973897411e-06,1.370579253636648,0.04894925905845171,1.850625602402615,0.0660937715143791,1.1785498705798438,0.042091066806422994,5.469983178203529,10,28,0.9012350599599593,28,2,3,5,14,0.07142857142857142,0.10714285714285714,0.17857142857142858,0.5,1,timm:efficientnet_b0.ra_in1k_random
blocks.4.2.se.act1,act,95,28,1,False,,0,1.0,1.0,64,7.11011611357347e-06,1.4370933851027183,0.05132476375366851,1.9941744377652693,0.0712205156344739,1.2103311912851202,0.04322611397446858,3.811519504285805,10,28,0.9633424457190525,28,2,3,7,18,0.07142857142857142,0.10714285714285714,0.25,0.6428571428571429,2,timm:efficientnet_b0.ra_in1k_random
blocks.4.2.se.act1,act,95,28,1,False,,0,1.0,1.0,160,7.282051682766722e-06,1.3710151945498184,0.04896482837677923,1.9016811345889852,0.06791718337817805,1.1781981821249656,0.042078506504463056,3.3227092049279894,10,28,0.9687253523120445,28,2,3,7,19,0.07142857142857142,0.10714285714285714,0.25,0.6785714285714286,5,timm:efficientnet_b0.ra_in1k_random
blocks.4.2.se.act1,act,95,28,1,False,,0,1.0,1.0,288,6.518837710181385e-06,1.402123703667442,0.0500758465595515,1.9712117186627525,0.07040041852366972,1.1926222846821932,0.04259365302436404,2.9973800262440156,10,28,0.9757384509563249,28,2,3,8,20,0.07142857142857142,0.10714285714285714,0.2857142857142857,0.7142857142857143,10,timm:efficientnet_b0.ra_in1k_random
blocks.4.2.se.act1,act,95,28,1,False,,0,1.0,1.0,704,6.395748137811846e-06,1.429235233922525,0.051044115497233034,2.0182250431831754,0.07207946582797055,1.2056570173539294,0.043059179191211765,2.887308752374312,10,28,0.9756779432098053,28,2,3,8,20,0.07142857142857142,0.10714285714285714,0.2857142857142857,0.7142857142857143,25,timm:efficientnet_b0.ra_in1k_random
blocks.4.2.se.act1,act,95,28,1,False,,0,1.0,1.0,1408,5.7846265715285515e-06,1.4568855417889803,0.05203162649246358,2.0782294301935265,0.0742224796497688,1.2183225464155754,0.04351151951484198,2.844129527977512,10,28,0.978175400740784,28,2,3,8,21,0.07142857142857142,0.10714285714285714,0.2857142857142857,0.75,50,timm:efficientnet_b0.ra_in1k_random
blocks.4.2.se.act1,act,95,28,1,False,,0,1.0,1.0,2816,5.569337071170576e-06,1.4812026422102547,0.05290009436465195,2.1328775752870697,0.07617419911739534,1.2292385440452818,0.043901376573045776,2.8155257730950773,10,28,0.9802369139948575,28,2,3,9,21,0.07142857142857142,0.10714285714285714,0.32142857142857145,0.75,100,timm:efficientnet_b0.ra_in1k_random
blocks.4.2.se.conv_expand,conv_gap,96,672,1,False,28.0,0,1.0,1.0,672,1.290821006281173e-05,1.4116547167609583,0.0021006766618466644,1.9868888123999486,0.0029566797803570665,1.1973270342056779,0.0017817366580441636,4.000934196549706,10,672,0.7559006138811771,348,2,3,8,20,0.002976190476190476,0.004464285714285714,0.011904761904761904,0.02976190476190476,1,timm:efficientnet_b0.ra_in1k_random
blocks.4.2.se.conv_expand,conv_gap,96,672,1,False,28.0,0,1.0,1.0,1344,1.150415164897559e-05,1.4513457613599234,0.00215974071630941,2.0704162350346222,0.0030809765402300925,1.2156095820940755,0.0018089428304971361,4.075891064284009,10,672,0.7490981677318138,346,2,3,8,20,0.002976190476190476,0.004464285714285714,0.011904761904761904,0.02976190476190476,2,timm:efficientnet_b0.ra_in1k_random
blocks.4.2.se.conv_expand,conv_gap,96,672,1,False,28.0,0,1.0,1.0,3360,1.107184455041223e-05,1.4771403446240312,0.00219812551283338,2.125189212174415,0.003162483946688118,1.227315336565346,0.0018263621079841457,4.156050215043431,10,672,0.7362447818051897,345,2,3,9,21,0.002976190476190476,0.004464285714285714,0.013392857142857142,0.03125,5,timm:efficientnet_b0.ra_in1k_random
blocks.4.2.conv_pwl,conv,97,112,1,False,112.0,0,14.0,14.0,512,3.802226462224663e-05,15.109159579190255,0.13490321052848442,35.49212084210611,0.31689393609023314,4.854244952403435,0.04334147278931638,1.6341175894093687,10,112,0.9464741980195872,112,47,66,95,110,0.41964285714285715,0.5892857142857143,0.8482142857142857,0.9821428571428571,1,timm:efficientnet_b0.ra_in1k_random
blocks.4.2.conv_pwl,conv,97,112,1,False,112.0,0,14.0,14.0,512,3.802226462224663e-05,15.109159579190255,0.13490321052848442,35.49212084210611,0.31689393609023314,4.854244952403435,0.04334147278931638,1.6341175894093687,10,112,0.9464741980195872,112,47,66,95,110,0.41964285714285715,0.5892857142857143,0.8482142857142857,0.9821428571428571,2,timm:efficientnet_b0.ra_in1k_random
blocks.4.2.conv_pwl,conv,97,112,1,False,112.0,0,14.0,14.0,1024,4.267857927749079e-05,16.813251756911402,0.1501183192581375,38.48178243824562,0.34358734319862155,5.342023396694646,0.04769663747048791,1.4822962846242884,10,112,0.9542460871727534,112,52,70,99,111,0.4642857142857143,0.625,0.8839285714285714,0.9910714285714286,5,timm:efficientnet_b0.ra_in1k_random
blocks.4.2.conv_pwl,conv,97,112,1,False,112.0,0,14.0,14.0,1536,4.3852873098777426e-05,14.440122329746009,0.12892966365844652,35.576297402981034,0.3176455125266164,4.711866828175897,0.042070239537284795,1.427254495161918,10,112,0.9602855649510207,112,51,71,99,111,0.45535714285714285,0.6339285714285714,0.8839285714285714,0.9910714285714286,10,timm:efficientnet_b0.ra_in1k_random
blocks.4.2.conv_pwl,conv,97,112,1,False,112.0,0,14.0,14.0,3072,4.119602005179277e-05,16.038641799846175,0.14320215892719798,38.41109504739652,0.3429562057803261,5.068885376152554,0.045257905144219235,1.3666319016358417,10,112,0.9650912574524096,112,54,73,100,111,0.48214285714285715,0.6517857142857143,0.8928571428571429,0.9910714285714286,25,timm:efficientnet_b0.ra_in1k_random
blocks.4.2.conv_pwl,conv,97,112,1,False,112.0,0,14.0,14.0,5632,3.960594699256768e-05,16.49845393831379,0.14730762444923026,39.312813600665685,0.3510072642916579,5.1729363977668905,0.04618693212291867,1.328225245336104,10,112,0.9643437257776609,112,55,75,101,111,0.49107142857142855,0.6696428571428571,0.9017857142857143,0.9910714285714286,50,timm:efficientnet_b0.ra_in1k_random
blocks.4.2.conv_pwl,conv,97,112,1,False,112.0,0,14.0,14.0,11264,3.854220431922587e-05,16.56395675873916,0.14789247106017106,40.07423306411843,0.3578056523582003,5.127274781075772,0.045779239116747965,1.296451924616285,10,112,0.9632669631144313,112,57,76,102,111,0.5089285714285714,0.6785714285714286,0.9107142857142857,0.9910714285714286,100,timm:efficientnet_b0.ra_in1k_random
blocks.4.2.conv_pwl,conv,97,112,1,False,112.0,0,14.0,14.0,28160,3.6874936213895606e-05,17.862410984850914,0.1594858123647403,42.004743861881614,0.3750423559096573,5.4344925930887875,0.0485222552954356,1.2794566696356517,10,112,0.963269654174587,112,58,77,102,111,0.5178571428571429,0.6875,0.9107142857142857,0.9910714285714286,250,timm:efficientnet_b0.ra_in1k_random
blocks.4.2,block,98,112,1,False,,0,14.0,14.0,512,0.0003589904031473889,12.272465668893853,0.1095755863294094,29.857568057679753,0.26658542908642635,4.340408407058619,0.03875364649159481,1.6705125153538023,10,112,0.9477303997514589,112,43,61,93,109,0.38392857142857145,0.5446428571428571,0.8303571428571429,0.9732142857142857,1,timm:efficientnet_b0.ra_in1k_random
blocks.4.2,block,98,112,1,False,,0,14.0,14.0,512,0.0003589904031473889,12.272465668893853,0.1095755863294094,29.857568057679753,0.26658542908642635,4.340408407058619,0.03875364649159481,1.6705125153538023,10,112,0.9477303997514589,112,43,61,93,109,0.38392857142857145,0.5446428571428571,0.8303571428571429,0.9732142857142857,2,timm:efficientnet_b0.ra_in1k_random
blocks.4.2,block,98,112,1,False,,0,14.0,14.0,1024,0.0004030210930299152,13.046550702632963,0.11648705984493717,31.99234032588095,0.28564589576679417,4.5264988382063,0.04041516819827053,1.51700346201834,10,112,0.9602087333848908,112,47,66,97,110,0.41964285714285715,0.5892857142857143,0.8660714285714286,0.9821428571428571,5,timm:efficientnet_b0.ra_in1k_random
blocks.4.2,block,98,112,1,False,,0,14.0,14.0,1536,0.0004156200773773502,11.099087212276677,0.09909899296675605,29.383932430460636,0.26235653955768423,3.977712686324211,0.035515291842180455,1.467331131691188,10,112,0.9628555840262393,112,46,66,97,110,0.4107142857142857,0.5892857142857143,0.8660714285714286,0.9821428571428571,10,timm:efficientnet_b0.ra_in1k_random
blocks.4.2,block,98,112,1,False,,0,14.0,14.0,3072,0.000394029428907996,11.337912126610538,0.10123135827330838,30.286363124472754,0.27041395646850674,4.004919895091488,0.03575821334903114,1.3949850243108979,10,112,0.965475199006834,112,49,69,98,111,0.4375,0.6160714285714286,0.875,0.9910714285714286,25,timm:efficientnet_b0.ra_in1k_random
blocks.4.2,block,98,112,1,False,,0,14.0,14.0,5632,0.00037669873770634964,11.73169563430262,0.10474728244913054,31.241118173419647,0.2789385551198183,4.0982701709711975,0.03659169795509998,1.3573838390491766,10,112,0.9667598051898676,112,50,70,99,111,0.44642857142857145,0.625,0.8839285714285714,0.9910714285714286,50,timm:efficientnet_b0.ra_in1k_random
blocks.4.2,block,98,112,1,False,,0,14.0,14.0,11264,0.0003686640605273751,12.155444715565746,0.10853075638897988,32.24675557406455,0.2879174604827192,4.188414006295658,0.03739655362763981,1.3357545074844932,10,112,0.9679226540657104,112,51,71,100,111,0.45535714285714285,0.6339285714285714,0.8928571428571429,0.9910714285714286,100,timm:efficientnet_b0.ra_in1k_random
blocks.4.2,block,98,112,1,False,,0,14.0,14.0,28160,0.000353618128044537,12.936360118175461,0.11550321534085232,33.6173442132395,0.30015485904678124,4.395901445335687,0.039249120047640064,1.325430211779516,10,112,0.9683855976249557,112,52,72,100,111,0.4642857142857143,0.6428571428571429,0.8928571428571429,0.9910714285714286,250,timm:efficientnet_b0.ra_in1k_random
blocks.5.0.conv_pw,conv,99,672,1,False,112.0,0,14.0,14.0,1024,0.0007272647853983654,11.947836409933874,0.017779518467163503,30.477929986327496,0.04535406247965401,4.139259639181982,0.006159612558306521,7.358590665471012,10,672,0.8272727145841454,394,45,63,94,110,0.06696428571428571,0.09375,0.13988095238095238,0.1636904761904762,1,timm:efficientnet_b0.ra_in1k_random
blocks.5.0.conv_pw,conv,99,672,1,False,112.0,0,14.0,14.0,1536,0.0007867111792314031,10.084863385443233,0.015007237180719097,27.442335800136494,0.04083680922639359,3.681480649824469,0.005478393824143555,7.39796808429827,10,672,0.8275571640584516,393,43,63,94,110,0.06398809523809523,0.09375,0.13988095238095238,0.1636904761904762,2,timm:efficientnet_b0.ra_in1k_random
blocks.5.0.conv_pw,conv,99,672,1,False,112.0,0,14.0,14.0,3584,0.0007489632911525326,10.86111025062863,0.016162366444387843,29.17114224335652,0.043409437862137676,3.8782542720161053,0.005771211714309681,7.611194984493881,10,672,0.8201654799619268,391,46,65,96,110,0.06845238095238096,0.09672619047619048,0.14285714285714285,0.1636904761904762,5,timm:efficientnet_b0.ra_in1k_random
blocks.5.0.conv_pw,conv,99,672,1,False,112.0,0,14.0,14.0,7168,0.000725139255887847,11.080408496621457,0.016488703119972407,29.966835873226625,0.0445935057637301,3.8930934536964865,0.005793293829905486,7.798084840220109,10,672,0.8162633147678946,390,47,66,97,110,0.06994047619047619,0.09821428571428571,0.14434523809523808,0.1636904761904762,10,timm:efficientnet_b0.ra_in1k_random
blocks.5.0.conv_pw,conv,99,672,1,False,112.0,0,14.0,14.0,16896,0.0007037496508682218,11.716673128843771,0.017435525489350852,31.15075757111964,0.04635529400464232,4.0478771683034065,0.006023626738546736,8.011388119843302,10,672,0.8139309514235551,391,48,67,97,110,0.07142857142857142,0.09970238095238096,0.14434523809523808,0.1636904761904762,25,timm:efficientnet_b0.ra_in1k_random
blocks.5.0.conv_pw,conv,99,672,1,False,112.0,0,14.0,14.0,33792,0.0006913896241323277,12.319569939105268,0.01833269336176379,32.29647086891119,0.048060224507308326,4.195093943381938,0.0062426993205088365,8.222676105859582,10,672,0.8110074269595612,388,49,68,97,110,0.07291666666666667,0.10119047619047619,0.14434523809523808,0.1636904761904762,50,timm:efficientnet_b0.ra_in1k_random
blocks.5.0.conv_pw,conv,99,672,1,False,112.0,0,14.0,14.0,67584,0.000700013942141891,12.244571679469454,0.018221088808734305,32.14209149385864,0.04783049329443251,4.178922505424127,0.006218634680690664,8.389855396951488,10,672,0.8077709807295623,385,49,68,97,110,0.07291666666666667,0.10119047619047619,0.14434523809523808,0.1636904761904762,100,timm:efficientnet_b0.ra_in1k_random
blocks.5.0.bn1.act,act,100,672,1,False,,0,14.0,14.0,1024,0.00018154777857506228,13.071600984758717,0.01945178717970047,32.33942815657891,0.04812414904252814,4.417758397138362,0.006574045233836849,6.932449783706569,10,672,0.8381727170604558,441,46,64,95,110,0.06845238095238096,0.09523809523809523,0.14136904761904762,0.1636904761904762,1,timm:efficientnet_b0.ra_in1k_random
blocks.5.0.bn1.act,act,100,672,1,False,,0,14.0,14.0,1536,0.00019504573011338368,10.581983968892075,0.015746999953708447,28.473577643368795,0.042371395302632134,3.811358316253339,0.005671664161091278,6.861459448724012,10,672,0.8399812173697124,451,44,63,94,110,0.06547619047619048,0.09375,0.13988095238095238,0.1636904761904762,2,timm:efficientnet_b0.ra_in1k_random
blocks.5.0.bn1.act,act,100,672,1,False,,0,14.0,14.0,3584,0.0001848896650070343,11.348828594541612,0.016888137789496445,29.936574521938844,0.04454847399098042,4.000991456151872,0.005953856333559333,6.775907127889263,10,672,0.838424105126577,485,46,66,96,110,0.06845238095238096,0.09821428571428571,0.14285714285714285,0.1636904761904762,5,timm:efficientnet_b0.ra_in1k_random
blocks.5.0.bn1.act,act,100,672,1,False,,0,14.0,14.0,7168,0.00017794670933593806,11.534565571190363,0.01716453209998566,30.716077038248386,0.04570844797358391,4.013914103896232,0.0059730864641312975,6.65762042690859,10,672,0.8359674806253742,517,48,67,97,110,0.07142857142857142,0.09970238095238096,0.14434523809523808,0.1636904761904762,10,timm:efficientnet_b0.ra_in1k_random
blocks.5.0.bn1.act,act,100,672,1,False,,0,14.0,14.0,16896,0.0001729680665814375,12.116117593644276,0.018029936895303984,31.815304495253258,0.0473442031179364,4.144456585814381,0.006167346109842829,6.495334062560508,10,672,0.8339459269765661,560,48,68,97,110,0.07142857142857142,0.10119047619047619,0.14434523809523808,0.1636904761904762,25,timm:efficientnet_b0.ra_in1k_random
blocks.5.0.bn1.act,act,100,672,1,False,,0,14.0,14.0,33792,0.00017122965978780968,12.737191479884634,0.018954153987923564,32.985320869266026,0.04908529891259825,4.295201736179497,0.006391669250267109,6.316776600538173,10,672,0.8301899481332682,600,49,69,98,110,0.07291666666666667,0.10267857142857142,0.14583333333333334,0.1636904761904762,50,timm:efficientnet_b0.ra_in1k_random
blocks.5.0.bn1.act,act,100,672,1,False,,0,14.0,14.0,67584,0.00017506375207422444,12.35997567810492,0.018392820949560892,32.367713266594166,0.04816623998005084,4.203901013969159,0.006255805080311249,6.191034714177263,10,672,0.8280748783188875,630,49,68,97,110,0.07291666666666667,0.10119047619047619,0.14434523809523808,0.1636904761904762,100,timm:efficientnet_b0.ra_in1k_random
blocks.5.0.conv_dw,conv,101,672,672,True,672.0,0,7.0,7.0,1024,0.00034594978703406283,18.640680529815032,0.02773910793127237,65.76059979165471,0.09785803540424809,5.421091270490226,0.00806710010489617,2.321343505157127,10,672,0.8529154293309262,672,121,191,354,532,0.1800595238095238,0.28422619047619047,0.5267857142857143,0.7916666666666666,1,timm:efficientnet_b0.ra_in1k_random
blocks.5.0.conv_dw,conv,101,672,672,True,672.0,0,7.0,7.0,1536,0.00036848564430272656,16.220570088448433,0.02413775310781017,61.47780503851649,0.09148482892636382,4.989349877220857,0.0074246277934834175,2.0053944725060817,10,672,0.8993035572976915,672,126,206,391,580,0.1875,0.30654761904761907,0.5818452380952381,0.8630952380952381,2,timm:efficientnet_b0.ra_in1k_random
blocks.5.0.conv_dw,conv,101,672,672,True,672.0,0,7.0,7.0,3584,0.00033791752499624957,18.341716029279922,0.027294220281666552,73.10466491971184,0.10878670374957118,5.260394190830113,0.007827967545878145,1.7124734912038033,10,672,0.9291857913795869,672,155,250,457,624,0.23065476190476192,0.37202380952380953,0.6800595238095238,0.9285714285714286,5,timm:efficientnet_b0.ra_in1k_random
blocks.5.0.conv_dw,conv,101,672,672,True,672.0,0,7.0,7.0,7168,0.0003214718211415565,19.29604903147066,0.02871435867778372,78.80058556731142,0.11726277614183246,5.41653074917731,0.008060313614847188,1.6133429253531402,10,672,0.9371208383387749,672,170,272,483,635,0.25297619047619047,0.40476190476190477,0.71875,0.9449404761904762,10,timm:efficientnet_b0.ra_in1k_random
blocks.5.0.conv_dw,conv,101,672,672,True,672.0,0,7.0,7.0,16896,0.00031283919627281514,20.639184227851008,0.03071307176763543,83.82005688745554,0.12473222751109454,5.6755348142692075,0.00844573633075775,1.5630460039900473,10,672,0.9421450070513504,672,179,285,498,640,0.2663690476190476,0.42410714285714285,0.7410714285714286,0.9523809523809523,25,timm:efficientnet_b0.ra_in1k_random
blocks.5.0.conv_dw,conv,101,672,672,True,672.0,0,7.0,7.0,33792,0.00030880263727468154,21.717947739912976,0.03231837461296574,87.49239989885136,0.130197023659005,5.878310383216443,0.008747485689310183,1.5429417076211338,10,672,0.944241118045928,672,184,292,505,642,0.27380952380952384,0.43452380952380953,0.7514880952380952,0.9553571428571429,50,timm:efficientnet_b0.ra_in1k_random
blocks.5.0.conv_dw,conv,101,672,672,True,672.0,0,7.0,7.0,67584,0.00031522045570581467,20.991320723464195,0.031237084409916956,85.70074612463522,0.12753087220927858,5.718574655075424,0.008509783712909858,1.5345698615621726,10,672,0.9456783457546267,672,183,292,506,642,0.27232142857142855,0.43452380952380953,0.7529761904761905,0.9553571428571429,100,timm:efficientnet_b0.ra_in1k_random
blocks.5.0.bn2.act,act,102,672,1,False,,0,7.0,7.0,1024,8.744110260268512e-05,20.281616264534897,0.03018097658412931,67.70077821153069,0.10074520567192066,5.9112626185003965,0.008796521753720829,2.2939424707817997,10,672,0.8608370449866602,672,121,191,356,536,0.1800595238095238,0.28422619047619047,0.5297619047619048,0.7976190476190477,1,timm:efficientnet_b0.ra_in1k_random
blocks.5.0.bn2.act,act,102,672,1,False,,0,7.0,7.0,1536,9.054008451419504e-05,17.33433804989327,0.02579514590757927,63.734788866132966,0.09484343581269787,5.239140902846809,0.0077963406292363225,2.000044304552974,10,672,0.9013557660076855,672,128,207,393,581,0.19047619047619047,0.3080357142857143,0.5848214285714286,0.8645833333333334,2,timm:efficientnet_b0.ra_in1k_random
blocks.5.0.bn2.act,act,102,672,1,False,,0,7.0,7.0,3584,8.331526182569357e-05,19.71554891320432,0.029338614454173094,75.50736119365435,0.11236214463341421,5.612257916102035,0.008351574279913742,1.7163320455527702,10,672,0.9295735794119548,672,155,250,458,624,0.23065476190476192,0.37202380952380953,0.6815476190476191,0.9285714285714286,5,timm:efficientnet_b0.ra_in1k_random
blocks.5.0.bn2.act,act,102,672,1,False,,0,7.0,7.0,7168,7.953691708785416e-05,20.209143723535583,0.03007313054097557,80.22363588618869,0.11938041054492364,5.648760098214291,0.008405893003295075,1.6134659329183978,10,672,0.9377459021542796,672,170,272,484,635,0.25297619047619047,0.40476190476190477,0.7202380952380952,0.9449404761904762,10,timm:efficientnet_b0.ra_in1k_random
blocks.5.0.bn2.act,act,102,672,1,False,,0,7.0,7.0,16896,7.816224759896286e-05,20.744183031115035,0.030869319986778325,82.97717715228323,0.12347794219089767,5.735912057822467,0.00853558341937867,1.5650679331454271,10,672,0.9428162826970378,672,177,283,497,640,0.26339285714285715,0.4211309523809524,0.7395833333333334,0.9523809523809523,25,timm:efficientnet_b0.ra_in1k_random
blocks.5.0.bn2.act,act,102,672,1,False,,0,7.0,7.0,33792,7.697134439492918e-05,21.54727614118184,0.03206439901961583,86.76196590338614,0.12911006830861033,5.851788268708884,0.008708018257007268,1.5420313060515058,10,672,0.9442341480772627,672,183,291,504,642,0.27232142857142855,0.4330357142857143,0.75,0.9553571428571429,50,timm:efficientnet_b0.ra_in1k_random
blocks.5.0.bn2.act,act,102,672,1,False,,0,7.0,7.0,67584,7.830395993834039e-05,21.088125492187842,0.031381139125279525,85.60665228827717,0.1273908516194601,5.7531840061156,0.00856128572338631,1.5340488200160538,10,672,0.945792385233323,672,183,292,506,643,0.27232142857142855,0.43452380952380953,0.7529761904761905,0.9568452380952381,100,timm:efficientnet_b0.ra_in1k_random
blocks.5.0.se.conv_reduce,conv_gap,103,28,1,False,28.0,0,1.0,1.0,32,2.0282888187701308e-05,1.7692966263394911,0.0631891652264104,2.8227864204787383,0.1008138007313835,1.3515147470444318,0.04826838382301542,5.074518519604663,10,28,0.8807322210260632,28,3,5,12,20,0.10714285714285714,0.17857142857142858,0.42857142857142855,0.7142857142857143,1,timm:efficientnet_b0.ra_in1k_random
blocks.5.0.se.conv_reduce,conv_gap,103,28,1,False,28.0,0,1.0,1.0,64,1.9451637082906107e-05,2.0698517497891213,0.0739232767781829,3.4436568837404153,0.12298774584787198,1.4833234119581344,0.05297583614136194,3.2446095395682004,10,28,0.9330782990440165,28,4,6,15,24,0.14285714285714285,0.21428571428571427,0.5357142857142857,0.8571428571428571,2,timm:efficientnet_b0.ra_in1k_random
blocks.5.0.se.conv_reduce,conv_gap,103,28,1,False,28.0,0,1.0,1.0,160,1.9248663515303715e-05,1.987707292413303,0.07098954615761796,3.4061781007079173,0.12164921788242562,1.444010841301069,0.05157181576075247,2.5424375353076725,10,28,0.9646317488353923,28,4,7,17,26,0.14285714285714285,0.25,0.6071428571428571,0.9285714285714286,5,timm:efficientnet_b0.ra_in1k_random
blocks.5.0.se.conv_reduce,conv_gap,103,28,1,False,28.0,0,1.0,1.0,288,1.7253645237162147e-05,2.077283255891823,0.07418868771042224,3.6130841108750604,0.12903871824553786,1.4817510840633523,0.05291968157369115,2.3232430708070324,10,28,0.9757299792824583,28,4,8,18,27,0.14285714285714285,0.2857142857142857,0.6428571428571429,0.9642857142857143,10,timm:efficientnet_b0.ra_in1k_random
blocks.5.0.se.conv_reduce,conv_gap,103,28,1,False,28.0,0,1.0,1.0,704,1.7110016702522114e-05,2.0513803409330746,0.07326358360475267,3.5812161195452012,0.1279005756980429,1.4710505615090494,0.05253752005389462,2.2557283860569517,10,28,0.9894464916110156,28,4,8,19,27,0.14285714285714285,0.2857142857142857,0.6785714285714286,0.9642857142857143,25,timm:efficientnet_b0.ra_in1k_random
blocks.5.0.se.conv_reduce,conv_gap,103,28,1,False,28.0,0,1.0,1.0,1408,1.5881864278124345e-05,2.096917208961482,0.07488990032005292,3.6851023308904334,0.1316107975318012,1.4896198013868445,0.0532007071923873,2.199290914023931,10,28,0.9890090584475979,28,4,9,19,27,0.14285714285714285,0.32142857142857145,0.6785714285714286,0.9642857142857143,50,timm:efficientnet_b0.ra_in1k_random
blocks.5.0.se.conv_reduce,conv_gap,103,28,1,False,28.0,0,1.0,1.0,2816,1.551499086238464e-05,2.1434433353070954,0.07655154768953912,3.7967972381621355,0.1355999013629334,1.5074224028402834,0.05383651438715298,2.1406605199637836,10,28,0.9854295607433989,28,4,9,20,27,0.14285714285714285,0.32142857142857145,0.7142857142857143,0.9642857142857143,100,timm:efficientnet_b0.ra_in1k_random
blocks.5.0.se.act1,act,104,28,1,False,,0,1.0,1.0,32,5.070416150484536e-06,1.7692251789476003,0.06318661353384288,2.822537039282973,0.10080489426010618,1.351490000211247,0.04826750000754454,5.069380128849997,10,28,0.8810153498244183,28,3,5,12,20,0.10714285714285714,0.17857142857142858,0.42857142857142855,0.7142857142857143,1,timm:efficientnet_b0.ra_in1k_random
blocks.5.0.se.act1,act,104,28,1,False,,0,1.0,1.0,64,4.863002718857254e-06,2.0693616095403704,0.07390577176929894,3.442763314200676,0.12295583265002415,1.4831215004307283,0.05296862501538315,3.24440236562813,10,28,0.9331334030860291,28,4,6,15,24,0.14285714285714285,0.21428571428571427,0.5357142857142857,0.8571428571428571,2,timm:efficientnet_b0.ra_in1k_random
blocks.5.0.se.act1,act,104,28,1,False,,0,1.0,1.0,160,4.8123989303420006e-06,1.9872001576482796,0.07097143420172428,3.4051284557505377,0.1216117305625192,1.4438037099353282,0.05156441821197601,2.5420455914566684,10,28,0.9646596835304173,28,4,7,17,26,0.14285714285714285,0.25,0.6071428571428571,0.9285714285714286,5,timm:efficientnet_b0.ra_in1k_random
blocks.5.0.se.act1,act,104,28,1,False,,0,1.0,1.0,288,4.3134357303190865e-06,2.076786883956067,0.0741709601412881,3.6120673633572515,0.12900240583418757,1.4815515458723885,0.05291255520972816,2.322403052405443,10,28,0.9757189623441374,28,4,8,18,27,0.14285714285714285,0.2857142857142857,0.6428571428571429,0.9642857142857143,10,timm:efficientnet_b0.ra_in1k_random
blocks.5.0.se.act1,act,104,28,1,False,,0,1.0,1.0,704,4.2774246910283805e-06,2.0508713786981985,0.07324540638207852,3.580175856704489,0.12786342345373175,1.47084364784572,0.05253013028020429,2.2553797628443895,10,28,0.9894738234550244,28,4,8,19,27,0.14285714285714285,0.2857142857142857,0.6785714285714286,0.9642857142857143,25,timm:efficientnet_b0.ra_in1k_random
blocks.5.0.se.act1,act,104,28,1,False,,0,1.0,1.0,1408,3.970292694956372e-06,2.096403847857238,0.07487156599490137,3.684038817369195,0.1315728149060427,1.4894144307339783,0.05319337252621351,2.1988462353424914,10,28,0.9891191248002109,28,4,9,19,27,0.14285714285714285,0.32142857142857145,0.6785714285714286,0.9642857142857143,50,timm:efficientnet_b0.ra_in1k_random
blocks.5.0.se.act1,act,104,28,1,False,,0,1.0,1.0,2816,3.878605336698989e-06,2.142899083099595,0.07653211011069982,3.795680259854293,0.13556000928051046,1.507206613067476,0.05382880760955271,2.1402047650448193,10,28,0.9855732868966551,28,4,9,20,27,0.14285714285714285,0.32142857142857145,0.7142857142857143,0.9642857142857143,100,timm:efficientnet_b0.ra_in1k_random
blocks.5.0.se.conv_expand,conv_gap,105,672,1,False,28.0,0,1.0,1.0,672,8.611002446157286e-06,2.0315207458920552,0.0030230963480536535,3.5466820310068723,0.005277800641379274,1.461266624496777,0.002174503905501156,4.2075640951451065,10,672,0.7036330738087759,347,4,8,19,27,0.005952380952380952,0.011904761904761904,0.028273809523809524,0.04017857142857143,1,timm:efficientnet_b0.ra_in1k_random
blocks.5.0.se.conv_expand,conv_gap,105,672,1,False,28.0,0,1.0,1.0,1344,7.942846573285992e-06,2.091467358976417,0.0031123026175244295,3.6812358015736857,0.005478029466627508,1.4858215505206949,0.002211043973989129,4.256685117666832,10,672,0.6940803479201366,349,4,8,19,27,0.005952380952380952,0.011904761904761904,0.028273809523809524,0.04017857142857143,2,timm:efficientnet_b0.ra_in1k_random
blocks.5.0.se.conv_expand,conv_gap,105,672,1,False,28.0,0,1.0,1.0,3360,7.779177254550738e-06,2.1381443070965798,0.0031817623617508626,3.784116234944878,0.005631125349620354,1.504362024132042,0.0022386339644822053,4.353071581906919,10,672,0.684643527894885,347,4,9,20,27,0.005952380952380952,0.013392857142857142,0.02976190476190476,0.04017857142857143,5,timm:efficientnet_b0.ra_in1k_random
blocks.5.0.conv_pwl,conv,106,192,1,False,192.0,0,7.0,7.0,512,4.0626054042310103e-05,15.973343593246133,0.08319449788149028,41.45052410221469,0.21588814636570153,4.999020845399928,0.026036566903124624,2.0182682042499023,10,192,0.9155011215419762,192,58,83,136,179,0.3020833333333333,0.4322916666666667,0.7083333333333334,0.9322916666666666,1,timm:efficientnet_b0.ra_in1k_random
blocks.5.0.conv_pwl,conv,106,192,1,False,192.0,0,7.0,7.0,512,4.0626054042310103e-05,15.973343593246133,0.08319449788149028,41.45052410221469,0.21588814636570153,4.999020845399928,0.026036566903124624,2.0182682042499023,10,192,0.9155011215419762,192,58,83,136,179,0.3020833333333333,0.4322916666666667,0.7083333333333334,0.9322916666666666,2,timm:efficientnet_b0.ra_in1k_random
blocks.5.0.conv_pwl,conv,106,192,1,False,192.0,0,7.0,7.0,1024,4.392532457879164e-05,17.061485688637326,0.0888619046283194,46.58336246057088,0.24262167948214,5.130589766301129,0.026721821699485046,1.7255864020316642,10,192,0.9289803016976367,192,68,97,151,185,0.3541666666666667,0.5052083333333334,0.7864583333333334,0.9635416666666666,5,timm:efficientnet_b0.ra_in1k_random
blocks.5.0.conv_pwl,conv,106,192,1,False,192.0,0,7.0,7.0,2048,4.3561573936559796e-05,16.160792593998277,0.08417079476040769,45.69304689419677,0.23798461924060818,5.004394128878984,0.026064552754578044,1.5929026502979584,10,192,0.9381943229844085,192,71,102,156,186,0.3697916666666667,0.53125,0.8125,0.96875,10,timm:efficientnet_b0.ra_in1k_random
blocks.5.0.conv_pwl,conv,106,192,1,False,192.0,0,7.0,7.0,5120,4.210937537355589e-05,17.0064771631762,0.08857540189154271,48.42544771247375,0.25221587350246744,5.133952048083478,0.026739333583768118,1.5035412379497206,10,192,0.942958171921022,192,76,108,161,187,0.3958333333333333,0.5625,0.8385416666666666,0.9739583333333334,25,timm:efficientnet_b0.ra_in1k_random
blocks.5.0.conv_pwl,conv,106,192,1,False,192.0,0,7.0,7.0,9728,3.9746311040911243e-05,17.33374063847055,0.09027989915870079,50.03194985435869,0.2605830721581182,5.1403614434675,0.026772715851393226,1.4658098411907052,10,192,0.942063287944006,192,78,111,162,188,0.40625,0.578125,0.84375,0.9791666666666666,50,timm:efficientnet_b0.ra_in1k_random
blocks.5.0.conv_pwl,conv,106,192,1,False,192.0,0,7.0,7.0,19456,3.917000123902073e-05,18.209317573906763,0.09484019569743106,51.94394193450439,0.27054136424221037,5.310869624442908,0.02766077929397348,1.4499143446648235,10,192,0.9434005910380561,192,80,112,164,188,0.4166666666666667,0.5833333333333334,0.8541666666666666,0.9791666666666666,100,timm:efficientnet_b0.ra_in1k_random
blocks.5.0.conv_pwl,conv,106,192,1,False,192.0,0,7.0,7.0,48128,3.875878898808611e-05,18.878824352251634,0.09832721016797726,53.35937243871903,0.27791339811832827,5.441954744263507,0.028343514293039097,1.441576585885016,10,192,0.9434632583417919,192,81,114,164,188,0.421875,0.59375,0.8541666666666666,0.9791666666666666,250,timm:efficientnet_b0.ra_in1k_random
blocks.5.0,block,107,192,1,False,,0,7.0,7.0,512,3.989992553968285e-05,16.334114415878688,0.0850735125827015,43.304307358278585,0.2255432674910343,4.990174481556519,0.025990492091440203,1.9491211494937064,10,192,0.9203580034937356,192,60,87,140,181,0.3125,0.453125,0.7291666666666666,0.9427083333333334,1,timm:efficientnet_b0.ra_in1k_random
blocks.5.0,block,107,192,1,False,,0,7.0,7.0,512,3.989992553968285e-05,16.334114415878688,0.0850735125827015,43.304307358278585,0.2255432674910343,4.990174481556519,0.025990492091440203,1.9491211494937064,10,192,0.9203580034937356,192,60,87,140,181,0.3125,0.453125,0.7291666666666666,0.9427083333333334,2,timm:efficientnet_b0.ra_in1k_random
blocks.5.0,block,107,192,1,False,,0,7.0,7.0,1024,4.4778194777461884e-05,18.030189172753616,0.09390723527475842,47.76950390305983,0.24879949949510327,5.3920176254994585,0.02808342513280968,1.713255405955895,10,192,0.9323259672502747,192,69,98,152,185,0.359375,0.5104166666666666,0.7916666666666666,0.9635416666666666,5,timm:efficientnet_b0.ra_in1k_random
blocks.5.0,block,107,192,1,False,,0,7.0,7.0,2048,4.574030308177027e-05,15.944572236357638,0.0830446470643627,44.938880628146606,0.23405666993826357,4.980180446314442,0.025938439824554387,1.5942018133581124,10,192,0.940711081884813,192,70,101,156,186,0.3645833333333333,0.5260416666666666,0.8125,0.96875,10,timm:efficientnet_b0.ra_in1k_random
blocks.5.0,block,107,192,1,False,,0,7.0,7.0,5120,4.208867599486534e-05,17.628021504280962,0.09181261200146335,49.11795691651109,0.25582269227349524,5.324336756089953,0.02773092060463517,1.5079008406398715,10,192,0.9440787772441728,192,76,108,161,187,0.3958333333333333,0.5625,0.8385416666666666,0.9739583333333334,25,timm:efficientnet_b0.ra_in1k_random
blocks.5.0,block,107,192,1,False,,0,7.0,7.0,9728,3.989427138123585e-05,17.498408040481213,0.09113754187750632,49.99899707551005,0.26041144310161485,5.204751381570242,0.02710808011234501,1.4723427003295277,10,192,0.943619382952417,192,78,110,162,188,0.40625,0.5729166666666666,0.84375,0.9791666666666666,50,timm:efficientnet_b0.ra_in1k_random
blocks.5.0,block,107,192,1,False,,0,7.0,7.0,19456,3.964908976478541e-05,17.916727429631624,0.09331628869599805,51.321028062875094,0.2672970211608078,5.247293726403764,0.027329654825019603,1.4553797195470444,10,192,0.9442436728187252,192,80,112,163,188,0.4166666666666667,0.5833333333333334,0.8489583333333334,0.9791666666666666,100,timm:efficientnet_b0.ra_in1k_random
blocks.5.0,block,107,192,1,False,,0,7.0,7.0,48128,3.9025143410887766e-05,18.50690355164771,0.09639012266483182,52.690827922500134,0.2744313954296882,5.358400539284512,0.027908336142106832,1.4447611979617367,10,192,0.9438476037101732,192,81,113,164,188,0.421875,0.5885416666666666,0.8541666666666666,0.9791666666666666,250,timm:efficientnet_b0.ra_in1k_random
blocks.5.1.conv_pw,conv,108,1152,1,False,192.0,0,7.0,7.0,1536,9.172496362766276e-05,14.687866251497876,0.012749883898869684,41.10019733056992,0.035677254627230835,4.755719389366018,0.0041282286366024455,6.790386978977261,10,1152,0.826254045016846,673,64,92,148,184,0.05555555555555555,0.0798611111111111,0.1284722222222222,0.1597222222222222,1,timm:efficientnet_b0.ra_in1k_random
blocks.5.1.conv_pw,conv,108,1152,1,False,192.0,0,7.0,7.0,2560,8.592940131805258e-05,15.602304520332467,0.013543667118344156,43.741197489695374,0.03796978948758279,4.93285782668167,0.004281994641216727,6.935115175632103,10,1152,0.8191116205245376,670,68,97,152,185,0.059027777777777776,0.0842013888888889,0.13194444444444445,0.1605902777777778,2,timm:efficientnet_b0.ra_in1k_random
blocks.5.1.conv_pw,conv,108,1152,1,False,192.0,0,7.0,7.0,6144,8.290872354150094e-05,16.579943212086754,0.01439231181604753,46.74895646386618,0.040580691374883834,5.065013129026127,0.004396712785612957,7.168124833932844,10,1152,0.8116095603011066,668,72,102,156,186,0.0625,0.08854166666666667,0.13541666666666666,0.16145833333333334,5,timm:efficientnet_b0.ra_in1k_random
blocks.5.1.conv_pw,conv,108,1152,1,False,192.0,0,7.0,7.0,11776,8.11713095512392e-05,17.23656473472414,0.014962295776670262,48.27566101037272,0.04190595573817077,5.2054207419841925,0.0045185943940835,7.333346306892463,10,1152,0.8091219974118716,668,74,104,157,186,0.0642361111111111,0.09027777777777778,0.1362847222222222,0.16145833333333334,10,timm:efficientnet_b0.ra_in1k_random
blocks.5.1.conv_pw,conv,108,1152,1,False,192.0,0,7.0,7.0,29184,7.749761363714487e-05,18.67887531706849,0.01621430149051084,51.20189437900344,0.04444608887066271,5.5108663586809215,0.004783738158577189,7.550014956668318,10,1152,0.8037260344620138,665,76,107,159,187,0.06597222222222222,0.09288194444444445,0.13802083333333334,0.1623263888888889,25,timm:efficientnet_b0.ra_in1k_random
blocks.5.1.conv_pw,conv,108,1152,1,False,192.0,0,7.0,7.0,57856,7.802945027398273e-05,18.710395394668346,0.01624166266898294,51.19541039102151,0.04444046040887284,5.518734189305481,0.004790567872661008,7.735343689002259,10,1152,0.8019112632917993,660,76,107,159,187,0.06597222222222222,0.09288194444444445,0.13802083333333334,0.1623263888888889,50,timm:efficientnet_b0.ra_in1k_random
blocks.5.1.bn1.act,act,109,1152,1,False,,0,7.0,7.0,1536,2.3009471904134712e-05,14.421493077562616,0.012518657185384216,41.10987673031601,0.03568565688395487,4.628642304593666,0.004017918667182002,6.771234108678875,10,1152,0.8268569719792942,677,64,93,148,184,0.05555555555555555,0.08072916666666667,0.1284722222222222,0.1597222222222222,1,timm:efficientnet_b0.ra_in1k_random
blocks.5.1.bn1.act,act,109,1152,1,False,,0,7.0,7.0,2560,2.200207931035814e-05,15.8915624571928,0.013794759077424305,44.32076657111362,0.03847288764853613,4.967684133812574,0.004312225810601192,6.894603076935857,10,1152,0.8204175070685245,680,68,98,152,185,0.059027777777777776,0.08506944444444445,0.13194444444444445,0.1605902777777778,2,timm:efficientnet_b0.ra_in1k_random
blocks.5.1.bn1.act,act,109,1152,1,False,,0,7.0,7.0,6144,2.0679532195702082e-05,17.324782004571325,0.015038873267857054,47.8515560933599,0.04153780910881936,5.251674641456801,0.004558745348486807,7.08738953631793,10,1152,0.8145350277040928,689,72,103,156,186,0.0625,0.08940972222222222,0.13541666666666666,0.16145833333333334,5,timm:efficientnet_b0.ra_in1k_random
blocks.5.1.bn1.act,act,109,1152,1,False,,0,7.0,7.0,11776,2.0408210339455575e-05,17.431789076978642,0.015131761351543961,48.67118557041509,0.04224929302987421,5.251312950891969,0.004558431380982612,7.186502101073123,10,1152,0.8123012198948103,695,74,105,157,186,0.0642361111111111,0.09114583333333333,0.1362847222222222,0.16145833333333334,10,timm:efficientnet_b0.ra_in1k_random
blocks.5.1.bn1.act,act,109,1152,1,False,,0,7.0,7.0,29184,1.948919155064372e-05,18.897000291060955,0.016403646085990414,51.47379180980434,0.04468211094601071,5.563471496892002,0.004829402341052085,7.352003285637288,10,1152,0.8091876198404411,708,76,107,159,187,0.06597222222222222,0.09288194444444445,0.13802083333333334,0.1623263888888889,25,timm:efficientnet_b0.ra_in1k_random
blocks.5.1.bn1.act,act,109,1152,1,False,,0,7.0,7.0,57856,1.9528300896182272e-05,18.79963617233281,0.016319128621816677,51.297469881813406,0.04452905371685192,5.545667755089759,0.004813947704070971,7.425277268294575,10,1152,0.8083247138666738,719,76,107,159,187,0.06597222222222222,0.09288194444444445,0.13802083333333334,0.1623263888888889,50,timm:efficientnet_b0.ra_in1k_random
blocks.5.1.conv_dw,conv,110,1152,1152,True,1152.0,0,7.0,7.0,1536,3.464960195155094e-05,29.059213567401006,0.02522501177725782,116.54196611501985,0.10116490114151028,7.059422776522446,0.006127971160175734,2.2737029261635704,10,1152,0.8172562433257131,1152,222,344,618,906,0.19270833333333334,0.2986111111111111,0.5364583333333334,0.7864583333333334,1,timm:efficientnet_b0.ra_in1k_random
blocks.5.1.conv_dw,conv,110,1152,1152,True,1152.0,0,7.0,7.0,2560,3.272104213277689e-05,33.260922583173404,0.028872328631226914,135.8685411370353,0.11794144195923202,7.728811254990536,0.00670903754773484,1.8465543528200796,10,1152,0.891458846640732,1152,263,410,730,1026,0.2282986111111111,0.3559027777777778,0.6336805555555556,0.890625,2,timm:efficientnet_b0.ra_in1k_random
blocks.5.1.conv_dw,conv,110,1152,1152,True,1152.0,0,7.0,7.0,6144,3.0790639175496895e-05,36.18021397615719,0.031406435743192004,157.62654432514438,0.1368285975044656,8.005699962982092,0.006949392328977511,1.5841215633924075,10,1152,0.9229621032715303,1152,318,490,838,1088,0.2760416666666667,0.4253472222222222,0.7274305555555556,0.9444444444444444,5,timm:efficientnet_b0.ra_in1k_random
blocks.5.1.conv_dw,conv,110,1152,1152,True,1152.0,0,7.0,7.0,11776,3.053215187120292e-05,36.785320053645115,0.03193170143545583,165.26970210298384,0.14346328307550682,8.04823904342648,0.0069863186140854865,1.5039919732571359,10,1152,0.9316149139233869,1152,341,522,873,1101,0.2960069444444444,0.453125,0.7578125,0.9557291666666666,10,timm:efficientnet_b0.ra_in1k_random
blocks.5.1.conv_dw,conv,110,1152,1152,True,1152.0,0,7.0,7.0,29184,2.920553605185205e-05,41.12519591372527,0.03569895478621985,181.01097591370916,0.1571275832584281,8.725428537167543,0.0075741567162912705,1.4456393901956832,10,1152,0.9368123646558992,1152,366,554,902,1109,0.3177083333333333,0.4809027777777778,0.7829861111111112,0.9626736111111112,25,timm:efficientnet_b0.ra_in1k_random
blocks.5.1.conv_dw,conv,110,1152,1152,True,1152.0,0,7.0,7.0,57856,2.9324777567414447e-05,41.515533599284325,0.03603778958271209,182.44127675596175,0.15836916385066124,8.797153330933593,0.007636417821990966,1.4309691589276707,10,1152,0.9392769577123531,1152,370,560,909,1111,0.3211805555555556,0.4861111111111111,0.7890625,0.9644097222222222,50,timm:efficientnet_b0.ra_in1k_random
blocks.5.1.bn2.act,act,111,1152,1,False,,0,7.0,7.0,1536,8.590661213817544e-06,29.241862665367506,0.02538356134146485,115.7630641512176,0.10048877096459861,7.191111614756124,0.006242284387809135,2.293813552409178,10,1152,0.8154267768451939,1152,219,340,613,902,0.19010416666666666,0.2951388888888889,0.5321180555555556,0.7829861111111112,1,timm:efficientnet_b0.ra_in1k_random
blocks.5.1.bn2.act,act,111,1152,1,False,,0,7.0,7.0,2560,8.223573728440411e-06,32.27454644311369,0.028016099342980636,133.34897522722133,0.11575431877362963,7.5584652225155695,0.006561167727878099,1.8487508680656513,10,1152,0.891741968066414,1152,261,407,727,1026,0.2265625,0.3532986111111111,0.6310763888888888,0.890625,2,timm:efficientnet_b0.ra_in1k_random
blocks.5.1.bn2.act,act,111,1152,1,False,,0,7.0,7.0,6144,7.767743910045593e-06,35.43357313615846,0.03075831001402644,155.04783935168484,0.13459013832611533,7.9686762895415875,0.006917253723560406,1.5834211658334136,10,1152,0.922775324531223,1152,317,489,837,1088,0.2751736111111111,0.4244791666666667,0.7265625,0.9444444444444444,5,timm:efficientnet_b0.ra_in1k_random
blocks.5.1.bn2.act,act,111,1152,1,False,,0,7.0,7.0,11776,7.649290257641352e-06,36.71062515998291,0.03186686211804072,164.19997774935499,0.1425347029074262,8.124628342387343,0.007052628769433457,1.5030342770136935,10,1152,0.9314062204323622,1152,340,522,873,1101,0.2951388888888889,0.453125,0.7578125,0.9557291666666666,10,timm:efficientnet_b0.ra_in1k_random
blocks.5.1.bn2.act,act,111,1152,1,False,,0,7.0,7.0,29184,7.322830924320631e-06,41.18468365100015,0.03575059344704874,181.01147618784742,0.1571280175241731,8.74298572749478,0.007589397332894775,1.4461727962075608,10,1152,0.936856948923588,1152,366,554,902,1109,0.3177083333333333,0.4809027777777778,0.7829861111111112,0.9626736111111112,25,timm:efficientnet_b0.ra_in1k_random
blocks.5.1.bn2.act,act,111,1152,1,False,,0,7.0,7.0,57856,7.336416354601364e-06,41.5538463542929,0.03607104718254592,182.3780794510554,0.15831430507904115,8.83606391831344,0.007670194373535973,1.4310080330503978,10,1152,0.9391906771207706,1152,370,560,908,1111,0.3211805555555556,0.4861111111111111,0.7881944444444444,0.9644097222222222,50,timm:efficientnet_b0.ra_in1k_random
blocks.5.1.se.conv_reduce,conv_gap,112,48,1,False,48.0,0,1.0,1.0,64,1.4523157400206286e-06,2.198021867787044,0.045792122245563414,4.174000385856773,0.08695834137201609,1.5186299804779804,0.03163812459329126,3.4393686174039195,10,48,0.8957383174380574,48,6,10,23,37,0.125,0.20833333333333334,0.4791666666666667,0.7708333333333334,1,timm:efficientnet_b0.ra_in1k_random
blocks.5.1.se.conv_reduce,conv_gap,112,48,1,False,48.0,0,1.0,1.0,96,1.7197173227561437e-06,1.9975679695243331,0.04161599936509027,3.8027921960501248,0.07922483741771093,1.4362456582935847,0.029921784547783017,2.8352006687639517,10,48,0.9423635458936734,48,5,10,24,40,0.10416666666666667,0.20833333333333334,0.5,0.8333333333333334,2,timm:efficientnet_b0.ra_in1k_random
blocks.5.1.se.conv_reduce,conv_gap,112,48,1,False,48.0,0,1.0,1.0,256,1.4447158588221696e-06,2.043035900016433,0.04256324791700902,4.101282392619712,0.08544338317957734,1.451211803409581,0.030233579237699603,2.2081469330014043,10,48,0.9812380620311036,48,6,12,28,44,0.125,0.25,0.5833333333333334,0.9166666666666666,5,timm:efficientnet_b0.ra_in1k_random
blocks.5.1.se.conv_reduce,conv_gap,112,48,1,False,48.0,0,1.0,1.0,480,1.426049177600123e-06,2.097044698985731,0.043688431228869395,4.230187924325876,0.08812891509012243,1.4728166499568842,0.030683680207435088,2.0930279514276338,10,48,0.9867145065648562,48,6,12,30,45,0.125,0.25,0.625,0.9375,10,timm:efficientnet_b0.ra_in1k_random
blocks.5.1.se.conv_reduce,conv_gap,112,48,1,False,48.0,0,1.0,1.0,1216,1.30957153483385e-06,2.239629379824492,0.04665894541301025,4.578365718829407,0.09538261914227932,1.5283640100821112,0.03184091687671065,2.000019683476526,10,48,0.9887345077152297,48,7,13,31,45,0.14583333333333334,0.2708333333333333,0.6458333333333334,0.9375,25,timm:efficientnet_b0.ra_in1k_random
blocks.5.1.se.conv_reduce,conv_gap,112,48,1,False,48.0,0,1.0,1.0,2400,1.2401672845171879e-06,2.3300696473172624,0.048543117652442964,4.8251116726876,0.10052315984765835,1.5623004844257882,0.03254792675887059,1.958675320683244,10,48,0.9895705138080019,48,7,14,32,46,0.14583333333333334,0.2916666666666667,0.6666666666666666,0.9583333333333334,50,timm:efficientnet_b0.ra_in1k_random
blocks.5.1.se.conv_reduce,conv_gap,112,48,1,False,48.0,0,1.0,1.0,4800,1.2775478129321024e-06,2.3158006002387146,0.04824584583830655,4.793279244000256,0.09985998425000532,1.5563933516558026,0.03242486149282922,1.9586741804427783,10,48,0.9896722899969468,48,7,14,32,46,0.14583333333333334,0.2916666666666667,0.6666666666666666,0.9583333333333334,100,timm:efficientnet_b0.ra_in1k_random
blocks.5.1.se.act1,act,113,48,1,False,,0,1.0,1.0,64,3.631234014024796e-07,2.197833873229281,0.045788205692276686,4.17352143448039,0.08694836321834147,1.518558114854244,0.03163662739279675,3.4394010695726758,10,48,0.8957243142859751,48,6,10,23,37,0.125,0.20833333333333334,0.4791666666666667,0.7708333333333334,1,timm:efficientnet_b0.ra_in1k_random
blocks.5.1.se.act1,act,113,48,1,False,,0,1.0,1.0,96,4.3000249964155215e-07,1.9973797830088036,0.04161207881268341,3.8022948293560015,0.07921447561158336,1.4361715647430673,0.029920240932147235,2.835165410663362,10,48,0.9423553983384665,48,5,10,24,40,0.10416666666666667,0.20833333333333334,0.5,0.8333333333333334,2,timm:efficientnet_b0.ra_in1k_random
blocks.5.1.se.act1,act,113,48,1,False,,0,1.0,1.0,256,3.612328659344964e-07,2.042859183915986,0.04255956633158304,4.100796993235434,0.08543327069240488,1.451143290879981,0.030232151893332938,2.2081456662105157,10,48,0.9812158515014284,48,6,12,28,44,0.125,0.25,0.5833333333333334,0.9166666666666666,5,timm:efficientnet_b0.ra_in1k_random
blocks.5.1.se.act1,act,113,48,1,False,,0,1.0,1.0,480,3.565650112522461e-07,2.0968549343467844,0.04368447779889134,4.2296713606439855,0.0881181533467497,1.4727433434417814,0.030682152988370445,2.093025393811019,10,48,0.9866973983749977,48,6,12,30,45,0.125,0.25,0.625,0.9375,10,timm:efficientnet_b0.ra_in1k_random
blocks.5.1.se.act1,act,113,48,1,False,,0,1.0,1.0,1216,3.274373115188822e-07,2.239417861783698,0.04665453878716038,4.577813091145114,0.0953711060655232,1.528283661002861,0.0318392429375596,2.000061919557543,10,48,0.9887243514547606,48,7,13,31,45,0.14583333333333334,0.2708333333333333,0.6458333333333334,0.9375,25,timm:efficientnet_b0.ra_in1k_random
blocks.5.1.se.act1,act,113,48,1,False,,0,1.0,1.0,2400,3.1008362620698606e-07,2.3298471901379973,0.04853848312787495,4.82453556427511,0.1005111575890648,1.5622170594918787,0.03254618873941414,1.9587089366519184,10,48,0.9895646853011926,48,7,14,32,46,0.14583333333333334,0.2916666666666667,0.6666666666666666,0.9583333333333334,50,timm:efficientnet_b0.ra_in1k_random
blocks.5.1.se.act1,act,113,48,1,False,,0,1.0,1.0,4800,3.19428806656976e-07,2.3155868943196207,0.04824139363165877,4.792720797716601,0.0998483499524292,1.5563132946766698,0.032423193639097285,1.958697915615927,10,48,0.9896650924568372,48,7,14,32,46,0.14583333333333334,0.2916666666666667,0.6666666666666666,0.9583333333333334,100,timm:efficientnet_b0.ra_in1k_random
blocks.5.1.se.conv_expand,conv_gap,114,1152,1,False,48.0,0,1.0,1.0,1152,6.663380770504909e-07,2.2301133099618804,0.001935862248230799,4.5474369258123275,0.003947427886989868,1.5243357654435081,0.0013232081297252674,4.355981989770547,10,1152,0.7421998624497569,594,7,13,30,45,0.006076388888888889,0.011284722222222222,0.026041666666666668,0.0390625,1,timm:efficientnet_b0.ra_in1k_random
blocks.5.1.se.conv_expand,conv_gap,114,1152,1,False,48.0,0,1.0,1.0,2304,6.246657685904838e-07,2.332926943068321,0.0020251101936356953,4.820002339636472,0.004184029808712216,1.5632810931092405,0.0013570148377684379,4.4353727476922495,10,1152,0.7334458837328075,593,7,13,32,46,0.006076388888888889,0.011284722222222222,0.027777777777777776,0.03993055555555555,2,timm:efficientnet_b0.ra_in1k_random
blocks.5.1.se.conv_expand,conv_gap,114,1152,1,False,48.0,0,1.0,1.0,5760,6.465547170144286e-07,2.3059769637611236,0.0020017161143759754,4.755890917274829,0.004128377532356623,1.552517141106287,0.0013476711294325408,4.52221305531669,10,1152,0.725799561523615,590,7,13,31,45,0.006076388888888889,0.011284722222222222,0.026909722222222224,0.0390625,5,timm:efficientnet_b0.ra_in1k_random
blocks.5.1.conv_pwl,conv,115,192,1,False,192.0,0,7.0,7.0,512,3.5888416534180943e-06,23.109174294049616,0.12036028278150841,58.6069448982545,0.30524450467840886,6.1416016764212085,0.03198750873136046,1.727239125417602,10,192,0.9082389604055063,192,76,104,154,185,0.3958333333333333,0.5416666666666666,0.8020833333333334,0.9635416666666666,1,timm:efficientnet_b0.ra_in1k_random
blocks.5.1.conv_pwl,conv,115,192,1,False,192.0,0,7.0,7.0,512,3.5888416534180943e-06,23.109174294049616,0.12036028278150841,58.6069448982545,0.30524450467840886,6.1416016764212085,0.03198750873136046,1.727239125417602,10,192,0.9082389604055063,192,76,104,154,185,0.3958333333333333,0.5416666666666666,0.8020833333333334,0.9635416666666666,2,timm:efficientnet_b0.ra_in1k_random
blocks.5.1.conv_pwl,conv,115,192,1,False,192.0,0,7.0,7.0,1024,4.071328572720039e-06,26.96287668250836,0.14043164938806438,66.89372547799869,0.3484048201979098,6.903122297891218,0.03595376196818343,1.462083745926004,10,192,0.935789742696791,192,88,118,166,188,0.4583333333333333,0.6145833333333334,0.8645833333333334,0.9791666666666666,5,timm:efficientnet_b0.ra_in1k_random
blocks.5.1.conv_pwl,conv,115,192,1,False,192.0,0,7.0,7.0,2048,4.251181442562996e-06,24.096381727841248,0.12550198816583982,65.3949567465706,0.3405987330550552,6.271982390795365,0.03266657495205919,1.334482093579866,10,192,0.9500141888852385,192,93,124,170,190,0.484375,0.6458333333333334,0.8854166666666666,0.9895833333333334,10,timm:efficientnet_b0.ra_in1k_random
blocks.5.1.conv_pwl,conv,115,192,1,False,192.0,0,7.0,7.0,5120,4.034882607934366e-06,26.696583841649765,0.13904470750859252,71.27449120769381,0.3712213083734053,6.665595702871,0.03471664428578646,1.2399710006533204,10,192,0.9553000906281471,192,100,131,174,190,0.5208333333333334,0.6822916666666666,0.90625,0.9895833333333334,25,timm:efficientnet_b0.ra_in1k_random
blocks.5.1.conv_pwl,conv,115,192,1,False,192.0,0,7.0,7.0,9728,3.7831183492188528e-06,27.63837491187503,0.14394986933268245,74.12471139313122,0.38606620517255846,6.747894035003949,0.035145281432312235,1.1946614745424662,10,192,0.955763142157789,192,103,134,175,190,0.5364583333333334,0.6979166666666666,0.9114583333333334,0.9895833333333334,50,timm:efficientnet_b0.ra_in1k_random
blocks.5.1.conv_pwl,conv,115,192,1,False,192.0,0,7.0,7.0,19456,3.718379471984432e-06,29.25180369022969,0.1523531442199463,77.0504228009914,0.4013042854218302,7.009044523027636,0.03650544022410227,1.1704037149314488,10,192,0.9559762134072936,192,106,136,176,190,0.5520833333333334,0.7083333333333334,0.9166666666666666,0.9895833333333334,100,timm:efficientnet_b0.ra_in1k_random
blocks.5.1.conv_pwl,conv,115,192,1,False,192.0,0,7.0,7.0,48128,3.6636724483161383e-06,30.551500030209045,0.1591223959906721,79.23999504116969,0.41270830750609216,7.212250423446405,0.03756380428878336,1.156757664856319,10,192,0.9563936120880884,192,107,138,177,191,0.5572916666666666,0.71875,0.921875,0.9947916666666666,250,timm:efficientnet_b0.ra_in1k_random
blocks.5.1,block,116,192,1,False,,0,7.0,7.0,512,4.230763764129067e-05,18.55947998765733,0.0966639582690486,47.150538792697006,0.24557572287863025,5.518252637297136,0.02874089915258925,1.8735968565834353,10,192,0.9211097283445382,192,64,91,145,182,0.3333333333333333,0.4739583333333333,0.7552083333333334,0.9479166666666666,1,timm:efficientnet_b0.ra_in1k_random
blocks.5.1,block,116,192,1,False,,0,7.0,7.0,512,4.230763764129067e-05,18.55947998765733,0.0966639582690486,47.150538792697006,0.24557572287863025,5.518252637297136,0.02874089915258925,1.8735968565834353,10,192,0.9211097283445382,192,64,91,145,182,0.3333333333333333,0.4739583333333333,0.7552083333333334,0.9479166666666666,2,timm:efficientnet_b0.ra_in1k_random
blocks.5.1,block,116,192,1,False,,0,7.0,7.0,1024,4.608685129779759e-05,19.650178101643323,0.10234467761272564,51.368659874836084,0.2675451035147713,5.726540767865544,0.029825733165966373,1.6038847951036421,10,192,0.9414226710269405,192,73,104,158,187,0.3802083333333333,0.5416666666666666,0.8229166666666666,0.9739583333333334,5,timm:efficientnet_b0.ra_in1k_random
blocks.5.1,block,116,192,1,False,,0,7.0,7.0,2048,4.834482207358722e-05,16.040115968795124,0.08354227067080794,47.5030472477379,0.24741170441530158,4.829492024983015,0.025153604296786536,1.4838316488861292,10,192,0.9531342923947419,192,76,108,162,188,0.3958333333333333,0.5625,0.84375,0.9791666666666666,10,timm:efficientnet_b0.ra_in1k_random
blocks.5.1,block,116,192,1,False,,0,7.0,7.0,5120,4.59530989044149e-05,17.45457847428045,0.09090926288687734,51.062953065288035,0.2659528805483752,5.1236374753079446,0.026685611850562212,1.3979832101970378,10,192,0.9584772613472254,192,81,114,166,189,0.421875,0.59375,0.8645833333333334,0.984375,25,timm:efficientnet_b0.ra_in1k_random
blocks.5.1,block,116,192,1,False,,0,7.0,7.0,9728,4.337436103704535e-05,18.291783495596277,0.09526970570623061,53.581828247810996,0.2790720221240156,5.240290187627388,0.027293178060559312,1.361309385374725,10,192,0.9589085799510343,192,84,118,168,189,0.4375,0.6145833333333334,0.875,0.984375,50,timm:efficientnet_b0.ra_in1k_random
blocks.5.1,block,116,192,1,False,,0,7.0,7.0,19456,4.2261327363722685e-05,19.965328721300676,0.10398608709010769,56.55291289020743,0.2945464213031637,5.597287207551446,0.029152537539330448,1.3428349602227276,10,192,0.9594905818935482,192,87,120,169,189,0.453125,0.625,0.8802083333333334,0.984375,100,timm:efficientnet_b0.ra_in1k_random
blocks.5.1,block,116,192,1,False,,0,7.0,7.0,48128,4.191894736225856e-05,20.942918702506564,0.10907770157555502,58.19366811662366,0.30309202144074826,5.810290959866141,0.030261932082636153,1.3319280654388694,10,192,0.9600468497251138,192,88,121,170,189,0.4583333333333333,0.6302083333333334,0.8854166666666666,0.984375,250,timm:efficientnet_b0.ra_in1k_random
blocks.5.2.conv_pw,conv,117,1152,1,False,192.0,0,7.0,7.0,1536,0.00010061678448858335,16.5174152209482,0.01433803404596198,45.063211037710495,0.03911737069245703,5.167569436605529,0.0044857373581645215,6.8446014363498096,10,1152,0.8218115791041924,673,68,99,153,186,0.059027777777777776,0.0859375,0.1328125,0.16145833333333334,1,timm:efficientnet_b0.ra_in1k_random
blocks.5.2.conv_pw,conv,117,1152,1,False,192.0,0,7.0,7.0,2560,9.526440695744576e-05,17.242210487167,0.014967196603443577,47.28633763911153,0.041047168089506536,5.272631919191788,0.004576937429853983,6.9750009326592135,10,1152,0.8154036808202627,672,72,103,157,187,0.0625,0.08940972222222222,0.1362847222222222,0.1623263888888889,2,timm:efficientnet_b0.ra_in1k_random
blocks.5.2.conv_pw,conv,117,1152,1,False,192.0,0,7.0,7.0,6144,8.978655581296646e-05,18.555950504680833,0.016107595924202113,51.486384180170184,0.0446930418230644,5.404223760361969,0.004691166458647543,7.223887640633584,10,1152,0.8081182721689072,669,77,109,161,188,0.06684027777777778,0.09461805555555555,0.13975694444444445,0.16319444444444445,5,timm:efficientnet_b0.ra_in1k_random
blocks.5.2.conv_pw,conv,117,1152,1,False,192.0,0,7.0,7.0,11776,8.767671512271456e-05,19.524543375333973,0.016948388346644073,53.67553952213074,0.04659335027962738,5.582341943752764,0.0048457829372853855,7.374514321679004,10,1152,0.8047171762109047,668,79,111,163,188,0.0685763888888889,0.09635416666666667,0.14149305555555555,0.16319444444444445,10,timm:efficientnet_b0.ra_in1k_random
blocks.5.2.conv_pw,conv,117,1152,1,False,192.0,0,7.0,7.0,29184,8.445738517375218e-05,20.871652639872902,0.01811775402766745,56.21137735219005,0.048794598395998305,5.843979753353601,0.005072899091452778,7.621015831051346,10,1152,0.7998639231435136,662,81,113,164,188,0.0703125,0.09809027777777778,0.1423611111111111,0.16319444444444445,25,timm:efficientnet_b0.ra_in1k_random
blocks.5.2.conv_pw,conv,117,1152,1,False,192.0,0,7.0,7.0,57856,8.48102823772417e-05,20.88310962172412,0.0181276993244133,56.146444285037,0.04873823288631684,5.854714208868513,0.005082217195198362,7.786890701636631,10,1152,0.7968009559767206,657,81,113,164,188,0.0703125,0.09809027777777778,0.1423611111111111,0.16319444444444445,50,timm:efficientnet_b0.ra_in1k_random
blocks.5.2.bn1.act,act,118,1152,1,False,,0,7.0,7.0,1536,2.514675938988207e-05,15.259991735885293,0.013246520604067094,43.72626258134592,0.037956825157418335,4.760014706304615,0.004131957210333867,6.804084121078871,10,1152,0.8225992719940126,678,68,98,154,186,0.059027777777777776,0.08506944444444445,0.13368055555555555,0.16145833333333334,1,timm:efficientnet_b0.ra_in1k_random
blocks.5.2.bn1.act,act,118,1152,1,False,,0,7.0,7.0,2560,2.3263765854786267e-05,16.809541675258732,0.014591616037550983,47.48532989489027,0.04121990442264781,5.074037729299229,0.004404546640016691,6.93214086853262,10,1152,0.8172036669587277,683,73,104,158,187,0.06336805555555555,0.09027777777777778,0.1371527777777778,0.1623263888888889,2,timm:efficientnet_b0.ra_in1k_random
blocks.5.2.bn1.act,act,118,1152,1,False,,0,7.0,7.0,6144,2.2090191772306016e-05,18.46791076073396,0.01603117253535934,51.61885962177779,0.044808037866126554,5.3489713127890095,0.004643204264573793,7.136242093777755,10,1152,0.8107338155178215,689,77,109,162,188,0.06684027777777778,0.09461805555555555,0.140625,0.16319444444444445,5,timm:efficientnet_b0.ra_in1k_random
blocks.5.2.bn1.act,act,118,1152,1,False,,0,7.0,7.0,11776,2.1727676380623873e-05,19.424144427008134,0.016861236481777894,53.65772651601276,0.04657788760070552,5.548946143327152,0.004816793527193709,7.227246347759474,10,1152,0.8082329548206187,697,79,111,163,188,0.0685763888888889,0.09635416666666667,0.14149305555555555,0.16319444444444445,10,timm:efficientnet_b0.ra_in1k_random
blocks.5.2.bn1.act,act,118,1152,1,False,,0,7.0,7.0,29184,2.1018328889603222e-05,20.991297956780873,0.01822161280970562,56.43648131369539,0.04899000114036058,5.868444557424588,0.005094135900542177,7.383021979744359,10,1152,0.8059860034627765,711,82,114,164,188,0.07118055555555555,0.09895833333333333,0.1423611111111111,0.16319444444444445,25,timm:efficientnet_b0.ra_in1k_random
blocks.5.2.bn1.act,act,118,1152,1,False,,0,7.0,7.0,57856,2.114179355215845e-05,20.85216615123999,0.018100838672951383,56.12205150418193,0.04871705859738015,5.848368394674412,0.005076708675932649,7.452864192278671,10,1152,0.8054700068024245,726,81,114,164,188,0.0703125,0.09895833333333333,0.1423611111111111,0.16319444444444445,50,timm:efficientnet_b0.ra_in1k_random
blocks.5.2.conv_dw,conv,119,1152,1152,True,1152.0,0,7.0,7.0,1536,3.881577908099925e-05,31.152518989177306,0.0270421171781053,124.3174467486291,0.10791445030262942,7.332352873040778,0.006364889646736786,2.2555956474860395,10,1152,0.8198053999941889,1152,229,352,627,913,0.1987847222222222,0.3055555555555556,0.5442708333333334,0.7925347222222222,1,timm:efficientnet_b0.ra_in1k_random
blocks.5.2.conv_dw,conv,119,1152,1152,True,1152.0,0,7.0,7.0,2560,3.678804159157741e-05,35.425473982275406,0.030751279498502957,145.18703966052516,0.12603041637198364,7.9382531617175625,0.006890844758435384,1.8282485483879305,10,1152,0.8918348154677619,1152,274,422,742,1033,0.2378472222222222,0.3663194444444444,0.6440972222222222,0.8967013888888888,2,timm:efficientnet_b0.ra_in1k_random
blocks.5.2.conv_dw,conv,119,1152,1152,True,1152.0,0,7.0,7.0,6144,3.490953736018e-05,38.54779488546318,0.033461627504742346,165.36270362502958,0.14354401356339375,8.36288685374227,0.007259450393873498,1.5750405925359312,10,1152,0.9242797010511468,1152,326,498,846,1091,0.2829861111111111,0.4322916666666667,0.734375,0.9470486111111112,5,timm:efficientnet_b0.ra_in1k_random
blocks.5.2.conv_dw,conv,119,1152,1152,True,1152.0,0,7.0,7.0,11776,3.4460319883363015e-05,39.73996324055821,0.03449649586854012,174.31352710052172,0.15131382560809178,8.54718809634112,0.007419434111407223,1.4974075033447765,10,1152,0.9332401917102765,1152,348,530,881,1103,0.3020833333333333,0.4600694444444444,0.7647569444444444,0.9574652777777778,10,timm:efficientnet_b0.ra_in1k_random
blocks.5.2.conv_dw,conv,119,1152,1152,True,1152.0,0,7.0,7.0,29184,3.270315417320826e-05,44.97312206868061,0.03903916846239636,192.13780799754625,0.16678629166453668,9.387399426038588,0.00814878422399183,1.4386247905304708,10,1152,0.9386497050668808,1152,374,563,910,1111,0.3246527777777778,0.4887152777777778,0.7899305555555556,0.9644097222222222,25,timm:efficientnet_b0.ra_in1k_random
blocks.5.2.conv_dw,conv,119,1152,1152,True,1152.0,0,7.0,7.0,57856,3.278617245395153e-05,45.21411347020188,0.03924836238732802,193.40343122842376,0.16788492294134005,9.45964742828872,0.008211499503722847,1.423278498303833,10,1152,0.9410072535326942,1152,379,570,916,1113,0.3289930555555556,0.4947916666666667,0.7951388888888888,0.9661458333333334,50,timm:efficientnet_b0.ra_in1k_random
blocks.5.2.bn2.act,act,120,1152,1,False,,0,7.0,7.0,1536,9.742245852027729e-06,30.31239645035839,0.0263128441409361,120.9841164640797,0.10502093443062474,7.450670414749648,0.006467595846136847,2.244258773998961,10,1152,0.8221804937943358,1152,227,351,627,915,0.1970486111111111,0.3046875,0.5442708333333334,0.7942708333333334,1,timm:efficientnet_b0.ra_in1k_random
blocks.5.2.bn2.act,act,120,1152,1,False,,0,7.0,7.0,2560,9.096353210037128e-06,33.90894662863088,0.02943484950401986,139.61064018547364,0.12118979182766809,8.009534027077473,0.0069527205096158624,1.8242529197854702,10,1152,0.8925023667489781,1152,270,418,740,1032,0.234375,0.3628472222222222,0.6423611111111112,0.8958333333333334,2,timm:efficientnet_b0.ra_in1k_random
blocks.5.2.bn2.act,act,120,1152,1,False,,0,7.0,7.0,6144,8.673813967760474e-06,37.72806041071112,0.032750052439853405,162.65940240977295,0.14119739792515013,8.376657721033755,0.0072714042717306904,1.5766259580701283,10,1152,0.9243207991231228,1152,323,496,844,1090,0.2803819444444444,0.4305555555555556,0.7326388888888888,0.9461805555555556,5,timm:efficientnet_b0.ra_in1k_random
blocks.5.2.bn2.act,act,120,1152,1,False,,0,7.0,7.0,11776,8.571188895485477e-06,38.540916951736406,0.03345565707616008,171.36791522905713,0.14875687085855654,8.430835622957659,0.007318433700484079,1.4947959433568627,10,1152,0.9334564654909103,1152,347,529,880,1103,0.3012152777777778,0.4592013888888889,0.7638888888888888,0.9574652777777778,10,timm:efficientnet_b0.ra_in1k_random
blocks.5.2.bn2.act,act,120,1152,1,False,,0,7.0,7.0,29184,8.161531567222992e-06,44.04430885573253,0.038232906992823376,189.85821264265556,0.16480747625230519,9.267143765444404,0.008044395629726045,1.4368790690692186,10,1152,0.9388075659092739,1152,374,563,909,1111,0.3246527777777778,0.4887152777777778,0.7890625,0.9644097222222222,25,timm:efficientnet_b0.ra_in1k_random
blocks.5.2.bn2.act,act,120,1152,1,False,,0,7.0,7.0,57856,8.184379585413111e-06,44.344127217777505,0.038493165987654086,191.42410997850624,0.16616676213412,9.311764746972102,0.008083129120635505,1.421760191992789,10,1152,0.9410981438527684,1152,378,569,916,1113,0.328125,0.4939236111111111,0.7951388888888888,0.9661458333333334,50,timm:efficientnet_b0.ra_in1k_random
blocks.5.2.se.conv_reduce,conv_gap,121,48,1,False,48.0,0,1.0,1.0,64,1.8727522211738915e-06,2.2837999369885975,0.047579165353929115,4.043213903645494,0.08423362299261446,1.5771925442054797,0.03285817800428083,3.2721684139992457,10,48,0.922858338353128,48,5,9,22,37,0.10416666666666667,0.1875,0.4583333333333333,0.7708333333333334,1,timm:efficientnet_b0.ra_in1k_random
blocks.5.2.se.conv_reduce,conv_gap,121,48,1,False,48.0,0,1.0,1.0,96,2.2128817940996287e-06,2.063946723493771,0.0429988900727869,3.699067476512067,0.07706390576066806,1.4764451937645846,0.030759274870095513,2.7673989319187218,10,48,0.9554301557812949,48,4,8,22,40,0.08333333333333333,0.16666666666666666,0.4583333333333333,0.8333333333333334,2,timm:efficientnet_b0.ra_in1k_random
blocks.5.2.se.conv_reduce,conv_gap,121,48,1,False,48.0,0,1.0,1.0,256,1.7963986779177408e-06,2.17000284388255,0.04520839258088646,4.080014931890508,0.08500031108105226,1.5168554020821179,0.03160115421004412,2.157933704477241,10,48,0.9790829626688808,48,5,10,27,44,0.10416666666666667,0.20833333333333334,0.5625,0.9166666666666666,5,timm:efficientnet_b0.ra_in1k_random
blocks.5.2.se.conv_reduce,conv_gap,121,48,1,False,48.0,0,1.0,1.0,480,1.7926624579429093e-06,2.1952671708698754,0.045734732726455736,4.137812566469623,0.08620442846811714,1.527116037436328,0.031814917446590166,2.0020658708404415,10,48,0.9830388212928097,48,5,10,29,45,0.10416666666666667,0.20833333333333334,0.6041666666666666,0.9375,10,timm:efficientnet_b0.ra_in1k_random
blocks.5.2.se.conv_reduce,conv_gap,121,48,1,False,48.0,0,1.0,1.0,1216,1.6714143943583395e-06,2.2749953408948373,0.04739573626864244,4.333380938054868,0.09027876954280974,1.5596978191866033,0.03249370456638757,1.921626655801501,10,48,0.9870182543605821,48,5,11,30,45,0.10416666666666667,0.22916666666666666,0.625,0.9375,25,timm:efficientnet_b0.ra_in1k_random
blocks.5.2.se.conv_reduce,conv_gap,121,48,1,False,48.0,0,1.0,1.0,2400,1.586643393928542e-06,2.3549357410341316,0.04906116127154441,4.531683985582335,0.09441008303296532,1.5918496735623715,0.03316353486588274,1.864454003364097,10,48,0.9891488721012457,48,6,12,31,45,0.125,0.25,0.6458333333333334,0.9375,50,timm:efficientnet_b0.ra_in1k_random
blocks.5.2.se.conv_reduce,conv_gap,121,48,1,False,48.0,0,1.0,1.0,4800,1.639593171855979e-06,2.316398766274386,0.048258307630716375,4.456188056923411,0.0928372511859044,1.5751929090872419,0.032816518939317536,1.8620692241505232,10,48,0.9896665435257511,48,6,12,31,45,0.125,0.25,0.6458333333333334,0.9375,100,timm:efficientnet_b0.ra_in1k_random
blocks.5.2.se.act1,act,122,48,1,False,,0,1.0,1.0,64,4.6821070654816537e-07,2.2839118914953653,0.04758149773948678,4.043448012370773,0.08423850025772443,1.5772387445128642,0.03285914051068467,3.2720601057545107,10,48,0.9228800390603562,48,5,9,22,37,0.10416666666666667,0.1875,0.4583333333333333,0.7708333333333334,1,timm:efficientnet_b0.ra_in1k_random
blocks.5.2.se.act1,act,122,48,1,False,,0,1.0,1.0,96,5.532187968267929e-07,2.0641231661017634,0.043002565960453404,3.699456843874647,0.07707201758072181,1.4765191616425712,0.030760815867553568,2.767523503950079,10,48,0.9554322332037994,48,4,8,22,40,0.08333333333333333,0.16666666666666666,0.4583333333333333,0.8333333333333334,2,timm:efficientnet_b0.ra_in1k_random
blocks.5.2.se.act1,act,122,48,1,False,,0,1.0,1.0,256,4.4909683662767193e-07,2.170184640336794,0.045212180007016545,4.080444287138338,0.08500925598204871,1.5169283126173108,0.03160267317952731,2.15797613219685,10,48,0.9790892724692883,48,5,10,27,44,0.10416666666666667,0.20833333333333334,0.5625,0.9166666666666666,5,timm:efficientnet_b0.ra_in1k_random
blocks.5.2.se.act1,act,122,48,1,False,,0,1.0,1.0,480,4.481617318263412e-07,2.195458698889233,0.045738722893525686,4.138271257117407,0.08621398452327932,1.527192258945559,0.03181650539469915,2.0020877535452284,10,48,0.9830405647711662,48,5,10,29,45,0.10416666666666667,0.20833333333333334,0.6041666666666666,0.9375,10,timm:efficientnet_b0.ra_in1k_random
blocks.5.2.se.act1,act,122,48,1,False,,0,1.0,1.0,1216,4.1785699720620384e-07,2.27514974396261,0.04739895299922104,4.333756307515061,0.0902865897398971,1.5597581319389553,0.03249496108206157,1.9216743000365728,10,48,0.9870176420527608,48,5,11,30,45,0.10416666666666667,0.22916666666666666,0.625,0.9375,25,timm:efficientnet_b0.ra_in1k_random
blocks.5.2.se.act1,act,122,48,1,False,,0,1.0,1.0,2400,3.966616213796435e-07,2.355109248242453,0.0490647760050511,4.532099409661145,0.09441873770127385,1.5919170042603032,0.03316493758875632,1.8645015089996078,10,48,0.9891501801857434,48,6,12,31,45,0.125,0.25,0.6458333333333334,0.9375,50,timm:efficientnet_b0.ra_in1k_random
blocks.5.2.se.act1,act,122,48,1,False,,0,1.0,1.0,4800,4.099019293649924e-07,2.3165598805300536,0.04826166417770945,4.456580640768953,0.09284543001601986,1.5752551660226002,0.03281781595880417,1.8621031865730666,10,48,0.989669381341894,48,6,12,31,45,0.125,0.25,0.6458333333333334,0.9375,100,timm:efficientnet_b0.ra_in1k_random
blocks.5.2.se.conv_expand,conv_gap,123,1152,1,False,48.0,0,1.0,1.0,1152,8.162849784159701e-07,2.3198567764333045,0.0020137645628761323,4.429002908357677,0.0038446205801715943,1.5778160519262032,0.0013696319895192737,4.314577961809225,10,1152,0.7390890953351767,597,6,11,30,45,0.005208333333333333,0.009548611111111112,0.026041666666666668,0.0390625,1,timm:efficientnet_b0.ra_in1k_random
blocks.5.2.se.conv_expand,conv_gap,123,1152,1,False,48.0,0,1.0,1.0,2304,7.70748076481425e-07,2.4188789394391548,0.0020997213015964884,4.660313848126081,0.004045411326498334,1.6183795373778962,0.0014048433484183127,4.388342303573054,10,1152,0.7285818468862264,594,6,12,31,45,0.005208333333333333,0.010416666666666666,0.026909722222222224,0.0390625,2,timm:efficientnet_b0.ra_in1k_random
blocks.5.2.se.conv_expand,conv_gap,123,1152,1,False,48.0,0,1.0,1.0,5760,7.971638496087202e-07,2.371000373599667,0.0020581600465274887,4.5715756017613485,0.00396838159875117,1.5973528923474354,0.0013865910523849266,4.473054750871306,10,1152,0.7236026847539698,592,6,12,31,45,0.005208333333333333,0.010416666666666666,0.026909722222222224,0.0390625,5,timm:efficientnet_b0.ra_in1k_random
blocks.5.2.conv_pwl,conv,124,192,1,False,192.0,0,7.0,7.0,512,3.864621907332958e-06,31.670912317784687,0.16495266832179525,68.10918900818402,0.3547353594176251,8.359738740903449,0.04354030594220546,1.6693579806606895,10,192,0.9113797329361079,192,81,109,158,186,0.421875,0.5677083333333334,0.8229166666666666,0.96875,1,timm:efficientnet_b0.ra_in1k_random
blocks.5.2.conv_pwl,conv,124,192,1,False,192.0,0,7.0,7.0,512,3.864621907332958e-06,31.670912317784687,0.16495266832179525,68.10918900818402,0.3547353594176251,8.359738740903449,0.04354030594220546,1.6693579806606895,10,192,0.9113797329361079,192,81,109,158,186,0.421875,0.5677083333333334,0.8229166666666666,0.96875,2,timm:efficientnet_b0.ra_in1k_random
blocks.5.2.conv_pwl,conv,124,192,1,False,192.0,0,7.0,7.0,1024,4.366961293587639e-06,37.90614190431964,0.19742782241833146,77.68027801904907,0.4045847813492139,10.10082880474217,0.052608483358032136,1.4326700769205276,10,192,0.9363005189849672,192,93,123,168,189,0.484375,0.640625,0.875,0.984375,5,timm:efficientnet_b0.ra_in1k_random
blocks.5.2.conv_pwl,conv,124,192,1,False,192.0,0,7.0,7.0,2048,4.483221017366777e-06,32.33276009808135,0.16839979217750703,74.91991179855458,0.3902078739508051,8.344932835707287,0.043463191852642115,1.311673459737415,10,192,0.9497287756407865,192,97,128,172,190,0.5052083333333334,0.6666666666666666,0.8958333333333334,0.9895833333333334,10,timm:efficientnet_b0.ra_in1k_random
blocks.5.2.conv_pwl,conv,124,192,1,False,192.0,0,7.0,7.0,5120,4.293937530343964e-06,34.86444176403562,0.1815856341876855,79.87350909839232,0.41600785988746,8.710857615741821,0.04536905008198865,1.2225577988391487,10,192,0.9557621291718498,192,103,134,175,190,0.5364583333333334,0.6979166666666666,0.9114583333333334,0.9895833333333334,25,timm:efficientnet_b0.ra_in1k_random
blocks.5.2.conv_pwl,conv,124,192,1,False,192.0,0,7.0,7.0,9728,4.068643848071548e-06,36.58333627037239,0.19053820974152288,83.28500089628143,0.4337760463347991,8.923488015947632,0.04647650008306058,1.1819491839820275,10,192,0.9566839487022986,192,107,137,176,191,0.5572916666666666,0.7135416666666666,0.9166666666666666,0.9947916666666666,50,timm:efficientnet_b0.ra_in1k_random
blocks.5.2.conv_pwl,conv,124,192,1,False,192.0,0,7.0,7.0,19456,4.023378584596938e-06,38.301947446376154,0.19948930961654246,85.86529182132435,0.44721506156939766,9.207966884290062,0.04795816085567741,1.1604830443645582,10,192,0.9572242602737642,192,109,139,177,191,0.5677083333333334,0.7239583333333334,0.921875,0.9947916666666666,100,timm:efficientnet_b0.ra_in1k_random
blocks.5.2.conv_pwl,conv,124,192,1,False,192.0,0,7.0,7.0,48128,3.962856013821865e-06,39.85455224196141,0.20757579292688233,87.94597174229452,0.45805193615778395,9.515633858520882,0.049560593013129595,1.145150523456637,10,192,0.9577667001922998,192,110,140,178,191,0.5729166666666666,0.7291666666666666,0.9270833333333334,0.9947916666666666,250,timm:efficientnet_b0.ra_in1k_random
blocks.5.2,block,125,192,1,False,,0,7.0,7.0,512,4.499189619092478e-05,18.447909202170777,0.0960828604279728,48.71129598361768,0.2537046665813421,5.3338004961395376,0.027780210917393425,1.799585419647946,10,192,0.9186424186489589,192,67,96,148,183,0.3489583333333333,0.5,0.7708333333333334,0.953125,1,timm:efficientnet_b0.ra_in1k_random
blocks.5.2,block,125,192,1,False,,0,7.0,7.0,512,4.499189619092478e-05,18.447909202170777,0.0960828604279728,48.71129598361768,0.2537046665813421,5.3338004961395376,0.027780210917393425,1.799585419647946,10,192,0.9186424186489589,192,67,96,148,183,0.3489583333333333,0.5,0.7708333333333334,0.953125,2,timm:efficientnet_b0.ra_in1k_random
blocks.5.2,block,125,192,1,False,,0,7.0,7.0,1024,5.1993927945869465e-05,19.710506603602134,0.10265888856042778,52.987777307735065,0.2759780068111201,5.660801741654424,0.029483342404450125,1.54405715537293,10,192,0.9449646913874099,192,77,108,161,187,0.4010416666666667,0.5625,0.8385416666666666,0.9739583333333334,5,timm:efficientnet_b0.ra_in1k_random
blocks.5.2,block,125,192,1,False,,0,7.0,7.0,2048,5.3641220224797786e-05,17.285752881549154,0.09002996292473518,50.10794886942786,0.2609789003616034,5.167842541546096,0.026915846570552585,1.4179713064300075,10,192,0.9576129990039808,192,80,113,165,189,0.4166666666666667,0.5885416666666666,0.859375,0.984375,10,timm:efficientnet_b0.ra_in1k_random
blocks.5.2,block,125,192,1,False,,0,7.0,7.0,5120,5.006808097658088e-05,18.912194255925364,0.09850101174961128,54.39125670383637,0.2832877953324811,5.46273213491051,0.028451729869325575,1.3317221010871656,10,192,0.9641661355285717,192,86,120,169,189,0.4479166666666667,0.625,0.8802083333333334,0.984375,25,timm:efficientnet_b0.ra_in1k_random
blocks.5.2,block,125,192,1,False,,0,7.0,7.0,9728,4.735222217343814e-05,19.839053841278197,0.10332840542332394,57.19821183625799,0.2979073533138437,5.569661089584309,0.029008651508251607,1.2928365301572349,10,192,0.9640663396032941,192,89,123,171,190,0.4635416666666667,0.640625,0.890625,0.9895833333333334,50,timm:efficientnet_b0.ra_in1k_random
blocks.5.2,block,125,192,1,False,,0,7.0,7.0,19456,4.6449973893899426e-05,20.795541640795424,0.10831011271247616,59.355515098965384,0.30914330780711136,5.73563073982488,0.02987307676992125,1.272109975139193,10,192,0.9658372027438697,192,92,125,172,190,0.4791666666666667,0.6510416666666666,0.8958333333333334,0.9895833333333334,100,timm:efficientnet_b0.ra_in1k_random
blocks.5.2,block,125,192,1,False,,0,7.0,7.0,48128,4.569707983308108e-05,22.017928839476614,0.11467671270560736,61.521775634883575,0.32042591476501864,5.981803155360062,0.031155224767500322,1.260877268981301,10,192,0.966703414383694,192,93,127,173,190,0.484375,0.6614583333333334,0.9010416666666666,0.9895833333333334,250,timm:efficientnet_b0.ra_in1k_random
blocks.5.3.conv_pw,conv,126,1152,1,False,192.0,0,7.0,7.0,1536,0.00010903235859611105,18.38291561409473,0.0159573920261239,49.150521489945405,0.04266538323779983,5.571018426709016,0.0048359534954071325,6.905340180876031,10,1152,0.8165854152551417,668,73,104,158,187,0.06336805555555555,0.09027777777777778,0.1371527777777778,0.1623263888888889,1,timm:efficientnet_b0.ra_in1k_random
blocks.5.3.conv_pw,conv,126,1152,1,False,192.0,0,7.0,7.0,2560,0.00010221905456771548,19.200344453574985,0.016666965671506065,51.788347864797366,0.04495516307708105,5.666963098093814,0.004919238800428658,7.029573800898685,10,1152,0.8102716951732515,668,77,109,162,188,0.06684027777777778,0.09461805555555555,0.140625,0.16319444444444445,2,timm:efficientnet_b0.ra_in1k_random
blocks.5.3.conv_pw,conv,126,1152,1,False,192.0,0,7.0,7.0,6144,9.82639821466749e-05,19.72942364267213,0.01712623580093067,54.4232777411245,0.04724242859472613,5.6699512571951445,0.004921832688537452,7.26195690704664,10,1152,0.8038773586185254,666,81,114,165,189,0.0703125,0.09895833333333333,0.14322916666666666,0.1640625,5,timm:efficientnet_b0.ra_in1k_random
blocks.5.3.conv_pw,conv,126,1152,1,False,192.0,0,7.0,7.0,11776,9.75531778124196e-05,20.423110462755044,0.01772839449891931,55.88491599606345,0.04851121180213841,5.818120993063624,0.005050452250923284,7.412727111178997,10,1152,0.8006895875214336,663,83,116,166,189,0.0720486111111111,0.10069444444444445,0.1440972222222222,0.1640625,10,timm:efficientnet_b0.ra_in1k_random
blocks.5.3.conv_pw,conv,126,1152,1,False,192.0,0,7.0,7.0,29184,9.287746121015455e-05,22.236773505612028,0.019302754779177107,59.24787547810876,0.05143044746363608,6.164683963003447,0.005351288162329381,7.6680651905369555,10,1152,0.7963769404956633,660,86,118,167,189,0.07465277777777778,0.10243055555555555,0.1449652777777778,0.1640625,25,timm:efficientnet_b0.ra_in1k_random
blocks.5.3.conv_pw,conv,126,1152,1,False,192.0,0,7.0,7.0,57856,9.287099827317357e-05,22.211318005957477,0.01928065799128253,59.281753929047916,0.051459855841187424,6.157440860127159,0.005345000746638159,7.802067861870605,10,1152,0.7933611869987011,658,86,118,167,189,0.07465277777777778,0.10243055555555555,0.1449652777777778,0.1640625,50,timm:efficientnet_b0.ra_in1k_random
blocks.5.3.bn1.act,act,127,1152,1,False,,0,7.0,7.0,1536,2.6594059553308977e-05,16.752729667225527,0.014542300058355492,47.031662641529664,0.0408260960429945,5.102948245686404,0.004429642574380559,6.812434682109538,10,1152,0.8195025296204895,679,72,103,157,187,0.0625,0.08940972222222222,0.1362847222222222,0.1623263888888889,1,timm:efficientnet_b0.ra_in1k_random
blocks.5.3.bn1.act,act,127,1152,1,False,,0,7.0,7.0,2560,2.557617135750171e-05,18.479227932652755,0.01604099646931663,50.95128345240675,0.044228544663547524,5.4440660832632455,0.004725751808388234,6.934451959737322,10,1152,0.8136162250162109,684,76,108,161,188,0.06597222222222222,0.09375,0.13975694444444445,0.16319444444444445,2,timm:efficientnet_b0.ra_in1k_random
blocks.5.3.bn1.act,act,127,1152,1,False,,0,7.0,7.0,6144,2.422536040991419e-05,20.21768980265651,0.017550077953694884,55.21629248750596,0.04793080945096004,5.750979590759812,0.00499216978364567,7.1423245030158915,10,1152,0.8078370998180988,693,82,114,165,189,0.07118055555555555,0.09895833333333333,0.14322916666666666,0.1640625,5,timm:efficientnet_b0.ra_in1k_random
blocks.5.3.bn1.act,act,127,1152,1,False,,0,7.0,7.0,11776,2.412866147583054e-05,20.465251092931236,0.017764974907058365,56.12144965832942,0.04871653616174429,5.792818823309928,0.005028488561900979,7.2404073982228505,10,1152,0.8055717987607993,700,83,116,166,189,0.0720486111111111,0.10069444444444445,0.1440972222222222,0.1640625,10,timm:efficientnet_b0.ra_in1k_random
blocks.5.3.bn1.act,act,127,1152,1,False,,0,7.0,7.0,29184,2.3154686273289585e-05,22.185406919239746,0.019258165728506724,59.200954100463576,0.051389717101096855,6.151606778074248,0.005339936439300562,7.364807450285913,10,1152,0.8030315629519371,716,86,118,167,189,0.07465277777777778,0.10243055555555555,0.1449652777777778,0.1640625,25,timm:efficientnet_b0.ra_in1k_random
blocks.5.3.bn1.act,act,127,1152,1,False,,0,7.0,7.0,57856,2.321692597353446e-05,22.35537806362566,0.019405710124675055,59.48747681522007,0.051638434735434086,6.1904177982355275,0.00537362656096834,7.435081723090789,10,1152,0.8027161395370981,735,86,118,167,189,0.07465277777777778,0.10243055555555555,0.1449652777777778,0.1640625,50,timm:efficientnet_b0.ra_in1k_random
blocks.5.3.conv_dw,conv,128,1152,1152,True,1152.0,0,7.0,7.0,1536,4.2709833017984555e-05,33.56953114067788,0.02914021800406066,125.45211882480173,0.10889940870208484,8.357089189944311,0.007254417699604437,2.2969323243941173,10,1152,0.8103535578251361,1152,226,349,620,905,0.19618055555555555,0.3029513888888889,0.5381944444444444,0.7855902777777778,1,timm:efficientnet_b0.ra_in1k_random
blocks.5.3.conv_dw,conv,128,1152,1152,True,1152.0,0,7.0,7.0,2560,3.961143303612551e-05,39.46125438318884,0.03425456109651809,149.87743494857938,0.1301019400595307,9.446298589546833,0.008199911970092738,1.8281865800568973,10,1152,0.8904069332999501,1152,276,424,744,1033,0.23958333333333334,0.3680555555555556,0.6458333333333334,0.8967013888888888,2,timm:efficientnet_b0.ra_in1k_random
blocks.5.3.conv_dw,conv,128,1152,1152,True,1152.0,0,7.0,7.0,6144,3.76683612808714e-05,41.96372157358933,0.03642684164374074,169.86982474833172,0.14745644509403796,9.732379717275794,0.00844824628235746,1.5636389953374046,10,1152,0.9243422049762456,1152,330,504,851,1093,0.2864583333333333,0.4375,0.7387152777777778,0.9487847222222222,5,timm:efficientnet_b0.ra_in1k_random
blocks.5.3.conv_dw,conv,128,1152,1152,True,1152.0,0,7.0,7.0,11776,3.728910760161428e-05,42.67682099605324,0.03704585155907399,178.3556066420533,0.1548225752101157,9.719633963594598,0.008437182260064756,1.485750694812465,10,1152,0.9329025168972552,1152,353,536,885,1104,0.3064236111111111,0.4652777777777778,0.7682291666666666,0.9583333333333334,10,timm:efficientnet_b0.ra_in1k_random
blocks.5.3.conv_dw,conv,128,1152,1152,True,1152.0,0,7.0,7.0,29184,3.5372428077788975e-05,48.10331008844095,0.04175634556288277,196.90966274629636,0.17092852668949338,10.558626608251705,0.009165474486329605,1.4259458611427605,10,1152,0.9379223516699879,1152,381,570,914,1113,0.3307291666666667,0.4947916666666667,0.7934027777777778,0.9661458333333334,25,timm:efficientnet_b0.ra_in1k_random
blocks.5.3.conv_dw,conv,128,1152,1152,True,1152.0,0,7.0,7.0,57856,3.5482894894188026e-05,48.19493027193019,0.04183587697216162,197.76084660637792,0.1716674015680364,10.654372265024353,0.009248587035611417,1.410068445562832,10,1152,0.9402074975267224,1152,385,577,921,1114,0.3342013888888889,0.5008680555555556,0.7994791666666666,0.9670138888888888,50,timm:efficientnet_b0.ra_in1k_random
blocks.5.3.bn2.act,act,129,1152,1,False,,0,7.0,7.0,1536,1.0455310880108756e-05,32.41562792721281,0.028138565909038897,123.99813286700841,0.10763726811372258,8.266772647975372,0.007176017923589733,2.2562095132797,10,1152,0.8169112155646432,1152,229,352,628,913,0.1987847222222222,0.3055555555555556,0.5451388888888888,0.7925347222222222,1,timm:efficientnet_b0.ra_in1k_random
blocks.5.3.bn2.act,act,129,1152,1,False,,0,7.0,7.0,2560,9.960459808593095e-06,36.57583072099187,0.031749853056416553,144.0814969105892,0.1250707438459976,8.84832057843626,0.007680833835448143,1.822738837233649,10,1152,0.8922825228742973,1152,273,421,743,1034,0.23697916666666666,0.3654513888888889,0.6449652777777778,0.8975694444444444,2,timm:efficientnet_b0.ra_in1k_random
blocks.5.3.bn2.act,act,129,1152,1,False,,0,7.0,7.0,6144,9.48745756193532e-06,40.715408725933976,0.035343236741262135,167.29280891753308,0.1452194521853586,9.407498543579209,0.008166231374634729,1.567083604688859,10,1152,0.9240950032623784,1152,328,501,849,1092,0.2847222222222222,0.4348958333333333,0.7369791666666666,0.9479166666666666,5,timm:efficientnet_b0.ra_in1k_random
blocks.5.3.bn2.act,act,129,1152,1,False,,0,7.0,7.0,11776,9.368638422701163e-06,43.046873010891986,0.03736707726639929,178.71903201972782,0.15513804862823596,9.916214246175693,0.008607824866471957,1.4862204574123679,10,1152,0.9324228323837702,1152,353,536,885,1104,0.3064236111111111,0.4652777777777778,0.7682291666666666,0.9583333333333334,10,timm:efficientnet_b0.ra_in1k_random
blocks.5.3.bn2.act,act,129,1152,1,False,,0,7.0,7.0,29184,8.900473235529242e-06,47.68159855835926,0.04139027652635353,195.95482978411272,0.17009967863204228,10.540005227223173,0.009149310093075671,1.4264308102601315,10,1152,0.9377053239400819,1152,380,570,914,1113,0.3298611111111111,0.4947916666666667,0.7934027777777778,0.9661458333333334,25,timm:efficientnet_b0.ra_in1k_random
blocks.5.3.bn2.act,act,129,1152,1,False,,0,7.0,7.0,57856,8.929835867725787e-06,47.2078417076236,0.04097902926008993,195.62993901486536,0.1698176553948484,10.442918144172864,0.009065033111261167,1.4109046371855907,10,1152,0.9402197683611662,1152,384,576,920,1114,0.3333333333333333,0.5,0.7986111111111112,0.9670138888888888,50,timm:efficientnet_b0.ra_in1k_random
blocks.5.3.se.conv_reduce,conv_gap,130,48,1,False,48.0,0,1.0,1.0,64,1.7703809670231163e-06,2.8198827617028033,0.058747557535475066,4.949335728598843,0.1031111610124759,1.8364863765144819,0.038260132844051706,3.3746072680806107,10,48,0.8973300204619615,48,6,10,24,38,0.125,0.20833333333333334,0.5,0.7916666666666666,1,timm:efficientnet_b0.ra_in1k_random
blocks.5.3.se.conv_reduce,conv_gap,130,48,1,False,48.0,0,1.0,1.0,96,2.046227570612628e-06,2.5603209756802268,0.05334002032667139,4.576823505295016,0.09535048969364616,1.7010016336391034,0.03543753403414799,2.769573360685137,10,48,0.9497633820785313,48,5,10,24,40,0.10416666666666667,0.20833333333333334,0.5,0.8333333333333334,2,timm:efficientnet_b0.ra_in1k_random
blocks.5.3.se.conv_reduce,conv_gap,130,48,1,False,48.0,0,1.0,1.0,256,1.6935260870275737e-06,2.679356231710018,0.05581992149395871,4.98670755834707,0.10388974079889729,1.75277060426565,0.03651605425553437,2.1715391257885206,10,48,0.9675318832140657,48,6,12,29,44,0.125,0.25,0.6041666666666666,0.9166666666666666,5,timm:efficientnet_b0.ra_in1k_random
blocks.5.3.se.conv_reduce,conv_gap,130,48,1,False,48.0,0,1.0,1.0,480,1.6676994882365644e-06,2.679302307274693,0.05581879806822277,5.0135774682665755,0.104449530588887,1.7528367505781506,0.03651743230371147,2.035510026330682,10,48,0.9778785321563542,48,7,13,31,45,0.14583333333333334,0.2708333333333333,0.6458333333333334,0.9375,10,timm:efficientnet_b0.ra_in1k_random
blocks.5.3.se.conv_reduce,conv_gap,130,48,1,False,48.0,0,1.0,1.0,1216,1.5445029457040747e-06,2.8396734265328822,0.05915986305276838,5.31661582514074,0.1107628296904321,1.8283627464866368,0.03809089055180493,1.9271690441666842,10,48,0.9798814249323458,48,7,13,32,45,0.14583333333333334,0.2708333333333333,0.6666666666666666,0.9375,25,timm:efficientnet_b0.ra_in1k_random
blocks.5.3.se.conv_reduce,conv_gap,130,48,1,False,48.0,0,1.0,1.0,2400,1.4800255366002468e-06,2.955325105353166,0.06156927302819096,5.561689240327565,0.11586852584015761,1.8805406340616322,0.039177929876284004,1.8995594445623276,10,48,0.9819077363649319,48,7,14,33,46,0.14583333333333334,0.2916666666666667,0.6875,0.9583333333333334,50,timm:efficientnet_b0.ra_in1k_random
blocks.5.3.se.conv_reduce,conv_gap,130,48,1,False,48.0,0,1.0,1.0,4800,1.519187757656702e-06,2.916714892782679,0.06076489359963915,5.507919598072624,0.11474832495984633,1.8580216362082236,0.038708784087671325,1.8964595872384085,10,48,0.9826406373307044,48,7,14,33,46,0.14583333333333334,0.2916666666666667,0.6875,0.9583333333333334,100,timm:efficientnet_b0.ra_in1k_random
blocks.5.3.se.act1,act,131,48,1,False,,0,1.0,1.0,64,4.427114769573781e-07,2.8194294380932994,0.0587381132936104,4.94862129990759,0.10309627708140812,1.8362481263447403,0.03825516929884876,3.3746255573474144,10,48,0.8973311644852212,48,6,10,24,38,0.125,0.20833333333333334,0.5,0.7916666666666666,1,timm:efficientnet_b0.ra_in1k_random
blocks.5.3.se.act1,act,131,48,1,False,,0,1.0,1.0,96,5.117065591056363e-07,2.5598636607084626,0.053330492931426304,4.576048376552938,0.09533434117818622,1.70078412702221,0.03543300264629604,2.7696630748315547,10,48,0.9497559148428644,48,5,10,24,40,0.10416666666666667,0.20833333333333334,0.5,0.8333333333333334,2,timm:efficientnet_b0.ra_in1k_random
blocks.5.3.se.act1,act,131,48,1,False,,0,1.0,1.0,256,4.2348646696973634e-07,2.6789039291825683,0.05581049852463684,4.985916923327978,0.10387326923599954,1.752553918842994,0.03651153997589571,2.1715944227663413,10,48,0.9675336359344501,48,6,12,29,44,0.125,0.25,0.6041666666666666,0.9166666666666666,5,timm:efficientnet_b0.ra_in1k_random
blocks.5.3.se.act1,act,131,48,1,False,,0,1.0,1.0,480,4.170256535439675e-07,2.6788732759446074,0.055809859915512655,5.012813953758978,0.10443362403664537,1.7526301796291222,0.03651312874227338,2.035581619483934,10,48,0.9778797830501093,48,7,13,31,45,0.14583333333333334,0.2708333333333333,0.6458333333333334,0.9375,10,timm:efficientnet_b0.ra_in1k_random
blocks.5.3.se.act1,act,131,48,1,False,,0,1.0,1.0,1216,3.8621557777324094e-07,2.8392419699935285,0.05915087437486518,5.315858046529032,0.11074704263602149,1.8281476911187753,0.03808641023164115,1.9272130358932953,10,48,0.9798845677700198,48,7,13,32,45,0.14583333333333334,0.2708333333333333,0.6666666666666666,0.9375,25,timm:efficientnet_b0.ra_in1k_random
blocks.5.3.se.act1,act,131,48,1,False,,0,1.0,1.0,2400,3.700902552522933e-07,2.954874119175286,0.06155987748281846,5.560907419962329,0.11585223791588185,1.8803108776647137,0.039173143284681536,1.8996090936185182,10,48,0.9819127714678652,48,7,14,33,46,0.14583333333333334,0.2916666666666667,0.6875,0.9583333333333334,50,timm:efficientnet_b0.ra_in1k_random
blocks.5.3.se.act1,act,131,48,1,False,,0,1.0,1.0,4800,3.798845998509026e-07,2.9162642937024588,0.06075550611880123,5.507134107092006,0.1147319605644168,1.8577979441951575,0.038704123837399115,1.8965102331703856,10,48,0.9826458555176629,48,7,14,33,46,0.14583333333333334,0.2916666666666667,0.6875,0.9583333333333334,100,timm:efficientnet_b0.ra_in1k_random
blocks.5.3.se.conv_expand,conv_gap,132,1152,1,False,48.0,0,1.0,1.0,1152,7.770504717041861e-07,2.7890167993933317,0.002421021527251156,5.2141387785576105,0.004526162134164593,1.8048309659832438,0.0015666935468604546,4.307561940254153,10,1152,0.7202309742496019,595,7,13,31,45,0.006076388888888889,0.011284722222222222,0.026909722222222224,0.0390625,1,timm:efficientnet_b0.ra_in1k_random
blocks.5.3.se.conv_expand,conv_gap,132,1152,1,False,48.0,0,1.0,1.0,2304,7.383280450844e-07,2.9227954386214408,0.0025371488182477785,5.495282556639958,0.004770210552638852,1.8661469969763647,0.0016199192682086498,4.368773847450282,10,1152,0.7172414310979824,596,7,14,32,46,0.006076388888888889,0.012152777777777778,0.027777777777777776,0.03993055555555555,2,timm:efficientnet_b0.ra_in1k_random
blocks.5.3.se.conv_expand,conv_gap,132,1152,1,False,48.0,0,1.0,1.0,5760,7.585855210892563e-07,2.8863590442285774,0.00250552000367064,5.442495524096454,0.0047243884757781724,1.8445915981000365,0.0016012079844618372,4.469631747110306,10,1152,0.7128397172354384,592,7,14,32,46,0.006076388888888889,0.012152777777777778,0.027777777777777776,0.03993055555555555,5,timm:efficientnet_b0.ra_in1k_random
blocks.5.3.conv_pwl,conv,133,192,1,False,192.0,0,7.0,7.0,512,4.303921595719961e-06,29.249995932594924,0.15234372881559857,65.47353410187718,0.3410079901139436,7.462811168805811,0.0388688081708636,1.7394176869363642,10,192,0.9089975804770256,192,78,106,155,185,0.40625,0.5520833333333334,0.8072916666666666,0.9635416666666666,1,timm:efficientnet_b0.ra_in1k_random
blocks.5.3.conv_pwl,conv,133,192,1,False,192.0,0,7.0,7.0,512,4.303921595719961e-06,29.249995932594924,0.15234372881559857,65.47353410187718,0.3410079901139436,7.462811168805811,0.0388688081708636,1.7394176869363642,10,192,0.9089975804770256,192,78,106,155,185,0.40625,0.5520833333333334,0.8072916666666666,0.9635416666666666,2,timm:efficientnet_b0.ra_in1k_random
blocks.5.3.conv_pwl,conv,133,192,1,False,192.0,0,7.0,7.0,1024,4.949819357205731e-06,33.595402762338665,0.17497605605384722,74.47745912880046,0.3879034329625024,8.278485019845705,0.04311710947836305,1.4532541847632456,10,192,0.9382878307983782,192,91,121,167,189,0.4739583333333333,0.6302083333333334,0.8697916666666666,0.984375,5,timm:efficientnet_b0.ra_in1k_random
blocks.5.3.conv_pwl,conv,133,192,1,False,192.0,0,7.0,7.0,2048,5.118992251527784e-06,29.557834842281984,0.15394705647021867,72.25710976485806,0.37633911335863574,7.38686842102715,0.03847327302618307,1.319655246472485,10,192,0.9528069302490205,192,96,127,172,190,0.5,0.6614583333333334,0.8958333333333334,0.9895833333333334,10,timm:efficientnet_b0.ra_in1k_random
blocks.5.3.conv_pwl,conv,133,192,1,False,192.0,0,7.0,7.0,5120,4.798963556979813e-06,33.42792548963303,0.1741037785918387,78.61262671859772,0.40944076415936315,8.144169707415838,0.042417550559457486,1.2266771089408666,10,192,0.959587913328397,192,103,134,175,190,0.5364583333333334,0.6979166666666666,0.9114583333333334,0.9895833333333334,25,timm:efficientnet_b0.ra_in1k_random
blocks.5.3.conv_pwl,conv,133,192,1,False,192.0,0,7.0,7.0,9728,4.579115857499685e-06,34.69048230246798,0.18067959532535405,81.10651605004601,0.42242977109398966,8.349752404268106,0.043488293772229715,1.1874226472779523,10,192,0.960060244954268,192,106,136,176,191,0.5520833333333334,0.7083333333333334,0.9166666666666666,0.9947916666666666,50,timm:efficientnet_b0.ra_in1k_random
blocks.5.3.conv_pwl,conv,133,192,1,False,192.0,0,7.0,7.0,19456,4.485521371153262e-06,36.947487321805546,0.19243482980107054,84.28960532127074,0.4390083610482851,8.782685116961074,0.04574315165083893,1.1649904403121865,10,192,0.9603769756235794,192,108,138,177,191,0.5625,0.71875,0.921875,0.9947916666666666,100,timm:efficientnet_b0.ra_in1k_random
blocks.5.3.conv_pwl,conv,133,192,1,False,192.0,0,7.0,7.0,48128,4.4101357654239615e-06,39.04629967192794,0.2033661441246247,86.65716332162195,0.45133939230011433,9.310599210586117,0.04849270422180269,1.1509145329546464,10,192,0.9607596732077508,192,109,140,178,191,0.5677083333333334,0.7291666666666666,0.9270833333333334,0.9947916666666666,250,timm:efficientnet_b0.ra_in1k_random
blocks.5.3,block,134,192,1,False,,0,7.0,7.0,512,4.925144223018809e-05,19.688083018445372,0.10254209905440298,50.94998979109688,0.26536453016196293,5.633216673450545,0.02933967017422159,1.759330078103871,10,192,0.9204712032895391,192,70,98,151,184,0.3645833333333333,0.5104166666666666,0.7864583333333334,0.9583333333333334,1,timm:efficientnet_b0.ra_in1k_random
blocks.5.3,block,134,192,1,False,,0,7.0,7.0,512,4.925144223018809e-05,19.688083018445372,0.10254209905440298,50.94998979109688,0.26536453016196293,5.633216673450545,0.02933967017422159,1.759330078103871,10,192,0.9204712032895391,192,70,98,151,184,0.3645833333333333,0.5104166666666666,0.7864583333333334,0.9583333333333334,2,timm:efficientnet_b0.ra_in1k_random
blocks.5.3,block,134,192,1,False,,0,7.0,7.0,1024,5.719883784666319e-05,20.54816395197126,0.10702168724985033,55.01790108978471,0.286551568175962,5.8044563703396275,0.030231543595518894,1.4952897948227433,10,192,0.9493946567492516,192,79,111,163,188,0.4114583333333333,0.578125,0.8489583333333334,0.9791666666666666,5,timm:efficientnet_b0.ra_in1k_random
blocks.5.3,block,134,192,1,False,,0,7.0,7.0,2048,5.897405657905818e-05,17.824475638745835,0.09283581061846789,52.198280593017714,0.2718660447553006,5.214836313740559,0.02716060580073208,1.3708928764107533,10,192,0.9627472516836273,192,83,117,168,189,0.4322916666666667,0.609375,0.875,0.984375,10,timm:efficientnet_b0.ra_in1k_random
blocks.5.3,block,134,192,1,False,,0,7.0,7.0,5120,5.4875560600012814e-05,19.40830949269684,0.10108494527446271,56.789692012445755,0.295779645898155,5.460402520595683,0.02843959646143585,1.2818336887272437,10,192,0.9695828251861326,192,90,124,172,190,0.46875,0.6458333333333334,0.8958333333333334,0.9895833333333334,25,timm:efficientnet_b0.ra_in1k_random
blocks.5.3,block,134,192,1,False,,0,7.0,7.0,9728,5.134397793708547e-05,20.56503268343644,0.10710954522623145,59.722229216478304,0.3110532771691578,5.652444167394664,0.02943981337184721,1.2379636059267898,10,192,0.9701622475560086,192,94,127,173,190,0.4895833333333333,0.6614583333333334,0.9010416666666666,0.9895833333333334,50,timm:efficientnet_b0.ra_in1k_random
blocks.5.3,block,134,192,1,False,,0,7.0,7.0,19456,5.089189444200072e-05,21.804634242393774,0.11356580334580091,62.15057919192666,0.3237009332912847,5.881138778922653,0.03063093114022215,1.2206296686093652,10,192,0.9714411120217934,192,96,129,174,190,0.5,0.671875,0.90625,0.9895833333333334,100,timm:efficientnet_b0.ra_in1k_random
blocks.5.3,block,134,192,1,False,,0,7.0,7.0,48128,5.046741146738836e-05,22.788155834798076,0.11868831163957332,63.89200198027984,0.3327708436472908,6.072048462557902,0.03162525240915574,1.210812826513713,10,192,0.9721067457665924,192,97,130,175,190,0.5052083333333334,0.6770833333333334,0.9114583333333334,0.9895833333333334,250,timm:efficientnet_b0.ra_in1k_random
blocks.6.0.conv_pw,conv,135,1152,1,False,192.0,0,7.0,7.0,1536,0.00012172160534771362,16.049865732873112,0.013932175115341243,47.6299611971043,0.041345452428041926,4.789367564644256,0.004157437122087028,6.883806087320078,10,1152,0.8171701083735197,669,74,106,160,188,0.0642361111111111,0.0920138888888889,0.1388888888888889,0.16319444444444445,1,timm:efficientnet_b0.ra_in1k_random
blocks.6.0.conv_pw,conv,135,1152,1,False,192.0,0,7.0,7.0,2560,0.00011448284501600113,17.03766981387215,0.014789643935652907,50.66435203629041,0.04397947225372431,4.9602246590803265,0.004305750572118339,7.0161276839154425,10,1152,0.8105909838355201,668,79,111,164,188,0.0685763888888889,0.09635416666666667,0.1423611111111111,0.16319444444444445,2,timm:efficientnet_b0.ra_in1k_random
blocks.6.0.conv_pw,conv,135,1152,1,False,192.0,0,7.0,7.0,6144,0.00010529008200169751,19.838264836882633,0.0172207160042384,56.73877556392268,0.049252409343682885,5.480384478905316,0.004757278193494198,7.278766711297408,10,1152,0.802585905874772,666,85,118,167,189,0.07378472222222222,0.10243055555555555,0.1449652777777778,0.1640625,5,timm:efficientnet_b0.ra_in1k_random
blocks.6.0.conv_pw,conv,135,1152,1,False,192.0,0,7.0,7.0,11776,0.00010375152666851136,20.769257898703017,0.018028869703735257,58.44784733160944,0.05073597858646653,5.693917385759788,0.004942636619583149,7.429120440626299,10,1152,0.7994088770906886,666,87,120,168,189,0.07552083333333333,0.10416666666666667,0.14583333333333334,0.1640625,10,timm:efficientnet_b0.ra_in1k_random
blocks.6.0.conv_pw,conv,135,1152,1,False,192.0,0,7.0,7.0,29184,0.00010029280926749329,22.64986951769836,0.019661345067446493,61.75764146377602,0.053609063770638905,6.057083346020529,0.005257884848976154,7.655212413664042,10,1152,0.7946000544903086,663,90,122,170,190,0.078125,0.10590277777777778,0.14756944444444445,0.16493055555555555,25,timm:efficientnet_b0.ra_in1k_random
blocks.6.0.conv_pw,conv,135,1152,1,False,192.0,0,7.0,7.0,57856,0.00010074744552158196,23.09398858470561,0.020046865090890285,62.168914420370676,0.05396607154546065,6.179097046973786,0.005363799519942523,7.825068307357678,10,1152,0.7915985381890276,658,90,122,170,190,0.078125,0.10590277777777778,0.14756944444444445,0.16493055555555555,50,timm:efficientnet_b0.ra_in1k_random
blocks.6.0.bn1.act,act,136,1152,1,False,,0,7.0,7.0,1536,2.9923808162189735e-05,16.517091071239584,0.014337752666006584,48.07114140922075,0.04172842136217079,4.9355424261160685,0.0042843250226701985,6.83687779624437,10,1152,0.8164620403769367,680,75,107,160,188,0.06510416666666667,0.09288194444444445,0.1388888888888889,0.16319444444444445,1,timm:efficientnet_b0.ra_in1k_random
blocks.6.0.bn1.act,act,136,1152,1,False,,0,7.0,7.0,2560,2.7981281458516235e-05,18.68857748901291,0.016222723514768153,52.89485162452994,0.04591566981296002,5.376462422623103,0.0046670680751936654,6.968755213409093,10,1152,0.8106022848689024,684,80,113,164,189,0.06944444444444445,0.09809027777777778,0.1423611111111111,0.1640625,2,timm:efficientnet_b0.ra_in1k_random
blocks.6.0.bn1.act,act,136,1152,1,False,,0,7.0,7.0,6144,2.682469847335903e-05,19.85712746423865,0.017237089812707163,56.474488465148234,0.04902299345933006,5.510553296724642,0.004783466403406807,7.138490950368684,10,1152,0.8057935644182572,695,85,118,167,189,0.07378472222222222,0.10243055555555555,0.1449652777777778,0.1640625,5,timm:efficientnet_b0.ra_in1k_random
blocks.6.0.bn1.act,act,136,1152,1,False,,0,7.0,7.0,11776,2.6459523731757712e-05,21.01343458719259,0.01824082863471579,58.491105773286236,0.05077352931708875,5.777188510765382,0.0050149205822616165,7.245456932494717,10,1152,0.8038131386555467,704,87,120,168,189,0.07552083333333333,0.10416666666666667,0.14583333333333334,0.1640625,10,timm:efficientnet_b0.ra_in1k_random
blocks.6.0.bn1.act,act,136,1152,1,False,,0,7.0,7.0,29184,2.5342922519539653e-05,23.00182843616189,0.019966864961946086,62.04193593072164,0.05385584716208476,6.148173863710379,0.005336956478915259,7.3632522118506545,10,1152,0.8015406738465585,723,90,122,170,190,0.078125,0.10590277777777778,0.14756944444444445,0.16493055555555555,25,timm:efficientnet_b0.ra_in1k_random
blocks.6.0.bn1.act,act,136,1152,1,False,,0,7.0,7.0,57856,2.544273281467223e-05,23.1205592225128,0.02006992988065347,62.12669199294547,0.053929420132765166,6.192189401507433,0.005375164411030757,7.4161919654516755,10,1152,0.8015118373028962,742,90,122,170,190,0.078125,0.10590277777777778,0.14756944444444445,0.16493055555555555,50,timm:efficientnet_b0.ra_in1k_random
blocks.6.0.conv_dw,conv,137,1152,1152,True,1152.0,0,7.0,7.0,1536,5.111954893716011e-05,28.1886357449601,0.02446930186194453,103.9160795418644,0.0902049301578684,7.010313668972295,0.006085341726538451,2.6499457168323723,10,1152,0.8100696993701717,1152,184,285,525,811,0.1597222222222222,0.24739583333333334,0.4557291666666667,0.7039930555555556,1,timm:efficientnet_b0.ra_in1k_random
blocks.6.0.conv_dw,conv,137,1152,1152,True,1152.0,0,7.0,7.0,2560,4.793279283550549e-05,30.344368582988615,0.026340597728288728,116.2847912042772,0.10094165903149062,7.215165714365391,0.006263164682608846,2.2580927103661783,10,1152,0.8555034387029261,1152,210,327,599,910,0.18229166666666666,0.2838541666666667,0.5199652777777778,0.7899305555555556,2,timm:efficientnet_b0.ra_in1k_random
blocks.6.0.conv_dw,conv,137,1152,1152,True,1152.0,0,7.0,7.0,6144,4.5608154926433445e-05,32.27118756788175,0.028013183652675133,129.99736966215582,0.11284493894284359,7.401479676771914,0.006424895552753398,2.03172999487419,10,1152,0.8683019583133205,1152,242,373,671,975,0.21006944444444445,0.3237847222222222,0.5824652777777778,0.8463541666666666,5,timm:efficientnet_b0.ra_in1k_random
blocks.6.0.conv_dw,conv,137,1152,1152,True,1152.0,0,7.0,7.0,11776,4.486279386242037e-05,32.690873891487584,0.02837749469747186,135.06098492918187,0.11724043830658148,7.429098484427984,0.006448870212177069,1.95952168445643,10,1152,0.870831358052978,1152,255,393,697,994,0.22135416666666666,0.3411458333333333,0.6050347222222222,0.8628472222222222,10,timm:efficientnet_b0.ra_in1k_random
blocks.6.0.conv_dw,conv,137,1152,1152,True,1152.0,0,7.0,7.0,29184,4.288667820749448e-05,36.024188835555904,0.03127099725308672,146.6826323655797,0.1273286739284546,7.895553826449526,0.006853779363237436,1.9096682544710586,10,1152,0.8712244788202747,1152,270,413,720,1008,0.234375,0.3585069444444444,0.625,0.875,25,timm:efficientnet_b0.ra_in1k_random
blocks.6.0.conv_dw,conv,137,1152,1152,True,1152.0,0,7.0,7.0,57856,4.29087017911512e-05,36.36086528708237,0.031563251117259,147.86089565448205,0.12835147192229346,7.966458604239327,0.006915328649513305,1.896578508751327,10,1152,0.8718243906883378,1152,273,416,725,1011,0.23697916666666666,0.3611111111111111,0.6293402777777778,0.8776041666666666,50,timm:efficientnet_b0.ra_in1k_random
blocks.6.0.bn2.act,act,138,1152,1,False,,0,7.0,7.0,1536,1.3001433981692657e-05,24.7309434424559,0.02146783284935408,94.94847384855329,0.08242055021575806,6.294496767185978,0.005463972888182273,2.723728539650424,10,1152,0.8015147317606479,1152,174,273,509,793,0.15104166666666666,0.23697916666666666,0.4418402777777778,0.6883680555555556,1,timm:efficientnet_b0.ra_in1k_random
blocks.6.0.bn2.act,act,138,1152,1,False,,0,7.0,7.0,2560,1.210419937537713e-05,28.189944548290118,0.024470437975946283,110.74078737952964,0.09612915571139725,6.878878259925549,0.005971248489518705,2.267729908314598,10,1152,0.8553322224356598,1152,205,322,594,905,0.1779513888888889,0.2795138888888889,0.515625,0.7855902777777778,2,timm:efficientnet_b0.ra_in1k_random
blocks.6.0.bn2.act,act,138,1152,1,False,,0,7.0,7.0,6144,1.1503191712453817e-05,30.31399036267369,0.026314227745376464,125.84535726877391,0.10924076151803291,7.046494776431769,0.0061167489378747995,2.0306363088889787,10,1152,0.8685178526837869,1152,239,371,669,975,0.2074652777777778,0.3220486111111111,0.5807291666666666,0.8463541666666666,5,timm:efficientnet_b0.ra_in1k_random
blocks.6.0.bn2.act,act,138,1152,1,False,,0,7.0,7.0,11776,1.1350353040183858e-05,32.02347299822108,0.02779815364428913,133.6621501699828,0.11602617202255451,7.285959277135294,0.0063246174280688315,1.9616154686160867,10,1152,0.8708274873516006,1152,253,391,696,994,0.21961805555555555,0.3394097222222222,0.6041666666666666,0.8628472222222222,10,timm:efficientnet_b0.ra_in1k_random
blocks.6.0.bn2.act,act,138,1152,1,False,,0,7.0,7.0,29184,1.0775756630080083e-05,35.86932398651149,0.031136565960513445,146.39308685886766,0.12707733234276708,7.861529729725657,0.0068242445570535215,1.9116474686532263,10,1152,0.8712174994449731,1152,270,412,720,1008,0.234375,0.3576388888888889,0.625,0.875,25,timm:efficientnet_b0.ra_in1k_random
blocks.6.0.bn2.act,act,138,1152,1,False,,0,7.0,7.0,57856,1.0760934023229562e-05,36.37464448822904,0.03157521222936548,147.82075358193177,0.12831662637320465,7.964178246311432,0.006913349172145341,1.8976209677559461,10,1152,0.8719480809376186,1152,272,416,725,1011,0.2361111111111111,0.3611111111111111,0.6293402777777778,0.8776041666666666,50,timm:efficientnet_b0.ra_in1k_random
blocks.6.0.se.conv_reduce,conv_gap,139,48,1,False,48.0,0,1.0,1.0,64,3.3700857080768085e-06,1.8832632774612512,0.03923465161377607,3.127128279624079,0.06514850582550165,1.4080279310029657,0.029333915229228454,3.4811729553014135,10,48,0.9083151217074026,48,3,6,18,34,0.0625,0.125,0.375,0.7083333333333334,1,timm:efficientnet_b0.ra_in1k_random
blocks.6.0.se.conv_reduce,conv_gap,139,48,1,False,48.0,0,1.0,1.0,96,3.913989872714722e-06,1.7759633070984204,0.036999235564550426,2.9295222525824256,0.0610317135954672,1.3583561991201696,0.0282990874816702,2.816165859591288,10,48,0.9425651089263355,48,3,6,18,36,0.0625,0.125,0.375,0.75,2,timm:efficientnet_b0.ra_in1k_random
blocks.6.0.se.conv_reduce,conv_gap,139,48,1,False,48.0,0,1.0,1.0,256,3.1610841154042183e-06,1.818871707899285,0.037893160581235104,3.1141609101963157,0.06487835229575657,1.3753003161471218,0.028652089919731703,2.2682659097965208,10,48,0.9639050870125292,48,4,7,22,41,0.08333333333333333,0.14583333333333334,0.4583333333333333,0.8541666666666666,5,timm:efficientnet_b0.ra_in1k_random
blocks.6.0.se.conv_reduce,conv_gap,139,48,1,False,48.0,0,1.0,1.0,480,3.170029688966198e-06,1.8275715481356416,0.03807440725282587,3.145120089377967,0.06552333519537432,1.3787850238845842,0.028724687997595505,2.119613236974199,10,48,0.9812421242470247,48,4,7,23,42,0.08333333333333333,0.14583333333333334,0.4791666666666667,0.875,10,timm:efficientnet_b0.ra_in1k_random
blocks.6.0.se.conv_reduce,conv_gap,139,48,1,False,48.0,0,1.0,1.0,1216,2.960792428952782e-06,1.8634458849071187,0.03882178926889831,3.2558760545505137,0.06783075113646904,1.3933291113942992,0.029027689820714565,2.03311547727867,10,48,0.9874360252146779,48,4,7,24,43,0.08333333333333333,0.14583333333333334,0.5,0.8958333333333334,25,timm:efficientnet_b0.ra_in1k_random
blocks.6.0.se.conv_reduce,conv_gap,139,48,1,False,48.0,0,1.0,1.0,2400,2.796637691933394e-06,1.9171466215895796,0.039940554616449575,3.3948555098006867,0.07072615645418097,1.4158405596450947,0.02949667832593947,1.98919476316131,10,48,0.9891584368040284,48,4,8,25,44,0.08333333333333333,0.16666666666666666,0.5208333333333334,0.9166666666666666,50,timm:efficientnet_b0.ra_in1k_random
blocks.6.0.se.conv_reduce,conv_gap,139,48,1,False,48.0,0,1.0,1.0,4800,2.9017395929540464e-06,1.8879269027206544,0.03933181047334697,3.3371780055442453,0.06952454178217178,1.4027791073222944,0.029224564735881132,1.9799866945578777,10,48,0.9890663894420273,48,4,8,25,44,0.08333333333333333,0.16666666666666666,0.5208333333333334,0.9166666666666666,100,timm:efficientnet_b0.ra_in1k_random
blocks.6.0.se.act1,act,140,48,1,False,,0,1.0,1.0,64,8.429473895746827e-07,1.8829486535072413,0.039228096948067524,3.126485092401678,0.06513510609170163,1.407889082574609,0.02933102255363769,3.481149290989763,10,48,0.908311545355682,48,3,6,18,34,0.0625,0.125,0.375,0.7083333333333334,1,timm:efficientnet_b0.ra_in1k_random
blocks.6.0.se.act1,act,140,48,1,False,,0,1.0,1.0,96,9.790282478312292e-07,1.7756508976167833,0.03699272703368298,2.9288859928297297,0.061018458183952705,1.3582169569533935,0.0282961866031957,2.816102731217208,10,48,0.9425406939277954,48,3,6,18,36,0.0625,0.125,0.375,0.75,2,timm:efficientnet_b0.ra_in1k_random
blocks.6.0.se.act1,act,140,48,1,False,,0,1.0,1.0,256,7.906845628895709e-07,1.8185356309444791,0.03788615897800998,3.113434045484002,0.06486320928091671,1.3751524507418658,0.028649009390455536,2.2682576509398467,10,48,0.9639053615759634,48,4,7,22,41,0.08333333333333333,0.14583333333333334,0.4583333333333333,0.8541666666666666,5,timm:efficientnet_b0.ra_in1k_random
blocks.6.0.se.act1,act,140,48,1,False,,0,1.0,1.0,480,7.929136499460765e-07,1.8272567399766897,0.03806784874951437,3.144435117046507,0.06550906493846889,1.3786467514946765,0.02872180732280576,2.1194995141669413,10,48,0.981239244486388,48,4,7,23,42,0.08333333333333333,0.14583333333333334,0.4791666666666667,0.875,10,timm:efficientnet_b0.ra_in1k_random
blocks.6.0.se.act1,act,140,48,1,False,,0,1.0,1.0,1216,7.405589112713198e-07,1.863128261311433,0.038815172110654855,3.2551747443490298,0.06781614050727146,1.3931911627708538,0.029024815891059454,2.033057618959759,10,48,0.9874332673448678,48,4,7,24,43,0.08333333333333333,0.14583333333333334,0.5,0.8958333333333334,25,timm:efficientnet_b0.ra_in1k_random
blocks.6.0.se.act1,act,140,48,1,False,,0,1.0,1.0,2400,6.994882895369396e-07,1.916821825721483,0.03993378803586423,3.394138458738679,0.07071121789038914,1.415700353676717,0.02949375736826494,1.9891438336109701,10,48,0.989158018883425,48,4,8,25,44,0.08333333333333333,0.16666666666666666,0.5208333333333334,0.9166666666666666,50,timm:efficientnet_b0.ra_in1k_random
blocks.6.0.se.act1,act,140,48,1,False,,0,1.0,1.0,4800,7.257794886121739e-07,1.8876089631202893,0.03932518673167269,3.3364682314338507,0.06950975482153855,1.4026422139595311,0.029221712790823567,1.9799332795589546,10,48,0.9890671596191861,48,4,8,25,44,0.08333333333333333,0.16666666666666666,0.5208333333333334,0.9166666666666666,100,timm:efficientnet_b0.ra_in1k_random
blocks.6.0.se.conv_expand,conv_gap,141,1152,1,False,48.0,0,1.0,1.0,1152,1.4860044404244705e-06,1.8263093423452086,0.0015853379707857712,3.1795729146513962,0.002760045932857115,1.3772075520132083,0.0011954926666781322,4.252362620588595,10,1152,0.7534368327028449,597,4,7,24,43,0.003472222222222222,0.006076388888888889,0.020833333333333332,0.03732638888888889,1,timm:efficientnet_b0.ra_in1k_random
blocks.6.0.se.conv_expand,conv_gap,141,1152,1,False,48.0,0,1.0,1.0,2304,1.3930542908779923e-06,1.8836991952735,0.001635155551452691,3.3288505038268847,0.0028896271734608374,1.4015383328420177,0.0012166131361475848,4.3346418891181155,10,1152,0.7459587032308662,593,4,8,25,44,0.003472222222222222,0.006944444444444444,0.021701388888888888,0.03819444444444445,2,timm:efficientnet_b0.ra_in1k_random
blocks.6.0.se.conv_expand,conv_gap,141,1152,1,False,48.0,0,1.0,1.0,5760,1.4440500473552075e-06,1.8599435561222983,0.0016145343369117172,3.280831196572583,0.0028479437470248117,1.3907560262460092,0.0012072534950052164,4.42289189884141,10,1152,0.7402977304678423,592,4,8,25,43,0.003472222222222222,0.006944444444444444,0.021701388888888888,0.03732638888888889,5,timm:efficientnet_b0.ra_in1k_random
blocks.6.0.conv_pwl,conv,142,320,1,False,320.0,0,7.0,7.0,512,5.461439363124307e-06,28.766504342482868,0.08989532607025896,70.46623079625299,0.22020697123829058,7.505321022063328,0.0234541281939479,2.233780858753906,10,320,0.8600546765138383,320,90,127,205,278,0.28125,0.396875,0.640625,0.86875,1,timm:efficientnet_b0.ra_in1k_random
blocks.6.0.conv_pwl,conv,142,320,1,False,320.0,0,7.0,7.0,1024,5.837760379036829e-06,32.76281245535595,0.10238378892298734,80.9137158436126,0.25285536201128933,8.476603046329288,0.026489384519779023,1.811610931555692,10,320,0.9084414240800167,320,106,151,238,302,0.33125,0.471875,0.74375,0.94375,2,timm:efficientnet_b0.ra_in1k_random
blocks.6.0.conv_pwl,conv,142,320,1,False,320.0,0,7.0,7.0,2048,6.062272932524102e-06,28.81937344445279,0.09006054201391497,79.00540107359656,0.24689187835498924,7.505836464109372,0.023455738950341788,1.6449143290397392,10,320,0.922685381996661,320,113,161,250,308,0.353125,0.503125,0.78125,0.9625,5,timm:efficientnet_b0.ra_in1k_random
blocks.6.0.conv_pwl,conv,142,320,1,False,320.0,0,7.0,7.0,3584,5.723406887727253e-06,31.03583363246434,0.09698698010145106,85.01375989028327,0.2656679996571352,7.809094748484466,0.024403421089013957,1.5633746544896372,10,320,0.9260366170131246,320,121,171,258,310,0.378125,0.534375,0.80625,0.96875,10,timm:efficientnet_b0.ra_in1k_random
blocks.6.0.conv_pwl,conv,142,320,1,False,320.0,0,7.0,7.0,8192,5.615215716828595e-06,31.50819952512943,0.09846312351602947,88.66617279724376,0.2770817899913868,7.683011139723233,0.024009409811635102,1.498290117599129,10,320,0.9269784974701333,320,128,178,264,311,0.4,0.55625,0.825,0.971875,25,timm:efficientnet_b0.ra_in1k_random
blocks.6.0.conv_pwl,conv,142,320,1,False,320.0,0,7.0,7.0,16384,5.392358808166217e-06,32.52481019746378,0.1016400318670743,91.43198387581167,0.28572494961191147,7.806434275872676,0.02439510711210211,1.470061800701108,10,320,0.9277024993306726,320,131,182,267,312,0.409375,0.56875,0.834375,0.975,50,timm:efficientnet_b0.ra_in1k_random
blocks.6.0.conv_pwl,conv,142,320,1,False,320.0,0,7.0,7.0,32256,5.284934343711045e-06,34.43942964111155,0.1076232176284736,95.17317123129025,0.29741616009778205,8.13501814478403,0.025421931702450096,1.4518654292201074,10,320,0.9273488709752045,320,134,185,269,312,0.41875,0.578125,0.840625,0.975,100,timm:efficientnet_b0.ra_in1k_random
blocks.6.0.conv_pwl,conv,142,320,1,False,320.0,0,7.0,7.0,80384,5.393529635830223e-06,33.398003357320455,0.10436876049162642,93.8375915009959,0.29324247344061216,7.910700881962152,0.024720940256131724,1.4478020242737952,10,320,0.928309283249454,320,134,185,269,312,0.41875,0.578125,0.840625,0.975,250,timm:efficientnet_b0.ra_in1k_random
blocks.6.0,block,143,320,1,False,,0,7.0,7.0,512,5.244091551471478e-06,26.00621001438777,0.08126940629496178,67.2765659186621,0.21023926849581906,6.692322899838251,0.020913509061994535,2.283363559734517,10,320,0.858698718544027,320,87,124,201,276,0.271875,0.3875,0.628125,0.8625,1,timm:efficientnet_b0.ra_in1k_random
blocks.6.0,block,143,320,1,False,,0,7.0,7.0,1024,5.8570287744732995e-06,30.790303138820068,0.09621969730881272,78.49589715773651,0.2452996786179266,7.834397717631035,0.024482492867596982,1.8251356522830589,10,320,0.9089855872321742,320,105,148,236,302,0.328125,0.4625,0.7375,0.94375,2,timm:efficientnet_b0.ra_in1k_random
blocks.6.0,block,143,320,1,False,,0,7.0,7.0,2048,6.008914437763862e-06,29.374675834034807,0.09179586198135878,79.87546201008999,0.2496108187815312,7.600511359622872,0.023751597998821476,1.6448448245479963,10,320,0.9227167106876476,320,114,162,251,308,0.35625,0.50625,0.784375,0.9625,5,timm:efficientnet_b0.ra_in1k_random
blocks.6.0,block,143,320,1,False,,0,7.0,7.0,3584,5.665679713860711e-06,31.42670832841175,0.09820846352628672,85.51736301818474,0.2672417594318273,7.8896164170288205,0.024655051303215065,1.562416397673943,10,320,0.9257126123707196,320,121,171,259,310,0.378125,0.534375,0.809375,0.96875,10,timm:efficientnet_b0.ra_in1k_random
blocks.6.0,block,143,320,1,False,,0,7.0,7.0,8192,5.582136523792378e-06,31.685673880293546,0.09901773087591734,89.03894178971808,0.278246693092869,7.71644780553638,0.02411389939230119,1.4952099979373987,10,320,0.9266104009107472,320,128,179,264,311,0.4,0.559375,0.825,0.971875,25,timm:efficientnet_b0.ra_in1k_random
blocks.6.0,block,143,320,1,False,,0,7.0,7.0,16384,5.427834357424228e-06,31.995195008885215,0.09998498440276629,90.85389416395356,0.28391841926235484,7.650608079380173,0.02390815024806304,1.4706129672068162,10,320,0.9273434287830938,320,131,182,267,312,0.409375,0.56875,0.834375,0.975,50,timm:efficientnet_b0.ra_in1k_random
blocks.6.0,block,143,320,1,False,,0,7.0,7.0,32256,5.323963202335933e-06,33.88695732650545,0.10589674164532954,94.69421436413772,0.29591941988793036,7.948779756666927,0.024839936739584147,1.4523356523006954,10,320,0.9268775948255707,320,134,185,269,312,0.41875,0.578125,0.840625,0.975,100,timm:efficientnet_b0.ra_in1k_random
blocks.6.0,block,143,320,1,False,,0,7.0,7.0,80384,5.398136320606018e-06,33.105643414685524,0.10345513567089226,93.49832663442332,0.29218227073257286,7.842632926209506,0.024508227894404704,1.447543222416783,10,320,0.9278784934957764,320,134,185,269,312,0.41875,0.578125,0.840625,0.975,250,timm:efficientnet_b0.ra_in1k_random
conv_head,conv,144,1280,1,False,320.0,0,7.0,7.0,1536,1.2566295215601872e-05,24.459701275747424,0.019109141621677674,69.0501448071431,0.053945425630580544,6.415155414023541,0.0050118401672058915,6.902335146698556,10,1280,0.7758017539794739,797,99,142,231,300,0.07734375,0.1109375,0.18046875,0.234375,1,timm:efficientnet_b0.ra_in1k_random
conv_head,conv,144,1280,1,False,320.0,0,7.0,7.0,2560,1.194420371047e-05,26.41349838144405,0.020635545610503164,74.50737857324737,0.058208889510349505,6.735438202105366,0.005262061095394817,7.063263211834603,10,1280,0.7666508343228435,797,106,151,240,304,0.0828125,0.11796875,0.1875,0.2375,2,timm:efficientnet_b0.ra_in1k_random
conv_head,conv,144,1280,1,False,320.0,0,7.0,7.0,6656,1.1151587029739037e-05,28.475389910970527,0.022246398367945723,80.6183530821459,0.06298308834542649,7.065303108469997,0.005519768053492185,7.325105090612506,10,1280,0.7548022990119461,793,115,162,249,307,0.08984375,0.1265625,0.19453125,0.23984375,5,timm:efficientnet_b0.ra_in1k_random
conv_head,conv,144,1280,1,False,320.0,0,7.0,7.0,12800,1.1088555075019871e-05,29.65339771124797,0.023166716961912477,83.54987644187715,0.06527334097021652,7.245505917230404,0.005660551497836253,7.477592790922549,10,1280,0.7503490860529984,792,118,166,253,308,0.0921875,0.1296875,0.19765625,0.240625,10,timm:efficientnet_b0.ra_in1k_random
conv_head,conv,144,1280,1,False,320.0,0,7.0,7.0,32256,1.0640107945338113e-05,32.364403819693095,0.02528469048413523,88.20463377232711,0.06890987013463055,7.7543374235267475,0.006058076112130271,7.724075098890776,10,1280,0.7453285496701463,791,121,169,255,309,0.09453125,0.13203125,0.19921875,0.24140625,25,timm:efficientnet_b0.ra_in1k_random
conv_head,conv,144,1280,1,False,320.0,0,7.0,7.0,64000,1.075520762249173e-05,32.119742881344706,0.02509354912605055,87.69387843257532,0.06851084252544946,7.735110315172068,0.006043054933728178,7.865627114072216,10,1280,0.7416471296769656,787,121,169,256,309,0.09453125,0.13203125,0.2,0.24140625,50,timm:efficientnet_b0.ra_in1k_random
bn2.act,act,145,1280,1,False,,0,7.0,7.0,1536,3.1382870177820705e-06,24.450899007878473,0.019102264849905057,68.87739670100581,0.05381046617266079,6.53977374122842,0.005109198235334704,6.893480269741075,10,1280,0.7763722831099539,800,99,142,231,300,0.07734375,0.1109375,0.18046875,0.234375,1,timm:efficientnet_b0.ra_in1k_random
bn2.act,act,145,1280,1,False,,0,7.0,7.0,2560,2.9586998017775967e-06,28.003228117792826,0.021877521967025644,76.2191127513001,0.059546181836953205,7.247481419245478,0.00566209485878553,7.052220879568128,10,1280,0.7668744041165015,800,107,152,241,304,0.08359375,0.11875,0.18828125,0.2375,2,timm:efficientnet_b0.ra_in1k_random
bn2.act,act,145,1280,1,False,,0,7.0,7.0,6656,2.7955044325014653e-06,29.36012837794386,0.02293760029526864,81.57103371580632,0.06372737009047369,7.289183705385676,0.005694674769832559,7.317929158420011,10,1280,0.7561000643935818,798,115,162,250,307,0.08984375,0.1265625,0.1953125,0.23984375,5,timm:efficientnet_b0.ra_in1k_random
bn2.act,act,145,1280,1,False,,0,7.0,7.0,12800,2.733365210158847e-06,31.07185973722619,0.024274890419707963,85.29654421305406,0.06663792516644848,7.594524870498419,0.00593322255507689,7.472054465717012,10,1280,0.7519035604321782,799,119,166,253,308,0.09296875,0.1296875,0.19765625,0.240625,10,timm:efficientnet_b0.ra_in1k_random
bn2.act,act,145,1280,1,False,,0,7.0,7.0,32256,2.6389558738153746e-06,33.163819450106445,0.02590923394539566,89.03109425124768,0.06955554238378725,7.9864728881297475,0.006239431943851365,7.697866583697282,10,1280,0.7461988575715581,796,122,170,256,309,0.0953125,0.1328125,0.2,0.24140625,25,timm:efficientnet_b0.ra_in1k_random
bn2.act,act,145,1280,1,False,,0,7.0,7.0,64000,2.6943322455039627e-06,31.860777298901116,0.024891232264766496,87.23707273683621,0.06815396307565329,7.719682780991319,0.006031002172649468,7.844243257971481,10,1280,0.7440025600121275,795,121,169,255,309,0.09453125,0.13203125,0.19921875,0.24140625,50,timm:efficientnet_b0.ra_in1k_random
classifier,linear,146,1000,1,False,,0,,,1024,9.137781185535513e-08,2.4069589933968794,0.0024069589933968794,4.807984652205506,0.004807984652205506,1.624561672600876,0.001624561672600876,6.610206316872979,10,1000,0.8247508311702765,660,6,14,53,141,0.006,0.014,0.053,0.141,1,timm:efficientnet_b0.ra_in1k_random
classifier,linear,146,1000,1,False,,0,,,2016,8.496462059918611e-08,2.529667966443129,0.002529667966443129,5.159582110997676,0.0051595821109976766,1.6744388964811392,0.0016744388964811392,6.823746861953107,10,1000,0.810274927457649,660,6,15,57,151,0.006,0.015,0.057,0.151,2,timm:efficientnet_b0.ra_in1k_random
classifier,linear,146,1000,1,False,,0,,,5024,8.800120085164686e-08,2.4837742023287492,0.002483774202328749,5.07060270399397,0.0050706027039939695,1.6522532369682223,0.0016522532369682224,7.008493865484656,10,1000,0.8007922056589576,661,6,15,57,153,0.006,0.015,0.057,0.153,5,timm:efficientnet_b0.ra_in1k_random
