layer,kind,depth_index,C,groups,is_depthwise,r_max,call_index,H,W,n_samples,total_variance,participation_ratio,participation_ratio_norm,effective_rank,effective_rank_norm,stable_rank,stable_rank_norm,powerlaw_alpha,powerlaw_fit_lo,powerlaw_fit_hi,powerlaw_r2,nonzero_eigs,k_star_0.9,k_star_0.95,k_star_0.99,k_star_0.999,k_star_ratio_0.9,k_star_ratio_0.95,k_star_ratio_0.99,k_star_ratio_0.999,n_over_C,model
conv_stem,conv,0,32,1,False,27.0,0,112.0,112.0,512,12.068570289479755,1.3268259786137047,0.04146331183167827,1.6926080110257133,0.05289400034455354,1.1612666847137174,0.03628958389730367,9.85760823422909,10,32,0.8615034703774634,30,2,2,5,10,0.0625,0.0625,0.15625,0.3125,1,timm:mobilenetv2_100.ra_in1k_random
conv_stem,conv,0,32,1,False,27.0,0,112.0,112.0,512,12.068570289479755,1.3268259786137047,0.04146331183167827,1.6926080110257133,0.05289400034455354,1.1612666847137174,0.03628958389730367,9.85760823422909,10,32,0.8615034703774634,30,2,2,5,10,0.0625,0.0625,0.15625,0.3125,2,timm:mobilenetv2_100.ra_in1k_random
conv_stem,conv,0,32,1,False,27.0,0,112.0,112.0,512,12.068570289479755,1.3268259786137047,0.04146331183167827,1.6926080110257133,0.05289400034455354,1.1612666847137174,0.03628958389730367,9.85760823422909,10,32,0.8615034703774634,30,2,2,5,10,0.0625,0.0625,0.15625,0.3125,5,timm:mobilenetv2_100.ra_in1k_random
conv_stem,conv,0,32,1,False,27.0,0,112.0,112.0,512,12.068570289479755,1.3268259786137047,0.04146331183167827,1.6926080110257133,0.05289400034455354,1.1612666847137174,0.03628958389730367,9.85760823422909,10,32,0.8615034703774634,30,2,2,5,10,0.0625,0.0625,0.15625,0.3125,10,timm:mobilenetv2_100.ra_in1k_random
conv_stem,conv,0,32,1,False,27.0,0,112.0,112.0,1024,12.23609690794123,1.2821880057359079,0.04006837517924712,1.652484484202133,0.05164014013131665,1.1381390015366344,0.035566843798019825,9.439219490605222,10,32,0.8851947187699833,30,2,2,5,11,0.0625,0.0625,0.15625,0.34375,25,timm:mobilenetv2_100.ra_in1k_random
conv_stem,conv,0,32,1,False,27.0,0,112.0,112.0,2048,12.507467433154844,1.2682764687768697,0.03963363964927718,1.62911128175316,0.05090972755478625,1.131246057365168,0.0353514392926615,10.195159815974456,10,32,0.8751317468075657,31,2,2,5,11,0.0625,0.0625,0.15625,0.34375,50,timm:mobilenetv2_100.ra_in1k_random
conv_stem,conv,0,32,1,False,27.0,0,112.0,112.0,3584,11.800695530416569,1.2554989322662478,0.03923434163332024,1.617525485806491,0.05054767143145284,1.1246942828579394,0.035146696339310605,10.29076344226442,10,32,0.8608915860721232,31,2,2,5,11,0.0625,0.0625,0.15625,0.34375,100,timm:mobilenetv2_100.ra_in1k_random
conv_stem,conv,0,32,1,False,27.0,0,112.0,112.0,8192,11.98169881738461,1.2373286149129672,0.038666519216030225,1.5797607720663382,0.04936752412707307,1.1160157967196676,0.03487549364748961,9.762001392769692,10,32,0.8565929326170993,30,2,2,5,11,0.0625,0.0625,0.15625,0.34375,250,timm:mobilenetv2_100.ra_in1k_random
blocks.0.0.conv_dw,conv,1,32,32,True,32.0,0,112.0,112.0,512,5.617176960009185,2.135024145359757,0.06671950454249241,3.8954085422765066,0.12173151694614083,1.490978877039739,0.04659308990749184,3.2316115987047502,10,32,0.943979294842031,32,5,8,17,27,0.15625,0.25,0.53125,0.84375,1,timm:mobilenetv2_100.ra_in1k_random
blocks.0.0.conv_dw,conv,1,32,32,True,32.0,0,112.0,112.0,512,5.617176960009185,2.135024145359757,0.06671950454249241,3.8954085422765066,0.12173151694614083,1.490978877039739,0.04659308990749184,3.2316115987047502,10,32,0.943979294842031,32,5,8,17,27,0.15625,0.25,0.53125,0.84375,2,timm:mobilenetv2_100.ra_in1k_random
blocks.0.0.conv_dw,conv,1,32,32,True,32.0,0,112.0,112.0,512,5.617176960009185,2.135024145359757,0.06671950454249241,3.8954085422765066,0.12173151694614083,1.490978877039739,0.04659308990749184,3.2316115987047502,10,32,0.943979294842031,32,5,8,17,27,0.15625,0.25,0.53125,0.84375,5,timm:mobilenetv2_100.ra_in1k_random
blocks.0.0.conv_dw,conv,1,32,32,True,32.0,0,112.0,112.0,512,5.617176960009185,2.135024145359757,0.06671950454249241,3.8954085422765066,0.12173151694614083,1.490978877039739,0.04659308990749184,3.2316115987047502,10,32,0.943979294842031,32,5,8,17,27,0.15625,0.25,0.53125,0.84375,10,timm:mobilenetv2_100.ra_in1k_random
blocks.0.0.conv_dw,conv,1,32,32,True,32.0,0,112.0,112.0,1024,5.991669484537774,2.1355966678660736,0.0667373958708148,4.005039592502242,0.12515748726569506,1.4873006128984116,0.046478144153075364,3.1205399504171196,10,32,0.9508083982971974,32,5,8,18,28,0.15625,0.25,0.5625,0.875,25,timm:mobilenetv2_100.ra_in1k_random
blocks.0.0.conv_dw,conv,1,32,32,True,32.0,0,112.0,112.0,2048,6.031776143568098,2.1225694839079683,0.06633029637212401,3.9438031125575708,0.12324384726742409,1.4834053769187485,0.04635641802871089,3.0510660279865527,10,32,0.9490346434866843,32,5,8,18,28,0.15625,0.25,0.5625,0.875,50,timm:mobilenetv2_100.ra_in1k_random
blocks.0.0.conv_dw,conv,1,32,32,True,32.0,0,112.0,112.0,3584,5.652851295156507,2.188180793606639,0.06838064980020747,4.098033462680181,0.12806354570875567,1.5084301083248546,0.047138440885151706,3.0028458213932936,10,32,0.9484668371877993,32,5,9,19,28,0.15625,0.28125,0.59375,0.875,100,timm:mobilenetv2_100.ra_in1k_random
blocks.0.0.conv_dw,conv,1,32,32,True,32.0,0,112.0,112.0,8192,5.4809704734899976,2.216800074287079,0.06927500232147121,4.148819734332926,0.12965061669790393,1.5202509554940178,0.047507842359188056,3.0334399319805425,10,32,0.9522747972245835,32,5,9,19,29,0.15625,0.28125,0.59375,0.90625,250,timm:mobilenetv2_100.ra_in1k_random
blocks.0.0.conv_pw,conv,2,16,1,False,16.0,0,112.0,112.0,512,2.326904175566134,2.369257500562872,0.1480785937851795,3.852126375918605,0.2407578984949128,1.6026753067655362,0.10016720667284601,,10,16,,16,4,7,11,14,0.25,0.4375,0.6875,0.875,1,timm:mobilenetv2_100.ra_in1k_random
blocks.0.0.conv_pw,conv,2,16,1,False,16.0,0,112.0,112.0,512,2.326904175566134,2.369257500562872,0.1480785937851795,3.852126375918605,0.2407578984949128,1.6026753067655362,0.10016720667284601,,10,16,,16,4,7,11,14,0.25,0.4375,0.6875,0.875,2,timm:mobilenetv2_100.ra_in1k_random
blocks.0.0.conv_pw,conv,2,16,1,False,16.0,0,112.0,112.0,512,2.326904175566134,2.369257500562872,0.1480785937851795,3.852126375918605,0.2407578984949128,1.6026753067655362,0.10016720667284601,,10,16,,16,4,7,11,14,0.25,0.4375,0.6875,0.875,5,timm:mobilenetv2_100.ra_in1k_random
blocks.0.0.conv_pw,conv,2,16,1,False,16.0,0,112.0,112.0,512,2.326904175566134,2.369257500562872,0.1480785937851795,3.852126375918605,0.2407578984949128,1.6026753067655362,0.10016720667284601,,10,16,,16,4,7,11,14,0.25,0.4375,0.6875,0.875,10,timm:mobilenetv2_100.ra_in1k_random
blocks.0.0.conv_pw,conv,2,16,1,False,16.0,0,112.0,112.0,512,2.326904175566134,2.369257500562872,0.1480785937851795,3.852126375918605,0.2407578984949128,1.6026753067655362,0.10016720667284601,,10,16,,16,4,7,11,14,0.25,0.4375,0.6875,0.875,25,timm:mobilenetv2_100.ra_in1k_random
blocks.0.0.conv_pw,conv,2,16,1,False,16.0,0,112.0,112.0,1024,2.509404245701493,2.311118772405889,0.14444492327536806,3.8362589640721683,0.23976618525451052,1.5749325677346784,0.0984332854834174,,10,16,,16,5,7,11,15,0.3125,0.4375,0.6875,0.9375,50,timm:mobilenetv2_100.ra_in1k_random
blocks.0.0.conv_pw,conv,2,16,1,False,16.0,0,112.0,112.0,2048,2.622778214014239,2.357208236053556,0.14732551475334724,3.8478548742960084,0.24049092964350052,1.6006935077759037,0.10004334423599398,,10,16,,16,5,7,11,15,0.3125,0.4375,0.6875,0.9375,100,timm:mobilenetv2_100.ra_in1k_random
blocks.0.0.conv_pw,conv,2,16,1,False,16.0,0,112.0,112.0,4096,2.516414699800704,2.380356997178124,0.14877231232363275,3.857647904049275,0.2411029940030797,1.6140666460359447,0.10087916537724655,,10,16,,16,5,7,11,15,0.3125,0.4375,0.6875,0.9375,250,timm:mobilenetv2_100.ra_in1k_random
blocks.0.0,block,3,16,1,False,,0,112.0,112.0,512,2.3386539489089166,2.407713123514337,0.15048207021964607,3.8765312026502903,0.24228320016564314,1.6217854364282807,0.10136158977676754,,10,16,,16,4,6,11,14,0.25,0.375,0.6875,0.875,1,timm:mobilenetv2_100.ra_in1k_random
blocks.0.0,block,3,16,1,False,,0,112.0,112.0,512,2.3386539489089166,2.407713123514337,0.15048207021964607,3.8765312026502903,0.24228320016564314,1.6217854364282807,0.10136158977676754,,10,16,,16,4,6,11,14,0.25,0.375,0.6875,0.875,2,timm:mobilenetv2_100.ra_in1k_random
blocks.0.0,block,3,16,1,False,,0,112.0,112.0,512,2.3386539489089166,2.407713123514337,0.15048207021964607,3.8765312026502903,0.24228320016564314,1.6217854364282807,0.10136158977676754,,10,16,,16,4,6,11,14,0.25,0.375,0.6875,0.875,5,timm:mobilenetv2_100.ra_in1k_random
blocks.0.0,block,3,16,1,False,,0,112.0,112.0,512,2.3386539489089166,2.407713123514337,0.15048207021964607,3.8765312026502903,0.24228320016564314,1.6217854364282807,0.10136158977676754,,10,16,,16,4,6,11,14,0.25,0.375,0.6875,0.875,10,timm:mobilenetv2_100.ra_in1k_random
blocks.0.0,block,3,16,1,False,,0,112.0,112.0,512,2.3386539489089166,2.407713123514337,0.15048207021964607,3.8765312026502903,0.24228320016564314,1.6217854364282807,0.10136158977676754,,10,16,,16,4,6,11,14,0.25,0.375,0.6875,0.875,25,timm:mobilenetv2_100.ra_in1k_random
blocks.0.0,block,3,16,1,False,,0,112.0,112.0,1024,2.666915558930282,2.3240002246601956,0.14525001404126223,3.811328510529619,0.2382080319081012,1.5839575587005135,0.09899734741878209,,10,16,,16,5,7,11,14,0.3125,0.4375,0.6875,0.875,50,timm:mobilenetv2_100.ra_in1k_random
blocks.0.0,block,3,16,1,False,,0,112.0,112.0,2048,2.692252270014042,2.302886568532042,0.14393041053325262,3.7556607771596813,0.23472879857248008,1.577659355115967,0.09860370969474794,,10,16,,16,4,7,11,14,0.25,0.4375,0.6875,0.875,100,timm:mobilenetv2_100.ra_in1k_random
blocks.0.0,block,3,16,1,False,,0,112.0,112.0,4096,2.530476295892497,2.329876476412242,0.14561727977576513,3.779903146782933,0.2362439466739333,1.5921614807817528,0.09951009254885955,,10,16,,16,4,7,11,15,0.25,0.4375,0.6875,0.9375,250,timm:mobilenetv2_100.ra_in1k_random
blocks.1.0.conv_pw,conv,4,96,1,False,16.0,0,112.0,112.0,512,4.461032338543906,2.6689678417595695,0.027801748351662183,4.184799556834346,0.04359166205035777,1.7374501051744669,0.018098438595567364,8.522724077825268,10,96,0.7881653188908742,56,5,6,10,14,0.052083333333333336,0.0625,0.10416666666666667,0.14583333333333334,1,timm:mobilenetv2_100.ra_in1k_random
blocks.1.0.conv_pw,conv,4,96,1,False,16.0,0,112.0,112.0,512,4.461032338543906,2.6689678417595695,0.027801748351662183,4.184799556834346,0.04359166205035777,1.7374501051744669,0.018098438595567364,8.522724077825268,10,96,0.7881653188908742,56,5,6,10,14,0.052083333333333336,0.0625,0.10416666666666667,0.14583333333333334,2,timm:mobilenetv2_100.ra_in1k_random
blocks.1.0.conv_pw,conv,4,96,1,False,16.0,0,112.0,112.0,512,4.461032338543906,2.6689678417595695,0.027801748351662183,4.184799556834346,0.04359166205035777,1.7374501051744669,0.018098438595567364,8.522724077825268,10,96,0.7881653188908742,56,5,6,10,14,0.052083333333333336,0.0625,0.10416666666666667,0.14583333333333334,5,timm:mobilenetv2_100.ra_in1k_random
blocks.1.0.conv_pw,conv,4,96,1,False,16.0,0,112.0,112.0,1024,5.108833502891093,2.5972068745431476,0.02705423827649112,4.16963637885009,0.04343371227968843,1.7021730667947608,0.017730969445778757,8.641614674650631,10,96,0.7833544100267396,56,5,7,11,14,0.052083333333333336,0.07291666666666667,0.11458333333333333,0.14583333333333334,10,timm:mobilenetv2_100.ra_in1k_random
blocks.1.0.conv_pw,conv,4,96,1,False,16.0,0,112.0,112.0,2560,5.048294022905093,2.6232563663451547,0.027325587149428694,4.1103254206645925,0.0428158897985895,1.7293021338816819,0.01801356389460085,8.856905540941938,10,96,0.7718569843342039,56,5,7,11,14,0.052083333333333336,0.07291666666666667,0.11458333333333333,0.14583333333333334,25,timm:mobilenetv2_100.ra_in1k_random
blocks.1.0.conv_pw,conv,4,96,1,False,16.0,0,112.0,112.0,5120,4.884814470874695,2.5599338389104185,0.026665977488650194,4.023333683008722,0.04190972586467418,1.7032892874781096,0.017742596744563643,8.924697973310439,10,96,0.7550875825686095,55,5,6,11,14,0.052083333333333336,0.0625,0.11458333333333333,0.14583333333333334,50,timm:mobilenetv2_100.ra_in1k_random
blocks.1.0.conv_pw,conv,4,96,1,False,16.0,0,112.0,112.0,9728,4.833737422822005,2.590650796335867,0.02698594579516528,4.062042417846866,0.04231294185257153,1.7175189138877847,0.017890822019664424,8.96673908958115,10,96,0.7503200049471175,56,5,7,11,14,0.052083333333333336,0.07291666666666667,0.11458333333333333,0.14583333333333334,100,timm:mobilenetv2_100.ra_in1k_random
blocks.1.0.conv_pw,conv,4,96,1,False,16.0,0,112.0,112.0,24064,4.781931816309455,2.6453741307642096,0.02755598052879385,4.1457442092535075,0.04318483551305737,1.7390144726930004,0.018114734090552087,9.36152801695963,10,96,0.7506695028220609,56,5,7,11,14,0.052083333333333336,0.07291666666666667,0.11458333333333333,0.14583333333333334,250,timm:mobilenetv2_100.ra_in1k_random
blocks.1.0.conv_dw,conv,5,96,96,True,96.0,0,56.0,56.0,512,4.49708269134441,3.7605232979887955,0.03917211768738329,7.573122590657562,0.07888669365268293,2.225240011766894,0.023179583455905147,2.765404730171628,10,96,0.8849729784561848,96,10,19,46,76,0.10416666666666667,0.19791666666666666,0.4791666666666667,0.7916666666666666,1,timm:mobilenetv2_100.ra_in1k_random
blocks.1.0.conv_dw,conv,5,96,96,True,96.0,0,56.0,56.0,512,4.49708269134441,3.7605232979887955,0.03917211768738329,7.573122590657562,0.07888669365268293,2.225240011766894,0.023179583455905147,2.765404730171628,10,96,0.8849729784561848,96,10,19,46,76,0.10416666666666667,0.19791666666666666,0.4791666666666667,0.7916666666666666,2,timm:mobilenetv2_100.ra_in1k_random
blocks.1.0.conv_dw,conv,5,96,96,True,96.0,0,56.0,56.0,512,4.49708269134441,3.7605232979887955,0.03917211768738329,7.573122590657562,0.07888669365268293,2.225240011766894,0.023179583455905147,2.765404730171628,10,96,0.8849729784561848,96,10,19,46,76,0.10416666666666667,0.19791666666666666,0.4791666666666667,0.7916666666666666,5,timm:mobilenetv2_100.ra_in1k_random
blocks.1.0.conv_dw,conv,5,96,96,True,96.0,0,56.0,56.0,1024,4.594751208586082,3.3628142137126327,0.03502931472617326,7.281152773973008,0.07584534139555217,1.9998409734994766,0.020831676807286214,2.615885007314458,10,96,0.8642687158655395,96,11,21,49,79,0.11458333333333333,0.21875,0.5104166666666666,0.8229166666666666,10,timm:mobilenetv2_100.ra_in1k_random
blocks.1.0.conv_dw,conv,5,96,96,True,96.0,0,56.0,56.0,2560,4.634966704195556,3.1190704830614315,0.03249031753188991,6.661516257211273,0.06939079434595076,1.9106245950214917,0.019902339531473873,2.5206384250057066,10,96,0.8546740473408408,96,10,20,49,80,0.10416666666666667,0.20833333333333334,0.5104166666666666,0.8333333333333334,25,timm:mobilenetv2_100.ra_in1k_random
blocks.1.0.conv_dw,conv,5,96,96,True,96.0,0,56.0,56.0,5120,4.635763160572043,3.0665029120178184,0.03194273866685227,6.560872561852213,0.06834242251929389,1.8941721174174024,0.019730959556431275,2.4925482816925393,10,96,0.8461118241235707,96,10,21,50,80,0.10416666666666667,0.21875,0.5208333333333334,0.8333333333333334,50,timm:mobilenetv2_100.ra_in1k_random
blocks.1.0.conv_dw,conv,5,96,96,True,96.0,0,56.0,56.0,9728,4.594996507410025,2.9730526596150386,0.03096929853765665,6.401392062774925,0.06668116732057214,1.8499894745270282,0.019270723692989877,2.491973480754418,10,96,0.8354097271914157,96,10,20,50,80,0.10416666666666667,0.20833333333333334,0.5208333333333334,0.8333333333333334,100,timm:mobilenetv2_100.ra_in1k_random
blocks.1.0.conv_dw,conv,5,96,96,True,96.0,0,56.0,56.0,24064,4.675664518185852,2.975223386235789,0.03099191027328947,6.385674378804391,0.06651744144587908,1.851116976244127,0.01928246850254299,2.4675103015777533,10,96,0.8384924591142272,96,10,20,50,80,0.10416666666666667,0.20833333333333334,0.5208333333333334,0.8333333333333334,250,timm:mobilenetv2_100.ra_in1k_random
blocks.1.0.conv_pwl,conv,6,24,1,False,24.0,0,56.0,56.0,512,3.4197674954707376,2.9189036292826573,0.12162098455344406,5.112495913696705,0.21302066307069603,1.8072453846358136,0.07530189102649223,2.899070964116524,10,24,0.9617277018758084,24,6,9,17,23,0.25,0.375,0.7083333333333334,0.9583333333333334,1,timm:mobilenetv2_100.ra_in1k_random
blocks.1.0.conv_pwl,conv,6,24,1,False,24.0,0,56.0,56.0,512,3.4197674954707376,2.9189036292826573,0.12162098455344406,5.112495913696705,0.21302066307069603,1.8072453846358136,0.07530189102649223,2.899070964116524,10,24,0.9617277018758084,24,6,9,17,23,0.25,0.375,0.7083333333333334,0.9583333333333334,2,timm:mobilenetv2_100.ra_in1k_random
blocks.1.0.conv_pwl,conv,6,24,1,False,24.0,0,56.0,56.0,512,3.4197674954707376,2.9189036292826573,0.12162098455344406,5.112495913696705,0.21302066307069603,1.8072453846358136,0.07530189102649223,2.899070964116524,10,24,0.9617277018758084,24,6,9,17,23,0.25,0.375,0.7083333333333334,0.9583333333333334,5,timm:mobilenetv2_100.ra_in1k_random
blocks.1.0.conv_pwl,conv,6,24,1,False,24.0,0,56.0,56.0,512,3.4197674954707376,2.9189036292826573,0.12162098455344406,5.112495913696705,0.21302066307069603,1.8072453846358136,0.07530189102649223,2.899070964116524,10,24,0.9617277018758084,24,6,9,17,23,0.25,0.375,0.7083333333333334,0.9583333333333334,10,timm:mobilenetv2_100.ra_in1k_random
blocks.1.0.conv_pwl,conv,6,24,1,False,24.0,0,56.0,56.0,1024,3.503119951912091,2.838132609446717,0.11825552539361321,5.123220577240888,0.21346752405170366,1.7763335921481869,0.07401389967284112,2.6979035420173494,10,24,0.9514224146589922,24,6,10,18,23,0.25,0.4166666666666667,0.75,0.9583333333333334,25,timm:mobilenetv2_100.ra_in1k_random
blocks.1.0.conv_pwl,conv,6,24,1,False,24.0,0,56.0,56.0,1536,3.600819510289131,2.760505354973415,0.11502105645722561,4.89243314007433,0.20385138083643042,1.7564885120874882,0.07318702133697867,2.6279840388156184,10,24,0.9555354636229697,24,6,10,18,23,0.25,0.4166666666666667,0.75,0.9583333333333334,50,timm:mobilenetv2_100.ra_in1k_random
blocks.1.0.conv_pwl,conv,6,24,1,False,24.0,0,56.0,56.0,2560,3.477882923709983,2.797642624163379,0.11656844267347412,4.887470249103583,0.20364459371264929,1.7796838116476377,0.0741534921519849,2.5617260713038066,10,24,0.9619079497469135,24,6,9,18,23,0.25,0.375,0.75,0.9583333333333334,100,timm:mobilenetv2_100.ra_in1k_random
blocks.1.0.conv_pwl,conv,6,24,1,False,24.0,0,56.0,56.0,6144,3.4655034783512604,2.793890129328371,0.11641208872201546,4.8410646853901556,0.20171102855792314,1.7841260037914506,0.07433858349131044,2.5395805317564464,10,24,0.9634226938641677,24,5,9,18,23,0.20833333333333334,0.375,0.75,0.9583333333333334,250,timm:mobilenetv2_100.ra_in1k_random
blocks.1.0,block,7,24,1,False,,0,56.0,56.0,512,3.406794227032745,2.7074494674308744,0.11281039447628644,4.716247635380544,0.19651031814085598,1.73312043676491,0.07221335153187125,2.758587192901502,10,24,0.9563273149417075,24,5,9,17,23,0.20833333333333334,0.375,0.7083333333333334,0.9583333333333334,1,timm:mobilenetv2_100.ra_in1k_random
blocks.1.0,block,7,24,1,False,,0,56.0,56.0,512,3.406794227032745,2.7074494674308744,0.11281039447628644,4.716247635380544,0.19651031814085598,1.73312043676491,0.07221335153187125,2.758587192901502,10,24,0.9563273149417075,24,5,9,17,23,0.20833333333333334,0.375,0.7083333333333334,0.9583333333333334,2,timm:mobilenetv2_100.ra_in1k_random
blocks.1.0,block,7,24,1,False,,0,56.0,56.0,512,3.406794227032745,2.7074494674308744,0.11281039447628644,4.716247635380544,0.19651031814085598,1.73312043676491,0.07221335153187125,2.758587192901502,10,24,0.9563273149417075,24,5,9,17,23,0.20833333333333334,0.375,0.7083333333333334,0.9583333333333334,5,timm:mobilenetv2_100.ra_in1k_random
blocks.1.0,block,7,24,1,False,,0,56.0,56.0,512,3.406794227032745,2.7074494674308744,0.11281039447628644,4.716247635380544,0.19651031814085598,1.73312043676491,0.07221335153187125,2.758587192901502,10,24,0.9563273149417075,24,5,9,17,23,0.20833333333333334,0.375,0.7083333333333334,0.9583333333333334,10,timm:mobilenetv2_100.ra_in1k_random
blocks.1.0,block,7,24,1,False,,0,56.0,56.0,1024,3.6201002212285402,2.8114248410626046,0.11714270171094186,4.989111170783688,0.207879632115987,1.773192695475528,0.073883028978147,2.6626526634214733,10,24,0.9555556124448609,24,6,10,18,23,0.25,0.4166666666666667,0.75,0.9583333333333334,25,timm:mobilenetv2_100.ra_in1k_random
blocks.1.0,block,7,24,1,False,,0,56.0,56.0,1536,3.7242883839973366,2.7386487753981514,0.11411036564158965,4.828999272586597,0.20120830302444156,1.7497165257049403,0.07290485523770585,2.61283874880743,10,24,0.9550532230442508,24,6,10,18,23,0.25,0.4166666666666667,0.75,0.9583333333333334,50,timm:mobilenetv2_100.ra_in1k_random
blocks.1.0,block,7,24,1,False,,0,56.0,56.0,2560,3.5169143068289364,2.7604869427552274,0.1150202892814678,4.868387485417374,0.20284947855905724,1.7625903556899065,0.07344126482041277,2.574097538748198,10,24,0.9576816738065768,24,6,10,18,23,0.25,0.4166666666666667,0.75,0.9583333333333334,100,timm:mobilenetv2_100.ra_in1k_random
blocks.1.0,block,7,24,1,False,,0,56.0,56.0,6144,3.4647163325766117,2.7627889534359666,0.11511620639316528,4.826221743068192,0.20109257262784133,1.7700014621069384,0.07375006092112243,2.4953030243770864,10,24,0.9523128136885706,24,6,10,18,23,0.25,0.4166666666666667,0.75,0.9583333333333334,250,timm:mobilenetv2_100.ra_in1k_random
blocks.1.1.conv_pw,conv,8,144,1,False,24.0,0,56.0,56.0,512,7.117812141960721,2.5975374712682044,0.018038454661584755,4.309736181284343,0.02992872348114127,1.7002062575756627,0.01180698789983099,8.548054087843912,10,144,0.8309330029354507,85,4,7,15,22,0.027777777777777776,0.04861111111111111,0.10416666666666667,0.1527777777777778,1,timm:mobilenetv2_100.ra_in1k_random
blocks.1.1.conv_pw,conv,8,144,1,False,24.0,0,56.0,56.0,512,7.117812141960721,2.5975374712682044,0.018038454661584755,4.309736181284343,0.02992872348114127,1.7002062575756627,0.01180698789983099,8.548054087843912,10,144,0.8309330029354507,85,4,7,15,22,0.027777777777777776,0.04861111111111111,0.10416666666666667,0.1527777777777778,2,timm:mobilenetv2_100.ra_in1k_random
blocks.1.1.conv_pw,conv,8,144,1,False,24.0,0,56.0,56.0,1024,7.22709260572555,2.592727328988042,0.01800505089575029,4.5369341655996,0.031506487261108336,1.6861651854263775,0.011709480454349844,8.822649746453372,10,144,0.8358081908606919,83,5,8,17,23,0.034722222222222224,0.05555555555555555,0.11805555555555555,0.1597222222222222,5,timm:mobilenetv2_100.ra_in1k_random
blocks.1.1.conv_pw,conv,8,144,1,False,24.0,0,56.0,56.0,1536,7.578508162051669,2.5876737361555984,0.017969956501080544,4.521227794158071,0.03139741523720883,1.685373138657538,0.011703980129566235,8.745233734007124,10,144,0.8255498610495067,83,5,8,16,23,0.034722222222222224,0.05555555555555555,0.1111111111111111,0.1597222222222222,10,timm:mobilenetv2_100.ra_in1k_random
blocks.1.1.conv_pw,conv,8,144,1,False,24.0,0,56.0,56.0,4096,7.228761517609085,2.6477095909499115,0.018386872159374387,4.620568269091923,0.03208727964647169,1.713066178020507,0.011896292902920188,9.14303026235879,10,144,0.82174959494307,83,5,9,17,23,0.034722222222222224,0.0625,0.11805555555555555,0.1597222222222222,25,timm:mobilenetv2_100.ra_in1k_random
blocks.1.1.conv_pw,conv,8,144,1,False,24.0,0,56.0,56.0,7680,7.272773895622813,2.634739773875561,0.018296803985246954,4.585927766800512,0.031846720602781334,1.709800319928091,0.011873613332833965,9.275137175653272,10,144,0.8189953152742389,84,5,9,17,23,0.034722222222222224,0.0625,0.11805555555555555,0.1597222222222222,50,timm:mobilenetv2_100.ra_in1k_random
blocks.1.1.conv_pw,conv,8,144,1,False,24.0,0,56.0,56.0,14848,7.224721923055266,2.6219371560664166,0.018207896917127892,4.544212041505622,0.03155702806601127,1.7052007256447355,0.011841671705866218,9.492356145747241,10,144,0.8146893930654879,83,5,8,16,23,0.034722222222222224,0.05555555555555555,0.1111111111111111,0.1597222222222222,100,timm:mobilenetv2_100.ra_in1k_random
blocks.1.1.conv_pw,conv,8,144,1,False,24.0,0,56.0,56.0,36352,7.154740317537259,2.6272312502812913,0.018244661460286745,4.542544429281084,0.03154544742556308,1.7077266059371834,0.01185921254123044,9.811399882791516,10,144,0.8115699330234962,82,5,8,17,23,0.034722222222222224,0.05555555555555555,0.11805555555555555,0.1597222222222222,250,timm:mobilenetv2_100.ra_in1k_random
blocks.1.1.conv_dw,conv,9,144,144,True,144.0,0,56.0,56.0,512,5.806991194098288,3.592446573157099,0.024947545646924297,9.161893861359662,0.06362426292610876,1.9889523927979065,0.013812169394429906,2.567426391727513,10,144,0.8282880398656736,144,16,31,72,116,0.1111111111111111,0.2152777777777778,0.5,0.8055555555555556,1,timm:mobilenetv2_100.ra_in1k_random
blocks.1.1.conv_dw,conv,9,144,144,True,144.0,0,56.0,56.0,512,5.806991194098288,3.592446573157099,0.024947545646924297,9.161893861359662,0.06362426292610876,1.9889523927979065,0.013812169394429906,2.567426391727513,10,144,0.8282880398656736,144,16,31,72,116,0.1111111111111111,0.2152777777777778,0.5,0.8055555555555556,2,timm:mobilenetv2_100.ra_in1k_random
blocks.1.1.conv_dw,conv,9,144,144,True,144.0,0,56.0,56.0,1024,5.854221519347223,4.100924030524521,0.028478639100864726,10.78927876506259,0.07492554697960133,2.1630833760925015,0.015021412333975704,2.3308029680264784,10,144,0.8427859101941776,144,20,38,82,122,0.1388888888888889,0.2638888888888889,0.5694444444444444,0.8472222222222222,5,timm:mobilenetv2_100.ra_in1k_random
blocks.1.1.conv_dw,conv,9,144,144,True,144.0,0,56.0,56.0,1536,5.934326229139362,3.8724743516061415,0.026892182997264872,10.032478708301449,0.06966999102987118,2.107013287642698,0.014632036719740957,2.2714556881013124,10,144,0.8370386083160902,144,19,37,82,122,0.13194444444444445,0.2569444444444444,0.5694444444444444,0.8472222222222222,10,timm:mobilenetv2_100.ra_in1k_random
blocks.1.1.conv_dw,conv,9,144,144,True,144.0,0,56.0,56.0,4096,5.657211647232604,3.9760733716575634,0.027611620636510858,10.306769720643167,0.07157478972668867,2.1539269609900895,0.014957826117986732,2.1652847621149673,10,144,0.8327971162743653,144,20,39,86,124,0.1388888888888889,0.2708333333333333,0.5972222222222222,0.8611111111111112,25,timm:mobilenetv2_100.ra_in1k_random
blocks.1.1.conv_dw,conv,9,144,144,True,144.0,0,56.0,56.0,7680,5.592755050971103,3.9515226811787207,0.027441129730407784,10.215182656842401,0.07093876845029445,2.156905159742496,0.014978508053767334,2.1382886589439005,10,144,0.8309015126681785,144,20,39,87,125,0.1388888888888889,0.2708333333333333,0.6041666666666666,0.8680555555555556,50,timm:mobilenetv2_100.ra_in1k_random
blocks.1.1.conv_dw,conv,9,144,144,True,144.0,0,56.0,56.0,14848,5.491247853207128,4.0460875607844855,0.028097830283225593,10.414247132222497,0.072321160640434,2.1917889375901662,0.015220756511042821,2.1243522783486277,10,144,0.8295373571969734,144,20,39,88,125,0.1388888888888889,0.2708333333333333,0.6111111111111112,0.8680555555555556,100,timm:mobilenetv2_100.ra_in1k_random
blocks.1.1.conv_dw,conv,9,144,144,True,144.0,0,56.0,56.0,36352,5.4514677206845725,4.118863167176888,0.028603216438728388,10.624303504815968,0.07377988545011088,2.2158269523919722,0.015387687169388696,2.1115606643710456,10,144,0.82849023741285,144,20,40,88,125,0.1388888888888889,0.2777777777777778,0.6111111111111112,0.8680555555555556,250,timm:mobilenetv2_100.ra_in1k_random
blocks.1.1.conv_pwl,conv,10,24,1,False,24.0,0,56.0,56.0,512,5.661975528396037,2.3802839510497673,0.09917849796040697,4.405268425453396,0.18355285106055816,1.5930208844841727,0.06637587018684053,2.5673812238785647,10,24,0.9788888385919271,24,6,10,18,23,0.25,0.4166666666666667,0.75,0.9583333333333334,1,timm:mobilenetv2_100.ra_in1k_random
blocks.1.1.conv_pwl,conv,10,24,1,False,24.0,0,56.0,56.0,512,5.661975528396037,2.3802839510497673,0.09917849796040697,4.405268425453396,0.18355285106055816,1.5930208844841727,0.06637587018684053,2.5673812238785647,10,24,0.9788888385919271,24,6,10,18,23,0.25,0.4166666666666667,0.75,0.9583333333333334,2,timm:mobilenetv2_100.ra_in1k_random
blocks.1.1.conv_pwl,conv,10,24,1,False,24.0,0,56.0,56.0,512,5.661975528396037,2.3802839510497673,0.09917849796040697,4.405268425453396,0.18355285106055816,1.5930208844841727,0.06637587018684053,2.5673812238785647,10,24,0.9788888385919271,24,6,10,18,23,0.25,0.4166666666666667,0.75,0.9583333333333334,5,timm:mobilenetv2_100.ra_in1k_random
blocks.1.1.conv_pwl,conv,10,24,1,False,24.0,0,56.0,56.0,512,5.661975528396037,2.3802839510497673,0.09917849796040697,4.405268425453396,0.18355285106055816,1.5930208844841727,0.06637587018684053,2.5673812238785647,10,24,0.9788888385919271,24,6,10,18,23,0.25,0.4166666666666667,0.75,0.9583333333333334,10,timm:mobilenetv2_100.ra_in1k_random
blocks.1.1.conv_pwl,conv,10,24,1,False,24.0,0,56.0,56.0,1024,5.574438684924067,2.6607126217812986,0.1108630259075541,4.889536784029297,0.20373069933455404,1.7187072831443497,0.07161280346434791,2.6011641165747137,10,24,0.9909307881839083,24,7,11,19,24,0.2916666666666667,0.4583333333333333,0.7916666666666666,1.0,25,timm:mobilenetv2_100.ra_in1k_random
blocks.1.1.conv_pwl,conv,10,24,1,False,24.0,0,56.0,56.0,1536,5.810606603952559,2.5333665243309578,0.1055569385137899,4.525147279203451,0.18854780330014378,1.6817496176008264,0.07007290073336776,2.623870802151899,10,24,0.9825222071207881,24,6,10,18,24,0.25,0.4166666666666667,0.75,1.0,50,timm:mobilenetv2_100.ra_in1k_random
blocks.1.1.conv_pwl,conv,10,24,1,False,24.0,0,56.0,56.0,2560,5.615725340949138,2.547672830912727,0.10615303462136362,4.551340977341109,0.1896392073892129,1.6902824991085035,0.07042843746285431,2.53527495406425,10,24,0.975892907682372,24,7,11,19,24,0.2916666666666667,0.4583333333333333,0.7916666666666666,1.0,100,timm:mobilenetv2_100.ra_in1k_random
blocks.1.1.conv_pwl,conv,10,24,1,False,24.0,0,56.0,56.0,6144,5.462812248655029,2.660347958846098,0.11084783161858741,4.771021180212858,0.19879254917553577,1.7405075788769326,0.07252114911987219,2.430286774876084,10,24,0.9802623976673821,24,7,11,19,24,0.2916666666666667,0.4583333333333333,0.7916666666666666,1.0,250,timm:mobilenetv2_100.ra_in1k_random
blocks.1.1,block,11,24,1,False,,0,56.0,56.0,512,10.233948896075882,2.4407192793662076,0.10169663664025864,4.705094416737234,0.19604560069738475,1.6031010542330413,0.06679587725971005,2.293873865054482,10,24,0.9365941660778174,24,7,11,19,23,0.2916666666666667,0.4583333333333333,0.7916666666666666,0.9583333333333334,1,timm:mobilenetv2_100.ra_in1k_random
blocks.1.1,block,11,24,1,False,,0,56.0,56.0,512,10.233948896075882,2.4407192793662076,0.10169663664025864,4.705094416737234,0.19604560069738475,1.6031010542330413,0.06679587725971005,2.293873865054482,10,24,0.9365941660778174,24,7,11,19,23,0.2916666666666667,0.4583333333333333,0.7916666666666666,0.9583333333333334,2,timm:mobilenetv2_100.ra_in1k_random
blocks.1.1,block,11,24,1,False,,0,56.0,56.0,512,10.233948896075882,2.4407192793662076,0.10169663664025864,4.705094416737234,0.19604560069738475,1.6031010542330413,0.06679587725971005,2.293873865054482,10,24,0.9365941660778174,24,7,11,19,23,0.2916666666666667,0.4583333333333333,0.7916666666666666,0.9583333333333334,5,timm:mobilenetv2_100.ra_in1k_random
blocks.1.1,block,11,24,1,False,,0,56.0,56.0,512,10.233948896075882,2.4407192793662076,0.10169663664025864,4.705094416737234,0.19604560069738475,1.6031010542330413,0.06679587725971005,2.293873865054482,10,24,0.9365941660778174,24,7,11,19,23,0.2916666666666667,0.4583333333333333,0.7916666666666666,0.9583333333333334,10,timm:mobilenetv2_100.ra_in1k_random
blocks.1.1,block,11,24,1,False,,0,56.0,56.0,1024,10.148395248313745,2.541433900572305,0.1058930791905127,5.064685348271537,0.2110285561779807,1.6370151876678116,0.06820896615282548,2.0598794023647375,10,24,0.9430222498397475,24,8,12,20,24,0.3333333333333333,0.5,0.8333333333333334,1.0,25,timm:mobilenetv2_100.ra_in1k_random
blocks.1.1,block,11,24,1,False,,0,56.0,56.0,1536,10.304217174860144,2.4936750569886055,0.10390312737452523,4.90413881472567,0.20433911728023624,1.6242429315621003,0.06767678881508751,1.9535977418257244,10,24,0.9404508434085544,24,7,12,20,24,0.2916666666666667,0.5,0.8333333333333334,1.0,50,timm:mobilenetv2_100.ra_in1k_random
blocks.1.1,block,11,24,1,False,,0,56.0,56.0,2560,9.967607268114564,2.5221046146939146,0.10508769227891311,4.933041081282785,0.20554337838678272,1.637304805891622,0.06822103357881758,1.899456239684919,10,24,0.9587356673902493,24,7,12,20,24,0.2916666666666667,0.5,0.8333333333333334,1.0,100,timm:mobilenetv2_100.ra_in1k_random
blocks.1.1,block,11,24,1,False,,0,56.0,56.0,6144,9.65859384407673,2.4752250777473845,0.10313437823947436,4.8221585796163176,0.2009232741506799,1.6231006306237459,0.06762919294265608,1.8268494131696702,10,24,0.9497339730313346,24,7,12,20,24,0.2916666666666667,0.5,0.8333333333333334,1.0,250,timm:mobilenetv2_100.ra_in1k_random
blocks.2.0.conv_pw,conv,12,144,1,False,24.0,0,56.0,56.0,512,18.641962328730177,2.2904705188286334,0.015906045269643287,4.362820700633503,0.03029736597662155,1.5491568188347022,0.010758033464129877,8.84591063123248,10,144,0.842750076926135,85,6,10,18,23,0.041666666666666664,0.06944444444444445,0.125,0.1597222222222222,1,timm:mobilenetv2_100.ra_in1k_random
blocks.2.0.conv_pw,conv,12,144,1,False,24.0,0,56.0,56.0,512,18.641962328730177,2.2904705188286334,0.015906045269643287,4.362820700633503,0.03029736597662155,1.5491568188347022,0.010758033464129877,8.84591063123248,10,144,0.842750076926135,85,6,10,18,23,0.041666666666666664,0.06944444444444445,0.125,0.1597222222222222,2,timm:mobilenetv2_100.ra_in1k_random
blocks.2.0.conv_pw,conv,12,144,1,False,24.0,0,56.0,56.0,1024,18.29058479673074,2.5925973715203305,0.018004148413335627,5.086012923658493,0.03531953419207287,1.6596029651706925,0.011525020591463143,9.093342333161285,10,144,0.8286656059901123,85,8,11,19,24,0.05555555555555555,0.0763888888888889,0.13194444444444445,0.16666666666666666,5,timm:mobilenetv2_100.ra_in1k_random
blocks.2.0.conv_pw,conv,12,144,1,False,24.0,0,56.0,56.0,1536,19.020765022786495,2.547116263876882,0.017688307388033904,4.975154384740355,0.03454968322736358,1.645184155629792,0.011424889969651332,9.22803239557252,10,144,0.8268132704539519,84,7,11,19,24,0.04861111111111111,0.0763888888888889,0.13194444444444445,0.16666666666666666,10,timm:mobilenetv2_100.ra_in1k_random
blocks.2.0.conv_pw,conv,12,144,1,False,24.0,0,56.0,56.0,4096,17.920812926532328,2.551662180825785,0.017719876255734616,4.953111063433715,0.034396604607178576,1.6510536623773555,0.01146565043317608,9.628207020099545,10,144,0.8177785956575232,83,7,12,19,24,0.04861111111111111,0.08333333333333333,0.13194444444444445,0.16666666666666666,25,timm:mobilenetv2_100.ra_in1k_random
blocks.2.0.conv_pw,conv,12,144,1,False,24.0,0,56.0,56.0,7680,17.734562134562495,2.5766006467620755,0.017893060046958856,4.948585001853202,0.03436517362398057,1.6657116343903324,0.01156744190548842,9.620834562545712,10,144,0.8169753626174402,85,7,12,19,24,0.04861111111111111,0.08333333333333333,0.13194444444444445,0.16666666666666666,50,timm:mobilenetv2_100.ra_in1k_random
blocks.2.0.conv_pw,conv,12,144,1,False,24.0,0,56.0,56.0,14848,17.467786878270406,2.623517753798716,0.01821887329026886,5.016239781110015,0.03483499847993066,1.6850394359579837,0.01170166274970822,9.860160955605423,10,144,0.8104394398283479,83,7,12,19,24,0.04861111111111111,0.08333333333333333,0.13194444444444445,0.16666666666666666,100,timm:mobilenetv2_100.ra_in1k_random
blocks.2.0.conv_pw,conv,12,144,1,False,24.0,0,56.0,56.0,36352,17.270799542196276,2.67276294050429,0.018560853753502013,5.10795857979198,0.03547193458188875,1.7047105482990836,0.011838267696521415,10.18371055591276,10,144,0.8084129761825222,83,7,12,20,24,0.04861111111111111,0.08333333333333333,0.1388888888888889,0.16666666666666666,250,timm:mobilenetv2_100.ra_in1k_random
blocks.2.0.conv_dw,conv,13,144,144,True,144.0,0,28.0,28.0,512,16.03824924437922,3.272955093608385,0.022728854816724896,8.65096079426193,0.060076116626818964,1.8747571363261546,0.013019146780042741,3.129272000663891,10,144,0.6849269143284609,144,17,31,68,107,0.11805555555555555,0.2152777777777778,0.4722222222222222,0.7430555555555556,1,timm:mobilenetv2_100.ra_in1k_random
blocks.2.0.conv_dw,conv,13,144,144,True,144.0,0,28.0,28.0,512,16.03824924437922,3.272955093608385,0.022728854816724896,8.65096079426193,0.060076116626818964,1.8747571363261546,0.013019146780042741,3.129272000663891,10,144,0.6849269143284609,144,17,31,68,107,0.11805555555555555,0.2152777777777778,0.4722222222222222,0.7430555555555556,2,timm:mobilenetv2_100.ra_in1k_random
blocks.2.0.conv_dw,conv,13,144,144,True,144.0,0,28.0,28.0,1024,15.766327932984906,3.9017047057806264,0.027095171567921017,10.416992878945946,0.07234022832601351,2.080803178965775,0.014450022076151215,2.950061978662653,10,144,0.6510001856507648,144,20,35,75,112,0.1388888888888889,0.24305555555555555,0.5208333333333334,0.7777777777777778,5,timm:mobilenetv2_100.ra_in1k_random
blocks.2.0.conv_dw,conv,13,144,144,True,144.0,0,28.0,28.0,1536,15.599496118700339,3.801648891309479,0.026400339522982492,9.978073732968086,0.06929217870116727,2.0634084855026953,0.014329225593768717,2.8190549479222877,10,144,0.725766076230415,144,19,35,75,113,0.13194444444444445,0.24305555555555555,0.5208333333333334,0.7847222222222222,10,timm:mobilenetv2_100.ra_in1k_random
blocks.2.0.conv_dw,conv,13,144,144,True,144.0,0,28.0,28.0,4096,14.901338038797672,3.8874884781481023,0.026996447764917376,10.334742217908218,0.07176904317991818,2.093439127628628,0.014537771719643251,2.7277700129300735,10,144,0.7268823051168327,144,20,37,79,115,0.1388888888888889,0.2569444444444444,0.5486111111111112,0.7986111111111112,25,timm:mobilenetv2_100.ra_in1k_random
blocks.2.0.conv_dw,conv,13,144,144,True,144.0,0,28.0,28.0,7680,14.792740686583127,3.901719714458187,0.027095275794848522,10.362217593052149,0.07195984439619547,2.105289261461373,0.014620064315703979,2.7011960250182385,10,144,0.7183870292108238,144,20,37,80,115,0.1388888888888889,0.2569444444444444,0.5555555555555556,0.7986111111111112,50,timm:mobilenetv2_100.ra_in1k_random
blocks.2.0.conv_dw,conv,13,144,144,True,144.0,0,28.0,28.0,14848,14.637474859389297,3.936894484702826,0.027339545032658515,10.35190172809172,0.07188820644508138,2.1210861608970246,0.014729765006229337,2.672708122236909,10,144,0.7209996258066127,144,20,37,80,115,0.1388888888888889,0.2569444444444444,0.5555555555555556,0.7986111111111112,100,timm:mobilenetv2_100.ra_in1k_random
blocks.2.0.conv_dw,conv,13,144,144,True,144.0,0,28.0,28.0,36352,14.390780840087242,4.0517996770282405,0.02813749775714056,10.667424758473938,0.07407933860051347,2.1595307899690406,0.014996741597007226,2.6505992917103267,10,144,0.7276620739845829,144,21,38,81,116,0.14583333333333334,0.2638888888888889,0.5625,0.8055555555555556,250,timm:mobilenetv2_100.ra_in1k_random
blocks.2.0.conv_pwl,conv,14,32,1,False,32.0,0,28.0,28.0,512,13.577653530292547,4.102191986105342,0.12819349956579193,7.701704407750108,0.24067826274219087,2.2187996467718043,0.06933748896161888,2.8027266589055144,10,32,0.9507228995060679,32,9,14,24,30,0.28125,0.4375,0.75,0.9375,1,timm:mobilenetv2_100.ra_in1k_random
blocks.2.0.conv_pwl,conv,14,32,1,False,32.0,0,28.0,28.0,512,13.577653530292547,4.102191986105342,0.12819349956579193,7.701704407750108,0.24067826274219087,2.2187996467718043,0.06933748896161888,2.8027266589055144,10,32,0.9507228995060679,32,9,14,24,30,0.28125,0.4375,0.75,0.9375,2,timm:mobilenetv2_100.ra_in1k_random
blocks.2.0.conv_pwl,conv,14,32,1,False,32.0,0,28.0,28.0,512,13.577653530292547,4.102191986105342,0.12819349956579193,7.701704407750108,0.24067826274219087,2.2187996467718043,0.06933748896161888,2.8027266589055144,10,32,0.9507228995060679,32,9,14,24,30,0.28125,0.4375,0.75,0.9375,5,timm:mobilenetv2_100.ra_in1k_random
blocks.2.0.conv_pwl,conv,14,32,1,False,32.0,0,28.0,28.0,512,13.577653530292547,4.102191986105342,0.12819349956579193,7.701704407750108,0.24067826274219087,2.2187996467718043,0.06933748896161888,2.8027266589055144,10,32,0.9507228995060679,32,9,14,24,30,0.28125,0.4375,0.75,0.9375,10,timm:mobilenetv2_100.ra_in1k_random
blocks.2.0.conv_pwl,conv,14,32,1,False,32.0,0,28.0,28.0,1024,14.18959573155658,4.043973529947372,0.12637417281085536,7.857802231235073,0.24555631972609604,2.180204194648646,0.06813138108277018,2.6709815353223654,10,32,0.9397643062375083,32,10,15,24,31,0.3125,0.46875,0.75,0.96875,25,timm:mobilenetv2_100.ra_in1k_random
blocks.2.0.conv_pwl,conv,14,32,1,False,32.0,0,28.0,28.0,2048,14.192227243769182,4.288182919277998,0.13400571622743743,8.085003596416843,0.25265636238802636,2.290577579893909,0.07158054937168466,2.6327171027943534,10,32,0.9433198151971601,32,10,15,24,31,0.3125,0.46875,0.75,0.96875,50,timm:mobilenetv2_100.ra_in1k_random
blocks.2.0.conv_pwl,conv,14,32,1,False,32.0,0,28.0,28.0,3584,13.676246745374595,4.381782098972297,0.1369306905928843,8.222822497009746,0.25696320303155457,2.333512047095664,0.0729222514717395,2.573616235089815,10,32,0.9431705142381802,32,10,15,25,31,0.3125,0.46875,0.78125,0.96875,100,timm:mobilenetv2_100.ra_in1k_random
blocks.2.0.conv_pwl,conv,14,32,1,False,32.0,0,28.0,28.0,8192,13.208571833726893,4.556083115171159,0.14237759734909872,8.377191988999543,0.26178724965623573,2.4281778437933483,0.07588055761854214,2.5489932436404574,10,32,0.9424668323181855,32,10,15,25,31,0.3125,0.46875,0.78125,0.96875,250,timm:mobilenetv2_100.ra_in1k_random
blocks.2.0,block,15,32,1,False,,0,28.0,28.0,512,13.547751394969843,4.0701429734662,0.12719196792081874,7.589734692818608,0.2371792091505815,2.222810924821821,0.0694628414006819,2.746973094276596,10,32,0.9520692422033323,32,10,14,24,31,0.3125,0.4375,0.75,0.96875,1,timm:mobilenetv2_100.ra_in1k_random
blocks.2.0,block,15,32,1,False,,0,28.0,28.0,512,13.547751394969843,4.0701429734662,0.12719196792081874,7.589734692818608,0.2371792091505815,2.222810924821821,0.0694628414006819,2.746973094276596,10,32,0.9520692422033323,32,10,14,24,31,0.3125,0.4375,0.75,0.96875,2,timm:mobilenetv2_100.ra_in1k_random
blocks.2.0,block,15,32,1,False,,0,28.0,28.0,512,13.547751394969843,4.0701429734662,0.12719196792081874,7.589734692818608,0.2371792091505815,2.222810924821821,0.0694628414006819,2.746973094276596,10,32,0.9520692422033323,32,10,14,24,31,0.3125,0.4375,0.75,0.96875,5,timm:mobilenetv2_100.ra_in1k_random
blocks.2.0,block,15,32,1,False,,0,28.0,28.0,512,13.547751394969843,4.0701429734662,0.12719196792081874,7.589734692818608,0.2371792091505815,2.222810924821821,0.0694628414006819,2.746973094276596,10,32,0.9520692422033323,32,10,14,24,31,0.3125,0.4375,0.75,0.96875,10,timm:mobilenetv2_100.ra_in1k_random
blocks.2.0,block,15,32,1,False,,0,28.0,28.0,1024,14.123795555779369,4.27021288300089,0.13344415259377782,7.998208137075646,0.24994400428361394,2.295475979274234,0.07173362435231981,2.6336756710506575,10,32,0.947397069581323,32,10,15,24,31,0.3125,0.46875,0.75,0.96875,25,timm:mobilenetv2_100.ra_in1k_random
blocks.2.0,block,15,32,1,False,,0,28.0,28.0,2048,13.6323093273411,4.068252905609226,0.1271329033002883,7.7095558774304225,0.2409236211697007,2.224309948289019,0.06950968588403185,2.5809989903498325,10,32,0.9439460204328995,32,10,15,24,31,0.3125,0.46875,0.75,0.96875,50,timm:mobilenetv2_100.ra_in1k_random
blocks.2.0,block,15,32,1,False,,0,28.0,28.0,3584,13.342545758054806,4.238740281351704,0.13246063379224074,7.922749743169305,0.2475859294740408,2.2989428373136347,0.07184196366605108,2.5332587110789753,10,32,0.9438810864103884,32,10,15,25,31,0.3125,0.46875,0.78125,0.96875,100,timm:mobilenetv2_100.ra_in1k_random
blocks.2.0,block,15,32,1,False,,0,28.0,28.0,8192,13.180507717022408,4.456305926589073,0.13925956020590854,8.166703268008556,0.25520947712526737,2.403998033602954,0.07512493855009231,2.537372682094762,10,32,0.94421193056451,32,10,15,25,31,0.3125,0.46875,0.78125,0.96875,250,timm:mobilenetv2_100.ra_in1k_random
blocks.2.1.conv_pw,conv,16,192,1,False,32.0,0,28.0,28.0,512,29.903898203455746,3.8948730729592493,0.02028579725499609,7.039562731785075,0.03666438922804727,2.1736933188375454,0.01132131936894555,8.43800401131937,10,192,0.8509555006670332,109,8,13,22,30,0.041666666666666664,0.06770833333333333,0.11458333333333333,0.15625,1,timm:mobilenetv2_100.ra_in1k_random
blocks.2.1.conv_pw,conv,16,192,1,False,32.0,0,28.0,28.0,512,29.903898203455746,3.8948730729592493,0.02028579725499609,7.039562731785075,0.03666438922804727,2.1736933188375454,0.01132131936894555,8.43800401131937,10,192,0.8509555006670332,109,8,13,22,30,0.041666666666666664,0.06770833333333333,0.11458333333333333,0.15625,2,timm:mobilenetv2_100.ra_in1k_random
blocks.2.1.conv_pw,conv,16,192,1,False,32.0,0,28.0,28.0,1024,29.671984099344478,4.180709448982366,0.02177452838011649,7.557652294832266,0.03936277236891805,2.286323076208683,0.01190793268858689,8.683765451239251,10,192,0.8455396889156012,111,9,14,23,30,0.046875,0.07291666666666667,0.11979166666666667,0.15625,5,timm:mobilenetv2_100.ra_in1k_random
blocks.2.1.conv_pw,conv,16,192,1,False,32.0,0,28.0,28.0,2048,30.14568872091307,4.007699749836191,0.020873436197063496,7.281710635196367,0.03792557622498108,2.2245201004494937,0.011586042189841113,8.753507330061623,10,192,0.8415667274791763,112,9,14,23,30,0.046875,0.07291666666666667,0.11979166666666667,0.15625,10,timm:mobilenetv2_100.ra_in1k_random
blocks.2.1.conv_pw,conv,16,192,1,False,32.0,0,28.0,28.0,5120,28.80556577548871,4.122259325163526,0.021470100651893365,7.42519888323874,0.03867291085020177,2.2840471853216355,0.011896079090216852,9.051813508006955,10,192,0.8353837827468155,111,9,14,23,30,0.046875,0.07291666666666667,0.11979166666666667,0.15625,25,timm:mobilenetv2_100.ra_in1k_random
blocks.2.1.conv_pw,conv,16,192,1,False,32.0,0,28.0,28.0,9728,27.554886995929156,4.28016652051277,0.022292533961004012,7.6169386977607045,0.03967155571750367,2.3643802487805594,0.012314480462398747,9.215575805465031,10,192,0.8308879249294112,111,9,14,23,30,0.046875,0.07291666666666667,0.11979166666666667,0.15625,50,timm:mobilenetv2_100.ra_in1k_random
blocks.2.1.conv_pw,conv,16,192,1,False,32.0,0,28.0,28.0,19456,27.950073664833656,4.267413939642822,0.02222611426897303,7.57263004485232,0.03944078148360584,2.3639907074907334,0.012312451601514236,9.447651126478346,10,192,0.8310278090128432,111,9,14,23,30,0.046875,0.07291666666666667,0.11979166666666667,0.15625,100,timm:mobilenetv2_100.ra_in1k_random
blocks.2.1.conv_pw,conv,16,192,1,False,32.0,0,28.0,28.0,48128,27.40716290411807,4.34636774877852,0.022637332024888126,7.684999293634409,0.04002603798767921,2.3972932430105622,0.012485902307346678,9.791157243671199,10,192,0.8309534365926668,111,9,14,23,30,0.046875,0.07291666666666667,0.11979166666666667,0.15625,250,timm:mobilenetv2_100.ra_in1k_random
blocks.2.1.conv_dw,conv,17,192,192,True,192.0,0,28.0,28.0,512,21.06718702653444,5.3336739582874015,0.027779551866080218,15.72227942797977,0.08188687202072796,2.450264061849482,0.012761791988799386,3.4390457267985854,10,192,0.30573067129496134,188,27,47,97,151,0.140625,0.24479166666666666,0.5052083333333334,0.7864583333333334,1,timm:mobilenetv2_100.ra_in1k_random
blocks.2.1.conv_dw,conv,17,192,192,True,192.0,0,28.0,28.0,512,21.06718702653444,5.3336739582874015,0.027779551866080218,15.72227942797977,0.08188687202072796,2.450264061849482,0.012761791988799386,3.4390457267985854,10,192,0.30573067129496134,188,27,47,97,151,0.140625,0.24479166666666666,0.5052083333333334,0.7864583333333334,2,timm:mobilenetv2_100.ra_in1k_random
blocks.2.1.conv_dw,conv,17,192,192,True,192.0,0,28.0,28.0,1024,22.053386214760813,6.711812295385979,0.03495735570513531,19.46080079907836,0.10135833749519979,2.8306183231595843,0.014742803766456168,3.0537520597302166,10,192,0.371105036766498,189,32,54,108,158,0.16666666666666666,0.28125,0.5625,0.8229166666666666,5,timm:mobilenetv2_100.ra_in1k_random
blocks.2.1.conv_dw,conv,17,192,192,True,192.0,0,28.0,28.0,2048,22.06031153574796,6.530362061654654,0.03401230240445132,18.81979767943225,0.09801977958037629,2.807936924578409,0.014624671482179214,3.230591066337283,10,192,0.28195181741222264,189,32,55,111,159,0.16666666666666666,0.2864583333333333,0.578125,0.828125,10,timm:mobilenetv2_100.ra_in1k_random
blocks.2.1.conv_dw,conv,17,192,192,True,192.0,0,28.0,28.0,5120,21.069346849569374,7.193739398012199,0.037467392697980204,20.1855010125317,0.1051328177736026,3.015884188721999,0.015707730149593747,2.6451638270482394,10,192,0.6286776130833809,191,34,57,114,161,0.17708333333333334,0.296875,0.59375,0.8385416666666666,25,timm:mobilenetv2_100.ra_in1k_random
blocks.2.1.conv_dw,conv,17,192,192,True,192.0,0,28.0,28.0,9728,20.592265141383194,7.506147075972756,0.03909451602069144,20.865871115207177,0.10867641205837071,3.119295868473224,0.016246332648298042,2.6413081829840577,10,192,0.6157313750547441,191,35,59,116,161,0.18229166666666666,0.3072916666666667,0.6041666666666666,0.8385416666666666,50,timm:mobilenetv2_100.ra_in1k_random
blocks.2.1.conv_dw,conv,17,192,192,True,192.0,0,28.0,28.0,19456,20.604640048516014,7.475848912915188,0.038936713088099935,20.79920728234415,0.10832920459554245,3.1107110763380166,0.016201620189260503,2.7086972847919952,10,192,0.593518866295541,192,35,59,116,161,0.18229166666666666,0.3072916666666667,0.6041666666666666,0.8385416666666666,100,timm:mobilenetv2_100.ra_in1k_random
blocks.2.1.conv_dw,conv,17,192,192,True,192.0,0,28.0,28.0,48128,20.247604254115323,7.641772864604347,0.039800900336480975,21.215308540437565,0.11049639864811232,3.1554536310878643,0.016434654328582626,2.66822865816073,10,192,0.615645034762109,192,35,59,117,162,0.18229166666666666,0.3072916666666667,0.609375,0.84375,250,timm:mobilenetv2_100.ra_in1k_random
blocks.2.1.conv_pwl,conv,18,32,1,False,32.0,0,28.0,28.0,512,24.002737907514188,3.183205708053105,0.09947517837665953,6.646091633580694,0.20769036354939668,1.8678004997051436,0.05836876561578574,2.3434335281179233,10,32,0.9686450207766713,32,10,15,25,31,0.3125,0.46875,0.78125,0.96875,1,timm:mobilenetv2_100.ra_in1k_random
blocks.2.1.conv_pwl,conv,18,32,1,False,32.0,0,28.0,28.0,512,24.002737907514188,3.183205708053105,0.09947517837665953,6.646091633580694,0.20769036354939668,1.8678004997051436,0.05836876561578574,2.3434335281179233,10,32,0.9686450207766713,32,10,15,25,31,0.3125,0.46875,0.78125,0.96875,2,timm:mobilenetv2_100.ra_in1k_random
blocks.2.1.conv_pwl,conv,18,32,1,False,32.0,0,28.0,28.0,512,24.002737907514188,3.183205708053105,0.09947517837665953,6.646091633580694,0.20769036354939668,1.8678004997051436,0.05836876561578574,2.3434335281179233,10,32,0.9686450207766713,32,10,15,25,31,0.3125,0.46875,0.78125,0.96875,5,timm:mobilenetv2_100.ra_in1k_random
blocks.2.1.conv_pwl,conv,18,32,1,False,32.0,0,28.0,28.0,512,24.002737907514188,3.183205708053105,0.09947517837665953,6.646091633580694,0.20769036354939668,1.8678004997051436,0.05836876561578574,2.3434335281179233,10,32,0.9686450207766713,32,10,15,25,31,0.3125,0.46875,0.78125,0.96875,10,timm:mobilenetv2_100.ra_in1k_random
blocks.2.1.conv_pwl,conv,18,32,1,False,32.0,0,28.0,28.0,1024,22.871489153552442,3.6911518791635145,0.11534849622385983,7.6472204078342765,0.23897563774482114,2.044155990068531,0.0638798746896416,2.2236134831621883,10,32,0.9817890250295163,32,11,16,26,32,0.34375,0.5,0.8125,1.0,25,timm:mobilenetv2_100.ra_in1k_random
blocks.2.1.conv_pwl,conv,18,32,1,False,32.0,0,28.0,28.0,2048,21.75929278168895,3.8450230608469123,0.12015697065146601,7.91140209403049,0.2472313154384528,2.1027724475047416,0.06571163898452317,2.2505533537315823,10,32,0.9769454190897504,32,12,17,27,32,0.375,0.53125,0.84375,1.0,50,timm:mobilenetv2_100.ra_in1k_random
blocks.2.1.conv_pwl,conv,18,32,1,False,32.0,0,28.0,28.0,3584,21.171794517479103,3.9282293381528124,0.12275716681727539,8.137214528730329,0.2542879540228228,2.1261496356132454,0.06644217611291392,2.220633779049904,10,32,0.9752304229002163,32,12,17,27,32,0.375,0.53125,0.84375,1.0,100,timm:mobilenetv2_100.ra_in1k_random
blocks.2.1.conv_pwl,conv,18,32,1,False,32.0,0,28.0,28.0,8192,20.669564078768246,4.105686991624824,0.12830271848827576,8.38864197601408,0.26214506175044,2.1971995935114923,0.06866248729723413,2.1959823142683423,10,32,0.9721488106590063,32,12,17,27,32,0.375,0.53125,0.84375,1.0,250,timm:mobilenetv2_100.ra_in1k_random
blocks.2.1,block,19,32,1,False,,0,28.0,28.0,512,42.05581354488365,3.048978056780801,0.09528056427440003,6.557577287450843,0.20492429023283884,1.811832167867144,0.05661975524584825,1.9599014834005504,10,32,0.9515368591815188,32,11,17,27,32,0.34375,0.53125,0.84375,1.0,1,timm:mobilenetv2_100.ra_in1k_random
blocks.2.1,block,19,32,1,False,,0,28.0,28.0,512,42.05581354488365,3.048978056780801,0.09528056427440003,6.557577287450843,0.20492429023283884,1.811832167867144,0.05661975524584825,1.9599014834005504,10,32,0.9515368591815188,32,11,17,27,32,0.34375,0.53125,0.84375,1.0,2,timm:mobilenetv2_100.ra_in1k_random
blocks.2.1,block,19,32,1,False,,0,28.0,28.0,512,42.05581354488365,3.048978056780801,0.09528056427440003,6.557577287450843,0.20492429023283884,1.811832167867144,0.05661975524584825,1.9599014834005504,10,32,0.9515368591815188,32,11,17,27,32,0.34375,0.53125,0.84375,1.0,5,timm:mobilenetv2_100.ra_in1k_random
blocks.2.1,block,19,32,1,False,,0,28.0,28.0,512,42.05581354488365,3.048978056780801,0.09528056427440003,6.557577287450843,0.20492429023283884,1.811832167867144,0.05661975524584825,1.9599014834005504,10,32,0.9515368591815188,32,11,17,27,32,0.34375,0.53125,0.84375,1.0,10,timm:mobilenetv2_100.ra_in1k_random
blocks.2.1,block,19,32,1,False,,0,28.0,28.0,1024,41.61109463139127,3.26230697543192,0.1019470929822475,7.182475327779253,0.22445235399310165,1.8779714089601816,0.058686606530005674,1.9091436291657617,10,32,0.9628139397568244,32,12,18,27,32,0.375,0.5625,0.84375,1.0,25,timm:mobilenetv2_100.ra_in1k_random
blocks.2.1,block,19,32,1,False,,0,28.0,28.0,2048,41.15262286304984,3.315570926625044,0.10361159145703262,7.265587927093275,0.22704962272166485,1.8988767372719435,0.059339898039748235,1.8820983315829238,10,32,0.9630081463999194,32,12,18,27,32,0.375,0.5625,0.84375,1.0,50,timm:mobilenetv2_100.ra_in1k_random
blocks.2.1,block,19,32,1,False,,0,28.0,28.0,3584,39.721666817669075,3.4394806832092764,0.10748377135028989,7.501013548694174,0.23440667339669294,1.9422043888713554,0.060693887152229856,1.859452225755373,10,32,0.9630349789585868,32,12,18,28,32,0.375,0.5625,0.875,1.0,100,timm:mobilenetv2_100.ra_in1k_random
blocks.2.1,block,19,32,1,False,,0,28.0,28.0,8192,38.370985432980866,3.630097706138319,0.11344055331682247,7.8261584440290894,0.24456745137590905,2.0117022349942792,0.06286569484357123,1.8428336504192937,10,32,0.9643252459235525,32,13,18,28,32,0.40625,0.5625,0.875,1.0,250,timm:mobilenetv2_100.ra_in1k_random
blocks.2.2.conv_pw,conv,20,192,1,False,32.0,0,28.0,28.0,512,80.29290980696173,3.52461187101653,0.01835735349487776,7.201436500509489,0.03750748177348692,1.9940295039280418,0.010385570332958552,8.640167600779469,10,192,0.8402747441095705,110,10,16,26,31,0.052083333333333336,0.08333333333333333,0.13541666666666666,0.16145833333333334,1,timm:mobilenetv2_100.ra_in1k_random
blocks.2.2.conv_pw,conv,20,192,1,False,32.0,0,28.0,28.0,512,80.29290980696173,3.52461187101653,0.01835735349487776,7.201436500509489,0.03750748177348692,1.9940295039280418,0.010385570332958552,8.640167600779469,10,192,0.8402747441095705,110,10,16,26,31,0.052083333333333336,0.08333333333333333,0.13541666666666666,0.16145833333333334,2,timm:mobilenetv2_100.ra_in1k_random
blocks.2.2.conv_pw,conv,20,192,1,False,32.0,0,28.0,28.0,1024,80.32553651920695,3.951946407432681,0.020583054205378547,7.998112312879202,0.04165683496291251,2.1472458875637956,0.011183572331061436,8.905196732473925,10,192,0.8368255014697619,112,11,17,27,32,0.057291666666666664,0.08854166666666667,0.140625,0.16666666666666666,5,timm:mobilenetv2_100.ra_in1k_random
blocks.2.2.conv_pw,conv,20,192,1,False,32.0,0,28.0,28.0,2048,77.35195774029397,3.8986611616719222,0.020305526883707927,7.909484644068436,0.04119523252118977,2.1293974490216154,0.011090611713654247,9.046222679236607,10,192,0.83732154931351,113,11,17,27,32,0.057291666666666664,0.08854166666666667,0.140625,0.16666666666666666,10,timm:mobilenetv2_100.ra_in1k_random
blocks.2.2.conv_pw,conv,20,192,1,False,32.0,0,28.0,28.0,5120,74.4151425057222,3.8922723661300505,0.020272251906927347,7.953827218194187,0.041426183428094725,2.1262154009164056,0.011074038546439612,9.339284064788842,10,192,0.8281552980342113,111,12,17,27,32,0.0625,0.08854166666666667,0.140625,0.16666666666666666,25,timm:mobilenetv2_100.ra_in1k_random
blocks.2.2.conv_pw,conv,20,192,1,False,32.0,0,28.0,28.0,9728,72.17039950193582,4.003405029777563,0.020851067863424808,8.111904832730264,0.04224950433713679,2.173188223389045,0.01131868866348461,9.533840787312688,10,192,0.8233576808944492,111,12,18,27,32,0.0625,0.09375,0.140625,0.16666666666666666,50,timm:mobilenetv2_100.ra_in1k_random
blocks.2.2.conv_pw,conv,20,192,1,False,32.0,0,28.0,28.0,19456,73.02711289720482,4.029355870166174,0.02098622849044882,8.153308922806767,0.04246515063961858,2.1821252868169916,0.011365235868838497,9.78293232583012,10,192,0.8243322141092555,111,12,18,27,32,0.0625,0.09375,0.140625,0.16666666666666666,100,timm:mobilenetv2_100.ra_in1k_random
blocks.2.2.conv_pw,conv,20,192,1,False,32.0,0,28.0,28.0,48128,71.45561112715721,4.145285046577066,0.02159002628425555,8.332424758291237,0.043398045616100195,2.2263535083076547,0.011595591189102368,10.137279928780973,10,192,0.823854242356559,110,12,18,27,32,0.0625,0.09375,0.140625,0.16666666666666666,250,timm:mobilenetv2_100.ra_in1k_random
blocks.2.2.conv_dw,conv,21,192,192,True,192.0,0,28.0,28.0,512,76.07008946588483,3.9209471766102086,0.02042159987817817,11.306773645969518,0.0588894460727579,2.06824582717525,0.010772113683204429,3.953289462497402,10,192,0.34091168309325515,189,23,41,87,134,0.11979166666666667,0.21354166666666666,0.453125,0.6979166666666666,1,timm:mobilenetv2_100.ra_in1k_random
blocks.2.2.conv_dw,conv,21,192,192,True,192.0,0,28.0,28.0,512,76.07008946588483,3.9209471766102086,0.02042159987817817,11.306773645969518,0.0588894460727579,2.06824582717525,0.010772113683204429,3.953289462497402,10,192,0.34091168309325515,189,23,41,87,134,0.11979166666666667,0.21354166666666666,0.453125,0.6979166666666666,2,timm:mobilenetv2_100.ra_in1k_random
blocks.2.2.conv_dw,conv,21,192,192,True,192.0,0,28.0,28.0,1024,75.41021446723897,4.2853552351318385,0.02231955851631166,12.733948181426879,0.066322646778265,2.1738067081925148,0.011321909938502682,3.4443595994429934,10,192,0.3403655381105448,190,26,46,95,142,0.13541666666666666,0.23958333333333334,0.4947916666666667,0.7395833333333334,5,timm:mobilenetv2_100.ra_in1k_random
blocks.2.2.conv_dw,conv,21,192,192,True,192.0,0,28.0,28.0,2048,75.89313632049428,4.188897784617423,0.02181717596154908,12.527803615743517,0.06524897716533082,2.144694662881518,0.011170284702507907,3.4006765579683544,10,192,0.29896261159916426,190,26,47,97,143,0.13541666666666666,0.24479166666666666,0.5052083333333334,0.7447916666666666,10,timm:mobilenetv2_100.ra_in1k_random
blocks.2.2.conv_dw,conv,21,192,192,True,192.0,0,28.0,28.0,5120,72.14835994768178,4.061604285975506,0.02115418898945576,12.439678044575736,0.06478998981549862,2.1018412269113376,0.01094708972349655,3.383446145444902,10,192,0.32801016437992003,191,27,48,99,144,0.140625,0.25,0.515625,0.75,25,timm:mobilenetv2_100.ra_in1k_random
blocks.2.2.conv_dw,conv,21,192,192,True,192.0,0,28.0,28.0,9728,70.01973642006459,4.135329661712897,0.02153817532142134,12.618496376795518,0.06572133529581,2.126353744495199,0.011074759085912496,3.352220477173374,10,192,0.33560600119992734,191,27,49,100,145,0.140625,0.2552083333333333,0.5208333333333334,0.7552083333333334,50,timm:mobilenetv2_100.ra_in1k_random
blocks.2.2.conv_dw,conv,21,192,192,True,192.0,0,28.0,28.0,19456,69.91048994080262,4.19059687155503,0.02182602537268245,12.744915410946689,0.06637976776534733,2.144446267795684,0.011168990978102521,2.9621876686535864,10,192,0.6839279366838691,191,28,49,100,145,0.14583333333333334,0.2552083333333333,0.5208333333333334,0.7552083333333334,100,timm:mobilenetv2_100.ra_in1k_random
blocks.2.2.conv_dw,conv,21,192,192,True,192.0,0,28.0,28.0,48128,68.72755406478129,4.257669700566227,0.022175363023782434,13.022462416609255,0.06782532508650653,2.163109233059374,0.01126619392218424,3.074258366467766,10,192,0.6292137227573318,192,28,50,101,145,0.14583333333333334,0.2604166666666667,0.5260416666666666,0.7552083333333334,250,timm:mobilenetv2_100.ra_in1k_random
blocks.2.2.conv_pwl,conv,22,32,1,False,32.0,0,28.0,28.0,512,53.32630415765273,3.354830282791772,0.10483844633724287,7.438688999309395,0.2324590312284186,1.8951586982300994,0.05922370931969061,2.30506190000123,10,32,0.9533240111616378,32,11,17,26,31,0.34375,0.53125,0.8125,0.96875,1,timm:mobilenetv2_100.ra_in1k_random
blocks.2.2.conv_pwl,conv,22,32,1,False,32.0,0,28.0,28.0,512,53.32630415765273,3.354830282791772,0.10483844633724287,7.438688999309395,0.2324590312284186,1.8951586982300994,0.05922370931969061,2.30506190000123,10,32,0.9533240111616378,32,11,17,26,31,0.34375,0.53125,0.8125,0.96875,2,timm:mobilenetv2_100.ra_in1k_random
blocks.2.2.conv_pwl,conv,22,32,1,False,32.0,0,28.0,28.0,512,53.32630415765273,3.354830282791772,0.10483844633724287,7.438688999309395,0.2324590312284186,1.8951586982300994,0.05922370931969061,2.30506190000123,10,32,0.9533240111616378,32,11,17,26,31,0.34375,0.53125,0.8125,0.96875,5,timm:mobilenetv2_100.ra_in1k_random
blocks.2.2.conv_pwl,conv,22,32,1,False,32.0,0,28.0,28.0,512,53.32630415765273,3.354830282791772,0.10483844633724287,7.438688999309395,0.2324590312284186,1.8951586982300994,0.05922370931969061,2.30506190000123,10,32,0.9533240111616378,32,11,17,26,31,0.34375,0.53125,0.8125,0.96875,10,timm:mobilenetv2_100.ra_in1k_random
blocks.2.2.conv_pwl,conv,22,32,1,False,32.0,0,28.0,28.0,1024,52.683121475011106,3.52277492260688,0.110086716331465,7.856034958260288,0.245501092445634,1.9480245348202252,0.06087576671313204,2.237870750193614,10,32,0.9647866842130743,32,12,17,27,32,0.375,0.53125,0.84375,1.0,25,timm:mobilenetv2_100.ra_in1k_random
blocks.2.2.conv_pwl,conv,22,32,1,False,32.0,0,28.0,28.0,2048,53.103588671489945,3.4525727069352574,0.1078928970917268,7.6733381750352105,0.23979181796985033,1.9270238423517603,0.06021949507349251,2.1896115274126817,10,32,0.9540641347891234,32,12,17,26,32,0.375,0.53125,0.8125,1.0,50,timm:mobilenetv2_100.ra_in1k_random
blocks.2.2.conv_pwl,conv,22,32,1,False,32.0,0,28.0,28.0,3584,50.724381928377575,3.578350561306915,0.1118234550408411,7.939276117375711,0.24810237866799098,1.9679505245580273,0.061498453892438354,2.147817709149145,10,32,0.9625419143508875,32,12,17,27,32,0.375,0.53125,0.84375,1.0,100,timm:mobilenetv2_100.ra_in1k_random
blocks.2.2.conv_pwl,conv,22,32,1,False,32.0,0,28.0,28.0,8192,49.28669079907087,3.66556127832657,0.11454878994770532,8.140775052768687,0.25439922039902146,1.996510072212655,0.06239093975664547,2.111606346937722,10,32,0.9602215480330912,32,12,18,27,32,0.375,0.5625,0.84375,1.0,250,timm:mobilenetv2_100.ra_in1k_random
blocks.2.2,block,23,32,1,False,,0,28.0,28.0,512,91.02990006000795,3.157255668101962,0.09866423962818631,7.20411383294381,0.22512855727949407,1.831063757167539,0.057220742411485594,1.8654441793237313,10,32,0.9787187332617788,32,12,18,28,32,0.375,0.5625,0.875,1.0,1,timm:mobilenetv2_100.ra_in1k_random
blocks.2.2,block,23,32,1,False,,0,28.0,28.0,512,91.02990006000795,3.157255668101962,0.09866423962818631,7.20411383294381,0.22512855727949407,1.831063757167539,0.057220742411485594,1.8654441793237313,10,32,0.9787187332617788,32,12,18,28,32,0.375,0.5625,0.875,1.0,2,timm:mobilenetv2_100.ra_in1k_random
blocks.2.2,block,23,32,1,False,,0,28.0,28.0,512,91.02990006000795,3.157255668101962,0.09866423962818631,7.20411383294381,0.22512855727949407,1.831063757167539,0.057220742411485594,1.8654441793237313,10,32,0.9787187332617788,32,12,18,28,32,0.375,0.5625,0.875,1.0,5,timm:mobilenetv2_100.ra_in1k_random
blocks.2.2,block,23,32,1,False,,0,28.0,28.0,512,91.02990006000795,3.157255668101962,0.09866423962818631,7.20411383294381,0.22512855727949407,1.831063757167539,0.057220742411485594,1.8654441793237313,10,32,0.9787187332617788,32,12,18,28,32,0.375,0.5625,0.875,1.0,10,timm:mobilenetv2_100.ra_in1k_random
blocks.2.2,block,23,32,1,False,,0,28.0,28.0,1024,91.38254459119162,3.4819822612536178,0.10881194566417556,8.074535093689772,0.25232922167780536,1.9325161239590138,0.06039112887371918,1.797672047321218,10,32,0.9772216238709547,32,14,20,28,32,0.4375,0.625,0.875,1.0,25,timm:mobilenetv2_100.ra_in1k_random
blocks.2.2,block,23,32,1,False,,0,28.0,28.0,2048,93.14011141590427,3.4849941705882683,0.10890606783088339,8.03295624483715,0.25102988265116094,1.9355934494667726,0.06048729529583664,1.7190279332527454,10,32,0.9689964689037666,32,14,20,28,32,0.4375,0.625,0.875,1.0,50,timm:mobilenetv2_100.ra_in1k_random
blocks.2.2,block,23,32,1,False,,0,28.0,28.0,3584,90.11720565395122,3.5873249931887714,0.1121039060371491,8.279503608646957,0.2587344877702174,1.9674271246648805,0.061482097645777514,1.6848185190141898,10,32,0.9660139827071244,32,14,20,28,32,0.4375,0.625,0.875,1.0,100,timm:mobilenetv2_100.ra_in1k_random
blocks.2.2,block,23,32,1,False,,0,28.0,28.0,8192,87.26103095777157,3.6695192507824332,0.11467247658695104,8.409466714736697,0.26279583483552177,1.997257056734726,0.06241428302296019,1.6652380689263773,10,32,0.965777281594232,32,14,20,29,32,0.4375,0.625,0.90625,1.0,250,timm:mobilenetv2_100.ra_in1k_random
blocks.3.0.conv_pw,conv,24,192,1,False,32.0,0,28.0,28.0,512,195.65755097013755,3.0199893563600595,0.015729111231041978,6.7315930268403195,0.03506038034812666,1.78786486261023,0.009311796159428282,8.682902484079452,10,192,0.8502526927429749,113,11,16,26,32,0.057291666666666664,0.08333333333333333,0.13541666666666666,0.16666666666666666,1,timm:mobilenetv2_100.ra_in1k_random
blocks.3.0.conv_pw,conv,24,192,1,False,32.0,0,28.0,28.0,512,195.65755097013755,3.0199893563600595,0.015729111231041978,6.7315930268403195,0.03506038034812666,1.78786486261023,0.009311796159428282,8.682902484079452,10,192,0.8502526927429749,113,11,16,26,32,0.057291666666666664,0.08333333333333333,0.13541666666666666,0.16666666666666666,2,timm:mobilenetv2_100.ra_in1k_random
blocks.3.0.conv_pw,conv,24,192,1,False,32.0,0,28.0,28.0,1024,188.14248314318888,3.4663199434255283,0.018053749705341293,7.778643851002955,0.04051377005730706,1.931879596299383,0.01006187289739262,9.176172315648973,10,192,0.840363617036903,110,12,18,27,32,0.0625,0.09375,0.140625,0.16666666666666666,5,timm:mobilenetv2_100.ra_in1k_random
blocks.3.0.conv_pw,conv,24,192,1,False,32.0,0,28.0,28.0,2048,187.00240262741306,3.4749193052835485,0.018098538048351816,7.74214406643041,0.04032366701265839,1.938055002743713,0.010094036472623505,9.16916404543149,10,192,0.8396662151922127,113,12,18,27,32,0.0625,0.09375,0.140625,0.16666666666666666,10,timm:mobilenetv2_100.ra_in1k_random
blocks.3.0.conv_pw,conv,24,192,1,False,32.0,0,28.0,28.0,5120,178.36743075636974,3.527540459717178,0.018372606561026968,7.86826412720923,0.04098054232921474,1.9545781691930724,0.010180094631213919,9.404883543444843,10,192,0.8310156570977887,112,12,18,27,32,0.0625,0.09375,0.140625,0.16666666666666666,25,timm:mobilenetv2_100.ra_in1k_random
blocks.3.0.conv_pw,conv,24,192,1,False,32.0,0,28.0,28.0,9728,172.09757797277064,3.581967716664509,0.01865608185762765,8.005251560810631,0.0416940185458887,1.9723302607420408,0.010272553441364796,9.654836394252508,10,192,0.8304232416372497,112,13,18,27,32,0.06770833333333333,0.09375,0.140625,0.16666666666666666,50,timm:mobilenetv2_100.ra_in1k_random
blocks.3.0.conv_pw,conv,24,192,1,False,32.0,0,28.0,28.0,19456,173.35913527541746,3.6635656647083508,0.019081071170355995,8.167883497658286,0.042541059883636906,1.9980687182061307,0.010406607907323598,10.07192454380792,10,192,0.8322228522500507,109,13,18,27,32,0.06770833333333333,0.09375,0.140625,0.16666666666666666,100,timm:mobilenetv2_100.ra_in1k_random
blocks.3.0.conv_pw,conv,24,192,1,False,32.0,0,28.0,28.0,48128,170.48340821491917,3.6868601807278716,0.01920239677462433,8.209526078055065,0.04275794832320346,2.00613733757598,0.010448631966541562,10.15507527269147,10,192,0.8255623518368715,111,13,18,27,32,0.06770833333333333,0.09375,0.140625,0.16666666666666666,250,timm:mobilenetv2_100.ra_in1k_random
blocks.3.0.conv_dw,conv,25,192,192,True,192.0,0,14.0,14.0,512,177.7867217838672,3.354845572912509,0.017473154025585986,10.037726747800694,0.05227982681146195,1.8822964842823648,0.009803627522303984,3.5060234031334345,10,192,0.45533904088502897,190,23,41,86,135,0.11979166666666667,0.21354166666666666,0.4479166666666667,0.703125,1,timm:mobilenetv2_100.ra_in1k_random
blocks.3.0.conv_dw,conv,25,192,192,True,192.0,0,14.0,14.0,512,177.7867217838672,3.354845572912509,0.017473154025585986,10.037726747800694,0.05227982681146195,1.8822964842823648,0.009803627522303984,3.5060234031334345,10,192,0.45533904088502897,190,23,41,86,135,0.11979166666666667,0.21354166666666666,0.4479166666666667,0.703125,2,timm:mobilenetv2_100.ra_in1k_random
blocks.3.0.conv_dw,conv,25,192,192,True,192.0,0,14.0,14.0,1024,171.4926063448117,3.53814840239585,0.018427856262478386,11.209320216285612,0.05838187612648756,1.9308644585014756,0.010056585721361852,3.005961779014622,10,192,0.7155421610467956,190,26,46,95,141,0.13541666666666666,0.23958333333333334,0.4947916666666667,0.734375,5,timm:mobilenetv2_100.ra_in1k_random
blocks.3.0.conv_dw,conv,25,192,192,True,192.0,0,14.0,14.0,2048,165.20630390273914,3.6057443400805673,0.01877991843791962,11.355711013911264,0.0591443281974545,1.9549052061478547,0.010181797948686743,2.8765928654965474,10,192,0.7202444927804508,190,27,48,98,144,0.140625,0.25,0.5104166666666666,0.75,10,timm:mobilenetv2_100.ra_in1k_random
blocks.3.0.conv_dw,conv,25,192,192,True,192.0,0,14.0,14.0,5120,157.32686094297594,3.6708509971703296,0.019119015610262132,11.731251842056766,0.061100270010712325,1.973479527848449,0.010278539207544004,3.009288514877,10,192,0.6334824176947829,192,28,50,100,146,0.14583333333333334,0.2604166666666667,0.5208333333333334,0.7604166666666666,25,timm:mobilenetv2_100.ra_in1k_random
blocks.3.0.conv_dw,conv,25,192,192,True,192.0,0,14.0,14.0,9728,154.9601926490159,3.7516338203011967,0.0195397594807354,11.884335549138028,0.061897580985093896,2.000895723282336,0.0104213318920955,2.9456109885489843,10,192,0.6554885713237848,192,28,50,101,146,0.14583333333333334,0.2604166666666667,0.5260416666666666,0.7604166666666666,50,timm:mobilenetv2_100.ra_in1k_random
blocks.3.0.conv_dw,conv,25,192,192,True,192.0,0,14.0,14.0,19456,154.67188263004883,3.837011791846653,0.019984436415867984,12.182928874522815,0.06345275455480633,2.02656553678768,0.010555028837435832,2.916840854049999,10,192,0.6610870042852734,192,29,51,102,147,0.15104166666666666,0.265625,0.53125,0.765625,100,timm:mobilenetv2_100.ra_in1k_random
blocks.3.0.conv_dw,conv,25,192,192,True,192.0,0,14.0,14.0,48128,152.93120041499216,3.8499827681500034,0.0200519935841146,12.272927722491561,0.06392149855464355,2.0300122019971187,0.010572980218734993,2.902773779615347,10,192,0.6653477739915966,192,29,51,102,147,0.15104166666666666,0.265625,0.53125,0.765625,250,timm:mobilenetv2_100.ra_in1k_random
blocks.3.0.conv_pwl,conv,26,64,1,False,64.0,0,14.0,14.0,512,81.77216113663468,6.4820088455793305,0.10128138821217704,14.561470670198789,0.22752297922185608,2.807211221055811,0.04386267532899705,2.569828524500023,10,64,0.941974137422668,64,19,27,45,60,0.296875,0.421875,0.703125,0.9375,1,timm:mobilenetv2_100.ra_in1k_random
blocks.3.0.conv_pwl,conv,26,64,1,False,64.0,0,14.0,14.0,512,81.77216113663468,6.4820088455793305,0.10128138821217704,14.561470670198789,0.22752297922185608,2.807211221055811,0.04386267532899705,2.569828524500023,10,64,0.941974137422668,64,19,27,45,60,0.296875,0.421875,0.703125,0.9375,2,timm:mobilenetv2_100.ra_in1k_random
blocks.3.0.conv_pwl,conv,26,64,1,False,64.0,0,14.0,14.0,512,81.77216113663468,6.4820088455793305,0.10128138821217704,14.561470670198789,0.22752297922185608,2.807211221055811,0.04386267532899705,2.569828524500023,10,64,0.941974137422668,64,19,27,45,60,0.296875,0.421875,0.703125,0.9375,5,timm:mobilenetv2_100.ra_in1k_random
blocks.3.0.conv_pwl,conv,26,64,1,False,64.0,0,14.0,14.0,1024,81.66462966991266,6.807568715006296,0.10636826117197337,15.60774478200478,0.24387101221882468,2.8697370373255686,0.04483964120821201,2.4821453992929676,10,64,0.9441299835918933,64,20,29,47,60,0.3125,0.453125,0.734375,0.9375,10,timm:mobilenetv2_100.ra_in1k_random
blocks.3.0.conv_pwl,conv,26,64,1,False,64.0,0,14.0,14.0,2048,82.8715853234252,6.684115172722708,0.10443929957379232,15.419729718754517,0.24093327685553934,2.8394097248856838,0.04436577695133881,2.4487323659781826,10,64,0.9461010390485485,64,20,29,47,61,0.3125,0.453125,0.734375,0.953125,25,timm:mobilenetv2_100.ra_in1k_random
blocks.3.0.conv_pwl,conv,26,64,1,False,64.0,0,14.0,14.0,3584,80.30232373745318,6.688052480500875,0.10450082000782618,15.449112294258565,0.24139237959779009,2.84010363286074,0.04437661926344906,2.4239355242753207,10,64,0.9480565337679329,64,21,29,47,61,0.328125,0.453125,0.734375,0.953125,50,timm:mobilenetv2_100.ra_in1k_random
blocks.3.0.conv_pwl,conv,26,64,1,False,64.0,0,14.0,14.0,6656,79.75843339757526,6.70737382787466,0.10480271606054156,15.583028409293629,0.24348481889521295,2.8403914553123903,0.0443811164892561,2.4007956612189023,10,64,0.9479620063021199,64,21,29,47,61,0.328125,0.453125,0.734375,0.953125,100,timm:mobilenetv2_100.ra_in1k_random
blocks.3.0.conv_pwl,conv,26,64,1,False,64.0,0,14.0,14.0,16384,79.21377868871257,6.6851505087794125,0.10445547669967832,15.578447125396002,0.24341323633431253,2.8318415068696554,0.044247523544838366,2.4016612905425703,10,64,0.9476152768617728,64,21,29,47,61,0.328125,0.453125,0.734375,0.953125,250,timm:mobilenetv2_100.ra_in1k_random
blocks.3.0,block,27,64,1,False,,0,14.0,14.0,512,84.47981480189733,6.289796109582756,0.09827806421223056,14.35467388466376,0.22429177944787124,2.7414041835577314,0.04283444036808955,2.588553064562186,10,64,0.9474157225363863,64,19,27,45,60,0.296875,0.421875,0.703125,0.9375,1,timm:mobilenetv2_100.ra_in1k_random
blocks.3.0,block,27,64,1,False,,0,14.0,14.0,512,84.47981480189733,6.289796109582756,0.09827806421223056,14.35467388466376,0.22429177944787124,2.7414041835577314,0.04283444036808955,2.588553064562186,10,64,0.9474157225363863,64,19,27,45,60,0.296875,0.421875,0.703125,0.9375,2,timm:mobilenetv2_100.ra_in1k_random
blocks.3.0,block,27,64,1,False,,0,14.0,14.0,512,84.47981480189733,6.289796109582756,0.09827806421223056,14.35467388466376,0.22429177944787124,2.7414041835577314,0.04283444036808955,2.588553064562186,10,64,0.9474157225363863,64,19,27,45,60,0.296875,0.421875,0.703125,0.9375,5,timm:mobilenetv2_100.ra_in1k_random
blocks.3.0,block,27,64,1,False,,0,14.0,14.0,1024,84.72751344192987,7.0617057593998585,0.11033915249062279,15.964944154992113,0.24945225242175176,2.938398540133604,0.04591247718958756,2.5067612574372764,10,64,0.951369113238665,64,20,28,47,60,0.3125,0.4375,0.734375,0.9375,10,timm:mobilenetv2_100.ra_in1k_random
blocks.3.0,block,27,64,1,False,,0,14.0,14.0,2048,83.76928455442389,6.489161710248645,0.10139315172263508,15.209451052654408,0.23764767269772513,2.775864999808758,0.04337289062201184,2.4590958602899273,10,64,0.9486321698523351,64,20,29,47,60,0.3125,0.453125,0.734375,0.9375,25,timm:mobilenetv2_100.ra_in1k_random
blocks.3.0,block,27,64,1,False,,0,14.0,14.0,3584,81.8318591736801,6.7132786808041125,0.10489497938756426,15.591662337430233,0.24361972402234738,2.8386985292388465,0.044354664519356976,2.438242606984101,10,64,0.9485310715809259,64,21,29,47,61,0.328125,0.453125,0.734375,0.953125,50,timm:mobilenetv2_100.ra_in1k_random
blocks.3.0,block,27,64,1,False,,0,14.0,14.0,6656,80.42771624808441,6.8302005841328155,0.10672188412707524,15.816528336618445,0.2471332552596632,2.8705684303682695,0.04485263172450421,2.411138210060423,10,64,0.9489539064906706,64,21,29,47,61,0.328125,0.453125,0.734375,0.953125,100,timm:mobilenetv2_100.ra_in1k_random
blocks.3.0,block,27,64,1,False,,0,14.0,14.0,16384,79.45815708417621,6.734874890090901,0.10523242015767033,15.67934194847976,0.24498971794499624,2.8442273244802827,0.04444105194500442,2.4065596011462618,10,64,0.947199140537895,64,21,29,47,61,0.328125,0.453125,0.734375,0.953125,250,timm:mobilenetv2_100.ra_in1k_random
blocks.3.1.conv_pw,conv,28,384,1,False,64.0,0,14.0,14.0,512,179.27111873356412,5.30825647871443,0.013823584579985495,12.592560660491818,0.03279312672003078,2.4679065056591485,0.0064268398584873656,7.563762653036456,10,384,0.868921128275097,224,18,25,42,59,0.046875,0.06510416666666667,0.109375,0.15364583333333334,1,timm:mobilenetv2_100.ra_in1k_random
blocks.3.1.conv_pw,conv,28,384,1,False,64.0,0,14.0,14.0,1024,178.14222437591252,6.051028640285041,0.015757887084075627,14.163005029901147,0.0368828255987009,2.6687374588299653,0.0069498371323697015,7.806455729180517,10,384,0.8596676471768191,223,19,27,44,60,0.049479166666666664,0.0703125,0.11458333333333333,0.15625,2,timm:mobilenetv2_100.ra_in1k_random
blocks.3.1.conv_pw,conv,28,384,1,False,64.0,0,14.0,14.0,2048,175.59795774143288,5.951371299184248,0.015498362758292313,14.01944817330732,0.03650897961798781,2.638706587268263,0.006871631737677768,7.991698122834953,10,384,0.8581166516183254,223,19,27,45,60,0.049479166666666664,0.0703125,0.1171875,0.15625,5,timm:mobilenetv2_100.ra_in1k_random
blocks.3.1.conv_pw,conv,28,384,1,False,64.0,0,14.0,14.0,4096,168.60157010171133,6.187804685533206,0.01611407470190939,14.53354138519165,0.03784776402393659,2.7003072711744722,0.007032050185350188,8.224433176293722,10,384,0.8544636488485995,223,20,28,45,60,0.052083333333333336,0.07291666666666667,0.1171875,0.15625,10,timm:mobilenetv2_100.ra_in1k_random
blocks.3.1.conv_pw,conv,28,384,1,False,64.0,0,14.0,14.0,9728,163.40206119935044,6.296973324536923,0.016398368032648238,14.713331074643522,0.03831596634021751,2.731271677510885,0.007112686660184597,8.4347594095226,10,384,0.849415469731894,222,20,28,45,60,0.052083333333333336,0.07291666666666667,0.1171875,0.15625,25,timm:mobilenetv2_100.ra_in1k_random
blocks.3.1.conv_pw,conv,28,384,1,False,64.0,0,14.0,14.0,19456,164.48153155081596,6.370381525121201,0.016589535221669793,14.788669855303235,0.03851216108151884,2.7555266382338215,0.0071758506204005765,8.618300911559883,10,384,0.8472964381114779,222,20,28,45,60,0.052083333333333336,0.07291666666666667,0.1171875,0.15625,50,timm:mobilenetv2_100.ra_in1k_random
blocks.3.1.conv_pw,conv,28,384,1,False,64.0,0,14.0,14.0,38400,160.87389880055215,6.425118380097493,0.016732079114837223,14.900040748714531,0.038802189449777424,2.769773785471835,0.007212952566332903,8.822019324564167,10,384,0.844238203964607,220,20,28,45,60,0.052083333333333336,0.07291666666666667,0.1171875,0.15625,100,timm:mobilenetv2_100.ra_in1k_random
blocks.3.1.conv_pw,conv,28,384,1,False,64.0,0,14.0,14.0,96256,163.5234442791645,6.471844427450553,0.01685376152981915,14.94186328173791,0.03891110229619247,2.784641999508813,0.007251671873720868,9.081303965759911,10,384,0.8403606672649693,217,20,28,45,60,0.052083333333333336,0.07291666666666667,0.1171875,0.15625,250,timm:mobilenetv2_100.ra_in1k_random
blocks.3.1.conv_dw,conv,29,384,384,True,384.0,0,14.0,14.0,512,141.5778346895093,8.054692231353625,0.020975761019150066,28.44639665789322,0.0740791579632636,3.109842628563944,0.00809854851188527,3.0641241473722203,10,384,0.4788071603773172,381,56,92,181,279,0.14583333333333334,0.23958333333333334,0.4713541666666667,0.7265625,1,timm:mobilenetv2_100.ra_in1k_random
blocks.3.1.conv_dw,conv,29,384,384,True,384.0,0,14.0,14.0,1024,143.06177788446698,8.30089525815186,0.021616914734770468,31.72268281170877,0.08261115315549158,3.1338682781232343,0.00816111530761259,2.4491809362563983,10,384,0.7396740138482005,384,66,109,213,310,0.171875,0.2838541666666667,0.5546875,0.8072916666666666,2,timm:mobilenetv2_100.ra_in1k_random
blocks.3.1.conv_dw,conv,29,384,384,True,384.0,0,14.0,14.0,2048,144.85447057425864,7.778148871812185,0.02025559602034423,31.274956788604122,0.08144519997032323,2.995429402590147,0.007800597402578508,2.287676902343501,10,384,0.7586094675269266,384,69,115,227,318,0.1796875,0.2994791666666667,0.5911458333333334,0.828125,5,timm:mobilenetv2_100.ra_in1k_random
blocks.3.1.conv_dw,conv,29,384,384,True,384.0,0,14.0,14.0,4096,142.31642678744046,7.960123139258819,0.02072948734181984,32.23697718778892,0.08395046142653366,3.0392582062671365,0.007914734912154001,2.216482405262774,10,384,0.7511484115246814,384,72,120,235,321,0.1875,0.3125,0.6119791666666666,0.8359375,10,timm:mobilenetv2_100.ra_in1k_random
blocks.3.1.conv_dw,conv,29,384,384,True,384.0,0,14.0,14.0,9728,138.60149940558864,8.16204636776859,0.021255329082730704,33.30586942490839,0.08673403496069892,3.0806698370855568,0.008022577700743638,2.1697772353434983,10,384,0.744556763456768,384,74,125,241,324,0.19270833333333334,0.3255208333333333,0.6276041666666666,0.84375,25,timm:mobilenetv2_100.ra_in1k_random
blocks.3.1.conv_dw,conv,29,384,384,True,384.0,0,14.0,14.0,19456,139.35180762172612,8.308843013887346,0.02163761201533163,33.73257466638722,0.08784524652705006,3.116359028745228,0.008115518304024032,2.149823431327965,10,384,0.7483835365309661,384,75,126,242,325,0.1953125,0.328125,0.6302083333333334,0.8463541666666666,50,timm:mobilenetv2_100.ra_in1k_random
blocks.3.1.conv_dw,conv,29,384,384,True,384.0,0,14.0,14.0,38400,137.58482784277462,8.453879455919022,0.022015311083122453,34.24146224756532,0.08917047460303469,3.151420407044792,0.008206823976679146,2.139779898538411,10,384,0.7476953813797402,384,76,127,244,326,0.19791666666666666,0.3307291666666667,0.6354166666666666,0.8489583333333334,100,timm:mobilenetv2_100.ra_in1k_random
blocks.3.1.conv_dw,conv,29,384,384,True,384.0,0,14.0,14.0,96256,139.240210806524,8.458960195002504,0.022028542174485688,34.125608328596684,0.08886877168905387,3.1565922421974117,0.008220292297389093,2.1324358244748334,10,384,0.7479730448077558,384,76,127,244,326,0.19791666666666666,0.3307291666666667,0.6354166666666666,0.8489583333333334,250,timm:mobilenetv2_100.ra_in1k_random
blocks.3.1.conv_pwl,conv,30,64,1,False,64.0,0,14.0,14.0,512,120.78876180331532,8.005982294105417,0.12509347334539714,18.572892565960906,0.29020144634313916,3.209887118625709,0.0501544862285267,1.8659823875211088,10,64,0.9617036528092211,64,26,36,54,63,0.40625,0.5625,0.84375,0.984375,1,timm:mobilenetv2_100.ra_in1k_random
blocks.3.1.conv_pwl,conv,30,64,1,False,64.0,0,14.0,14.0,512,120.78876180331532,8.005982294105417,0.12509347334539714,18.572892565960906,0.29020144634313916,3.209887118625709,0.0501544862285267,1.8659823875211088,10,64,0.9617036528092211,64,26,36,54,63,0.40625,0.5625,0.84375,0.984375,2,timm:mobilenetv2_100.ra_in1k_random
blocks.3.1.conv_pwl,conv,30,64,1,False,64.0,0,14.0,14.0,512,120.78876180331532,8.005982294105417,0.12509347334539714,18.572892565960906,0.29020144634313916,3.209887118625709,0.0501544862285267,1.8659823875211088,10,64,0.9617036528092211,64,26,36,54,63,0.40625,0.5625,0.84375,0.984375,5,timm:mobilenetv2_100.ra_in1k_random
blocks.3.1.conv_pwl,conv,30,64,1,False,64.0,0,14.0,14.0,1024,122.39488464252285,8.228396642863702,0.12856869754474534,19.433389557668786,0.3036467118385748,3.249260034448755,0.0507696880382618,1.7874964220676697,10,64,0.9610221136773732,64,27,38,55,63,0.421875,0.59375,0.859375,0.984375,10,timm:mobilenetv2_100.ra_in1k_random
blocks.3.1.conv_pwl,conv,30,64,1,False,64.0,0,14.0,14.0,2048,121.70567171721133,8.215960339375208,0.12837438030273762,19.40653449430397,0.3032271014734995,3.257612240463282,0.05090019125723878,1.736743988320962,10,64,0.9610008120985629,64,27,38,55,63,0.421875,0.59375,0.859375,0.984375,25,timm:mobilenetv2_100.ra_in1k_random
blocks.3.1.conv_pwl,conv,30,64,1,False,64.0,0,14.0,14.0,3584,117.97455146605978,8.418766367788152,0.13154322449668987,19.7984365139374,0.3093505705302719,3.3043186683376593,0.05162997919277593,1.7199062521591273,10,64,0.9622947821129575,64,28,38,55,63,0.4375,0.59375,0.859375,0.984375,50,timm:mobilenetv2_100.ra_in1k_random
blocks.3.1.conv_pwl,conv,30,64,1,False,64.0,0,14.0,14.0,6656,117.16502457317127,8.366204602107205,0.13072194690792507,19.76462083134707,0.30882220048979797,3.2860261477691726,0.05134415855889332,1.708743178180633,10,64,0.9615221357915392,64,28,39,56,63,0.4375,0.609375,0.875,0.984375,100,timm:mobilenetv2_100.ra_in1k_random
blocks.3.1.conv_pwl,conv,30,64,1,False,64.0,0,14.0,14.0,16384,115.66041007051024,8.324483641438082,0.13007005689747003,19.729263606843524,0.30826974385693007,3.2727035078452333,0.05113599231008177,1.6998818395072903,10,64,0.9607657231907727,64,28,39,56,63,0.4375,0.609375,0.875,0.984375,250,timm:mobilenetv2_100.ra_in1k_random
blocks.3.1,block,31,64,1,False,,0,14.0,14.0,512,201.61102724915145,8.865241829791797,0.13851940359049683,20.454668113848278,0.31960418927887935,3.4117800226170067,0.05330906285339073,1.7350121162906322,10,64,0.9553714375036635,64,28,38,55,63,0.4375,0.59375,0.859375,0.984375,1,timm:mobilenetv2_100.ra_in1k_random
blocks.3.1,block,31,64,1,False,,0,14.0,14.0,512,201.61102724915145,8.865241829791797,0.13851940359049683,20.454668113848278,0.31960418927887935,3.4117800226170067,0.05330906285339073,1.7350121162906322,10,64,0.9553714375036635,64,28,38,55,63,0.4375,0.59375,0.859375,0.984375,2,timm:mobilenetv2_100.ra_in1k_random
blocks.3.1,block,31,64,1,False,,0,14.0,14.0,512,201.61102724915145,8.865241829791797,0.13851940359049683,20.454668113848278,0.31960418927887935,3.4117800226170067,0.05330906285339073,1.7350121162906322,10,64,0.9553714375036635,64,28,38,55,63,0.4375,0.59375,0.859375,0.984375,5,timm:mobilenetv2_100.ra_in1k_random
blocks.3.1,block,31,64,1,False,,0,14.0,14.0,1024,204.09742438435583,9.340696285981995,0.14594837946846867,21.652392957861878,0.33831863996659184,3.519358256516455,0.05498997275806961,1.6173713079864966,10,64,0.9602788219728494,64,30,40,57,63,0.46875,0.625,0.890625,0.984375,10,timm:mobilenetv2_100.ra_in1k_random
blocks.3.1,block,31,64,1,False,,0,14.0,14.0,2048,202.9002034935856,8.773525993373095,0.1370863436464546,20.774089002670536,0.3245951406667271,3.3813784717218516,0.05283403862065393,1.584216178875505,10,64,0.964376687191342,64,29,40,57,63,0.453125,0.625,0.890625,0.984375,25,timm:mobilenetv2_100.ra_in1k_random
blocks.3.1,block,31,64,1,False,,0,14.0,14.0,3584,197.3702968015034,8.890600226946852,0.13891562854604456,21.118160090079176,0.3299712514074871,3.3957178717435452,0.053058091745992894,1.5622168811277528,10,64,0.9656253697496394,64,30,41,57,64,0.46875,0.640625,0.890625,1.0,50,timm:mobilenetv2_100.ra_in1k_random
blocks.3.1,block,31,64,1,False,,0,14.0,14.0,6656,193.60688383583096,8.979062812315169,0.1402978564424245,21.413891471262712,0.3345920542384799,3.4020568618177633,0.05315713846590255,1.5418282323335366,10,64,0.9632357542467814,64,30,41,57,64,0.46875,0.640625,0.890625,1.0,100,timm:mobilenetv2_100.ra_in1k_random
blocks.3.1,block,31,64,1,False,,0,14.0,14.0,16384,190.81943303847174,9.05952511254967,0.1415550798835886,21.45301047465559,0.33520328866649357,3.433470196659189,0.05364797182279983,1.530913291601888,10,64,0.9633097560744103,64,30,41,57,64,0.46875,0.640625,0.890625,1.0,250,timm:mobilenetv2_100.ra_in1k_random
blocks.3.2.conv_pw,conv,32,384,1,False,64.0,0,14.0,14.0,512,405.92789350739076,8.159259699389445,0.02124807213382668,18.952125040924933,0.04935449229407535,3.2259122593684193,0.008400813175438593,7.824793675837911,10,384,0.8433732477259872,225,25,35,53,63,0.06510416666666667,0.09114583333333333,0.13802083333333334,0.1640625,1,timm:mobilenetv2_100.ra_in1k_random
blocks.3.2.conv_pw,conv,32,384,1,False,64.0,0,14.0,14.0,1024,403.9241921325898,8.842730649092854,0.023027944398679306,20.21175721855329,0.052634784423315865,3.434621414010541,0.008944326598985784,8.058155989042222,10,384,0.8364371592138332,224,27,38,55,63,0.0703125,0.09895833333333333,0.14322916666666666,0.1640625,2,timm:mobilenetv2_100.ra_in1k_random
blocks.3.2.conv_pw,conv,32,384,1,False,64.0,0,14.0,14.0,2048,402.2263858403529,8.471447869054368,0.02206106215899575,19.738850428991036,0.05140325632549749,3.331984338535975,0.008677042548270768,8.20069300467434,10,384,0.833875576394895,225,27,38,55,63,0.0703125,0.09895833333333333,0.14322916666666666,0.1640625,5,timm:mobilenetv2_100.ra_in1k_random
blocks.3.2.conv_pw,conv,32,384,1,False,64.0,0,14.0,14.0,4096,392.13671678700643,8.627520795706015,0.02246750207215108,20.189093645643652,0.05257576470219701,3.3472448091012272,0.008716783357034446,8.436885439701864,10,384,0.8313340382613864,224,28,38,55,63,0.07291666666666667,0.09895833333333333,0.14322916666666666,0.1640625,10,timm:mobilenetv2_100.ra_in1k_random
blocks.3.2.conv_pw,conv,32,384,1,False,64.0,0,14.0,14.0,9728,383.7256998484746,8.843745796373614,0.02303058801138962,20.566542183911636,0.05355870360393655,3.3986101140657707,0.008850547172046279,8.655493746481772,10,384,0.8268371113633222,224,28,39,56,63,0.07291666666666667,0.1015625,0.14583333333333334,0.1640625,25,timm:mobilenetv2_100.ra_in1k_random
blocks.3.2.conv_pw,conv,32,384,1,False,64.0,0,14.0,14.0,19456,383.6767159111371,9.029367166570202,0.023513976996276567,20.76439539052951,0.054073946329503936,3.459546553780315,0.009009235817136236,8.8380131603256,10,384,0.8247981564531544,224,28,39,56,63,0.07291666666666667,0.1015625,0.14583333333333334,0.1640625,50,timm:mobilenetv2_100.ra_in1k_random
blocks.3.2.conv_pw,conv,32,384,1,False,64.0,0,14.0,14.0,38400,378.08509365807697,9.105022707922984,0.023710996635216103,20.879140568759503,0.054372761897811206,3.482922077607469,0.009070109577102784,9.012751471575465,10,384,0.821112771371147,222,28,39,56,63,0.07291666666666667,0.1015625,0.14583333333333334,0.1640625,100,timm:mobilenetv2_100.ra_in1k_random
blocks.3.2.conv_pw,conv,32,384,1,False,64.0,0,14.0,14.0,96256,381.7158633617791,9.07894806688817,0.023643093924187942,20.795165483536568,0.054154076780043144,3.482182703560008,0.009068184123854187,9.323065520606308,10,384,0.8185827215421337,218,28,39,56,63,0.07291666666666667,0.1015625,0.14583333333333334,0.1640625,250,timm:mobilenetv2_100.ra_in1k_random
blocks.3.2.conv_dw,conv,33,384,384,True,384.0,0,14.0,14.0,512,345.06885496142235,9.104366574049559,0.023709287953254058,32.11343232644181,0.08362873001677555,3.424052244115672,0.00891680271905123,3.109821474694955,10,384,0.420337508841203,381,64,101,188,282,0.16666666666666666,0.2630208333333333,0.4895833333333333,0.734375,1,timm:mobilenetv2_100.ra_in1k_random
blocks.3.2.conv_dw,conv,33,384,384,True,384.0,0,14.0,14.0,1024,339.04129994162616,10.668562863470617,0.027782715790288067,39.33502072943407,0.10243494981623456,3.7601815441776623,0.009792139437962663,2.5355964629706356,10,384,0.4755675741102683,381,78,122,222,312,0.203125,0.3177083333333333,0.578125,0.8125,2,timm:mobilenetv2_100.ra_in1k_random
blocks.3.2.conv_dw,conv,33,384,384,True,384.0,0,14.0,14.0,2048,335.31799156608776,10.460593032826045,0.02724112768965116,39.73349869574692,0.1034726528535076,3.719687773575852,0.00968668691035378,2.6439057890760016,10,384,0.29623125679758544,381,83,131,235,320,0.21614583333333334,0.3411458333333333,0.6119791666666666,0.8333333333333334,5,timm:mobilenetv2_100.ra_in1k_random
blocks.3.2.conv_dw,conv,33,384,384,True,384.0,0,14.0,14.0,4096,324.313563777682,10.675003936720337,0.027799489418542545,41.49044702874779,0.10804803913736404,3.7337789716154086,0.009723382738581794,2.309767347076837,10,384,0.4477254396482019,381,87,137,243,323,0.2265625,0.3567708333333333,0.6328125,0.8411458333333334,10,timm:mobilenetv2_100.ra_in1k_random
blocks.3.2.conv_dw,conv,33,384,384,True,384.0,0,14.0,14.0,9728,319.9024589116129,10.53171570563686,0.02742634298342932,41.40603740702213,0.10782822241412014,3.699815380831899,0.00963493588758307,2.393478044920391,10,384,0.34192956841473154,381,88,140,247,325,0.22916666666666666,0.3645833333333333,0.6432291666666666,0.8463541666666666,25,timm:mobilenetv2_100.ra_in1k_random
blocks.3.2.conv_dw,conv,33,384,384,True,384.0,0,14.0,14.0,19456,322.36845280030917,10.667179090542644,0.027779112214954802,41.96829409730628,0.10929243254506843,3.7317902349043446,0.009718203736730064,2.3038134265112613,10,384,0.43761357158919645,382,90,142,249,326,0.234375,0.3697916666666667,0.6484375,0.8489583333333334,50,timm:mobilenetv2_100.ra_in1k_random
blocks.3.2.conv_dw,conv,33,384,384,True,384.0,0,14.0,14.0,38400,320.0911613686434,10.797442927330405,0.028118340956589594,42.22631388975844,0.10996435908791259,3.772878814441511,0.009825205245941436,2.2659022938968048,10,384,0.5838442935313064,384,90,142,250,326,0.234375,0.3697916666666667,0.6510416666666666,0.8489583333333334,100,timm:mobilenetv2_100.ra_in1k_random
blocks.3.2.conv_dw,conv,33,384,384,True,384.0,0,14.0,14.0,96256,324.53819955449177,10.84876797309769,0.0282519999299419,42.32195047058935,0.11021341268382644,3.787985496583667,0.009864545564019967,2.253864279008073,10,384,0.5981206934996977,384,90,143,250,326,0.234375,0.3723958333333333,0.6510416666666666,0.8489583333333334,250,timm:mobilenetv2_100.ra_in1k_random
blocks.3.2.conv_pwl,conv,34,64,1,False,64.0,0,14.0,14.0,512,228.8595501028162,9.636715678909807,0.15057368248296574,21.79722956446399,0.34058171194474984,3.619707783697033,0.05655793412026614,1.721284765251279,10,64,0.9486745638027811,64,29,40,56,63,0.453125,0.625,0.875,0.984375,1,timm:mobilenetv2_100.ra_in1k_random
blocks.3.2.conv_pwl,conv,34,64,1,False,64.0,0,14.0,14.0,512,228.8595501028162,9.636715678909807,0.15057368248296574,21.79722956446399,0.34058171194474984,3.619707783697033,0.05655793412026614,1.721284765251279,10,64,0.9486745638027811,64,29,40,56,63,0.453125,0.625,0.875,0.984375,2,timm:mobilenetv2_100.ra_in1k_random
blocks.3.2.conv_pwl,conv,34,64,1,False,64.0,0,14.0,14.0,512,228.8595501028162,9.636715678909807,0.15057368248296574,21.79722956446399,0.34058171194474984,3.619707783697033,0.05655793412026614,1.721284765251279,10,64,0.9486745638027811,64,29,40,56,63,0.453125,0.625,0.875,0.984375,5,timm:mobilenetv2_100.ra_in1k_random
blocks.3.2.conv_pwl,conv,34,64,1,False,64.0,0,14.0,14.0,1024,232.91970948498408,10.022983538228647,0.15660911778482262,22.800556547902435,0.35625869606097554,3.6924380071966767,0.05769434386244807,1.6548971752797523,10,64,0.9474309027075621,64,31,41,56,63,0.484375,0.640625,0.875,0.984375,10,timm:mobilenetv2_100.ra_in1k_random
blocks.3.2.conv_pwl,conv,34,64,1,False,64.0,0,14.0,14.0,2048,229.86939367681344,9.738427994127877,0.15216293740824807,22.57192974093327,0.35268640220208236,3.6065639852319116,0.05635256226924862,1.632923248881734,10,64,0.9530916449882136,64,31,41,57,63,0.484375,0.640625,0.890625,0.984375,25,timm:mobilenetv2_100.ra_in1k_random
blocks.3.2.conv_pwl,conv,34,64,1,False,64.0,0,14.0,14.0,3584,223.6551157485081,10.046287775927048,0.15697324649886013,23.144413783727128,0.36163146537073637,3.6778675338061713,0.057466680215721426,1.6137878638402767,10,64,0.9539821970618463,64,31,42,57,63,0.484375,0.65625,0.890625,0.984375,50,timm:mobilenetv2_100.ra_in1k_random
blocks.3.2.conv_pwl,conv,34,64,1,False,64.0,0,14.0,14.0,6656,220.76997107470612,10.241971819719879,0.1600308096831231,23.444062089573965,0.3663134701495932,3.7252078444189864,0.05820637256904666,1.602873824405968,10,64,0.9555145641648892,64,32,42,57,64,0.5,0.65625,0.890625,1.0,100,timm:mobilenetv2_100.ra_in1k_random
blocks.3.2.conv_pwl,conv,34,64,1,False,64.0,0,14.0,14.0,16384,219.7365574833951,10.11654542803487,0.15807102231304485,23.30629624971736,0.36416087890183374,3.689385019134407,0.05764664092397511,1.592435890195711,10,64,0.9544191028257065,64,32,42,57,64,0.5,0.65625,0.890625,1.0,250,timm:mobilenetv2_100.ra_in1k_random
blocks.3.2,block,35,64,1,False,,0,14.0,14.0,512,418.8535464411846,9.721167485201468,0.15189324195627293,23.148154761596732,0.36168991814994894,3.547713431407209,0.05543302236573764,1.51181554922996,10,64,0.9658811897171343,64,32,43,58,64,0.5,0.671875,0.90625,1.0,1,timm:mobilenetv2_100.ra_in1k_random
blocks.3.2,block,35,64,1,False,,0,14.0,14.0,512,418.8535464411846,9.721167485201468,0.15189324195627293,23.148154761596732,0.36168991814994894,3.547713431407209,0.05543302236573764,1.51181554922996,10,64,0.9658811897171343,64,32,43,58,64,0.5,0.671875,0.90625,1.0,2,timm:mobilenetv2_100.ra_in1k_random
blocks.3.2,block,35,64,1,False,,0,14.0,14.0,512,418.8535464411846,9.721167485201468,0.15189324195627293,23.148154761596732,0.36168991814994894,3.547713431407209,0.05543302236573764,1.51181554922996,10,64,0.9658811897171343,64,32,43,58,64,0.5,0.671875,0.90625,1.0,5,timm:mobilenetv2_100.ra_in1k_random
blocks.3.2,block,35,64,1,False,,0,14.0,14.0,1024,428.88027054845753,10.486630640706892,0.16385360376104519,24.572517917460218,0.3839455924603159,3.743299332787895,0.05848905207481086,1.3900874519852462,10,64,0.9694546399010674,64,34,45,59,64,0.53125,0.703125,0.921875,1.0,10,timm:mobilenetv2_100.ra_in1k_random
blocks.3.2,block,35,64,1,False,,0,14.0,14.0,2048,424.0809942858473,9.96880057979055,0.15576250905922734,24.030393712206987,0.37547490175323417,3.6009768244310894,0.05626526288173577,1.336186552567714,10,64,0.9747606965745311,64,34,45,59,64,0.53125,0.703125,0.921875,1.0,25,timm:mobilenetv2_100.ra_in1k_random
blocks.3.2,block,35,64,1,False,,0,14.0,14.0,3584,413.7232841562139,10.648049536316298,0.16637577400494216,24.920049926384372,0.3893757800997558,3.7834030970242716,0.05911567339100424,1.3190566334276426,10,64,0.976674778124463,64,35,46,59,64,0.546875,0.71875,0.921875,1.0,50,timm:mobilenetv2_100.ra_in1k_random
blocks.3.2,block,35,64,1,False,,0,14.0,14.0,6656,406.6857550470722,10.88816647163023,0.17012760111922234,25.374323180045856,0.3964737996882165,3.8297082344225237,0.05983919116285193,1.3063284823175647,10,64,0.9753141491035056,64,35,46,59,64,0.546875,0.71875,0.921875,1.0,100,timm:mobilenetv2_100.ra_in1k_random
blocks.3.2,block,35,64,1,False,,0,14.0,14.0,16384,402.3341849906259,10.915962428096657,0.17056191293901027,25.347518994021257,0.39605498428158215,3.845104027501437,0.060079750429709956,1.2956405599172576,10,64,0.9768560704719406,64,35,46,59,64,0.546875,0.71875,0.921875,1.0,250,timm:mobilenetv2_100.ra_in1k_random
blocks.3.3.conv_pw,conv,36,384,1,False,64.0,0,14.0,14.0,512,838.9043860776322,9.582130718963192,0.024953465413966647,21.865686569200474,0.0569418921072929,3.5872619805920567,0.009341828074458481,7.978258534018377,10,384,0.836019389635746,224,29,40,56,63,0.07552083333333333,0.10416666666666667,0.14583333333333334,0.1640625,1,timm:mobilenetv2_100.ra_in1k_random
blocks.3.3.conv_pw,conv,36,384,1,False,64.0,0,14.0,14.0,1024,841.8784751723872,10.746623185761022,0.027985997879585996,23.562684321225248,0.061361157086524086,3.9319225442115,0.010239381625550782,8.168202080457906,10,384,0.8289372667845276,224,31,42,57,63,0.08072916666666667,0.109375,0.1484375,0.1640625,2,timm:mobilenetv2_100.ra_in1k_random
blocks.3.3.conv_pw,conv,36,384,1,False,64.0,0,14.0,14.0,2048,843.5364333291801,10.404485353062789,0.02709501394026768,23.28508869619787,0.06063825181301529,3.815223939190546,0.009935479008308714,8.32351692287688,10,384,0.8255395391202155,224,31,42,57,63,0.08072916666666667,0.109375,0.1484375,0.1640625,5,timm:mobilenetv2_100.ra_in1k_random
blocks.3.3.conv_pw,conv,36,384,1,False,64.0,0,14.0,14.0,4096,824.7962059082346,10.43225870447635,0.027167340376240495,23.537089890686183,0.06129450492366193,3.7996391172531765,0.00989489353451348,8.565779262386577,10,384,0.8225803253275761,222,32,42,57,64,0.08333333333333333,0.109375,0.1484375,0.16666666666666666,10,timm:mobilenetv2_100.ra_in1k_random
blocks.3.3.conv_pw,conv,36,384,1,False,64.0,0,14.0,14.0,9728,806.1835478867646,10.400200517301883,0.027083855513806987,23.670706157840122,0.06164246395270865,3.7740956847037763,0.009828374178916084,8.786749820227307,10,384,0.8199470999826114,221,32,43,58,64,0.08333333333333333,0.11197916666666667,0.15104166666666666,0.16666666666666666,25,timm:mobilenetv2_100.ra_in1k_random
blocks.3.3.conv_pw,conv,36,384,1,False,64.0,0,14.0,14.0,19456,803.6308994354214,10.482614027939201,0.02729847403109167,23.84047858198454,0.062084579640584746,3.7903809086739875,0.009870783616338509,8.944655736329734,10,384,0.816687257960605,221,32,43,58,64,0.08333333333333333,0.11197916666666667,0.15104166666666666,0.16666666666666666,50,timm:mobilenetv2_100.ra_in1k_random
blocks.3.3.conv_pw,conv,36,384,1,False,64.0,0,14.0,14.0,38400,797.6670572481759,10.456831400843283,0.027231331773029385,23.804775339124493,0.0619916024456367,3.7860561159456405,0.009859521135275105,9.147828710923534,10,384,0.8149713881970182,221,32,43,58,64,0.08333333333333333,0.11197916666666667,0.15104166666666666,0.16666666666666666,100,timm:mobilenetv2_100.ra_in1k_random
blocks.3.3.conv_pw,conv,36,384,1,False,64.0,0,14.0,14.0,96256,807.4765933369579,10.455791417918702,0.027228623484163286,23.77501381594724,0.06191409847902927,3.78775188454166,0.00986393719932724,9.399371015166455,10,384,0.8127939561981845,218,32,43,58,64,0.08333333333333333,0.11197916666666667,0.15104166666666666,0.16666666666666666,250,timm:mobilenetv2_100.ra_in1k_random
blocks.3.3.conv_dw,conv,37,384,384,True,384.0,0,14.0,14.0,512,826.6061439420209,8.927790288464232,0.02324945387620894,33.738125629858644,0.08785970216109022,3.3242546143089107,0.008656913058096122,2.982105915886044,10,384,0.5056842776840207,381,71,110,195,284,0.18489583333333334,0.2864583333333333,0.5078125,0.7395833333333334,1,timm:mobilenetv2_100.ra_in1k_random
blocks.3.3.conv_dw,conv,37,384,384,True,384.0,0,14.0,14.0,1024,812.7160494432947,10.263269936345415,0.02672726545923285,39.34519767100418,0.10246145226824005,3.6437109715358766,0.009488830655041346,2.585902682250269,10,384,0.4702175952141433,382,83,129,225,310,0.21614583333333334,0.3359375,0.5859375,0.8072916666666666,2,timm:mobilenetv2_100.ra_in1k_random
blocks.3.3.conv_dw,conv,37,384,384,True,384.0,0,14.0,14.0,2048,812.9558185490432,9.83745454335147,0.025618371206644452,38.994031988412964,0.10154695830315875,3.5416636733843383,0.009223082482771714,2.4344114861345414,10,384,0.45084467755709823,382,87,137,236,317,0.2265625,0.3567708333333333,0.6145833333333334,0.8255208333333334,5,timm:mobilenetv2_100.ra_in1k_random
blocks.3.3.conv_dw,conv,37,384,384,True,384.0,0,14.0,14.0,4096,794.6092449446398,9.992847430993804,0.026023040184879696,40.48895247225957,0.1054399803965093,3.5528973756055313,0.009252336915639404,2.306302562579727,10,384,0.6500328080595759,384,92,143,243,321,0.23958333333333334,0.3723958333333333,0.6328125,0.8359375,10,timm:mobilenetv2_100.ra_in1k_random
blocks.3.3.conv_dw,conv,37,384,384,True,384.0,0,14.0,14.0,9728,772.7657071866181,10.192744820310997,0.026543606302893222,41.55156629845992,0.10820720390223937,3.5891298157248097,0.009346692228450025,2.2505454802647336,10,384,0.6574208555098386,384,95,147,248,322,0.24739583333333334,0.3828125,0.6458333333333334,0.8385416666666666,25,timm:mobilenetv2_100.ra_in1k_random
blocks.3.3.conv_dw,conv,37,384,384,True,384.0,0,14.0,14.0,19456,773.9476083356258,10.409125329838265,0.02710709721312048,42.20483945064102,0.10990843606937765,3.6448729328978002,0.00949185659608802,2.232730498381916,10,384,0.6600157488207713,384,96,149,249,323,0.25,0.3880208333333333,0.6484375,0.8411458333333334,50,timm:mobilenetv2_100.ra_in1k_random
blocks.3.3.conv_dw,conv,37,384,384,True,384.0,0,14.0,14.0,38400,767.0882825002001,10.353173534238456,0.026961389412079314,42.18462592748469,0.10985579668615804,3.630784919227236,0.009455169060487593,2.2214838691540484,10,384,0.6632286560365626,384,97,149,250,323,0.2526041666666667,0.3880208333333333,0.6510416666666666,0.8411458333333334,100,timm:mobilenetv2_100.ra_in1k_random
blocks.3.3.conv_dw,conv,37,384,384,True,384.0,0,14.0,14.0,96256,776.6406374652145,10.323707445360409,0.026884654805626063,42.13994854104056,0.10973944932562646,3.618780304171966,0.009423907042114495,2.218466637137294,10,384,0.659220487619415,384,97,149,250,323,0.2526041666666667,0.3880208333333333,0.6510416666666666,0.8411458333333334,250,timm:mobilenetv2_100.ra_in1k_random
blocks.3.3.conv_pwl,conv,38,64,1,False,64.0,0,14.0,14.0,512,428.74083636558214,15.045840193472351,0.2350912530230055,28.3394339969189,0.4428036562018578,5.264035667999393,0.08225055731249052,1.6585510071679317,10,64,0.9382759791332984,64,33,42,57,63,0.515625,0.65625,0.890625,0.984375,1,timm:mobilenetv2_100.ra_in1k_random
blocks.3.3.conv_pwl,conv,38,64,1,False,64.0,0,14.0,14.0,512,428.74083636558214,15.045840193472351,0.2350912530230055,28.3394339969189,0.4428036562018578,5.264035667999393,0.08225055731249052,1.6585510071679317,10,64,0.9382759791332984,64,33,42,57,63,0.515625,0.65625,0.890625,0.984375,2,timm:mobilenetv2_100.ra_in1k_random
blocks.3.3.conv_pwl,conv,38,64,1,False,64.0,0,14.0,14.0,512,428.74083636558214,15.045840193472351,0.2350912530230055,28.3394339969189,0.4428036562018578,5.264035667999393,0.08225055731249052,1.6585510071679317,10,64,0.9382759791332984,64,33,42,57,63,0.515625,0.65625,0.890625,0.984375,5,timm:mobilenetv2_100.ra_in1k_random
blocks.3.3.conv_pwl,conv,38,64,1,False,64.0,0,14.0,14.0,1024,430.7878565225004,17.29490052989415,0.2702328207795961,30.89720085539086,0.4827687633654822,6.091092412354004,0.09517331894303131,1.5595596595070749,10,64,0.9395906328312711,64,35,44,58,64,0.546875,0.6875,0.90625,1.0,10,timm:mobilenetv2_100.ra_in1k_random
blocks.3.3.conv_pwl,conv,38,64,1,False,64.0,0,14.0,14.0,2048,431.4555968959482,16.729497947428097,0.261398405428564,30.368728215594313,0.47451137836866114,5.952760581395732,0.09301188408430831,1.5270085171298058,10,64,0.9414203553548955,64,35,44,58,64,0.546875,0.6875,0.90625,1.0,25,timm:mobilenetv2_100.ra_in1k_random
blocks.3.3.conv_pwl,conv,38,64,1,False,64.0,0,14.0,14.0,3584,420.9390992519698,17.093208481565433,0.2670813825244599,30.829199620639198,0.48170624407248747,6.059748063273574,0.09468356348864959,1.4962533657705859,10,64,0.9391724589569129,64,35,45,58,64,0.546875,0.703125,0.90625,1.0,50,timm:mobilenetv2_100.ra_in1k_random
blocks.3.3.conv_pwl,conv,38,64,1,False,64.0,0,14.0,14.0,6656,418.17660252968614,16.82850798100646,0.26294543720322594,30.74952280254793,0.4804612937898114,5.861899663418713,0.09159218224091739,1.4843897549780716,10,64,0.9401524865573287,64,35,45,58,64,0.546875,0.703125,0.90625,1.0,100,timm:mobilenetv2_100.ra_in1k_random
blocks.3.3.conv_pwl,conv,38,64,1,False,64.0,0,14.0,14.0,16384,419.9101350393763,16.66210505878927,0.2603453915435823,30.54692337715643,0.4772956777680692,5.809545218691351,0.09077414404205236,1.4807581838562422,10,64,0.9388444120585919,64,35,45,58,64,0.546875,0.703125,0.90625,1.0,250,timm:mobilenetv2_100.ra_in1k_random
blocks.3.3,block,39,64,1,False,,0,14.0,14.0,512,871.2138953759477,11.708635037766813,0.18294742246510645,26.706826084998962,0.4172941575781088,4.008343621183471,0.06263036908099173,1.4022087140360773,10,64,0.950969622346662,64,35,45,59,64,0.546875,0.703125,0.921875,1.0,1,timm:mobilenetv2_100.ra_in1k_random
blocks.3.3,block,39,64,1,False,,0,14.0,14.0,512,871.2138953759477,11.708635037766813,0.18294742246510645,26.706826084998962,0.4172941575781088,4.008343621183471,0.06263036908099173,1.4022087140360773,10,64,0.950969622346662,64,35,45,59,64,0.546875,0.703125,0.921875,1.0,2,timm:mobilenetv2_100.ra_in1k_random
blocks.3.3,block,39,64,1,False,,0,14.0,14.0,512,871.2138953759477,11.708635037766813,0.18294742246510645,26.706826084998962,0.4172941575781088,4.008343621183471,0.06263036908099173,1.4022087140360773,10,64,0.950969622346662,64,35,45,59,64,0.546875,0.703125,0.921875,1.0,5,timm:mobilenetv2_100.ra_in1k_random
blocks.3.3,block,39,64,1,False,,0,14.0,14.0,1024,856.7596021511774,13.108542485106844,0.20482097632979443,29.000620378475066,0.4531346934136729,4.318905949748976,0.06748290546482776,1.290938754123029,10,64,0.9607480612254933,64,38,47,60,64,0.59375,0.734375,0.9375,1.0,10,timm:mobilenetv2_100.ra_in1k_random
blocks.3.3,block,39,64,1,False,,0,14.0,14.0,2048,857.0923451514932,12.710782256420723,0.1986059727565738,28.589602095342176,0.4467125327397215,4.2225029155694465,0.0659766080557726,1.2624794487613444,10,64,0.966181356487331,64,38,48,60,64,0.59375,0.75,0.9375,1.0,25,timm:mobilenetv2_100.ra_in1k_random
blocks.3.3,block,39,64,1,False,,0,14.0,14.0,3584,835.3467239326887,13.035864488307986,0.20368538262981228,28.956074229423365,0.4524386598347401,4.315006310729999,0.06742197360515624,1.243372772440783,10,64,0.9677805685773414,64,38,48,60,64,0.59375,0.75,0.9375,1.0,50,timm:mobilenetv2_100.ra_in1k_random
blocks.3.3,block,39,64,1,False,,0,14.0,14.0,6656,822.161220932373,13.422777944611992,0.20973090538456238,29.4705602526592,0.4604775039478,4.407338731278444,0.06886466767622569,1.2207072073804364,10,64,0.9689904728167311,64,38,48,60,64,0.59375,0.75,0.9375,1.0,100,timm:mobilenetv2_100.ra_in1k_random
blocks.3.3,block,39,64,1,False,,0,14.0,14.0,16384,819.8995629408117,13.379314926212873,0.20905179572207613,29.456982496012273,0.46026535150019177,4.400547486502214,0.0687585544765971,1.21560835154439,10,64,0.9713020386153138,64,38,48,60,64,0.59375,0.75,0.9375,1.0,250,timm:mobilenetv2_100.ra_in1k_random
blocks.4.0.conv_pw,conv,40,384,1,False,64.0,0,14.0,14.0,512,1699.802729672402,12.32640730664439,0.032100019027719764,26.65687309219631,0.06941894034426123,4.17747341556059,0.010878837019689037,8.128368441695377,10,384,0.8297071326082703,223,33,43,58,64,0.0859375,0.11197916666666667,0.15104166666666666,0.16666666666666666,1,timm:mobilenetv2_100.ra_in1k_random
blocks.4.0.conv_pw,conv,40,384,1,False,64.0,0,14.0,14.0,1024,1696.4045050230634,13.475023282742344,0.03509120646547485,28.53202705997747,0.07430215380202466,4.417899643246644,0.011504946987621468,8.316446751276874,10,384,0.8228213509094152,222,35,45,59,64,0.09114583333333333,0.1171875,0.15364583333333334,0.16666666666666666,2,timm:mobilenetv2_100.ra_in1k_random
blocks.4.0.conv_pw,conv,40,384,1,False,64.0,0,14.0,14.0,2048,1712.5005692206666,12.697328105536924,0.03306595860816907,27.621310443640663,0.0719304959469809,4.246994181952376,0.011059880682167645,8.485044648108074,10,384,0.8198215369590528,220,35,45,59,64,0.09114583333333333,0.1171875,0.15364583333333334,0.16666666666666666,5,timm:mobilenetv2_100.ra_in1k_random
blocks.4.0.conv_pw,conv,40,384,1,False,64.0,0,14.0,14.0,4096,1658.1109297712928,13.402124998501282,0.03490136718359709,28.48456179830821,0.07417854634976097,4.433927921211764,0.011546687294822304,8.686099885325334,10,384,0.8175823050480899,221,35,45,59,64,0.09114583333333333,0.1171875,0.15364583333333334,0.16666666666666666,10,timm:mobilenetv2_100.ra_in1k_random
blocks.4.0.conv_pw,conv,40,384,1,False,64.0,0,14.0,14.0,9728,1631.920531161274,13.250971997240846,0.034507739576148035,28.37562970320709,0.07389486901876846,4.400803741661194,0.011460426410576026,8.887072231455324,10,384,0.8149292214954227,221,35,45,59,64,0.09114583333333333,0.1171875,0.15364583333333334,0.16666666666666666,25,timm:mobilenetv2_100.ra_in1k_random
blocks.4.0.conv_pw,conv,40,384,1,False,64.0,0,14.0,14.0,19456,1632.0050122733842,13.549025330198297,0.03528392013072473,28.727426894926385,0.0748110075388708,4.47938281933,0.01166505942533854,9.136675104331344,10,384,0.8143061285090734,219,36,46,59,64,0.09375,0.11979166666666667,0.15364583333333334,0.16666666666666666,50,timm:mobilenetv2_100.ra_in1k_random
blocks.4.0.conv_pw,conv,40,384,1,False,64.0,0,14.0,14.0,38400,1622.7871170219628,13.546552090169032,0.035277479401481855,28.760919847962555,0.07489822877073582,4.477077750505361,0.011659056641941045,9.312644592154948,10,384,0.8103980695616075,218,36,46,59,64,0.09375,0.11979166666666667,0.15364583333333334,0.16666666666666666,100,timm:mobilenetv2_100.ra_in1k_random
blocks.4.0.conv_pw,conv,40,384,1,False,64.0,0,14.0,14.0,96256,1637.9060885845936,13.590689424922015,0.03539242037740108,28.773347267199096,0.07493059184166431,4.492497569528653,0.011699212420647533,9.58350005441708,10,384,0.8082563726896143,216,36,46,59,64,0.09375,0.11979166666666667,0.15364583333333334,0.16666666666666666,250,timm:mobilenetv2_100.ra_in1k_random
blocks.4.0.conv_dw,conv,41,384,384,True,384.0,0,14.0,14.0,512,1267.5732854485059,14.613701414958912,0.0380565141014555,48.35917082490268,0.1259353406898507,4.64130959261354,0.012086743730764427,2.7714686026696658,10,384,0.6656884825084252,384,86,127,215,297,0.22395833333333334,0.3307291666666667,0.5598958333333334,0.7734375,1,timm:mobilenetv2_100.ra_in1k_random
blocks.4.0.conv_dw,conv,41,384,384,True,384.0,0,14.0,14.0,1024,1252.0461383360284,15.544269339044636,0.04047986807042874,54.70368512219303,0.14245751333904436,4.791281319372146,0.01247729510253163,2.301184299525451,10,384,0.6919928695645055,384,100,149,246,322,0.2604166666666667,0.3880208333333333,0.640625,0.8385416666666666,2,timm:mobilenetv2_100.ra_in1k_random
blocks.4.0.conv_dw,conv,41,384,384,True,384.0,0,14.0,14.0,2048,1250.7063219309882,15.14552589844857,0.03944147369387648,55.1322482861505,0.14357356324518358,4.719125947995676,0.012289390489572073,2.1555254018555314,10,384,0.6873679343748129,384,107,159,258,327,0.2786458333333333,0.4140625,0.671875,0.8515625,5,timm:mobilenetv2_100.ra_in1k_random
blocks.4.0.conv_dw,conv,41,384,384,True,384.0,0,14.0,14.0,4096,1225.9951854393921,15.58213012746602,0.04057846387360942,56.90568886067364,0.14819189807467095,4.8487842126071286,0.012627042220331064,2.085653295251686,10,384,0.6844461467702468,384,111,166,264,331,0.2890625,0.4322916666666667,0.6875,0.8619791666666666,10,timm:mobilenetv2_100.ra_in1k_random
blocks.4.0.conv_dw,conv,41,384,384,True,384.0,0,14.0,14.0,9728,1207.0229407036136,15.969565111323819,0.04158740914407245,58.72782274129591,0.15293703838879144,4.931891246857992,0.012843466788692687,2.046246867262438,10,384,0.6831773163657505,384,115,170,268,332,0.2994791666666667,0.4427083333333333,0.6979166666666666,0.8645833333333334,25,timm:mobilenetv2_100.ra_in1k_random
blocks.4.0.conv_dw,conv,41,384,384,True,384.0,0,14.0,14.0,19456,1207.1670549085002,16.329799914218917,0.0425255206099451,59.612161939778076,0.1552400050515054,5.020648317436437,0.013074604993324053,2.038356928508205,10,384,0.6804823509680114,384,116,172,269,332,0.3020833333333333,0.4479166666666667,0.7005208333333334,0.8645833333333334,50,timm:mobilenetv2_100.ra_in1k_random
blocks.4.0.conv_dw,conv,41,384,384,True,384.0,0,14.0,14.0,38400,1197.9365261609407,16.539790723970984,0.043072371677007774,60.29792611806606,0.15702584926579702,5.0648548605029,0.013189726199226301,2.032424640534457,10,384,0.6823580613070871,384,117,173,269,332,0.3046875,0.4505208333333333,0.7005208333333334,0.8645833333333334,100,timm:mobilenetv2_100.ra_in1k_random
blocks.4.0.conv_dw,conv,41,384,384,True,384.0,0,14.0,14.0,96256,1206.4757374399521,16.675441832528275,0.04342562977220905,60.60779984849095,0.15783281210544517,5.088214176225022,0.013250557750585994,2.024821309913771,10,384,0.6830321480754542,384,117,173,270,332,0.3046875,0.4505208333333333,0.703125,0.8645833333333334,250,timm:mobilenetv2_100.ra_in1k_random
blocks.4.0.conv_pwl,conv,42,96,1,False,96.0,0,14.0,14.0,512,672.3985734256513,19.91289319207366,0.2074259707507673,38.499416622928045,0.40103558982216714,6.576811846111635,0.06850845673032953,1.7091576171984773,10,96,0.9215817633199469,96,45,59,82,94,0.46875,0.6145833333333334,0.8541666666666666,0.9791666666666666,1,timm:mobilenetv2_100.ra_in1k_random
blocks.4.0.conv_pwl,conv,42,96,1,False,96.0,0,14.0,14.0,512,672.3985734256513,19.91289319207366,0.2074259707507673,38.499416622928045,0.40103558982216714,6.576811846111635,0.06850845673032953,1.7091576171984773,10,96,0.9215817633199469,96,45,59,82,94,0.46875,0.6145833333333334,0.8541666666666666,0.9791666666666666,2,timm:mobilenetv2_100.ra_in1k_random
blocks.4.0.conv_pwl,conv,42,96,1,False,96.0,0,14.0,14.0,512,672.3985734256513,19.91289319207366,0.2074259707507673,38.499416622928045,0.40103558982216714,6.576811846111635,0.06850845673032953,1.7091576171984773,10,96,0.9215817633199469,96,45,59,82,94,0.46875,0.6145833333333334,0.8541666666666666,0.9791666666666666,5,timm:mobilenetv2_100.ra_in1k_random
blocks.4.0.conv_pwl,conv,42,96,1,False,96.0,0,14.0,14.0,1024,661.7472271350864,22.200018645391726,0.23125019422283047,41.75873760123172,0.43498685001283044,7.1349405810452,0.07432229771922083,1.6145340374782655,10,96,0.9252197686238981,96,47,62,84,95,0.4895833333333333,0.6458333333333334,0.875,0.9895833333333334,10,timm:mobilenetv2_100.ra_in1k_random
blocks.4.0.conv_pwl,conv,42,96,1,False,96.0,0,14.0,14.0,2560,644.7366861603601,22.732333487258252,0.23679514049227346,42.53618092229838,0.4430852179406081,7.3335980695810905,0.07639164655813636,1.5680460025849492,10,96,0.9252645274072497,96,49,63,85,95,0.5104166666666666,0.65625,0.8854166666666666,0.9895833333333334,25,timm:mobilenetv2_100.ra_in1k_random
blocks.4.0.conv_pwl,conv,42,96,1,False,96.0,0,14.0,14.0,5120,645.5750794390981,22.131757769213326,0.23053914342930548,42.07186129998512,0.43824855520817835,7.17141704098476,0.07470226084359126,1.5484923958276569,10,96,0.924187769118237,96,49,63,85,95,0.5104166666666666,0.65625,0.8854166666666666,0.9895833333333334,50,timm:mobilenetv2_100.ra_in1k_random
blocks.4.0.conv_pwl,conv,42,96,1,False,96.0,0,14.0,14.0,9728,638.7614648776448,22.321610615604882,0.23251677724588418,42.43711323017818,0.44205326281435603,7.182333281130034,0.07481597167843786,1.5389822768010881,10,96,0.923373009812968,96,49,63,85,95,0.5104166666666666,0.65625,0.8854166666666666,0.9895833333333334,100,timm:mobilenetv2_100.ra_in1k_random
blocks.4.0.conv_pwl,conv,42,96,1,False,96.0,0,14.0,14.0,24064,638.1427803601339,22.572103441264073,0.23512607751316741,42.67695224981863,0.4445515859356108,7.263060163283464,0.07565687670086942,1.5367023716492156,10,96,0.9239747233390466,96,49,63,85,95,0.5104166666666666,0.65625,0.8854166666666666,0.9895833333333334,250,timm:mobilenetv2_100.ra_in1k_random
blocks.4.0,block,43,96,1,False,,0,14.0,14.0,512,663.3419593169031,20.873941333956733,0.21743688889538262,39.218221144364804,0.4085231369204667,6.879875300221414,0.07166536771063974,1.747224770811333,10,96,0.9138824964345678,96,45,59,82,94,0.46875,0.6145833333333334,0.8541666666666666,0.9791666666666666,1,timm:mobilenetv2_100.ra_in1k_random
blocks.4.0,block,43,96,1,False,,0,14.0,14.0,512,663.3419593169031,20.873941333956733,0.21743688889538262,39.218221144364804,0.4085231369204667,6.879875300221414,0.07166536771063974,1.747224770811333,10,96,0.9138824964345678,96,45,59,82,94,0.46875,0.6145833333333334,0.8541666666666666,0.9791666666666666,2,timm:mobilenetv2_100.ra_in1k_random
blocks.4.0,block,43,96,1,False,,0,14.0,14.0,512,663.3419593169031,20.873941333956733,0.21743688889538262,39.218221144364804,0.4085231369204667,6.879875300221414,0.07166536771063974,1.747224770811333,10,96,0.9138824964345678,96,45,59,82,94,0.46875,0.6145833333333334,0.8541666666666666,0.9791666666666666,5,timm:mobilenetv2_100.ra_in1k_random
blocks.4.0,block,43,96,1,False,,0,14.0,14.0,1024,663.3845794191202,22.45663373441308,0.23392326806680294,41.832416519368884,0.4357543387434259,7.299436436458162,0.07603579621310586,1.6335785973382964,10,96,0.9195372194403036,96,47,61,84,94,0.4895833333333333,0.6354166666666666,0.875,0.9791666666666666,10,timm:mobilenetv2_100.ra_in1k_random
blocks.4.0,block,43,96,1,False,,0,14.0,14.0,2560,648.2456656583533,22.808179620975142,0.23758520438515773,42.57066080574597,0.4434443833931872,7.422302591627431,0.07731565199611908,1.5733273549797382,10,96,0.9224354309354131,96,49,63,85,95,0.5104166666666666,0.65625,0.8854166666666666,0.9895833333333334,25,timm:mobilenetv2_100.ra_in1k_random
blocks.4.0,block,43,96,1,False,,0,14.0,14.0,5120,638.0743450036314,22.660035139248816,0.2360420327005085,42.73095325581817,0.4451140964147726,7.25683980679761,0.07559208132080844,1.5572403754522615,10,96,0.9234374781363782,96,49,63,85,95,0.5104166666666666,0.65625,0.8854166666666666,0.9895833333333334,50,timm:mobilenetv2_100.ra_in1k_random
blocks.4.0,block,43,96,1,False,,0,14.0,14.0,9728,636.1187158731166,22.531269837153083,0.23470072747034462,42.63415921832373,0.4441058251908722,7.2237969813298175,0.0752478852221856,1.542462350881821,10,96,0.9229699241932132,96,49,63,85,95,0.5104166666666666,0.65625,0.8854166666666666,0.9895833333333334,100,timm:mobilenetv2_100.ra_in1k_random
blocks.4.0,block,43,96,1,False,,0,14.0,14.0,24064,638.0617838952725,22.52627391458941,0.23464868661030636,42.63597424773921,0.44412473174728345,7.234575325252384,0.07536015963804567,1.5356775041926478,10,96,0.9236198201125347,96,49,63,85,95,0.5104166666666666,0.65625,0.8854166666666666,0.9895833333333334,250,timm:mobilenetv2_100.ra_in1k_random
blocks.4.1.conv_pw,conv,44,576,1,False,96.0,0,14.0,14.0,1024,1317.9010028129794,21.81938521147708,0.03788087710325882,40.09973966236274,0.06961760358049086,7.349458582420325,0.012759476705590841,7.729334843358925,10,576,0.82279602146004,334,45,59,82,94,0.078125,0.10243055555555555,0.1423611111111111,0.16319444444444445,1,timm:mobilenetv2_100.ra_in1k_random
blocks.4.1.conv_pw,conv,44,576,1,False,96.0,0,14.0,14.0,1536,1313.561849706814,21.86503605669468,0.03796013204287271,40.217234551801795,0.06982158776354479,7.38145174229147,0.012815020385922691,7.837070072798159,10,576,0.820747624738167,334,45,59,82,94,0.078125,0.10243055555555555,0.1423611111111111,0.16319444444444445,2,timm:mobilenetv2_100.ra_in1k_random
blocks.4.1.conv_pw,conv,44,576,1,False,96.0,0,14.0,14.0,3072,1294.0133054022733,22.119194653221413,0.03840137960628717,40.868210085007945,0.07095175361980546,7.393672525658797,0.01283623702371319,8.001941414237994,10,576,0.8177258927385085,334,46,60,83,94,0.0798611111111111,0.10416666666666667,0.1440972222222222,0.16319444444444445,5,timm:mobilenetv2_100.ra_in1k_random
blocks.4.1.conv_pw,conv,44,576,1,False,96.0,0,14.0,14.0,6144,1284.8105335320895,22.02079662494235,0.03823054969608047,40.974847825463385,0.07113688858587393,7.271755632331011,0.012624575750574673,8.203227010381733,10,576,0.8151514707264564,331,46,60,83,94,0.0798611111111111,0.10416666666666667,0.1440972222222222,0.16319444444444445,10,timm:mobilenetv2_100.ra_in1k_random
blocks.4.1.conv_pw,conv,44,576,1,False,96.0,0,14.0,14.0,14848,1280.8679596503255,21.95036462318146,0.038108271915245594,40.99937199810657,0.07117946527449057,7.221256932622223,0.012536904396913582,8.441696033031144,10,576,0.8120386370606291,329,46,61,83,94,0.0798611111111111,0.10590277777777778,0.1440972222222222,0.16319444444444445,25,timm:mobilenetv2_100.ra_in1k_random
blocks.4.1.conv_pw,conv,44,576,1,False,96.0,0,14.0,14.0,29184,1282.554272306811,21.980254028400104,0.038160163243750184,40.96430989555732,0.0711185935686759,7.274528534712176,0.012629389817208639,8.596389243407987,10,576,0.8112108977135886,331,46,61,83,94,0.0798611111111111,0.10590277777777778,0.1440972222222222,0.16319444444444445,50,timm:mobilenetv2_100.ra_in1k_random
blocks.4.1.conv_pw,conv,44,576,1,False,96.0,0,14.0,14.0,57856,1280.2247180065622,22.016828152692565,0.03822365998731348,40.95145448724428,0.07109627515146576,7.311323679388079,0.012693270276715414,8.782252226896844,10,576,0.8087272894772821,327,46,60,83,94,0.0798611111111111,0.10416666666666667,0.1440972222222222,0.16319444444444445,100,timm:mobilenetv2_100.ra_in1k_random
blocks.4.1.conv_dw,conv,45,576,576,True,576.0,0,14.0,14.0,1024,1099.298633981617,22.634968928843865,0.0392968210570206,82.47896220773708,0.14319264272176577,6.191438065478859,0.010749024419234131,2.519121202841921,10,576,0.5138368894978746,570,141,207,343,464,0.24479166666666666,0.359375,0.5954861111111112,0.8055555555555556,1,timm:mobilenetv2_100.ra_in1k_random
blocks.4.1.conv_dw,conv,45,576,576,True,576.0,0,14.0,14.0,1536,1092.8058695267275,21.73628624385866,0.03773660806225462,82.23012360259433,0.14276063125450406,6.065863573622394,0.01053101314864999,2.4978539731581297,10,576,0.40885868478817133,572,148,218,360,475,0.2569444444444444,0.3784722222222222,0.625,0.8246527777777778,2,timm:mobilenetv2_100.ra_in1k_random
blocks.4.1.conv_dw,conv,45,576,576,True,576.0,0,14.0,14.0,3072,1088.2117570244682,21.80244372937369,0.03785146480794043,85.27439614885961,0.1480458266473257,6.0331984285464095,0.010474302827337516,2.2072918967118045,10,576,0.6242557701512245,573,158,233,379,485,0.2743055555555556,0.4045138888888889,0.6579861111111112,0.8420138888888888,5,timm:mobilenetv2_100.ra_in1k_random
blocks.4.1.conv_dw,conv,45,576,576,True,576.0,0,14.0,14.0,6144,1079.6548694429334,22.282805865229744,0.03868542684935719,87.89728067076324,0.15259944560896396,6.121815289257964,0.010628151543850632,2.220362365754142,10,576,0.4885261740322301,574,164,242,388,489,0.2847222222222222,0.4201388888888889,0.6736111111111112,0.8489583333333334,10,timm:mobilenetv2_100.ra_in1k_random
blocks.4.1.conv_dw,conv,45,576,576,True,576.0,0,14.0,14.0,14848,1077.5491930370767,22.19349665864099,0.03853037614347394,88.1037328661452,0.15295786955927984,6.112063544473886,0.010611221431378274,2.1302153511422235,10,576,0.6177144236831975,575,167,246,392,491,0.2899305555555556,0.4270833333333333,0.6805555555555556,0.8524305555555556,25,timm:mobilenetv2_100.ra_in1k_random
blocks.4.1.conv_dw,conv,45,576,576,True,576.0,0,14.0,14.0,29184,1075.2611737711186,22.687961684283827,0.039388822368548314,89.7489567466568,0.1558141610185014,6.209479259568445,0.010780345936750773,2.148629714668702,10,576,0.5957350083999856,576,169,248,394,492,0.2934027777777778,0.4305555555555556,0.6840277777777778,0.8541666666666666,50,timm:mobilenetv2_100.ra_in1k_random
blocks.4.1.conv_dw,conv,45,576,576,True,576.0,0,14.0,14.0,57856,1074.269042916039,22.547841412521503,0.03914555800784983,89.31030108065626,0.15505260604280602,6.201216869109552,0.01076600150887075,2.140926171971292,10,576,0.5963971902417728,576,169,249,394,492,0.2934027777777778,0.4322916666666667,0.6840277777777778,0.8541666666666666,100,timm:mobilenetv2_100.ra_in1k_random
blocks.4.1.conv_pwl,conv,46,96,1,False,96.0,0,14.0,14.0,512,701.177252304764,23.519977863489498,0.24499976941134893,44.29029998925322,0.46135729155472105,7.158009642890086,0.07456260044677172,1.5648534142773265,10,96,0.9234891239014378,96,50,64,85,95,0.5208333333333334,0.6666666666666666,0.8854166666666666,0.9895833333333334,1,timm:mobilenetv2_100.ra_in1k_random
blocks.4.1.conv_pwl,conv,46,96,1,False,96.0,0,14.0,14.0,512,701.177252304764,23.519977863489498,0.24499976941134893,44.29029998925322,0.46135729155472105,7.158009642890086,0.07456260044677172,1.5648534142773265,10,96,0.9234891239014378,96,50,64,85,95,0.5208333333333334,0.6666666666666666,0.8854166666666666,0.9895833333333334,2,timm:mobilenetv2_100.ra_in1k_random
blocks.4.1.conv_pwl,conv,46,96,1,False,96.0,0,14.0,14.0,512,701.177252304764,23.519977863489498,0.24499976941134893,44.29029998925322,0.46135729155472105,7.158009642890086,0.07456260044677172,1.5648534142773265,10,96,0.9234891239014378,96,50,64,85,95,0.5208333333333334,0.6666666666666666,0.8854166666666666,0.9895833333333334,5,timm:mobilenetv2_100.ra_in1k_random
blocks.4.1.conv_pwl,conv,46,96,1,False,96.0,0,14.0,14.0,1024,703.5045969285254,26.276278381226597,0.27371123313777707,47.87972159678059,0.4987470999664645,7.855313294100772,0.08182618014688305,1.447713321276725,10,96,0.9290082904782451,96,53,67,87,95,0.5520833333333334,0.6979166666666666,0.90625,0.9895833333333334,10,timm:mobilenetv2_100.ra_in1k_random
blocks.4.1.conv_pwl,conv,46,96,1,False,96.0,0,14.0,14.0,2560,691.1804252803383,26.99640128737952,0.2812125134102033,49.05984407253601,0.5110400424222501,7.887198778732845,0.08215832061180046,1.3851881357083156,10,96,0.931571939752573,96,54,68,88,95,0.5625,0.7083333333333334,0.9166666666666666,0.9895833333333334,25,timm:mobilenetv2_100.ra_in1k_random
blocks.4.1.conv_pwl,conv,46,96,1,False,96.0,0,14.0,14.0,5120,685.3146776012854,27.037484391393477,0.28164046241034874,49.29009620245335,0.5134385021088891,7.8999740614696945,0.08229139647364266,1.3600938041925499,10,96,0.9308482473578736,96,55,69,88,95,0.5729166666666666,0.71875,0.9166666666666666,0.9895833333333334,50,timm:mobilenetv2_100.ra_in1k_random
blocks.4.1.conv_pwl,conv,46,96,1,False,96.0,0,14.0,14.0,9728,679.779951587655,27.663444489441428,0.2881608800983482,49.82583170727342,0.5190190802840982,8.071515213079676,0.08407828346957996,1.3536851382010717,10,96,0.9309241153308314,96,55,69,88,95,0.5729166666666666,0.71875,0.9166666666666666,0.9895833333333334,100,timm:mobilenetv2_100.ra_in1k_random
blocks.4.1.conv_pwl,conv,46,96,1,False,96.0,0,14.0,14.0,24064,680.5331231737648,28.065358135975092,0.29234748058307386,50.147407784613605,0.5223688310897251,8.254822977275298,0.08598773934661769,1.3461455457549127,10,96,0.9307693333089747,96,55,69,88,95,0.5729166666666666,0.71875,0.9166666666666666,0.9895833333333334,250,timm:mobilenetv2_100.ra_in1k_random
blocks.4.1,block,47,96,1,False,,0,14.0,14.0,512,1344.436467060604,24.348412457467898,0.25362929643195725,46.25268019525121,0.48179875203386674,7.14905184481487,0.07446929005015489,1.3975474625426085,10,96,0.9376960198386038,96,53,67,87,95,0.5520833333333334,0.6979166666666666,0.90625,0.9895833333333334,1,timm:mobilenetv2_100.ra_in1k_random
blocks.4.1,block,47,96,1,False,,0,14.0,14.0,512,1344.436467060604,24.348412457467898,0.25362929643195725,46.25268019525121,0.48179875203386674,7.14905184481487,0.07446929005015489,1.3975474625426085,10,96,0.9376960198386038,96,53,67,87,95,0.5520833333333334,0.6979166666666666,0.90625,0.9895833333333334,2,timm:mobilenetv2_100.ra_in1k_random
blocks.4.1,block,47,96,1,False,,0,14.0,14.0,512,1344.436467060604,24.348412457467898,0.25362929643195725,46.25268019525121,0.48179875203386674,7.14905184481487,0.07446929005015489,1.3975474625426085,10,96,0.9376960198386038,96,53,67,87,95,0.5520833333333334,0.6979166666666666,0.90625,0.9895833333333334,5,timm:mobilenetv2_100.ra_in1k_random
blocks.4.1,block,47,96,1,False,,0,14.0,14.0,1024,1349.5577121873953,25.416536551484675,0.26475558907796537,48.30234865934959,0.5031494652015582,7.455470785275594,0.07766115401328744,1.2609629928179695,10,96,0.9475915475940685,96,56,71,89,96,0.5833333333333334,0.7395833333333334,0.9270833333333334,1.0,10,timm:mobilenetv2_100.ra_in1k_random
blocks.4.1,block,47,96,1,False,,0,14.0,14.0,2560,1348.684778202281,25.398760152566712,0.2645704182559033,48.79364231376518,0.508267107435054,7.458343208314616,0.07769107508661059,1.1942870956610891,10,96,0.9528649225098381,96,57,72,90,96,0.59375,0.75,0.9375,1.0,25,timm:mobilenetv2_100.ra_in1k_random
blocks.4.1,block,47,96,1,False,,0,14.0,14.0,5120,1331.690437876392,25.978596539301023,0.27061038061771897,49.77759481658319,0.5185166126727415,7.454337243059266,0.07764934628186736,1.1668496218926738,10,96,0.9558724638033549,96,58,73,90,96,0.6041666666666666,0.7604166666666666,0.9375,1.0,50,timm:mobilenetv2_100.ra_in1k_random
blocks.4.1,block,47,96,1,False,,0,14.0,14.0,9728,1324.2201046873695,25.710280831210326,0.26781542532510755,49.5936027639244,0.5166000287908792,7.406512893664075,0.07715117597566745,1.1544582053337549,10,96,0.9559185401251212,96,59,73,90,96,0.6145833333333334,0.7604166666666666,0.9375,1.0,100,timm:mobilenetv2_100.ra_in1k_random
blocks.4.1,block,47,96,1,False,,0,14.0,14.0,24064,1326.0936359682232,25.966925983047695,0.2704888123234135,49.94159073724714,0.520224903512991,7.48372508211779,0.07795546960539364,1.1448373825888591,10,96,0.9562859233330842,96,59,73,90,96,0.6145833333333334,0.7604166666666666,0.9375,1.0,250,timm:mobilenetv2_100.ra_in1k_random
blocks.4.2.conv_pw,conv,48,576,1,False,96.0,0,14.0,14.0,1024,2666.6913199888727,25.085585869462573,0.043551364356705854,46.46410313362871,0.0806668457181054,7.511819699805168,0.013041353645495083,7.826800756225038,10,576,0.8128699940530854,337,52,67,87,95,0.09027777777777778,0.11631944444444445,0.15104166666666666,0.16493055555555555,1,timm:mobilenetv2_100.ra_in1k_random
blocks.4.2.conv_pw,conv,48,576,1,False,96.0,0,14.0,14.0,1536,2650.539517076515,26.0190076755524,0.0451718883256118,47.427694304321115,0.08233974705611305,7.851386063052846,0.013630878581688969,7.920394305632896,10,576,0.8106370550913322,337,53,67,87,95,0.0920138888888889,0.11631944444444445,0.15104166666666666,0.16493055555555555,2,timm:mobilenetv2_100.ra_in1k_random
blocks.4.2.conv_pw,conv,48,576,1,False,96.0,0,14.0,14.0,3072,2638.0396520542695,26.018693920149666,0.04517134361137095,47.96800614480865,0.08327778844584835,7.746755020202177,0.01344922746562878,8.11842533242994,10,576,0.8079003358620018,335,54,69,88,95,0.09375,0.11979166666666667,0.1527777777777778,0.16493055555555555,5,timm:mobilenetv2_100.ra_in1k_random
blocks.4.2.conv_pw,conv,48,576,1,False,96.0,0,14.0,14.0,6144,2633.837444259821,26.137784645616726,0.045378098343084594,48.28950636858346,0.08383594855656851,7.758211138614465,0.013469116560094557,8.299624937677947,10,576,0.8038814035846445,331,55,69,88,95,0.0954861111111111,0.11979166666666667,0.1527777777777778,0.16493055555555555,10,timm:mobilenetv2_100.ra_in1k_random
blocks.4.2.conv_pw,conv,48,576,1,False,96.0,0,14.0,14.0,14848,2609.1059360285626,26.155677919964244,0.04540916305549348,48.35066475840521,0.0839421263166757,7.770247900808296,0.013490013716681069,8.493373948377744,10,576,0.8005759004843838,331,55,69,88,95,0.0954861111111111,0.11979166666666667,0.1527777777777778,0.16493055555555555,25,timm:mobilenetv2_100.ra_in1k_random
blocks.4.2.conv_pw,conv,48,576,1,False,96.0,0,14.0,14.0,29184,2610.7537230896523,26.433263946350454,0.04589108324019176,48.53815490546011,0.08426763004420158,7.90035155918116,0.013715888123578402,8.700642112316233,10,576,0.7990479374993786,329,55,69,88,95,0.0954861111111111,0.11979166666666667,0.1527777777777778,0.16493055555555555,50,timm:mobilenetv2_100.ra_in1k_random
blocks.4.2.conv_pw,conv,48,576,1,False,96.0,0,14.0,14.0,57856,2608.2007358133847,26.417900819934328,0.04586441114571932,48.517104270878534,0.08423108380360857,7.888863157954662,0.013695942982560178,8.915478057880854,10,576,0.7971738846398987,325,55,69,88,95,0.0954861111111111,0.11979166666666667,0.1527777777777778,0.16493055555555555,100,timm:mobilenetv2_100.ra_in1k_random
blocks.4.2.conv_dw,conv,49,576,576,True,576.0,0,14.0,14.0,1024,1971.9586270129603,22.92814315467669,0.039805804087980366,86.10297891875044,0.1494843384006084,6.191313877857475,0.010748808815724783,2.866025972672329,10,576,0.34368002567653044,567,150,216,347,456,0.2604166666666667,0.375,0.6024305555555556,0.7916666666666666,1,timm:mobilenetv2_100.ra_in1k_random
blocks.4.2.conv_dw,conv,49,576,576,True,576.0,0,14.0,14.0,1536,1966.4528596385376,22.90094971692571,0.03975859325855158,87.70807212812585,0.15227095855577405,6.235403411566822,0.010825353145081288,2.8575962002512503,10,576,0.2870325161392733,568,159,229,364,466,0.2760416666666667,0.3975694444444444,0.6319444444444444,0.8090277777777778,2,timm:mobilenetv2_100.ra_in1k_random
blocks.4.2.conv_dw,conv,49,576,576,True,576.0,0,14.0,14.0,3072,1960.4468287185875,22.338975921945007,0.0387829443089323,89.5171020305742,0.15541163546974687,6.091794685773214,0.010576032440578496,2.599912538184607,10,576,0.3409548299061017,572,170,244,380,474,0.2951388888888889,0.4236111111111111,0.6597222222222222,0.8229166666666666,5,timm:mobilenetv2_100.ra_in1k_random
blocks.4.2.conv_dw,conv,49,576,576,True,576.0,0,14.0,14.0,6144,1954.599939118986,22.605590750754114,0.03924581727561478,91.51252254376021,0.15887590719402814,6.138846050701558,0.010657718838023538,2.487864011795468,10,576,0.34745365255006366,572,176,253,387,477,0.3055555555555556,0.4392361111111111,0.671875,0.828125,10,timm:mobilenetv2_100.ra_in1k_random
blocks.4.2.conv_dw,conv,49,576,576,True,576.0,0,14.0,14.0,14848,1948.0527966009467,22.627567169304445,0.03928397078004244,92.40832969368812,0.16043112794043077,6.136326333205547,0.010653344328481853,2.4526415225049147,10,576,0.34804828446242775,573,180,257,391,479,0.3125,0.4461805555555556,0.6788194444444444,0.8315972222222222,25,timm:mobilenetv2_100.ra_in1k_random
blocks.4.2.conv_dw,conv,49,576,576,True,576.0,0,14.0,14.0,29184,1948.2255332429327,23.11639915632123,0.0401326374241688,93.70449671195614,0.16268141790270163,6.2747686166721826,0.010893695515055873,2.258184563013716,10,576,0.5387138643024267,573,181,259,392,480,0.3142361111111111,0.4496527777777778,0.6805555555555556,0.8333333333333334,50,timm:mobilenetv2_100.ra_in1k_random
blocks.4.2.conv_dw,conv,49,576,576,True,576.0,0,14.0,14.0,57856,1948.3962081545135,23.09916544067493,0.04010271777894953,93.55824512543744,0.16242750889832888,6.290939458539441,0.01092176989329764,2.3467613385656008,10,576,0.4345633516339674,574,182,260,393,480,0.3159722222222222,0.4513888888888889,0.6822916666666666,0.8333333333333334,100,timm:mobilenetv2_100.ra_in1k_random
blocks.4.2.conv_pwl,conv,50,96,1,False,96.0,0,14.0,14.0,512,1088.4497500305772,26.127362807301182,0.27216002924272065,46.71683199076692,0.48663366657048873,9.159261604767766,0.09540897504966422,1.4463535597053476,10,96,0.918841094264542,96,52,66,86,95,0.5416666666666666,0.6875,0.8958333333333334,0.9895833333333334,1,timm:mobilenetv2_100.ra_in1k_random
blocks.4.2.conv_pwl,conv,50,96,1,False,96.0,0,14.0,14.0,512,1088.4497500305772,26.127362807301182,0.27216002924272065,46.71683199076692,0.48663366657048873,9.159261604767766,0.09540897504966422,1.4463535597053476,10,96,0.918841094264542,96,52,66,86,95,0.5416666666666666,0.6875,0.8958333333333334,0.9895833333333334,2,timm:mobilenetv2_100.ra_in1k_random
blocks.4.2.conv_pwl,conv,50,96,1,False,96.0,0,14.0,14.0,512,1088.4497500305772,26.127362807301182,0.27216002924272065,46.71683199076692,0.48663366657048873,9.159261604767766,0.09540897504966422,1.4463535597053476,10,96,0.918841094264542,96,52,66,86,95,0.5416666666666666,0.6875,0.8958333333333334,0.9895833333333334,5,timm:mobilenetv2_100.ra_in1k_random
blocks.4.2.conv_pwl,conv,50,96,1,False,96.0,0,14.0,14.0,1024,1106.76917379196,25.11680813590022,0.26163341808229396,47.123827032714125,0.4908731982574388,8.4024579297356,0.08752560343474584,1.349791122792085,10,96,0.9184304288486405,96,54,68,88,95,0.5625,0.7083333333333334,0.9166666666666666,0.9895833333333334,10,timm:mobilenetv2_100.ra_in1k_random
blocks.4.2.conv_pwl,conv,50,96,1,False,96.0,0,14.0,14.0,2560,1098.3475384374242,25.482840891919306,0.2654462592908261,48.04901752672902,0.5005105992367606,8.557062650080956,0.08913606927167662,1.2938557078161927,10,96,0.9183772057858006,96,56,69,88,95,0.5833333333333334,0.71875,0.9166666666666666,0.9895833333333334,25,timm:mobilenetv2_100.ra_in1k_random
blocks.4.2.conv_pwl,conv,50,96,1,False,96.0,0,14.0,14.0,5120,1096.3075843541105,25.410044846975413,0.2646879671559939,48.145181186281995,0.5015123040237708,8.433674160627382,0.08785077250653522,1.2753707811194266,10,96,0.9200363928714915,96,56,70,88,95,0.5833333333333334,0.7291666666666666,0.9166666666666666,0.9895833333333334,50,timm:mobilenetv2_100.ra_in1k_random
blocks.4.2.conv_pwl,conv,50,96,1,False,96.0,0,14.0,14.0,9728,1092.3319063995625,25.415745974381863,0.2647473538998111,48.29987649587522,0.5031237134987002,8.42399356296716,0.08774993294757459,1.2641221180827933,10,96,0.9200008306901831,96,56,70,88,95,0.5833333333333334,0.7291666666666666,0.9166666666666666,0.9895833333333334,100,timm:mobilenetv2_100.ra_in1k_random
blocks.4.2.conv_pwl,conv,50,96,1,False,96.0,0,14.0,14.0,24064,1093.3238954501376,25.518181529959172,0.2658143909370747,48.4826780416165,0.5050278962668385,8.390184631542688,0.08739775657856967,1.2576791191525944,10,96,0.919669230257087,96,56,70,89,96,0.5833333333333334,0.7291666666666666,0.9270833333333334,1.0,250,timm:mobilenetv2_100.ra_in1k_random
blocks.4.2,block,51,96,1,False,,0,14.0,14.0,512,2490.844097816781,25.100456183622104,0.2614630852460636,47.797642665062504,0.49789211109440107,7.563568603096746,0.07878717294892444,1.2493802274990282,10,96,0.9408736976223842,96,56,71,89,96,0.5833333333333334,0.7395833333333334,0.9270833333333334,1.0,1,timm:mobilenetv2_100.ra_in1k_random
blocks.4.2,block,51,96,1,False,,0,14.0,14.0,512,2490.844097816781,25.100456183622104,0.2614630852460636,47.797642665062504,0.49789211109440107,7.563568603096746,0.07878717294892444,1.2493802274990282,10,96,0.9408736976223842,96,56,71,89,96,0.5833333333333334,0.7395833333333334,0.9270833333333334,1.0,2,timm:mobilenetv2_100.ra_in1k_random
blocks.4.2,block,51,96,1,False,,0,14.0,14.0,512,2490.844097816781,25.100456183622104,0.2614630852460636,47.797642665062504,0.49789211109440107,7.563568603096746,0.07878717294892444,1.2493802274990282,10,96,0.9408736976223842,96,56,71,89,96,0.5833333333333334,0.7395833333333334,0.9270833333333334,1.0,5,timm:mobilenetv2_100.ra_in1k_random
blocks.4.2,block,51,96,1,False,,0,14.0,14.0,1024,2481.1355357669604,26.454342899516156,0.27556607186995996,50.53778487543865,0.5264352591191527,7.7191774680927,0.08040809862596562,1.119628355975846,10,96,0.9487928749001661,96,60,74,90,96,0.625,0.7708333333333334,0.9375,1.0,10,timm:mobilenetv2_100.ra_in1k_random
blocks.4.2,block,51,96,1,False,,0,14.0,14.0,2560,2477.4117447781327,25.45930039581304,0.2652010457897192,50.426619462997095,0.5252772860728864,7.302179195022431,0.07606436661481698,1.0414789041207289,10,96,0.9584196229288048,96,61,75,91,96,0.6354166666666666,0.78125,0.9479166666666666,1.0,25,timm:mobilenetv2_100.ra_in1k_random
blocks.4.2,block,51,96,1,False,,0,14.0,14.0,5120,2453.844261432161,26.14019598838427,0.27229370821233617,51.13614683609352,0.5326681962093075,7.513131357047215,0.07826178496924183,1.0245124527801217,10,96,0.9633068195963772,96,62,76,91,96,0.6458333333333334,0.7916666666666666,0.9479166666666666,1.0,50,timm:mobilenetv2_100.ra_in1k_random
blocks.4.2,block,51,96,1,False,,0,14.0,14.0,9728,2451.9354681210098,25.998335937307775,0.270815999346956,51.03803934292329,0.531646243155451,7.516796980952301,0.07829996855158647,1.0114083681506605,10,96,0.9644126971710282,96,62,76,91,96,0.6458333333333334,0.7916666666666666,0.9479166666666666,1.0,100,timm:mobilenetv2_100.ra_in1k_random
blocks.4.2,block,51,96,1,False,,0,14.0,14.0,24064,2456.2948949438914,26.27201293518702,0.27366680140819816,51.334973838435154,0.5347393108170329,7.606425373734625,0.07923359764306902,1.002403628971875,10,96,0.9643496250900293,96,62,76,91,96,0.6458333333333334,0.7916666666666666,0.9479166666666666,1.0,250,timm:mobilenetv2_100.ra_in1k_random
blocks.5.0.conv_pw,conv,52,576,1,False,96.0,0,14.0,14.0,1024,4928.979794634671,26.248800342194283,0.04557083392742063,48.3958603491696,0.08402059088397501,7.926522622754436,0.013761323997837561,7.847738619803893,10,576,0.8089094809267408,336,55,70,89,96,0.0954861111111111,0.12152777777777778,0.1545138888888889,0.16666666666666666,1,timm:mobilenetv2_100.ra_in1k_random
blocks.5.0.conv_pw,conv,52,576,1,False,96.0,0,14.0,14.0,1536,4928.858314699515,26.76003649818756,0.04645839669824229,48.89218017151681,0.0848822572422167,8.209092787118013,0.014251897199857663,7.926062264344786,10,576,0.805737023657738,335,56,70,89,96,0.09722222222222222,0.12152777777777778,0.1545138888888889,0.16666666666666666,2,timm:mobilenetv2_100.ra_in1k_random
blocks.5.0.conv_pw,conv,52,576,1,False,96.0,0,14.0,14.0,3072,4891.042574261006,26.28886950028749,0.045640398437999115,48.977407374486354,0.08503022113626103,7.910025639031467,0.013732683401096298,8.088933656524024,10,576,0.8033856379143909,336,57,71,89,96,0.09895833333333333,0.1232638888888889,0.1545138888888889,0.16666666666666666,5,timm:mobilenetv2_100.ra_in1k_random
blocks.5.0.conv_pw,conv,52,576,1,False,96.0,0,14.0,14.0,6144,4874.115396498402,26.265002836262994,0.04559896325740103,49.14737777015204,0.08532530862873618,7.883866128836066,0.013687267584784836,8.281180953582894,10,576,0.8019512088291701,335,57,71,89,96,0.09895833333333333,0.1232638888888889,0.1545138888888889,0.16666666666666666,10,timm:mobilenetv2_100.ra_in1k_random
blocks.5.0.conv_pw,conv,52,576,1,False,96.0,0,14.0,14.0,14848,4862.752303833378,26.132987891797303,0.04536977064548143,49.11800053212486,0.08527430647938344,7.834418534030319,0.01360142106602486,8.536477944759955,10,576,0.7984986630357187,330,57,72,89,96,0.09895833333333333,0.125,0.1545138888888889,0.16666666666666666,25,timm:mobilenetv2_100.ra_in1k_random
blocks.5.0.conv_pw,conv,52,576,1,False,96.0,0,14.0,14.0,29184,4858.271608212153,26.357288218934478,0.04575918093565014,49.29050352389939,0.08557379084010311,7.951353049124464,0.013804432376952194,8.712212308794744,10,576,0.7953236564247593,327,57,72,90,96,0.09895833333333333,0.125,0.15625,0.16666666666666666,50,timm:mobilenetv2_100.ra_in1k_random
blocks.5.0.conv_pw,conv,52,576,1,False,96.0,0,14.0,14.0,57856,4862.220155321013,26.466874425098077,0.04594943476579527,49.304010073446335,0.08559723971084433,8.041281952177526,0.013960558944752649,8.912370848258744,10,576,0.7955644869560402,327,57,72,90,96,0.09895833333333333,0.125,0.15625,0.16666666666666666,100,timm:mobilenetv2_100.ra_in1k_random
blocks.5.0.conv_dw,conv,53,576,576,True,576.0,0,7.0,7.0,1024,2922.750418225102,12.715284209479364,0.022075146197012785,62.25779696306041,0.10808645306086877,4.134891796536819,0.007178631591209756,3.2791978329999387,10,576,0.27379467443505257,560,143,206,331,440,0.2482638888888889,0.3576388888888889,0.5746527777777778,0.7638888888888888,1,timm:mobilenetv2_100.ra_in1k_random
blocks.5.0.conv_dw,conv,53,576,576,True,576.0,0,7.0,7.0,1536,2881.289720111287,13.448152774425763,0.023347487455600283,66.98872347016541,0.11629986713570384,4.260104162944968,0.007396014171779458,3.003244737683327,10,576,0.2670760193822176,561,154,222,350,454,0.2673611111111111,0.3854166666666667,0.6076388888888888,0.7881944444444444,2,timm:mobilenetv2_100.ra_in1k_random
blocks.5.0.conv_dw,conv,53,576,576,True,576.0,0,7.0,7.0,3072,2874.4726561362336,13.367561217980962,0.023207571558994725,69.08058885507047,0.11993157787338624,4.2419688866667835,0.007364529317129833,2.8385173581257406,10,576,0.26400950557518654,565,167,240,368,464,0.2899305555555556,0.4166666666666667,0.6388888888888888,0.8055555555555556,5,timm:mobilenetv2_100.ra_in1k_random
blocks.5.0.conv_dw,conv,53,576,576,True,576.0,0,7.0,7.0,6144,2858.135209302832,13.483677073182207,0.023409161585385776,70.91806022151583,0.12312163232902054,4.256618979254799,0.007389963505650692,2.627133584386176,10,576,0.3063330301958813,569,174,249,375,468,0.3020833333333333,0.4322916666666667,0.6510416666666666,0.8125,10,timm:mobilenetv2_100.ra_in1k_random
blocks.5.0.conv_dw,conv,53,576,576,True,576.0,0,7.0,7.0,14848,2859.064063876498,13.172622146295417,0.022869135670651766,70.46860482728664,0.12234132782515042,4.184897126155107,0.0072654463995748386,2.6345417639363133,10,576,0.2996845971230211,570,177,253,378,469,0.3072916666666667,0.4392361111111111,0.65625,0.8142361111111112,25,timm:mobilenetv2_100.ra_in1k_random
blocks.5.0.conv_dw,conv,53,576,576,True,576.0,0,7.0,7.0,29184,2861.773126749776,13.10264817410887,0.022747653080050122,70.42725421724094,0.12226953857159886,4.175100872070549,0.007248439014011369,2.481561339578711,10,576,0.3604762740558701,571,179,255,380,470,0.3107638888888889,0.4427083333333333,0.6597222222222222,0.8159722222222222,50,timm:mobilenetv2_100.ra_in1k_random
blocks.5.0.conv_dw,conv,53,576,576,True,576.0,0,7.0,7.0,57856,2859.9546726147737,13.067598773236055,0.02268680342575704,70.25666052222493,0.12197336896219607,4.172980539998604,0.00724475788194202,2.3868841916001404,10,576,0.4265609615351824,573,179,256,380,470,0.3107638888888889,0.4444444444444444,0.6597222222222222,0.8159722222222222,100,timm:mobilenetv2_100.ra_in1k_random
blocks.5.0.conv_pwl,conv,54,160,1,False,160.0,0,7.0,7.0,512,1349.740030844851,20.886600836093063,0.13054125522558163,53.08540218549941,0.33178376365937134,6.311746627698784,0.0394484164231174,1.7182985388985168,10,160,0.8820256321514798,160,69,91,130,155,0.43125,0.56875,0.8125,0.96875,1,timm:mobilenetv2_100.ra_in1k_random
blocks.5.0.conv_pwl,conv,54,160,1,False,160.0,0,7.0,7.0,512,1349.740030844851,20.886600836093063,0.13054125522558163,53.08540218549941,0.33178376365937134,6.311746627698784,0.0394484164231174,1.7182985388985168,10,160,0.8820256321514798,160,69,91,130,155,0.43125,0.56875,0.8125,0.96875,2,timm:mobilenetv2_100.ra_in1k_random
blocks.5.0.conv_pwl,conv,54,160,1,False,160.0,0,7.0,7.0,1024,1340.8586835712865,22.012208199816744,0.13757630124885464,57.207954824334635,0.3575497176520915,6.476148791517842,0.04047592994698651,1.5376799998126032,10,160,0.8884386257185445,160,75,98,136,156,0.46875,0.6125,0.85,0.975,5,timm:mobilenetv2_100.ra_in1k_random
blocks.5.0.conv_pwl,conv,54,160,1,False,160.0,0,7.0,7.0,2048,1336.6235942229755,21.451448552414348,0.13407155345258967,57.469888281949274,0.359186801762183,6.329434589356889,0.03955896618348055,1.4492503415922147,10,160,0.8850668885284562,160,78,101,138,157,0.4875,0.63125,0.8625,0.98125,10,timm:mobilenetv2_100.ra_in1k_random
blocks.5.0.conv_pwl,conv,54,160,1,False,160.0,0,7.0,7.0,4096,1329.711383436356,21.513892951049716,0.13446183094406072,58.26455074053942,0.36415344212837136,6.3311463535073225,0.03956966470942076,1.4079328943483085,10,160,0.8833229837519806,160,79,103,139,157,0.49375,0.64375,0.86875,0.98125,25,timm:mobilenetv2_100.ra_in1k_random
blocks.5.0.conv_pwl,conv,54,160,1,False,160.0,0,7.0,7.0,8192,1324.3536450950437,21.725855790546003,0.13578659869091253,58.971097482604485,0.36856935926627804,6.353045211651263,0.03970653257282039,1.3815590240744051,10,160,0.8819682317611268,160,80,104,140,157,0.5,0.65,0.875,0.98125,50,timm:mobilenetv2_100.ra_in1k_random
blocks.5.0.conv_pwl,conv,54,160,1,False,160.0,0,7.0,7.0,16384,1327.1497676344313,21.701245488823343,0.1356327843051459,58.94570256564226,0.3684106410352641,6.387558269868372,0.039922239186677325,1.3732270648197125,10,160,0.8825748009658808,160,81,104,140,157,0.50625,0.65,0.875,0.98125,100,timm:mobilenetv2_100.ra_in1k_random
blocks.5.0.conv_pwl,conv,54,160,1,False,160.0,0,7.0,7.0,40448,1325.8698208900212,21.664276053653317,0.13540172533533323,58.93376141591266,0.36833600884945417,6.408890278904483,0.04005556424315302,1.3668488790759663,10,160,0.8817245897910383,160,81,104,140,157,0.50625,0.65,0.875,0.98125,250,timm:mobilenetv2_100.ra_in1k_random
blocks.5.0,block,55,160,1,False,,0,7.0,7.0,512,1326.5351787052043,23.198142927857138,0.14498839329910712,55.98906595360601,0.3499316622100376,6.753611627904735,0.04221007267440459,1.7056144182529802,10,160,0.8821530222985999,160,70,92,131,155,0.4375,0.575,0.81875,0.96875,1,timm:mobilenetv2_100.ra_in1k_random
blocks.5.0,block,55,160,1,False,,0,7.0,7.0,512,1326.5351787052043,23.198142927857138,0.14498839329910712,55.98906595360601,0.3499316622100376,6.753611627904735,0.04221007267440459,1.7056144182529802,10,160,0.8821530222985999,160,70,92,131,155,0.4375,0.575,0.81875,0.96875,2,timm:mobilenetv2_100.ra_in1k_random
blocks.5.0,block,55,160,1,False,,0,7.0,7.0,1024,1330.701924348368,22.56535407076907,0.1410334629423067,57.67544474378416,0.36047152964865103,6.621305845159691,0.04138316153224807,1.5344075601822673,10,160,0.8873185228624334,160,75,98,136,156,0.46875,0.6125,0.85,0.975,5,timm:mobilenetv2_100.ra_in1k_random
blocks.5.0,block,55,160,1,False,,0,7.0,7.0,2048,1342.9902849778923,21.98881924777994,0.13743012029862461,58.066720162350826,0.36291700101469265,6.476000587698042,0.04047500367311276,1.4484365632750151,10,160,0.8878939801761279,160,78,101,138,157,0.4875,0.63125,0.8625,0.98125,10,timm:mobilenetv2_100.ra_in1k_random
blocks.5.0,block,55,160,1,False,,0,7.0,7.0,4096,1331.4159573592801,21.73653463690949,0.13585334148068431,58.38948488784484,0.3649342805490302,6.412163014268294,0.04007601883917684,1.404520105797807,10,160,0.8865970377687569,160,79,103,139,157,0.49375,0.64375,0.86875,0.98125,25,timm:mobilenetv2_100.ra_in1k_random
blocks.5.0,block,55,160,1,False,,0,7.0,7.0,8192,1324.9342513330598,21.82348225858034,0.13639676411612714,58.843777038482486,0.36777360649051555,6.408305634924478,0.04005191021827799,1.3835693407558531,10,160,0.8848359060683566,160,80,104,140,157,0.5,0.65,0.875,0.98125,50,timm:mobilenetv2_100.ra_in1k_random
blocks.5.0,block,55,160,1,False,,0,7.0,7.0,16384,1326.5148594119278,21.910169941630393,0.13693856213518996,59.085285313229335,0.36928303320768335,6.463455955631082,0.040396599722694264,1.3738976282839255,10,160,0.8841121871329117,160,81,104,140,157,0.50625,0.65,0.875,0.98125,100,timm:mobilenetv2_100.ra_in1k_random
blocks.5.0,block,55,160,1,False,,0,7.0,7.0,40448,1323.196028502582,22.010416613490936,0.13756510383431836,59.3165528219004,0.3707284551368775,6.48651613264177,0.04054072582901107,1.3672341946884374,10,160,0.8827378769444696,160,81,104,140,157,0.50625,0.65,0.875,0.98125,250,timm:mobilenetv2_100.ra_in1k_random
blocks.5.1.conv_pw,conv,56,960,1,False,160.0,0,7.0,7.0,1024,2622.0067798019113,21.48277107672193,0.022377886538252012,54.61449191063438,0.056890095740244145,6.597116048890977,0.006871995884261435,7.116123328320837,10,960,0.8186952201525456,559,71,94,132,156,0.07395833333333333,0.09791666666666667,0.1375,0.1625,1,timm:mobilenetv2_100.ra_in1k_random
blocks.5.1.conv_pw,conv,56,960,1,False,160.0,0,7.0,7.0,2048,2628.9722676294127,21.4228128099899,0.022315430010406145,55.42527105623213,0.057734657350241796,6.653664171828198,0.006930900178987706,7.27615682933106,10,960,0.8133131512970054,559,73,96,135,156,0.07604166666666666,0.1,0.140625,0.1625,2,timm:mobilenetv2_100.ra_in1k_random
blocks.5.1.conv_pw,conv,56,960,1,False,160.0,0,7.0,7.0,5120,2606.123387338156,22.072161872185696,0.022991835283526767,57.058640627644394,0.05943608398712958,6.766901561246776,0.007048855792965392,7.494954560110131,10,960,0.8081948423352336,557,75,98,136,156,0.078125,0.10208333333333333,0.14166666666666666,0.1625,5,timm:mobilenetv2_100.ra_in1k_random
blocks.5.1.conv_pw,conv,56,960,1,False,160.0,0,7.0,7.0,9728,2604.0864783301054,22.63325336937868,0.02357630559310279,57.90029735855686,0.06031280974849673,6.878634021535617,0.007165243772432934,7.667271740365327,10,960,0.805433885085232,554,76,99,136,157,0.07916666666666666,0.103125,0.14166666666666666,0.16354166666666667,10,timm:mobilenetv2_100.ra_in1k_random
blocks.5.1.conv_pw,conv,56,960,1,False,160.0,0,7.0,7.0,24064,2613.443243015215,22.368968334640616,0.02330100868191731,57.76513243141404,0.060172012949389626,6.80004641613737,0.007083381683476427,7.8786728959674965,10,960,0.8029048826488694,554,76,99,137,157,0.07916666666666666,0.103125,0.14270833333333333,0.16354166666666667,25,timm:mobilenetv2_100.ra_in1k_random
blocks.5.1.conv_pw,conv,56,960,1,False,160.0,0,7.0,7.0,48128,2606.133021019414,22.45685725681819,0.023392559642518948,57.89530096029534,0.06030760516697431,6.774467751450702,0.007056737241094482,8.032699422562017,10,960,0.8005019786753036,552,76,99,137,157,0.07916666666666666,0.103125,0.14270833333333333,0.16354166666666667,50,timm:mobilenetv2_100.ra_in1k_random
blocks.5.1.conv_pw,conv,56,960,1,False,160.0,0,7.0,7.0,96256,2609.465086877487,22.446198464154726,0.023381456733494507,57.88141931023085,0.060293145114823796,6.794253412572997,0.007077347304763539,8.211582420063367,10,960,0.7988931658075882,549,77,99,137,157,0.08020833333333334,0.103125,0.14270833333333333,0.16354166666666667,100,timm:mobilenetv2_100.ra_in1k_random
blocks.5.1.conv_dw,conv,57,960,960,True,960.0,0,7.0,7.0,1024,2467.5043255465166,14.790906975822391,0.015407194766481658,66.64104771874204,0.0694177580403563,5.616122476513569,0.005850127579701634,3.87673764068724,10,960,0.2797803258934104,898,175,263,451,641,0.18229166666666666,0.27395833333333336,0.46979166666666666,0.6677083333333333,1,timm:mobilenetv2_100.ra_in1k_random
blocks.5.1.conv_dw,conv,57,960,960,True,960.0,0,7.0,7.0,2048,2469.9671014568603,14.647921646415067,0.015258251715015695,70.27243124496795,0.07320044921350828,5.623982900511139,0.00585831552136577,2.7217983108871997,10,960,0.3378500441275426,941,203,309,533,733,0.21145833333333333,0.321875,0.5552083333333333,0.7635416666666667,2,timm:mobilenetv2_100.ra_in1k_random
blocks.5.1.conv_dw,conv,57,960,960,True,960.0,0,7.0,7.0,5120,2461.9369704476553,14.224281900514885,0.014816960313036339,71.48057763928999,0.07445893504092707,5.483057090003163,0.005711517802086628,2.6922779007197555,10,960,0.2369712916938702,947,225,344,580,761,0.234375,0.35833333333333334,0.6041666666666666,0.7927083333333333,5,timm:mobilenetv2_100.ra_in1k_random
blocks.5.1.conv_dw,conv,57,960,960,True,960.0,0,7.0,7.0,9728,2456.9167456381606,14.26177616094089,0.014856016834313427,72.67577882179036,0.0757039362726983,5.495627620120952,0.005724612104292658,2.443849979529515,10,960,0.27862920007092573,948,233,356,595,768,0.24270833333333333,0.37083333333333335,0.6197916666666666,0.8,10,timm:mobilenetv2_100.ra_in1k_random
blocks.5.1.conv_dw,conv,57,960,960,True,960.0,0,7.0,7.0,24064,2458.294904495999,14.380989090639812,0.01498019696941647,73.8157998648374,0.07689145819253897,5.557437498152004,0.005788997393908338,2.280663582946786,10,960,0.44643803543109273,953,240,366,604,773,0.25,0.38125,0.6291666666666667,0.8052083333333333,25,timm:mobilenetv2_100.ra_in1k_random
blocks.5.1.conv_dw,conv,57,960,960,True,960.0,0,7.0,7.0,48128,2454.028766758702,14.390172030809191,0.014989762532092908,74.04656616734434,0.07713183975765035,5.56168895531523,0.005793425995120031,2.303884555924672,10,960,0.42512440596444145,955,242,368,607,774,0.2520833333333333,0.38333333333333336,0.6322916666666667,0.80625,50,timm:mobilenetv2_100.ra_in1k_random
blocks.5.1.conv_dw,conv,57,960,960,True,960.0,0,7.0,7.0,96256,2452.97202945474,14.503259406039204,0.015107561881290837,74.8345771425894,0.07795268452353062,5.585489637970872,0.005818218372886324,2.2986292879037897,10,960,0.44046835635115655,956,243,371,608,775,0.253125,0.38645833333333335,0.6333333333333333,0.8072916666666666,100,timm:mobilenetv2_100.ra_in1k_random
blocks.5.1.conv_pwl,conv,58,160,1,False,160.0,0,7.0,7.0,512,1500.8129787258438,20.083645218032974,0.12552278261270608,49.52843476298369,0.3095527172686481,7.0405409744816385,0.04400338109051024,1.5612675404329022,10,160,0.896589021162057,160,69,93,134,156,0.43125,0.58125,0.8375,0.975,1,timm:mobilenetv2_100.ra_in1k_random
blocks.5.1.conv_pwl,conv,58,160,1,False,160.0,0,7.0,7.0,512,1500.8129787258438,20.083645218032974,0.12552278261270608,49.52843476298369,0.3095527172686481,7.0405409744816385,0.04400338109051024,1.5612675404329022,10,160,0.896589021162057,160,69,93,134,156,0.43125,0.58125,0.8375,0.975,2,timm:mobilenetv2_100.ra_in1k_random
blocks.5.1.conv_pwl,conv,58,160,1,False,160.0,0,7.0,7.0,1024,1498.4378795888451,20.510507669182022,0.12819067293238764,52.58786055256394,0.3286741284535246,7.180021619131531,0.04487513511957207,1.3406840729091172,10,160,0.9106442858745737,160,77,103,141,158,0.48125,0.64375,0.88125,0.9875,5,timm:mobilenetv2_100.ra_in1k_random
blocks.5.1.conv_pwl,conv,58,160,1,False,160.0,0,7.0,7.0,2048,1507.2132744661776,20.380574120723544,0.12737858825452214,53.36123908180494,0.3335077442612809,7.171316303239162,0.04482072689524476,1.2430941801342077,10,160,0.914516433146486,160,81,106,143,158,0.50625,0.6625,0.89375,0.9875,10,timm:mobilenetv2_100.ra_in1k_random
blocks.5.1.conv_pwl,conv,58,160,1,False,160.0,0,7.0,7.0,4096,1503.0392474189996,20.50042745537467,0.12812767159609167,54.11453208140444,0.33821582550877777,7.273957930568841,0.045462237066055254,1.1960377736129388,10,160,0.9153211341315679,160,83,109,144,158,0.51875,0.68125,0.9,0.9875,25,timm:mobilenetv2_100.ra_in1k_random
blocks.5.1.conv_pwl,conv,58,160,1,False,160.0,0,7.0,7.0,8192,1501.2614068739363,20.669553899799972,0.12918471187374983,54.6041226982513,0.34127576686407063,7.446456856365629,0.04654035535228518,1.1737286722490887,10,160,0.9154013579772341,160,84,110,145,158,0.525,0.6875,0.90625,0.9875,50,timm:mobilenetv2_100.ra_in1k_random
blocks.5.1.conv_pwl,conv,58,160,1,False,160.0,0,7.0,7.0,16384,1501.5638119652606,20.58811198132195,0.1286756998832622,54.54657312939096,0.3409160820586935,7.45306556937915,0.04658165980861968,1.1624060803689595,10,160,0.915631116095809,160,84,110,145,158,0.525,0.6875,0.90625,0.9875,100,timm:mobilenetv2_100.ra_in1k_random
blocks.5.1.conv_pwl,conv,58,160,1,False,160.0,0,7.0,7.0,40448,1500.7817800399812,20.546218121169257,0.12841386325730786,54.55906278549082,0.34099414240931764,7.407600445035861,0.04629750278147413,1.154634458068221,10,160,0.915265437451138,160,85,110,145,158,0.53125,0.6875,0.90625,0.9875,250,timm:mobilenetv2_100.ra_in1k_random
blocks.5.1,block,59,160,1,False,,0,7.0,7.0,512,2873.072278047028,21.75362555105004,0.13596015969406275,55.73329621143971,0.3483331013214982,7.1722085716513,0.04482630357282062,1.3651453746728759,10,160,0.894123174716234,160,78,103,140,157,0.4875,0.64375,0.875,0.98125,1,timm:mobilenetv2_100.ra_in1k_random
blocks.5.1,block,59,160,1,False,,0,7.0,7.0,512,2873.072278047028,21.75362555105004,0.13596015969406275,55.73329621143971,0.3483331013214982,7.1722085716513,0.04482630357282062,1.3651453746728759,10,160,0.894123174716234,160,78,103,140,157,0.4875,0.64375,0.875,0.98125,2,timm:mobilenetv2_100.ra_in1k_random
blocks.5.1,block,59,160,1,False,,0,7.0,7.0,1024,2874.6923390053007,21.614771191043268,0.13509231994402043,58.56493723314692,0.36603085770716826,7.035596102566373,0.04397247564103983,1.154938434698637,10,160,0.9123950516111121,160,87,112,146,159,0.54375,0.7,0.9125,0.99375,5,timm:mobilenetv2_100.ra_in1k_random
blocks.5.1,block,59,160,1,False,,0,7.0,7.0,2048,2857.512883958448,22.217180225801215,0.1388573764112576,60.87475248216315,0.3804672030135197,7.168496472122784,0.0448031029507674,1.0591179668590691,10,160,0.9166106246513045,160,91,116,148,159,0.56875,0.725,0.925,0.99375,10,timm:mobilenetv2_100.ra_in1k_random
blocks.5.1,block,59,160,1,False,,0,7.0,7.0,4096,2847.8752973800506,22.24675241800482,0.13904220261253014,61.67264257642081,0.3854540161026301,7.2454395869454995,0.04528399741840937,1.0059488092192246,10,160,0.9199026656430714,160,94,118,149,159,0.5875,0.7375,0.93125,0.99375,25,timm:mobilenetv2_100.ra_in1k_random
blocks.5.1,block,59,160,1,False,,0,7.0,7.0,8192,2838.9879925499617,22.56179692448165,0.1410112307780103,62.523324074164385,0.3907707754635274,7.235005428069382,0.04521878392543364,0.980736429919964,10,160,0.9235322485734385,160,95,120,149,159,0.59375,0.75,0.93125,0.99375,50,timm:mobilenetv2_100.ra_in1k_random
blocks.5.1,block,59,160,1,False,,0,7.0,7.0,16384,2829.8129014392916,22.89305305986011,0.1430815816241257,63.165552238380315,0.394784701489877,7.266288732406516,0.045414304577540726,0.968089297002167,10,160,0.9250797260091593,160,96,120,150,159,0.6,0.75,0.9375,0.99375,100,timm:mobilenetv2_100.ra_in1k_random
blocks.5.1,block,59,160,1,False,,0,7.0,7.0,40448,2821.4103341065893,23.074935300738908,0.14421834562961816,63.546581893997605,0.39716613683748503,7.271879795585412,0.045449248722408825,0.9601083471862295,10,160,0.925845151966895,160,96,121,150,159,0.6,0.75625,0.9375,0.99375,250,timm:mobilenetv2_100.ra_in1k_random
blocks.5.2.conv_pw,conv,60,960,1,False,160.0,0,7.0,7.0,1024,5663.613514774883,22.645714920164085,0.023589286375170923,57.80363323942543,0.060212117957734825,7.281768581473131,0.007585175605701179,7.14017577211539,10,960,0.8053550154555454,560,81,106,142,158,0.084375,0.11041666666666666,0.14791666666666667,0.16458333333333333,1,timm:mobilenetv2_100.ra_in1k_random
blocks.5.2.conv_pw,conv,60,960,1,False,160.0,0,7.0,7.0,2048,5659.567542655163,22.253222972337568,0.023180440596184966,58.481562457352254,0.0609182942264086,7.167495301886545,0.007466140939465151,7.283989859616081,10,960,0.7996676291327329,558,85,109,144,158,0.08854166666666667,0.11354166666666667,0.15,0.16458333333333333,2,timm:mobilenetv2_100.ra_in1k_random
blocks.5.2.conv_pw,conv,60,960,1,False,160.0,0,7.0,7.0,5120,5638.704207633778,22.39975589262727,0.02333307905482007,59.47937576428915,0.0619576830878012,7.253833289265252,0.007556076342984637,7.511431046159185,10,960,0.7951216738818483,557,87,112,146,159,0.090625,0.11666666666666667,0.15208333333333332,0.165625,5,timm:mobilenetv2_100.ra_in1k_random
blocks.5.2.conv_pw,conv,60,960,1,False,160.0,0,7.0,7.0,9728,5641.337130698745,22.258180310848246,0.023185604490466923,59.57831256631292,0.06206074225657596,7.15711589665594,0.007455329059016604,7.67181743704144,10,960,0.7934616361931447,557,88,112,146,159,0.09166666666666666,0.11666666666666667,0.15208333333333332,0.165625,10,timm:mobilenetv2_100.ra_in1k_random
blocks.5.2.conv_pw,conv,60,960,1,False,160.0,0,7.0,7.0,24064,5638.59609760923,22.713509610055876,0.023659905843808206,60.315107138338725,0.06282823660243617,7.333410096528474,0.007638968850550493,7.870198210040928,10,960,0.7893792121381615,554,89,113,146,159,0.09270833333333334,0.11770833333333333,0.15208333333333332,0.165625,25,timm:mobilenetv2_100.ra_in1k_random
blocks.5.2.conv_pw,conv,60,960,1,False,160.0,0,7.0,7.0,48128,5630.209268311322,22.622892972682312,0.02356551351321074,60.21458576505157,0.06272352683859538,7.309435654132021,0.007613995473054189,8.047100130989454,10,960,0.7878017659771781,552,89,113,146,159,0.09270833333333334,0.11770833333333333,0.15208333333333332,0.165625,50,timm:mobilenetv2_100.ra_in1k_random
blocks.5.2.conv_pw,conv,60,960,1,False,160.0,0,7.0,7.0,96256,5631.921172427545,22.79202128249501,0.023741688835932303,60.510340541832946,0.06303160473107598,7.334834950622605,0.007640453073565214,8.232067562320225,10,960,0.7858506856766454,547,89,113,146,159,0.09270833333333334,0.11770833333333333,0.15208333333333332,0.165625,100,timm:mobilenetv2_100.ra_in1k_random
blocks.5.2.conv_dw,conv,61,960,960,True,960.0,0,7.0,7.0,1024,4311.704149916336,15.854096842073409,0.016514684210493135,70.60686363261405,0.07354881628397297,6.365908429540608,0.006631154614104799,3.2062617588339446,10,960,0.36444993724124364,907,191,287,482,671,0.19895833333333332,0.2989583333333333,0.5020833333333333,0.6989583333333333,1,timm:mobilenetv2_100.ra_in1k_random
blocks.5.2.conv_dw,conv,61,960,960,True,960.0,0,7.0,7.0,2048,4294.278148338347,16.066407397612007,0.016735841039179175,77.2029042393669,0.08041969191600719,6.350565617442295,0.006615172518169057,2.38422597341621,10,960,0.3801808915445496,952,229,345,578,773,0.23854166666666668,0.359375,0.6020833333333333,0.8052083333333333,2,timm:mobilenetv2_100.ra_in1k_random
blocks.5.2.conv_dw,conv,61,960,960,True,960.0,0,7.0,7.0,5120,4286.458580341638,15.8857602524368,0.016547666929621667,80.32590527109444,0.08367281799072337,6.287720339985026,0.006549708687484402,2.07245637114324,10,960,0.46994986336668065,955,257,388,631,800,0.2677083333333333,0.4041666666666667,0.6572916666666667,0.8333333333333334,5,timm:mobilenetv2_100.ra_in1k_random
blocks.5.2.conv_dw,conv,61,960,960,True,960.0,0,7.0,7.0,9728,4290.752885363017,15.67181999420619,0.016324812493964783,80.36171001063815,0.08371011459441474,6.286602460096623,0.006548544229267316,2.1118710791190125,10,960,0.35870426272006206,956,267,402,644,805,0.278125,0.41875,0.6708333333333333,0.8385416666666666,10,timm:mobilenetv2_100.ra_in1k_random
blocks.5.2.conv_dw,conv,61,960,960,True,960.0,0,7.0,7.0,24064,4288.006665194277,15.74502964231107,0.01640107254407403,81.56601095297911,0.08496459474268657,6.246315077162445,0.006506578205377547,1.959022286644617,10,960,0.5331528268502561,958,275,413,653,810,0.2864583333333333,0.43020833333333336,0.6802083333333333,0.84375,25,timm:mobilenetv2_100.ra_in1k_random
blocks.5.2.conv_dw,conv,61,960,960,True,960.0,0,7.0,7.0,48128,4288.17145915924,15.651283289707697,0.016303420093445518,81.3363475222405,0.08472536200233385,6.186923122593556,0.006444711586034954,1.9378536490884466,10,960,0.5434606578824188,958,277,416,656,811,0.28854166666666664,0.43333333333333335,0.6833333333333333,0.8447916666666667,50,timm:mobilenetv2_100.ra_in1k_random
blocks.5.2.conv_dw,conv,61,960,960,True,960.0,0,7.0,7.0,96256,4295.23924004297,15.653613693329138,0.016305847597217853,81.45197944452855,0.0848458119213839,6.191146351565276,0.006449110782880496,1.9865371526625264,10,960,0.44138636517782426,959,278,418,658,811,0.28958333333333336,0.4354166666666667,0.6854166666666667,0.8447916666666667,100,timm:mobilenetv2_100.ra_in1k_random
blocks.5.2.conv_pwl,conv,62,160,1,False,160.0,0,7.0,7.0,512,2356.7014207933275,20.56658618944208,0.128541163684013,50.97589208664078,0.3185993255415049,7.707430768581249,0.04817144230363281,1.4613279099121559,10,160,0.8936481018614666,160,73,97,136,156,0.45625,0.60625,0.85,0.975,1,timm:mobilenetv2_100.ra_in1k_random
blocks.5.2.conv_pwl,conv,62,160,1,False,160.0,0,7.0,7.0,512,2356.7014207933275,20.56658618944208,0.128541163684013,50.97589208664078,0.3185993255415049,7.707430768581249,0.04817144230363281,1.4613279099121559,10,160,0.8936481018614666,160,73,97,136,156,0.45625,0.60625,0.85,0.975,2,timm:mobilenetv2_100.ra_in1k_random
blocks.5.2.conv_pwl,conv,62,160,1,False,160.0,0,7.0,7.0,1024,2354.689639593117,20.97645483317556,0.13110284270734723,53.77069229765613,0.33606682686035083,7.940923911140349,0.04963077444462718,1.2593168133069645,10,160,0.9083491053269066,160,81,106,142,158,0.50625,0.6625,0.8875,0.9875,5,timm:mobilenetv2_100.ra_in1k_random
blocks.5.2.conv_pwl,conv,62,160,1,False,160.0,0,7.0,7.0,2048,2355.375743545933,21.054577683327874,0.13159111052079922,54.86848375967525,0.3429280234979703,8.212788044216028,0.05132992527635018,1.1634428035676803,10,160,0.9126732707090527,160,84,109,145,158,0.525,0.68125,0.90625,0.9875,10,timm:mobilenetv2_100.ra_in1k_random
blocks.5.2.conv_pwl,conv,62,160,1,False,160.0,0,7.0,7.0,4096,2358.3977496041243,20.704817921839314,0.1294051120114957,54.794205925930605,0.34246378703706626,7.875950011785032,0.04922468757365645,1.114680270399375,10,160,0.911674795468093,160,86,111,146,159,0.5375,0.69375,0.9125,0.99375,25,timm:mobilenetv2_100.ra_in1k_random
blocks.5.2.conv_pwl,conv,62,160,1,False,160.0,0,7.0,7.0,8192,2362.9032452959286,20.61828467184263,0.12886427919901644,55.00567858297501,0.3437854911435938,7.70312313854402,0.048144519615900126,1.0923647130355072,10,160,0.9115729820635572,160,87,112,146,159,0.54375,0.7,0.9125,0.99375,50,timm:mobilenetv2_100.ra_in1k_random
blocks.5.2.conv_pwl,conv,62,160,1,False,160.0,0,7.0,7.0,16384,2364.0336039099643,20.786305584069193,0.12991440990043246,55.39880752274272,0.346242547017142,7.84850391394082,0.04905314946213012,1.0822439682069736,10,160,0.9112065855334868,160,87,113,146,159,0.54375,0.70625,0.9125,0.99375,100,timm:mobilenetv2_100.ra_in1k_random
blocks.5.2.conv_pwl,conv,62,160,1,False,160.0,0,7.0,7.0,40448,2359.9696662610127,20.819683937918107,0.13012302461198816,55.54829552417221,0.3471768470260763,7.791945094619376,0.0486996568413711,1.0738102634089715,10,160,0.9118901293707026,160,88,113,146,159,0.55,0.70625,0.9125,0.99375,250,timm:mobilenetv2_100.ra_in1k_random
blocks.5.2,block,63,160,1,False,,0,7.0,7.0,512,5199.945186368639,21.228099925206347,0.13267562453253967,55.06770795377284,0.3441731747110802,7.544327730619283,0.04715204831637052,1.282685946947707,10,160,0.8957666931594928,160,81,106,142,158,0.50625,0.6625,0.8875,0.9875,1,timm:mobilenetv2_100.ra_in1k_random
blocks.5.2,block,63,160,1,False,,0,7.0,7.0,512,5199.945186368639,21.228099925206347,0.13267562453253967,55.06770795377284,0.3441731747110802,7.544327730619283,0.04715204831637052,1.282685946947707,10,160,0.8957666931594928,160,81,106,142,158,0.50625,0.6625,0.8875,0.9875,2,timm:mobilenetv2_100.ra_in1k_random
blocks.5.2,block,63,160,1,False,,0,7.0,7.0,1024,5216.4368224531245,22.00322983847665,0.13752018649047906,59.0103302038088,0.368814563773805,7.70210273768497,0.048138142110531065,1.0583527115618345,10,160,0.9165807139418412,160,90,115,147,159,0.5625,0.71875,0.91875,0.99375,5,timm:mobilenetv2_100.ra_in1k_random
blocks.5.2,block,63,160,1,False,,0,7.0,7.0,2048,5219.999026149049,22.219572891836386,0.1388723305739774,60.711755702089235,0.37944847313805774,7.627035842039146,0.04766897401274466,0.9497729827887581,10,160,0.9277272258361644,160,95,120,150,159,0.59375,0.75,0.9375,0.99375,10,timm:mobilenetv2_100.ra_in1k_random
blocks.5.2,block,63,160,1,False,,0,7.0,7.0,4096,5185.4450858400405,21.951517358276693,0.13719698348922932,61.2583550558056,0.382864719098785,7.38741171992238,0.046171323249514874,0.886454309096326,10,160,0.9346942268436922,160,98,123,151,159,0.6125,0.76875,0.94375,0.99375,25,timm:mobilenetv2_100.ra_in1k_random
blocks.5.2,block,63,160,1,False,,0,7.0,7.0,8192,5168.1090977821395,22.67477788969197,0.14171736181057482,62.849045722248874,0.39280653576405544,7.648121089072039,0.04780075680670025,0.8581158698443074,10,160,0.9397961494934086,160,100,124,151,159,0.625,0.775,0.94375,0.99375,50,timm:mobilenetv2_100.ra_in1k_random
blocks.5.2,block,63,160,1,False,,0,7.0,7.0,16384,5171.149698743437,22.74290335892512,0.14214314599328198,62.969509045073565,0.3935594315317098,7.661779718134918,0.04788612323834324,0.8435611237858023,10,160,0.9412534854455089,160,101,125,152,160,0.63125,0.78125,0.95,1.0,100,timm:mobilenetv2_100.ra_in1k_random
blocks.5.2,block,63,160,1,False,,0,7.0,7.0,40448,5156.954828839615,23.01982808747606,0.14387392554672537,63.58243386984444,0.3973902116865277,7.7241184149492,0.0482757400934325,0.835714968759626,10,160,0.943341796460254,160,101,125,152,160,0.63125,0.78125,0.95,1.0,250,timm:mobilenetv2_100.ra_in1k_random
blocks.6.0.conv_pw,conv,64,960,1,False,160.0,0,7.0,7.0,1024,10390.731829538603,21.52239362036446,0.02241916002121298,56.9792417698354,0.05935337684357854,6.901777922274858,0.007189352002369644,7.156162650106671,10,960,0.8019417989923971,556,84,109,144,158,0.0875,0.11354166666666667,0.15,0.16458333333333333,1,timm:mobilenetv2_100.ra_in1k_random
blocks.6.0.conv_pw,conv,64,960,1,False,160.0,0,7.0,7.0,2048,10434.801206214896,21.38731726112981,0.022278455480343552,57.875570712280684,0.06028705282529238,6.944078381811062,0.00723341498105319,7.309852668948531,10,960,0.7972044436148038,558,88,113,146,159,0.09166666666666666,0.11770833333333333,0.15208333333333332,0.165625,2,timm:mobilenetv2_100.ra_in1k_random
blocks.6.0.conv_pw,conv,64,960,1,False,160.0,0,7.0,7.0,5120,10351.21454186988,21.818468100694062,0.02272757093822298,59.352796062454004,0.061825829231722924,7.209608176885051,0.007510008517588595,7.530811869002881,10,960,0.7913623689581609,553,90,115,147,159,0.09375,0.11979166666666667,0.153125,0.165625,5,timm:mobilenetv2_100.ra_in1k_random
blocks.6.0.conv_pw,conv,64,960,1,False,160.0,0,7.0,7.0,9728,10379.55228094482,21.5714460452118,0.022470256297095627,59.08236989216886,0.061544135304342565,7.205682953115323,0.007505919742828462,7.6739677259580334,10,960,0.7889249303196574,552,91,116,148,159,0.09479166666666666,0.12083333333333333,0.15416666666666667,0.165625,10,timm:mobilenetv2_100.ra_in1k_random
blocks.6.0.conv_pw,conv,64,960,1,False,160.0,0,7.0,7.0,24064,10403.664700772139,21.48213086829162,0.022377219654470436,59.09677453571803,0.06155914014137295,7.209323489386283,0.007509711968110711,7.889071329806282,10,960,0.7872853336414909,554,92,117,148,159,0.09583333333333334,0.121875,0.15416666666666667,0.165625,25,timm:mobilenetv2_100.ra_in1k_random
blocks.6.0.conv_pw,conv,64,960,1,False,160.0,0,7.0,7.0,48128,10404.619891809683,21.437616093533432,0.022330850097430657,59.023993258680115,0.06148332631112512,7.23423881356427,0.0075356654307961145,8.03988444108574,10,960,0.7844554314560466,550,92,117,148,159,0.09583333333333334,0.121875,0.15416666666666667,0.165625,50,timm:mobilenetv2_100.ra_in1k_random
blocks.6.0.conv_pw,conv,64,960,1,False,160.0,0,7.0,7.0,96256,10399.35343216888,21.56616703438193,0.022464757327481176,59.27702841775074,0.061746904601823686,7.293100270001607,0.007596979447918341,8.211454027326475,10,960,0.7833139235718387,548,92,117,148,159,0.09583333333333334,0.121875,0.15416666666666667,0.165625,100,timm:mobilenetv2_100.ra_in1k_random
blocks.6.0.conv_dw,conv,65,960,960,True,960.0,0,7.0,7.0,1024,5431.546479054227,16.528668718478386,0.017217363248414986,75.65752719062878,0.07880992415690498,6.734059828718375,0.007014645654914974,2.906882018163443,10,960,0.4228203737003853,922,204,303,504,696,0.2125,0.315625,0.525,0.725,1,timm:mobilenetv2_100.ra_in1k_random
blocks.6.0.conv_dw,conv,65,960,960,True,960.0,0,7.0,7.0,2048,5433.528535376927,16.450558090328023,0.01713599801075836,81.73199222459232,0.085137491900617,6.6864903770592194,0.00696509414277002,2.2256033941340934,10,960,0.33573248464417516,954,244,366,606,805,0.25416666666666665,0.38125,0.63125,0.8385416666666666,2,timm:mobilenetv2_100.ra_in1k_random
blocks.6.0.conv_dw,conv,65,960,960,True,960.0,0,7.0,7.0,5120,5419.377969477068,16.60088439659121,0.01729258791311584,86.78424432641022,0.09040025450667731,6.680271615949138,0.006958616266613686,1.897400051563139,10,960,0.4017146664078771,956,278,415,664,833,0.28958333333333336,0.4322916666666667,0.6916666666666667,0.8677083333333333,5,timm:mobilenetv2_100.ra_in1k_random
blocks.6.0.conv_dw,conv,65,960,960,True,960.0,0,7.0,7.0,9728,5415.4278529320245,16.652880755599313,0.01734675078708262,88.39898763982336,0.09208227879148266,6.6533878770278605,0.0069306123719040215,1.7530261633526125,10,960,0.585542665594041,957,290,432,679,840,0.3020833333333333,0.45,0.7072916666666667,0.875,10,timm:mobilenetv2_100.ra_in1k_random
blocks.6.0.conv_dw,conv,65,960,960,True,960.0,0,7.0,7.0,24064,5426.976662400044,16.520213799894872,0.017208556041557157,88.65402641333125,0.09234794418055339,6.623123918254531,0.00689908741484847,1.734839018258357,10,960,0.5599591564659492,959,298,444,688,843,0.3104166666666667,0.4625,0.7166666666666667,0.878125,25,timm:mobilenetv2_100.ra_in1k_random
blocks.6.0.conv_dw,conv,65,960,960,True,960.0,0,7.0,7.0,48128,5417.955667083446,16.65912214858245,0.01735325223810672,89.6953874654867,0.09343269527654866,6.620054929803956,0.006895890551879121,1.7255635734255654,10,960,0.5507900265819439,959,302,448,692,844,0.3145833333333333,0.4666666666666667,0.7208333333333333,0.8791666666666667,50,timm:mobilenetv2_100.ra_in1k_random
blocks.6.0.conv_dw,conv,65,960,960,True,960.0,0,7.0,7.0,96256,5419.4907056189695,16.642371542836436,0.01733580369045462,89.90619015800414,0.09365228141458765,6.576432061909252,0.006850450064488803,1.7214804925783556,10,960,0.5456854998956693,959,303,450,693,844,0.315625,0.46875,0.721875,0.8791666666666667,100,timm:mobilenetv2_100.ra_in1k_random
blocks.6.0.conv_pwl,conv,66,320,1,False,320.0,0,7.0,7.0,512,2620.2558015647933,25.36887616896981,0.07927773802803065,72.82250490375169,0.22757032782422404,8.410660283772893,0.02628331338679029,1.9360230490891563,10,320,0.8213984713516483,320,108,148,224,289,0.3375,0.4625,0.7,0.903125,1,timm:mobilenetv2_100.ra_in1k_random
blocks.6.0.conv_pwl,conv,66,320,1,False,320.0,0,7.0,7.0,1024,2639.955609259805,25.454864885145305,0.07954645276607908,79.0267571261937,0.24695861601935531,7.9951925643018855,0.02498497676344339,1.5519691950235182,10,320,0.8630168423675361,320,126,171,253,307,0.39375,0.534375,0.790625,0.959375,2,timm:mobilenetv2_100.ra_in1k_random
blocks.6.0.conv_pwl,conv,66,320,1,False,320.0,0,7.0,7.0,2048,2633.966324259673,25.39184232298436,0.07934950725932613,82.57800817708328,0.25805627555338523,7.822500937846167,0.02444531543076927,1.4005838196343663,10,320,0.8718317266334173,320,137,184,265,311,0.428125,0.575,0.828125,0.971875,5,timm:mobilenetv2_100.ra_in1k_random
blocks.6.0.conv_pwl,conv,66,320,1,False,320.0,0,7.0,7.0,3584,2633.7769391545853,25.597847785510865,0.07999327432972145,84.49717928881441,0.264053685277545,7.9342179731345714,0.024794431166045537,1.3370960570948898,10,320,0.873367105093982,320,142,190,269,312,0.44375,0.59375,0.840625,0.975,10,timm:mobilenetv2_100.ra_in1k_random
blocks.6.0.conv_pwl,conv,66,320,1,False,320.0,0,7.0,7.0,8192,2631.2939283980295,25.804852370783056,0.08064016365869706,86.16113460076252,0.2692535456273829,8.014074708691723,0.025043983464661634,1.2920133987276063,10,320,0.8738889864477872,320,146,195,272,313,0.45625,0.609375,0.85,0.978125,25,timm:mobilenetv2_100.ra_in1k_random
blocks.6.0.conv_pwl,conv,66,320,1,False,320.0,0,7.0,7.0,16384,2630.6996596735376,25.606859449266818,0.0800214357789588,86.13740145947764,0.2691793795608676,8.005095830389587,0.02501592446996746,1.2743830926802509,10,320,0.8743923069973614,320,147,196,273,313,0.459375,0.6125,0.853125,0.978125,50,timm:mobilenetv2_100.ra_in1k_random
blocks.6.0.conv_pwl,conv,66,320,1,False,320.0,0,7.0,7.0,32256,2627.0226451133603,25.772217432189514,0.08053817947559223,86.79592091340058,0.27123725285437683,7.981628053686016,0.0249425876677688,1.2653399432948549,10,320,0.8737081843676259,320,148,197,274,313,0.4625,0.615625,0.85625,0.978125,100,timm:mobilenetv2_100.ra_in1k_random
blocks.6.0.conv_pwl,conv,66,320,1,False,320.0,0,7.0,7.0,80384,2627.6121940587695,25.925246807484637,0.0810163962733895,87.17902046431831,0.27243443895099473,8.000215101857238,0.025000672193303868,1.2613763324421934,10,320,0.8737608063392216,320,149,198,274,313,0.465625,0.61875,0.85625,0.978125,250,timm:mobilenetv2_100.ra_in1k_random
blocks.6.0,block,67,320,1,False,,0,7.0,7.0,512,2642.0599917059076,24.472452136261133,0.07647641292581604,71.32262650331717,0.22288320782286614,7.898787942670369,0.024683712320844903,1.9239656308569622,10,320,0.8209963909009976,320,108,148,225,289,0.3375,0.4625,0.703125,0.903125,1,timm:mobilenetv2_100.ra_in1k_random
blocks.6.0,block,67,320,1,False,,0,7.0,7.0,1024,2650.366587794387,24.447896066836933,0.07639967520886541,77.25472445887762,0.24142101393399257,7.848582866743708,0.02452682145857409,1.5394182036711797,10,320,0.8637290798798245,320,126,172,253,307,0.39375,0.5375,0.790625,0.959375,2,timm:mobilenetv2_100.ra_in1k_random
blocks.6.0,block,67,320,1,False,,0,7.0,7.0,2048,2645.0003089800284,24.840664249563755,0.07762707577988673,81.61586501853957,0.25504957818293617,7.721465178186371,0.02412957868183241,1.3951479309482433,10,320,0.8720292646327655,320,137,185,265,311,0.428125,0.578125,0.828125,0.971875,5,timm:mobilenetv2_100.ra_in1k_random
blocks.6.0,block,67,320,1,False,,0,7.0,7.0,3584,2641.3656818021345,24.932395967415697,0.07791373739817406,83.1654361410337,0.2598919879407303,7.726941332359747,0.02414669166362421,1.3354359514339802,10,320,0.873341596342401,320,142,190,269,312,0.44375,0.59375,0.840625,0.975,10,timm:mobilenetv2_100.ra_in1k_random
blocks.6.0,block,67,320,1,False,,0,7.0,7.0,8192,2629.250015956723,25.713596026893,0.08035498758404062,86.10472425304218,0.2690772632907568,7.907774623701875,0.02471179569906836,1.2911896135541656,10,320,0.873080487336075,320,146,195,272,313,0.45625,0.609375,0.85,0.978125,25,timm:mobilenetv2_100.ra_in1k_random
blocks.6.0,block,67,320,1,False,,0,7.0,7.0,16384,2626.929579203339,25.871998893086587,0.08084999654089559,86.79627008791135,0.27123834402472297,7.966452414402149,0.024895163795006718,1.273954509003006,10,320,0.8730866928740464,320,148,196,273,313,0.4625,0.6125,0.853125,0.978125,50,timm:mobilenetv2_100.ra_in1k_random
blocks.6.0,block,67,320,1,False,,0,7.0,7.0,32256,2626.4783960455325,25.94000271771797,0.08106250849286865,87.12240627540884,0.2722575196106526,7.983043586403005,0.02494701120750939,1.266111692990396,10,320,0.8729628789792536,320,149,197,274,313,0.465625,0.615625,0.85625,0.978125,100,timm:mobilenetv2_100.ra_in1k_random
blocks.6.0,block,67,320,1,False,,0,7.0,7.0,80384,2626.8118642903687,25.883834750342565,0.08088698359482052,87.0639720127067,0.27207491253970845,7.998347112651291,0.024994834727035283,1.2610480461754632,10,320,0.8733987853170971,320,149,198,274,313,0.465625,0.61875,0.85625,0.978125,250,timm:mobilenetv2_100.ra_in1k_random
conv_head,conv,68,1280,1,False,320.0,0,7.0,7.0,1536,5310.793814147786,24.58866593056245,0.019209895258251914,76.3204565107692,0.05962535664903844,7.765600476408311,0.006066875372193993,6.999414136258431,10,1280,0.7576598975170178,794,121,166,248,305,0.09453125,0.1296875,0.19375,0.23828125,1,timm:mobilenetv2_100.ra_in1k_random
conv_head,conv,68,1280,1,False,320.0,0,7.0,7.0,2560,5310.3660148205445,24.496317225201985,0.01913774783218905,77.84748585358176,0.06081834832311075,7.693018545993159,0.006010170739057155,7.125069607905774,10,1280,0.7506389485464396,793,126,172,254,308,0.0984375,0.134375,0.1984375,0.240625,2,timm:mobilenetv2_100.ra_in1k_random
conv_head,conv,68,1280,1,False,320.0,0,7.0,7.0,6656,5282.29241952643,24.939531560056267,0.019484009031293957,80.48244068711537,0.06287690678680888,7.626366802379158,0.005958099064358717,7.3419896976595,10,1280,0.74404300748167,795,131,178,259,309,0.10234375,0.1390625,0.20234375,0.24140625,5,timm:mobilenetv2_100.ra_in1k_random
conv_head,conv,68,1280,1,False,320.0,0,7.0,7.0,12800,5283.030614839447,25.00844911365493,0.019537850870042915,81.08780426369141,0.06334984708100891,7.606297031850833,0.005942419556133463,7.505152842778381,10,1280,0.7404725711000426,792,133,180,260,309,0.10390625,0.140625,0.203125,0.24140625,10,timm:mobilenetv2_100.ra_in1k_random
conv_head,conv,68,1280,1,False,320.0,0,7.0,7.0,32256,5291.604178274698,24.7467409658172,0.019333391379544686,80.81188413818384,0.06313428448295613,7.520241659057406,0.0058751887961385986,7.7308692599953766,10,1280,0.7351230845324829,790,133,180,261,310,0.10390625,0.140625,0.20390625,0.2421875,25,timm:mobilenetv2_100.ra_in1k_random
conv_head,conv,68,1280,1,False,320.0,0,7.0,7.0,64000,5286.516264615613,24.84413858800912,0.019409483271882126,81.025641311849,0.06330128227488203,7.548981475173552,0.005897641777479337,7.8649546219686925,10,1280,0.7336010485342622,788,134,181,261,310,0.1046875,0.14140625,0.20390625,0.2421875,50,timm:mobilenetv2_100.ra_in1k_random
classifier,linear,69,1000,1,False,,0,,,1024,13.184851098616893,19.728803931544803,0.019728803931544803,83.70300799498165,0.08370300799498165,5.087596697294331,0.0050875966972943314,2.9648888186653832,10,1000,0.7602539684068859,1000,141,224,433,673,0.141,0.224,0.433,0.673,1,timm:mobilenetv2_100.ra_in1k_random
classifier,linear,69,1000,1,False,,0,,,2016,13.11888244492379,20.701085721247004,0.020701085721247004,89.96650357316277,0.08996650357316277,5.243867101760464,0.005243867101760464,2.413212740016765,10,1000,0.8488385849911931,1000,154,250,497,762,0.154,0.25,0.497,0.762,2,timm:mobilenetv2_100.ra_in1k_random
classifier,linear,69,1000,1,False,,0,,,5024,13.184135702979265,20.255339659277453,0.020255339659277453,91.19919184943768,0.09119919184943769,5.174207221161049,0.005174207221161049,2.252132998699076,10,1000,0.8578138588997153,1000,161,268,534,797,0.161,0.268,0.534,0.797,5,timm:mobilenetv2_100.ra_in1k_random
