layer,kind,depth_index,C,groups,is_depthwise,r_max,call_index,H,W,n_samples,total_variance,participation_ratio,participation_ratio_norm,effective_rank,effective_rank_norm,stable_rank,stable_rank_norm,powerlaw_alpha,powerlaw_fit_lo,powerlaw_fit_hi,powerlaw_r2,nonzero_eigs,k_star_0.9,k_star_0.95,k_star_0.99,k_star_0.999,k_star_ratio_0.9,k_star_ratio_0.95,k_star_ratio_0.99,k_star_ratio_0.999,n_over_C,pooled_C,pooled_n_samples,pooled_total_variance,pooled_participation_ratio,pooled_participation_ratio_norm,pooled_effective_rank,pooled_effective_rank_norm,pooled_stable_rank,pooled_stable_rank_norm,pooled_powerlaw_alpha,pooled_powerlaw_fit_lo,pooled_powerlaw_fit_hi,pooled_powerlaw_r2,pooled_nonzero_eigs,pooled_k_star_0.9,pooled_k_star_0.95,pooled_k_star_0.99,pooled_k_star_0.999,pooled_k_star_ratio_0.9,pooled_k_star_ratio_0.95,pooled_k_star_ratio_0.99,pooled_k_star_ratio_0.999,pooled_n_over_C,epoch,test_acc
features.0,conv,0,9,1,False,9,0,32.0,32.0,160000,6.027414438938322,1.7870653566470018,0.1985628174052224,2.5225079806726054,0.2802786645191784,1.3721619317732394,0.15246243686369326,,10,9,,9,3,4,6,9,0.3333333333333333,0.4444444444444444,0.6666666666666666,1.0,17777.777777777777,9.0,10000.0,1.744145710084505,1.5244061838183507,0.16937846486870564,1.7929984357713369,0.19922204841903743,1.2733261867562389,0.14148068741735986,,10.0,9.0,,9.0,2.0,2.0,3.0,3.0,0.2222222222222222,0.2222222222222222,0.3333333333333333,0.3333333333333333,1111.111111111111,0,7.35
features.3,conv,1,19,1,False,19,0,32.0,32.0,160000,6.003729101436553,2.0793399247652187,0.10943894340869571,3.5677517036613158,0.18777640545585872,1.4831712143539755,0.07806164286073555,3.1320880394403474,10,19,0.9755575599434905,19,5,8,14,18,0.2631578947368421,0.42105263157894735,0.7368421052631579,0.9473684210526315,8421.052631578947,19.0,10000.0,1.8023180128269047,1.533868210606176,0.08072990582137769,1.9737697866273867,0.10388262034880982,1.2653376220318187,0.06659671694904308,6.462390038173829,10.0,19.0,0.9621409274356423,19.0,2.0,2.0,4.0,7.0,0.10526315789473684,0.10526315789473684,0.21052631578947367,0.3684210526315789,526.3157894736842,0,7.35
features.7,conv,2,39,1,False,39,0,16.0,16.0,160000,5.026445032171619,2.960945789530711,0.07592168691104388,6.412002805253287,0.16441032833982788,1.7886360312925682,0.04586246234083508,2.037076625806214,10,39,0.9803223127327166,39,10,17,30,38,0.2564102564102564,0.4358974358974359,0.7692307692307693,0.9743589743589743,4102.5641025641025,39.0,10000.0,1.4321517342670969,1.5040652501779546,0.03856577564558858,1.9942681797433448,0.051135081531880636,1.2488239170987399,0.03202112607945487,4.730830502723656,10.0,39.0,0.9818765846129143,39.0,2.0,2.0,6.0,14.0,0.05128205128205128,0.05128205128205128,0.15384615384615385,0.358974358974359,256.4102564102564,0,7.35
features.10,conv,3,51,1,False,51,0,16.0,16.0,160000,5.202683029782787,4.300655606513363,0.08432658051986987,9.493641746321547,0.18614983816316757,2.2705228722188138,0.044520056318015956,1.6756980632166325,10,51,0.9776205696736361,51,15,24,42,50,0.29411764705882354,0.47058823529411764,0.8235294117647058,0.9803921568627451,3137.2549019607845,51.0,10000.0,1.3065191145149924,1.6632712482316907,0.032613161730033154,2.1857160023181703,0.04285717651604255,1.3378394450612183,0.026232145981592517,4.072490431490649,10.0,51.0,0.9743620370712197,51.0,2.0,2.0,6.0,18.0,0.0392156862745098,0.0392156862745098,0.11764705882352941,0.35294117647058826,196.07843137254903,0,7.35
features.14,conv,4,97,1,False,97,0,8.0,8.0,160000,6.06676390044449,7.323007531699027,0.07549492300720646,15.190788036062374,0.15660606222744716,3.705616844235857,0.038202235507586155,1.608980845998786,10,97,0.9888454136005491,97,22,40,76,94,0.2268041237113402,0.41237113402061853,0.7835051546391752,0.9690721649484536,1649.4845360824743,97.0,10000.0,1.2820193091717422,2.177022345555847,0.02244352933562729,2.8637866003614247,0.029523573199602318,1.727698681185032,0.017811326610154967,3.0312190298009356,10.0,97.0,0.9663354903712065,97.0,2.0,4.0,13.0,44.0,0.020618556701030927,0.041237113402061855,0.13402061855670103,0.4536082474226804,103.09278350515464,0,7.35
features.17,conv,5,116,1,False,116,0,8.0,8.0,160000,5.662492760346733,7.390944977861254,0.06371504291259703,17.897442699915697,0.1542882991372043,3.4208299550701646,0.029489913405777283,1.4461932617049034,10,116,0.9902056255816919,116,32,55,96,114,0.27586206896551724,0.47413793103448276,0.8275862068965517,0.9827586206896551,1379.3103448275863,116.0,10000.0,0.8470184041176047,2.1611801742014762,0.018630863570702382,3.083644900714062,0.02658314569581088,1.6443289585810406,0.014175249642940004,2.6758871244182605,10.0,116.0,0.9669336057351422,116.0,2.0,5.0,19.0,61.0,0.017241379310344827,0.04310344827586207,0.16379310344827586,0.5258620689655172,86.20689655172414,0,7.35
features.20,conv,6,131,1,False,131,0,8.0,8.0,160000,5.331109757722802,7.148757779823467,0.054570670074988295,18.42645199942803,0.14065993892693152,3.336088176550642,0.025466321958401848,1.3722845664706138,10,131,0.9898063226238947,131,37,64,109,129,0.2824427480916031,0.48854961832061067,0.8320610687022901,0.9847328244274809,1221.3740458015268,131.0,10000.0,0.6189827087175893,1.9069031656959636,0.014556512715236364,2.9765978547152776,0.0227221210283609,1.447175895653264,0.01104714424162797,2.587825475547141,10.0,131.0,0.9653967909157206,131.0,2.0,6.0,24.0,73.0,0.015267175572519083,0.04580152671755725,0.183206106870229,0.5572519083969466,76.33587786259542,0,7.35
features.24,conv,7,140,1,False,140,0,4.0,4.0,160000,5.593528523633323,6.934842736203742,0.049534590972883874,15.275837001248238,0.10911312143748741,4.3722675690010115,0.03123048263572151,1.260180604136207,10,140,0.9932977083491776,140,27,58,113,137,0.19285714285714287,0.4142857142857143,0.8071428571428572,0.9785714285714285,1142.857142857143,140.0,10000.0,0.6239885903349917,2.184117724856905,0.015600840891835034,4.084172443034789,0.02917266030739135,1.5597223621347278,0.011140874015248057,1.853493416364202,10.0,140.0,0.9633402081568627,140.0,5.0,13.0,59.0,117.0,0.03571428571428571,0.09285714285714286,0.42142857142857143,0.8357142857142857,71.42857142857143,0,7.35
features.27,conv,8,74,1,False,74,0,4.0,4.0,160000,4.908564573960935,5.718720718130884,0.07728000970447141,11.407615498149934,0.15415696619121533,3.1771759926614105,0.04293481071164068,1.276220790767362,10,74,0.995249198960584,74,17,34,62,73,0.22972972972972974,0.4594594594594595,0.8378378378378378,0.9864864864864865,2162.162162162162,74.0,10000.0,0.37094583104166434,1.968441587369328,0.026600561991477405,3.7713356394239277,0.05096399512735037,1.4385926546858865,0.019440441279539006,1.8546231758395544,10.0,74.0,0.9790031361094329,74.0,5.0,13.0,40.0,67.0,0.06756756756756757,0.17567567567567569,0.5405405405405406,0.9054054054054054,135.13513513513513,0,7.35
features.30,conv,9,55,1,False,55,0,4.0,4.0,160000,4.10766693470317,6.290882182201381,0.11437967604002511,11.225059529937258,0.2040919914534047,3.518729979026692,0.06397690870957622,1.4657041413309213,10,55,0.9927963566176735,55,13,25,46,54,0.23636363636363636,0.45454545454545453,0.8363636363636363,0.9818181818181818,2909.090909090909,55.0,10000.0,0.2562109977228625,1.7348773372753925,0.03154322431409805,3.2479980092840957,0.05905450925971083,1.3314812945303078,0.024208750809641962,2.24380600124085,10.0,55.0,0.9636160657225785,55.0,5.0,11.0,29.0,49.0,0.09090909090909091,0.2,0.5272727272727272,0.8909090909090909,181.8181818181818,0,7.35
features.34,conv,10,25,1,False,25,0,2.0,2.0,40000,6.276948121870315,2.78540666009865,0.111416266403946,3.8719413456588825,0.1548776538263553,1.9537426923177406,0.07814970769270962,1.1527999376791176,10,25,0.9853753744472341,25,3,4,17,24,0.12,0.16,0.68,0.96,1600.0,25.0,10000.0,0.3382224262932493,2.055295183927645,0.08221180735710581,3.961121247257341,0.15844484989029364,1.4601415446799886,0.058405661787199546,1.5548768829294666,10.0,25.0,0.9760966612651014,25.0,7.0,12.0,21.0,25.0,0.28,0.48,0.84,1.0,400.0,0,7.35
features.37,conv,11,29,1,False,29,0,2.0,2.0,40000,3.274402381188025,2.9149121854462363,0.10051421329124953,3.790359762006483,0.13070206075884425,2.0768899367099065,0.07161689436930713,1.6076720621417098,10,29,0.9819320503819028,29,3,4,15,27,0.10344827586206896,0.13793103448275862,0.5172413793103449,0.9310344827586207,1379.3103448275863,29.0,10000.0,0.12868910608545692,1.7457144224389765,0.06019704904961988,3.2604496049625618,0.11242929672284696,1.3311992608715946,0.04590342278867567,2.9192512927220506,10.0,29.0,0.9567984126418771,29.0,6.0,10.0,19.0,27.0,0.20689655172413793,0.3448275862068966,0.6551724137931034,0.9310344827586207,344.82758620689657,0,7.35
features.40,conv,12,35,1,False,35,0,2.0,2.0,40000,2.224247457076682,2.7211959361508886,0.07774845531859682,3.377141486921719,0.09648975676919197,2.116094280130346,0.06045983657515274,1.6997924928678407,10,35,0.9591751130704733,35,3,3,12,30,0.08571428571428572,0.08571428571428572,0.34285714285714286,0.8571428571428571,1142.857142857143,35.0,10000.0,0.055622629088742985,1.7489317955242167,0.04996947987212048,3.273488120187809,0.09352823200536597,1.3328672924946432,0.03808192264270409,3.141899596726996,10.0,35.0,0.9347869363907568,35.0,5.0,10.0,20.0,31.0,0.14285714285714285,0.2857142857142857,0.5714285714285714,0.8857142857142857,285.7142857142857,0,7.35
classifier,linear,13,10,1,False,10,0,,,10000,0.027245657505249786,1.4839413541786204,0.14839413541786203,2.1895794049098467,0.21895794049098466,1.2270793955861026,0.12270793955861026,,10,10,,10,2,4,8,10,0.2,0.4,0.8,1.0,1000.0,,,,,,,,,,,,,,,,,,,,,,,,0,7.35
features.0,conv,0,9,1,False,9,0,32.0,32.0,160000,5.212715496874409,3.156782258742765,0.3507535843047517,4.183087483873292,0.4647874982081436,2.0286350604427983,0.22540389560475538,,10,9,,9,4,5,7,9,0.4444444444444444,0.5555555555555556,0.7777777777777778,1.0,17777.777777777777,9.0,10000.0,1.2110850586339146,1.9295433005818778,0.21439370006465308,2.21040372747045,0.24560041416338332,1.5343617850756694,0.1704846427861855,,10.0,9.0,,9.0,2.0,2.0,3.0,4.0,0.2222222222222222,0.2222222222222222,0.3333333333333333,0.4444444444444444,1111.111111111111,1,51.72
features.3,conv,1,19,1,False,19,0,32.0,32.0,160000,8.333989921192567,4.636543349330663,0.24402859733319276,7.095472910922056,0.3734459426801082,2.650062056757407,0.139476950355653,3.1599076972728977,10,19,0.953605901454035,19,7,10,15,19,0.3684210526315789,0.5263157894736842,0.7894736842105263,1.0,8421.052631578947,19.0,10000.0,1.9354137028112939,2.3218123632605376,0.12220065069792303,2.946978548453636,0.15510413412913873,1.7125938944771903,0.09013652076195738,7.06279796075622,10.0,19.0,0.9894732443443784,19.0,3.0,4.0,5.0,8.0,0.15789473684210525,0.21052631578947367,0.2631578947368421,0.42105263157894735,526.3157894736842,1,51.72
features.7,conv,2,39,1,False,39,0,16.0,16.0,160000,20.679412014017117,7.949673196231557,0.20383777426234762,14.416403892546983,0.36965138186017904,3.411198701994053,0.0874666333844629,2.1305785551517293,10,39,0.9767931937633952,39,16,23,33,39,0.41025641025641024,0.5897435897435898,0.8461538461538461,1.0,4102.5641025641025,39.0,10000.0,4.006903796068891,2.7693889973956667,0.07100997429219658,4.121583706709817,0.10568163350537993,1.7941168593215047,0.0460029963928591,4.5400021789860014,10.0,39.0,0.9761563602599247,39.0,4.0,5.0,8.0,19.0,0.10256410256410256,0.1282051282051282,0.20512820512820512,0.48717948717948717,256.4102564102564,1,51.72
features.10,conv,3,51,1,False,51,0,16.0,16.0,160000,27.625237779382527,12.19152925946792,0.2390495933229004,22.17179554145268,0.4347410890480918,4.677675466087124,0.09171912678602205,1.5783293859021517,10,51,0.9835575041234188,51,26,35,47,51,0.5098039215686274,0.6862745098039216,0.9215686274509803,1.0,3137.2549019607845,51.0,10000.0,4.757729771142214,3.4481776723978768,0.06761132690976229,5.346332275794852,0.10483004462342847,2.065773600331161,0.0405053647123757,3.9722806699254134,10.0,51.0,0.962429565513773,51.0,5.0,7.0,15.0,30.0,0.09803921568627451,0.13725490196078433,0.29411764705882354,0.5882352941176471,196.07843137254903,1,51.72
features.14,conv,4,97,1,False,97,0,8.0,8.0,160000,68.34918709867453,15.22983804834087,0.15700863967361722,30.099796288396885,0.3103071782308957,6.384473728414557,0.06581931678777894,1.5068890468561689,10,97,0.9787526940593678,97,40,58,84,96,0.41237113402061853,0.5979381443298969,0.865979381443299,0.9896907216494846,1649.4845360824743,97.0,10000.0,13.508820810067755,3.931342746314614,0.04052930666303726,6.136377224755081,0.06326162087376372,2.3556264218450966,0.024284808472629864,2.91209538641285,10.0,97.0,0.9632398041339224,97.0,5.0,8.0,24.0,59.0,0.05154639175257732,0.08247422680412371,0.24742268041237114,0.6082474226804123,103.09278350515464,1,51.72
features.17,conv,5,116,1,False,116,0,8.0,8.0,160000,82.83256726187082,16.439033946883786,0.1417158098869292,36.96255341117544,0.31864270182047794,6.072940678987109,0.052352936887819904,1.292748797088497,10,116,0.993130340663281,116,54,77,105,115,0.46551724137931033,0.6637931034482759,0.9051724137931034,0.9913793103448276,1379.3103448275863,116.0,10000.0,16.010769600491862,3.685671464541228,0.03177302986673472,6.3054168813412295,0.05435704208052784,2.1908671303930976,0.01888678560683705,2.613277953384127,10.0,116.0,0.9662336210353208,116.0,6.0,11.0,34.0,79.0,0.05172413793103448,0.09482758620689655,0.29310344827586204,0.6810344827586207,86.20689655172414,1,51.72
features.20,conv,6,131,1,False,131,0,8.0,8.0,160000,96.65208761089073,19.10078791700101,0.14580754135115276,44.62338435957456,0.34063652182881343,5.946068996622091,0.045389839668870925,1.2217764358719885,10,131,0.9926931392235381,131,66,90,120,130,0.5038167938931297,0.6870229007633588,0.916030534351145,0.9923664122137404,1221.3740458015268,131.0,10000.0,19.305279970444374,3.251881452203231,0.024823522535902524,6.137868307554378,0.04685395654621662,1.9504727135812396,0.014889104683826256,2.5146772716989996,10.0,131.0,0.9590910822051966,131.0,6.0,12.0,42.0,92.0,0.04580152671755725,0.0916030534351145,0.32061068702290074,0.7022900763358778,76.33587786259542,1,51.72
features.24,conv,7,140,1,False,140,0,4.0,4.0,160000,227.42992155305294,10.920632624576651,0.07800451874697607,25.593714255338785,0.18281224468099133,5.218078312919351,0.037271987949423935,1.2984292898495577,10,140,0.9950392824834641,140,45,76,121,138,0.32142857142857145,0.5428571428571428,0.8642857142857143,0.9857142857142858,1142.857142857143,140.0,10000.0,47.515008476760684,2.93232047312006,0.020945146236571857,6.045731767675327,0.04318379834053805,1.8132016957887582,0.012951440684205416,1.8780751467861367,10.0,140.0,0.9741296180509992,140.0,7.0,16.0,63.0,120.0,0.05,0.11428571428571428,0.45,0.8571428571428571,71.42857142857143,1,51.72
features.27,conv,8,74,1,False,74,0,4.0,4.0,160000,125.68750250788008,13.463907186650662,0.18194469171149544,24.936273641472,0.3369766708307027,5.781168419270266,0.0781238975577063,1.312193848990605,10,74,0.9949964746048284,74,33,48,68,74,0.44594594594594594,0.6486486486486487,0.918918918918919,1.0,2162.162162162162,74.0,10000.0,23.729636157249054,2.8494015685032283,0.03850542660139498,5.694217050514146,0.07694887906100197,1.7794522166990039,0.024046651577013568,1.9055837769930317,10.0,74.0,0.9859836423269721,74.0,7.0,14.0,42.0,68.0,0.0945945945945946,0.1891891891891892,0.5675675675675675,0.918918918918919,135.13513513513513,1,51.72
features.30,conv,9,55,1,False,55,0,4.0,4.0,160000,62.255014522583664,13.314659978022807,0.24208472687314195,23.47207360509667,0.4267649746381213,5.382129755110703,0.09785690463837642,1.4672630940557525,10,55,0.9937580374967535,55,28,38,51,55,0.509090909090909,0.6909090909090909,0.9272727272727272,1.0,2909.090909090909,55.0,10000.0,11.267775241170627,2.3810071547897462,0.043291039177995386,4.701847586371044,0.08548813793401898,1.5848978820716866,0.02881632512857612,2.185598194396958,10.0,55.0,0.9725177173088972,55.0,6.0,11.0,30.0,49.0,0.10909090909090909,0.2,0.5454545454545454,0.8909090909090909,181.8181818181818,1,51.72
features.34,conv,10,25,1,False,25,0,2.0,2.0,40000,83.9770279517471,5.893394893124763,0.23573579572499054,9.280058114147032,0.37120232456588126,3.3126044102173138,0.13250417640869255,2.010247787267123,10,25,0.9937310356769428,25,10,14,22,25,0.4,0.56,0.88,1.0,1600.0,25.0,10000.0,12.517182600117637,3.2075686832939057,0.12830274733175623,6.036811738750289,0.24147246955001156,1.8992717001295227,0.07597086800518091,1.84946929521682,10.0,25.0,0.9845779050760448,25.0,7.0,12.0,21.0,25.0,0.28,0.48,0.84,1.0,400.0,1,51.72
features.37,conv,11,29,1,False,29,0,2.0,2.0,40000,13.050687284538977,6.273858498823769,0.21633994823530237,9.962208220725087,0.34352442140431333,3.3815146913995022,0.1166039548758449,2.509305515797091,10,29,0.9884460036721767,29,10,15,24,29,0.3448275862068966,0.5172413793103449,0.8275862068965517,1.0,1379.3103448275863,29.0,10000.0,1.6694551401666202,3.7405152079262662,0.1289832830319402,6.242928626733495,0.21527340092184466,2.2142119102880216,0.07635213483751799,2.696133650440121,10.0,29.0,0.9551246943875495,29.0,7.0,10.0,20.0,27.0,0.2413793103448276,0.3448275862068966,0.6896551724137931,0.9310344827586207,344.82758620689657,1,51.72
features.40,conv,12,35,1,False,35,0,2.0,2.0,40000,14.21251973668552,7.51045854517987,0.214584529862282,11.909508507819977,0.34027167165199934,4.022037457971587,0.11491535594204534,2.645312506017062,10,35,0.9734277776556355,35,12,17,27,34,0.34285714285714286,0.4857142857142857,0.7714285714285715,0.9714285714285714,1142.857142857143,35.0,10000.0,2.54808719480148,3.371715156736058,0.09633471876388737,5.671709371951986,0.1620488391986282,2.0248818737037664,0.057853767820107614,2.655113447593128,10.0,35.0,0.9631992180147384,35.0,6.0,8.0,20.0,31.0,0.17142857142857143,0.22857142857142856,0.5714285714285714,0.8857142857142857,285.7142857142857,1,51.72
classifier,linear,13,10,1,False,10,0,,,10000,33.77861962301967,2.11994328544335,0.211994328544335,2.9901427123068074,0.29901427123068075,1.5214491231080143,0.15214491231080143,,10,10,,10,3,4,6,9,0.3,0.4,0.6,0.9,1000.0,,,,,,,,,,,,,,,,,,,,,,,,1,51.72
features.0,conv,0,9,1,False,9,0,32.0,32.0,160000,3.872530240192924,4.706570804080847,0.5229523115645386,5.513022074839796,0.6125580083155329,3.5289785473482187,0.3921087274831354,,10,9,,9,5,6,8,9,0.5555555555555556,0.6666666666666666,0.8888888888888888,1.0,17777.777777777777,9.0,10000.0,0.5913586434171776,2.285640442171561,0.25396004913017345,2.6179796214127724,0.2908866246014192,1.742639301039271,0.19362658900436344,,10.0,9.0,,9.0,3.0,3.0,3.0,5.0,0.3333333333333333,0.3333333333333333,0.3333333333333333,0.5555555555555556,1111.111111111111,2,60.67
features.3,conv,1,19,1,False,19,0,32.0,32.0,160000,8.890089829960054,6.682368945518924,0.35170362871152233,9.08322076910966,0.4780642510057716,4.0267903658127375,0.21193633504277565,2.9015589286225114,10,19,0.9563583960395475,19,8,11,16,19,0.42105263157894735,0.5789473684210527,0.8421052631578947,1.0,8421.052631578947,19.0,10000.0,1.303091757834021,2.405433587610127,0.12660176776895407,3.139556003362154,0.16523978965063968,1.701367397051718,0.08954565247640621,7.266964413430019,10.0,19.0,0.9727605932446167,19.0,3.0,4.0,5.0,9.0,0.15789473684210525,0.21052631578947367,0.2631578947368421,0.47368421052631576,526.3157894736842,2,60.67
features.7,conv,2,39,1,False,39,0,16.0,16.0,160000,20.75197558660745,11.773759414472902,0.30189126703776675,17.86503144872847,0.45807772945457614,5.837692931159667,0.14968443413229915,2.273570776799725,10,39,0.972796428262843,39,18,24,34,39,0.46153846153846156,0.6153846153846154,0.8717948717948718,1.0,4102.5641025641025,39.0,10000.0,2.794104625753425,3.8339458031806513,0.09830630264565772,5.251521104838493,0.1346543873035511,2.461899828440947,0.06312563662669095,4.564259639164195,10.0,39.0,0.9815342458932699,39.0,5.0,7.0,10.0,21.0,0.1282051282051282,0.1794871794871795,0.2564102564102564,0.5384615384615384,256.4102564102564,2,60.67
features.10,conv,3,51,1,False,51,0,16.0,16.0,160000,27.156315877465193,14.659905282729877,0.2874491231907819,24.384220415316413,0.4781219689277728,5.7332335300076505,0.1124163437256402,1.6294908996314268,10,51,0.9833273230256315,51,27,35,47,51,0.5294117647058824,0.6862745098039216,0.9215686274509803,1.0,3137.2549019607845,51.0,10000.0,3.943642333358725,3.6570057701624994,0.07170599549338234,5.812082829198684,0.11396240841566048,2.1293293107427314,0.041751555112602576,3.987581087273299,10.0,51.0,0.9809062546303605,51.0,6.0,8.0,15.0,30.0,0.11764705882352941,0.1568627450980392,0.29411764705882354,0.5882352941176471,196.07843137254903,2,60.67
features.14,conv,4,97,1,False,97,0,8.0,8.0,160000,74.00681224748759,18.04132209023273,0.18599301123951267,32.897753446554546,0.3391520973871603,7.383362934414498,0.07611714365375771,1.616346886674048,10,97,0.985784250535515,97,39,57,84,96,0.4020618556701031,0.5876288659793815,0.865979381443299,0.9896907216494846,1649.4845360824743,97.0,10000.0,12.000217904618149,4.335192832513402,0.04469270961354023,7.248310466149754,0.07472485016649232,2.4029255703093604,0.024772428559890314,3.0006808776989122,10.0,97.0,0.9715554003863397,97.0,7.0,10.0,26.0,60.0,0.07216494845360824,0.10309278350515463,0.26804123711340205,0.6185567010309279,103.09278350515464,2,60.67
features.17,conv,5,116,1,False,116,0,8.0,8.0,160000,86.6109886080077,21.391371742856794,0.18440837709359306,41.31339606201111,0.3561499660518199,8.169194890928209,0.07042409388731215,1.3922268827691422,10,116,0.9946509844028162,116,53,76,105,115,0.45689655172413796,0.6551724137931034,0.9051724137931034,0.9913793103448276,1379.3103448275863,116.0,10000.0,13.472702371015933,4.645715878566309,0.0400492748152268,8.22064838105043,0.07086765845733128,2.491302176655794,0.021476742902205123,2.656328896079696,10.0,116.0,0.967412561435114,116.0,8.0,13.0,38.0,82.0,0.06896551724137931,0.11206896551724138,0.3275862068965517,0.7068965517241379,86.20689655172414,2,60.67
features.20,conv,6,131,1,False,131,0,8.0,8.0,160000,100.63009098193331,26.54067337265974,0.20260056009663924,50.025710044557854,0.38187564919509814,9.61013883361903,0.07335983842457275,1.3194519295557985,10,131,0.9955798026054896,131,64,89,120,130,0.48854961832061067,0.6793893129770993,0.916030534351145,0.9923664122137404,1221.3740458015268,131.0,10000.0,15.429537606913073,4.81177102160507,0.03673107650080206,8.844635249191263,0.06751629961214704,2.5642200691505317,0.019574199001149095,2.5516224527798017,10.0,131.0,0.9616895975702576,131.0,9.0,16.0,48.0,97.0,0.06870229007633588,0.12213740458015267,0.366412213740458,0.7404580152671756,76.33587786259542,2,60.67
features.24,conv,7,140,1,False,140,0,4.0,4.0,160000,229.41259463548212,12.731573320201925,0.09093980943001374,29.461507816132883,0.2104393415438063,5.837179561421533,0.04169413972443952,1.370816041704187,10,140,0.9972004428426914,140,47,77,122,138,0.3357142857142857,0.55,0.8714285714285714,0.9857142857142858,1142.857142857143,140.0,10000.0,38.601591310047496,4.592733109812036,0.0328052364986574,9.259770640198363,0.06614121885855974,2.4718126479234823,0.017655804628024872,1.9149748619778122,10.0,140.0,0.9776469649143004,140.0,10.0,22.0,72.0,123.0,0.07142857142857142,0.15714285714285714,0.5142857142857142,0.8785714285714286,71.42857142857143,2,60.67
features.27,conv,8,74,1,False,74,0,4.0,4.0,160000,127.02252933317277,15.366129402588644,0.20765039733227897,27.647203894208126,0.37361086343524497,6.649924150898496,0.0898638398770067,1.3699215807766947,10,74,0.9971881291038632,74,35,49,68,74,0.47297297297297297,0.6621621621621622,0.918918918918919,1.0,2162.162162162162,74.0,10000.0,21.366969468641557,4.330122330080588,0.05851516662271065,8.211051876536848,0.11096016049374119,2.3506043251312545,0.03176492331258452,1.9807915764553001,10.0,74.0,0.987360041524596,74.0,9.0,17.0,45.0,69.0,0.12162162162162163,0.22972972972972974,0.6081081081081081,0.9324324324324325,135.13513513513513,2,60.67
features.30,conv,9,55,1,False,55,0,4.0,4.0,160000,61.84307815682671,15.009443595136608,0.2728989744570292,25.486063047017048,0.4633829644912191,6.605517868067182,0.12010032487394877,1.4904589649983024,10,55,0.9930475520184683,55,29,39,51,55,0.5272727272727272,0.7090909090909091,0.9272727272727272,1.0,2909.090909090909,55.0,10000.0,10.042097332002061,3.8612811393423745,0.0702051116244068,7.075043372527066,0.12863715222776484,2.184413636448945,0.039716611571798996,2.259980909367558,10.0,55.0,0.9766668788763493,55.0,8.0,13.0,32.0,50.0,0.14545454545454545,0.23636363636363636,0.5818181818181818,0.9090909090909091,181.8181818181818,2,60.67
features.34,conv,10,25,1,False,25,0,2.0,2.0,40000,84.94313392890851,5.708598643686225,0.22834394574744898,9.486422022787199,0.37945688091148794,3.1585357078131002,0.126341428312524,1.9347038180324343,10,25,0.9830828161071485,25,11,15,22,25,0.44,0.6,0.88,1.0,1600.0,25.0,10000.0,12.200310340344927,5.300511873237913,0.21202047492951653,8.444925005938813,0.33779700023755255,2.8370748855602015,0.11348299542240806,1.8623279734829128,10.0,25.0,0.9807958276670712,25.0,8.0,13.0,21.0,25.0,0.32,0.52,0.84,1.0,400.0,2,60.67
features.37,conv,11,29,1,False,29,0,2.0,2.0,40000,13.320783226708418,6.770456666876836,0.23346402299575295,10.840844441423927,0.3738222221180665,3.5643649622668807,0.12290913662989243,2.7093691241805034,10,29,0.9855343292090936,29,12,16,24,29,0.41379310344827586,0.5517241379310345,0.8275862068965517,1.0,1379.3103448275863,29.0,10000.0,1.8474332824035502,4.412176165273461,0.15214400569908487,6.851736646172339,0.23626678090249442,2.56990770680506,0.08861750713120896,2.8588475292230693,10.0,29.0,0.9418147166312533,29.0,7.0,10.0,19.0,27.0,0.2413793103448276,0.3448275862068966,0.6551724137931034,0.9310344827586207,344.82758620689657,2,60.67
features.40,conv,12,35,1,False,35,0,2.0,2.0,40000,13.832943537397952,8.84968279077179,0.2528480797363369,13.600395001608495,0.3885827143316713,4.777019593322234,0.13648627409492098,2.7898620835216477,10,35,0.966496290283612,35,14,19,28,34,0.4,0.5428571428571428,0.8,0.9714285714285714,1142.857142857143,35.0,10000.0,3.030422857152298,4.333199367799757,0.1238056962228502,6.49401041494041,0.18554315471258315,2.545117746452937,0.07271764989865534,2.823342062923406,10.0,35.0,0.9776686372348246,35.0,6.0,8.0,18.0,31.0,0.17142857142857143,0.22857142857142856,0.5142857142857142,0.8857142857142857,285.7142857142857,2,60.67
classifier,linear,13,10,1,False,10,0,,,10000,47.701348412848944,2.689739022930117,0.26897390229301166,3.7563733872513154,0.37563733872513155,1.7792745245424877,0.17792745245424876,,10,10,,10,4,5,7,10,0.4,0.5,0.7,1.0,1000.0,,,,,,,,,,,,,,,,,,,,,,,,2,60.67
features.0,conv,0,9,1,False,9,0,32.0,32.0,160000,3.819250490005709,4.78926450244067,0.5321405002711855,5.779714673924911,0.64219051932499,3.267503847611521,0.3630559830679468,,10,9,,9,5,6,8,9,0.5555555555555556,0.6666666666666666,0.8888888888888888,1.0,17777.777777777777,9.0,10000.0,0.3606603069969065,2.5488044022207568,0.28320048913563967,2.911448129583937,0.3234942366204374,1.8658535712989393,0.2073170634776599,,10.0,9.0,,9.0,3.0,3.0,4.0,6.0,0.3333333333333333,0.3333333333333333,0.4444444444444444,0.6666666666666666,1111.111111111111,3,68.91
features.3,conv,1,19,1,False,19,0,32.0,32.0,160000,10.03595553098689,7.124970863734697,0.37499846651235247,9.590320066549692,0.5047536877131417,3.9596953778946333,0.20840501988919122,2.958462942162479,10,19,0.9708989986638049,19,9,11,17,19,0.47368421052631576,0.5789473684210527,0.8947368421052632,1.0,8421.052631578947,19.0,10000.0,0.8932929209010453,2.6519029821139712,0.13957384116389324,3.3075788813634595,0.17408309901912944,1.9340704620054743,0.10179318221081443,6.89370009751033,10.0,19.0,0.9696646333205143,19.0,3.0,4.0,6.0,10.0,0.15789473684210525,0.21052631578947367,0.3157894736842105,0.5263157894736842,526.3157894736842,3,68.91
features.7,conv,2,39,1,False,39,0,16.0,16.0,160000,24.083182651146842,11.613814429864952,0.2977901135862808,17.888140615127497,0.45867027218275636,5.132323789215498,0.13159804587732046,2.2897619005816505,10,39,0.9746158588123368,39,18,24,34,39,0.46153846153846156,0.6153846153846154,0.8717948717948718,1.0,4102.5641025641025,39.0,10000.0,2.8094372838420036,3.887233994295129,0.09967266652038792,5.380013750885362,0.1379490705355221,2.4132635475238926,0.06187855250061263,4.598487661101528,10.0,39.0,0.9897233597166465,39.0,5.0,7.0,10.0,20.0,0.1282051282051282,0.1794871794871795,0.2564102564102564,0.5128205128205128,256.4102564102564,3,68.91
features.10,conv,3,51,1,False,51,0,16.0,16.0,160000,29.740185124048683,13.034839960391833,0.255585097262585,22.583642092983897,0.44281651162713526,4.907158158185319,0.09621878741539841,1.7359484051790914,10,51,0.9891899332849889,51,25,34,46,51,0.49019607843137253,0.6666666666666666,0.9019607843137255,1.0,3137.2549019607845,51.0,10000.0,4.193331305232893,3.3073701400316575,0.06485039490258152,5.373384069899033,0.10536047195880456,1.978283214489856,0.03878986695078149,3.977669380669821,10.0,51.0,0.9789577895049905,51.0,6.0,8.0,14.0,30.0,0.11764705882352941,0.1568627450980392,0.27450980392156865,0.5882352941176471,196.07843137254903,3,68.91
features.14,conv,4,97,1,False,97,0,8.0,8.0,160000,85.17748464281505,17.142407129735986,0.17672584669830912,31.01306267909863,0.3197222956608106,6.710559117939121,0.06918102183442393,1.7667248857956832,10,97,0.990599841946331,97,35,52,82,95,0.36082474226804123,0.5360824742268041,0.845360824742268,0.979381443298969,1649.4845360824743,97.0,10000.0,13.461563514909953,4.7006571052959,0.04846038252882371,7.378362788927332,0.07606559576213745,2.638627104748143,0.02720234128606333,3.013787490691786,10.0,97.0,0.9678304254030037,97.0,7.0,9.0,25.0,59.0,0.07216494845360824,0.09278350515463918,0.25773195876288657,0.6082474226804123,103.09278350515464,3,68.91
features.17,conv,5,116,1,False,116,0,8.0,8.0,160000,97.20038072950781,19.73513877833525,0.17013050670978666,38.22207271424138,0.32950062684690845,7.379276599991585,0.06361445344820332,1.5255617560965102,10,116,0.9965705441562873,116,47,70,103,115,0.4051724137931034,0.603448275862069,0.8879310344827587,0.9913793103448276,1379.3103448275863,116.0,10000.0,14.435609266410044,5.359794892688689,0.04620512838524732,8.767545143669619,0.07558228572128982,2.975296438505376,0.025649107228494623,2.6977982740681754,10.0,116.0,0.9685787502832928,116.0,8.0,13.0,37.0,82.0,0.06896551724137931,0.11206896551724138,0.31896551724137934,0.7068965517241379,86.20689655172414,3,68.91
features.20,conv,6,131,1,False,131,0,8.0,8.0,160000,116.86234883447503,24.332436529201313,0.18574379029924667,45.956652174669074,0.3508141387379319,9.366460006804637,0.07149969470843234,1.4537928995848053,10,131,0.9964559803041892,131,57,83,118,130,0.4351145038167939,0.6335877862595419,0.9007633587786259,0.9923664122137404,1221.3740458015268,131.0,10000.0,16.95022121063491,5.400160818686697,0.041222601669364096,9.51820065266246,0.07265802024933175,2.8329819760496657,0.02162581661106615,2.643450566119849,10.0,131.0,0.9679657009912622,131.0,9.0,16.0,46.0,95.0,0.06870229007633588,0.12213740458015267,0.3511450381679389,0.7251908396946565,76.33587786259542,3,68.91
features.24,conv,7,140,1,False,140,0,4.0,4.0,160000,270.1539948553769,12.307876962090885,0.08791340687207776,28.411651340350602,0.20294036671679003,5.6504454998837526,0.04036032499916966,1.4740496401890093,10,140,0.9974228324601451,140,43,72,120,138,0.30714285714285716,0.5142857142857142,0.8571428571428571,0.9857142857142858,1142.857142857143,140.0,10000.0,44.26056549103281,4.888665463724155,0.0349190390266011,9.698703770537781,0.06927645550384129,2.5539533241149632,0.01824252374367831,1.9891046658894362,10.0,140.0,0.9799725641273783,140.0,11.0,22.0,69.0,122.0,0.07857142857142857,0.15714285714285714,0.4928571428571429,0.8714285714285714,71.42857142857143,3,68.91
features.27,conv,8,74,1,False,74,0,4.0,4.0,160000,151.50973138903447,13.353693692599949,0.18045532017026958,25.306708143079746,0.34198254247405063,5.628145563484618,0.07605602112817052,1.4271134761809996,10,74,0.9960639784189057,74,33,47,67,74,0.44594594594594594,0.6351351351351351,0.9054054054054054,1.0,2162.162162162162,74.0,10000.0,25.060800071780616,4.423965568579819,0.05978331849432188,8.281421406650693,0.11191110008987423,2.3881520311716877,0.032272324745563345,2.0406491677116803,10.0,74.0,0.9921979062026125,74.0,9.0,16.0,43.0,68.0,0.12162162162162163,0.21621621621621623,0.581081081081081,0.918918918918919,135.13513513513513,3,68.91
features.30,conv,9,55,1,False,55,0,4.0,4.0,160000,74.12345021440477,13.040153946812646,0.2370937081238663,22.914805600296003,0.41663282909629096,6.196167181902153,0.11265758512549369,1.5907221077882276,10,55,0.9942700648490643,55,27,37,50,55,0.4909090909090909,0.6727272727272727,0.9090909090909091,1.0,2909.090909090909,55.0,10000.0,12.592301001972395,3.6193688933998365,0.0658067071527243,6.731939140760293,0.12239889346836896,2.0617636674135755,0.037486612134792284,2.4331402749711604,10.0,55.0,0.9831501147846398,55.0,7.0,12.0,30.0,49.0,0.12727272727272726,0.21818181818181817,0.5454545454545454,0.8909090909090909,181.8181818181818,3,68.91
features.34,conv,10,25,1,False,25,0,2.0,2.0,40000,97.45494525850346,5.659775890406902,0.22639103561627608,9.344083536390574,0.37376334145562295,3.1594623290396293,0.12637849316158517,2.208779692766133,10,25,0.9772700547862984,25,11,15,22,25,0.44,0.6,0.88,1.0,1600.0,25.0,10000.0,15.240272866149354,5.046046268786748,0.20184185075146993,7.955017435615028,0.3182006974246011,2.6763814892772717,0.10705525957109087,2.132881008858306,10.0,25.0,0.9869039819759933,25.0,8.0,11.0,20.0,25.0,0.32,0.44,0.8,1.0,400.0,3,68.91
features.37,conv,11,29,1,False,29,0,2.0,2.0,40000,16.520081278794837,5.88737418676324,0.20301290299183586,9.782033150599494,0.3373114879517067,3.2293329107364097,0.11135630726677274,2.672405120378093,10,29,0.9662661359731056,29,11,16,24,29,0.3793103448275862,0.5517241379310345,0.8275862068965517,1.0,1379.3103448275863,29.0,10000.0,2.212020643359781,4.748629337261849,0.16374583921592584,7.053154237708977,0.243212215093413,2.708319576983341,0.09339033024080487,2.9844233943403085,10.0,29.0,0.9611935189774545,29.0,6.0,9.0,18.0,26.0,0.20689655172413793,0.3103448275862069,0.6206896551724138,0.896551724137931,344.82758620689657,3,68.91
features.40,conv,12,35,1,False,35,0,2.0,2.0,40000,15.242259577963203,8.148486411368525,0.23281389746767214,12.907638389464761,0.36878966827042176,4.320730996157916,0.12344945703308333,2.8582713750308297,10,35,0.9603577726958181,35,14,18,27,34,0.4,0.5142857142857142,0.7714285714285715,0.9714285714285714,1142.857142857143,35.0,10000.0,3.3306945337903437,3.8584065553842315,0.11024018729669233,6.148937025364804,0.17568391501042296,2.1870038546165853,0.06248582441761672,2.829904846714495,10.0,35.0,0.9635652418512163,35.0,6.0,8.0,16.0,30.0,0.17142857142857143,0.22857142857142856,0.45714285714285713,0.8571428571428571,285.7142857142857,3,68.91
classifier,linear,13,10,1,False,10,0,,,10000,61.4288591490005,2.533824986722057,0.2533824986722057,3.7366832456755352,0.3736683245675535,1.6838211670558585,0.16838211670558584,,10,10,,10,4,5,7,10,0.4,0.5,0.7,1.0,1000.0,,,,,,,,,,,,,,,,,,,,,,,,3,68.91
features.0,conv,0,9,1,False,9,0,32.0,32.0,160000,5.465555506467517,5.266842777487707,0.5852047530541896,6.120221631046256,0.6800246256718062,3.5576788380560154,0.3952976486728906,,10,9,,9,5,7,8,9,0.5555555555555556,0.7777777777777778,0.8888888888888888,1.0,17777.777777777777,9.0,10000.0,0.6240207342061654,2.704684084406591,0.30052045382295456,2.9478819779441223,0.32754244199379134,2.2519107634526834,0.2502123070502982,,10.0,9.0,,9.0,3.0,3.0,3.0,6.0,0.3333333333333333,0.3333333333333333,0.3333333333333333,0.6666666666666666,1111.111111111111,5,72.62
features.3,conv,1,19,1,False,19,0,32.0,32.0,160000,11.393205769096005,7.578709414199576,0.39887944285260923,9.856820394575754,0.5187800207671449,4.5264319407542555,0.23823326003969766,3.792082397088907,10,19,0.9747191714552764,19,9,11,16,19,0.47368421052631576,0.5789473684210527,0.8421052631578947,1.0,8421.052631578947,19.0,10000.0,0.6795954993778527,3.0683561709440488,0.16149243004968677,3.7032679111986764,0.19490883743150927,2.238188247135913,0.11779938142820595,6.858553492565942,10.0,19.0,0.9738387242692523,19.0,3.0,4.0,6.0,10.0,0.15789473684210525,0.21052631578947367,0.3157894736842105,0.5263157894736842,526.3157894736842,5,72.62
features.7,conv,2,39,1,False,39,0,16.0,16.0,160000,26.48436192376806,11.44925919243707,0.2935707485240274,17.508184018975257,0.44892779535833993,4.868850320184033,0.1248423159021547,2.4647180603901226,10,39,0.9829106215185164,39,17,23,33,39,0.4358974358974359,0.5897435897435898,0.8461538461538461,1.0,4102.5641025641025,39.0,10000.0,3.144914549563795,3.734873864335931,0.09576599652143414,5.407448076958454,0.13865251479380652,2.237253356592154,0.0573654706818501,4.758256489737888,10.0,39.0,0.9860978755085498,39.0,5.0,7.0,10.0,20.0,0.1282051282051282,0.1794871794871795,0.2564102564102564,0.5128205128205128,256.4102564102564,5,72.62
features.10,conv,3,51,1,False,51,0,16.0,16.0,160000,33.47296863495052,12.27662795003609,0.24071819509874687,20.77978651675976,0.4074467944462698,4.763604971136409,0.09340401904189037,2.043501154577351,10,51,0.9898506772707448,51,22,30,44,51,0.43137254901960786,0.5882352941176471,0.8627450980392157,1.0,3137.2549019607845,51.0,10000.0,4.787050193091247,3.3155788365980676,0.065011349737217,5.414620974835746,0.10616903872226953,1.9648269071227018,0.038526017786719643,4.096607188434942,10.0,51.0,0.9787535776625416,51.0,6.0,7.0,14.0,28.0,0.11764705882352941,0.13725490196078433,0.27450980392156865,0.5490196078431373,196.07843137254903,5,72.62
features.14,conv,4,97,1,False,97,0,8.0,8.0,160000,99.08034721114313,18.753112546279624,0.19333105717814045,30.32243150582069,0.31260238665794526,8.266225117611372,0.08521881564547806,2.054716419699476,10,97,0.992883090460599,97,30,45,77,94,0.30927835051546393,0.4639175257731959,0.7938144329896907,0.9690721649484536,1649.4845360824743,97.0,10000.0,14.160727160623747,5.3430527240553936,0.055083017773766944,8.030751181118426,0.08279124928988067,2.936429381287618,0.03027246784832596,3.1895540788058616,10.0,97.0,0.9736902279260877,97.0,7.0,10.0,24.0,57.0,0.07216494845360824,0.10309278350515463,0.24742268041237114,0.5876288659793815,103.09278350515464,5,72.62
features.17,conv,5,116,1,False,116,0,8.0,8.0,160000,100.39426275023295,23.017981123405058,0.1984308717534919,39.374239226482715,0.3394330967800234,9.60481621460534,0.08280013978108051,1.7268540404918984,10,116,0.9966006543886324,116,42,64,100,114,0.3620689655172414,0.5517241379310345,0.8620689655172413,0.9827586206896551,1379.3103448275863,116.0,10000.0,13.681025501454588,5.834689240695744,0.05029904517841159,9.507188688386139,0.08195852317574258,3.1036684976483144,0.02675576291076133,2.798168589850416,10.0,116.0,0.9751532219078198,116.0,9.0,14.0,37.0,81.0,0.07758620689655173,0.1206896551724138,0.31896551724137934,0.6982758620689655,86.20689655172414,5,72.62
features.20,conv,6,131,1,False,131,0,8.0,8.0,160000,116.5189162142686,26.885667225109724,0.20523410095503605,46.48871154475742,0.3548756606470032,10.32874865648765,0.07884540959150878,1.6365308043498237,10,131,0.9969834032012402,131,52,77,115,129,0.3969465648854962,0.5877862595419847,0.8778625954198473,0.9847328244274809,1221.3740458015268,131.0,10000.0,17.010453461737804,5.132120416586909,0.03917649172967107,9.447139630807028,0.072115569700817,2.6556927408261375,0.02027246367042853,2.7160085921160553,10.0,131.0,0.9764559091348249,131.0,10.0,16.0,44.0,94.0,0.07633587786259542,0.12213740458015267,0.33587786259541985,0.7175572519083969,76.33587786259542,5,72.62
features.24,conv,7,140,1,False,140,0,4.0,4.0,160000,248.69130447455206,15.91041689271911,0.11364583494799364,33.65793840592866,0.2404138457566333,7.133470593925126,0.050953361385179474,1.6037967369107975,10,140,0.9961905532713348,140,45,71,118,138,0.32142857142857145,0.5071428571428571,0.8428571428571429,0.9857142857142858,1142.857142857143,140.0,10000.0,45.516425572422996,5.109850593116964,0.036498932807978314,10.236547536855086,0.07311819669182204,2.5907113667504222,0.018505081191074444,2.110787298329163,10.0,140.0,0.9856356324598013,140.0,11.0,20.0,65.0,120.0,0.07857142857142857,0.14285714285714285,0.4642857142857143,0.8571428571428571,71.42857142857143,5,72.62
features.27,conv,8,74,1,False,74,0,4.0,4.0,160000,142.32790598218065,16.099428817794895,0.2175598488891202,28.208081883139663,0.38119029571810353,7.888814351612185,0.10660559934611061,1.5355405922380638,10,74,0.9958443051706145,74,33,47,67,74,0.44594594594594594,0.6351351351351351,0.9054054054054054,1.0,2162.162162162162,74.0,10000.0,30.53008677302566,4.530749816067678,0.06122634886577943,8.246999731720653,0.11144594232054936,2.411357465534666,0.03258591169641441,2.1087756350133247,10.0,74.0,0.9916298220791611,74.0,8.0,14.0,39.0,67.0,0.10810810810810811,0.1891891891891892,0.527027027027027,0.9054054054054054,135.13513513513513,5,72.62
features.30,conv,9,55,1,False,55,0,4.0,4.0,160000,72.76273721294241,15.753902735720212,0.28643459519491293,25.301788628508923,0.46003252051834403,7.111344233420062,0.12929716788036477,1.7248525061490703,10,55,0.9943890540875479,55,27,36,50,55,0.4909090909090909,0.6545454545454545,0.9090909090909091,1.0,2909.090909090909,55.0,10000.0,15.763486850079834,4.573806131461357,0.08316011148111557,7.7804867269497535,0.14146339503545005,2.442515939517388,0.04440938071849797,2.5495158190943625,10.0,55.0,0.9905272226032297,55.0,8.0,11.0,27.0,48.0,0.14545454545454545,0.2,0.4909090909090909,0.8727272727272727,181.8181818181818,5,72.62
features.34,conv,10,25,1,False,25,0,2.0,2.0,40000,90.12792470976213,6.31036602754875,0.25241464110195,10.309233174558988,0.41236932698235956,3.513262170589782,0.1405304868235913,2.3686911512010247,10,25,0.9679769516299411,25,12,16,22,25,0.48,0.64,0.88,1.0,1600.0,25.0,10000.0,16.007345381200313,5.828995582782314,0.23315982331129256,8.60070550502287,0.3440282202009148,3.030894886865149,0.12123579547460596,2.311744646728751,10.0,25.0,0.9602358911974515,25.0,8.0,10.0,19.0,25.0,0.32,0.4,0.76,1.0,400.0,5,72.62
features.37,conv,11,29,1,False,29,0,2.0,2.0,40000,15.144648303657823,7.225533854500301,0.2491563398103552,11.46706741210529,0.39541611765880313,3.939490127449049,0.1358444871534155,2.7324207389663617,10,29,0.958018747352122,29,13,17,24,29,0.4482758620689655,0.5862068965517241,0.8275862068965517,1.0,1379.3103448275863,29.0,10000.0,2.3532104278342514,5.180085967878682,0.17862365406478214,7.378581867438727,0.2544338574978871,2.898237197481936,0.09993921370627366,3.119925215971167,10.0,29.0,0.9648350415819461,29.0,7.0,9.0,16.0,26.0,0.2413793103448276,0.3103448275862069,0.5517241379310345,0.896551724137931,344.82758620689657,5,72.62
features.40,conv,12,35,1,False,35,0,2.0,2.0,40000,15.651794424790507,8.626458875212037,0.24647025357748678,13.503983053660777,0.38582808724745077,4.322026897733591,0.1234864827923883,3.0014083194905408,10,35,0.935402846458474,35,14,19,27,34,0.4,0.5428571428571428,0.7714285714285715,0.9714285714285714,1142.857142857143,35.0,10000.0,3.48733793019358,5.249980602223979,0.14999944577782798,7.152348178046749,0.20435280508704998,3.0583270528591457,0.08738077293883273,2.9869099706707356,10.0,35.0,0.9344240971477937,35.0,7.0,8.0,13.0,28.0,0.2,0.22857142857142856,0.37142857142857144,0.8,285.7142857142857,5,72.62
classifier,linear,13,10,1,False,10,0,,,10000,66.53470814704927,3.1082839443904886,0.31082839443904886,4.4424461706268294,0.4442446170626829,1.95430612189746,0.195430612189746,,10,10,,10,5,6,8,10,0.5,0.6,0.8,1.0,1000.0,,,,,,,,,,,,,,,,,,,,,,,,5,72.62
features.0,conv,0,9,1,False,9,0,32.0,32.0,160000,7.37377770506983,5.341281699018716,0.593475744335413,6.276246327393783,0.6973607030437536,3.5565443123715808,0.39517159026350895,,10,9,,9,6,7,8,9,0.6666666666666666,0.7777777777777778,0.8888888888888888,1.0,17777.777777777777,9.0,10000.0,0.9938587018587584,2.734124133639223,0.3037915704043581,2.970924612337144,0.33010273470412715,2.1085107992944074,0.2342789776993786,,10.0,9.0,,9.0,3.0,3.0,3.0,6.0,0.3333333333333333,0.3333333333333333,0.3333333333333333,0.6666666666666666,1111.111111111111,7,72.87
features.3,conv,1,19,1,False,19,0,32.0,32.0,160000,13.264809763116158,7.477760362252178,0.3935663348553778,9.430089259752458,0.4963204873553925,4.893344565569418,0.25754445081944305,3.6983602023326547,10,19,0.981940209994235,19,8,10,15,19,0.42105263157894735,0.5263157894736842,0.7894736842105263,1.0,8421.052631578947,19.0,10000.0,0.7068734908536393,2.8318727063317715,0.1490459319121985,3.4897594039978252,0.18367154757883292,2.105388338650249,0.11080991256053943,7.465554214844514,10.0,19.0,0.9733746716868983,19.0,3.0,4.0,6.0,10.0,0.15789473684210525,0.21052631578947367,0.3157894736842105,0.5263157894736842,526.3157894736842,7,72.87
features.7,conv,2,39,1,False,39,0,16.0,16.0,160000,28.305197245768934,12.480232590697172,0.3200059638640301,18.045653004610745,0.4627090514002755,5.51925848408229,0.1415194483098023,2.5608978187484905,10,39,0.9798838035211349,39,17,22,33,38,0.4358974358974359,0.5641025641025641,0.8461538461538461,0.9743589743589743,4102.5641025641025,39.0,10000.0,3.2221137999364404,4.199575615633156,0.1076814260418758,5.839485077261231,0.14973038659644183,2.681887474489684,0.0687663454997355,4.660040468136023,10.0,39.0,0.9838199183706011,39.0,6.0,7.0,10.0,20.0,0.15384615384615385,0.1794871794871795,0.2564102564102564,0.5128205128205128,256.4102564102564,7,72.87
features.10,conv,3,51,1,False,51,0,16.0,16.0,160000,34.06765428694629,14.64862696883408,0.2872279797810604,22.01041057236059,0.43157667788942333,6.177427738511903,0.12112603408846868,2.252787219361302,10,51,0.9876733744619859,51,21,29,43,50,0.4117647058823529,0.5686274509803921,0.8431372549019608,0.9803921568627451,3137.2549019607845,51.0,10000.0,4.202823987168153,4.125651281905149,0.08089512317461077,6.211639010199126,0.12179684333723777,2.3934274628624617,0.04692995025220513,4.155192571448242,10.0,51.0,0.9710765005428275,51.0,6.0,8.0,14.0,29.0,0.11764705882352941,0.1568627450980392,0.27450980392156865,0.5686274509803921,196.07843137254903,7,72.87
features.14,conv,4,97,1,False,97,0,8.0,8.0,160000,100.0158245922863,20.133290465966763,0.20755969552543055,31.449101767921476,0.3242175439991905,9.082784124805606,0.09363694974026399,2.2234248512663184,10,97,0.9891835565676566,97,30,43,75,94,0.30927835051546393,0.44329896907216493,0.7731958762886598,0.9690721649484536,1649.4845360824743,97.0,10000.0,12.689069434775588,6.005384792750361,0.06191118343041609,8.922967666574998,0.09198935738737112,3.3327322254954392,0.034358064180365355,3.3058597250574127,10.0,97.0,0.9691525160595553,97.0,8.0,11.0,26.0,59.0,0.08247422680412371,0.1134020618556701,0.26804123711340205,0.6082474226804123,103.09278350515464,7,72.87
features.17,conv,5,116,1,False,116,0,8.0,8.0,160000,91.01161443968742,23.841085178632067,0.20552659636751783,39.422637926769596,0.3398503269549103,10.33291770785629,0.08907687679186456,1.8528988055102038,10,116,0.9938511740415064,116,40,60,97,114,0.3448275862068966,0.5172413793103449,0.8362068965517241,0.9827586206896551,1379.3103448275863,116.0,10000.0,10.52079576148797,6.11610830164949,0.05272507156594388,10.31836596431822,0.0889514307268812,3.1322864205250385,0.027002469142457228,2.8577248446795847,10.0,116.0,0.9750640581815906,116.0,10.0,16.0,39.0,83.0,0.08620689655172414,0.13793103448275862,0.33620689655172414,0.7155172413793104,86.20689655172414,7,72.87
features.20,conv,6,131,1,False,131,0,8.0,8.0,160000,105.91792295281147,27.182666647838804,0.2075012721209069,45.022711199357566,0.34368481831570663,11.240893687918168,0.0858083487627341,1.7791712282130707,10,131,0.9948517882958392,131,47,70,111,129,0.35877862595419846,0.5343511450381679,0.8473282442748091,0.9847328244274809,1221.3740458015268,131.0,10000.0,12.25987474987495,6.050642619517992,0.046188111599373985,10.920296350234985,0.08336104084148843,3.0478006255832013,0.023265653630406117,2.773689574783806,10.0,131.0,0.9803001807906062,131.0,11.0,18.0,46.0,96.0,0.08396946564885496,0.13740458015267176,0.3511450381679389,0.732824427480916,76.33587786259542,7,72.87
features.24,conv,7,140,1,False,140,0,4.0,4.0,160000,205.622968547427,17.287984172944835,0.12348560123532025,35.46472101392036,0.25331943581371685,7.0627694333070155,0.05044835309505011,1.710356009786242,10,140,0.9941517383944163,140,44,69,116,137,0.3142857142857143,0.4928571428571429,0.8285714285714286,0.9785714285714285,1142.857142857143,140.0,10000.0,35.084855540595036,6.646059291176973,0.04747185207983552,11.970521239807034,0.08550372314147882,3.3945913466339226,0.024247081047385162,2.163151409368706,10.0,140.0,0.986833752783034,140.0,12.0,21.0,66.0,120.0,0.08571428571428572,0.15,0.4714285714285714,0.8571428571428571,71.42857142857143,7,72.87
features.27,conv,8,74,1,False,74,0,4.0,4.0,160000,115.51675713468009,16.82499057957178,0.2273647375617808,28.8983366494188,0.39051806282998375,6.9450257471519725,0.09385169928583746,1.6451424942977821,10,74,0.9924862707157743,74,33,46,66,74,0.44594594594594594,0.6216216216216216,0.8918918918918919,1.0,2162.162162162162,74.0,10000.0,25.184186064076204,5.607346760394978,0.07577495622155375,9.04055661058071,0.12216968392676635,3.0435610850562975,0.04112920385211213,2.1904561668141316,10.0,74.0,0.9938052424655156,74.0,8.0,13.0,37.0,66.0,0.10810810810810811,0.17567567567567569,0.5,0.8918918918918919,135.13513513513513,7,72.87
features.30,conv,9,55,1,False,55,0,4.0,4.0,160000,65.18455937607932,15.078301500895583,0.27415093637991966,24.476426503120273,0.4450259364203686,6.446397969382403,0.11720723580695278,1.8644078887041846,10,55,0.9920813160494518,55,26,35,49,55,0.4727272727272727,0.6363636363636364,0.8909090909090909,1.0,2909.090909090909,55.0,10000.0,14.12312238611982,5.310629264643876,0.09655689572079774,8.247267210421725,0.14995031291675864,2.8146326250719342,0.05117513863767153,2.5853419613817907,10.0,55.0,0.9908859049689747,55.0,7.0,10.0,25.0,47.0,0.12727272727272726,0.18181818181818182,0.45454545454545453,0.8545454545454545,181.8181818181818,7,72.87
features.34,conv,10,25,1,False,25,0,2.0,2.0,40000,80.11716072607997,6.123707806789584,0.24494831227158337,10.030350880557764,0.4012140352223106,3.50775856103968,0.1403103424415872,2.580699735268334,10,25,0.9536857311472049,25,11,15,22,25,0.44,0.6,0.88,1.0,1600.0,25.0,10000.0,14.45399161405985,5.690169027800444,0.22760676111201775,8.24111140018109,0.3296444560072436,3.0115818347433447,0.12046327338973378,2.2157605785275134,10.0,25.0,0.9528040936265053,25.0,8.0,9.0,19.0,24.0,0.32,0.36,0.76,0.96,400.0,7,72.87
features.37,conv,11,29,1,False,29,0,2.0,2.0,40000,13.954049245912476,7.254461375375978,0.2501538405302062,11.501063820656555,0.3965884076088467,4.052118313795072,0.13972821771707145,2.8368999856025567,10,29,0.9296429481927111,29,13,17,24,28,0.4482758620689655,0.5862068965517241,0.8275862068965517,0.9655172413793104,1379.3103448275863,29.0,10000.0,2.328912871746677,5.211613560513886,0.1797108124315133,7.077212256284023,0.24404180194082836,2.9758271211783036,0.10261472831649322,2.9998411438229353,10.0,29.0,0.9499517575830931,29.0,6.0,8.0,13.0,25.0,0.20689655172413793,0.27586206896551724,0.4482758620689655,0.8620689655172413,344.82758620689657,7,72.87
features.40,conv,12,35,1,False,35,0,2.0,2.0,40000,14.204068996458536,8.907906040622084,0.254511601160631,13.941169482581405,0.3983191280737544,4.443486460898101,0.12695675602566003,3.168416305805114,10,35,0.8943525746596083,35,15,19,27,33,0.42857142857142855,0.5428571428571428,0.7714285714285715,0.9428571428571428,1142.857142857143,35.0,10000.0,3.399580807941905,5.180953337367546,0.14802723821050132,7.056378751741659,0.20161082147833312,2.9132147290534465,0.08323470654438418,3.145987739319395,10.0,35.0,0.951788600908099,35.0,7.0,8.0,11.0,26.0,0.2,0.22857142857142856,0.3142857142857143,0.7428571428571429,285.7142857142857,7,72.87
classifier,linear,13,10,1,False,10,0,,,10000,64.44567615704904,2.9732583315662544,0.2973258331566254,4.43406516020025,0.443406516020025,1.8578454300415899,0.18578454300415898,,10,10,,10,5,6,8,9,0.5,0.6,0.8,0.9,1000.0,,,,,,,,,,,,,,,,,,,,,,,,7,72.87
features.0,conv,0,9,1,False,9,0,32.0,32.0,160000,10.720744507992535,4.665768585698086,0.5184187317442318,5.8832717852380325,0.6536968650264481,2.7566837754131437,0.30629819726812707,,10,9,,9,6,7,8,9,0.6666666666666666,0.7777777777777778,0.8888888888888888,1.0,17777.777777777777,9.0,10000.0,1.7745428397060161,2.3310206721406224,0.2590022969045136,2.679354587622542,0.2977060652913936,1.7285996011777809,0.19206662235308677,,10.0,9.0,,9.0,3.0,3.0,3.0,6.0,0.3333333333333333,0.3333333333333333,0.3333333333333333,0.6666666666666666,1111.111111111111,10,78.54
features.3,conv,1,19,1,False,19,0,32.0,32.0,160000,17.49338737596435,7.48372373697636,0.3938801966829663,9.462101455173505,0.49800533974597394,5.0785379601389,0.2672914715862579,4.549795027346,10,19,0.9964584067128537,19,8,10,15,19,0.42105263157894735,0.5263157894736842,0.7894736842105263,1.0,8421.052631578947,19.0,10000.0,1.0455049355618957,2.9684068347155095,0.15623193866923735,3.546406618945279,0.18665297994448837,2.1072363364079973,0.11090717560042092,7.883001573665825,10.0,19.0,0.9628107293907305,19.0,3.0,4.0,6.0,10.0,0.15789473684210525,0.21052631578947367,0.3157894736842105,0.5263157894736842,526.3157894736842,10,78.54
features.7,conv,2,39,1,False,39,0,16.0,16.0,160000,31.702802602091214,12.60451967264451,0.32319281211909,17.823780155279184,0.45702000398151754,6.115552217607747,0.15680903122071146,2.8190674932809676,10,39,0.9602245897453313,39,17,21,31,38,0.4358974358974359,0.5384615384615384,0.7948717948717948,0.9743589743589743,4102.5641025641025,39.0,10000.0,3.850539166736306,4.648028712954658,0.1191802234090938,6.2897134949675015,0.1612747049991667,2.761329226169143,0.07080331349151649,4.981425884645436,10.0,39.0,0.9764257303334059,39.0,6.0,7.0,10.0,19.0,0.15384615384615385,0.1794871794871795,0.2564102564102564,0.48717948717948717,256.4102564102564,10,78.54
features.10,conv,3,51,1,False,51,0,16.0,16.0,160000,29.95911232724725,15.288884032793328,0.29978203985869273,22.286748841530095,0.4369950753241195,6.504704881213398,0.12754323296496858,2.4723033857770136,10,51,0.9829237789467916,51,21,28,42,50,0.4117647058823529,0.5490196078431373,0.8235294117647058,0.9803921568627451,3137.2549019607845,51.0,10000.0,3.703744878825163,4.575314917329833,0.08971205720254574,6.78891423062233,0.1331159653063202,2.551532878549363,0.05003005644214437,4.308446780190918,10.0,51.0,0.9777028846621809,51.0,7.0,8.0,14.0,29.0,0.13725490196078433,0.1568627450980392,0.27450980392156865,0.5686274509803921,196.07843137254903,10,78.54
features.14,conv,4,97,1,False,97,0,8.0,8.0,160000,80.0833402872446,20.295339662369148,0.2092303057976201,31.500624104023704,0.3247487021033372,8.124496462238138,0.08375769548699112,2.387067078307142,10,97,0.9798929383639048,97,30,42,71,93,0.30927835051546393,0.4329896907216495,0.7319587628865979,0.9587628865979382,1649.4845360824743,97.0,10000.0,10.407683558333915,6.080198042982533,0.06268245405136633,9.298604655353536,0.09586190366343851,3.1454713352028487,0.0324275395381737,3.462279018598156,10.0,97.0,0.9661728162148321,97.0,8.0,11.0,27.0,58.0,0.08247422680412371,0.1134020618556701,0.27835051546391754,0.5979381443298969,103.09278350515464,10,78.54
features.17,conv,5,116,1,False,116,0,8.0,8.0,160000,65.71513634445084,24.822422368547784,0.21398639972886022,39.92845493288429,0.34421081838693357,9.671721803202539,0.08337691209657361,2.040155587534161,10,116,0.9862683740312693,116,39,56,94,113,0.33620689655172414,0.4827586206896552,0.8103448275862069,0.9741379310344828,1379.3103448275863,116.0,10000.0,7.74452800270837,6.201237804092726,0.053458946587006256,10.95682935598037,0.0944554254825894,2.9983305349227938,0.025847677025196497,3.026754830954035,10.0,116.0,0.9771569328743233,116.0,11.0,17.0,39.0,81.0,0.09482758620689655,0.14655172413793102,0.33620689655172414,0.6982758620689655,86.20689655172414,10,78.54
features.20,conv,6,131,1,False,131,0,8.0,8.0,160000,76.01372672553866,26.93060284719963,0.20557712097098954,43.90990426251137,0.3351901088741326,10.263544363868014,0.07834766689975584,1.9375152997437757,10,131,0.9900430088339309,131,43,64,107,128,0.3282442748091603,0.48854961832061067,0.816793893129771,0.9770992366412213,1221.3740458015268,131.0,10000.0,8.920126871538397,5.940041433217563,0.04534382773448521,11.069984934891835,0.08450370179306745,2.8849319054392693,0.022022380957551674,2.9395232211886544,10.0,131.0,0.982131349971058,131.0,12.0,18.0,43.0,92.0,0.0916030534351145,0.13740458015267176,0.3282442748091603,0.7022900763358778,76.33587786259542,10,78.54
features.24,conv,7,140,1,False,140,0,4.0,4.0,160000,146.85058524948528,21.21031100699433,0.15150222147853093,38.306440902321185,0.27361743501657987,9.71916416310649,0.06942260116504635,1.9052296702672655,10,140,0.9905137261084979,140,42,64,111,136,0.3,0.45714285714285713,0.7928571428571428,0.9714285714285714,1142.857142857143,140.0,10000.0,29.4695385825084,5.6669080448117946,0.04047791460579853,10.665886565459617,0.07618490403899726,2.85025983302923,0.020358998807351644,2.3194239289374816,10.0,140.0,0.9894459037207085,140.0,11.0,19.0,57.0,115.0,0.07857142857142857,0.1357142857142857,0.40714285714285714,0.8214285714285714,71.42857142857143,10,78.54
features.27,conv,8,74,1,False,74,0,4.0,4.0,160000,79.02630332763816,17.607549988614455,0.23793986471100614,29.005221102774286,0.39196244733478763,7.325889968748558,0.09899851309119673,1.8322838575471845,10,74,0.9895546743575734,74,31,43,64,73,0.4189189189189189,0.581081081081081,0.8648648648648649,0.9864864864864865,2162.162162162162,74.0,10000.0,20.54786690565991,4.836372096672593,0.06535637968476478,8.137424521072305,0.10996519623070682,2.606842101071299,0.035227595960422964,2.331715595214631,10.0,74.0,0.9949541976835211,74.0,8.0,11.0,32.0,63.0,0.10810810810810811,0.14864864864864866,0.43243243243243246,0.8513513513513513,135.13513513513513,10,78.54
features.30,conv,9,55,1,False,55,0,4.0,4.0,160000,45.751850436175914,16.054597288366185,0.2919017688793852,24.746562919891208,0.4499375076343856,7.029393820013069,0.127807160363874,2.074614569224982,10,55,0.9869326979702474,55,24,33,48,55,0.43636363636363634,0.6,0.8727272727272727,1.0,2909.090909090909,55.0,10000.0,11.643617836418239,4.532765549334734,0.08241391907881333,7.393092354121125,0.13441986098402045,2.4686439516546326,0.044884435484629684,2.7735578394106866,10.0,55.0,0.9895449726135712,55.0,7.0,10.0,22.0,45.0,0.12727272727272726,0.18181818181818182,0.4,0.8181818181818182,181.8181818181818,10,78.54
features.34,conv,10,25,1,False,25,0,2.0,2.0,40000,51.766911099023694,7.777153734252124,0.31108614937008494,11.958483563905,0.47833934255620003,4.17599328489694,0.1670397313958776,2.9164895603347545,10,25,0.9500061333990557,25,13,16,22,25,0.52,0.64,0.88,1.0,1600.0,25.0,10000.0,11.326133876637833,5.449798748482132,0.21799194993928528,7.712230286426341,0.30848921145705366,2.94755766357508,0.1179023065430032,2.5360260499208023,10.0,25.0,0.9397071882000961,25.0,7.0,9.0,16.0,24.0,0.28,0.36,0.64,0.96,400.0,10,78.54
features.37,conv,11,29,1,False,29,0,2.0,2.0,40000,11.193279126478181,8.779410967365855,0.3027383092195123,13.308224340757153,0.4589042876123156,4.2876587966195,0.14785030333170687,3.2163831558644382,10,29,0.8786147138438001,29,14,17,24,28,0.4827586206896552,0.5862068965517241,0.8275862068965517,0.9655172413793104,1379.3103448275863,29.0,10000.0,2.228155575088599,5.472430636433056,0.18870450470458813,7.00182792815136,0.24144234235004688,3.3754866492828373,0.1163960913545806,3.3104957719546073,10.0,29.0,0.9600929841180803,29.0,6.0,8.0,10.0,22.0,0.20689655172413793,0.27586206896551724,0.3448275862068966,0.7586206896551724,344.82758620689657,10,78.54
features.40,conv,12,35,1,False,35,0,2.0,2.0,40000,11.624888935286133,10.728538934485796,0.30652968384245133,15.781535891364776,0.450901025467565,5.293546413566524,0.15124418324475783,3.453416176981404,10,35,0.8688900654587338,35,16,20,27,33,0.45714285714285713,0.5714285714285714,0.7714285714285715,0.9428571428571428,1142.857142857143,35.0,10000.0,3.0477503037083733,5.717613120927767,0.1633603748836505,7.195830824439342,0.20559516641255263,3.559813125858667,0.10170894645310477,3.2886234173968383,10.0,35.0,0.9538458648009136,35.0,7.0,8.0,10.0,22.0,0.2,0.22857142857142856,0.2857142857142857,0.6285714285714286,285.7142857142857,10,78.54
classifier,linear,13,10,1,False,10,0,,,10000,70.02530906565141,3.1776870653923592,0.31776870653923595,4.676808841040867,0.46768088410408665,1.9480844767982308,0.19480844767982308,,10,10,,10,5,7,8,9,0.5,0.7,0.8,0.9,1000.0,,,,,,,,,,,,,,,,,,,,,,,,10,78.54
features.0,conv,0,9,1,False,9,0,32.0,32.0,160000,10.901343061937872,5.517905747032921,0.6131006385592134,6.457690875400512,0.7175212083778346,3.7862680289829136,0.42069644766476816,,10,9,,9,6,7,9,9,0.6666666666666666,0.7777777777777778,1.0,1.0,17777.777777777777,9.0,10000.0,1.3800572480020739,2.932244873919796,0.3258049859910884,3.092183540478859,0.3435759489420954,2.395086072781477,0.26612067475349743,,10.0,9.0,,9.0,3.0,3.0,3.0,6.0,0.3333333333333333,0.3333333333333333,0.3333333333333333,0.6666666666666666,1111.111111111111,15,78.11
features.3,conv,1,19,1,False,19,0,32.0,32.0,160000,22.05968616452028,7.481362522782782,0.3937559222517254,9.56768450875608,0.5035623425661095,4.7347779132203485,0.24919883753791308,5.09809512336112,10,19,0.9726551009781542,19,9,11,15,18,0.47368421052631576,0.5789473684210527,0.7894736842105263,0.9473684210526315,8421.052631578947,19.0,10000.0,0.9888094605766475,2.906294972296302,0.15296289327875273,3.524235027449938,0.18548605407631252,2.1993809016592456,0.11575688956101293,8.182400688298209,10.0,19.0,0.9816373764495999,19.0,3.0,4.0,6.0,10.0,0.15789473684210525,0.21052631578947367,0.3157894736842105,0.5263157894736842,526.3157894736842,15,78.11
features.7,conv,2,39,1,False,39,0,16.0,16.0,160000,39.406533565676135,11.653399643818194,0.29880511907226137,17.020815611590756,0.43643116952796807,5.162980048594406,0.13238410381011298,2.988358551332958,10,39,0.9616058673313445,39,16,21,31,38,0.41025641025641024,0.5384615384615384,0.7948717948717948,0.9743589743589743,4102.5641025641025,39.0,10000.0,4.2322217497258015,4.3526173498448895,0.11160557307294589,5.999718861935967,0.1538389451778453,2.623747083675734,0.06727556624809575,5.072679817163772,10.0,39.0,0.9790022156039572,39.0,6.0,7.0,10.0,19.0,0.15384615384615385,0.1794871794871795,0.2564102564102564,0.48717948717948717,256.4102564102564,15,78.11
features.10,conv,3,51,1,False,51,0,16.0,16.0,160000,25.048517014903258,14.662856750288512,0.2875069951036963,21.440318746409833,0.4203984067923497,6.462763702262589,0.1267208569071096,2.600455809949602,10,51,0.9692006156174138,51,20,27,40,50,0.39215686274509803,0.5294117647058824,0.7843137254901961,0.9803921568627451,3137.2549019607845,51.0,10000.0,2.746512276926599,3.602113170037917,0.07062967000074348,5.705168193624292,0.11186604301224103,2.1304030530347595,0.0417726088830345,4.203247989655902,10.0,51.0,0.9812608273590919,51.0,6.0,8.0,14.0,29.0,0.11764705882352941,0.1568627450980392,0.27450980392156865,0.5686274509803921,196.07843137254903,15,78.11
features.14,conv,4,97,1,False,97,0,8.0,8.0,160000,50.94816328899976,19.898577847757355,0.2051399778119315,31.087171267179713,0.3204863017235022,8.089464656344424,0.08339654284891158,2.4964521205367576,10,97,0.9665334787791455,97,30,41,68,91,0.30927835051546393,0.422680412371134,0.7010309278350515,0.9381443298969072,1649.4845360824743,97.0,10000.0,6.211336807898156,6.0687942164146556,0.06256488882901706,9.211580136338279,0.09496474367359051,3.3270299379703254,0.03429927771103428,3.5370804862004612,10.0,97.0,0.9701575355035075,97.0,8.0,12.0,26.0,57.0,0.08247422680412371,0.12371134020618557,0.26804123711340205,0.5876288659793815,103.09278350515464,15,78.11
features.17,conv,5,116,1,False,116,0,8.0,8.0,160000,32.63156282667167,25.132984733211483,0.21666366149320243,39.35103794877238,0.3392330857652791,10.062069244422965,0.08674197624502555,2.2260044058234496,10,116,0.973924266263148,116,37,53,88,112,0.31896551724137934,0.45689655172413796,0.7586206896551724,0.9655172413793104,1379.3103448275863,116.0,10000.0,3.543755793731975,7.447173789911812,0.0641997740509639,11.975048746272629,0.10323317884717784,3.9908792733945813,0.034404131667194665,3.162119990480647,10.0,116.0,0.975321624880561,116.0,11.0,18.0,39.0,79.0,0.09482758620689655,0.15517241379310345,0.33620689655172414,0.6810344827586207,86.20689655172414,15,78.11
features.20,conv,6,131,1,False,131,0,8.0,8.0,160000,29.145905255926678,27.648943254088536,0.2110606355273934,43.86753887128787,0.3348667089411288,12.185165381314484,0.09301652962835484,2.0923651693828464,10,131,0.9787516601277159,131,42,61,102,127,0.32061068702290074,0.46564885496183206,0.7786259541984732,0.9694656488549618,1221.3740458015268,131.0,10000.0,3.2818677084639836,7.308881388953779,0.05579298770193725,12.562804294164337,0.09589926942110182,3.636917633116986,0.027762730023793786,3.064772963864327,10.0,131.0,0.9793470978125985,131.0,13.0,20.0,44.0,91.0,0.09923664122137404,0.15267175572519084,0.33587786259541985,0.6946564885496184,76.33587786259542,15,78.11
features.24,conv,7,140,1,False,140,0,4.0,4.0,160000,51.93395757763147,21.098213399721434,0.15070152428372452,37.35358083517625,0.26681129167983036,8.440051903527225,0.06028608502519447,2.136152088033819,10,140,0.9801579570618385,140,39,57,102,134,0.2785714285714286,0.40714285714285714,0.7285714285714285,0.9571428571428572,1142.857142857143,140.0,10000.0,10.993756802280618,6.465014633721548,0.04617867595515392,11.383098638767239,0.08130784741976599,3.4312389124506457,0.02450884937464747,2.5826530443904385,10.0,140.0,0.9913305593962776,140.0,12.0,19.0,49.0,108.0,0.08571428571428572,0.1357142857142857,0.35,0.7714285714285715,71.42857142857143,15,78.11
features.27,conv,8,74,1,False,74,0,4.0,4.0,160000,33.02648219871128,15.391788606489863,0.2079971433309441,26.017284287607527,0.3515849228055071,6.162375543464065,0.08327534518194682,2.1640738334858933,10,74,0.9821444369200045,74,27,38,60,72,0.36486486486486486,0.5135135135135135,0.8108108108108109,0.972972972972973,2162.162162162162,74.0,10000.0,9.361995698138266,5.310401768154071,0.07176218605613609,8.250534742633555,0.11149371273829128,2.981380342085862,0.04028892354170084,2.703977091601425,10.0,74.0,0.995152274921944,74.0,8.0,10.0,25.0,58.0,0.10810810810810811,0.13513513513513514,0.33783783783783783,0.7837837837837838,135.13513513513513,15,78.11
features.30,conv,9,55,1,False,55,0,4.0,4.0,160000,23.222973968339495,15.465516319780457,0.28119120581419016,22.860961604948045,0.41565384736269173,7.733070061379597,0.1406012738432654,2.389785097027905,10,55,0.9796787528638667,55,22,29,45,54,0.4,0.5272727272727272,0.8181818181818182,0.9818181818181818,2909.090909090909,55.0,10000.0,5.935105866735427,4.893667952592137,0.08897578095622068,7.409771710023794,0.1347231220004326,2.6673939428107984,0.048498071687469065,3.059005423916135,10.0,55.0,0.9954861355279099,55.0,7.0,9.0,19.0,41.0,0.12727272727272726,0.16363636363636364,0.34545454545454546,0.7454545454545455,181.8181818181818,15,78.11
features.34,conv,10,25,1,False,25,0,2.0,2.0,40000,26.782135144075,9.392165469681673,0.37568661878726695,13.171202528125509,0.5268481011250203,4.921601785387624,0.19686407141550497,3.01567700907587,10,25,0.9472345202559781,25,13,16,21,25,0.52,0.64,0.84,1.0,1600.0,25.0,10000.0,6.28400151316232,5.293937094385096,0.21175748377540382,7.1360466103777105,0.28544186441510844,2.9566076804243844,0.11826430721697538,2.9807377086631113,10.0,25.0,0.9806633859240779,25.0,6.0,8.0,12.0,22.0,0.24,0.32,0.48,0.88,400.0,15,78.11
features.37,conv,11,29,1,False,29,0,2.0,2.0,40000,7.820454649561782,9.72999558530502,0.33551708914844897,13.782919678784232,0.4752730923718701,5.110569406334512,0.1762265312529142,3.4803661411594318,10,29,0.8460621306923206,29,13,17,23,28,0.4482758620689655,0.5862068965517241,0.7931034482758621,0.9655172413793104,1379.3103448275863,29.0,10000.0,1.5873422078577302,4.692931903931608,0.16182523806660717,6.308095318935146,0.21752052823914295,2.723252534036575,0.09390525979436465,3.577813508325399,10.0,29.0,0.9670747552846284,29.0,6.0,7.0,9.0,18.0,0.20689655172413793,0.2413793103448276,0.3103448275862069,0.6206896551724138,344.82758620689657,15,78.11
features.40,conv,12,35,1,False,35,0,2.0,2.0,40000,7.847387966438148,10.495386807082353,0.29986819448806723,15.312188154008705,0.4374910901145344,4.892509553731533,0.13978598724947236,4.073104665878065,10,35,0.8093921443543705,35,15,19,26,31,0.42857142857142855,0.5428571428571428,0.7428571428571429,0.8857142857142857,1142.857142857143,35.0,10000.0,1.94199116465774,4.910182446753863,0.14029092705011037,6.557741121779173,0.1873640320508335,2.715137280091405,0.07757535085975444,3.6657926901414344,10.0,35.0,0.9168227332412489,35.0,6.0,8.0,9.0,15.0,0.17142857142857143,0.22857142857142856,0.2571428571428571,0.42857142857142855,285.7142857142857,15,78.11
classifier,linear,13,10,1,False,10,0,,,10000,86.43944967058916,2.3417833706461155,0.23417833706461155,3.718315843120044,0.3718315843120044,1.5822609144589608,0.15822609144589608,,10,10,,10,5,6,8,9,0.5,0.6,0.8,0.9,1000.0,,,,,,,,,,,,,,,,,,,,,,,,15,78.11
features.0,conv,0,9,1,False,9,0,32.0,32.0,160000,13.943482453807789,5.407930867574287,0.6008812075082541,6.381379113694209,0.7090421237438009,3.5146087715298084,0.39051208572553425,,10,9,,9,6,7,9,9,0.6666666666666666,0.7777777777777778,1.0,1.0,17777.777777777777,9.0,10000.0,2.008176262047587,2.809901013758622,0.312211223750958,3.0142199722479504,0.33491333024977227,2.171670486117266,0.24129672067969624,,10.0,9.0,,9.0,3.0,3.0,3.0,6.0,0.3333333333333333,0.3333333333333333,0.3333333333333333,0.6666666666666666,1111.111111111111,20,79.22
features.3,conv,1,19,1,False,19,0,32.0,32.0,160000,29.565327113777904,7.67186165543458,0.4037821923912937,9.753701875499202,0.5133527302894316,4.511232354579869,0.23743328181999312,5.563706651486599,10,19,0.9422997221479567,19,9,11,15,18,0.47368421052631576,0.5789473684210527,0.7894736842105263,0.9473684210526315,8421.052631578947,19.0,10000.0,1.40934216210719,2.9407412703040747,0.15477585633179342,3.500944709071518,0.18426024784586936,2.2395327082179355,0.11787014253778608,8.055360719068036,10.0,19.0,0.9808172394199479,19.0,3.0,4.0,6.0,10.0,0.15789473684210525,0.21052631578947367,0.3157894736842105,0.5263157894736842,526.3157894736842,20,79.22
features.7,conv,2,39,1,False,39,0,16.0,16.0,160000,44.76548473053681,11.717143862362935,0.30043958621443423,17.491633600850594,0.44850342566283574,5.038867732796467,0.12920173673837093,2.8279757667254386,10,39,0.9582250604307602,39,17,22,32,38,0.4358974358974359,0.5641025641025641,0.8205128205128205,0.9743589743589743,4102.5641025641025,39.0,10000.0,4.7632679725159175,4.395244384923684,0.11269857397240216,6.366982848799023,0.16325597048202622,2.4296260343056755,0.06229810344373527,5.051405337467873,10.0,39.0,0.9631409501569013,39.0,6.0,8.0,10.0,20.0,0.15384615384615385,0.20512820512820512,0.2564102564102564,0.5128205128205128,256.4102564102564,20,79.22
features.10,conv,3,51,1,False,51,0,16.0,16.0,160000,26.632354872480835,14.456822165970479,0.2834671012935388,21.05403308821789,0.4128241782003508,6.387586497544277,0.12524679406949563,2.6496180522772455,10,51,0.9729744865541566,51,20,26,40,50,0.39215686274509803,0.5098039215686274,0.7843137254901961,0.9803921568627451,3137.2549019607845,51.0,10000.0,2.5845907444961886,4.379028041009445,0.08586329492175382,6.523289739763735,0.12790764195615167,2.4672381179418656,0.04837721799886011,4.271417325013305,10.0,51.0,0.9831742855965973,51.0,6.0,8.0,14.0,29.0,0.11764705882352941,0.1568627450980392,0.27450980392156865,0.5686274509803921,196.07843137254903,20,79.22
features.14,conv,4,97,1,False,97,0,8.0,8.0,160000,59.041022841328854,19.895027184650818,0.2051033730376373,31.287540747623805,0.3225519664703485,7.831026904290391,0.08073223612670506,2.490905842438854,10,97,0.9602476762816368,97,30,42,68,91,0.30927835051546393,0.4329896907216495,0.7010309278350515,0.9381443298969072,1649.4845360824743,97.0,10000.0,6.410428657406276,7.0216840542778005,0.07238849540492578,10.146728888467852,0.10460545245843146,4.446530258734503,0.045840518131283536,3.5485929253860147,10.0,97.0,0.9634202894906999,97.0,9.0,12.0,28.0,59.0,0.09278350515463918,0.12371134020618557,0.28865979381443296,0.6082474226804123,103.09278350515464,20,79.22
features.17,conv,5,116,1,False,116,0,8.0,8.0,160000,29.34251880051432,24.268079846452245,0.209207584883209,38.448864200333915,0.33145572586494754,10.219367519202304,0.08809799585519228,2.242293049132904,10,116,0.9691390719343921,116,37,53,86,111,0.31896551724137934,0.45689655172413796,0.7413793103448276,0.9568965517241379,1379.3103448275863,116.0,10000.0,2.9150477375218924,7.089685854121754,0.061117981501049606,11.940849546248971,0.10293835815731872,3.5404199360023094,0.03052086151726129,3.139436371172163,10.0,116.0,0.970186826950787,116.0,12.0,18.0,41.0,81.0,0.10344827586206896,0.15517241379310345,0.35344827586206895,0.6982758620689655,86.20689655172414,20,79.22
features.20,conv,6,131,1,False,131,0,8.0,8.0,160000,19.56960610913804,28.867372809064687,0.220361624496677,45.76223877540058,0.34933006698779073,11.707105599811007,0.08936721831916798,2.0929513116883354,10,131,0.9719084665818707,131,44,62,102,127,0.33587786259541985,0.4732824427480916,0.7786259541984732,0.9694656488549618,1221.3740458015268,131.0,10000.0,1.9186036881859445,7.353070746314015,0.056130311040565,13.250019134914183,0.10114518423598613,3.54147448015665,0.027034156337073664,3.0442948367225315,10.0,131.0,0.9782344888462096,131.0,14.0,22.0,47.0,94.0,0.10687022900763359,0.16793893129770993,0.35877862595419846,0.7175572519083969,76.33587786259542,20,79.22
features.24,conv,7,140,1,False,140,0,4.0,4.0,160000,23.37500682939252,24.251795334501537,0.17322710953215384,40.492601443084226,0.2892328674506016,9.609657123367196,0.0686404080240514,2.252581496989448,10,140,0.9743470688909651,140,40,57,100,133,0.2857142857142857,0.40714285714285714,0.7142857142857143,0.95,1142.857142857143,140.0,10000.0,4.891036489424574,7.076227733447301,0.05054448381033787,12.754277237064372,0.09110198026474552,3.2785134831669733,0.02341795345119267,2.667861771817445,10.0,140.0,0.9893011369893435,140.0,12.0,19.0,51.0,106.0,0.08571428571428572,0.1357142857142857,0.36428571428571427,0.7571428571428571,71.42857142857143,20,79.22
features.27,conv,8,74,1,False,74,0,4.0,4.0,160000,11.404629216574431,15.80913111269153,0.21363690692826393,25.849026752759116,0.34931117233458264,6.301643941675539,0.08515735056318295,2.3565816618034523,10,74,0.9741317640133056,74,26,36,57,72,0.35135135135135137,0.4864864864864865,0.7702702702702703,0.972972972972973,2162.162162162162,74.0,10000.0,3.355862526375925,5.502132521750681,0.07435314218582002,8.658841564017036,0.11701137248671671,2.8310581171170055,0.03825754212320278,2.917262084546403,10.0,74.0,0.9916048112170031,74.0,8.0,10.0,23.0,54.0,0.10810810810810811,0.13513513513513514,0.3108108108108108,0.7297297297297297,135.13513513513513,20,79.22
features.30,conv,9,55,1,False,55,0,4.0,4.0,160000,9.916217997347072,17.78870624654159,0.32343102266439255,25.019463914156493,0.4548993438937544,8.12927579378051,0.1478050144323729,2.6234554302085082,10,55,0.9572112657585428,55,23,30,44,53,0.41818181818181815,0.5454545454545454,0.8,0.9636363636363636,2909.090909090909,55.0,10000.0,2.494262316428596,5.1429881272418045,0.09350887504076008,7.780544286170603,0.14146444156673824,2.727873588631459,0.04959770161148107,3.343766856066384,10.0,55.0,0.9938949341847589,55.0,7.0,9.0,18.0,39.0,0.12727272727272726,0.16363636363636364,0.32727272727272727,0.7090909090909091,181.8181818181818,20,79.22
features.34,conv,10,25,1,False,25,0,2.0,2.0,40000,9.272359620072507,11.840329848973173,0.4736131939589269,15.430462882686179,0.6172185153074472,6.313148483282191,0.25252593933128764,2.9850890547097677,10,25,0.9463167430742139,25,14,17,22,25,0.56,0.68,0.88,1.0,1600.0,25.0,10000.0,2.3206976605449077,5.932957337816365,0.2373182935126546,7.5438307955301,0.301753231821204,3.399639757094952,0.13598559028379809,3.5555076841087327,10.0,25.0,0.9709038700967509,25.0,7.0,8.0,11.0,21.0,0.28,0.32,0.44,0.84,400.0,20,79.22
features.37,conv,11,29,1,False,29,0,2.0,2.0,40000,4.32532115108857,11.605410316870657,0.4001865626507123,15.56869882214141,0.5368516835221177,5.702531056348745,0.19663900194306017,3.647109695714088,10,29,0.8527029709298211,29,14,18,23,28,0.4827586206896552,0.6206896551724138,0.7931034482758621,0.9655172413793104,1379.3103448275863,29.0,10000.0,0.9264137194875163,5.645314511707827,0.1946660176450975,6.9999695985114245,0.24137826201763532,3.225228444248485,0.11121477393960294,4.2170378849378,10.0,29.0,0.9544086866369477,29.0,6.0,8.0,9.0,16.0,0.20689655172413793,0.27586206896551724,0.3103448275862069,0.5517241379310345,344.82758620689657,20,79.22
features.40,conv,12,35,1,False,35,0,2.0,2.0,40000,5.070427254925662,10.0036624713304,0.28581892775229717,15.10685194219115,0.43162434120546145,4.736908936471328,0.1353402553277522,4.376540232758523,10,35,0.7728594296503016,35,15,19,26,31,0.42857142857142855,0.5428571428571428,0.7428571428571429,0.8857142857142857,1142.857142857143,35.0,10000.0,1.118633330083787,6.194834941433232,0.1769952840409495,7.522069270740167,0.2149162648782905,3.464417274389947,0.09898335069685563,4.074493724362679,10.0,35.0,0.9266761179327194,35.0,7.0,8.0,9.0,13.0,0.2,0.22857142857142856,0.2571428571428571,0.37142857142857144,285.7142857142857,20,79.22
classifier,linear,13,10,1,False,10,0,,,10000,69.10033897692911,3.0281479489707097,0.30281479489707097,4.656547277346142,0.46565472773461425,1.8573452569558442,0.1857345256955844,,10,10,,10,6,7,9,9,0.6,0.7,0.9,0.9,1000.0,,,,,,,,,,,,,,,,,,,,,,,,20,79.22
features.0,conv,0,9,1,False,9,0,32.0,32.0,160000,15.067235851073622,5.344439911967247,0.5938266568852497,6.406357844401326,0.7118175382668139,3.4168936567109998,0.3796548507456666,,10,9,,9,6,7,9,9,0.6666666666666666,0.7777777777777778,1.0,1.0,17777.777777777777,9.0,10000.0,2.412831007245519,2.814873014167697,0.3127636682408552,3.007076540100035,0.3341196155666706,2.1716621029212035,0.24129578921346706,,10.0,9.0,,9.0,3.0,3.0,3.0,6.0,0.3333333333333333,0.3333333333333333,0.3333333333333333,0.6666666666666666,1111.111111111111,30,78.77
features.3,conv,1,19,1,False,19,0,32.0,32.0,160000,36.38940258299812,7.821875082363574,0.4116776359138723,10.085169278777137,0.5307983830935336,4.649942248383391,0.2447338025464943,6.064198704476043,10,19,0.9440311578249638,19,9,11,15,18,0.47368421052631576,0.5789473684210527,0.7894736842105263,0.9473684210526315,8421.052631578947,19.0,10000.0,1.420744808494813,3.032479799420836,0.1596041999695177,3.640298266926238,0.19159464562769674,2.2434432850003514,0.11807596236843955,8.732667584579954,10.0,19.0,0.9911289667343827,19.0,3.0,4.0,6.0,10.0,0.15789473684210525,0.21052631578947367,0.3157894736842105,0.5263157894736842,526.3157894736842,30,78.77
features.7,conv,2,39,1,False,39,0,16.0,16.0,160000,60.20340575110902,11.844094560441999,0.3036947323190256,17.396467529952535,0.44606326999878293,5.20807754815392,0.13354044995266462,2.9700465807228493,10,39,0.958722819179114,39,17,21,31,38,0.4358974358974359,0.5384615384615384,0.7948717948717948,0.9743589743589743,4102.5641025641025,39.0,10000.0,6.786159012934043,4.753486679816899,0.12188427384145896,6.393124326816139,0.1639262647901574,2.7711470310343382,0.07105505207780355,5.026977292912659,10.0,39.0,0.970764603346199,39.0,6.0,7.0,10.0,20.0,0.15384615384615385,0.1794871794871795,0.2564102564102564,0.5128205128205128,256.4102564102564,30,78.77
features.10,conv,3,51,1,False,51,0,16.0,16.0,160000,34.258444367812366,15.428296780596048,0.3025156231489421,21.88420524745382,0.42910206367556514,7.52330099027326,0.14751570569163255,2.6557405748836067,10,51,0.9673413232819253,51,20,27,40,49,0.39215686274509803,0.5294117647058824,0.7843137254901961,0.9607843137254902,3137.2549019607845,51.0,10000.0,3.118488194390768,5.294834214897419,0.1038202787234788,7.2918948486778215,0.14297833036623178,3.2379972658871914,0.0634901424683763,4.266189437265523,10.0,51.0,0.9723326003212095,51.0,7.0,8.0,15.0,30.0,0.13725490196078433,0.1568627450980392,0.29411764705882354,0.5882352941176471,196.07843137254903,30,78.77
features.14,conv,4,97,1,False,97,0,8.0,8.0,160000,65.74760326830526,22.455911225913,0.23150423944240206,34.01790762099648,0.35070007856697405,9.687970258858277,0.09987598205008533,2.410161242321853,10,97,0.957865585975413,97,32,44,71,92,0.32989690721649484,0.4536082474226804,0.7319587628865979,0.9484536082474226,1649.4845360824743,97.0,10000.0,7.417249529985188,7.349987008371928,0.07577306194197864,10.662026032932447,0.10991779415394275,4.0279799934570635,0.04152556694285633,3.4942739598809966,10.0,97.0,0.9669212809167342,97.0,9.0,13.0,29.0,60.0,0.09278350515463918,0.13402061855670103,0.29896907216494845,0.6185567010309279,103.09278350515464,30,78.77
features.17,conv,5,116,1,False,116,0,8.0,8.0,160000,33.150130101427095,25.15171480055133,0.21682512759095973,40.39364071841534,0.3482210406759943,9.312548137028607,0.08028058738817764,2.214313390219986,10,116,0.9654898851050677,116,39,55,88,112,0.33620689655172414,0.47413793103448276,0.7586206896551724,0.9655172413793104,1379.3103448275863,116.0,10000.0,3.569035400919677,6.592244364366658,0.05682969279626429,11.633499911821236,0.10028879234328651,3.201270076006204,0.02759715582763969,3.1418600718658833,10.0,116.0,0.9736068015479059,116.0,12.0,19.0,41.0,81.0,0.10344827586206896,0.16379310344827586,0.35344827586206895,0.6982758620689655,86.20689655172414,30,78.77
features.20,conv,6,131,1,False,131,0,8.0,8.0,160000,20.324167315673638,29.39437848503923,0.22438456858808573,46.56285130975657,0.35544161305157684,12.603621958295607,0.09621085464347791,2.03421599484393,10,131,0.9706259851140547,131,46,64,103,127,0.3511450381679389,0.48854961832061067,0.7862595419847328,0.9694656488549618,1221.3740458015268,131.0,10000.0,2.0710023782513822,7.744312550402673,0.059116889697730324,13.290673221418752,0.10145552077418894,3.8343960842866496,0.029270199116691983,2.964745448027812,10.0,131.0,0.9735862242891388,131.0,14.0,22.0,49.0,95.0,0.10687022900763359,0.16793893129770993,0.37404580152671757,0.7251908396946565,76.33587786259542,30,78.77
features.24,conv,7,140,1,False,140,0,4.0,4.0,160000,24.941670336611512,24.023721843042296,0.17159801316458784,40.75232815164017,0.2910880582260012,8.61375146831987,0.06152679620228479,2.280216050464813,10,140,0.9650738764594846,140,41,58,99,132,0.29285714285714287,0.4142857142857143,0.7071428571428572,0.9428571428571428,1142.857142857143,140.0,10000.0,5.6243857288382335,7.25367178935572,0.05181194135254086,12.580237513243933,0.0898588393803138,3.6627728823857177,0.02616266344561227,2.7544924429886057,10.0,140.0,0.9870932335323247,140.0,13.0,19.0,49.0,104.0,0.09285714285714286,0.1357142857142857,0.35,0.7428571428571429,71.42857142857143,30,78.77
features.27,conv,8,74,1,False,74,0,4.0,4.0,160000,10.445773355081963,16.18862659181663,0.21876522421373823,25.08894593983767,0.33903980999780636,6.81685492910578,0.09211966120413216,2.626449635924941,10,74,0.9720985005115587,74,24,32,53,70,0.32432432432432434,0.43243243243243246,0.7162162162162162,0.9459459459459459,2162.162162162162,74.0,10000.0,3.1902263973953917,5.962120276061654,0.08056919291975208,8.761042655083674,0.11839246831194154,3.1731142194078883,0.04287992188389038,3.11771974645146,10.0,74.0,0.9918267449042344,74.0,8.0,10.0,22.0,50.0,0.10810810810810811,0.13513513513513514,0.2972972972972973,0.6756756756756757,135.13513513513513,30,78.77
features.30,conv,9,55,1,False,55,0,4.0,4.0,160000,8.348211589428779,17.466761922450903,0.31757748949910736,24.633115062091257,0.4478748193107501,8.163736331656896,0.14843156966648902,2.7890194701173656,10,55,0.9437433264775348,55,22,29,43,53,0.4,0.5272727272727272,0.7818181818181819,0.9636363636363636,2909.090909090909,55.0,10000.0,2.0068533541642046,5.732818260754557,0.10423305928644648,8.170546124048451,0.14855538407360822,3.1478492014651795,0.05723362184482145,3.737001117869147,10.0,55.0,0.9875269577588418,55.0,7.0,9.0,18.0,36.0,0.12727272727272726,0.16363636363636364,0.32727272727272727,0.6545454545454545,181.8181818181818,30,78.77
features.34,conv,10,25,1,False,25,0,2.0,2.0,40000,6.986415338144192,12.426880228207247,0.4970752091282899,15.621877583448402,0.624875103337936,7.211872529320206,0.2884749011728082,3.4344782870480843,10,25,0.8348970261444779,25,14,17,22,24,0.56,0.68,0.88,0.96,1600.0,25.0,10000.0,1.6150091275835932,5.9487941174722305,0.23795176469888923,7.25791422672145,0.290316569068858,4.053226351421472,0.16212905405685887,4.2674168573744735,10.0,25.0,0.9537181084849699,25.0,6.0,8.0,10.0,19.0,0.24,0.32,0.4,0.76,400.0,30,78.77
features.37,conv,11,29,1,False,29,0,2.0,2.0,40000,3.868077840414809,12.520570594083415,0.43174381358908326,16.175612554239812,0.5577797432496487,6.305826170874934,0.21744228175430808,4.0901156066971165,10,29,0.8652520669974127,29,14,18,23,27,0.4827586206896552,0.6206896551724138,0.7931034482758621,0.9310344827586207,1379.3103448275863,29.0,10000.0,0.8993644202405401,5.770295765828847,0.1989757160630637,6.960249113152229,0.24000859010869754,3.4860889302866807,0.12020996311333382,5.14491912502877,10.0,29.0,0.9493282624298391,29.0,6.0,7.0,9.0,13.0,0.20689655172413793,0.2413793103448276,0.3103448275862069,0.4482758620689655,344.82758620689657,30,78.77
features.40,conv,12,35,1,False,35,0,2.0,2.0,40000,4.842407835809755,10.484345812089616,0.29955273748827477,15.629250182184105,0.44655000520526017,4.752759908183399,0.1357931402338114,4.780998853820715,10,35,0.7158866039845192,35,15,19,26,31,0.42857142857142855,0.5428571428571428,0.7428571428571429,0.8857142857142857,1142.857142857143,35.0,10000.0,1.12360893996749,6.291066396704102,0.17974475419154579,7.568310269447712,0.2162374362699346,3.7339246865765032,0.10668356247361438,4.964377429857308,10.0,35.0,0.9017141879903878,35.0,7.0,8.0,9.0,11.0,0.2,0.22857142857142856,0.2571428571428571,0.3142857142857143,285.7142857142857,30,78.77
classifier,linear,13,10,1,False,10,0,,,10000,70.62643943220723,3.730201935139529,0.3730201935139529,5.370612412693067,0.5370612412693067,2.148591507501968,0.21485915075019682,,10,10,,10,6,7,8,9,0.6,0.7,0.8,0.9,1000.0,,,,,,,,,,,,,,,,,,,,,,,,30,78.77
features.0,conv,0,9,1,False,9,0,32.0,32.0,160000,14.981484097559814,5.038792683100128,0.5598658536777921,6.234991958044953,0.692776884227217,2.969133319357062,0.3299037021507847,,10,9,,9,6,7,9,9,0.6666666666666666,0.7777777777777778,1.0,1.0,17777.777777777777,9.0,10000.0,2.9383738950423113,2.498585713230597,0.27762063480339966,2.801798880726775,0.3113109867474194,1.8267639069116086,0.20297376743462317,,10.0,9.0,,9.0,3.0,3.0,3.0,6.0,0.3333333333333333,0.3333333333333333,0.3333333333333333,0.6666666666666666,1111.111111111111,40,76.82
features.3,conv,1,19,1,False,19,0,32.0,32.0,160000,35.32837192739211,8.606055059412602,0.45295026628487384,10.748718287567897,0.5657220151351524,4.9655664597433224,0.2613456031443854,5.449658059408019,10,19,0.9762033413861566,19,10,12,15,18,0.5263157894736842,0.631578947368421,0.7894736842105263,0.9473684210526315,8421.052631578947,19.0,10000.0,2.2491404900497636,2.5565605953012738,0.1345558208053302,3.072910092600009,0.16173211013684258,1.9901707092953196,0.10474582680501682,7.7049877541899106,10.0,19.0,0.9815549148451354,19.0,3.0,3.0,5.0,9.0,0.15789473684210525,0.15789473684210525,0.2631578947368421,0.47368421052631576,526.3157894736842,40,76.82
features.7,conv,2,39,1,False,39,0,16.0,16.0,160000,56.278632622755495,12.703255786162064,0.3257245073374888,18.221242128979448,0.4672113366404987,5.729347745853947,0.14690635245779352,2.9126016752244466,10,39,0.9339407515955405,39,17,22,31,38,0.4358974358974359,0.5641025641025641,0.7948717948717948,0.9743589743589743,4102.5641025641025,39.0,10000.0,6.164410630732211,4.95006828827321,0.12692482790444126,6.560900869585564,0.16822822742527085,3.128720248988411,0.08022359612790798,4.96000956927465,10.0,39.0,0.9760770963460359,39.0,6.0,7.0,10.0,20.0,0.15384615384615385,0.1794871794871795,0.2564102564102564,0.5128205128205128,256.4102564102564,40,76.82
features.10,conv,3,51,1,False,51,0,16.0,16.0,160000,34.880672476510654,15.927390337697647,0.31230177132740483,22.4573863813846,0.44034090943891374,7.367606824032531,0.14446287890259865,2.6728895816639846,10,51,0.9629718816437951,51,20,27,40,49,0.39215686274509803,0.5294117647058824,0.7843137254901961,0.9607843137254902,3137.2549019607845,51.0,10000.0,2.9381252206053765,5.1617824325323625,0.1012114202457326,7.16713634112665,0.14053208512013038,3.062993402180261,0.060058694160397275,4.201377692859025,10.0,51.0,0.9662725800582039,51.0,7.0,8.0,15.0,30.0,0.13725490196078433,0.1568627450980392,0.29411764705882354,0.5882352941176471,196.07843137254903,40,76.82
features.14,conv,4,97,1,False,97,0,8.0,8.0,160000,71.09921319830559,20.731675473422655,0.2137286131280686,33.21918984963503,0.3424658747385054,7.693843025609164,0.07931796933617695,2.3824144584797917,10,97,0.9562989347636117,97,32,45,72,92,0.32989690721649484,0.4639175257731959,0.7422680412371134,0.9484536082474226,1649.4845360824743,97.0,10000.0,8.239828972470857,7.1121667921642775,0.0733213071357142,10.175483103611006,0.10490188766609285,4.230492407259142,0.04361332378617672,3.4423954936411665,10.0,97.0,0.9663821899635303,97.0,8.0,12.0,29.0,60.0,0.08247422680412371,0.12371134020618557,0.29896907216494845,0.6185567010309279,103.09278350515464,40,76.82
features.17,conv,5,116,1,False,116,0,8.0,8.0,160000,33.066213963568266,23.5091122895536,0.20266476111684137,40.03694196485893,0.3451460514211977,7.601769920984896,0.06553249931883531,2.15692861046068,10,116,0.9669649940970169,116,40,56,90,112,0.3448275862068966,0.4827586206896552,0.7758620689655172,0.9655172413793104,1379.3103448275863,116.0,10000.0,3.6820585527895258,6.673546558144993,0.05753057377711201,11.198957751339462,0.09654273923568502,3.616256239064393,0.031174622750555114,3.0638341837529834,10.0,116.0,0.9691637805309172,116.0,11.0,17.0,41.0,81.0,0.09482758620689655,0.14655172413793102,0.35344827586206895,0.6982758620689655,86.20689655172414,40,76.82
features.20,conv,6,131,1,False,131,0,8.0,8.0,160000,21.37551646097077,31.17527257512579,0.23797917996279228,49.0928811915845,0.37475481825637025,12.45401271177433,0.09506879932652161,2.0034412241898885,10,131,0.9666281433075334,131,48,67,105,127,0.366412213740458,0.5114503816793893,0.8015267175572519,0.9694656488549618,1221.3740458015268,131.0,10000.0,2.2434010457489375,6.794484390718309,0.05186629305891839,12.721778623716396,0.0971128139214992,3.3146699721937063,0.025302824215219132,3.0041594855629987,10.0,131.0,0.9740089289500841,131.0,14.0,22.0,48.0,94.0,0.10687022900763359,0.16793893129770993,0.366412213740458,0.7175572519083969,76.33587786259542,40,76.82
features.24,conv,7,140,1,False,140,0,4.0,4.0,160000,23.664883087612,26.337919283387283,0.18812799488133775,43.327742933744624,0.3094838780981759,9.850595594070017,0.07036139710050011,2.21890364557155,10,140,0.9682295391458502,140,43,60,102,134,0.30714285714285716,0.42857142857142855,0.7285714285714285,0.9571428571428572,1142.857142857143,140.0,10000.0,5.0846144839254475,8.633154761771197,0.061665391155508543,14.803349850619465,0.10573821321871046,4.029544120987642,0.028782458007054583,2.751437287647001,10.0,140.0,0.9872424520803682,140.0,14.0,21.0,53.0,107.0,0.1,0.15,0.37857142857142856,0.7642857142857142,71.42857142857143,40,76.82
features.27,conv,8,74,1,False,74,0,4.0,4.0,160000,7.959076855657314,16.698172278959618,0.22565097674269755,25.954388965092086,0.35073498601475794,6.978404478690731,0.09430276322555042,2.5659045256533575,10,74,0.9619231157858595,74,25,34,54,70,0.33783783783783783,0.4594594594594595,0.7297297297297297,0.9459459459459459,2162.162162162162,74.0,10000.0,2.4305607063599863,6.557468242723673,0.08861443571248206,9.716700133394054,0.13130675855937912,3.3281194317244784,0.04497458691519565,3.194057948735717,10.0,74.0,0.9934799727618894,74.0,9.0,11.0,23.0,52.0,0.12162162162162163,0.14864864864864866,0.3108108108108108,0.7027027027027027,135.13513513513513,40,76.82
features.30,conv,9,55,1,False,55,0,4.0,4.0,160000,6.702041703816278,16.026566424800535,0.2913921168145552,22.739031373190393,0.41343693405800713,7.821310261822968,0.14220564112405396,2.91882487425012,10,55,0.9510553691432204,55,21,27,41,52,0.38181818181818183,0.4909090909090909,0.7454545454545455,0.9454545454545454,2909.090909090909,55.0,10000.0,1.5924418192792573,4.9594713452799635,0.09017220627781752,7.560608248763075,0.137465604522965,2.6574059426938454,0.048316471685342643,3.887803043327916,10.0,55.0,0.9880211989813212,55.0,7.0,9.0,18.0,34.0,0.12727272727272726,0.16363636363636364,0.32727272727272727,0.6181818181818182,181.8181818181818,40,76.82
features.34,conv,10,25,1,False,25,0,2.0,2.0,40000,5.747675285005182,10.946574746814319,0.43786298987257277,13.937788473362396,0.5575115389344958,6.536894557999304,0.26147578231997215,3.767953297571888,10,25,0.9140914298085508,25,12,16,20,24,0.48,0.64,0.8,0.96,1600.0,25.0,10000.0,1.227115755102881,5.11517401634128,0.2046069606536512,6.605103465899819,0.26420413863599274,3.371024454876056,0.13484097819504226,4.901659871899029,10.0,25.0,0.9622330290892674,25.0,6.0,7.0,10.0,17.0,0.24,0.28,0.4,0.68,400.0,40,76.82
features.37,conv,11,29,1,False,29,0,2.0,2.0,40000,3.0257615052136826,12.092434195453139,0.4169804894983841,15.470869065124667,0.5334782436249885,6.482423057677785,0.22353182957509604,4.363381500317791,10,29,0.8931277298595287,29,14,17,22,27,0.4827586206896552,0.5862068965517241,0.7586206896551724,0.9310344827586207,1379.3103448275863,29.0,10000.0,0.6767538645276379,5.329719405014576,0.18378342775912332,6.701404494254147,0.2310829135949706,3.147262660071485,0.10852629862315466,5.491379510009674,10.0,29.0,0.9632823910190113,29.0,6.0,7.0,9.0,13.0,0.20689655172413793,0.2413793103448276,0.3103448275862069,0.4482758620689655,344.82758620689657,40,76.82
features.40,conv,12,35,1,False,35,0,2.0,2.0,40000,4.071019825226708,10.16600250084068,0.2904572143097337,14.937459915587933,0.42678456901679807,4.55765272157157,0.13021864918775913,4.922734448894199,10,35,0.7841811406386567,35,15,18,25,30,0.42857142857142855,0.5142857142857142,0.7142857142857143,0.8571428571428571,1142.857142857143,35.0,10000.0,0.9551748492024306,5.483242965809666,0.15666408473741902,6.97026656167381,0.1991504731906803,3.0761535103819617,0.08789010029662747,5.060587637524362,10.0,35.0,0.9321661935821399,35.0,7.0,8.0,9.0,11.0,0.2,0.22857142857142856,0.2571428571428571,0.3142857142857143,285.7142857142857,40,76.82
classifier,linear,13,10,1,False,10,0,,,10000,70.65174910596242,2.991131063999868,0.2991131063999868,4.432726728346487,0.44327267283464866,1.87761586153229,0.187761586153229,,10,10,,10,5,7,8,9,0.5,0.7,0.8,0.9,1000.0,,,,,,,,,,,,,,,,,,,,,,,,40,76.82
features.0,conv,0,9,1,False,9,0,32.0,32.0,160000,12.806362573980984,5.11181498367115,0.5679794426301278,6.1100863057851225,0.6788984784205692,3.259813605514207,0.3622015117238008,,10,9,,9,5,7,9,9,0.5555555555555556,0.7777777777777778,1.0,1.0,17777.777777777777,9.0,10000.0,2.50571969244046,2.260820092638436,0.25120223251538176,2.6142149753703334,0.29046833059670374,1.6818382408267003,0.18687091564741115,,10.0,9.0,,9.0,3.0,3.0,3.0,5.0,0.3333333333333333,0.3333333333333333,0.3333333333333333,0.5555555555555556,1111.111111111111,50,83.61
features.3,conv,1,19,1,False,19,0,32.0,32.0,160000,34.10974700433269,8.537377751146378,0.4493356711129673,10.646451243541424,0.5603395391337592,5.201090400903101,0.2737416000475316,5.901149160271601,10,19,0.9746480138804453,19,10,11,15,18,0.5263157894736842,0.5789473684210527,0.7894736842105263,0.9473684210526315,8421.052631578947,19.0,10000.0,1.8495092423808017,2.473600271474119,0.13018948797232205,3.0868057863671257,0.16246346244037504,1.8170965298987318,0.09563665946835431,9.262863236371746,10.0,19.0,0.9919332849286315,19.0,3.0,3.0,6.0,10.0,0.15789473684210525,0.15789473684210525,0.3157894736842105,0.5263157894736842,526.3157894736842,50,83.61
features.7,conv,2,39,1,False,39,0,16.0,16.0,160000,58.92474211746563,12.63593348339212,0.3239982944459518,18.098781201225325,0.46407131285193143,5.76874657233181,0.1479165787777387,2.8630535123095053,10,39,0.9566324644606323,39,17,22,31,38,0.4358974358974359,0.5641025641025641,0.7948717948717948,0.9743589743589743,4102.5641025641025,39.0,10000.0,6.717897919364618,4.957663445805757,0.12711957553348094,6.483315975921521,0.16623887117747488,3.150944774484145,0.08079345575600372,5.089810245119919,10.0,39.0,0.9842063873562825,39.0,6.0,7.0,11.0,20.0,0.15384615384615385,0.1794871794871795,0.28205128205128205,0.5128205128205128,256.4102564102564,50,83.61
features.10,conv,3,51,1,False,51,0,16.0,16.0,160000,33.49685446334881,15.835962885191021,0.3105090761802161,22.321301477811012,0.43767257799629433,7.615225555798027,0.14931814815290248,2.646176900285724,10,51,0.9671180195404567,51,20,27,40,50,0.39215686274509803,0.5294117647058824,0.7843137254901961,0.9803921568627451,3137.2549019607845,51.0,10000.0,3.0545188100165706,4.79279522399273,0.09397637694103392,6.862474559493232,0.13455832469594572,2.7278074322328827,0.053486420239860444,4.199160830606865,10.0,51.0,0.9678378222308448,51.0,6.0,8.0,15.0,30.0,0.11764705882352941,0.1568627450980392,0.29411764705882354,0.5882352941176471,196.07843137254903,50,83.61
features.14,conv,4,97,1,False,97,0,8.0,8.0,160000,63.03626130891073,23.32065618595311,0.2404191359376609,36.29973098601871,0.37422403078369804,9.001944157154062,0.09280354801189755,2.3018569138677467,10,97,0.9493621361050448,97,35,48,74,93,0.36082474226804123,0.4948453608247423,0.7628865979381443,0.9587628865979382,1649.4845360824743,97.0,10000.0,6.921835777365067,7.823362521502378,0.08065322187115853,11.327251465548017,0.11677578830461872,4.480235478459488,0.0461879946232937,3.4329929995190795,10.0,97.0,0.9702724627270137,97.0,9.0,14.0,31.0,62.0,0.09278350515463918,0.14432989690721648,0.31958762886597936,0.6391752577319587,103.09278350515464,50,83.61
features.17,conv,5,116,1,False,116,0,8.0,8.0,160000,29.649498947313518,25.679561852575738,0.22137553321185982,42.43307945811775,0.36580240912170475,8.980185468640903,0.07741539197104226,2.093051642564763,10,116,0.9597694424066641,116,42,58,91,112,0.3620689655172414,0.5,0.7844827586206896,0.9655172413793104,1379.3103448275863,116.0,10000.0,3.143729861561043,6.436729777230642,0.055489049803712436,11.7160029980589,0.10100002584533535,3.080167564698556,0.026553168661194445,3.048988981813302,10.0,116.0,0.964950173993929,116.0,12.0,20.0,44.0,83.0,0.10344827586206896,0.1724137931034483,0.3793103448275862,0.7155172413793104,86.20689655172414,50,83.61
features.20,conv,6,131,1,False,131,0,8.0,8.0,160000,19.37232023298986,30.667139882544188,0.2341003044469022,49.82548684423532,0.38034722781859026,11.38632182410759,0.08691848720692817,1.9305052288538105,10,131,0.9657170823531094,131,50,69,107,128,0.3816793893129771,0.5267175572519084,0.816793893129771,0.9770992366412213,1221.3740458015268,131.0,10000.0,1.8959515977635426,6.934569143793561,0.05293564231903482,13.483890963453662,0.10293046536987528,3.2262154767021367,0.024627599058794938,2.9435153368553424,10.0,131.0,0.9708661482079539,131.0,15.0,24.0,52.0,98.0,0.11450381679389313,0.183206106870229,0.3969465648854962,0.7480916030534351,76.33587786259542,50,83.61
features.24,conv,7,140,1,False,140,0,4.0,4.0,160000,23.135905423795172,27.85235916043865,0.19894542257456177,46.0219349570023,0.3287281068357307,11.09193731672892,0.07922812369092086,2.1637881336987883,10,140,0.9625022465250203,140,45,64,105,134,0.32142857142857145,0.45714285714285713,0.75,0.9571428571428572,1142.857142857143,140.0,10000.0,4.874879306792068,8.67731029125546,0.06198078779468185,15.529327406394458,0.11092376718853185,3.922530364974751,0.028018074035533934,2.7603494719585533,10.0,140.0,0.9890634222985774,140.0,16.0,23.0,56.0,110.0,0.11428571428571428,0.16428571428571428,0.4,0.7857142857142857,71.42857142857143,50,83.61
features.27,conv,8,74,1,False,74,0,4.0,4.0,160000,7.675068676696468,16.751386199017155,0.2263700837705021,26.901115844299007,0.3635285924905271,6.138579539507111,0.08295377756090691,2.52799367793978,10,74,0.965478840833818,74,26,35,55,71,0.35135135135135137,0.47297297297297297,0.7432432432432432,0.9594594594594594,2162.162162162162,74.0,10000.0,2.3793895912560794,5.997933901777553,0.0810531608348318,9.551095579222894,0.12906885917868777,2.9592355242098995,0.039989669246079725,3.203166525275519,10.0,74.0,0.9914263092123801,74.0,9.0,11.0,24.0,53.0,0.12162162162162163,0.14864864864864866,0.32432432432432434,0.7162162162162162,135.13513513513513,50,83.61
features.30,conv,9,55,1,False,55,0,4.0,4.0,160000,6.167889163158082,16.563903664728652,0.30116188481324824,23.909124839471225,0.43471136071765865,7.6716659196724235,0.13948483490313499,2.715899477320229,10,55,0.9506424782021118,55,22,29,43,53,0.4,0.5272727272727272,0.7818181818181819,0.9636363636363636,2909.090909090909,55.0,10000.0,1.380699705239304,6.051369977341991,0.11002490867894528,8.604733180692271,0.15644969419440494,3.2386064222399127,0.058883753131634776,3.7726696915624585,10.0,55.0,0.9901994198936919,55.0,8.0,10.0,18.0,36.0,0.14545454545454545,0.18181818181818182,0.32727272727272727,0.6545454545454545,181.8181818181818,50,83.61
features.34,conv,10,25,1,False,25,0,2.0,2.0,40000,5.062123086205425,11.450746667860368,0.45802986671441476,14.521694489096431,0.5808677795638573,6.387165877205786,0.25548663508823144,3.8220251268178673,10,25,0.9158428398825762,25,13,16,21,24,0.52,0.64,0.84,0.96,1600.0,25.0,10000.0,1.0581536082188783,6.251597857804429,0.25006391431217717,7.278056150267209,0.29112224601068837,4.487369716312099,0.17949478865248394,4.729963823610487,10.0,25.0,0.9786647909163587,25.0,6.0,7.0,10.0,17.0,0.24,0.28,0.4,0.68,400.0,50,83.61
features.37,conv,11,29,1,False,29,0,2.0,2.0,40000,2.4676038973078267,12.904974332141878,0.44499911490144406,16.16084347909757,0.5572704647964679,7.313350047043331,0.2521844843808045,4.367713901323267,10,29,0.8709373947816977,29,14,17,22,27,0.4827586206896552,0.5862068965517241,0.7586206896551724,0.9310344827586207,1379.3103448275863,29.0,10000.0,0.571145855634872,6.083136435290137,0.2097633253548323,7.094727893210598,0.24464578942105508,4.270111201861915,0.1472452138573074,5.728001407233274,10.0,29.0,0.9536622054741982,29.0,6.0,7.0,9.0,13.0,0.20689655172413793,0.2413793103448276,0.3103448275862069,0.4482758620689655,344.82758620689657,50,83.61
features.40,conv,12,35,1,False,35,0,2.0,2.0,40000,3.5325473264880762,11.577047429892376,0.33077278371121077,16.399182339150258,0.4685480668328645,5.3372734459187985,0.15249352702625138,4.899977093401807,10,35,0.7814017645107839,35,15,19,25,31,0.42857142857142855,0.5428571428571428,0.7142857142857143,0.8857142857142857,1142.857142857143,35.0,10000.0,0.8429080825671726,6.554640005724227,0.18727542873497793,7.861871476310829,0.22462489932316654,3.6009988386512206,0.10288568110432059,5.317165786258813,10.0,35.0,0.9151182204817349,35.0,7.0,8.0,9.0,12.0,0.2,0.22857142857142856,0.2571428571428571,0.34285714285714286,285.7142857142857,50,83.61
classifier,linear,13,10,1,False,10,0,,,10000,71.08686042023491,3.6765697368680126,0.3676569736868013,5.3578471943499855,0.5357847194349985,2.1240769839705087,0.21240769839705087,,10,10,,10,6,7,9,9,0.6,0.7,0.9,0.9,1000.0,,,,,,,,,,,,,,,,,,,,,,,,50,83.61
features.0,conv,0,9,1,False,9,0,32.0,32.0,160000,13.228432921283177,5.156420338392705,0.572935593154745,6.287196937703061,0.6985774375225623,3.202441994829932,0.3558268883144369,,10,9,,9,6,7,9,9,0.6666666666666666,0.7777777777777778,1.0,1.0,17777.777777777777,9.0,10000.0,2.6676882710155376,2.2284845204459356,0.2476093911606595,2.6154678058039305,0.2906075339782145,1.636646341460692,0.18184959349563246,,10.0,9.0,,9.0,3.0,3.0,3.0,6.0,0.3333333333333333,0.3333333333333333,0.3333333333333333,0.6666666666666666,1111.111111111111,60,82.96
features.3,conv,1,19,1,False,19,0,32.0,32.0,160000,32.10974746004587,8.11605843855555,0.4271609704502921,10.379732037359645,0.5463016861768234,4.413940730773219,0.23231267004069575,5.6261189509325815,10,19,0.9524495787134362,19,10,11,15,18,0.5263157894736842,0.5789473684210527,0.7894736842105263,0.9473684210526315,8421.052631578947,19.0,10000.0,1.9832602635664427,2.2320807496606903,0.1174779341926679,2.858948858186207,0.15047099253611615,1.6261407401559906,0.08558635474505213,7.115904034770437,10.0,19.0,0.9724912942994139,19.0,3.0,3.0,5.0,9.0,0.15789473684210525,0.15789473684210525,0.2631578947368421,0.47368421052631576,526.3157894736842,60,82.96
features.7,conv,2,39,1,False,39,0,16.0,16.0,160000,54.17587427491173,12.49900396424882,0.32048728113458513,17.92562550520766,0.4596314232104528,5.59421182371624,0.14344132881323693,2.9808644883042583,10,39,0.9532148082192473,39,17,22,31,38,0.4358974358974359,0.5641025641025641,0.7948717948717948,0.9743589743589743,4102.5641025641025,39.0,10000.0,6.62812316351284,4.4205493061950225,0.11334741810756468,5.998287023850074,0.15380223138077115,2.827767173600464,0.0725068506051401,5.005257645631091,10.0,39.0,0.9755561487558766,39.0,6.0,7.0,10.0,20.0,0.15384615384615385,0.1794871794871795,0.2564102564102564,0.5128205128205128,256.4102564102564,60,82.96
features.10,conv,3,51,1,False,51,0,16.0,16.0,160000,30.09846092408988,15.005354929079681,0.29422264566822903,22.261956491927677,0.43650895082211133,6.187067764544665,0.12131505420675813,2.6402326636456284,10,51,0.9603356080411498,51,21,27,41,49,0.4117647058823529,0.5294117647058824,0.803921568627451,0.9607843137254902,3137.2549019607845,51.0,10000.0,3.447121667543661,3.2919037799572,0.06454713294033726,5.479234355821193,0.10743596776119986,1.9533998775016617,0.03830195838238552,4.213641144892002,10.0,51.0,0.9667265044322564,51.0,6.0,8.0,14.0,28.0,0.11764705882352941,0.1568627450980392,0.27450980392156865,0.5490196078431373,196.07843137254903,60,82.96
features.14,conv,4,97,1,False,97,0,8.0,8.0,160000,56.811072832490474,21.900646526122173,0.22577986109404302,35.15334212912495,0.36240558896005104,7.7786295101094245,0.0801920568052518,2.309725899719429,10,97,0.955668197336001,97,34,47,73,93,0.35051546391752575,0.4845360824742268,0.7525773195876289,0.9587628865979382,1649.4845360824743,97.0,10000.0,7.2581350699005425,6.834000052201161,0.07045360878557898,10.31455359669729,0.10633560408966279,3.6472501336640066,0.037600516841896976,3.448030797314615,10.0,97.0,0.9656261653372512,97.0,9.0,13.0,29.0,60.0,0.09278350515463918,0.13402061855670103,0.29896907216494845,0.6185567010309279,103.09278350515464,60,82.96
features.17,conv,5,116,1,False,116,0,8.0,8.0,160000,28.270705867001727,25.163901961961727,0.21693018932725627,41.99340016776135,0.3620120704117358,8.693405957726362,0.07494315480798588,2.0889398609198464,10,116,0.960831544604426,116,42,59,91,112,0.3620689655172414,0.5086206896551724,0.7844827586206896,0.9655172413793104,1379.3103448275863,116.0,10000.0,3.2131229877202023,6.488005506384214,0.05593108195158805,11.59866714246684,0.09998850984885208,3.1572686996271315,0.027217833617475273,3.0588310482453602,10.0,116.0,0.9688241011689122,116.0,12.0,19.0,42.0,82.0,0.10344827586206896,0.16379310344827586,0.3620689655172414,0.7068965517241379,86.20689655172414,60,82.96
features.20,conv,6,131,1,False,131,0,8.0,8.0,160000,16.72670047001885,30.82556477402746,0.23530965476356838,50.10045762044975,0.382446241377479,11.69945825875269,0.08930884166986787,1.9126153803770554,10,131,0.9650799590997244,131,50,70,107,128,0.3816793893129771,0.5343511450381679,0.816793893129771,0.9770992366412213,1221.3740458015268,131.0,10000.0,1.873707504415972,7.180580066812257,0.05481358829627677,12.92510094213489,0.09866489268805259,3.906138476870209,0.029817850968474877,2.954517850702056,10.0,131.0,0.9720100745791431,131.0,14.0,23.0,50.0,96.0,0.10687022900763359,0.17557251908396945,0.3816793893129771,0.732824427480916,76.33587786259542,60,82.96
features.24,conv,7,140,1,False,140,0,4.0,4.0,160000,21.86958849170443,27.25449416245892,0.194674958303278,45.09818431785951,0.3221298879847108,10.750074074692002,0.07678624339065715,2.1424096077426276,10,140,0.96884175245416,140,45,63,105,135,0.32142857142857145,0.45,0.75,0.9642857142857143,1142.857142857143,140.0,10000.0,4.993047520830374,8.159052512880844,0.05827894652057746,14.672520530384881,0.10480371807417772,3.887927588284877,0.02777091134489198,2.776556111796717,10.0,140.0,0.989760262595609,140.0,15.0,23.0,54.0,108.0,0.10714285714285714,0.16428571428571428,0.38571428571428573,0.7714285714285715,71.42857142857143,60,82.96
features.27,conv,8,74,1,False,74,0,4.0,4.0,160000,7.360125861237787,16.545111505434885,0.22358258791128224,26.18466120196033,0.35384677299946393,6.848818316950209,0.09255159887770552,2.448308593044395,10,74,0.9668416200148537,74,25,35,56,71,0.33783783783783783,0.47297297297297297,0.7567567567567568,0.9594594594594594,2162.162162162162,74.0,10000.0,2.424733114223941,6.494896372759569,0.08776886990215634,9.671598610558798,0.13069727852106483,3.4676094688037034,0.04685958741626626,3.216437558208434,10.0,74.0,0.9946602888121553,74.0,9.0,12.0,24.0,53.0,0.12162162162162163,0.16216216216216217,0.32432432432432434,0.7162162162162162,135.13513513513513,60,82.96
features.30,conv,9,55,1,False,55,0,4.0,4.0,160000,6.364341645120023,15.706555754928093,0.2855737409986926,22.532106042642198,0.40967465532076724,7.281709967835737,0.1323947266879225,2.8019142138077524,10,55,0.9581214881358071,55,21,27,41,53,0.38181818181818183,0.4909090909090909,0.7454545454545455,0.9636363636363636,2909.090909090909,55.0,10000.0,1.4341641762587267,5.932709102629745,0.10786743822963173,8.35386435308323,0.15188844278333144,3.6189879155238756,0.06579978028225228,3.879546427125018,10.0,55.0,0.9924629863657265,55.0,8.0,10.0,18.0,36.0,0.14545454545454545,0.18181818181818182,0.32727272727272727,0.6545454545454545,181.8181818181818,60,82.96
features.34,conv,10,25,1,False,25,0,2.0,2.0,40000,4.8814779216265745,11.026166863746573,0.4410466745498629,13.953056257781464,0.5581222503112585,6.102541513622531,0.24410166054490123,4.176549529904322,10,25,0.9351529675984992,25,12,15,20,24,0.48,0.6,0.8,0.96,1600.0,25.0,10000.0,0.9718242426522941,4.273279532503982,0.17093118130015927,5.964344177059352,0.23857376708237407,2.4238637363237525,0.0969545494529501,4.97375332391121,10.0,25.0,0.9796281080921794,25.0,6.0,7.0,10.0,17.0,0.24,0.28,0.4,0.68,400.0,60,82.96
features.37,conv,11,29,1,False,29,0,2.0,2.0,40000,2.4459164880487454,12.113237663649878,0.41769785047068547,15.287890811905363,0.5271686486863918,6.917356872766696,0.2385295473367826,4.653761870790006,10,29,0.9068395193444054,29,13,16,22,27,0.4482758620689655,0.5517241379310345,0.7586206896551724,0.9310344827586207,1379.3103448275863,29.0,10000.0,0.5053874440542806,4.788789553675102,0.1651306742646587,6.345376918548338,0.21880610063959785,2.659835974436382,0.09171848187711662,5.988090246775928,10.0,29.0,0.9576913796315333,29.0,6.0,7.0,9.0,13.0,0.20689655172413793,0.2413793103448276,0.3103448275862069,0.4482758620689655,344.82758620689657,60,82.96
features.40,conv,12,35,1,False,35,0,2.0,2.0,40000,3.268628780924992,10.118262480439347,0.2890932137268385,15.270826281659271,0.43630932233312203,4.417986671430968,0.12622819061231336,5.147257515921902,10,35,0.7589063736735646,35,15,19,25,30,0.42857142857142855,0.5428571428571428,0.7142857142857143,0.8571428571428571,1142.857142857143,35.0,10000.0,0.7356250735914478,6.543242864365288,0.1869497961247225,7.824836986091271,0.22356677103117917,3.8445471953217925,0.10984420558062265,5.647653633011901,10.0,35.0,0.9376210275879185,35.0,7.0,8.0,9.0,12.0,0.2,0.22857142857142856,0.2571428571428571,0.34285714285714286,285.7142857142857,60,82.96
classifier,linear,13,10,1,False,10,0,,,10000,85.2711177983592,3.5958788162516853,0.3595878816251685,5.2695425650021575,0.5269542565002158,2.1039769270490822,0.2103976927049082,,10,10,,10,6,7,9,9,0.6,0.7,0.9,0.9,1000.0,,,,,,,,,,,,,,,,,,,,,,,,60,82.96
features.0,conv,0,9,1,False,9,0,32.0,32.0,160000,10.924887753490186,5.068413092974287,0.5631570103304764,6.113027807242448,0.6792253119158276,3.253760946250761,0.3615289940278623,,10,9,,9,6,7,9,9,0.6666666666666666,0.7777777777777778,1.0,1.0,17777.777777777777,9.0,10000.0,2.353479591928879,2.21590119884068,0.24621124431563113,2.583600120453267,0.287066680050363,1.6417639962201127,0.18241822180223474,,10.0,9.0,,9.0,3.0,3.0,3.0,5.0,0.3333333333333333,0.3333333333333333,0.3333333333333333,0.5555555555555556,1111.111111111111,70,85.72
features.3,conv,1,19,1,False,19,0,32.0,32.0,160000,26.54680270201985,8.05602861691071,0.42400150615319526,10.35240685377018,0.5448635186194831,4.50168054602087,0.23693055505372998,5.809049813758056,10,19,0.9883654201208594,19,10,11,15,18,0.5263157894736842,0.5789473684210527,0.7894736842105263,0.9473684210526315,8421.052631578947,19.0,10000.0,1.2595251124832219,2.6919463880805283,0.1416813888463436,3.284236331193469,0.1728545437470247,1.9196711308468954,0.1010353226761524,9.639737836424137,10.0,19.0,0.9813747735323092,19.0,3.0,3.0,6.0,10.0,0.15789473684210525,0.15789473684210525,0.3157894736842105,0.5263157894736842,526.3157894736842,70,85.72
features.7,conv,2,39,1,False,39,0,16.0,16.0,160000,44.20586520845329,13.488770437238156,0.3458659086471322,18.823230450736624,0.4826469346342724,6.124462696334513,0.1570375050342183,3.0253351684926852,10,39,0.9477227353338775,39,17,22,31,38,0.4358974358974359,0.5641025641025641,0.7948717948717948,0.9743589743589743,4102.5641025641025,39.0,10000.0,4.9282966008006,5.227398099286193,0.13403584869964597,6.737874869527498,0.17276602229557686,3.2441511910822665,0.08318336387390426,5.126599525074654,10.0,39.0,0.9779080874272794,39.0,6.0,7.0,11.0,20.0,0.15384615384615385,0.1794871794871795,0.28205128205128205,0.5128205128205128,256.4102564102564,70,85.72
features.10,conv,3,51,1,False,51,0,16.0,16.0,160000,22.89326343531455,16.376208017642686,0.3211021179929938,23.15745780984603,0.4540678001930594,7.667681470905362,0.15034669550794827,2.5588147039962914,10,51,0.9600377590032378,51,21,28,41,50,0.4117647058823529,0.5490196078431373,0.803921568627451,0.9803921568627451,3137.2549019607845,51.0,10000.0,2.0020045779081785,4.7448440617057726,0.0930361580726622,7.119274469192566,0.13959361704299147,2.585091665673668,0.050688071875954276,4.241439077205049,10.0,51.0,0.9674037192916888,51.0,7.0,8.0,16.0,30.0,0.13725490196078433,0.1568627450980392,0.3137254901960784,0.5882352941176471,196.07843137254903,70,85.72
features.14,conv,4,97,1,False,97,0,8.0,8.0,160000,51.52129176522479,22.677404351608047,0.233787673727918,35.66731954816745,0.36770432523883967,8.519137911346318,0.08782616403449812,2.2800924349464107,10,97,0.9563771953792721,97,35,47,74,93,0.36082474226804123,0.4845360824742268,0.7628865979381443,0.9587628865979382,1649.4845360824743,97.0,10000.0,5.824336311893775,7.767268311170707,0.08007493104299697,11.238111068196723,0.11585681513604869,4.41732467526517,0.04553942964190897,3.4764744007506763,10.0,97.0,0.970063304807087,97.0,9.0,14.0,30.0,61.0,0.09278350515463918,0.14432989690721648,0.30927835051546393,0.6288659793814433,103.09278350515464,70,85.72
features.17,conv,5,116,1,False,116,0,8.0,8.0,160000,24.9385341450208,25.51188610980266,0.21993005267071258,43.721754901467136,0.3769116801850615,8.210773010761775,0.07078252595484288,1.9976831166126359,10,116,0.9604174677210896,116,45,61,94,113,0.3879310344827586,0.5258620689655172,0.8103448275862069,0.9741379310344828,1379.3103448275863,116.0,10000.0,2.7120736124434366,6.555456690679146,0.0565125576782685,12.080217243148986,0.10413980382024988,3.1360786782541124,0.027035161019432003,3.0338928217578793,10.0,116.0,0.9704421095162395,116.0,13.0,20.0,45.0,84.0,0.11206896551724138,0.1724137931034483,0.3879310344827586,0.7241379310344828,86.20689655172414,70,85.72
features.20,conv,6,131,1,False,131,0,8.0,8.0,160000,14.548274723297943,34.49336340629313,0.26330811760529105,54.14782099938156,0.413342145033447,14.177423419515515,0.10822460625584363,1.8579822692093726,10,131,0.964262579587433,131,53,73,110,128,0.40458015267175573,0.5572519083969466,0.8396946564885496,0.9770992366412213,1221.3740458015268,131.0,10000.0,1.5161974319262572,7.516806144886423,0.05738019957928567,14.044997729787747,0.10721372312815074,3.5374624103987427,0.02700352985037208,2.869163522191493,10.0,131.0,0.969091006515203,131.0,16.0,25.0,54.0,100.0,0.12213740458015267,0.19083969465648856,0.4122137404580153,0.7633587786259542,76.33587786259542,70,85.72
features.24,conv,7,140,1,False,140,0,4.0,4.0,160000,18.37601053912931,27.581957029443853,0.19701397878174182,47.01672676760897,0.33583376262577835,9.750666482001463,0.06964761772858188,2.0542811855732643,10,140,0.9645322216192351,140,48,67,109,135,0.34285714285714286,0.4785714285714286,0.7785714285714286,0.9642857142857143,1142.857142857143,140.0,10000.0,4.27357272331962,7.6008284738009735,0.05429163195572124,14.622303564674027,0.10444502546195733,3.3934592824253267,0.02423899487446662,2.7112924432160623,10.0,140.0,0.9880628001540657,140.0,15.0,24.0,57.0,111.0,0.10714285714285714,0.17142857142857143,0.40714285714285714,0.7928571428571428,71.42857142857143,70,85.72
features.27,conv,8,74,1,False,74,0,4.0,4.0,160000,5.954022938670863,16.69373038521708,0.22559095115158218,26.89420704807827,0.36343523037943604,6.8864365991454335,0.09305995404250586,2.3808353980254235,10,74,0.9635799316050303,74,27,37,57,71,0.36486486486486486,0.5,0.7702702702702703,0.9594594594594594,2162.162162162162,74.0,10000.0,1.8950624329690364,6.336924633708965,0.08563411667174277,9.903315737294259,0.133828591044517,3.183799881879706,0.043024322728104136,3.1322227290607048,10.0,74.0,0.9929529161945554,74.0,9.0,12.0,26.0,55.0,0.12162162162162163,0.16216216216216217,0.35135135135135137,0.7432432432432432,135.13513513513513,70,85.72
features.30,conv,9,55,1,False,55,0,4.0,4.0,160000,4.816226542542072,15.789428785455124,0.28708052337191137,23.115456301954968,0.4202810236719085,6.591183821646984,0.11983970584812699,2.719733287499612,10,55,0.9575255571653485,55,22,28,42,53,0.4,0.509090909090909,0.7636363636363637,0.9636363636363636,2909.090909090909,55.0,10000.0,1.047672163640332,6.855281524968198,0.12464148227214907,9.282886969587206,0.16877976308340376,3.785834733358979,0.06883335878834507,3.8066936805226392,10.0,55.0,0.9925977911166795,55.0,8.0,10.0,19.0,37.0,0.14545454545454545,0.18181818181818182,0.34545454545454546,0.6727272727272727,181.8181818181818,70,85.72
features.34,conv,10,25,1,False,25,0,2.0,2.0,40000,3.4719373628336774,10.179336573580496,0.4071734629432198,13.223312088653753,0.5289324835461501,5.441306626218487,0.21765226504873947,4.171458457496646,10,25,0.9110610613858433,25,12,15,20,24,0.48,0.6,0.8,0.96,1600.0,25.0,10000.0,0.6767777126930443,5.492685013677208,0.21970740054708832,6.6893153371301475,0.2675726134852059,3.5409001378625424,0.1416360055145017,4.921503930078589,10.0,25.0,0.9851375384939137,25.0,6.0,7.0,10.0,17.0,0.24,0.28,0.4,0.68,400.0,70,85.72
features.37,conv,11,29,1,False,29,0,2.0,2.0,40000,1.8144671670984718,11.414583744481881,0.3936063360166166,14.869354666984838,0.5127363678270634,5.900902272294517,0.20347938869981094,4.644722894993124,10,29,0.8908350317458508,29,13,16,22,27,0.4482758620689655,0.5517241379310345,0.7586206896551724,0.9310344827586207,1379.3103448275863,29.0,10000.0,0.371095773233759,5.972922706826032,0.20596285195951836,6.94974419580663,0.23964635157953898,3.884420061827845,0.13394551937337396,5.905536933780606,10.0,29.0,0.9585277956193395,29.0,6.0,7.0,9.0,13.0,0.20689655172413793,0.2413793103448276,0.3103448275862069,0.4482758620689655,344.82758620689657,70,85.72
features.40,conv,12,35,1,False,35,0,2.0,2.0,40000,2.511528471371377,10.326788035488969,0.29505108672825625,15.47316338930692,0.4420903825516263,4.554592132372832,0.13013120378208093,4.88451232236897,10,35,0.7399790722672924,35,16,19,26,31,0.45714285714285713,0.5428571428571428,0.7428571428571429,0.8857142857142857,1142.857142857143,35.0,10000.0,0.5579877217563509,6.8691702022722785,0.19626200577920797,7.9419519674304695,0.22691291335515626,4.142837630854537,0.11836678945298676,5.421630265578554,10.0,35.0,0.9301626420031344,35.0,7.0,8.0,9.0,12.0,0.2,0.22857142857142856,0.2571428571428571,0.34285714285714286,285.7142857142857,70,85.72
classifier,linear,13,10,1,False,10,0,,,10000,80.86169298571629,4.0325296333682195,0.4032529633368219,5.76310929114628,0.576310929114628,2.2676221256703673,0.22676221256703671,,10,10,,9,6,8,9,9,0.6,0.8,0.9,0.9,1000.0,,,,,,,,,,,,,,,,,,,,,,,,70,85.72
features.0,conv,0,9,1,False,9,0,32.0,32.0,160000,10.599481692255658,4.812197407880617,0.5346886008756241,5.867665772152555,0.6519628635725061,2.9699694159289076,0.3299966017698786,,10,9,,9,5,6,8,9,0.5555555555555556,0.6666666666666666,0.8888888888888888,1.0,17777.777777777777,9.0,10000.0,2.3141434881853398,2.5732040400835,0.2859115600092778,2.808362058254638,0.31204022869495973,1.972162803105029,0.21912920034500322,,10.0,9.0,,9.0,3.0,3.0,3.0,5.0,0.3333333333333333,0.3333333333333333,0.3333333333333333,0.5555555555555556,1111.111111111111,80,87.0
features.3,conv,1,19,1,False,19,0,32.0,32.0,160000,17.576814224860836,7.74256811629021,0.4075035850679058,10.098612993385933,0.5315059470203123,4.491438930943395,0.23639152268123131,6.451802706320407,10,19,0.9484271061916093,19,10,12,15,18,0.5263157894736842,0.631578947368421,0.7894736842105263,0.9473684210526315,8421.052631578947,19.0,10000.0,0.7332792935083038,3.1882946200483313,0.16780498000254376,3.6925685021278762,0.19434571063830927,2.511429867420519,0.13218051933792205,9.202925123146443,10.0,19.0,0.9837228308452459,19.0,3.0,4.0,6.0,10.0,0.15789473684210525,0.21052631578947367,0.3157894736842105,0.5263157894736842,526.3157894736842,80,87.0
features.7,conv,2,39,1,False,39,0,16.0,16.0,160000,31.80823464191245,13.261066170143712,0.34002733769599264,18.680810787763782,0.47899514840419954,6.190100569168829,0.15872052741458534,2.887834592316497,10,39,0.9410945189070183,39,17,22,31,38,0.4358974358974359,0.5641025641025641,0.7948717948717948,0.9743589743589743,4102.5641025641025,39.0,10000.0,3.5084001230080726,5.417627736563772,0.13891353170676338,6.999747428695087,0.179480703299874,3.173561708346313,0.08137337713708495,5.01297866857279,10.0,39.0,0.9797800501225185,39.0,6.0,7.0,11.0,20.0,0.15384615384615385,0.1794871794871795,0.28205128205128205,0.5128205128205128,256.4102564102564,80,87.0
features.10,conv,3,51,1,False,51,0,16.0,16.0,160000,17.997906442488194,16.49177235028857,0.3233680852997759,23.33268946073205,0.4575037149163147,7.520936201874093,0.14746933729164888,2.570913708528786,10,51,0.9681838069569247,51,21,28,41,50,0.4117647058823529,0.5490196078431373,0.803921568627451,0.9803921568627451,3137.2549019607845,51.0,10000.0,1.6206250970686384,4.9317431775595875,0.09670084661881544,7.292958327179325,0.14299918288586913,2.7192593349046112,0.05331881048832571,4.271344783846986,10.0,51.0,0.9663995097596885,51.0,7.0,8.0,16.0,31.0,0.13725490196078433,0.1568627450980392,0.3137254901960784,0.6078431372549019,196.07843137254903,80,87.0
features.14,conv,4,97,1,False,97,0,8.0,8.0,160000,39.64827534125771,23.096121949882143,0.23810434999878496,36.64068531382977,0.37773902385391517,8.740032962867806,0.0901034326068846,2.1991445654161095,10,97,0.952319944222074,97,36,49,76,94,0.3711340206185567,0.5051546391752577,0.7835051546391752,0.9690721649484536,1649.4845360824743,97.0,10000.0,4.530280729799748,7.909267897390808,0.08153884430299801,11.592248545156295,0.11950771696037417,4.955610705751603,0.05108877016238766,3.456145811906205,10.0,97.0,0.9701732951224022,97.0,10.0,14.0,32.0,63.0,0.10309278350515463,0.14432989690721648,0.32989690721649484,0.6494845360824743,103.09278350515464,80,87.0
features.17,conv,5,116,1,False,116,0,8.0,8.0,160000,18.600449442054103,25.38254322151568,0.21881502777168688,44.87920999580691,0.386889741343163,7.78678081707718,0.06712742083687225,1.9225770466107954,10,116,0.9582313280562017,116,47,64,96,113,0.4051724137931034,0.5517241379310345,0.8275862068965517,0.9741379310344828,1379.3103448275863,116.0,10000.0,1.919685297924113,6.853172032515212,0.05907906924582079,12.879601801802975,0.11103105001554289,3.2365221990443342,0.027901053440037363,2.9928354120810265,10.0,116.0,0.9681978956421533,116.0,14.0,22.0,48.0,87.0,0.1206896551724138,0.1896551724137931,0.41379310344827586,0.75,86.20689655172414,80,87.0
features.20,conv,6,131,1,False,131,0,8.0,8.0,160000,10.13053672100145,37.62247442480533,0.287194461258056,58.71154442224527,0.44817972841408604,14.361748633403717,0.10963166895728028,1.7402547956503163,10,131,0.9589374762846918,131,58,79,113,129,0.44274809160305345,0.6030534351145038,0.8625954198473282,0.9847328244274809,1221.3740458015268,131.0,10000.0,0.9712444049509913,9.01310541501894,0.06880233141235832,16.815607359192065,0.1283634149556646,4.05144848358845,0.030927087660980533,2.8342479159164604,10.0,131.0,0.9636037744873985,131.0,19.0,29.0,60.0,104.0,0.1450381679389313,0.22137404580152673,0.4580152671755725,0.7938931297709924,76.33587786259542,80,87.0
features.24,conv,7,140,1,False,140,0,4.0,4.0,160000,14.492527576968952,29.33878807559474,0.20956277196853385,50.16699966145015,0.35833571186750107,9.726961659680612,0.06947829756914722,1.964167508591066,10,140,0.9645075428204664,140,51,72,112,136,0.36428571428571427,0.5142857142857142,0.8,0.9714285714285714,1142.857142857143,140.0,10000.0,3.2196704940772123,9.437004174191324,0.06740717267279517,17.077787336049884,0.12198419525749916,4.376338089132906,0.031259557779520754,2.6730959753614263,10.0,140.0,0.9879250343643564,140.0,18.0,27.0,63.0,115.0,0.12857142857142856,0.19285714285714287,0.45,0.8214285714285714,71.42857142857143,80,87.0
features.27,conv,8,74,1,False,74,0,4.0,4.0,160000,4.386251808022942,17.5147740681349,0.23668613605587704,28.540147996898263,0.3856776756337603,6.538061846991219,0.08835218712150296,2.2433063972686695,10,74,0.9670779712277633,74,28,38,59,72,0.3783783783783784,0.5135135135135135,0.7972972972972973,0.972972972972973,2162.162162162162,74.0,10000.0,1.3700751619013136,7.237102442568034,0.09779868165632478,11.04345176245644,0.14923583462778972,3.64849398539049,0.04930397277554716,3.056594900629118,10.0,74.0,0.99283815410487,74.0,10.0,13.0,30.0,58.0,0.13513513513513514,0.17567567567567569,0.40540540540540543,0.7837837837837838,135.13513513513513,80,87.0
features.30,conv,9,55,1,False,55,0,4.0,4.0,160000,3.3297092704633537,15.774240024721813,0.28680436408585114,22.712103533599066,0.41294733697452846,7.001362470004562,0.1272974994546284,2.6853239979233363,10,55,0.9729468342298665,55,21,28,43,53,0.38181818181818183,0.509090909090909,0.7818181818181819,0.9636363636363636,2909.090909090909,55.0,10000.0,0.7282633492734757,6.156232437411669,0.11193149886203034,8.853217840642387,0.16096759710258884,3.495564032522852,0.06355570968223367,3.6758831884481147,10.0,55.0,0.9941000984691509,55.0,8.0,10.0,20.0,39.0,0.14545454545454545,0.18181818181818182,0.36363636363636365,0.7090909090909091,181.8181818181818,80,87.0
features.34,conv,10,25,1,False,25,0,2.0,2.0,40000,2.396247772869377,10.340283517368714,0.4136113406947486,13.341847360342726,0.533673894413709,5.511065072310986,0.22044260289243944,4.636235062681725,10,25,0.9111568347723605,25,12,15,20,23,0.48,0.6,0.8,0.92,1600.0,25.0,10000.0,0.49503956359324325,4.6719234832500725,0.1868769393300029,6.109999681029964,0.24439998724119857,2.745006486965882,0.10980025947863528,5.080698131833938,10.0,25.0,0.9802449526819963,25.0,6.0,7.0,10.0,17.0,0.24,0.28,0.4,0.68,400.0,80,87.0
features.37,conv,11,29,1,False,29,0,2.0,2.0,40000,1.1491702678507887,12.933946446813096,0.4459981533383826,15.80271590095638,0.5449212379640131,7.512916256136013,0.25906607779779356,4.630015810379253,10,29,0.9223309189779897,29,13,16,22,27,0.4482758620689655,0.5517241379310345,0.7586206896551724,0.9310344827586207,1379.3103448275863,29.0,10000.0,0.24654545587091714,5.489255352417921,0.18928466732475588,6.534775662191442,0.2253370917997049,3.600868072076726,0.12416786455436987,5.644351397582363,10.0,29.0,0.983614954598645,29.0,6.0,7.0,9.0,13.0,0.20689655172413793,0.2413793103448276,0.3103448275862069,0.4482758620689655,344.82758620689657,80,87.0
features.40,conv,12,35,1,False,35,0,2.0,2.0,40000,1.5518456135421348,11.918060465869871,0.34051601331056774,16.796503349910864,0.47990009571173897,5.447590439551847,0.15564544113005277,4.894461453699962,10,35,0.7566071151889997,35,16,20,26,30,0.45714285714285713,0.5714285714285714,0.7428571428571429,0.8571428571428571,1142.857142857143,35.0,10000.0,0.35519862739742053,7.119182443682861,0.20340521267665315,8.166991273658228,0.2333426078188065,4.118942818606486,0.11768408053161389,4.962516011358091,10.0,35.0,0.9529833238330607,35.0,8.0,8.0,9.0,13.0,0.22857142857142856,0.22857142857142856,0.2571428571428571,0.37142857142857144,285.7142857142857,80,87.0
classifier,linear,13,10,1,False,10,0,,,10000,88.82211450649291,4.416641406299552,0.4416641406299552,6.140326615626665,0.6140326615626666,2.413009083982572,0.2413009083982572,,10,10,,10,7,8,9,9,0.7,0.8,0.9,0.9,1000.0,,,,,,,,,,,,,,,,,,,,,,,,80,87.0
features.0,conv,0,9,1,False,9,0,32.0,32.0,160000,7.76903254506132,5.375529466980221,0.5972810518866912,6.359243426633994,0.7065826029593327,3.6952126209548153,0.41057918010609057,,10,9,,9,6,7,9,9,0.6666666666666666,0.7777777777777778,1.0,1.0,17777.777777777777,9.0,10000.0,1.641173013759791,2.1964562653938886,0.2440506961548765,2.5909946964675887,0.28788829960750983,1.612589105283054,0.17917656725367268,,10.0,9.0,,9.0,3.0,3.0,3.0,5.0,0.3333333333333333,0.3333333333333333,0.3333333333333333,0.5555555555555556,1111.111111111111,90,90.59
features.3,conv,1,19,1,False,19,0,32.0,32.0,160000,10.969947540059858,8.664190073390008,0.456010003862632,10.85914754280234,0.5715340812001232,5.06515733247079,0.2665872280247784,6.221738644135508,10,19,0.96248090058902,19,10,12,15,18,0.5263157894736842,0.631578947368421,0.7894736842105263,0.9473684210526315,8421.052631578947,19.0,10000.0,0.5766106921435983,2.3025200099820826,0.1211852636832675,2.951244301373287,0.15532864744069932,1.668863844930511,0.08783493920686901,9.020401983900967,10.0,19.0,0.9821869291857681,19.0,3.0,3.0,6.0,10.0,0.15789473684210525,0.15789473684210525,0.3157894736842105,0.5263157894736842,526.3157894736842,90,90.59
features.7,conv,2,39,1,False,39,0,16.0,16.0,160000,20.960089702055818,13.580726602650573,0.3482237590423224,18.977580772877825,0.48660463520199554,6.247656340439365,0.16019631642152218,2.849169875938528,10,39,0.9498464136109321,39,18,22,32,38,0.46153846153846156,0.5641025641025641,0.8205128205128205,0.9743589743589743,4102.5641025641025,39.0,10000.0,2.5540606945181272,4.82855850564965,0.12380919245255513,6.493647082533831,0.1665037713470213,2.8688279153779312,0.07355969013789568,4.974403992828241,10.0,39.0,0.9832602919590167,39.0,6.0,7.0,11.0,20.0,0.15384615384615385,0.1794871794871795,0.28205128205128205,0.5128205128205128,256.4102564102564,90,90.59
features.10,conv,3,51,1,False,51,0,16.0,16.0,160000,10.796592961635323,17.196463053803697,0.3371855500745823,23.97267453980344,0.4700524419569302,7.585067425623513,0.1487268122671277,2.55008562041303,10,51,0.9731424227652111,51,22,28,42,50,0.43137254901960786,0.5490196078431373,0.8235294117647058,0.9803921568627451,3137.2549019607845,51.0,10000.0,1.079414428903866,4.825541957737979,0.09461846975956821,7.386324539133426,0.14482989292418483,2.555117369614743,0.05010034058068123,4.33254126079921,10.0,51.0,0.9660128209759804,51.0,7.0,9.0,16.0,30.0,0.13725490196078433,0.17647058823529413,0.3137254901960784,0.5882352941176471,196.07843137254903,90,90.59
features.14,conv,4,97,1,False,97,0,8.0,8.0,160000,23.4816454217272,24.999304803654166,0.25772479179024915,38.88967053874035,0.4009244385437149,9.261915708858712,0.09548366710163621,2.144732484632642,10,97,0.9521977870368177,97,38,51,78,94,0.3917525773195876,0.5257731958762887,0.8041237113402062,0.9690721649484536,1649.4845360824743,97.0,10000.0,2.9235925051705958,7.927807179451288,0.08172997092217822,11.93828155717015,0.12307506759969226,4.050199259896826,0.0417546315453281,3.4521287502283506,10.0,97.0,0.971790011014112,97.0,10.0,15.0,32.0,64.0,0.10309278350515463,0.15463917525773196,0.32989690721649484,0.6597938144329897,103.09278350515464,90,90.59
features.17,conv,5,116,1,False,116,0,8.0,8.0,160000,11.63917632422608,27.606307641923735,0.2379854107062391,48.33532041958036,0.41668379672052036,8.096099727534764,0.06979396316840314,1.8404464864619199,10,116,0.9595875100987059,116,50,67,98,114,0.43103448275862066,0.5775862068965517,0.8448275862068966,0.9827586206896551,1379.3103448275863,116.0,10000.0,1.300834878165812,7.1225318417598045,0.061401136566894866,13.594558813091359,0.11719447252664965,3.2943627073850488,0.028399678511940075,2.9444128856665905,10.0,116.0,0.9649403466574834,116.0,15.0,24.0,51.0,89.0,0.12931034482758622,0.20689655172413793,0.4396551724137931,0.7672413793103449,86.20689655172414,90,90.59
features.20,conv,6,131,1,False,131,0,8.0,8.0,160000,6.430284499840447,40.498609585402725,0.30914969149162386,63.03765345556449,0.4812034614928587,12.8899133236793,0.09839628491358245,1.6452932924444201,10,131,0.960018224384632,131,63,83,116,129,0.48091603053435117,0.6335877862595419,0.8854961832061069,0.9847328244274809,1221.3740458015268,131.0,10000.0,0.6280878069592206,10.265431331394963,0.07836207123202261,18.848839232209734,0.14388426894816592,5.058275078049187,0.038612786855337304,2.7604759665734973,10.0,131.0,0.9619515157086783,131.0,21.0,33.0,65.0,108.0,0.16030534351145037,0.25190839694656486,0.4961832061068702,0.8244274809160306,76.33587786259542,90,90.59
features.24,conv,7,140,1,False,140,0,4.0,4.0,160000,7.899832961983935,33.38355990045778,0.23845399928898417,56.01123143518432,0.40008022453703085,10.467728670229901,0.07476949050164215,1.8403040759997327,10,140,0.9612455713474584,140,57,78,117,137,0.40714285714285714,0.5571428571428572,0.8357142857142857,0.9785714285714285,1142.857142857143,140.0,10000.0,1.7439390846822436,10.85127714160208,0.07750912244001486,19.89315643146642,0.14209397451047442,4.788012974174658,0.03420009267267613,2.625556838360666,10.0,140.0,0.9864287002340593,140.0,20.0,31.0,69.0,119.0,0.14285714285714285,0.22142857142857142,0.4928571428571429,0.85,71.42857142857143,90,90.59
features.27,conv,8,74,1,False,74,0,4.0,4.0,160000,2.481029347372375,18.959148511282052,0.2562047096119196,30.65748335065803,0.41429031554943285,7.071696283333963,0.09556346328829679,2.115150708736746,10,74,0.9691282700277173,74,30,41,62,73,0.40540540540540543,0.5540540540540541,0.8378378378378378,0.9864864864864865,2162.162162162162,74.0,10000.0,0.7597384065696715,7.834513800039631,0.10587180810864366,12.06976960203075,0.16310499462203715,3.9576752888829954,0.053482098498418854,2.918680720913844,10.0,74.0,0.9914650293280822,74.0,11.0,15.0,33.0,61.0,0.14864864864864866,0.20270270270270271,0.44594594594594594,0.8243243243243243,135.13513513513513,90,90.59
features.30,conv,9,55,1,False,55,0,4.0,4.0,160000,1.7825018531056602,16.849718891282123,0.3063585252960386,24.050765010838436,0.4372866365606988,7.381482653394134,0.13420877551625698,2.5278526435635476,10,55,0.9771300357324839,55,22,29,44,54,0.4,0.5272727272727272,0.8,0.9818181818181818,2909.090909090909,55.0,10000.0,0.3617998825571439,6.930781623295702,0.12601421133264912,9.886738204093747,0.17975887643806815,3.6928407041292832,0.06714255825689606,3.581089279099534,10.0,55.0,0.9892760529368089,55.0,9.0,11.0,22.0,41.0,0.16363636363636364,0.2,0.4,0.7454545454545455,181.8181818181818,90,90.59
features.34,conv,10,25,1,False,25,0,2.0,2.0,40000,1.4610874822008948,10.440581299956209,0.41762325199824835,13.25884301916,0.5303537207664,5.919442037193251,0.23677768148773004,4.216213819001284,10,25,0.9344408932775939,25,12,14,20,24,0.48,0.56,0.8,0.96,1600.0,25.0,10000.0,0.3232006214869766,3.8272924777876494,0.15309169911150597,5.504472341856134,0.22017889367424537,2.214143214843224,0.08856572859372897,4.839339359737464,10.0,25.0,0.9773412274966699,25.0,5.0,7.0,10.0,16.0,0.2,0.28,0.4,0.64,400.0,90,90.59
features.37,conv,11,29,1,False,29,0,2.0,2.0,40000,0.6366643481055461,12.59535153916832,0.43432246686787307,15.590594604553177,0.5376067105018337,7.396960008868931,0.25506758651272177,4.300035739326333,10,29,0.9280400248842376,29,13,16,22,27,0.4482758620689655,0.5517241379310345,0.7586206896551724,0.9310344827586207,1379.3103448275863,29.0,10000.0,0.12399088315646176,5.670068343567796,0.19551959805406194,6.763672409315906,0.23323008307985885,3.543418949088527,0.12218686031339748,5.402797584124448,10.0,29.0,0.9894248347036586,29.0,6.0,7.0,9.0,14.0,0.20689655172413793,0.2413793103448276,0.3103448275862069,0.4827586206896552,344.82758620689657,90,90.59
features.40,conv,12,35,1,False,35,0,2.0,2.0,40000,0.7971945482733039,13.630789827711526,0.38945113793461505,18.546768155530387,0.5299076615865825,5.815305494057037,0.16615158554448675,4.890854854732658,10,35,0.7349015084959231,35,17,21,26,30,0.4857142857142857,0.6,0.7428571428571429,0.8571428571428571,1142.857142857143,35.0,10000.0,0.18631492949620557,7.7938305663623355,0.22268087332463815,8.560678204258073,0.24459080583594495,4.973814843472232,0.14210899552777803,4.851642160705708,10.0,35.0,0.958011692895297,35.0,8.0,9.0,9.0,14.0,0.22857142857142856,0.2571428571428571,0.2571428571428571,0.4,285.7142857142857,90,90.59
classifier,linear,13,10,1,False,10,0,,,10000,103.05305599779989,5.674589856304507,0.5674589856304507,7.051205479903579,0.7051205479903578,3.079704250532411,0.30797042505324107,,10,10,,9,7,8,9,9,0.7,0.8,0.9,0.9,1000.0,,,,,,,,,,,,,,,,,,,,,,,,90,90.59
features.0,conv,0,9,1,False,9,0,32.0,32.0,160000,6.998792054222257,5.482835284924276,0.6092039205471418,6.433112231569383,0.7147902479521536,3.8944155213236256,0.4327128357026251,,10,9,,9,6,7,9,9,0.6666666666666666,0.7777777777777778,1.0,1.0,17777.777777777777,9.0,10000.0,1.4638831828891845,2.22888256103288,0.24765361789254225,2.616188812575797,0.2906876458417552,1.6328437241611395,0.18142708046234884,,10.0,9.0,,9.0,3.0,3.0,3.0,6.0,0.3333333333333333,0.3333333333333333,0.3333333333333333,0.6666666666666666,1111.111111111111,100,91.47
features.3,conv,1,19,1,False,19,0,32.0,32.0,160000,9.082673693157139,8.558532423387916,0.4504490749151535,10.827852355341024,0.5698869660705802,4.887262520097843,0.2572243431630444,6.360955103733518,10,19,0.9573451223558216,19,10,12,15,18,0.5263157894736842,0.631578947368421,0.7894736842105263,0.9473684210526315,8421.052631578947,19.0,10000.0,0.4421596341648954,2.6012087344782513,0.1369057228672764,3.2215837873696938,0.1695570414405102,1.8909938798779344,0.09952599367778603,8.169509444894317,10.0,19.0,0.9827689695650719,19.0,3.0,3.0,6.0,10.0,0.15789473684210525,0.15789473684210525,0.3157894736842105,0.5263157894736842,526.3157894736842,100,91.47
features.7,conv,2,39,1,False,39,0,16.0,16.0,160000,17.299159153777538,13.254567806949062,0.3398607129986939,18.737333435011514,0.4804444470515773,5.97348919266316,0.15316638955546563,2.8562579384983344,10,39,0.9501290448433167,39,17,22,32,38,0.4358974358974359,0.5641025641025641,0.8205128205128205,0.9743589743589743,4102.5641025641025,39.0,10000.0,2.047570528995328,4.9023634390683855,0.12570162664277912,6.587775285854094,0.16891731502189986,2.953048283586794,0.07571918675863575,5.085737407944848,10.0,39.0,0.985116499610643,39.0,6.0,7.0,11.0,20.0,0.15384615384615385,0.1794871794871795,0.28205128205128205,0.5128205128205128,256.4102564102564,100,91.47
features.10,conv,3,51,1,False,51,0,16.0,16.0,160000,8.923033012080985,16.646591061940374,0.32640374631255636,23.575504856120425,0.46226480110040047,7.2225051074307345,0.14161774720452422,2.5558045368607165,10,51,0.9702730784079884,51,21,28,42,50,0.4117647058823529,0.5490196078431373,0.8235294117647058,0.9803921568627451,3137.2549019607845,51.0,10000.0,0.8678899685622651,4.74592485539411,0.09305735010576686,7.3547779022194355,0.14421133141606737,2.5286654117726473,0.049581674740640146,4.338341155821054,10.0,51.0,0.9700772612483461,51.0,7.0,9.0,16.0,31.0,0.13725490196078433,0.17647058823529413,0.3137254901960784,0.6078431372549019,196.07843137254903,100,91.47
features.14,conv,4,97,1,False,97,0,8.0,8.0,160000,19.76587634248822,25.394392261868276,0.26179785836977604,39.19905671082319,0.4041139867095174,9.58408027872644,0.0988049513270767,2.131803281302816,10,97,0.9521610712292613,97,38,51,78,94,0.3917525773195876,0.5257731958762887,0.8041237113402062,0.9690721649484536,1649.4845360824743,97.0,10000.0,2.361850904356042,8.50239792093604,0.08765358681377361,12.452310231156552,0.12837433227996445,4.5207930814517585,0.046606114241770705,3.4396165375436096,10.0,97.0,0.9710284974146772,97.0,10.0,15.0,33.0,64.0,0.10309278350515463,0.15463917525773196,0.3402061855670103,0.6597938144329897,103.09278350515464,100,91.47
features.17,conv,5,116,1,False,116,0,8.0,8.0,160000,9.110753114992754,29.65662734544136,0.25566058056414964,50.65148333773223,0.4366507184287261,8.76240317247509,0.07553795838340595,1.7813228220189656,10,116,0.9562616574851764,116,52,69,100,114,0.4482758620689655,0.5948275862068966,0.8620689655172413,0.9827586206896551,1379.3103448275863,116.0,10000.0,0.9610676400153093,7.629804569362572,0.06577417732209113,14.783810240912011,0.12744664000786216,3.4241209413896727,0.02951828397749718,2.9284944256060483,10.0,116.0,0.9652102827044549,116.0,16.0,26.0,53.0,91.0,0.13793103448275862,0.22413793103448276,0.45689655172413796,0.7844827586206896,86.20689655172414,100,91.47
features.20,conv,6,131,1,False,131,0,8.0,8.0,160000,4.828080986036079,43.44737102776243,0.33165932082261396,66.06782729694395,0.504334559518656,14.5291750151125,0.11090973293979008,1.5972822335013779,10,131,0.9574744443768443,131,65,86,117,130,0.4961832061068702,0.6564885496183206,0.8931297709923665,0.9923664122137404,1221.3740458015268,131.0,10000.0,0.4516459582770663,11.004558685391396,0.08400426477398013,20.485252360734517,0.15637597221934746,4.989814433814971,0.03809018651767153,2.7477076528497344,10.0,131.0,0.958431852437674,131.0,23.0,35.0,68.0,109.0,0.17557251908396945,0.26717557251908397,0.5190839694656488,0.8320610687022901,76.33587786259542,100,91.47
features.24,conv,7,140,1,False,140,0,4.0,4.0,160000,5.702017623226624,35.4081559405974,0.25291539957569575,58.98634860948875,0.4213310614963482,11.370474781184923,0.08121767700846373,1.7771522952837635,10,140,0.9576082480006828,140,60,81,119,137,0.42857142857142855,0.5785714285714286,0.85,0.9785714285714285,1142.857142857143,140.0,10000.0,1.2570062015449546,11.09014813595898,0.07921534382827843,20.977627462304742,0.1498401961593196,4.565619924875444,0.03261157089196746,2.606487757685579,10.0,140.0,0.9850710163065649,140.0,22.0,33.0,72.0,121.0,0.15714285714285714,0.2357142857142857,0.5142857142857142,0.8642857142857143,71.42857142857143,100,91.47
features.27,conv,8,74,1,False,74,0,4.0,4.0,160000,1.8756131044534312,19.7544888039375,0.2669525514045608,31.60455536886745,0.4270885860657764,7.524049615980241,0.10167634616189515,2.0401969331959293,10,74,0.9687385180826186,74,32,43,63,73,0.43243243243243246,0.581081081081081,0.8513513513513513,0.9864864864864865,2162.162162162162,74.0,10000.0,0.5695336532144007,8.24683650397772,0.11144373654023947,12.688446714113525,0.17146549613666925,4.131523697105745,0.0558314013122398,2.872120755333179,10.0,74.0,0.99161288204541,74.0,11.0,16.0,35.0,63.0,0.14864864864864866,0.21621621621621623,0.47297297297297297,0.8513513513513513,135.13513513513513,100,91.47
features.30,conv,9,55,1,False,55,0,4.0,4.0,160000,1.3641635170400326,17.151008099309664,0.31183651089653935,24.468219121474394,0.44487671129953443,7.495609298955476,0.13628380543555413,2.4629726186364613,10,55,0.9776264514547075,55,22,30,45,54,0.4,0.5454545454545454,0.8181818181818182,0.9818181818181818,2909.090909090909,55.0,10000.0,0.27946318826038263,7.158417037355637,0.13015303704282977,10.153259689959189,0.1846047216356216,3.8845541163162567,0.07062825666029558,3.539611479660847,10.0,55.0,0.9891791867722332,55.0,9.0,12.0,23.0,42.0,0.16363636363636364,0.21818181818181817,0.41818181818181815,0.7636363636363637,181.8181818181818,100,91.47
features.34,conv,10,25,1,False,25,0,2.0,2.0,40000,1.0800923758514036,10.647553305232456,0.42590213220929823,13.48643678978634,0.5394574715914536,6.034929658638464,0.24139718634553856,4.221934370715392,10,25,0.9241316505636314,25,12,15,20,24,0.48,0.6,0.8,0.96,1600.0,25.0,10000.0,0.24174385280323374,4.04212226070296,0.1616848904281184,5.624862218802601,0.22499448875210404,2.3843646727526164,0.09537458691010466,4.7286374684170145,10.0,25.0,0.9779080477295224,25.0,5.0,7.0,10.0,16.0,0.2,0.28,0.4,0.64,400.0,100,91.47
features.37,conv,11,29,1,False,29,0,2.0,2.0,40000,0.4760244714827381,12.424753160611894,0.42843976415903084,15.502576618400031,0.5345716075310356,7.341555547328851,0.2531570878389259,4.298076029487821,10,29,0.9278395807858608,29,13,16,22,27,0.4482758620689655,0.5517241379310345,0.7586206896551724,0.9310344827586207,1379.3103448275863,29.0,10000.0,0.0884716067170669,5.719195502900053,0.1972136380310363,6.897365351014553,0.23784018451774322,3.482756067659235,0.12009503681583568,5.409488465684076,10.0,29.0,0.9831398408041723,29.0,6.0,7.0,9.0,15.0,0.20689655172413793,0.2413793103448276,0.3103448275862069,0.5172413793103449,344.82758620689657,100,91.47
features.40,conv,12,35,1,False,35,0,2.0,2.0,40000,0.5919187986683132,15.78204377559392,0.45091553644554055,20.12383121921248,0.5749666062632137,6.9737700688321365,0.1992505733952039,4.89298162097387,10,35,0.72576026188931,35,18,21,27,30,0.5142857142857142,0.6,0.7714285714285715,0.8571428571428571,1142.857142857143,35.0,10000.0,0.14110324512116917,8.32298845777279,0.23779967022207973,8.84960267990015,0.25284579085429,5.946421785707757,0.1698977653059359,4.706096259528822,10.0,35.0,0.9601040756154348,35.0,8.0,9.0,9.0,15.0,0.22857142857142856,0.2571428571428571,0.2571428571428571,0.42857142857142855,285.7142857142857,100,91.47
classifier,linear,13,10,1,False,10,0,,,10000,112.49636490577325,6.566020960641267,0.6566020960641267,7.693396443125694,0.7693396443125694,3.557653616149841,0.3557653616149841,,10,10,,9,8,8,9,9,0.8,0.8,0.9,0.9,1000.0,,,,,,,,,,,,,,,,,,,,,,,,100,91.47
