layer,kind,depth_index,C,groups,is_depthwise,r_max,call_index,H,W,n_samples,total_variance,participation_ratio,participation_ratio_norm,effective_rank,effective_rank_norm,stable_rank,stable_rank_norm,powerlaw_alpha,powerlaw_fit_lo,powerlaw_fit_hi,powerlaw_r2,nonzero_eigs,k_star_0.9,k_star_0.95,k_star_0.99,k_star_0.999,k_star_ratio_0.9,k_star_ratio_0.95,k_star_ratio_0.99,k_star_ratio_0.999,model,weights,source,n_over_C,n_over_C_ok,k_star_rmax_0.9,k_star_rmax_0.95,k_star_rmax_0.99,k_star_rmax_0.999,r_max_over_C,pooled_n_samples,pooled_total_variance,pooled_participation_ratio,pooled_participation_ratio_norm,pooled_effective_rank,pooled_effective_rank_norm,pooled_stable_rank,pooled_stable_rank_norm,pooled_powerlaw_alpha,pooled_powerlaw_fit_lo,pooled_powerlaw_fit_hi,pooled_powerlaw_r2,pooled_nonzero_eigs,pooled_k_star_0.9,pooled_k_star_0.95,pooled_k_star_0.99,pooled_k_star_0.999,pooled_k_star_ratio_0.9,pooled_k_star_ratio_0.95,pooled_k_star_ratio_0.99,pooled_k_star_ratio_0.999,pooled_n_over_C,pooled_n_over_C_ok
features.conv0,conv,0,64,1,False,64.0,0,112.0,112.0,102400,220.83735117050514,5.46932602641419,0.08545821916272171,7.708424361449737,0.12044413064765214,3.4287305460867157,0.05357391478260493,7.592158984148652,10,64,0.5055629344735229,62,7,10,19,31,0.109375,0.15625,0.296875,0.484375,timm:densenet121.tv_in1k,timm/densenet121.tv_in1k,imagenet_val[6400],1600.0,True,0.109375,0.15625,0.296875,0.484375,1.0,6400.0,30.884814677078833,2.538350627028699,0.03966172854732342,2.7422138846111404,0.04284709194704907,2.0349337361067574,0.031795839626668085,9.496494175717725,10.0,64.0,0.8214489151984021,55.0,3.0,3.0,3.0,4.0,0.046875,0.046875,0.046875,0.0625,100.0,True
features.norm0.act,act,1,64,1,False,,0,112.0,112.0,102400,0.274715445871551,4.688281204948248,0.07325439382731637,7.641409364376087,0.11939702131837636,2.741199729889498,0.04283124577952341,6.2953402662571705,10,64,0.2630902191435154,62,8,12,23,45,0.125,0.1875,0.359375,0.703125,timm:densenet121.tv_in1k,timm/densenet121.tv_in1k,imagenet_val[6400],1600.0,True,,,,,,6400.0,0.09362752640079579,2.5055919321397155,0.039149873939683055,3.2022206367078936,0.05003469744856084,1.8807186930836963,0.029386229579432755,8.4186193197542,10.0,64.0,0.5244084671504293,62.0,3.0,4.0,7.0,14.0,0.046875,0.0625,0.109375,0.21875,100.0,True
features.denseblock1.denselayer1.norm1.act,act,2,64,1,False,,0,56.0,56.0,102400,1.342897672773318,5.451242153481393,0.08517565864814676,11.674596398572888,0.18241556872770137,2.5860551637717775,0.04040711193393402,10.323762459560488,10,64,0.2388416401082314,54,16,26,43,52,0.25,0.40625,0.671875,0.8125,timm:densenet121.tv_in1k,timm/densenet121.tv_in1k,imagenet_val[6400],1600.0,True,,,,,,6400.0,0.18172107042175487,1.957930527964204,0.03059266449944069,3.2940415531020473,0.05146939926721949,1.4304848526387774,0.022351325822480898,12.073369841982318,10.0,64.0,0.3274253987431106,54.0,4.0,6.0,13.0,31.0,0.0625,0.09375,0.203125,0.484375,100.0,True
features.denseblock1.denselayer1.conv1,conv,3,128,1,False,64.0,0,56.0,56.0,102400,1.7733152874241045,4.306048507893684,0.03364100396791941,7.030502952619331,0.054925804317338525,2.3174200013067576,0.018104843760209044,10.870967105316463,10,128,0.8125050863007452,89,7,9,18,33,0.0546875,0.0703125,0.140625,0.2578125,timm:densenet121.tv_in1k,timm/densenet121.tv_in1k,imagenet_val[6400],800.0,True,0.109375,0.140625,0.28125,0.515625,0.5,6400.0,0.24749976754073844,1.7374501910803475,0.013573829617815215,2.540531906157293,0.01984790551685385,1.34527080501582,0.010509928164186094,9.853694272871993,10.0,128.0,0.8768754441139388,91.0,3.0,4.0,7.0,16.0,0.0234375,0.03125,0.0546875,0.125,50.0,True
features.denseblock1.denselayer1.norm2.act,act,4,128,1,False,,0,56.0,56.0,102400,0.587445089061402,9.671713114663692,0.0755602587083101,20.03640981472349,0.15653445167752728,4.3264138526851745,0.033800108224102926,2.516944232766628,10,128,0.5326295076227092,127,27,44,87,115,0.2109375,0.34375,0.6796875,0.8984375,timm:densenet121.tv_in1k,timm/densenet121.tv_in1k,imagenet_val[6400],800.0,True,,,,,,6400.0,0.08451805393460307,2.9187034059099926,0.022802370358671817,4.589876502005513,0.03585841017191807,2.015089897026045,0.015742889820515978,3.3216931701705708,10.0,128.0,0.6863556834341902,127.0,4.0,7.0,22.0,65.0,0.03125,0.0546875,0.171875,0.5078125,50.0,True
features.denseblock1.denselayer1.conv2,conv,5,32,1,False,32.0,0,56.0,56.0,102400,1.9675446539380264,9.16457863700408,0.2863930824063775,12.617850215881045,0.39430781924628266,5.9309855255885005,0.18534329767464064,3.1053635300977382,10,32,0.9302768874177717,32,12,16,24,31,0.375,0.5,0.75,0.96875,timm:densenet121.tv_in1k,timm/densenet121.tv_in1k,imagenet_val[6400],3200.0,True,0.375,0.5,0.75,0.96875,1.0,6400.0,0.180063640033226,2.568170535435982,0.08025532923237444,3.5546208888643274,0.11108190277701023,1.9035778250538264,0.059486807032932076,4.466641466009156,10.0,32.0,0.9881108080493,32.0,3.0,5.0,10.0,19.0,0.09375,0.15625,0.3125,0.59375,200.0,True
features.denseblock1.denselayer1,block,6,32,1,False,,0,56.0,56.0,102400,1.9710624715361784,9.16213122432962,0.28631660076030063,12.610282819502666,0.3940713381094583,5.935717595578098,0.18549117486181557,3.118224549447566,10,32,0.9308816536678599,32,12,16,24,31,0.375,0.5,0.75,0.96875,timm:densenet121.tv_in1k,timm/densenet121.tv_in1k,imagenet_val[6400],3200.0,True,,,,,,6400.0,0.180063640033226,2.568170535435982,0.08025532923237444,3.5546208888643274,0.11108190277701023,1.9035778250538264,0.059486807032932076,4.466641466009156,10.0,32.0,0.9881108080493,32.0,3.0,5.0,10.0,19.0,0.09375,0.15625,0.3125,0.59375,200.0,True
features.denseblock1.denselayer2.norm1.act,act,7,96,1,False,,0,56.0,56.0,102400,1.3950002494858278,8.911026749087378,0.09282319530299353,22.61296210929,0.23555168863843748,3.3845391820512267,0.035255616479700276,2.8895919589350614,10,96,0.18226385465905282,94,32,48,74,89,0.3333333333333333,0.5,0.7708333333333334,0.9270833333333334,timm:densenet121.tv_in1k,timm/densenet121.tv_in1k,imagenet_val[6400],1066.6666666666667,True,,,,,,6400.0,0.24040850178527207,3.507508122124416,0.036536542938796,6.2356193936687525,0.06495436868404951,2.037375236029893,0.021222658708644718,3.560828488551961,10.0,96.0,0.9694878033152255,94.0,7.0,10.0,23.0,51.0,0.07291666666666667,0.10416666666666667,0.23958333333333334,0.53125,66.66666666666667,True
features.denseblock1.denselayer2.conv1,conv,8,128,1,False,96.0,0,56.0,56.0,102400,0.9309682769522398,5.811823583005924,0.04540487174223378,11.457444554665829,0.08951128558332679,2.7127647610590273,0.02119347469577365,7.391594525107764,10,128,0.6501939176698563,108,13,19,34,56,0.1015625,0.1484375,0.265625,0.4375,timm:densenet121.tv_in1k,timm/densenet121.tv_in1k,imagenet_val[6400],800.0,True,0.13541666666666666,0.19791666666666666,0.3541666666666667,0.5833333333333334,0.75,6400.0,0.135874006758255,3.0593175535119532,0.023900918386812135,5.293041414788057,0.041351886053031695,1.8502074681057885,0.014454745844576473,7.90550477099934,10.0,128.0,0.777848197013,110.0,6.0,8.0,14.0,30.0,0.046875,0.0625,0.109375,0.234375,50.0,True
features.denseblock1.denselayer2.norm2.act,act,9,128,1,False,,0,56.0,56.0,102400,0.5425289851273007,17.74439425539804,0.13862808012029718,34.638300328341735,0.2706117213151698,7.0798855766105975,0.05531160606727029,1.7155592277002432,10,128,0.9818978426428275,127,42,65,105,124,0.328125,0.5078125,0.8203125,0.96875,timm:densenet121.tv_in1k,timm/densenet121.tv_in1k,imagenet_val[6400],800.0,True,,,,,,6400.0,0.07248843099817967,6.4966008255013445,0.050754693949229254,10.902890916598956,0.08517883528592934,3.466524966682303,0.02708222630220549,2.61543919868813,10.0,128.0,0.9909655976646581,127.0,10.0,17.0,44.0,96.0,0.078125,0.1328125,0.34375,0.75,50.0,True
features.denseblock1.denselayer2.conv2,conv,10,32,1,False,32.0,0,56.0,56.0,102400,0.7779009389595739,11.420916226756992,0.356903632086156,17.03029465036062,0.5321967078237694,5.028346801795768,0.15713583755611776,2.53426240909275,10,32,0.854620360827206,32,17,22,28,31,0.53125,0.6875,0.875,0.96875,timm:densenet121.tv_in1k,timm/densenet121.tv_in1k,imagenet_val[6400],3200.0,True,0.53125,0.6875,0.875,0.96875,1.0,6400.0,0.09024752529537483,3.812933358572943,0.11915416745540447,5.862700021330857,0.1832093756665893,2.278340852300603,0.07119815163439384,4.464603095916455,10.0,32.0,0.9685634509807541,32.0,6.0,8.0,13.0,23.0,0.1875,0.25,0.40625,0.71875,200.0,True
features.denseblock1.denselayer2,block,11,32,1,False,,0,56.0,56.0,102400,0.7801580618472403,11.445990104068866,0.35768719075215205,17.046770406780773,0.5327115752118992,5.0516665695848255,0.1578645802995258,2.537930028473002,10,32,0.8553576097255866,32,17,22,28,31,0.53125,0.6875,0.875,0.96875,timm:densenet121.tv_in1k,timm/densenet121.tv_in1k,imagenet_val[6400],3200.0,True,,,,,,6400.0,0.09024752529537483,3.812933358572943,0.11915416745540447,5.862700021330857,0.1832093756665893,2.278340852300603,0.07119815163439384,4.464603095916455,10.0,32.0,0.9685634509807541,32.0,6.0,8.0,13.0,23.0,0.1875,0.25,0.40625,0.71875,200.0,True
features.denseblock1.denselayer3.norm1.act,act,12,128,1,False,,0,56.0,56.0,102400,1.3380390755987324,22.339394418605234,0.1745265188953534,42.49229229732354,0.33197103357284014,6.8100763778133775,0.05320372170166701,3.4326963430195048,10,128,0.20135161660373513,125,47,64,96,115,0.3671875,0.5,0.75,0.8984375,timm:densenet121.tv_in1k,timm/densenet121.tv_in1k,imagenet_val[6400],800.0,True,,,,,,6400.0,0.13033172563960552,4.404477549005749,0.034409980851607416,8.981631962588171,0.07016899970772009,2.286452431982828,0.017862909624865843,4.771195725711558,10.0,128.0,0.27763077846218853,125.0,10.0,16.0,37.0,81.0,0.078125,0.125,0.2890625,0.6328125,50.0,True
features.denseblock1.denselayer3.conv1,conv,13,128,1,False,128.0,0,56.0,56.0,102400,0.7563170435648074,13.760067559981971,0.10750052781235915,20.377909270642498,0.1592024161768945,6.937627072822015,0.05420021150642199,5.175677160862372,10,128,0.7557598243727527,125,19,25,45,74,0.1484375,0.1953125,0.3515625,0.578125,timm:densenet121.tv_in1k,timm/densenet121.tv_in1k,imagenet_val[6400],800.0,True,0.1484375,0.1953125,0.3515625,0.578125,1.0,6400.0,0.04780337268402361,3.5333333990850178,0.0276041671803517,6.2852994187431666,0.04910390170893099,2.0311467960077207,0.01586833434381032,5.385462661741163,10.0,128.0,0.8161334449674091,125.0,7.0,9.0,22.0,48.0,0.0546875,0.0703125,0.171875,0.375,50.0,True
features.denseblock1.denselayer3.norm2.act,act,14,128,1,False,,0,56.0,56.0,102400,0.7345590205021844,31.475290407115065,0.24590070630558644,54.888364589204315,0.4288153483531587,12.271115554896701,0.09586809027263048,1.3840157726367417,10,128,0.9868141764301642,128,65,87,117,127,0.5078125,0.6796875,0.9140625,0.9921875,timm:densenet121.tv_in1k,timm/densenet121.tv_in1k,imagenet_val[6400],800.0,True,,,,,,6400.0,0.030499757645478714,6.088546437083411,0.04756676903971415,11.850795408971132,0.09258433913258697,3.00742134787081,0.023495479280240702,2.2149013114948337,10.0,128.0,0.989753314354957,128.0,14.0,24.0,63.0,112.0,0.109375,0.1875,0.4921875,0.875,50.0,True
features.denseblock1.denselayer3.conv2,conv,15,32,1,False,32.0,0,56.0,56.0,102400,0.7805986355788022,16.516605871584332,0.5161439334870104,20.9097950966574,0.6534310967705438,9.259842170707056,0.2893700678345955,2.227570716566613,10,32,0.9781841772294279,32,19,23,30,32,0.59375,0.71875,0.9375,1.0,timm:densenet121.tv_in1k,timm/densenet121.tv_in1k,imagenet_val[6400],3200.0,True,0.59375,0.71875,0.9375,1.0,1.0,6400.0,0.020031305994305217,3.504410138141043,0.1095128168169076,5.6640616030242565,0.17700192509450802,2.1528672739308994,0.0672771023103406,3.283418882822331,10.0,32.0,0.9631303108950274,32.0,6.0,9.0,17.0,28.0,0.1875,0.28125,0.53125,0.875,200.0,True
features.denseblock1.denselayer3,block,16,32,1,False,,0,56.0,56.0,102400,0.7815281590950662,16.527068407377485,0.5164708877305464,20.912128381335226,0.6535040119167258,9.23127778854763,0.2884774308921134,2.2319120186898007,10,32,0.9775593788696197,32,19,23,30,32,0.59375,0.71875,0.9375,1.0,timm:densenet121.tv_in1k,timm/densenet121.tv_in1k,imagenet_val[6400],3200.0,True,,,,,,6400.0,0.020031305994305217,3.504410138141043,0.1095128168169076,5.6640616030242565,0.17700192509450802,2.1528672739308994,0.0672771023103406,3.283418882822331,10.0,32.0,0.9631303108950274,32.0,6.0,9.0,17.0,28.0,0.1875,0.28125,0.53125,0.875,200.0,True
features.denseblock1.denselayer4.norm1.act,act,17,160,1,False,,0,56.0,56.0,102400,1.3001967836071446,32.64862066775279,0.2040538791734549,49.837226823647725,0.3114826676477983,13.533088073641661,0.08458180046026038,7.505550458830965,10,160,0.259127699296266,138,49,66,95,123,0.30625,0.4125,0.59375,0.76875,timm:densenet121.tv_in1k,timm/densenet121.tv_in1k,imagenet_val[6400],640.0,True,,,,,,6400.0,0.05026679832533397,5.065570271246654,0.03165981419529158,10.055160497136049,0.0628447531071003,2.5422817520691234,0.01588926095043202,6.635544934868244,10.0,160.0,0.268197415145666,138.0,11.0,19.0,49.0,96.0,0.06875,0.11875,0.30625,0.6,40.0,False
features.denseblock1.denselayer4.conv1,conv,18,128,1,False,128.0,0,56.0,56.0,102400,0.6956471209300441,17.033382558199534,0.13307330123593386,23.837552192925923,0.18623087650723377,7.864823390299785,0.06144393273671707,5.447286489750851,10,128,0.83167298176822,128,20,27,44,72,0.15625,0.2109375,0.34375,0.5625,timm:densenet121.tv_in1k,timm/densenet121.tv_in1k,imagenet_val[6400],800.0,True,0.15625,0.2109375,0.34375,0.5625,1.0,6400.0,0.022535325929575797,3.7378477243498636,0.02920193534648331,6.3175682087749685,0.04935600163105444,2.1720866974797013,0.016969427324060166,5.263028794392648,10.0,128.0,0.8089957444693502,128.0,7.0,9.0,22.0,51.0,0.0546875,0.0703125,0.171875,0.3984375,50.0,True
features.denseblock1.denselayer4.norm2.act,act,19,128,1,False,,0,56.0,56.0,102400,0.7402677044515247,38.73228252795267,0.30259595724963023,63.19683650522309,0.4937252851970554,16.86418436161682,0.13175144032513142,1.2735610164209246,10,128,0.9870832485390889,128,72,93,119,127,0.5625,0.7265625,0.9296875,0.9921875,timm:densenet121.tv_in1k,timm/densenet121.tv_in1k,imagenet_val[6400],800.0,True,,,,,,6400.0,0.014287400101400966,7.129134006073754,0.0556963594224512,12.6240330829649,0.09862525846066328,3.8641938666954574,0.03018901458355826,2.0394558153722744,10.0,128.0,0.9918057491005998,128.0,13.0,25.0,68.0,116.0,0.1015625,0.1953125,0.53125,0.90625,50.0,True
features.denseblock1.denselayer4.conv2,conv,20,32,1,False,32.0,0,56.0,56.0,102400,0.7044618410838315,17.329085022345087,0.541533906948284,22.254332898427414,0.6954479030758567,8.5842534615004,0.2682579206718875,1.691850326644773,10,32,0.9513295542969286,32,21,25,30,32,0.65625,0.78125,0.9375,1.0,timm:densenet121.tv_in1k,timm/densenet121.tv_in1k,imagenet_val[6400],3200.0,True,0.65625,0.78125,0.9375,1.0,1.0,6400.0,0.005630224478152817,4.757190802993782,0.1486622125935557,7.900400154969478,0.24688750484279617,2.7614076934515577,0.08629399042036118,3.0251078845509483,10.0,32.0,0.9910662021203515,32.0,9.0,13.0,22.0,30.0,0.28125,0.40625,0.6875,0.9375,200.0,True
features.denseblock1.denselayer4,block,21,32,1,False,,0,56.0,56.0,102400,0.706317856121876,17.32466812826601,0.5413958790083128,22.256059084756572,0.6955018463986429,8.584747778764667,0.26827336808639585,1.6892259797293332,10,32,0.9508558784522566,32,21,25,30,32,0.65625,0.78125,0.9375,1.0,timm:densenet121.tv_in1k,timm/densenet121.tv_in1k,imagenet_val[6400],3200.0,True,,,,,,6400.0,0.005630224478152817,4.757190802993782,0.1486622125935557,7.900400154969478,0.24688750484279617,2.7614076934515577,0.08629399042036118,3.0251078845509483,10.0,32.0,0.9910662021203515,32.0,9.0,13.0,22.0,30.0,0.28125,0.40625,0.6875,0.9375,200.0,True
features.denseblock1.denselayer5.norm1.act,act,22,192,1,False,,0,56.0,56.0,102400,1.018847413641746,44.36895776499725,0.231088321692694,70.68153835834747,0.3681330122830597,14.003952117240521,0.07293725061062771,4.310540620001926,10,192,0.21271637803005294,182,72,96,131,161,0.375,0.5,0.6822916666666666,0.8385416666666666,timm:densenet121.tv_in1k,timm/densenet121.tv_in1k,imagenet_val[6400],533.3333333333334,True,,,,,,6400.0,0.058724812160300364,7.9477791349129445,0.04139468299433825,13.685236129743696,0.07127727150908175,3.8617364557585057,0.02011321070707555,4.62665930359778,10.0,192.0,0.3251550306121983,182.0,13.0,20.0,53.0,118.0,0.06770833333333333,0.10416666666666667,0.2760416666666667,0.6145833333333334,33.333333333333336,False
features.denseblock1.denselayer5.conv1,conv,23,128,1,False,128.0,0,56.0,56.0,102400,0.3037576190510354,17.084754800775084,0.13347464688105534,26.425461416906067,0.20644891731957865,7.524494992216661,0.05878511712669266,3.7267758361536636,10,128,0.9004384693615196,128,25,34,59,92,0.1953125,0.265625,0.4609375,0.71875,timm:densenet121.tv_in1k,timm/densenet121.tv_in1k,imagenet_val[6400],800.0,True,0.1953125,0.265625,0.4609375,0.71875,1.0,6400.0,0.0151751653030345,5.935921144242119,0.046374383939391556,9.00153554136308,0.07032449641689906,3.2734743776786566,0.025574018575614504,4.263161158817051,10.0,128.0,0.9381969164972835,128.0,8.0,12.0,26.0,56.0,0.0625,0.09375,0.203125,0.4375,50.0,True
features.denseblock1.denselayer5.norm2.act,act,24,128,1,False,,0,56.0,56.0,102400,0.4555060111080597,35.13950215883405,0.274527360615891,63.58764107393915,0.49677844589014963,10.543276485491553,0.08236934754290276,1.1793539521680478,10,128,0.9804540219440891,128,75,96,120,127,0.5859375,0.75,0.9375,0.9921875,timm:densenet121.tv_in1k,timm/densenet121.tv_in1k,imagenet_val[6400],800.0,True,,,,,,6400.0,0.012408715923972151,8.606232480639958,0.06723619125499967,15.870630026662667,0.12398929708330209,4.5307531942514885,0.035396509330089754,2.089329143502931,10.0,128.0,0.9902969544777082,128.0,17.0,31.0,75.0,117.0,0.1328125,0.2421875,0.5859375,0.9140625,50.0,True
features.denseblock1.denselayer5.conv2,conv,25,32,1,False,32.0,0,56.0,56.0,102400,0.35860262797631837,17.558939419577946,0.5487168568618108,21.535264660785632,0.672977020649551,9.734811767289644,0.3042128677278014,2.394709168745048,10,32,0.9724244914550966,32,19,23,29,32,0.59375,0.71875,0.90625,1.0,timm:densenet121.tv_in1k,timm/densenet121.tv_in1k,imagenet_val[6400],3200.0,True,0.59375,0.71875,0.90625,1.0,1.0,6400.0,0.004892477589601232,4.297190079609916,0.13428718998780986,7.635208001089964,0.23860025003406138,2.3949401473626986,0.07484187960508433,3.185651612691868,10.0,32.0,0.9720670957227308,32.0,9.0,13.0,22.0,30.0,0.28125,0.40625,0.6875,0.9375,200.0,True
features.denseblock1.denselayer5,block,26,32,1,False,,0,56.0,56.0,102400,0.3587171336756494,17.567319811637958,0.5489787441136862,21.537922757568253,0.6730600861740079,9.772361956997011,0.3053863111561566,2.3948881204598584,10,32,0.9727555441098522,32,19,23,29,32,0.59375,0.71875,0.90625,1.0,timm:densenet121.tv_in1k,timm/densenet121.tv_in1k,imagenet_val[6400],3200.0,True,,,,,,6400.0,0.004892477589601232,4.297190079609916,0.13428718998780986,7.635208001089964,0.23860025003406138,2.3949401473626986,0.07484187960508433,3.185651612691868,10.0,32.0,0.9720670957227308,32.0,9.0,13.0,22.0,30.0,0.28125,0.40625,0.6875,0.9375,200.0,True
features.denseblock1.denselayer6.norm1.act,act,27,224,1,False,,0,56.0,56.0,102400,1.3306254413699627,41.68990854994899,0.18611566316941514,63.73188878475782,0.2845173606462403,17.64117654335718,0.0787552524257017,11.4756465170401,10,224,0.35303364467718956,153,63,87,124,142,0.28125,0.38839285714285715,0.5535714285714286,0.6339285714285714,timm:densenet121.tv_in1k,timm/densenet121.tv_in1k,imagenet_val[6400],457.14285714285717,True,,,,,,6400.0,0.015109808947070008,7.037841515318187,0.031418935336241904,15.936034426546689,0.07114301083279771,3.1189047686638034,0.013923682002963409,11.331207489562498,10.0,224.0,0.36169477314113196,153.0,20.0,36.0,83.0,132.0,0.08928571428571429,0.16071428571428573,0.3705357142857143,0.5892857142857143,28.571428571428573,False
features.denseblock1.denselayer6.conv1,conv,28,128,1,False,128.0,0,56.0,56.0,102400,0.8414248699302894,18.569076925068227,0.14507091347709553,25.72926981866715,0.2010099204583371,10.11893719735029,0.07905419685429914,4.16116999463855,10,128,0.9136858706551437,128,22,29,50,83,0.171875,0.2265625,0.390625,0.6484375,timm:densenet121.tv_in1k,timm/densenet121.tv_in1k,imagenet_val[6400],800.0,True,0.171875,0.2265625,0.390625,0.6484375,1.0,6400.0,0.008464254013584672,2.1230421008953653,0.01658626641324504,4.4181265169243344,0.03451661341347136,1.478712601052106,0.011552442195719577,3.864456967508171,10.0,128.0,0.8926036893343344,128.0,7.0,12.0,32.0,66.0,0.0546875,0.09375,0.25,0.515625,50.0,True
features.denseblock1.denselayer6.norm2.act,act,29,128,1,False,,0,56.0,56.0,102400,1.0314641673672083,43.61074569744083,0.34070895076125646,69.74947470143498,0.5449177711049608,16.32389179405193,0.12753040464103071,1.1972787124725268,10,128,0.972459695785098,128,76,96,120,128,0.59375,0.75,0.9375,1.0,timm:densenet121.tv_in1k,timm/densenet121.tv_in1k,imagenet_val[6400],800.0,True,,,,,,6400.0,0.008536679994580625,6.9165102669299285,0.05403523646039007,16.693079454023376,0.13041468323455763,2.937994499279679,0.022953082025622493,2.1277191678337757,10.0,128.0,0.9955137039777401,128.0,21.0,36.0,81.0,120.0,0.1640625,0.28125,0.6328125,0.9375,50.0,True
features.denseblock1.denselayer6.conv2,conv,30,32,1,False,32.0,0,56.0,56.0,102400,0.7751188533051481,20.907375481236354,0.6533554837886361,24.95912237804986,0.7799725743140581,10.680004887453727,0.33375015273292896,1.7043823248186667,10,32,0.8531246098952099,32,23,26,30,32,0.71875,0.8125,0.9375,1.0,timm:densenet121.tv_in1k,timm/densenet121.tv_in1k,imagenet_val[6400],3200.0,True,0.71875,0.8125,0.9375,1.0,1.0,6400.0,0.032059823056899306,7.930076124519675,0.24781487889123985,11.659769715743444,0.3643678036169826,3.944556334181196,0.12326738544316238,4.175481604465054,10.0,32.0,0.9747293271518157,32.0,11.0,14.0,21.0,29.0,0.34375,0.4375,0.65625,0.90625,200.0,True
features.denseblock1.denselayer6,block,31,32,1,False,,0,56.0,56.0,102400,0.771689530084956,20.93584915687142,0.6542452861522319,24.987610402277348,0.7808628250711671,10.70487097718196,0.33452721803693625,1.6906571310753649,10,32,0.8498948233528101,32,23,26,30,32,0.71875,0.8125,0.9375,1.0,timm:densenet121.tv_in1k,timm/densenet121.tv_in1k,imagenet_val[6400],3200.0,True,,,,,,6400.0,0.032059823056899306,7.930076124519675,0.24781487889123985,11.659769715743444,0.3643678036169826,3.944556334181196,0.12326738544316238,4.175481604465054,10.0,32.0,0.9747293271518157,32.0,11.0,14.0,21.0,29.0,0.34375,0.4375,0.65625,0.90625,200.0,True
features.transition1.norm.act,act,32,256,1,False,,0,56.0,56.0,102400,5.894988515852452,65.32046904476324,0.2551580822061064,106.18464692621156,0.4147837770555139,18.20458392900546,0.07111165597267757,2.5035789099426218,10,256,0.20267977439787777,252,108,140,193,236,0.421875,0.546875,0.75390625,0.921875,timm:densenet121.tv_in1k,timm/densenet121.tv_in1k,imagenet_val[6400],400.0,True,,,,,,6400.0,0.37337988379252995,9.124804891436519,0.0356437691071739,16.833028362419455,0.065754017040701,4.595193188325753,0.017949973391897474,3.2456569010740033,10.0,256.0,0.46123493550836026,252.0,18.0,31.0,71.0,164.0,0.0703125,0.12109375,0.27734375,0.640625,25.0,False
features.transition1.conv,conv,33,128,1,False,128.0,0,56.0,56.0,102400,5.8689740179076795,21.22762005169545,0.1658407816538707,35.55433643395446,0.2777682533902692,7.6969599604361685,0.060132499690907566,3.1319419987242387,10,128,0.8880497922280456,128,36,47,72,105,0.28125,0.3671875,0.5625,0.8203125,timm:densenet121.tv_in1k,timm/densenet121.tv_in1k,imagenet_val[6400],800.0,True,0.28125,0.3671875,0.5625,0.8203125,1.0,6400.0,1.0132770764969983,4.711167417261736,0.03680599544735731,8.353554850080672,0.06526214726625525,2.6703544129184063,0.02086214385092505,4.558442346875649,10.0,128.0,0.947130478698682,128.0,9.0,14.0,29.0,55.0,0.0703125,0.109375,0.2265625,0.4296875,50.0,True
features.denseblock2.denselayer1.norm1.act,act,34,128,1,False,,0,28.0,28.0,102400,0.6068217306201114,8.202490796679667,0.0640819593490599,16.81801552060926,0.13139074625475985,4.029760316463692,0.031482502472372595,15.983596157860083,10,128,0.27176176344252323,102,23,35,59,75,0.1796875,0.2734375,0.4609375,0.5859375,timm:densenet121.tv_in1k,timm/densenet121.tv_in1k,imagenet_val[6400],800.0,True,,,,,,6400.0,0.2187504662668402,4.220322770925388,0.03297127164785459,6.796982000010595,0.05310142187508277,2.771905043081965,0.02165550814907785,15.628875796444019,10.0,128.0,0.39670481887207765,100.0,7.0,11.0,26.0,53.0,0.0546875,0.0859375,0.203125,0.4140625,50.0,True
features.denseblock2.denselayer1.conv1,conv,35,128,1,False,128.0,0,28.0,28.0,102400,0.3447957678848027,3.7016535512972206,0.028919168369509536,5.601096847484789,0.043758569120974915,2.5513707576017755,0.01993258404376387,8.550852756683971,10,128,0.8239467618983456,104,5,8,17,33,0.0390625,0.0625,0.1328125,0.2578125,timm:densenet121.tv_in1k,timm/densenet121.tv_in1k,imagenet_val[6400],800.0,True,0.0390625,0.0625,0.1328125,0.2578125,1.0,6400.0,0.16102800109038312,3.004500847556573,0.023472662871535727,3.983637833084052,0.031122170570969155,2.288588358873623,0.01787959655370018,8.853462370146437,10.0,128.0,0.8951504639752351,103.0,4.0,5.0,10.0,20.0,0.03125,0.0390625,0.078125,0.15625,50.0,True
features.denseblock2.denselayer1.norm2.act,act,36,128,1,False,,0,28.0,28.0,102400,0.5674503047742034,6.569319234869598,0.05132280652241873,12.875158839544696,0.10058717843394294,3.522331255328785,0.027518212932256134,2.6931463039640557,10,128,0.8540364542730791,128,16,29,64,104,0.125,0.2265625,0.5,0.8125,timm:densenet121.tv_in1k,timm/densenet121.tv_in1k,imagenet_val[6400],800.0,True,,,,,,6400.0,0.2332518771755075,4.235514864817537,0.03308995988138701,6.622592242732504,0.05173900189634769,2.7362285639783215,0.021376785656080637,3.2017255332637125,10.0,128.0,0.8991934740074219,128.0,6.0,11.0,30.0,73.0,0.046875,0.0859375,0.234375,0.5703125,50.0,True
features.denseblock2.denselayer1.conv2,conv,37,32,1,False,32.0,0,28.0,28.0,102400,1.210493535379487,9.64951618328724,0.30154738072772624,13.056839706798678,0.4080262408374587,5.710331557749525,0.17844786117967265,4.117267053738453,10,32,0.9592899307353125,32,12,15,22,29,0.375,0.46875,0.6875,0.90625,timm:densenet121.tv_in1k,timm/densenet121.tv_in1k,imagenet_val[6400],3200.0,True,0.375,0.46875,0.6875,0.90625,1.0,6400.0,0.05203677334306603,4.509576195352417,0.14092425610476303,6.9221864414543814,0.21631832629544942,2.5664551170590095,0.08020172240809405,3.628183901383113,10.0,32.0,0.9633321114720237,32.0,6.0,10.0,19.0,28.0,0.1875,0.3125,0.59375,0.875,200.0,True
features.denseblock2.denselayer1,block,38,32,1,False,,0,28.0,28.0,102400,1.2066267134274735,9.706014018234775,0.3033129380698367,13.101033380014826,0.4094072931254633,5.684175622110532,0.17763048819095412,4.120833663611084,10,32,0.9597478139439723,32,12,15,22,29,0.375,0.46875,0.6875,0.90625,timm:densenet121.tv_in1k,timm/densenet121.tv_in1k,imagenet_val[6400],3200.0,True,,,,,,6400.0,0.05203677334306603,4.509576195352417,0.14092425610476303,6.9221864414543814,0.21631832629544942,2.5664551170590095,0.08020172240809405,3.628183901383113,10.0,32.0,0.9633321114720237,32.0,6.0,10.0,19.0,28.0,0.1875,0.3125,0.59375,0.875,200.0,True
features.denseblock2.denselayer2.norm1.act,act,39,160,1,False,,0,28.0,28.0,102400,0.8704202159967163,29.41285328122774,0.18383033300767337,55.43055711265107,0.3464409819540692,11.167064604943278,0.06979415378089548,2.422109944721956,10,160,0.46077936804015307,160,65,87,123,143,0.40625,0.54375,0.76875,0.89375,timm:densenet121.tv_in1k,timm/densenet121.tv_in1k,imagenet_val[6400],640.0,True,,,,,,6400.0,0.08667481420121255,8.922421550178262,0.05576513468861414,18.45783809885555,0.11536148811784719,3.9291038524914517,0.024556899078071574,3.0324936582556092,10.0,160.0,0.6391416123494209,160.0,22.0,36.0,80.0,129.0,0.1375,0.225,0.5,0.80625,40.0,False
features.denseblock2.denselayer2.conv1,conv,40,128,1,False,128.0,0,28.0,28.0,102400,0.2991457181531527,9.525030890027493,0.07441430382833979,15.631212386867121,0.12211884677239938,4.801492691187194,0.037511661649899955,4.119584265594094,10,128,0.8979087396197661,128,15,22,43,77,0.1171875,0.171875,0.3359375,0.6015625,timm:densenet121.tv_in1k,timm/densenet121.tv_in1k,imagenet_val[6400],800.0,True,0.1171875,0.171875,0.3359375,0.6015625,1.0,6400.0,0.033930626774315534,5.404427985183885,0.0422220936342491,8.187125423888006,0.06396191737412504,3.149596308303746,0.024606221158623015,4.496457069522809,10.0,128.0,0.919786070225725,128.0,8.0,11.0,25.0,53.0,0.0625,0.0859375,0.1953125,0.4140625,50.0,True
features.denseblock2.denselayer2.norm2.act,act,41,128,1,False,,0,28.0,28.0,102400,0.7029737963082967,19.451899131207266,0.15196796196255677,39.1569874695061,0.3059139646055164,6.928808180455984,0.05413131390981237,1.6414864377377063,10,128,0.9623132720999702,128,50,72,108,125,0.390625,0.5625,0.84375,0.9765625,timm:densenet121.tv_in1k,timm/densenet121.tv_in1k,imagenet_val[6400],800.0,True,,,,,,6400.0,0.06814193434404231,6.539355307035704,0.05108871333621644,11.64042036013401,0.09094078406354696,3.653230379387928,0.028540862338968187,2.3908010602834553,10.0,128.0,0.9861971145812782,128.0,13.0,22.0,57.0,107.0,0.1015625,0.171875,0.4453125,0.8359375,50.0,True
features.denseblock2.denselayer2.conv2,conv,42,32,1,False,32.0,0,28.0,28.0,102400,0.8293110886615831,14.573901440401299,0.4554344200125406,19.749364381763634,0.6171676369301136,6.666606229643767,0.20833144467636772,2.4450906990491497,10,32,0.9372517843877596,32,18,23,29,32,0.5625,0.71875,0.90625,1.0,timm:densenet121.tv_in1k,timm/densenet121.tv_in1k,imagenet_val[6400],3200.0,True,0.5625,0.71875,0.90625,1.0,1.0,6400.0,0.0364595768635395,4.940774360815955,0.1543991987754986,7.06038784249652,0.22063712007801625,3.216913544658292,0.10052854827057163,2.5757167009723565,10.0,32.0,0.9957028777001532,32.0,6.0,9.0,20.0,30.0,0.1875,0.28125,0.625,0.9375,200.0,True
features.denseblock2.denselayer2,block,43,32,1,False,,0,28.0,28.0,102400,0.826000351744572,14.594764033164745,0.4560863760363983,19.76958089718825,0.6177994030371328,6.698177989247957,0.20931806216399865,2.4379193011741216,10,32,0.9374562242759586,32,18,23,29,32,0.5625,0.71875,0.90625,1.0,timm:densenet121.tv_in1k,timm/densenet121.tv_in1k,imagenet_val[6400],3200.0,True,,,,,,6400.0,0.0364595768635395,4.940774360815955,0.1543991987754986,7.06038784249652,0.22063712007801625,3.216913544658292,0.10052854827057163,2.5757167009723565,10.0,32.0,0.9957028777001532,32.0,6.0,9.0,20.0,30.0,0.1875,0.28125,0.625,0.9375,200.0,True
features.denseblock2.denselayer3.norm1.act,act,44,192,1,False,,0,28.0,28.0,102400,0.9332306036627435,39.11677070632057,0.20373318076208632,64.78316559684781,0.3374123208169157,14.106460638323867,0.0734711491579368,4.698933699087826,10,192,0.2197967846941471,179,68,92,134,158,0.3541666666666667,0.4791666666666667,0.6979166666666666,0.8229166666666666,timm:densenet121.tv_in1k,timm/densenet121.tv_in1k,imagenet_val[6400],533.3333333333334,True,,,,,,6400.0,0.06069465633083614,9.54863776450098,0.049732488356775933,18.89009777122217,0.09838592589178213,4.622253991168308,0.024074239537334938,5.117869783581615,10.0,192.0,0.2514714574495761,179.0,24.0,40.0,90.0,144.0,0.125,0.20833333333333334,0.46875,0.75,33.333333333333336,False
features.denseblock2.denselayer3.conv1,conv,45,128,1,False,128.0,0,28.0,28.0,102400,0.3389780174732092,14.139755121137256,0.11046683688388481,21.6234565940126,0.16893325464072342,6.399827976721222,0.04999865606813455,4.0734186524341895,10,128,0.9228679324766186,128,20,27,49,81,0.15625,0.2109375,0.3828125,0.6328125,timm:densenet121.tv_in1k,timm/densenet121.tv_in1k,imagenet_val[6400],800.0,True,0.15625,0.2109375,0.3828125,0.6328125,1.0,6400.0,0.023770242176818078,5.746767717236009,0.044896622790906324,8.092895769847969,0.06322574820193726,3.874962469500041,0.03027314429296907,3.927145891920746,10.0,128.0,0.9104714610129576,128.0,6.0,10.0,28.0,61.0,0.046875,0.078125,0.21875,0.4765625,50.0,True
features.denseblock2.denselayer3.norm2.act,act,46,128,1,False,,0,28.0,28.0,102400,0.6439411568329179,34.07074343907588,0.26617768311778034,59.76567242436963,0.46691931581538776,12.29433487468263,0.09604949120845804,1.2952527514327223,10,128,0.9830471272621508,128,70,91,118,127,0.546875,0.7109375,0.921875,0.9921875,timm:densenet121.tv_in1k,timm/densenet121.tv_in1k,imagenet_val[6400],800.0,True,,,,,,6400.0,0.03022982034832382,7.313609874330633,0.05713757714320807,13.109029301222055,0.1024142914157973,4.022936790225852,0.03142919367363947,1.9677257004580768,10.0,128.0,0.9933233970830112,128.0,15.0,27.0,73.0,118.0,0.1171875,0.2109375,0.5703125,0.921875,50.0,True
features.denseblock2.denselayer3.conv2,conv,47,32,1,False,32.0,0,28.0,28.0,102400,0.552514810066289,15.950441849134792,0.49845130778546226,21.061591554835932,0.6581747360886229,7.513744549792434,0.23480451718101356,2.0745008863282672,10,32,0.8907978230730195,32,20,24,29,32,0.625,0.75,0.90625,1.0,timm:densenet121.tv_in1k,timm/densenet121.tv_in1k,imagenet_val[6400],3200.0,True,0.625,0.75,0.90625,1.0,1.0,6400.0,0.02801798860791483,3.8170069144925254,0.11928146607789142,6.243483379129822,0.19510885559780694,2.1695399116013534,0.0677981222375423,2.478836103759328,10.0,32.0,0.939353808759859,32.0,6.0,9.0,20.0,29.0,0.1875,0.28125,0.625,0.90625,200.0,True
features.denseblock2.denselayer3,block,48,32,1,False,,0,28.0,28.0,102400,0.5512860762457658,16.004894354567785,0.5001529485802433,21.09245302464424,0.6591391570201325,7.548450971867394,0.23588909287085608,2.078918531447278,10,32,0.8919101274396027,32,20,24,29,32,0.625,0.75,0.90625,1.0,timm:densenet121.tv_in1k,timm/densenet121.tv_in1k,imagenet_val[6400],3200.0,True,,,,,,6400.0,0.02801798860791483,3.8170069144925254,0.11928146607789142,6.243483379129822,0.19510885559780694,2.1695399116013534,0.0677981222375423,2.478836103759328,10.0,32.0,0.939353808759859,32.0,6.0,9.0,20.0,29.0,0.1875,0.28125,0.625,0.90625,200.0,True
features.denseblock2.denselayer4.norm1.act,act,49,224,1,False,,0,28.0,28.0,102400,1.2105279283585924,54.35350013917683,0.24264955419275372,96.43118058688678,0.43049634190574454,15.113799817410168,0.06747232061343825,2.061578443994495,10,224,0.16723810476590262,220,107,141,190,213,0.47767857142857145,0.6294642857142857,0.8482142857142857,0.9508928571428571,timm:densenet121.tv_in1k,timm/densenet121.tv_in1k,imagenet_val[6400],457.14285714285717,True,,,,,,6400.0,0.09281150293442557,10.499415807796648,0.046872391999092176,23.801908422776183,0.10625851974453653,4.51803965190619,0.020169819874581208,3.40159972369415,10.0,224.0,0.2166329732344292,220.0,31.0,53.0,116.0,188.0,0.13839285714285715,0.23660714285714285,0.5178571428571429,0.8392857142857143,28.571428571428573,False
features.denseblock2.denselayer4.conv1,conv,50,128,1,False,128.0,0,28.0,28.0,102400,0.36205849968605935,18.21848809321532,0.1423319382282447,27.634240940703016,0.2158925073492423,9.264426494917267,0.07237833199154114,2.9485727977199367,10,128,0.9489987863219461,128,26,37,69,106,0.203125,0.2890625,0.5390625,0.828125,timm:densenet121.tv_in1k,timm/densenet121.tv_in1k,imagenet_val[6400],800.0,True,0.203125,0.2890625,0.5390625,0.828125,1.0,6400.0,0.03330412957673295,5.880247691153868,0.045939435087139595,10.22435266624773,0.0798777552050604,3.2705941559249796,0.025551516843163903,3.4987758736646297,10.0,128.0,0.9512819797179528,128.0,11.0,18.0,38.0,76.0,0.0859375,0.140625,0.296875,0.59375,50.0,True
features.denseblock2.denselayer4.norm2.act,act,51,128,1,False,,0,28.0,28.0,102400,0.747600220105793,36.99093994328991,0.2889917183069524,62.59014788861454,0.4889855303798011,14.114066613198556,0.11026614541561372,1.2127941259679063,10,128,0.9857628503186809,128,74,95,120,127,0.578125,0.7421875,0.9375,0.9921875,timm:densenet121.tv_in1k,timm/densenet121.tv_in1k,imagenet_val[6400],800.0,True,,,,,,6400.0,0.0509170899004478,7.44105175229215,0.058133216814782424,15.740355431302149,0.12297152680704804,3.5040552260491564,0.027375431453509035,1.986520998817021,10.0,128.0,0.983643646532735,128.0,21.0,37.0,82.0,119.0,0.1640625,0.2890625,0.640625,0.9296875,50.0,True
features.denseblock2.denselayer4.conv2,conv,52,32,1,False,32.0,0,28.0,28.0,102400,0.5602460272974032,17.15949732675644,0.5362342914611388,22.475022162966255,0.7023444425926955,7.163974977798288,0.2238742180561965,1.876575383794307,10,32,0.95446965518135,32,21,25,30,32,0.65625,0.78125,0.9375,1.0,timm:densenet121.tv_in1k,timm/densenet121.tv_in1k,imagenet_val[6400],3200.0,True,0.65625,0.78125,0.9375,1.0,1.0,6400.0,0.0232496860719524,7.069936264984532,0.22093550828076663,11.344689958779927,0.3545215612118727,3.348052749385356,0.10462664841829238,2.725724724449711,10.0,32.0,0.9884748286036317,32.0,11.0,16.0,25.0,31.0,0.34375,0.5,0.78125,0.96875,200.0,True
features.denseblock2.denselayer4,block,53,32,1,False,,0,28.0,28.0,102400,0.5590071850702225,17.228967760525,0.5384052425164062,22.5132104983778,0.7035378280743062,7.209398153651767,0.22529369230161772,1.8757634456244443,10,32,0.9553978686037066,32,21,25,30,32,0.65625,0.78125,0.9375,1.0,timm:densenet121.tv_in1k,timm/densenet121.tv_in1k,imagenet_val[6400],3200.0,True,,,,,,6400.0,0.0232496860719524,7.069936264984532,0.22093550828076663,11.344689958779927,0.3545215612118727,3.348052749385356,0.10462664841829238,2.725724724449711,10.0,32.0,0.9884748286036317,32.0,11.0,16.0,25.0,31.0,0.34375,0.5,0.78125,0.96875,200.0,True
features.denseblock2.denselayer5.norm1.act,act,54,256,1,False,,0,28.0,28.0,102400,1.1840218199987116,45.6296751073707,0.1782409183881668,73.59189536707896,0.2874683412776522,17.69840328838731,0.06913438784526293,9.000639923523682,10,256,0.34644788794068926,206,77,102,142,167,0.30078125,0.3984375,0.5546875,0.65234375,timm:densenet121.tv_in1k,timm/densenet121.tv_in1k,imagenet_val[6400],400.0,True,,,,,,6400.0,0.053519487552952966,8.397200973703146,0.032801566303527915,17.013889742216,0.06646050680553126,4.5536389732597575,0.017787652239295928,9.10870736315908,10.0,256.0,0.36259802220630133,206.0,22.0,40.0,96.0,151.0,0.0859375,0.15625,0.375,0.58984375,25.0,False
features.denseblock2.denselayer5.conv1,conv,55,128,1,False,128.0,0,28.0,28.0,102400,0.4933229339434204,16.77013863964015,0.13101670812218869,23.57938690725221,0.1842139602129079,9.704900554075707,0.07581953557871646,3.7730382495089327,10,128,0.9150714231805521,128,20,29,54,88,0.15625,0.2265625,0.421875,0.6875,timm:densenet121.tv_in1k,timm/densenet121.tv_in1k,imagenet_val[6400],800.0,True,0.15625,0.2265625,0.421875,0.6875,1.0,6400.0,0.020943485667509764,5.11348289922807,0.0399490851502193,7.721140643613746,0.060321411278232394,3.0590165809624934,0.02389856703876948,3.674932692095014,10.0,128.0,0.897321751851694,128.0,6.0,11.0,32.0,66.0,0.046875,0.0859375,0.25,0.515625,50.0,True
features.denseblock2.denselayer5.norm2.act,act,56,128,1,False,,0,28.0,28.0,102400,0.6746491520140315,44.99639035045224,0.3515342996129081,70.5864375112003,0.5514565430562524,18.194450043076124,0.14214414096153222,1.1914761480210228,10,128,0.9859623413104887,128,77,97,121,128,0.6015625,0.7578125,0.9453125,1.0,timm:densenet121.tv_in1k,timm/densenet121.tv_in1k,imagenet_val[6400],800.0,True,,,,,,6400.0,0.01535150535257744,7.6312004953960315,0.059618753870281496,14.953887431980421,0.11682724556234704,3.978903922049055,0.031085186891008244,1.7851280984716433,10.0,128.0,0.9881737029428324,128.0,19.0,38.0,86.0,121.0,0.1484375,0.296875,0.671875,0.9453125,50.0,True
features.denseblock2.denselayer5.conv2,conv,57,32,1,False,32.0,0,28.0,28.0,102400,0.4849812493994118,15.849656159791868,0.4953017549934959,21.114023615126875,0.6598132379727148,7.482709654557515,0.23383467670492233,1.7072387097212323,10,32,0.9096195398559963,32,21,25,30,32,0.65625,0.78125,0.9375,1.0,timm:densenet121.tv_in1k,timm/densenet121.tv_in1k,imagenet_val[6400],3200.0,True,0.65625,0.78125,0.9375,1.0,1.0,6400.0,0.01906055157999443,5.406136559109804,0.16894176747218137,8.063360594409955,0.2519800185753111,3.10704875122754,0.09709527347586062,3.461203571904914,10.0,32.0,0.9837509043983034,32.0,8.0,10.0,19.0,29.0,0.25,0.3125,0.59375,0.90625,200.0,True
features.denseblock2.denselayer5,block,58,32,1,False,,0,28.0,28.0,102400,0.48104730878228597,15.90769321045478,0.4971154128267119,21.1610362284227,0.6612823821382093,7.5234834534067865,0.23510885791896208,1.7092726226686854,10,32,0.9118372200615921,32,21,25,30,32,0.65625,0.78125,0.9375,1.0,timm:densenet121.tv_in1k,timm/densenet121.tv_in1k,imagenet_val[6400],3200.0,True,,,,,,6400.0,0.01906055157999443,5.406136559109804,0.16894176747218137,8.063360594409955,0.2519800185753111,3.10704875122754,0.09709527347586062,3.461203571904914,10.0,32.0,0.9837509043983034,32.0,8.0,10.0,19.0,29.0,0.25,0.3125,0.59375,0.90625,200.0,True
features.denseblock2.denselayer6.norm1.act,act,59,288,1,False,,0,28.0,28.0,102400,1.2260830265374918,50.12277031269548,0.17403739691908152,86.07498046722458,0.2988714599556409,20.282681213345526,0.07042597643522752,3.3142165336748968,10,288,0.2615221576786091,278,95,134,196,236,0.3298611111111111,0.4652777777777778,0.6805555555555556,0.8194444444444444,timm:densenet121.tv_in1k,timm/densenet121.tv_in1k,imagenet_val[6400],355.55555555555554,True,,,,,,6400.0,0.08759506353294791,14.696008270358703,0.05102780649430105,28.309338121113903,0.09829631292053438,6.27879528912684,0.021801372531690417,4.862622537785232,10.0,288.0,0.3232023879076755,278.0,33.0,54.0,109.0,188.0,0.11458333333333333,0.1875,0.3784722222222222,0.6527777777777778,22.22222222222222,False
features.denseblock2.denselayer6.conv1,conv,60,128,1,False,128.0,0,28.0,28.0,102400,0.5258776354907335,16.31829096123205,0.1274866481346254,23.231419460534358,0.18149546453542467,8.813824280663349,0.06885800219268241,3.4991602093976724,10,128,0.955218994071804,128,20,28,54,91,0.15625,0.21875,0.421875,0.7109375,timm:densenet121.tv_in1k,timm/densenet121.tv_in1k,imagenet_val[6400],800.0,True,0.15625,0.21875,0.421875,0.7109375,1.0,6400.0,0.03382476599141489,7.3954197145439595,0.057776716519874684,12.697771872029934,0.09920134275023386,4.107013634633903,0.03208604402057737,4.105125967101345,10.0,128.0,0.9359100829188477,128.0,13.0,20.0,40.0,70.0,0.1015625,0.15625,0.3125,0.546875,50.0,True
features.denseblock2.denselayer6.norm2.act,act,61,128,1,False,,0,28.0,28.0,102400,0.6452101291976263,44.197324757871606,0.3452915996708719,69.23575903376742,0.540904367451308,19.148231754577882,0.1495955605826397,1.2095707553606605,10,128,0.9899905815159504,128,77,97,120,127,0.6015625,0.7578125,0.9375,0.9921875,timm:densenet121.tv_in1k,timm/densenet121.tv_in1k,imagenet_val[6400],800.0,True,,,,,,6400.0,0.030712107397592555,14.218603663584998,0.1110828411217578,27.75346996381866,0.21682398409233328,6.141113836079941,0.04797745184437454,1.959377311507906,10.0,128.0,0.9801659329832317,128.0,34.0,52.0,95.0,123.0,0.265625,0.40625,0.7421875,0.9609375,50.0,True
features.denseblock2.denselayer6.conv2,conv,62,32,1,False,32.0,0,28.0,28.0,102400,0.6884151583372378,15.934080993049308,0.4979400310327909,19.82954751781176,0.6196733599316175,8.647711867597677,0.2702409958624274,2.6328473473856606,10,32,0.9618953028441025,32,17,21,29,32,0.53125,0.65625,0.90625,1.0,timm:densenet121.tv_in1k,timm/densenet121.tv_in1k,imagenet_val[6400],3200.0,True,0.53125,0.65625,0.90625,1.0,1.0,6400.0,0.03248066686338756,9.793423194896624,0.3060444748405195,13.918906230357624,0.43496581969867576,5.563173295811521,0.17384916549411003,3.1906771036462054,10.0,32.0,0.9573218309220033,32.0,13.0,17.0,25.0,31.0,0.40625,0.53125,0.78125,0.96875,200.0,True
features.denseblock2.denselayer6,block,63,32,1,False,,0,28.0,28.0,102400,0.69045539584717,15.941849231543417,0.4981827884857318,19.829545379764824,0.6196732931176507,8.684443794541297,0.2713888685794155,2.6333649729313393,10,32,0.9619956245998276,32,17,21,29,32,0.53125,0.65625,0.90625,1.0,timm:densenet121.tv_in1k,timm/densenet121.tv_in1k,imagenet_val[6400],3200.0,True,,,,,,6400.0,0.03248066686338756,9.793423194896624,0.3060444748405195,13.918906230357624,0.43496581969867576,5.563173295811521,0.17384916549411003,3.1906771036462054,10.0,32.0,0.9573218309220033,32.0,13.0,17.0,25.0,31.0,0.40625,0.53125,0.78125,0.96875,200.0,True
features.denseblock2.denselayer7.norm1.act,act,64,320,1,False,,0,28.0,28.0,102400,1.4396062652377775,76.88161964952397,0.2402550614047624,132.337230509764,0.4135538453430125,21.400567787830372,0.06687677433696991,3.8308001021843134,10,320,0.14759640433657573,297,142,182,241,273,0.44375,0.56875,0.753125,0.853125,timm:densenet121.tv_in1k,timm/densenet121.tv_in1k,imagenet_val[6400],320.0,True,,,,,,6400.0,0.07636179680743134,12.361146613122408,0.03862858316600752,27.986980025359316,0.08745931257924786,5.979484623791411,0.01868588944934816,4.941089882105445,10.0,320.0,0.2002179133966251,297.0,39.0,67.0,154.0,248.0,0.121875,0.209375,0.48125,0.775,20.0,False
features.denseblock2.denselayer7.conv1,conv,65,128,1,False,128.0,0,28.0,28.0,102400,0.3647629613102363,25.3063380075726,0.19770576568416093,40.19439543593783,0.3140187143432643,9.800588182197146,0.0765670951734152,2.504362241601237,10,128,0.9350489828712532,128,38,54,87,117,0.296875,0.421875,0.6796875,0.9140625,timm:densenet121.tv_in1k,timm/densenet121.tv_in1k,imagenet_val[6400],800.0,True,0.296875,0.421875,0.6796875,0.9140625,1.0,6400.0,0.02375630615198426,7.468855090264106,0.05835043039268833,13.015407319505146,0.10168286968363395,3.9185822221436704,0.030613923610497425,3.008613478962233,10.0,128.0,0.96055103667702,128.0,13.0,21.0,49.0,92.0,0.1015625,0.1640625,0.3828125,0.71875,50.0,True
features.denseblock2.denselayer7.norm2.act,act,66,128,1,False,,0,28.0,28.0,102400,0.671313423169493,56.57068523753501,0.44195847841824226,82.86366821375555,0.6473724079199652,22.097724176701714,0.17263847013048214,1.0023853661343078,10,128,0.9911196500359284,128,87,105,123,128,0.6796875,0.8203125,0.9609375,1.0,timm:densenet121.tv_in1k,timm/densenet121.tv_in1k,imagenet_val[6400],800.0,True,,,,,,6400.0,0.023127260796114955,11.396454037057048,0.08903479716450818,22.489579023089952,0.17569983611789025,5.722784604399329,0.044709254721869755,1.7305784975427372,10.0,128.0,0.9942117155068134,128.0,29.0,50.0,98.0,124.0,0.2265625,0.390625,0.765625,0.96875,50.0,True
features.denseblock2.denselayer7.conv2,conv,67,32,1,False,32.0,0,28.0,28.0,102400,0.40245904340422456,17.32769884157637,0.5414905887992616,22.399930500505462,0.6999978281407957,8.505379142280065,0.265793098196252,1.6903813945806243,10,32,0.9318819551158894,32,21,25,30,32,0.65625,0.78125,0.9375,1.0,timm:densenet121.tv_in1k,timm/densenet121.tv_in1k,imagenet_val[6400],3200.0,True,0.65625,0.78125,0.9375,1.0,1.0,6400.0,0.02282385106239701,4.9629173770286235,0.15509116803214448,8.642822225499366,0.2700881945468552,2.6043225687668556,0.08138508027396424,2.596241095150454,10.0,32.0,0.9553472375968536,32.0,9.0,15.0,24.0,31.0,0.28125,0.46875,0.75,0.96875,200.0,True
features.denseblock2.denselayer7,block,68,32,1,False,,0,28.0,28.0,102400,0.40162919265009006,17.293987613624004,0.5404371129257501,22.368118255333712,0.6990036954791785,8.5195251517284,0.2662351609915125,1.6892869557432888,10,32,0.9343428620240166,32,21,25,30,32,0.65625,0.78125,0.9375,1.0,timm:densenet121.tv_in1k,timm/densenet121.tv_in1k,imagenet_val[6400],3200.0,True,,,,,,6400.0,0.02282385106239701,4.9629173770286235,0.15509116803214448,8.642822225499366,0.2700881945468552,2.6043225687668556,0.08138508027396424,2.596241095150454,10.0,32.0,0.9553472375968536,32.0,9.0,15.0,24.0,31.0,0.28125,0.46875,0.75,0.96875,200.0,True
features.denseblock2.denselayer8.norm1.act,act,69,352,1,False,,0,28.0,28.0,102400,1.3735378285585131,91.45903931269822,0.2598268162292563,153.465700256802,0.4359821030022784,28.055731791096143,0.07970378349743222,3.593569769818342,10,352,0.16106189436951268,328,164,210,272,305,0.4659090909090909,0.5965909090909091,0.7727272727272727,0.8664772727272727,timm:densenet121.tv_in1k,timm/densenet121.tv_in1k,imagenet_val[6400],290.90909090909093,True,,,,,,6400.0,0.05652312480458802,17.34892150328036,0.049286708816137385,39.86484314681517,0.11325239530345219,7.598677745232127,0.021587152685318543,4.168429728825454,10.0,352.0,0.21819647911671303,328.0,55.0,90.0,187.0,283.0,0.15625,0.2556818181818182,0.53125,0.8039772727272727,18.181818181818183,False
features.denseblock2.denselayer8.conv1,conv,70,128,1,False,128.0,0,28.0,28.0,102400,0.3248322766931981,22.15456630188137,0.1730825492334482,36.01173628914735,0.2813416897589637,9.685305196808946,0.07566644685006989,2.4319938033997204,10,128,0.9584062732113321,128,35,51,87,118,0.2734375,0.3984375,0.6796875,0.921875,timm:densenet121.tv_in1k,timm/densenet121.tv_in1k,imagenet_val[6400],800.0,True,0.2734375,0.3984375,0.6796875,0.921875,1.0,6400.0,0.01400867999001636,7.152679283690799,0.055880306903834366,12.892123241340526,0.10071971282297286,3.6690383812961067,0.028664362353875834,2.724307949052924,10.0,128.0,0.9508479241639161,128.0,14.0,25.0,56.0,99.0,0.109375,0.1953125,0.4375,0.7734375,50.0,True
features.denseblock2.denselayer8.norm2.act,act,71,128,1,False,,0,28.0,28.0,102400,0.5588759424918788,50.91956665222395,0.3978091144704996,79.58749554884866,0.6217773089753802,17.610971232124687,0.13758571275097412,0.9722368056365787,10,128,0.9926082553648438,128,87,105,123,128,0.6796875,0.8203125,0.9609375,1.0,timm:densenet121.tv_in1k,timm/densenet121.tv_in1k,imagenet_val[6400],800.0,True,,,,,,6400.0,0.014342686662018218,9.879931787888614,0.0771869670928798,20.811513968612005,0.16258995287978129,4.599201681411505,0.03593126313602738,1.6242034157996823,10.0,128.0,0.9915042767632454,128.0,29.0,52.0,100.0,124.0,0.2265625,0.40625,0.78125,0.96875,50.0,True
features.denseblock2.denselayer8.conv2,conv,72,32,1,False,32.0,0,28.0,28.0,102400,0.34112057882694014,16.04952029806886,0.5015475093146519,21.83849393445938,0.6824529354518556,6.502283085544099,0.2031963464232531,1.654754822108173,10,32,0.9328035805140009,32,21,25,30,32,0.65625,0.78125,0.9375,1.0,timm:densenet121.tv_in1k,timm/densenet121.tv_in1k,imagenet_val[6400],3200.0,True,0.65625,0.78125,0.9375,1.0,1.0,6400.0,0.009139759908437127,5.554546281980673,0.17357957131189602,9.201030716266297,0.2875322098833218,2.950529212240734,0.09220403788252293,2.743020068292616,10.0,32.0,0.9856928781539582,32.0,10.0,14.0,24.0,31.0,0.3125,0.4375,0.75,0.96875,200.0,True
features.denseblock2.denselayer8,block,73,32,1,False,,0,28.0,28.0,102400,0.3410564772309125,16.12805013606208,0.50400156675194,21.86943715783467,0.6834199111823335,6.579689366716035,0.2056152927098761,1.6586758001686432,10,32,0.932299586290367,32,21,25,30,32,0.65625,0.78125,0.9375,1.0,timm:densenet121.tv_in1k,timm/densenet121.tv_in1k,imagenet_val[6400],3200.0,True,,,,,,6400.0,0.009139759908437127,5.554546281980673,0.17357957131189602,9.201030716266297,0.2875322098833218,2.950529212240734,0.09220403788252293,2.743020068292616,10.0,32.0,0.9856928781539582,32.0,10.0,14.0,24.0,31.0,0.3125,0.4375,0.75,0.96875,200.0,True
features.denseblock2.denselayer9.norm1.act,act,74,384,1,False,,0,28.0,28.0,102400,1.5584846079203596,75.67639954875203,0.1970739571582084,139.6727874873874,0.36373121741507136,24.248064741656762,0.06314600193139781,2.577146114097663,10,384,0.22525478166527801,378,160,213,293,337,0.4166666666666667,0.5546875,0.7630208333333334,0.8776041666666666,timm:densenet121.tv_in1k,timm/densenet121.tv_in1k,imagenet_val[6400],266.6666666666667,True,,,,,,6400.0,0.08754049534700055,20.8003049852455,0.05416746089907682,41.84661959679807,0.10897557186666164,8.04568877107248,0.020952314508001252,3.4478204493731175,10.0,384.0,0.353023459203892,378.0,49.0,79.0,172.0,285.0,0.12760416666666666,0.20572916666666666,0.4479166666666667,0.7421875,16.666666666666668,False
features.denseblock2.denselayer9.conv1,conv,75,128,1,False,128.0,0,28.0,28.0,102400,0.45764103785994437,20.688056191680097,0.16162543899750076,33.44439459196351,0.2612843327497149,9.101515607599485,0.07110559068437097,2.58257647704106,10,128,0.9527638050499667,128,33,47,81,115,0.2578125,0.3671875,0.6328125,0.8984375,timm:densenet121.tv_in1k,timm/densenet121.tv_in1k,imagenet_val[6400],800.0,True,0.2578125,0.3671875,0.6328125,0.8984375,1.0,6400.0,0.023980980736046882,12.502876271255094,0.09767872086918042,20.72259310841866,0.16189525865952079,5.540500867109799,0.0432851630242953,3.1988908976402883,10.0,128.0,0.956483361944033,128.0,20.0,30.0,57.0,97.0,0.15625,0.234375,0.4453125,0.7578125,50.0,True
features.denseblock2.denselayer9.norm2.act,act,76,128,1,False,,0,28.0,28.0,102400,0.6482082554793613,48.958068311734344,0.38248490868542456,77.0030906779211,0.6015866459212585,16.47371930947759,0.12870093210529368,1.0295226833959616,10,128,0.9905876467388172,128,85,103,122,128,0.6640625,0.8046875,0.953125,1.0,timm:densenet121.tv_in1k,timm/densenet121.tv_in1k,imagenet_val[6400],800.0,True,,,,,,6400.0,0.02203384536814203,17.6965648949242,0.13825441324159532,33.87307422924438,0.2646333924159717,6.927290461562232,0.05411945673095494,1.7325020823658162,10.0,128.0,0.9905742990801086,128.0,41.0,63.0,105.0,125.0,0.3203125,0.4921875,0.8203125,0.9765625,50.0,True
features.denseblock2.denselayer9.conv2,conv,77,32,1,False,32.0,0,28.0,28.0,102400,0.3878254570927915,17.793635691718272,0.556051115366196,22.697506838029494,0.7092970886884217,8.234571506890315,0.25733035959032236,1.735628465936035,10,32,0.9573808041130711,32,21,25,31,32,0.65625,0.78125,0.96875,1.0,timm:densenet121.tv_in1k,timm/densenet121.tv_in1k,imagenet_val[6400],3200.0,True,0.65625,0.78125,0.96875,1.0,1.0,6400.0,0.016365934327231626,10.780492219215963,0.33689038185049885,15.442046900700074,0.4825639656468773,5.6275873058132815,0.17586210330666505,2.557446340637721,10.0,32.0,0.9766648097905529,32.0,15.0,19.0,27.0,32.0,0.46875,0.59375,0.84375,1.0,200.0,True
features.denseblock2.denselayer9,block,78,32,1,False,,0,28.0,28.0,102400,0.38934921284378754,17.68450839306115,0.552640887283161,22.63070043846036,0.7072093887018862,8.143659993322954,0.2544893747913423,1.7318639832520095,10,32,0.9569137220433679,32,21,25,31,32,0.65625,0.78125,0.96875,1.0,timm:densenet121.tv_in1k,timm/densenet121.tv_in1k,imagenet_val[6400],3200.0,True,,,,,,6400.0,0.016365934327231626,10.780492219215963,0.33689038185049885,15.442046900700074,0.4825639656468773,5.6275873058132815,0.17586210330666505,2.557446340637721,10.0,32.0,0.9766648097905529,32.0,15.0,19.0,27.0,32.0,0.46875,0.59375,0.84375,1.0,200.0,True
features.denseblock2.denselayer10.norm1.act,act,79,416,1,False,,0,28.0,28.0,102400,1.674552196483449,92.2430425795221,0.22173808312385118,174.0501241032057,0.41838972140193675,22.661984705128244,0.054475924771942894,2.163064563560187,10,416,0.17529824047780096,405,201,260,340,381,0.4831730769230769,0.625,0.8173076923076923,0.9158653846153846,timm:densenet121.tv_in1k,timm/densenet121.tv_in1k,imagenet_val[6400],246.15384615384616,True,,,,,,6400.0,0.08160430778075213,20.194067701873546,0.04854343197565757,46.45670957444387,0.11167478263087469,7.3004434083156085,0.017549142808450983,3.222565154012234,10.0,416.0,0.27107469571393294,405.0,60.0,99.0,215.0,336.0,0.14423076923076922,0.23798076923076922,0.5168269230769231,0.8076923076923077,15.384615384615385,False
features.denseblock2.denselayer10.conv1,conv,80,128,1,False,128.0,0,28.0,28.0,102400,0.4711851729096632,21.88239970846139,0.1709562477223546,37.49927354405054,0.29296307456289483,9.002698398583979,0.07033358123893733,2.207302124131648,10,128,0.9544695408383448,128,39,57,93,121,0.3046875,0.4453125,0.7265625,0.9453125,timm:densenet121.tv_in1k,timm/densenet121.tv_in1k,imagenet_val[6400],800.0,True,0.3046875,0.4453125,0.7265625,0.9453125,1.0,6400.0,0.018958478666157248,11.32228503643118,0.0884553518471186,21.2189931757202,0.16577338418531407,5.713262198140386,0.04463486092297177,2.693407960834817,10.0,128.0,0.9607423170708088,128.0,24.0,36.0,70.0,109.0,0.1875,0.28125,0.546875,0.8515625,50.0,True
features.denseblock2.denselayer10.norm2.act,act,81,128,1,False,,0,28.0,28.0,102400,0.5997934047003772,55.96021126048448,0.437189150472535,85.3826277544832,0.6670517793319,17.86848984956194,0.13959757694970265,0.877209650221673,10,128,0.9842096276696911,128,91,107,123,128,0.7109375,0.8359375,0.9609375,1.0,timm:densenet121.tv_in1k,timm/densenet121.tv_in1k,imagenet_val[6400],800.0,True,,,,,,6400.0,0.013795545600986312,16.41159606585434,0.12821559426448703,35.069592873053786,0.2739811943207327,6.65041269756752,0.05195634919974625,1.5710843860204806,10.0,128.0,0.9877784991133955,128.0,47.0,71.0,110.0,126.0,0.3671875,0.5546875,0.859375,0.984375,50.0,True
features.denseblock2.denselayer10.conv2,conv,82,32,1,False,32.0,0,28.0,28.0,102400,0.2601642467487565,20.146688506142628,0.6295840158169571,25.254842546673704,0.7892138295835532,9.014304330163727,0.28169701031761646,1.034651914213805,10,32,0.9504254237747516,32,24,28,31,32,0.75,0.875,0.96875,1.0,timm:densenet121.tv_in1k,timm/densenet121.tv_in1k,imagenet_val[6400],3200.0,True,0.75,0.875,0.96875,1.0,1.0,6400.0,0.016350350263344512,9.016651272656283,0.28177035227050884,14.5881243439904,0.4558788857497,4.081640983101846,0.1275512807219327,2.2263283033957157,10.0,32.0,0.9072048026973932,32.0,16.0,21.0,28.0,32.0,0.5,0.65625,0.875,1.0,200.0,True
features.denseblock2.denselayer10,block,83,32,1,False,,0,28.0,28.0,102400,0.25995570625657927,20.035002960956525,0.6260938425298914,25.20329324106923,0.7876029137834134,8.889978996758769,0.27781184364871153,1.0266819253460686,10,32,0.950131817941492,32,24,28,31,32,0.75,0.875,0.96875,1.0,timm:densenet121.tv_in1k,timm/densenet121.tv_in1k,imagenet_val[6400],3200.0,True,,,,,,6400.0,0.016350350263344512,9.016651272656283,0.28177035227050884,14.5881243439904,0.4558788857497,4.081640983101846,0.1275512807219327,2.2263283033957157,10.0,32.0,0.9072048026973932,32.0,16.0,21.0,28.0,32.0,0.5,0.65625,0.875,1.0,200.0,True
features.denseblock2.denselayer11.norm1.act,act,84,448,1,False,,0,28.0,28.0,102400,1.6455505824719152,102.08827429974531,0.2278756122762172,192.12940736634832,0.42886028429988465,22.392335640783287,0.04998289205531984,3.029815438258156,10,448,0.14412570941268277,421,220,279,354,391,0.49107142857142855,0.6227678571428571,0.7901785714285714,0.8727678571428571,timm:densenet121.tv_in1k,timm/densenet121.tv_in1k,imagenet_val[6400],228.57142857142858,True,,,,,,6400.0,0.06985274031390114,17.73387100944459,0.03958453350322454,45.31123305308904,0.10114114520778804,6.899144916230644,0.015399877045157688,3.690209414556906,10.0,448.0,0.18487841042050523,421.0,65.0,111.0,240.0,362.0,0.14508928571428573,0.24776785714285715,0.5357142857142857,0.8080357142857143,14.285714285714286,False
features.denseblock2.denselayer11.conv1,conv,85,128,1,False,128.0,0,28.0,28.0,102400,0.4059930743190242,20.342060355132773,0.1589223465244748,37.97868764156672,0.29670849719974,7.435829503371702,0.05809241799509142,2.080601630798626,10,128,0.9551685504321078,128,42,60,97,122,0.328125,0.46875,0.7578125,0.953125,timm:densenet121.tv_in1k,timm/densenet121.tv_in1k,imagenet_val[6400],800.0,True,0.328125,0.46875,0.7578125,0.953125,1.0,6400.0,0.01621900325873838,7.396101802065131,0.05778204532863383,15.77685633984513,0.12325669015504008,3.4950697338842036,0.02730523229597034,2.50018600457736,10.0,128.0,0.958771386750852,128.0,20.0,34.0,70.0,110.0,0.15625,0.265625,0.546875,0.859375,50.0,True
features.denseblock2.denselayer11.norm2.act,act,86,128,1,False,,0,28.0,28.0,102400,0.6104966827542428,52.93943156105604,0.4135893090707503,83.67057395770843,0.6536763590445971,14.357945228584262,0.11217144709831454,0.9091174035080815,10,128,0.9891787264024932,128,90,107,123,128,0.703125,0.8359375,0.9609375,1.0,timm:densenet121.tv_in1k,timm/densenet121.tv_in1k,imagenet_val[6400],800.0,True,,,,,,6400.0,0.011840393349738002,14.417916427021439,0.11263997208610499,32.45520606855489,0.25355629741058505,5.512960063904154,0.0430700004992512,1.5942901982859787,10.0,128.0,0.9852283559212333,128.0,45.0,69.0,108.0,126.0,0.3515625,0.5390625,0.84375,0.984375,50.0,True
features.denseblock2.denselayer11.conv2,conv,87,32,1,False,32.0,0,28.0,28.0,102400,0.2786335773568586,17.817379764356772,0.5567931176361491,23.973814458918767,0.7491817018412115,7.043888103150832,0.2201215032234635,1.153694833558936,10,32,0.9551238772043177,32,24,27,31,32,0.75,0.84375,0.96875,1.0,timm:densenet121.tv_in1k,timm/densenet121.tv_in1k,imagenet_val[6400],3200.0,True,0.75,0.84375,0.96875,1.0,1.0,6400.0,0.01479591351518069,8.861222158225416,0.27691319244454426,13.835782735842102,0.4323682104950657,4.17263769490107,0.13039492796565844,2.6233949977968876,10.0,32.0,0.9374379886567682,32.0,14.0,19.0,27.0,31.0,0.4375,0.59375,0.84375,0.96875,200.0,True
features.denseblock2.denselayer11,block,88,32,1,False,,0,28.0,28.0,102400,0.2770995611855961,17.860555909666452,0.5581423721770766,24.006590904763534,0.7502059657738605,7.0617334510804,0.2206791703462625,1.1458482405485144,10,32,0.9541752011788666,32,24,27,31,32,0.75,0.84375,0.96875,1.0,timm:densenet121.tv_in1k,timm/densenet121.tv_in1k,imagenet_val[6400],3200.0,True,,,,,,6400.0,0.01479591351518069,8.861222158225416,0.27691319244454426,13.835782735842102,0.4323682104950657,4.17263769490107,0.13039492796565844,2.6233949977968876,10.0,32.0,0.9374379886567682,32.0,14.0,19.0,27.0,31.0,0.4375,0.59375,0.84375,0.96875,200.0,True
features.denseblock2.denselayer12.norm1.act,act,89,480,1,False,,0,28.0,28.0,102400,1.934496166927584,111.44599328235236,0.2321791526715674,217.340699832089,0.4527931246501854,23.355976036618,0.048658283409620834,1.789696765426432,10,480,0.16406762277255382,470,253,319,405,450,0.5270833333333333,0.6645833333333333,0.84375,0.9375,timm:densenet121.tv_in1k,timm/densenet121.tv_in1k,imagenet_val[6400],213.33333333333334,True,,,,,,6400.0,0.08909120986293831,19.1501423448814,0.03989612988516958,50.71577903801937,0.10565787299587369,6.733762104200197,0.014028671050417078,2.4645474007510395,10.0,480.0,0.3375714112727497,470.0,72.0,123.0,268.0,411.0,0.15,0.25625,0.5583333333333333,0.85625,13.333333333333334,False
features.denseblock2.denselayer12.conv1,conv,90,128,1,False,128.0,0,28.0,28.0,102400,0.46791294788967225,21.754380658636904,0.16995609889560082,40.686288274275604,0.31786162714277816,7.183483445560817,0.056120964418443886,1.9473795830571798,10,128,0.9568757894861083,128,45,64,101,124,0.3515625,0.5,0.7890625,0.96875,timm:densenet121.tv_in1k,timm/densenet121.tv_in1k,imagenet_val[6400],800.0,True,0.3515625,0.5,0.7890625,0.96875,1.0,6400.0,0.022857852959995043,8.230838532701979,0.06430342603673421,17.559003657167818,0.13717971607162358,3.753749284819725,0.029326166287654103,2.4613893209751474,10.0,128.0,0.965330911704397,128.0,22.0,36.0,73.0,112.0,0.171875,0.28125,0.5703125,0.875,50.0,True
features.denseblock2.denselayer12.norm2.act,act,91,128,1,False,,0,28.0,28.0,102400,0.5087682831787077,55.86585312931906,0.4364519775728052,86.76994399060482,0.6778901874266001,15.410643955844996,0.12039565590503903,0.8399482738768803,10,128,0.9786168228325243,128,92,108,124,128,0.71875,0.84375,0.96875,1.0,timm:densenet121.tv_in1k,timm/densenet121.tv_in1k,imagenet_val[6400],800.0,True,,,,,,6400.0,0.012090404336960679,14.922935507967027,0.1165854336559924,33.35318697452907,0.2605717732385084,5.878903266025302,0.045928931765822675,1.5733326053042878,10.0,128.0,0.9867644818147964,128.0,46.0,70.0,109.0,126.0,0.359375,0.546875,0.8515625,0.984375,50.0,True
features.denseblock2.denselayer12.conv2,conv,92,32,1,False,32.0,0,28.0,28.0,102400,0.22297673217941016,16.212768828229603,0.5066490258821751,23.17095721279548,0.7240924128998587,5.746465853031637,0.17957705790723866,1.155580237301944,10,32,0.9446529120406266,32,23,27,31,32,0.71875,0.84375,0.96875,1.0,timm:densenet121.tv_in1k,timm/densenet121.tv_in1k,imagenet_val[6400],3200.0,True,0.71875,0.84375,0.96875,1.0,1.0,6400.0,0.015682550589395366,6.304359726706614,0.19701124145958168,12.460712711957093,0.38939727224865917,2.8410466904868543,0.0887827090777142,2.091529012041156,10.0,32.0,0.9356461079908098,32.0,16.0,21.0,28.0,32.0,0.5,0.65625,0.875,1.0,200.0,True
features.denseblock2.denselayer12,block,93,32,1,False,,0,28.0,28.0,102400,0.223761899062852,16.26387096160045,0.508245967550014,23.176822370370967,0.7242756990740927,5.784954503241082,0.1807798282262838,1.1641981195517992,10,32,0.9461016449924647,32,23,27,31,32,0.71875,0.84375,0.96875,1.0,timm:densenet121.tv_in1k,timm/densenet121.tv_in1k,imagenet_val[6400],3200.0,True,,,,,,6400.0,0.015682550589395366,6.304359726706614,0.19701124145958168,12.460712711957093,0.38939727224865917,2.8410466904868543,0.0887827090777142,2.091529012041156,10.0,32.0,0.9356461079908098,32.0,16.0,21.0,28.0,32.0,0.5,0.65625,0.875,1.0,200.0,True
features.transition2.norm.act,act,94,512,1,False,,0,28.0,28.0,102400,7.6530712557745435,128.36541652882087,0.25071370415785327,251.61526443778288,0.4914360633550447,24.833907862748788,0.048503726294431226,1.1937827241362007,10,512,0.8345890924153552,510,286,356,448,497,0.55859375,0.6953125,0.875,0.970703125,timm:densenet121.tv_in1k,timm/densenet121.tv_in1k,imagenet_val[6400],200.0,True,,,,,,6400.0,0.38986502266466944,25.320311210868674,0.04945373283372788,61.7039039398078,0.12051543738243711,8.342578242669784,0.016294098130214422,2.279825424012255,10.0,512.0,0.4420293182387731,510.0,81.0,135.0,290.0,449.0,0.158203125,0.263671875,0.56640625,0.876953125,12.5,False
features.transition2.conv,conv,95,256,1,False,256.0,0,28.0,28.0,102400,5.57631755232652,60.037684950535386,0.23452220683802885,97.94062894000469,0.3825805817968933,19.12605732436631,0.0747111614233059,2.095758953845767,10,256,0.8507137961350988,256,97,125,183,236,0.37890625,0.48828125,0.71484375,0.921875,timm:densenet121.tv_in1k,timm/densenet121.tv_in1k,imagenet_val[6400],400.0,True,0.37890625,0.48828125,0.71484375,0.921875,1.0,6400.0,0.5449765329589058,16.5349078864036,0.06458948393126407,34.007639697081196,0.13284234256672342,5.805942366900648,0.022679462370705655,3.0760134682721434,10.0,256.0,0.9097734554773947,256.0,39.0,59.0,111.0,179.0,0.15234375,0.23046875,0.43359375,0.69921875,25.0,False
features.denseblock3.denselayer1.norm1.act,act,96,256,1,False,,0,14.0,14.0,102400,1.1252869986528682,56.37099840359917,0.22019921251405924,106.73850181567227,0.4169472727174698,16.22687098576982,0.06338621478816336,1.4636859802203395,10,256,0.8395678841417934,256,122,164,224,247,0.4765625,0.640625,0.875,0.96484375,timm:densenet121.tv_in1k,timm/densenet121.tv_in1k,imagenet_val[6400],400.0,True,,,,,,6400.0,0.1464567681560682,15.84329739661282,0.06188788045551883,38.11172189063363,0.14887391363528762,5.501841237054798,0.021491567332245304,2.1395576290647913,10.0,256.0,0.9119858211770686,256.0,51.0,82.0,162.0,232.0,0.19921875,0.3203125,0.6328125,0.90625,25.0,False
features.denseblock3.denselayer1.conv1,conv,97,128,1,False,128.0,0,14.0,14.0,102400,0.2298414476250496,13.650816510806088,0.10664700399067256,24.734395533542568,0.1932374651058013,5.89551151272483,0.04605868369316273,2.9117902195589402,10,128,0.9199480638361426,128,27,40,70,105,0.2109375,0.3125,0.546875,0.8203125,timm:densenet121.tv_in1k,timm/densenet121.tv_in1k,imagenet_val[6400],800.0,True,0.2109375,0.3125,0.546875,0.8203125,1.0,6400.0,0.05188073154252368,5.548109329582211,0.04334460413736102,10.7002086489277,0.08359538006974766,2.8207244752355334,0.022036909962777605,3.4826911765924464,10.0,128.0,0.9410021446215688,128.0,12.0,20.0,43.0,80.0,0.09375,0.15625,0.3359375,0.625,50.0,True
features.denseblock3.denselayer1.norm2.act,act,98,128,1,False,,0,14.0,14.0,102400,0.7659510064342128,24.51871255269998,0.1915524418179686,48.597677388526634,0.37966935459786433,8.486393532667567,0.06629994947396536,1.41039637268665,10,128,0.9306671353777936,128,63,84,113,125,0.4921875,0.65625,0.8828125,0.9765625,timm:densenet121.tv_in1k,timm/densenet121.tv_in1k,imagenet_val[6400],800.0,True,,,,,,6400.0,0.13350899888067078,7.371424122279445,0.05758925095530817,16.50438501441874,0.1289405079251464,3.38163295741195,0.02641900747978086,1.9967675214331149,10.0,128.0,0.9681861302703263,128.0,23.0,40.0,85.0,119.0,0.1796875,0.3125,0.6640625,0.9296875,50.0,True
features.denseblock3.denselayer1.conv2,conv,99,32,1,False,32.0,0,14.0,14.0,102400,0.6625630630430215,16.986543043249164,0.5308294701015364,21.22954859325516,0.6634233935392237,9.80715801029264,0.306473687821645,2.3297088719588843,10,32,0.9022520354932051,32,19,23,29,32,0.59375,0.71875,0.90625,1.0,timm:densenet121.tv_in1k,timm/densenet121.tv_in1k,imagenet_val[6400],3200.0,True,0.59375,0.71875,0.90625,1.0,1.0,6400.0,0.08081640602507423,4.745396993888226,0.14829365605900707,8.58233977196861,0.26819811787401904,2.4164989402872674,0.0755155918839771,2.723186981063421,10.0,32.0,0.9835581277602554,32.0,9.0,13.0,24.0,31.0,0.28125,0.40625,0.75,0.96875,200.0,True
features.denseblock3.denselayer1,block,100,32,1,False,,0,14.0,14.0,102400,0.663183263511721,16.987531971603257,0.5308603741126018,21.214788991952908,0.6629621559985284,9.887832398492305,0.30899476245288454,2.3386913709079353,10,32,0.9031444310509475,32,19,23,29,32,0.59375,0.71875,0.90625,1.0,timm:densenet121.tv_in1k,timm/densenet121.tv_in1k,imagenet_val[6400],3200.0,True,,,,,,6400.0,0.08081640602507423,4.745396993888226,0.14829365605900707,8.58233977196861,0.26819811787401904,2.4164989402872674,0.0755155918839771,2.723186981063421,10.0,32.0,0.9835581277602554,32.0,9.0,13.0,24.0,31.0,0.28125,0.40625,0.75,0.96875,200.0,True
features.denseblock3.denselayer2.norm1.act,act,101,288,1,False,,0,14.0,14.0,102400,1.0262024711872133,72.6278708206527,0.25218010701615523,121.51169862100842,0.4219156202118348,22.694514801696027,0.0788003986170001,1.8923851985954256,10,288,0.29018831708551174,284,125,167,234,269,0.4340277777777778,0.5798611111111112,0.8125,0.9340277777777778,timm:densenet121.tv_in1k,timm/densenet121.tv_in1k,imagenet_val[6400],355.55555555555554,True,,,,,,6400.0,0.11538319009425295,19.161508190368167,0.06653301454988947,43.79785259820102,0.15207587707708686,6.518530169699335,0.022633785311456024,2.61272255214397,10.0,288.0,0.28740476482570254,284.0,56.0,90.0,176.0,252.0,0.19444444444444445,0.3125,0.6111111111111112,0.875,22.22222222222222,False
features.denseblock3.denselayer2.conv1,conv,102,128,1,False,128.0,0,14.0,14.0,102400,0.20008517280397894,19.38874475067022,0.1514745683646111,31.17258874428131,0.24353584956469773,8.127025883930806,0.06349238971820942,2.979623366294628,10,128,0.9203496249122541,128,30,42,72,106,0.234375,0.328125,0.5625,0.828125,timm:densenet121.tv_in1k,timm/densenet121.tv_in1k,imagenet_val[6400],800.0,True,0.234375,0.328125,0.5625,0.828125,1.0,6400.0,0.03182432035939614,7.823465669890795,0.061120825546021836,13.793606904930138,0.1077625539447667,4.076513142279649,0.031847758924059756,3.342723502529733,10.0,128.0,0.9312462709391631,128.0,14.0,23.0,50.0,86.0,0.109375,0.1796875,0.390625,0.671875,50.0,True
features.denseblock3.denselayer2.norm2.act,act,103,128,1,False,,0,14.0,14.0,102400,0.6065129284159934,36.324519464696515,0.2837853083179415,61.45355974121031,0.48010593547820557,13.831897226288639,0.10806169708037999,1.536305232848098,10,128,0.6412547127991892,128,69,90,114,123,0.5390625,0.703125,0.890625,0.9609375,timm:densenet121.tv_in1k,timm/densenet121.tv_in1k,imagenet_val[6400],800.0,True,,,,,,6400.0,0.07550046703603923,10.019781798372225,0.07827954529978301,20.20663148257826,0.15786430845764265,5.048890877925312,0.0394444599837915,2.044609731629602,10.0,128.0,0.7835013303661186,128.0,25.0,44.0,90.0,119.0,0.1953125,0.34375,0.703125,0.9296875,50.0,True
features.denseblock3.denselayer2.conv2,conv,104,32,1,False,32.0,0,14.0,14.0,102400,0.5038590144197813,15.823371038137275,0.49448034494178983,21.157170940046772,0.6611615918764616,6.673376833518095,0.20854302604744046,2.2177968880276047,10,32,0.9201920117932052,32,20,23,30,32,0.625,0.71875,0.9375,1.0,timm:densenet121.tv_in1k,timm/densenet121.tv_in1k,imagenet_val[6400],3200.0,True,0.625,0.71875,0.9375,1.0,1.0,6400.0,0.03042530990621145,6.9743297144485945,0.21794780357651858,11.420263259336043,0.35688322685425133,3.380149080915443,0.1056296587786076,2.207191076324526,10.0,32.0,0.9582746665464315,32.0,12.0,17.0,27.0,32.0,0.375,0.53125,0.84375,1.0,200.0,True
features.denseblock3.denselayer2,block,105,32,1,False,,0,14.0,14.0,102400,0.5036357662754042,15.795108875116329,0.49359715234738527,21.129899817338167,0.6603093692918177,6.6785712593710524,0.2087053518553454,2.2135314136514608,10,32,0.9198419712037236,32,20,23,30,32,0.625,0.71875,0.9375,1.0,timm:densenet121.tv_in1k,timm/densenet121.tv_in1k,imagenet_val[6400],3200.0,True,,,,,,6400.0,0.03042530990621145,6.9743297144485945,0.21794780357651858,11.420263259336043,0.35688322685425133,3.380149080915443,0.1056296587786076,2.207191076324526,10.0,32.0,0.9582746665464315,32.0,12.0,17.0,27.0,32.0,0.375,0.53125,0.84375,1.0,200.0,True
features.denseblock3.denselayer3.norm1.act,act,106,320,1,False,,0,14.0,14.0,102400,1.2508106594996593,90.14654898591624,0.28170796558098826,153.51691936734358,0.4797403730229487,23.31372764269184,0.072855398883412,1.4188952303560363,10,320,0.7994583497021436,320,161,210,281,310,0.503125,0.65625,0.878125,0.96875,timm:densenet121.tv_in1k,timm/densenet121.tv_in1k,imagenet_val[6400],320.0,True,,,,,,6400.0,0.13092946233576283,22.836779770678017,0.0713649367833688,52.29857635066044,0.16343305109581388,7.224577801586135,0.022576805629956672,1.98117649862556,10.0,320.0,0.9032823533827079,320.0,68.0,111.0,217.0,295.0,0.2125,0.346875,0.678125,0.921875,20.0,False
features.denseblock3.denselayer3.conv1,conv,107,128,1,False,128.0,0,14.0,14.0,102400,0.2173015123803202,21.788523033195474,0.17022283619683964,39.07321144126513,0.3052594643848838,7.399586550232863,0.05780926992369424,2.418732701081352,10,128,0.9138470928459466,128,41,56,89,117,0.3203125,0.4375,0.6953125,0.9140625,timm:densenet121.tv_in1k,timm/densenet121.tv_in1k,imagenet_val[6400],800.0,True,0.3203125,0.4375,0.6953125,0.9140625,1.0,6400.0,0.031631399897970765,9.416694960071844,0.07356792937556128,17.576873921447373,0.1373193275113076,4.332088603234253,0.033844442212767605,2.8941476718389048,10.0,128.0,0.9496169191201619,128.0,19.0,31.0,61.0,101.0,0.1484375,0.2421875,0.4765625,0.7890625,50.0,True
features.denseblock3.denselayer3.norm2.act,act,108,128,1,False,,0,14.0,14.0,102400,0.7941001063026749,35.99814876776294,0.281235537248148,65.1931869834763,0.5093217733084086,11.117760903713421,0.0868575070602611,1.1719442161072722,10,128,0.981070500237566,128,76,97,120,127,0.59375,0.7578125,0.9375,0.9921875,timm:densenet121.tv_in1k,timm/densenet121.tv_in1k,imagenet_val[6400],800.0,True,,,,,,6400.0,0.08477536725784142,11.393105035076955,0.08900863308653871,24.5724164582641,0.1919720035801883,4.790192427425924,0.03742337833926503,1.7909003943978605,10.0,128.0,0.988049111728179,128.0,33.0,54.0,99.0,124.0,0.2578125,0.421875,0.7734375,0.96875,50.0,True
features.denseblock3.denselayer3.conv2,conv,109,32,1,False,32.0,0,14.0,14.0,102400,0.5407298226751689,15.867723527680395,0.49586636024001235,21.071238031310333,0.6584761884784479,7.548881158612754,0.23590253620664856,2.242226442455492,10,32,0.9145493842476059,32,19,23,29,32,0.59375,0.71875,0.90625,1.0,timm:densenet121.tv_in1k,timm/densenet121.tv_in1k,imagenet_val[6400],3200.0,True,0.59375,0.71875,0.90625,1.0,1.0,6400.0,0.06471493562542162,7.275882652714403,0.22737133289732508,11.328957425191495,0.35402991953723423,3.5689139994813988,0.11152856248379371,2.760457576325953,10.0,32.0,0.9650989196573587,32.0,11.0,15.0,25.0,31.0,0.34375,0.46875,0.78125,0.96875,200.0,True
features.denseblock3.denselayer3,block,110,32,1,False,,0,14.0,14.0,102400,0.5399360818735481,15.909284221797497,0.4971651319311718,21.09502750858271,0.6592196096432097,7.63724630903122,0.23866394715722564,2.2427163188942023,10,32,0.915848755955334,32,19,23,29,32,0.59375,0.71875,0.90625,1.0,timm:densenet121.tv_in1k,timm/densenet121.tv_in1k,imagenet_val[6400],3200.0,True,,,,,,6400.0,0.06471493562542162,7.275882652714403,0.22737133289732508,11.328957425191495,0.35402991953723423,3.5689139994813988,0.11152856248379371,2.760457576325953,10.0,32.0,0.9650989196573587,32.0,11.0,15.0,25.0,31.0,0.34375,0.46875,0.78125,0.96875,200.0,True
features.denseblock3.denselayer4.norm1.act,act,111,352,1,False,,0,14.0,14.0,102400,1.3278076908627492,87.44271155428532,0.24841679418831059,159.4200754284726,0.45289794155816077,22.197552776590115,0.0630612294789492,1.5587284082057413,10,352,0.29224991895208585,351,176,229,305,338,0.5,0.6505681818181818,0.8664772727272727,0.9602272727272727,timm:densenet121.tv_in1k,timm/densenet121.tv_in1k,imagenet_val[6400],290.90909090909093,True,,,,,,6400.0,0.13041647300630235,21.604633645408782,0.06137680012900222,52.389029400668306,0.14883246988826224,7.545320473501917,0.021435569526994082,1.9464546550536206,10.0,352.0,0.9111284773585977,351.0,73.0,122.0,236.0,322.0,0.20738636363636365,0.3465909090909091,0.6704545454545454,0.9147727272727273,18.181818181818183,False
features.denseblock3.denselayer4.conv1,conv,112,128,1,False,128.0,0,14.0,14.0,102400,0.26997226401714597,18.611930859424508,0.14540570983925397,34.174763016190454,0.2669903360639879,6.332707833766912,0.049474279951304,2.4452110651482677,10,128,0.93640325833704,128,36,52,86,117,0.28125,0.40625,0.671875,0.9140625,timm:densenet121.tv_in1k,timm/densenet121.tv_in1k,imagenet_val[6400],800.0,True,0.28125,0.40625,0.671875,0.9140625,1.0,6400.0,0.036871592097174485,7.223735433232369,0.05643543307212788,13.585231522519681,0.10613462126968501,3.9432993870835378,0.03080702646159014,2.7458918948635187,10.0,128.0,0.9428286627243541,128.0,16.0,27.0,59.0,101.0,0.125,0.2109375,0.4609375,0.7890625,50.0,True
features.denseblock3.denselayer4.norm2.act,act,113,128,1,False,,0,14.0,14.0,102400,0.9298392988297031,21.75074380104927,0.16992768594569743,53.184798566797774,0.4155062388031076,5.761932007584544,0.04501509380925425,1.2204194503557928,10,128,0.9218359204018762,128,72,94,118,127,0.5625,0.734375,0.921875,0.9921875,timm:densenet121.tv_in1k,timm/densenet121.tv_in1k,imagenet_val[6400],800.0,True,,,,,,6400.0,0.0899460920621766,9.5125679442353,0.07431693706433828,20.48962019076441,0.16007515774034695,4.408382539519252,0.034440488589994156,1.7406307072679077,10.0,128.0,0.9623050766753304,128.0,30.0,51.0,97.0,123.0,0.234375,0.3984375,0.7578125,0.9609375,50.0,True
features.denseblock3.denselayer4.conv2,conv,114,32,1,False,32.0,0,14.0,14.0,102400,0.6226838954678446,17.480061071281117,0.5462519084775349,22.405417476150614,0.7001692961297067,8.423667007988334,0.2632395939996354,1.9437239747951758,10,32,0.9216942349923879,32,21,25,30,32,0.65625,0.78125,0.9375,1.0,timm:densenet121.tv_in1k,timm/densenet121.tv_in1k,imagenet_val[6400],3200.0,True,0.65625,0.78125,0.9375,1.0,1.0,6400.0,0.05593117708301332,7.883631117117169,0.24636347240991152,12.783306809420917,0.39947833779440367,3.6955873933180508,0.11548710604118909,2.6034807216692744,10.0,32.0,0.9474537626543857,32.0,14.0,18.0,27.0,31.0,0.4375,0.5625,0.84375,0.96875,200.0,True
features.denseblock3.denselayer4,block,115,32,1,False,,0,14.0,14.0,102400,0.6241678135450868,17.561503897799625,0.5487969968062383,22.45119618940446,0.7015998809188894,8.542153729182507,0.26694230403695335,1.9480589090015823,10,32,0.9219087960273902,32,21,25,30,32,0.65625,0.78125,0.9375,1.0,timm:densenet121.tv_in1k,timm/densenet121.tv_in1k,imagenet_val[6400],3200.0,True,,,,,,6400.0,0.05593117708301332,7.883631117117169,0.24636347240991152,12.783306809420917,0.39947833779440367,3.6955873933180508,0.11548710604118909,2.6034807216692744,10.0,32.0,0.9474537626543857,32.0,14.0,18.0,27.0,31.0,0.4375,0.5625,0.84375,0.96875,200.0,True
features.denseblock3.denselayer5.norm1.act,act,116,384,1,False,,0,14.0,14.0,102400,1.1640609850877626,77.10161840316691,0.2007854645915805,145.83457475299934,0.37977753841926915,17.488612690110706,0.04554326221382996,2.820658540679738,10,384,0.17636090590471287,369,161,213,293,338,0.4192708333333333,0.5546875,0.7630208333333334,0.8802083333333334,timm:densenet121.tv_in1k,timm/densenet121.tv_in1k,imagenet_val[6400],266.6666666666667,True,,,,,,6400.0,0.0947965824368945,21.500089444929042,0.05598981626283605,53.46903184702392,0.13924227043495813,7.735419185616128,0.020144320795875335,3.328413740187098,10.0,384.0,0.21736080581153627,369.0,75.0,122.0,235.0,323.0,0.1953125,0.3177083333333333,0.6119791666666666,0.8411458333333334,16.666666666666668,False
features.denseblock3.denselayer5.conv1,conv,117,128,1,False,128.0,0,14.0,14.0,102400,0.24813908247132566,21.512228820440363,0.16806428765969034,34.66359942725464,0.27080937052542686,9.489985034658556,0.07414050808326997,2.5812631951642233,10,128,0.943363195741213,128,34,49,82,115,0.265625,0.3828125,0.640625,0.8984375,timm:densenet121.tv_in1k,timm/densenet121.tv_in1k,imagenet_val[6400],800.0,True,0.265625,0.3828125,0.640625,0.8984375,1.0,6400.0,0.02199184070051174,6.095110615487468,0.047618051683495845,13.043591414085192,0.10190305792254056,3.2905339379728744,0.02570729639041308,2.7419588352434303,10.0,128.0,0.9440350410447773,128.0,18.0,30.0,62.0,103.0,0.140625,0.234375,0.484375,0.8046875,50.0,True
features.denseblock3.denselayer5.norm2.act,act,118,128,1,False,,0,14.0,14.0,102400,0.8323673230686344,22.55010716355657,0.17617271221528572,54.36129629635772,0.4246976273152947,5.859149252910351,0.045774603538362116,1.1732767090650873,10,128,0.9897201510226313,128,73,95,120,127,0.5703125,0.7421875,0.9375,0.9921875,timm:densenet121.tv_in1k,timm/densenet121.tv_in1k,imagenet_val[6400],800.0,True,,,,,,6400.0,0.05538142709278473,7.401504976579846,0.05782425762953005,17.927662993220668,0.14005986713453647,3.9131165891902144,0.03057122335304855,1.617754992889797,10.0,128.0,0.9884420993807825,128.0,30.0,53.0,99.0,124.0,0.234375,0.4140625,0.7734375,0.96875,50.0,True
features.denseblock3.denselayer5.conv2,conv,119,32,1,False,32.0,0,14.0,14.0,102400,0.4444483237362837,18.255085740066015,0.570471429377063,23.31178257202899,0.7284932053759059,7.850037751985238,0.2453136797495387,1.6963948947412049,10,32,0.9343418495679597,32,22,26,30,32,0.6875,0.8125,0.9375,1.0,timm:densenet121.tv_in1k,timm/densenet121.tv_in1k,imagenet_val[6400],3200.0,True,0.6875,0.8125,0.9375,1.0,1.0,6400.0,0.029102322526723616,7.133413978624546,0.22291918683201706,12.661732595634437,0.39567914361357615,3.1641277999755943,0.09887899374923732,2.400810756385955,10.0,32.0,0.954598208967217,32.0,14.0,19.0,27.0,32.0,0.4375,0.59375,0.84375,1.0,200.0,True
features.denseblock3.denselayer5,block,120,32,1,False,,0,14.0,14.0,102400,0.4443893708517487,18.266695874802966,0.5708342460875927,23.32853114605253,0.7290165983141416,7.829019628703191,0.2446568633969747,1.696689077614144,10,32,0.9345326687694585,32,22,26,30,32,0.6875,0.8125,0.9375,1.0,timm:densenet121.tv_in1k,timm/densenet121.tv_in1k,imagenet_val[6400],3200.0,True,,,,,,6400.0,0.029102322526723616,7.133413978624546,0.22291918683201706,12.661732595634437,0.39567914361357615,3.1641277999755943,0.09887899374923732,2.400810756385955,10.0,32.0,0.954598208967217,32.0,14.0,19.0,27.0,32.0,0.4375,0.59375,0.84375,1.0,200.0,True
features.denseblock3.denselayer6.norm1.act,act,121,416,1,False,,0,14.0,14.0,102400,1.5168041435914028,102.83613821678057,0.24720225532879944,187.0718347418045,0.44969191043703005,23.53501558238079,0.056574556688415364,2.0693691064848156,10,416,0.1608726886058247,409,203,258,343,387,0.4879807692307692,0.6201923076923077,0.8245192307692307,0.9302884615384616,timm:densenet121.tv_in1k,timm/densenet121.tv_in1k,imagenet_val[6400],246.15384615384616,True,,,,,,6400.0,0.12401742880396838,26.130715833012914,0.0628142207524349,64.62194891616792,0.1553412233561729,9.24230856519389,0.022217087897100696,2.2730238150264994,10.0,416.0,0.3079382259222193,409.0,92.0,149.0,278.0,370.0,0.22115384615384615,0.3581730769230769,0.6682692307692307,0.8894230769230769,15.384615384615385,False
features.denseblock3.denselayer6.conv1,conv,122,128,1,False,128.0,0,14.0,14.0,102400,0.28983268542264684,24.56401766364077,0.1919063879971935,41.17489926078209,0.3216789004748601,10.229009169796507,0.07991413413903521,2.189818202856221,10,128,0.9447235153168742,128,42,60,95,121,0.328125,0.46875,0.7421875,0.9453125,timm:densenet121.tv_in1k,timm/densenet121.tv_in1k,imagenet_val[6400],800.0,True,0.328125,0.46875,0.7421875,0.9453125,1.0,6400.0,0.030514731062563232,9.24856444166339,0.07225440970049524,17.805265213877846,0.13910363448342067,4.556599399177484,0.035598432806074096,2.547757766663487,10.0,128.0,0.9558415858782561,128.0,22.0,35.0,69.0,110.0,0.171875,0.2734375,0.5390625,0.859375,50.0,True
features.denseblock3.denselayer6.norm2.act,act,123,128,1,False,,0,14.0,14.0,102400,0.7711664648697005,38.58312256027526,0.30143064500215044,69.86179841575661,0.5457953001230985,10.24241614056945,0.08001887609819883,1.0519212887716947,10,128,0.988921467028087,128,82,101,122,128,0.640625,0.7890625,0.953125,1.0,timm:densenet121.tv_in1k,timm/densenet121.tv_in1k,imagenet_val[6400],800.0,True,,,,,,6400.0,0.05605154618844429,12.339723227084969,0.09640408771160132,27.22818127815185,0.21272016623556134,5.265355584156731,0.041135590501224464,1.5848259144461094,10.0,128.0,0.9887230882625406,128.0,39.0,63.0,106.0,125.0,0.3046875,0.4921875,0.828125,0.9765625,50.0,True
features.denseblock3.denselayer6.conv2,conv,124,32,1,False,32.0,0,14.0,14.0,102400,0.3867475141462041,20.60120131223548,0.6437875410073588,25.268974837318233,0.7896554636661948,9.564337810007016,0.29888555656271926,1.3967777235131542,10,32,0.9200473110866333,32,23,27,31,32,0.71875,0.84375,0.96875,1.0,timm:densenet121.tv_in1k,timm/densenet121.tv_in1k,imagenet_val[6400],3200.0,True,0.71875,0.84375,0.96875,1.0,1.0,6400.0,0.0357924021251472,8.06042317328159,0.2518882241650497,12.818729772299948,0.40058530538437337,3.863301291624074,0.12072816536325232,2.14292371703838,10.0,32.0,0.9649609783873698,32.0,14.0,19.0,28.0,32.0,0.4375,0.59375,0.875,1.0,200.0,True
features.denseblock3.denselayer6,block,125,32,1,False,,0,14.0,14.0,102400,0.3856970204635347,20.55208887341648,0.642252777294265,25.248204003814184,0.7890063751191932,9.412091460411563,0.29412785813786135,1.3994873620501076,10,32,0.9202179165858322,32,23,27,31,32,0.71875,0.84375,0.96875,1.0,timm:densenet121.tv_in1k,timm/densenet121.tv_in1k,imagenet_val[6400],3200.0,True,,,,,,6400.0,0.0357924021251472,8.06042317328159,0.2518882241650497,12.818729772299948,0.40058530538437337,3.863301291624074,0.12072816536325232,2.14292371703838,10.0,32.0,0.9649609783873698,32.0,14.0,19.0,28.0,32.0,0.4375,0.59375,0.875,1.0,200.0,True
features.denseblock3.denselayer7.norm1.act,act,126,448,1,False,,0,14.0,14.0,102400,1.2986006612851302,87.72757466799756,0.1958204791696374,154.3714076269305,0.3445790348815413,24.895660359061644,0.055570670444334024,4.168780421963416,10,448,0.20756725012390542,416,166,218,305,360,0.3705357142857143,0.48660714285714285,0.6808035714285714,0.8035714285714286,timm:densenet121.tv_in1k,timm/densenet121.tv_in1k,imagenet_val[6400],228.57142857142858,True,,,,,,6400.0,0.09819494324407298,23.15555999614841,0.051686517848545555,54.989759384272226,0.12274499862560764,8.23868912139052,0.01838993107453241,4.237015784837418,10.0,448.0,0.2470943035493096,416.0,75.0,121.0,240.0,339.0,0.16741071428571427,0.2700892857142857,0.5357142857142857,0.7566964285714286,14.285714285714286,False
features.denseblock3.denselayer7.conv1,conv,127,128,1,False,128.0,0,14.0,14.0,102400,0.2900617412194302,22.985095590137536,0.1795710592979495,35.42083176023098,0.27672524812680455,9.960472591601999,0.07781619212189061,2.6681807181623354,10,128,0.9523178958131108,128,33,47,81,114,0.2578125,0.3671875,0.6328125,0.890625,timm:densenet121.tv_in1k,timm/densenet121.tv_in1k,imagenet_val[6400],800.0,True,0.2578125,0.3671875,0.6328125,0.890625,1.0,6400.0,0.024695146873735276,7.460985003788999,0.05828894534210156,14.863864326879575,0.11612394005374668,3.393896094433965,0.02651481323776535,2.9096888522179216,10.0,128.0,0.95464545470759,128.0,19.0,29.0,57.0,100.0,0.1484375,0.2265625,0.4453125,0.78125,50.0,True
features.denseblock3.denselayer7.norm2.act,act,128,128,1,False,,0,14.0,14.0,102400,0.6605171949241456,42.878440922155086,0.3349878197043366,72.03306281725871,0.5627583032598337,11.958163203933506,0.09342315003073051,1.116583499690127,10,128,0.990978279419928,128,81,101,121,128,0.6328125,0.7890625,0.9453125,1.0,timm:densenet121.tv_in1k,timm/densenet121.tv_in1k,imagenet_val[6400],800.0,True,,,,,,6400.0,0.03973788869729221,11.257928555303188,0.08795256683830616,25.194198421232063,0.1968296751658755,4.472399812397339,0.03494062353435421,1.5874514231248866,10.0,128.0,0.99341832670506,128.0,36.0,60.0,105.0,125.0,0.28125,0.46875,0.8203125,0.9765625,50.0,True
features.denseblock3.denselayer7.conv2,conv,129,32,1,False,32.0,0,14.0,14.0,102400,0.3370881049504507,19.28430782317729,0.6026346194742903,24.31616314877195,0.7598800983991234,8.115327255429136,0.2536039767321605,1.4834009535097923,10,32,0.9442524037722151,32,23,27,31,32,0.71875,0.84375,0.96875,1.0,timm:densenet121.tv_in1k,timm/densenet121.tv_in1k,imagenet_val[6400],3200.0,True,0.71875,0.84375,0.96875,1.0,1.0,6400.0,0.019356444341240297,9.989524051604983,0.3121726266126557,14.975312013393054,0.46797850041853295,5.357699988498457,0.16742812464057677,2.2106054635621852,10.0,32.0,0.9800413376224251,32.0,15.0,20.0,29.0,32.0,0.46875,0.625,0.90625,1.0,200.0,True
features.denseblock3.denselayer7,block,130,32,1,False,,0,14.0,14.0,102400,0.3366246876835508,19.2704453558641,0.6022014173707532,24.31230736721503,0.7597596052254697,8.090817903816975,0.25283805949428045,1.4827683364764066,10,32,0.944596464728373,32,23,27,31,32,0.71875,0.84375,0.96875,1.0,timm:densenet121.tv_in1k,timm/densenet121.tv_in1k,imagenet_val[6400],3200.0,True,,,,,,6400.0,0.019356444341240297,9.989524051604983,0.3121726266126557,14.975312013393054,0.46797850041853295,5.357699988498457,0.16742812464057677,2.2106054635621852,10.0,32.0,0.9800413376224251,32.0,15.0,20.0,29.0,32.0,0.46875,0.625,0.90625,1.0,200.0,True
features.denseblock3.denselayer8.norm1.act,act,131,480,1,False,,0,14.0,14.0,102400,1.7369777380829103,122.5677907934371,0.255349564152994,232.46073330429297,0.4842931943839437,23.64645448036288,0.049263446834089335,1.4989154409856074,10,480,0.17974703141884274,476,261,333,427,465,0.54375,0.69375,0.8895833333333333,0.96875,timm:densenet121.tv_in1k,timm/densenet121.tv_in1k,imagenet_val[6400],213.33333333333334,True,,,,,,6400.0,0.15289510446945193,27.60172816069814,0.05750360033478779,70.57408983453766,0.14702935382195345,8.214034403256798,0.017112571673451663,2.068223075687635,10.0,480.0,0.3626169063382686,476.0,99.0,163.0,324.0,442.0,0.20625,0.33958333333333335,0.675,0.9208333333333333,13.333333333333334,False
features.denseblock3.denselayer8.conv1,conv,132,128,1,False,128.0,0,14.0,14.0,102400,0.3083084595434463,26.019198999785047,0.20327499218582068,46.93675886902677,0.3666934286642716,8.496029629016713,0.06637523147669307,1.8884293767609166,10,128,0.939255144533046,128,51,70,104,124,0.3984375,0.546875,0.8125,0.96875,timm:densenet121.tv_in1k,timm/densenet121.tv_in1k,imagenet_val[6400],800.0,True,0.3984375,0.546875,0.8125,0.96875,1.0,6400.0,0.040784929033996296,8.834911331838903,0.06902274477999143,18.560082422761823,0.14500064392782674,3.879660891850118,0.030309850717579048,2.4183785247769762,10.0,128.0,0.9480842331536988,128.0,24.0,38.0,75.0,113.0,0.1875,0.296875,0.5859375,0.8828125,50.0,True
features.denseblock3.denselayer8.norm2.act,act,133,128,1,False,,0,14.0,14.0,102400,0.6365745445937552,15.411818647365504,0.120404833182543,53.2030040823657,0.41564846939348205,4.253671449218675,0.0332318081970209,0.9191612290374999,10,128,0.9833528217657458,128,83,102,122,128,0.6484375,0.796875,0.953125,1.0,timm:densenet121.tv_in1k,timm/densenet121.tv_in1k,imagenet_val[6400],800.0,True,,,,,,6400.0,0.04867263473285732,11.663069823617745,0.09111773299701363,27.309183183798652,0.21335299362342697,4.79497506728898,0.037460742713195154,1.548333144815687,10.0,128.0,0.9794015779582357,128.0,42.0,66.0,107.0,125.0,0.328125,0.515625,0.8359375,0.9765625,50.0,True
features.denseblock3.denselayer8.conv2,conv,134,32,1,False,32.0,0,14.0,14.0,102400,0.29597253330872436,15.00228252479547,0.46882132889985845,21.69821004599812,0.6780690639374413,5.822972064628315,0.18196787701963485,1.3058418237967586,10,32,0.9290180176824855,32,22,26,31,32,0.6875,0.8125,0.96875,1.0,timm:densenet121.tv_in1k,timm/densenet121.tv_in1k,imagenet_val[6400],3200.0,True,0.6875,0.8125,0.96875,1.0,1.0,6400.0,0.04071969333096641,5.559780867977264,0.1737431521242895,9.917104551430873,0.30990951723221477,2.7466220956976817,0.08583194049055255,2.15412520246448,10.0,32.0,0.9519635342654053,32.0,11.0,17.0,26.0,31.0,0.34375,0.53125,0.8125,0.96875,200.0,True
features.denseblock3.denselayer8,block,135,32,1,False,,0,14.0,14.0,102400,0.29740359156213253,14.911546827831096,0.46598583836972174,21.641944064545342,0.6763107520170419,5.769922432382985,0.18031007601196827,1.3056674390836116,10,32,0.9274960837463216,32,22,26,31,32,0.6875,0.8125,0.96875,1.0,timm:densenet121.tv_in1k,timm/densenet121.tv_in1k,imagenet_val[6400],3200.0,True,,,,,,6400.0,0.04071969333096641,5.559780867977264,0.1737431521242895,9.917104551430873,0.30990951723221477,2.7466220956976817,0.08583194049055255,2.15412520246448,10.0,32.0,0.9519635342654053,32.0,11.0,17.0,26.0,31.0,0.34375,0.53125,0.8125,0.96875,200.0,True
features.denseblock3.denselayer9.norm1.act,act,136,512,1,False,,0,14.0,14.0,102400,1.7925805122112015,84.4830265645838,0.16500591125895273,221.04232339612676,0.4317232878830601,12.83945238167376,0.025077055432956564,1.6077368791756692,10,512,0.13211679324675374,505,274,354,458,498,0.53515625,0.69140625,0.89453125,0.97265625,timm:densenet121.tv_in1k,timm/densenet121.tv_in1k,imagenet_val[6400],200.0,True,,,,,,6400.0,0.16957416024456096,23.635490135385652,0.0461630666706751,63.47431455115113,0.12397327060771705,7.633373828308583,0.014908933258415202,2.0974504188669445,10.0,512.0,0.3168045508625822,505.0,96.0,162.0,334.0,470.0,0.1875,0.31640625,0.65234375,0.91796875,12.5,False
features.denseblock3.denselayer9.conv1,conv,137,128,1,False,128.0,0,14.0,14.0,102400,0.37506862900890003,14.614827774503594,0.11417834198830933,34.363907822429134,0.2684680298627276,4.977937570042192,0.038890137265954625,1.8540631037772346,10,128,0.9370800718111044,128,46,65,101,124,0.359375,0.5078125,0.7890625,0.96875,timm:densenet121.tv_in1k,timm/densenet121.tv_in1k,imagenet_val[6400],800.0,True,0.359375,0.5078125,0.7890625,0.96875,1.0,6400.0,0.06977090913446285,5.408247053535742,0.04225193010574799,11.497620519702345,0.08982516031017457,2.754515716380021,0.021519654034218915,2.4032562777834667,10.0,128.0,0.9575935468211032,128.0,15.0,28.0,64.0,108.0,0.1171875,0.21875,0.5,0.84375,50.0,True
features.denseblock3.denselayer9.norm2.act,act,138,128,1,False,,0,14.0,14.0,102400,1.0815503191774478,6.729459335495713,0.05257390105856026,29.743968334575367,0.23237475261387006,2.6695811941847225,0.020856103079568145,0.9553850366204996,10,128,0.9900669944239464,128,72,95,120,128,0.5625,0.7421875,0.9375,1.0,timm:densenet121.tv_in1k,timm/densenet121.tv_in1k,imagenet_val[6400],800.0,True,,,,,,6400.0,0.09978125826701612,7.759027051440873,0.06061739883938182,17.98508087544923,0.14050844433944712,3.781026162444821,0.029539266894100163,1.552876191033485,10.0,128.0,0.9893076402906231,128.0,29.0,53.0,100.0,124.0,0.2265625,0.4140625,0.78125,0.96875,50.0,True
features.denseblock3.denselayer9.conv2,conv,139,32,1,False,32.0,0,14.0,14.0,102400,0.5476572776225154,8.03659895963996,0.25114371748874875,15.757694187278302,0.49242794335244694,3.2236447665768613,0.10073889895552691,1.34364011238993,10,32,0.9918405210332366,32,20,25,31,32,0.625,0.78125,0.96875,1.0,timm:densenet121.tv_in1k,timm/densenet121.tv_in1k,imagenet_val[6400],3200.0,True,0.625,0.78125,0.96875,1.0,1.0,6400.0,0.08967776941496178,4.373588009040891,0.13667462528252786,8.239561777678354,0.25748630555244856,2.3010674829703954,0.07190835884282486,2.4964664062799433,10.0,32.0,0.958282729478477,32.0,10.0,15.0,25.0,31.0,0.3125,0.46875,0.78125,0.96875,200.0,True
features.denseblock3.denselayer9,block,140,32,1,False,,0,14.0,14.0,102400,0.5443743189265657,8.182869487197088,0.255714671474909,15.913658096902104,0.49730181552819075,3.2666979379027716,0.10208431055946161,1.3387370811717303,10,32,0.9920143077561542,32,20,25,31,32,0.625,0.78125,0.96875,1.0,timm:densenet121.tv_in1k,timm/densenet121.tv_in1k,imagenet_val[6400],3200.0,True,,,,,,6400.0,0.08967776941496178,4.373588009040891,0.13667462528252786,8.239561777678354,0.25748630555244856,2.3010674829703954,0.07190835884282486,2.4964664062799433,10.0,32.0,0.958282729478477,32.0,10.0,15.0,25.0,31.0,0.3125,0.46875,0.78125,0.96875,200.0,True
features.denseblock3.denselayer10.norm1.act,act,141,544,1,False,,0,14.0,14.0,102400,1.4688107179497112,91.12558259728311,0.16751026212735867,205.13624744751513,0.37708869016087343,16.20427083609531,0.029787262566351676,2.0266341269839794,10,544,0.19584677173323362,534,245,324,439,497,0.45036764705882354,0.5955882352941176,0.8069852941176471,0.9136029411764706,timm:densenet121.tv_in1k,timm/densenet121.tv_in1k,imagenet_val[6400],188.23529411764707,True,,,,,,6400.0,0.13213671689681486,27.05622740086678,0.049735712133946286,66.68421189298964,0.1225812718621133,9.121270257208709,0.016767040913986595,2.531349567756517,10.0,544.0,0.3373979368249975,534.0,90.0,150.0,314.0,463.0,0.16544117647058823,0.2757352941176471,0.5772058823529411,0.8511029411764706,11.764705882352942,False
features.denseblock3.denselayer10.conv1,conv,142,128,1,False,128.0,0,14.0,14.0,102400,0.2776133942178114,20.479947464514787,0.15999958956652177,37.19712107909543,0.29060250843043306,7.95407675314363,0.06214122463393461,2.129565965676952,10,128,0.9478409760307575,128,41,59,95,122,0.3203125,0.4609375,0.7421875,0.953125,timm:densenet121.tv_in1k,timm/densenet121.tv_in1k,imagenet_val[6400],800.0,True,0.3203125,0.4609375,0.7421875,0.953125,1.0,6400.0,0.027701941044195624,9.23536822206578,0.07215131423488891,19.45549597336165,0.1519960622918879,4.0871015026172275,0.03193048048919709,2.63089049385099,10.0,128.0,0.9544260169308207,128.0,24.0,37.0,71.0,110.0,0.1875,0.2890625,0.5546875,0.859375,50.0,True
features.denseblock3.denselayer10.norm2.act,act,143,128,1,False,,0,14.0,14.0,102400,0.7400980391350618,22.195636840734803,0.17340341281824065,55.8660054541388,0.4364531676104594,5.825706286681222,0.04551333036469705,1.0437321130621298,10,128,0.991523567907908,128,78,99,121,128,0.609375,0.7734375,0.9453125,1.0,timm:densenet121.tv_in1k,timm/densenet121.tv_in1k,imagenet_val[6400],800.0,True,,,,,,6400.0,0.05221167581691934,11.014603544768372,0.0860515901935029,25.79346373321872,0.20151143541577124,4.526243773715948,0.035361279482155845,1.6248012265881175,10.0,128.0,0.9910048851239458,128.0,38.0,61.0,105.0,125.0,0.296875,0.4765625,0.8203125,0.9765625,50.0,True
features.denseblock3.denselayer10.conv2,conv,144,32,1,False,32.0,0,14.0,14.0,102400,0.3447375529749478,17.770864896321847,0.5553395280100577,23.02096162056824,0.7194050506427575,7.414004034266147,0.23168762607081708,1.6547118091645585,10,32,0.9783704110465473,32,22,26,31,32,0.6875,0.8125,0.96875,1.0,timm:densenet121.tv_in1k,timm/densenet121.tv_in1k,imagenet_val[6400],3200.0,True,0.6875,0.8125,0.96875,1.0,1.0,6400.0,0.029973691093188752,5.789231937444106,0.18091349804512832,11.480846407631523,0.3587764502384851,2.7034119656820845,0.08448162392756514,2.3073390410672507,10.0,32.0,0.9655993687833877,32.0,15.0,19.0,28.0,32.0,0.46875,0.59375,0.875,1.0,200.0,True
features.denseblock3.denselayer10,block,145,32,1,False,,0,14.0,14.0,102400,0.34767583858611817,17.812058541560734,0.556626829423773,23.02682645206713,0.7195883266270978,7.476052809762531,0.2336266503050791,1.6645227174680246,10,32,0.9799565277357273,32,21,26,31,32,0.65625,0.8125,0.96875,1.0,timm:densenet121.tv_in1k,timm/densenet121.tv_in1k,imagenet_val[6400],3200.0,True,,,,,,6400.0,0.029973691093188752,5.789231937444106,0.18091349804512832,11.480846407631523,0.3587764502384851,2.7034119656820845,0.08448162392756514,2.3073390410672507,10.0,32.0,0.9655993687833877,32.0,15.0,19.0,28.0,32.0,0.46875,0.59375,0.875,1.0,200.0,True
features.denseblock3.denselayer11.norm1.act,act,146,576,1,False,,0,14.0,14.0,102400,1.5904628451799665,101.61125057151337,0.17640842113109959,230.5774294347993,0.40030803721319325,17.5347224353594,0.030442226450276735,1.6007686760104904,10,576,0.2189329072450843,569,281,366,487,545,0.4878472222222222,0.6354166666666666,0.8454861111111112,0.9461805555555556,timm:densenet121.tv_in1k,timm/densenet121.tv_in1k,imagenet_val[6400],177.77777777777777,True,,,,,,6400.0,0.13873354081643535,24.887122792677996,0.043206810403954854,67.6758217377561,0.11749274607249321,7.921162201783317,0.01375201771142937,2.304828325874818,10.0,576.0,0.311491085794086,569.0,100.0,171.0,357.0,513.0,0.1736111111111111,0.296875,0.6197916666666666,0.890625,11.11111111111111,False
features.denseblock3.denselayer11.conv1,conv,147,128,1,False,128.0,0,14.0,14.0,102400,0.31052937694402066,20.024586988827327,0.1564420858502135,36.96068983381515,0.2887553893266809,7.3737877815393915,0.057607717043276496,1.9831460753338548,10,128,0.9607302161327905,128,42,61,99,123,0.328125,0.4765625,0.7734375,0.9609375,timm:densenet121.tv_in1k,timm/densenet121.tv_in1k,imagenet_val[6400],800.0,True,0.328125,0.4765625,0.7734375,0.9609375,1.0,6400.0,0.031753531352929396,8.750425181345415,0.06836269672926105,18.029999103219982,0.1408593679939061,3.9606549090578533,0.03094261647701448,2.4598442478343623,10.0,128.0,0.9623678337543735,128.0,23.0,36.0,73.0,112.0,0.1796875,0.28125,0.5703125,0.875,50.0,True
features.denseblock3.denselayer11.norm2.act,act,148,128,1,False,,0,14.0,14.0,102400,0.8549294746788789,11.84760928169838,0.0925594475132686,42.94401379820647,0.33550010779848805,3.6837794730472067,0.028779527133181302,1.0215762521564857,10,128,0.988985988279464,128,75,97,121,128,0.5859375,0.7578125,0.9453125,1.0,timm:densenet121.tv_in1k,timm/densenet121.tv_in1k,imagenet_val[6400],800.0,True,,,,,,6400.0,0.05720801069542456,8.082893248729503,0.06314760350569924,21.365268846586808,0.16691616286395944,3.353299933204048,0.026197655728156626,1.5663730658870416,10.0,128.0,0.9922149429446602,128.0,36.0,59.0,105.0,125.0,0.28125,0.4609375,0.8203125,0.9765625,50.0,True
features.denseblock3.denselayer11.conv2,conv,149,32,1,False,32.0,0,14.0,14.0,102400,0.3786168074645673,17.621446629787847,0.5506702071808702,23.015857221990554,0.7192455381872048,7.221569709487767,0.22567405342149272,1.5528127988735383,10,32,0.9683341752278949,32,22,26,31,32,0.6875,0.8125,0.96875,1.0,timm:densenet121.tv_in1k,timm/densenet121.tv_in1k,imagenet_val[6400],3200.0,True,0.6875,0.8125,0.96875,1.0,1.0,6400.0,0.032934211532459616,6.197234297952484,0.19366357181101512,11.76959113994583,0.36779972312330717,2.823233276073127,0.08822603987728522,2.2063622774801654,10.0,32.0,0.9739822470629352,32.0,14.0,19.0,28.0,32.0,0.4375,0.59375,0.875,1.0,200.0,True
features.denseblock3.denselayer11,block,150,32,1,False,,0,14.0,14.0,102400,0.381638627686483,17.6022223700603,0.5500694490643844,23.00220497954056,0.7188189056106425,7.229536380716368,0.2259230118973865,1.5550076049617685,10,32,0.9660539545059582,32,22,26,31,32,0.6875,0.8125,0.96875,1.0,timm:densenet121.tv_in1k,timm/densenet121.tv_in1k,imagenet_val[6400],3200.0,True,,,,,,6400.0,0.032934211532459616,6.197234297952484,0.19366357181101512,11.76959113994583,0.36779972312330717,2.823233276073127,0.08822603987728522,2.2063622774801654,10.0,32.0,0.9739822470629352,32.0,14.0,19.0,28.0,32.0,0.4375,0.59375,0.875,1.0,200.0,True
features.denseblock3.denselayer12.norm1.act,act,151,608,1,False,,0,14.0,14.0,102400,1.7742024757630188,112.97787854307992,0.18581887918269724,262.45727874797194,0.43167315583548016,17.453031375207,0.02870564370922204,1.459713320744851,10,608,0.19037740938191305,602,319,414,538,589,0.524671052631579,0.680921052631579,0.8848684210526315,0.96875,timm:densenet121.tv_in1k,timm/densenet121.tv_in1k,imagenet_val[6400],168.42105263157896,True,,,,,,6400.0,0.15483732253130386,28.89592961047423,0.04752620001722735,76.67922443725791,0.1261171454560163,8.835088419787546,0.014531395427282148,2.1150129493756675,10.0,608.0,0.32654101871876107,602.0,112.0,191.0,397.0,555.0,0.18421052631578946,0.31414473684210525,0.6529605263157895,0.912828947368421,10.526315789473685,False
features.denseblock3.denselayer12.conv1,conv,152,128,1,False,128.0,0,14.0,14.0,102400,0.30497867409349394,23.67724908819918,0.1849785085015561,45.825309757245634,0.3580102324784815,7.4740484046918985,0.05839100316165546,1.8214359373320128,10,128,0.9482560778252545,128,52,71,105,125,0.40625,0.5546875,0.8203125,0.9765625,timm:densenet121.tv_in1k,timm/densenet121.tv_in1k,imagenet_val[6400],800.0,True,0.40625,0.5546875,0.8203125,0.9765625,1.0,6400.0,0.03311271141169385,10.617581522641016,0.08294985564563294,21.90095639008847,0.17110122179756618,4.6701945805335345,0.03648589516041824,2.292289013291239,10.0,128.0,0.9564229181680723,128.0,28.0,43.0,81.0,117.0,0.21875,0.3359375,0.6328125,0.9140625,50.0,True
features.denseblock3.denselayer12.norm2.act,act,153,128,1,False,,0,14.0,14.0,102400,0.7946136631762708,11.248083179971596,0.0878756498435281,44.53812658803677,0.34795411396903725,3.5351073575309715,0.027618026230710715,0.8998692296353892,10,128,0.9908031265915008,128,81,102,122,128,0.6328125,0.796875,0.953125,1.0,timm:densenet121.tv_in1k,timm/densenet121.tv_in1k,imagenet_val[6400],800.0,True,,,,,,6400.0,0.04556027348032213,12.903241379564937,0.10080657327785107,30.665968627552864,0.23957787990275675,4.819771802967877,0.03765446721068654,1.4418995029258583,10.0,128.0,0.9897626132760036,128.0,47.0,72.0,111.0,126.0,0.3671875,0.5625,0.8671875,0.984375,50.0,True
features.denseblock3.denselayer12.conv2,conv,154,32,1,False,32.0,0,14.0,14.0,102400,0.3062422645376753,13.76063146112765,0.43001973316023906,21.37259746593214,0.6678936708103794,4.870874608973558,0.1522148315304237,1.2959665635049469,10,32,0.94098543713579,32,22,27,31,32,0.6875,0.84375,0.96875,1.0,timm:densenet121.tv_in1k,timm/densenet121.tv_in1k,imagenet_val[6400],3200.0,True,0.6875,0.84375,0.96875,1.0,1.0,6400.0,0.02743998748615618,10.21657582026635,0.31926799438332343,15.757662903043768,0.49242696572011774,4.71819916335902,0.14744372385496937,2.258426628456471,10.0,32.0,0.9710164247822313,32.0,16.0,21.0,28.0,32.0,0.5,0.65625,0.875,1.0,200.0,True
features.denseblock3.denselayer12,block,155,32,1,False,,0,14.0,14.0,102400,0.30297025646865394,14.108210877698276,0.44088158992807114,21.61566514930671,0.6754895359158347,4.989730239114548,0.15592906997232964,1.2906932149292412,10,32,0.9420422787134981,32,23,27,31,32,0.71875,0.84375,0.96875,1.0,timm:densenet121.tv_in1k,timm/densenet121.tv_in1k,imagenet_val[6400],3200.0,True,,,,,,6400.0,0.02743998748615618,10.21657582026635,0.31926799438332343,15.757662903043768,0.49242696572011774,4.71819916335902,0.14744372385496937,2.258426628456471,10.0,32.0,0.9710164247822313,32.0,16.0,21.0,28.0,32.0,0.5,0.65625,0.875,1.0,200.0,True
features.denseblock3.denselayer13.norm1.act,act,156,640,1,False,,0,14.0,14.0,102400,1.6192496403655934,106.13950800947273,0.16584298126480115,236.37654688420125,0.36933835450656444,18.31405753894899,0.0286157149046078,2.345725871126455,10,640,0.1647123014219366,612,286,374,500,568,0.446875,0.584375,0.78125,0.8875,timm:densenet121.tv_in1k,timm/densenet121.tv_in1k,imagenet_val[6400],160.0,True,,,,,,6400.0,0.12451544017149524,28.10321768890971,0.04391127763892142,74.37220301959394,0.11620656721811554,9.040446877710057,0.014125698246421963,3.298716479228308,10.0,640.0,0.18736803399300617,612.0,107.0,182.0,378.0,538.0,0.1671875,0.284375,0.590625,0.840625,10.0,False
features.denseblock3.denselayer13.conv1,conv,157,128,1,False,128.0,0,14.0,14.0,102400,0.3110385122721613,22.06316888151976,0.17236850688687314,39.51300159057777,0.30869532492638885,8.142950513328392,0.06361680088537806,2.032973495436061,10,128,0.9572111854279259,128,43,62,99,123,0.3359375,0.484375,0.7734375,0.9609375,timm:densenet121.tv_in1k,timm/densenet121.tv_in1k,imagenet_val[6400],800.0,True,0.3359375,0.484375,0.7734375,0.9609375,1.0,6400.0,0.02613516061932962,9.458118520119525,0.07389155093843379,19.662113125704607,0.15361025879456724,4.165421552511328,0.03254235587899475,2.4322803501334875,10.0,128.0,0.9642031954660568,128.0,24.0,38.0,75.0,114.0,0.1875,0.296875,0.5859375,0.890625,50.0,True
features.denseblock3.denselayer13.norm2.act,act,158,128,1,False,,0,14.0,14.0,102400,0.6965461198642471,28.976005943101306,0.22637504643047895,65.04508609678828,0.5081647351311585,6.95604714268284,0.054344118302209685,0.9839385199062949,10,128,0.9906077154727033,128,83,102,122,128,0.6484375,0.796875,0.953125,1.0,timm:densenet121.tv_in1k,timm/densenet121.tv_in1k,imagenet_val[6400],800.0,True,,,,,,6400.0,0.04082273118098391,12.078750925204732,0.09436524160316197,28.20041257324787,0.220315723228499,4.74347955160667,0.03705843399692711,1.523620387551475,10.0,128.0,0.9939152583711357,128.0,42.0,67.0,109.0,126.0,0.328125,0.5234375,0.8515625,0.984375,50.0,True
features.denseblock3.denselayer13.conv2,conv,159,32,1,False,32.0,0,14.0,14.0,102400,0.330091947607727,18.620928098684253,0.5819040030838829,23.962869590569586,0.7488396747052996,8.122766381975262,0.25383644943672695,1.412008513859461,10,32,0.9507665375712749,32,23,27,31,32,0.71875,0.84375,0.96875,1.0,timm:densenet121.tv_in1k,timm/densenet121.tv_in1k,imagenet_val[6400],3200.0,True,0.71875,0.84375,0.96875,1.0,1.0,6400.0,0.02326737720328758,6.864249454657362,0.21450779545804255,12.780304325222716,0.39938451016320986,3.029998895406093,0.0946874654814404,2.324462874923386,10.0,32.0,0.9429328455343591,32.0,15.0,20.0,28.0,32.0,0.46875,0.625,0.875,1.0,200.0,True
features.denseblock3.denselayer13,block,160,32,1,False,,0,14.0,14.0,102400,0.32970806281606796,18.67277575065527,0.5835242422079772,23.986356679956266,0.7495736462486333,8.159748642449133,0.2549921450765354,1.422622066624336,10,32,0.9499187485320283,32,23,27,31,32,0.71875,0.84375,0.96875,1.0,timm:densenet121.tv_in1k,timm/densenet121.tv_in1k,imagenet_val[6400],3200.0,True,,,,,,6400.0,0.02326737720328758,6.864249454657362,0.21450779545804255,12.780304325222716,0.39938451016320986,3.029998895406093,0.0946874654814404,2.324462874923386,10.0,32.0,0.9429328455343591,32.0,15.0,20.0,28.0,32.0,0.46875,0.625,0.875,1.0,200.0,True
features.denseblock3.denselayer14.norm1.act,act,161,672,1,False,,0,14.0,14.0,102400,1.6590440271376354,112.8946812981811,0.16799803764610283,246.7753546617295,0.3672252301513832,21.454984779125116,0.031927060683221896,2.1475110524815575,10,672,0.174806085076343,653,304,398,533,605,0.4523809523809524,0.5922619047619048,0.7931547619047619,0.9002976190476191,timm:densenet121.tv_in1k,timm/densenet121.tv_in1k,imagenet_val[6400],152.38095238095238,True,,,,,,6400.0,0.12334991255835434,31.46671341051532,0.04682546638469542,80.80335467360162,0.12024308731190717,9.497668647919916,0.014133435487976066,2.7529834638536417,10.0,672.0,0.2410877658838536,653.0,114.0,193.0,404.0,573.0,0.16964285714285715,0.28720238095238093,0.6011904761904762,0.8526785714285714,9.523809523809524,False
features.denseblock3.denselayer14.conv1,conv,162,128,1,False,128.0,0,14.0,14.0,102400,0.3412831878346363,16.82400511623633,0.13143753997059632,33.30995841654713,0.2602340501292745,6.382604078262134,0.049864094361422924,2.0509006666440786,10,128,0.9610941151116607,128,39,58,96,122,0.3046875,0.453125,0.75,0.953125,timm:densenet121.tv_in1k,timm/densenet121.tv_in1k,imagenet_val[6400],800.0,True,0.3046875,0.453125,0.75,0.953125,1.0,6400.0,0.027073889737468375,10.962735958835857,0.08564637467840513,20.642793623283502,0.16127182518190236,4.8672714153503245,0.03802555793242441,2.492452827827051,10.0,128.0,0.9676082950789751,128.0,23.0,37.0,73.0,113.0,0.1796875,0.2890625,0.5703125,0.8828125,50.0,True
features.denseblock3.denselayer14.norm2.act,act,163,128,1,False,,0,14.0,14.0,102400,0.6507889736627727,12.84333454417051,0.10033855112633211,47.415312984522515,0.37043213269158215,3.8197552112118074,0.029841837587592245,0.9606874823015075,10,128,0.9873424592930475,128,80,100,122,128,0.625,0.78125,0.953125,1.0,timm:densenet121.tv_in1k,timm/densenet121.tv_in1k,imagenet_val[6400],800.0,True,,,,,,6400.0,0.02951142433225241,16.768473214067296,0.13100369698490075,35.86040392648368,0.2801594056756537,6.514868772411737,0.050897412284466696,1.520813865494819,10.0,128.0,0.9920713806504351,128.0,48.0,73.0,111.0,126.0,0.375,0.5703125,0.8671875,0.984375,50.0,True
features.denseblock3.denselayer14.conv2,conv,164,32,1,False,32.0,0,14.0,14.0,102400,0.27001800260252706,16.7874326862957,0.5246072714467406,22.93172855689702,0.7166165174030319,6.360641809569811,0.1987700565490566,1.2545311694890542,10,32,0.9447535301244385,32,23,27,31,32,0.71875,0.84375,0.96875,1.0,timm:densenet121.tv_in1k,timm/densenet121.tv_in1k,imagenet_val[6400],3200.0,True,0.71875,0.84375,0.96875,1.0,1.0,6400.0,0.014174918109223392,12.658373035868724,0.3955741573708976,18.883516386807788,0.5901098870877434,5.0022706526490035,0.15632095789528136,2.077010577574857,10.0,32.0,0.9348602155351693,32.0,19.0,23.0,29.0,32.0,0.59375,0.71875,0.90625,1.0,200.0,True
features.denseblock3.denselayer14,block,165,32,1,False,,0,14.0,14.0,102400,0.2723427028002587,16.63460144242044,0.5198312950756387,22.839301911743462,0.7137281847419832,6.280830610494169,0.19627595657794278,1.2572285301863333,10,32,0.9429734017876541,32,23,27,31,32,0.71875,0.84375,0.96875,1.0,timm:densenet121.tv_in1k,timm/densenet121.tv_in1k,imagenet_val[6400],3200.0,True,,,,,,6400.0,0.014174918109223392,12.658373035868724,0.3955741573708976,18.883516386807788,0.5901098870877434,5.0022706526490035,0.15632095789528136,2.077010577574857,10.0,32.0,0.9348602155351693,32.0,19.0,23.0,29.0,32.0,0.59375,0.71875,0.90625,1.0,200.0,True
features.denseblock3.denselayer15.norm1.act,act,166,704,1,False,,0,14.0,14.0,102400,1.9582571291073894,113.5671431206069,0.161316964659953,282.6184902522562,0.4014467191083185,16.664206134331998,0.023670747349903407,1.5341561468561267,10,704,0.24541908677332958,698,353,460,604,666,0.5014204545454546,0.6534090909090909,0.8579545454545454,0.9460227272727273,timm:densenet121.tv_in1k,timm/densenet121.tv_in1k,imagenet_val[6400],145.45454545454547,True,,,,,,6400.0,0.16061829692888924,31.73776240295974,0.045082048867840535,86.80548788105891,0.12330324983104958,9.035392295171537,0.012834364055641388,2.17058430031597,10.0,704.0,0.40771211842570576,698.0,127.0,217.0,447.0,622.0,0.18039772727272727,0.30823863636363635,0.6349431818181818,0.8835227272727273,9.090909090909092,False
features.denseblock3.denselayer15.conv1,conv,167,128,1,False,128.0,0,14.0,14.0,102400,0.3230964577173289,24.31452379413452,0.18995721714167593,48.68210717856994,0.3803289623325777,6.791388802717123,0.05305772502122753,1.72948543992925,10,128,0.9530858593562695,128,55,75,108,125,0.4296875,0.5859375,0.84375,0.9765625,timm:densenet121.tv_in1k,timm/densenet121.tv_in1k,imagenet_val[6400],800.0,True,0.4296875,0.5859375,0.84375,0.9765625,1.0,6400.0,0.03265106008638441,9.962456078508836,0.07783168811335028,22.65643882861696,0.17700342834857,4.04432731198951,0.031596307124918045,2.1443591060042584,10.0,128.0,0.9537927167513743,128.0,31.0,48.0,87.0,119.0,0.2421875,0.375,0.6796875,0.9296875,50.0,True
features.denseblock3.denselayer15.norm2.act,act,168,128,1,False,,0,14.0,14.0,102400,0.6494528801482512,12.263195554577731,0.09580621527013852,48.48683096563449,0.37880336691901945,3.6895672326367315,0.028824744004974465,0.851196518215673,10,128,0.9875096159384361,128,85,104,123,128,0.6640625,0.8125,0.9609375,1.0,timm:densenet121.tv_in1k,timm/densenet121.tv_in1k,imagenet_val[6400],800.0,True,,,,,,6400.0,0.03415508036010367,11.842862551263112,0.09252236368174306,30.026642360896467,0.23458314344450365,4.563567193420094,0.035652868698594485,1.351228893594045,10.0,128.0,0.9841661608694063,128.0,50.0,75.0,112.0,126.0,0.390625,0.5859375,0.875,0.984375,50.0,True
features.denseblock3.denselayer15.conv2,conv,169,32,1,False,32.0,0,14.0,14.0,102400,0.25130094093051786,15.713009506998132,0.4910315470936916,22.55264695921744,0.704770217475545,5.661202114849591,0.1769125660890497,1.2774314448558224,10,32,0.9645736330213082,32,23,27,31,32,0.71875,0.84375,0.96875,1.0,timm:densenet121.tv_in1k,timm/densenet121.tv_in1k,imagenet_val[6400],3200.0,True,0.71875,0.84375,0.96875,1.0,1.0,6400.0,0.01866915162927427,11.943183493998301,0.3732244841874469,17.707054606830795,0.5533454564634623,5.72315679344664,0.1788486497952075,2.010565965071985,10.0,32.0,0.9610415343863364,32.0,18.0,23.0,29.0,32.0,0.5625,0.71875,0.90625,1.0,200.0,True
features.denseblock3.denselayer15,block,170,32,1,False,,0,14.0,14.0,102400,0.2508644943748318,15.827073507601433,0.4945960471125448,22.607898989290415,0.7064968434153255,5.7232265184633855,0.1788508287019808,1.2832578940539023,10,32,0.9638491255810582,32,23,27,31,32,0.71875,0.84375,0.96875,1.0,timm:densenet121.tv_in1k,timm/densenet121.tv_in1k,imagenet_val[6400],3200.0,True,,,,,,6400.0,0.01866915162927427,11.943183493998301,0.3732244841874469,17.707054606830795,0.5533454564634623,5.72315679344664,0.1788486497952075,2.010565965071985,10.0,32.0,0.9610415343863364,32.0,18.0,23.0,29.0,32.0,0.5625,0.71875,0.90625,1.0,200.0,True
features.denseblock3.denselayer16.norm1.act,act,171,736,1,False,,0,14.0,14.0,102400,1.864876980134236,118.64015293029041,0.1611958599596337,288.14489308734653,0.39150121343389477,17.458876717703955,0.02372129988818472,1.575292456497313,10,736,0.3307235900791954,728,362,472,617,682,0.49184782608695654,0.6413043478260869,0.8383152173913043,0.9266304347826086,timm:densenet121.tv_in1k,timm/densenet121.tv_in1k,imagenet_val[6400],139.1304347826087,True,,,,,,6400.0,0.1530436534342799,37.96006064568959,0.051576169355556506,95.58998360721642,0.12987769511850059,10.768452510217074,0.014631049606273198,2.365759962999602,10.0,736.0,0.37062900258527964,728.0,130.0,222.0,455.0,635.0,0.1766304347826087,0.3016304347826087,0.6182065217391305,0.8627717391304348,8.695652173913043,False
features.denseblock3.denselayer16.conv1,conv,172,128,1,False,128.0,0,14.0,14.0,102400,0.2821240225474054,27.520628440003467,0.21500490968752708,49.29481283264885,0.38511572525506915,8.962277009662362,0.0700177891379872,1.7254858156988273,10,128,0.9545721299963231,128,54,74,108,126,0.421875,0.578125,0.84375,0.984375,timm:densenet121.tv_in1k,timm/densenet121.tv_in1k,imagenet_val[6400],800.0,True,0.421875,0.578125,0.84375,0.984375,1.0,6400.0,0.02292606184768204,18.205540043031696,0.14223078158618513,34.45210415632274,0.2691570637212714,6.812464570095868,0.053222379453873966,2.179199788174774,10.0,128.0,0.9529255206354552,128.0,39.0,56.0,92.0,121.0,0.3046875,0.4375,0.71875,0.9453125,50.0,True
features.denseblock3.denselayer16.norm2.act,act,173,128,1,False,,0,14.0,14.0,102400,0.568004111965617,15.382624359323717,0.12017675280721654,53.7041605501241,0.41956375429784454,4.240393940060982,0.03312807765672642,0.8294398772885408,10,128,0.987671502158353,128,86,105,123,128,0.671875,0.8203125,0.9609375,1.0,timm:densenet121.tv_in1k,timm/densenet121.tv_in1k,imagenet_val[6400],800.0,True,,,,,,6400.0,0.025313826382360856,19.541282310017774,0.15266626804701386,42.651955936477414,0.3332184057537298,6.543459665367126,0.05112077863568067,1.3787238214782886,10.0,128.0,0.9903321541741011,128.0,59.0,83.0,115.0,127.0,0.4609375,0.6484375,0.8984375,0.9921875,50.0,True
features.denseblock3.denselayer16.conv2,conv,174,32,1,False,32.0,0,14.0,14.0,102400,0.1761708126019193,20.24744506422889,0.6327326582571529,25.266154174944276,0.7895673179670086,9.15584400523103,0.2861201251634697,1.1429632606284612,10,32,0.9473668843058449,32,24,28,31,32,0.75,0.875,0.96875,1.0,timm:densenet121.tv_in1k,timm/densenet121.tv_in1k,imagenet_val[6400],3200.0,True,0.75,0.875,0.96875,1.0,1.0,6400.0,0.015497353397069492,13.608829031076237,0.4252759072211324,19.353329018803887,0.6047915318376215,5.679036058006397,0.1774698768126999,2.034306302660978,10.0,32.0,0.9095962589982695,32.0,19.0,23.0,29.0,32.0,0.59375,0.71875,0.90625,1.0,200.0,True
features.denseblock3.denselayer16,block,175,32,1,False,,0,14.0,14.0,102400,0.17723698672158483,20.163161518885712,0.6300987974651785,25.224633864579523,0.7882698082681101,9.062064218867144,0.28318950683959826,1.1392842880163887,10,32,0.944455729241445,32,24,28,31,32,0.75,0.875,0.96875,1.0,timm:densenet121.tv_in1k,timm/densenet121.tv_in1k,imagenet_val[6400],3200.0,True,,,,,,6400.0,0.015497353397069492,13.608829031076237,0.4252759072211324,19.353329018803887,0.6047915318376215,5.679036058006397,0.1774698768126999,2.034306302660978,10.0,32.0,0.9095962589982695,32.0,19.0,23.0,29.0,32.0,0.59375,0.71875,0.90625,1.0,200.0,True
features.denseblock3.denselayer17.norm1.act,act,176,768,1,False,,0,14.0,14.0,102400,2.285967555608385,105.9140056922859,0.13790886157849727,295.84541250951247,0.38521538087176105,15.417686714224708,0.020075112909146754,1.2737441434529773,10,768,0.6711138242215189,763,394,515,669,732,0.5130208333333334,0.6705729166666666,0.87109375,0.953125,timm:densenet121.tv_in1k,timm/densenet121.tv_in1k,imagenet_val[6400],133.33333333333334,True,,,,,,6400.0,0.20602146905310467,32.31260086291917,0.04207369904025934,88.00898893224196,0.11459503767219005,9.430884967846625,0.012279798135216959,2.2050331640223573,10.0,768.0,0.3611050744000531,763.0,130.0,226.0,476.0,677.0,0.16927083333333334,0.2942708333333333,0.6197916666666666,0.8815104166666666,8.333333333333334,False
features.denseblock3.denselayer17.conv1,conv,177,128,1,False,128.0,0,14.0,14.0,102400,0.45202433911843426,14.779189037804214,0.11546241435784542,35.18020301667699,0.274845336067789,5.04522961446156,0.039415856362980936,1.6152076499143373,10,128,0.9568189369294132,128,50,71,108,125,0.390625,0.5546875,0.84375,0.9765625,timm:densenet121.tv_in1k,timm/densenet121.tv_in1k,imagenet_val[6400],800.0,True,0.390625,0.5546875,0.84375,0.9765625,1.0,6400.0,0.056073427878372745,9.5574023946779,0.0746672062084211,19.272349845572606,0.15056523316853598,4.785132897064835,0.03738385075831902,2.1179150028744984,10.0,128.0,0.9611488237815405,128.0,26.0,42.0,83.0,118.0,0.203125,0.328125,0.6484375,0.921875,50.0,True
features.denseblock3.denselayer17.norm2.act,act,178,128,1,False,,0,14.0,14.0,102400,0.9798343793342261,5.647550506668723,0.0441214883333494,25.0789458483144,0.19592926443995626,2.448723377105213,0.019130651383634477,0.8065817255984514,10,128,0.9845092240566808,128,73,97,121,128,0.5703125,0.7578125,0.9453125,1.0,timm:densenet121.tv_in1k,timm/densenet121.tv_in1k,imagenet_val[6400],800.0,True,,,,,,6400.0,0.055164987005851346,7.553276268785703,0.05900997084988831,21.197087308401105,0.16560224459688364,3.212174151978962,0.02509511056233564,1.354507506760007,10.0,128.0,0.9858247782344274,128.0,42.0,68.0,109.0,126.0,0.328125,0.53125,0.8515625,0.984375,50.0,True
features.denseblock3.denselayer17.conv2,conv,179,32,1,False,32.0,0,14.0,14.0,102400,0.3496129328522068,10.256294322384433,0.3205091975745135,17.764937693706738,0.5551543029283356,3.951081671829757,0.1234713022446799,1.4754847714141817,10,32,0.9789829610962387,32,20,25,31,32,0.625,0.78125,0.96875,1.0,timm:densenet121.tv_in1k,timm/densenet121.tv_in1k,imagenet_val[6400],3200.0,True,0.625,0.78125,0.96875,1.0,1.0,6400.0,0.032304655918008136,8.54092996736751,0.2669040614802347,14.565275258145062,0.4551648518170332,3.7013078000935025,0.11566586875292195,2.0940663662221843,10.0,32.0,0.973313595907738,32.0,16.0,21.0,29.0,32.0,0.5,0.65625,0.90625,1.0,200.0,True
features.denseblock3.denselayer17,block,180,32,1,False,,0,14.0,14.0,102400,0.3478304550980652,10.295652713227522,0.32173914728836006,17.834943523362462,0.5573419851050769,3.950369332152365,0.1234490416297614,1.4674246043708439,10,32,0.9789492326787669,32,20,25,31,32,0.625,0.78125,0.96875,1.0,timm:densenet121.tv_in1k,timm/densenet121.tv_in1k,imagenet_val[6400],3200.0,True,,,,,,6400.0,0.032304655918008136,8.54092996736751,0.2669040614802347,14.565275258145062,0.4551648518170332,3.7013078000935025,0.11566586875292195,2.0940663662221843,10.0,32.0,0.973313595907738,32.0,16.0,21.0,29.0,32.0,0.5,0.65625,0.90625,1.0,200.0,True
features.denseblock3.denselayer18.norm1.act,act,181,800,1,False,,0,14.0,14.0,102400,2.2367878579560228,112.52340031447989,0.14065425039309987,313.4549920281413,0.39181874003517664,15.124557369796596,0.018905696712245745,1.5827424753218928,10,800,0.20101099383088605,788,406,526,684,751,0.5075,0.6575,0.855,0.93875,timm:densenet121.tv_in1k,timm/densenet121.tv_in1k,imagenet_val[6400],128.0,True,,,,,,6400.0,0.1699510961571515,38.40155127958241,0.04800193909947801,105.54128353103643,0.13192660441379553,10.314913831499462,0.012893642289374327,2.2702091559839253,10.0,800.0,0.30085718576804665,788.0,154.0,260.0,517.0,708.0,0.1925,0.325,0.64625,0.885,8.0,False
features.denseblock3.denselayer18.conv1,conv,182,128,1,False,128.0,0,14.0,14.0,102400,0.352313575199282,24.013253657292427,0.1876035441975971,48.66227011442952,0.3801739852689806,7.621448143843503,0.05954256362377737,1.6234820182020442,10,128,0.9457090102800486,128,58,78,110,126,0.453125,0.609375,0.859375,0.984375,timm:densenet121.tv_in1k,timm/densenet121.tv_in1k,imagenet_val[6400],800.0,True,0.453125,0.609375,0.859375,0.984375,1.0,6400.0,0.028129752305364117,17.568111371749314,0.13725087009179152,34.00401985425143,0.2656564051113393,6.774363601737081,0.05292471563857094,2.085430738497836,10.0,128.0,0.9541811390481114,128.0,39.0,57.0,95.0,122.0,0.3046875,0.4453125,0.7421875,0.953125,50.0,True
features.denseblock3.denselayer18.norm2.act,act,183,128,1,False,,0,14.0,14.0,102400,0.6843676370891872,9.765699519400512,0.0762945274953165,40.47287684614634,0.3161943503605183,3.275217558051762,0.025587637172279392,0.8229469186849716,10,128,0.981706993048833,128,82,102,122,128,0.640625,0.796875,0.953125,1.0,timm:densenet121.tv_in1k,timm/densenet121.tv_in1k,imagenet_val[6400],800.0,True,,,,,,6400.0,0.026982923910949436,16.25513735228069,0.1269932605646929,39.97213365246688,0.3122822941598975,5.084906460585476,0.03972583172332403,1.3411734505457769,10.0,128.0,0.977265027273011,128.0,59.0,83.0,115.0,126.0,0.4609375,0.6484375,0.8984375,0.984375,50.0,True
features.denseblock3.denselayer18.conv2,conv,184,32,1,False,32.0,0,14.0,14.0,102400,0.24584596406978138,12.825490173087042,0.40079656790897006,19.94693930369616,0.623341853240505,5.476243009000265,0.17113259403125827,1.2820328428463774,10,32,0.9414764146920626,32,22,26,31,32,0.6875,0.8125,0.96875,1.0,timm:densenet121.tv_in1k,timm/densenet121.tv_in1k,imagenet_val[6400],3200.0,True,0.6875,0.8125,0.96875,1.0,1.0,6400.0,0.016255413437368943,13.391064794959364,0.41847077484248013,19.279360391436484,0.6024800122323901,5.9099265807596835,0.1846852056487401,1.932620621514144,10.0,32.0,0.9589030897105373,32.0,19.0,24.0,30.0,32.0,0.59375,0.75,0.9375,1.0,200.0,True
features.denseblock3.denselayer18,block,185,32,1,False,,0,14.0,14.0,102400,0.24651363380432598,12.768584543565416,0.39901826698641923,19.892013923278483,0.6216254351024526,5.431160894442674,0.16972377795133356,1.2755414869888593,10,32,0.9418888754963101,32,22,26,31,32,0.6875,0.8125,0.96875,1.0,timm:densenet121.tv_in1k,timm/densenet121.tv_in1k,imagenet_val[6400],3200.0,True,,,,,,6400.0,0.016255413437368943,13.391064794959364,0.41847077484248013,19.279360391436484,0.6024800122323901,5.9099265807596835,0.1846852056487401,1.932620621514144,10.0,32.0,0.9589030897105373,32.0,19.0,24.0,30.0,32.0,0.59375,0.75,0.9375,1.0,200.0,True
features.denseblock3.denselayer19.norm1.act,act,186,832,1,False,,0,14.0,14.0,102400,2.274381900035294,93.41519967039706,0.11227788421922723,310.84100853358314,0.37360698141055665,12.74608103471639,0.0153198089359572,1.3821829924346678,10,832,0.2569654659586422,826,433,561,724,793,0.5204326923076923,0.6742788461538461,0.8701923076923077,0.953125,timm:densenet121.tv_in1k,timm/densenet121.tv_in1k,imagenet_val[6400],123.07692307692308,True,,,,,,6400.0,0.19229837908806996,33.53840907501262,0.04031058783054402,97.40301973352456,0.11707093717971702,9.215671733183822,0.011076528525461324,2.2140461368311373,10.0,832.0,0.3221425571067721,826.0,153.0,262.0,530.0,738.0,0.18389423076923078,0.31490384615384615,0.6370192307692307,0.8870192307692307,7.6923076923076925,False
features.denseblock3.denselayer19.conv1,conv,187,128,1,False,128.0,0,14.0,14.0,102400,0.3960224680807501,18.167956174247568,0.14193715761130912,43.0089080337235,0.33600709401346485,5.29383811946407,0.041358110308313045,1.616293236572349,10,128,0.9575410940236907,128,55,76,110,126,0.4296875,0.59375,0.859375,0.984375,timm:densenet121.tv_in1k,timm/densenet121.tv_in1k,imagenet_val[6400],800.0,True,0.4296875,0.59375,0.859375,0.984375,1.0,6400.0,0.04513024165311891,11.139402756291222,0.08702658403352517,23.503492108910283,0.1836210321008616,4.647697125269827,0.036310133791170526,2.0615994658220007,10.0,128.0,0.9674525029355385,128.0,30.0,48.0,89.0,121.0,0.234375,0.375,0.6953125,0.9453125,50.0,True
features.denseblock3.denselayer19.norm2.act,act,188,128,1,False,,0,14.0,14.0,102400,1.0112517048723877,6.9715490075149384,0.05446522662121046,32.10684125213935,0.25083469728233865,2.713627571150889,0.02120021539961632,0.8379542135275342,10,128,0.9851986860158458,128,78,100,121,128,0.609375,0.78125,0.9453125,1.0,timm:densenet121.tv_in1k,timm/densenet121.tv_in1k,imagenet_val[6400],800.0,True,,,,,,6400.0,0.05272249838958994,11.581429852250222,0.09047992072070486,31.4321626293074,0.24556377054146405,4.097915995176025,0.03201496871231269,1.3663122687272655,10.0,128.0,0.979788713853535,128.0,52.0,77.0,112.0,126.0,0.40625,0.6015625,0.875,0.984375,50.0,True
features.denseblock3.denselayer19.conv2,conv,189,32,1,False,32.0,0,14.0,14.0,102400,0.3795534958816428,9.146725027123889,0.28583515709762153,17.34042839774383,0.5418883874294946,3.4873773383680597,0.10898054182400187,1.39148248951644,10,32,0.9513244066740584,32,21,25,31,32,0.65625,0.78125,0.96875,1.0,timm:densenet121.tv_in1k,timm/densenet121.tv_in1k,imagenet_val[6400],3200.0,True,0.65625,0.78125,0.96875,1.0,1.0,6400.0,0.041227448998436236,9.448765769458483,0.2952739302955776,15.600753705068046,0.48752355328337643,4.042496298216244,0.1263280093192576,1.90134362797696,10.0,32.0,0.9803736765578946,32.0,17.0,22.0,29.0,32.0,0.53125,0.6875,0.90625,1.0,200.0,True
features.denseblock3.denselayer19,block,190,32,1,False,,0,14.0,14.0,102400,0.38387057080864545,8.969335717091736,0.28029174115911676,17.16656119414411,0.5364550373170034,3.4372404462890818,0.1074137639465338,1.3868391024026854,10,32,0.9507406220671588,32,21,25,31,32,0.65625,0.78125,0.96875,1.0,timm:densenet121.tv_in1k,timm/densenet121.tv_in1k,imagenet_val[6400],3200.0,True,,,,,,6400.0,0.041227448998436236,9.448765769458483,0.2952739302955776,15.600753705068046,0.48752355328337643,4.042496298216244,0.1263280093192576,1.90134362797696,10.0,32.0,0.9803736765578946,32.0,17.0,22.0,29.0,32.0,0.53125,0.6875,0.90625,1.0,200.0,True
features.denseblock3.denselayer20.norm1.act,act,191,864,1,False,,0,14.0,14.0,102400,2.334537102172763,89.29062479701993,0.1033456305521064,309.61350477733913,0.358348963862661,12.160278124652496,0.014074395977607056,1.44969478024506,10,864,0.2851616667567827,858,436,568,737,811,0.5046296296296297,0.6574074074074074,0.8530092592592593,0.9386574074074074,timm:densenet121.tv_in1k,timm/densenet121.tv_in1k,imagenet_val[6400],118.51851851851852,True,,,,,,6400.0,0.2010775911638565,35.98802704719766,0.0416528090824047,102.84181236287974,0.1190298754199997,9.534492476962965,0.011035292218707136,2.103536421134852,10.0,864.0,0.5512708517152862,858.0,157.0,267.0,540.0,751.0,0.18171296296296297,0.3090277777777778,0.625,0.8692129629629629,7.407407407407407,False
features.denseblock3.denselayer20.conv1,conv,192,128,1,False,128.0,0,14.0,14.0,102400,0.38086270033055436,14.8019168189311,0.11563997514789921,41.21355995480151,0.3219809371468868,4.439024625882883,0.034679879889710025,1.5331582177707381,10,128,0.9496125493425173,128,58,79,111,126,0.453125,0.6171875,0.8671875,0.984375,timm:densenet121.tv_in1k,timm/densenet121.tv_in1k,imagenet_val[6400],800.0,True,0.453125,0.6171875,0.8671875,0.984375,1.0,6400.0,0.045012642791877104,7.371938997466292,0.057593273417705405,19.553701315106196,0.15276329152426715,3.174608412066997,0.024801628219273415,1.9435840366712291,10.0,128.0,0.9549763108718207,128.0,32.0,51.0,92.0,121.0,0.25,0.3984375,0.71875,0.9453125,50.0,True
features.denseblock3.denselayer20.norm2.act,act,193,128,1,False,,0,14.0,14.0,102400,0.7298485051260748,4.813285132094643,0.0376037900944894,24.212063690370268,0.18915674758101772,2.2184323749598565,0.01733150292937388,0.7501551903542616,10,128,0.991365976556551,128,78,100,122,128,0.609375,0.78125,0.953125,1.0,timm:densenet121.tv_in1k,timm/densenet121.tv_in1k,imagenet_val[6400],800.0,True,,,,,,6400.0,0.027973893279835918,10.214756354427182,0.07980278401896236,30.717652332281656,0.23998165884595044,3.766500668838385,0.02942578647529988,1.237715646198303,10.0,128.0,0.9846283432748942,128.0,57.0,82.0,115.0,127.0,0.4453125,0.640625,0.8984375,0.9921875,50.0,True
features.denseblock3.denselayer20.conv2,conv,194,32,1,False,32.0,0,14.0,14.0,102400,0.19433110469845066,11.382700002143611,0.35570937506698785,19.85949802021302,0.6206093131316569,4.079361062760158,0.12748003321125495,1.1797962211486048,10,32,0.9400312441774467,32,23,27,31,32,0.71875,0.84375,0.96875,1.0,timm:densenet121.tv_in1k,timm/densenet121.tv_in1k,imagenet_val[6400],3200.0,True,0.71875,0.84375,0.96875,1.0,1.0,6400.0,0.018739323175373815,10.231912324134846,0.31974726012921395,17.121010039027933,0.5350315637196229,4.150000436458973,0.12968751363934292,1.6296556376953257,10.0,32.0,0.95732492214551,32.0,19.0,24.0,30.0,32.0,0.59375,0.75,0.9375,1.0,200.0,True
features.denseblock3.denselayer20,block,195,32,1,False,,0,14.0,14.0,102400,0.19448885404789723,11.253772056899914,0.3516803767781223,19.760880400214187,0.6175275125066934,4.041238090753986,0.12628869033606208,1.179786096222273,10,32,0.9372948668759936,32,23,27,31,32,0.71875,0.84375,0.96875,1.0,timm:densenet121.tv_in1k,timm/densenet121.tv_in1k,imagenet_val[6400],3200.0,True,,,,,,6400.0,0.018739323175373815,10.231912324134846,0.31974726012921395,17.121010039027933,0.5350315637196229,4.150000436458973,0.12968751363934292,1.6296556376953257,10.0,32.0,0.95732492214551,32.0,19.0,24.0,30.0,32.0,0.59375,0.75,0.9375,1.0,200.0,True
features.denseblock3.denselayer21.norm1.act,act,196,896,1,False,,0,14.0,14.0,102400,2.4768834089097798,84.11926850162284,0.09388311216698977,307.60619627624476,0.34331048691545174,11.472077304133252,0.012803657705505862,1.9136334662343157,10,896,0.17893300986929417,878,437,567,733,810,0.4877232142857143,0.6328125,0.8180803571428571,0.9040178571428571,timm:densenet121.tv_in1k,timm/densenet121.tv_in1k,imagenet_val[6400],114.28571428571429,True,,,,,,6400.0,0.20376641320896,37.10391301138579,0.041410617200207354,107.36009254307808,0.11982153185611392,9.77145984684986,0.010905647150502075,2.6713995970473006,10.0,896.0,0.2611981599928497,877.0,166.0,281.0,552.0,757.0,0.18526785714285715,0.31361607142857145,0.6160714285714286,0.8448660714285714,7.142857142857143,False
features.denseblock3.denselayer21.conv1,conv,197,128,1,False,128.0,0,14.0,14.0,102400,0.42723008713510124,13.700483697410919,0.1070350288860228,40.88450054130498,0.31941016047894516,4.111355554184266,0.03211996526706458,1.5169990543470875,10,128,0.9592343898930885,128,58,80,112,126,0.453125,0.625,0.875,0.984375,timm:densenet121.tv_in1k,timm/densenet121.tv_in1k,imagenet_val[6400],800.0,True,0.453125,0.625,0.875,0.984375,1.0,6400.0,0.042749030455587145,10.539710021092631,0.08234148453978618,24.43888336594267,0.1909287762964271,4.659169411145993,0.03639976102457807,1.8862071732580443,10.0,128.0,0.9642816556106558,128.0,35.0,55.0,96.0,123.0,0.2734375,0.4296875,0.75,0.9609375,50.0,True
features.denseblock3.denselayer21.norm2.act,act,198,128,1,False,,0,14.0,14.0,102400,0.772698359935682,4.812376379247601,0.03759669046287188,23.539112362332048,0.18389931533071913,2.223521387843539,0.017371260842527648,0.7517075304567438,10,128,0.9921495986445462,128,77,99,122,128,0.6015625,0.7734375,0.953125,1.0,timm:densenet121.tv_in1k,timm/densenet121.tv_in1k,imagenet_val[6400],800.0,True,,,,,,6400.0,0.027712512409200404,8.399922636300037,0.06562439559609404,27.198546494223404,0.21248864448612034,3.255018248693079,0.02542983006791468,1.2091304007253953,10.0,128.0,0.9869610558379044,128.0,55.0,81.0,115.0,127.0,0.4296875,0.6328125,0.8984375,0.9921875,50.0,True
features.denseblock3.denselayer21.conv2,conv,199,32,1,False,32.0,0,14.0,14.0,102400,0.23624070830851576,7.377331569062181,0.23054161153319316,15.87188697047711,0.4959964678274097,2.973284448516853,0.09291513901615166,1.129896492335103,10,32,0.944894784775535,32,22,26,31,32,0.6875,0.8125,0.96875,1.0,timm:densenet121.tv_in1k,timm/densenet121.tv_in1k,imagenet_val[6400],3200.0,True,0.6875,0.8125,0.96875,1.0,1.0,6400.0,0.020119873195141084,12.514015042031758,0.39106297006349244,18.946594984519283,0.5920810932662276,5.023543761447263,0.15698574254522696,1.776152797884776,10.0,32.0,0.9425627668965271,32.0,20.0,24.0,30.0,32.0,0.625,0.75,0.9375,1.0,200.0,True
features.denseblock3.denselayer21,block,200,32,1,False,,0,14.0,14.0,102400,0.23676337463806169,7.319744394400039,0.22874201232500121,15.797367377873295,0.49366773055854046,2.958044349116928,0.092438885909904,1.1322521052768342,10,32,0.9419756578637961,32,22,26,31,32,0.6875,0.8125,0.96875,1.0,timm:densenet121.tv_in1k,timm/densenet121.tv_in1k,imagenet_val[6400],3200.0,True,,,,,,6400.0,0.020119873195141084,12.514015042031758,0.39106297006349244,18.946594984519283,0.5920810932662276,5.023543761447263,0.15698574254522696,1.776152797884776,10.0,32.0,0.9425627668965271,32.0,20.0,24.0,30.0,32.0,0.625,0.75,0.9375,1.0,200.0,True
features.denseblock3.denselayer22.norm1.act,act,201,928,1,False,,0,14.0,14.0,102400,2.5083337468411515,67.815154408941,0.07307667500963469,274.13969494668214,0.295409154037373,10.00677875869795,0.010783166765838308,2.4024368811439767,10,928,0.15732838462788545,901,422,561,734,813,0.4547413793103448,0.6045258620689655,0.790948275862069,0.8760775862068966,timm:densenet121.tv_in1k,timm/densenet121.tv_in1k,imagenet_val[6400],110.34482758620689,True,,,,,,6400.0,0.2232691551534934,39.95864315090297,0.04305888270571441,104.92501455296555,0.11306574844069564,11.096803723527177,0.011957762633111182,3.0335879252802282,10.0,928.0,0.24543607559454605,899.0,154.0,264.0,535.0,751.0,0.16594827586206898,0.28448275862068967,0.5765086206896551,0.8092672413793104,6.896551724137931,False
features.denseblock3.denselayer22.conv1,conv,202,128,1,False,128.0,0,14.0,14.0,102400,0.5577896267258069,12.454824523474285,0.09730331658964285,32.209868212835005,0.2516395954127735,4.193440241760069,0.03276125188875054,1.6702527017732018,10,128,0.9649089016392183,128,46,68,106,125,0.359375,0.53125,0.828125,0.9765625,timm:densenet121.tv_in1k,timm/densenet121.tv_in1k,imagenet_val[6400],800.0,True,0.359375,0.53125,0.828125,0.9765625,1.0,6400.0,0.05347827059300182,13.843676410484017,0.10815372195690638,27.441205566866557,0.21438441849114498,6.126362572019718,0.04786220759390405,2.127259589666006,10.0,128.0,0.9694255338355682,128.0,33.0,50.0,90.0,121.0,0.2578125,0.390625,0.703125,0.9453125,50.0,True
features.denseblock3.denselayer22.norm2.act,act,203,128,1,False,,0,14.0,14.0,102400,1.3192096142768406,3.7935784705405453,0.02963733180109801,16.636124905495656,0.1299697258241848,1.973818797125303,0.01542045935254143,0.8560420516369932,10,128,0.9845252902153192,128,63,90,119,127,0.4921875,0.703125,0.9296875,0.9921875,timm:densenet121.tv_in1k,timm/densenet121.tv_in1k,imagenet_val[6400],800.0,True,,,,,,6400.0,0.05020765382479299,8.159189902504023,0.06374367111331268,25.60249901025288,0.20001952351760063,3.148257967115387,0.02459576536808896,1.429117492059366,10.0,128.0,0.9854381134813786,128.0,47.0,72.0,110.0,126.0,0.3671875,0.5625,0.859375,0.984375,50.0,True
features.denseblock3.denselayer22.conv2,conv,204,32,1,False,32.0,0,14.0,14.0,102400,0.39229287775803123,6.724022948815321,0.21012571715047879,14.491169571731099,0.45284904911659685,2.8338801656024115,0.08855875517507536,1.2440114547202012,10,32,0.9447364365264298,32,20,25,31,32,0.625,0.78125,0.96875,1.0,timm:densenet121.tv_in1k,timm/densenet121.tv_in1k,imagenet_val[6400],3200.0,True,0.625,0.78125,0.96875,1.0,1.0,6400.0,0.03392349540159051,13.717313379504912,0.4286660431095285,19.601283200236647,0.6125401000073952,6.117366220294951,0.1911676943842172,1.841553336586199,10.0,32.0,0.9290321402799179,32.0,20.0,24.0,30.0,32.0,0.625,0.75,0.9375,1.0,200.0,True
features.denseblock3.denselayer22,block,205,32,1,False,,0,14.0,14.0,102400,0.39742182441140206,6.330801532685325,0.19783754789641642,13.999461414526309,0.43748316920394714,2.722074018073661,0.0850648130648019,1.2401318513727677,10,32,0.9453245505436636,32,20,25,31,32,0.625,0.78125,0.96875,1.0,timm:densenet121.tv_in1k,timm/densenet121.tv_in1k,imagenet_val[6400],3200.0,True,,,,,,6400.0,0.03392349540159051,13.717313379504912,0.4286660431095285,19.601283200236647,0.6125401000073952,6.117366220294951,0.1911676943842172,1.841553336586199,10.0,32.0,0.9290321402799179,32.0,20.0,24.0,30.0,32.0,0.625,0.75,0.9375,1.0,200.0,True
features.denseblock3.denselayer23.norm1.act,act,206,960,1,False,,0,14.0,14.0,102400,2.65126307765671,63.346849724141606,0.06598630179598083,299.96238001451593,0.31246081251512076,9.168416176990288,0.009550433517698216,1.6952941609687482,10,960,0.210928759679484,942,470,613,793,873,0.4895833333333333,0.6385416666666667,0.8260416666666667,0.909375,timm:densenet121.tv_in1k,timm/densenet121.tv_in1k,imagenet_val[6400],106.66666666666667,True,,,,,,6400.0,0.21292396493672003,43.268917385895314,0.04507178894364095,121.67795756400484,0.12674787246250505,11.200663682425992,0.011667358002527075,2.472464969573036,10.0,960.0,0.29866133178898047,942.0,184.0,310.0,600.0,814.0,0.19166666666666668,0.3229166666666667,0.625,0.8479166666666667,6.666666666666667,False
features.denseblock3.denselayer23.conv1,conv,207,128,1,False,128.0,0,14.0,14.0,102400,0.3902330340462147,21.30474732665407,0.16644333848948492,50.53366445708391,0.39479425357096803,5.741817365517658,0.044857948168106704,1.4593367851229133,10,128,0.9554431646976987,128,63,84,114,127,0.4921875,0.65625,0.890625,0.9921875,timm:densenet121.tv_in1k,timm/densenet121.tv_in1k,imagenet_val[6400],800.0,True,0.4921875,0.65625,0.890625,0.9921875,1.0,6400.0,0.03420493248210506,14.80291673905166,0.1156477870238411,34.23668593302415,0.26747410885175116,5.140418065403875,0.04015951613596777,1.8188210553479576,10.0,128.0,0.9542107144462747,128.0,45.0,65.0,102.0,124.0,0.3515625,0.5078125,0.796875,0.96875,50.0,True
features.denseblock3.denselayer23.norm2.act,act,208,128,1,False,,0,14.0,14.0,102400,0.535254255482021,5.501330215525231,0.042979142308790866,27.726756901448546,0.21661528829256677,2.3793553175533395,0.018588713418385465,0.7403139593462745,10,128,0.9697502998341284,128,81,101,122,128,0.6328125,0.7890625,0.953125,1.0,timm:densenet121.tv_in1k,timm/densenet121.tv_in1k,imagenet_val[6400],800.0,True,,,,,,6400.0,0.01502918295222715,10.969068662968247,0.08569584892943943,38.03616169323332,0.2971575132283853,3.5873396883736315,0.028026091315418996,1.1999344267612067,10.0,128.0,0.9649362149978252,128.0,66.0,89.0,117.0,127.0,0.515625,0.6953125,0.9140625,0.9921875,50.0,True
features.denseblock3.denselayer23.conv2,conv,209,32,1,False,32.0,0,14.0,14.0,102400,0.14863450962738156,6.674382279445344,0.208574446232667,15.172938821456071,0.47415433817050223,2.77891654413325,0.08684114200416407,1.0806206530250029,10,32,0.9589910734099021,32,22,26,31,32,0.6875,0.8125,0.96875,1.0,timm:densenet121.tv_in1k,timm/densenet121.tv_in1k,imagenet_val[6400],3200.0,True,0.6875,0.8125,0.96875,1.0,1.0,6400.0,0.009700334791047687,16.96292330716412,0.5300913533488788,22.39264999267033,0.6997703122709478,7.911987859956358,0.24724962062363617,1.6520938299347705,10.0,32.0,0.958743937359472,32.0,21.0,26.0,31.0,32.0,0.65625,0.8125,0.96875,1.0,200.0,True
features.denseblock3.denselayer23,block,210,32,1,False,,0,14.0,14.0,102400,0.15167841444940405,6.465539905928667,0.20204812206027084,14.847717731092992,0.463991179096656,2.7268267991919553,0.0852133374747486,1.0803077593099069,10,32,0.9586689617268858,32,22,26,31,32,0.6875,0.8125,0.96875,1.0,timm:densenet121.tv_in1k,timm/densenet121.tv_in1k,imagenet_val[6400],3200.0,True,,,,,,6400.0,0.009700334791047687,16.96292330716412,0.5300913533488788,22.39264999267033,0.6997703122709478,7.911987859956358,0.24724962062363617,1.6520938299347705,10.0,32.0,0.958743937359472,32.0,21.0,26.0,31.0,32.0,0.65625,0.8125,0.96875,1.0,200.0,True
features.denseblock3.denselayer24.norm1.act,act,211,992,1,False,,0,14.0,14.0,102400,2.5785882050358713,42.333568930707926,0.04267496868014912,264.32473866665106,0.2664563897849305,7.092976788595462,0.007150178214309941,2.055096210094462,10,992,0.1480176904749566,971,473,622,807,891,0.47681451612903225,0.6270161290322581,0.813508064516129,0.8981854838709677,timm:densenet121.tv_in1k,timm/densenet121.tv_in1k,imagenet_val[6400],103.2258064516129,True,,,,,,6400.0,0.20910955559651753,42.760077098399854,0.04310491642983856,120.7507887627821,0.12172458544635292,11.13848124172285,0.011228307703349647,2.8157347826087054,10.0,992.0,0.20845703303934426,971.0,186.0,314.0,607.0,828.0,0.1875,0.3165322580645161,0.6118951612903226,0.8346774193548387,6.451612903225806,False
features.denseblock3.denselayer24.conv1,conv,212,128,1,False,128.0,0,14.0,14.0,102400,0.3945980547524661,16.923185851500904,0.1322123894648508,43.236654584929006,0.33778636394475786,4.989016805282997,0.038976693791273415,1.463901401698492,10,128,0.9587171046905137,128,59,81,113,126,0.4609375,0.6328125,0.8828125,0.984375,timm:densenet121.tv_in1k,timm/densenet121.tv_in1k,imagenet_val[6400],800.0,True,0.4609375,0.6328125,0.8828125,0.984375,1.0,6400.0,0.03946348198106105,14.519063245343506,0.11343018160424614,31.19263086284479,0.24369242861597493,5.811177938407728,0.04539982764381038,1.885282645291699,10.0,128.0,0.9588726444657838,128.0,41.0,60.0,99.0,123.0,0.3203125,0.46875,0.7734375,0.9609375,50.0,True
features.denseblock3.denselayer24.norm2.act,act,213,128,1,False,,0,14.0,14.0,102400,0.8288553001203189,4.1464567188907155,0.032394193116333715,19.534998919568242,0.1526171790591269,2.06117195568723,0.016102905903806485,0.7876071840648349,10,128,0.9708632819658325,128,72,95,120,127,0.5625,0.7421875,0.9375,0.9921875,timm:densenet121.tv_in1k,timm/densenet121.tv_in1k,imagenet_val[6400],800.0,True,,,,,,6400.0,0.026784072220176022,9.521083057778457,0.07438346138889419,31.974539911549282,0.24980109305897877,3.363126460167609,0.026274425470059447,1.2713365301965915,10.0,128.0,0.9671536392370341,128.0,59.0,83.0,115.0,127.0,0.4609375,0.6484375,0.8984375,0.9921875,50.0,True
features.denseblock3.denselayer24.conv2,conv,214,32,1,False,32.0,0,14.0,14.0,102400,0.20868372514740613,5.843163125895615,0.18259884768423798,14.270542853287814,0.4459544641652442,2.5395390439182846,0.07936059512244639,1.0501714192315093,10,32,0.9372300799980031,32,22,26,31,32,0.6875,0.8125,0.96875,1.0,timm:densenet121.tv_in1k,timm/densenet121.tv_in1k,imagenet_val[6400],3200.0,True,0.6875,0.8125,0.96875,1.0,1.0,6400.0,0.017249658649144795,17.758826574870785,0.554963330464712,22.99605634440734,0.7186267607627294,7.895272229589109,0.24672725717465965,1.5794241208375748,10.0,32.0,0.9581923244700297,32.0,22.0,26.0,31.0,32.0,0.6875,0.8125,0.96875,1.0,200.0,True
features.denseblock3.denselayer24,block,215,32,1,False,,0,14.0,14.0,102400,0.20975381855781078,5.900058838965423,0.18437683871766947,14.356462236895966,0.44863944490299895,2.5545728997438184,0.07983040311699433,1.051691998875212,10,32,0.9337565514682216,32,22,26,31,32,0.6875,0.8125,0.96875,1.0,timm:densenet121.tv_in1k,timm/densenet121.tv_in1k,imagenet_val[6400],3200.0,True,,,,,,6400.0,0.017249658649144795,17.758826574870785,0.554963330464712,22.99605634440734,0.7186267607627294,7.895272229589109,0.24672725717465965,1.5794241208375748,10.0,32.0,0.9581923244700297,32.0,22.0,26.0,31.0,32.0,0.6875,0.8125,0.96875,1.0,200.0,True
features.transition3.norm.act,act,216,1024,1,False,,0,14.0,14.0,102400,11.01296596320084,21.850502656388816,0.021338381500379703,228.42009249837758,0.22306649658044686,4.8225778199691405,0.004709548652313614,1.0431193538460237,10,1024,0.8526394545007658,1024,548,711,912,998,0.53515625,0.6943359375,0.890625,0.974609375,timm:densenet121.tv_in1k,timm/densenet121.tv_in1k,imagenet_val[6400],100.0,True,,,,,,6400.0,0.7899536649441441,50.5621249489604,0.04937707514546914,149.1102779473751,0.1456155058079835,13.448364327890049,0.013133168288955126,1.8018102779020069,10.0,1024.0,0.8933410217281286,1024.0,233.0,379.0,695.0,930.0,0.2275390625,0.3701171875,0.6787109375,0.908203125,6.25,False
features.transition3.conv,conv,217,512,1,False,512.0,0,14.0,14.0,102400,6.835613280758294,80.20194466010079,0.15664442316425936,160.19942707224254,0.3128895060004737,18.332896266100285,0.03580643801972712,1.859510943992053,10,512,0.8767043765274992,512,176,240,370,476,0.34375,0.46875,0.72265625,0.9296875,timm:densenet121.tv_in1k,timm/densenet121.tv_in1k,imagenet_val[6400],200.0,True,0.34375,0.46875,0.72265625,0.9296875,1.0,6400.0,0.9010812392971059,38.39277563760891,0.07498588991720491,80.07965203158525,0.15640557037418995,12.510537261544755,0.0244346430889546,2.5269089607228437,10.0,512.0,0.9063992771620948,512.0,93.0,139.0,255.0,405.0,0.181640625,0.271484375,0.498046875,0.791015625,12.5,False
features.denseblock4.denselayer1.norm1.act,act,218,512,1,False,,0,7.0,7.0,102400,1.5547743811944648,153.66496604569159,0.3001268868079914,278.53297731812677,0.5440097213244663,32.24939776019342,0.06298710500037777,1.1886065888851107,10,512,0.16561471173015518,510,326,403,483,506,0.63671875,0.787109375,0.943359375,0.98828125,timm:densenet121.tv_in1k,timm/densenet121.tv_in1k,imagenet_val[6400],200.0,True,,,,,,6400.0,0.23711133004419918,70.48659609031976,0.1376691329889058,153.49314290025563,0.2997912947270618,18.206679965752468,0.03555992180811029,1.6259472009758742,10.0,512.0,0.27152121878765356,510.0,198.0,295.0,443.0,500.0,0.38671875,0.576171875,0.865234375,0.9765625,12.5,False
features.denseblock4.denselayer1.conv1,conv,219,128,1,False,128.0,0,7.0,7.0,102400,0.24205104823326298,36.09768782332466,0.2820131861197239,63.03610797656205,0.492469593566891,9.38272635525001,0.07330254965039071,1.5411731230868477,10,128,0.9331096874519262,128,66,85,114,126,0.515625,0.6640625,0.890625,0.984375,timm:densenet121.tv_in1k,timm/densenet121.tv_in1k,imagenet_val[6400],800.0,True,0.515625,0.6640625,0.890625,0.984375,1.0,6400.0,0.04389190241323483,23.987523651167734,0.18740252852474792,45.388776172284146,0.3545998138459699,7.559776060164553,0.05906075047003557,1.8709751684903964,10.0,128.0,0.9442081638512068,128.0,50.0,69.0,104.0,124.0,0.390625,0.5390625,0.8125,0.96875,50.0,True
features.denseblock4.denselayer1.norm2.act,act,220,128,1,False,,0,7.0,7.0,102400,0.562076662265916,68.3854412215268,0.5342612595431782,96.66483645368497,0.7551940347944138,17.63556637256111,0.13777786228563368,0.7315878055959941,10,128,0.9884152966178903,128,98,112,125,128,0.765625,0.875,0.9765625,1.0,timm:densenet121.tv_in1k,timm/densenet121.tv_in1k,imagenet_val[6400],800.0,True,,,,,,6400.0,0.0694463859716226,41.23601789773478,0.322156389826053,70.32793573363821,0.5494369979190485,11.77873266238463,0.09202134892487993,1.141581562081548,10.0,128.0,0.9847013017480969,128.0,79.0,99.0,121.0,128.0,0.6171875,0.7734375,0.9453125,1.0,50.0,True
features.denseblock4.denselayer1.conv2,conv,221,32,1,False,32.0,0,7.0,7.0,102400,0.19067703137437744,21.306256114714905,0.6658205035848408,25.81491485081851,0.8067160890880785,8.941914617424938,0.2794348317945293,1.323405843152691,10,32,0.9381082618166836,32,24,27,31,32,0.75,0.84375,0.96875,1.0,timm:densenet121.tv_in1k,timm/densenet121.tv_in1k,imagenet_val[6400],3200.0,True,0.75,0.84375,0.96875,1.0,1.0,6400.0,0.05758717863391203,17.16578888354712,0.5364309026108475,22.78507398643434,0.7120335620760732,7.425680115780506,0.2320525036181408,1.4462837519437064,10.0,32.0,0.9431853008532679,32.0,22.0,26.0,31.0,32.0,0.6875,0.8125,0.96875,1.0,200.0,True
features.denseblock4.denselayer1,block,222,32,1,False,,0,7.0,7.0,102400,0.1918902810497322,21.210117294355634,0.6628161654486135,25.75630933274543,0.8048846666482947,8.871203872438485,0.27722512101370267,1.3277364065686483,10,32,0.936290121718094,32,24,27,31,32,0.75,0.84375,0.96875,1.0,timm:densenet121.tv_in1k,timm/densenet121.tv_in1k,imagenet_val[6400],3200.0,True,,,,,,6400.0,0.05758717863391203,17.16578888354712,0.5364309026108475,22.78507398643434,0.7120335620760732,7.425680115780506,0.2320525036181408,1.4462837519437064,10.0,32.0,0.9431853008532679,32.0,22.0,26.0,31.0,32.0,0.6875,0.8125,0.96875,1.0,200.0,True
features.denseblock4.denselayer2.norm1.act,act,223,544,1,False,,0,7.0,7.0,102400,1.661548893063943,163.3732671079612,0.300318505713164,298.3050955259931,0.5483549550110167,32.01022505641217,0.058842325471345894,1.600446217768311,10,544,0.09783927471733322,534,348,427,508,531,0.6397058823529411,0.7849264705882353,0.9338235294117647,0.9761029411764706,timm:densenet121.tv_in1k,timm/densenet121.tv_in1k,imagenet_val[6400],188.23529411764707,True,,,,,,6400.0,0.26055561755179524,74.38026059151325,0.1367284202049876,161.33510136775521,0.2965718775142559,19.347023510967425,0.03556438145398424,2.0019457835795276,10.0,544.0,0.15565715189435814,534.0,207.0,308.0,464.0,525.0,0.3805147058823529,0.5661764705882353,0.8529411764705882,0.9650735294117647,11.764705882352942,False
features.denseblock4.denselayer2.conv1,conv,224,128,1,False,128.0,0,7.0,7.0,102400,0.24539350709273594,32.509504178561286,0.25398050139501005,62.84652457947933,0.49098847327718226,7.858751304099377,0.06139649456327638,1.4548673455984218,10,128,0.9366912518372088,128,68,87,115,127,0.53125,0.6796875,0.8984375,0.9921875,timm:densenet121.tv_in1k,timm/densenet121.tv_in1k,imagenet_val[6400],800.0,True,0.53125,0.6796875,0.8984375,0.9921875,1.0,6400.0,0.04461701103355216,28.449230989027946,0.22225961710178083,50.08174329572548,0.3912636194978553,8.930286139821009,0.06976786046735163,1.8047196283811904,10.0,128.0,0.9482866712646258,128.0,54.0,73.0,107.0,125.0,0.421875,0.5703125,0.8359375,0.9765625,50.0,True
features.denseblock4.denselayer2.norm2.act,act,225,128,1,False,,0,7.0,7.0,102400,0.4148973073434311,77.99067286260063,0.6093021317390674,103.55201553337236,0.8090001213544715,18.440495114741825,0.1440663680839205,0.6454250903134487,10,128,0.9814795732741485,128,101,114,125,128,0.7890625,0.890625,0.9765625,1.0,timm:densenet121.tv_in1k,timm/densenet121.tv_in1k,imagenet_val[6400],800.0,True,,,,,,6400.0,0.047294523374437306,54.447673477010056,0.42537244903914107,82.13172680652325,0.6416541156759629,17.44562544499666,0.13629394878903642,1.0246305844591073,10.0,128.0,0.9823762817769693,128.0,86.0,104.0,123.0,128.0,0.671875,0.8125,0.9609375,1.0,50.0,True
features.denseblock4.denselayer2.conv2,conv,226,32,1,False,32.0,0,7.0,7.0,102400,0.09712716763936691,23.680258909292196,0.7400080909153811,27.42853098793118,0.8571415933728493,10.324663325544561,0.32264572892326754,1.0482783277321415,10,32,0.9575416761618085,32,25,28,32,32,0.78125,0.875,1.0,1.0,timm:densenet121.tv_in1k,timm/densenet121.tv_in1k,imagenet_val[6400],3200.0,True,0.78125,0.875,1.0,1.0,1.0,6400.0,0.03640869299740036,18.908414074638834,0.5908879398324636,24.81865277685082,0.7755828992765881,6.844650957391807,0.21389534241849398,1.209871799782864,10.0,32.0,0.9540675170590003,32.0,24.0,27.0,31.0,32.0,0.75,0.84375,0.96875,1.0,200.0,True
features.denseblock4.denselayer2,block,227,32,1,False,,0,7.0,7.0,102400,0.09760081631455605,23.751697975958226,0.7422405617486946,27.47160493146485,0.8584876541082765,10.371720613803362,0.32411626918135505,1.0447449668063995,10,32,0.9554570554313067,32,25,28,32,32,0.78125,0.875,1.0,1.0,timm:densenet121.tv_in1k,timm/densenet121.tv_in1k,imagenet_val[6400],3200.0,True,,,,,,6400.0,0.03640869299740036,18.908414074638834,0.5908879398324636,24.81865277685082,0.7755828992765881,6.844650957391807,0.21389534241849398,1.209871799782864,10.0,32.0,0.9540675170590003,32.0,24.0,27.0,31.0,32.0,0.75,0.84375,0.96875,1.0,200.0,True
features.denseblock4.denselayer3.norm1.act,act,228,576,1,False,,0,7.0,7.0,102400,1.7432884701698712,166.95979776323904,0.28986076000562333,308.12470072399265,0.5349387165347095,32.84154269187824,0.05701656717339972,2.0147775890861372,10,576,0.07691387369842173,560,358,443,531,556,0.6215277777777778,0.7690972222222222,0.921875,0.9652777777777778,timm:densenet121.tv_in1k,timm/densenet121.tv_in1k,imagenet_val[6400],177.77777777777777,True,,,,,,6400.0,0.2935491506558033,76.4754066797083,0.13276980326338247,164.83049529890422,0.2861640543383754,19.434146209999625,0.03373983717013824,2.130323847388829,10.0,576.0,0.1615138234496346,560.0,205.0,308.0,478.0,549.0,0.3559027777777778,0.5347222222222222,0.8298611111111112,0.953125,11.11111111111111,False
features.denseblock4.denselayer3.conv1,conv,229,128,1,False,128.0,0,7.0,7.0,102400,0.27241891978433985,31.571864646278243,0.24665519254904877,61.020244359047986,0.4767206590550624,7.979841747151367,0.062342513649620054,1.4562203799602271,10,128,0.936435139847428,128,67,87,115,127,0.5234375,0.6796875,0.8984375,0.9921875,timm:densenet121.tv_in1k,timm/densenet121.tv_in1k,imagenet_val[6400],800.0,True,0.5234375,0.6796875,0.8984375,0.9921875,1.0,6400.0,0.05520423356572013,23.722797321369615,0.18533435407320012,45.04597403676814,0.3519216721622511,8.355677515097787,0.06527873058670146,1.804544256662178,10.0,128.0,0.9481501638437103,128.0,51.0,71.0,106.0,125.0,0.3984375,0.5546875,0.828125,0.9765625,50.0,True
features.denseblock4.denselayer3.norm2.act,act,230,128,1,False,,0,7.0,7.0,102400,0.5535959114607513,54.37333606602038,0.4247916880157842,91.45088557865016,0.7144600435832044,11.317739827939826,0.0884198424057799,0.6809645707927527,10,128,0.9858272927222554,128,98,112,125,128,0.765625,0.875,0.9765625,1.0,timm:densenet121.tv_in1k,timm/densenet121.tv_in1k,imagenet_val[6400],800.0,True,,,,,,6400.0,0.07575669893682169,35.40440553823609,0.27659691826746946,66.81105442263843,0.5219613626768628,9.565403646174028,0.0747297159857346,1.1150465473029862,10.0,128.0,0.9848441713841707,128.0,79.0,99.0,121.0,128.0,0.6171875,0.7734375,0.9453125,1.0,50.0,True
features.denseblock4.denselayer3.conv2,conv,231,32,1,False,32.0,0,7.0,7.0,102400,0.1967177931256143,14.973335523410276,0.4679167351065711,22.080145777282457,0.6900045555400768,5.469012818041267,0.1709066505637896,1.258911979923698,10,32,0.9602662889863076,32,23,27,31,32,0.71875,0.84375,0.96875,1.0,timm:densenet121.tv_in1k,timm/densenet121.tv_in1k,imagenet_val[6400],3200.0,True,0.71875,0.84375,0.96875,1.0,1.0,6400.0,0.07320514586029603,9.974031293731628,0.31168847792911336,17.677792464424133,0.5524310145132542,3.858058369551497,0.12056432404848429,1.4363461380198945,10.0,32.0,0.9195773888744991,32.0,21.0,25.0,30.0,32.0,0.65625,0.78125,0.9375,1.0,200.0,True
features.denseblock4.denselayer3,block,232,32,1,False,,0,7.0,7.0,102400,0.19670311730784162,14.957223867587354,0.4674132458621048,22.075218079117324,0.6898505649724164,5.457964425142011,0.17056138828568784,1.2529728427816176,10,32,0.9608835022205667,32,23,27,31,32,0.71875,0.84375,0.96875,1.0,timm:densenet121.tv_in1k,timm/densenet121.tv_in1k,imagenet_val[6400],3200.0,True,,,,,,6400.0,0.07320514586029603,9.974031293731628,0.31168847792911336,17.677792464424133,0.5524310145132542,3.858058369551497,0.12056432404848429,1.4363461380198945,10.0,32.0,0.9195773888744991,32.0,21.0,25.0,30.0,32.0,0.65625,0.78125,0.9375,1.0,200.0,True
features.denseblock4.denselayer4.norm1.act,act,233,608,1,False,,0,7.0,7.0,102400,1.6807421440584285,170.10734336227313,0.2797818147405808,315.65893000650755,0.5191758717212295,35.05145869897309,0.05765042549173206,2.631549677098228,10,608,0.062323610649828054,581,367,455,549,577,0.6036184210526315,0.7483552631578947,0.9029605263157895,0.9490131578947368,timm:densenet121.tv_in1k,timm/densenet121.tv_in1k,imagenet_val[6400],168.42105263157896,True,,,,,,6400.0,0.29813510145441957,74.78682361032935,0.12300464409593644,163.30407380293167,0.2685922266495587,19.747880688744473,0.0324800669222771,3.123276991065987,10.0,608.0,0.0884803691517958,581.0,203.0,307.0,489.0,568.0,0.3338815789473684,0.5049342105263158,0.8042763157894737,0.9342105263157895,10.526315789473685,False
features.denseblock4.denselayer4.conv1,conv,234,128,1,False,128.0,0,7.0,7.0,102400,0.23787106684631298,30.55293423189329,0.23869479868666632,59.629014354043875,0.46585167464096777,8.224678187119814,0.06425529833687355,1.4360815058124283,10,128,0.9318438274386497,128,67,87,115,127,0.5234375,0.6796875,0.8984375,0.9921875,timm:densenet121.tv_in1k,timm/densenet121.tv_in1k,imagenet_val[6400],800.0,True,0.5234375,0.6796875,0.8984375,0.9921875,1.0,6400.0,0.048051321190130974,23.732108443287473,0.18540709721318338,45.414524290359495,0.35480097101843355,8.615522567348457,0.06730877005740982,1.7765126797256652,10.0,128.0,0.9407919717538951,128.0,52.0,72.0,106.0,125.0,0.40625,0.5625,0.828125,0.9765625,50.0,True
features.denseblock4.denselayer4.norm2.act,act,235,128,1,False,,0,7.0,7.0,102400,0.328863659698279,62.82224496605251,0.4907987887972852,95.83547276731218,0.7487146309946264,13.668400148407885,0.1067843761594366,0.6755752814943509,10,128,0.9755582193374511,128,98,112,125,128,0.765625,0.875,0.9765625,1.0,timm:densenet121.tv_in1k,timm/densenet121.tv_in1k,imagenet_val[6400],800.0,True,,,,,,6400.0,0.0445086797288001,29.692080735729498,0.2319693807478867,63.41050632197248,0.49539458064041,7.7207547031999715,0.06031839611874978,1.0867054418393884,10.0,128.0,0.9725445362446823,128.0,79.0,98.0,121.0,128.0,0.6171875,0.765625,0.9453125,1.0,50.0,True
features.denseblock4.denselayer4.conv2,conv,236,32,1,False,32.0,0,7.0,7.0,102400,0.10703563248206907,11.749990883039123,0.3671872150949726,20.3500690789589,0.6359396587174656,4.142047372821759,0.12943898040067997,1.0757533968036181,10,32,0.9830179123976173,32,23,27,31,32,0.71875,0.84375,0.96875,1.0,timm:densenet121.tv_in1k,timm/densenet121.tv_in1k,imagenet_val[6400],3200.0,True,0.71875,0.84375,0.96875,1.0,1.0,6400.0,0.03216770684609621,10.828215158843804,0.3383817237138689,19.369541504543346,0.6052981720169796,3.920987751718722,0.12253086724121007,1.1208663902173186,10.0,32.0,0.9535841392274261,32.0,23.0,27.0,31.0,32.0,0.71875,0.84375,0.96875,1.0,200.0,True
features.denseblock4.denselayer4,block,237,32,1,False,,0,7.0,7.0,102400,0.10664747730086688,11.897232909102062,0.37178852840943943,20.466252028009606,0.6395703758753002,4.184170541107335,0.13075532940960422,1.0720103701621513,10,32,0.9839669325311985,32,23,27,31,32,0.71875,0.84375,0.96875,1.0,timm:densenet121.tv_in1k,timm/densenet121.tv_in1k,imagenet_val[6400],3200.0,True,,,,,,6400.0,0.03216770684609621,10.828215158843804,0.3383817237138689,19.369541504543346,0.6052981720169796,3.920987751718722,0.12253086724121007,1.1208663902173186,10.0,32.0,0.9535841392274261,32.0,23.0,27.0,31.0,32.0,0.71875,0.84375,0.96875,1.0,200.0,True
features.denseblock4.denselayer5.norm1.act,act,238,640,1,False,,0,7.0,7.0,102400,1.6836292267421504,172.46514572697177,0.2694767901983934,317.5861137674849,0.49622830276169516,33.57022958310351,0.05245348372359924,4.154323884295207,10,640,0.06655810108500648,573,371,456,544,569,0.5796875,0.7125,0.85,0.8890625,timm:densenet121.tv_in1k,timm/densenet121.tv_in1k,imagenet_val[6400],160.0,True,,,,,,6400.0,0.28338158914222616,76.61298231403092,0.11970778486567331,167.0438938099227,0.26100608407800424,19.155939887167328,0.02993115607369895,5.094779235362201,10.0,640.0,0.10323292412812568,573.0,211.0,317.0,491.0,562.0,0.3296875,0.4953125,0.7671875,0.878125,10.0,False
features.denseblock4.denselayer5.conv1,conv,239,128,1,False,128.0,0,7.0,7.0,102400,0.21598725443196307,30.415648733782046,0.23762225573267223,62.696068731291945,0.4898130369632183,7.24752742403497,0.0566213080002732,1.3916224354813,10,128,0.9309009037062054,128,70,89,116,127,0.546875,0.6953125,0.90625,0.9921875,timm:densenet121.tv_in1k,timm/densenet121.tv_in1k,imagenet_val[6400],800.0,True,0.546875,0.6953125,0.90625,0.9921875,1.0,6400.0,0.04032453152275496,20.60787406916174,0.16099901616532608,46.866236528286706,0.3661424728772399,5.664084389630301,0.04425065929398673,1.713410792175143,10.0,128.0,0.9374919664239201,128.0,56.0,75.0,108.0,125.0,0.4375,0.5859375,0.84375,0.9765625,50.0,True
features.denseblock4.denselayer5.norm2.act,act,240,128,1,False,,0,7.0,7.0,102400,0.20156962951634966,87.0164963751464,0.6798163779308313,107.95864261164476,0.8434268954034747,22.101553665032412,0.17266838800806572,0.61844926216634,10,128,0.966746548708132,128,102,114,125,128,0.796875,0.890625,0.9765625,1.0,timm:densenet121.tv_in1k,timm/densenet121.tv_in1k,imagenet_val[6400],800.0,True,,,,,,6400.0,0.01921502656363647,65.85422892222104,0.5144861634548519,90.255097306053,0.7051179477035391,24.370418554539196,0.19039389495733747,0.974819364553277,10.0,128.0,0.9736086340264253,128.0,89.0,106.0,123.0,128.0,0.6953125,0.828125,0.9609375,1.0,50.0,True
features.denseblock4.denselayer5.conv2,conv,241,32,1,False,32.0,0,7.0,7.0,102400,0.04074403035849033,25.79478944436114,0.8060871701362856,28.596307024185904,0.8936345945058095,13.629662347784404,0.4259269483682626,0.9296629476855858,10,32,0.9387374789911225,32,26,29,32,32,0.8125,0.90625,1.0,1.0,timm:densenet121.tv_in1k,timm/densenet121.tv_in1k,imagenet_val[6400],3200.0,True,0.8125,0.90625,1.0,1.0,1.0,6400.0,0.01344417859079473,24.22450694215349,0.7570158419422965,27.672638369726318,0.8647699490539474,11.43635887150308,0.35738621473447124,1.0539765991902306,10.0,32.0,0.9139058226602318,32.0,25.0,28.0,31.0,32.0,0.78125,0.875,0.96875,1.0,200.0,True
features.denseblock4.denselayer5,block,242,32,1,False,,0,7.0,7.0,102400,0.040613946032428974,25.807017626097135,0.8064693008155355,28.604649481363946,0.8938952962926233,13.623575024191412,0.42573671950598163,0.9298348336421087,10,32,0.9390989937809391,32,26,29,32,32,0.8125,0.90625,1.0,1.0,timm:densenet121.tv_in1k,timm/densenet121.tv_in1k,imagenet_val[6400],3200.0,True,,,,,,6400.0,0.01344417859079473,24.22450694215349,0.7570158419422965,27.672638369726318,0.8647699490539474,11.43635887150308,0.35738621473447124,1.0539765991902306,10.0,32.0,0.9139058226602318,32.0,25.0,28.0,31.0,32.0,0.78125,0.875,0.96875,1.0,200.0,True
features.denseblock4.denselayer6.norm1.act,act,243,672,1,False,,0,7.0,7.0,102400,2.154883503384857,163.42921738276434,0.24319824015292313,338.39917234120315,0.5035701969363142,26.558460979059163,0.03952151931407614,1.8673093980275581,10,672,0.08652968848608156,648,406,504,610,642,0.6041666666666666,0.75,0.9077380952380952,0.9553571428571429,timm:densenet121.tv_in1k,timm/densenet121.tv_in1k,imagenet_val[6400],152.38095238095238,True,,,,,,6400.0,0.4037630271170095,77.25269167943517,0.1149593626182071,181.7434190149774,0.2704515163913354,16.848802227148788,0.025072622361828553,2.180178402804096,10.0,672.0,0.1737614508889851,648.0,230.0,336.0,537.0,631.0,0.34226190476190477,0.5,0.7991071428571429,0.9389880952380952,9.523809523809524,False
features.denseblock4.denselayer6.conv1,conv,244,128,1,False,128.0,0,7.0,7.0,102400,0.3414692462450051,21.469008759082783,0.16772663093033424,50.22928867696473,0.39241631778878694,6.199265324979763,0.048431760351404396,1.4357976339724976,10,128,0.9317140377788904,128,64,84,114,126,0.5,0.65625,0.890625,0.984375,timm:densenet121.tv_in1k,timm/densenet121.tv_in1k,imagenet_val[6400],800.0,True,0.5,0.65625,0.890625,0.984375,1.0,6400.0,0.0713916121684415,16.090718489701935,0.12570873820079637,38.387383391999535,0.29990143274999637,5.585060194092888,0.04363328276635069,1.7042857906093625,10.0,128.0,0.9392258757345605,128.0,52.0,72.0,106.0,125.0,0.40625,0.5625,0.828125,0.9765625,50.0,True
features.denseblock4.denselayer6.norm2.act,act,245,128,1,False,,0,7.0,7.0,102400,0.36287769966081007,48.93968886591118,0.3823413192649311,86.71371542244358,0.6774509017378405,10.797894434085315,0.08435855026629152,0.7071601790317712,10,128,0.9723499623326266,128,96,110,124,128,0.75,0.859375,0.96875,1.0,timm:densenet121.tv_in1k,timm/densenet121.tv_in1k,imagenet_val[6400],800.0,True,,,,,,6400.0,0.05121221068789292,21.02616558158743,0.1642669186061518,53.93199845752722,0.4213437379494314,5.697929908423343,0.04451507740955737,1.0995160198766603,10.0,128.0,0.9770081567397281,128.0,76.0,96.0,120.0,128.0,0.59375,0.75,0.9375,1.0,50.0,True
features.denseblock4.denselayer6.conv2,conv,246,32,1,False,32.0,0,7.0,7.0,102400,0.10420720247982576,8.945033411992702,0.27953229412477193,17.479566993975364,0.5462364685617301,3.514531713502206,0.10982911604694394,0.9325753259079446,10,32,0.9679617513358674,32,23,27,31,32,0.71875,0.84375,0.96875,1.0,timm:densenet121.tv_in1k,timm/densenet121.tv_in1k,imagenet_val[6400],3200.0,True,0.71875,0.84375,0.96875,1.0,1.0,6400.0,0.03046989585481138,13.806695704523456,0.431459240766358,21.784852290949782,0.6807766340921807,4.836345762248691,0.1511358050702716,1.0342882270119385,10.0,32.0,0.9730331992291301,32.0,24.0,28.0,31.0,32.0,0.75,0.875,0.96875,1.0,200.0,True
features.denseblock4.denselayer6,block,247,32,1,False,,0,7.0,7.0,102400,0.10351100697683135,8.891639342341852,0.2778637294481829,17.449924821359858,0.5453101506674956,3.4925153939962286,0.10914110606238214,0.9206624115790544,10,32,0.9677386259049355,32,23,27,31,32,0.71875,0.84375,0.96875,1.0,timm:densenet121.tv_in1k,timm/densenet121.tv_in1k,imagenet_val[6400],3200.0,True,,,,,,6400.0,0.03046989585481138,13.806695704523456,0.431459240766358,21.784852290949782,0.6807766340921807,4.836345762248691,0.1511358050702716,1.0342882270119385,10.0,32.0,0.9730331992291301,32.0,24.0,28.0,31.0,32.0,0.75,0.875,0.96875,1.0,200.0,True
features.denseblock4.denselayer7.norm1.act,act,248,704,1,False,,0,7.0,7.0,102400,1.7534519579723102,171.6974152051204,0.24388837387090964,322.8161372472486,0.4585456494989327,30.74658229510584,0.04367412257827534,8.546911384233342,10,704,0.09714700325016457,593,381,469,559,586,0.5411931818181818,0.6661931818181818,0.7940340909090909,0.8323863636363636,timm:densenet121.tv_in1k,timm/densenet121.tv_in1k,imagenet_val[6400],145.45454545454547,True,,,,,,6400.0,0.3028042343095502,77.25454331729068,0.10973656721206063,168.76245988161025,0.23971940324092367,19.948440719387,0.02833585329458381,7.730361337250409,10.0,704.0,0.12928656367130487,593.0,214.0,322.0,502.0,578.0,0.3039772727272727,0.45738636363636365,0.7130681818181818,0.8210227272727273,9.090909090909092,False
features.denseblock4.denselayer7.conv1,conv,249,128,1,False,128.0,0,7.0,7.0,102400,0.22660261489108535,25.889944128656307,0.2022651885051274,58.58764711289409,0.45771599306948507,6.367300739920361,0.04974453703062782,1.813469687774878,10,128,0.21338586876164,127,69,88,114,125,0.5390625,0.6875,0.890625,0.9765625,timm:densenet121.tv_in1k,timm/densenet121.tv_in1k,imagenet_val[6400],800.0,True,0.5390625,0.6875,0.890625,0.9765625,1.0,6400.0,0.04445433617894633,18.24184307874639,0.14251439905270616,43.11316676601285,0.3368216153594754,5.304630082995963,0.041442422523405964,2.123702005660031,10.0,128.0,0.2738079171314812,127.0,54.0,74.0,106.0,124.0,0.421875,0.578125,0.828125,0.96875,50.0,True
features.denseblock4.denselayer7.norm2.act,act,250,128,1,False,,0,7.0,7.0,102400,0.18900035111510743,83.83320526845365,0.6549469161597942,105.84788981891215,0.8269366392102512,20.228850342982483,0.15803789330455065,0.8395465548291509,10,128,0.14183361220333368,127,101,112,123,126,0.7890625,0.875,0.9609375,0.984375,timm:densenet121.tv_in1k,timm/densenet121.tv_in1k,imagenet_val[6400],800.0,True,,,,,,6400.0,0.01814574352251504,57.750749424834126,0.4511777298815166,86.0223619018001,0.6720497023578133,15.779110737309091,0.12327430263522728,1.1849617356880942,10.0,128.0,0.22519139679942313,127.0,88.0,105.0,121.0,126.0,0.6875,0.8203125,0.9453125,0.984375,50.0,True
features.denseblock4.denselayer7.conv2,conv,251,32,1,False,32.0,0,7.0,7.0,102400,0.03741901687444945,26.489911559320987,0.8278097362287808,29.0015493406211,0.9062984168944094,14.085995394191103,0.440187356068472,0.8930370307706886,10,32,0.9611604350808313,32,26,29,32,32,0.8125,0.90625,1.0,1.0,timm:densenet121.tv_in1k,timm/densenet121.tv_in1k,imagenet_val[6400],3200.0,True,0.8125,0.90625,1.0,1.0,1.0,6400.0,0.012740831426511893,24.09471925750091,0.7529599767969034,27.550161689760458,0.8609425528050143,12.292386439123696,0.3841370762226155,1.074812971656692,10.0,32.0,0.9132045652762691,32.0,25.0,28.0,31.0,32.0,0.78125,0.875,0.96875,1.0,200.0,True
features.denseblock4.denselayer7,block,252,32,1,False,,0,7.0,7.0,102400,0.03719049141024443,26.479593470858987,0.8274872959643433,28.9948224215329,0.9060882006729031,14.081777256504552,0.44005553926576724,0.8911480731920606,10,32,0.9612143698583474,32,26,29,32,32,0.8125,0.90625,1.0,1.0,timm:densenet121.tv_in1k,timm/densenet121.tv_in1k,imagenet_val[6400],3200.0,True,,,,,,6400.0,0.012740831426511893,24.09471925750091,0.7529599767969034,27.550161689760458,0.8609425528050143,12.292386439123696,0.3841370762226155,1.074812971656692,10.0,32.0,0.9132045652762691,32.0,25.0,28.0,31.0,32.0,0.78125,0.875,0.96875,1.0,200.0,True
features.denseblock4.denselayer8.norm1.act,act,253,736,1,False,,0,7.0,7.0,102400,1.78714972998455,175.93060203555015,0.23903614407004098,338.3420391549301,0.45970385754745935,31.910007498159864,0.04335598844858677,5.655235478042376,10,736,0.11452973548624168,626,402,494,590,619,0.5461956521739131,0.6711956521739131,0.8016304347826086,0.8410326086956522,timm:densenet121.tv_in1k,timm/densenet121.tv_in1k,imagenet_val[6400],139.1304347826087,True,,,,,,6400.0,0.3215419016525041,81.27985976795354,0.11043459207602382,180.28551786308404,0.2449531492704946,19.950383023888577,0.027106498673761654,6.5121434740058906,10.0,736.0,0.16073218435843262,627.0,227.0,337.0,527.0,610.0,0.30842391304347827,0.4578804347826087,0.7160326086956522,0.8288043478260869,8.695652173913043,False
features.denseblock4.denselayer8.conv1,conv,254,128,1,False,128.0,0,7.0,7.0,102400,0.23685770301696543,20.86156140715425,0.1629809484933926,54.408811607583544,0.42506884068424644,5.333831756828172,0.04167056060022009,1.3593538431306411,10,128,0.9382637495708888,128,69,88,116,127,0.5390625,0.6875,0.90625,0.9921875,timm:densenet121.tv_in1k,timm/densenet121.tv_in1k,imagenet_val[6400],800.0,True,0.5390625,0.6875,0.90625,0.9921875,1.0,6400.0,0.04516071636575334,16.164396802205786,0.1262843500172327,42.78137760195103,0.3342295125152424,4.670629071362518,0.03648928962001967,1.6450698113836093,10.0,128.0,0.9416693574144123,128.0,56.0,76.0,109.0,125.0,0.4375,0.59375,0.8515625,0.9765625,50.0,True
features.denseblock4.denselayer8.norm2.act,act,255,128,1,False,,0,7.0,7.0,102400,0.17166114963710333,67.13743198176681,0.5245111873575532,98.87504885242991,0.7724613191596087,16.46413238069203,0.12862603422415647,0.6222681155434392,10,128,0.9615706637603356,128,100,113,125,128,0.78125,0.8828125,0.9765625,1.0,timm:densenet121.tv_in1k,timm/densenet121.tv_in1k,imagenet_val[6400],800.0,True,,,,,,6400.0,0.01755729581883768,34.50462723752647,0.26956740029317555,73.39066192847764,0.5733645463162316,7.604378340937247,0.05940920578857224,0.9822005791113342,10.0,128.0,0.9698149668197317,128.0,85.0,103.0,122.0,128.0,0.6640625,0.8046875,0.953125,1.0,50.0,True
features.denseblock4.denselayer8.conv2,conv,256,32,1,False,32.0,0,7.0,7.0,102400,0.03739846189027248,15.365847508547006,0.48018273464209393,23.49900873098862,0.7343440228433944,5.205042442711553,0.16265757633473604,0.8097391008583066,10,32,0.9451211813043416,32,25,28,32,32,0.78125,0.875,1.0,1.0,timm:densenet121.tv_in1k,timm/densenet121.tv_in1k,imagenet_val[6400],3200.0,True,0.78125,0.875,1.0,1.0,1.0,6400.0,0.011289045762663236,18.70070563433589,0.5843970510729966,25.313930357589783,0.7910603236746807,6.40083605014547,0.20002612656704594,0.9136784631454858,10.0,32.0,0.9228810378220511,32.0,25.0,28.0,31.0,32.0,0.78125,0.875,0.96875,1.0,200.0,True
features.denseblock4.denselayer8,block,257,32,1,False,,0,7.0,7.0,102400,0.03760902553415739,15.148043120171554,0.47337634750536106,23.37923844779518,0.7306012014935994,5.12379304322337,0.1601185326007303,0.8041760666851241,10,32,0.9462047367939276,32,25,28,32,32,0.78125,0.875,1.0,1.0,timm:densenet121.tv_in1k,timm/densenet121.tv_in1k,imagenet_val[6400],3200.0,True,,,,,,6400.0,0.011289045762663236,18.70070563433589,0.5843970510729966,25.313930357589783,0.7910603236746807,6.40083605014547,0.20002612656704594,0.9136784631454858,10.0,32.0,0.9228810378220511,32.0,25.0,28.0,31.0,32.0,0.78125,0.875,0.96875,1.0,200.0,True
features.denseblock4.denselayer9.norm1.act,act,258,768,1,False,,0,7.0,7.0,102400,1.6903783613363357,171.6930332378996,0.2235586370285151,324.6434365712575,0.42271280803549155,28.688130870964958,0.037354337071568953,15.54834194148483,10,768,0.12856580932167105,588,382,468,557,582,0.4973958333333333,0.609375,0.7252604166666666,0.7578125,timm:densenet121.tv_in1k,timm/densenet121.tv_in1k,imagenet_val[6400],133.33333333333334,True,,,,,,6400.0,0.28571969555366267,76.73189987923683,0.0999113279677563,170.08719655824217,0.22146770385187783,18.720816202510957,0.024376062763686143,13.415269953011174,10.0,768.0,0.1614396528356029,589.0,218.0,326.0,502.0,574.0,0.2838541666666667,0.4244791666666667,0.6536458333333334,0.7473958333333334,8.333333333333334,False
features.denseblock4.denselayer9.conv1,conv,259,128,1,False,128.0,0,7.0,7.0,102400,0.2212922194287588,18.59388052623141,0.14526469161118288,53.59962167853815,0.4187470443635793,4.8352508850338936,0.03777539753932729,1.3414401103009401,10,128,0.9285074678967771,128,70,89,116,127,0.546875,0.6953125,0.90625,0.9921875,timm:densenet121.tv_in1k,timm/densenet121.tv_in1k,imagenet_val[6400],800.0,True,0.546875,0.6953125,0.90625,0.9921875,1.0,6400.0,0.041525747028969995,11.539912724241104,0.09015556815813362,37.31621743762963,0.2915329487314815,3.6721411829805737,0.028688602992035732,1.643132994871356,10.0,128.0,0.935465587351895,128.0,55.0,75.0,108.0,125.0,0.4296875,0.5859375,0.84375,0.9765625,50.0,True
features.denseblock4.denselayer9.norm2.act,act,260,128,1,False,,0,7.0,7.0,102400,0.12419196715699088,83.32164994075737,0.6509503901621669,106.82970117081737,0.8346070403970107,18.5823319410543,0.1451744682894867,0.6422390494944391,10,128,0.9386473781775365,128,101,113,125,128,0.7890625,0.8828125,0.9765625,1.0,timm:densenet121.tv_in1k,timm/densenet121.tv_in1k,imagenet_val[6400],800.0,True,,,,,,6400.0,0.010482159037386491,66.56594852791633,0.5200464728743464,91.693321393396,0.7163540733859063,21.184404115722447,0.16550315715408162,0.9547844165165996,10.0,128.0,0.9571695236422864,128.0,90.0,106.0,123.0,128.0,0.703125,0.828125,0.9609375,1.0,50.0,True
features.denseblock4.denselayer9.conv2,conv,261,32,1,False,32.0,0,7.0,7.0,102400,0.022340235117531505,26.508932699041143,0.8284041468450357,29.170773875965764,0.9115866836239301,12.256413262108,0.383012914440875,0.8054673487454419,10,32,0.9433435049989374,32,26,29,32,32,0.8125,0.90625,1.0,1.0,timm:densenet121.tv_in1k,timm/densenet121.tv_in1k,imagenet_val[6400],3200.0,True,0.8125,0.90625,1.0,1.0,1.0,6400.0,0.007341767803472941,25.19137995513093,0.7872306235978416,28.433809493345134,0.8885565466670354,10.96173921743212,0.34255435054475375,0.9013902983642141,10.0,32.0,0.9531228384820969,32.0,26.0,29.0,32.0,32.0,0.8125,0.90625,1.0,1.0,200.0,True
features.denseblock4.denselayer9,block,262,32,1,False,,0,7.0,7.0,102400,0.022611052896701483,26.60279360238044,0.8313373000743888,29.21053057932849,0.9128290806040154,12.425350833946867,0.3882922135608396,0.8096181184864718,10,32,0.944560189454155,32,26,29,32,32,0.8125,0.90625,1.0,1.0,timm:densenet121.tv_in1k,timm/densenet121.tv_in1k,imagenet_val[6400],3200.0,True,,,,,,6400.0,0.007341767803472941,25.19137995513093,0.7872306235978416,28.433809493345134,0.8885565466670354,10.96173921743212,0.34255435054475375,0.9013902983642141,10.0,32.0,0.9531228384820969,32.0,26.0,29.0,32.0,32.0,0.8125,0.90625,1.0,1.0,200.0,True
features.denseblock4.denselayer10.norm1.act,act,263,800,1,False,,0,7.0,7.0,102400,1.751199303329482,173.4269243927784,0.216783655490973,326.7807431310346,0.4084759289137933,29.698344645544868,0.03712293080693108,15.493938769387706,10,800,0.12884826689393603,594,383,471,561,588,0.47875,0.58875,0.70125,0.735,timm:densenet121.tv_in1k,timm/densenet121.tv_in1k,imagenet_val[6400],128.0,True,,,,,,6400.0,0.30069268617544553,76.75312231005233,0.09594140288756542,170.05896580473663,0.21257370725592079,18.646613688702082,0.023308267110877603,16.00881837644911,10.0,800.0,0.15655533900658758,594.0,217.0,325.0,505.0,580.0,0.27125,0.40625,0.63125,0.725,8.0,False
features.denseblock4.denselayer10.conv1,conv,264,128,1,False,128.0,0,7.0,7.0,102400,0.23653317010631558,17.59513385677053,0.13746198325601977,51.671105991331245,0.40368051555727535,4.6800017492607315,0.036562513666099465,1.3634997214051328,10,128,0.9312197008396249,128,69,88,116,127,0.5390625,0.6875,0.90625,0.9921875,timm:densenet121.tv_in1k,timm/densenet121.tv_in1k,imagenet_val[6400],800.0,True,0.5390625,0.6875,0.90625,0.9921875,1.0,6400.0,0.04548955813872525,11.030719210883529,0.08617749383502757,35.750784420667934,0.27930300328646823,3.5826143276588187,0.02798917443483452,1.6636236967185905,10.0,128.0,0.9372456234004725,128.0,54.0,74.0,108.0,125.0,0.421875,0.578125,0.84375,0.9765625,50.0,True
features.denseblock4.denselayer10.norm2.act,act,265,128,1,False,,0,7.0,7.0,102400,0.1411914974273628,81.51418889341717,0.6368296007298216,106.62215589469376,0.832985592927295,17.866147937698823,0.13957928076327206,0.5920039191005305,10,128,0.96454115342825,128,102,114,125,128,0.796875,0.890625,0.9765625,1.0,timm:densenet121.tv_in1k,timm/densenet121.tv_in1k,imagenet_val[6400],800.0,True,,,,,,6400.0,0.012055073594223448,65.76553807190878,0.5137932661867873,92.27504736286491,0.7208988075223821,18.73322164077598,0.14635329406856235,0.8881786006921477,10.0,128.0,0.9700344147784326,128.0,92.0,108.0,124.0,128.0,0.71875,0.84375,0.96875,1.0,50.0,True
features.denseblock4.denselayer10.conv2,conv,266,32,1,False,32.0,0,7.0,7.0,102400,0.026071943608236184,26.4197466915653,0.8256170841114157,29.126485115392757,0.9102026598560237,11.88208285557776,0.371315089236805,0.826307705806544,10,32,0.9300421246108366,32,26,29,32,32,0.8125,0.90625,1.0,1.0,timm:densenet121.tv_in1k,timm/densenet121.tv_in1k,imagenet_val[6400],3200.0,True,0.8125,0.90625,1.0,1.0,1.0,6400.0,0.008536990752269692,26.186724580588926,0.8183351431434039,28.81198083638759,0.9003744011371122,14.330694457157552,0.4478342017861735,0.9372114499592266,10.0,32.0,0.9463204662762558,32.0,26.0,29.0,32.0,32.0,0.8125,0.90625,1.0,1.0,200.0,True
features.denseblock4.denselayer10,block,267,32,1,False,,0,7.0,7.0,102400,0.02616448790957465,26.387967121364404,0.8246239725426376,29.11265995162627,0.9097706234883209,11.82761404819044,0.36961293900595127,0.8268812678770782,10,32,0.9230647427784174,32,26,29,32,32,0.8125,0.90625,1.0,1.0,timm:densenet121.tv_in1k,timm/densenet121.tv_in1k,imagenet_val[6400],3200.0,True,,,,,,6400.0,0.008536990752269692,26.186724580588926,0.8183351431434039,28.81198083638759,0.9003744011371122,14.330694457157552,0.4478342017861735,0.9372114499592266,10.0,32.0,0.9463204662762558,32.0,26.0,29.0,32.0,32.0,0.8125,0.90625,1.0,1.0,200.0,True
features.denseblock4.denselayer11.norm1.act,act,268,832,1,False,,0,7.0,7.0,102400,1.754047728037084,173.71092273920235,0.20878716675384898,329.54512710926804,0.39608789316017795,28.70986370060869,0.03450704771707775,17.636532763017648,10,832,0.1491735135063884,599,388,476,566,591,0.46634615384615385,0.5721153846153846,0.6802884615384616,0.7103365384615384,timm:densenet121.tv_in1k,timm/densenet121.tv_in1k,imagenet_val[6400],123.07692307692308,True,,,,,,6400.0,0.30179807315654683,76.06977103938097,0.09143001326848674,170.50537353584082,0.20493434319211637,18.556025104900257,0.02230291478954358,16.19981021856489,10.0,832.0,0.16185411299719443,598.0,219.0,328.0,509.0,583.0,0.26322115384615385,0.3942307692307692,0.6117788461538461,0.7007211538461539,7.6923076923076925,False
features.denseblock4.denselayer11.conv1,conv,269,128,1,False,128.0,0,7.0,7.0,102400,0.23842404405132384,16.726362399184968,0.13067470624363256,50.865648338169116,0.3973878776419462,4.522064250770613,0.03532862695914541,1.3400443946553402,10,128,0.9271972377070311,128,69,88,116,127,0.5390625,0.6875,0.90625,0.9921875,timm:densenet121.tv_in1k,timm/densenet121.tv_in1k,imagenet_val[6400],800.0,True,0.5390625,0.6875,0.90625,0.9921875,1.0,6400.0,0.04544226557533228,11.059088066103051,0.08639912551643009,36.15185097513329,0.28243633574322885,3.585498953160075,0.028011710571563087,1.6542234870796868,10.0,128.0,0.9335083247009455,128.0,55.0,74.0,108.0,125.0,0.4296875,0.578125,0.84375,0.9765625,50.0,True
features.denseblock4.denselayer11.norm2.act,act,270,128,1,False,,0,7.0,7.0,102400,0.13103246568114718,82.71036291884519,0.6461747103034781,106.41729987854393,0.8313851553011244,18.63989068599648,0.1456241459843475,0.6391943081529649,10,128,0.9205618968062047,128,100,112,124,128,0.78125,0.875,0.96875,1.0,timm:densenet121.tv_in1k,timm/densenet121.tv_in1k,imagenet_val[6400],800.0,True,,,,,,6400.0,0.011268727632966314,70.3488098555921,0.5496000769968132,93.88268567817875,0.7334584818607714,22.523689317852103,0.17596632279571955,0.9438355997809112,10.0,128.0,0.9499196769440087,128.0,91.0,106.0,123.0,128.0,0.7109375,0.828125,0.9609375,1.0,50.0,True
features.denseblock4.denselayer11.conv2,conv,271,32,1,False,32.0,0,7.0,7.0,102400,0.024650050354168257,26.542223024719547,0.8294444695224858,29.13983942018135,0.9106199818806672,12.289167181948132,0.3840364744358791,0.886406582378219,10,32,0.9317511294782264,32,26,29,32,32,0.8125,0.90625,1.0,1.0,timm:densenet121.tv_in1k,timm/densenet121.tv_in1k,imagenet_val[6400],3200.0,True,0.8125,0.90625,1.0,1.0,1.0,6400.0,0.008167749057559598,26.390593794527156,0.8247060560789736,28.839955625582068,0.9012486132994396,14.309370371476323,0.4471678241086351,1.0339249358308802,10.0,32.0,0.9349639036160747,32.0,26.0,29.0,32.0,32.0,0.8125,0.90625,1.0,1.0,200.0,True
features.denseblock4.denselayer11,block,272,32,1,False,,0,7.0,7.0,102400,0.024728312065529,26.46413760706591,0.8270043002208097,29.1119678134511,0.9097489941703468,12.095315929142684,0.3779786227857089,0.8807319269096808,10,32,0.9297683463818746,32,26,29,32,32,0.8125,0.90625,1.0,1.0,timm:densenet121.tv_in1k,timm/densenet121.tv_in1k,imagenet_val[6400],3200.0,True,,,,,,6400.0,0.008167749057559598,26.390593794527156,0.8247060560789736,28.839955625582068,0.9012486132994396,14.309370371476323,0.4471678241086351,1.0339249358308802,10.0,32.0,0.9349639036160747,32.0,26.0,29.0,32.0,32.0,0.8125,0.90625,1.0,1.0,200.0,True
features.denseblock4.denselayer12.norm1.act,act,273,864,1,False,,0,7.0,7.0,102400,1.783620363232423,173.9925816128135,0.2013803027926082,331.08223558407076,0.38319703192600785,28.650389286962596,0.033160172785836335,20.567167051004535,10,864,0.1582810760777511,605,389,478,568,595,0.45023148148148145,0.5532407407407407,0.6574074074074074,0.6886574074074074,timm:densenet121.tv_in1k,timm/densenet121.tv_in1k,imagenet_val[6400],118.51851851851852,True,,,,,,6400.0,0.30928160729773885,77.9475563067765,0.0902170790587691,172.35680307144304,0.19948704059194797,19.528979240610354,0.02260298523218791,19.676503530151752,10.0,864.0,0.1748933810369636,606.0,220.0,329.0,511.0,586.0,0.25462962962962965,0.38078703703703703,0.5914351851851852,0.6782407407407407,7.407407407407407,False
features.denseblock4.denselayer12.conv1,conv,274,128,1,False,128.0,0,7.0,7.0,102400,0.23981271905548057,18.278386980424997,0.1427998982845703,53.37824721724364,0.41701755638471594,4.77834236993415,0.03733079976511055,1.3264627801167779,10,128,0.9318010879019395,128,70,90,116,127,0.546875,0.703125,0.90625,0.9921875,timm:densenet121.tv_in1k,timm/densenet121.tv_in1k,imagenet_val[6400],800.0,True,0.546875,0.703125,0.90625,0.9921875,1.0,6400.0,0.04703735460900425,11.700327937627536,0.09140881201271513,37.38241966648811,0.29205015364443837,3.712284299022238,0.029002221086111234,1.6333630176395075,10.0,128.0,0.9346885861786528,128.0,55.0,75.0,108.0,125.0,0.4296875,0.5859375,0.84375,0.9765625,50.0,True
features.denseblock4.denselayer12.norm2.act,act,275,128,1,False,,0,7.0,7.0,102400,0.15453066059712395,85.97065013479956,0.6716457041781215,108.60128669448036,0.8484475523006278,19.41526984932895,0.15168179569788243,0.5856485803100905,10,128,0.9592317740891417,128,103,114,125,128,0.8046875,0.890625,0.9765625,1.0,timm:densenet121.tv_in1k,timm/densenet121.tv_in1k,imagenet_val[6400],800.0,True,,,,,,6400.0,0.013979648222702448,66.29625921606448,0.5179395251255038,92.03745511809274,0.7190426181100995,20.119711688102335,0.1571852475632995,0.9128351280072405,10.0,128.0,0.9683801215693889,128.0,92.0,107.0,123.0,128.0,0.71875,0.8359375,0.9609375,1.0,50.0,True
features.denseblock4.denselayer12.conv2,conv,276,32,1,False,32.0,0,7.0,7.0,102400,0.02975003655077151,26.228074385719236,0.8196273245537261,28.927483782673697,0.903983868208553,13.066948843490948,0.40834215135909213,0.8406444505330336,10,32,0.9368092649315989,32,26,29,32,32,0.8125,0.90625,1.0,1.0,timm:densenet121.tv_in1k,timm/densenet121.tv_in1k,imagenet_val[6400],3200.0,True,0.8125,0.90625,1.0,1.0,1.0,6400.0,0.01022252674751439,25.068233176042945,0.783382286751342,28.18172582690865,0.8806789320908953,12.38446670206209,0.3870145844394403,0.9663983138379781,10.0,32.0,0.9308299045208188,32.0,25.0,28.0,32.0,32.0,0.78125,0.875,1.0,1.0,200.0,True
features.denseblock4.denselayer12,block,277,32,1,False,,0,7.0,7.0,102400,0.02964879675731801,26.233895812619817,0.8198092441443693,28.925808973943173,0.9039315304357242,13.149166470489652,0.4109114522028016,0.8398549520687356,10,32,0.9308846487542483,32,26,29,32,32,0.8125,0.90625,1.0,1.0,timm:densenet121.tv_in1k,timm/densenet121.tv_in1k,imagenet_val[6400],3200.0,True,,,,,,6400.0,0.01022252674751439,25.068233176042945,0.783382286751342,28.18172582690865,0.8806789320908953,12.38446670206209,0.3870145844394403,0.9663983138379781,10.0,32.0,0.9308299045208188,32.0,25.0,28.0,32.0,32.0,0.78125,0.875,1.0,1.0,200.0,True
features.denseblock4.denselayer13.norm1.act,act,278,896,1,False,,0,7.0,7.0,102400,1.8514727405801978,176.7805574673397,0.19729972931622733,335.2501074831552,0.37416306638745,30.519222964946074,0.034061632773377315,22.23163941757163,10,896,0.1670508878175917,615,396,487,581,607,0.4419642857142857,0.5435267857142857,0.6484375,0.6774553571428571,timm:densenet121.tv_in1k,timm/densenet121.tv_in1k,imagenet_val[6400],114.28571428571429,True,,,,,,6400.0,0.32979240941984295,77.53114812602848,0.08653029924779965,173.45626522446668,0.19358958172373514,18.929985581470426,0.021127216050748243,18.96917638139407,10.0,896.0,0.20240734153586037,614.0,221.0,331.0,518.0,599.0,0.24665178571428573,0.36941964285714285,0.578125,0.6685267857142857,7.142857142857143,False
features.denseblock4.denselayer13.conv1,conv,279,128,1,False,128.0,0,7.0,7.0,102400,0.2503705800388965,17.646156048975698,0.13786059413262264,51.95289746067501,0.4058820114115235,4.693265333836942,0.03666613542060111,1.341357127837042,10,128,0.9268926992737345,128,69,88,116,127,0.5390625,0.6875,0.90625,0.9921875,timm:densenet121.tv_in1k,timm/densenet121.tv_in1k,imagenet_val[6400],800.0,True,0.5390625,0.6875,0.90625,0.9921875,1.0,6400.0,0.05090066672287639,10.95491477232718,0.0855852716588061,35.50959630913843,0.277418721165144,3.5802661337608788,0.027970829170006865,1.6452999712249352,10.0,128.0,0.9355815341755681,128.0,54.0,74.0,108.0,125.0,0.421875,0.578125,0.84375,0.9765625,50.0,True
features.denseblock4.denselayer13.norm2.act,act,280,128,1,False,,0,7.0,7.0,102400,0.1458350422606497,81.68219710679368,0.6381421648968256,106.4669417814879,0.8317729826678742,18.324063926108977,0.14315674942272638,0.5995010837585861,10,128,0.964574064080356,128,102,114,125,128,0.796875,0.890625,0.9765625,1.0,timm:densenet121.tv_in1k,timm/densenet121.tv_in1k,imagenet_val[6400],800.0,True,,,,,,6400.0,0.013542522931759388,58.57380009409192,0.45760781323509314,87.62534658316555,0.6845730201809809,16.743016716902492,0.13080481810080072,0.9201778976644616,10.0,128.0,0.971422523140506,128.0,90.0,107.0,123.0,128.0,0.703125,0.8359375,0.9609375,1.0,50.0,True
features.denseblock4.denselayer13.conv2,conv,281,32,1,False,32.0,0,7.0,7.0,102400,0.02822838890606774,25.816302831396637,0.8067594634811449,28.756288552053384,0.8986340172516682,11.868806105296414,0.37090019079051295,0.8788971560377954,10,32,0.9464769443747726,32,26,29,32,32,0.8125,0.90625,1.0,1.0,timm:densenet121.tv_in1k,timm/densenet121.tv_in1k,imagenet_val[6400],3200.0,True,0.8125,0.90625,1.0,1.0,1.0,6400.0,0.009909917592837169,23.792173591284,0.743505424727625,27.60183728800242,0.8625574152500757,10.03791791891128,0.3136849349659775,1.0013872679281761,10.0,32.0,0.9355177891007563,32.0,25.0,28.0,32.0,32.0,0.78125,0.875,1.0,1.0,200.0,True
features.denseblock4.denselayer13,block,282,32,1,False,,0,7.0,7.0,102400,0.028187501526212674,25.773201869987496,0.8054125584371092,28.723656005032854,0.8976142501572767,11.885962295986694,0.3714363217495842,0.8832080015349778,10,32,0.9469568821477948,32,26,29,32,32,0.8125,0.90625,1.0,1.0,timm:densenet121.tv_in1k,timm/densenet121.tv_in1k,imagenet_val[6400],3200.0,True,,,,,,6400.0,0.009909917592837169,23.792173591284,0.743505424727625,27.60183728800242,0.8625574152500757,10.03791791891128,0.3136849349659775,1.0013872679281761,10.0,32.0,0.9355177891007563,32.0,25.0,28.0,32.0,32.0,0.78125,0.875,1.0,1.0,200.0,True
features.denseblock4.denselayer14.norm1.act,act,283,928,1,False,,0,7.0,7.0,102400,1.8136468199723619,179.70096450661262,0.19364328071833256,339.30370809606825,0.365628995793177,30.602933748469074,0.03297729929791926,24.840371858021502,10,928,0.17381815516212762,618,400,490,583,610,0.43103448275862066,0.5280172413793104,0.6282327586206896,0.6573275862068966,timm:densenet121.tv_in1k,timm/densenet121.tv_in1k,imagenet_val[6400],110.34482758620689,True,,,,,,6400.0,0.320689211082597,80.53212432759938,0.08678030638749933,177.64492292675803,0.19142771867107547,19.066620006050464,0.02054592673065783,24.70866616413671,10.0,928.0,0.18236837748445123,618.0,224.0,335.0,523.0,601.0,0.2413793103448276,0.3609913793103448,0.5635775862068966,0.6476293103448276,6.896551724137931,False
features.denseblock4.denselayer14.conv1,conv,284,128,1,False,128.0,0,7.0,7.0,102400,0.2441750188152611,19.19799369029007,0.14998432570539116,54.02224568816257,0.4220487944387701,4.9698238725857475,0.03882674900457615,1.3039421561658735,10,128,0.9237172445930034,128,70,90,116,127,0.546875,0.703125,0.90625,0.9921875,timm:densenet121.tv_in1k,timm/densenet121.tv_in1k,imagenet_val[6400],800.0,True,0.546875,0.703125,0.90625,0.9921875,1.0,6400.0,0.047737048945295776,13.330677502339197,0.10414591798702498,39.47634301366271,0.3084089297942399,4.0659761763405085,0.03176543887766022,1.6227680444626347,10.0,128.0,0.9355441303950287,128.0,56.0,76.0,109.0,125.0,0.4375,0.59375,0.8515625,0.9765625,50.0,True
features.denseblock4.denselayer14.norm2.act,act,285,128,1,False,,0,7.0,7.0,102400,0.15216901631771101,84.53311146904727,0.6604149333519318,107.53619597148429,0.840126531027221,19.689234083318176,0.15382214127592325,0.5918058015625096,10,128,0.9615875249884285,128,102,114,125,128,0.796875,0.890625,0.9765625,1.0,timm:densenet121.tv_in1k,timm/densenet121.tv_in1k,imagenet_val[6400],800.0,True,,,,,,6400.0,0.01360119875085279,66.10804862727777,0.5164691299006076,91.95519878283595,0.7183999904909059,19.70339918356699,0.1539328061216171,0.9102365367062553,10.0,128.0,0.9681387472858264,128.0,91.0,107.0,123.0,128.0,0.7109375,0.8359375,0.9609375,1.0,50.0,True
features.denseblock4.denselayer14.conv2,conv,286,32,1,False,32.0,0,7.0,7.0,102400,0.029035224921252198,26.437427424119306,0.8261696070037283,29.10701192479296,0.90959412264978,12.516176313651298,0.3911305098016031,0.799956869304845,10,32,0.9460488287986168,32,26,29,32,32,0.8125,0.90625,1.0,1.0,timm:densenet121.tv_in1k,timm/densenet121.tv_in1k,imagenet_val[6400],3200.0,True,0.8125,0.90625,1.0,1.0,1.0,6400.0,0.009651283756647335,25.6181803977496,0.800568137429675,28.523322792598073,0.8913538372686898,13.416982816970563,0.4192807130303301,0.9120135268101202,10.0,32.0,0.9382218031949041,32.0,26.0,29.0,32.0,32.0,0.8125,0.90625,1.0,1.0,200.0,True
features.denseblock4.denselayer14,block,287,32,1,False,,0,7.0,7.0,102400,0.02916395564516671,26.39445138757087,0.8248266058615897,29.087245200937982,0.9089764125293119,12.435682467100776,0.38861507709689924,0.7976546561453424,10,32,0.9364929893396646,32,26,29,32,32,0.8125,0.90625,1.0,1.0,timm:densenet121.tv_in1k,timm/densenet121.tv_in1k,imagenet_val[6400],3200.0,True,,,,,,6400.0,0.009651283756647335,25.6181803977496,0.800568137429675,28.523322792598073,0.8913538372686898,13.416982816970563,0.4192807130303301,0.9120135268101202,10.0,32.0,0.9382218031949041,32.0,26.0,29.0,32.0,32.0,0.8125,0.90625,1.0,1.0,200.0,True
features.denseblock4.denselayer15.norm1.act,act,288,960,1,False,,0,7.0,7.0,102400,1.7703837073839575,176.298359927327,0.18364412492429896,335.1511757764396,0.3491158081004579,29.40222031734502,0.03062731283056773,28.568692259837484,10,960,0.1884126570101584,613,396,485,576,603,0.4125,0.5052083333333334,0.6,0.628125,timm:densenet121.tv_in1k,timm/densenet121.tv_in1k,imagenet_val[6400],106.66666666666667,True,,,,,,6400.0,0.3120783965207742,78.52178154487791,0.08179352244258116,173.81176820625495,0.18105392521484892,19.709266583793358,0.020530486024784748,22.99060053104071,10.0,960.0,0.23294126874682408,610.0,222.0,333.0,517.0,595.0,0.23125,0.346875,0.5385416666666667,0.6197916666666666,6.666666666666667,False
features.denseblock4.denselayer15.conv1,conv,289,128,1,False,128.0,0,7.0,7.0,102400,0.24010189169102447,18.63865454609654,0.14561448864137921,52.92429732059193,0.4134710728171245,4.882198901531766,0.038142178918216925,1.3224566564577172,10,128,0.935788955595005,128,70,89,116,127,0.546875,0.6953125,0.90625,0.9921875,timm:densenet121.tv_in1k,timm/densenet121.tv_in1k,imagenet_val[6400],800.0,True,0.546875,0.6953125,0.90625,0.9921875,1.0,6400.0,0.04785323233615971,11.858670167954992,0.09264586068714838,36.36651109637072,0.28411336794039627,3.7915509275015062,0.029621491621105518,1.6283535794065918,10.0,128.0,0.9448299483012256,128.0,54.0,74.0,108.0,126.0,0.421875,0.578125,0.84375,0.984375,50.0,True
features.denseblock4.denselayer15.norm2.act,act,290,128,1,False,,0,7.0,7.0,102400,0.13879948131292363,83.02307529390208,0.64861777573361,106.75079641808101,0.8339905970162579,18.72102015939928,0.14625796999530688,0.6224714191470829,10,128,0.9533139765887515,128,101,114,125,128,0.7890625,0.890625,0.9765625,1.0,timm:densenet121.tv_in1k,timm/densenet121.tv_in1k,imagenet_val[6400],800.0,True,,,,,,6400.0,0.012391541946095971,65.04233827060617,0.5081432677391107,91.01120306584076,0.7110250239518809,19.61931213955075,0.15327587609024024,0.9337639958075103,10.0,128.0,0.9610715344335731,128.0,90.0,106.0,123.0,128.0,0.703125,0.828125,0.9609375,1.0,50.0,True
features.denseblock4.denselayer15.conv2,conv,291,32,1,False,32.0,0,7.0,7.0,102400,0.02673455574325563,26.052540690844594,0.8141418965888936,28.901521537042527,0.903172548032579,11.921047887495144,0.37253274648422324,0.8119952109191103,10,32,0.9433175870525712,32,26,29,32,32,0.8125,0.90625,1.0,1.0,timm:densenet121.tv_in1k,timm/densenet121.tv_in1k,imagenet_val[6400],3200.0,True,0.8125,0.90625,1.0,1.0,1.0,6400.0,0.008609521751641352,25.841319816939446,0.8075412442793577,28.613821072038007,0.8941819085011877,13.464629708366566,0.4207696783864552,0.931046822765727,10.0,32.0,0.9413316437769168,32.0,26.0,29.0,32.0,32.0,0.8125,0.90625,1.0,1.0,200.0,True
features.denseblock4.denselayer15,block,292,32,1,False,,0,7.0,7.0,102400,0.026571214567180555,26.028140938046075,0.8133794043139398,28.891914277352047,0.9028723211672515,11.902378289530985,0.37194932154784327,0.809352808199763,10,32,0.9467950298997992,32,26,29,32,32,0.8125,0.90625,1.0,1.0,timm:densenet121.tv_in1k,timm/densenet121.tv_in1k,imagenet_val[6400],3200.0,True,,,,,,6400.0,0.008609521751641352,25.841319816939446,0.8075412442793577,28.613821072038007,0.8941819085011877,13.464629708366566,0.4207696783864552,0.931046822765727,10.0,32.0,0.9413316437769168,32.0,26.0,29.0,32.0,32.0,0.8125,0.90625,1.0,1.0,200.0,True
features.denseblock4.denselayer16.norm1.act,act,293,992,1,False,,0,7.0,7.0,102400,2.078630793814324,181.8996616856771,0.18336659444120676,352.00025685271436,0.3548389686015266,29.70403366656408,0.0299435823251654,22.172816634532516,10,992,0.1855687452615601,655,419,515,614,643,0.4223790322580645,0.5191532258064516,0.6189516129032258,0.6481854838709677,timm:densenet121.tv_in1k,timm/densenet121.tv_in1k,imagenet_val[6400],103.2258064516129,True,,,,,,6400.0,0.3837482911592909,82.77427207124379,0.08344180652343124,185.4314739515323,0.18692688906404464,19.75734314220931,0.019916676554646483,19.665175818491264,10.0,992.0,0.2242852818537071,652.0,234.0,347.0,545.0,633.0,0.23588709677419356,0.3497983870967742,0.5493951612903226,0.6381048387096774,6.451612903225806,False
features.denseblock4.denselayer16.conv1,conv,294,128,1,False,128.0,0,7.0,7.0,102400,0.3025251952178575,18.223674564537596,0.14237245753544997,51.91361479592354,0.4055751155931527,4.84293770837514,0.03783545084668078,1.3236688249292807,10,128,0.9331148164089083,128,69,89,116,127,0.5390625,0.6953125,0.90625,0.9921875,timm:densenet121.tv_in1k,timm/densenet121.tv_in1k,imagenet_val[6400],800.0,True,0.5390625,0.6953125,0.90625,0.9921875,1.0,6400.0,0.06610996807345165,13.486246273098462,0.10536129900858174,38.182056156354825,0.2982973137215221,4.151727466369506,0.032435370831011764,1.6547048777055116,10.0,128.0,0.9430797164225098,128.0,54.0,74.0,108.0,125.0,0.421875,0.578125,0.84375,0.9765625,50.0,True
features.denseblock4.denselayer16.norm2.act,act,295,128,1,False,,0,7.0,7.0,102400,0.24955997353821482,82.08771272849854,0.6413102556913949,105.45682810776646,0.8238814695919254,21.779909285872122,0.17015554129587596,0.634023413393542,10,128,0.9454413922618573,128,100,113,125,128,0.78125,0.8828125,0.9765625,1.0,timm:densenet121.tv_in1k,timm/densenet121.tv_in1k,imagenet_val[6400],800.0,True,,,,,,6400.0,0.028804436685139538,55.10191815039354,0.4304837355499495,83.51015356907214,0.6524230747583761,16.159382008609395,0.1262451719422609,0.9882623907901784,10.0,128.0,0.968229151790699,128.0,87.0,104.0,122.0,128.0,0.6796875,0.8125,0.953125,1.0,50.0,True
features.denseblock4.denselayer16.conv2,conv,296,32,1,False,32.0,0,7.0,7.0,102400,0.05596536850999112,24.165577940419443,0.7551743106381076,27.888626695947416,0.8715195842483567,10.279609226487329,0.32123778832772903,0.904711981962914,10,32,0.955311063465309,32,26,29,32,32,0.8125,0.90625,1.0,1.0,timm:densenet121.tv_in1k,timm/densenet121.tv_in1k,imagenet_val[6400],3200.0,True,0.8125,0.90625,1.0,1.0,1.0,6400.0,0.022355317397700677,19.356407033897675,0.6048877198093023,25.181607623040037,0.7869252382200012,7.269665671114634,0.2271770522223323,1.0624657548152237,10.0,32.0,0.9596434529963108,32.0,24.0,28.0,31.0,32.0,0.75,0.875,0.96875,1.0,200.0,True
features.denseblock4.denselayer16,block,297,32,1,False,,0,7.0,7.0,102400,0.05563207513781816,24.062148044126143,0.751942126378942,27.84438829535694,0.8701371342299044,10.15606098578901,0.31737690580590655,0.9018823468693268,10,32,0.9575410389933093,32,26,29,32,32,0.8125,0.90625,1.0,1.0,timm:densenet121.tv_in1k,timm/densenet121.tv_in1k,imagenet_val[6400],3200.0,True,,,,,,6400.0,0.022355317397700677,19.356407033897675,0.6048877198093023,25.181607623040037,0.7869252382200012,7.269665671114634,0.2271770522223323,1.0624657548152237,10.0,32.0,0.9596434529963108,32.0,24.0,28.0,31.0,32.0,0.75,0.875,0.96875,1.0,200.0,True
features.norm5.act,act,298,1024,1,False,,0,7.0,7.0,102400,1404.611028651341,109.05829024687873,0.1065022365692175,302.3757886627104,0.29528885611592814,13.022900478235753,0.012717676248277103,6.031813570785164,10,1024,0.6052946891022952,1016,345,410,480,514,0.3369140625,0.400390625,0.46875,0.501953125,timm:densenet121.tv_in1k,timm/densenet121.tv_in1k,imagenet_val[6400],100.0,True,,,,,,6400.0,463.764020983849,149.35547637098873,0.14585495739354368,269.26610282728996,0.26295517854227535,32.97210809732175,0.03219932431379077,6.816693142923404,10.0,1024.0,0.6258992332847777,1005.0,294.0,368.0,457.0,499.0,0.287109375,0.359375,0.4462890625,0.4873046875,6.25,False
classifier,linear,299,1000,1,False,,0,,,6400,5756.323014381698,25.298865774517324,0.025298865774517326,72.85866011586542,0.07285866011586542,7.541401255808101,0.007541401255808102,6.715419632297716,10,1000,0.6036235799385974,780,109,164,290,424,0.109,0.164,0.29,0.424,timm:densenet121.tv_in1k,timm/densenet121.tv_in1k,imagenet_val[6400],6.4,False,,,,,,,,,,,,,,,,,,,,,,,,,,,,
