layer,kind,depth_index,C,groups,is_depthwise,r_max,call_index,H,W,n_samples,total_variance,participation_ratio,participation_ratio_norm,effective_rank,effective_rank_norm,stable_rank,stable_rank_norm,powerlaw_alpha,powerlaw_fit_lo,powerlaw_fit_hi,powerlaw_r2,nonzero_eigs,k_star_0.9,k_star_0.95,k_star_0.99,k_star_0.999,k_star_ratio_0.9,k_star_ratio_0.95,k_star_ratio_0.99,k_star_ratio_0.999,model,weights,source,n_over_C,n_over_C_ok,k_star_rmax_0.9,k_star_rmax_0.95,k_star_rmax_0.99,k_star_rmax_0.999,r_max_over_C,pooled_n_samples,pooled_total_variance,pooled_participation_ratio,pooled_participation_ratio_norm,pooled_effective_rank,pooled_effective_rank_norm,pooled_stable_rank,pooled_stable_rank_norm,pooled_powerlaw_alpha,pooled_powerlaw_fit_lo,pooled_powerlaw_fit_hi,pooled_powerlaw_r2,pooled_nonzero_eigs,pooled_k_star_0.9,pooled_k_star_0.95,pooled_k_star_0.99,pooled_k_star_0.999,pooled_k_star_ratio_0.9,pooled_k_star_ratio_0.95,pooled_k_star_ratio_0.99,pooled_k_star_ratio_0.999,pooled_n_over_C,pooled_n_over_C_ok
conv1,conv,0,64,1,False,64.0,0,112.0,112.0,102400,2647.618020991192,1.420327410474106,0.022192615788657905,2.1961775661197676,0.03431527447062137,1.1959759075529617,0.018687123555515026,6.149841831583772,10,64,0.5958013576958874,63,3,5,11,25,0.046875,0.078125,0.171875,0.390625,timm:resnet101.a3_in1k,timm/resnet101.a3_in1k,imagenet_val[6400],1600.0,True,0.046875,0.078125,0.171875,0.390625,1.0,6400.0,673.7476228240081,1.2941394825019052,0.02022092941409227,1.572171078385566,0.02456517309977447,1.1450082739529175,0.017890754280514336,9.396468795607095,10.0,64.0,0.8500128752151183,52.0,2.0,2.0,3.0,3.0,0.03125,0.03125,0.046875,0.046875,100.0,True
act1,act,1,64,1,False,,0,112.0,112.0,102400,79.2875700684462,1.6369330373950162,0.025577078709297128,3.2028767029289367,0.050044948483264635,1.284700164158179,0.020073440064971547,2.3391582654053877,10,64,0.9231028419491992,62,5,12,32,54,0.078125,0.1875,0.5,0.84375,timm:resnet101.a3_in1k,timm/resnet101.a3_in1k,imagenet_val[6400],1600.0,True,,,,,,6400.0,19.468137485325563,1.4231188571551925,0.022236232143049883,1.861823523637697,0.029090992556839015,1.2042602153418434,0.018816565864716302,5.652177108259917,10.0,64.0,0.41275814854688075,62.0,2.0,3.0,4.0,10.0,0.03125,0.046875,0.0625,0.15625,100.0,True
layer1.0.conv1,conv,2,64,1,False,64.0,0,56.0,56.0,102400,1206.7108028111509,2.2870992756246076,0.03573592618163449,4.232513448211301,0.06613302262830158,1.5582524695163378,0.024347694836192778,7.2725848674510045,10,64,0.6075864333088399,62,6,10,18,31,0.09375,0.15625,0.28125,0.484375,timm:resnet101.a3_in1k,timm/resnet101.a3_in1k,imagenet_val[6400],1600.0,True,0.09375,0.15625,0.28125,0.484375,1.0,6400.0,303.6325678214654,1.8586500812016717,0.02904140751877612,2.680756193087046,0.041886815516985094,1.4028694072306238,0.021919834487978497,7.942036565187426,10.0,64.0,0.8308398154759831,62.0,3.0,3.0,7.0,15.0,0.046875,0.046875,0.109375,0.234375,100.0,True
layer1.0.act1,act,3,64,1,False,,0,56.0,56.0,102400,29.131187371356898,1.9759883538386376,0.030874818028728712,4.187181221551786,0.06542470658674665,1.4240089453465707,0.022250139771040168,5.686403038024216,10,64,0.16544817466555473,60,8,16,37,53,0.125,0.25,0.578125,0.828125,timm:resnet101.a3_in1k,timm/resnet101.a3_in1k,imagenet_val[6400],1600.0,True,,,,,,6400.0,7.955949048639296,1.8110450612627045,0.028297579082229758,2.66111726755681,0.041579957305575156,1.392146953786358,0.021752296152911844,7.794964278237455,10.0,64.0,0.24253763600981804,60.0,2.0,4.0,12.0,32.0,0.03125,0.0625,0.1875,0.5,100.0,True
layer1.0.conv2,conv,4,64,1,False,64.0,0,56.0,56.0,102400,5798.870431780663,1.8620517791603846,0.02909455904938101,3.72290543872944,0.0581703974801475,1.3762959865468658,0.021504624789794778,5.73216716618231,10,64,0.6282248549500387,64,6,12,24,42,0.09375,0.1875,0.375,0.65625,timm:resnet101.a3_in1k,timm/resnet101.a3_in1k,imagenet_val[6400],1600.0,True,0.09375,0.1875,0.375,0.65625,1.0,6400.0,1619.478664178399,1.6913245667859744,0.02642694635603085,2.48024717593945,0.038753862124053906,1.324326114863811,0.020692595544747047,7.8165779197406255,10.0,64.0,0.7529127450989876,64.0,3.0,3.0,9.0,18.0,0.046875,0.046875,0.140625,0.28125,100.0,True
layer1.0.act2,act,5,64,1,False,,0,56.0,56.0,102400,56.793318639499056,1.3363945243314617,0.02088116444267909,2.2306285465884494,0.03485357104044452,1.1572386298114887,0.01808185359080451,7.848052357881271,10,64,0.29237996583697,57,3,9,24,38,0.046875,0.140625,0.375,0.59375,timm:resnet101.a3_in1k,timm/resnet101.a3_in1k,imagenet_val[6400],1600.0,True,,,,,,6400.0,15.455077135985816,1.205941878853604,0.018842841857087563,1.5633786480040948,0.02442779137506398,1.1003406872323787,0.017192823238005916,9.520225243038144,10.0,64.0,0.2106136870166686,57.0,1.0,2.0,7.0,19.0,0.015625,0.03125,0.109375,0.296875,100.0,True
layer1.0.conv3,conv,6,256,1,False,64.0,0,56.0,56.0,102400,7352.00649367685,1.0383242863895354,0.004055954243709123,1.15727421823305,0.0045206024149728515,1.0189973019057401,0.003980458210569297,8.75962269487207,10,256,0.8705779104033295,145,1,1,5,22,0.00390625,0.00390625,0.01953125,0.0859375,timm:resnet101.a3_in1k,timm/resnet101.a3_in1k,imagenet_val[6400],400.0,True,0.015625,0.015625,0.078125,0.34375,0.25,6400.0,2086.2564736000722,1.0239435166305582,0.003999779361838118,1.088172058169399,0.004250672102224215,1.011921505114397,0.0039528183793531135,8.005779531546853,10.0,256.0,0.8699075107180084,143.0,1.0,1.0,2.0,8.0,0.00390625,0.00390625,0.0078125,0.03125,25.0,False
layer1.0.downsample.0,conv,7,256,1,False,64.0,0,56.0,56.0,102400,5440.812471002223,2.0520664641004367,0.00801588462539233,3.1043092237639383,0.012126207905327884,1.5322341662176557,0.005985289711787718,9.59712817206565,10,256,0.8507725061912726,149,3,6,17,38,0.01171875,0.0234375,0.06640625,0.1484375,timm:resnet101.a3_in1k,timm/resnet101.a3_in1k,imagenet_val[6400],400.0,True,0.046875,0.09375,0.265625,0.59375,0.25,6400.0,1428.05893997793,1.829356373333585,0.007145923333334316,2.3948003450632704,0.0093546888479034,1.4299225340802597,0.0055856348987510145,8.820537754278176,10.0,256.0,0.8735351446906872,149.0,2.0,3.0,6.0,14.0,0.0078125,0.01171875,0.0234375,0.0546875,25.0,False
layer1.0.act3,act,8,256,1,False,,0,56.0,56.0,102400,43.199493838663884,18.110492088546955,0.07074410972088654,38.298528838282365,0.1496036282745405,5.957718058731493,0.023272336166919896,8.191316949916645,10,256,0.1969642035167689,213,47,73,142,194,0.18359375,0.28515625,0.5546875,0.7578125,timm:resnet101.a3_in1k,timm/resnet101.a3_in1k,imagenet_val[6400],400.0,True,,,,,,6400.0,7.336965208201929,7.102326715889191,0.027743463733942153,12.376411105773748,0.0483453558819287,3.470204067658706,0.01355548463929182,8.512170176317364,10.0,256.0,0.25310295756922807,213.0,12.0,19.0,48.0,118.0,0.046875,0.07421875,0.1875,0.4609375,25.0,False
layer1.0,block,9,256,1,False,,0,56.0,56.0,102400,43.20935706737402,18.120693724835085,0.07078395986263705,38.302536755057886,0.14961928419944487,5.965639313566481,0.023303278568619065,8.247830333458621,10,256,0.21350876599530222,213,47,73,142,194,0.18359375,0.28515625,0.5546875,0.7578125,timm:resnet101.a3_in1k,timm/resnet101.a3_in1k,imagenet_val[6400],400.0,True,,,,,,6400.0,7.336965208201929,7.102326715889191,0.027743463733942153,12.376411105773748,0.0483453558819287,3.470204067658706,0.01355548463929182,8.512170176317364,10.0,256.0,0.25310295756922807,213.0,12.0,19.0,48.0,118.0,0.046875,0.07421875,0.1875,0.4609375,25.0,False
layer1.1.conv1,conv,10,64,1,False,64.0,0,56.0,56.0,102400,1013.3709281368588,5.515661260142758,0.08618220718973059,9.69411672079454,0.15147057376241468,2.7022639479497212,0.042222874186714394,3.262469549106149,10,64,0.9655234109097458,64,9,15,30,50,0.140625,0.234375,0.46875,0.78125,timm:resnet101.a3_in1k,timm/resnet101.a3_in1k,imagenet_val[6400],1600.0,True,0.140625,0.234375,0.46875,0.78125,1.0,6400.0,162.55142033333536,2.121986522670622,0.03315603941672847,3.913968005310087,0.06115575008297011,1.481782492783122,0.02315285144973628,4.056570879185482,10.0,64.0,0.9589155504682417,64.0,5.0,8.0,17.0,34.0,0.078125,0.125,0.265625,0.53125,100.0,True
layer1.1.act1,act,11,64,1,False,,0,56.0,56.0,102400,21.612917421202248,5.617320447972651,0.08777063199957268,11.917684903713917,0.18621382662052996,2.656824673338173,0.041512885520908954,2.1113589839164475,10,64,0.879467519549517,63,15,25,47,59,0.234375,0.390625,0.734375,0.921875,timm:resnet101.a3_in1k,timm/resnet101.a3_in1k,imagenet_val[6400],1600.0,True,,,,,,6400.0,3.6832299521493064,2.236448833101369,0.03494451301720889,4.064302743153299,0.0635047303617703,1.535878302574685,0.023998098477729452,3.4894869603986893,10.0,64.0,0.5270811817710159,64.0,5.0,7.0,21.0,45.0,0.078125,0.109375,0.328125,0.703125,100.0,True
layer1.1.conv2,conv,12,64,1,False,64.0,0,56.0,56.0,102400,1930.6235205601422,12.452725684266783,0.19457383881666848,22.0854102029897,0.34508453442171405,4.614305121161974,0.07209851751815584,2.467311184973272,10,64,0.9490621425340658,64,23,32,49,61,0.359375,0.5,0.765625,0.953125,timm:resnet101.a3_in1k,timm/resnet101.a3_in1k,imagenet_val[6400],1600.0,True,0.359375,0.5,0.765625,0.953125,1.0,6400.0,240.90980231460884,2.6628157713759135,0.04160649642774865,4.489161799715214,0.07014315312055022,1.7130051334237193,0.026765705209745614,4.194778058325165,10.0,64.0,0.9547987871895058,64.0,5.0,7.0,14.0,31.0,0.078125,0.109375,0.21875,0.484375,100.0,True
layer1.1.act2,act,13,64,1,False,,0,56.0,56.0,102400,25.512711342322433,21.26045976962156,0.33219468390033685,32.3131125612382,0.5048923837693469,7.56454280353753,0.11819598130527391,2.5948141226981103,10,64,0.4889569275652207,64,32,42,54,60,0.5,0.65625,0.84375,0.9375,timm:resnet101.a3_in1k,timm/resnet101.a3_in1k,imagenet_val[6400],1600.0,True,,,,,,6400.0,2.25347412267233,3.6883793734197443,0.057630927709683505,6.6515916918735005,0.10393112018552345,2.086149678032604,0.03259608871925944,3.1557396571464027,10.0,64.0,0.6402076640321843,64.0,7.0,11.0,26.0,52.0,0.109375,0.171875,0.40625,0.8125,100.0,True
layer1.1.conv3,conv,14,256,1,False,64.0,0,56.0,56.0,102400,621.7595687452393,10.511286556818412,0.04105971311257192,18.705193282884764,0.07306716126126861,4.3579523954658335,0.017023251544788412,10.883855168510488,10,256,0.8380960638042116,151,19,27,42,56,0.07421875,0.10546875,0.1640625,0.21875,timm:resnet101.a3_in1k,timm/resnet101.a3_in1k,imagenet_val[6400],400.0,True,0.296875,0.421875,0.65625,0.875,0.25,6400.0,52.220055570693795,2.963713042537279,0.011577004072411246,5.228465670767505,0.020423694026435565,1.8219038438247865,0.007116811889940572,10.495512336916143,10.0,256.0,0.8748783762399976,155.0,6.0,8.0,19.0,39.0,0.0234375,0.03125,0.07421875,0.15234375,25.0,False
layer1.1.act3,act,15,256,1,False,,0,56.0,56.0,102400,48.52885687018399,35.285335342926174,0.13783334118330537,62.05282767079921,0.24239385808905942,14.184240178113653,0.055407188195756456,3.052973968001616,10,256,0.2028604163719222,247,68,104,182,228,0.265625,0.40625,0.7109375,0.890625,timm:resnet101.a3_in1k,timm/resnet101.a3_in1k,imagenet_val[6400],400.0,True,,,,,,6400.0,6.285159534723946,9.334302823168182,0.03646212040300071,15.47945437556821,0.06046661865456332,4.976426207240733,0.019439164872034113,4.385758491962498,10.0,256.0,0.28186950568258895,247.0,14.0,23.0,61.0,149.0,0.0546875,0.08984375,0.23828125,0.58203125,25.0,False
layer1.1,block,16,256,1,False,,0,56.0,56.0,102400,48.34966647196962,35.28854160478847,0.13784586564370496,62.03985198257292,0.24234317180692547,14.173720700615213,0.05536609648677818,3.415083582860589,10,256,0.18774592189598782,246,68,104,182,228,0.265625,0.40625,0.7109375,0.890625,timm:resnet101.a3_in1k,timm/resnet101.a3_in1k,imagenet_val[6400],400.0,True,,,,,,6400.0,6.285159534723946,9.334302823168182,0.03646212040300071,15.47945437556821,0.06046661865456332,4.976426207240733,0.019439164872034113,4.385758491962498,10.0,256.0,0.28186950568258895,247.0,14.0,23.0,61.0,149.0,0.0546875,0.08984375,0.23828125,0.58203125,25.0,False
layer1.2.conv1,conv,17,64,1,False,64.0,0,56.0,56.0,102400,665.3425291603467,12.321971769131745,0.1925308088926835,17.561179780322348,0.2743934340675367,6.815904611477337,0.10649850955433339,3.80817031932974,10,64,0.6177099318409838,64,15,22,38,56,0.234375,0.34375,0.59375,0.875,timm:resnet101.a3_in1k,timm/resnet101.a3_in1k,imagenet_val[6400],1600.0,True,0.234375,0.34375,0.59375,0.875,1.0,6400.0,32.53599566655373,5.100828740590088,0.07970044907172012,8.579066707697345,0.13404791730777102,2.8925590650406705,0.04519623539126048,3.8909124121062937,10.0,64.0,0.6821094377543617,64.0,9.0,14.0,28.0,49.0,0.140625,0.21875,0.4375,0.765625,100.0,True
layer1.2.act1,act,18,64,1,False,,0,56.0,56.0,102400,33.39550938072747,15.99803596560148,0.24996931196252312,26.02576338202769,0.40665255284418267,7.008677730907987,0.1095105895454373,5.336647244586086,10,64,0.15329409989293585,62,29,39,53,59,0.453125,0.609375,0.828125,0.921875,timm:resnet101.a3_in1k,timm/resnet101.a3_in1k,imagenet_val[6400],1600.0,True,,,,,,6400.0,1.1378725594645565,6.495940627768726,0.10149907230888634,10.95170961404998,0.17112046271953094,3.2970765084749516,0.05151682044492112,4.573232338739979,10.0,64.0,0.19473395238372193,62.0,11.0,17.0,35.0,55.0,0.171875,0.265625,0.546875,0.859375,100.0,True
layer1.2.conv2,conv,19,64,1,False,64.0,0,56.0,56.0,102400,3074.3942235964123,23.837113554193582,0.3724548992842747,31.890336741895045,0.49828651159211007,10.739959310876868,0.16781186423245106,2.924667657575527,10,64,0.5179327065567704,64,28,36,52,62,0.4375,0.5625,0.8125,0.96875,timm:resnet101.a3_in1k,timm/resnet101.a3_in1k,imagenet_val[6400],1600.0,True,0.4375,0.5625,0.8125,0.96875,1.0,6400.0,38.69234765344189,4.353569768881998,0.06802452763878122,7.332886342219615,0.11457634909718148,2.421583372653852,0.037837240197716435,4.172223069379285,10.0,64.0,0.6937552616480546,64.0,7.0,11.0,24.0,43.0,0.109375,0.171875,0.375,0.671875,100.0,True
layer1.2.act2,act,20,64,1,False,,0,56.0,56.0,102400,31.573215067975156,33.124838825893086,0.5175756066545795,43.665662188713036,0.6822759716986412,12.716284679240534,0.19869194811313334,1.4553161831784591,10,64,0.6538439148038585,63,42,51,59,62,0.65625,0.796875,0.921875,0.96875,timm:resnet101.a3_in1k,timm/resnet101.a3_in1k,imagenet_val[6400],1600.0,True,,,,,,6400.0,0.49494756533133766,3.6885866729822903,0.057634166765348285,7.9858381419178075,0.12477872096746574,2.0278831610104913,0.031685674390788926,3.5775909009814395,10.0,64.0,0.18130928574972827,63.0,10.0,18.0,40.0,59.0,0.15625,0.28125,0.625,0.921875,100.0,True
layer1.2.conv3,conv,21,256,1,False,64.0,0,56.0,56.0,102400,679.998760606407,17.45640178507976,0.06818906947296781,28.21721926775355,0.1102235127646623,6.20559722756704,0.02424061417018375,11.150177402923495,10,256,0.8104918358635446,154,28,36,52,61,0.109375,0.140625,0.203125,0.23828125,timm:resnet101.a3_in1k,timm/resnet101.a3_in1k,imagenet_val[6400],400.0,True,0.4375,0.5625,0.8125,0.953125,0.25,6400.0,15.440091932750088,2.154558451167353,0.008416243949872473,4.398788244449772,0.017182766579881922,1.4880959569672971,0.005812874831903504,10.277437325923538,10.0,256.0,0.853687273627854,160.0,6.0,11.0,26.0,49.0,0.0234375,0.04296875,0.1015625,0.19140625,25.0,False
layer1.2.act3,act,22,256,1,False,,0,56.0,56.0,102400,52.75866279751598,47.54156478094173,0.18570923742555362,85.09632247190162,0.3324075096558657,15.50879429591319,0.0605812277184109,1.9454037905250654,10,256,0.3019098274413692,255,94,135,206,245,0.3671875,0.52734375,0.8046875,0.95703125,timm:resnet101.a3_in1k,timm/resnet101.a3_in1k,imagenet_val[6400],400.0,True,,,,,,6400.0,6.077264809622748,9.544000943468115,0.03728125368542232,16.13266350292892,0.0630182168083161,5.154345802655199,0.020134163291621873,2.924361582744778,10.0,256.0,0.512545508388375,255.0,15.0,25.0,68.0,166.0,0.05859375,0.09765625,0.265625,0.6484375,25.0,False
layer1.2,block,23,256,1,False,,0,56.0,56.0,102400,52.59453796820168,47.612683089606584,0.18598704331877572,85.12139715632944,0.33250545764191186,15.595639087987712,0.060920465187452,1.9451821084415684,10,256,0.3038264274995425,255,94,135,206,245,0.3671875,0.52734375,0.8046875,0.95703125,timm:resnet101.a3_in1k,timm/resnet101.a3_in1k,imagenet_val[6400],400.0,True,,,,,,6400.0,6.077264809622748,9.544000943468115,0.03728125368542232,16.13266350292892,0.0630182168083161,5.154345802655199,0.020134163291621873,2.924361582744778,10.0,256.0,0.512545508388375,255.0,15.0,25.0,68.0,166.0,0.05859375,0.09765625,0.265625,0.6484375,25.0,False
layer2.0.conv1,conv,24,128,1,False,128.0,0,56.0,56.0,102400,1464.5848109964209,16.3295897302097,0.1275749197672633,26.89664296196896,0.2101300231403825,6.940853246179138,0.05422541598577452,2.9679066519476693,10,128,0.9469350633686662,128,26,38,68,106,0.203125,0.296875,0.53125,0.828125,timm:resnet101.a3_in1k,timm/resnet101.a3_in1k,imagenet_val[6400],800.0,True,0.203125,0.296875,0.53125,0.828125,1.0,6400.0,81.52834277378449,7.3253282850057815,0.05722912722660767,11.497549358564267,0.08982460436378334,3.9619709057891224,0.03095289770147752,3.465722802655356,10.0,128.0,0.9583459339064007,128.0,10.0,17.0,37.0,76.0,0.078125,0.1328125,0.2890625,0.59375,50.0,True
layer2.0.act1,act,25,128,1,False,,0,56.0,56.0,102400,35.132156350397736,29.054241664900427,0.2269862630070346,53.40428348378572,0.4172209647170759,10.59452264677069,0.08276970817789601,1.5282646605608627,10,128,0.8363352988150085,128,63,84,113,125,0.4921875,0.65625,0.8828125,0.9765625,timm:resnet101.a3_in1k,timm/resnet101.a3_in1k,imagenet_val[6400],800.0,True,,,,,,6400.0,1.328016312322556,8.203471981321366,0.06408962485407317,15.56784435080756,0.12162378399068406,3.8107291548316065,0.029771321522121925,2.4238100048083777,10.0,128.0,0.9711068065822219,128.0,17.0,29.0,66.0,111.0,0.1328125,0.2265625,0.515625,0.8671875,50.0,True
layer2.0.conv2,conv,26,128,1,False,128.0,0,28.0,28.0,102400,10384.910887292112,27.041517845702273,0.211261858169549,47.695777175660304,0.3726232591848461,8.863433706834629,0.06924557583464554,2.051074343539498,10,128,0.9147687545414632,128,50,67,99,123,0.390625,0.5234375,0.7734375,0.9609375,timm:resnet101.a3_in1k,timm/resnet101.a3_in1k,imagenet_val[6400],800.0,True,0.390625,0.5234375,0.7734375,0.9609375,1.0,6400.0,705.9403189510026,8.295151761352423,0.06480587313556581,13.43142700986653,0.10493302351458227,3.981705665690982,0.031107075513210798,3.5449640352596083,10.0,128.0,0.9779031201076579,128.0,13.0,19.0,37.0,77.0,0.1015625,0.1484375,0.2890625,0.6015625,50.0,True
layer2.0.act2,act,27,128,1,False,,0,28.0,28.0,102400,76.90026923084471,41.50435491120854,0.3242527727438167,65.52192398349733,0.5118900311210729,14.814002212743365,0.11573439228705754,1.5172418081460286,10,128,0.8579238422894937,128,68,88,115,125,0.53125,0.6875,0.8984375,0.9765625,timm:resnet101.a3_in1k,timm/resnet101.a3_in1k,imagenet_val[6400],800.0,True,,,,,,6400.0,6.237498947184331,9.719506603205046,0.07593364533753942,16.21544781171834,0.12668318602904954,5.005839374738311,0.03910812011514306,2.8828986083416646,10.0,128.0,0.9739739005744928,128.0,16.0,24.0,49.0,103.0,0.125,0.1875,0.3828125,0.8046875,50.0,True
layer2.0.conv3,conv,28,512,1,False,128.0,0,28.0,28.0,102400,3474.5236963153843,21.959826165736196,0.04289028547995351,38.267250000920924,0.07474072265804868,7.47632923771604,0.014602205542414141,9.630165425905526,10,512,0.79588596837103,304,39,53,85,116,0.076171875,0.103515625,0.166015625,0.2265625,timm:resnet101.a3_in1k,timm/resnet101.a3_in1k,imagenet_val[6400],200.0,True,0.3046875,0.4140625,0.6640625,0.90625,0.25,6400.0,381.1603469393698,6.997580261511007,0.013667148948263685,11.844730663809534,0.023134239577752996,3.4704965828746044,0.006778313638426962,8.875541062754541,10.0,512.0,0.8648742959611491,312.0,12.0,18.0,34.0,65.0,0.0234375,0.03515625,0.06640625,0.126953125,12.5,False
layer2.0.downsample.0,conv,29,512,1,False,256.0,0,28.0,28.0,102400,4579.485281896599,17.006310774421234,0.03321545073129147,31.171243784865354,0.060881335517315144,6.3137443386126835,0.012331531911352897,7.3842544704292,10,512,0.6739397448074766,369,33,48,92,169,0.064453125,0.09375,0.1796875,0.330078125,timm:resnet101.a3_in1k,timm/resnet101.a3_in1k,imagenet_val[6400],200.0,True,0.12890625,0.1875,0.359375,0.66015625,0.5,6400.0,952.0706544108663,7.084637361240114,0.013837182346172098,10.591747354121203,0.020687006551017975,4.012569777002109,0.007837050345707244,7.131512890626539,10.0,512.0,0.7723804926577215,373.0,9.0,13.0,28.0,71.0,0.017578125,0.025390625,0.0546875,0.138671875,12.5,False
layer2.0.act3,act,30,512,1,False,,0,28.0,28.0,102400,663.252340827948,44.01014432325125,0.08595731313135009,89.49023418422217,0.17478561364105893,13.339112976726712,0.02605295503266936,3.0326565176958447,10,512,0.16156135982975417,496,104,178,344,454,0.203125,0.34765625,0.671875,0.88671875,timm:resnet101.a3_in1k,timm/resnet101.a3_in1k,imagenet_val[6400],200.0,True,,,,,,6400.0,95.82832809587482,11.776982363000606,0.02300191867773556,22.177641888426038,0.043315706813332105,5.321115704832927,0.01039280411100181,3.2828822501324906,10.0,512.0,0.342813525381247,496.0,23.0,40.0,111.0,296.0,0.044921875,0.078125,0.216796875,0.578125,12.5,False
layer2.0,block,31,512,1,False,,0,28.0,28.0,102400,662.6254449576019,44.14443222741363,0.08621959419416725,89.60614847615595,0.1750120087424921,13.441472615569982,0.02625287620228512,2.770678392488169,10,512,0.20610880992907987,497,104,178,344,454,0.203125,0.34765625,0.671875,0.88671875,timm:resnet101.a3_in1k,timm/resnet101.a3_in1k,imagenet_val[6400],200.0,True,,,,,,6400.0,95.82832809587482,11.776982363000606,0.02300191867773556,22.177641888426038,0.043315706813332105,5.321115704832927,0.01039280411100181,3.2828822501324906,10.0,512.0,0.342813525381247,496.0,23.0,40.0,111.0,296.0,0.044921875,0.078125,0.216796875,0.578125,12.5,False
layer2.1.conv1,conv,32,128,1,False,128.0,0,28.0,28.0,102400,21814.065116550664,13.070722034252285,0.10211501589259597,22.98925738975443,0.1796035733574565,5.824514841667622,0.045504022200528293,3.0446341017615404,10,128,0.9591856559988496,128,24,34,63,103,0.1875,0.265625,0.4921875,0.8046875,timm:resnet101.a3_in1k,timm/resnet101.a3_in1k,imagenet_val[6400],800.0,True,0.1875,0.265625,0.4921875,0.8046875,1.0,6400.0,4842.992391453747,7.159271873984324,0.055931811515502534,10.861746612435411,0.08485739540965165,3.779359324306273,0.029526244721142757,3.7247031788340714,10.0,128.0,0.9782681759782599,128.0,10.0,14.0,29.0,64.0,0.078125,0.109375,0.2265625,0.5,50.0,True
layer2.1.act1,act,33,128,1,False,,0,28.0,28.0,102400,68.244642490729,17.753099071016972,0.1386960864923201,33.882243038014565,0.2647050237344888,8.132342132492667,0.06353392291009896,1.82933565567547,10,128,0.833329079332596,128,43,65,103,122,0.3359375,0.5078125,0.8046875,0.953125,timm:resnet101.a3_in1k,timm/resnet101.a3_in1k,imagenet_val[6400],800.0,True,,,,,,6400.0,15.41292278922528,7.3434660350648455,0.057370828398944106,12.077497618687016,0.09435545014599231,3.9551413123290065,0.030899541502570363,2.7458115648988186,10.0,128.0,0.8825776940523158,128.0,11.0,18.0,49.0,99.0,0.0859375,0.140625,0.3828125,0.7734375,50.0,True
layer2.1.conv2,conv,34,128,1,False,128.0,0,28.0,28.0,102400,19051.746859512168,22.522005795023336,0.1759531702736198,36.78070313255024,0.2873492432230487,8.82789389425615,0.06896792104887617,2.4854709183184993,10,128,0.9572774922298669,128,36,50,85,118,0.28125,0.390625,0.6640625,0.921875,timm:resnet101.a3_in1k,timm/resnet101.a3_in1k,imagenet_val[6400],800.0,True,0.28125,0.390625,0.6640625,0.921875,1.0,6400.0,3785.1533561920337,7.0612683317054215,0.055166158841448605,10.226384405578449,0.07989362816858163,4.146996140504334,0.03239840734769011,3.9221383430382173,10.0,128.0,0.9700237757096346,128.0,9.0,12.0,25.0,58.0,0.0703125,0.09375,0.1953125,0.453125,50.0,True
layer2.1.act2,act,35,128,1,False,,0,28.0,28.0,102400,51.13276077369636,39.85909247352483,0.31139915994941275,61.960751891238004,0.4840683741502969,15.558300081412323,0.12154921938603377,1.6168001012101267,10,128,0.9075781701405492,128,64,84,112,125,0.5,0.65625,0.875,0.9765625,timm:resnet101.a3_in1k,timm/resnet101.a3_in1k,imagenet_val[6400],800.0,True,,,,,,6400.0,8.551179152195541,10.44707964673666,0.08161780974013015,16.22763993877246,0.12677843702165983,5.596203428386258,0.04372033928426764,2.5593398082327288,10.0,128.0,0.9800018116233314,128.0,14.0,22.0,57.0,106.0,0.109375,0.171875,0.4453125,0.828125,50.0,True
layer2.1.conv3,conv,36,512,1,False,128.0,0,28.0,28.0,102400,2649.662573073567,19.477067319658083,0.03804114710870719,31.319220986768784,0.06117035348978278,8.15935965293355,0.01593624932213584,9.194143838856736,10,512,0.811631491871349,310,30,44,79,112,0.05859375,0.0859375,0.154296875,0.21875,timm:resnet101.a3_in1k,timm/resnet101.a3_in1k,imagenet_val[6400],200.0,True,0.234375,0.34375,0.6171875,0.875,0.25,6400.0,602.8418433252365,7.63300454634238,0.01490821200457496,11.15800559299044,0.021792979673809453,3.955396871286383,0.007725384514231217,8.605218234501352,10.0,512.0,0.859958777783365,315.0,10.0,13.0,28.0,68.0,0.01953125,0.025390625,0.0546875,0.1328125,12.5,False
layer2.1.act3,act,37,512,1,False,,0,28.0,28.0,102400,592.3943650100248,63.48989695811579,0.12400370499631991,124.71822837047688,0.24359028978608765,19.218970965868305,0.03753705266771153,1.8352425142452304,10,512,0.660904805744501,510,148,234,393,478,0.2890625,0.45703125,0.767578125,0.93359375,timm:resnet101.a3_in1k,timm/resnet101.a3_in1k,imagenet_val[6400],200.0,True,,,,,,6400.0,68.5438674084792,13.916377005490569,0.027180423838848767,27.063421848014308,0.052858245796902945,6.090822432213877,0.011896137562917729,2.6279275840244765,10.0,512.0,0.5946240160548402,509.0,29.0,52.0,155.0,360.0,0.056640625,0.1015625,0.302734375,0.703125,12.5,False
layer2.1,block,38,512,1,False,,0,28.0,28.0,102400,591.0746273772717,63.351889560862986,0.12373415929856052,124.60063519643529,0.24336061561803768,19.132014602400673,0.037367216020313815,1.9292383916235563,10,512,0.4072047903947933,510,148,234,393,478,0.2890625,0.45703125,0.767578125,0.93359375,timm:resnet101.a3_in1k,timm/resnet101.a3_in1k,imagenet_val[6400],200.0,True,,,,,,6400.0,68.5438674084792,13.916377005490569,0.027180423838848767,27.063421848014308,0.052858245796902945,6.090822432213877,0.011896137562917729,2.6279275840244765,10.0,512.0,0.5946240160548402,509.0,29.0,52.0,155.0,360.0,0.056640625,0.1015625,0.302734375,0.703125,12.5,False
layer2.2.conv1,conv,39,128,1,False,128.0,0,28.0,28.0,102400,15669.807348120214,17.558650177941377,0.137176954515167,28.33816490543649,0.22139191332372257,7.882820119436453,0.06158453218309729,2.6710273201960115,10,128,0.9736490555804997,128,27,40,74,114,0.2109375,0.3125,0.578125,0.890625,timm:resnet101.a3_in1k,timm/resnet101.a3_in1k,imagenet_val[6400],800.0,True,0.2109375,0.3125,0.578125,0.890625,1.0,6400.0,996.0780783515899,7.635295334823227,0.05965074480330646,13.372547409043335,0.10447302663315106,3.7761927069972128,0.029501505523415725,2.932032119779495,10.0,128.0,0.9617381600037909,128.0,14.0,23.0,51.0,94.0,0.109375,0.1796875,0.3984375,0.734375,50.0,True
layer2.2.act1,act,40,128,1,False,,0,28.0,28.0,102400,48.37856211919011,27.395559671802822,0.21402780993595955,52.24924821321232,0.40819725166572124,9.229698467712486,0.0721070192790038,1.3967444516717609,10,128,0.9124916152845576,128,65,87,116,125,0.5078125,0.6796875,0.90625,0.9765625,timm:resnet101.a3_in1k,timm/resnet101.a3_in1k,imagenet_val[6400],800.0,True,,,,,,6400.0,2.348457436717659,8.056726173809611,0.06294317323288759,15.09479093875789,0.11792805420904602,3.9099930241220204,0.030546820500953285,2.095926865719974,10.0,128.0,0.9678467601357738,128.0,17.0,31.0,75.0,116.0,0.1328125,0.2421875,0.5859375,0.90625,50.0,True
layer2.2.conv2,conv,41,128,1,False,128.0,0,28.0,28.0,102400,11510.059409272806,25.918889949866134,0.20249132773332917,44.08439724462737,0.3444093534736513,10.646871910825125,0.08317868680332129,2.000645090579896,10,128,0.9628155796645399,128,45,64,101,124,0.3515625,0.5,0.7890625,0.96875,timm:resnet101.a3_in1k,timm/resnet101.a3_in1k,imagenet_val[6400],800.0,True,0.3515625,0.5,0.7890625,0.96875,1.0,6400.0,604.3182915187703,6.264560106541535,0.04894187583235574,8.723383558632028,0.06815143405181272,3.763933523120209,0.029405730649376634,3.0610263219486877,10.0,128.0,0.9490418049983411,128.0,6.0,10.0,31.0,74.0,0.046875,0.078125,0.2421875,0.578125,50.0,True
layer2.2.act2,act,42,128,1,False,,0,28.0,28.0,102400,32.62859145112212,49.96290522145531,0.3903351970426196,77.53121862399593,0.6057126454999682,16.674321586213654,0.13026813739229418,1.1572879656170785,10,128,0.8857420451600975,128,82,100,119,126,0.640625,0.78125,0.9296875,0.984375,timm:resnet101.a3_in1k,timm/resnet101.a3_in1k,imagenet_val[6400],800.0,True,,,,,,6400.0,1.032903627311526,8.547750040695849,0.06677929719293632,15.11199299424522,0.11806244526754078,4.496296536772954,0.035127316693538704,2.005995567639597,10.0,128.0,0.979791886006039,128.0,16.0,30.0,76.0,118.0,0.125,0.234375,0.59375,0.921875,50.0,True
layer2.2.conv3,conv,43,512,1,False,128.0,0,28.0,28.0,102400,1131.1098090512223,19.061646395711602,0.03722977811662422,37.3784685617483,0.07300482140966465,6.2983862764178,0.012301535696128515,9.316059931661217,10,512,0.7830098411562281,310,43,61,96,122,0.083984375,0.119140625,0.1875,0.23828125,timm:resnet101.a3_in1k,timm/resnet101.a3_in1k,imagenet_val[6400],200.0,True,0.3359375,0.4765625,0.75,0.953125,0.25,6400.0,46.57590653045597,5.113504113690413,0.009987312722051589,9.412846540187871,0.018384465898804436,2.6639381682160668,0.005203004234797005,8.853497622059072,10.0,512.0,0.8346484397249996,316.0,10.0,17.0,43.0,87.0,0.01953125,0.033203125,0.083984375,0.169921875,12.5,False
layer2.2.act3,act,44,512,1,False,,0,28.0,28.0,102400,551.746845031372,76.65046751982106,0.14970794437465051,154.77483286869636,0.3022945954466726,19.198208442643384,0.03749650086453786,1.7453293286846703,10,512,0.42715117813356174,511,188,275,413,485,0.3671875,0.537109375,0.806640625,0.947265625,timm:resnet101.a3_in1k,timm/resnet101.a3_in1k,imagenet_val[6400],200.0,True,,,,,,6400.0,62.271072887803136,13.636030711851765,0.02663287248408548,27.171874361248534,0.05307006711181354,6.261502112200368,0.012229496312891344,2.453499633994879,10.0,512.0,0.6102388791076475,511.0,31.0,57.0,171.0,385.0,0.060546875,0.111328125,0.333984375,0.751953125,12.5,False
layer2.2,block,45,512,1,False,,0,28.0,28.0,102400,551.4733318243336,76.53956558805616,0.1494913390391722,154.536889789264,0.30182986286965624,19.273069643429302,0.037642714147322856,1.71610514975868,10,512,0.4333848448191663,510,188,275,413,485,0.3671875,0.537109375,0.806640625,0.947265625,timm:resnet101.a3_in1k,timm/resnet101.a3_in1k,imagenet_val[6400],200.0,True,,,,,,6400.0,62.271072887803136,13.636030711851765,0.02663287248408548,27.171874361248534,0.05307006711181354,6.261502112200368,0.012229496312891344,2.453499633994879,10.0,512.0,0.6102388791076475,511.0,31.0,57.0,171.0,385.0,0.060546875,0.111328125,0.333984375,0.751953125,12.5,False
layer2.3.conv1,conv,46,128,1,False,128.0,0,28.0,28.0,102400,14579.693149711597,18.133427175931534,0.1416673998119651,30.539969431450796,0.23859351118320934,7.913967536766501,0.06182787138098829,2.518925830409556,10,128,0.9306795705126295,128,30,45,82,117,0.234375,0.3515625,0.640625,0.9140625,timm:resnet101.a3_in1k,timm/resnet101.a3_in1k,imagenet_val[6400],800.0,True,0.234375,0.3515625,0.640625,0.9140625,1.0,6400.0,2146.308505758413,4.635803702918387,0.036217216429049896,9.325903882916842,0.07285862408528783,2.4525705965394136,0.01916070778546417,3.1492810678683756,10.0,128.0,0.9525973399492069,128.0,12.0,18.0,42.0,85.0,0.09375,0.140625,0.328125,0.6640625,50.0,True
layer2.3.act1,act,47,128,1,False,,0,28.0,28.0,102400,30.92245356226254,13.178763808044666,0.10295909225034895,35.73969176849945,0.27921634194140194,4.374081910054479,0.03417251492230062,1.817023809150148,10,128,0.5382170839992899,128,56,78,107,120,0.4375,0.609375,0.8359375,0.9375,timm:resnet101.a3_in1k,timm/resnet101.a3_in1k,imagenet_val[6400],800.0,True,,,,,,6400.0,6.045476883510106,2.6212827550020066,0.020478771523453176,4.932038176113558,0.03853154825088717,1.7588811794114023,0.01374125921415158,2.627436746372099,10.0,128.0,0.712586418730458,128.0,6.0,13.0,44.0,97.0,0.046875,0.1015625,0.34375,0.7578125,50.0,True
layer2.3.conv2,conv,48,128,1,False,128.0,0,28.0,28.0,102400,5193.706747055762,30.471311068481,0.23805711772250782,45.53338811702125,0.35572959466422854,13.2252626210861,0.10332236422723516,2.189681021070499,10,128,0.9756152486185706,128,42,59,98,123,0.328125,0.4609375,0.765625,0.9609375,timm:resnet101.a3_in1k,timm/resnet101.a3_in1k,imagenet_val[6400],800.0,True,0.328125,0.4609375,0.765625,0.9609375,1.0,6400.0,471.47982309032886,8.254028897851493,0.06448460076446479,13.802087614036799,0.10782880948466249,4.213330635010755,0.032916645586021524,3.682494177309056,10.0,128.0,0.9499662135078825,128.0,14.0,21.0,41.0,78.0,0.109375,0.1640625,0.3203125,0.609375,50.0,True
layer2.3.act2,act,49,128,1,False,,0,28.0,28.0,102400,40.69028805102688,50.76605970689867,0.3966098414601459,70.99589163826907,0.5546554034239771,20.790309135510466,0.1624242901211755,1.790026628753106,10,128,0.7717055106452065,128,67,85,109,121,0.5234375,0.6640625,0.8515625,0.9453125,timm:resnet101.a3_in1k,timm/resnet101.a3_in1k,imagenet_val[6400],800.0,True,,,,,,6400.0,3.0538346087401926,12.15312012743356,0.09494625099557469,21.863242432515804,0.17080658150402972,5.565668269567886,0.04348178335599911,2.5968661068520857,10.0,128.0,0.9161399674251024,128.0,23.0,36.0,74.0,112.0,0.1796875,0.28125,0.578125,0.875,50.0,True
layer2.3.conv3,conv,50,512,1,False,128.0,0,28.0,28.0,102400,1292.336295200407,24.258256875341594,0.04737940795965155,41.507398848514946,0.08106913837600575,8.024699711524283,0.015673241624070865,9.772833400629963,10,512,0.8099239931429117,308,41,55,85,114,0.080078125,0.107421875,0.166015625,0.22265625,timm:resnet101.a3_in1k,timm/resnet101.a3_in1k,imagenet_val[6400],200.0,True,0.3203125,0.4296875,0.6640625,0.890625,0.25,6400.0,126.8362484254119,8.997183069973303,0.017572623183541608,15.59893858373648,0.030466676921360313,4.250739315653576,0.008302225225885891,9.378494777576424,10.0,512.0,0.8537312207365308,312.0,16.0,24.0,46.0,85.0,0.03125,0.046875,0.08984375,0.166015625,12.5,False
layer2.3.act3,act,51,512,1,False,,0,28.0,28.0,102400,502.26181598579376,90.78535973182146,0.17731515572621379,182.8761195232156,0.3571799209437805,21.343582100633096,0.041686683790299016,1.4015918624123382,10,512,0.9336091067383087,512,224,314,442,497,0.4375,0.61328125,0.86328125,0.970703125,timm:resnet101.a3_in1k,timm/resnet101.a3_in1k,imagenet_val[6400],200.0,True,,,,,,6400.0,58.94878920101986,14.774727333450326,0.028856889323145167,29.278806864433054,0.05718516965709581,6.691819826211802,0.013069960598069925,2.2064440650994124,10.0,512.0,0.9863380944612219,512.0,33.0,61.0,183.0,406.0,0.064453125,0.119140625,0.357421875,0.79296875,12.5,False
layer2.3,block,52,512,1,False,,0,28.0,28.0,102400,501.88223685821026,90.94242825376574,0.1776219301831362,182.97904770191045,0.35738095254279384,21.423267410256663,0.041842319160657546,1.4012737306605556,10,512,0.9355382274588769,512,224,314,442,497,0.4375,0.61328125,0.86328125,0.970703125,timm:resnet101.a3_in1k,timm/resnet101.a3_in1k,imagenet_val[6400],200.0,True,,,,,,6400.0,58.94878920101986,14.774727333450326,0.028856889323145167,29.278806864433054,0.05718516965709581,6.691819826211802,0.013069960598069925,2.2064440650994124,10.0,512.0,0.9863380944612219,512.0,33.0,61.0,183.0,406.0,0.064453125,0.119140625,0.357421875,0.79296875,12.5,False
layer3.0.conv1,conv,53,256,1,False,256.0,0,28.0,28.0,102400,23206.20166778158,26.457272164094217,0.10334871939099304,51.07340458491424,0.19950548665982126,9.325093301108264,0.03642614570745416,2.5086972579135396,10,256,0.9377728094561832,256,55,79,144,220,0.21484375,0.30859375,0.5625,0.859375,timm:resnet101.a3_in1k,timm/resnet101.a3_in1k,imagenet_val[6400],400.0,True,0.21484375,0.30859375,0.5625,0.859375,1.0,6400.0,1489.7121078443151,11.250761014487916,0.04394828521284342,23.57284782127519,0.09208143680185621,4.491037769971477,0.017543116288951083,3.1204282557859893,10.0,256.0,0.9503342488330841,256.0,28.0,42.0,88.0,166.0,0.109375,0.1640625,0.34375,0.6484375,25.0,False
layer3.0.act1,act,54,256,1,False,,0,28.0,28.0,102400,63.78995084174812,59.47668419788921,0.23233079764800474,115.54569582597084,0.4513503743201986,14.514314108445298,0.056696539486114444,1.2062485031766936,10,256,0.9622324806678166,256,141,185,236,252,0.55078125,0.72265625,0.921875,0.984375,timm:resnet101.a3_in1k,timm/resnet101.a3_in1k,imagenet_val[6400],400.0,True,,,,,,6400.0,2.4895121004100917,12.543672049554639,0.04899871894357281,33.2444948095694,0.12986130784988048,4.536896449586999,0.017722251756199216,1.9280560183832556,10.0,256.0,0.9758601077216529,256.0,48.0,81.0,171.0,240.0,0.1875,0.31640625,0.66796875,0.9375,25.0,False
layer3.0.conv2,conv,55,256,1,False,256.0,0,14.0,14.0,102400,30051.670134185293,41.29013853691429,0.16128960365982145,78.74624735877109,0.30760252874519955,10.63414625120558,0.0415396337937718,2.02875800365787,10,256,0.9245051495707927,256,84,113,184,243,0.328125,0.44140625,0.71875,0.94921875,timm:resnet101.a3_in1k,timm/resnet101.a3_in1k,imagenet_val[6400],400.0,True,0.328125,0.44140625,0.71875,0.94921875,1.0,6400.0,3538.34843590498,13.025267800089017,0.05087995234409772,26.398267207457476,0.10311823127913076,5.513076971249444,0.021535456918943142,3.2172080421274005,10.0,256.0,0.9612901642179262,256.0,30.0,45.0,84.0,161.0,0.1171875,0.17578125,0.328125,0.62890625,25.0,False
layer3.0.act2,act,56,256,1,False,,0,14.0,14.0,102400,190.82477126266951,75.72169497958419,0.2957878710140007,122.3950066113201,0.47810549457546914,18.28975459107025,0.07144435387136816,1.4369030651894181,10,256,0.9585322395426653,256,122,168,231,253,0.4765625,0.65625,0.90234375,0.98828125,timm:resnet101.a3_in1k,timm/resnet101.a3_in1k,imagenet_val[6400],400.0,True,,,,,,6400.0,21.714053954238114,21.688277759387464,0.08471983499760728,42.01420414384865,0.1641179849369088,8.496733591924153,0.03319036559345372,2.410464081825535,10.0,256.0,0.9828671446144537,256.0,44.0,63.0,135.0,229.0,0.171875,0.24609375,0.52734375,0.89453125,25.0,False
layer3.0.conv3,conv,57,1024,1,False,256.0,0,14.0,14.0,102400,20010.47966110149,37.093245406614244,0.03622387246739672,67.27052844271896,0.06569387543234273,9.633853782326389,0.009408060334303114,8.358761842650118,10,1024,0.7967832962683956,619,66,86,141,219,0.064453125,0.083984375,0.1376953125,0.2138671875,timm:resnet101.a3_in1k,timm/resnet101.a3_in1k,imagenet_val[6400],100.0,True,0.2578125,0.3359375,0.55078125,0.85546875,0.25,6400.0,3035.8316790028553,13.80335123985649,0.013479835195172353,27.064253512641795,0.026429935070939253,5.946545846928358,0.005807173678640975,8.149023446691007,10.0,1024.0,0.8472985437747791,628.0,30.0,43.0,74.0,140.0,0.029296875,0.0419921875,0.072265625,0.13671875,6.25,False
layer3.0.downsample.0,conv,58,1024,1,False,512.0,0,14.0,14.0,102400,71436.74186442146,20.533697590636006,0.020052439053355475,46.04311162960059,0.044963976200781824,7.0470331471898175,0.006881868307802556,6.4153928091240475,10,1024,0.638025638524206,757,59,92,197,369,0.0576171875,0.08984375,0.1923828125,0.3603515625,timm:resnet101.a3_in1k,timm/resnet101.a3_in1k,imagenet_val[6400],100.0,True,0.115234375,0.1796875,0.384765625,0.720703125,0.5,6400.0,17142.740430438582,8.738218632476006,0.00853341663327735,14.236021752262683,0.013902364992444027,4.331462779473063,0.004229944120579163,6.204357235113883,10.0,1024.0,0.7290814850703524,764.0,13.0,20.0,58.0,166.0,0.0126953125,0.01953125,0.056640625,0.162109375,6.25,False
layer3.0.act3,act,59,1024,1,False,,0,14.0,14.0,102400,3921.1369088589518,59.27680763414222,0.057887507455217015,139.50124858170608,0.13623168806807234,16.27902054185824,0.01589748099790844,2.0262000682173174,10,1024,0.3856459796164552,1020,180,349,717,931,0.17578125,0.3408203125,0.7001953125,0.9091796875,timm:resnet101.a3_in1k,timm/resnet101.a3_in1k,imagenet_val[6400],100.0,True,,,,,,6400.0,760.7452382718799,17.525461469391765,0.017114708466202895,36.3644818764568,0.035512189332477344,7.1257627951071685,0.006958752729596844,2.6193101436114588,10.0,1024.0,0.623249981388122,1019.0,41.0,71.0,232.0,660.0,0.0400390625,0.0693359375,0.2265625,0.64453125,6.25,False
layer3.0,block,60,1024,1,False,,0,14.0,14.0,102400,3914.678633423948,59.25782486021326,0.05786896959005201,139.3685174617742,0.13610206783376386,16.378120902946485,0.015994258694283676,1.9795593031098107,10,1024,0.4293930945330625,1020,180,349,717,931,0.17578125,0.3408203125,0.7001953125,0.9091796875,timm:resnet101.a3_in1k,timm/resnet101.a3_in1k,imagenet_val[6400],100.0,True,,,,,,6400.0,760.7452382718799,17.525461469391765,0.017114708466202895,36.3644818764568,0.035512189332477344,7.1257627951071685,0.006958752729596844,2.6193101436114588,10.0,1024.0,0.623249981388122,1019.0,41.0,71.0,232.0,660.0,0.0400390625,0.0693359375,0.2265625,0.64453125,6.25,False
layer3.1.conv1,conv,61,256,1,False,256.0,0,14.0,14.0,102400,256025.49286992342,10.482440357254385,0.04094703264552494,20.49967858751228,0.08007686948246984,4.94104106181956,0.019300941647732658,3.1336798170806213,10,256,0.9522159456137459,256,24,40,83,157,0.09375,0.15625,0.32421875,0.61328125,timm:resnet101.a3_in1k,timm/resnet101.a3_in1k,imagenet_val[6400],400.0,True,0.09375,0.15625,0.32421875,0.61328125,1.0,6400.0,90044.21154117066,6.130668442133972,0.02394792360208583,10.318251269648787,0.040305669022065574,3.3350008570527105,0.01302734709786215,3.770182980588735,10.0,256.0,0.9709327089239048,256.0,10.0,16.0,38.0,89.0,0.0390625,0.0625,0.1484375,0.34765625,25.0,False
layer3.1.act1,act,62,256,1,False,,0,14.0,14.0,102400,43.90670408167782,20.514014684963087,0.08013286986313706,52.79299409906165,0.20622263319945958,7.658759022680341,0.029917027432345082,1.4923779989887915,10,256,0.9290719272332651,256,88,135,210,246,0.34375,0.52734375,0.8203125,0.9609375,timm:resnet101.a3_in1k,timm/resnet101.a3_in1k,imagenet_val[6400],400.0,True,,,,,,6400.0,13.247972819578512,8.495174854795438,0.03318427677654468,17.451224209963065,0.06816884457016822,4.247226159536004,0.016590727185687517,2.082038067362661,10.0,256.0,0.9528431479589532,256.0,21.0,42.0,124.0,219.0,0.08203125,0.1640625,0.484375,0.85546875,25.0,False
layer3.1.conv2,conv,63,256,1,False,256.0,0,14.0,14.0,102400,18853.726034825275,22.28220058717645,0.08703984604365801,38.70377482497443,0.15118662041005637,7.966917870540207,0.031120772931797682,2.666969047767747,10,256,0.6886645665359555,255,36,57,129,218,0.140625,0.22265625,0.50390625,0.8515625,timm:resnet101.a3_in1k,timm/resnet101.a3_in1k,imagenet_val[6400],400.0,True,0.140625,0.22265625,0.50390625,0.8515625,1.0,6400.0,5896.407533010559,8.503579734688545,0.03321710833862713,14.053378550997866,0.054896009964835416,4.113065636053682,0.016066662640834697,3.7010802032411494,10.0,256.0,0.7966405647795163,255.0,13.0,20.0,47.0,111.0,0.05078125,0.078125,0.18359375,0.43359375,25.0,False
layer3.1.act2,act,64,256,1,False,,0,14.0,14.0,102400,33.494789238838585,56.60736106064246,0.2211225041431346,94.48675060000423,0.3690888695312665,23.256835923668394,0.09084701532682966,2.144362736406231,10,256,0.293623079937557,253,104,144,201,232,0.40625,0.5625,0.78515625,0.90625,timm:resnet101.a3_in1k,timm/resnet101.a3_in1k,imagenet_val[6400],400.0,True,,,,,,6400.0,6.986895745713517,17.184866076140143,0.06712838310992243,34.09887265166747,0.13319872129557606,8.169478428925785,0.03191202511299135,2.7934341791936825,10.0,256.0,0.3206840848098156,253.0,42.0,71.0,146.0,216.0,0.1640625,0.27734375,0.5703125,0.84375,25.0,False
layer3.1.conv3,conv,65,1024,1,False,256.0,0,14.0,14.0,102400,1810.5238631673342,26.57193549471796,0.025949155756560507,42.90579185124592,0.041900187354732346,10.272174867518885,0.010031420769061411,8.113591082057178,10,1024,0.8151477815913364,623,39,61,124,200,0.0380859375,0.0595703125,0.12109375,0.1953125,timm:resnet101.a3_in1k,timm/resnet101.a3_in1k,imagenet_val[6400],100.0,True,0.15234375,0.23828125,0.484375,0.78125,0.25,6400.0,496.34567323701907,9.669622156192325,0.009442990386906568,17.05772049725315,0.01665793017309878,4.581406156391934,0.004474029449601498,8.0954410671,10.0,1024.0,0.8447962554924078,621.0,17.0,28.0,68.0,146.0,0.0166015625,0.02734375,0.06640625,0.142578125,6.25,False
layer3.1.act3,act,66,1024,1,False,,0,14.0,14.0,102400,3739.4997186669175,79.53527962470658,0.07767117150850252,176.16227974701852,0.17203347631544777,19.064388723878295,0.018617567113162398,1.8470395979531047,10,1024,0.5736456419909108,1022,220,399,756,949,0.21484375,0.3896484375,0.73828125,0.9267578125,timm:resnet101.a3_in1k,timm/resnet101.a3_in1k,imagenet_val[6400],100.0,True,,,,,,6400.0,573.8016845661105,23.297644295562776,0.022751605757385523,52.05381821502869,0.050833806850613956,8.09234628408957,0.007902681918056221,2.514015399655675,10.0,1024.0,0.6943827265593083,1022.0,61.0,105.0,319.0,741.0,0.0595703125,0.1025390625,0.3115234375,0.7236328125,6.25,False
layer3.1,block,67,1024,1,False,,0,14.0,14.0,102400,3754.9536822621717,79.65870079134265,0.07779169999154556,176.34925734963863,0.17221607163050648,19.101704900346135,0.018654008691744273,1.8580407644349348,10,1024,0.5643238998074916,1024,220,400,756,949,0.21484375,0.390625,0.73828125,0.9267578125,timm:resnet101.a3_in1k,timm/resnet101.a3_in1k,imagenet_val[6400],100.0,True,,,,,,6400.0,573.8016845661105,23.297644295562776,0.022751605757385523,52.05381821502869,0.050833806850613956,8.09234628408957,0.007902681918056221,2.514015399655675,10.0,1024.0,0.6943827265593083,1022.0,61.0,105.0,319.0,741.0,0.0595703125,0.1025390625,0.3115234375,0.7236328125,6.25,False
layer3.2.conv1,conv,68,256,1,False,256.0,0,14.0,14.0,102400,170123.31066974954,16.645973767343953,0.06502333502868732,34.611212471024054,0.1352000487149377,6.936360555572262,0.027095158420204147,2.9477384440759726,10,256,0.9315487149947618,256,42,60,110,188,0.1640625,0.234375,0.4296875,0.734375,timm:resnet101.a3_in1k,timm/resnet101.a3_in1k,imagenet_val[6400],400.0,True,0.1640625,0.234375,0.4296875,0.734375,1.0,6400.0,41172.30889495931,6.6730357907903946,0.02606654605777498,13.25250138495903,0.05176758353499621,3.9082542856637006,0.01526661830337383,3.453786788748041,10.0,256.0,0.9540928578360263,256.0,17.0,28.0,61.0,127.0,0.06640625,0.109375,0.23828125,0.49609375,25.0,False
layer3.2.act1,act,69,256,1,False,,0,14.0,14.0,102400,48.493735376742904,32.17295735803153,0.12567561467981067,73.72920945567051,0.28800472443621294,10.55645515181414,0.04123615293677398,1.6486848598290818,10,256,0.6377426644779616,256,105,148,211,241,0.41015625,0.578125,0.82421875,0.94140625,timm:resnet101.a3_in1k,timm/resnet101.a3_in1k,imagenet_val[6400],400.0,True,,,,,,6400.0,8.968793122969357,8.126786626600417,0.03174526026015788,19.07924164230582,0.07452828766525711,4.133791931898051,0.01614762473397676,2.254043439313428,10.0,256.0,0.7133119141445196,256.0,28.0,53.0,137.0,218.0,0.109375,0.20703125,0.53515625,0.8515625,25.0,False
layer3.2.conv2,conv,70,256,1,False,256.0,0,14.0,14.0,102400,18986.20606987423,28.38524048809958,0.11087984565663898,48.637542296994205,0.1899903995976336,11.492628731944853,0.04489308098415958,2.247672558338554,10,256,0.982595875667135,256,47,75,156,234,0.18359375,0.29296875,0.609375,0.9140625,timm:resnet101.a3_in1k,timm/resnet101.a3_in1k,imagenet_val[6400],400.0,True,0.18359375,0.29296875,0.609375,0.9140625,1.0,6400.0,3517.1689870058476,7.6165392710005735,0.02975210652734599,13.446998569664894,0.05252733816275349,3.73878245834752,0.01460461897792,3.293273986461332,10.0,256.0,0.9643933115545522,256.0,14.0,21.0,52.0,124.0,0.0546875,0.08203125,0.203125,0.484375,25.0,False
layer3.2.act2,act,71,256,1,False,,0,14.0,14.0,102400,46.932916477210895,54.455698249308,0.21271757128635937,100.68268664929802,0.3932917447238204,14.159412065507782,0.05531020338088977,1.814886969059411,10,256,0.6589079335158354,256,119,156,206,236,0.46484375,0.609375,0.8046875,0.921875,timm:resnet101.a3_in1k,timm/resnet101.a3_in1k,imagenet_val[6400],400.0,True,,,,,,6400.0,7.474923598427442,13.477094416795804,0.05264490006560861,26.775439737797488,0.10459156147577144,5.44237333606889,0.0212592708440191,2.650354943003612,10.0,256.0,0.8040433832667132,256.0,30.0,54.0,124.0,203.0,0.1171875,0.2109375,0.484375,0.79296875,25.0,False
layer3.2.conv3,conv,72,1024,1,False,256.0,0,14.0,14.0,102400,3447.8825109413892,13.380828747654807,0.013067215573881647,34.09713152152571,0.03329798000148995,4.373863985628725,0.004271351548465552,7.91711179306993,10,1024,0.8116789465338055,625,42,66,133,204,0.041015625,0.064453125,0.1298828125,0.19921875,timm:resnet101.a3_in1k,timm/resnet101.a3_in1k,imagenet_val[6400],100.0,True,0.1640625,0.2578125,0.51953125,0.796875,0.25,6400.0,738.4987375269246,7.487184483536507,0.00731170359720362,13.40871670336881,0.013094449905633604,3.8495473064906403,0.003759323541494766,7.596613006248792,10.0,1024.0,0.8592829995903605,632.0,14.0,22.0,56.0,129.0,0.013671875,0.021484375,0.0546875,0.1259765625,6.25,False
layer3.2.act3,act,73,1024,1,False,,0,14.0,14.0,102400,3579.867802607375,96.14300830301944,0.09388965654591742,206.29146101053027,0.20145650489309597,22.79537828784938,0.02226111160922791,1.7437330513245093,10,1024,0.55520735453168,1023,264,454,797,967,0.2578125,0.443359375,0.7783203125,0.9443359375,timm:resnet101.a3_in1k,timm/resnet101.a3_in1k,imagenet_val[6400],100.0,True,,,,,,6400.0,493.7925480119885,26.41268976808944,0.025793642351649843,60.40725608635395,0.058991461021830026,8.796583758732218,0.008590413826886932,2.3693894260424977,10.0,1024.0,0.7064572058992191,1022.0,72.0,129.0,380.0,796.0,0.0703125,0.1259765625,0.37109375,0.77734375,6.25,False
layer3.2,block,74,1024,1,False,,0,14.0,14.0,102400,3584.6364203728767,96.1440125252054,0.0938906372316459,206.37765452884722,0.20154067825082736,22.723199178434626,0.022190624197690065,1.703229161675029,10,1024,0.6247459028798029,1021,264,454,797,967,0.2578125,0.443359375,0.7783203125,0.9443359375,timm:resnet101.a3_in1k,timm/resnet101.a3_in1k,imagenet_val[6400],100.0,True,,,,,,6400.0,493.7925480119885,26.41268976808944,0.025793642351649843,60.40725608635395,0.058991461021830026,8.796583758732218,0.008590413826886932,2.3693894260424977,10.0,1024.0,0.7064572058992191,1022.0,72.0,129.0,380.0,796.0,0.0703125,0.1259765625,0.37109375,0.77734375,6.25,False
layer3.3.conv1,conv,75,256,1,False,256.0,0,14.0,14.0,102400,147584.31695501032,16.35088658388356,0.06387065071829516,34.09160276115738,0.13317032328577103,5.872236349576715,0.022938423240534044,2.7705847306076192,10,256,0.9405799707839023,256,40,61,116,198,0.15625,0.23828125,0.453125,0.7734375,timm:resnet101.a3_in1k,timm/resnet101.a3_in1k,imagenet_val[6400],400.0,True,0.15625,0.23828125,0.453125,0.7734375,1.0,6400.0,24647.3485764836,7.9491999822754185,0.031051562430763353,15.848541111268833,0.06190836371589388,3.9563520504799885,0.015454500197187455,3.1801098793649283,10.0,256.0,0.9518944912930221,256.0,19.0,32.0,72.0,146.0,0.07421875,0.125,0.28125,0.5703125,25.0,False
layer3.3.act1,act,76,256,1,False,,0,14.0,14.0,102400,52.33723817424706,33.51674369253366,0.1309247800489596,74.59580707030422,0.29138987136837585,11.760283739337458,0.045938608356786946,1.7733226891882856,10,256,0.6079383371755398,256,105,146,206,236,0.41015625,0.5703125,0.8046875,0.921875,timm:resnet101.a3_in1k,timm/resnet101.a3_in1k,imagenet_val[6400],400.0,True,,,,,,6400.0,6.213292178965068,11.075339666436285,0.04326304557201674,23.7438347608486,0.09274935453456484,5.261854116609059,0.020554117643004136,2.33934511329231,10.0,256.0,0.6483199651332424,256.0,32.0,61.0,147.0,218.0,0.125,0.23828125,0.57421875,0.8515625,25.0,False
layer3.3.conv2,conv,77,256,1,False,256.0,0,14.0,14.0,102400,18033.29948307251,29.770044052244707,0.11628923457908089,50.7175717910613,0.19811551480883322,11.333530236834202,0.0442716024876336,2.84830276202639,10,256,0.620860237946645,256,50,78,153,221,0.1953125,0.3046875,0.59765625,0.86328125,timm:resnet101.a3_in1k,timm/resnet101.a3_in1k,imagenet_val[6400],400.0,True,0.1953125,0.3046875,0.59765625,0.86328125,1.0,6400.0,2251.8363079719556,7.532924542352736,0.029425486493565373,13.282451712479865,0.051884577001874474,3.801364834250275,0.014849081383790137,3.7663247899637238,10.0,256.0,0.7290487393509048,256.0,13.0,22.0,59.0,129.0,0.05078125,0.0859375,0.23046875,0.50390625,25.0,False
layer3.3.act2,act,78,256,1,False,,0,14.0,14.0,102400,34.73075067174924,74.7742784774793,0.2920870253026535,118.8251055002457,0.46416056836033476,22.85681572009208,0.08928443640660969,3.581917865481451,10,256,0.17705057374756805,240,129,160,196,213,0.50390625,0.625,0.765625,0.83203125,timm:resnet101.a3_in1k,timm/resnet101.a3_in1k,imagenet_val[6400],400.0,True,,,,,,6400.0,2.9485614297484735,14.096391758062852,0.055064030304933016,31.52046951124784,0.12312683402831187,5.442245988830637,0.021258773393869675,4.561138849165286,10.0,256.0,0.23412842948048251,242.0,44.0,74.0,149.0,201.0,0.171875,0.2890625,0.58203125,0.78515625,25.0,False
layer3.3.conv3,conv,79,1024,1,False,256.0,0,14.0,14.0,102400,1801.0350094298221,29.126925865272405,0.028444263540305083,54.01815556417354,0.05275210504313822,8.765477225494498,0.008560036353021971,8.411399738496764,10,1024,0.8132382028885533,616,56,83,147,200,0.0546875,0.0810546875,0.1435546875,0.1953125,timm:resnet101.a3_in1k,timm/resnet101.a3_in1k,imagenet_val[6400],100.0,True,0.21875,0.32421875,0.57421875,0.78125,0.25,6400.0,215.91174155661216,7.107537077713614,0.006940954177454701,15.14745581519832,0.01479243731952961,3.2305691783977495,0.0031548527132790522,8.060239361982232,10.0,1024.0,0.8484977218920298,619.0,19.0,32.0,75.0,153.0,0.0185546875,0.03125,0.0732421875,0.1494140625,6.25,False
layer3.3.act3,act,80,1024,1,False,,0,14.0,14.0,102400,3426.4116334577675,107.27609601037271,0.1047618125101296,228.10764821229958,0.2227613752073238,24.944254398822967,0.024359623436350553,1.6864667027031286,10,1024,0.47519760781425857,1019,295,488,815,969,0.2880859375,0.4765625,0.7958984375,0.9462890625,timm:resnet101.a3_in1k,timm/resnet101.a3_in1k,imagenet_val[6400],100.0,True,,,,,,6400.0,439.4325247695909,28.081581098234217,0.027423419041244353,65.88714414678289,0.06434291420584266,9.186765233310844,0.008971450423155121,2.336526677726317,10.0,1024.0,0.6442790874000578,1019.0,82.0,147.0,421.0,824.0,0.080078125,0.1435546875,0.4111328125,0.8046875,6.25,False
layer3.3,block,81,1024,1,False,,0,14.0,14.0,102400,3438.6562413876295,107.38877214565231,0.10487184779848858,228.2080406815884,0.22285941472811366,24.903883964769673,0.024320199184345383,1.6878074513489345,10,1024,0.5055922463141882,1017,295,489,815,969,0.2880859375,0.4775390625,0.7958984375,0.9462890625,timm:resnet101.a3_in1k,timm/resnet101.a3_in1k,imagenet_val[6400],100.0,True,,,,,,6400.0,439.4325247695909,28.081581098234217,0.027423419041244353,65.88714414678289,0.06434291420584266,9.186765233310844,0.008971450423155121,2.336526677726317,10.0,1024.0,0.6442790874000578,1019.0,82.0,147.0,421.0,824.0,0.080078125,0.1435546875,0.4111328125,0.8046875,6.25,False
layer3.4.conv1,conv,82,256,1,False,256.0,0,14.0,14.0,102400,158516.68137546684,18.608288648062583,0.07268862753149447,36.51682426030797,0.142643844766828,6.971251321626179,0.02723145047510226,2.55561019848593,10,256,0.9586986111021581,256,41,63,126,212,0.16015625,0.24609375,0.4921875,0.828125,timm:resnet101.a3_in1k,timm/resnet101.a3_in1k,imagenet_val[6400],400.0,True,0.16015625,0.24609375,0.4921875,0.828125,1.0,6400.0,22079.098218979678,10.530781139108015,0.041135863824640684,20.482474530588924,0.08000966613511298,4.605264476276631,0.01798931436045559,2.9920217756292913,10.0,256.0,0.9635493934352012,256.0,23.0,36.0,82.0,164.0,0.08984375,0.140625,0.3203125,0.640625,25.0,False
layer3.4.act1,act,83,256,1,False,,0,14.0,14.0,102400,50.14377228084569,46.54047568297101,0.1817987331366055,101.34242325343034,0.39586884083371227,13.794888689654938,0.0538862839439646,1.1920456142610882,10,256,0.9161926206076051,256,137,180,233,251,0.53515625,0.703125,0.91015625,0.98046875,timm:resnet101.a3_in1k,timm/resnet101.a3_in1k,imagenet_val[6400],400.0,True,,,,,,6400.0,4.97710330152667,13.545316152697874,0.05291139122147607,33.167647637528454,0.12956112358409552,5.870439906318012,0.022931405884054734,1.747965040125838,10.0,256.0,0.9547696378555391,256.0,49.0,90.0,183.0,242.0,0.19140625,0.3515625,0.71484375,0.9453125,25.0,False
layer3.4.conv2,conv,84,256,1,False,256.0,0,14.0,14.0,102400,18781.241320904533,24.312892725893906,0.09497223721052307,46.64939675199574,0.18222420606248335,10.353297768697342,0.04044256940897399,2.252433448048664,10,256,0.6117290501587251,256,52,85,173,238,0.203125,0.33203125,0.67578125,0.9296875,timm:resnet101.a3_in1k,timm/resnet101.a3_in1k,imagenet_val[6400],400.0,True,0.203125,0.33203125,0.67578125,0.9296875,1.0,6400.0,2711.294863955375,10.037554681994864,0.03920919797654244,16.93795691372265,0.0661638941942291,4.8930998088725115,0.019113671128408248,3.340346414576426,10.0,256.0,0.7572145851722466,256.0,16.0,26.0,65.0,146.0,0.0625,0.1015625,0.25390625,0.5703125,25.0,False
layer3.4.act2,act,85,256,1,False,,0,14.0,14.0,102400,37.41766480713079,71.74545532369872,0.28025568485819813,129.38386857213348,0.5054057366098964,18.20967770219267,0.07113155352419012,1.1854277961908501,10,256,0.8716141026904864,252,149,185,227,246,0.58203125,0.72265625,0.88671875,0.9609375,timm:resnet101.a3_in1k,timm/resnet101.a3_in1k,imagenet_val[6400],400.0,True,,,,,,6400.0,3.6464189732991175,20.85071134917316,0.08144809120770766,45.363180878422256,0.17719992530633694,7.249839778495807,0.028319686634749246,2.265353523458406,10.0,256.0,0.24592314258930292,252.0,59.0,97.0,183.0,236.0,0.23046875,0.37890625,0.71484375,0.921875,25.0,False
layer3.4.conv3,conv,86,1024,1,False,256.0,0,14.0,14.0,102400,1905.791457902542,34.25327102201007,0.03345045998243171,65.226292666609,0.06369755143223535,10.137517977461597,0.00989991989986484,8.333961443321677,10,1024,0.7734088389102736,619,70,100,173,231,0.068359375,0.09765625,0.1689453125,0.2255859375,timm:resnet101.a3_in1k,timm/resnet101.a3_in1k,imagenet_val[6400],100.0,True,0.2734375,0.390625,0.67578125,0.90234375,0.25,6400.0,211.56995971368488,16.468885346208257,0.0160828958459065,30.63706801904719,0.029919011737350773,6.916000549308377,0.006753906786433962,8.315583457065204,10.0,1024.0,0.8101285872315015,628.0,33.0,51.0,107.0,193.0,0.0322265625,0.0498046875,0.1044921875,0.1884765625,6.25,False
layer3.4.act3,act,87,1024,1,False,,0,14.0,14.0,102400,3363.924700551987,122.26998878137634,0.11940428591931283,257.57947196582097,0.25154245309162204,27.275378971822718,0.026636112277170623,1.6980906717632807,10,1024,0.3233991414839713,1016,331,523,831,972,0.3232421875,0.5107421875,0.8115234375,0.94921875,timm:resnet101.a3_in1k,timm/resnet101.a3_in1k,imagenet_val[6400],100.0,True,,,,,,6400.0,409.55811220711746,30.21762236411524,0.02950939683995629,74.1947687673902,0.0724558288744045,9.38223492796932,0.009162338796845039,2.290457898539562,10.0,1024.0,0.6266969196623833,1019.0,97.0,172.0,462.0,844.0,0.0947265625,0.16796875,0.451171875,0.82421875,6.25,False
layer3.4,block,88,1024,1,False,,0,14.0,14.0,102400,3364.5156546199946,122.21002168220107,0.11934572429902449,257.5301806313086,0.2514943170227623,27.334125890640074,0.026693482315078197,1.6916763748111194,10,1024,0.33749946286230414,1016,331,523,831,972,0.3232421875,0.5107421875,0.8115234375,0.94921875,timm:resnet101.a3_in1k,timm/resnet101.a3_in1k,imagenet_val[6400],100.0,True,,,,,,6400.0,409.55811220711746,30.21762236411524,0.02950939683995629,74.1947687673902,0.0724558288744045,9.38223492796932,0.009162338796845039,2.290457898539562,10.0,1024.0,0.6266969196623833,1019.0,97.0,172.0,462.0,844.0,0.0947265625,0.16796875,0.451171875,0.82421875,6.25,False
layer3.5.conv1,conv,89,256,1,False,256.0,0,14.0,14.0,102400,115524.34289105213,30.42645951710346,0.11885335748868539,54.69047931656701,0.21363468483033987,11.695862237575248,0.045686961865528314,2.3721541469304808,10,256,0.9486177839411964,256,56,84,152,228,0.21875,0.328125,0.59375,0.890625,timm:resnet101.a3_in1k,timm/resnet101.a3_in1k,imagenet_val[6400],400.0,True,0.21875,0.328125,0.59375,0.890625,1.0,6400.0,18820.149291083424,13.877924710879226,0.054210643401871976,26.97644994638269,0.10537675760305738,5.8063464620585465,0.022681040867416197,2.8978348006828663,10.0,256.0,0.9608640345950638,256.0,30.0,46.0,97.0,182.0,0.1171875,0.1796875,0.37890625,0.7109375,25.0,False
layer3.5.act1,act,90,256,1,False,,0,14.0,14.0,102400,36.06251889671929,69.95122259313848,0.2732469632544472,124.92998746251037,0.4880077635254311,23.154891473718962,0.0904487948192147,1.2142449933795048,10,256,0.8891666719679778,256,146,184,230,250,0.5703125,0.71875,0.8984375,0.9765625,timm:resnet101.a3_in1k,timm/resnet101.a3_in1k,imagenet_val[6400],400.0,True,,,,,,6400.0,3.5662755172675045,21.26166937751602,0.08305339600592196,50.834397897420196,0.19857186678679764,7.0387262047850365,0.02749502423744155,1.7916846840804008,10.0,256.0,0.9219860819086234,256.0,71.0,113.0,194.0,240.0,0.27734375,0.44140625,0.7578125,0.9375,25.0,False
layer3.5.conv2,conv,91,256,1,False,256.0,0,14.0,14.0,102400,10621.698782972682,25.083243947025053,0.09798142166806662,52.73281477020021,0.20598755769609456,8.098556882963457,0.031634987824076005,1.7895926721881776,10,256,0.9855760036484155,256,65,105,194,246,0.25390625,0.41015625,0.7578125,0.9609375,timm:resnet101.a3_in1k,timm/resnet101.a3_in1k,imagenet_val[6400],400.0,True,0.25390625,0.41015625,0.7578125,0.9609375,1.0,6400.0,2164.835978572737,11.592257748016635,0.04528225682818998,22.41354676952818,0.08755291706846945,4.6700188477839335,0.01824226112415599,3.2250383346234943,10.0,256.0,0.953197047967822,256.0,24.0,36.0,79.0,157.0,0.09375,0.140625,0.30859375,0.61328125,25.0,False
layer3.5.act2,act,92,256,1,False,,0,14.0,14.0,102400,27.340405244314994,72.05396027467614,0.2814607823229537,125.58931172738119,0.49058324893508276,20.307072290614187,0.07932450113521167,1.3288586117565704,10,256,0.7841553310505793,256,144,180,224,246,0.5625,0.703125,0.875,0.9609375,timm:resnet101.a3_in1k,timm/resnet101.a3_in1k,imagenet_val[6400],400.0,True,,,,,,6400.0,4.267092520166709,25.395554297075897,0.09920138397295272,50.10356901893857,0.1957170664802288,9.285039525984393,0.036269685648376536,1.9966075146166113,10.0,256.0,0.9147248176160887,256.0,59.0,96.0,181.0,236.0,0.23046875,0.375,0.70703125,0.921875,25.0,False
layer3.5.conv3,conv,93,1024,1,False,256.0,0,14.0,14.0,102400,1385.2479731332887,30.85831182900663,0.030135070145514288,58.98837189005464,0.05760583192388148,10.58429783191567,0.010336228351480146,8.286782118236832,10,1024,0.77557646927582,624,65,98,174,231,0.0634765625,0.095703125,0.169921875,0.2255859375,timm:resnet101.a3_in1k,timm/resnet101.a3_in1k,imagenet_val[6400],100.0,True,0.25390625,0.3828125,0.6796875,0.90234375,0.25,6400.0,248.0104036567275,18.58528736707692,0.018149694694411054,32.06925763636807,0.031317634410515695,8.260882432491222,0.008067268000479709,8.317418027130588,10.0,1024.0,0.8122015969763553,631.0,32.0,50.0,106.0,194.0,0.03125,0.048828125,0.103515625,0.189453125,6.25,False
layer3.5.act3,act,94,1024,1,False,,0,14.0,14.0,102400,3192.2248899657725,129.0129334440051,0.12598919281641124,275.1888678294269,0.2687391287396747,28.76110755469243,0.028087019096379326,1.6152831643465262,10,1024,0.5479165964221608,1019,359,547,836,969,0.3505859375,0.5341796875,0.81640625,0.9462890625,timm:resnet101.a3_in1k,timm/resnet101.a3_in1k,imagenet_val[6400],100.0,True,,,,,,6400.0,386.2119070008856,31.72602761557377,0.03098244884333376,79.43706444262389,0.0775752582447499,9.634053675090948,0.009408255542081004,2.274593582680263,10.0,1024.0,0.6241722279145687,1019.0,106.0,189.0,488.0,850.0,0.103515625,0.1845703125,0.4765625,0.830078125,6.25,False
layer3.5,block,95,1024,1,False,,0,14.0,14.0,102400,3191.472739382144,129.18824494723123,0.1261603954562805,275.41782984471155,0.2689627244577261,28.895262931259786,0.028218030206308385,1.663022594412587,10,1024,0.35075830997903523,1017,359,548,837,969,0.3505859375,0.53515625,0.8173828125,0.9462890625,timm:resnet101.a3_in1k,timm/resnet101.a3_in1k,imagenet_val[6400],100.0,True,,,,,,6400.0,386.2119070008856,31.72602761557377,0.03098244884333376,79.43706444262389,0.0775752582447499,9.634053675090948,0.009408255542081004,2.274593582680263,10.0,1024.0,0.6241722279145687,1019.0,106.0,189.0,488.0,850.0,0.103515625,0.1845703125,0.4765625,0.830078125,6.25,False
layer3.6.conv1,conv,96,256,1,False,256.0,0,14.0,14.0,102400,123196.85345770018,23.53551545211256,0.09193560723481468,45.793236291477335,0.17887982926358334,8.303605637103036,0.032435959519933735,2.2607659867716614,10,256,0.9589489976314485,256,51,80,154,229,0.19921875,0.3125,0.6015625,0.89453125,timm:resnet101.a3_in1k,timm/resnet101.a3_in1k,imagenet_val[6400],400.0,True,0.19921875,0.3125,0.6015625,0.89453125,1.0,6400.0,23111.991995917182,10.9288418242584,0.04269078837600938,21.023921802543153,0.08212469454118419,4.804481585609185,0.01876750619378588,2.7690212057056436,10.0,256.0,0.9639691235871599,256.0,24.0,40.0,91.0,180.0,0.09375,0.15625,0.35546875,0.703125,25.0,False
layer3.6.act1,act,97,256,1,False,,0,14.0,14.0,102400,37.27958246118425,57.25919628202817,0.22366873547667254,118.90652738950897,0.4644786226152694,14.750447380416965,0.05761893507975377,1.070087141413924,10,256,0.9474254234337283,256,153,193,237,253,0.59765625,0.75390625,0.92578125,0.98828125,timm:resnet101.a3_in1k,timm/resnet101.a3_in1k,imagenet_val[6400],400.0,True,,,,,,6400.0,5.231028813553326,12.306466648023658,0.048072135343842415,31.565002573093757,0.12330079130114749,4.936843806613978,0.01928454611958585,1.6652752899673715,10.0,256.0,0.9617321337116082,256.0,54.0,95.0,187.0,242.0,0.2109375,0.37109375,0.73046875,0.9453125,25.0,False
layer3.6.conv2,conv,98,256,1,False,256.0,0,14.0,14.0,102400,11707.630618270432,31.69556854856199,0.12381081464282027,60.97590365140179,0.23818712363828823,11.537206734718218,0.04506721380749304,1.8598399474807683,10,256,0.9826101361519122,256,68,107,193,247,0.265625,0.41796875,0.75390625,0.96484375,timm:resnet101.a3_in1k,timm/resnet101.a3_in1k,imagenet_val[6400],400.0,True,0.265625,0.41796875,0.75390625,0.96484375,1.0,6400.0,3086.742682799615,10.414592048573777,0.040682000189741316,19.1589305958225,0.07483957263993164,4.935335789963221,0.019278655429543833,3.1603954912113665,10.0,256.0,0.9480996248263704,256.0,21.0,33.0,77.0,153.0,0.08203125,0.12890625,0.30078125,0.59765625,25.0,False
layer3.6.act2,act,99,256,1,False,,0,14.0,14.0,102400,46.022401212004716,82.23977190421,0.3212491090008203,143.39069252625822,0.5601198926806962,22.155426086000613,0.0865446331484399,1.029206312471177,10,256,0.9042997684382346,256,164,201,239,252,0.640625,0.78515625,0.93359375,0.984375,timm:resnet101.a3_in1k,timm/resnet101.a3_in1k,imagenet_val[6400],400.0,True,,,,,,6400.0,8.949620349558966,20.57535206561673,0.08037246900631535,45.76711928951041,0.17877780972465004,7.483945891402299,0.02923416363829023,1.9388344849907642,10.0,256.0,0.9621909256495156,256.0,59.0,96.0,177.0,240.0,0.23046875,0.375,0.69140625,0.9375,25.0,False
layer3.6.conv3,conv,100,1024,1,False,256.0,0,14.0,14.0,102400,2243.601180625292,36.48720793772744,0.03563203900168695,69.12191133706925,0.06750186654010669,12.067514301684072,0.011784681935238352,8.32572016425133,10,1024,0.7648300418108519,624,75,109,185,240,0.0732421875,0.1064453125,0.1806640625,0.234375,timm:resnet101.a3_in1k,timm/resnet101.a3_in1k,imagenet_val[6400],100.0,True,0.29296875,0.42578125,0.72265625,0.9375,0.25,6400.0,530.2308073180847,13.726831080124631,0.01340510847668421,28.265802841722113,0.02760332308761925,5.4098460023615305,0.005283052736681182,8.273085017220579,10.0,1024.0,0.8115848499101266,630.0,33.0,50.0,105.0,190.0,0.0322265625,0.048828125,0.1025390625,0.185546875,6.25,False
layer3.6.act3,act,101,1024,1,False,,0,14.0,14.0,102400,2922.3786222289677,135.03609050744424,0.13187118213617602,294.86144452699557,0.2879506294208941,30.291958353219297,0.02958199057931572,1.674454301022835,10,1024,0.3154743404169581,1017,390,573,840,962,0.380859375,0.5595703125,0.8203125,0.939453125,timm:resnet101.a3_in1k,timm/resnet101.a3_in1k,imagenet_val[6400],100.0,True,,,,,,6400.0,357.95200344412336,33.912441737742334,0.033117618884514,89.4212926884142,0.08732548114102949,9.557858985277162,0.009333846665309729,2.3200201375303053,10.0,1024.0,0.5137166181970848,1018.0,120.0,208.0,509.0,852.0,0.1171875,0.203125,0.4970703125,0.83203125,6.25,False
layer3.6,block,102,1024,1,False,,0,14.0,14.0,102400,2921.974115915184,134.93876390396787,0.13177613662496862,294.7205004778918,0.2878129887479412,30.3874348336901,0.02967522932977549,1.6368148429133764,10,1024,0.3471813430236438,1016,390,573,840,961,0.380859375,0.5595703125,0.8203125,0.9384765625,timm:resnet101.a3_in1k,timm/resnet101.a3_in1k,imagenet_val[6400],100.0,True,,,,,,6400.0,357.95200344412336,33.912441737742334,0.033117618884514,89.4212926884142,0.08732548114102949,9.557858985277162,0.009333846665309729,2.3200201375303053,10.0,1024.0,0.5137166181970848,1018.0,120.0,208.0,509.0,852.0,0.1171875,0.203125,0.4970703125,0.83203125,6.25,False
layer3.7.conv1,conv,103,256,1,False,256.0,0,14.0,14.0,102400,106302.34341264593,17.574781206927387,0.0686514890895601,39.815950904180525,0.15553105821945518,5.843276569826003,0.022825299100882823,2.287233306852332,10,256,0.9538327566156707,256,50,77,148,227,0.1953125,0.30078125,0.578125,0.88671875,timm:resnet101.a3_in1k,timm/resnet101.a3_in1k,imagenet_val[6400],400.0,True,0.1953125,0.30078125,0.578125,0.88671875,1.0,6400.0,16336.112312627705,5.654265736595558,0.0220869755335764,14.377231387120007,0.05616106010593753,2.73865347144483,0.010697865122831367,2.6197999355610415,10.0,256.0,0.9492642126783373,256.0,23.0,41.0,98.0,185.0,0.08984375,0.16015625,0.3828125,0.72265625,25.0,False
layer3.7.act1,act,104,256,1,False,,0,14.0,14.0,102400,68.50194867018529,39.671999401708,0.15496874766292187,90.15278492919914,0.35215931612968415,11.440093680081416,0.04468786593781803,1.2622468077216003,10,256,0.9357233304407128,256,127,172,228,251,0.49609375,0.671875,0.890625,0.98046875,timm:resnet101.a3_in1k,timm/resnet101.a3_in1k,imagenet_val[6400],400.0,True,,,,,,6400.0,7.208109564948906,8.074689686553965,0.031541756588101426,22.61472946734228,0.08833878698180578,3.388715634282988,0.013237170446417921,1.737702777683373,10.0,256.0,0.963640312523254,256.0,40.0,77.0,173.0,238.0,0.15625,0.30078125,0.67578125,0.9296875,25.0,False
layer3.7.conv2,conv,105,256,1,False,256.0,0,14.0,14.0,102400,20077.13288301298,32.29879466202868,0.12616716664854954,58.7903148773639,0.22964966748970272,12.630141181177368,0.049336488988974095,2.0263199702491206,10,256,0.9655959128958337,256,63,97,180,241,0.24609375,0.37890625,0.703125,0.94140625,timm:resnet101.a3_in1k,timm/resnet101.a3_in1k,imagenet_val[6400],400.0,True,0.24609375,0.37890625,0.703125,0.94140625,1.0,6400.0,1883.3520520182183,8.560747881217736,0.03344042141100678,15.894559961219535,0.06208812484851381,4.052324110039161,0.015829391054840474,2.969233072511202,10.0,256.0,0.953829662451994,256.0,17.0,29.0,73.0,156.0,0.06640625,0.11328125,0.28515625,0.609375,25.0,False
layer3.7.act2,act,106,256,1,False,,0,14.0,14.0,102400,48.171410241177,70.0905118302165,0.2737910618367832,127.33392476434966,0.49739814361074086,17.48249883780849,0.06829101108518941,1.2455411955222682,10,256,0.8109441124544808,256,147,184,229,248,0.57421875,0.71875,0.89453125,0.96875,timm:resnet101.a3_in1k,timm/resnet101.a3_in1k,imagenet_val[6400],400.0,True,,,,,,6400.0,2.9736513058091663,15.866987649662617,0.0619804205064946,36.33891327279989,0.14194887997187458,6.330677382985595,0.02472920852728748,1.9288256079248214,10.0,256.0,0.9327250004101533,256.0,48.0,84.0,176.0,236.0,0.1875,0.328125,0.6875,0.921875,25.0,False
layer3.7.conv3,conv,107,1024,1,False,256.0,0,14.0,14.0,102400,2626.7947051018764,21.185753653991483,0.020689212552726058,49.907235323192396,0.048737534495305074,6.07291042425378,0.005930576586185332,8.173359565667008,10,1024,0.7811241151942052,627,61,91,165,230,0.0595703125,0.0888671875,0.1611328125,0.224609375,timm:resnet101.a3_in1k,timm/resnet101.a3_in1k,imagenet_val[6400],100.0,True,0.23828125,0.35546875,0.64453125,0.8984375,0.25,6400.0,215.26634149904513,7.683043134129886,0.007502971810673717,17.122527502906735,0.016721218264557358,3.5624274683981456,0.003478933074607564,7.9959605931001265,10.0,1024.0,0.8195656256877786,631.0,22.0,36.0,84.0,179.0,0.021484375,0.03515625,0.08203125,0.1748046875,6.25,False
layer3.7.act3,act,108,1024,1,False,,0,14.0,14.0,102400,2751.7499805376206,130.209716245989,0.12715792602147363,288.4541820864651,0.28169353719381357,34.31714688681154,0.0335128387566519,1.686296228135904,10,1024,0.36693333978466136,1015,388,564,820,942,0.37890625,0.55078125,0.80078125,0.919921875,timm:resnet101.a3_in1k,timm/resnet101.a3_in1k,imagenet_val[6400],100.0,True,,,,,,6400.0,297.6495098952296,36.305480116806315,0.03545457042656867,96.57137086915569,0.09430797936440985,10.306045714067341,0.010064497767643888,2.4131677047988203,10.0,1024.0,0.49657427032473767,1018.0,129.0,221.0,519.0,839.0,0.1259765625,0.2158203125,0.5068359375,0.8193359375,6.25,False
layer3.7,block,109,1024,1,False,,0,14.0,14.0,102400,2756.262139877924,130.17515166149622,0.1271241715444299,288.54232440493786,0.2817796136766971,34.19215145157202,0.033390772901925804,1.7866031946206784,10,1024,0.2936093338881942,1017,388,564,820,942,0.37890625,0.55078125,0.80078125,0.919921875,timm:resnet101.a3_in1k,timm/resnet101.a3_in1k,imagenet_val[6400],100.0,True,,,,,,6400.0,297.6495098952296,36.305480116806315,0.03545457042656867,96.57137086915569,0.09430797936440985,10.306045714067341,0.010064497767643888,2.4131677047988203,10.0,1024.0,0.49657427032473767,1018.0,129.0,221.0,519.0,839.0,0.1259765625,0.2158203125,0.5068359375,0.8193359375,6.25,False
layer3.8.conv1,conv,110,256,1,False,256.0,0,14.0,14.0,102400,118600.91401126582,19.367149610593565,0.07565292816638111,36.669115043624,0.14323873063915624,7.8469262798291135,0.030652055780582475,2.3095343518375273,10,256,0.9795782829981193,256,38,64,140,225,0.1484375,0.25,0.546875,0.87890625,timm:resnet101.a3_in1k,timm/resnet101.a3_in1k,imagenet_val[6400],400.0,True,0.1484375,0.25,0.546875,0.87890625,1.0,6400.0,12885.789425037636,6.739017996238979,0.02632428904780851,15.696894658326489,0.06131599475908785,3.0518076204856635,0.011921123517522123,2.51358036911056,10.0,256.0,0.9581578086673046,256.0,22.0,40.0,99.0,191.0,0.0859375,0.15625,0.38671875,0.74609375,25.0,False
layer3.8.act1,act,111,256,1,False,,0,14.0,14.0,102400,56.731852903764626,38.06469888715163,0.14869023002793605,88.9905046727398,0.34761915887788986,12.26529573002943,0.047911311445427464,1.2355527534192647,10,256,0.8403482439905524,256,130,176,231,250,0.5078125,0.6875,0.90234375,0.9765625,timm:resnet101.a3_in1k,timm/resnet101.a3_in1k,imagenet_val[6400],400.0,True,,,,,,6400.0,4.650492009823163,7.772971684557412,0.03036317064280239,20.434857549945296,0.07982366230447381,3.2661090449610475,0.012758238456879092,1.7141153927007655,10.0,256.0,0.920316991027321,256.0,33.0,69.0,169.0,237.0,0.12890625,0.26953125,0.66015625,0.92578125,25.0,False
layer3.8.conv2,conv,112,256,1,False,256.0,0,14.0,14.0,102400,25272.02785384478,24.62587353187225,0.09619481848387598,48.55289938042981,0.18965976320480393,9.544159456104603,0.03728187287540861,1.9523828666376453,10,256,0.9822975665556581,256,56,91,178,242,0.21875,0.35546875,0.6953125,0.9453125,timm:resnet101.a3_in1k,timm/resnet101.a3_in1k,imagenet_val[6400],400.0,True,0.21875,0.35546875,0.6953125,0.9453125,1.0,6400.0,2960.1307450220447,5.928427792403961,0.023157921064077974,10.335837923301371,0.04037436688789598,3.0532394270562255,0.011926716511938381,2.8843999870307035,10.0,256.0,0.961632971827324,256.0,10.0,17.0,53.0,136.0,0.0390625,0.06640625,0.20703125,0.53125,25.0,False
layer3.8.act2,act,113,256,1,False,,0,14.0,14.0,102400,37.46537029376037,85.97267406992384,0.33583075808564,146.49485148953934,0.5722455136310131,23.220343513541234,0.09070446684977045,1.06148727875394,10,256,0.7180278515035764,256,165,202,241,251,0.64453125,0.7890625,0.94140625,0.98046875,timm:resnet101.a3_in1k,timm/resnet101.a3_in1k,imagenet_val[6400],400.0,True,,,,,,6400.0,2.3718946964050382,11.094310942781249,0.04333715212023925,28.84676147532903,0.11268266201300402,4.304001434865789,0.01681250560494449,1.6896746378538074,10.0,256.0,0.89407872282364,256.0,46.0,87.0,186.0,243.0,0.1796875,0.33984375,0.7265625,0.94921875,25.0,False
layer3.8.conv3,conv,114,1024,1,False,256.0,0,14.0,14.0,102400,1767.9876216644807,36.98815814394545,0.036121248187446726,69.38137048708128,0.06775524461629032,12.316777439423628,0.012028102968187137,8.412795707651869,10,1024,0.7665994215107953,623,75,109,184,240,0.0732421875,0.1064453125,0.1796875,0.234375,timm:resnet101.a3_in1k,timm/resnet101.a3_in1k,imagenet_val[6400],100.0,True,0.29296875,0.42578125,0.71875,0.9375,0.25,6400.0,137.66502431326242,7.6488046715460065,0.007469535812056647,17.108903105643865,0.016707913189105337,3.888409552424023,0.003797274953539085,8.144630026857893,10.0,1024.0,0.8078031410888752,631.0,25.0,42.0,97.0,193.0,0.0244140625,0.041015625,0.0947265625,0.1884765625,6.25,False
layer3.8.act3,act,115,1024,1,False,,0,14.0,14.0,102400,2964.476972365496,141.20105090332197,0.13789165127277536,311.86124048566637,0.30455199266178357,36.63392811717329,0.03577532042692704,1.613259049327863,10,1024,0.29996961750145323,1017,414,594,846,960,0.404296875,0.580078125,0.826171875,0.9375,timm:resnet101.a3_in1k,timm/resnet101.a3_in1k,imagenet_val[6400],100.0,True,,,,,,6400.0,300.83546384744255,35.07030987543564,0.03424834948773012,100.12917424744106,0.09778239672601666,9.5880722162974,0.00936335177372793,2.2878387340338597,10.0,1024.0,0.49404226227219394,1019.0,141.0,239.0,549.0,864.0,0.1376953125,0.2333984375,0.5361328125,0.84375,6.25,False
layer3.8,block,116,1024,1,False,,0,14.0,14.0,102400,2969.202749179223,141.21696452021484,0.1379071919142723,311.98605903143863,0.3046738857728893,36.60778694811844,0.03574979194152191,1.6190446309993274,10,1024,0.30924888218512525,1018,415,594,846,960,0.4052734375,0.580078125,0.826171875,0.9375,timm:resnet101.a3_in1k,timm/resnet101.a3_in1k,imagenet_val[6400],100.0,True,,,,,,6400.0,300.83546384744255,35.07030987543564,0.03424834948773012,100.12917424744106,0.09778239672601666,9.5880722162974,0.00936335177372793,2.2878387340338597,10.0,1024.0,0.49404226227219394,1019.0,141.0,239.0,549.0,864.0,0.1376953125,0.2333984375,0.5361328125,0.84375,6.25,False
layer3.9.conv1,conv,117,256,1,False,256.0,0,14.0,14.0,102400,117407.48110046641,30.837454802086764,0.12045880782065142,53.68910123724774,0.209723051707999,13.596565283184972,0.0531115831374413,2.243023428203965,10,256,0.964768573641245,256,56,85,160,233,0.21875,0.33203125,0.625,0.91015625,timm:resnet101.a3_in1k,timm/resnet101.a3_in1k,imagenet_val[6400],400.0,True,0.21875,0.33203125,0.625,0.91015625,1.0,6400.0,9587.763238025966,13.150744169819912,0.05137009441335903,29.587856554844183,0.11557756466736009,5.843822551370892,0.022827431841292548,2.4489925453994537,10.0,256.0,0.9445240762333313,256.0,40.0,64.0,129.0,212.0,0.15625,0.25,0.50390625,0.828125,25.0,False
layer3.9.act1,act,118,256,1,False,,0,14.0,14.0,102400,63.53708123905631,69.46379505849129,0.2713429494472316,127.41698354948714,0.49772259199018415,22.91465066289575,0.08951035415193652,1.039839448313106,10,256,0.9927525664373058,256,157,198,242,255,0.61328125,0.7734375,0.9453125,0.99609375,timm:resnet101.a3_in1k,timm/resnet101.a3_in1k,imagenet_val[6400],400.0,True,,,,,,6400.0,3.265128120627399,19.269369488359633,0.07527097456390482,48.85435694489423,0.19083733181599308,6.9886944001057705,0.027299587500413166,1.5384288470564298,10.0,256.0,0.9860916570561422,256.0,76.0,123.0,209.0,249.0,0.296875,0.48046875,0.81640625,0.97265625,25.0,False
layer3.9.conv2,conv,119,256,1,False,256.0,0,14.0,14.0,102400,19403.946850722445,39.43746791921428,0.15405260905943077,76.3794832233017,0.2983573563410223,11.265052001679413,0.04400410938156021,1.7485301808580875,10,256,0.969520814166054,256,86,126,205,249,0.3359375,0.4921875,0.80078125,0.97265625,timm:resnet101.a3_in1k,timm/resnet101.a3_in1k,imagenet_val[6400],400.0,True,0.3359375,0.4921875,0.80078125,0.97265625,1.0,6400.0,1552.1342007945136,9.60592741245495,0.03752315395490215,20.288984768979216,0.07925384675382506,4.261730011790056,0.016647382858554906,2.8742793770727517,10.0,256.0,0.962507748036141,256.0,24.0,38.0,88.0,176.0,0.09375,0.1484375,0.34375,0.6875,25.0,False
layer3.9.act2,act,120,256,1,False,,0,14.0,14.0,102400,63.2034083142093,98.20560249693139,0.38361563475363825,159.31458684955365,0.6223226048810689,23.811561192324216,0.09301391090751647,0.9293745925033912,10,256,0.9766557157292807,256,174,209,244,255,0.6796875,0.81640625,0.953125,0.99609375,timm:resnet101.a3_in1k,timm/resnet101.a3_in1k,imagenet_val[6400],400.0,True,,,,,,6400.0,3.6541850544777623,18.789519385027333,0.07339656009776302,44.46596703954208,0.17369518374821125,7.2959116671899205,0.028499654949960627,1.6608238138719507,10.0,256.0,0.9906812903751505,256.0,62.0,105.0,200.0,248.0,0.2421875,0.41015625,0.78125,0.96875,25.0,False
layer3.9.conv3,conv,121,1024,1,False,256.0,0,14.0,14.0,102400,3531.063962992642,34.46420944286775,0.033656454534050535,73.05918100790488,0.07134685645303211,9.241054339032651,0.009024467127961573,8.372555460330844,10,1024,0.7550701422941362,623,84,121,197,246,0.08203125,0.1181640625,0.1923828125,0.240234375,timm:resnet101.a3_in1k,timm/resnet101.a3_in1k,imagenet_val[6400],100.0,True,0.328125,0.47265625,0.76953125,0.9609375,0.25,6400.0,235.47018512258427,13.265930233511803,0.01295500999366387,27.985658940457952,0.02732974505904097,5.489324827221688,0.00536066877658368,8.286740259294916,10.0,1024.0,0.7956475899086342,630.0,34.0,55.0,117.0,212.0,0.033203125,0.0537109375,0.1142578125,0.20703125,6.25,False
layer3.9.act3,act,122,1024,1,False,,0,14.0,14.0,102400,2939.1058723841716,161.33345260349392,0.15755219980809954,346.3870341980485,0.33826858808403176,34.71086328032702,0.033897327422194354,1.5260144832016092,10,1024,0.33229694201278115,1019,450,628,866,969,0.439453125,0.61328125,0.845703125,0.9462890625,timm:resnet101.a3_in1k,timm/resnet101.a3_in1k,imagenet_val[6400],100.0,True,,,,,,6400.0,295.9138573671905,36.777468757468476,0.03591549683346531,105.46872152231049,0.10299679836163134,10.037292987445321,0.009802043933052071,2.169887181025405,10.0,1024.0,0.5890087721629438,1019.0,150.0,253.0,572.0,878.0,0.146484375,0.2470703125,0.55859375,0.857421875,6.25,False
layer3.9,block,123,1024,1,False,,0,14.0,14.0,102400,2941.124023908188,161.25629436024624,0.15747684996117797,346.3861439811244,0.3382677187315668,34.50136791281488,0.03369274210235828,1.5247504685994988,10,1024,0.3306773792370268,1019,450,628,866,969,0.439453125,0.61328125,0.845703125,0.9462890625,timm:resnet101.a3_in1k,timm/resnet101.a3_in1k,imagenet_val[6400],100.0,True,,,,,,6400.0,295.9138573671905,36.777468757468476,0.03591549683346531,105.46872152231049,0.10299679836163134,10.037292987445321,0.009802043933052071,2.169887181025405,10.0,1024.0,0.5890087721629438,1019.0,150.0,253.0,572.0,878.0,0.146484375,0.2470703125,0.55859375,0.857421875,6.25,False
layer3.10.conv1,conv,124,256,1,False,256.0,0,14.0,14.0,102400,101962.15836729862,36.94885259401324,0.14433145544536422,69.71868519871043,0.2723386140574626,11.176927362916738,0.043659872511393506,2.00183638112786,10,256,0.9483650385476445,256,75,109,185,242,0.29296875,0.42578125,0.72265625,0.9453125,timm:resnet101.a3_in1k,timm/resnet101.a3_in1k,imagenet_val[6400],400.0,True,0.29296875,0.42578125,0.72265625,0.9453125,1.0,6400.0,11658.83992052193,16.110425897881488,0.06293135116359956,36.42767933026854,0.14229562238386148,5.988965614339366,0.02339439693101315,2.430932664703864,10.0,256.0,0.946559848382318,256.0,46.0,71.0,137.0,218.0,0.1796875,0.27734375,0.53515625,0.8515625,25.0,False
layer3.10.act1,act,125,256,1,False,,0,14.0,14.0,102400,36.66099310282793,102.37448615456181,0.39990033654125706,164.1430432059252,0.6411837625231454,24.79220609633941,0.09684455506382582,0.8650051465699904,10,256,0.9894549885790667,256,180,213,246,255,0.703125,0.83203125,0.9609375,0.99609375,timm:resnet101.a3_in1k,timm/resnet101.a3_in1k,imagenet_val[6400],400.0,True,,,,,,6400.0,2.4316179743324176,27.387014932901785,0.1069805270816476,66.64500814997682,0.26033206308584694,9.006887531890422,0.03518315442144696,1.4359020475182913,10.0,256.0,0.9869773065711366,256.0,97.0,145.0,221.0,252.0,0.37890625,0.56640625,0.86328125,0.984375,25.0,False
layer3.10.conv2,conv,126,256,1,False,256.0,0,14.0,14.0,102400,8528.819912573845,41.390338054179786,0.1616810080241398,85.31784173657135,0.33327281928348185,11.243072763452997,0.04391825298223827,1.5372051503378412,10,256,0.9714154996200757,256,102,146,219,252,0.3984375,0.5703125,0.85546875,0.984375,timm:resnet101.a3_in1k,timm/resnet101.a3_in1k,imagenet_val[6400],400.0,True,0.3984375,0.5703125,0.85546875,0.984375,1.0,6400.0,1630.6985612928588,14.88166294915369,0.0581314958951316,29.77809534227777,0.11632068493077254,5.7845176147206665,0.022595771932502604,3.0153682139866276,10.0,256.0,0.9353957210473134,256.0,34.0,51.0,102.0,180.0,0.1328125,0.19921875,0.3984375,0.703125,25.0,False
layer3.10.act2,act,127,256,1,False,,0,14.0,14.0,102400,53.537859833879,103.76950840150843,0.4053496421933923,162.87851143828254,0.6362441853057912,27.490781599976017,0.10738586562490632,0.9123859490192412,10,256,0.9714703904405537,256,177,211,244,254,0.69140625,0.82421875,0.953125,0.9921875,timm:resnet101.a3_in1k,timm/resnet101.a3_in1k,imagenet_val[6400],400.0,True,,,,,,6400.0,7.944208687302052,27.487520195772777,0.10737312576473741,59.96490723807588,0.2342379188987339,8.628744035087376,0.03370603138706006,1.752183040948562,10.0,256.0,0.9785355000667746,256.0,74.0,116.0,201.0,247.0,0.2890625,0.453125,0.78515625,0.96484375,25.0,False
layer3.10.conv3,conv,128,1024,1,False,256.0,0,14.0,14.0,102400,3167.606932130408,49.13010640022443,0.04797861953146917,85.39655422692346,0.08339507248722994,15.735441494864448,0.015366642084828562,8.443767977651396,10,1024,0.7522253627487594,622,89,127,202,247,0.0869140625,0.1240234375,0.197265625,0.2412109375,timm:resnet101.a3_in1k,timm/resnet101.a3_in1k,imagenet_val[6400],100.0,True,0.34765625,0.49609375,0.7890625,0.96484375,0.25,6400.0,573.4026129392571,20.108043983703414,0.019636761702835365,38.924788971603206,0.038012489230081256,7.30891147782869,0.00713760886506708,8.394540229312835,10.0,1024.0,0.7965628252204751,634.0,41.0,61.0,126.0,214.0,0.0400390625,0.0595703125,0.123046875,0.208984375,6.25,False
layer3.10.act3,act,129,1024,1,False,,0,14.0,14.0,102400,3054.3861848123975,175.64126204176873,0.17152466996266477,368.3231843264401,0.3596906096937892,37.56176635682615,0.036681412457838035,1.4411360753137006,10,1024,0.38606369549707953,1020,471,647,873,973,0.4599609375,0.6318359375,0.8525390625,0.9501953125,timm:resnet101.a3_in1k,timm/resnet101.a3_in1k,imagenet_val[6400],100.0,True,,,,,,6400.0,341.43433138454253,39.427715339658185,0.038503628261384946,109.81446195092019,0.1072406854989455,10.540697979828177,0.010293650370925955,2.183150239189443,10.0,1024.0,0.508172799660422,1020.0,153.0,259.0,580.0,885.0,0.1494140625,0.2529296875,0.56640625,0.8642578125,6.25,False
layer3.10,block,130,1024,1,False,,0,14.0,14.0,102400,3056.657449897072,175.67370315717224,0.17155635073942602,368.48449435202616,0.35984813901565055,37.49644807508326,0.036617625073323494,1.4724562596013981,10,1024,0.3328842469465495,1020,471,647,873,973,0.4599609375,0.6318359375,0.8525390625,0.9501953125,timm:resnet101.a3_in1k,timm/resnet101.a3_in1k,imagenet_val[6400],100.0,True,,,,,,6400.0,341.43433138454253,39.427715339658185,0.038503628261384946,109.81446195092019,0.1072406854989455,10.540697979828177,0.010293650370925955,2.183150239189443,10.0,1024.0,0.508172799660422,1020.0,153.0,259.0,580.0,885.0,0.1494140625,0.2529296875,0.56640625,0.8642578125,6.25,False
layer3.11.conv1,conv,131,256,1,False,256.0,0,14.0,14.0,102400,103313.76213158306,36.79976050480132,0.14374906447188016,70.74884793181943,0.27636268723366963,10.992506931718554,0.0429394802020256,2.0284735592643184,10,256,0.9408916299344463,256,76,109,183,242,0.296875,0.42578125,0.71484375,0.9453125,timm:resnet101.a3_in1k,timm/resnet101.a3_in1k,imagenet_val[6400],400.0,True,0.296875,0.42578125,0.71484375,0.9453125,1.0,6400.0,15033.017605867753,12.431803956206641,0.04856173420393219,28.90311708372666,0.11290280110830726,5.02759518922445,0.01963904370790801,2.4284628532552137,10.0,256.0,0.9456937655420619,256.0,40.0,64.0,129.0,213.0,0.15625,0.25,0.50390625,0.83203125,25.0,False
layer3.11.act1,act,132,256,1,False,,0,14.0,14.0,102400,46.245320735842945,79.54643671964818,0.3107282684361257,143.47085325902094,0.5604330205430506,17.972080126603405,0.07020343799454455,0.993402997901193,10,256,0.9557075149321409,256,166,203,242,254,0.6484375,0.79296875,0.9453125,0.9921875,timm:resnet101.a3_in1k,timm/resnet101.a3_in1k,imagenet_val[6400],400.0,True,,,,,,6400.0,4.722143877920334,16.041197365830797,0.06266092721027655,42.10333873004176,0.16446616691422564,6.100939874402344,0.023831796384384155,1.5940127121918288,10.0,256.0,0.9605227013236771,256.0,69.0,114.0,201.0,246.0,0.26953125,0.4453125,0.78515625,0.9609375,25.0,False
layer3.11.conv2,conv,133,256,1,False,256.0,0,14.0,14.0,102400,12120.153242866685,32.64769706978285,0.12753006667883926,73.6332857457771,0.2876300224444418,8.670911011227712,0.03387074613760825,1.6321840227131363,10,256,0.9655277952668999,256,92,134,211,250,0.359375,0.5234375,0.82421875,0.9765625,timm:resnet101.a3_in1k,timm/resnet101.a3_in1k,imagenet_val[6400],400.0,True,0.359375,0.5234375,0.82421875,0.9765625,1.0,6400.0,2097.745723997626,10.929786303352333,0.04269447774747005,22.05348008185739,0.08614640656975543,5.02815493900924,0.019641230230504843,2.9435660223188522,10.0,256.0,0.9425445105771063,256.0,26.0,42.0,93.0,174.0,0.1015625,0.1640625,0.36328125,0.6796875,25.0,False
layer3.11.act2,act,134,256,1,False,,0,14.0,14.0,102400,53.85099580716449,94.68251498883536,0.36985357417513814,156.5072136146749,0.6113563031823238,26.15646381717869,0.10217368678585426,0.921564378636003,10,256,0.9598446665873898,256,174,209,244,254,0.6796875,0.81640625,0.953125,0.9921875,timm:resnet101.a3_in1k,timm/resnet101.a3_in1k,imagenet_val[6400],400.0,True,,,,,,6400.0,6.748572941419079,20.90809225999658,0.08167223539061164,48.142838528440684,0.18805796300172142,7.542106244778981,0.029461352518667893,1.7896242195437566,10.0,256.0,0.97592374251688,256.0,63.0,103.0,192.0,245.0,0.24609375,0.40234375,0.75,0.95703125,25.0,False
layer3.11.conv3,conv,135,1024,1,False,256.0,0,14.0,14.0,102400,3137.379635731148,34.22406641394478,0.03342193985736795,72.5789359869337,0.07087786717473994,9.038985033203218,0.008827133821487518,8.311842508503263,10,1024,0.754331810773399,623,84,122,199,245,0.08203125,0.119140625,0.1943359375,0.2392578125,timm:resnet101.a3_in1k,timm/resnet101.a3_in1k,imagenet_val[6400],100.0,True,0.328125,0.4765625,0.77734375,0.95703125,0.25,6400.0,488.2821098540439,13.844799603876018,0.013520312113160174,28.2139639122392,0.027552699133046095,5.876095374034348,0.005738374388705418,8.234877417582382,10.0,1024.0,0.7993085208401639,632.0,33.0,53.0,115.0,206.0,0.0322265625,0.0517578125,0.1123046875,0.201171875,6.25,False
layer3.11.act3,act,136,1024,1,False,,0,14.0,14.0,102400,3094.2745354459425,190.00166006603035,0.18554849615823277,389.5987331491546,0.3804675128409713,42.99748728759733,0.04198973367929427,1.3212405109728333,10,1024,0.7751319370290541,1023,493,668,887,978,0.4814453125,0.65234375,0.8662109375,0.955078125,timm:resnet101.a3_in1k,timm/resnet101.a3_in1k,imagenet_val[6400],100.0,True,,,,,,6400.0,352.4240594029351,39.530087390124265,0.03860360096691823,113.68630286867571,0.11102178014519112,10.377525443163426,0.010134302190589283,2.05359364369001,10.0,1024.0,0.6891844442697208,1023.0,163.0,276.0,605.0,901.0,0.1591796875,0.26953125,0.5908203125,0.8798828125,6.25,False
layer3.11,block,137,1024,1,False,,0,14.0,14.0,102400,3098.955941097877,189.86983633293144,0.18541976204387836,389.5794780658306,0.3804487090486627,43.10544238386524,0.0420951585779934,1.3613199020840365,10,1024,0.4823439379825568,1023,493,668,887,979,0.4814453125,0.65234375,0.8662109375,0.9560546875,timm:resnet101.a3_in1k,timm/resnet101.a3_in1k,imagenet_val[6400],100.0,True,,,,,,6400.0,352.4240594029351,39.530087390124265,0.03860360096691823,113.68630286867571,0.11102178014519112,10.377525443163426,0.010134302190589283,2.05359364369001,10.0,1024.0,0.6891844442697208,1023.0,163.0,276.0,605.0,901.0,0.1591796875,0.26953125,0.5908203125,0.8798828125,6.25,False
layer3.12.conv1,conv,138,256,1,False,256.0,0,14.0,14.0,102400,104695.40187561474,44.66457199708203,0.17447098436360167,76.84190351006393,0.3001636855861872,15.797910071595078,0.061710586217168274,1.995118344792519,10,256,0.9490777249349479,256,78,113,188,243,0.3046875,0.44140625,0.734375,0.94921875,timm:resnet101.a3_in1k,timm/resnet101.a3_in1k,imagenet_val[6400],400.0,True,0.3046875,0.44140625,0.734375,0.94921875,1.0,6400.0,11579.104111553128,14.317606100145445,0.055928148828693146,34.99848572597014,0.13671283486707086,5.109136086810369,0.019957562839103004,2.2642676498443572,10.0,256.0,0.9402479986122794,256.0,49.0,77.0,147.0,224.0,0.19140625,0.30078125,0.57421875,0.875,25.0,False
layer3.12.act1,act,139,256,1,False,,0,14.0,14.0,102400,38.588646920822484,104.41813623815676,0.40788334468029985,163.132116122147,0.6372348286021368,32.28040103072257,0.12609531652626005,0.9051980238225316,10,256,0.9829988391130319,256,177,210,245,255,0.69140625,0.8203125,0.95703125,0.99609375,timm:resnet101.a3_in1k,timm/resnet101.a3_in1k,imagenet_val[6400],400.0,True,,,,,,6400.0,2.4589942946146013,23.230813251659345,0.09074536426429432,59.40359819811455,0.23204530546138497,7.718676020219956,0.030151078203984202,1.4346019804180778,10.0,256.0,0.9793114380247249,256.0,92.0,141.0,218.0,250.0,0.359375,0.55078125,0.8515625,0.9765625,25.0,False
layer3.12.conv2,conv,140,256,1,False,256.0,0,14.0,14.0,102400,9658.888986932545,35.25135203001477,0.1377005938672452,84.72918093704067,0.3309733630353151,8.476651585188124,0.03311192025464111,1.493063051790547,10,256,0.9565721732636502,256,107,150,220,252,0.41796875,0.5859375,0.859375,0.984375,timm:resnet101.a3_in1k,timm/resnet101.a3_in1k,imagenet_val[6400],400.0,True,0.41796875,0.5859375,0.859375,0.984375,1.0,6400.0,1210.392403013385,10.912777712964415,0.042628037941267245,23.877905931452055,0.09327307004473459,4.6183583517896585,0.018040462311678353,2.7843573812220863,10.0,256.0,0.9325373371773809,256.0,31.0,51.0,106.0,188.0,0.12109375,0.19921875,0.4140625,0.734375,25.0,False
layer3.12.act2,act,141,256,1,False,,0,14.0,14.0,102400,58.10895233106062,108.51543602857197,0.42388842198660925,171.4723017415259,0.6698136786778356,28.089053200773563,0.10972286406552173,0.7977987891895181,10,256,0.9891492740696928,256,185,217,248,256,0.72265625,0.84765625,0.96875,1.0,timm:resnet101.a3_in1k,timm/resnet101.a3_in1k,imagenet_val[6400],400.0,True,,,,,,6400.0,5.717144208162364,17.697573216801178,0.0691311453781296,44.98261165424086,0.17571332677437837,6.176882544974935,0.02412844744130834,1.6209099752954939,10.0,256.0,0.9897220076332239,256.0,67.0,111.0,203.0,248.0,0.26171875,0.43359375,0.79296875,0.96875,25.0,False
layer3.12.conv3,conv,142,1024,1,False,256.0,0,14.0,14.0,102400,3293.8584486224954,37.538367531979354,0.03665856204294859,79.01258256452645,0.07716072516067037,10.395010654558718,0.010151377592342498,8.372711252443846,10,1024,0.746358584142859,624,93,133,208,249,0.0908203125,0.1298828125,0.203125,0.2431640625,timm:resnet101.a3_in1k,timm/resnet101.a3_in1k,imagenet_val[6400],100.0,True,0.36328125,0.51953125,0.8125,0.97265625,0.25,6400.0,425.15445936621,10.247395841597685,0.01000722250156024,24.047341272949023,0.02348373171186428,4.21082866934753,0.004112137372409697,8.293373017198688,10.0,1024.0,0.7926707682696862,631.0,33.0,54.0,120.0,214.0,0.0322265625,0.052734375,0.1171875,0.208984375,6.25,False
layer3.12.act3,act,143,1024,1,False,,0,14.0,14.0,102400,3330.6578861441653,190.59868070262837,0.18613152412366052,397.8459205404266,0.38852140677776037,43.06576315441902,0.04205640933048732,1.2931035505461348,10,1024,0.7354906982842067,1023,507,682,895,980,0.4951171875,0.666015625,0.8740234375,0.95703125,timm:resnet101.a3_in1k,timm/resnet101.a3_in1k,imagenet_val[6400],100.0,True,,,,,,6400.0,401.58335498015293,34.162302232592964,0.033361623274016566,106.50934535541398,0.10401303257364647,9.026991617196401,0.00881542150116836,2.0218428110621094,10.0,1024.0,0.6652639518839127,1023.0,161.0,276.0,614.0,907.0,0.1572265625,0.26953125,0.599609375,0.8857421875,6.25,False
layer3.12,block,144,1024,1,False,,0,14.0,14.0,102400,3333.488716810931,190.66065628861105,0.18619204715684673,398.0776672576379,0.38874772193128704,43.007886147082324,0.04199988881551008,1.3353111655277485,10,1024,0.4594668611307775,1023,507,682,895,980,0.4951171875,0.666015625,0.8740234375,0.95703125,timm:resnet101.a3_in1k,timm/resnet101.a3_in1k,imagenet_val[6400],100.0,True,,,,,,6400.0,401.58335498015293,34.162302232592964,0.033361623274016566,106.50934535541398,0.10401303257364647,9.026991617196401,0.00881542150116836,2.0218428110621094,10.0,1024.0,0.6652639518839127,1023.0,161.0,276.0,614.0,907.0,0.1572265625,0.26953125,0.599609375,0.8857421875,6.25,False
layer3.13.conv1,conv,145,256,1,False,256.0,0,14.0,14.0,102400,115099.8100582836,29.00660177739622,0.11330703819295398,57.420184103800736,0.22429759415547162,10.470921497100543,0.040902037098048995,2.0266181391844773,10,256,0.9550911213045506,256,66,100,177,240,0.2578125,0.390625,0.69140625,0.9375,timm:resnet101.a3_in1k,timm/resnet101.a3_in1k,imagenet_val[6400],400.0,True,0.2578125,0.390625,0.69140625,0.9375,1.0,6400.0,23292.045771658064,6.981409661874995,0.0272711314916992,16.40093514570768,0.06406615291292063,3.4239930769896305,0.013374972956990744,2.402437036343248,10.0,256.0,0.9569627849624792,256.0,25.0,45.0,109.0,201.0,0.09765625,0.17578125,0.42578125,0.78515625,25.0,False
layer3.13.act1,act,146,256,1,False,,0,14.0,14.0,102400,45.0294797202217,54.004903338691314,0.21095665366676294,111.61638350981045,0.43600149808519706,15.522233228665174,0.060633723549473335,1.1771084901160724,10,256,0.8576559036301536,256,145,186,233,250,0.56640625,0.7265625,0.91015625,0.9765625,timm:resnet101.a3_in1k,timm/resnet101.a3_in1k,imagenet_val[6400],400.0,True,,,,,,6400.0,7.381818978647676,8.020654477849773,0.031330681554100674,21.15868250141068,0.08265110352113547,3.8736069008087997,0.015131276956284374,1.8383101286735744,10.0,256.0,0.9144496070075504,256.0,37.0,71.0,166.0,233.0,0.14453125,0.27734375,0.6484375,0.91015625,25.0,False
layer3.13.conv2,conv,147,256,1,False,256.0,0,14.0,14.0,102400,13278.518052803913,26.68544755480295,0.10424002951094902,56.67219072970197,0.2213757450378983,8.52487110795784,0.03330027776546031,1.962298308296008,10,256,0.9316945160793954,256,69,105,185,239,0.26953125,0.41015625,0.72265625,0.93359375,timm:resnet101.a3_in1k,timm/resnet101.a3_in1k,imagenet_val[6400],400.0,True,0.26953125,0.41015625,0.72265625,0.93359375,1.0,6400.0,2203.4597938875377,7.4442674100742225,0.029079169570602432,14.745851910025985,0.057600984023539005,3.586122551045405,0.014008291215021113,3.0581891898958946,10.0,256.0,0.9351291001614754,256.0,17.0,29.0,74.0,155.0,0.06640625,0.11328125,0.2890625,0.60546875,25.0,False
layer3.13.act2,act,148,256,1,False,,0,14.0,14.0,102400,36.898638118368446,68.227300766688,0.266512893619875,122.67792949336427,0.4792106620834542,16.485059982577273,0.06439476555694247,2.009303826507948,10,256,0.23078265884363003,253,139,174,215,234,0.54296875,0.6796875,0.83984375,0.9140625,timm:resnet101.a3_in1k,timm/resnet101.a3_in1k,imagenet_val[6400],400.0,True,,,,,,6400.0,4.386117285579969,12.131376122550652,0.047388187978713484,28.189562553235447,0.11011547872357597,5.554581257234967,0.02169758303607409,2.909620106586506,10.0,256.0,0.4754200151641713,256.0,40.0,72.0,155.0,211.0,0.15625,0.28125,0.60546875,0.82421875,25.0,False
layer3.13.conv3,conv,149,1024,1,False,256.0,0,14.0,14.0,102400,1868.8492268905036,22.448608345195893,0.021922469087105365,52.47474098004203,0.051244864238322294,6.534520133043919,0.006381367317425702,8.212091608716365,10,1024,0.790875241821893,624,63,94,165,218,0.0615234375,0.091796875,0.1611328125,0.212890625,timm:resnet101.a3_in1k,timm/resnet101.a3_in1k,imagenet_val[6400],100.0,True,0.24609375,0.3671875,0.64453125,0.8515625,0.25,6400.0,273.040640730379,7.957970951290904,0.007771456007120024,15.715952356614183,0.015347609723256038,4.17983685762128,0.004081871931270781,7.9533634426361735,10.0,1024.0,0.8314463595526784,630.0,19.0,35.0,83.0,169.0,0.0185546875,0.0341796875,0.0810546875,0.1650390625,6.25,False
layer3.13.act3,act,150,1024,1,False,,0,14.0,14.0,102400,3409.267392624625,198.90193931593564,0.1942401751132184,411.2509729053269,0.4016122782278583,45.8606648119097,0.04478580548038057,1.2157884934167442,10,1024,0.8805488086921684,1024,520,697,911,992,0.5078125,0.6806640625,0.8896484375,0.96875,timm:resnet101.a3_in1k,timm/resnet101.a3_in1k,imagenet_val[6400],100.0,True,,,,,,6400.0,392.04320603504715,39.345578795927224,0.03842341679289768,117.92706278275014,0.11516314724877943,10.39124132880495,0.010147696610161084,1.900781861013925,10.0,1024.0,0.9205418119112346,1024.0,174.0,295.0,639.0,923.0,0.169921875,0.2880859375,0.6240234375,0.9013671875,6.25,False
layer3.13,block,151,1024,1,False,,0,14.0,14.0,102400,3407.808023379701,198.8404558761994,0.19418013269160098,411.1447184971104,0.40150851415733435,46.02770760649256,0.04494893320946539,1.2164320626303189,10,1024,0.8792095904562075,1024,520,697,911,992,0.5078125,0.6806640625,0.8896484375,0.96875,timm:resnet101.a3_in1k,timm/resnet101.a3_in1k,imagenet_val[6400],100.0,True,,,,,,6400.0,392.04320603504715,39.345578795927224,0.03842341679289768,117.92706278275014,0.11516314724877943,10.39124132880495,0.010147696610161084,1.900781861013925,10.0,1024.0,0.9205418119112346,1024.0,174.0,295.0,639.0,923.0,0.169921875,0.2880859375,0.6240234375,0.9013671875,6.25,False
layer3.14.conv1,conv,152,256,1,False,256.0,0,14.0,14.0,102400,112892.31191386378,41.70296262385415,0.16290219774943027,75.64997695222665,0.29550772246963536,13.143829454479715,0.051343083806561385,1.9240028155882893,10,256,0.9502504197629985,256,81,117,192,245,0.31640625,0.45703125,0.75,0.95703125,timm:resnet101.a3_in1k,timm/resnet101.a3_in1k,imagenet_val[6400],400.0,True,0.31640625,0.45703125,0.75,0.95703125,1.0,6400.0,11613.5634189777,16.584988178775383,0.06478511007334134,39.04070095740954,0.15250273811488102,6.232330232908508,0.02434503997229886,2.1951349542036844,10.0,256.0,0.9397686829471448,256.0,54.0,83.0,154.0,229.0,0.2109375,0.32421875,0.6015625,0.89453125,25.0,False
layer3.14.act1,act,153,256,1,False,,0,14.0,14.0,102400,32.893541448954245,102.8681395774899,0.4018286702245699,163.36088009316572,0.6381284378639286,27.982281654303925,0.10930578771212471,0.900533424165353,10,256,0.9232404782350381,256,177,210,244,254,0.69140625,0.8203125,0.953125,0.9921875,timm:resnet101.a3_in1k,timm/resnet101.a3_in1k,imagenet_val[6400],400.0,True,,,,,,6400.0,1.8411888362467408,25.84550714479859,0.10095901228436949,64.56034003659737,0.25218882826795846,8.401917379038778,0.03281998976187023,1.4492649607715433,10.0,256.0,0.9516872374566954,256.0,97.0,145.0,218.0,249.0,0.37890625,0.56640625,0.8515625,0.97265625,25.0,False
layer3.14.conv2,conv,154,256,1,False,256.0,0,14.0,14.0,102400,7975.512478350757,44.98639658478141,0.17572811165930238,90.94252057193971,0.3552442209841395,12.480609098392213,0.04875237929059458,1.4788144168098063,10,256,0.9689654419071184,256,110,153,222,252,0.4296875,0.59765625,0.8671875,0.984375,timm:resnet101.a3_in1k,timm/resnet101.a3_in1k,imagenet_val[6400],400.0,True,0.4296875,0.59765625,0.8671875,0.984375,1.0,6400.0,735.0397914220275,13.56411838055589,0.052984837424046444,29.702200328999435,0.11602422003515404,5.265924596893933,0.020570017956616928,2.7072491639685015,10.0,256.0,0.929955018808356,256.0,37.0,59.0,119.0,196.0,0.14453125,0.23046875,0.46484375,0.765625,25.0,False
layer3.14.act2,act,155,256,1,False,,0,14.0,14.0,102400,45.46304941944412,110.25742954885791,0.4306930841752262,170.75096406771164,0.6669959533894986,28.893674180820064,0.11286591476882837,0.8496405093656447,10,256,0.9644504515538717,256,182,213,245,255,0.7109375,0.83203125,0.95703125,0.99609375,timm:resnet101.a3_in1k,timm/resnet101.a3_in1k,imagenet_val[6400],400.0,True,,,,,,6400.0,2.8115697198437517,26.054070842462558,0.10177371422836937,61.34256873195071,0.23961940910918247,9.178657449266648,0.035854130661197844,1.56379138614834,10.0,256.0,0.9730544385782378,256.0,85.0,132.0,212.0,248.0,0.33203125,0.515625,0.828125,0.96875,25.0,False
layer3.14.conv3,conv,156,1024,1,False,256.0,0,14.0,14.0,102400,2423.6873679129812,44.24386388640771,0.04320689832657003,87.2643239114408,0.0852190663197664,11.857265647543986,0.011579360983929674,8.426421106755592,10,1024,0.7448656026806215,621,98,137,209,248,0.095703125,0.1337890625,0.2041015625,0.2421875,timm:resnet101.a3_in1k,timm/resnet101.a3_in1k,imagenet_val[6400],100.0,True,0.3828125,0.53515625,0.81640625,0.96875,0.25,6400.0,178.04626788311563,15.620246966614205,0.015254147428334185,35.82985755166202,0.034990095265294945,5.604238118050378,0.005472888787158572,8.417406784109634,10.0,1024.0,0.7823975498791267,630.0,45.0,71.0,144.0,225.0,0.0439453125,0.0693359375,0.140625,0.2197265625,6.25,False
layer3.14.act3,act,157,1024,1,False,,0,14.0,14.0,102400,3493.5598619727944,211.7115301067848,0.20674954111990704,432.6217005862652,0.4224821294787746,44.25801457492008,0.04322071735832039,1.1770160824794054,10,1024,0.8859505523324109,1024,540,712,918,996,0.52734375,0.6953125,0.896484375,0.97265625,timm:resnet101.a3_in1k,timm/resnet101.a3_in1k,imagenet_val[6400],100.0,True,,,,,,6400.0,391.0424247905918,42.9560603180514,0.04194927765434707,127.2318023441955,0.12424980697675342,11.030300252577398,0.010771777590407615,1.8623506902751177,10.0,1024.0,0.9217232290206228,1024.0,186.0,314.0,661.0,931.0,0.181640625,0.306640625,0.6455078125,0.9091796875,6.25,False
layer3.14,block,158,1024,1,False,,0,14.0,14.0,102400,3494.849904715191,211.73303291193616,0.20677053995306266,432.60970222658506,0.42247041233064947,44.07784445406411,0.043044769974671986,1.1774627226411454,10,1024,0.8865184568011346,1024,540,712,917,996,0.52734375,0.6953125,0.8955078125,0.97265625,timm:resnet101.a3_in1k,timm/resnet101.a3_in1k,imagenet_val[6400],100.0,True,,,,,,6400.0,391.0424247905918,42.9560603180514,0.04194927765434707,127.2318023441955,0.12424980697675342,11.030300252577398,0.010771777590407615,1.8623506902751177,10.0,1024.0,0.9217232290206228,1024.0,186.0,314.0,661.0,931.0,0.181640625,0.306640625,0.6455078125,0.9091796875,6.25,False
layer3.15.conv1,conv,159,256,1,False,256.0,0,14.0,14.0,102400,101025.06331779943,47.773422960992995,0.1866149334413789,85.97642046079913,0.3358453924249966,13.894417183808727,0.05427506712425284,1.8656977551254024,10,256,0.9318235340571536,256,90,126,197,246,0.3515625,0.4921875,0.76953125,0.9609375,timm:resnet101.a3_in1k,timm/resnet101.a3_in1k,imagenet_val[6400],400.0,True,0.3515625,0.4921875,0.76953125,0.9609375,1.0,6400.0,13294.409734642564,16.009383921349624,0.06253665594277197,37.57940818941204,0.1467945632398908,6.348645457972794,0.024799396320206227,2.214591888130977,10.0,256.0,0.9291360054300202,256.0,54.0,83.0,151.0,226.0,0.2109375,0.32421875,0.58984375,0.8828125,25.0,False
layer3.15.act1,act,160,256,1,False,,0,14.0,14.0,102400,27.1511959961232,86.35644505858922,0.3373298635101141,149.26393848235088,0.5830622596966831,19.569969596449024,0.076445193736129,0.9836857375080057,10,256,0.9157901975786448,256,168,203,240,252,0.65625,0.79296875,0.9375,0.984375,timm:resnet101.a3_in1k,timm/resnet101.a3_in1k,imagenet_val[6400],400.0,True,,,,,,6400.0,2.2813542237100948,18.881746318598527,0.0737568215570255,50.969708639386425,0.19910042437260322,6.408698927215957,0.02503398018443733,1.5569271328152632,10.0,256.0,0.9168805122666674,256.0,83.0,129.0,208.0,246.0,0.32421875,0.50390625,0.8125,0.9609375,25.0,False
layer3.15.conv2,conv,161,256,1,False,256.0,0,14.0,14.0,102400,7042.000741000438,25.87926620691138,0.10109088362074758,64.99247574136693,0.2538768583647146,6.913987687034693,0.02700776440247927,1.6790619212912887,10,256,0.9433260930212002,256,86,128,206,247,0.3359375,0.5,0.8046875,0.96484375,timm:resnet101.a3_in1k,timm/resnet101.a3_in1k,imagenet_val[6400],400.0,True,0.3359375,0.5,0.8046875,0.96484375,1.0,6400.0,924.8805586412452,9.406288151430504,0.036743313091525405,22.135926856580316,0.08646846428351686,3.9343999676185137,0.01536874987350982,2.9100239343132737,10.0,256.0,0.912254270201024,256.0,31.0,50.0,104.0,181.0,0.12109375,0.1953125,0.40625,0.70703125,25.0,False
layer3.15.act2,act,162,256,1,False,,0,14.0,14.0,102400,56.25609293568796,86.94431308866825,0.33962622300261036,144.6057882987113,0.564866360541841,26.171245790723592,0.10223142887001403,1.1743142541513012,10,256,0.7224129804944341,256,159,194,232,248,0.62109375,0.7578125,0.90625,0.96875,timm:resnet101.a3_in1k,timm/resnet101.a3_in1k,imagenet_val[6400],400.0,True,,,,,,6400.0,5.6695166403687525,20.515844968070905,0.08014001940652697,49.975102454868676,0.19521524396433076,6.742831128868987,0.02633918409714448,1.9311203051656838,10.0,256.0,0.8085609766817108,256.0,69.0,109.0,191.0,235.0,0.26953125,0.42578125,0.74609375,0.91796875,25.0,False
layer3.15.conv3,conv,163,1024,1,False,256.0,0,14.0,14.0,102400,3442.7675037579993,27.2992368187402,0.026659410955800978,61.2836557950938,0.05984732011239629,8.541953832282852,0.008341751789338723,8.2386377692394,10,1024,0.7674675070319371,622,75,109,183,234,0.0732421875,0.1064453125,0.1787109375,0.228515625,timm:resnet101.a3_in1k,timm/resnet101.a3_in1k,imagenet_val[6400],100.0,True,0.29296875,0.42578125,0.71484375,0.9140625,0.25,6400.0,403.3928243479448,10.030196901524533,0.009795114161645052,25.24142603163886,0.024649830109022323,3.870194903248343,0.00377948721020346,8.242944618172658,10.0,1024.0,0.8059593861050588,632.0,35.0,55.0,116.0,202.0,0.0341796875,0.0537109375,0.11328125,0.197265625,6.25,False
layer3.15.act3,act,164,1024,1,False,,0,14.0,14.0,102400,3560.7991743347684,198.90478530340528,0.19424295439785672,428.5137564918831,0.4184704653241046,36.39549046713664,0.035542471159313124,1.168340972605666,10,1024,0.847579304810898,1024,546,717,919,994,0.533203125,0.7001953125,0.8974609375,0.970703125,timm:resnet101.a3_in1k,timm/resnet101.a3_in1k,imagenet_val[6400],100.0,True,,,,,,6400.0,403.77481983124,43.12930367827249,0.04211846062331298,129.56819572997836,0.126531441142557,10.919949585710599,0.010664013267295507,1.8559875093427374,10.0,1024.0,0.899928439524271,1024.0,191.0,322.0,671.0,932.0,0.1865234375,0.314453125,0.6552734375,0.91015625,6.25,False
layer3.15,block,165,1024,1,False,,0,14.0,14.0,102400,3568.454137370291,199.42548524507356,0.19475145043464215,429.0164638301516,0.41896139045913244,36.48436709773297,0.035629264743879854,1.1676819604620305,10,1024,0.8519870497491464,1024,546,718,919,994,0.533203125,0.701171875,0.8974609375,0.970703125,timm:resnet101.a3_in1k,timm/resnet101.a3_in1k,imagenet_val[6400],100.0,True,,,,,,6400.0,403.77481983124,43.12930367827249,0.04211846062331298,129.56819572997836,0.126531441142557,10.919949585710599,0.010664013267295507,1.8559875093427374,10.0,1024.0,0.899928439524271,1024.0,191.0,322.0,671.0,932.0,0.1865234375,0.314453125,0.6552734375,0.91015625,6.25,False
layer3.16.conv1,conv,166,256,1,False,256.0,0,14.0,14.0,102400,109477.0023041202,35.78300570407766,0.13977736603155336,66.12612428448173,0.25830517298625677,13.02973166562615,0.05089738931885215,2.003320445089381,10,256,0.9272594416205319,256,73,109,185,240,0.28515625,0.42578125,0.72265625,0.9375,timm:resnet101.a3_in1k,timm/resnet101.a3_in1k,imagenet_val[6400],400.0,True,0.28515625,0.42578125,0.72265625,0.9375,1.0,6400.0,13928.687762893991,12.876077331492013,0.050297177076140676,30.954784003827797,0.12091712501495233,4.78487929644926,0.01869093475175492,2.3287597093339913,10.0,256.0,0.9295735372542718,256.0,42.0,70.0,140.0,220.0,0.1640625,0.2734375,0.546875,0.859375,25.0,False
layer3.16.act1,act,167,256,1,False,,0,14.0,14.0,102400,63.78149616404177,65.63670178929814,0.2563933663644459,125.2506049154644,0.4892601754510328,17.73558640570633,0.06927963439729035,1.2304186157215808,10,256,0.389136921413915,255,156,194,236,250,0.609375,0.7578125,0.921875,0.9765625,timm:resnet101.a3_in1k,timm/resnet101.a3_in1k,imagenet_val[6400],400.0,True,,,,,,6400.0,6.021929928636849,16.39034069471738,0.06402476833873977,43.670779689419916,0.17058898316179655,5.82141991763031,0.0227399215532434,1.878183909759873,10.0,256.0,0.4480231793561331,256.0,71.0,117.0,201.0,242.0,0.27734375,0.45703125,0.78515625,0.9453125,25.0,False
layer3.16.conv2,conv,168,256,1,False,256.0,0,14.0,14.0,102400,20095.319848524618,25.300742904559957,0.09883102697093733,54.28547175190769,0.21205262403088943,8.941237591814243,0.03492670934302439,2.2794921836655084,10,256,0.7028619827366815,256,67,102,177,228,0.26171875,0.3984375,0.69140625,0.890625,timm:resnet101.a3_in1k,timm/resnet101.a3_in1k,imagenet_val[6400],400.0,True,0.26171875,0.3984375,0.69140625,0.890625,1.0,6400.0,2483.9688910822438,10.169855063695785,0.03972599634256166,20.45392303082846,0.07989813683917367,4.863618941863601,0.018998511491654692,3.4177629992612646,10.0,256.0,0.7956236322270521,256.0,25.0,40.0,88.0,163.0,0.09765625,0.15625,0.34375,0.63671875,25.0,False
layer3.16.act2,act,169,256,1,False,,0,14.0,14.0,102400,40.89914548233176,74.143717497725,0.2896238964754883,125.1903672443693,0.48902487204831757,20.525438481637103,0.08017749406889493,3.852582196443688,10,256,0.14864124956949887,237,138,168,202,221,0.5390625,0.65625,0.7890625,0.86328125,timm:resnet101.a3_in1k,timm/resnet101.a3_in1k,imagenet_val[6400],400.0,True,,,,,,6400.0,4.002845911543579,17.9258443840777,0.07002282962530351,42.8748371024837,0.16747983243157696,7.074210146840991,0.02763363338609762,4.918739079316778,10.0,256.0,0.19452600991111846,240.0,62.0,98.0,166.0,203.0,0.2421875,0.3828125,0.6484375,0.79296875,25.0,False
layer3.16.conv3,conv,170,1024,1,False,256.0,0,14.0,14.0,102400,1986.6464262514385,28.340024500845562,0.027675805176606994,61.70193458389391,0.060255795492083895,7.7955780410984,0.007612869180760156,8.342630648722327,10,1024,0.7908609772755105,614,73,105,166,207,0.0712890625,0.1025390625,0.162109375,0.2021484375,timm:resnet101.a3_in1k,timm/resnet101.a3_in1k,imagenet_val[6400],100.0,True,0.28515625,0.41015625,0.6484375,0.80859375,0.25,6400.0,222.40995334193602,10.518162870575066,0.010271643428295963,24.99951879193559,0.0244135925702496,4.158989295964674,0.004061512984340502,8.343878969990602,10.0,1024.0,0.8274178485749304,621.0,34.0,54.0,111.0,179.0,0.033203125,0.052734375,0.1083984375,0.1748046875,6.25,False
layer3.16.act3,act,171,1024,1,False,,0,14.0,14.0,102400,3370.1085767812515,212.2624034723239,0.20728750339094132,453.7702851581523,0.4431350440997581,43.193662268993286,0.042181310809563756,1.1119822530887566,10,1024,0.8616242266617633,1024,571,737,928,998,0.5576171875,0.7197265625,0.90625,0.974609375,timm:resnet101.a3_in1k,timm/resnet101.a3_in1k,imagenet_val[6400],100.0,True,,,,,,6400.0,386.58576846686407,45.55577261904186,0.04448805919828307,136.33347177666,0.13313815603189452,11.93237133944302,0.011652706386174824,1.80513709946186,10.0,1024.0,0.9097865756493878,1024.0,202.0,340.0,691.0,941.0,0.197265625,0.33203125,0.6748046875,0.9189453125,6.25,False
layer3.16,block,172,1024,1,False,,0,14.0,14.0,102400,3373.7294087680525,212.51643929756963,0.20753558525153284,454.0023929178276,0.443361711833816,43.31432306574435,0.042299143618890964,1.1115392042580903,10,1024,0.8617512148759484,1024,571,737,928,998,0.5576171875,0.7197265625,0.90625,0.974609375,timm:resnet101.a3_in1k,timm/resnet101.a3_in1k,imagenet_val[6400],100.0,True,,,,,,6400.0,386.58576846686407,45.55577261904186,0.04448805919828307,136.33347177666,0.13313815603189452,11.93237133944302,0.011652706386174824,1.80513709946186,10.0,1024.0,0.9097865756493878,1024.0,202.0,340.0,691.0,941.0,0.197265625,0.33203125,0.6748046875,0.9189453125,6.25,False
layer3.17.conv1,conv,173,256,1,False,256.0,0,14.0,14.0,102400,100292.08270864704,39.5037644606394,0.15431157992437267,75.71092146733805,0.29574578698178927,13.928287939968325,0.05440737476550127,1.8180612440581143,10,256,0.9423939916742974,256,87,124,198,245,0.33984375,0.484375,0.7734375,0.95703125,timm:resnet101.a3_in1k,timm/resnet101.a3_in1k,imagenet_val[6400],400.0,True,0.33984375,0.484375,0.7734375,0.95703125,1.0,6400.0,14336.703386900139,14.466511628109677,0.056509811047303425,33.71860264649295,0.13171329158786307,5.780672706365341,0.022580752759239615,2.203673933687266,10.0,256.0,0.9406833330359843,256.0,48.0,77.0,149.0,226.0,0.1875,0.30078125,0.58203125,0.8828125,25.0,False
layer3.17.act1,act,174,256,1,False,,0,14.0,14.0,102400,30.711923359645525,77.7781903083442,0.3038210558919695,137.61396239359465,0.5375545405999791,20.522552314781013,0.08016621997961333,1.3864501447324213,10,256,0.4306842232886664,256,159,191,226,240,0.62109375,0.74609375,0.8828125,0.9375,timm:resnet101.a3_in1k,timm/resnet101.a3_in1k,imagenet_val[6400],400.0,True,,,,,,6400.0,2.88745886032171,20.82774010622658,0.08135835978994758,50.132220334854345,0.1958289856830248,7.930546454036687,0.03097869708608081,2.1222822762549103,10.0,256.0,0.5502287487964561,256.0,77.0,119.0,193.0,229.0,0.30078125,0.46484375,0.75390625,0.89453125,25.0,False
layer3.17.conv2,conv,175,256,1,False,256.0,0,14.0,14.0,102400,8085.72280093926,29.709660489452887,0.11605336128692534,64.38865863302486,0.25151819778525336,9.753663300168268,0.0381002472662823,1.7821539797019978,10,256,0.8554309896887327,256,82,123,201,244,0.3203125,0.48046875,0.78515625,0.953125,timm:resnet101.a3_in1k,timm/resnet101.a3_in1k,imagenet_val[6400],400.0,True,0.3203125,0.48046875,0.78515625,0.953125,1.0,6400.0,1452.6352209667646,8.509829735530493,0.03324152240441599,19.857831795720664,0.07756965545203384,3.4991314538569505,0.013668482241628713,3.1015230369178632,10.0,256.0,0.879487318896157,256.0,27.0,44.0,95.0,170.0,0.10546875,0.171875,0.37109375,0.6640625,25.0,False
layer3.17.act2,act,176,256,1,False,,0,14.0,14.0,102400,40.371969149208134,77.52208488503683,0.3028206440821751,133.02803292421476,0.5196407536102139,22.791650148936284,0.08902988339428236,2.079279012381501,10,256,0.15891741990357688,254,148,181,219,238,0.578125,0.70703125,0.85546875,0.9296875,timm:resnet101.a3_in1k,timm/resnet101.a3_in1k,imagenet_val[6400],400.0,True,,,,,,6400.0,5.44196097954501,17.86797424442056,0.06979677439226781,43.05818313889691,0.16819602788631605,6.260767706280737,0.02445612385265913,2.777547664767713,10.0,256.0,0.34415325623402737,255.0,61.0,97.0,172.0,220.0,0.23828125,0.37890625,0.671875,0.859375,25.0,False
layer3.17.conv3,conv,177,1024,1,False,256.0,0,14.0,14.0,102400,2346.6840439005637,32.33555614383122,0.031577691546710175,66.65500940995116,0.06509278262690543,9.101113351767374,0.008887806007585326,8.319317132069308,10,1024,0.7768718838480889,621,76,110,178,224,0.07421875,0.107421875,0.173828125,0.21875,timm:resnet101.a3_in1k,timm/resnet101.a3_in1k,imagenet_val[6400],100.0,True,0.296875,0.4296875,0.6953125,0.875,0.25,6400.0,370.9811673096787,11.822932013700203,0.011545832044629105,26.01009681681256,0.025400485172668515,4.862354016015393,0.0047483925937650325,8.255600431410787,10.0,1024.0,0.81892573954257,630.0,34.0,53.0,111.0,189.0,0.033203125,0.0517578125,0.1083984375,0.1845703125,6.25,False
layer3.17.act3,act,178,1024,1,False,,0,14.0,14.0,102400,3297.1613377780277,170.1114310688539,0.16612444440317764,441.9362275356103,0.43157834720274446,22.391988784605772,0.021867176547466574,1.0772702266167746,10,1024,0.8655973210506536,1024,581,746,933,1000,0.5673828125,0.728515625,0.9111328125,0.9765625,timm:resnet101.a3_in1k,timm/resnet101.a3_in1k,imagenet_val[6400],100.0,True,,,,,,6400.0,371.4414965513423,49.19780815240216,0.048044734523830235,146.62873264133887,0.1431921217200575,12.173795833789537,0.011888472493935095,1.7797339405800379,10.0,1024.0,0.9113691718865393,1024.0,214.0,357.0,707.0,947.0,0.208984375,0.3486328125,0.6904296875,0.9248046875,6.25,False
layer3.17,block,179,1024,1,False,,0,14.0,14.0,102400,3295.524238520738,169.2784827379877,0.16531101829881611,441.5053115928411,0.4311575308523839,22.223092656889566,0.021702238922743717,1.0773658280518092,10,1024,0.8634427708304621,1024,580,745,933,1000,0.56640625,0.7275390625,0.9111328125,0.9765625,timm:resnet101.a3_in1k,timm/resnet101.a3_in1k,imagenet_val[6400],100.0,True,,,,,,6400.0,371.4414965513423,49.19780815240216,0.048044734523830235,146.62873264133887,0.1431921217200575,12.173795833789537,0.011888472493935095,1.7797339405800379,10.0,1024.0,0.9113691718865393,1024.0,214.0,357.0,707.0,947.0,0.208984375,0.3486328125,0.6904296875,0.9248046875,6.25,False
layer3.18.conv1,conv,180,256,1,False,256.0,0,14.0,14.0,102400,89588.55424745954,22.37380257392327,0.08739766630438778,54.33849335922563,0.21225973968447512,8.314619882188198,0.03247898391479765,2.1546902698186225,10,256,0.5474182071371789,256,77,113,185,232,0.30078125,0.44140625,0.72265625,0.90625,timm:resnet101.a3_in1k,timm/resnet101.a3_in1k,imagenet_val[6400],400.0,True,0.30078125,0.44140625,0.72265625,0.90625,1.0,6400.0,11838.603917972903,11.316731208774746,0.04420598128427635,30.11131879291427,0.11762233903482136,4.144627324631062,0.016189950486840087,2.587130463414705,10.0,256.0,0.6359024649566392,255.0,46.0,73.0,143.0,216.0,0.1796875,0.28515625,0.55859375,0.84375,25.0,False
layer3.18.act1,act,181,256,1,False,,0,14.0,14.0,102400,23.570280523442793,17.22267124475711,0.06727605954983246,56.01552338633951,0.2188106382278887,5.748601474897611,0.022455474511318792,3.399846886698982,10,256,0.1464107417236088,240,111,151,201,222,0.43359375,0.58984375,0.78515625,0.8671875,timm:resnet101.a3_in1k,timm/resnet101.a3_in1k,imagenet_val[6400],400.0,True,,,,,,6400.0,1.8909412580942733,11.838197805257893,0.046242960176788646,31.777682920649784,0.12413157390878822,4.283290729606047,0.01673160441252362,3.608198222855875,10.0,256.0,0.3305063947958572,249.0,53.0,90.0,162.0,209.0,0.20703125,0.3515625,0.6328125,0.81640625,25.0,False
layer3.18.conv2,conv,182,256,1,False,256.0,0,14.0,14.0,102400,6099.004872223786,9.594920409354964,0.03748015784904283,24.32253961636866,0.09500992037644007,4.5278975149842795,0.017687099667907342,2.2571408276218676,10,256,0.7700332523831638,256,40,71,153,221,0.15625,0.27734375,0.59765625,0.86328125,timm:resnet101.a3_in1k,timm/resnet101.a3_in1k,imagenet_val[6400],400.0,True,0.15625,0.27734375,0.59765625,0.86328125,1.0,6400.0,634.561239824442,6.683336815342346,0.02610678443493104,14.484312415387695,0.056579345372608184,3.007790311900328,0.011749180905860657,3.500516835911126,10.0,256.0,0.8402854428131731,256.0,17.0,31.0,74.0,145.0,0.06640625,0.12109375,0.2890625,0.56640625,25.0,False
layer3.18.act2,act,183,256,1,False,,0,14.0,14.0,102400,8.824841027596841,34.78342540571033,0.13587275549105599,64.08231645060899,0.25032154863519135,12.863658803909718,0.05024866720277234,6.028467538088811,10,256,0.23566220465500243,233,73,98,143,180,0.28515625,0.3828125,0.55859375,0.703125,timm:resnet101.a3_in1k,timm/resnet101.a3_in1k,imagenet_val[6400],400.0,True,,,,,,6400.0,1.3858625060897374,6.562399832773072,0.025634374346769812,16.72335328541572,0.06532559877115515,2.841193722532304,0.011098412978641812,6.930761450537264,10.0,256.0,0.35435483891465613,236.0,24.0,39.0,86.0,137.0,0.09375,0.15234375,0.3359375,0.53515625,25.0,False
layer3.18.conv3,conv,184,1024,1,False,256.0,0,14.0,14.0,102400,331.489676532238,19.102463152198382,0.018654749172068733,35.70891496261085,0.034871987268174656,7.353425641455026,0.0071810797279834235,8.04627263969266,10,1024,0.8616106931258252,611,38,57,103,155,0.037109375,0.0556640625,0.1005859375,0.1513671875,timm:resnet101.a3_in1k,timm/resnet101.a3_in1k,imagenet_val[6400],100.0,True,0.1484375,0.22265625,0.40234375,0.60546875,0.25,6400.0,61.4611718243917,5.2198608516392815,0.005097520362928986,11.661038770754272,0.01138773317456472,2.5145630919918442,0.0024556280195232854,7.701398958269142,10.0,1024.0,0.9062309230592582,614.0,15.0,24.0,51.0,105.0,0.0146484375,0.0234375,0.0498046875,0.1025390625,6.25,False
layer3.18.act3,act,185,1024,1,False,,0,14.0,14.0,102400,2757.121086881881,277.4946729946429,0.27099089159633094,517.061008707235,0.5049423913156592,59.71068948720635,0.05831122020234995,1.092818959507592,10,1024,0.7822411255167994,1024,605,758,929,993,0.5908203125,0.740234375,0.9072265625,0.9697265625,timm:resnet101.a3_in1k,timm/resnet101.a3_in1k,imagenet_val[6400],100.0,True,,,,,,6400.0,327.12782076631765,54.81824349220544,0.053533440910356875,157.8536565498315,0.15415396147444482,12.740617668841939,0.012442009442228456,1.815935609946326,10.0,1024.0,0.8730936879458698,1024.0,223.0,368.0,711.0,938.0,0.2177734375,0.359375,0.6943359375,0.916015625,6.25,False
layer3.18,block,186,1024,1,False,,0,14.0,14.0,102400,2755.5117341657824,277.1190439383107,0.27062406634600655,516.8581814288564,0.5047443178016175,59.877136924994055,0.05847376652831451,1.0917229329086957,10,1024,0.7849651473591627,1024,605,758,929,993,0.5908203125,0.740234375,0.9072265625,0.9697265625,timm:resnet101.a3_in1k,timm/resnet101.a3_in1k,imagenet_val[6400],100.0,True,,,,,,6400.0,327.12782076631765,54.81824349220544,0.053533440910356875,157.8536565498315,0.15415396147444482,12.740617668841939,0.012442009442228456,1.815935609946326,10.0,1024.0,0.8730936879458698,1024.0,223.0,368.0,711.0,938.0,0.2177734375,0.359375,0.6943359375,0.916015625,6.25,False
layer3.19.conv1,conv,187,256,1,False,256.0,0,14.0,14.0,102400,85881.41756807515,45.20262770487704,0.17657276447217593,87.12150405738534,0.3403183752241615,12.962885451265842,0.0506362712940072,1.6797168319267168,10,256,0.9327613574490191,256,99,138,209,248,0.38671875,0.5390625,0.81640625,0.96875,timm:resnet101.a3_in1k,timm/resnet101.a3_in1k,imagenet_val[6400],400.0,True,0.38671875,0.5390625,0.81640625,0.96875,1.0,6400.0,10811.126978642986,18.585102131382605,0.0725980552007133,46.27452950599415,0.18075988088278966,6.492968232497165,0.02536315715819205,2.054589231142412,10.0,256.0,0.9280162581969982,256.0,65.0,97.0,170.0,236.0,0.25390625,0.37890625,0.6640625,0.921875,25.0,False
layer3.19.act1,act,188,256,1,False,,0,14.0,14.0,102400,15.165180086015404,134.57592722466705,0.5256872157213557,187.9455575189233,0.7341623340582941,32.74686775943685,0.1279174521853002,0.880858838164169,10,256,0.4758442608554717,256,186,214,242,250,0.7265625,0.8359375,0.9453125,0.9765625,timm:resnet101.a3_in1k,timm/resnet101.a3_in1k,imagenet_val[6400],400.0,True,,,,,,6400.0,0.9112845936651583,34.30574730682292,0.13400682541727704,88.12578493494385,0.3442413474021244,9.210293979502346,0.03597771085743104,1.4142084046611128,10.0,256.0,0.5989677496079838,256.0,125.0,169.0,226.0,248.0,0.48828125,0.66015625,0.8828125,0.96875,25.0,False
layer3.19.conv2,conv,189,256,1,False,256.0,0,14.0,14.0,102400,2891.139377753375,53.724642703124964,0.2098618855590819,109.78789033653096,0.4288589466270741,12.016724077394745,0.04694032842732322,1.4012705344098568,10,256,0.8705262805747968,256,126,167,227,250,0.4921875,0.65234375,0.88671875,0.9765625,timm:resnet101.a3_in1k,timm/resnet101.a3_in1k,imagenet_val[6400],400.0,True,0.4921875,0.65234375,0.88671875,0.9765625,1.0,6400.0,478.4388600980511,14.304174717900763,0.055875682491799854,37.24199852105935,0.1454765567228881,5.052568457269975,0.01973659553621084,2.757222128526807,10.0,256.0,0.8469370573530938,256.0,53.0,78.0,135.0,200.0,0.20703125,0.3046875,0.52734375,0.78125,25.0,False
layer3.19.act2,act,190,256,1,False,,0,14.0,14.0,102400,54.667725745618405,133.58786852479994,0.5218276114249998,184.55672611434184,0.7209247113841478,40.87130935800487,0.15965355217970653,0.9357576610327429,10,256,0.4832697625156942,256,186,215,244,252,0.7265625,0.83984375,0.953125,0.984375,timm:resnet101.a3_in1k,timm/resnet101.a3_in1k,imagenet_val[6400],400.0,True,,,,,,6400.0,6.607059390816349,32.95324436338292,0.12872361079446454,76.72434643036111,0.2997044782435981,9.70349061858377,0.03790426022884285,1.667659420402063,10.0,256.0,0.7165172173022625,256.0,98.0,143.0,216.0,247.0,0.3828125,0.55859375,0.84375,0.96484375,25.0,False
layer3.19.conv3,conv,191,1024,1,False,256.0,0,14.0,14.0,102400,3083.646537323876,63.393994652052484,0.061908197902395004,108.02687016851417,0.10549499039893961,15.220025489430542,0.014863306142022014,8.609566297744381,10,1024,0.7471206987175676,618,108,146,213,247,0.10546875,0.142578125,0.2080078125,0.2412109375,timm:resnet101.a3_in1k,timm/resnet101.a3_in1k,imagenet_val[6400],100.0,True,0.421875,0.5703125,0.83203125,0.96484375,0.25,6400.0,448.3031138271221,23.104862976820435,0.022563342750801206,49.55477836623436,0.04839333824827574,7.9802663194697105,0.007793228827607139,8.61073235201872,10.0,1024.0,0.7850560961324773,630.0,57.0,84.0,154.0,228.0,0.0556640625,0.08203125,0.150390625,0.22265625,6.25,False
layer3.19.act3,act,192,1024,1,False,,0,14.0,14.0,102400,2787.160490263844,298.96061218968777,0.29195372284149196,537.0914309715159,0.524503350558121,64.57106082920588,0.06305767659102136,1.0623778092800997,10,1024,0.7955209294586281,1024,615,767,934,997,0.6005859375,0.7490234375,0.912109375,0.9736328125,timm:resnet101.a3_in1k,timm/resnet101.a3_in1k,imagenet_val[6400],100.0,True,,,,,,6400.0,336.9372646577073,62.787037049913614,0.061315465869056264,173.8841861917369,0.16980877557786805,14.293545170545674,0.01395854020561101,1.7689470538009422,10.0,1024.0,0.8759285360687097,1024.0,239.0,389.0,731.0,950.0,0.2333984375,0.3798828125,0.7138671875,0.927734375,6.25,False
layer3.19,block,193,1024,1,False,,0,14.0,14.0,102400,2787.123479212738,298.77934627129827,0.2917767053430647,536.7391941781217,0.524159369314572,64.95950227053042,0.06343701393606486,1.0619497080748952,10,1024,0.8037996401066714,1024,615,767,934,997,0.6005859375,0.7490234375,0.912109375,0.9736328125,timm:resnet101.a3_in1k,timm/resnet101.a3_in1k,imagenet_val[6400],100.0,True,,,,,,6400.0,336.9372646577073,62.787037049913614,0.061315465869056264,173.8841861917369,0.16980877557786805,14.293545170545674,0.01395854020561101,1.7689470538009422,10.0,1024.0,0.8759285360687097,1024.0,239.0,389.0,731.0,950.0,0.2333984375,0.3798828125,0.7138671875,0.927734375,6.25,False
layer3.20.conv1,conv,194,256,1,False,256.0,0,14.0,14.0,102400,82730.50120855024,46.240360828797876,0.1806264094874917,92.35183437314802,0.36074935302010946,11.497970570305707,0.04491394754025667,1.6454116287600815,10,256,0.8351403298229424,256,106,146,214,248,0.4140625,0.5703125,0.8359375,0.96875,timm:resnet101.a3_in1k,timm/resnet101.a3_in1k,imagenet_val[6400],400.0,True,0.4140625,0.5703125,0.8359375,0.96875,1.0,6400.0,10428.262672809393,20.779976064019806,0.08117178150007737,52.60502759195472,0.20548838903107314,6.2194563063470385,0.02429475119666812,2.0211494720879766,10.0,256.0,0.8666536216411717,256.0,71.0,105.0,179.0,239.0,0.27734375,0.41015625,0.69921875,0.93359375,25.0,False
layer3.20.act1,act,195,256,1,False,,0,14.0,14.0,102400,11.466366107636638,139.07943212056043,0.5432790317209392,191.0160748052598,0.7461565422080461,32.07332983862563,0.12528644468213138,0.986184864294521,10,256,0.10290635749184851,253,188,214,241,250,0.734375,0.8359375,0.94140625,0.9765625,timm:resnet101.a3_in1k,timm/resnet101.a3_in1k,imagenet_val[6400],400.0,True,,,,,,6400.0,0.6737537658295111,46.90004184770331,0.18320328846759104,99.47519162924897,0.3885749673017538,14.243295612076627,0.055637873484674326,1.5145311058157243,10.0,256.0,0.21612849059431916,253.0,129.0,171.0,226.0,247.0,0.50390625,0.66796875,0.8828125,0.96484375,25.0,False
layer3.20.conv2,conv,196,256,1,False,256.0,0,14.0,14.0,102400,2107.666822009793,55.610253646718256,0.2172275533074932,114.41085771117305,0.44691741293426973,11.20212156306086,0.043758287355706485,1.3701799069508303,10,256,0.9173383735742406,256,128,169,229,252,0.5,0.66015625,0.89453125,0.984375,timm:resnet101.a3_in1k,timm/resnet101.a3_in1k,imagenet_val[6400],400.0,True,0.5,0.66015625,0.89453125,0.984375,1.0,6400.0,342.56354428738575,25.31634203602845,0.09889196107823613,50.80898494810396,0.1984725974535311,9.852109098231358,0.03848480116496624,2.7677209785167602,10.0,256.0,0.8558022217787407,256.0,59.0,84.0,140.0,202.0,0.23046875,0.328125,0.546875,0.7890625,25.0,False
layer3.20.act2,act,197,256,1,False,,0,14.0,14.0,102400,52.60759651136862,126.66028064476382,0.49476672126860866,179.3288816178243,0.7005034438196261,33.52649199754511,0.13096285936541058,1.0396665749693295,10,256,0.2748950290651303,256,182,212,243,251,0.7109375,0.828125,0.94921875,0.98046875,timm:resnet101.a3_in1k,timm/resnet101.a3_in1k,imagenet_val[6400],400.0,True,,,,,,6400.0,6.888621076587115,45.756055922574944,0.17873459344755838,86.63626389750037,0.3384229058496108,14.45115635280473,0.05644982950314348,1.824190828994099,10.0,256.0,0.5818560062297005,256.0,98.0,141.0,211.0,244.0,0.3828125,0.55078125,0.82421875,0.953125,25.0,False
layer3.20.conv3,conv,198,1024,1,False,256.0,0,14.0,14.0,102400,2952.1204173801657,52.554791704901575,0.051323038774317944,100.27210769260218,0.09792198016855681,11.125481472469374,0.010864728000458374,8.577018738637664,10,1024,0.7511059080899118,618,103,140,209,245,0.1005859375,0.13671875,0.2041015625,0.2392578125,timm:resnet101.a3_in1k,timm/resnet101.a3_in1k,imagenet_val[6400],100.0,True,0.40234375,0.546875,0.81640625,0.95703125,0.25,6400.0,445.81000654596073,31.35810212146058,0.030623146602988847,57.23505650192234,0.05589360986515853,11.22589459066322,0.01096278768619455,8.663245877071267,10.0,1024.0,0.7889248101552255,629.0,59.0,84.0,151.0,224.0,0.0576171875,0.08203125,0.1474609375,0.21875,6.25,False
layer3.20.act3,act,199,1024,1,False,,0,14.0,14.0,102400,2826.968364294887,323.92414110283556,0.31633216904573785,561.8788737137324,0.5487098376110668,67.69558545837116,0.06610897017419058,1.023151115613243,10,1024,0.8188608149020267,1024,631,781,943,1002,0.6162109375,0.7626953125,0.9208984375,0.978515625,timm:resnet101.a3_in1k,timm/resnet101.a3_in1k,imagenet_val[6400],100.0,True,,,,,,6400.0,349.3355818083785,73.09302670810088,0.07137990889462976,192.8269723251541,0.1883075901612833,16.51407022728931,0.016127021706337216,1.7206631221872113,10.0,1024.0,0.8829121214604684,1024.0,258.0,413.0,754.0,961.0,0.251953125,0.4033203125,0.736328125,0.9384765625,6.25,False
layer3.20,block,200,1024,1,False,,0,14.0,14.0,102400,2828.9489257914374,324.1855760718151,0.3165874766326319,562.1429481898124,0.5489677228416137,67.94873841655472,0.06635618985991672,1.023314347344163,10,1024,0.8188864967054553,1024,631,781,943,1002,0.6162109375,0.7626953125,0.9208984375,0.978515625,timm:resnet101.a3_in1k,timm/resnet101.a3_in1k,imagenet_val[6400],100.0,True,,,,,,6400.0,349.3355818083785,73.09302670810088,0.07137990889462976,192.8269723251541,0.1883075901612833,16.51407022728931,0.016127021706337216,1.7206631221872113,10.0,1024.0,0.8829121214604684,1024.0,258.0,413.0,754.0,961.0,0.251953125,0.4033203125,0.736328125,0.9384765625,6.25,False
layer3.21.conv1,conv,201,256,1,False,256.0,0,14.0,14.0,102400,82214.059935452,41.48648390024874,0.16205657773534665,93.31499299019853,0.364511691367963,9.289978886245255,0.036288980024395526,1.5996821212875025,10,256,0.8276992261994993,256,110,150,215,248,0.4296875,0.5859375,0.83984375,0.96875,timm:resnet101.a3_in1k,timm/resnet101.a3_in1k,imagenet_val[6400],400.0,True,0.4296875,0.5859375,0.83984375,0.96875,1.0,6400.0,12241.951152313415,26.03836262586273,0.1017123540072763,56.67240139421576,0.22137656794615532,8.376240530641507,0.032719689572818386,2.0606679008924833,10.0,256.0,0.8739362481578786,256.0,70.0,103.0,178.0,238.0,0.2734375,0.40234375,0.6953125,0.9296875,25.0,False
layer3.21.act1,act,202,256,1,False,,0,14.0,14.0,102400,13.060882007094857,134.31426088515693,0.5246650815826442,188.65469935159206,0.7369324193421565,32.052416845427764,0.1252047533024522,0.8429779294996215,10,256,0.30157405991109343,253,188,215,241,249,0.734375,0.83984375,0.94140625,0.97265625,timm:resnet101.a3_in1k,timm/resnet101.a3_in1k,imagenet_val[6400],400.0,True,,,,,,6400.0,1.2361796991197067,38.63935886139468,0.15093499555232298,88.35970632258112,0.3451551028225825,11.126890728971503,0.043464416910044934,1.6637632657668058,10.0,256.0,0.22188228795329246,253.0,119.0,163.0,223.0,246.0,0.46484375,0.63671875,0.87109375,0.9609375,25.0,False
layer3.21.conv2,conv,203,256,1,False,256.0,0,14.0,14.0,102400,2767.2208278566563,46.597589273834444,0.1820218331009158,97.7553853035808,0.3818569738421125,11.384596851653718,0.04447108145177234,1.5593587762202177,10,256,0.7934040595396955,256,114,155,219,247,0.4453125,0.60546875,0.85546875,0.96484375,timm:resnet101.a3_in1k,timm/resnet101.a3_in1k,imagenet_val[6400],400.0,True,0.4453125,0.60546875,0.85546875,0.96484375,1.0,6400.0,672.528914676228,20.7066401307014,0.08088531301055234,43.29623041786908,0.1691259000698011,7.675659826219357,0.029983046196169365,2.9394835079678248,10.0,256.0,0.8156177777150583,256.0,53.0,77.0,133.0,195.0,0.20703125,0.30078125,0.51953125,0.76171875,25.0,False
layer3.21.act2,act,204,256,1,False,,0,14.0,14.0,102400,58.22145161494565,97.84342586037376,0.382200882267085,159.51296162387985,0.6230975063432806,22.000438636777666,0.08593921342491276,1.2146010368783842,10,256,0.29781863179287926,255,172,206,239,248,0.671875,0.8046875,0.93359375,0.96875,timm:resnet101.a3_in1k,timm/resnet101.a3_in1k,imagenet_val[6400],400.0,True,,,,,,6400.0,11.063839353390469,37.61835657352782,0.14694670536534304,76.99243971127002,0.30075171762214853,11.40509678830504,0.04455115932931656,2.079048230193069,10.0,256.0,0.4395828864956177,256.0,91.0,133.0,206.0,241.0,0.35546875,0.51953125,0.8046875,0.94140625,25.0,False
layer3.21.conv3,conv,205,1024,1,False,256.0,0,14.0,14.0,102400,3538.9111501843286,26.4921685243237,0.025871258324534862,74.76559165171057,0.0730132730973736,6.130845098692661,0.005987153416692052,8.479253696528477,10,1024,0.7629650830334709,620,91,127,197,240,0.0888671875,0.1240234375,0.1923828125,0.234375,timm:resnet101.a3_in1k,timm/resnet101.a3_in1k,imagenet_val[6400],100.0,True,0.35546875,0.49609375,0.76953125,0.9375,0.25,6400.0,747.9764735756579,21.454307215302915,0.020951471889944253,46.933063168684505,0.04583306950066846,6.5898373882871955,0.006435388074499214,8.658257674312427,10.0,1024.0,0.7945055211820317,622.0,54.0,78.0,142.0,217.0,0.052734375,0.076171875,0.138671875,0.2119140625,6.25,False
layer3.21.act3,act,206,1024,1,False,,0,14.0,14.0,102400,2844.3545929571133,354.7919508496283,0.3464765145015901,589.6452803917546,0.5758254691325728,79.01599109082741,0.07716405379963615,0.9730432652252791,10,1024,0.8755755415440692,1024,649,797,954,1007,0.6337890625,0.7783203125,0.931640625,0.9833984375,timm:resnet101.a3_in1k,timm/resnet101.a3_in1k,imagenet_val[6400],100.0,True,,,,,,6400.0,365.16782039199586,86.62608890016773,0.08459578994157005,213.66076181445172,0.2086530877094255,19.856619284365557,0.01939122976988824,1.662784509355788,10.0,1024.0,0.9155185434885696,1024.0,277.0,437.0,776.0,972.0,0.2705078125,0.4267578125,0.7578125,0.94921875,6.25,False
layer3.21,block,207,1024,1,False,,0,14.0,14.0,102400,2841.4652252756496,354.7513368518392,0.3464368523943742,589.7954898407356,0.5759721580475934,79.42776426623743,0.07756617604124749,0.9722872436807315,10,1024,0.8752402076732984,1024,649,797,954,1007,0.6337890625,0.7783203125,0.931640625,0.9833984375,timm:resnet101.a3_in1k,timm/resnet101.a3_in1k,imagenet_val[6400],100.0,True,,,,,,6400.0,365.16782039199586,86.62608890016773,0.08459578994157005,213.66076181445172,0.2086530877094255,19.856619284365557,0.01939122976988824,1.662784509355788,10.0,1024.0,0.9155185434885696,1024.0,277.0,437.0,776.0,972.0,0.2705078125,0.4267578125,0.7578125,0.94921875,6.25,False
layer3.22.conv1,conv,208,256,1,False,256.0,0,14.0,14.0,102400,75382.15500548534,53.488946797250556,0.20894119842675998,108.37093883411632,0.42332397982076686,11.330795906560244,0.04426092151000095,1.5088235935797987,10,256,0.8586429173592401,256,120,158,220,250,0.46875,0.6171875,0.859375,0.9765625,timm:resnet101.a3_in1k,timm/resnet101.a3_in1k,imagenet_val[6400],400.0,True,0.46875,0.6171875,0.859375,0.9765625,1.0,6400.0,10883.935519059707,30.065627824617312,0.11744385868991138,65.90257865763199,0.25743194788137497,9.476422518796992,0.03701727546405075,1.9135759757927213,10.0,256.0,0.8884618361494221,256.0,82.0,117.0,189.0,242.0,0.3203125,0.45703125,0.73828125,0.9453125,25.0,False
layer3.22.act1,act,209,256,1,False,,0,14.0,14.0,102400,14.326390144592494,132.06870343372023,0.5158933727879697,187.583493402387,0.7327480211030742,29.05041379366702,0.1134781788815118,1.1942154891068486,10,256,0.1141177950128992,255,187,214,241,249,0.73046875,0.8359375,0.94140625,0.97265625,timm:resnet101.a3_in1k,timm/resnet101.a3_in1k,imagenet_val[6400],400.0,True,,,,,,6400.0,1.298010989586897,39.19200428380481,0.15309376673361255,87.66184689134744,0.3424290894193259,11.06640111209631,0.04322812934412621,1.7978633432013849,10.0,256.0,0.22161831069322768,255.0,119.0,163.0,222.0,246.0,0.46484375,0.63671875,0.8671875,0.9609375,25.0,False
layer3.22.conv2,conv,210,256,1,False,256.0,0,14.0,14.0,102400,3601.5318613500876,33.50022525607632,0.13086025490654812,83.98070980453419,0.32804964767396166,7.86427494311195,0.030719823996531056,1.5428796757850844,10,256,0.929296311573964,256,106,147,216,249,0.4140625,0.57421875,0.84375,0.97265625,timm:resnet101.a3_in1k,timm/resnet101.a3_in1k,imagenet_val[6400],400.0,True,0.4140625,0.57421875,0.84375,0.97265625,1.0,6400.0,736.2610626349257,19.31212067737914,0.07543797139601227,41.35678652215206,0.1615499473521565,6.7796319596362595,0.02648293734232914,2.8616662087584586,10.0,256.0,0.8503622287734401,256.0,51.0,76.0,133.0,195.0,0.19921875,0.296875,0.51953125,0.76171875,25.0,False
layer3.22.act2,act,211,256,1,False,,0,14.0,14.0,102400,49.82953899256235,80.15944613602981,0.31312283646886646,149.28597885472237,0.5831483549012593,15.73256581734783,0.06145533522401496,1.0471364428301375,10,256,0.6497432547393927,256,169,203,237,248,0.66015625,0.79296875,0.92578125,0.96875,timm:resnet101.a3_in1k,timm/resnet101.a3_in1k,imagenet_val[6400],400.0,True,,,,,,6400.0,8.315520707003461,30.239081342840336,0.11812141149547006,68.27787624429227,0.2667104540792667,9.257764864320587,0.03616314400125229,1.7731335460991589,10.0,256.0,0.7663820116698621,256.0,90.0,133.0,207.0,240.0,0.3515625,0.51953125,0.80859375,0.9375,25.0,False
layer3.22.conv3,conv,212,1024,1,False,256.0,0,14.0,14.0,102400,3087.1228789741435,12.823739053054416,0.012523182668998453,53.177332271407344,0.051930988546296235,3.8096801603682513,0.0037203907816096204,8.501734212811916,10,1024,0.7678806864982395,619,85,121,193,240,0.0830078125,0.1181640625,0.1884765625,0.234375,timm:resnet101.a3_in1k,timm/resnet101.a3_in1k,imagenet_val[6400],100.0,True,0.33203125,0.47265625,0.75390625,0.9375,0.25,6400.0,581.9368922532174,11.428010794272613,0.011160166791281848,32.670601948095786,0.03190488471493729,3.906598446356911,0.0038150375452704207,8.716780878357948,10.0,1024.0,0.7981228360346333,615.0,48.0,73.0,138.0,215.0,0.046875,0.0712890625,0.134765625,0.2099609375,6.25,False
layer3.22.act3,act,213,1024,1,False,,0,14.0,14.0,102400,2742.4988540338913,381.42907737792353,0.37248933337687845,615.0357809817879,0.6006208798650272,80.57544740999354,0.07868696036132182,0.9270200598741044,10,1024,0.9195421156530826,1024,666,812,964,1012,0.650390625,0.79296875,0.94140625,0.98828125,timm:resnet101.a3_in1k,timm/resnet101.a3_in1k,imagenet_val[6400],100.0,True,,,,,,6400.0,351.8065464644476,104.85071528162622,0.10239327664221311,239.06498610019779,0.2334619004884744,24.373820694958,0.02380255927241992,1.6151421358512268,10.0,1024.0,0.9347719509339505,1024.0,298.0,463.0,796.0,981.0,0.291015625,0.4521484375,0.77734375,0.9580078125,6.25,False
layer3.22,block,214,1024,1,False,,0,14.0,14.0,102400,2742.0563428858977,381.61374003066675,0.372669667998698,615.229661163777,0.600810215980251,80.58570463626405,0.07869697718385162,0.9269184001634061,10,1024,0.9175717137518159,1024,666,812,965,1012,0.650390625,0.79296875,0.9423828125,0.98828125,timm:resnet101.a3_in1k,timm/resnet101.a3_in1k,imagenet_val[6400],100.0,True,,,,,,6400.0,351.8065464644476,104.85071528162622,0.10239327664221311,239.06498610019779,0.2334619004884744,24.373820694958,0.02380255927241992,1.6151421358512268,10.0,1024.0,0.9347719509339505,1024.0,298.0,463.0,796.0,981.0,0.291015625,0.4521484375,0.77734375,0.9580078125,6.25,False
layer4.0.conv1,conv,215,512,1,False,512.0,0,14.0,14.0,102400,178141.49252589024,53.34354349738713,0.10418660839333424,131.48035119226995,0.25679756092240225,10.961412456087636,0.021409008703296165,1.783746841840083,10,512,0.9115349648214977,512,163,233,377,482,0.318359375,0.455078125,0.736328125,0.94140625,timm:resnet101.a3_in1k,timm/resnet101.a3_in1k,imagenet_val[6400],200.0,True,0.318359375,0.455078125,0.736328125,0.94140625,1.0,6400.0,25517.030696061494,42.26069637559948,0.08254042260859273,89.03311212086119,0.173892797111057,12.803216688772658,0.025006282595259097,2.2959226454697035,10.0,512.0,0.9230883888982457,512.0,104.0,154.0,284.0,437.0,0.203125,0.30078125,0.5546875,0.853515625,12.5,False
layer4.0.act1,act,216,512,1,False,,0,14.0,14.0,102400,33.92380615402095,174.4158304683509,0.34065591888349783,334.5924264912513,0.6535008329907251,23.985881282332347,0.046847424379555365,0.7055333350744315,10,512,0.9820919335110453,512,378,437,494,510,0.73828125,0.853515625,0.96484375,0.99609375,timm:resnet101.a3_in1k,timm/resnet101.a3_in1k,imagenet_val[6400],200.0,True,,,,,,6400.0,2.429792093639098,85.14147962745632,0.16629195239737563,196.83219539886304,0.38443788163840437,19.194497144294935,0.037489252234951045,1.1778621008493533,10.0,512.0,0.9733318498813436,512.0,262.0,351.0,466.0,507.0,0.51171875,0.685546875,0.91015625,0.990234375,12.5,False
layer4.0.conv2,conv,217,512,1,False,512.0,0,7.0,7.0,102400,20807.62447493622,52.49471509906421,0.10252874042785978,145.2295891504166,0.2836515413094074,9.434065425639053,0.018425909034451276,1.6424672560222924,10,512,0.9419530812129024,512,175,251,408,497,0.341796875,0.490234375,0.796875,0.970703125,timm:resnet101.a3_in1k,timm/resnet101.a3_in1k,imagenet_val[6400],200.0,True,0.341796875,0.490234375,0.796875,0.970703125,1.0,6400.0,4271.360566746389,44.03698619510404,0.08600973866231258,96.19612020120589,0.18788304726798025,11.314523044926846,0.022098677822122745,2.483525590389862,10.0,512.0,0.8841405746367555,512.0,112.0,159.0,273.0,411.0,0.21875,0.310546875,0.533203125,0.802734375,12.5,False
layer4.0.act2,act,218,512,1,False,,0,7.0,7.0,102400,154.34984141183466,177.95920302310333,0.3475765684044987,310.9742331294982,0.6073715490810512,28.984693566458372,0.05661072962198901,0.8794889679604799,10,512,0.9844654447372351,512,350,422,492,510,0.68359375,0.82421875,0.9609375,0.99609375,timm:resnet101.a3_in1k,timm/resnet101.a3_in1k,imagenet_val[6400],200.0,True,,,,,,6400.0,26.75805748731745,85.0786560244676,0.1661692500477883,178.70112439300402,0.349025633580086,20.07870625725487,0.039216223158700915,1.3703276074611421,10.0,512.0,0.97124856644694,512.0,216.0,312.0,452.0,504.0,0.421875,0.609375,0.8828125,0.984375,12.5,False
layer4.0.conv3,conv,219,2048,1,False,512.0,0,7.0,7.0,102400,25885.55733549228,47.02941282544489,0.022963580481174264,146.2490747315766,0.07141068102127764,8.459131326597618,0.004130435218065243,7.5980536001245715,10,2048,0.7279068311712046,1253,183,263,415,497,0.08935546875,0.12841796875,0.20263671875,0.24267578125,timm:resnet101.a3_in1k,timm/resnet101.a3_in1k,imagenet_val[6400],50.0,True,0.357421875,0.513671875,0.810546875,0.970703125,0.25,6400.0,4905.948720298587,48.63204313885138,0.023746114813892275,104.61177551941674,0.051079968515340204,12.907186550785683,0.006302337183000822,7.880470971614043,10.0,2048.0,0.7526533625111543,1263.0,119.0,175.0,329.0,471.0,0.05810546875,0.08544921875,0.16064453125,0.22998046875,3.125,False
layer4.0.downsample.0,conv,220,2048,1,False,1024.0,0,7.0,7.0,102400,396354.2345324079,140.35674134321476,0.06853356510899158,274.9271586821727,0.13424177670027965,28.82399820720625,0.014074217874612428,6.033015139259608,10,2048,0.5339930421994374,1506,295,429,721,949,0.14404296875,0.20947265625,0.35205078125,0.46337890625,timm:resnet101.a3_in1k,timm/resnet101.a3_in1k,imagenet_val[6400],50.0,True,0.2880859375,0.4189453125,0.7041015625,0.9267578125,0.5,6400.0,80666.54769182028,51.69804460464258,0.025243185842110636,114.46782117230413,0.055892490806789125,15.757384198246884,0.007694035253050236,6.27872834671146,10.0,2048.0,0.6010841083824306,1521.0,135.0,209.0,451.0,803.0,0.06591796875,0.10205078125,0.22021484375,0.39208984375,3.125,False
layer4.0.act3,act,221,2048,1,False,,0,7.0,7.0,102400,314.98181064060344,319.89168925496506,0.1561971138940259,950.8161454865071,0.46426569603833356,34.068072893280956,0.01663480121742234,0.8673034978815085,10,2048,0.9298347849080284,2048,1323,1614,1921,2023,0.64599609375,0.7880859375,0.93798828125,0.98779296875,timm:resnet101.a3_in1k,timm/resnet101.a3_in1k,imagenet_val[6400],50.0,True,,,,,,6400.0,47.837165735225454,114.6415131439072,0.05597730133979844,390.30191369334943,0.19057710629558078,20.339776255094534,0.009931531374557878,1.4248601149230056,10.0,2048.0,0.9253555168758385,2048.0,673.0,1025.0,1636.0,1968.0,0.32861328125,0.50048828125,0.798828125,0.9609375,3.125,False
layer4.0,block,222,2048,1,False,,0,7.0,7.0,102400,313.0335356986143,319.9003754214504,0.15620135518625508,951.9804195880984,0.46483418925200115,33.68024148973385,0.016445430414909108,0.866783427095835,10,2048,0.9299014892258164,2048,1323,1614,1921,2023,0.64599609375,0.7880859375,0.93798828125,0.98779296875,timm:resnet101.a3_in1k,timm/resnet101.a3_in1k,imagenet_val[6400],50.0,True,,,,,,6400.0,47.837165735225454,114.6415131439072,0.05597730133979844,390.30191369334943,0.19057710629558078,20.339776255094534,0.009931531374557878,1.4248601149230056,10.0,2048.0,0.9253555168758385,2048.0,673.0,1025.0,1636.0,1968.0,0.32861328125,0.50048828125,0.798828125,0.9609375,3.125,False
layer4.1.conv1,conv,223,512,1,False,512.0,0,7.0,7.0,102400,15082.435870055437,43.519411189985085,0.08499884998043962,140.98283224688745,0.27535709423220206,8.784292096075516,0.017156820500147493,1.4740695979119962,10,512,0.936473674191685,512,197,280,425,499,0.384765625,0.546875,0.830078125,0.974609375,timm:resnet101.a3_in1k,timm/resnet101.a3_in1k,imagenet_val[6400],200.0,True,0.384765625,0.546875,0.830078125,0.974609375,1.0,6400.0,3126.3764038130034,36.222491378593226,0.0707470534738149,92.79238643884165,0.1812351297633626,9.729512200853636,0.019002953517292257,1.8713931564971893,10.0,512.0,0.9475986445365415,512.0,125.0,191.0,350.0,479.0,0.244140625,0.373046875,0.68359375,0.935546875,12.5,False
layer4.1.act1,act,224,512,1,False,,0,7.0,7.0,102400,82.68776360081058,148.5214628364347,0.2900809821024115,301.53106961603015,0.5889278703438089,23.03548844032023,0.04499118836000045,0.8319130850210542,10,512,0.9540568561220586,512,353,421,488,507,0.689453125,0.822265625,0.953125,0.990234375,timm:resnet101.a3_in1k,timm/resnet101.a3_in1k,imagenet_val[6400],200.0,True,,,,,,6400.0,15.887747623358852,65.17109643217579,0.12728729771909333,163.0640506766665,0.3184844739778643,14.76013006277816,0.028828379028863593,1.335418030798006,10.0,512.0,0.9427397000233569,512.0,222.0,314.0,449.0,500.0,0.43359375,0.61328125,0.876953125,0.9765625,12.5,False
layer4.1.conv2,conv,225,512,1,False,512.0,0,7.0,7.0,102400,42461.27289785609,49.040730032420896,0.09578267584457206,134.34564020921306,0.26239382853361926,9.984130747291973,0.019500255365804634,1.6077327917381061,10,512,0.9466970062045532,512,172,250,409,497,0.3359375,0.48828125,0.798828125,0.970703125,timm:resnet101.a3_in1k,timm/resnet101.a3_in1k,imagenet_val[6400],200.0,True,0.3359375,0.48828125,0.798828125,0.970703125,1.0,6400.0,15715.949083676483,42.96852819956663,0.08392290663977857,85.88505720989616,0.16774425236307844,12.211931075384237,0.02385142788160984,2.6555594224056334,10.0,512.0,0.9039148140652816,512.0,93.0,133.0,244.0,394.0,0.181640625,0.259765625,0.4765625,0.76953125,12.5,False
layer4.1.act2,act,226,512,1,False,,0,7.0,7.0,102400,58.49518950235665,164.83029096953254,0.32193416204986824,313.35397366866823,0.6120194798216176,26.500997666165823,0.05175976106673012,0.8411797202743607,10,512,0.9366368747964052,512,352,416,483,508,0.6875,0.8125,0.943359375,0.9921875,timm:resnet101.a3_in1k,timm/resnet101.a3_in1k,imagenet_val[6400],200.0,True,,,,,,6400.0,19.225142207343165,112.62540556643143,0.21997149524693638,211.30042725682068,0.4126961469859779,25.141148352538554,0.049103805376051864,1.5115725591195635,10.0,512.0,0.8210027645882494,512.0,238.0,313.0,417.0,484.0,0.46484375,0.611328125,0.814453125,0.9453125,12.5,False
layer4.1.conv3,conv,227,2048,1,False,512.0,0,7.0,7.0,102400,8710.869680958058,8.879747836145349,0.004335814373117846,72.67427926684448,0.035485487923263906,3.0269756199689715,0.0014780154394379743,7.201777816675637,10,2048,0.723380538877517,1269,201,284,420,492,0.09814453125,0.138671875,0.205078125,0.240234375,timm:resnet101.a3_in1k,timm/resnet101.a3_in1k,imagenet_val[6400],50.0,True,0.392578125,0.5546875,0.8203125,0.9609375,0.25,6400.0,2722.350784207447,16.071683822514718,0.007847501866462265,84.10268570175798,0.04106576450281151,4.236835169159194,0.002068767172441013,7.793761798044766,10.0,2048.0,0.7502882009856352,1265.0,146.0,213.0,349.0,448.0,0.0712890625,0.10400390625,0.17041015625,0.21875,3.125,False
layer4.1.act3,act,228,2048,1,False,,0,7.0,7.0,102400,231.25833145080617,193.64720438388682,0.09455429901556973,902.3794756536774,0.4406149783465222,22.607041074435745,0.011038594274626829,0.7582617857670121,10,2048,0.9693698990480554,2048,1392,1673,1954,2034,0.6796875,0.81689453125,0.9541015625,0.9931640625,timm:resnet101.a3_in1k,timm/resnet101.a3_in1k,imagenet_val[6400],50.0,True,,,,,,6400.0,40.29437080053503,115.34464237934834,0.05632062616179118,439.449709841704,0.21457505363364454,18.410140146314195,0.008989326243317478,1.3350517419074759,10.0,2048.0,0.9410073638973384,2048.0,761.0,1114.0,1697.0,1991.0,0.37158203125,0.5439453125,0.82861328125,0.97216796875,3.125,False
layer4.1,block,229,2048,1,False,,0,7.0,7.0,102400,231.55350383638665,190.7525903121067,0.09314091323833334,899.1070903700268,0.4390171339697396,22.228203690652958,0.01085361508332664,0.7579471771695032,10,2048,0.968270152542482,2048,1392,1673,1954,2034,0.6796875,0.81689453125,0.9541015625,0.9931640625,timm:resnet101.a3_in1k,timm/resnet101.a3_in1k,imagenet_val[6400],50.0,True,,,,,,6400.0,40.29437080053503,115.34464237934834,0.05632062616179118,439.449709841704,0.21457505363364454,18.410140146314195,0.008989326243317478,1.3350517419074759,10.0,2048.0,0.9410073638973384,2048.0,761.0,1114.0,1697.0,1991.0,0.37158203125,0.5439453125,0.82861328125,0.97216796875,3.125,False
layer4.2.conv1,conv,230,512,1,False,512.0,0,7.0,7.0,102400,11630.987973444864,9.84751722370125,0.019233432077541503,53.42407621429096,0.10434389885603704,3.638153786541636,0.007105769114339132,1.184605741601939,10,512,0.9169000902240132,512,191,282,427,499,0.373046875,0.55078125,0.833984375,0.974609375,timm:resnet101.a3_in1k,timm/resnet101.a3_in1k,imagenet_val[6400],200.0,True,0.373046875,0.55078125,0.833984375,0.974609375,1.0,6400.0,2106.733221037904,21.30813897983981,0.04161745894499963,73.6370802395185,0.14382242234280956,6.418544295948997,0.012536219328025384,1.582983693167056,10.0,512.0,0.9369880291767758,512.0,144.0,225.0,383.0,487.0,0.28125,0.439453125,0.748046875,0.951171875,12.5,False
layer4.2.act1,act,231,512,1,False,,0,7.0,7.0,102400,33.7700930574084,26.655839422892555,0.05206218637283702,154.4381358108571,0.30163698400558026,6.156673131322633,0.012024752209614518,0.7557734135408941,10,512,0.8557765449404358,512,327,400,478,505,0.638671875,0.78125,0.93359375,0.986328125,timm:resnet101.a3_in1k,timm/resnet101.a3_in1k,imagenet_val[6400],200.0,True,,,,,,6400.0,6.208917955677805,67.49740230348104,0.1318308638739864,194.23169668657425,0.37935878259096534,12.610676847576084,0.02463022821792204,1.2322752401272565,10.0,512.0,0.8289780906839117,512.0,261.0,337.0,447.0,496.0,0.509765625,0.658203125,0.873046875,0.96875,12.5,False
layer4.2.conv2,conv,232,512,1,False,512.0,0,7.0,7.0,102400,15084.215118954324,16.84382255247058,0.0328980909227941,71.78487987334495,0.14020484350262685,5.317824675162277,0.010386376318676322,1.6296229892615683,10,512,0.9174503239160339,512,150,221,376,489,0.29296875,0.431640625,0.734375,0.955078125,timm:resnet101.a3_in1k,timm/resnet101.a3_in1k,imagenet_val[6400],200.0,True,0.29296875,0.431640625,0.734375,0.955078125,1.0,6400.0,5070.828315323942,27.405715578558496,0.05352678823937206,80.8332978733809,0.15787753490894707,7.277078492023408,0.014213043929733219,2.6306241382339075,10.0,512.0,0.8291739449672914,512.0,116.0,160.0,261.0,390.0,0.2265625,0.3125,0.509765625,0.76171875,12.5,False
layer4.2.act2,act,233,512,1,False,,0,7.0,7.0,102400,49.47859760635328,64.57214916325765,0.1261174788344876,206.4756942440254,0.4032728403203621,11.424427237046416,0.02231333444735628,1.1416346725225044,10,512,0.7081329929675391,512,280,360,461,502,0.546875,0.703125,0.900390625,0.98046875,timm:resnet101.a3_in1k,timm/resnet101.a3_in1k,imagenet_val[6400],200.0,True,,,,,,6400.0,16.115659853466944,86.6260594472204,0.16919152235785234,188.78046375063087,0.3687118432629509,14.621817524454347,0.028558237352449896,1.7915614729563618,10.0,512.0,0.7361681939852038,512.0,203.0,268.0,386.0,475.0,0.396484375,0.5234375,0.75390625,0.927734375,12.5,False
layer4.2.conv3,conv,234,2048,1,False,512.0,0,7.0,7.0,102400,8359.689310339549,2.983133197435042,0.0014566080065600792,16.72590414525367,0.008166945383424643,1.7360283851957878,0.0008476701099588808,6.682077875786372,10,2048,0.7472752576475403,1274,110,181,338,468,0.0537109375,0.08837890625,0.1650390625,0.228515625,timm:resnet101.a3_in1k,timm/resnet101.a3_in1k,imagenet_val[6400],50.0,True,0.21484375,0.353515625,0.66015625,0.9140625,0.25,6400.0,2863.44284770191,3.096576765076073,0.0015120003735723012,16.706844125227928,0.00815763873302145,1.7703638437515787,0.0008644354705818256,7.2601309469224775,10.0,2048.0,0.7738101294739005,1272.0,92.0,146.0,269.0,406.0,0.044921875,0.0712890625,0.13134765625,0.1982421875,3.125,False
layer4.2.act3,act,235,2048,1,False,,0,7.0,7.0,102400,115.5550190127184,39.52927108203192,0.019301401895523398,581.7587255727959,0.28406187772109176,6.583060081837738,0.003214384805584833,0.7343111338328391,10,2048,0.9391675613973829,2048,1342,1631,1936,2031,0.6552734375,0.79638671875,0.9453125,0.99169921875,timm:resnet101.a3_in1k,timm/resnet101.a3_in1k,imagenet_val[6400],50.0,True,,,,,,6400.0,14.721759716059525,96.04969926236222,0.046899267217950305,489.8840696235329,0.23920120587086569,14.684760819093157,0.00717029336869783,1.2267109865584327,10.0,2048.0,0.9091778543910041,2048.0,888.0,1222.0,1744.0,1998.0,0.43359375,0.5966796875,0.8515625,0.9755859375,3.125,False
layer4.2,block,236,2048,1,False,,0,7.0,7.0,102400,115.42440776012722,39.730015970906805,0.01939942186079434,582.6444649918457,0.28449436767179964,6.602777045919176,0.0032240122294527225,0.7347637440327918,10,2048,0.9373883466821361,2048,1342,1631,1936,2031,0.6552734375,0.79638671875,0.9453125,0.99169921875,timm:resnet101.a3_in1k,timm/resnet101.a3_in1k,imagenet_val[6400],50.0,True,,,,,,6400.0,14.721759716059525,96.04969926236222,0.046899267217950305,489.8840696235329,0.23920120587086569,14.684760819093157,0.00717029336869783,1.2267109865584327,10.0,2048.0,0.9091778543910041,2048.0,888.0,1222.0,1744.0,1998.0,0.43359375,0.5966796875,0.8515625,0.9755859375,3.125,False
fc,linear,237,1000,1,False,,0,,,6400,2087.9947874803156,9.185841939535106,0.009185841939535106,33.28713385751966,0.03328713385751966,4.4728650118029485,0.004472865011802949,1.4467208902576436,10,1000,0.8880254599946333,1000,155,317,648,911,0.155,0.317,0.648,0.911,timm:resnet101.a3_in1k,timm/resnet101.a3_in1k,imagenet_val[6400],6.4,False,,,,,,,,,,,,,,,,,,,,,,,,,,,,
