layer,kind,depth_index,C,groups,is_depthwise,r_max,call_index,H,W,n_samples,total_variance,participation_ratio,participation_ratio_norm,effective_rank,effective_rank_norm,stable_rank,stable_rank_norm,powerlaw_alpha,powerlaw_fit_lo,powerlaw_fit_hi,powerlaw_r2,nonzero_eigs,k_star_0.9,k_star_0.95,k_star_0.99,k_star_0.999,k_star_ratio_0.9,k_star_ratio_0.95,k_star_ratio_0.99,k_star_ratio_0.999,n_over_C,model
conv1,conv,0,64,1,False,64.0,0,112.0,112.0,512,182.60299895286747,4.635967399398764,0.07243699061560568,7.330984926269943,0.11454663947296786,2.525149636428076,0.039455463069188686,16.027889420359674,10,64,0.5294628030450352,55,7,10,18,28,0.109375,0.15625,0.28125,0.4375,1,timm:resnet34.tv_in1k
conv1,conv,0,64,1,False,64.0,0,112.0,112.0,512,182.60299895286747,4.635967399398764,0.07243699061560568,7.330984926269943,0.11454663947296786,2.525149636428076,0.039455463069188686,16.027889420359674,10,64,0.5294628030450352,55,7,10,18,28,0.109375,0.15625,0.28125,0.4375,2,timm:resnet34.tv_in1k
conv1,conv,0,64,1,False,64.0,0,112.0,112.0,512,182.60299895286747,4.635967399398764,0.07243699061560568,7.330984926269943,0.11454663947296786,2.525149636428076,0.039455463069188686,16.027889420359674,10,64,0.5294628030450352,55,7,10,18,28,0.109375,0.15625,0.28125,0.4375,5,timm:resnet34.tv_in1k
conv1,conv,0,64,1,False,64.0,0,112.0,112.0,1024,207.2762961700177,5.016638595222098,0.07838497805034528,7.857206102615772,0.12276884535337143,2.646652454463144,0.041353944600986625,15.84010852864266,10,64,0.5235106476998259,56,7,10,19,29,0.109375,0.15625,0.296875,0.453125,10,timm:resnet34.tv_in1k
conv1,conv,0,64,1,False,64.0,0,112.0,112.0,2048,202.53541994324434,4.599062290978687,0.07186034829654199,7.461773622428769,0.11659021285044951,2.449481284331508,0.038273145067679815,15.843841680950584,10,64,0.5217282326719426,56,7,10,19,29,0.109375,0.15625,0.296875,0.453125,25,timm:resnet34.tv_in1k
conv1,conv,0,64,1,False,64.0,0,112.0,112.0,3584,193.99012358036907,4.699606441953342,0.07343135065552096,7.635966261855868,0.11931197284149794,2.487199557894869,0.03886249309210733,15.796108152682766,10,64,0.5214663419959215,56,7,11,19,30,0.109375,0.171875,0.296875,0.46875,50,timm:resnet34.tv_in1k
conv1,conv,0,64,1,False,64.0,0,112.0,112.0,6656,191.68509883446362,4.692357748228032,0.073318089816063,7.652099679250585,0.1195640574882904,2.4835059504104384,0.0388047804751631,15.768923076840956,10,64,0.5206018788713428,56,7,11,19,30,0.109375,0.171875,0.296875,0.46875,100,timm:resnet34.tv_in1k
conv1,conv,0,64,1,False,64.0,0,112.0,112.0,16384,186.06381882514972,4.471574320518909,0.06986834875810795,7.362509625803855,0.11503921290318524,2.3956095088881018,0.03743139857637659,15.743000403068063,10,64,0.51928788038329,56,7,10,19,30,0.109375,0.15625,0.296875,0.46875,250,timm:resnet34.tv_in1k
act1,act,1,64,1,False,,0,112.0,112.0,512,3.0836221887174187,7.64131545847008,0.119395554038595,14.483878770576409,0.2263106057902564,3.280358946979579,0.05125560854655592,8.739288743845812,10,64,0.2334282122460083,54,17,23,36,48,0.265625,0.359375,0.5625,0.75,1,timm:resnet34.tv_in1k
act1,act,1,64,1,False,,0,112.0,112.0,512,3.0836221887174187,7.64131545847008,0.119395554038595,14.483878770576409,0.2263106057902564,3.280358946979579,0.05125560854655592,8.739288743845812,10,64,0.2334282122460083,54,17,23,36,48,0.265625,0.359375,0.5625,0.75,2,timm:resnet34.tv_in1k
act1,act,1,64,1,False,,0,112.0,112.0,512,3.0836221887174187,7.64131545847008,0.119395554038595,14.483878770576409,0.2263106057902564,3.280358946979579,0.05125560854655592,8.739288743845812,10,64,0.2334282122460083,54,17,23,36,48,0.265625,0.359375,0.5625,0.75,5,timm:resnet34.tv_in1k
act1,act,1,64,1,False,,0,112.0,112.0,1024,3.3571597593341735,8.555328157383462,0.1336770024591166,16.060143652705097,0.25093974457351714,3.5252546728651253,0.05508210426351758,7.096260628603644,10,64,0.20624947783264047,54,18,25,38,49,0.28125,0.390625,0.59375,0.765625,10,timm:resnet34.tv_in1k
act1,act,1,64,1,False,,0,112.0,112.0,2048,3.3739594123600387,8.288451313879452,0.12950705177936644,16.093358743978545,0.25145873037466476,3.3924072172379067,0.05300636276934229,10.705194702536044,10,64,0.17070288069579542,54,19,25,39,49,0.296875,0.390625,0.609375,0.765625,25,timm:resnet34.tv_in1k
act1,act,1,64,1,False,,0,112.0,112.0,3584,3.2855609962230923,8.459600445646476,0.1321812569632262,16.402559502096217,0.2562899922202534,3.444818125987025,0.053825283218547265,14.154737301337642,10,64,0.2251798137864941,54,19,26,39,49,0.296875,0.40625,0.609375,0.765625,50,timm:resnet34.tv_in1k
act1,act,1,64,1,False,,0,112.0,112.0,6656,3.20640977880646,8.289447559118614,0.12952261811122834,16.364319846191595,0.2556924975967437,3.3653421970187716,0.052583471828418306,13.765261689638074,10,64,0.227687612624065,54,19,26,39,49,0.296875,0.40625,0.609375,0.765625,100,timm:resnet34.tv_in1k
act1,act,1,64,1,False,,0,112.0,112.0,16384,3.14649410632381,8.231796488774686,0.12862182013710446,16.33603300504218,0.25525051570378404,3.347026806435332,0.05229729385055206,13.4953274264659,10,64,0.2296360307303532,54,19,26,39,49,0.296875,0.40625,0.609375,0.765625,250,timm:resnet34.tv_in1k
layer1.0.conv1,conv,2,64,1,False,64.0,0,56.0,56.0,512,29.418146390970904,6.417694264294698,0.10027647287960466,11.596451623634511,0.18119455661928924,3.0091596600230797,0.04701811968786062,3.249266341031144,10,64,0.9537787156607945,64,13,19,34,53,0.203125,0.296875,0.53125,0.828125,1,timm:resnet34.tv_in1k
layer1.0.conv1,conv,2,64,1,False,64.0,0,56.0,56.0,512,29.418146390970904,6.417694264294698,0.10027647287960466,11.596451623634511,0.18119455661928924,3.0091596600230797,0.04701811968786062,3.249266341031144,10,64,0.9537787156607945,64,13,19,34,53,0.203125,0.296875,0.53125,0.828125,2,timm:resnet34.tv_in1k
layer1.0.conv1,conv,2,64,1,False,64.0,0,56.0,56.0,512,29.418146390970904,6.417694264294698,0.10027647287960466,11.596451623634511,0.18119455661928924,3.0091596600230797,0.04701811968786062,3.249266341031144,10,64,0.9537787156607945,64,13,19,34,53,0.203125,0.296875,0.53125,0.828125,5,timm:resnet34.tv_in1k
layer1.0.conv1,conv,2,64,1,False,64.0,0,56.0,56.0,1024,35.21840776718314,6.018255563329151,0.09403524317701799,11.52209687580255,0.18003276368441484,2.8072239587093524,0.04386287435483363,3.154559919847035,10,64,0.958506327796152,64,13,19,35,54,0.203125,0.296875,0.546875,0.84375,10,timm:resnet34.tv_in1k
layer1.0.conv1,conv,2,64,1,False,64.0,0,56.0,56.0,2048,33.62768527802112,6.114503261147545,0.0955391134554304,11.54714311988184,0.18042411124815375,2.8756349790590576,0.044931796547797775,3.090343587349342,10,64,0.9614502219597214,64,13,19,35,55,0.203125,0.296875,0.546875,0.859375,25,timm:resnet34.tv_in1k
layer1.0.conv1,conv,2,64,1,False,64.0,0,56.0,56.0,3584,32.989097554111765,6.147403651290436,0.09605318205141307,11.60766170345851,0.1813697141165392,2.884929562151614,0.045077024408618965,3.053883983551848,10,64,0.9592793615439008,64,13,19,36,55,0.203125,0.296875,0.5625,0.859375,50,timm:resnet34.tv_in1k
layer1.0.conv1,conv,2,64,1,False,64.0,0,56.0,56.0,6656,32.08833500135697,6.244388957130184,0.09756857745515912,11.729652316483559,0.1832758174450556,2.9244282853680716,0.04569419195887612,3.028599539784328,10,64,0.9566843825804834,64,13,20,36,55,0.203125,0.3125,0.5625,0.859375,100,timm:resnet34.tv_in1k
layer1.0.conv1,conv,2,64,1,False,64.0,0,56.0,56.0,16384,31.856052546567817,6.110009586604213,0.09546889979069083,11.60730670414614,0.18136416725228344,2.853841099902457,0.04459126718597589,3.028208096994361,10,64,0.9568275953879468,64,13,20,36,55,0.203125,0.3125,0.5625,0.859375,250,timm:resnet34.tv_in1k
layer1.0.act1,act,3,64,1,False,,0,56.0,56.0,512,0.8249668804400121,14.764977985930201,0.2307027810301594,26.97718684068552,0.42151854438571124,5.882959997208386,0.09192124995638103,1.7992183705947864,10,64,0.9627399872860403,64,30,41,56,63,0.46875,0.640625,0.875,0.984375,1,timm:resnet34.tv_in1k
layer1.0.act1,act,3,64,1,False,,0,56.0,56.0,512,0.8249668804400121,14.764977985930201,0.2307027810301594,26.97718684068552,0.42151854438571124,5.882959997208386,0.09192124995638103,1.7992183705947864,10,64,0.9627399872860403,64,30,41,56,63,0.46875,0.640625,0.875,0.984375,2,timm:resnet34.tv_in1k
layer1.0.act1,act,3,64,1,False,,0,56.0,56.0,512,0.8249668804400121,14.764977985930201,0.2307027810301594,26.97718684068552,0.42151854438571124,5.882959997208386,0.09192124995638103,1.7992183705947864,10,64,0.9627399872860403,64,30,41,56,63,0.46875,0.640625,0.875,0.984375,5,timm:resnet34.tv_in1k
layer1.0.act1,act,3,64,1,False,,0,56.0,56.0,1024,0.9079823580789779,15.649410455669944,0.24452203836984288,28.411498696574803,0.4439296671339813,6.258976751440727,0.09779651174126136,1.7526755032397936,10,64,0.9625809719693806,64,32,42,57,63,0.5,0.65625,0.890625,0.984375,10,timm:resnet34.tv_in1k
layer1.0.act1,act,3,64,1,False,,0,56.0,56.0,2048,0.9052216446153658,15.58761717180336,0.2435565183094275,28.46010518764652,0.44468914355697686,6.2445722756329785,0.09757144180676529,1.715792705961008,10,64,0.9685384138471257,64,32,42,57,64,0.5,0.65625,0.890625,1.0,25,timm:resnet34.tv_in1k
layer1.0.act1,act,3,64,1,False,,0,56.0,56.0,3584,0.8711673788964311,16.03802058290243,0.25059407160785047,29.057066497003326,0.454016664015677,6.437565534227176,0.10058696147229962,1.6918261103025722,10,64,0.9693510550696114,64,32,43,58,64,0.5,0.671875,0.90625,1.0,50,timm:resnet34.tv_in1k
layer1.0.act1,act,3,64,1,False,,0,56.0,56.0,6656,0.8611572050244152,16.087239277671124,0.2513631137136113,29.306503910851486,0.45791412360705447,6.356741315034384,0.09932408304741225,1.6587928601863389,10,64,0.9655018772605146,64,33,43,58,64,0.515625,0.671875,0.90625,1.0,100,timm:resnet34.tv_in1k
layer1.0.act1,act,3,64,1,False,,0,56.0,56.0,16384,0.84088440287087,16.002784399984918,0.25004350624976435,29.271110180337935,0.45736109656778023,6.290680443709019,0.09829188193295342,1.648401007390744,10,64,0.9666903880911221,64,33,44,58,64,0.515625,0.6875,0.90625,1.0,250,timm:resnet34.tv_in1k
layer1.0.conv2,conv,4,64,1,False,64.0,0,56.0,56.0,512,4.014230133735969,3.414559069034322,0.05335248545366128,8.239824283375054,0.1287472544277352,1.912587139399459,0.029884174053116545,2.7811980637226084,10,64,0.9221455935987625,64,13,21,39,56,0.203125,0.328125,0.609375,0.875,1,timm:resnet34.tv_in1k
layer1.0.conv2,conv,4,64,1,False,64.0,0,56.0,56.0,512,4.014230133735969,3.414559069034322,0.05335248545366128,8.239824283375054,0.1287472544277352,1.912587139399459,0.029884174053116545,2.7811980637226084,10,64,0.9221455935987625,64,13,21,39,56,0.203125,0.328125,0.609375,0.875,2,timm:resnet34.tv_in1k
layer1.0.conv2,conv,4,64,1,False,64.0,0,56.0,56.0,512,4.014230133735969,3.414559069034322,0.05335248545366128,8.239824283375054,0.1287472544277352,1.912587139399459,0.029884174053116545,2.7811980637226084,10,64,0.9221455935987625,64,13,21,39,56,0.203125,0.328125,0.609375,0.875,5,timm:resnet34.tv_in1k
layer1.0.conv2,conv,4,64,1,False,64.0,0,56.0,56.0,1024,4.317755258855763,3.5629900056858537,0.055671718838841464,8.741809421071105,0.13659077220423602,1.9600177381754742,0.030625277158991784,2.7423244672352127,10,64,0.9301587231306687,64,14,22,40,57,0.21875,0.34375,0.625,0.890625,10,timm:resnet34.tv_in1k
layer1.0.conv2,conv,4,64,1,False,64.0,0,56.0,56.0,2048,4.520830689155216,3.242885379373555,0.0506700840527118,8.083014723231356,0.12629710505048994,1.8534430765376302,0.02896004807090047,2.7401923543317563,10,64,0.9319566371323625,64,14,21,40,57,0.21875,0.328125,0.625,0.890625,25,timm:resnet34.tv_in1k
layer1.0.conv2,conv,4,64,1,False,64.0,0,56.0,56.0,3584,4.332351001909238,3.4474211800379875,0.053865955938093554,8.566776526978282,0.13385588323403566,1.9201706006877706,0.030002665635746415,2.720077027959488,10,64,0.9322845649479784,64,14,22,40,57,0.21875,0.34375,0.625,0.890625,50,timm:resnet34.tv_in1k
layer1.0.conv2,conv,4,64,1,False,64.0,0,56.0,56.0,6656,4.397082634260612,3.319702953232848,0.05187035864426325,8.282971441398587,0.12942142877185292,1.87792761764182,0.029342619025653438,2.720778933979552,10,64,0.9334682005882481,64,14,22,40,57,0.21875,0.34375,0.625,0.890625,100,timm:resnet34.tv_in1k
layer1.0.conv2,conv,4,64,1,False,64.0,0,56.0,56.0,16384,4.370514964398783,3.270936687036198,0.051108385734940594,8.158006164589395,0.1274688463217093,1.8622438648449617,0.029097560388202527,2.7165224173238505,10,64,0.9335546371621956,64,14,22,40,57,0.21875,0.34375,0.625,0.890625,250,timm:resnet34.tv_in1k
layer1.0.act2,act,5,64,1,False,,0,56.0,56.0,512,6.222435704882596,14.253526498552079,0.22271135153987623,24.15982159963196,0.3774972124942494,5.991401353574699,0.09361564614960467,2.0542843284263,10,64,0.9434792517615461,64,26,36,53,62,0.40625,0.5625,0.828125,0.96875,1,timm:resnet34.tv_in1k
layer1.0.act2,act,5,64,1,False,,0,56.0,56.0,512,6.222435704882596,14.253526498552079,0.22271135153987623,24.15982159963196,0.3774972124942494,5.991401353574699,0.09361564614960467,2.0542843284263,10,64,0.9434792517615461,64,26,36,53,62,0.40625,0.5625,0.828125,0.96875,2,timm:resnet34.tv_in1k
layer1.0.act2,act,5,64,1,False,,0,56.0,56.0,512,6.222435704882596,14.253526498552079,0.22271135153987623,24.15982159963196,0.3774972124942494,5.991401353574699,0.09361564614960467,2.0542843284263,10,64,0.9434792517615461,64,26,36,53,62,0.40625,0.5625,0.828125,0.96875,5,timm:resnet34.tv_in1k
layer1.0.act2,act,5,64,1,False,,0,56.0,56.0,1024,6.941074391958584,15.248632020069156,0.23825987531358056,25.461652807866663,0.3978383251229166,6.229324580914759,0.09733319657679311,1.9953932023304486,10,64,0.9494415040294789,64,27,37,54,63,0.421875,0.578125,0.84375,0.984375,10,timm:resnet34.tv_in1k
layer1.0.act2,act,5,64,1,False,,0,56.0,56.0,2048,6.7993539482981316,15.126546078618231,0.23635228247840986,25.54004349996853,0.3990631796870083,6.514347741150933,0.10178668345548333,1.925726638351244,10,64,0.9434273935030204,64,28,38,54,63,0.4375,0.59375,0.84375,0.984375,25,timm:resnet34.tv_in1k
layer1.0.act2,act,5,64,1,False,,0,56.0,56.0,3584,6.681365951950115,15.587054414008753,0.24354772521888676,26.12844955340733,0.4082570242719895,6.597407495138372,0.10308449211153706,1.9082664853756997,10,64,0.9377451755555719,64,28,39,54,63,0.4375,0.609375,0.84375,0.984375,50,timm:resnet34.tv_in1k
layer1.0.act2,act,5,64,1,False,,0,56.0,56.0,6656,6.739590709155721,15.700375865371136,0.245318372896424,26.217591390153277,0.40964986547114496,6.728578753453545,0.10513404302271163,1.8951560539119539,10,64,0.9375541367986499,64,29,39,55,63,0.453125,0.609375,0.859375,0.984375,100,timm:resnet34.tv_in1k
layer1.0.act2,act,5,64,1,False,,0,56.0,56.0,16384,6.592723226714383,15.469859328638545,0.24171655200997727,26.074339340150637,0.4074115521898537,6.636052134448732,0.10368831460076144,1.879579436106071,10,64,0.9377764589490166,64,29,39,55,63,0.453125,0.609375,0.859375,0.984375,250,timm:resnet34.tv_in1k
layer1.0,block,6,64,1,False,,0,56.0,56.0,512,5.982765123102297,14.215113261390192,0.22211114470922175,23.518101773105453,0.3674703402047727,6.4007222127324095,0.1000112845739439,2.0213128592022462,10,64,0.9454977206221722,64,26,36,53,62,0.40625,0.5625,0.828125,0.96875,1,timm:resnet34.tv_in1k
layer1.0,block,6,64,1,False,,0,56.0,56.0,512,5.982765123102297,14.215113261390192,0.22211114470922175,23.518101773105453,0.3674703402047727,6.4007222127324095,0.1000112845739439,2.0213128592022462,10,64,0.9454977206221722,64,26,36,53,62,0.40625,0.5625,0.828125,0.96875,2,timm:resnet34.tv_in1k
layer1.0,block,6,64,1,False,,0,56.0,56.0,512,5.982765123102297,14.215113261390192,0.22211114470922175,23.518101773105453,0.3674703402047727,6.4007222127324095,0.1000112845739439,2.0213128592022462,10,64,0.9454977206221722,64,26,36,53,62,0.40625,0.5625,0.828125,0.96875,5,timm:resnet34.tv_in1k
layer1.0,block,6,64,1,False,,0,56.0,56.0,1024,6.966340859361877,14.878267729177082,0.2324729332683919,25.063614128220735,0.391618970753449,6.186879674416325,0.09666999491275508,1.9660620222440632,10,64,0.9389210705426517,64,27,37,54,62,0.421875,0.578125,0.84375,0.96875,10,timm:resnet34.tv_in1k
layer1.0,block,6,64,1,False,,0,56.0,56.0,2048,6.955109935918218,15.061202605471019,0.23533129071048467,25.494075603255332,0.39834493130086457,6.486293872468251,0.10134834175731643,1.9173101114333926,10,64,0.9405125407408705,64,28,38,54,63,0.4375,0.59375,0.84375,0.984375,25,timm:resnet34.tv_in1k
layer1.0,block,6,64,1,False,,0,56.0,56.0,3584,6.864383681485102,15.321000694397247,0.23939063584995698,25.91391079294908,0.40490485613982935,6.449126171313063,0.10076759642676661,1.8836911345366047,10,64,0.9379881200721449,64,28,39,55,63,0.4375,0.609375,0.859375,0.984375,50,timm:resnet34.tv_in1k
layer1.0,block,6,64,1,False,,0,56.0,56.0,6656,6.925739796475264,15.416149048688842,0.24087732888576316,26.02523561130011,0.40664430642656424,6.507238619121395,0.1016756034237718,1.883905710814851,10,64,0.937822302930948,64,28,39,55,63,0.4375,0.609375,0.859375,0.984375,100,timm:resnet34.tv_in1k
layer1.0,block,6,64,1,False,,0,56.0,56.0,16384,6.646984510238982,15.461611556911688,0.24158768057674512,26.09346278932895,0.40771035608326484,6.573379197179189,0.10270904995592482,1.8753883050130662,10,64,0.9360069750841423,64,29,39,55,63,0.453125,0.609375,0.859375,0.984375,250,timm:resnet34.tv_in1k
layer1.1.conv1,conv,7,64,1,False,64.0,0,56.0,56.0,512,22.420073070638097,9.722343545077829,0.15191161789184107,17.74291692843056,0.2772330770067275,3.9636597892755736,0.06193218420743084,2.6927253335645327,10,64,0.9454687195437554,64,20,27,44,60,0.3125,0.421875,0.6875,0.9375,1,timm:resnet34.tv_in1k
layer1.1.conv1,conv,7,64,1,False,64.0,0,56.0,56.0,512,22.420073070638097,9.722343545077829,0.15191161789184107,17.74291692843056,0.2772330770067275,3.9636597892755736,0.06193218420743084,2.6927253335645327,10,64,0.9454687195437554,64,20,27,44,60,0.3125,0.421875,0.6875,0.9375,2,timm:resnet34.tv_in1k
layer1.1.conv1,conv,7,64,1,False,64.0,0,56.0,56.0,512,22.420073070638097,9.722343545077829,0.15191161789184107,17.74291692843056,0.2772330770067275,3.9636597892755736,0.06193218420743084,2.6927253335645327,10,64,0.9454687195437554,64,20,27,44,60,0.3125,0.421875,0.6875,0.9375,5,timm:resnet34.tv_in1k
layer1.1.conv1,conv,7,64,1,False,64.0,0,56.0,56.0,1024,26.301169699271306,9.093998592878952,0.14209372801373363,17.710670862995507,0.2767292322343048,3.6248460309568125,0.056638219233700195,2.6163447824013093,10,64,0.9461860251325639,64,20,28,45,60,0.3125,0.4375,0.703125,0.9375,10,timm:resnet34.tv_in1k
layer1.1.conv1,conv,7,64,1,False,64.0,0,56.0,56.0,2048,26.09782582517162,8.883814816457006,0.13880960650714072,17.619126678638334,0.275298854353724,3.558884955955174,0.055607577436799595,2.560739644928271,10,64,0.942851523322067,64,21,29,46,60,0.328125,0.453125,0.71875,0.9375,25,timm:resnet34.tv_in1k
layer1.1.conv1,conv,7,64,1,False,64.0,0,56.0,56.0,3584,25.543198529409224,9.198524096842522,0.1437269390131644,17.9931903614096,0.281143599397025,3.6493413144530975,0.05702095803832965,2.554596610861068,10,64,0.9431641163963091,64,21,29,46,60,0.328125,0.453125,0.71875,0.9375,50,timm:resnet34.tv_in1k
layer1.1.conv1,conv,7,64,1,False,64.0,0,56.0,56.0,6656,25.3893982439544,9.380344992581177,0.1465678905090809,18.279954185583893,0.28562428414974833,3.7078835098684753,0.057935679841694926,2.543454751378395,10,64,0.9438331442745426,64,21,29,46,60,0.328125,0.453125,0.71875,0.9375,100,timm:resnet34.tv_in1k
layer1.1.conv1,conv,7,64,1,False,64.0,0,56.0,56.0,16384,24.91545930096887,9.443392882371713,0.147553013787058,18.345607197138698,0.28665011245529215,3.7289294935447765,0.05826452333663713,2.5388227884327788,10,64,0.9433952181224114,64,21,29,46,60,0.328125,0.453125,0.71875,0.9375,250,timm:resnet34.tv_in1k
layer1.1.act1,act,8,64,1,False,,0,56.0,56.0,512,0.6844937101502241,25.345655408991718,0.3960258657654956,37.01270143334492,0.5783234598960144,10.032943771563138,0.15676474643067403,1.6272055505931045,10,64,0.9449839953275679,64,37,46,58,64,0.578125,0.71875,0.90625,1.0,1,timm:resnet34.tv_in1k
layer1.1.act1,act,8,64,1,False,,0,56.0,56.0,512,0.6844937101502241,25.345655408991718,0.3960258657654956,37.01270143334492,0.5783234598960144,10.032943771563138,0.15676474643067403,1.6272055505931045,10,64,0.9449839953275679,64,37,46,58,64,0.578125,0.71875,0.90625,1.0,2,timm:resnet34.tv_in1k
layer1.1.act1,act,8,64,1,False,,0,56.0,56.0,512,0.6844937101502241,25.345655408991718,0.3960258657654956,37.01270143334492,0.5783234598960144,10.032943771563138,0.15676474643067403,1.6272055505931045,10,64,0.9449839953275679,64,37,46,58,64,0.578125,0.71875,0.90625,1.0,5,timm:resnet34.tv_in1k
layer1.1.act1,act,8,64,1,False,,0,56.0,56.0,1024,0.754101499856714,27.56613714844997,0.4307208929445308,39.37204218649831,0.6151881591640361,11.154289468446095,0.17428577294447023,1.5483333532410983,10,64,0.9423761542377452,64,38,47,59,64,0.59375,0.734375,0.921875,1.0,10,timm:resnet34.tv_in1k
layer1.1.act1,act,8,64,1,False,,0,56.0,56.0,2048,0.7468980582481939,27.193342185104267,0.4248959716422542,39.56806244674048,0.61825097573032,10.43797755492257,0.16309339929566516,1.4714342303453658,10,64,0.9491676458696032,64,39,48,60,64,0.609375,0.75,0.9375,1.0,25,timm:resnet34.tv_in1k
layer1.1.act1,act,8,64,1,False,,0,56.0,56.0,3584,0.7610026883230436,27.842621643631695,0.43504096318174523,40.03229298292334,0.6255045778581771,10.819360072237036,0.16905250112870368,1.4594809108976088,10,64,0.9526314847032791,64,39,48,60,64,0.609375,0.75,0.9375,1.0,50,timm:resnet34.tv_in1k
layer1.1.act1,act,8,64,1,False,,0,56.0,56.0,6656,0.7582179365429303,27.994915815017062,0.4374205596096416,40.317564645797354,0.6299619475905837,10.749398777811724,0.16795935590330818,1.4211049930570705,10,64,0.954032462429041,64,40,49,60,64,0.625,0.765625,0.9375,1.0,100,timm:resnet34.tv_in1k
layer1.1.act1,act,8,64,1,False,,0,56.0,56.0,16384,0.7456087365030198,28.053991073203388,0.43834361051880294,40.44340066723803,0.6319281354255942,10.704048705586827,0.16725076102479416,1.4095047449492775,10,64,0.9564382038401052,64,40,49,60,64,0.625,0.765625,0.9375,1.0,250,timm:resnet34.tv_in1k
layer1.1.conv2,conv,9,64,1,False,64.0,0,56.0,56.0,512,1.9142658617165234,4.688911095763547,0.07326423587130543,12.96032572316451,0.20250508942444548,2.244798779142569,0.03507498092410264,2.498150631353614,10,64,0.9226769093994026,64,21,29,47,60,0.328125,0.453125,0.734375,0.9375,1,timm:resnet34.tv_in1k
layer1.1.conv2,conv,9,64,1,False,64.0,0,56.0,56.0,512,1.9142658617165234,4.688911095763547,0.07326423587130543,12.96032572316451,0.20250508942444548,2.244798779142569,0.03507498092410264,2.498150631353614,10,64,0.9226769093994026,64,21,29,47,60,0.328125,0.453125,0.734375,0.9375,2,timm:resnet34.tv_in1k
layer1.1.conv2,conv,9,64,1,False,64.0,0,56.0,56.0,512,1.9142658617165234,4.688911095763547,0.07326423587130543,12.96032572316451,0.20250508942444548,2.244798779142569,0.03507498092410264,2.498150631353614,10,64,0.9226769093994026,64,21,29,47,60,0.328125,0.453125,0.734375,0.9375,5,timm:resnet34.tv_in1k
layer1.1.conv2,conv,9,64,1,False,64.0,0,56.0,56.0,1024,1.941002907134713,5.475384605733944,0.08555288446459287,14.788903032431405,0.2310766098817407,2.4524418363704923,0.03831940369328894,2.4037001356625662,10,64,0.9179478291041184,64,23,31,48,60,0.359375,0.484375,0.75,0.9375,10,timm:resnet34.tv_in1k
layer1.1.conv2,conv,9,64,1,False,64.0,0,56.0,56.0,2048,2.04635772758484,4.687791310878627,0.07324673923247854,13.210563589633228,0.2064150560880192,2.2404667475466384,0.035007292930416226,2.3697676469616766,10,64,0.9168024731062787,64,22,31,48,60,0.34375,0.484375,0.75,0.9375,25,timm:resnet34.tv_in1k
layer1.1.conv2,conv,9,64,1,False,64.0,0,56.0,56.0,3584,1.99769921168719,5.069310734001878,0.07920798021877934,14.053694465315441,0.21958897602055377,2.343492332941991,0.03661706770221861,2.3566581283562282,10,64,0.916462413508447,64,23,31,48,61,0.359375,0.484375,0.75,0.953125,50,timm:resnet34.tv_in1k
layer1.1.conv2,conv,9,64,1,False,64.0,0,56.0,56.0,6656,2.0126008340074746,5.222035715314365,0.08159430805178695,14.38222124048495,0.22472220688257735,2.3840551164075907,0.037250861193868605,2.3567174829577358,10,64,0.9162807049928442,64,23,31,49,61,0.359375,0.484375,0.765625,0.953125,100,timm:resnet34.tv_in1k
layer1.1.conv2,conv,9,64,1,False,64.0,0,56.0,56.0,16384,2.0099253420920533,5.197637538479887,0.08121308653874823,14.336445602236434,0.2240069625349443,2.3777548234752115,0.03715241911680018,2.3500358710474596,10,64,0.9166227903687705,64,23,32,49,61,0.359375,0.5,0.765625,0.953125,250,timm:resnet34.tv_in1k
layer1.1.act2,act,10,64,1,False,,0,56.0,56.0,512,9.088383930303348,21.659490909131993,0.3384295454551874,31.788654763909612,0.4966977306860877,9.581591238134916,0.14971236309585806,1.9211219386153435,10,64,0.9375874539181003,64,31,41,56,63,0.484375,0.640625,0.875,0.984375,1,timm:resnet34.tv_in1k
layer1.1.act2,act,10,64,1,False,,0,56.0,56.0,512,9.088383930303348,21.659490909131993,0.3384295454551874,31.788654763909612,0.4966977306860877,9.581591238134916,0.14971236309585806,1.9211219386153435,10,64,0.9375874539181003,64,31,41,56,63,0.484375,0.640625,0.875,0.984375,2,timm:resnet34.tv_in1k
layer1.1.act2,act,10,64,1,False,,0,56.0,56.0,512,9.088383930303348,21.659490909131993,0.3384295454551874,31.788654763909612,0.4966977306860877,9.581591238134916,0.14971236309585806,1.9211219386153435,10,64,0.9375874539181003,64,31,41,56,63,0.484375,0.640625,0.875,0.984375,5,timm:resnet34.tv_in1k
layer1.1.act2,act,10,64,1,False,,0,56.0,56.0,1024,10.275411296560979,22.252135023711453,0.34768960974549146,33.1658387766511,0.5182162308851734,8.931097709967986,0.13954840171824978,1.7764145024986815,10,64,0.9377710829961006,64,33,43,57,63,0.515625,0.671875,0.890625,0.984375,10,timm:resnet34.tv_in1k
layer1.1.act2,act,10,64,1,False,,0,56.0,56.0,2048,10.286124780502782,22.782822468103113,0.35598160106411114,33.656748928604166,0.5258867020094401,9.576279978704171,0.14962937466725268,1.7278037607317662,10,64,0.944239387148605,64,34,43,57,63,0.53125,0.671875,0.890625,0.984375,25,timm:resnet34.tv_in1k
layer1.1.act2,act,10,64,1,False,,0,56.0,56.0,3584,10.189419020714142,22.988790306774092,0.3591998485433452,33.908664222246685,0.5298228784726045,9.661555441025246,0.15096180376601948,1.7288885330728947,10,64,0.9446382576502957,64,34,44,57,63,0.53125,0.6875,0.890625,0.984375,50,timm:resnet34.tv_in1k
layer1.1.act2,act,10,64,1,False,,0,56.0,56.0,6656,10.195486857112183,23.102022904055698,0.3609691078758703,34.04238529758262,0.5319122702747284,9.810258007559014,0.1532852813681096,1.7127446800631418,10,64,0.9471865217141148,64,34,44,57,63,0.53125,0.6875,0.890625,0.984375,100,timm:resnet34.tv_in1k
layer1.1.act2,act,10,64,1,False,,0,56.0,56.0,16384,9.908918056800522,23.260823104900634,0.3634503610140724,34.171452691370085,0.5339289483026576,10.02002507366501,0.1565628917760158,1.7103604787982742,10,64,0.9485235277129407,64,34,44,57,63,0.53125,0.6875,0.890625,0.984375,250,timm:resnet34.tv_in1k
layer1.1,block,11,64,1,False,,0,56.0,56.0,512,9.251747778950373,21.5171422063299,0.3362053469739047,31.73544848982826,0.4958663826535666,9.851243269578212,0.15392567608715957,1.9331339967744878,10,64,0.9438310749979345,64,31,41,56,63,0.484375,0.640625,0.875,0.984375,1,timm:resnet34.tv_in1k
layer1.1,block,11,64,1,False,,0,56.0,56.0,512,9.251747778950373,21.5171422063299,0.3362053469739047,31.73544848982826,0.4958663826535666,9.851243269578212,0.15392567608715957,1.9331339967744878,10,64,0.9438310749979345,64,31,41,56,63,0.484375,0.640625,0.875,0.984375,2,timm:resnet34.tv_in1k
layer1.1,block,11,64,1,False,,0,56.0,56.0,512,9.251747778950373,21.5171422063299,0.3362053469739047,31.73544848982826,0.4958663826535666,9.851243269578212,0.15392567608715957,1.9331339967744878,10,64,0.9438310749979345,64,31,41,56,63,0.484375,0.640625,0.875,0.984375,5,timm:resnet34.tv_in1k
layer1.1,block,11,64,1,False,,0,56.0,56.0,1024,10.274817693071228,22.369509046449746,0.3495235788507773,33.04678733468143,0.5163560521043974,9.128568933560464,0.14263388958688225,1.8293070372475866,10,64,0.9508557800089341,64,33,42,57,63,0.515625,0.65625,0.890625,0.984375,10,timm:resnet34.tv_in1k
layer1.1,block,11,64,1,False,,0,56.0,56.0,2048,10.144944936604276,22.2938729432993,0.34834176473905154,33.28868736713343,0.5201357401114598,9.048627858177024,0.141384810284016,1.7674671302544338,10,64,0.9520579295892435,64,33,43,57,63,0.515625,0.671875,0.890625,0.984375,25,timm:resnet34.tv_in1k
layer1.1,block,11,64,1,False,,0,56.0,56.0,3584,10.15662015746791,22.895742012059095,0.35774596893842336,33.75360780760516,0.5274001219938306,9.750732979402876,0.15235520280316994,1.7374723823906504,10,64,0.951917757057628,64,34,43,57,64,0.53125,0.671875,0.890625,1.0,50,timm:resnet34.tv_in1k
layer1.1,block,11,64,1,False,,0,56.0,56.0,6656,10.181630513245274,23.205743199615195,0.36258973749398743,34.09478490197334,0.5327310140933335,9.942450314311582,0.15535078616111847,1.7154570606702015,10,64,0.9517022766212965,64,34,44,57,63,0.53125,0.6875,0.890625,0.984375,100,timm:resnet34.tv_in1k
layer1.1,block,11,64,1,False,,0,56.0,56.0,16384,9.92917247387544,23.256947157514745,0.3633897993361679,34.18183598018933,0.5340911871904582,9.982586267859533,0.1559779104353052,1.706055510955277,10,64,0.9504338676930103,64,34,44,58,64,0.53125,0.6875,0.90625,1.0,250,timm:resnet34.tv_in1k
layer1.2.conv1,conv,12,64,1,False,64.0,0,56.0,56.0,512,27.606230554748652,14.75430433672512,0.23053600526133,23.962166467652313,0.3744088510570674,5.929332384363796,0.09264581850568432,2.436406557296121,10,64,0.9519375433920398,64,24,32,50,62,0.375,0.5,0.78125,0.96875,1,timm:resnet34.tv_in1k
layer1.2.conv1,conv,12,64,1,False,64.0,0,56.0,56.0,512,27.606230554748652,14.75430433672512,0.23053600526133,23.962166467652313,0.3744088510570674,5.929332384363796,0.09264581850568432,2.436406557296121,10,64,0.9519375433920398,64,24,32,50,62,0.375,0.5,0.78125,0.96875,2,timm:resnet34.tv_in1k
layer1.2.conv1,conv,12,64,1,False,64.0,0,56.0,56.0,512,27.606230554748652,14.75430433672512,0.23053600526133,23.962166467652313,0.3744088510570674,5.929332384363796,0.09264581850568432,2.436406557296121,10,64,0.9519375433920398,64,24,32,50,62,0.375,0.5,0.78125,0.96875,5,timm:resnet34.tv_in1k
layer1.2.conv1,conv,12,64,1,False,64.0,0,56.0,56.0,1024,29.969881093876243,14.626905154267165,0.22854539303542445,24.672961692445437,0.38551502644445995,5.457331087364803,0.08527079824007505,2.351384408499496,10,64,0.9498112379088112,64,25,34,51,62,0.390625,0.53125,0.796875,0.96875,10,timm:resnet34.tv_in1k
layer1.2.conv1,conv,12,64,1,False,64.0,0,56.0,56.0,2048,29.582914892042062,15.016926575377278,0.23463947774026997,25.15141804709759,0.39299090698589983,5.652835969691873,0.08832556202643552,2.3256354133523773,10,64,0.9496775155344954,64,25,34,51,62,0.390625,0.53125,0.796875,0.96875,25,timm:resnet34.tv_in1k
layer1.2.conv1,conv,12,64,1,False,64.0,0,56.0,56.0,3584,29.226513961639235,15.674767341102433,0.2449182397047255,25.663363637805453,0.4009900568407102,5.981138322210097,0.09345528628453277,2.3069278114729634,10,64,0.9487104657612812,64,26,34,51,62,0.40625,0.53125,0.796875,0.96875,50,timm:resnet34.tv_in1k
layer1.2.conv1,conv,12,64,1,False,64.0,0,56.0,56.0,6656,29.07459368543305,15.98583674133509,0.24977869908336078,25.876357406573753,0.4043180844777149,6.187950719674962,0.09668672999492128,2.292150971985768,10,64,0.9499231888499025,64,26,35,52,62,0.40625,0.546875,0.8125,0.96875,100,timm:resnet34.tv_in1k
layer1.2.conv1,conv,12,64,1,False,64.0,0,56.0,56.0,16384,28.520468810809348,15.98284648967591,0.2497319764011861,25.94079625485147,0.4053249414820542,6.075469087397443,0.09492920449058505,2.296206806121308,10,64,0.9509705008732117,64,26,34,52,62,0.40625,0.53125,0.8125,0.96875,250,timm:resnet34.tv_in1k
layer1.2.act1,act,13,64,1,False,,0,56.0,56.0,512,0.7218534913781572,31.546719790217615,0.49291749672215024,42.71031190860596,0.6673486235719681,12.74282111662158,0.19910657994721218,1.3641986714357979,10,64,0.9553818295050677,64,41,50,60,64,0.640625,0.78125,0.9375,1.0,1,timm:resnet34.tv_in1k
layer1.2.act1,act,13,64,1,False,,0,56.0,56.0,512,0.7218534913781572,31.546719790217615,0.49291749672215024,42.71031190860596,0.6673486235719681,12.74282111662158,0.19910657994721218,1.3641986714357979,10,64,0.9553818295050677,64,41,50,60,64,0.640625,0.78125,0.9375,1.0,2,timm:resnet34.tv_in1k
layer1.2.act1,act,13,64,1,False,,0,56.0,56.0,512,0.7218534913781572,31.546719790217615,0.49291749672215024,42.71031190860596,0.6673486235719681,12.74282111662158,0.19910657994721218,1.3641986714357979,10,64,0.9553818295050677,64,41,50,60,64,0.640625,0.78125,0.9375,1.0,5,timm:resnet34.tv_in1k
layer1.2.act1,act,13,64,1,False,,0,56.0,56.0,1024,0.811750519171169,33.66403870114791,0.5260006047054361,44.65267690042248,0.6976980765691012,13.746763098841306,0.2147931734193954,1.263362965736313,10,64,0.9539420603126518,64,43,51,61,64,0.671875,0.796875,0.953125,1.0,10,timm:resnet34.tv_in1k
layer1.2.act1,act,13,64,1,False,,0,56.0,56.0,2048,0.8092201957113649,34.2848574438711,0.5357008975604859,45.4044780960726,0.7094449702511344,13.985323831220212,0.2185206848628158,1.191825476022233,10,64,0.9548314635279131,64,44,52,61,64,0.6875,0.8125,0.953125,1.0,25,timm:resnet34.tv_in1k
layer1.2.act1,act,13,64,1,False,,0,56.0,56.0,3584,0.80589775825805,35.19815116709414,0.5499711119858459,46.191163390897636,0.7217369279827756,14.669083103573994,0.22920442349334366,1.146957261224236,10,64,0.9585542433055262,64,44,52,61,64,0.6875,0.8125,0.953125,1.0,50,timm:resnet34.tv_in1k
layer1.2.act1,act,13,64,1,False,,0,56.0,56.0,6656,0.8069503446432428,35.46876257409519,0.5541994152202373,46.51029840762594,0.7267234126191553,15.131210672120712,0.23642516675188613,1.1099714497839899,10,64,0.9641872271508253,64,45,53,62,64,0.703125,0.828125,0.96875,1.0,100,timm:resnet34.tv_in1k
layer1.2.act1,act,13,64,1,False,,0,56.0,56.0,16384,0.7881035660137654,35.34742156033966,0.5523034618803072,46.500010161961505,0.7265626587806485,14.921924400792255,0.233155068762379,1.0858618130395667,10,64,0.9709743984913223,64,45,53,62,64,0.703125,0.828125,0.96875,1.0,250,timm:resnet34.tv_in1k
layer1.2.conv2,conv,14,64,1,False,64.0,0,56.0,56.0,512,0.9855053583469874,16.586675965988253,0.25916681196856645,28.37818624233549,0.44340916003649206,5.801166036189393,0.09064321931545927,2.171338994172435,10,64,0.8997890230527374,64,30,38,53,62,0.46875,0.59375,0.828125,0.96875,1,timm:resnet34.tv_in1k
layer1.2.conv2,conv,14,64,1,False,64.0,0,56.0,56.0,512,0.9855053583469874,16.586675965988253,0.25916681196856645,28.37818624233549,0.44340916003649206,5.801166036189393,0.09064321931545927,2.171338994172435,10,64,0.8997890230527374,64,30,38,53,62,0.46875,0.59375,0.828125,0.96875,2,timm:resnet34.tv_in1k
layer1.2.conv2,conv,14,64,1,False,64.0,0,56.0,56.0,512,0.9855053583469874,16.586675965988253,0.25916681196856645,28.37818624233549,0.44340916003649206,5.801166036189393,0.09064321931545927,2.171338994172435,10,64,0.8997890230527374,64,30,38,53,62,0.46875,0.59375,0.828125,0.96875,5,timm:resnet34.tv_in1k
layer1.2.conv2,conv,14,64,1,False,64.0,0,56.0,56.0,1024,1.0812766776864329,17.877827216340087,0.27934105025531386,29.867497067554837,0.4666796416805443,6.3386328073828855,0.09904113761535759,2.0909690941635533,10,64,0.8943046437040638,64,31,39,54,62,0.484375,0.609375,0.84375,0.96875,10,timm:resnet34.tv_in1k
layer1.2.conv2,conv,14,64,1,False,64.0,0,56.0,56.0,2048,1.064183205564062,17.48666552763661,0.27322914886932204,29.75256078111672,0.46488376220494876,6.158930109066949,0.09623328295417108,2.076553835059524,10,64,0.8927889253777962,64,31,40,54,62,0.484375,0.625,0.84375,0.96875,25,timm:resnet34.tv_in1k
layer1.2.conv2,conv,14,64,1,False,64.0,0,56.0,56.0,3584,1.0563027008538097,18.420022465461628,0.28781285102283793,30.69635759168429,0.47963058737006703,6.444302042133562,0.1006922194083369,2.0669810610921533,10,64,0.8896742364782059,64,32,40,54,62,0.5,0.625,0.84375,0.96875,50,timm:resnet34.tv_in1k
layer1.2.conv2,conv,14,64,1,False,64.0,0,56.0,56.0,6656,1.0544916311723496,18.80448795988601,0.2938201243732189,30.94513030716386,0.48351766104943533,6.732049742354671,0.10518827722429173,2.0523619094189702,10,64,0.8878942225948705,64,32,40,54,62,0.5,0.625,0.84375,0.96875,100,timm:resnet34.tv_in1k
layer1.2.conv2,conv,14,64,1,False,64.0,0,56.0,56.0,16384,1.0288866721888756,19.193368854757082,0.2998963883555794,31.35297238574355,0.48989019352724295,6.788358023025682,0.10606809410977629,2.038528229718194,10,64,0.8868668916120217,64,32,40,54,62,0.5,0.625,0.84375,0.96875,250,timm:resnet34.tv_in1k
layer1.2.act2,act,15,64,1,False,,0,56.0,56.0,512,12.56085816101552,26.796428763330695,0.4186941994270421,36.72703891680891,0.5738599830751392,12.733817012134672,0.19896589081460425,1.93496873980136,10,64,0.9160760587222908,64,34,42,56,63,0.53125,0.65625,0.875,0.984375,1,timm:resnet34.tv_in1k
layer1.2.act2,act,15,64,1,False,,0,56.0,56.0,512,12.56085816101552,26.796428763330695,0.4186941994270421,36.72703891680891,0.5738599830751392,12.733817012134672,0.19896589081460425,1.93496873980136,10,64,0.9160760587222908,64,34,42,56,63,0.53125,0.65625,0.875,0.984375,2,timm:resnet34.tv_in1k
layer1.2.act2,act,15,64,1,False,,0,56.0,56.0,512,12.56085816101552,26.796428763330695,0.4186941994270421,36.72703891680891,0.5738599830751392,12.733817012134672,0.19896589081460425,1.93496873980136,10,64,0.9160760587222908,64,34,42,56,63,0.53125,0.65625,0.875,0.984375,5,timm:resnet34.tv_in1k
layer1.2.act2,act,15,64,1,False,,0,56.0,56.0,1024,13.735043513808398,28.644460593045313,0.447569696766333,38.59304439316649,0.6030163186432264,13.992385746720872,0.21863102729251363,1.8215534422393769,10,64,0.9196477312818553,64,35,44,57,63,0.546875,0.6875,0.890625,0.984375,10,timm:resnet34.tv_in1k
layer1.2.act2,act,15,64,1,False,,0,56.0,56.0,2048,13.774452317253232,29.37777579749093,0.4590277468357958,39.429304458023,0.6160828821566093,14.004467016248528,0.21881979712888325,1.7428227229018347,10,64,0.9244144406740324,64,36,45,58,63,0.5625,0.703125,0.90625,0.984375,25,timm:resnet34.tv_in1k
layer1.2.act2,act,15,64,1,False,,0,56.0,56.0,3584,13.749113205520159,29.452160195272054,0.46019000305112584,39.5734383813513,0.6183349747086141,14.111220153216074,0.22048781489400116,1.7223346390767154,10,64,0.9231338229800117,64,37,45,58,63,0.578125,0.703125,0.90625,0.984375,50,timm:resnet34.tv_in1k
layer1.2.act2,act,15,64,1,False,,0,56.0,56.0,6656,13.781088266265574,29.368535365895752,0.45888336509212113,39.63511618475287,0.6192986903867636,14.050163787482276,0.21953380917941057,1.6939853702681247,10,64,0.9249418096016447,64,37,45,58,64,0.578125,0.703125,0.90625,1.0,100,timm:resnet34.tv_in1k
layer1.2.act2,act,15,64,1,False,,0,56.0,56.0,16384,13.564356116189874,29.289539828329048,0.45764905981764137,39.586563946007,0.6185400616563593,14.283154416228774,0.2231742877535746,1.6909340506945527,10,64,0.923517349772599,64,37,45,58,64,0.578125,0.703125,0.90625,1.0,250,timm:resnet34.tv_in1k
layer1.2,block,16,64,1,False,,0,56.0,56.0,512,13.503686520451437,26.12284866268764,0.4081695103544944,36.1190220942971,0.5643597202233922,11.871234785263383,0.18548804351974035,1.9385792799122077,10,64,0.9183163151746542,64,34,42,56,63,0.53125,0.65625,0.875,0.984375,1,timm:resnet34.tv_in1k
layer1.2,block,16,64,1,False,,0,56.0,56.0,512,13.503686520451437,26.12284866268764,0.4081695103544944,36.1190220942971,0.5643597202233922,11.871234785263383,0.18548804351974035,1.9385792799122077,10,64,0.9183163151746542,64,34,42,56,63,0.53125,0.65625,0.875,0.984375,2,timm:resnet34.tv_in1k
layer1.2,block,16,64,1,False,,0,56.0,56.0,512,13.503686520451437,26.12284866268764,0.4081695103544944,36.1190220942971,0.5643597202233922,11.871234785263383,0.18548804351974035,1.9385792799122077,10,64,0.9183163151746542,64,34,42,56,63,0.53125,0.65625,0.875,0.984375,5,timm:resnet34.tv_in1k
layer1.2,block,16,64,1,False,,0,56.0,56.0,1024,13.918189855994124,28.395282890110636,0.4436762951579787,38.437347207300064,0.6005835501140635,13.569047804209498,0.2120163719407734,1.8165715855414661,10,64,0.9189747681505234,64,36,44,57,63,0.5625,0.6875,0.890625,0.984375,10,timm:resnet34.tv_in1k
layer1.2,block,16,64,1,False,,0,56.0,56.0,2048,13.656463546993495,29.064972066456964,0.45414018853839005,39.269188032809275,0.6135810630126449,13.498681660851878,0.2109169009508106,1.7371301363332068,10,64,0.9225440750403769,64,36,45,58,63,0.5625,0.703125,0.90625,0.984375,25,timm:resnet34.tv_in1k
layer1.2,block,16,64,1,False,,0,56.0,56.0,3584,13.857467132409763,29.18484490153762,0.4560132015865253,39.468850466216594,0.6167007885346343,13.815647620402384,0.21586949406878725,1.7135276546132676,10,64,0.9172099908994212,64,37,45,58,63,0.578125,0.703125,0.90625,0.984375,50,timm:resnet34.tv_in1k
layer1.2,block,16,64,1,False,,0,56.0,56.0,6656,13.711887351742604,29.354847656782336,0.458669494637224,39.68581315849896,0.6200908306015462,13.855621370970303,0.21649408392141098,1.6844849269363307,10,64,0.9237695462092743,64,37,46,58,64,0.578125,0.71875,0.90625,1.0,100,timm:resnet34.tv_in1k
layer1.2,block,16,64,1,False,,0,56.0,56.0,16384,13.494888142440775,29.27607011647926,0.45743859556998845,39.619666798664674,0.6190572937291355,14.28937887385991,0.2232715449040611,1.6831887886835617,10,64,0.9211210391180287,64,37,46,58,64,0.578125,0.71875,0.90625,1.0,250,timm:resnet34.tv_in1k
layer2.0.conv1,conv,17,128,1,False,128.0,0,28.0,28.0,512,71.23869919450317,28.59601385073014,0.22340635820882923,41.492961191472254,0.324163759308377,13.44962237849891,0.10507517483202274,2.8271790728963646,10,128,0.9248271324865545,128,38,51,80,113,0.296875,0.3984375,0.625,0.8828125,1,timm:resnet34.tv_in1k
layer2.0.conv1,conv,17,128,1,False,128.0,0,28.0,28.0,512,71.23869919450317,28.59601385073014,0.22340635820882923,41.492961191472254,0.324163759308377,13.44962237849891,0.10507517483202274,2.8271790728963646,10,128,0.9248271324865545,128,38,51,80,113,0.296875,0.3984375,0.625,0.8828125,2,timm:resnet34.tv_in1k
layer2.0.conv1,conv,17,128,1,False,128.0,0,28.0,28.0,1024,76.71537755446323,30.26400276646149,0.2364375216129804,43.66016758496509,0.34109505925753975,15.218850432004436,0.11889726900003465,2.705271716698168,10,128,0.9239188119064978,128,40,53,83,115,0.3125,0.4140625,0.6484375,0.8984375,5,timm:resnet34.tv_in1k
layer2.0.conv1,conv,17,128,1,False,128.0,0,28.0,28.0,1536,74.29659276293062,30.820715384305522,0.2407868389398869,44.279234251858874,0.34593151759264745,15.788182554439175,0.12334517620655605,2.6708277571721792,10,128,0.9252170394349896,128,40,54,84,116,0.3125,0.421875,0.65625,0.90625,10,timm:resnet34.tv_in1k
layer2.0.conv1,conv,17,128,1,False,128.0,0,28.0,28.0,3584,76.25879984840944,31.294908314760804,0.24449147120906878,44.828672177268935,0.35022400138491355,16.187861840485255,0.12646767062879105,2.6395520938005426,10,128,0.9264397031685007,128,41,55,85,116,0.3203125,0.4296875,0.6640625,0.90625,25,timm:resnet34.tv_in1k
layer2.0.conv1,conv,17,128,1,False,128.0,0,28.0,28.0,6656,76.55190351576289,31.435725528549902,0.2455916056917961,44.98414492203698,0.3514386322034139,16.208525198987644,0.12662910311709097,2.6257245057616347,10,128,0.9278355263142505,128,41,55,85,116,0.3203125,0.4296875,0.6640625,0.90625,50,timm:resnet34.tv_in1k
layer2.0.conv1,conv,17,128,1,False,128.0,0,28.0,28.0,12800,76.0059727618448,31.387136652441903,0.24521200509720237,44.946035123818525,0.35114089940483223,16.23652382793427,0.1268478424057365,2.623371992918284,10,128,0.9278221656205252,128,41,55,85,117,0.3203125,0.4296875,0.6640625,0.9140625,100,timm:resnet34.tv_in1k
layer2.0.conv1,conv,17,128,1,False,128.0,0,28.0,28.0,32256,76.01234535546976,31.332239465488755,0.2447831208241309,44.88143554769113,0.350636215216337,16.114340721060564,0.12589328688328566,2.621354322235487,10,128,0.9281470674208289,128,41,55,85,117,0.3203125,0.4296875,0.6640625,0.9140625,250,timm:resnet34.tv_in1k
layer2.0.act1,act,18,128,1,False,,0,28.0,28.0,512,2.6232059566475407,46.62655452411824,0.36426995721967376,69.7564953250212,0.5449726197267282,19.371953510458567,0.15134338680045756,1.4353561483917845,10,128,0.9487713948272367,128,70,90,116,127,0.546875,0.703125,0.90625,0.9921875,1,timm:resnet34.tv_in1k
layer2.0.act1,act,18,128,1,False,,0,28.0,28.0,512,2.6232059566475407,46.62655452411824,0.36426995721967376,69.7564953250212,0.5449726197267282,19.371953510458567,0.15134338680045756,1.4353561483917845,10,128,0.9487713948272367,128,70,90,116,127,0.546875,0.703125,0.90625,0.9921875,2,timm:resnet34.tv_in1k
layer2.0.act1,act,18,128,1,False,,0,28.0,28.0,1024,2.7718612785302787,51.22075690163995,0.4001621632940621,75.25439936138704,0.5879249950108363,21.11920698161123,0.16499380454383775,1.2752612028363854,10,128,0.9681611663039021,128,76,96,119,127,0.59375,0.75,0.9296875,0.9921875,5,timm:resnet34.tv_in1k
layer2.0.act1,act,18,128,1,False,,0,28.0,28.0,1536,2.6498911178563698,51.69744895647011,0.40388631997242275,76.39161848513872,0.5968095194151463,19.577300266083583,0.152947658328778,1.225152097285838,10,128,0.972142733138902,128,78,97,120,127,0.609375,0.7578125,0.9375,0.9921875,10,timm:resnet34.tv_in1k
layer2.0.act1,act,18,128,1,False,,0,28.0,28.0,3584,2.728999045683995,53.4851854741671,0.4178530115169305,78.45352785795336,0.6129181863902606,20.563101374149237,0.16064922948554092,1.1571924102950863,10,128,0.9792809158271728,128,81,100,121,128,0.6328125,0.78125,0.9453125,1.0,25,timm:resnet34.tv_in1k
layer2.0.act1,act,18,128,1,False,,0,28.0,28.0,6656,2.7274687694855917,53.85016078392859,0.4207043811244421,79.01166851075125,0.6172786602402441,20.63228011883326,0.16118968842838485,1.1373520319019443,10,128,0.9811580363252369,128,82,101,121,128,0.640625,0.7890625,0.9453125,1.0,50,timm:resnet34.tv_in1k
layer2.0.act1,act,18,128,1,False,,0,28.0,28.0,12800,2.7043035493486265,53.86983493813235,0.420858085454159,79.15517824711198,0.6183998300555623,20.828309837303976,0.16272117060393732,1.1249110537991656,10,128,0.9821358965114362,128,82,101,121,128,0.640625,0.7890625,0.9453125,1.0,100,timm:resnet34.tv_in1k
layer2.0.act1,act,18,128,1,False,,0,28.0,28.0,32256,2.7127713345345095,54.07073324436606,0.42242760347160985,79.37508789326417,0.6201178741661263,21.038819990311566,0.1643657811743091,1.1172975464465973,10,128,0.9833994009204328,128,83,101,122,128,0.6484375,0.7890625,0.953125,1.0,250,timm:resnet34.tv_in1k
layer2.0.conv2,conv,19,128,1,False,128.0,0,28.0,28.0,512,4.960538173141777,25.942928479226097,0.20267912874395388,45.50679548338091,0.3555218397139134,8.084729522679103,0.06316194939593049,2.178990905518308,10,128,0.9301448039602156,128,46,63,97,122,0.359375,0.4921875,0.7578125,0.953125,1,timm:resnet34.tv_in1k
layer2.0.conv2,conv,19,128,1,False,128.0,0,28.0,28.0,512,4.960538173141777,25.942928479226097,0.20267912874395388,45.50679548338091,0.3555218397139134,8.084729522679103,0.06316194939593049,2.178990905518308,10,128,0.9301448039602156,128,46,63,97,122,0.359375,0.4921875,0.7578125,0.953125,2,timm:resnet34.tv_in1k
layer2.0.conv2,conv,19,128,1,False,128.0,0,28.0,28.0,1024,5.424738431554131,26.427659313039644,0.20646608838312222,47.14993776029951,0.3683588887523399,7.932059510396182,0.06196921492497017,2.0681222698339243,10,128,0.9332570414946042,128,49,66,100,123,0.3828125,0.515625,0.78125,0.9609375,5,timm:resnet34.tv_in1k
layer2.0.conv2,conv,19,128,1,False,128.0,0,28.0,28.0,1536,5.229356793844026,25.633095380669612,0.20025855766148135,47.05395915575792,0.3676090559043588,7.496488434948848,0.058566315898037874,2.034708984951969,10,128,0.9345863045204493,128,49,67,101,123,0.3828125,0.5234375,0.7890625,0.9609375,10,timm:resnet34.tv_in1k
layer2.0.conv2,conv,19,128,1,False,128.0,0,28.0,28.0,3584,5.279396312519195,27.223613389574158,0.2126844796060481,48.51689758139604,0.37903826235465654,8.218464989333361,0.06420675772916688,1.9866711873405047,10,128,0.9355707597097733,128,50,69,103,123,0.390625,0.5390625,0.8046875,0.9609375,25,timm:resnet34.tv_in1k
layer2.0.conv2,conv,19,128,1,False,128.0,0,28.0,28.0,6656,5.304390085407531,27.408060609346354,0.2141254735105184,48.55804668228793,0.37935973970537445,8.484088485305588,0.0662819412914499,1.9710275209907993,10,128,0.9367008976831189,128,50,69,103,123,0.390625,0.5390625,0.8046875,0.9609375,50,timm:resnet34.tv_in1k
layer2.0.conv2,conv,19,128,1,False,128.0,0,28.0,28.0,12800,5.229736188702198,27.686874803039682,0.21630370939874752,48.86079712139789,0.381724977510921,8.618747404216675,0.06733396409544277,1.9602400381064748,10,128,0.9367069451832533,128,51,69,103,123,0.3984375,0.5390625,0.8046875,0.9609375,100,timm:resnet34.tv_in1k
layer2.0.conv2,conv,19,128,1,False,128.0,0,28.0,28.0,32256,5.217793969458701,27.767473854340285,0.21693338948703347,49.00387115174875,0.3828427433730371,8.643384662789593,0.0675264426780437,1.954933586591405,10,128,0.9375025132944357,128,51,70,104,123,0.3984375,0.546875,0.8125,0.9609375,250,timm:resnet34.tv_in1k
layer2.0.downsample.0,conv,20,128,1,False,64.0,0,28.0,28.0,512,11.338168654586205,12.61003760444311,0.0985159187847118,18.490833245697374,0.14445963473201073,6.5661247746421045,0.05129784980189144,9.808443393942676,10,128,0.7349773557556729,97,17,24,38,54,0.1328125,0.1875,0.296875,0.421875,1,timm:resnet34.tv_in1k
layer2.0.downsample.0,conv,20,128,1,False,64.0,0,28.0,28.0,512,11.338168654586205,12.61003760444311,0.0985159187847118,18.490833245697374,0.14445963473201073,6.5661247746421045,0.05129784980189144,9.808443393942676,10,128,0.7349773557556729,97,17,24,38,54,0.1328125,0.1875,0.296875,0.421875,2,timm:resnet34.tv_in1k
layer2.0.downsample.0,conv,20,128,1,False,64.0,0,28.0,28.0,1024,12.41432150827206,13.253155609026999,0.10354027819552343,19.237329030726478,0.1502916330525506,6.6633795201650265,0.05205765250128927,9.858080894850868,10,128,0.7146874478723024,95,18,25,39,55,0.140625,0.1953125,0.3046875,0.4296875,5,timm:resnet34.tv_in1k
layer2.0.downsample.0,conv,20,128,1,False,64.0,0,28.0,28.0,1536,12.14326666221258,13.168172593099941,0.10287634838359329,19.200199424584106,0.15000155800456333,6.670693108325607,0.052114789908793806,9.8920635790761,10,128,0.7057815019379994,94,18,25,39,55,0.140625,0.1953125,0.3046875,0.4296875,10,timm:resnet34.tv_in1k
layer2.0.downsample.0,conv,20,128,1,False,64.0,0,28.0,28.0,3584,12.042972111962904,13.224137776121935,0.10331357637595262,19.40524296896667,0.15160346069505212,6.550585690685092,0.05117645070847728,10.194429920211341,10,128,0.7050446379861786,95,18,25,39,55,0.140625,0.1953125,0.3046875,0.4296875,25,timm:resnet34.tv_in1k
layer2.0.downsample.0,conv,20,128,1,False,64.0,0,28.0,28.0,6656,12.003476586806624,13.342778843194964,0.10424045971246065,19.48863131920103,0.15225493218125805,6.65645891221109,0.052003585251649144,10.26363371548144,10,128,0.6943270620473077,94,18,25,39,55,0.140625,0.1953125,0.3046875,0.4296875,50,timm:resnet34.tv_in1k
layer2.0.downsample.0,conv,20,128,1,False,64.0,0,28.0,28.0,12800,11.791715274762556,13.410320790644638,0.10476813117691124,19.521045783470054,0.1525081701833598,6.616124918625736,0.05168847592676356,10.701282453106591,10,128,0.6834564133522663,93,18,25,39,55,0.140625,0.1953125,0.3046875,0.4296875,100,timm:resnet34.tv_in1k
layer2.0.downsample.0,conv,20,128,1,False,64.0,0,28.0,28.0,32256,11.747561929274594,13.494877251605208,0.10542872852816569,19.56263356712047,0.15283307474312868,6.666500368359594,0.052082034127809325,10.7467979175605,10,128,0.6790938096247504,93,18,25,39,55,0.140625,0.1953125,0.3046875,0.4296875,250,timm:resnet34.tv_in1k
layer2.0.act2,act,21,128,1,False,,0,28.0,28.0,512,10.534455052093985,31.6135730410953,0.24698103938355703,52.283442686537484,0.4084643959885741,11.675901396582246,0.0912179796607988,1.8225380656077095,10,128,0.9242138887499864,128,55,74,106,124,0.4296875,0.578125,0.828125,0.96875,1,timm:resnet34.tv_in1k
layer2.0.act2,act,21,128,1,False,,0,28.0,28.0,512,10.534455052093985,31.6135730410953,0.24698103938355703,52.283442686537484,0.4084643959885741,11.675901396582246,0.0912179796607988,1.8225380656077095,10,128,0.9242138887499864,128,55,74,106,124,0.4296875,0.578125,0.828125,0.96875,2,timm:resnet34.tv_in1k
layer2.0.act2,act,21,128,1,False,,0,28.0,28.0,1024,11.199434066290063,34.56005808165163,0.2700004537629034,56.03143812979871,0.4377456103890524,13.665936698632795,0.10676513045806871,1.6779394852438596,10,128,0.9351247572646771,128,59,79,110,125,0.4609375,0.6171875,0.859375,0.9765625,5,timm:resnet34.tv_in1k
layer2.0.act2,act,21,128,1,False,,0,28.0,28.0,1536,11.279644370990905,34.834981195366666,0.2721482905888021,56.74458851003981,0.443317097734686,13.357007926011752,0.10435162442196681,1.6348951607674869,10,128,0.9374646530506708,128,60,80,111,125,0.46875,0.625,0.8671875,0.9765625,10,timm:resnet34.tv_in1k
layer2.0.act2,act,21,128,1,False,,0,28.0,28.0,3584,11.255117073851881,36.10583227639476,0.28207681465933404,58.34264980191911,0.45580195157749304,14.228532784001182,0.11116041237500923,1.5880881724702514,10,128,0.9390126911093298,128,62,82,112,126,0.484375,0.640625,0.875,0.984375,25,timm:resnet34.tv_in1k
layer2.0.act2,act,21,128,1,False,,0,28.0,28.0,6656,11.163563069840084,36.20979314519778,0.28288900894685765,58.72251359906663,0.45876963749270805,14.168423448346356,0.11069080819020591,1.5680873347940623,10,128,0.93925727725441,128,63,83,112,126,0.4921875,0.6484375,0.875,0.984375,50,timm:resnet34.tv_in1k
layer2.0.act2,act,21,128,1,False,,0,28.0,28.0,12800,11.021877894425248,36.63018545275246,0.28617332384962857,59.168071226764724,0.4622505564590994,14.45105952923441,0.11289890257214383,1.5590674985274633,10,128,0.9390506480881543,128,63,83,113,126,0.4921875,0.6484375,0.8828125,0.984375,100,timm:resnet34.tv_in1k
layer2.0.act2,act,21,128,1,False,,0,28.0,28.0,32256,10.941370440790307,36.82013439673993,0.2876572999745307,59.45880548920679,0.46452191788442804,14.314872614820091,0.11183494230328196,1.5532165484737617,10,128,0.9393866955449538,128,63,84,113,126,0.4921875,0.65625,0.8828125,0.984375,250,timm:resnet34.tv_in1k
layer2.0,block,22,128,1,False,,0,28.0,28.0,512,10.586181252436628,31.39311170195543,0.2452586851715268,52.172094207086005,0.4075944859928594,11.099252990253227,0.08671291398635333,1.8229955948887178,10,128,0.9295987018480893,128,55,74,106,124,0.4296875,0.578125,0.828125,0.96875,1,timm:resnet34.tv_in1k
layer2.0,block,22,128,1,False,,0,28.0,28.0,512,10.586181252436628,31.39311170195543,0.2452586851715268,52.172094207086005,0.4075944859928594,11.099252990253227,0.08671291398635333,1.8229955948887178,10,128,0.9295987018480893,128,55,74,106,124,0.4296875,0.578125,0.828125,0.96875,2,timm:resnet34.tv_in1k
layer2.0,block,22,128,1,False,,0,28.0,28.0,1024,11.230702664928074,33.670015440222194,0.2630469956267359,55.22980065656806,0.43148281762943796,12.668953928970396,0.09897620257008122,1.6936453765174524,10,128,0.9396535789370112,128,58,78,110,125,0.453125,0.609375,0.859375,0.9765625,5,timm:resnet34.tv_in1k
layer2.0,block,22,128,1,False,,0,28.0,28.0,1536,11.090250941271211,33.940948271572,0.26516365837165623,55.81085216654292,0.4360222825511166,13.041955232673228,0.1018902752552596,1.6409678584555965,10,128,0.940760462194797,128,60,80,111,125,0.46875,0.625,0.8671875,0.9765625,10,timm:resnet34.tv_in1k
layer2.0,block,22,128,1,False,,0,28.0,28.0,3584,11.096343835985824,35.42332437714155,0.27674472169641834,57.71579518446686,0.45090464987864737,13.68281922527714,0.10689702519747765,1.5931038191502624,10,128,0.9432826328721546,128,62,82,112,126,0.484375,0.640625,0.875,0.984375,25,timm:resnet34.tv_in1k
layer2.0,block,22,128,1,False,,0,28.0,28.0,6656,11.065454250250411,36.1034877378128,0.2820584979516625,58.627592746671084,0.45802806833336784,14.040020815356517,0.10968766261997279,1.5741126731240405,10,128,0.9407769984710789,128,63,83,112,126,0.4921875,0.6484375,0.875,0.984375,50,timm:resnet34.tv_in1k
layer2.0,block,22,128,1,False,,0,28.0,28.0,12800,10.937375135822222,36.613028720344126,0.2860392868776885,59.17641995830129,0.4623157809242288,14.31966018050203,0.11187234516017211,1.5623771073480115,10,128,0.940276060312829,128,63,83,113,126,0.4921875,0.6484375,0.8828125,0.984375,100,timm:resnet34.tv_in1k
layer2.0,block,22,128,1,False,,0,28.0,28.0,32256,10.934172537466848,36.88291227352492,0.28814775213691346,59.47296454979234,0.46463253554525263,14.475972382521197,0.11309353423844686,1.5562697966276247,10,128,0.9406412940607249,128,63,84,113,126,0.4921875,0.65625,0.8828125,0.984375,250,timm:resnet34.tv_in1k
layer2.1.conv1,conv,23,128,1,False,128.0,0,28.0,28.0,512,28.04446641806287,27.458337720046437,0.2145182634378628,43.78181166526028,0.3420454036348459,9.96483347729619,0.07785026154137649,2.28537458738475,10,128,0.9459411866537613,128,43,59,94,121,0.3359375,0.4609375,0.734375,0.9453125,1,timm:resnet34.tv_in1k
layer2.1.conv1,conv,23,128,1,False,128.0,0,28.0,28.0,512,28.04446641806287,27.458337720046437,0.2145182634378628,43.78181166526028,0.3420454036348459,9.96483347729619,0.07785026154137649,2.28537458738475,10,128,0.9459411866537613,128,43,59,94,121,0.3359375,0.4609375,0.734375,0.9453125,2,timm:resnet34.tv_in1k
layer2.1.conv1,conv,23,128,1,False,128.0,0,28.0,28.0,1024,29.773696738809146,29.202155048616575,0.228141836317317,46.076812326205285,0.3599750962984788,10.582341531228971,0.08267454321272634,2.1714107003035017,10,128,0.9526263271242161,128,45,62,98,122,0.3515625,0.484375,0.765625,0.953125,5,timm:resnet34.tv_in1k
layer2.1.conv1,conv,23,128,1,False,128.0,0,28.0,28.0,1536,29.3293439055933,29.3496386719239,0.22929405212440546,46.674096276122164,0.3646413771572044,10.090802238955332,0.07883439249183853,2.1487880163222752,10,128,0.9549151117536456,128,46,63,99,123,0.359375,0.4921875,0.7734375,0.9609375,10,timm:resnet34.tv_in1k
layer2.1.conv1,conv,23,128,1,False,128.0,0,28.0,28.0,3584,29.156656749900613,30.5629002422009,0.23877265814219453,48.28391870482062,0.3772181148814111,10.553024887774415,0.08244550693573761,2.092673752071837,10,128,0.9549663996608969,128,47,65,100,123,0.3671875,0.5078125,0.78125,0.9609375,25,timm:resnet34.tv_in1k
layer2.1.conv1,conv,23,128,1,False,128.0,0,28.0,28.0,6656,29.030918137107488,31.089683900718907,0.24288815547436646,49.021325580356844,0.38297910609653785,10.5845624929454,0.08269189447613594,2.078448186033727,10,128,0.955488377776453,128,48,65,101,123,0.375,0.5078125,0.7890625,0.9609375,50,timm:resnet34.tv_in1k
layer2.1.conv1,conv,23,128,1,False,128.0,0,28.0,28.0,12800,28.6423078963482,31.404414069676953,0.2453469849193512,49.40808057632744,0.38600062950255815,10.628184330557145,0.0830326900824777,2.0724307050839172,10,128,0.9554128172771057,128,48,66,101,124,0.375,0.515625,0.7890625,0.96875,100,timm:resnet34.tv_in1k
layer2.1.conv1,conv,23,128,1,False,128.0,0,28.0,28.0,32256,28.672199269119197,31.606866865189062,0.24692864738428955,49.57835816422151,0.38733092315798057,10.789688961054717,0.08429444500823997,2.0683383796444232,10,128,0.9556821425409165,128,48,66,101,124,0.375,0.515625,0.7890625,0.96875,250,timm:resnet34.tv_in1k
layer2.1.act1,act,24,128,1,False,,0,28.0,28.0,512,1.2099485800924135,51.83300432524991,0.4049453462910149,75.77856626116528,0.5920200489153538,16.96356079295272,0.13252781869494312,1.350667991465205,10,128,0.9337220673412536,128,75,93,117,127,0.5859375,0.7265625,0.9140625,0.9921875,1,timm:resnet34.tv_in1k
layer2.1.act1,act,24,128,1,False,,0,28.0,28.0,512,1.2099485800924135,51.83300432524991,0.4049453462910149,75.77856626116528,0.5920200489153538,16.96356079295272,0.13252781869494312,1.350667991465205,10,128,0.9337220673412536,128,75,93,117,127,0.5859375,0.7265625,0.9140625,0.9921875,2,timm:resnet34.tv_in1k
layer2.1.act1,act,24,128,1,False,,0,28.0,28.0,1024,1.265039444840106,58.12149283944085,0.4540741628081316,82.18667581786575,0.6420834048270762,20.738385244734754,0.16201863472449027,1.1837649716610759,10,128,0.9458345667303519,128,81,99,120,127,0.6328125,0.7734375,0.9375,0.9921875,5,timm:resnet34.tv_in1k
layer2.1.act1,act,24,128,1,False,,0,28.0,28.0,1536,1.2851062289541102,57.925679199550245,0.4525443687464863,82.95697500075765,0.6481013671934192,18.657836659455537,0.14576434890199638,1.1339007826563234,10,128,0.9575914211269366,128,83,101,121,128,0.6484375,0.7890625,0.9453125,1.0,10,timm:resnet34.tv_in1k
layer2.1.act1,act,24,128,1,False,,0,28.0,28.0,3584,1.2403539713533782,59.81882456590512,0.46733456692113373,85.0310739403648,0.6643052651591,19.297826688666365,0.15076427100520598,1.0743063924402627,10,128,0.9619988646894426,128,85,102,121,128,0.6640625,0.796875,0.9453125,1.0,25,timm:resnet34.tv_in1k
layer2.1.act1,act,24,128,1,False,,0,28.0,28.0,6656,1.241292134382644,61.71072182896867,0.48211501428881776,86.5107904998683,0.6758655507802211,20.754501241483023,0.16214454094908612,1.0513083427789958,10,128,0.9621037446779864,128,86,103,122,128,0.671875,0.8046875,0.953125,1.0,50,timm:resnet34.tv_in1k
layer2.1.act1,act,24,128,1,False,,0,28.0,28.0,12800,1.2194695911334288,62.48006900764406,0.48812553912221923,87.21804626263383,0.6813909864268268,21.481410311536198,0.16782351805887655,1.0339537443207596,10,128,0.9624296933549741,128,87,104,122,128,0.6796875,0.8125,0.953125,1.0,100,timm:resnet34.tv_in1k
layer2.1.act1,act,24,128,1,False,,0,28.0,28.0,32256,1.2202819076866644,62.979144364137824,0.49202456534482675,87.68383454031112,0.6850299573461807,21.53048121281234,0.1682068844750964,1.0253861965736595,10,128,0.9613750931524568,128,87,104,122,128,0.6796875,0.8125,0.953125,1.0,250,timm:resnet34.tv_in1k
layer2.1.conv2,conv,25,128,1,False,128.0,0,28.0,28.0,512,2.095065614481962,26.9357486563021,0.21043553637736015,45.11260553744409,0.35244223076128195,10.000274777749947,0.07812714670117146,2.079673222053797,10,128,0.9464821011761152,128,46,64,99,123,0.359375,0.5,0.7734375,0.9609375,1,timm:resnet34.tv_in1k
layer2.1.conv2,conv,25,128,1,False,128.0,0,28.0,28.0,512,2.095065614481962,26.9357486563021,0.21043553637736015,45.11260553744409,0.35244223076128195,10.000274777749947,0.07812714670117146,2.079673222053797,10,128,0.9464821011761152,128,46,64,99,123,0.359375,0.5,0.7734375,0.9609375,2,timm:resnet34.tv_in1k
layer2.1.conv2,conv,25,128,1,False,128.0,0,28.0,28.0,1024,2.2258016494866473,29.796606190052994,0.23278598585978902,48.70772641587719,0.38052911262404054,11.22774107943493,0.08771672718308539,1.9531015463596642,10,128,0.9510410107822787,128,50,68,104,124,0.390625,0.53125,0.8125,0.96875,5,timm:resnet34.tv_in1k
layer2.1.conv2,conv,25,128,1,False,128.0,0,28.0,28.0,1536,2.264521743720268,29.16169537371584,0.227825745107155,48.49009562904996,0.3788288721019528,11.024635495174353,0.08612996480604963,1.925141340324009,10,128,0.9538054243362258,128,50,69,104,124,0.390625,0.5390625,0.8125,0.96875,10,timm:resnet34.tv_in1k
layer2.1.conv2,conv,25,128,1,False,128.0,0,28.0,28.0,3584,2.127193486735441,30.52993088468765,0.23851508503662228,50.5469654792688,0.3948981678067875,11.040838634247862,0.08625655183006142,1.865758993485827,10,128,0.9544326883171405,128,52,71,106,125,0.40625,0.5546875,0.828125,0.9765625,25,timm:resnet34.tv_in1k
layer2.1.conv2,conv,25,128,1,False,128.0,0,28.0,28.0,6656,2.0985226634846685,31.521622500323055,0.24626267578377387,51.797406776116446,0.40466724043840974,11.132436204046071,0.08697215784410993,1.8498938524852786,10,128,0.9539935473917208,128,53,72,107,125,0.4140625,0.5625,0.8359375,0.9765625,50,timm:resnet34.tv_in1k
layer2.1.conv2,conv,25,128,1,False,128.0,0,28.0,28.0,12800,2.046532500509075,32.04895160344905,0.2503824344019457,52.422119723911365,0.40954781034305754,11.278594060526009,0.08811401609785945,1.834851823592984,10,128,0.9537186874362005,128,54,73,107,125,0.421875,0.5703125,0.8359375,0.9765625,100,timm:resnet34.tv_in1k
layer2.1.conv2,conv,25,128,1,False,128.0,0,28.0,28.0,32256,2.040551023131104,32.409270463412575,0.25319742549541074,52.7436678489916,0.41205990507024687,11.469508627360543,0.08960553615125424,1.8250554284111804,10,128,0.9535383596388641,128,54,73,107,125,0.421875,0.5703125,0.8359375,0.9765625,250,timm:resnet34.tv_in1k
layer2.1.act2,act,26,128,1,False,,0,28.0,28.0,512,11.519056643058644,44.03624599467243,0.34403317183337834,66.78941995175622,0.5217923433730954,17.716539436668224,0.1384104643489705,1.506909171479359,10,128,0.9489613644899461,128,67,87,115,127,0.5234375,0.6796875,0.8984375,0.9921875,1,timm:resnet34.tv_in1k
layer2.1.act2,act,26,128,1,False,,0,28.0,28.0,512,11.519056643058644,44.03624599467243,0.34403317183337834,66.78941995175622,0.5217923433730954,17.716539436668224,0.1384104643489705,1.506909171479359,10,128,0.9489613644899461,128,67,87,115,127,0.5234375,0.6796875,0.8984375,0.9921875,2,timm:resnet34.tv_in1k
layer2.1.act2,act,26,128,1,False,,0,28.0,28.0,1024,12.106895196014392,47.62461268596301,0.372067286609086,71.56865178750698,0.5591300920898983,18.548862532705403,0.14491298853676096,1.3510002463235309,10,128,0.9646391045283604,128,73,93,118,127,0.5703125,0.7265625,0.921875,0.9921875,5,timm:resnet34.tv_in1k
layer2.1.act2,act,26,128,1,False,,0,28.0,28.0,1536,12.018674032525187,47.6516715972299,0.3722786843533586,72.28648545786497,0.5647381676395701,17.939885592553807,0.14015535619182662,1.30512935604413,10,128,0.9695621096427077,128,75,94,119,127,0.5859375,0.734375,0.9296875,0.9921875,10,timm:resnet34.tv_in1k
layer2.1.act2,act,26,128,1,False,,0,28.0,28.0,3584,11.875338745314842,49.093330856236705,0.38354164731434925,74.09863445886782,0.5788955817099048,18.50479605005844,0.14456871914108158,1.2476416793801683,10,128,0.9744423702484748,128,77,97,120,127,0.6015625,0.7578125,0.9375,0.9921875,25,timm:resnet34.tv_in1k
layer2.1.act2,act,26,128,1,False,,0,28.0,28.0,6656,11.820656495461503,49.606669470159474,0.3875521052356209,74.77154127072583,0.5841526661775456,18.78117850336651,0.14672795705755087,1.2276656348866744,10,128,0.9755569975424813,128,78,97,120,128,0.609375,0.7578125,0.9375,1.0,50,timm:resnet34.tv_in1k
layer2.1.act2,act,26,128,1,False,,0,28.0,28.0,12800,11.737447598806433,49.598947422595295,0.38749177673902574,74.84197550511546,0.5847029336337145,18.651131120875903,0.145711961881843,1.2197260810592585,10,128,0.9761243578371115,128,78,98,120,128,0.609375,0.765625,0.9375,1.0,100,timm:resnet34.tv_in1k
layer2.1.act2,act,26,128,1,False,,0,28.0,28.0,32256,11.75001540331292,49.90314093604457,0.3898682885628482,75.05753513562976,0.5863869932471075,18.976659477515142,0.14825515216808705,1.2178422277292633,10,128,0.9771107708060826,128,78,98,120,128,0.609375,0.765625,0.9375,1.0,250,timm:resnet34.tv_in1k
layer2.1,block,27,128,1,False,,0,28.0,28.0,512,11.297529907375864,44.63325180281655,0.3486972797095043,67.18646378148888,0.5248942482928819,17.289367105492072,0.13507318051165682,1.5129354705042997,10,128,0.9514755372421346,128,67,87,115,127,0.5234375,0.6796875,0.8984375,0.9921875,1,timm:resnet34.tv_in1k
layer2.1,block,27,128,1,False,,0,28.0,28.0,512,11.297529907375864,44.63325180281655,0.3486972797095043,67.18646378148888,0.5248942482928819,17.289367105492072,0.13507318051165682,1.5129354705042997,10,128,0.9514755372421346,128,67,87,115,127,0.5234375,0.6796875,0.8984375,0.9921875,2,timm:resnet34.tv_in1k
layer2.1,block,27,128,1,False,,0,28.0,28.0,1024,12.022263195157578,47.23642943828369,0.36903460498659135,71.0048967692468,0.5547257560097406,18.770427055725015,0.14664396137285168,1.3633537969699057,10,128,0.9659400648550175,128,72,92,118,127,0.5625,0.71875,0.921875,0.9921875,5,timm:resnet34.tv_in1k
layer2.1,block,27,128,1,False,,0,28.0,28.0,1536,11.899661108275682,47.956953516110794,0.3746636993446156,72.15909893967499,0.5637429604662109,19.023317881170886,0.14861967094664755,1.3109940547033438,10,128,0.9714848748990457,128,74,94,119,127,0.578125,0.734375,0.9296875,0.9921875,10,timm:resnet34.tv_in1k
layer2.1,block,27,128,1,False,,0,28.0,28.0,3584,11.851234095407548,48.81252911105874,0.3813478836801464,73.67633333966448,0.5755963542161288,18.943824135717406,0.14799862606029224,1.252516240037024,10,128,0.9740799171242427,128,77,96,120,127,0.6015625,0.75,0.9375,0.9921875,25,timm:resnet34.tv_in1k
layer2.1,block,27,128,1,False,,0,28.0,28.0,6656,11.908806018766148,49.18362110177221,0.3842470398575954,74.390682694332,0.5811772085494687,18.73827602988859,0.1463927814835046,1.2294886943992387,10,128,0.9758963152284431,128,78,97,120,127,0.609375,0.7578125,0.9375,0.9921875,50,timm:resnet34.tv_in1k
layer2.1,block,27,128,1,False,,0,28.0,28.0,12800,11.785963444774833,49.577281615895274,0.3873225126241818,74.76968731443806,0.5841381821440473,18.988662927820876,0.1483489291236006,1.2207476042159149,10,128,0.9771772618820835,128,78,98,120,128,0.609375,0.765625,0.9375,1.0,100,timm:resnet34.tv_in1k
layer2.1,block,27,128,1,False,,0,28.0,28.0,32256,11.75424368036753,49.75430418302921,0.3887055014299157,75.00251746500248,0.5859571676953319,19.017225696147342,0.1485720757511511,1.2152621469466476,10,128,0.9767822353001913,128,78,98,120,128,0.609375,0.765625,0.9375,1.0,250,timm:resnet34.tv_in1k
layer2.2.conv1,conv,28,128,1,False,128.0,0,28.0,28.0,512,29.037021577241607,35.97482714653807,0.28105333708232866,53.14760726066965,0.41521568172398166,13.558549436859526,0.10592616747546504,2.1147563309422592,10,128,0.9447280333857434,128,49,67,101,123,0.3828125,0.5234375,0.7890625,0.9609375,1,timm:resnet34.tv_in1k
layer2.2.conv1,conv,28,128,1,False,128.0,0,28.0,28.0,512,29.037021577241607,35.97482714653807,0.28105333708232866,53.14760726066965,0.41521568172398166,13.558549436859526,0.10592616747546504,2.1147563309422592,10,128,0.9447280333857434,128,49,67,101,123,0.3828125,0.5234375,0.7890625,0.9609375,2,timm:resnet34.tv_in1k
layer2.2.conv1,conv,28,128,1,False,128.0,0,28.0,28.0,1024,29.935472503526906,37.965723349849654,0.2966072136707004,56.20743720250172,0.4391206031445447,13.474027516169368,0.10526583997007319,1.9867479440643487,10,128,0.9504939838495474,128,53,71,105,125,0.4140625,0.5546875,0.8203125,0.9765625,5,timm:resnet34.tv_in1k
layer2.2.conv1,conv,28,128,1,False,128.0,0,28.0,28.0,1536,29.280784776343552,38.27530225623826,0.2990257988768614,56.988772102796226,0.4452247820530955,13.134743790602341,0.10261518586408079,1.9448820251443801,10,128,0.9526109219534906,128,54,72,106,125,0.421875,0.5625,0.828125,0.9765625,10,timm:resnet34.tv_in1k
layer2.2.conv1,conv,28,128,1,False,128.0,0,28.0,28.0,3584,29.394152299883817,39.60357637157651,0.3094029404029415,58.336801525929204,0.4557562619213219,14.088542602004642,0.11006673907816127,1.9009692969757535,10,128,0.956121984938351,128,55,74,107,125,0.4296875,0.578125,0.8359375,0.9765625,25,timm:resnet34.tv_in1k
layer2.2.conv1,conv,28,128,1,False,128.0,0,28.0,28.0,6656,29.709459085228335,39.86769139550467,0.31146633902738025,58.61868661901456,0.45795848921105126,14.232441200597695,0.11119094687966949,1.8886575819449036,10,128,0.9575315836221564,128,55,74,108,125,0.4296875,0.578125,0.84375,0.9765625,50,timm:resnet34.tv_in1k
layer2.2.conv1,conv,28,128,1,False,128.0,0,28.0,28.0,12800,29.43793199555048,40.193669229977964,0.31401304085920284,58.97023079466199,0.46070492808329677,14.372463223402356,0.1122848689328309,1.8794556563784741,10,128,0.9574332499350474,128,55,74,108,125,0.4296875,0.578125,0.84375,0.9765625,100,timm:resnet34.tv_in1k
layer2.2.conv1,conv,28,128,1,False,128.0,0,28.0,28.0,32256,29.43387141652833,40.410599047907155,0.31570780506177465,59.19340155287447,0.4624484496318318,14.522951696122249,0.11346056012595507,1.8742739068262886,10,128,0.957755868988873,128,56,75,108,125,0.4375,0.5859375,0.84375,0.9765625,250,timm:resnet34.tv_in1k
layer2.2.act1,act,29,128,1,False,,0,28.0,28.0,512,1.0068281706998494,66.52542154213648,0.5197298557979413,88.32992340540378,0.690077526604717,27.53415731859369,0.2151106040515132,1.1570992049999198,10,128,0.9261409375194865,128,83,100,120,128,0.6484375,0.78125,0.9375,1.0,1,timm:resnet34.tv_in1k
layer2.2.act1,act,29,128,1,False,,0,28.0,28.0,512,1.0068281706998494,66.52542154213648,0.5197298557979413,88.32992340540378,0.690077526604717,27.53415731859369,0.2151106040515132,1.1570992049999198,10,128,0.9261409375194865,128,83,100,120,128,0.6484375,0.78125,0.9375,1.0,2,timm:resnet34.tv_in1k
layer2.2.act1,act,29,128,1,False,,0,28.0,28.0,1024,1.0525983487609738,74.58922176044263,0.582728295003458,95.72715318002751,0.747868384218965,30.953010592776785,0.24182039525606863,0.961379729099254,10,128,0.9505635234271121,128,90,106,123,128,0.703125,0.828125,0.9609375,1.0,5,timm:resnet34.tv_in1k
layer2.2.act1,act,29,128,1,False,,0,28.0,28.0,1536,1.0332016830621624,76.32987448930147,0.5963271444476678,97.51265203314664,0.7618175940089581,29.913279560729706,0.23369749656820082,0.9047513841375211,10,128,0.9568322617022592,128,92,108,123,128,0.71875,0.84375,0.9609375,1.0,10,timm:resnet34.tv_in1k
layer2.2.act1,act,29,128,1,False,,0,28.0,28.0,3584,1.0239128180042998,79.88699153492462,0.6241171213665986,100.5807146726088,0.7857868333797563,30.783458201328283,0.2404957671978772,0.8230964465014778,10,128,0.9687422041167942,128,96,110,124,128,0.75,0.859375,0.96875,1.0,25,timm:resnet34.tv_in1k
layer2.2.act1,act,29,128,1,False,,0,28.0,28.0,6656,1.017102489530084,80.54302086424674,0.6292423505019277,101.30974738061208,0.7914824014110319,31.254532724774272,0.244176036912299,0.7967980726106667,10,128,0.9712015938692659,128,96,111,124,128,0.75,0.8671875,0.96875,1.0,50,timm:resnet34.tv_in1k
layer2.2.act1,act,29,128,1,False,,0,28.0,28.0,12800,1.0113353362061814,80.36264729179211,0.6278331819671259,101.39275092672885,0.7921308666150692,30.87821375848734,0.24123604498818235,0.7834126534973166,10,128,0.9721986479490404,128,97,111,124,128,0.7578125,0.8671875,0.96875,1.0,100,timm:resnet34.tv_in1k
layer2.2.act1,act,29,128,1,False,,0,28.0,28.0,32256,1.0105264872185826,80.59856684511605,0.6296763034774692,101.67151583663508,0.7943087174737116,30.484725341946504,0.23816191673395706,0.7718112349598353,10,128,0.9734195388568995,128,97,111,124,128,0.7578125,0.8671875,0.96875,1.0,250,timm:resnet34.tv_in1k
layer2.2.conv2,conv,30,128,1,False,128.0,0,28.0,28.0,512,1.1782162663054794,30.659770438788595,0.2395294565530359,56.584119952174525,0.4420634371263635,8.219595033267462,0.06421558619740204,1.6841027810637048,10,128,0.928471461565815,128,61,79,110,126,0.4765625,0.6171875,0.859375,0.984375,1,timm:resnet34.tv_in1k
layer2.2.conv2,conv,30,128,1,False,128.0,0,28.0,28.0,512,1.1782162663054794,30.659770438788595,0.2395294565530359,56.584119952174525,0.4420634371263635,8.219595033267462,0.06421558619740204,1.6841027810637048,10,128,0.928471461565815,128,61,79,110,126,0.4765625,0.6171875,0.859375,0.984375,2,timm:resnet34.tv_in1k
layer2.2.conv2,conv,30,128,1,False,128.0,0,28.0,28.0,1024,1.2025617541624067,34.89477160243058,0.2726154031439889,61.862189803775436,0.4832983578419956,9.076634452913169,0.07091120666338413,1.549450249419941,10,128,0.9398477556221823,128,65,84,113,126,0.5078125,0.65625,0.8828125,0.984375,5,timm:resnet34.tv_in1k
layer2.2.conv2,conv,30,128,1,False,128.0,0,28.0,28.0,1536,1.1800486031860113,36.32556939169878,0.2837935108726467,63.38138822489555,0.4951670955069965,9.575978839290926,0.07481233468196036,1.5018192759021651,10,128,0.9398331521121518,128,67,86,114,127,0.5234375,0.671875,0.890625,0.9921875,10,timm:resnet34.tv_in1k
layer2.2.conv2,conv,30,128,1,False,128.0,0,28.0,28.0,3584,1.1666786162676113,36.36566966169266,0.2841067942319739,64.6990002195565,0.5054609392152851,9.345411248231352,0.07301102537680744,1.435603322380166,10,128,0.940041394227302,128,69,88,116,127,0.5390625,0.6875,0.90625,0.9921875,25,timm:resnet34.tv_in1k
layer2.2.conv2,conv,30,128,1,False,128.0,0,28.0,28.0,6656,1.182325359168562,36.43242051260784,0.28462828525474876,65.06399391763475,0.5083124524815215,9.285557660805908,0.07254341922504616,1.4220339870975829,10,128,0.93865539611815,128,69,89,116,127,0.5390625,0.6953125,0.90625,0.9921875,50,timm:resnet34.tv_in1k
layer2.2.conv2,conv,30,128,1,False,128.0,0,28.0,28.0,12800,1.1811685604586994,36.155012217474855,0.2824610329490223,65.0337527004423,0.5080761929722055,9.163519636300203,0.07158999715859533,1.4125446218215885,10,128,0.9393735341033314,128,69,89,116,127,0.5390625,0.6953125,0.90625,0.9921875,100,timm:resnet34.tv_in1k
layer2.2.conv2,conv,30,128,1,False,128.0,0,28.0,28.0,32256,1.1709619261598894,36.42106809747599,0.28453959451153116,65.28993442046736,0.5100776126599013,9.235325894224637,0.07215098354862998,1.4051877815852505,10,128,0.9400198243553542,128,70,89,116,127,0.546875,0.6953125,0.90625,0.9921875,250,timm:resnet34.tv_in1k
layer2.2.act2,act,31,128,1,False,,0,28.0,28.0,512,11.809189145112455,51.233654647331285,0.40026292693227566,74.84679623177134,0.5847405955607136,19.046725198767106,0.14880254061536802,1.375883747111809,10,128,0.9366212351089113,128,74,92,117,127,0.578125,0.71875,0.9140625,0.9921875,1,timm:resnet34.tv_in1k
layer2.2.act2,act,31,128,1,False,,0,28.0,28.0,512,11.809189145112455,51.233654647331285,0.40026292693227566,74.84679623177134,0.5847405955607136,19.046725198767106,0.14880254061536802,1.375883747111809,10,128,0.9366212351089113,128,74,92,117,127,0.578125,0.71875,0.9140625,0.9921875,2,timm:resnet34.tv_in1k
layer2.2.act2,act,31,128,1,False,,0,28.0,28.0,1024,12.59348004544195,55.33656414197861,0.4323169073592079,79.96668467304015,0.6247397240081262,19.965772484558403,0.15598259753561253,1.21546599670323,10,128,0.9600176808558583,128,80,98,120,127,0.625,0.765625,0.9375,0.9921875,5,timm:resnet34.tv_in1k
layer2.2.act2,act,31,128,1,False,,0,28.0,28.0,1536,12.461554696253764,55.73170945296088,0.43540398010125686,81.0455094400577,0.6331680425004508,18.95090827947944,0.14805397093343312,1.1580013002415719,10,128,0.963762665851072,128,82,100,121,128,0.640625,0.78125,0.9453125,1.0,10,timm:resnet34.tv_in1k
layer2.2.act2,act,31,128,1,False,,0,28.0,28.0,3584,12.56134480878114,56.20166260672674,0.4390754891150527,82.3124957367706,0.6430663729435203,18.644697257668618,0.14566169732553608,1.0980077774056407,10,128,0.9740350572761698,128,84,102,122,128,0.65625,0.796875,0.953125,1.0,25,timm:resnet34.tv_in1k
layer2.2.act2,act,31,128,1,False,,0,28.0,28.0,6656,12.572916716998154,56.288278465658685,0.4397521755129585,82.77382320212608,0.64667049376661,18.670374787790102,0.14586230302961017,1.0719250996305318,10,128,0.9766304819382182,128,85,103,122,128,0.6640625,0.8046875,0.953125,1.0,50,timm:resnet34.tv_in1k
layer2.2.act2,act,31,128,1,False,,0,28.0,28.0,12800,12.513887015461048,56.62163568771217,0.44235652881025134,83.12571781412709,0.6494196704228679,18.81435335728357,0.14698713560377788,1.0622254469335788,10,128,0.9788564112785545,128,85,103,122,128,0.6640625,0.8046875,0.953125,1.0,100,timm:resnet34.tv_in1k
layer2.2.act2,act,31,128,1,False,,0,28.0,28.0,32256,12.619649283776003,56.92932707828872,0.44476036779913064,83.3866865398677,0.6514584885927164,19.059088664157738,0.14889913018873233,1.0564946693825281,10,128,0.9801892105484773,128,86,104,122,128,0.671875,0.8125,0.953125,1.0,250,timm:resnet34.tv_in1k
layer2.2,block,32,128,1,False,,0,28.0,28.0,512,12.279873782641268,48.76226577935242,0.38095520140119077,73.18774659869369,0.5717792703022945,16.022293206189254,0.12517416567335354,1.3859480803126558,10,128,0.9405039997713804,128,73,92,117,127,0.5703125,0.71875,0.9140625,0.9921875,1,timm:resnet34.tv_in1k
layer2.2,block,32,128,1,False,,0,28.0,28.0,512,12.279873782641268,48.76226577935242,0.38095520140119077,73.18774659869369,0.5717792703022945,16.022293206189254,0.12517416567335354,1.3859480803126558,10,128,0.9405039997713804,128,73,92,117,127,0.5703125,0.71875,0.9140625,0.9921875,2,timm:resnet34.tv_in1k
layer2.2,block,32,128,1,False,,0,28.0,28.0,1024,12.693662349995414,53.465449070724326,0.4176988208650338,78.84315175443015,0.6159621230814856,17.327623687655784,0.1353720600598108,1.2211369375541385,10,128,0.9589191080051707,128,79,98,120,128,0.6171875,0.765625,0.9375,1.0,5,timm:resnet34.tv_in1k
layer2.2,block,32,128,1,False,,0,28.0,28.0,1536,12.5897422926061,53.70567575124015,0.4195755918065637,79.86705335169722,0.6239613543101346,17.15385105328381,0.13401446135377976,1.1630232933230276,10,128,0.9656594492946773,128,81,100,121,128,0.6328125,0.78125,0.9453125,1.0,10,timm:resnet34.tv_in1k
layer2.2,block,32,128,1,False,,0,28.0,28.0,3584,12.674348894192143,55.325615525990855,0.43223137129680356,81.77256777059894,0.6388481857078042,18.340659416901424,0.14328640169454238,1.099313776983266,10,128,0.9737396358160146,128,84,102,122,128,0.65625,0.796875,0.953125,1.0,25,timm:resnet34.tv_in1k
layer2.2,block,32,128,1,False,,0,28.0,28.0,6656,12.721678431392295,56.16602346559455,0.4387970583249574,82.71094664555568,0.6461792706684037,18.64630741034278,0.14567427664330296,1.0745263041238584,10,128,0.9771127856201628,128,85,103,122,128,0.6640625,0.8046875,0.953125,1.0,50,timm:resnet34.tv_in1k
layer2.2,block,32,128,1,False,,0,28.0,28.0,12800,12.645978947338108,56.54681723869672,0.4417720096773181,83.12802300769918,0.6494376797476499,18.784559109369873,0.14675436804195213,1.0629030098068,10,128,0.9783444150998689,128,85,103,122,128,0.6640625,0.8046875,0.953125,1.0,100,timm:resnet34.tv_in1k
layer2.2,block,32,128,1,False,,0,28.0,28.0,32256,12.657088007829582,56.80899635609164,0.44382028403196594,83.33992069233157,0.6510931304088404,18.955119022615534,0.14808686736418386,1.057148092486936,10,128,0.9790246907055367,128,86,103,122,128,0.671875,0.8046875,0.953125,1.0,250,timm:resnet34.tv_in1k
layer2.3.conv1,conv,33,128,1,False,128.0,0,28.0,28.0,512,27.09676455145012,30.65593909792204,0.23949952420251594,50.71618174151863,0.3962201698556143,11.033369544641346,0.08619819956751051,1.869178810774696,10,128,0.9450793455155959,128,53,72,105,124,0.4140625,0.5625,0.8203125,0.96875,1,timm:resnet34.tv_in1k
layer2.3.conv1,conv,33,128,1,False,128.0,0,28.0,28.0,512,27.09676455145012,30.65593909792204,0.23949952420251594,50.71618174151863,0.3962201698556143,11.033369544641346,0.08619819956751051,1.869178810774696,10,128,0.9450793455155959,128,53,72,105,124,0.4140625,0.5625,0.8203125,0.96875,2,timm:resnet34.tv_in1k
layer2.3.conv1,conv,33,128,1,False,128.0,0,28.0,28.0,1024,27.727894849702828,33.257032620368115,0.2598205673466259,54.730703056336736,0.42758361762763075,11.178893411284033,0.08733510477565651,1.7344433496058684,10,128,0.9535583434587904,128,57,77,109,126,0.4453125,0.6015625,0.8515625,0.984375,5,timm:resnet34.tv_in1k
layer2.3.conv1,conv,33,128,1,False,128.0,0,28.0,28.0,1536,27.435189395276392,32.70773806525224,0.2555292036347831,54.779872029129,0.42796775022757033,10.689499544269287,0.0835117151896038,1.69348725254719,10,128,0.9570455975585302,128,58,78,110,126,0.453125,0.609375,0.859375,0.984375,10,timm:resnet34.tv_in1k
layer2.3.conv1,conv,33,128,1,False,128.0,0,28.0,28.0,3584,27.675566746047238,33.858076785265645,0.26451622488488785,56.24234889645737,0.4393933507535732,11.221531840767277,0.08766821750599435,1.6484290150642433,10,128,0.9592916134130691,128,60,79,111,126,0.46875,0.6171875,0.8671875,0.984375,25,timm:resnet34.tv_in1k
layer2.3.conv1,conv,33,128,1,False,128.0,0,28.0,28.0,6656,27.7960192486485,33.72969539900523,0.26351324530472836,56.33478721334742,0.4401155251042767,11.090376737388334,0.08664356826084636,1.6302261102937776,10,128,0.9596651029504311,128,60,80,112,126,0.46875,0.625,0.875,0.984375,50,timm:resnet34.tv_in1k
layer2.3.conv1,conv,33,128,1,False,128.0,0,28.0,28.0,12800,27.761296044667226,33.80308255496235,0.26408658246064337,56.37783018362443,0.4404517983095659,11.238007404939113,0.08779693285108682,1.6255105368452207,10,128,0.9603541032809862,128,60,80,112,126,0.46875,0.625,0.875,0.984375,100,timm:resnet34.tv_in1k
layer2.3.conv1,conv,33,128,1,False,128.0,0,28.0,28.0,32256,27.823262550618857,33.78588781140338,0.2639522485265889,56.492323638546075,0.4413462784261412,11.19477587109406,0.08745918649292235,1.619682651386394,10,128,0.9603582569690112,128,60,80,112,126,0.46875,0.625,0.875,0.984375,250,timm:resnet34.tv_in1k
layer2.3.act1,act,34,128,1,False,,0,28.0,28.0,512,0.6809573398060993,61.159287712496216,0.4778069352538767,84.77267612597915,0.6622865322342121,20.6653620710453,0.16144814118004142,1.1976107524394233,10,128,0.9054961372227095,128,81,98,119,127,0.6328125,0.765625,0.9296875,0.9921875,1,timm:resnet34.tv_in1k
layer2.3.act1,act,34,128,1,False,,0,28.0,28.0,512,0.6809573398060993,61.159287712496216,0.4778069352538767,84.77267612597915,0.6622865322342121,20.6653620710453,0.16144814118004142,1.1976107524394233,10,128,0.9054961372227095,128,81,98,119,127,0.6328125,0.765625,0.9296875,0.9921875,2,timm:resnet34.tv_in1k
layer2.3.act1,act,34,128,1,False,,0,28.0,28.0,1024,0.7486985735151908,68.53452483902524,0.5354259753048847,92.54856724051373,0.7230356815665135,22.11417162409053,0.17276696581320727,0.9709372731785768,10,128,0.9242654381071465,128,89,105,122,127,0.6953125,0.8203125,0.953125,0.9921875,5,timm:resnet34.tv_in1k
layer2.3.act1,act,34,128,1,False,,0,28.0,28.0,1536,0.7390832131403582,70.42016714639499,0.5501575558312108,94.64342239471941,0.7394017374587454,22.478140356153574,0.1756104715324498,0.9008323752493794,10,128,0.9381882118803679,128,91,107,123,128,0.7109375,0.8359375,0.9609375,1.0,10,timm:resnet34.tv_in1k
layer2.3.act1,act,34,128,1,False,,0,28.0,28.0,3584,0.7488255529223196,72.57832965164704,0.5670182004034925,97.27792131695409,0.7599837602887038,22.59600281232535,0.1765312719712918,0.7993988998299798,10,128,0.9602355063634525,128,95,110,124,128,0.7421875,0.859375,0.96875,1.0,25,timm:resnet34.tv_in1k
layer2.3.act1,act,34,128,1,False,,0,28.0,28.0,6656,0.7500624964505089,74.28100518617403,0.5803203530169846,98.77839232440637,0.7717061900344248,22.866711688166223,0.17864618506379862,0.7575212922776638,10,128,0.9660629344237509,128,97,111,124,128,0.7578125,0.8671875,0.96875,1.0,50,timm:resnet34.tv_in1k
layer2.3.act1,act,34,128,1,False,,0,28.0,28.0,12800,0.7589411706763894,75.08062257156863,0.5865673638403799,99.51342469220064,0.7774486304078175,23.206619795627585,0.1813017171533405,0.7355479177086182,10,128,0.970516445351012,128,98,111,124,128,0.765625,0.8671875,0.96875,1.0,100,timm:resnet34.tv_in1k
layer2.3.act1,act,34,128,1,False,,0,28.0,28.0,32256,0.7645186309142302,75.32095268925138,0.5884449428847764,99.92518740467929,0.780665526599057,22.924220154215163,0.17909546995480596,0.7170339734167963,10,128,0.9775319486354749,128,98,112,125,128,0.765625,0.875,0.9765625,1.0,250,timm:resnet34.tv_in1k
layer2.3.conv2,conv,35,128,1,False,128.0,0,28.0,28.0,512,0.7216337421169021,32.086684481150556,0.2506772225089887,55.082825571485245,0.4303345747772285,9.505906911864978,0.07426489774894514,1.8916328980658161,10,128,0.8847734963208488,128,57,74,104,123,0.4453125,0.578125,0.8125,0.9609375,1,timm:resnet34.tv_in1k
layer2.3.conv2,conv,35,128,1,False,128.0,0,28.0,28.0,512,0.7216337421169021,32.086684481150556,0.2506772225089887,55.082825571485245,0.4303345747772285,9.505906911864978,0.07426489774894514,1.8916328980658161,10,128,0.8847734963208488,128,57,74,104,123,0.4453125,0.578125,0.8125,0.9609375,2,timm:resnet34.tv_in1k
layer2.3.conv2,conv,35,128,1,False,128.0,0,28.0,28.0,1024,0.768128304662831,33.29985824317862,0.26015514252483296,57.746672017557835,0.4511458751371706,9.605382935431775,0.07504205418306074,1.7699622678637692,10,128,0.8820488326649721,128,60,78,107,124,0.46875,0.609375,0.8359375,0.96875,5,timm:resnet34.tv_in1k
layer2.3.conv2,conv,35,128,1,False,128.0,0,28.0,28.0,1536,0.7560970992708711,32.47649511274853,0.2537226180683479,57.97248079718839,0.4529100062280343,9.067495129460074,0.07083980569890683,1.727266278057296,10,128,0.8805818935557317,128,61,79,108,124,0.4765625,0.6171875,0.84375,0.96875,10,timm:resnet34.tv_in1k
layer2.3.conv2,conv,35,128,1,False,128.0,0,28.0,28.0,3584,0.7531118689086808,34.40589718276912,0.2687960717403837,60.0477237661752,0.46912284192324377,9.700686328849661,0.07578661194413798,1.6764043216282896,10,128,0.8779156653902306,128,63,81,109,124,0.4921875,0.6328125,0.8515625,0.96875,25,timm:resnet34.tv_in1k
layer2.3.conv2,conv,35,128,1,False,128.0,0,28.0,28.0,6656,0.7474043237619834,35.095271548647425,0.274181808973808,60.857306425654336,0.4754477064504245,9.822878774412192,0.07674124042509525,1.6599783826062695,10,128,0.8765271932709399,128,64,81,110,124,0.5,0.6328125,0.859375,0.96875,50,timm:resnet34.tv_in1k
layer2.3.conv2,conv,35,128,1,False,128.0,0,28.0,28.0,12800,0.7496763058858382,34.89275760271415,0.2725996687712043,60.94531319793171,0.4761352593588415,9.691647566242674,0.07571599661127089,1.649775882178943,10,128,0.8761972462061346,128,64,82,110,124,0.5,0.640625,0.859375,0.96875,100,timm:resnet34.tv_in1k
layer2.3.conv2,conv,35,128,1,False,128.0,0,28.0,28.0,32256,0.7542830759523966,35.040071423563056,0.2737505579965864,61.184272067175975,0.4780021255248123,9.661793708639763,0.07548276334874815,1.6462262479785732,10,128,0.875686183064469,128,64,82,110,124,0.5,0.640625,0.859375,0.96875,250,timm:resnet34.tv_in1k
layer2.3.act2,act,36,128,1,False,,0,28.0,28.0,512,13.27984438856987,52.68369692843471,0.4115913822533962,78.21373906050374,0.6110448364101855,14.922394733443795,0.11658120885502965,1.3132691916175685,10,128,0.9210556467279486,128,77,94,118,127,0.6015625,0.734375,0.921875,0.9921875,1,timm:resnet34.tv_in1k
layer2.3.act2,act,36,128,1,False,,0,28.0,28.0,512,13.27984438856987,52.68369692843471,0.4115913822533962,78.21373906050374,0.6110448364101855,14.922394733443795,0.11658120885502965,1.3132691916175685,10,128,0.9210556467279486,128,77,94,118,127,0.6015625,0.734375,0.921875,0.9921875,2,timm:resnet34.tv_in1k
layer2.3.act2,act,36,128,1,False,,0,28.0,28.0,1024,13.599867604918682,60.524101664227494,0.4728445442517773,85.53979404715865,0.668279640993427,18.02244730316141,0.14080036955594852,1.1314125229598482,10,128,0.9442166122669183,128,84,101,121,128,0.65625,0.7890625,0.9453125,1.0,5,timm:resnet34.tv_in1k
layer2.3.act2,act,36,128,1,False,,0,28.0,28.0,1536,13.096385169764556,62.32088033551947,0.48688187762124585,87.38101025050744,0.6826641425820894,18.65725598496671,0.14575981238255242,1.0736943924419018,10,128,0.9533785856013022,128,86,103,122,128,0.671875,0.8046875,0.953125,1.0,10,timm:resnet34.tv_in1k
layer2.3.act2,act,36,128,1,False,,0,28.0,28.0,3584,13.368953185730621,64.1841537891257,0.5014387014775445,89.74382970907105,0.7011236696021176,18.77465934295551,0.14667702611683991,0.9955461709681821,10,128,0.9627913667942317,128,89,105,122,128,0.6953125,0.8203125,0.953125,1.0,25,timm:resnet34.tv_in1k
layer2.3.act2,act,36,128,1,False,,0,28.0,28.0,6656,13.367336728744034,65.61303862322416,0.5126018642439387,90.9531439291999,0.7105714369468742,19.70496867698742,0.15394506778896422,0.9662403682563654,10,128,0.9634938861114408,128,90,106,123,128,0.703125,0.828125,0.9609375,1.0,50,timm:resnet34.tv_in1k
layer2.3.act2,act,36,128,1,False,,0,28.0,28.0,12800,13.397724327491165,65.41621890696615,0.511064210210673,91.04788340836433,0.7113115891278463,19.143643992613335,0.14955971869229168,0.9587907421317362,10,128,0.962749105388834,128,90,106,123,128,0.703125,0.828125,0.9609375,1.0,100,timm:resnet34.tv_in1k
layer2.3.act2,act,36,128,1,False,,0,28.0,28.0,32256,13.418614840042883,65.8268396465597,0.5142721847387477,91.38666050170491,0.7139582851695696,19.39370166051194,0.15151329422274953,0.9520860204822666,10,128,0.9633454765291987,128,91,107,123,128,0.7109375,0.8359375,0.9609375,1.0,250,timm:resnet34.tv_in1k
layer2.3,block,37,128,1,False,,0,28.0,28.0,512,13.298091093388086,56.64117019267768,0.44250914213029435,80.17959391741482,0.6264030774798033,18.574631567990565,0.1451143091249263,1.3004344457408266,10,128,0.9334363708384039,128,78,95,118,127,0.609375,0.7421875,0.921875,0.9921875,1,timm:resnet34.tv_in1k
layer2.3,block,37,128,1,False,,0,28.0,28.0,512,13.298091093388086,56.64117019267768,0.44250914213029435,80.17959391741482,0.6264030774798033,18.574631567990565,0.1451143091249263,1.3004344457408266,10,128,0.9334363708384039,128,78,95,118,127,0.609375,0.7421875,0.921875,0.9921875,2,timm:resnet34.tv_in1k
layer2.3,block,37,128,1,False,,0,28.0,28.0,1024,13.754661630668714,61.58643103232346,0.48114399244002704,86.06602014836788,0.6723907824091241,19.327232612011812,0.15099400478134228,1.1210015156931026,10,128,0.9532338933959165,128,84,101,121,128,0.65625,0.7890625,0.9453125,1.0,5,timm:resnet34.tv_in1k
layer2.3,block,37,128,1,False,,0,28.0,28.0,1536,13.45123078550216,62.21919253531646,0.48608744168215984,87.43350649807368,0.6830742695162006,18.71125238901608,0.14618165928918814,1.0657625984387702,10,128,0.9594128189026577,128,86,103,122,128,0.671875,0.8046875,0.953125,1.0,10,timm:resnet34.tv_in1k
layer2.3,block,37,128,1,False,,0,28.0,28.0,3584,13.504569710971275,64.5527242646115,0.5043181583172773,89.88341502047113,0.7022141798474307,19.226474221686868,0.15020682985692865,0.9980006088266452,10,128,0.9602490573886852,128,89,105,122,128,0.6953125,0.8203125,0.953125,1.0,25,timm:resnet34.tv_in1k
layer2.3,block,37,128,1,False,,0,28.0,28.0,6656,13.535105765442154,65.34290188283735,0.5104914209596668,90.7066992450199,0.708646087851718,19.528802398424055,0.15256876873768793,0.9717555304676847,10,128,0.9616745145570361,128,90,106,122,128,0.703125,0.828125,0.953125,1.0,50,timm:resnet34.tv_in1k
layer2.3,block,37,128,1,False,,0,28.0,28.0,12800,13.513570664704805,65.61652200369164,0.512629078153841,91.01571309380508,0.7110602585453522,19.55247128940662,0.1527536819484892,0.9633463510436269,10,128,0.9626732800905458,128,90,106,123,128,0.703125,0.828125,0.9609375,1.0,100,timm:resnet34.tv_in1k
layer2.3,block,37,128,1,False,,0,28.0,28.0,32256,13.507175710619181,65.51868302353716,0.5118647111213841,91.1794151024242,0.7123391804876891,19.167754764113866,0.14974808409463958,0.9543953222471793,10,128,0.9632992397972188,128,90,106,123,128,0.703125,0.828125,0.9609375,1.0,250,timm:resnet34.tv_in1k
layer3.0.conv1,conv,38,256,1,False,256.0,0,14.0,14.0,512,69.05052525469935,38.08305274488472,0.14876192478470593,64.02688707477286,0.2501050276358315,14.950323998711472,0.05839970311996669,2.5728625554959312,10,256,0.9111260019293911,256,63,88,148,218,0.24609375,0.34375,0.578125,0.8515625,1,timm:resnet34.tv_in1k
layer3.0.conv1,conv,38,256,1,False,256.0,0,14.0,14.0,512,69.05052525469935,38.08305274488472,0.14876192478470593,64.02688707477286,0.2501050276358315,14.950323998711472,0.05839970311996669,2.5728625554959312,10,256,0.9111260019293911,256,63,88,148,218,0.24609375,0.34375,0.578125,0.8515625,2,timm:resnet34.tv_in1k
layer3.0.conv1,conv,38,256,1,False,256.0,0,14.0,14.0,1536,69.3595020126985,40.878382593186345,0.15968118200463416,70.07029869778353,0.2737121042882169,14.6753733882339,0.057325677297788674,2.2983233236466276,10,256,0.9256713406767382,256,70,98,165,232,0.2734375,0.3828125,0.64453125,0.90625,5,timm:resnet34.tv_in1k
layer3.0.conv1,conv,38,256,1,False,256.0,0,14.0,14.0,2560,69.71525970315972,41.50463603623989,0.16212748451656206,71.58287853877425,0.2796206192920869,14.704388815489144,0.05743901881050447,2.248497496203583,10,256,0.9267786411210565,256,72,101,168,235,0.28125,0.39453125,0.65625,0.91796875,10,timm:resnet34.tv_in1k
layer3.0.conv1,conv,38,256,1,False,256.0,0,14.0,14.0,6656,69.38433720831145,42.90967198628448,0.16761590619642375,73.67241510456569,0.2877828715022097,15.190336288369059,0.059337251126441636,2.206729527019938,10,256,0.9276415275343127,256,74,103,171,237,0.2890625,0.40234375,0.66796875,0.92578125,25,timm:resnet34.tv_in1k
layer3.0.conv1,conv,38,256,1,False,256.0,0,14.0,14.0,12800,69.25220503786652,43.310810892707366,0.16918285504963815,74.21663680159728,0.28990873750623936,15.165370765192334,0.059239729551532554,2.1948581248333343,10,256,0.9282138137121635,256,75,104,172,237,0.29296875,0.40625,0.671875,0.92578125,50,timm:resnet34.tv_in1k
layer3.0.conv1,conv,38,256,1,False,256.0,0,14.0,14.0,25600,69.56569230229836,43.710629332321936,0.17074464582938256,74.7401306758062,0.29195363545236797,15.156152439773184,0.059203720467864,2.1882429688300227,10,256,0.9283011451985649,256,75,104,173,237,0.29296875,0.40625,0.67578125,0.92578125,100,timm:resnet34.tv_in1k
layer3.0.conv1,conv,38,256,1,False,256.0,0,14.0,14.0,64000,69.23447409921681,43.61782154417517,0.17038211540693426,74.77907050232415,0.2921057441497037,15.057447759263587,0.058818155309623386,2.184251969931572,10,256,0.9280678198656355,256,75,105,173,238,0.29296875,0.41015625,0.67578125,0.9296875,250,timm:resnet34.tv_in1k
layer3.0.act1,act,39,256,1,False,,0,14.0,14.0,512,5.4800138324207515,59.1589090587135,0.2310894885105996,105.7398478700245,0.4130462807422832,14.237576210501704,0.05561553207227228,1.646538029584306,10,256,0.9017057309503469,256,112,149,211,247,0.4375,0.58203125,0.82421875,0.96484375,1,timm:resnet34.tv_in1k
layer3.0.act1,act,39,256,1,False,,0,14.0,14.0,512,5.4800138324207515,59.1589090587135,0.2310894885105996,105.7398478700245,0.4130462807422832,14.237576210501704,0.05561553207227228,1.646538029584306,10,256,0.9017057309503469,256,112,149,211,247,0.4375,0.58203125,0.82421875,0.96484375,2,timm:resnet34.tv_in1k
layer3.0.act1,act,39,256,1,False,,0,14.0,14.0,1536,5.4272029479796755,66.91630027458724,0.2613917979476064,123.97925862268835,0.48429397899487636,14.96700158630206,0.05846484994649242,1.2482006430643686,10,256,0.958674767362719,256,139,180,234,254,0.54296875,0.703125,0.9140625,0.9921875,5,timm:resnet34.tv_in1k
layer3.0.act1,act,39,256,1,False,,0,14.0,14.0,2560,5.531762150558902,68.74310574231988,0.26852775680593705,127.76315356080208,0.49907481859688313,15.367105596676314,0.06002775623701685,1.1769915131886952,10,256,0.9699415584815173,256,145,187,238,254,0.56640625,0.73046875,0.9296875,0.9921875,10,timm:resnet34.tv_in1k
layer3.0.act1,act,39,256,1,False,,0,14.0,14.0,6656,5.653925715634478,73.10073843677915,0.28554975951866857,133.39403157291315,0.521070435831692,16.08497129372157,0.06283191911609988,1.1138968893378214,10,256,0.978361177584368,256,152,194,240,255,0.59375,0.7578125,0.9375,0.99609375,25,timm:resnet34.tv_in1k
layer3.0.act1,act,39,256,1,False,,0,14.0,14.0,12800,5.666999999221686,73.87236822116792,0.2885639383639372,134.64345275560206,0.5259509873265705,16.085279263522022,0.0628331221231329,1.0968581256072032,10,256,0.9809165499438574,256,154,196,241,255,0.6015625,0.765625,0.94140625,0.99609375,50,timm:resnet34.tv_in1k
layer3.0.act1,act,39,256,1,False,,0,14.0,14.0,25600,5.70053860565639,73.9494798415799,0.2888651556311715,135.07955549155858,0.5276545136389007,16.01744878362132,0.06256815931102078,1.0869404987689781,10,256,0.9824162065845367,256,155,197,241,255,0.60546875,0.76953125,0.94140625,0.99609375,100,timm:resnet34.tv_in1k
layer3.0.act1,act,39,256,1,False,,0,14.0,14.0,64000,5.69155312873696,73.12816527659744,0.28565689561170876,134.72368109143605,0.5262643792634221,15.72698838526672,0.061433548379948126,1.0824552551476423,10,256,0.9835118182003514,256,156,197,241,255,0.609375,0.76953125,0.94140625,0.99609375,250,timm:resnet34.tv_in1k
layer3.0.conv2,conv,40,256,1,False,256.0,0,14.0,14.0,512,18.461161768366445,43.44980791403028,0.16972581216418078,76.37790661514353,0.2983511977154044,13.682978321764883,0.053449134069394076,2.175852623593798,10,256,0.9118847966031352,256,78,108,176,235,0.3046875,0.421875,0.6875,0.91796875,1,timm:resnet34.tv_in1k
layer3.0.conv2,conv,40,256,1,False,256.0,0,14.0,14.0,512,18.461161768366445,43.44980791403028,0.16972581216418078,76.37790661514353,0.2983511977154044,13.682978321764883,0.053449134069394076,2.175852623593798,10,256,0.9118847966031352,256,78,108,176,235,0.3046875,0.421875,0.6875,0.91796875,2,timm:resnet34.tv_in1k
layer3.0.conv2,conv,40,256,1,False,256.0,0,14.0,14.0,1536,18.66289431161982,49.906701441204405,0.1949480525047047,88.51490897164912,0.3457613631705044,14.452601334263667,0.05645547396196745,1.8569952449667766,10,256,0.9355958562045191,256,91,126,199,246,0.35546875,0.4921875,0.77734375,0.9609375,5,timm:resnet34.tv_in1k
layer3.0.conv2,conv,40,256,1,False,256.0,0,14.0,14.0,2560,18.79857449488596,50.95758536916205,0.19905306784828924,90.46952656853864,0.35339658815835406,14.825627374999922,0.057912606933593444,1.8054666427864257,10,256,0.9397348516813334,256,93,130,203,248,0.36328125,0.5078125,0.79296875,0.96875,10,timm:resnet34.tv_in1k
layer3.0.conv2,conv,40,256,1,False,256.0,0,14.0,14.0,6656,18.973130616959125,52.107634474854606,0.2035454471674008,92.60902023458696,0.36175398529135533,15.28150519770174,0.059693379678522424,1.7582590542729382,10,256,0.9431334069036276,256,96,134,207,249,0.375,0.5234375,0.80859375,0.97265625,25,timm:resnet34.tv_in1k
layer3.0.conv2,conv,40,256,1,False,256.0,0,14.0,14.0,12800,19.06669327594053,52.63285992873199,0.20559710909660933,93.38150479306361,0.36477150309790474,15.148528418016594,0.05917393913287732,1.7478092371630507,10,256,0.9444445966670084,256,97,134,208,249,0.37890625,0.5234375,0.8125,0.97265625,50,timm:resnet34.tv_in1k
layer3.0.conv2,conv,40,256,1,False,256.0,0,14.0,14.0,25600,19.087403511581712,52.69708106331779,0.2058479729035851,93.75214106573107,0.366219301038012,14.939165395045046,0.05835611482439471,1.7390145338771326,10,256,0.9450966184919618,256,97,135,209,249,0.37890625,0.52734375,0.81640625,0.97265625,100,timm:resnet34.tv_in1k
layer3.0.conv2,conv,40,256,1,False,256.0,0,14.0,14.0,64000,18.949837477082706,52.26210596767421,0.20414885143622738,93.6439272899274,0.3657965909762789,14.73273535579253,0.05754974748356457,1.7344773537730227,10,256,0.9449877781969223,256,97,136,209,249,0.37890625,0.53125,0.81640625,0.97265625,250,timm:resnet34.tv_in1k
layer3.0.downsample.0,conv,41,256,1,False,128.0,0,14.0,14.0,512,7.195529229581256,24.068153042136867,0.09401622282084714,40.78764443928269,0.159326736090948,8.657791052326948,0.03381949629815214,7.578163795426233,10,256,0.6501983093077055,192,42,57,89,117,0.1640625,0.22265625,0.34765625,0.45703125,1,timm:resnet34.tv_in1k
layer3.0.downsample.0,conv,41,256,1,False,128.0,0,14.0,14.0,512,7.195529229581256,24.068153042136867,0.09401622282084714,40.78764443928269,0.159326736090948,8.657791052326948,0.03381949629815214,7.578163795426233,10,256,0.6501983093077055,192,42,57,89,117,0.1640625,0.22265625,0.34765625,0.45703125,2,timm:resnet34.tv_in1k
layer3.0.downsample.0,conv,41,256,1,False,128.0,0,14.0,14.0,1536,7.314046853480383,24.00936463845685,0.09378658061897208,42.10265824694122,0.16446350877711413,8.314190964918755,0.032477308456713885,7.764057673009765,10,256,0.6268749742372925,191,44,60,93,120,0.171875,0.234375,0.36328125,0.46875,5,timm:resnet34.tv_in1k
layer3.0.downsample.0,conv,41,256,1,False,128.0,0,14.0,14.0,2560,7.306073952336308,24.413341025402442,0.09536461338047829,42.796232220877364,0.1671727821128022,8.403995676421514,0.03282810811102154,7.8590837986581485,10,256,0.6216546326116832,191,45,61,94,120,0.17578125,0.23828125,0.3671875,0.46875,10,timm:resnet34.tv_in1k
layer3.0.downsample.0,conv,41,256,1,False,128.0,0,14.0,14.0,6656,7.361286625155748,24.831004602584155,0.09699611172884436,43.443684372024,0.16970189207821876,8.568379405459394,0.03347023205257576,8.155142352833971,10,256,0.6129201147508231,191,46,62,95,120,0.1796875,0.2421875,0.37109375,0.46875,25,timm:resnet34.tv_in1k
layer3.0.downsample.0,conv,41,256,1,False,128.0,0,14.0,14.0,12800,7.3370005538298315,24.79784791356514,0.09686659341236382,43.48867194549963,0.16987762478710794,8.522647009777899,0.033291589881944916,8.215183611758759,10,256,0.6072079543586598,190,46,62,95,120,0.1796875,0.2421875,0.37109375,0.46875,50,timm:resnet34.tv_in1k
layer3.0.downsample.0,conv,41,256,1,False,128.0,0,14.0,14.0,25600,7.380269280698388,24.859115292836865,0.097105919112644,43.619354826403004,0.17038810479063674,8.509004139217774,0.03323829741881943,8.327860207580773,10,256,0.600340338429163,189,46,62,95,121,0.1796875,0.2421875,0.37109375,0.47265625,100,timm:resnet34.tv_in1k
layer3.0.downsample.0,conv,41,256,1,False,128.0,0,14.0,14.0,64000,7.313878774980645,24.671157937588244,0.09637171069370408,43.474622751106025,0.1698227451215079,8.405472558168332,0.03283387718034505,8.544457009950998,10,256,0.5915276360093285,187,46,62,95,121,0.1796875,0.2421875,0.37109375,0.47265625,250,timm:resnet34.tv_in1k
layer3.0.act2,act,42,256,1,False,,0,14.0,14.0,512,16.303233477000852,54.91098700176361,0.2144960429756391,94.94842204129024,0.37089227359879,16.82715764166641,0.06573108453775942,1.8132233609853692,10,256,0.9093745200746057,256,99,136,201,244,0.38671875,0.53125,0.78515625,0.953125,1,timm:resnet34.tv_in1k
layer3.0.act2,act,42,256,1,False,,0,14.0,14.0,512,16.303233477000852,54.91098700176361,0.2144960429756391,94.94842204129024,0.37089227359879,16.82715764166641,0.06573108453775942,1.8132233609853692,10,256,0.9093745200746057,256,99,136,201,244,0.38671875,0.53125,0.78515625,0.953125,2,timm:resnet34.tv_in1k
layer3.0.act2,act,42,256,1,False,,0,14.0,14.0,1536,16.67846830673691,62.82940700031761,0.24542737109499066,110.82066169293763,0.43289320973803763,18.263626570852736,0.0713422912923935,1.4421887039117713,10,256,0.9557310656271795,256,121,163,226,252,0.47265625,0.63671875,0.8828125,0.984375,5,timm:resnet34.tv_in1k
layer3.0.act2,act,42,256,1,False,,0,14.0,14.0,2560,16.62419654446709,64.0847266332491,0.2503309634111293,114.22378198607085,0.44618664838308925,18.401634457984258,0.07188138460150101,1.3704910464318827,10,256,0.9624510625032648,256,126,170,230,253,0.4921875,0.6640625,0.8984375,0.98828125,10,timm:resnet34.tv_in1k
layer3.0.act2,act,42,256,1,False,,0,14.0,14.0,6656,16.95262626941709,67.1185827456366,0.262181963850143,118.45287816490952,0.4627065553316778,19.29775559298677,0.07538185778510458,1.3105051996217758,10,256,0.9683713254019227,256,132,176,233,253,0.515625,0.6875,0.91015625,0.98828125,25,timm:resnet34.tv_in1k
layer3.0.act2,act,42,256,1,False,,0,14.0,14.0,12800,16.9728259246151,68.07358136841236,0.2659124272203608,119.7346267616385,0.46771338578765037,19.152709173661886,0.07481527020961674,1.2944131677537614,10,256,0.9700866300814059,256,134,178,234,253,0.5234375,0.6953125,0.9140625,0.98828125,50,timm:resnet34.tv_in1k
layer3.0.act2,act,42,256,1,False,,0,14.0,14.0,25600,17.054717726475634,67.97269836203473,0.2655183529766982,119.89187500335267,0.46832763673184635,19.01567563816349,0.07427998296157613,1.2865364180692593,10,256,0.9713214395212899,256,134,179,234,253,0.5234375,0.69921875,0.9140625,0.98828125,100,timm:resnet34.tv_in1k
layer3.0.act2,act,42,256,1,False,,0,14.0,14.0,64000,16.96049402185579,67.58636340242955,0.26400923204074045,119.87274894122923,0.4682529255516767,18.648201801234,0.0728445382860703,1.280095703729732,10,256,0.9721418713534596,256,135,179,234,253,0.52734375,0.69921875,0.9140625,0.98828125,250,timm:resnet34.tv_in1k
layer3.0,block,43,256,1,False,,0,14.0,14.0,512,16.752050218750117,52.06725952781969,0.20338773253054565,93.53630109680505,0.3653761761593947,15.08519938237837,0.05892656008741551,1.7928339395648099,10,256,0.9110050124673893,256,99,136,202,245,0.38671875,0.53125,0.7890625,0.95703125,1,timm:resnet34.tv_in1k
layer3.0,block,43,256,1,False,,0,14.0,14.0,512,16.752050218750117,52.06725952781969,0.20338773253054565,93.53630109680505,0.3653761761593947,15.08519938237837,0.05892656008741551,1.7928339395648099,10,256,0.9110050124673893,256,99,136,202,245,0.38671875,0.53125,0.7890625,0.95703125,2,timm:resnet34.tv_in1k
layer3.0,block,43,256,1,False,,0,14.0,14.0,1536,16.892740409325484,61.050821830368804,0.23847977277487814,109.39842048407307,0.42733758001591043,17.215448877180616,0.06724784717648678,1.4448026720795157,10,256,0.9564131729416654,256,120,163,225,252,0.46875,0.63671875,0.87890625,0.984375,5,timm:resnet34.tv_in1k
layer3.0,block,43,256,1,False,,0,14.0,14.0,2560,17.142553187628913,63.15766464905327,0.24670962753536432,113.12583226369428,0.4418977822800558,17.91483041565264,0.06997980631114313,1.3764631810449777,10,256,0.9635686429551215,256,125,169,229,253,0.48828125,0.66015625,0.89453125,0.98828125,10,timm:resnet34.tv_in1k
layer3.0,block,43,256,1,False,,0,14.0,14.0,6656,17.105785543810782,66.26693527281067,0.2588552159094167,117.69703447186858,0.4597540409057366,19.03856480494942,0.07436939376933367,1.3135626260444968,10,256,0.9684600772305583,256,131,176,233,253,0.51171875,0.6875,0.91015625,0.98828125,25,timm:resnet34.tv_in1k
layer3.0,block,43,256,1,False,,0,14.0,14.0,12800,17.06154983330128,67.7565049657094,0.26467384752230233,119.41824320089358,0.46647751250349057,19.146438177648896,0.074790774131441,1.2966948475738378,10,256,0.9702547298232498,256,133,178,234,253,0.51953125,0.6953125,0.9140625,0.98828125,50,timm:resnet34.tv_in1k
layer3.0,block,43,256,1,False,,0,14.0,14.0,25600,17.15494333909713,67.95110795848251,0.2654340154628223,119.76996891637235,0.4678514410795795,19.102391071910866,0.07461871512465182,1.2881750469792987,10,256,0.9716471576602819,256,134,179,234,253,0.5234375,0.69921875,0.9140625,0.98828125,100,timm:resnet34.tv_in1k
layer3.0,block,43,256,1,False,,0,14.0,14.0,64000,16.99596706754344,67.39895647765012,0.26327717374082077,119.68662245585884,0.4675258689681986,18.695303462024174,0.07302852914853193,1.2815692639206349,10,256,0.972224706068135,256,135,179,234,253,0.52734375,0.69921875,0.9140625,0.98828125,250,timm:resnet34.tv_in1k
layer3.1.conv1,conv,44,256,1,False,256.0,0,14.0,14.0,512,50.245345934963034,37.20906983319796,0.14534792903592952,71.38007038264247,0.27882839993219716,9.166457894940566,0.035806476152111584,2.335063197430435,10,256,0.904931755075572,256,73,101,165,229,0.28515625,0.39453125,0.64453125,0.89453125,1,timm:resnet34.tv_in1k
layer3.1.conv1,conv,44,256,1,False,256.0,0,14.0,14.0,512,50.245345934963034,37.20906983319796,0.14534792903592952,71.38007038264247,0.27882839993219716,9.166457894940566,0.035806476152111584,2.335063197430435,10,256,0.904931755075572,256,73,101,165,229,0.28515625,0.39453125,0.64453125,0.89453125,2,timm:resnet34.tv_in1k
layer3.1.conv1,conv,44,256,1,False,256.0,0,14.0,14.0,1536,50.371180344695155,36.94652032418566,0.14432234501635025,78.10466027434488,0.3050963291966597,8.44130495725762,0.032973847489287576,2.022897109671491,10,256,0.9222402389872686,256,83,115,186,242,0.32421875,0.44921875,0.7265625,0.9453125,5,timm:resnet34.tv_in1k
layer3.1.conv1,conv,44,256,1,False,256.0,0,14.0,14.0,2560,50.802105311871365,37.15926317724322,0.14515337178610632,79.434305418205,0.3102902555398633,8.417550612122398,0.032881057078603115,1.9702846513681833,10,256,0.9247645061933886,256,85,118,190,243,0.33203125,0.4609375,0.7421875,0.94921875,10,timm:resnet34.tv_in1k
layer3.1.conv1,conv,44,256,1,False,256.0,0,14.0,14.0,6656,50.636009197293774,38.400794433733616,0.15000310325677194,82.07629301250365,0.3206105195800924,8.581602271687663,0.03352188387377993,1.918046302158087,10,256,0.9260953741729532,256,88,122,194,245,0.34375,0.4765625,0.7578125,0.95703125,25,timm:resnet34.tv_in1k
layer3.1.conv1,conv,44,256,1,False,256.0,0,14.0,14.0,12800,50.36852123630027,39.2935401324886,0.1534903911425336,83.3671190090893,0.32565280862925505,8.712060459207166,0.03403148616877799,1.9067489169077778,10,256,0.9265076702765292,256,89,123,195,245,0.34765625,0.48046875,0.76171875,0.95703125,50,timm:resnet34.tv_in1k
layer3.1.conv1,conv,44,256,1,False,256.0,0,14.0,14.0,25600,50.40315758719344,39.32884863967785,0.1536283149987416,83.58648155806817,0.3265096935862038,8.703578249827657,0.03399835253838929,1.8998904682144508,10,256,0.9270881502747246,256,89,123,195,245,0.34765625,0.48046875,0.76171875,0.95703125,100,timm:resnet34.tv_in1k
layer3.1.conv1,conv,44,256,1,False,256.0,0,14.0,14.0,64000,50.21141511311922,38.763926594418706,0.15142158825944807,83.25748670411336,0.3252245574379428,8.576139425264957,0.03350054462994124,1.89428774282785,10,256,0.927035481875436,256,89,123,196,246,0.34765625,0.48046875,0.765625,0.9609375,250,timm:resnet34.tv_in1k
layer3.1.act1,act,45,256,1,False,,0,14.0,14.0,512,1.6828245394617147,75.0605912919647,0.2932054347342371,130.04234724435233,0.5079779189232513,15.128408759209545,0.059095346715662286,1.4455978926869222,10,256,0.8644476237232246,256,131,166,220,250,0.51171875,0.6484375,0.859375,0.9765625,1,timm:resnet34.tv_in1k
layer3.1.act1,act,45,256,1,False,,0,14.0,14.0,512,1.6828245394617147,75.0605912919647,0.2932054347342371,130.04234724435233,0.5079779189232513,15.128408759209545,0.059095346715662286,1.4455978926869222,10,256,0.8644476237232246,256,131,166,220,250,0.51171875,0.6484375,0.859375,0.9765625,2,timm:resnet34.tv_in1k
layer3.1.act1,act,45,256,1,False,,0,14.0,14.0,1536,1.6898775535945065,82.15723182334547,0.32092668680994324,152.3512655810573,0.5951221311760051,14.222088616895576,0.05555503365974834,1.0278774145554397,10,256,0.929553979019733,256,162,198,240,254,0.6328125,0.7734375,0.9375,0.9921875,5,timm:resnet34.tv_in1k
layer3.1.act1,act,45,256,1,False,,0,14.0,14.0,2560,1.6866320528675434,90.25759720455187,0.35256873908028075,160.96808778836623,0.6287815929233056,15.496575868373919,0.06053349948583562,0.937877657703841,10,256,0.9402775428035156,256,171,205,243,255,0.66796875,0.80078125,0.94921875,0.99609375,10,timm:resnet34.tv_in1k
layer3.1.act1,act,45,256,1,False,,0,14.0,14.0,6656,1.6791854190524758,104.94244939391716,0.4099314429449889,171.85134930279295,0.671294333214035,18.782746978624804,0.07337010538525314,0.854387930082157,10,256,0.9549052617993463,256,180,212,245,255,0.703125,0.828125,0.95703125,0.99609375,25,timm:resnet34.tv_in1k
layer3.1.act1,act,45,256,1,False,,0,14.0,14.0,12800,1.6804528901282434,107.37342787503998,0.4194274526368749,174.30905344216777,0.6808947400084678,19.20157728896577,0.07500616128502254,0.8282894241687504,10,256,0.9576869552932289,256,182,213,245,255,0.7109375,0.83203125,0.95703125,0.99609375,50,timm:resnet34.tv_in1k
layer3.1.act1,act,45,256,1,False,,0,14.0,14.0,25600,1.6827320226636073,107.63253260382038,0.42043958048367336,175.4185004530239,0.6852285173946246,19.007494002625908,0.07424802344775745,0.8105412941201389,10,256,0.9579171862732248,256,184,214,245,255,0.71875,0.8359375,0.95703125,0.99609375,100,timm:resnet34.tv_in1k
layer3.1.act1,act,45,256,1,False,,0,14.0,14.0,64000,1.6763384346423449,107.19049669716026,0.41871287772328225,175.5288069608773,0.6856594021909269,18.924804506015004,0.07392501760162111,0.7998254676650669,10,256,0.9601489638803165,256,185,215,246,255,0.72265625,0.83984375,0.9609375,0.99609375,250,timm:resnet34.tv_in1k
layer3.1.conv2,conv,46,256,1,False,256.0,0,14.0,14.0,512,2.6322043515931375,35.757864837798316,0.13967915952264967,76.13430104517852,0.2973996134577286,9.334048692201643,0.03646112770391267,1.9479942353616047,10,256,0.9063233260681953,256,87,121,189,240,0.33984375,0.47265625,0.73828125,0.9375,1,timm:resnet34.tv_in1k
layer3.1.conv2,conv,46,256,1,False,256.0,0,14.0,14.0,512,2.6322043515931375,35.757864837798316,0.13967915952264967,76.13430104517852,0.2973996134577286,9.334048692201643,0.03646112770391267,1.9479942353616047,10,256,0.9063233260681953,256,87,121,189,240,0.33984375,0.47265625,0.73828125,0.9375,2,timm:resnet34.tv_in1k
layer3.1.conv2,conv,46,256,1,False,256.0,0,14.0,14.0,1536,2.542641652323986,42.43038822768551,0.16574370401439653,91.03749227644286,0.35561520420485493,10.893426498282885,0.04255244725891752,1.598572688841746,10,256,0.9316849420705174,256,106,145,213,250,0.4140625,0.56640625,0.83203125,0.9765625,5,timm:resnet34.tv_in1k
layer3.1.conv2,conv,46,256,1,False,256.0,0,14.0,14.0,2560,2.563407104916089,43.87194570690441,0.17137478791759536,94.14152971195242,0.3677403504373141,11.169511562483008,0.04363090454094925,1.5350434052562063,10,256,0.935657541779654,256,111,151,217,251,0.43359375,0.58984375,0.84765625,0.98046875,10,timm:resnet34.tv_in1k
layer3.1.conv2,conv,46,256,1,False,256.0,0,14.0,14.0,6656,2.521531906493654,50.305748848210676,0.19650683143832295,102.04600734889,0.39861721620660157,12.62289781415169,0.04930819458653004,1.4758722370886783,10,256,0.9376876207631025,256,117,157,221,252,0.45703125,0.61328125,0.86328125,0.984375,25,timm:resnet34.tv_in1k
layer3.1.conv2,conv,46,256,1,False,256.0,0,14.0,14.0,12800,2.541993553397301,50.32547759561422,0.19658389685786803,102.78148907072,0.4014901916825,12.320674897520652,0.04812763631844005,1.4600301245046763,10,256,0.9389627947879446,256,118,158,222,252,0.4609375,0.6171875,0.8671875,0.984375,50,timm:resnet34.tv_in1k
layer3.1.conv2,conv,46,256,1,False,256.0,0,14.0,14.0,25600,2.5469514442173375,51.157337197647855,0.19983334842831194,103.81456581980578,0.4055256477336163,12.524719890590791,0.04892468707262028,1.4505557569238214,10,256,0.939169471294686,256,119,159,223,252,0.46484375,0.62109375,0.87109375,0.984375,100,timm:resnet34.tv_in1k
layer3.1.conv2,conv,46,256,1,False,256.0,0,14.0,14.0,64000,2.5416234874659374,51.2745547675932,0.20029122956091094,104.08233586859686,0.4065716244867065,12.422257070387676,0.04852444168120186,1.4473075630685985,10,256,0.9392624511079368,256,120,160,223,252,0.46875,0.625,0.87109375,0.984375,250,timm:resnet34.tv_in1k
layer3.1.act2,act,47,256,1,False,,0,14.0,14.0,512,15.638786713437794,70.74284751438421,0.2763392481030633,114.26311779969332,0.446340303905052,23.968443784006396,0.09362673353127499,1.6195836977391005,10,256,0.8978464354293787,256,117,153,213,248,0.45703125,0.59765625,0.83203125,0.96875,1,timm:resnet34.tv_in1k
layer3.1.act2,act,47,256,1,False,,0,14.0,14.0,512,15.638786713437794,70.74284751438421,0.2763392481030633,114.26311779969332,0.446340303905052,23.968443784006396,0.09362673353127499,1.6195836977391005,10,256,0.8978464354293787,256,117,153,213,248,0.45703125,0.59765625,0.83203125,0.96875,2,timm:resnet34.tv_in1k
layer3.1.act2,act,47,256,1,False,,0,14.0,14.0,1536,15.900035993888826,80.26439643937817,0.313532798591321,132.40034676123142,0.5171888545360602,23.459350851079208,0.09163808926202816,1.245698708027689,10,256,0.9548997919650387,256,142,182,234,254,0.5546875,0.7109375,0.9140625,0.9921875,5,timm:resnet34.tv_in1k
layer3.1.act2,act,47,256,1,False,,0,14.0,14.0,2560,16.173175004541655,83.15696716264823,0.32483190297909464,136.90857642208059,0.5347991266487523,24.85248081107094,0.09708000316824586,1.1747067476495718,10,256,0.965975549719617,256,148,189,238,254,0.578125,0.73828125,0.9296875,0.9921875,10,timm:resnet34.tv_in1k
layer3.1.act2,act,47,256,1,False,,0,14.0,14.0,6656,16.46571012696389,86.71698853492673,0.33873823646455753,142.1069183477785,0.5551051497960098,25.356050312196036,0.09904707153201577,1.1091862071345944,10,256,0.9736064561652609,256,155,195,240,254,0.60546875,0.76171875,0.9375,0.9921875,25,timm:resnet34.tv_in1k
layer3.1.act2,act,47,256,1,False,,0,14.0,14.0,12800,16.552244363596117,87.32093793636972,0.3410974138139442,143.2163336806402,0.5594388034400007,25.399140646877896,0.09921539315186678,1.0908528847442165,10,256,0.9763955354088468,256,157,197,241,254,0.61328125,0.76953125,0.94140625,0.9921875,50,timm:resnet34.tv_in1k
layer3.1.act2,act,47,256,1,False,,0,14.0,14.0,25600,16.623479045891166,87.71316384438232,0.34262954626711845,143.93410669409607,0.5622426042738128,25.269088508544552,0.09870737698650216,1.0807563356495302,10,256,0.9774392398087306,256,158,198,241,255,0.6171875,0.7734375,0.94140625,0.99609375,100,timm:resnet34.tv_in1k
layer3.1.act2,act,47,256,1,False,,0,14.0,14.0,64000,16.51015997682127,87.44738549972763,0.34159134960831106,144.06207110043812,0.5627424652360864,24.87570899490488,0.09717073826134719,1.0742689752962111,10,256,0.9784144693146161,256,159,198,241,255,0.62109375,0.7734375,0.94140625,0.99609375,250,timm:resnet34.tv_in1k
layer3.1,block,48,256,1,False,,0,14.0,14.0,512,15.91995846548659,69.06445009320777,0.26978300817659284,112.1658904985152,0.438148009759825,23.58302702225018,0.09212119930566477,1.6445066285420373,10,256,0.8991296930968307,256,115,151,211,248,0.44921875,0.58984375,0.82421875,0.96875,1,timm:resnet34.tv_in1k
layer3.1,block,48,256,1,False,,0,14.0,14.0,512,15.91995846548659,69.06445009320777,0.26978300817659284,112.1658904985152,0.438148009759825,23.58302702225018,0.09212119930566477,1.6445066285420373,10,256,0.8991296930968307,256,115,151,211,248,0.44921875,0.58984375,0.82421875,0.96875,2,timm:resnet34.tv_in1k
layer3.1,block,48,256,1,False,,0,14.0,14.0,1536,16.39032084379083,78.52822238907653,0.3067508687073302,130.80586124780714,0.5109603954992467,22.958032361584536,0.0896798139124396,1.2550382792422357,10,256,0.9561361513699281,256,141,181,234,254,0.55078125,0.70703125,0.9140625,0.9921875,5,timm:resnet34.tv_in1k
layer3.1,block,48,256,1,False,,0,14.0,14.0,2560,16.55144799842186,81.79921689780178,0.3195281910070382,136.06378890543078,0.531499175411839,23.489507620912836,0.09175588914419076,1.18027683762731,10,256,0.9653896464875431,256,148,188,237,254,0.578125,0.734375,0.92578125,0.9921875,10,timm:resnet34.tv_in1k
layer3.1,block,48,256,1,False,,0,14.0,14.0,6656,16.60760859642629,86.11418074154093,0.3363835185216443,141.6474049944482,0.5533101757595633,25.383509742319102,0.099154334930934,1.1124692535361838,10,256,0.9734310178117249,256,155,195,240,254,0.60546875,0.76171875,0.9375,0.9921875,25,timm:resnet34.tv_in1k
layer3.1,block,48,256,1,False,,0,14.0,14.0,12800,16.546813138251384,87.58247557380693,0.3421190452101833,143.47974497176685,0.5604677537959643,25.340750873399433,0.09898730809921653,1.0919931126135454,10,256,0.9760590803101418,256,157,197,241,254,0.61328125,0.76953125,0.94140625,0.9921875,50,timm:resnet34.tv_in1k
layer3.1,block,48,256,1,False,,0,14.0,14.0,25600,16.604691942535315,87.93283823099655,0.3434876493398303,144.17193430536003,0.5631716183803126,25.578233814690226,0.0999149758386337,1.0812332072226534,10,256,0.9773702736033977,256,158,198,241,255,0.6171875,0.7734375,0.94140625,0.99609375,100,timm:resnet34.tv_in1k
layer3.1,block,48,256,1,False,,0,14.0,14.0,64000,16.54811656565125,87.74181034815518,0.3427414466724812,144.28377944741348,0.5636085134664589,25.23568003309891,0.09857687512929261,1.0743973384144159,10,256,0.9784498346230659,256,159,198,241,255,0.62109375,0.7734375,0.94140625,0.99609375,250,timm:resnet34.tv_in1k
layer3.2.conv1,conv,49,256,1,False,256.0,0,14.0,14.0,512,38.8539803088761,29.243801531830865,0.11423359973371432,65.83159052183674,0.2571546504759248,7.575604630661234,0.029592205588520444,2.092639854845389,10,256,0.9116655512882553,256,77,109,178,236,0.30078125,0.42578125,0.6953125,0.921875,1,timm:resnet34.tv_in1k
layer3.2.conv1,conv,49,256,1,False,256.0,0,14.0,14.0,512,38.8539803088761,29.243801531830865,0.11423359973371432,65.83159052183674,0.2571546504759248,7.575604630661234,0.029592205588520444,2.092639854845389,10,256,0.9116655512882553,256,77,109,178,236,0.30078125,0.42578125,0.6953125,0.921875,2,timm:resnet34.tv_in1k
layer3.2.conv1,conv,49,256,1,False,256.0,0,14.0,14.0,1536,39.80757772764969,28.908055227148523,0.11292209073104892,72.47105671878566,0.2830900653077565,6.9641681274012095,0.027203781747660975,1.7686816848836575,10,256,0.9387679102624344,256,89,128,200,247,0.34765625,0.5,0.78125,0.96484375,5,timm:resnet34.tv_in1k
layer3.2.conv1,conv,49,256,1,False,256.0,0,14.0,14.0,2560,40.54775469986731,29.32610542268193,0.11455509930735129,74.2879227114021,0.29018719809141447,6.978257874849277,0.027258819823629987,1.7120200159505516,10,256,0.9438692193782452,256,93,132,205,248,0.36328125,0.515625,0.80078125,0.96875,10,timm:resnet34.tv_in1k
layer3.2.conv1,conv,49,256,1,False,256.0,0,14.0,14.0,6656,40.73719562308103,30.293616141391116,0.11833443805230905,76.78701491526395,0.2999492770127498,7.118106750356242,0.02780510449357907,1.6592915953161493,10,256,0.947470742006763,256,96,136,209,249,0.375,0.53125,0.81640625,0.97265625,25,timm:resnet34.tv_in1k
layer3.2.conv1,conv,49,256,1,False,256.0,0,14.0,14.0,12800,41.205042949129684,29.955484840483656,0.11701361265813928,76.88127247318346,0.3003174705983729,7.0196972156240145,0.027420692248531307,1.6469760612942614,10,256,0.9484953847330898,256,97,137,210,249,0.37890625,0.53515625,0.8203125,0.97265625,50,timm:resnet34.tv_in1k
layer3.2.conv1,conv,49,256,1,False,256.0,0,14.0,14.0,25600,41.56088041271436,29.65590578298701,0.115843381964793,76.82639123646909,0.3001030907674574,6.951348506656758,0.02715370510412796,1.6384889622818088,10,256,0.9487211068813132,256,97,138,210,249,0.37890625,0.5390625,0.8203125,0.97265625,100,timm:resnet34.tv_in1k
layer3.2.conv1,conv,49,256,1,False,256.0,0,14.0,14.0,64000,41.3611514231475,29.48449643734467,0.11517381420837762,76.70581038101399,0.2996320718008359,6.924816668671498,0.027050065111998037,1.6335027611062065,10,256,0.949039279187417,256,97,138,210,250,0.37890625,0.5390625,0.8203125,0.9765625,250,timm:resnet34.tv_in1k
layer3.2.act1,act,50,256,1,False,,0,14.0,14.0,512,1.0097321899728067,48.92928092644006,0.19113000361890647,114.64012288712092,0.4478129800278161,9.08832240623707,0.035501259399363556,1.4602659073050677,10,256,0.8562083607939321,256,128,163,217,249,0.5,0.63671875,0.84765625,0.97265625,1,timm:resnet34.tv_in1k
layer3.2.act1,act,50,256,1,False,,0,14.0,14.0,512,1.0097321899728067,48.92928092644006,0.19113000361890647,114.64012288712092,0.4478129800278161,9.08832240623707,0.035501259399363556,1.4602659073050677,10,256,0.8562083607939321,256,128,163,217,249,0.5,0.63671875,0.84765625,0.97265625,2,timm:resnet34.tv_in1k
layer3.2.act1,act,50,256,1,False,,0,14.0,14.0,1536,1.0268829013864096,55.69828947728483,0.21757144327064387,138.7301022065355,0.5419144617442793,9.43689419006372,0.036862867929936406,0.9907626656954529,10,256,0.9294657832097394,256,162,198,240,254,0.6328125,0.7734375,0.9375,0.9921875,5,timm:resnet34.tv_in1k
layer3.2.act1,act,50,256,1,False,,0,14.0,14.0,2560,1.0087152461412001,62.8369022267767,0.2454566493233465,149.49045346747977,0.5839470838573428,10.228839610758875,0.039956404729526857,0.8776558014298338,10,256,0.94617218410287,256,173,207,244,255,0.67578125,0.80859375,0.953125,0.99609375,10,timm:resnet34.tv_in1k
layer3.2.act1,act,50,256,1,False,,0,14.0,14.0,6656,0.9781452260077174,89.38132579653626,0.34914580389271976,169.11542510698982,0.660607129324179,14.336424654026054,0.05600165880478927,0.7716355401580677,10,256,0.9641368549501184,256,185,216,246,255,0.72265625,0.84375,0.9609375,0.99609375,25,timm:resnet34.tv_in1k
layer3.2.act1,act,50,256,1,False,,0,14.0,14.0,12800,0.9903213486138277,88.36772567352376,0.3451864284122022,170.68392909818627,0.6667340980397901,13.943202859949839,0.05446563617167906,0.7307869652766265,10,256,0.9752997291366723,256,189,218,247,255,0.73828125,0.8515625,0.96484375,0.99609375,50,timm:resnet34.tv_in1k
layer3.2.act1,act,50,256,1,False,,0,14.0,14.0,25600,0.9938253875534695,89.21912479189967,0.3485122062183581,172.15732165268363,0.6724895377057954,13.98260696861412,0.0546195584711489,0.7108514212400073,10,256,0.9791752846435443,256,191,220,248,255,0.74609375,0.859375,0.96875,0.99609375,100,timm:resnet34.tv_in1k
layer3.2.act1,act,50,256,1,False,,0,14.0,14.0,64000,0.9912076116564148,87.67393076489394,0.34247629205036695,171.8760282317459,0.6713907352802574,13.678070033094318,0.05342996106677468,0.7002215287842465,10,256,0.9808562087452851,256,191,220,248,256,0.74609375,0.859375,0.96875,1.0,250,timm:resnet34.tv_in1k
layer3.2.conv2,conv,51,256,1,False,256.0,0,14.0,14.0,512,1.226490756303597,35.326552580660085,0.13799434601820346,80.11569990339902,0.3129519527476524,8.357964098701448,0.03264829726055253,1.9283113782958026,10,256,0.8869533574272191,256,93,126,190,240,0.36328125,0.4921875,0.7421875,0.9375,1,timm:resnet34.tv_in1k
layer3.2.conv2,conv,51,256,1,False,256.0,0,14.0,14.0,512,1.226490756303597,35.326552580660085,0.13799434601820346,80.11569990339902,0.3129519527476524,8.357964098701448,0.03264829726055253,1.9283113782958026,10,256,0.8869533574272191,256,93,126,190,240,0.36328125,0.4921875,0.7421875,0.9375,2,timm:resnet34.tv_in1k
layer3.2.conv2,conv,51,256,1,False,256.0,0,14.0,14.0,1536,1.229214450768899,41.237463627366566,0.16108384229440065,91.61615995040871,0.35787562480628404,10.230274729711079,0.0399620106629339,1.587057336847593,10,256,0.9133290283330842,256,109,147,212,249,0.42578125,0.57421875,0.828125,0.97265625,5,timm:resnet34.tv_in1k
layer3.2.conv2,conv,51,256,1,False,256.0,0,14.0,14.0,2560,1.2681098290689163,38.992229882753605,0.15231339797950627,90.96274360740475,0.3553232172164248,9.945308979384551,0.0388488632007209,1.5241881260274077,10,256,0.9157458427683783,256,112,151,215,250,0.4375,0.58984375,0.83984375,0.9765625,10,timm:resnet34.tv_in1k
layer3.2.conv2,conv,51,256,1,False,256.0,0,14.0,14.0,6656,1.201150289627826,47.686448822732714,0.18627519071379967,100.936629727597,0.39428370987342576,12.609370993585332,0.0492553554436927,1.4617691730382085,10,256,0.918839551682593,256,119,158,220,251,0.46484375,0.6171875,0.859375,0.98046875,25,timm:resnet34.tv_in1k
layer3.2.conv2,conv,51,256,1,False,256.0,0,14.0,14.0,12800,1.1949889893114876,52.64094847807686,0.20562870499248773,105.48126325228114,0.4120361845792232,14.661887085922583,0.05727299642938509,1.4486419935181112,10,256,0.9193971333082899,256,121,160,221,251,0.47265625,0.625,0.86328125,0.98046875,50,timm:resnet34.tv_in1k
layer3.2.conv2,conv,51,256,1,False,256.0,0,14.0,14.0,25600,1.1904350675441995,53.25303872494008,0.2080196825192972,106.49803943722878,0.41600796655167493,14.838008243475823,0.05796096970107743,1.4377966360914698,10,256,0.9192554873169241,256,122,161,221,251,0.4765625,0.62890625,0.86328125,0.98046875,100,timm:resnet34.tv_in1k
layer3.2.conv2,conv,51,256,1,False,256.0,0,14.0,14.0,64000,1.1885669523787317,53.148391609760786,0.20761090472562807,106.51022036851444,0.4160555483145095,14.956193144334481,0.05842262947005657,1.4331663079048478,10,256,0.9197204204704157,256,122,161,222,251,0.4765625,0.62890625,0.8671875,0.98046875,250,timm:resnet34.tv_in1k
layer3.2.act2,act,52,256,1,False,,0,14.0,14.0,512,17.358910107099383,68.66239670547947,0.26821248713077916,117.45731290092557,0.4588176285192405,16.790489842685464,0.06558785094799009,1.5560287396267458,10,256,0.8858834801047983,256,121,157,215,249,0.47265625,0.61328125,0.83984375,0.97265625,1,timm:resnet34.tv_in1k
layer3.2.act2,act,52,256,1,False,,0,14.0,14.0,512,17.358910107099383,68.66239670547947,0.26821248713077916,117.45731290092557,0.4588176285192405,16.790489842685464,0.06558785094799009,1.5560287396267458,10,256,0.8858834801047983,256,121,157,215,249,0.47265625,0.61328125,0.83984375,0.97265625,2,timm:resnet34.tv_in1k
layer3.2.act2,act,52,256,1,False,,0,14.0,14.0,1536,17.556899048737186,82.65262426187817,0.3228618135229616,140.14559166688895,0.547443717448785,20.314651310354595,0.07935410668107264,1.1564147025625886,10,256,0.9480969273035799,256,150,189,237,254,0.5859375,0.73828125,0.92578125,0.9921875,5,timm:resnet34.tv_in1k
layer3.2.act2,act,52,256,1,False,,0,14.0,14.0,2560,17.684106690112824,86.34167181096902,0.3372721555115977,145.5691034066071,0.568629310182059,21.278247436803515,0.08311815405001373,1.077590696930564,10,256,0.9595713343188088,256,157,196,240,255,0.61328125,0.765625,0.9375,0.99609375,10,timm:resnet34.tv_in1k
layer3.2.act2,act,52,256,1,False,,0,14.0,14.0,6656,17.90456329171026,91.0060263844303,0.35549229056418086,151.29995548763176,0.5910154511235616,22.688763536880437,0.0886279825659392,1.007430843732558,10,256,0.9702865198566464,256,164,202,243,255,0.640625,0.7890625,0.94921875,0.99609375,25,timm:resnet34.tv_in1k
layer3.2.act2,act,52,256,1,False,,0,14.0,14.0,12800,17.922708325295922,94.3575663452363,0.36858424353607927,154.22361419901827,0.6024359929649151,24.41155124664029,0.09535762205718863,0.9841903296330303,10,256,0.9733109823895747,256,167,204,243,255,0.65234375,0.796875,0.94921875,0.99609375,50,timm:resnet34.tv_in1k
layer3.2.act2,act,52,256,1,False,,0,14.0,14.0,25600,17.966717101770204,93.68887313724538,0.36597216069236477,154.40351050414117,0.6031387129068014,23.553496048830457,0.09200584394074397,0.9710415288796671,10,256,0.975701914940193,256,168,205,244,255,0.65625,0.80078125,0.953125,0.99609375,100,timm:resnet34.tv_in1k
layer3.2.act2,act,52,256,1,False,,0,14.0,14.0,64000,17.81445315641229,95.10167787410484,0.371490929195722,155.6136151180409,0.6078656840548473,24.35535089301824,0.0951380894258525,0.9633700932412466,10,256,0.9767089394217983,256,169,206,244,255,0.66015625,0.8046875,0.953125,0.99609375,250,timm:resnet34.tv_in1k
layer3.2,block,53,256,1,False,,0,14.0,14.0,512,17.16207996039941,75.49107266912014,0.29488700261375056,121.38867271132642,0.47417450277861883,22.802644398755458,0.08907282968263851,1.548324889610913,10,256,0.8920183483394521,256,122,158,217,249,0.4765625,0.6171875,0.84765625,0.97265625,1,timm:resnet34.tv_in1k
layer3.2,block,53,256,1,False,,0,14.0,14.0,512,17.16207996039941,75.49107266912014,0.29488700261375056,121.38867271132642,0.47417450277861883,22.802644398755458,0.08907282968263851,1.548324889610913,10,256,0.8920183483394521,256,122,158,217,249,0.4765625,0.6171875,0.84765625,0.97265625,2,timm:resnet34.tv_in1k
layer3.2,block,53,256,1,False,,0,14.0,14.0,1536,17.302807299936067,81.67433313605274,0.319040363812706,139.27546096603004,0.5440447693985548,19.63082538958274,0.07668291167805757,1.1597076088241989,10,256,0.9477706710205123,256,150,188,237,254,0.5859375,0.734375,0.92578125,0.9921875,5,timm:resnet34.tv_in1k
layer3.2,block,53,256,1,False,,0,14.0,14.0,2560,17.656929453211816,83.70678087474758,0.32697961279198273,143.8108244815254,0.5617610331309586,19.574693020888017,0.07646364461284381,1.0809178307768788,10,256,0.9600029254174439,256,157,195,240,254,0.61328125,0.76171875,0.9375,0.9921875,10,timm:resnet34.tv_in1k
layer3.2,block,53,256,1,False,,0,14.0,14.0,6656,17.725265176114224,92.59547246542222,0.36170106431805554,152.130528228262,0.5942598758916484,23.864342070066023,0.0932200862111954,1.0074605464219752,10,256,0.9708681463157606,256,165,202,243,255,0.64453125,0.7890625,0.94921875,0.99609375,25,timm:resnet34.tv_in1k
layer3.2,block,53,256,1,False,,0,14.0,14.0,12800,17.823487718122674,92.46904971306091,0.3612072254416442,153.2452134593849,0.5986141150757223,22.811485162155215,0.08910736391466881,0.983873746466032,10,256,0.9735545960912093,256,167,204,243,255,0.65234375,0.796875,0.94921875,0.99609375,50,timm:resnet34.tv_in1k
layer3.2,block,53,256,1,False,,0,14.0,14.0,25600,17.835467671377856,94.04536551976969,0.36736470906160035,154.6532614786563,0.6041143026510012,23.728110978807273,0.09268793351096591,0.9709065883715169,10,256,0.9756718670098681,256,169,205,244,255,0.66015625,0.80078125,0.953125,0.99609375,100,timm:resnet34.tv_in1k
layer3.2,block,53,256,1,False,,0,14.0,14.0,64000,17.737911332852587,94.70861876904863,0.3699555420665962,155.42773563624976,0.6071395923291006,23.901039473254286,0.09336343544239956,0.9630815315128453,10,256,0.9768738763669501,256,169,206,244,255,0.66015625,0.8046875,0.953125,0.99609375,250,timm:resnet34.tv_in1k
layer3.3.conv1,conv,54,256,1,False,256.0,0,14.0,14.0,512,38.221090238388264,21.898825746397993,0.08554228807186716,60.70553217371319,0.23713098505356714,5.712288659852571,0.022313627577549105,1.9954448351101675,10,256,0.9097993188079,256,79,113,182,238,0.30859375,0.44140625,0.7109375,0.9296875,1,timm:resnet34.tv_in1k
layer3.3.conv1,conv,54,256,1,False,256.0,0,14.0,14.0,512,38.221090238388264,21.898825746397993,0.08554228807186716,60.70553217371319,0.23713098505356714,5.712288659852571,0.022313627577549105,1.9954448351101675,10,256,0.9097993188079,256,79,113,182,238,0.30859375,0.44140625,0.7109375,0.9296875,2,timm:resnet34.tv_in1k
layer3.3.conv1,conv,54,256,1,False,256.0,0,14.0,14.0,1536,38.52885427013443,21.549360046028617,0.08417718767979929,66.44300871165818,0.25954300277991477,5.440740553529189,0.021252892787223393,1.660564268592751,10,256,0.9396249914389218,256,93,133,206,248,0.36328125,0.51953125,0.8046875,0.96875,5,timm:resnet34.tv_in1k
layer3.3.conv1,conv,54,256,1,False,256.0,0,14.0,14.0,2560,39.30820289185462,21.848708856974756,0.08534651897255764,68.02318560974325,0.2657155687880596,5.48259741056806,0.021416396135031483,1.6028047009751587,10,256,0.9439434690627336,256,97,137,210,249,0.37890625,0.53515625,0.8203125,0.97265625,10,timm:resnet34.tv_in1k
layer3.3.conv1,conv,54,256,1,False,256.0,0,14.0,14.0,6656,39.360768225074345,22.664975393640784,0.08853506013140931,70.8012297775949,0.27656730381873007,5.587298891660688,0.021825386295549563,1.549761629350984,10,256,0.9468040388096638,256,101,142,213,250,0.39453125,0.5546875,0.83203125,0.9765625,25,timm:resnet34.tv_in1k
layer3.3.conv1,conv,54,256,1,False,256.0,0,14.0,14.0,12800,39.76768533250243,22.80910756427642,0.08909807642295477,71.2674085520024,0.27838831465625935,5.603165629811257,0.021887365741450223,1.5382476496205975,10,256,0.9483745353714097,256,101,143,214,250,0.39453125,0.55859375,0.8359375,0.9765625,50,timm:resnet34.tv_in1k
layer3.3.conv1,conv,54,256,1,False,256.0,0,14.0,14.0,25600,40.015799426786,22.347218085797596,0.08729382064764686,70.70500837007764,0.27619143894561576,5.524568896985109,0.02158034725384808,1.529812031294658,10,256,0.9491891545573834,256,102,143,215,250,0.3984375,0.55859375,0.83984375,0.9765625,100,timm:resnet34.tv_in1k
layer3.3.conv1,conv,54,256,1,False,256.0,0,14.0,14.0,64000,39.9913024337983,21.844257320867595,0.08532913015963904,69.99308641117548,0.27341049379365423,5.437388254148324,0.02123979786776689,1.5248825703106017,10,256,0.949684686698031,256,101,143,215,250,0.39453125,0.55859375,0.83984375,0.9765625,250,timm:resnet34.tv_in1k
layer3.3.act1,act,55,256,1,False,,0,14.0,14.0,512,0.8468620892023622,24.85115547166415,0.09707482606118809,91.18422639216882,0.35618838434440947,5.491818126723794,0.021452414557514822,1.4556412447565419,10,256,0.8587443141812607,256,123,159,216,249,0.48046875,0.62109375,0.84375,0.97265625,1,timm:resnet34.tv_in1k
layer3.3.act1,act,55,256,1,False,,0,14.0,14.0,512,0.8468620892023622,24.85115547166415,0.09707482606118809,91.18422639216882,0.35618838434440947,5.491818126723794,0.021452414557514822,1.4556412447565419,10,256,0.8587443141812607,256,123,159,216,249,0.48046875,0.62109375,0.84375,0.97265625,2,timm:resnet34.tv_in1k
layer3.3.act1,act,55,256,1,False,,0,14.0,14.0,1536,0.8288575285643576,29.553219268567336,0.11544226276784116,113.48601777587717,0.4433047569370202,5.984540489349625,0.023377111286521972,0.9716035670417743,10,256,0.9238642285849042,256,159,196,239,254,0.62109375,0.765625,0.93359375,0.9921875,5,timm:resnet34.tv_in1k
layer3.3.act1,act,55,256,1,False,,0,14.0,14.0,2560,0.8214001397349225,35.15417432052375,0.1373209934395459,125.56647732777353,0.49049405206161534,6.638758583136223,0.02593265071537587,0.8585945862459711,10,256,0.9424463557722049,256,171,205,243,255,0.66796875,0.80078125,0.94921875,0.99609375,10,timm:resnet34.tv_in1k
layer3.3.act1,act,55,256,1,False,,0,14.0,14.0,6656,0.786621581013689,47.02385646257504,0.18368693930693375,143.47079089279367,0.5604327769249753,7.997269889515456,0.03123933550591975,0.7523571024562934,10,256,0.9607470822295139,256,183,214,246,255,0.71484375,0.8359375,0.9609375,0.99609375,25,timm:resnet34.tv_in1k
layer3.3.act1,act,55,256,1,False,,0,14.0,14.0,12800,0.7978811163037474,46.759524089680156,0.1826543909753131,144.63696544726164,0.5649881462783658,7.947572167087374,0.031045203777685056,0.714333881709905,10,256,0.9717265535685259,256,186,217,247,255,0.7265625,0.84765625,0.96484375,0.99609375,50,timm:resnet34.tv_in1k
layer3.3.act1,act,55,256,1,False,,0,14.0,14.0,25600,0.7971192359549342,47.33711975429654,0.18491062404022085,145.77391966371616,0.5694293736863912,8.01168671096831,0.03129565121471996,0.6954233313593378,10,256,0.9764146007084358,256,188,218,247,255,0.734375,0.8515625,0.96484375,0.99609375,100,timm:resnet34.tv_in1k
layer3.3.act1,act,55,256,1,False,,0,14.0,14.0,64000,0.8008432345610595,43.37411853280609,0.16943015051877378,142.18623241305824,0.5554149703635087,7.538253498886463,0.029446302730025246,0.6836542083513388,10,256,0.979351552036698,256,188,219,247,255,0.734375,0.85546875,0.96484375,0.99609375,250,timm:resnet34.tv_in1k
layer3.3.conv2,conv,56,256,1,False,256.0,0,14.0,14.0,512,1.0147498626473364,15.109978996945118,0.05902335545681687,50.51426271140721,0.19732133871643442,4.477898525407903,0.01749179111487462,2.0289542577043025,10,256,0.8662609847041105,256,78,111,178,233,0.3046875,0.43359375,0.6953125,0.91015625,1,timm:resnet34.tv_in1k
layer3.3.conv2,conv,56,256,1,False,256.0,0,14.0,14.0,512,1.0147498626473364,15.109978996945118,0.05902335545681687,50.51426271140721,0.19732133871643442,4.477898525407903,0.01749179111487462,2.0289542577043025,10,256,0.8662609847041105,256,78,111,178,233,0.3046875,0.43359375,0.6953125,0.91015625,2,timm:resnet34.tv_in1k
layer3.3.conv2,conv,56,256,1,False,256.0,0,14.0,14.0,1536,1.2225755108179592,7.947516581407748,0.031044986646124016,34.27122954450986,0.13387199040824163,3.0552795532163115,0.011934685754751217,1.6959733135181994,10,256,0.8805229642906212,256,80,119,192,240,0.3125,0.46484375,0.75,0.9375,5,timm:resnet34.tv_in1k
layer3.3.conv2,conv,56,256,1,False,256.0,0,14.0,14.0,2560,1.150348914876714,9.426538226180993,0.036822414946019504,40.4644385614051,0.15806421313048868,3.3545635756774885,0.01310376396749019,1.6278435365295232,10,256,0.8790363214680668,256,88,128,198,242,0.34375,0.5,0.7734375,0.9453125,10,timm:resnet34.tv_in1k
layer3.3.conv2,conv,56,256,1,False,256.0,0,14.0,14.0,6656,1.0574667600771115,11.300357349423152,0.044142020896184186,47.83038625314644,0.1868374463013533,3.6906014912951317,0.014416412075371608,1.5706783873448191,10,256,0.8765476067395097,256,96,135,204,244,0.375,0.52734375,0.796875,0.953125,25,timm:resnet34.tv_in1k
layer3.3.conv2,conv,56,256,1,False,256.0,0,14.0,14.0,12800,1.013284022690486,13.014814888974515,0.0508391206600567,53.52093172512089,0.20906613955125347,3.9863023906248545,0.015571493713378338,1.5505266914942881,10,256,0.8747744948884184,256,100,140,206,244,0.390625,0.546875,0.8046875,0.953125,50,timm:resnet34.tv_in1k
layer3.3.conv2,conv,56,256,1,False,256.0,0,14.0,14.0,25600,1.0250159000192498,12.737214239949301,0.04975474312480196,52.78616354349049,0.20619595134175972,3.934989977123947,0.015371054598140418,1.542284608179618,10,256,0.8750479265189056,256,100,140,207,245,0.390625,0.546875,0.80859375,0.95703125,100,timm:resnet34.tv_in1k
layer3.3.conv2,conv,56,256,1,False,256.0,0,14.0,14.0,64000,1.036529535986886,12.252626900458875,0.04786182382991748,51.33978893199972,0.2005460505156239,3.8554577917414585,0.015060381998990072,1.537057404545722,10,256,0.8753152685470371,256,99,139,207,245,0.38671875,0.54296875,0.80859375,0.95703125,250,timm:resnet34.tv_in1k
layer3.3.act2,act,57,256,1,False,,0,14.0,14.0,512,17.06844600259441,81.43189760653183,0.318093350025515,127.7461372244587,0.4990083485330418,24.12316739809914,0.09423112264882477,1.5203352439632871,10,256,0.8770134030772183,256,127,161,217,249,0.49609375,0.62890625,0.84765625,0.97265625,1,timm:resnet34.tv_in1k
layer3.3.act2,act,57,256,1,False,,0,14.0,14.0,512,17.06844600259441,81.43189760653183,0.318093350025515,127.7461372244587,0.4990083485330418,24.12316739809914,0.09423112264882477,1.5203352439632871,10,256,0.8770134030772183,256,127,161,217,249,0.49609375,0.62890625,0.84765625,0.97265625,2,timm:resnet34.tv_in1k
layer3.3.act2,act,57,256,1,False,,0,14.0,14.0,1536,16.964030438297492,96.32932963388102,0.3762864438823477,152.05176365856786,0.5939522017912807,25.480121889622964,0.0995317261313397,1.1035012865700535,10,256,0.9397108793749975,256,157,193,239,254,0.61328125,0.75390625,0.93359375,0.9921875,5,timm:resnet34.tv_in1k
layer3.3.act2,act,57,256,1,False,,0,14.0,14.0,2560,17.009704123848227,99.92662082653955,0.3903383626036701,157.8595342865062,0.6166388058066649,25.62354304085989,0.10009196500335894,1.016830372713972,10,256,0.9527402603855757,256,165,200,242,255,0.64453125,0.78125,0.9453125,0.99609375,10,timm:resnet34.tv_in1k
layer3.3.act2,act,57,256,1,False,,0,14.0,14.0,6656,17.14576642458863,106.5962599991987,0.4163916406218699,165.31669891869208,0.645768355151141,25.769485242854348,0.1006620517298998,0.9376612283758592,10,256,0.9670137311892653,256,173,207,244,255,0.67578125,0.80859375,0.953125,0.99609375,25,timm:resnet34.tv_in1k
layer3.3.act2,act,57,256,1,False,,0,14.0,14.0,12800,17.282593833815636,108.00099558662225,0.4218788890102432,167.31330169593156,0.6535675847497326,25.521957380863093,0.09969514601899646,0.914533241844983,10,256,0.9709363045629529,256,175,209,245,255,0.68359375,0.81640625,0.95703125,0.99609375,50,timm:resnet34.tv_in1k
layer3.3.act2,act,57,256,1,False,,0,14.0,14.0,25600,17.30653834362254,108.57466002320231,0.42411976571563403,168.2106948091946,0.6570730265984164,25.344783763494558,0.09900306157615062,0.9007448604694129,10,256,0.9736060598371686,256,177,210,245,255,0.69140625,0.8203125,0.95703125,0.99609375,100,timm:resnet34.tv_in1k
layer3.3.act2,act,57,256,1,False,,0,14.0,14.0,64000,17.213815284769826,108.23414544452571,0.42278963064267855,168.23321139243626,0.6571609820017041,25.46463907069124,0.09947124636988766,0.8935254911133843,10,256,0.974994986914836,256,177,211,245,255,0.69140625,0.82421875,0.95703125,0.99609375,250,timm:resnet34.tv_in1k
layer3.3,block,58,256,1,False,,0,14.0,14.0,512,17.759612385774073,75.36721338663816,0.2944031772915553,123.31823854143411,0.481711869302477,20.71533019209693,0.08091925856287863,1.523443992940218,10,256,0.8843118363830635,256,125,160,217,249,0.48828125,0.625,0.84765625,0.97265625,1,timm:resnet34.tv_in1k
layer3.3,block,58,256,1,False,,0,14.0,14.0,512,17.759612385774073,75.36721338663816,0.2944031772915553,123.31823854143411,0.481711869302477,20.71533019209693,0.08091925856287863,1.523443992940218,10,256,0.8843118363830635,256,125,160,217,249,0.48828125,0.625,0.84765625,0.97265625,2,timm:resnet34.tv_in1k
layer3.3,block,58,256,1,False,,0,14.0,14.0,1536,17.699619283947,92.7845664684736,0.362439712767475,149.658327925356,0.5846028434584218,22.847019291864815,0.08924616910884693,1.115254696310786,10,256,0.9426726804038079,256,155,193,238,254,0.60546875,0.75390625,0.9296875,0.9921875,5,timm:resnet34.tv_in1k
layer3.3,block,58,256,1,False,,0,14.0,14.0,2560,17.494486188332047,99.4530723345983,0.3884885638070246,157.52265067182142,0.6153228541868024,24.65916816131965,0.09632487563015488,1.0211258490769102,10,256,0.9553280289001347,256,164,200,242,255,0.640625,0.78125,0.9453125,0.99609375,10,timm:resnet34.tv_in1k
layer3.3,block,58,256,1,False,,0,14.0,14.0,6656,17.473342161612052,104.67000500259347,0.40886720704138074,163.88770101175396,0.6401863320771639,26.098390215636506,0.1019468367798301,0.939988782934645,10,256,0.9676463336236775,256,172,207,244,255,0.671875,0.80859375,0.953125,0.99609375,25,timm:resnet34.tv_in1k
layer3.3,block,58,256,1,False,,0,14.0,14.0,12800,17.55861268415722,106.55097676592972,0.41621475299191296,166.27056854194635,0.6494944083669779,25.706103971242648,0.10041446863766659,0.9154002152298002,10,256,0.9708490390155249,256,175,209,245,255,0.68359375,0.81640625,0.95703125,0.99609375,50,timm:resnet34.tv_in1k
layer3.3,block,58,256,1,False,,0,14.0,14.0,25600,17.434087070132698,107.87088524205421,0.4213706454767743,167.64784639411369,0.6548743999770066,25.799836981309134,0.1007806132082388,0.9010573241435097,10,256,0.9728640335679003,256,176,210,245,255,0.6875,0.8203125,0.95703125,0.99609375,100,timm:resnet34.tv_in1k
layer3.3,block,58,256,1,False,,0,14.0,14.0,64000,17.264072806282034,107.72843694185798,0.42081420680413273,167.8948919534309,0.6558394216930895,25.69971241838461,0.10038950163431488,0.892958533374952,10,256,0.9744916956566338,256,177,211,245,255,0.69140625,0.82421875,0.95703125,0.99609375,250,timm:resnet34.tv_in1k
layer3.4.conv1,conv,59,256,1,False,256.0,0,14.0,14.0,512,39.25121210325953,18.762256442852326,0.0732900642298919,57.85649359475865,0.226001928104526,5.049996941560796,0.019726550552971858,1.9606627966886956,10,256,0.8978717221415338,256,81,115,183,238,0.31640625,0.44921875,0.71484375,0.9296875,1,timm:resnet34.tv_in1k
layer3.4.conv1,conv,59,256,1,False,256.0,0,14.0,14.0,512,39.25121210325953,18.762256442852326,0.0732900642298919,57.85649359475865,0.226001928104526,5.049996941560796,0.019726550552971858,1.9606627966886956,10,256,0.8978717221415338,256,81,115,183,238,0.31640625,0.44921875,0.71484375,0.9296875,2,timm:resnet34.tv_in1k
layer3.4.conv1,conv,59,256,1,False,256.0,0,14.0,14.0,1536,39.127886074392784,19.186955119848182,0.07494904343690696,64.87198610593917,0.2534061957263249,5.000416538360046,0.01953287710296893,1.6007191931511013,10,256,0.9306436034732676,256,97,137,208,248,0.37890625,0.53515625,0.8125,0.96875,5,timm:resnet34.tv_in1k
layer3.4.conv1,conv,59,256,1,False,256.0,0,14.0,14.0,2560,39.278670552065414,19.27943485634238,0.07531029240758742,66.52851254844983,0.25987700214238213,4.988146192489083,0.01948494606441048,1.5369821065712885,10,256,0.9352554880032354,256,101,142,212,250,0.39453125,0.5546875,0.828125,0.9765625,10,timm:resnet34.tv_in1k
layer3.4.conv1,conv,59,256,1,False,256.0,0,14.0,14.0,6656,38.70165404713545,20.925250414203372,0.08173925943048192,70.8051240097945,0.27658251566325975,5.248581142904615,0.020502270089471152,1.477534083657452,10,256,0.9401198445255038,256,106,147,216,251,0.4140625,0.57421875,0.84375,0.98046875,25,timm:resnet34.tv_in1k
layer3.4.conv1,conv,59,256,1,False,256.0,0,14.0,14.0,12800,39.20127849143204,20.391248027307665,0.07965331260667056,70.33886441259642,0.2747611891117048,5.150053331021093,0.020117395824301144,1.4622773113305911,10,256,0.942068270415854,256,107,149,217,251,0.41796875,0.58203125,0.84765625,0.98046875,50,timm:resnet34.tv_in1k
layer3.4.conv1,conv,59,256,1,False,256.0,0,14.0,14.0,25600,39.380568930375105,20.14523624213668,0.0786923290708464,70.0858893885487,0.27377300542401833,5.107496948556735,0.019951159955299745,1.452159365520363,10,256,0.9428514870110448,256,107,149,218,251,0.41796875,0.58203125,0.8515625,0.98046875,100,timm:resnet34.tv_in1k
layer3.4.conv1,conv,59,256,1,False,256.0,0,14.0,14.0,64000,39.32453802182029,19.813766799979312,0.07739752656241919,69.65731141641888,0.27209887272038624,5.048673361190347,0.019721380317149793,1.4467837648850197,10,256,0.9431591433701211,256,107,149,218,251,0.41796875,0.58203125,0.8515625,0.98046875,250,timm:resnet34.tv_in1k
layer3.4.act1,act,60,256,1,False,,0,14.0,14.0,512,0.7825691564092432,49.64430368922896,0.19392306128605064,112.2981108853821,0.43866449564602383,9.523259047693687,0.037200230655053464,1.49604661896512,10,256,0.849844895755146,256,126,160,215,248,0.4921875,0.625,0.83984375,0.96875,1,timm:resnet34.tv_in1k
layer3.4.act1,act,60,256,1,False,,0,14.0,14.0,512,0.7825691564092432,49.64430368922896,0.19392306128605064,112.2981108853821,0.43866449564602383,9.523259047693687,0.037200230655053464,1.49604661896512,10,256,0.849844895755146,256,126,160,215,248,0.4921875,0.625,0.83984375,0.96875,2,timm:resnet34.tv_in1k
layer3.4.act1,act,60,256,1,False,,0,14.0,14.0,1536,0.7888690233715032,52.52548839322489,0.20517768903603473,136.09304392974875,0.531613452850581,9.092103112900752,0.03551602778476856,0.9752496639424083,10,256,0.9219656367688776,256,163,198,240,254,0.63671875,0.7734375,0.9375,0.9921875,5,timm:resnet34.tv_in1k
layer3.4.act1,act,60,256,1,False,,0,14.0,14.0,2560,0.8091153198057536,45.438551783470274,0.17749434290418076,134.53849266355442,0.5255409869670095,8.013890087135168,0.03130425815287175,0.8725543031939317,10,256,0.9388401882109524,256,171,205,243,255,0.66796875,0.80078125,0.94921875,0.99609375,10,timm:resnet34.tv_in1k
layer3.4.act1,act,60,256,1,False,,0,14.0,14.0,6656,0.7722852758456517,65.7606149822868,0.2568774022745578,154.76925114157785,0.6045673872717885,10.688834923210447,0.04175326141879081,0.7702536656850184,10,256,0.9522750388307933,256,182,213,246,255,0.7109375,0.83203125,0.9609375,0.99609375,25,timm:resnet34.tv_in1k
layer3.4.act1,act,60,256,1,False,,0,14.0,14.0,12800,0.7762422641982272,68.87825092919333,0.26905566769216144,158.30130826026746,0.6183644853916698,11.150191571446012,0.043555435825960984,0.7244695824987726,10,256,0.9671623125083796,256,186,217,247,255,0.7265625,0.84765625,0.96484375,0.99609375,50,timm:resnet34.tv_in1k
layer3.4.act1,act,60,256,1,False,,0,14.0,14.0,25600,0.7632729752233716,73.23563791181914,0.2860767105930435,162.07265965745364,0.6330963267869283,11.77509680643759,0.045996471900146836,0.7000964613529314,10,256,0.9728100150263443,256,189,218,247,255,0.73828125,0.8515625,0.96484375,0.99609375,100,timm:resnet34.tv_in1k
layer3.4.act1,act,60,256,1,False,,0,14.0,14.0,64000,0.7622267163720816,67.11412940805225,0.2621645680002041,158.73036088486472,0.6200404722065028,10.832415083356413,0.04231412141936099,0.6871706575888799,10,256,0.975008323799771,256,189,219,247,255,0.73828125,0.85546875,0.96484375,0.99609375,250,timm:resnet34.tv_in1k
layer3.4.conv2,conv,61,256,1,False,256.0,0,14.0,14.0,512,0.9550267025215983,20.49690771375325,0.08006604575684863,58.61590891198313,0.2289683941874341,5.582317212894727,0.02180592661287003,2.000015213715333,10,256,0.8879701945917922,256,81,114,181,236,0.31640625,0.4453125,0.70703125,0.921875,1,timm:resnet34.tv_in1k
layer3.4.conv2,conv,61,256,1,False,256.0,0,14.0,14.0,512,0.9550267025215983,20.49690771375325,0.08006604575684863,58.61590891198313,0.2289683941874341,5.582317212894727,0.02180592661287003,2.000015213715333,10,256,0.8879701945917922,256,81,114,181,236,0.31640625,0.4453125,0.70703125,0.921875,2,timm:resnet34.tv_in1k
layer3.4.conv2,conv,61,256,1,False,256.0,0,14.0,14.0,1536,0.9183664690907963,21.545704161244082,0.0841629068798597,67.00972211711412,0.26175672701997704,5.722304159351808,0.022352750622468,1.6318458626676162,10,256,0.9059331488378114,256,99,137,205,246,0.38671875,0.53515625,0.80078125,0.9609375,5,timm:resnet34.tv_in1k
layer3.4.conv2,conv,61,256,1,False,256.0,0,14.0,14.0,2560,0.906193304142867,21.78021077467496,0.08507894833857406,69.30114398501456,0.27070759369146313,5.646281957009172,0.022055788894567076,1.5646693978948554,10,256,0.9069994530117615,256,103,142,209,247,0.40234375,0.5546875,0.81640625,0.96484375,10,timm:resnet34.tv_in1k
layer3.4.conv2,conv,61,256,1,False,256.0,0,14.0,14.0,6656,0.8786716860606688,23.828818893031507,0.09308132380090432,75.77905703542875,0.29601194154464355,5.805088159628576,0.022676125623549124,1.500992995481652,10,256,0.9071029836629257,256,109,149,214,249,0.42578125,0.58203125,0.8359375,0.97265625,25,timm:resnet34.tv_in1k
layer3.4.conv2,conv,61,256,1,False,256.0,0,14.0,14.0,12800,0.8826807329531907,23.87787487310567,0.09327294872306903,76.6091550413128,0.29925451188012814,5.794195747348305,0.022633577138079317,1.4823196829606051,10,256,0.9086878241471058,256,111,151,215,249,0.43359375,0.58984375,0.83984375,0.97265625,50,timm:resnet34.tv_in1k
layer3.4.conv2,conv,61,256,1,False,256.0,0,14.0,14.0,25600,0.8702940396643668,24.53337030976806,0.09583347777253148,78.00798052517314,0.3047186739264576,5.889337283999558,0.023005223765623275,1.47129726916979,10,256,0.9082326035439836,256,112,152,216,249,0.4375,0.59375,0.84375,0.97265625,100,timm:resnet34.tv_in1k
layer3.4.conv2,conv,61,256,1,False,256.0,0,14.0,14.0,64000,0.8720404721275503,24.31059696687784,0.09496326940186656,77.57433273596736,0.3030247372498725,5.865686754545694,0.022912838884944116,1.4658865311034053,10,256,0.9084109795983054,256,112,152,216,249,0.4375,0.59375,0.84375,0.97265625,250,timm:resnet34.tv_in1k
layer3.4.act2,act,62,256,1,False,,0,14.0,14.0,512,18.105617844195283,47.987819628748355,0.18745242042479826,107.0925614638754,0.4183303182182633,9.572544015742501,0.037392750061494145,1.5181055935772716,10,256,0.8819119561248586,256,121,157,215,249,0.47265625,0.61328125,0.83984375,0.97265625,1,timm:resnet34.tv_in1k
layer3.4.act2,act,62,256,1,False,,0,14.0,14.0,512,18.105617844195283,47.987819628748355,0.18745242042479826,107.0925614638754,0.4183303182182633,9.572544015742501,0.037392750061494145,1.5181055935772716,10,256,0.8819119561248586,256,121,157,215,249,0.47265625,0.61328125,0.83984375,0.97265625,2,timm:resnet34.tv_in1k
layer3.4.act2,act,62,256,1,False,,0,14.0,14.0,1536,17.476678185702653,66.20706736473318,0.258621356893489,137.91075514381808,0.5387138872805394,12.056430604022784,0.047095432046964,1.0673297463923428,10,256,0.9397998382684727,256,156,193,239,254,0.609375,0.75390625,0.93359375,0.9921875,5,timm:resnet34.tv_in1k
layer3.4.act2,act,62,256,1,False,,0,14.0,14.0,2560,17.341804979450224,78.93744956873053,0.3083494123778536,149.64525304881346,0.5845517697219276,14.57451799618361,0.05693171092259223,0.9772211308260205,10,256,0.955143764656075,256,166,202,242,255,0.6484375,0.7890625,0.9453125,0.99609375,10,timm:resnet34.tv_in1k
layer3.4.act2,act,62,256,1,False,,0,14.0,14.0,6656,17.231553320157296,87.87964987367027,0.3432798823190245,159.3091027285976,0.6223011825335844,16.07686002916622,0.06280023448893055,0.8852726995367322,10,256,0.9681232941963793,256,175,209,245,255,0.68359375,0.81640625,0.95703125,0.99609375,25,timm:resnet34.tv_in1k
layer3.4.act2,act,62,256,1,False,,0,14.0,14.0,12800,17.36122527383373,90.16258845891912,0.3521976111676528,161.71440462282212,0.6316968930578989,16.526339844876542,0.06455601501904899,0.8602872765400242,10,256,0.972324400231731,256,178,211,245,255,0.6953125,0.82421875,0.95703125,0.99609375,50,timm:resnet34.tv_in1k
layer3.4.act2,act,62,256,1,False,,0,14.0,14.0,25600,17.217605910647954,93.40665212168071,0.36486973485031526,164.25746577652933,0.6416307256895677,17.277782200627826,0.06749133672120244,0.8424793926884719,10,256,0.9744837136417761,256,180,213,246,255,0.703125,0.83203125,0.9609375,0.99609375,100,timm:resnet34.tv_in1k
layer3.4.act2,act,62,256,1,False,,0,14.0,14.0,64000,17.162636009532548,92.25232458520861,0.36036064291097114,164.1482446825854,0.6412040807913493,16.88498543681146,0.06595697436254476,0.8334577031412091,10,256,0.9758568442453218,256,181,213,246,255,0.70703125,0.83203125,0.9609375,0.99609375,250,timm:resnet34.tv_in1k
layer3.4,block,63,256,1,False,,0,14.0,14.0,512,16.99428673313088,76.1155146267363,0.29732622901068867,125.60156597510175,0.4906311170902412,18.180082263699063,0.07101594634257447,1.5062486526280678,10,256,0.875970583106737,256,127,162,218,249,0.49609375,0.6328125,0.8515625,0.97265625,1,timm:resnet34.tv_in1k
layer3.4,block,63,256,1,False,,0,14.0,14.0,512,16.99428673313088,76.1155146267363,0.29732622901068867,125.60156597510175,0.4906311170902412,18.180082263699063,0.07101594634257447,1.5062486526280678,10,256,0.875970583106737,256,127,162,218,249,0.49609375,0.6328125,0.8515625,0.97265625,2,timm:resnet34.tv_in1k
layer3.4,block,63,256,1,False,,0,14.0,14.0,1536,16.993010241412147,78.53347047523195,0.3067713690438748,145.2500388841794,0.5673829643913257,15.066223786048168,0.058852436664250656,1.0673163208030865,10,256,0.9397791443706507,256,158,195,239,254,0.6171875,0.76171875,0.93359375,0.9921875,5,timm:resnet34.tv_in1k
layer3.4,block,63,256,1,False,,0,14.0,14.0,2560,17.119211581316566,81.11272392335582,0.31684657782560866,151.18842006854453,0.5905797658927521,15.076565053259314,0.058892832239294195,0.9761711977103326,10,256,0.9538472291856599,256,166,202,242,255,0.6484375,0.7890625,0.9453125,0.99609375,10,timm:resnet34.tv_in1k
layer3.4,block,63,256,1,False,,0,14.0,14.0,6656,16.830632072863885,94.4414566688239,0.3689119401125934,162.68736284055078,0.6354975110959015,17.92104191806993,0.07000406999246066,0.8869418861888215,10,256,0.9672601575033162,256,176,210,245,255,0.6875,0.8203125,0.95703125,0.99609375,25,timm:resnet34.tv_in1k
layer3.4,block,63,256,1,False,,0,14.0,14.0,12800,17.019650411995478,94.34607478305688,0.36853935462131593,164.04534822077846,0.6408021414874159,17.617353941717006,0.06881778883483206,0.8571306016146029,10,256,0.9718675982586971,256,178,212,246,255,0.6953125,0.828125,0.9609375,0.99609375,50,timm:resnet34.tv_in1k
layer3.4,block,63,256,1,False,,0,14.0,14.0,25600,17.180338938935773,92.25781187576483,0.36038207763970637,163.7585679505027,0.6396819060566512,16.842420757586265,0.06579070608432135,0.8432742033170751,10,256,0.9740973240925489,256,180,213,246,255,0.703125,0.83203125,0.9609375,0.99609375,100,timm:resnet34.tv_in1k
layer3.4,block,63,256,1,False,,0,14.0,14.0,64000,17.156652240722032,90.6989417699321,0.3542927412887973,163.3288826765601,0.6380034479553129,16.429522930401152,0.0641778239468795,0.8347636557201431,10,256,0.9757348611732487,256,180,213,246,255,0.703125,0.83203125,0.9609375,0.99609375,250,timm:resnet34.tv_in1k
layer3.5.conv1,conv,64,256,1,False,256.0,0,14.0,14.0,512,39.29010365107288,26.65432866862716,0.10411847136182484,66.77027202057856,0.260821375080385,6.648447037752315,0.02597049624121998,1.9782771265537922,10,256,0.9052991858378268,256,83,117,185,239,0.32421875,0.45703125,0.72265625,0.93359375,1,timm:resnet34.tv_in1k
layer3.5.conv1,conv,64,256,1,False,256.0,0,14.0,14.0,512,39.29010365107288,26.65432866862716,0.10411847136182484,66.77027202057856,0.260821375080385,6.648447037752315,0.02597049624121998,1.9782771265537922,10,256,0.9052991858378268,256,83,117,185,239,0.32421875,0.45703125,0.72265625,0.93359375,2,timm:resnet34.tv_in1k
layer3.5.conv1,conv,64,256,1,False,256.0,0,14.0,14.0,1536,39.042036696311925,26.248343147905867,0.1025325904215073,73.02328200886303,0.28524719534712123,6.391676966941632,0.02496748815211575,1.6346506969070247,10,256,0.9351865572482163,256,98,137,208,248,0.3828125,0.53515625,0.8125,0.96875,5,timm:resnet34.tv_in1k
layer3.5.conv1,conv,64,256,1,False,256.0,0,14.0,14.0,2560,39.486770317996005,26.19508350360579,0.10232454493596012,74.8474254985952,0.2923727558538875,6.304881786380843,0.024628444478050168,1.5682573139838298,10,256,0.9399267496847062,256,102,142,212,250,0.3984375,0.5546875,0.828125,0.9765625,10,timm:resnet34.tv_in1k
layer3.5.conv1,conv,64,256,1,False,256.0,0,14.0,14.0,6656,39.256580514558564,27.532552480656527,0.10754903312756456,78.32031410534331,0.3059387269739973,6.504108303420206,0.02540667306023518,1.5050840593744925,10,256,0.9431482564584781,256,107,148,216,251,0.41796875,0.578125,0.84375,0.98046875,25,timm:resnet34.tv_in1k
layer3.5.conv1,conv,64,256,1,False,256.0,0,14.0,14.0,12800,39.462337297413896,27.53187442074666,0.10754638445604164,78.95039936278353,0.30839999751087316,6.480604299317546,0.025314860544209165,1.488166127335683,10,256,0.9444556613490722,256,108,149,218,251,0.421875,0.58203125,0.8515625,0.98046875,50,timm:resnet34.tv_in1k
layer3.5.conv1,conv,64,256,1,False,256.0,0,14.0,14.0,25600,39.441302116141344,27.316296903030768,0.10670428477746394,78.7929879432981,0.3077851091535082,6.443982304241767,0.025171805875944402,1.4796171287435018,10,256,0.9453663817356728,256,108,150,218,251,0.421875,0.5859375,0.8515625,0.98046875,100,timm:resnet34.tv_in1k
layer3.5.conv1,conv,64,256,1,False,256.0,0,14.0,14.0,64000,39.30216191140593,27.22632967307124,0.10635285028543454,78.66974103150595,0.3073036759043201,6.432085306281767,0.025125333227663152,1.4747149783385702,10,256,0.9460721705989525,256,109,150,218,251,0.42578125,0.5859375,0.8515625,0.98046875,250,timm:resnet34.tv_in1k
layer3.5.act1,act,65,256,1,False,,0,14.0,14.0,512,1.198489267998712,32.79600151135113,0.12810938090371535,96.34213849837369,0.3763364785092722,6.825214961888235,0.026660995944875917,1.4933796404599509,10,256,0.8663048477104769,256,121,157,215,249,0.47265625,0.61328125,0.83984375,0.97265625,1,timm:resnet34.tv_in1k
layer3.5.act1,act,65,256,1,False,,0,14.0,14.0,512,1.198489267998712,32.79600151135113,0.12810938090371535,96.34213849837369,0.3763364785092722,6.825214961888235,0.026660995944875917,1.4933796404599509,10,256,0.8663048477104769,256,121,157,215,249,0.47265625,0.61328125,0.83984375,0.97265625,2,timm:resnet34.tv_in1k
layer3.5.act1,act,65,256,1,False,,0,14.0,14.0,1536,1.2189098476900342,35.677368830971126,0.13936472199598096,115.3285115510682,0.45050199824636017,6.9766197296478385,0.02725242081893687,1.0188082614530822,10,256,0.9303878779994779,256,155,193,238,254,0.60546875,0.75390625,0.9296875,0.9921875,5,timm:resnet34.tv_in1k
layer3.5.act1,act,65,256,1,False,,0,14.0,14.0,2560,1.206283819684795,41.274573825117805,0.16122880400436643,126.27726975799823,0.49327058499218057,7.64674875276826,0.029870112315501015,0.9079212275058757,10,256,0.9516779394112598,256,166,202,242,255,0.6484375,0.7890625,0.9453125,0.99609375,10,timm:resnet34.tv_in1k
layer3.5.act1,act,65,256,1,False,,0,14.0,14.0,6656,1.1410124287633234,64.29813729601413,0.2511645988125552,150.6305419558943,0.5884005545152121,10.832823712891383,0.042315717628481964,0.7919657761648848,10,256,0.9681512658265478,256,180,213,246,255,0.703125,0.83203125,0.9609375,0.99609375,25,timm:resnet34.tv_in1k
layer3.5.act1,act,65,256,1,False,,0,14.0,14.0,12800,1.1402293805106019,69.21010367234892,0.270351967470113,155.4943788387803,0.6073999173389856,11.557163489192249,0.04514516987965722,0.7568800506909137,10,256,0.9756339426028561,256,184,216,247,255,0.71875,0.84375,0.96484375,0.99609375,50,timm:resnet34.tv_in1k
layer3.5.act1,act,65,256,1,False,,0,14.0,14.0,25600,1.1424272206571051,69.15308134325709,0.270129223997098,156.3772671539464,0.6108486998201031,11.514609371868398,0.04497894285886093,0.7342566030441398,10,256,0.9794219761536537,256,186,217,247,255,0.7265625,0.84765625,0.96484375,0.99609375,100,timm:resnet34.tv_in1k
layer3.5.act1,act,65,256,1,False,,0,14.0,14.0,64000,1.1461942582206583,64.5418805313455,0.25211672082556835,153.71989500222213,0.6004683398524302,10.758130386745027,0.04202394682322276,0.723354357984584,10,256,0.9816100471066689,256,187,218,247,255,0.73046875,0.8515625,0.96484375,0.99609375,250,timm:resnet34.tv_in1k
layer3.5.conv2,conv,66,256,1,False,256.0,0,14.0,14.0,512,1.6346703753779313,13.113107246007226,0.05122307517971573,44.77705354868965,0.17491036542456895,4.1548651032993495,0.016229941809763084,1.9839328958064553,10,256,0.889749253498016,256,75,108,177,234,0.29296875,0.421875,0.69140625,0.9140625,1,timm:resnet34.tv_in1k
layer3.5.conv2,conv,66,256,1,False,256.0,0,14.0,14.0,512,1.6346703753779313,13.113107246007226,0.05122307517971573,44.77705354868965,0.17491036542456895,4.1548651032993495,0.016229941809763084,1.9839328958064553,10,256,0.889749253498016,256,75,108,177,234,0.29296875,0.421875,0.69140625,0.9140625,2,timm:resnet34.tv_in1k
layer3.5.conv2,conv,66,256,1,False,256.0,0,14.0,14.0,1536,1.6290296558595356,13.450118517050738,0.052539525457229445,50.78141145321465,0.19836488848911973,4.172391812640853,0.01629840551812833,1.6079258145753987,10,256,0.9096044177556429,256,91,130,202,246,0.35546875,0.5078125,0.7890625,0.9609375,5,timm:resnet34.tv_in1k
layer3.5.conv2,conv,66,256,1,False,256.0,0,14.0,14.0,2560,1.6106055822141983,14.069622316379144,0.05495946217335603,53.82556259886372,0.2102561039018114,4.253009407836966,0.016613317999363147,1.5358608612573703,10,256,0.9110424766718854,256,97,137,207,248,0.37890625,0.53515625,0.80859375,0.96875,10,timm:resnet34.tv_in1k
layer3.5.conv2,conv,66,256,1,False,256.0,0,14.0,14.0,6656,1.5205414703188935,15.194984828311531,0.05935540948559192,59.70841877072636,0.23323601082314985,4.360588806134162,0.01703355002396157,1.458815779865359,10,256,0.9110618586243666,256,105,145,213,249,0.41015625,0.56640625,0.83203125,0.97265625,25,timm:resnet34.tv_in1k
layer3.5.conv2,conv,66,256,1,False,256.0,0,14.0,14.0,12800,1.5145077513295042,15.322924440606775,0.05985517359612021,61.052731488851364,0.23848723237832564,4.352230265281629,0.017000899473756364,1.4388084177750018,10,256,0.9118073376950966,256,107,147,215,249,0.41796875,0.57421875,0.83984375,0.97265625,50,timm:resnet34.tv_in1k
layer3.5.conv2,conv,66,256,1,False,256.0,0,14.0,14.0,25600,1.4941214772092708,15.618985651208629,0.061011662700033706,62.41021374343192,0.24378989743528093,4.384914675477388,0.017128572951083547,1.4276739852169393,10,256,0.9119976230755239,256,108,149,216,249,0.421875,0.58203125,0.84375,0.97265625,100,timm:resnet34.tv_in1k
layer3.5.conv2,conv,66,256,1,False,256.0,0,14.0,14.0,64000,1.497917360703639,15.70102723417928,0.061332137633512814,62.50141465705745,0.24414615100413067,4.4075654501501065,0.017217052539648853,1.423045817216763,10,256,0.9120176514179296,256,108,149,216,249,0.421875,0.58203125,0.84375,0.97265625,250,timm:resnet34.tv_in1k
layer3.5.act2,act,67,256,1,False,,0,14.0,14.0,512,13.668727010663478,47.238644811398665,0.18452595629452603,110.45767098602585,0.43147527728916346,9.109864403316692,0.03558540782545583,1.4781388607093737,10,256,0.8696595437195447,256,125,161,217,249,0.48828125,0.62890625,0.84765625,0.97265625,1,timm:resnet34.tv_in1k
layer3.5.act2,act,67,256,1,False,,0,14.0,14.0,512,13.668727010663478,47.238644811398665,0.18452595629452603,110.45767098602585,0.43147527728916346,9.109864403316692,0.03558540782545583,1.4781388607093737,10,256,0.8696595437195447,256,125,161,217,249,0.48828125,0.62890625,0.84765625,0.97265625,2,timm:resnet34.tv_in1k
layer3.5.act2,act,67,256,1,False,,0,14.0,14.0,1536,14.452892644348061,55.21761880772042,0.2156938234676579,133.0650275955922,0.519785264045282,9.982228638825532,0.038993080620412235,1.0218624407479526,10,256,0.937194809239812,256,158,195,240,255,0.6171875,0.76171875,0.9375,0.99609375,5,timm:resnet34.tv_in1k
layer3.5.act2,act,67,256,1,False,,0,14.0,14.0,2560,14.481186489904978,56.72177766394663,0.22156944399979153,140.00519467498296,0.5468952916991522,9.900934548847061,0.038675525581433834,0.9098479392715991,10,256,0.9538946336043398,256,169,204,243,255,0.66015625,0.796875,0.94921875,0.99609375,10,timm:resnet34.tv_in1k
layer3.5.act2,act,67,256,1,False,,0,14.0,14.0,6656,14.108359536386747,76.80659577501874,0.30002576474616693,159.66568938806438,0.6236940991721265,12.583995672102285,0.04915623309414955,0.8030834147656114,10,256,0.9716523993851949,256,181,214,246,255,0.70703125,0.8359375,0.9609375,0.99609375,25,timm:resnet34.tv_in1k
layer3.5.act2,act,67,256,1,False,,0,14.0,14.0,12800,14.027120145397468,80.03343147804246,0.31263059171110336,163.2478397360132,0.6376868739688015,12.958931725641605,0.05062082705328752,0.7702855613393084,10,256,0.9760995997609582,256,185,216,247,255,0.72265625,0.84375,0.96484375,0.99609375,50,timm:resnet34.tv_in1k
layer3.5.act2,act,67,256,1,False,,0,14.0,14.0,25600,14.062057860407112,77.6720676580144,0.30340651428911874,162.96211833309007,0.6365707747386331,12.467571883665663,0.048701452670568995,0.7513043853902257,10,256,0.980740636883026,256,186,217,247,255,0.7265625,0.84765625,0.96484375,0.99609375,100,timm:resnet34.tv_in1k
layer3.5.act2,act,67,256,1,False,,0,14.0,14.0,64000,14.139272314730228,76.81667811109466,0.3000651488714635,162.7910761001518,0.635902641016218,12.3169046338416,0.04811290872594375,0.7433474421301802,10,256,0.9825376793887068,256,187,218,248,255,0.73046875,0.8515625,0.96875,0.99609375,250,timm:resnet34.tv_in1k
layer3.5,block,68,256,1,False,,0,14.0,14.0,512,14.356615837306194,48.816832922076614,0.19069075360186177,109.9114125879983,0.42934145542186836,9.599096431376076,0.037496470435062795,1.4990820656234094,10,256,0.8675536584006677,256,124,159,216,249,0.484375,0.62109375,0.84375,0.97265625,1,timm:resnet34.tv_in1k
layer3.5,block,68,256,1,False,,0,14.0,14.0,512,14.356615837306194,48.816832922076614,0.19069075360186177,109.9114125879983,0.42934145542186836,9.599096431376076,0.037496470435062795,1.4990820656234094,10,256,0.8675536584006677,256,124,159,216,249,0.484375,0.62109375,0.84375,0.97265625,2,timm:resnet34.tv_in1k
layer3.5,block,68,256,1,False,,0,14.0,14.0,1536,14.433199496496757,59.98053790384039,0.23429897618687653,136.61891846622456,0.5336676502586897,10.637677578831935,0.04155342804231225,1.0319771033583711,10,256,0.9350942210696065,256,158,195,239,254,0.6171875,0.76171875,0.93359375,0.9921875,5,timm:resnet34.tv_in1k
layer3.5,block,68,256,1,False,,0,14.0,14.0,2560,13.964685861798934,69.64619534454577,0.27205545056463193,148.9939612412256,0.5820076610985375,11.884923441305395,0.0464254821925992,0.912666448900471,10,256,0.9508577661545822,256,170,205,243,255,0.6640625,0.80078125,0.94921875,0.99609375,10,timm:resnet34.tv_in1k
layer3.5,block,68,256,1,False,,0,14.0,14.0,6656,14.100392590934629,73.79815769809339,0.2882740535081773,157.39618180517388,0.6148288351764605,12.102716506241157,0.04727623635250452,0.8070802129656524,10,256,0.9715825444401839,256,181,213,246,255,0.70703125,0.83203125,0.9609375,0.99609375,25,timm:resnet34.tv_in1k
layer3.5,block,68,256,1,False,,0,14.0,14.0,12800,14.132150990180577,75.03716218951422,0.2931139148027899,160.29239063947125,0.6261421509354346,12.131936108372491,0.04739037542333004,0.7714222294680279,10,256,0.9775548279659183,256,184,216,247,255,0.71875,0.84375,0.96484375,0.99609375,50,timm:resnet34.tv_in1k
layer3.5,block,68,256,1,False,,0,14.0,14.0,25600,14.217080823216806,76.4802993015587,0.2987511691467137,162.15774642283563,0.6334286969642017,12.288020189087343,0.04800007886362243,0.7529788362179828,10,256,0.9809695845775885,256,186,217,247,255,0.7265625,0.84765625,0.96484375,0.99609375,100,timm:resnet34.tv_in1k
layer3.5,block,68,256,1,False,,0,14.0,14.0,64000,14.116727713703963,77.76227992823128,0.30375890596965344,163.17835429737673,0.6374154464741278,12.499187989161793,0.048824953082663256,0.7420383048183511,10,256,0.9828146212427594,256,187,218,248,255,0.73046875,0.8515625,0.96875,0.99609375,250,timm:resnet34.tv_in1k
layer4.0.conv1,conv,69,512,1,False,512.0,0,7.0,7.0,512,79.68592789292987,21.035948297907723,0.04108583651935102,63.36477809986975,0.12375933222630811,5.413195777149755,0.010572648002245616,3.518920548933354,10,512,0.6063852491792647,483,84,124,222,339,0.1640625,0.2421875,0.43359375,0.662109375,1,timm:resnet34.tv_in1k
layer4.0.conv1,conv,69,512,1,False,512.0,0,7.0,7.0,1024,78.09366628397567,23.147127106652665,0.045209232630180986,73.64203778145293,0.14383210504190025,5.639039574809629,0.011013749169550056,2.390923943634037,10,512,0.9075914102993929,512,99,148,272,421,0.193359375,0.2890625,0.53125,0.822265625,2,timm:resnet34.tv_in1k
layer4.0.conv1,conv,69,512,1,False,512.0,0,7.0,7.0,2560,76.44386170902939,26.161082682055884,0.0510958646133904,83.5526425468945,0.16318875497440333,6.083026992275874,0.011880912094288817,2.110004228311624,10,512,0.9313428079672774,512,113,168,310,458,0.220703125,0.328125,0.60546875,0.89453125,5,timm:resnet34.tv_in1k
layer4.0.conv1,conv,69,512,1,False,512.0,0,7.0,7.0,5120,77.36735200889987,28.632178107534486,0.05592222286627829,88.87108835042207,0.1735763444344181,6.487366008781166,0.012670636735900714,2.0309893277445927,10,512,0.9371041035718803,512,119,177,325,468,0.232421875,0.345703125,0.634765625,0.9140625,10,timm:resnet34.tv_in1k
layer4.0.conv1,conv,69,512,1,False,512.0,0,7.0,7.0,12800,78.49664394871034,28.946843042258124,0.0565368028169104,90.67968099779222,0.17710875194881293,6.526695268592721,0.012747451696470158,1.9793780203687121,10,512,0.9399589059223608,512,122,183,334,473,0.23828125,0.357421875,0.65234375,0.923828125,25,timm:resnet34.tv_in1k
layer4.0.conv1,conv,69,512,1,False,512.0,0,7.0,7.0,25600,78.72044225439649,28.170647483235612,0.055020795865694555,90.42211366758109,0.1766056907569943,6.366350925037529,0.012434279150463924,1.963829479512155,10,512,0.9407216817609906,512,123,184,337,474,0.240234375,0.359375,0.658203125,0.92578125,50,timm:resnet34.tv_in1k
layer4.0.conv1,conv,69,512,1,False,512.0,0,7.0,7.0,51200,78.44619522555129,28.50742327681664,0.0556785610875325,91.05827199163551,0.1778481874836631,6.422804331260027,0.01254453970949224,1.9578726169639584,10,512,0.9410765404172194,512,124,185,338,474,0.2421875,0.361328125,0.66015625,0.92578125,100,timm:resnet34.tv_in1k
layer4.0.act1,act,70,512,1,False,,0,7.0,7.0,512,4.3146061499325485,26.08912493541442,0.05095532213948129,101.81787321231253,0.19886303361779792,5.69217551413896,0.011117530301052655,3.0932902360755166,10,512,0.4904270556501188,479,144,197,295,381,0.28125,0.384765625,0.576171875,0.744140625,1,timm:resnet34.tv_in1k
layer4.0.act1,act,70,512,1,False,,0,7.0,7.0,1024,4.64740404184983,29.03212620984025,0.05670337150359424,128.80455734084117,0.2515714010563304,5.985426550063655,0.011690286230593077,1.6000282874769034,10,512,0.8731143859637712,512,196,269,398,486,0.3828125,0.525390625,0.77734375,0.94921875,2,timm:resnet34.tv_in1k
layer4.0.act1,act,70,512,1,False,,0,7.0,7.0,2560,4.933307364401337,24.333425657441698,0.047526221987190816,142.1360690399655,0.2776095098436826,5.259881507211344,0.010273206068772156,1.159085024206034,10,512,0.940168334883763,512,255,340,458,505,0.498046875,0.6640625,0.89453125,0.986328125,5,timm:resnet34.tv_in1k
layer4.0.act1,act,70,512,1,False,,0,7.0,7.0,5120,4.874431050518481,28.256469739272042,0.05518841745951571,163.28538083160316,0.31891675943672493,5.700936270077559,0.011134641152495232,0.9999464021604406,10,512,0.9678446761149804,512,291,375,476,508,0.568359375,0.732421875,0.9296875,0.9921875,10,timm:resnet34.tv_in1k
layer4.0.act1,act,70,512,1,False,,0,7.0,7.0,12800,5.140359420528933,20.3889630212523,0.0398221934008834,145.6150814398949,0.28440445593729474,4.714156039140171,0.009207336013945647,0.9004045580510317,10,512,0.9864264945310957,512,308,392,483,509,0.6015625,0.765625,0.943359375,0.994140625,25,timm:resnet34.tv_in1k
layer4.0.act1,act,70,512,1,False,,0,7.0,7.0,25600,4.997052595950967,23.349759923996988,0.04560499985155662,158.6028290101184,0.3097711504103875,5.0802782248747125,0.009922418407958423,0.8594313333288963,10,512,0.9924247843848792,512,321,403,487,510,0.626953125,0.787109375,0.951171875,0.99609375,50,timm:resnet34.tv_in1k
layer4.0.act1,act,70,512,1,False,,0,7.0,7.0,51200,4.965773687132768,23.365786503069092,0.04563630176380682,160.2507541324779,0.3129897541649959,5.077082555501866,0.009916176866214581,0.8385118415584665,10,512,0.9951295850399914,512,327,408,488,510,0.638671875,0.796875,0.953125,0.99609375,100,timm:resnet34.tv_in1k
layer4.0.conv2,conv,71,512,1,False,512.0,0,7.0,7.0,512,7.196635141592595,53.24255907660484,0.10398937319649383,108.3992376807414,0.21171726109519803,12.175869928804188,0.02378099595469568,3.6050228017139,10,512,0.4920559955467516,474,118,165,264,362,0.23046875,0.322265625,0.515625,0.70703125,1,timm:resnet34.tv_in1k
layer4.0.conv2,conv,71,512,1,False,512.0,0,7.0,7.0,1024,7.18568644305774,71.25509658853078,0.13917011052447417,146.08866223535017,0.2853294184284183,14.638486702190846,0.028590794340216497,1.977600207735606,10,512,0.8837328658993223,512,159,222,354,468,0.310546875,0.43359375,0.69140625,0.9140625,2,timm:resnet34.tv_in1k
layer4.0.conv2,conv,71,512,1,False,512.0,0,7.0,7.0,2560,7.4938157044522935,82.7739019925739,0.1616677773292459,175.44771339397957,0.34267131522261635,15.428345016025833,0.030133486359425456,1.622756562833449,10,512,0.9145220501454049,512,195,269,409,494,0.380859375,0.525390625,0.798828125,0.96484375,5,timm:resnet34.tv_in1k
layer4.0.conv2,conv,71,512,1,False,512.0,0,7.0,7.0,5120,7.516768320560597,91.74161296612449,0.1791828378244619,192.1695260490963,0.3753311055646412,16.44584110097153,0.03212078340033502,1.5044710862977264,10,512,0.9206457931408517,512,214,291,427,499,0.41796875,0.568359375,0.833984375,0.974609375,10,timm:resnet34.tv_in1k
layer4.0.conv2,conv,71,512,1,False,512.0,0,7.0,7.0,12800,7.436716139938102,98.4167180376722,0.1922201524173285,204.20457975900118,0.3988370698417992,17.072515084236734,0.03334475602389987,1.4336319071680945,10,512,0.9237877426199527,512,226,305,437,502,0.44140625,0.595703125,0.853515625,0.98046875,25,timm:resnet34.tv_in1k
layer4.0.conv2,conv,71,512,1,False,512.0,0,7.0,7.0,25600,7.414432296674094,98.30439060907757,0.19200076290835463,206.9023270779487,0.4041061075741186,16.831128478188727,0.03287329780896236,1.4087542401604753,10,512,0.924543081950008,512,231,310,441,502,0.451171875,0.60546875,0.861328125,0.98046875,50,timm:resnet34.tv_in1k
layer4.0.conv2,conv,71,512,1,False,512.0,0,7.0,7.0,51200,7.401215046963212,98.25067503239849,0.1918958496726533,208.25585863982366,0.4067497239059056,16.659612073517458,0.032538304831088785,1.3970978454221865,10,512,0.9247876172820473,512,233,312,442,503,0.455078125,0.609375,0.86328125,0.982421875,100,timm:resnet34.tv_in1k
layer4.0.downsample.0,conv,72,512,1,False,256.0,0,7.0,7.0,512,6.457325049414654,23.030072935847482,0.04498061120282711,60.833735292532346,0.11881588924322724,5.927446492316207,0.011577043930305092,6.292223007202903,10,512,0.6206859193313645,379,77,107,169,227,0.150390625,0.208984375,0.330078125,0.443359375,1,timm:resnet34.tv_in1k
layer4.0.downsample.0,conv,72,512,1,False,256.0,0,7.0,7.0,1024,6.60399851944335,25.728243279545662,0.05025047515536262,68.82869005630567,0.13443103526622202,6.286877657144899,0.01227905792411113,6.416566139733457,10,512,0.5895018256502005,380,87,121,186,239,0.169921875,0.236328125,0.36328125,0.466796875,2,timm:resnet34.tv_in1k
layer4.0.downsample.0,conv,72,512,1,False,256.0,0,7.0,7.0,2560,6.471278403694127,26.66445263446905,0.052079009051697364,73.3249551878642,0.14321280310129728,6.381068623409546,0.01246302465509677,6.481039456607375,10,512,0.5698372153165991,380,95,131,197,243,0.185546875,0.255859375,0.384765625,0.474609375,5,timm:resnet34.tv_in1k
layer4.0.downsample.0,conv,72,512,1,False,256.0,0,7.0,7.0,5120,6.271491983491382,34.62850012127104,0.0676337892993575,82.49277334768037,0.16111869794468822,8.064048507728495,0.015750094741657217,6.6517923465503594,10,512,0.5596722311903614,380,101,137,201,245,0.197265625,0.267578125,0.392578125,0.478515625,10,timm:resnet34.tv_in1k
layer4.0.downsample.0,conv,72,512,1,False,256.0,0,7.0,7.0,12800,6.370767124000192,35.413246370941295,0.06916649681824472,84.21859920905717,0.1644894515801898,8.181466930633398,0.015979427598893356,6.83819034708681,10,512,0.5534254035066706,380,103,139,204,246,0.201171875,0.271484375,0.3984375,0.48046875,25,timm:resnet34.tv_in1k
layer4.0.downsample.0,conv,72,512,1,False,256.0,0,7.0,7.0,25600,6.339063015077463,36.32174041107782,0.07094089924038637,85.18683043009433,0.166380528183778,8.41024322498201,0.016426256298792987,6.94839169091156,10,512,0.5481433905849984,380,104,140,204,246,0.203125,0.2734375,0.3984375,0.48046875,50,timm:resnet34.tv_in1k
layer4.0.downsample.0,conv,72,512,1,False,256.0,0,7.0,7.0,51200,6.337026656342875,36.13155629767285,0.07056944589389229,85.08855071649839,0.16618857561816092,8.363259160701318,0.016334490548244762,7.037383523910538,10,512,0.541848137786302,378,104,141,205,246,0.203125,0.275390625,0.400390625,0.48046875,100,timm:resnet34.tv_in1k
layer4.0.act2,act,73,512,1,False,,0,7.0,7.0,512,153.82133510246194,69.8554397816374,0.13643640582351055,130.73141544603433,0.2553347957930358,16.90844788831388,0.03302431228186305,3.050197112014213,10,512,0.4957050790395894,476,141,194,297,386,0.275390625,0.37890625,0.580078125,0.75390625,1,timm:resnet34.tv_in1k
layer4.0.act2,act,73,512,1,False,,0,7.0,7.0,1024,154.7904027994525,88.01246055081762,0.17189933701331567,172.68013255607033,0.33726588389857487,19.157526669911537,0.03741704427717097,1.678646887200104,10,512,0.8939883010871075,512,194,267,398,487,0.37890625,0.521484375,0.77734375,0.951171875,2,timm:resnet34.tv_in1k
layer4.0.act2,act,73,512,1,False,,0,7.0,7.0,2560,160.3418032359,106.78030197170953,0.20855527728849518,214.10018129317714,0.4181644165882366,21.60243261466024,0.042192251200508284,1.2761851659877772,10,512,0.9510487480130169,512,252,337,456,505,0.4921875,0.658203125,0.890625,0.986328125,5,timm:resnet34.tv_in1k
layer4.0.act2,act,73,512,1,False,,0,7.0,7.0,5120,163.07368684248473,114.81130988655873,0.22424083962218502,232.88060310797923,0.4548449279452719,22.10191888015819,0.04316781031280897,1.131274261409718,10,512,0.9727705235104868,512,282,368,473,508,0.55078125,0.71875,0.923828125,0.9921875,10,timm:resnet34.tv_in1k
layer4.0.act2,act,73,512,1,False,,0,7.0,7.0,12800,162.388461719459,119.36390418189997,0.23313262535527338,245.27273214662986,0.47904830497388645,21.906786725652726,0.04278669282354048,1.0372575622811364,10,512,0.986160713754417,512,304,389,482,509,0.59375,0.759765625,0.94140625,0.994140625,25,timm:resnet34.tv_in1k
layer4.0.act2,act,73,512,1,False,,0,7.0,7.0,25600,162.015863205092,120.89076458036041,0.23611477457101643,249.21564538584707,0.48674930739423256,21.865328747442856,0.04270572020984933,1.0068995390249593,10,512,0.9903768208310725,512,312,396,485,509,0.609375,0.7734375,0.947265625,0.994140625,50,timm:resnet34.tv_in1k
layer4.0.act2,act,73,512,1,False,,0,7.0,7.0,51200,162.18928396826496,122.95722788214114,0.24015083570730691,252.00082485676458,0.4921891110483683,22.423399118323815,0.0437957014029762,0.9904060616247922,10,512,0.9923719149195978,512,317,400,486,510,0.619140625,0.78125,0.94921875,0.99609375,100,timm:resnet34.tv_in1k
layer4.0,block,74,512,1,False,,0,7.0,7.0,512,156.25703160740264,64.84621863157209,0.12665277076478923,127.87223577769217,0.24975046050330502,15.103177185724356,0.029498392940867882,3.0148578423991235,10,512,0.501483385493687,478,142,195,298,387,0.27734375,0.380859375,0.58203125,0.755859375,1,timm:resnet34.tv_in1k
layer4.0,block,74,512,1,False,,0,7.0,7.0,1024,151.60700885128736,89.9988951062427,0.17577909200438027,174.63031984311453,0.3410748434435831,20.327141984792853,0.03970144918904854,1.6779779897043112,10,512,0.8908162733076522,512,196,268,398,486,0.3828125,0.5234375,0.77734375,0.94921875,2,timm:resnet34.tv_in1k
layer4.0,block,74,512,1,False,,0,7.0,7.0,2560,159.8792933015194,102.71474930827095,0.2006147447427167,211.8804216351252,0.4138289485061039,19.567062972955203,0.03821691986905313,1.2774586855554642,10,512,0.951843395226899,512,251,336,456,505,0.490234375,0.65625,0.890625,0.986328125,5,timm:resnet34.tv_in1k
layer4.0,block,74,512,1,False,,0,7.0,7.0,5120,162.20046822928785,113.45767095278484,0.2215970135796579,232.5979579234304,0.4542928865692,21.39632332818275,0.04178969400035693,1.1297534539008927,10,512,0.9725937981672859,512,282,368,473,508,0.55078125,0.71875,0.923828125,0.9921875,10,timm:resnet34.tv_in1k
layer4.0,block,74,512,1,False,,0,7.0,7.0,12800,161.06618587344573,120.940997769165,0.23621288626790038,246.5663184273078,0.48157484067833556,22.345453552056732,0.043643463968860804,1.0364919156788526,10,512,0.986293321228964,512,305,389,482,509,0.595703125,0.759765625,0.94140625,0.994140625,25,timm:resnet34.tv_in1k
layer4.0,block,74,512,1,False,,0,7.0,7.0,25600,161.27285596206642,120.34093955169119,0.23504089756189686,248.94602334769743,0.48622270185097155,21.71252582219677,0.04240727699647807,1.0057625435243867,10,512,0.9906420050974778,512,312,396,485,509,0.609375,0.7734375,0.947265625,0.994140625,50,timm:resnet34.tv_in1k
layer4.0,block,74,512,1,False,,0,7.0,7.0,51200,161.47682256177234,122.50304639650544,0.2392637624931747,251.74651475933123,0.4916924116393188,22.27050000963109,0.04349707033131072,0.9896360165160404,10,512,0.9925877413704086,512,317,400,486,510,0.619140625,0.78125,0.94921875,0.99609375,100,timm:resnet34.tv_in1k
layer4.1.conv1,conv,75,512,1,False,512.0,0,7.0,7.0,512,572.3359134234606,13.128925680805752,0.025642432970323734,54.01805248115985,0.10550400875226533,3.872052397400392,0.007562602338672641,3.6246840766444537,10,512,0.5891376795813807,481,85,125,221,334,0.166015625,0.244140625,0.431640625,0.65234375,1,timm:resnet34.tv_in1k
layer4.1.conv1,conv,75,512,1,False,512.0,0,7.0,7.0,1024,585.2007687345384,13.761107452271915,0.026877162992718584,67.07220572870536,0.13100040181387765,3.9067892765455823,0.00763044780575309,2.250514083909365,10,512,0.8929464194075605,512,112,165,294,435,0.21875,0.322265625,0.57421875,0.849609375,2,timm:resnet34.tv_in1k
layer4.1.conv1,conv,75,512,1,False,512.0,0,7.0,7.0,2560,608.9939502020177,13.400736758540644,0.026173313981524695,75.94527407781536,0.14833061343323312,3.812149775459704,0.007445605030194734,1.873270409338549,10,512,0.9139543880573969,512,138,204,350,475,0.26953125,0.3984375,0.68359375,0.927734375,5,timm:resnet34.tv_in1k
layer4.1.conv1,conv,75,512,1,False,512.0,0,7.0,7.0,5120,608.6031779839178,14.390629560615352,0.02810669836057686,83.24347252359863,0.16258490727265357,3.9578808797366345,0.007730236093235614,1.744167892552734,10,512,0.9181708344193441,512,152,223,373,485,0.296875,0.435546875,0.728515625,0.947265625,10,timm:resnet34.tv_in1k
layer4.1.conv1,conv,75,512,1,False,512.0,0,7.0,7.0,12800,598.0570780396566,14.700120806054258,0.028711173449324723,87.41082025109661,0.17072425830292307,3.99489331641767,0.007802526008628262,1.669219682464338,10,512,0.9206587898043027,512,162,236,386,489,0.31640625,0.4609375,0.75390625,0.955078125,25,timm:resnet34.tv_in1k
layer4.1.conv1,conv,75,512,1,False,512.0,0,7.0,7.0,25600,599.9841763686785,14.679357261825578,0.02867061965200308,88.29960923211512,0.17246017428147484,3.9894700060606105,0.00779193360558713,1.6449933520280653,10,512,0.921407054020216,512,165,240,390,490,0.322265625,0.46875,0.76171875,0.95703125,50,timm:resnet34.tv_in1k
layer4.1.conv1,conv,75,512,1,False,512.0,0,7.0,7.0,51200,601.7916890701994,14.618505643385868,0.028551768834738023,88.60317479925264,0.17305307577979032,3.9786658755843467,0.007770831788250677,1.6326848939957292,10,512,0.9218050761552171,512,166,242,392,491,0.32421875,0.47265625,0.765625,0.958984375,100,timm:resnet34.tv_in1k
layer4.1.act1,act,76,512,1,False,,0,7.0,7.0,512,1.8722926371414408,77.16983659671119,0.15072233710295155,148.14725648457105,0.2893501103214278,14.50251838163263,0.02832523121412623,3.0792028001709215,10,512,0.5047207716751549,476,153,202,298,384,0.298828125,0.39453125,0.58203125,0.75,1,timm:resnet34.tv_in1k
layer4.1.act1,act,76,512,1,False,,0,7.0,7.0,1024,1.9974258082069722,83.15330942973358,0.1624088074799484,197.70569642452094,0.38614393832914246,12.834107618841426,0.02506661644304966,1.5843511746683463,10,512,0.8525854014067724,512,219,287,408,489,0.427734375,0.560546875,0.796875,0.955078125,2,timm:resnet34.tv_in1k
layer4.1.act1,act,76,512,1,False,,0,7.0,7.0,2560,2.0216265922715486,105.4570585364312,0.2059708174539672,260.7279890711101,0.5092343536545119,14.0972627476656,0.027533716304034374,1.0901709671939002,10,512,0.9089983234186034,512,295,370,469,507,0.576171875,0.72265625,0.916015625,0.990234375,5,timm:resnet34.tv_in1k
layer4.1.act1,act,76,512,1,False,,0,7.0,7.0,5120,2.02404991085892,123.30274478824391,0.2408256734145389,296.8849570803702,0.5798534317975981,15.310820205212949,0.02990394571330654,0.8953990826668032,10,512,0.9344966712564343,512,335,405,484,509,0.654296875,0.791015625,0.9453125,0.994140625,10,timm:resnet34.tv_in1k
layer4.1.act1,act,76,512,1,False,,0,7.0,7.0,12800,2.0283754851764364,122.35269537809923,0.23897010816035005,313.92294090241893,0.613130743950037,14.632379668427832,0.02857886653989811,0.7659771564961408,10,512,0.9594615522025185,512,362,426,492,510,0.70703125,0.83203125,0.9609375,0.99609375,25,timm:resnet34.tv_in1k
layer4.1.act1,act,76,512,1,False,,0,7.0,7.0,25600,2.030749923985768,115.35949368953221,0.2253115111123676,315.64788631289485,0.6164997779548728,13.773860088927968,0.026902070486187438,0.7184665596884716,10,512,0.9711353294809536,512,371,433,494,510,0.724609375,0.845703125,0.96484375,0.99609375,50,timm:resnet34.tv_in1k
layer4.1.act1,act,76,512,1,False,,0,7.0,7.0,51200,2.0286780320191795,117.11028074801196,0.22873101708596086,320.113513897141,0.6252217068303535,13.861912817410479,0.027074048471504842,0.6922831347755237,10,512,0.9776654062350327,512,377,438,495,511,0.736328125,0.85546875,0.966796875,0.998046875,100,timm:resnet34.tv_in1k
layer4.1.conv2,conv,77,512,1,False,512.0,0,7.0,7.0,512,2.738469355381894,61.21536041954791,0.11956125081942952,104.57859135246912,0.20425506123529125,21.194506686373842,0.04139552087182391,3.749456194858706,10,512,0.5531056335893529,476,105,146,239,341,0.205078125,0.28515625,0.466796875,0.666015625,1,timm:resnet34.tv_in1k
layer4.1.conv2,conv,77,512,1,False,512.0,0,7.0,7.0,1024,2.8622954341898246,84.75563439625236,0.1655383484301804,146.21425951749004,0.2855747256200977,25.24606823645082,0.04930872702431801,2.1538066173568886,10,512,0.879063249398202,512,147,204,331,454,0.287109375,0.3984375,0.646484375,0.88671875,2,timm:resnet34.tv_in1k
layer4.1.conv2,conv,77,512,1,False,512.0,0,7.0,7.0,2560,2.9207961717089805,110.28357456534349,0.2153976065729365,192.09899993466178,0.3751933592473863,26.34813215366675,0.05146119561263037,1.7179074683695106,10,512,0.8890453069927908,512,195,263,396,489,0.380859375,0.513671875,0.7734375,0.955078125,5,timm:resnet34.tv_in1k
layer4.1.conv2,conv,77,512,1,False,512.0,0,7.0,7.0,5120,2.9426618849790187,123.5958789418812,0.2413982010583617,215.7253194130949,0.42133851447870097,26.909553023484175,0.05255772074899253,1.5550761473925157,10,512,0.8848111665016768,512,219,290,418,496,0.427734375,0.56640625,0.81640625,0.96875,10,timm:resnet34.tv_in1k
layer4.1.conv2,conv,77,512,1,False,512.0,0,7.0,7.0,12800,2.9399614729685366,131.394354503747,0.25662959864013085,230.82660594447293,0.4508332147352987,27.01763059002758,0.052768809746147616,1.4613575621309487,10,512,0.8799379352658179,512,234,306,430,499,0.45703125,0.59765625,0.83984375,0.974609375,25,timm:resnet34.tv_in1k
layer4.1.conv2,conv,77,512,1,False,512.0,0,7.0,7.0,25600,2.9295475279313505,136.53267674208433,0.26666538426188346,238.22671857215545,0.4652865597112411,27.551802721664124,0.05381211469075024,1.4246377024124075,10,512,0.8766191716659686,512,241,312,434,500,0.470703125,0.609375,0.84765625,0.9765625,50,timm:resnet34.tv_in1k
layer4.1.conv2,conv,77,512,1,False,512.0,0,7.0,7.0,51200,2.9434537193728314,139.79843902563775,0.2730438262219487,242.5138928117935,0.4736599468980342,28.00982915150553,0.05470669756153424,1.4062976318983278,10,512,0.8742662293855878,512,244,315,436,500,0.4765625,0.615234375,0.8515625,0.9765625,100,timm:resnet34.tv_in1k
layer4.1.act2,act,78,512,1,False,,0,7.0,7.0,512,289.8136423517169,72.78555641956282,0.14215928988195864,126.47126509986863,0.24701418964818092,20.666331925285384,0.040363929541573015,3.334229397689627,10,512,0.49590945773258455,475,130,181,284,377,0.25390625,0.353515625,0.5546875,0.736328125,1,timm:resnet34.tv_in1k
layer4.1.act2,act,78,512,1,False,,0,7.0,7.0,1024,287.096081336281,97.42348466655699,0.19028024348936912,175.1034406863261,0.3419989075904807,22.71034311820654,0.04435613890274715,1.7580058145613602,10,512,0.8957551089406997,512,186,257,390,484,0.36328125,0.501953125,0.76171875,0.9453125,2,timm:resnet34.tv_in1k
layer4.1.act2,act,78,512,1,False,,0,7.0,7.0,2560,299.85399065356717,118.42437894888454,0.2312976151345401,223.31241168414041,0.43615705407058675,22.002443045855784,0.04297352157393708,1.3237607813134107,10,512,0.9419790000914654,512,247,330,453,505,0.482421875,0.64453125,0.884765625,0.986328125,5,timm:resnet34.tv_in1k
layer4.1.act2,act,78,512,1,False,,0,7.0,7.0,5120,299.33786651620943,131.9177484186761,0.25765185238022675,249.5354283631021,0.4873738835216838,23.342590551802566,0.045590997171489386,1.1524439772127828,10,512,0.960020536707525,512,282,366,472,508,0.55078125,0.71484375,0.921875,0.9921875,10,timm:resnet34.tv_in1k
layer4.1.act2,act,78,512,1,False,,0,7.0,7.0,12800,296.29102533153446,140.22329103394736,0.27387361530067844,267.4547517185441,0.5223725619502815,23.185182620329474,0.045283559805331004,1.0416418548578026,10,512,0.9738043541920245,512,307,389,482,509,0.599609375,0.759765625,0.94140625,0.994140625,25,timm:resnet34.tv_in1k
layer4.1.act2,act,78,512,1,False,,0,7.0,7.0,25600,293.9260194993738,143.55565640157553,0.2803821414093272,273.68813761838453,0.5345471437859073,23.570706336568925,0.04603653581361118,1.0021197109323436,10,512,0.9795038897147622,512,317,398,485,509,0.619140625,0.77734375,0.947265625,0.994140625,50,timm:resnet34.tv_in1k
layer4.1.act2,act,78,512,1,False,,0,7.0,7.0,51200,293.1831007446428,145.8876381519867,0.284936793265599,277.41568900526636,0.5418275175884109,23.91198840807803,0.046703102359527404,0.9802260512976199,10,512,0.9822601409350357,512,322,402,486,510,0.62890625,0.78515625,0.94921875,0.99609375,100,timm:resnet34.tv_in1k
layer4.1,block,79,512,1,False,,0,7.0,7.0,512,281.6529391282285,72.87252786428245,0.14232915598492665,125.52793235449151,0.24517174287986623,22.13189695666523,0.04322636124348678,3.307131307923943,10,512,0.5024977687684864,479,129,180,284,378,0.251953125,0.3515625,0.5546875,0.73828125,1,timm:resnet34.tv_in1k
layer4.1,block,79,512,1,False,,0,7.0,7.0,1024,290.1586843736836,93.61259594427523,0.18283710145366255,170.44865646409943,0.3329075321564442,21.876527654276206,0.042727593074758215,1.7722997560837024,10,512,0.8967980540853546,512,183,254,387,483,0.357421875,0.49609375,0.755859375,0.943359375,2,timm:resnet34.tv_in1k
layer4.1,block,79,512,1,False,,0,7.0,7.0,2560,296.93399074003054,117.30080832794519,0.22910314126551795,221.9413237735986,0.4334791479953098,21.99135802584424,0.04295187114422703,1.3258333576080386,10,512,0.9420050454894002,512,247,330,452,504,0.482421875,0.64453125,0.8828125,0.984375,5,timm:resnet34.tv_in1k
layer4.1,block,79,512,1,False,,0,7.0,7.0,5120,298.8723547096657,131.41015948480205,0.256660467743754,248.52094347833594,0.4853924677311249,23.514732218011968,0.045927211363304625,1.1529377077532779,10,512,0.9599483876148411,512,282,365,472,508,0.55078125,0.712890625,0.921875,0.9921875,10,timm:resnet34.tv_in1k
layer4.1,block,79,512,1,False,,0,7.0,7.0,12800,295.5704215469942,140.4412947513295,0.27429940381119045,267.40099349687824,0.5222675654235903,23.402028073256155,0.04570708608057843,1.0407038337437562,10,512,0.9738021754259474,512,307,389,482,509,0.599609375,0.759765625,0.94140625,0.994140625,25,timm:resnet34.tv_in1k
layer4.1,block,79,512,1,False,,0,7.0,7.0,25600,294.2354547137414,143.38973574748383,0.28005807763180435,273.7170323647832,0.5346035788374672,23.511454352067844,0.04592080928138251,1.001000416289218,10,512,0.9793078288454657,512,317,398,485,509,0.619140625,0.77734375,0.947265625,0.994140625,50,timm:resnet34.tv_in1k
layer4.1,block,79,512,1,False,,0,7.0,7.0,51200,292.88364355703567,145.6788929779813,0.2845290878476197,277.6679887843269,0.5423202905943885,23.689652326407973,0.04626885220001557,0.9790803590794731,10,512,0.982110354128251,512,322,402,486,510,0.62890625,0.78515625,0.94921875,0.99609375,100,timm:resnet34.tv_in1k
layer4.2.conv1,conv,80,512,1,False,512.0,0,7.0,7.0,512,1268.3746432759608,8.132453591896283,0.015883698421672428,37.76445144371492,0.0737586942260057,2.946883608666518,0.005755632048176793,3.7495910635370926,10,512,0.6256120180479419,477,71,106,198,313,0.138671875,0.20703125,0.38671875,0.611328125,1,timm:resnet34.tv_in1k
layer4.2.conv1,conv,80,512,1,False,512.0,0,7.0,7.0,1024,1241.4204011290688,9.069083607193765,0.01771305392030032,51.15301282014363,0.09990822816434303,3.0923982014978146,0.006039840237300419,2.3523683645433953,10,512,0.8875201886651692,512,102,152,276,420,0.19921875,0.296875,0.5390625,0.8203125,2,timm:resnet34.tv_in1k
layer4.2.conv1,conv,80,512,1,False,512.0,0,7.0,7.0,2560,1254.4307938700745,9.422262604830818,0.018402856650060192,63.067790152466465,0.12317927764153606,3.1352566144763037,0.006123548075149031,1.8789885559538169,10,512,0.8947541866800172,512,140,204,345,470,0.2734375,0.3984375,0.673828125,0.91796875,5,timm:resnet34.tv_in1k
layer4.2.conv1,conv,80,512,1,False,512.0,0,7.0,7.0,5120,1276.1105501935024,9.30680835934691,0.018177360076849433,67.11817647970403,0.13109018843692194,3.108518142185009,0.006071324496455096,1.711018085651827,10,512,0.8909706463738228,512,159,228,370,482,0.310546875,0.4453125,0.72265625,0.94140625,10,timm:resnet34.tv_in1k
layer4.2.conv1,conv,80,512,1,False,512.0,0,7.0,7.0,12800,1293.767692990525,8.733128469517318,0.017056891542026012,66.98910774163093,0.1308381010578729,3.001909537383883,0.005863104565202897,1.6109988711048155,10,512,0.8862849479704578,512,172,243,384,487,0.3359375,0.474609375,0.75,0.951171875,25,timm:resnet34.tv_in1k
layer4.2.conv1,conv,80,512,1,False,512.0,0,7.0,7.0,25600,1284.67224754448,8.869180809876424,0.01732261876928989,69.00759432632367,0.13478045766860092,3.0249985332490033,0.0059082002602519595,1.5761039546784321,10,512,0.8837530872613697,512,177,250,389,489,0.345703125,0.48828125,0.759765625,0.955078125,50,timm:resnet34.tv_in1k
layer4.2.conv1,conv,80,512,1,False,512.0,0,7.0,7.0,51200,1295.286562049567,8.835967156444108,0.017257748352429898,69.4921275650321,0.13572681165045333,3.0180793570733826,0.00589468624428395,1.5607305533547076,10,512,0.8817810250412514,512,180,252,391,489,0.3515625,0.4921875,0.763671875,0.955078125,100,timm:resnet34.tv_in1k
layer4.2.act1,act,81,512,1,False,,0,7.0,7.0,512,2.072776703070726,62.122403793264674,0.12133281990872007,125.97256992399441,0.2460401756328016,12.240290189575477,0.023906816776514603,3.3385907597310416,10,512,0.5374935580803726,473,133,180,276,364,0.259765625,0.3515625,0.5390625,0.7109375,1,timm:resnet34.tv_in1k
layer4.2.act1,act,81,512,1,False,,0,7.0,7.0,1024,2.2910842792784116,75.15283604405771,0.1467828828985502,176.79110742487157,0.3452951316892023,12.475340444869989,0.024365899306386697,1.708145546612502,10,512,0.8643485532772435,512,198,266,392,483,0.38671875,0.51953125,0.765625,0.943359375,2,timm:resnet34.tv_in1k
layer4.2.act1,act,81,512,1,False,,0,7.0,7.0,2560,2.3637795943934785,88.30864696208468,0.17247782609782164,239.9864313289213,0.4687234986892994,12.349405163972438,0.02411993196088367,1.1603350571463995,10,512,0.9078409075320167,512,279,356,463,506,0.544921875,0.6953125,0.904296875,0.98828125,5,timm:resnet34.tv_in1k
layer4.2.act1,act,81,512,1,False,,0,7.0,7.0,5120,2.4323037116300585,97.32821752013157,0.19009417484400698,273.7562485349033,0.534680172919733,12.720606621867265,0.024844934808334503,0.942346781580789,10,512,0.932379985370167,512,323,396,482,509,0.630859375,0.7734375,0.94140625,0.994140625,10,timm:resnet34.tv_in1k
layer4.2.act1,act,81,512,1,False,,0,7.0,7.0,12800,2.4324705144764676,105.78035869001229,0.20660226306643026,300.88794979718347,0.587671776947624,13.166905486836434,0.02571661227897741,0.783674659911916,10,512,0.9546772764139236,512,356,423,491,510,0.6953125,0.826171875,0.958984375,0.99609375,25,timm:resnet34.tv_in1k
layer4.2.act1,act,81,512,1,False,,0,7.0,7.0,25600,2.452847752197665,105.24518269874378,0.20555699745848394,308.8169462953964,0.6031580982331961,12.929255457537217,0.025252452065502376,0.7213562163088034,10,512,0.9667409767151219,512,369,432,494,510,0.720703125,0.84375,0.96484375,0.99609375,50,timm:resnet34.tv_in1k
layer4.2.act1,act,81,512,1,False,,0,7.0,7.0,51200,2.427870767072028,108.944935502496,0.2127830771533125,316.5410726771683,0.6182442825725943,13.195003834342154,0.02577149186394952,0.6835437314486293,10,512,0.9726141444337597,512,377,438,495,511,0.736328125,0.85546875,0.966796875,0.998046875,100,timm:resnet34.tv_in1k
layer4.2.conv2,conv,82,512,1,False,512.0,0,7.0,7.0,512,3.4376939422436554,45.80597646642837,0.08946479778599291,74.0957057265624,0.1447181752471922,17.272055578827242,0.03373448355239696,4.301090228036444,10,512,0.6508872434944658,467,71,103,180,284,0.138671875,0.201171875,0.3515625,0.5546875,1,timm:resnet34.tv_in1k
layer4.2.conv2,conv,82,512,1,False,512.0,0,7.0,7.0,1024,3.6013023909075303,71.48513843556401,0.13961941100696096,113.85530782688637,0.22237364809938745,23.63895630012114,0.0461698365236741,2.8002388664606683,10,512,0.8762415395142468,512,108,150,250,384,0.2109375,0.29296875,0.48828125,0.75,2,timm:resnet34.tv_in1k
layer4.2.conv2,conv,82,512,1,False,512.0,0,7.0,7.0,2560,3.585036215875277,100.93192278269741,0.19713266168495588,163.66883282024673,0.3196656891020444,21.939543426237556,0.042850670754370226,2.2960036639066908,10,512,0.8522578690138173,512,154,204,312,444,0.30078125,0.3984375,0.609375,0.8671875,5,timm:resnet34.tv_in1k
layer4.2.conv2,conv,82,512,1,False,512.0,0,7.0,7.0,5120,3.6993512896572964,121.22598963887663,0.2367695110134309,193.83424273961174,0.3785825053508042,22.943562249797527,0.044811645019135794,2.1081814922316715,10,512,0.8235027408111648,512,180,230,337,460,0.3515625,0.44921875,0.658203125,0.8984375,10,timm:resnet34.tv_in1k
layer4.2.conv2,conv,82,512,1,False,512.0,0,7.0,7.0,12800,3.7432916725285756,138.47592317978138,0.2704607874605105,217.8348466996568,0.4254586849602672,23.38022528039554,0.04566450250077254,1.98518516937096,10,512,0.7957870688148327,512,197,247,353,468,0.384765625,0.482421875,0.689453125,0.9140625,25,timm:resnet34.tv_in1k
layer4.2.conv2,conv,82,512,1,False,512.0,0,7.0,7.0,25600,3.763496240391443,145.81189365419962,0.28478885479335864,227.12638015337188,0.44360621123705446,23.735584993739394,0.046358564440897254,1.9392250136986378,10,512,0.7836986629050217,512,203,252,358,471,0.396484375,0.4921875,0.69921875,0.919921875,50,timm:resnet34.tv_in1k
layer4.2.conv2,conv,82,512,1,False,512.0,0,7.0,7.0,51200,3.772931889464346,151.0988231994101,0.29511488906134786,232.69037956919666,0.45447339759608724,24.26016041523563,0.04738312581100709,1.9159955764205325,10,512,0.7763328116329389,512,206,255,360,472,0.40234375,0.498046875,0.703125,0.921875,100,timm:resnet34.tv_in1k
layer4.2.act2,act,83,512,1,False,,0,7.0,7.0,512,1070.8933550403399,51.20740949800737,0.10001447167579565,92.50431709296392,0.18067249432219515,13.510810888571761,0.02638830251674172,3.5607579549165327,10,512,0.569207878570122,478,95,139,242,353,0.185546875,0.271484375,0.47265625,0.689453125,1,timm:resnet34.tv_in1k
layer4.2.act2,act,83,512,1,False,,0,7.0,7.0,1024,1173.793451132439,66.14286143535527,0.12918527624092827,130.14464091469685,0.2541887517865173,13.541060091754497,0.026447382991708002,2.0867992287940025,10,512,0.9126149255640894,512,136,197,337,463,0.265625,0.384765625,0.658203125,0.904296875,2,timm:resnet34.tv_in1k
layer4.2.act2,act,83,512,1,False,,0,7.0,7.0,2560,1187.8883461339815,80.08516120792324,0.15641633048422507,184.06565311559407,0.3595032287413947,12.630384012559096,0.024668718774529485,1.5924922990870731,10,512,0.9214224875964927,512,198,274,419,498,0.38671875,0.53515625,0.818359375,0.97265625,5,timm:resnet34.tv_in1k
layer4.2.act2,act,83,512,1,False,,0,7.0,7.0,5120,1215.1651419149628,86.85654220988448,0.16964168400368063,212.81016719429513,0.4156448578013577,12.576621714103801,0.024563714285358987,1.3882732913467486,10,512,0.919426527240673,512,232,312,447,504,0.453125,0.609375,0.873046875,0.984375,10,timm:resnet34.tv_in1k
layer4.2.act2,act,83,512,1,False,,0,7.0,7.0,12800,1202.2117735753,94.63863331912142,0.18484108070140903,238.11505835448557,0.4650684733486046,12.831987626735959,0.02506247583346867,1.2424410494080047,10,512,0.9146434933496264,512,258,341,464,507,0.50390625,0.666015625,0.90625,0.990234375,25,timm:resnet34.tv_in1k
layer4.2.act2,act,83,512,1,False,,0,7.0,7.0,25600,1207.4146442485965,96.059886549621,0.1876169659172285,246.5112805214942,0.48146734476854336,12.762018090327965,0.024925816582671807,1.1899939870062504,10,512,0.9116866691518825,512,266,351,470,508,0.51953125,0.685546875,0.91796875,0.9921875,50,timm:resnet34.tv_in1k
layer4.2.act2,act,83,512,1,False,,0,7.0,7.0,51200,1210.7510101825192,98.4724934595056,0.19232908878809687,252.3019323921926,0.4927772117035012,12.90186891375187,0.02519896272217162,1.1616876441059893,10,512,0.9096113708932213,512,271,357,473,508,0.529296875,0.697265625,0.923828125,0.9921875,100,timm:resnet34.tv_in1k
layer4.2,block,84,512,1,False,,0,7.0,7.0,512,1099.0519388989833,52.269318761213114,0.10208851320549436,92.22786891627115,0.1801325564770921,14.668739723143833,0.0286498822717653,3.6663628286077303,10,512,0.5594333520968195,469,94,136,238,345,0.18359375,0.265625,0.46484375,0.673828125,1,timm:resnet34.tv_in1k
layer4.2,block,84,512,1,False,,0,7.0,7.0,1024,1193.3870609646115,65.66186883273123,0.12824583756392818,130.1484309562982,0.2541961542115199,13.330579265505577,0.02603628762794058,2.090844402575631,10,512,0.9123995708568613,512,137,197,336,462,0.267578125,0.384765625,0.65625,0.90234375,2,timm:resnet34.tv_in1k
layer4.2,block,84,512,1,False,,0,7.0,7.0,2560,1181.9931771016732,79.16172441990291,0.15461274300762287,183.3577233682466,0.35812055345360666,12.479099082103856,0.024373240394734094,1.5928775486961326,10,512,0.9219245407009875,512,198,274,419,498,0.38671875,0.53515625,0.818359375,0.97265625,5,timm:resnet34.tv_in1k
layer4.2,block,84,512,1,False,,0,7.0,7.0,5120,1202.6655910246377,87.62123542737253,0.17113522544408696,213.69876476333576,0.41738039992839016,12.667833571597333,0.02474186244452604,1.3853044308347422,10,512,0.9191510097677598,512,233,313,447,504,0.455078125,0.611328125,0.873046875,0.984375,10,timm:resnet34.tv_in1k
layer4.2,block,84,512,1,False,,0,7.0,7.0,12800,1199.8415327096461,95.9184915912042,0.1873408038890707,239.23053209053788,0.4672471329893318,12.959914868585168,0.025312333727705406,1.242511354688527,10,512,0.9146811745824797,512,258,342,464,507,0.50390625,0.66796875,0.90625,0.990234375,25,timm:resnet34.tv_in1k
layer4.2,block,84,512,1,False,,0,7.0,7.0,25600,1200.5171317828976,98.31268306485516,0.19201695911104524,248.2523541366151,0.4848678791730764,13.002396288978002,0.02539530525191016,1.1894223675698965,10,512,0.9117572969777502,512,267,352,470,508,0.521484375,0.6875,0.91796875,0.9921875,50,timm:resnet34.tv_in1k
layer4.2,block,84,512,1,False,,0,7.0,7.0,51200,1205.2581510410062,100.31256051570607,0.1959229697572384,253.54284358246295,0.49520086637199795,13.107102794292961,0.02559981014510344,1.1614071289910106,10,512,0.9094885377828908,512,272,357,473,508,0.53125,0.697265625,0.923828125,0.9921875,100,timm:resnet34.tv_in1k
fc,linear,85,1000,1,False,,0,,,1024,5839.924461534585,24.055417595872782,0.024055417595872784,65.66594544683517,0.06566594544683517,6.84416349853996,0.0068441634985399605,6.614329546595911,10,1000,0.6740565445145588,753,93,131,211,324,0.093,0.131,0.211,0.324,1,timm:resnet34.tv_in1k
fc,linear,85,1000,1,False,,0,,,2016,5843.766145921181,24.560670562812717,0.024560670562812716,67.96349623946621,0.06796349623946621,7.045770971593037,0.007045770971593038,6.699107943267667,10,1000,0.6531908898133745,753,97,137,219,339,0.097,0.137,0.219,0.339,2,timm:resnet34.tv_in1k
fc,linear,85,1000,1,False,,0,,,5024,5899.694930284365,24.776932502670093,0.02477693250267009,69.28871491418407,0.06928871491418406,7.1600047263085616,0.007160004726308561,6.8506495804328225,10,1000,0.6383265764549411,751,101,141,224,348,0.101,0.141,0.224,0.348,5,timm:resnet34.tv_in1k
