vgg16_bn_ruler_s0_epoch_000 (../results/a18/vgg16_bn_ruler_s0/epoch_000.pt): 13 dense conv layers, 95s
vgg16_bn_ruler_s2_epoch_000 (../results/a18/vgg16_bn_ruler_s2/epoch_000.pt): 13 dense conv layers, 95s
vgg16_bn_ruler_s1_epoch_000 (../results/a18/vgg16_bn_ruler_s1/epoch_000.pt): 13 dense conv layers, 96s
      layer    d  C_out    n_over_d  out_0.95  kernel_0.95  data_0.95  ortho_0.95  kernel_erank_over_rmax
 features.0   27     14 5925.925926  0.357143     0.785714   0.357143    0.357143                0.770232
 features.3  126     47 1269.841270  0.361702     0.829787   0.553191    0.425532                0.828567
 features.7  423    107  378.250591  0.439252     0.869159   0.906542    0.485981                0.882046
features.10  963    121  166.147456  0.561983     0.900826   1.000000    0.603306                0.938478
features.14 1089    238  146.923783  0.474790     0.873950   1.000000    0.533613                0.896401
features.17 2142    247   74.696545  0.485830     0.902834   1.000000    0.522267                0.943745
features.20 2223    249   71.974809  0.497992     0.907631   1.000000    0.526104                0.945849
features.24 2241    456   71.396698  0.260965     0.875000   0.695175    0.296053                0.902957
features.27 4104    376   38.986355  0.255319     0.912234   0.704787    0.273936                0.955327
features.30 3384    261   47.281324  0.252874     0.915709   0.881226    0.272031                0.961903
features.34 2349     40   17.028523  0.250000     0.950000   0.525000    0.250000                0.991459
features.37  360     40  111.111111  0.100000     0.925000   0.125000    0.125000                0.945799
features.40  360     40  111.111111  0.100000     0.925000   0.100000    0.100000                0.947734
Proposition 1 check: Ostrowski ratios within [s_min^2, s_max^2] on 13/13 layers; k*_out(tau) <= k*_ortho(tau') on tau=0.9: 13/13, tau=0.95: 13/13, tau=0.99: 13/13, tau=0.999: 13/13;  kappa median 2.0, max 4.7;  lower bound k*_out(tau) >= k*_ortho(tau'') on tau=0.9: 13/13, tau=0.95: 13/13, tau=0.99: 13/13, tau=0.999: 13/13
wrote ../results/a18/decompose/vgg16_bn_ruler_s2_epoch_000_decompose.csv
      layer    d  C_out    n_over_d  out_0.95  kernel_0.95  data_0.95  ortho_0.95  kernel_erank_over_rmax
 features.0   27     14 5925.925926  0.285714     0.785714   0.357143    0.357143                0.747805
 features.3  126     47 1269.841270  0.297872     0.829787   0.446809    0.319149                0.825370
 features.7  423    107  378.250591  0.308411     0.859813   0.523364    0.327103                0.881494
features.10  963    121  166.147456  0.495868     0.900826   1.000000    0.520661                0.938289
features.14 1089    238  146.923783  0.432773     0.869748   1.000000    0.491597                0.895742
features.17 2142    247   74.696545  0.534413     0.902834   1.000000    0.566802                0.943446
features.20 2223    249   71.974809  0.570281     0.903614   1.000000    0.610442                0.945830
features.24 2241    456   71.396698  0.368421     0.875000   1.000000    0.425439                0.902918
features.27 4104    376   38.986355  0.375000     0.912234   1.000000    0.398936                0.955173
features.30 3384    261   47.281324  0.413793     0.915709   1.000000    0.436782                0.962041
features.34 2349     40   17.028523  0.325000     0.950000   1.000000    0.325000                0.992168
features.37  360     40  111.111111  0.175000     0.925000   0.525000    0.175000                0.947942
features.40  360     40  111.111111  0.125000     0.925000   0.275000    0.150000                0.944227
      layer    d  C_out    n_over_d  out_0.95  kernel_0.95  data_0.95  ortho_0.95  kernel_erank_over_rmax
 features.0   27     14 5925.925926  0.357143     0.785714   0.357143    0.285714                0.776919
 features.3  126     47 1269.841270  0.361702     0.829787   0.617021    0.425532                0.831789
 features.7  423    107  378.250591  0.429907     0.869159   1.000000    0.485981                0.880377
features.10  963    121  166.147456  0.545455     0.900826   1.000000    0.578512                0.940372
features.14 1089    238  146.923783  0.436975     0.869748   1.000000    0.491597                0.895624
features.17 2142    247   74.696545  0.473684     0.902834   1.000000    0.506073                0.943418
features.20 2223    249   71.974809  0.493976     0.903614   1.000000    0.530120                0.945345
features.24 2241    456   71.396698  0.245614     0.877193   0.600877    0.267544                0.903154
features.27 4104    376   38.986355  0.236702     0.912234   0.577128    0.250000                0.955264
features.30 3384    261   47.281324  0.268199     0.915709   0.770115    0.279693                0.962336
features.34 2349     40   17.028523  0.350000     0.950000   0.725000    0.350000                0.991438
features.37  360     40  111.111111  0.125000     0.925000   0.225000    0.125000                0.946760
features.40  360     40  111.111111  0.100000     0.925000   0.100000    0.100000                0.946410
Proposition 1 check: Ostrowski ratios within [s_min^2, s_max^2] on 13/13 layers; k*_out(tau) <= k*_ortho(tau') on tau=0.9: 13/13, tau=0.95: 13/13, tau=0.99: 13/13, tau=0.999: 13/13;  kappa median 2.0, max 4.9;  lower bound k*_out(tau) >= k*_ortho(tau'') on tau=0.9: 13/13, tau=0.95: 13/13, tau=0.99: 13/13, tau=0.999: 13/13
wrote ../results/a18/decompose/vgg16_bn_ruler_s0_epoch_000_decompose.csv
Proposition 1 check: Ostrowski ratios within [s_min^2, s_max^2] on 13/13 layers; k*_out(tau) <= k*_ortho(tau') on tau=0.9: 13/13, tau=0.95: 13/13, tau=0.99: 13/13, tau=0.999: 13/13;  kappa median 2.0, max 4.3;  lower bound k*_out(tau) >= k*_ortho(tau'') on tau=0.9: 13/13, tau=0.95: 13/13, tau=0.99: 13/13, tau=0.999: 13/13
wrote ../results/a18/decompose/vgg16_bn_ruler_s1_epoch_000_decompose.csv
vgg16_bn_ruler_s2_epoch_001 (../results/a18/vgg16_bn_ruler_s2/epoch_001.pt): 13 dense conv layers, 541s
vgg16_bn_ruler_s1_epoch_001 (../results/a18/vgg16_bn_ruler_s1/epoch_001.pt): 13 dense conv layers, 537s
vgg16_bn_ruler_s0_epoch_001 (../results/a18/vgg16_bn_ruler_s0/epoch_001.pt): 13 dense conv layers, 546s
      layer    d  C_out    n_over_d  out_0.95  kernel_0.95  data_0.95  ortho_0.95  kernel_erank_over_rmax
 features.0   27     14 5925.925926  0.357143     0.785714   0.357143    0.428571                0.767072
 features.3  126     47 1269.841270  0.382979     0.829787   0.787234    0.468085                0.819853
 features.7  423    107  378.250591  0.457944     0.859813   1.000000    0.560748                0.878998
features.10  963    121  166.147456  0.619835     0.900826   1.000000    0.685950                0.938340
features.14 1089    238  146.923783  0.495798     0.873950   1.000000    0.621849                0.894453
features.17 2142    247   74.696545  0.611336     0.902834   1.000000    0.680162                0.943214
features.20 2223    249   71.974809  0.662651     0.903614   1.000000    0.722892                0.945694
features.24 2241    456   71.396698  0.416667     0.875000   1.000000    0.559211                0.901905
features.27 4104    376   38.986355  0.481383     0.912234   1.000000    0.542553                0.955118
features.30 3384    261   47.281324  0.513410     0.915709   1.000000    0.563218                0.961793
features.34 2349     40   17.028523  0.450000     0.950000   1.000000    0.450000                0.991471
features.37  360     40  111.111111  0.475000     0.925000   1.000000    0.525000                0.945761
features.40  360     40  111.111111  0.525000     0.925000   1.000000    0.550000                0.947678
Proposition 1 check: Ostrowski ratios within [s_min^2, s_max^2] on 13/13 layers; k*_out(tau) <= k*_ortho(tau') on tau=0.9: 13/13, tau=0.95: 13/13, tau=0.99: 13/13, tau=0.999: 13/13;  kappa median 2.0, max 5.5;  lower bound k*_out(tau) >= k*_ortho(tau'') on tau=0.9: 13/13, tau=0.95: 13/13, tau=0.99: 13/13, tau=0.999: 13/13
wrote ../results/a18/decompose/vgg16_bn_ruler_s2_epoch_001_decompose.csv
      layer    d  C_out    n_over_d  out_0.95  kernel_0.95  data_0.95  ortho_0.95  kernel_erank_over_rmax
 features.0   27     14 5925.925926  0.357143     0.785714   0.357143    0.428571                0.776685
 features.3  126     47 1269.841270  0.361702     0.829787   0.744681    0.468085                0.814121
 features.7  423    107  378.250591  0.420561     0.859813   1.000000    0.532710                0.878296
features.10  963    121  166.147456  0.611570     0.900826   1.000000    0.669421                0.938015
features.14 1089    238  146.923783  0.495798     0.869748   1.000000    0.626050                0.893477
features.17 2142    247   74.696545  0.619433     0.902834   1.000000    0.688259                0.942969
features.20 2223    249   71.974809  0.662651     0.903614   1.000000    0.726908                0.945470
features.24 2241    456   71.396698  0.432018     0.875000   1.000000    0.574561                0.901911
features.27 4104    376   38.986355  0.502660     0.912234   1.000000    0.563830                0.955000
features.30 3384    261   47.281324  0.536398     0.915709   1.000000    0.582375                0.961903
features.34 2349     40   17.028523  0.500000     0.950000   1.000000    0.500000                0.992170
features.37  360     40  111.111111  0.450000     0.925000   1.000000    0.475000                0.948693
features.40  360     40  111.111111  0.500000     0.925000   1.000000    0.525000                0.945178
Proposition 1 check: Ostrowski ratios within [s_min^2, s_max^2] on 13/13 layers; k*_out(tau) <= k*_ortho(tau') on tau=0.9: 13/13, tau=0.95: 13/13, tau=0.99: 13/13, tau=0.999: 13/13;  kappa median 2.0, max 5.7;  lower bound k*_out(tau) >= k*_ortho(tau'') on tau=0.9: 13/13, tau=0.95: 13/13, tau=0.99: 13/13, tau=0.999: 13/13
wrote ../results/a18/decompose/vgg16_bn_ruler_s0_epoch_001_decompose.csv
      layer    d  C_out    n_over_d  out_0.95  kernel_0.95  data_0.95  ortho_0.95  kernel_erank_over_rmax
 features.0   27     14 5925.925926  0.428571     0.785714   0.357143    0.428571                0.764689
 features.3  126     47 1269.841270  0.404255     0.829787   0.893617    0.531915                0.823564
 features.7  423    107  378.250591  0.457944     0.859813   1.000000    0.570093                0.875974
features.10  963    121  166.147456  0.636364     0.900826   1.000000    0.702479                0.939539
features.14 1089    238  146.923783  0.521008     0.869748   1.000000    0.655462                0.893447
features.17 2142    247   74.696545  0.643725     0.902834   1.000000    0.712551                0.943119
features.20 2223    249   71.974809  0.690763     0.903614   1.000000    0.755020                0.945004
features.24 2241    456   71.396698  0.458333     0.877193   1.000000    0.600877                0.902385
features.27 4104    376   38.986355  0.515957     0.912234   1.000000    0.577128                0.955170
features.30 3384    261   47.281324  0.524904     0.915709   1.000000    0.578544                0.962259
features.34 2349     40   17.028523  0.475000     0.950000   1.000000    0.500000                0.991433
features.37  360     40  111.111111  0.475000     0.925000   1.000000    0.500000                0.946631
features.40  360     40  111.111111  0.500000     0.925000   1.000000    0.525000                0.947195
Proposition 1 check: Ostrowski ratios within [s_min^2, s_max^2] on 13/13 layers; k*_out(tau) <= k*_ortho(tau') on tau=0.9: 13/13, tau=0.95: 13/13, tau=0.99: 13/13, tau=0.999: 13/13;  kappa median 2.0, max 6.9;  lower bound k*_out(tau) >= k*_ortho(tau'') on tau=0.9: 13/13, tau=0.95: 13/13, tau=0.99: 13/13, tau=0.999: 13/13
wrote ../results/a18/decompose/vgg16_bn_ruler_s1_epoch_001_decompose.csv
vgg16_bn_ruler_s2_epoch_002 (../results/a18/vgg16_bn_ruler_s2/epoch_002.pt): 13 dense conv layers, 516s
vgg16_bn_ruler_s0_epoch_002 (../results/a18/vgg16_bn_ruler_s0/epoch_002.pt): 13 dense conv layers, 518s
vgg16_bn_ruler_s1_epoch_002 (../results/a18/vgg16_bn_ruler_s1/epoch_002.pt): 13 dense conv layers, 517s
      layer    d  C_out    n_over_d  out_0.95  kernel_0.95  data_0.95  ortho_0.95  kernel_erank_over_rmax
 features.0   27     14 5925.925926  0.428571     0.785714   0.357143    0.428571                0.751397
 features.3  126     47 1269.841270  0.404255     0.808511   0.829787    0.531915                0.795482
 features.7  423    107  378.250591  0.457944     0.859813   1.000000    0.588785                0.871114
features.10  963    121  166.147456  0.611570     0.900826   1.000000    0.685950                0.936215
features.14 1089    238  146.923783  0.474790     0.869748   1.000000    0.621849                0.889962
features.17 2142    247   74.696545  0.603239     0.902834   1.000000    0.684211                0.942106
features.20 2223    249   71.974809  0.650602     0.903614   1.000000    0.722892                0.944816
features.24 2241    456   71.396698  0.427632     0.875000   1.000000    0.576754                0.900866
features.27 4104    376   38.986355  0.486702     0.912234   1.000000    0.555851                0.954731
features.30 3384    261   47.281324  0.517241     0.915709   1.000000    0.567050                0.961826
features.34 2349     40   17.028523  0.475000     0.950000   1.000000    0.500000                0.992173
features.37  360     40  111.111111  0.475000     0.925000   1.000000    0.500000                0.948588
features.40  360     40  111.111111  0.525000     0.925000   1.000000    0.525000                0.944672
Proposition 1 check: Ostrowski ratios within [s_min^2, s_max^2] on 13/13 layers; k*_out(tau) <= k*_ortho(tau') on tau=0.9: 13/13, tau=0.95: 13/13, tau=0.99: 13/13, tau=0.999: 13/13;  kappa median 2.0, max 4.7;  lower bound k*_out(tau) >= k*_ortho(tau'') on tau=0.9: 13/13, tau=0.95: 13/13, tau=0.99: 13/13, tau=0.999: 13/13
wrote ../results/a18/decompose/vgg16_bn_ruler_s0_epoch_002_decompose.csv
      layer    d  C_out    n_over_d  out_0.95  kernel_0.95  data_0.95  ortho_0.95  kernel_erank_over_rmax
 features.0   27     14 5925.925926  0.428571     0.785714   0.357143    0.428571                0.736645
 features.3  126     47 1269.841270  0.404255     0.829787   0.957447    0.531915                0.805627
 features.7  423    107  378.250591  0.439252     0.859813   1.000000    0.570093                0.868546
features.10  963    121  166.147456  0.603306     0.900826   1.000000    0.685950                0.937334
features.14 1089    238  146.923783  0.470588     0.869748   1.000000    0.621849                0.890209
features.17 2142    247   74.696545  0.599190     0.902834   1.000000    0.676113                0.942117
features.20 2223    249   71.974809  0.658635     0.903614   1.000000    0.726908                0.944259
features.24 2241    456   71.396698  0.427632     0.875000   1.000000    0.576754                0.901201
features.27 4104    376   38.986355  0.502660     0.912234   1.000000    0.569149                0.954935
features.30 3384    261   47.281324  0.524904     0.915709   1.000000    0.578544                0.962105
features.34 2349     40   17.028523  0.500000     0.950000   1.000000    0.525000                0.991422
features.37  360     40  111.111111  0.500000     0.925000   1.000000    0.525000                0.946249
features.40  360     40  111.111111  0.550000     0.925000   1.000000    0.575000                0.947501
Proposition 1 check: Ostrowski ratios within [s_min^2, s_max^2] on 13/13 layers; k*_out(tau) <= k*_ortho(tau') on tau=0.9: 13/13, tau=0.95: 13/13, tau=0.99: 13/13, tau=0.999: 13/13;  kappa median 2.1, max 6.4;  lower bound k*_out(tau) >= k*_ortho(tau'') on tau=0.9: 13/13, tau=0.95: 13/13, tau=0.99: 13/13, tau=0.999: 13/13
wrote ../results/a18/decompose/vgg16_bn_ruler_s1_epoch_002_decompose.csv
      layer    d  C_out    n_over_d  out_0.95  kernel_0.95  data_0.95  ortho_0.95  kernel_erank_over_rmax
 features.0   27     14 5925.925926  0.428571     0.785714   0.357143    0.428571                0.743749
 features.3  126     47 1269.841270  0.404255     0.829787   0.914894    0.531915                0.801659
 features.7  423    107  378.250591  0.448598     0.859813   1.000000    0.579439                0.871559
features.10  963    121  166.147456  0.595041     0.900826   1.000000    0.677686                0.936540
features.14 1089    238  146.923783  0.474790     0.869748   1.000000    0.617647                0.891409
features.17 2142    247   74.696545  0.591093     0.902834   1.000000    0.676113                0.942216
features.20 2223    249   71.974809  0.650602     0.903614   1.000000    0.718876                0.945139
features.24 2241    456   71.396698  0.421053     0.875000   1.000000    0.574561                0.900847
features.27 4104    376   38.986355  0.486702     0.912234   1.000000    0.555851                0.954853
features.30 3384    261   47.281324  0.509579     0.915709   1.000000    0.563218                0.961692
features.34 2349     40   17.028523  0.475000     0.950000   1.000000    0.500000                0.991487
features.37  360     40  111.111111  0.500000     0.925000   1.000000    0.550000                0.944947
features.40  360     40  111.111111  0.525000     0.925000   1.000000    0.575000                0.946973
Proposition 1 check: Ostrowski ratios within [s_min^2, s_max^2] on 13/13 layers; k*_out(tau) <= k*_ortho(tau') on tau=0.9: 13/13, tau=0.95: 13/13, tau=0.99: 13/13, tau=0.999: 13/13;  kappa median 2.0, max 5.4;  lower bound k*_out(tau) >= k*_ortho(tau'') on tau=0.9: 13/13, tau=0.95: 13/13, tau=0.99: 13/13, tau=0.999: 13/13
wrote ../results/a18/decompose/vgg16_bn_ruler_s2_epoch_002_decompose.csv
vgg16_bn_ruler_s0_epoch_003 (../results/a18/vgg16_bn_ruler_s0/epoch_003.pt): 13 dense conv layers, 253s
vgg16_bn_ruler_s1_epoch_003 (../results/a18/vgg16_bn_ruler_s1/epoch_003.pt): 13 dense conv layers, 246s
vgg16_bn_ruler_s2_epoch_003 (../results/a18/vgg16_bn_ruler_s2/epoch_003.pt): 13 dense conv layers, 234s
      layer    d  C_out    n_over_d  out_0.95  kernel_0.95  data_0.95  ortho_0.95  kernel_erank_over_rmax
 features.0   27     14 5925.925926  0.500000     0.785714   0.357143    0.500000                0.731585
 features.3  126     47 1269.841270  0.382979     0.808511   0.872340    0.531915                0.773431
 features.7  423    107  378.250591  0.439252     0.859813   1.000000    0.588785                0.860739
features.10  963    121  166.147456  0.578512     0.900826   1.000000    0.677686                0.933546
features.14 1089    238  146.923783  0.428571     0.869748   1.000000    0.596639                0.885025
features.17 2142    247   74.696545  0.562753     0.902834   1.000000    0.651822                0.940830
features.20 2223    249   71.974809  0.606426     0.903614   1.000000    0.690763                0.943687
features.24 2241    456   71.396698  0.407895     0.875000   1.000000    0.559211                0.899110
features.27 4104    376   38.986355  0.486702     0.912234   1.000000    0.561170                0.954282
features.30 3384    261   47.281324  0.513410     0.915709   1.000000    0.570881                0.961539
features.34 2349     40   17.028523  0.525000     0.950000   1.000000    0.525000                0.992177
features.37  360     40  111.111111  0.500000     0.925000   1.000000    0.525000                0.948288
features.40  360     40  111.111111  0.525000     0.925000   1.000000    0.550000                0.944222
Proposition 1 check: Ostrowski ratios within [s_min^2, s_max^2] on 13/13 layers; k*_out(tau) <= k*_ortho(tau') on tau=0.9: 13/13, tau=0.95: 13/13, tau=0.99: 13/13, tau=0.999: 13/13;  kappa median 2.1, max 4.7;  lower bound k*_out(tau) >= k*_ortho(tau'') on tau=0.9: 13/13, tau=0.95: 13/13, tau=0.99: 13/13, tau=0.999: 13/13
wrote ../results/a18/decompose/vgg16_bn_ruler_s0_epoch_003_decompose.csv
      layer    d  C_out    n_over_d  out_0.95  kernel_0.95  data_0.95  ortho_0.95  kernel_erank_over_rmax
 features.0   27     14 5925.925926  0.428571     0.785714   0.357143    0.500000                0.712972
 features.3  126     47 1269.841270  0.382979     0.808511   1.000000    0.531915                0.787253
 features.7  423    107  378.250591  0.439252     0.859813   1.000000    0.579439                0.858640
features.10  963    121  166.147456  0.578512     0.900826   1.000000    0.669421                0.934305
features.14 1089    238  146.923783  0.424370     0.869748   1.000000    0.596639                0.885614
features.17 2142    247   74.696545  0.558704     0.902834   1.000000    0.647773                0.940720
features.20 2223    249   71.974809  0.610442     0.903614   1.000000    0.694779                0.943077
features.24 2241    456   71.396698  0.401316     0.875000   1.000000    0.552632                0.899444
features.27 4104    376   38.986355  0.486702     0.912234   1.000000    0.555851                0.954598
features.30 3384    261   47.281324  0.501916     0.915709   1.000000    0.563218                0.961772
features.34 2349     40   17.028523  0.550000     0.950000   1.000000    0.550000                0.991372
features.37  360     40  111.111111  0.525000     0.925000   1.000000    0.575000                0.945840
features.40  360     40  111.111111  0.550000     0.925000   1.000000    0.575000                0.947243
Proposition 1 check: Ostrowski ratios within [s_min^2, s_max^2] on 13/13 layers; k*_out(tau) <= k*_ortho(tau') on tau=0.9: 13/13, tau=0.95: 13/13, tau=0.99: 13/13, tau=0.999: 13/13;  kappa median 2.1, max 6.4;  lower bound k*_out(tau) >= k*_ortho(tau'') on tau=0.9: 13/13, tau=0.95: 13/13, tau=0.99: 13/13, tau=0.999: 13/13
wrote ../results/a18/decompose/vgg16_bn_ruler_s1_epoch_003_decompose.csv
      layer    d  C_out    n_over_d  out_0.95  kernel_0.95  data_0.95  ortho_0.95  kernel_erank_over_rmax
 features.0   27     14 5925.925926  0.500000     0.785714   0.357143    0.428571                0.718090
 features.3  126     47 1269.841270  0.382979     0.808511   0.936170    0.510638                0.778634
 features.7  423    107  378.250591  0.439252     0.859813   1.000000    0.579439                0.860890
features.10  963    121  166.147456  0.570248     0.900826   1.000000    0.669421                0.934275
features.14 1089    238  146.923783  0.428571     0.869748   1.000000    0.588235                0.886598
features.17 2142    247   74.696545  0.554656     0.902834   1.000000    0.651822                0.940830
features.20 2223    249   71.974809  0.610442     0.903614   1.000000    0.690763                0.944115
features.24 2241    456   71.396698  0.403509     0.875000   1.000000    0.557018                0.899088
features.27 4104    376   38.986355  0.484043     0.912234   1.000000    0.558511                0.954456
features.30 3384    261   47.281324  0.494253     0.915709   1.000000    0.551724                0.961381
features.34 2349     40   17.028523  0.500000     0.950000   1.000000    0.525000                0.991523
features.37  360     40  111.111111  0.500000     0.925000   1.000000    0.550000                0.944776
features.40  360     40  111.111111  0.525000     0.925000   1.000000    0.575000                0.946686
Proposition 1 check: Ostrowski ratios within [s_min^2, s_max^2] on 13/13 layers; k*_out(tau) <= k*_ortho(tau') on tau=0.9: 13/13, tau=0.95: 13/13, tau=0.99: 13/13, tau=0.999: 13/13;  kappa median 2.1, max 5.6;  lower bound k*_out(tau) >= k*_ortho(tau'') on tau=0.9: 13/13, tau=0.95: 13/13, tau=0.99: 13/13, tau=0.999: 13/13
wrote ../results/a18/decompose/vgg16_bn_ruler_s2_epoch_003_decompose.csv
vgg16_bn_ruler_s0_epoch_005 (../results/a18/vgg16_bn_ruler_s0/epoch_005.pt): 13 dense conv layers, 95s
vgg16_bn_ruler_s1_epoch_005 (../results/a18/vgg16_bn_ruler_s1/epoch_005.pt): 13 dense conv layers, 96s
vgg16_bn_ruler_s2_epoch_005 (../results/a18/vgg16_bn_ruler_s2/epoch_005.pt): 13 dense conv layers, 95s
      layer    d  C_out    n_over_d  out_0.95  kernel_0.95  data_0.95  ortho_0.95  kernel_erank_over_rmax
 features.0   27     14 5925.925926  0.500000     0.785714   0.357143    0.500000                0.693721
 features.3  126     47 1269.841270  0.340426     0.787234   0.808511    0.510638                0.733730
 features.7  423    107  378.250591  0.392523     0.850467   1.000000    0.579439                0.828890
features.10  963    121  166.147456  0.504132     0.900826   1.000000    0.636364                0.923388
features.14 1089    238  146.923783  0.369748     0.865546   1.000000    0.571429                0.867735
features.17 2142    247   74.696545  0.510121     0.902834   1.000000    0.631579                0.935196
features.20 2223    249   71.974809  0.554217     0.903614   1.000000    0.662651                0.938976
features.24 2241    456   71.396698  0.383772     0.872807   1.000000    0.548246                0.891875
features.27 4104    376   38.986355  0.484043     0.909574   1.000000    0.571809                0.952620
features.30 3384    261   47.281324  0.505747     0.915709   1.000000    0.574713                0.960459
features.34 2349     40   17.028523  0.575000     0.950000   1.000000    0.575000                0.992132
features.37  360     40  111.111111  0.525000     0.925000   1.000000    0.575000                0.945321
features.40  360     40  111.111111  0.550000     0.925000   1.000000    0.575000                0.942173
Proposition 1 check: Ostrowski ratios within [s_min^2, s_max^2] on 13/13 layers; k*_out(tau) <= k*_ortho(tau') on tau=0.9: 13/13, tau=0.95: 13/13, tau=0.99: 13/13, tau=0.999: 13/13;  kappa median 2.2, max 5.1;  lower bound k*_out(tau) >= k*_ortho(tau'') on tau=0.9: 13/13, tau=0.95: 13/13, tau=0.99: 13/13, tau=0.999: 13/13
wrote ../results/a18/decompose/vgg16_bn_ruler_s0_epoch_005_decompose.csv
      layer    d  C_out    n_over_d  out_0.95  kernel_0.95  data_0.95  ortho_0.95  kernel_erank_over_rmax
 features.0   27     14 5925.925926  0.500000     0.785714   0.357143    0.500000                0.687582
 features.3  126     47 1269.841270  0.361702     0.787234   0.914894    0.510638                0.741039
 features.7  423    107  378.250591  0.401869     0.850467   1.000000    0.579439                0.829443
features.10  963    121  166.147456  0.520661     0.900826   1.000000    0.644628                0.924225
features.14 1089    238  146.923783  0.373950     0.865546   1.000000    0.575630                0.868379
features.17 2142    247   74.696545  0.514170     0.902834   1.000000    0.631579                0.934785
features.20 2223    249   71.974809  0.562249     0.903614   1.000000    0.666667                0.938490
features.24 2241    456   71.396698  0.368421     0.872807   1.000000    0.537281                0.892491
features.27 4104    376   38.986355  0.460106     0.909574   1.000000    0.545213                0.953076
features.30 3384    261   47.281324  0.444444     0.915709   1.000000    0.517241                0.960850
features.34 2349     40   17.028523  0.525000     0.950000   1.000000    0.525000                0.991311
features.37  360     40  111.111111  0.500000     0.900000   1.000000    0.550000                0.942777
features.40  360     40  111.111111  0.525000     0.925000   0.975000    0.550000                0.945549
Proposition 1 check: Ostrowski ratios within [s_min^2, s_max^2] on 13/13 layers; k*_out(tau) <= k*_ortho(tau') on tau=0.9: 13/13, tau=0.95: 13/13, tau=0.99: 13/13, tau=0.999: 13/13;  kappa median 2.3, max 6.5;  lower bound k*_out(tau) >= k*_ortho(tau'') on tau=0.9: 13/13, tau=0.95: 13/13, tau=0.99: 13/13, tau=0.999: 13/13
wrote ../results/a18/decompose/vgg16_bn_ruler_s1_epoch_005_decompose.csv
      layer    d  C_out    n_over_d  out_0.95  kernel_0.95  data_0.95  ortho_0.95  kernel_erank_over_rmax
 features.0   27     14 5925.925926  0.500000     0.714286   0.357143    0.500000                0.688412
 features.3  126     47 1269.841270  0.340426     0.808511   0.872340    0.489362                0.728342
 features.7  423    107  378.250591  0.373832     0.850467   1.000000    0.560748                0.828782
features.10  963    121  166.147456  0.479339     0.900826   1.000000    0.611570                0.924082
features.14 1089    238  146.923783  0.357143     0.865546   1.000000    0.550420                0.868979
features.17 2142    247   74.696545  0.497976     0.902834   1.000000    0.619433                0.935171
features.20 2223    249   71.974809  0.550201     0.903614   1.000000    0.654618                0.939687
features.24 2241    456   71.396698  0.361842     0.872807   1.000000    0.532895                0.891971
features.27 4104    376   38.986355  0.433511     0.909574   1.000000    0.523936                0.952864
features.30 3384    261   47.281324  0.436782     0.915709   1.000000    0.509579                0.960281
features.34 2349     40   17.028523  0.550000     0.950000   1.000000    0.550000                0.991363
features.37  360     40  111.111111  0.500000     0.925000   1.000000    0.550000                0.942667
features.40  360     40  111.111111  0.550000     0.925000   0.975000    0.575000                0.946170
Proposition 1 check: Ostrowski ratios within [s_min^2, s_max^2] on 13/13 layers; k*_out(tau) <= k*_ortho(tau') on tau=0.9: 13/13, tau=0.95: 13/13, tau=0.99: 13/13, tau=0.999: 13/13;  kappa median 2.2, max 6.1;  lower bound k*_out(tau) >= k*_ortho(tau'') on tau=0.9: 13/13, tau=0.95: 13/13, tau=0.99: 13/13, tau=0.999: 13/13
wrote ../results/a18/decompose/vgg16_bn_ruler_s2_epoch_005_decompose.csv
vgg16_bn_ruler_s0_epoch_007 (../results/a18/vgg16_bn_ruler_s0/epoch_007.pt): 13 dense conv layers, 121s
vgg16_bn_ruler_s1_epoch_007 (../results/a18/vgg16_bn_ruler_s1/epoch_007.pt): 13 dense conv layers, 121s
vgg16_bn_ruler_s2_epoch_007 (../results/a18/vgg16_bn_ruler_s2/epoch_007.pt): 13 dense conv layers, 122s
      layer    d  C_out    n_over_d  out_0.95  kernel_0.95  data_0.95  ortho_0.95  kernel_erank_over_rmax
 features.0   27     14 5925.925926  0.500000     0.714286   0.357143    0.428571                0.671044
 features.3  126     47 1269.841270  0.340426     0.765957   0.765957    0.510638                0.686064
 features.7  423    107  378.250591  0.373832     0.831776   1.000000    0.607477                0.777591
features.10  963    121  166.147456  0.446281     0.892562   1.000000    0.611570                0.901224
features.14 1089    238  146.923783  0.323529     0.852941   1.000000    0.558824                0.834296
features.17 2142    247   74.696545  0.449393     0.898785   1.000000    0.607287                0.922058
features.20 2223    249   71.974809  0.477912     0.899598   1.000000    0.626506                0.928823
features.24 2241    456   71.396698  0.333333     0.868421   1.000000    0.528509                0.875975
features.27 4104    376   38.986355  0.412234     0.909574   1.000000    0.521277                0.948688
features.30 3384    261   47.281324  0.409962     0.915709   1.000000    0.494253                0.958027
features.34 2349     40   17.028523  0.550000     0.950000   1.000000    0.550000                0.991862
features.37  360     40  111.111111  0.500000     0.925000   1.000000    0.550000                0.940279
features.40  360     40  111.111111  0.525000     0.900000   0.950000    0.575000                0.937805
Proposition 1 check: Ostrowski ratios within [s_min^2, s_max^2] on 13/13 layers; k*_out(tau) <= k*_ortho(tau') on tau=0.9: 13/13, tau=0.95: 13/13, tau=0.99: 13/13, tau=0.999: 13/13;  kappa median 2.5, max 5.8;  lower bound k*_out(tau) >= k*_ortho(tau'') on tau=0.9: 13/13, tau=0.95: 13/13, tau=0.99: 13/13, tau=0.999: 13/13
wrote ../results/a18/decompose/vgg16_bn_ruler_s0_epoch_007_decompose.csv
      layer    d  C_out    n_over_d  out_0.95  kernel_0.95  data_0.95  ortho_0.95  kernel_erank_over_rmax
 features.0   27     14 5925.925926  0.500000     0.714286   0.357143    0.571429                0.656396
 features.3  126     47 1269.841270  0.340426     0.765957   0.872340    0.510638                0.688493
 features.7  423    107  378.250591  0.364486     0.831776   1.000000    0.579439                0.777106
features.10  963    121  166.147456  0.438017     0.892562   1.000000    0.603306                0.902645
features.14 1089    238  146.923783  0.319328     0.857143   1.000000    0.554622                0.835215
features.17 2142    247   74.696545  0.437247     0.898785   1.000000    0.591093                0.921049
features.20 2223    249   71.974809  0.481928     0.899598   1.000000    0.622490                0.927913
features.24 2241    456   71.396698  0.320175     0.870614   1.000000    0.510965                0.876823
features.27 4104    376   38.986355  0.404255     0.909574   1.000000    0.510638                0.949246
features.30 3384    261   47.281324  0.386973     0.915709   1.000000    0.467433                0.958479
features.34 2349     40   17.028523  0.575000     0.950000   1.000000    0.575000                0.991216
features.37  360     40  111.111111  0.525000     0.900000   1.000000    0.600000                0.938873
features.40  360     40  111.111111  0.550000     0.900000   1.000000    0.575000                0.941532
Proposition 1 check: Ostrowski ratios within [s_min^2, s_max^2] on 13/13 layers; k*_out(tau) <= k*_ortho(tau') on tau=0.9: 13/13, tau=0.95: 13/13, tau=0.99: 13/13, tau=0.999: 13/13;  kappa median 2.6, max 8.1;  lower bound k*_out(tau) >= k*_ortho(tau'') on tau=0.9: 13/13, tau=0.95: 13/13, tau=0.99: 13/13, tau=0.999: 13/13
wrote ../results/a18/decompose/vgg16_bn_ruler_s1_epoch_007_decompose.csv
      layer    d  C_out    n_over_d  out_0.95  kernel_0.95  data_0.95  ortho_0.95  kernel_erank_over_rmax
 features.0   27     14 5925.925926  0.500000     0.714286   0.357143    0.500000                0.652461
 features.3  126     47 1269.841270  0.340426     0.765957   0.829787    0.510638                0.678182
 features.7  423    107  378.250591  0.355140     0.831776   1.000000    0.579439                0.780757
features.10  963    121  166.147456  0.429752     0.892562   1.000000    0.603306                0.904096
features.14 1089    238  146.923783  0.319328     0.857143   1.000000    0.550420                0.836353
features.17 2142    247   74.696545  0.441296     0.898785   1.000000    0.599190                0.921995
features.20 2223    249   71.974809  0.481928     0.899598   1.000000    0.622490                0.929398
features.24 2241    456   71.396698  0.333333     0.868421   1.000000    0.524123                0.877246
features.27 4104    376   38.986355  0.414894     0.909574   1.000000    0.526596                0.949087
features.30 3384    261   47.281324  0.390805     0.915709   1.000000    0.478927                0.957864
features.34 2349     40   17.028523  0.550000     0.950000   1.000000    0.550000                0.991167
features.37  360     40  111.111111  0.550000     0.925000   1.000000    0.600000                0.939044
features.40  360     40  111.111111  0.575000     0.925000   1.000000    0.625000                0.941173
Proposition 1 check: Ostrowski ratios within [s_min^2, s_max^2] on 13/13 layers; k*_out(tau) <= k*_ortho(tau') on tau=0.9: 13/13, tau=0.95: 13/13, tau=0.99: 13/13, tau=0.999: 13/13;  kappa median 2.6, max 6.9;  lower bound k*_out(tau) >= k*_ortho(tau'') on tau=0.9: 13/13, tau=0.95: 13/13, tau=0.99: 13/13, tau=0.999: 13/13
wrote ../results/a18/decompose/vgg16_bn_ruler_s2_epoch_007_decompose.csv
vgg16_bn_ruler_s0_epoch_010 (../results/a18/vgg16_bn_ruler_s0/epoch_010.pt): 13 dense conv layers, 131s
vgg16_bn_ruler_s2_epoch_010 (../results/a18/vgg16_bn_ruler_s2/epoch_010.pt): 13 dense conv layers, 131s
vgg16_bn_ruler_s1_epoch_010 (../results/a18/vgg16_bn_ruler_s1/epoch_010.pt): 13 dense conv layers, 132s
      layer    d  C_out    n_over_d  out_0.95  kernel_0.95  data_0.95  ortho_0.95  kernel_erank_over_rmax
 features.0   27     14 5925.925926  0.500000     0.642857   0.357143    0.428571                0.625548
 features.3  126     47 1269.841270  0.340426     0.723404   0.829787    0.531915                0.613090
 features.7  423    107  378.250591  0.317757     0.794393   1.000000    0.579439                0.680903
features.10  963    121  166.147456  0.363636     0.876033   1.000000    0.586777                0.843638
features.14 1089    238  146.923783  0.281513     0.831933   1.000000    0.554622                0.755528
features.17 2142    247   74.696545  0.364372     0.886640   1.000000    0.582996                0.877361
features.20 2223    249   71.974809  0.389558     0.891566   1.000000    0.590361                0.893941
features.24 2241    456   71.396698  0.260965     0.859649   1.000000    0.502193                0.827021
features.27 4104    376   38.986355  0.332447     0.906915   1.000000    0.489362                0.933944
features.30 3384    261   47.281324  0.321839     0.911877   1.000000    0.432950                0.948000
features.34 2349     40   17.028523  0.550000     0.950000   1.000000    0.550000                0.989939
features.37  360     40  111.111111  0.525000     0.900000   1.000000    0.600000                0.924943
features.40  360     40  111.111111  0.550000     0.900000   0.925000    0.625000                0.927014
Proposition 1 check: Ostrowski ratios within [s_min^2, s_max^2] on 13/13 layers; k*_out(tau) <= k*_ortho(tau') on tau=0.9: 13/13, tau=0.95: 13/13, tau=0.99: 13/13, tau=0.999: 13/13;  kappa median 3.3, max 7.8;  lower bound k*_out(tau) >= k*_ortho(tau'') on tau=0.9: 13/13, tau=0.95: 13/13, tau=0.99: 13/13, tau=0.999: 13/13
wrote ../results/a18/decompose/vgg16_bn_ruler_s2_epoch_010_decompose.csv
      layer    d  C_out    n_over_d  out_0.95  kernel_0.95  data_0.95  ortho_0.95  kernel_erank_over_rmax
 features.0   27     14 5925.925926  0.500000     0.642857   0.357143    0.428571                0.634347
 features.3  126     47 1269.841270  0.340426     0.702128   0.744681    0.531915                0.617417
 features.7  423    107  378.250591  0.327103     0.803738   1.000000    0.598131                0.677236
features.10  963    121  166.147456  0.380165     0.876033   1.000000    0.595041                0.838699
features.14 1089    238  146.923783  0.277311     0.831933   1.000000    0.558824                0.751459
features.17 2142    247   74.696545  0.360324     0.886640   1.000000    0.578947                0.877574
features.20 2223    249   71.974809  0.377510     0.891566   1.000000    0.582329                0.892099
features.24 2241    456   71.396698  0.258772     0.857456   1.000000    0.495614                0.823348
features.27 4104    376   38.986355  0.321809     0.906915   1.000000    0.473404                0.933660
features.30 3384    261   47.281324  0.318008     0.911877   1.000000    0.425287                0.948203
features.34 2349     40   17.028523  0.550000     0.950000   1.000000    0.575000                0.990846
features.37  360     40  111.111111  0.500000     0.900000   1.000000    0.575000                0.919633
features.40  360     40  111.111111  0.525000     0.900000   0.925000    0.600000                0.923794
Proposition 1 check: Ostrowski ratios within [s_min^2, s_max^2] on 13/13 layers; k*_out(tau) <= k*_ortho(tau') on tau=0.9: 13/13, tau=0.95: 13/13, tau=0.99: 13/13, tau=0.999: 13/13;  kappa median 3.2, max 7.5;  lower bound k*_out(tau) >= k*_ortho(tau'') on tau=0.9: 13/13, tau=0.95: 13/13, tau=0.99: 13/13, tau=0.999: 13/13
wrote ../results/a18/decompose/vgg16_bn_ruler_s0_epoch_010_decompose.csv
      layer    d  C_out    n_over_d  out_0.95  kernel_0.95  data_0.95  ortho_0.95  kernel_erank_over_rmax
 features.0   27     14 5925.925926  0.500000     0.714286   0.357143    0.500000                0.617602
 features.3  126     47 1269.841270  0.340426     0.723404   0.829787    0.531915                0.614905
 features.7  423    107  378.250591  0.317757     0.794393   1.000000    0.588785                0.677986
features.10  963    121  166.147456  0.380165     0.876033   1.000000    0.586777                0.843821
features.14 1089    238  146.923783  0.277311     0.831933   1.000000    0.554622                0.752331
features.17 2142    247   74.696545  0.364372     0.890688   1.000000    0.578947                0.876697
features.20 2223    249   71.974809  0.393574     0.891566   1.000000    0.598394                0.892452
features.24 2241    456   71.396698  0.258772     0.859649   1.000000    0.500000                0.827331
features.27 4104    376   38.986355  0.311170     0.906915   1.000000    0.462766                0.934670
features.30 3384    261   47.281324  0.291188     0.911877   1.000000    0.394636                0.948700
features.34 2349     40   17.028523  0.550000     0.950000   1.000000    0.575000                0.990015
features.37  360     40  111.111111  0.525000     0.900000   1.000000    0.600000                0.923174
features.40  360     40  111.111111  0.525000     0.900000   0.925000    0.575000                0.925656
Proposition 1 check: Ostrowski ratios within [s_min^2, s_max^2] on 13/13 layers; k*_out(tau) <= k*_ortho(tau') on tau=0.9: 13/13, tau=0.95: 13/13, tau=0.99: 13/13, tau=0.999: 13/13;  kappa median 3.3, max 8.5;  lower bound k*_out(tau) >= k*_ortho(tau'') on tau=0.9: 13/13, tau=0.95: 13/13, tau=0.99: 13/13, tau=0.999: 13/13
wrote ../results/a18/decompose/vgg16_bn_ruler_s1_epoch_010_decompose.csv
vgg16_bn_ruler_s1_epoch_015 (../results/a18/vgg16_bn_ruler_s1/epoch_015.pt): 13 dense conv layers, 109s
vgg16_bn_ruler_s0_epoch_015 (../results/a18/vgg16_bn_ruler_s0/epoch_015.pt): 13 dense conv layers, 109s
vgg16_bn_ruler_s2_epoch_015 (../results/a18/vgg16_bn_ruler_s2/epoch_015.pt): 13 dense conv layers, 109s
      layer    d  C_out    n_over_d  out_0.95  kernel_0.95  data_0.95  ortho_0.95  kernel_erank_over_rmax
 features.0   27     14 5925.925926  0.500000     0.642857   0.357143    0.428571                0.594220
 features.3  126     47 1269.841270  0.340426     0.617021   0.744681    0.553191                0.538221
 features.7  423    107  378.250591  0.299065     0.700935   1.000000    0.607477                0.540895
features.10  963    121  166.147456  0.338843     0.826446   1.000000    0.619835                0.710935
features.14 1089    238  146.923783  0.268908     0.760504   1.000000    0.609244                0.610844
features.17 2142    247   74.696545  0.311741     0.850202   1.000000    0.607287                0.737107
features.20 2223    249   71.974809  0.313253     0.859438   1.000000    0.598394                0.775900
features.24 2241    456   71.396698  0.195175     0.815789   1.000000    0.504386                0.652407
features.27 4104    376   38.986355  0.202128     0.890957   1.000000    0.401596                0.847657
features.30 3384    261   47.281324  0.226054     0.900383   1.000000    0.344828                0.890900
features.34 2349     40   17.028523  0.550000     0.950000   1.000000    0.575000                0.977919
features.37  360     40  111.111111  0.500000     0.875000   1.000000    0.625000                0.849264
features.40  360     40  111.111111  0.550000     0.875000   0.900000    0.650000                0.865974
Proposition 1 check: Ostrowski ratios within [s_min^2, s_max^2] on 13/13 layers; k*_out(tau) <= k*_ortho(tau') on tau=0.9: 13/13, tau=0.95: 13/13, tau=0.99: 13/13, tau=0.999: 13/13;  kappa median 5.0, max 10.7;  lower bound k*_out(tau) >= k*_ortho(tau'') on tau=0.9: 13/13, tau=0.95: 13/13, tau=0.99: 13/13, tau=0.999: 13/13
wrote ../results/a18/decompose/vgg16_bn_ruler_s0_epoch_015_decompose.csv
      layer    d  C_out    n_over_d  out_0.95  kernel_0.95  data_0.95  ortho_0.95  kernel_erank_over_rmax
 features.0   27     14 5925.925926  0.500000     0.642857   0.357143    0.500000                0.606493
 features.3  126     47 1269.841270  0.340426     0.638298   0.808511    0.553191                0.543306
 features.7  423    107  378.250591  0.299065     0.700935   1.000000    0.607477                0.546130
features.10  963    121  166.147456  0.338843     0.826446   1.000000    0.611570                0.719491
features.14 1089    238  146.923783  0.277311     0.760504   1.000000    0.630252                0.608176
features.17 2142    247   74.696545  0.319838     0.846154   1.000000    0.619433                0.734910
features.20 2223    249   71.974809  0.325301     0.859438   1.000000    0.614458                0.777129
features.24 2241    456   71.396698  0.203947     0.817982   1.000000    0.521930                0.655344
features.27 4104    376   38.986355  0.212766     0.890957   1.000000    0.422872                0.846775
features.30 3384    261   47.281324  0.237548     0.900383   1.000000    0.363985                0.890720
features.34 2349     40   17.028523  0.550000     0.950000   1.000000    0.600000                0.977243
features.37  360     40  111.111111  0.550000     0.875000   0.975000    0.650000                0.859272
features.40  360     40  111.111111  0.525000     0.875000   0.875000    0.650000                0.870175
Proposition 1 check: Ostrowski ratios within [s_min^2, s_max^2] on 13/13 layers; k*_out(tau) <= k*_ortho(tau') on tau=0.9: 13/13, tau=0.95: 13/13, tau=0.99: 13/13, tau=0.999: 13/13;  kappa median 4.9, max 11.5;  lower bound k*_out(tau) >= k*_ortho(tau'') on tau=0.9: 13/13, tau=0.95: 13/13, tau=0.99: 13/13, tau=0.999: 13/13
wrote ../results/a18/decompose/vgg16_bn_ruler_s2_epoch_015_decompose.csv
      layer    d  C_out    n_over_d  out_0.95  kernel_0.95  data_0.95  ortho_0.95  kernel_erank_over_rmax
 features.0   27     14 5925.925926  0.500000     0.642857   0.357143    0.428571                0.584069
 features.3  126     47 1269.841270  0.340426     0.617021   0.829787    0.553191                0.541103
 features.7  423    107  378.250591  0.308411     0.691589   1.000000    0.616822                0.543994
features.10  963    121  166.147456  0.355372     0.826446   1.000000    0.628099                0.721812
features.14 1089    238  146.923783  0.277311     0.764706   1.000000    0.634454                0.608056
features.17 2142    247   74.696545  0.319838     0.846154   1.000000    0.631579                0.734681
features.20 2223    249   71.974809  0.333333     0.859438   1.000000    0.622490                0.774701
features.24 2241    456   71.396698  0.188596     0.817982   1.000000    0.493421                0.653265
features.27 4104    376   38.986355  0.199468     0.893617   1.000000    0.398936                0.850108
features.30 3384    261   47.281324  0.222222     0.900383   1.000000    0.337165                0.893358
features.34 2349     40   17.028523  0.575000     0.950000   1.000000    0.600000                0.979216
features.37  360     40  111.111111  0.550000     0.875000   0.975000    0.650000                0.854801
features.40  360     40  111.111111  0.525000     0.875000   0.900000    0.625000                0.858848
Proposition 1 check: Ostrowski ratios within [s_min^2, s_max^2] on 13/13 layers; k*_out(tau) <= k*_ortho(tau') on tau=0.9: 13/13, tau=0.95: 13/13, tau=0.99: 13/13, tau=0.999: 13/13;  kappa median 4.8, max 10.8;  lower bound k*_out(tau) >= k*_ortho(tau'') on tau=0.9: 13/13, tau=0.95: 13/13, tau=0.99: 13/13, tau=0.999: 13/13
wrote ../results/a18/decompose/vgg16_bn_ruler_s1_epoch_015_decompose.csv
vgg16_bn_ruler_s0_epoch_020 (../results/a18/vgg16_bn_ruler_s0/epoch_020.pt): 13 dense conv layers, 96s
vgg16_bn_ruler_s2_epoch_020 (../results/a18/vgg16_bn_ruler_s2/epoch_020.pt): 13 dense conv layers, 96s
vgg16_bn_ruler_s1_epoch_020 (../results/a18/vgg16_bn_ruler_s1/epoch_020.pt): 13 dense conv layers, 97s
      layer    d  C_out    n_over_d  out_0.95  kernel_0.95  data_0.95  ortho_0.95  kernel_erank_over_rmax
 features.0   27     14 5925.925926  0.571429     0.642857   0.357143    0.428571                0.603277
 features.3  126     47 1269.841270  0.340426     0.574468   0.808511    0.574468                0.517716
 features.7  423    107  378.250591  0.299065     0.616822   1.000000    0.626168                0.484423
features.10  963    121  166.147456  0.330579     0.785124   1.000000    0.628099                0.653571
features.14 1089    238  146.923783  0.277311     0.701681   1.000000    0.647059                0.558778
features.17 2142    247   74.696545  0.311741     0.785425   1.000000    0.659919                0.629823
features.20 2223    249   71.974809  0.321285     0.815261   1.000000    0.658635                0.687948
features.24 2241    456   71.396698  0.171053     0.732456   1.000000    0.546053                0.480406
features.27 4104    376   38.986355  0.148936     0.848404   1.000000    0.364362                0.638402
features.30 3384    261   47.281324  0.187739     0.869732   1.000000    0.321839                0.742948
features.34 2349     40   17.028523  0.525000     0.925000   1.000000    0.600000                0.919520
features.37  360     40  111.111111  0.525000     0.800000   0.925000    0.675000                0.769899
features.40  360     40  111.111111  0.550000     0.800000   0.875000    0.675000                0.782658
Proposition 1 check: Ostrowski ratios within [s_min^2, s_max^2] on 13/13 layers; k*_out(tau) <= k*_ortho(tau') on tau=0.9: 13/13, tau=0.95: 13/13, tau=0.99: 13/13, tau=0.999: 13/13;  kappa median 6.1, max 14.9;  lower bound k*_out(tau) >= k*_ortho(tau'') on tau=0.9: 13/13, tau=0.95: 13/13, tau=0.99: 13/13, tau=0.999: 13/13
wrote ../results/a18/decompose/vgg16_bn_ruler_s2_epoch_020_decompose.csv
      layer    d  C_out    n_over_d  out_0.95  kernel_0.95  data_0.95  ortho_0.95  kernel_erank_over_rmax
 features.0   27     14 5925.925926  0.500000     0.642857   0.357143    0.428571                0.584453
 features.3  126     47 1269.841270  0.319149     0.574468   0.744681    0.553191                0.513350
 features.7  423    107  378.250591  0.299065     0.616822   1.000000    0.626168                0.481863
features.10  963    121  166.147456  0.347107     0.785124   1.000000    0.644628                0.653966
features.14 1089    238  146.923783  0.281513     0.701681   1.000000    0.651261                0.558990
features.17 2142    247   74.696545  0.311741     0.789474   1.000000    0.663968                0.631829
features.20 2223    249   71.974809  0.321285     0.815261   1.000000    0.658635                0.685371
features.24 2241    456   71.396698  0.184211     0.732456   1.000000    0.572368                0.479713
features.27 4104    376   38.986355  0.167553     0.848404   1.000000    0.420213                0.639327
features.30 3384    261   47.281324  0.206897     0.869732   1.000000    0.352490                0.741231
features.34 2349     40   17.028523  0.550000     0.925000   1.000000    0.625000                0.919230
features.37  360     40  111.111111  0.525000     0.800000   0.925000    0.675000                0.751866
features.40  360     40  111.111111  0.525000     0.800000   0.875000    0.675000                0.773787
Proposition 1 check: Ostrowski ratios within [s_min^2, s_max^2] on 13/13 layers; k*_out(tau) <= k*_ortho(tau') on tau=0.9: 13/13, tau=0.95: 13/13, tau=0.99: 13/13, tau=0.999: 13/13;  kappa median 6.1, max 15.1;  lower bound k*_out(tau) >= k*_ortho(tau'') on tau=0.9: 13/13, tau=0.95: 13/13, tau=0.99: 13/13, tau=0.999: 13/13
wrote ../results/a18/decompose/vgg16_bn_ruler_s0_epoch_020_decompose.csv
      layer    d  C_out    n_over_d  out_0.95  kernel_0.95  data_0.95  ortho_0.95  kernel_erank_over_rmax
 features.0   27     14 5925.925926  0.500000     0.642857   0.357143    0.500000                0.566220
 features.3  126     47 1269.841270  0.340426     0.574468   0.787234    0.553191                0.512849
 features.7  423    107  378.250591  0.299065     0.616822   1.000000    0.626168                0.489703
features.10  963    121  166.147456  0.347107     0.785124   1.000000    0.636364                0.664819
features.14 1089    238  146.923783  0.289916     0.705882   1.000000    0.663866                0.557104
features.17 2142    247   74.696545  0.315789     0.789474   1.000000    0.672065                0.632520
features.20 2223    249   71.974809  0.337349     0.815261   1.000000    0.678715                0.684219
features.24 2241    456   71.396698  0.177632     0.734649   1.000000    0.563596                0.474433
features.27 4104    376   38.986355  0.156915     0.851064   1.000000    0.406915                0.639668
features.30 3384    261   47.281324  0.195402     0.869732   1.000000    0.333333                0.746866
features.34 2349     40   17.028523  0.575000     0.925000   1.000000    0.625000                0.924603
features.37  360     40  111.111111  0.550000     0.800000   0.950000    0.725000                0.749008
features.40  360     40  111.111111  0.550000     0.800000   0.900000    0.675000                0.759796
Proposition 1 check: Ostrowski ratios within [s_min^2, s_max^2] on 13/13 layers; k*_out(tau) <= k*_ortho(tau') on tau=0.9: 13/13, tau=0.95: 13/13, tau=0.99: 13/13, tau=0.999: 13/13;  kappa median 6.0, max 15.2;  lower bound k*_out(tau) >= k*_ortho(tau'') on tau=0.9: 13/13, tau=0.95: 13/13, tau=0.99: 13/13, tau=0.999: 13/13
wrote ../results/a18/decompose/vgg16_bn_ruler_s1_epoch_020_decompose.csv
vgg16_bn_ruler_s2_epoch_030 (../results/a18/vgg16_bn_ruler_s2/epoch_030.pt): 13 dense conv layers, 120s
vgg16_bn_ruler_s0_epoch_030 (../results/a18/vgg16_bn_ruler_s0/epoch_030.pt): 13 dense conv layers, 122s
vgg16_bn_ruler_s1_epoch_030 (../results/a18/vgg16_bn_ruler_s1/epoch_030.pt): 13 dense conv layers, 122s
      layer    d  C_out    n_over_d  out_0.95  kernel_0.95  data_0.95  ortho_0.95  kernel_erank_over_rmax
 features.0   27     14 5925.925926  0.571429     0.642857   0.357143    0.428571                0.604147
 features.3  126     47 1269.841270  0.340426     0.553191   0.808511    0.595745                0.507354
 features.7  423    107  378.250591  0.308411     0.579439   1.000000    0.654206                0.457621
features.10  963    121  166.147456  0.347107     0.760331   1.000000    0.661157                0.639205
features.14 1089    238  146.923783  0.298319     0.689076   1.000000    0.676471                0.558123
features.17 2142    247   74.696545  0.315789     0.753036   1.000000    0.668016                0.603812
features.20 2223    249   71.974809  0.353414     0.795181   1.000000    0.686747                0.672938
features.24 2241    456   71.396698  0.182018     0.629386   1.000000    0.596491                0.403615
features.27 4104    376   38.986355  0.127660     0.648936   1.000000    0.433511                0.354798
features.30 3384    261   47.281324  0.168582     0.704981   1.000000    0.363985                0.438333
features.34 2349     40   17.028523  0.550000     0.750000   1.000000    0.700000                0.673480
features.37  360     40  111.111111  0.550000     0.675000   0.875000    0.725000                0.662154
features.40  360     40  111.111111  0.550000     0.700000   0.850000    0.700000                0.702094
Proposition 1 check: Ostrowski ratios within [s_min^2, s_max^2] on 13/13 layers; k*_out(tau) <= k*_ortho(tau') on tau=0.9: 13/13, tau=0.95: 13/13, tau=0.99: 13/13, tau=0.999: 13/13;  kappa median 9.4, max 18.6;  lower bound k*_out(tau) >= k*_ortho(tau'') on tau=0.9: 13/13, tau=0.95: 13/13, tau=0.99: 13/13, tau=0.999: 13/13
wrote ../results/a18/decompose/vgg16_bn_ruler_s2_epoch_030_decompose.csv
      layer    d  C_out    n_over_d  out_0.95  kernel_0.95  data_0.95  ortho_0.95  kernel_erank_over_rmax
 features.0   27     14 5925.925926  0.571429     0.642857   0.357143    0.428571                0.567381
 features.3  126     47 1269.841270  0.340426     0.553191   0.808511    0.574468                0.499549
 features.7  423    107  378.250591  0.299065     0.579439   1.000000    0.644860                0.463896
features.10  963    121  166.147456  0.355372     0.768595   1.000000    0.652893                0.647676
features.14 1089    238  146.923783  0.315126     0.693277   1.000000    0.693277                0.565905
features.17 2142    247   74.696545  0.336032     0.753036   1.000000    0.700405                0.605051
features.20 2223    249   71.974809  0.365462     0.791165   1.000000    0.710843                0.663889
features.24 2241    456   71.396698  0.184211     0.622807   1.000000    0.607456                0.393137
features.27 4104    376   38.986355  0.132979     0.646277   1.000000    0.457447                0.342374
features.30 3384    261   47.281324  0.176245     0.704981   1.000000    0.367816                0.442200
features.34 2349     40   17.028523  0.550000     0.725000   1.000000    0.700000                0.686688
features.37  360     40  111.111111  0.550000     0.650000   0.900000    0.775000                0.637003
features.40  360     40  111.111111  0.525000     0.625000   0.875000    0.700000                0.638022
Proposition 1 check: Ostrowski ratios within [s_min^2, s_max^2] on 13/13 layers; k*_out(tau) <= k*_ortho(tau') on tau=0.9: 13/13, tau=0.95: 13/13, tau=0.99: 13/13, tau=0.999: 13/13;  kappa median 10.1, max 17.5;  lower bound k*_out(tau) >= k*_ortho(tau'') on tau=0.9: 13/13, tau=0.95: 13/13, tau=0.99: 13/13, tau=0.999: 13/13
wrote ../results/a18/decompose/vgg16_bn_ruler_s1_epoch_030_decompose.csv
      layer    d  C_out    n_over_d  out_0.95  kernel_0.95  data_0.95  ortho_0.95  kernel_erank_over_rmax
 features.0   27     14 5925.925926  0.500000     0.642857   0.357143    0.428571                0.588306
 features.3  126     47 1269.841270  0.340426     0.553191   0.787234    0.595745                0.501011
 features.7  423    107  378.250591  0.308411     0.570093   1.000000    0.644860                0.461052
features.10  963    121  166.147456  0.347107     0.768595   1.000000    0.652893                0.637502
features.14 1089    238  146.923783  0.302521     0.689076   1.000000    0.680672                0.562306
features.17 2142    247   74.696545  0.327935     0.753036   1.000000    0.700405                0.600139
features.20 2223    249   71.974809  0.345382     0.791165   1.000000    0.694779                0.664348
features.24 2241    456   71.396698  0.182018     0.631579   1.000000    0.594298                0.406530
features.27 4104    376   38.986355  0.138298     0.656915   1.000000    0.460106                0.356047
features.30 3384    261   47.281324  0.180077     0.704981   1.000000    0.383142                0.439099
features.34 2349     40   17.028523  0.525000     0.725000   1.000000    0.700000                0.664842
features.37  360     40  111.111111  0.525000     0.675000   0.900000    0.750000                0.635444
features.40  360     40  111.111111  0.525000     0.650000   0.875000    0.700000                0.651667
Proposition 1 check: Ostrowski ratios within [s_min^2, s_max^2] on 13/13 layers; k*_out(tau) <= k*_ortho(tau') on tau=0.9: 13/13, tau=0.95: 13/13, tau=0.99: 13/13, tau=0.999: 13/13;  kappa median 9.8, max 25.8;  lower bound k*_out(tau) >= k*_ortho(tau'') on tau=0.9: 13/13, tau=0.95: 13/13, tau=0.99: 13/13, tau=0.999: 13/13
wrote ../results/a18/decompose/vgg16_bn_ruler_s0_epoch_030_decompose.csv
vgg16_bn_ruler_s2_epoch_040 (../results/a18/vgg16_bn_ruler_s2/epoch_040.pt): 13 dense conv layers, 157s
vgg16_bn_ruler_s1_epoch_040 (../results/a18/vgg16_bn_ruler_s1/epoch_040.pt): 13 dense conv layers, 159s
vgg16_bn_ruler_s0_epoch_040 (../results/a18/vgg16_bn_ruler_s0/epoch_040.pt): 13 dense conv layers, 159s
      layer    d  C_out    n_over_d  out_0.95  kernel_0.95  data_0.95  ortho_0.95  kernel_erank_over_rmax
 features.0   27     14 5925.925926  0.500000     0.642857   0.357143    0.357143                0.602693
 features.3  126     47 1269.841270  0.340426     0.553191   0.808511    0.595745                0.493172
 features.7  423    107  378.250591  0.308411     0.579439   1.000000    0.644860                0.459442
features.10  963    121  166.147456  0.347107     0.768595   1.000000    0.644628                0.644479
features.14 1089    238  146.923783  0.310924     0.693277   1.000000    0.689076                0.571041
features.17 2142    247   74.696545  0.344130     0.757085   1.000000    0.700405                0.612846
features.20 2223    249   71.974809  0.381526     0.795181   1.000000    0.714859                0.686533
features.24 2241    456   71.396698  0.199561     0.620614   1.000000    0.633772                0.407907
features.27 4104    376   38.986355  0.132979     0.566489   1.000000    0.484043                0.311551
features.30 3384    261   47.281324  0.164751     0.605364   1.000000    0.390805                0.351533
features.34 2349     40   17.028523  0.500000     0.600000   1.000000    0.725000                0.571077
features.37  360     40  111.111111  0.525000     0.625000   0.875000    0.750000                0.624797
features.40  360     40  111.111111  0.575000     0.700000   0.875000    0.750000                0.694141
Proposition 1 check: Ostrowski ratios within [s_min^2, s_max^2] on 13/13 layers; k*_out(tau) <= k*_ortho(tau') on tau=0.9: 13/13, tau=0.95: 13/13, tau=0.99: 13/13, tau=0.999: 13/13;  kappa median 12.7, max 21.2;  lower bound k*_out(tau) >= k*_ortho(tau'') on tau=0.9: 13/13, tau=0.95: 13/13, tau=0.99: 13/13, tau=0.999: 13/13
wrote ../results/a18/decompose/vgg16_bn_ruler_s2_epoch_040_decompose.csv
      layer    d  C_out    n_over_d  out_0.95  kernel_0.95  data_0.95  ortho_0.95  kernel_erank_over_rmax
 features.0   27     14 5925.925926  0.500000     0.642857   0.357143    0.428571                0.575856
 features.3  126     47 1269.841270  0.319149     0.553191   0.808511    0.574468                0.492271
 features.7  423    107  378.250591  0.308411     0.579439   1.000000    0.644860                0.460471
features.10  963    121  166.147456  0.355372     0.768595   1.000000    0.661157                0.647689
features.14 1089    238  146.923783  0.319328     0.701681   1.000000    0.693277                0.579292
features.17 2142    247   74.696545  0.344130     0.757085   1.000000    0.700405                0.616657
features.20 2223    249   71.974809  0.381526     0.799197   1.000000    0.718876                0.680744
features.24 2241    456   71.396698  0.190789     0.616228   1.000000    0.625000                0.397528
features.27 4104    376   38.986355  0.132979     0.555851   1.000000    0.489362                0.300490
features.30 3384    261   47.281324  0.176245     0.597701   1.000000    0.409962                0.359093
features.34 2349     40   17.028523  0.525000     0.625000   1.000000    0.750000                0.584767
features.37  360     40  111.111111  0.550000     0.625000   0.925000    0.775000                0.602004
features.40  360     40  111.111111  0.525000     0.625000   0.900000    0.725000                0.621672
Proposition 1 check: Ostrowski ratios within [s_min^2, s_max^2] on 13/13 layers; k*_out(tau) <= k*_ortho(tau') on tau=0.9: 13/13, tau=0.95: 13/13, tau=0.99: 13/13, tau=0.999: 13/13;  kappa median 14.8, max 19.7;  lower bound k*_out(tau) >= k*_ortho(tau'') on tau=0.9: 13/13, tau=0.95: 13/13, tau=0.99: 13/13, tau=0.999: 13/13
wrote ../results/a18/decompose/vgg16_bn_ruler_s1_epoch_040_decompose.csv
      layer    d  C_out    n_over_d  out_0.95  kernel_0.95  data_0.95  ortho_0.95  kernel_erank_over_rmax
 features.0   27     14 5925.925926  0.500000     0.642857   0.357143    0.428571                0.586536
 features.3  126     47 1269.841270  0.340426     0.553191   0.787234    0.595745                0.501386
 features.7  423    107  378.250591  0.299065     0.570093   1.000000    0.654206                0.457680
features.10  963    121  166.147456  0.347107     0.760331   1.000000    0.652893                0.637122
features.14 1089    238  146.923783  0.315126     0.697479   1.000000    0.689076                0.575541
features.17 2142    247   74.696545  0.340081     0.757085   1.000000    0.700405                0.612538
features.20 2223    249   71.974809  0.369478     0.795181   1.000000    0.710843                0.676325
features.24 2241    456   71.396698  0.197368     0.625000   1.000000    0.622807                0.411760
features.27 4104    376   38.986355  0.138298     0.577128   1.000000    0.484043                0.314252
features.30 3384    261   47.281324  0.168582     0.597701   1.000000    0.398467                0.353005
features.34 2349     40   17.028523  0.500000     0.600000   1.000000    0.750000                0.555297
features.37  360     40  111.111111  0.500000     0.625000   0.900000    0.750000                0.598417
features.40  360     40  111.111111  0.525000     0.625000   0.875000    0.725000                0.642327
Proposition 1 check: Ostrowski ratios within [s_min^2, s_max^2] on 13/13 layers; k*_out(tau) <= k*_ortho(tau') on tau=0.9: 13/13, tau=0.95: 13/13, tau=0.99: 13/13, tau=0.999: 13/13;  kappa median 13.6, max 23.2;  lower bound k*_out(tau) >= k*_ortho(tau'') on tau=0.9: 13/13, tau=0.95: 13/13, tau=0.99: 13/13, tau=0.999: 13/13
wrote ../results/a18/decompose/vgg16_bn_ruler_s0_epoch_040_decompose.csv
vgg16_bn_ruler_s2_epoch_050 (../results/a18/vgg16_bn_ruler_s2/epoch_050.pt): 13 dense conv layers, 176s
vgg16_bn_ruler_s0_epoch_050 (../results/a18/vgg16_bn_ruler_s0/epoch_050.pt): 13 dense conv layers, 178s
vgg16_bn_ruler_s1_epoch_050 (../results/a18/vgg16_bn_ruler_s1/epoch_050.pt): 13 dense conv layers, 181s
      layer    d  C_out    n_over_d  out_0.95  kernel_0.95  data_0.95  ortho_0.95  kernel_erank_over_rmax
 features.0   27     14 5925.925926  0.571429     0.642857   0.357143    0.357143                0.600598
 features.3  126     47 1269.841270  0.361702     0.531915   0.851064    0.638298                0.488893
 features.7  423    107  378.250591  0.308411     0.579439   1.000000    0.654206                0.458051
features.10  963    121  166.147456  0.347107     0.768595   1.000000    0.652893                0.644813
features.14 1089    238  146.923783  0.327731     0.701681   1.000000    0.697479                0.583155
features.17 2142    247   74.696545  0.352227     0.765182   1.000000    0.708502                0.627045
features.20 2223    249   71.974809  0.405622     0.803213   1.000000    0.726908                0.698870
features.24 2241    456   71.396698  0.212719     0.625000   1.000000    0.651316                0.417399
features.27 4104    376   38.986355  0.138298     0.550532   1.000000    0.513298                0.308363
features.30 3384    261   47.281324  0.168582     0.574713   1.000000    0.421456                0.322466
features.34 2349     40   17.028523  0.475000     0.575000   1.000000    0.750000                0.534479
features.37  360     40  111.111111  0.550000     0.625000   0.900000    0.750000                0.610830
features.40  360     40  111.111111  0.575000     0.700000   0.900000    0.750000                0.686332
Proposition 1 check: Ostrowski ratios within [s_min^2, s_max^2] on 13/13 layers; k*_out(tau) <= k*_ortho(tau') on tau=0.9: 13/13, tau=0.95: 13/13, tau=0.99: 13/13, tau=0.999: 13/13;  kappa median 14.5, max 32.0;  lower bound k*_out(tau) >= k*_ortho(tau'') on tau=0.9: 13/13, tau=0.95: 13/13, tau=0.99: 13/13, tau=0.999: 13/13
wrote ../results/a18/decompose/vgg16_bn_ruler_s2_epoch_050_decompose.csv
      layer    d  C_out    n_over_d  out_0.95  kernel_0.95  data_0.95  ortho_0.95  kernel_erank_over_rmax
 features.0   27     14 5925.925926  0.500000     0.642857   0.357143    0.357143                0.596031
 features.3  126     47 1269.841270  0.340426     0.553191   0.851064    0.617021                0.496650
 features.7  423    107  378.250591  0.308411     0.570093   1.000000    0.654206                0.457967
features.10  963    121  166.147456  0.363636     0.768595   1.000000    0.669421                0.643647
features.14 1089    238  146.923783  0.323529     0.701681   1.000000    0.693277                0.585689
features.17 2142    247   74.696545  0.360324     0.765182   1.000000    0.712551                0.627023
features.20 2223    249   71.974809  0.397590     0.803213   1.000000    0.730924                0.691339
features.24 2241    456   71.396698  0.212719     0.629386   1.000000    0.653509                0.422360
features.27 4104    376   38.986355  0.143617     0.558511   1.000000    0.518617                0.307228
features.30 3384    261   47.281324  0.168582     0.567050   1.000000    0.425287                0.320146
features.34 2349     40   17.028523  0.475000     0.575000   1.000000    0.750000                0.511937
features.37  360     40  111.111111  0.500000     0.600000   0.900000    0.775000                0.573427
features.40  360     40  111.111111  0.525000     0.625000   0.875000    0.725000                0.630200
Proposition 1 check: Ostrowski ratios within [s_min^2, s_max^2] on 13/13 layers; k*_out(tau) <= k*_ortho(tau') on tau=0.9: 13/13, tau=0.95: 13/13, tau=0.99: 13/13, tau=0.999: 13/13;  kappa median 14.0, max 23.7;  lower bound k*_out(tau) >= k*_ortho(tau'') on tau=0.9: 13/13, tau=0.95: 13/13, tau=0.99: 13/13, tau=0.999: 13/13
wrote ../results/a18/decompose/vgg16_bn_ruler_s0_epoch_050_decompose.csv
      layer    d  C_out    n_over_d  out_0.95  kernel_0.95  data_0.95  ortho_0.95  kernel_erank_over_rmax
 features.0   27     14 5925.925926  0.571429     0.642857   0.357143    0.428571                0.574316
 features.3  126     47 1269.841270  0.340426     0.553191   0.808511    0.574468                0.496231
 features.7  423    107  378.250591  0.308411     0.579439   1.000000    0.654206                0.458261
features.10  963    121  166.147456  0.355372     0.768595   1.000000    0.669421                0.646828
features.14 1089    238  146.923783  0.336134     0.705882   1.000000    0.701681                0.588693
features.17 2142    247   74.696545  0.352227     0.765182   1.000000    0.708502                0.629840
features.20 2223    249   71.974809  0.405622     0.803213   1.000000    0.730924                0.692336
features.24 2241    456   71.396698  0.201754     0.620614   1.000000    0.631579                0.409897
features.27 4104    376   38.986355  0.135638     0.545213   1.000000    0.497340                0.298421
features.30 3384    261   47.281324  0.168582     0.567050   1.000000    0.402299                0.328287
features.34 2349     40   17.028523  0.475000     0.575000   1.000000    0.750000                0.540421
features.37  360     40  111.111111  0.525000     0.600000   0.900000    0.775000                0.576261
features.40  360     40  111.111111  0.525000     0.625000   0.900000    0.750000                0.622759
Proposition 1 check: Ostrowski ratios within [s_min^2, s_max^2] on 13/13 layers; k*_out(tau) <= k*_ortho(tau') on tau=0.9: 13/13, tau=0.95: 13/13, tau=0.99: 13/13, tau=0.999: 13/13;  kappa median 14.4, max 22.5;  lower bound k*_out(tau) >= k*_ortho(tau'') on tau=0.9: 13/13, tau=0.95: 13/13, tau=0.99: 13/13, tau=0.999: 13/13
wrote ../results/a18/decompose/vgg16_bn_ruler_s1_epoch_050_decompose.csv
vgg16_bn_ruler_s2_epoch_060 (../results/a18/vgg16_bn_ruler_s2/epoch_060.pt): 13 dense conv layers, 165s
vgg16_bn_ruler_s0_epoch_060 (../results/a18/vgg16_bn_ruler_s0/epoch_060.pt): 13 dense conv layers, 166s
vgg16_bn_ruler_s1_epoch_060 (../results/a18/vgg16_bn_ruler_s1/epoch_060.pt): 13 dense conv layers, 166s
      layer    d  C_out    n_over_d  out_0.95  kernel_0.95  data_0.95  ortho_0.95  kernel_erank_over_rmax
 features.0   27     14 5925.925926  0.500000     0.642857   0.357143    0.357143                0.599537
 features.3  126     47 1269.841270  0.361702     0.553191   0.829787    0.617021                0.496385
 features.7  423    107  378.250591  0.308411     0.579439   1.000000    0.654206                0.465216
features.10  963    121  166.147456  0.355372     0.768595   1.000000    0.652893                0.651877
features.14 1089    238  146.923783  0.340336     0.710084   1.000000    0.714286                0.593706
features.17 2142    247   74.696545  0.372470     0.773279   1.000000    0.724696                0.638675
features.20 2223    249   71.974809  0.417671     0.807229   1.000000    0.734940                0.707828
features.24 2241    456   71.396698  0.221491     0.631579   1.000000    0.657895                0.429274
features.27 4104    376   38.986355  0.138298     0.553191   1.000000    0.505319                0.311856
features.30 3384    261   47.281324  0.160920     0.567050   1.000000    0.402299                0.309505
features.34 2349     40   17.028523  0.450000     0.550000   1.000000    0.725000                0.505560
features.37  360     40  111.111111  0.500000     0.600000   0.900000    0.750000                0.595182
features.40  360     40  111.111111  0.600000     0.700000   0.900000    0.775000                0.678483
Proposition 1 check: Ostrowski ratios within [s_min^2, s_max^2] on 13/13 layers; k*_out(tau) <= k*_ortho(tau') on tau=0.9: 13/13, tau=0.95: 13/13, tau=0.99: 13/13, tau=0.999: 13/13;  kappa median 14.3, max 27.1;  lower bound k*_out(tau) >= k*_ortho(tau'') on tau=0.9: 13/13, tau=0.95: 13/13, tau=0.99: 13/13, tau=0.999: 13/13
wrote ../results/a18/decompose/vgg16_bn_ruler_s2_epoch_060_decompose.csv
      layer    d  C_out    n_over_d  out_0.95  kernel_0.95  data_0.95  ortho_0.95  kernel_erank_over_rmax
 features.0   27     14 5925.925926  0.571429     0.642857   0.357143    0.428571                0.592423
 features.3  126     47 1269.841270  0.361702     0.553191   0.829787    0.617021                0.503792
 features.7  423    107  378.250591  0.299065     0.579439   1.000000    0.654206                0.460129
features.10  963    121  166.147456  0.363636     0.768595   1.000000    0.661157                0.651586
features.14 1089    238  146.923783  0.336134     0.710084   1.000000    0.710084                0.594945
features.17 2142    247   74.696545  0.372470     0.769231   1.000000    0.720648                0.640378
features.20 2223    249   71.974809  0.413655     0.807229   1.000000    0.730924                0.705225
features.24 2241    456   71.396698  0.217105     0.638158   1.000000    0.644737                0.434963
features.27 4104    376   38.986355  0.143617     0.561170   1.000000    0.518617                0.313495
features.30 3384    261   47.281324  0.164751     0.555556   1.000000    0.413793                0.307211
features.34 2349     40   17.028523  0.450000     0.550000   1.000000    0.725000                0.476337
features.37  360     40  111.111111  0.475000     0.575000   0.875000    0.750000                0.558562
features.40  360     40  111.111111  0.525000     0.625000   0.900000    0.725000                0.633023
Proposition 1 check: Ostrowski ratios within [s_min^2, s_max^2] on 13/13 layers; k*_out(tau) <= k*_ortho(tau') on tau=0.9: 13/13, tau=0.95: 13/13, tau=0.99: 13/13, tau=0.999: 13/13;  kappa median 14.6, max 28.4;  lower bound k*_out(tau) >= k*_ortho(tau'') on tau=0.9: 13/13, tau=0.95: 13/13, tau=0.99: 13/13, tau=0.999: 13/13
wrote ../results/a18/decompose/vgg16_bn_ruler_s0_epoch_060_decompose.csv
      layer    d  C_out    n_over_d  out_0.95  kernel_0.95  data_0.95  ortho_0.95  kernel_erank_over_rmax
 features.0   27     14 5925.925926  0.571429     0.642857   0.357143    0.428571                0.590972
 features.3  126     47 1269.841270  0.340426     0.553191   0.808511    0.595745                0.493441
 features.7  423    107  378.250591  0.308411     0.588785   1.000000    0.654206                0.463390
features.10  963    121  166.147456  0.363636     0.776860   1.000000    0.661157                0.655031
features.14 1089    238  146.923783  0.348739     0.714286   1.000000    0.710084                0.599409
features.17 2142    247   74.696545  0.376518     0.773279   1.000000    0.724696                0.642704
features.20 2223    249   71.974809  0.425703     0.807229   1.000000    0.746988                0.704183
features.24 2241    456   71.396698  0.217105     0.629386   1.000000    0.660088                0.421117
features.27 4104    376   38.986355  0.140957     0.545213   1.000000    0.521277                0.304002
features.30 3384    261   47.281324  0.172414     0.563218   1.000000    0.421456                0.314162
features.34 2349     40   17.028523  0.475000     0.550000   1.000000    0.725000                0.512927
features.37  360     40  111.111111  0.500000     0.575000   0.900000    0.750000                0.558208
features.40  360     40  111.111111  0.525000     0.625000   0.875000    0.725000                0.611322
Proposition 1 check: Ostrowski ratios within [s_min^2, s_max^2] on 13/13 layers; k*_out(tau) <= k*_ortho(tau') on tau=0.9: 13/13, tau=0.95: 13/13, tau=0.99: 13/13, tau=0.999: 13/13;  kappa median 15.2, max 26.6;  lower bound k*_out(tau) >= k*_ortho(tau'') on tau=0.9: 13/13, tau=0.95: 13/13, tau=0.99: 13/13, tau=0.999: 13/13
wrote ../results/a18/decompose/vgg16_bn_ruler_s1_epoch_060_decompose.csv
vgg16_bn_ruler_s2_epoch_070 (../results/a18/vgg16_bn_ruler_s2/epoch_070.pt): 13 dense conv layers, 151s
vgg16_bn_ruler_s1_epoch_070 (../results/a18/vgg16_bn_ruler_s1/epoch_070.pt): 13 dense conv layers, 150s
vgg16_bn_ruler_s0_epoch_070 (../results/a18/vgg16_bn_ruler_s0/epoch_070.pt): 13 dense conv layers, 152s
      layer    d  C_out    n_over_d  out_0.95  kernel_0.95  data_0.95  ortho_0.95  kernel_erank_over_rmax
 features.0   27     14 5925.925926  0.571429     0.642857   0.357143    0.428571                0.601683
 features.3  126     47 1269.841270  0.361702     0.553191   0.851064    0.638298                0.498589
 features.7  423    107  378.250591  0.308411     0.579439   1.000000    0.654206                0.467422
features.10  963    121  166.147456  0.371901     0.768595   1.000000    0.677686                0.654566
features.14 1089    238  146.923783  0.348739     0.718487   1.000000    0.710084                0.608703
features.17 2142    247   74.696545  0.384615     0.781377   1.000000    0.716599                0.653744
features.20 2223    249   71.974809  0.441767     0.815261   1.000000    0.746988                0.722607
features.24 2241    456   71.396698  0.236842     0.646930   1.000000    0.679825                0.447753
features.27 4104    376   38.986355  0.143617     0.561170   1.000000    0.523936                0.320507
features.30 3384    261   47.281324  0.160920     0.567050   1.000000    0.421456                0.297945
features.34 2349     40   17.028523  0.425000     0.525000   1.000000    0.750000                0.482662
features.37  360     40  111.111111  0.500000     0.575000   0.900000    0.750000                0.580137
features.40  360     40  111.111111  0.600000     0.700000   0.900000    0.750000                0.682512
Proposition 1 check: Ostrowski ratios within [s_min^2, s_max^2] on 13/13 layers; k*_out(tau) <= k*_ortho(tau') on tau=0.9: 13/13, tau=0.95: 13/13, tau=0.99: 13/13, tau=0.999: 13/13;  kappa median 13.4, max 28.2;  lower bound k*_out(tau) >= k*_ortho(tau'') on tau=0.9: 13/13, tau=0.95: 13/13, tau=0.99: 13/13, tau=0.999: 13/13
wrote ../results/a18/decompose/vgg16_bn_ruler_s2_epoch_070_decompose.csv
      layer    d  C_out    n_over_d  out_0.95  kernel_0.95  data_0.95  ortho_0.95  kernel_erank_over_rmax
 features.0   27     14 5925.925926  0.571429     0.642857   0.357143    0.357143                0.617968
 features.3  126     47 1269.841270  0.340426     0.553191   0.787234    0.574468                0.492349
 features.7  423    107  378.250591  0.308411     0.579439   1.000000    0.654206                0.464854
features.10  963    121  166.147456  0.355372     0.776860   1.000000    0.669421                0.658079
features.14 1089    238  146.923783  0.348739     0.722689   1.000000    0.710084                0.610985
features.17 2142    247   74.696545  0.392713     0.781377   1.000000    0.736842                0.658063
features.20 2223    249   71.974809  0.445783     0.815261   1.000000    0.755020                0.717113
features.24 2241    456   71.396698  0.234649     0.642544   1.000000    0.671053                0.439048
features.27 4104    376   38.986355  0.146277     0.558511   1.000000    0.537234                0.316492
features.30 3384    261   47.281324  0.168582     0.563218   1.000000    0.432950                0.309211
features.34 2349     40   17.028523  0.450000     0.525000   1.000000    0.750000                0.497003
features.37  360     40  111.111111  0.475000     0.575000   0.900000    0.750000                0.556588
features.40  360     40  111.111111  0.525000     0.625000   0.875000    0.725000                0.611985
Proposition 1 check: Ostrowski ratios within [s_min^2, s_max^2] on 13/13 layers; k*_out(tau) <= k*_ortho(tau') on tau=0.9: 13/13, tau=0.95: 13/13, tau=0.99: 13/13, tau=0.999: 13/13;  kappa median 14.8, max 26.9;  lower bound k*_out(tau) >= k*_ortho(tau'') on tau=0.9: 13/13, tau=0.95: 13/13, tau=0.99: 13/13, tau=0.999: 13/13
wrote ../results/a18/decompose/vgg16_bn_ruler_s1_epoch_070_decompose.csv
      layer    d  C_out    n_over_d  out_0.95  kernel_0.95  data_0.95  ortho_0.95  kernel_erank_over_rmax
 features.0   27     14 5925.925926  0.500000     0.642857   0.357143    0.357143                0.603761
 features.3  126     47 1269.841270  0.361702     0.553191   0.829787    0.617021                0.509785
 features.7  423    107  378.250591  0.308411     0.579439   1.000000    0.663551                0.466004
features.10  963    121  166.147456  0.371901     0.776860   1.000000    0.677686                0.654781
features.14 1089    238  146.923783  0.352941     0.718487   1.000000    0.722689                0.607678
features.17 2142    247   74.696545  0.396761     0.781377   1.000000    0.740891                0.656233
features.20 2223    249   71.974809  0.441767     0.811245   1.000000    0.751004                0.718932
features.24 2241    456   71.396698  0.236842     0.646930   1.000000    0.677632                0.448631
features.27 4104    376   38.986355  0.154255     0.569149   1.000000    0.550532                0.324675
features.30 3384    261   47.281324  0.168582     0.551724   1.000000    0.436782                0.297713
features.34 2349     40   17.028523  0.450000     0.525000   1.000000    0.750000                0.458381
features.37  360     40  111.111111  0.475000     0.575000   0.900000    0.750000                0.548251
features.40  360     40  111.111111  0.550000     0.625000   0.900000    0.725000                0.625998
Proposition 1 check: Ostrowski ratios within [s_min^2, s_max^2] on 13/13 layers; k*_out(tau) <= k*_ortho(tau') on tau=0.9: 13/13, tau=0.95: 13/13, tau=0.99: 13/13, tau=0.999: 13/13;  kappa median 14.8, max 28.4;  lower bound k*_out(tau) >= k*_ortho(tau'') on tau=0.9: 13/13, tau=0.95: 13/13, tau=0.99: 13/13, tau=0.999: 13/13
wrote ../results/a18/decompose/vgg16_bn_ruler_s0_epoch_070_decompose.csv
vgg16_bn_ruler_s1_epoch_080 (../results/a18/vgg16_bn_ruler_s1/epoch_080.pt): 13 dense conv layers, 157s
vgg16_bn_ruler_s2_epoch_080 (../results/a18/vgg16_bn_ruler_s2/epoch_080.pt): 13 dense conv layers, 158s
vgg16_bn_ruler_s0_epoch_080 (../results/a18/vgg16_bn_ruler_s0/epoch_080.pt): 13 dense conv layers, 158s
      layer    d  C_out    n_over_d  out_0.95  kernel_0.95  data_0.95  ortho_0.95  kernel_erank_over_rmax
 features.0   27     14 5925.925926  0.571429     0.642857   0.357143    0.428571                0.616708
 features.3  126     47 1269.841270  0.340426     0.553191   0.851064    0.595745                0.499563
 features.7  423    107  378.250591  0.327103     0.588785   1.000000    0.663551                0.472130
features.10  963    121  166.147456  0.380165     0.785124   1.000000    0.677686                0.673044
features.14 1089    238  146.923783  0.373950     0.731092   1.000000    0.726891                0.628469
features.17 2142    247   74.696545  0.421053     0.789474   1.000000    0.748988                0.678469
features.20 2223    249   71.974809  0.477912     0.823293   1.000000    0.771084                0.734933
features.24 2241    456   71.396698  0.260965     0.657895   1.000000    0.699561                0.463527
features.27 4104    376   38.986355  0.159574     0.574468   1.000000    0.571809                0.329902
features.30 3384    261   47.281324  0.176245     0.563218   1.000000    0.452107                0.304442
features.34 2349     40   17.028523  0.450000     0.525000   1.000000    0.750000                0.492846
features.37  360     40  111.111111  0.500000     0.575000   0.925000    0.750000                0.555653
features.40  360     40  111.111111  0.525000     0.600000   0.900000    0.750000                0.614285
Proposition 1 check: Ostrowski ratios within [s_min^2, s_max^2] on 13/13 layers; k*_out(tau) <= k*_ortho(tau') on tau=0.9: 13/13, tau=0.95: 13/13, tau=0.99: 13/13, tau=0.999: 13/13;  kappa median 14.5, max 26.9;  lower bound k*_out(tau) >= k*_ortho(tau'') on tau=0.9: 13/13, tau=0.95: 13/13, tau=0.99: 13/13, tau=0.999: 13/13
wrote ../results/a18/decompose/vgg16_bn_ruler_s1_epoch_080_decompose.csv
      layer    d  C_out    n_over_d  out_0.95  kernel_0.95  data_0.95  ortho_0.95  kernel_erank_over_rmax
 features.0   27     14 5925.925926  0.500000     0.642857   0.357143    0.357143                0.600217
 features.3  126     47 1269.841270  0.361702     0.553191   0.829787    0.617021                0.499317
 features.7  423    107  378.250591  0.317757     0.588785   1.000000    0.654206                0.475052
features.10  963    121  166.147456  0.380165     0.776860   1.000000    0.677686                0.669167
features.14 1089    238  146.923783  0.361345     0.726891   1.000000    0.722689                0.620906
features.17 2142    247   74.696545  0.417004     0.789474   1.000000    0.744939                0.674404
features.20 2223    249   71.974809  0.477912     0.823293   1.000000    0.771084                0.739200
features.24 2241    456   71.396698  0.263158     0.662281   1.000000    0.695175                0.472251
features.27 4104    376   38.986355  0.156915     0.579787   1.000000    0.558511                0.338117
features.30 3384    261   47.281324  0.164751     0.563218   1.000000    0.440613                0.295777
features.34 2349     40   17.028523  0.450000     0.525000   1.000000    0.750000                0.480673
features.37  360     40  111.111111  0.500000     0.575000   0.925000    0.775000                0.584310
features.40  360     40  111.111111  0.600000     0.675000   0.900000    0.750000                0.675361
Proposition 1 check: Ostrowski ratios within [s_min^2, s_max^2] on 13/13 layers; k*_out(tau) <= k*_ortho(tau') on tau=0.9: 13/13, tau=0.95: 13/13, tau=0.99: 13/13, tau=0.999: 13/13;  kappa median 13.6, max 25.5;  lower bound k*_out(tau) >= k*_ortho(tau'') on tau=0.9: 13/13, tau=0.95: 13/13, tau=0.99: 13/13, tau=0.999: 13/13
wrote ../results/a18/decompose/vgg16_bn_ruler_s2_epoch_080_decompose.csv
      layer    d  C_out    n_over_d  out_0.95  kernel_0.95  data_0.95  ortho_0.95  kernel_erank_over_rmax
 features.0   27     14 5925.925926  0.571429     0.642857   0.357143    0.428571                0.613741
 features.3  126     47 1269.841270  0.361702     0.553191   0.851064    0.638298                0.514198
 features.7  423    107  378.250591  0.317757     0.588785   1.000000    0.672897                0.470449
features.10  963    121  166.147456  0.380165     0.776860   1.000000    0.677686                0.666940
features.14 1089    238  146.923783  0.361345     0.731092   1.000000    0.722689                0.623414
features.17 2142    247   74.696545  0.421053     0.789474   1.000000    0.748988                0.677111
features.20 2223    249   71.974809  0.477912     0.823293   1.000000    0.767068                0.735643
features.24 2241    456   71.396698  0.258772     0.664474   1.000000    0.688596                0.472508
features.27 4104    376   38.986355  0.156915     0.582447   1.000000    0.553191                0.337301
features.30 3384    261   47.281324  0.160920     0.555556   1.000000    0.432950                0.292182
features.34 2349     40   17.028523  0.425000     0.525000   1.000000    0.725000                0.448457
features.37  360     40  111.111111  0.475000     0.575000   0.900000    0.750000                0.549630
features.40  360     40  111.111111  0.550000     0.625000   0.875000    0.725000                0.628007
Proposition 1 check: Ostrowski ratios within [s_min^2, s_max^2] on 13/13 layers; k*_out(tau) <= k*_ortho(tau') on tau=0.9: 13/13, tau=0.95: 13/13, tau=0.99: 13/13, tau=0.999: 13/13;  kappa median 13.8, max 31.2;  lower bound k*_out(tau) >= k*_ortho(tau'') on tau=0.9: 13/13, tau=0.95: 13/13, tau=0.99: 13/13, tau=0.999: 13/13
wrote ../results/a18/decompose/vgg16_bn_ruler_s0_epoch_080_decompose.csv
vgg16_bn_ruler_s1_epoch_090 (../results/a18/vgg16_bn_ruler_s1/epoch_090.pt): 13 dense conv layers, 185s
vgg16_bn_ruler_s0_epoch_090 (../results/a18/vgg16_bn_ruler_s0/epoch_090.pt): 13 dense conv layers, 185s
vgg16_bn_ruler_s2_epoch_090 (../results/a18/vgg16_bn_ruler_s2/epoch_090.pt): 13 dense conv layers, 186s
      layer    d  C_out    n_over_d  out_0.95  kernel_0.95  data_0.95  ortho_0.95  kernel_erank_over_rmax
 features.0   27     14 5925.925926  0.571429     0.642857   0.357143    0.428571                0.616645
 features.3  126     47 1269.841270  0.340426     0.574468   0.872340    0.617021                0.512764
 features.7  423    107  378.250591  0.327103     0.598131   1.000000    0.672897                0.480008
features.10  963    121  166.147456  0.396694     0.785124   1.000000    0.702479                0.682064
features.14 1089    238  146.923783  0.394958     0.739496   1.000000    0.739496                0.644369
features.17 2142    247   74.696545  0.465587     0.801619   1.000000    0.777328                0.697932
features.20 2223    249   71.974809  0.522088     0.827309   1.000000    0.799197                0.748182
features.24 2241    456   71.396698  0.289474     0.668860   1.000000    0.728070                0.484456
features.27 4104    376   38.986355  0.175532     0.585106   1.000000    0.603723                0.345051
features.30 3384    261   47.281324  0.183908     0.570881   1.000000    0.471264                0.308965
features.34 2349     40   17.028523  0.450000     0.525000   1.000000    0.750000                0.489960
features.37  360     40  111.111111  0.500000     0.575000   0.950000    0.750000                0.563962
features.40  360     40  111.111111  0.575000     0.625000   0.925000    0.750000                0.618312
Proposition 1 check: Ostrowski ratios within [s_min^2, s_max^2] on 13/13 layers; k*_out(tau) <= k*_ortho(tau') on tau=0.9: 13/13, tau=0.95: 13/13, tau=0.99: 13/13, tau=0.999: 13/13;  kappa median 14.4, max 27.3;  lower bound k*_out(tau) >= k*_ortho(tau'') on tau=0.9: 13/13, tau=0.95: 13/13, tau=0.99: 13/13, tau=0.999: 13/13
wrote ../results/a18/decompose/vgg16_bn_ruler_s1_epoch_090_decompose.csv
      layer    d  C_out    n_over_d  out_0.95  kernel_0.95  data_0.95  ortho_0.95  kernel_erank_over_rmax
 features.0   27     14 5925.925926  0.571429     0.642857   0.357143    0.428571                0.603183
 features.3  126     47 1269.841270  0.361702     0.553191   0.893617    0.638298                0.508995
 features.7  423    107  378.250591  0.327103     0.598131   1.000000    0.672897                0.481287
features.10  963    121  166.147456  0.396694     0.785124   1.000000    0.694215                0.678003
features.14 1089    238  146.923783  0.382353     0.735294   1.000000    0.739496                0.635300
features.17 2142    247   74.696545  0.453441     0.801619   1.000000    0.769231                0.692793
features.20 2223    249   71.974809  0.522088     0.831325   1.000000    0.799197                0.752275
features.24 2241    456   71.396698  0.293860     0.675439   1.000000    0.725877                0.494955
features.27 4104    376   38.986355  0.178191     0.593085   1.000000    0.606383                0.353690
features.30 3384    261   47.281324  0.180077     0.570881   1.000000    0.471264                0.301267
features.34 2349     40   17.028523  0.425000     0.525000   1.000000    0.750000                0.477340
features.37  360     40  111.111111  0.500000     0.600000   0.975000    0.775000                0.591156
features.40  360     40  111.111111  0.650000     0.700000   0.900000    0.775000                0.679811
Proposition 1 check: Ostrowski ratios within [s_min^2, s_max^2] on 13/13 layers; k*_out(tau) <= k*_ortho(tau') on tau=0.9: 13/13, tau=0.95: 13/13, tau=0.99: 13/13, tau=0.999: 13/13;  kappa median 13.1, max 26.3;  lower bound k*_out(tau) >= k*_ortho(tau'') on tau=0.9: 13/13, tau=0.95: 13/13, tau=0.99: 13/13, tau=0.999: 13/13
wrote ../results/a18/decompose/vgg16_bn_ruler_s2_epoch_090_decompose.csv
      layer    d  C_out    n_over_d  out_0.95  kernel_0.95  data_0.95  ortho_0.95  kernel_erank_over_rmax
 features.0   27     14 5925.925926  0.500000     0.642857   0.357143    0.357143                0.611247
 features.3  126     47 1269.841270  0.361702     0.574468   0.851064    0.617021                0.517118
 features.7  423    107  378.250591  0.327103     0.588785   1.000000    0.672897                0.479547
features.10  963    121  166.147456  0.388430     0.785124   1.000000    0.694215                0.676223
features.14 1089    238  146.923783  0.386555     0.735294   1.000000    0.739496                0.637635
features.17 2142    247   74.696545  0.461538     0.801619   1.000000    0.773279                0.693590
features.20 2223    249   71.974809  0.522088     0.827309   1.000000    0.799197                0.751387
features.24 2241    456   71.396698  0.293860     0.675439   1.000000    0.728070                0.494896
features.27 4104    376   38.986355  0.183511     0.595745   1.000000    0.611702                0.354700
features.30 3384    261   47.281324  0.180077     0.559387   1.000000    0.475096                0.296659
features.34 2349     40   17.028523  0.425000     0.525000   1.000000    0.750000                0.448981
features.37  360     40  111.111111  0.475000     0.575000   0.975000    0.775000                0.555751
features.40  360     40  111.111111  0.575000     0.625000   0.900000    0.750000                0.628884
Proposition 1 check: Ostrowski ratios within [s_min^2, s_max^2] on 13/13 layers; k*_out(tau) <= k*_ortho(tau') on tau=0.9: 13/13, tau=0.95: 13/13, tau=0.99: 13/13, tau=0.999: 13/13;  kappa median 13.3, max 31.2;  lower bound k*_out(tau) >= k*_ortho(tau'') on tau=0.9: 13/13, tau=0.95: 13/13, tau=0.99: 13/13, tau=0.999: 13/13
wrote ../results/a18/decompose/vgg16_bn_ruler_s0_epoch_090_decompose.csv
vgg16_bn_ruler_s1_epoch_100 (../results/a18/vgg16_bn_ruler_s1/epoch_100.pt): 13 dense conv layers, 191s
vgg16_bn_ruler_s2_epoch_100 (../results/a18/vgg16_bn_ruler_s2/epoch_100.pt): 13 dense conv layers, 191s
vgg16_bn_ruler_s0_epoch_100 (../results/a18/vgg16_bn_ruler_s0/epoch_100.pt): 13 dense conv layers, 191s
      layer    d  C_out    n_over_d  out_0.95  kernel_0.95  data_0.95  ortho_0.95  kernel_erank_over_rmax
 features.0   27     14 5925.925926  0.571429     0.642857   0.357143    0.428571                0.615424
 features.3  126     47 1269.841270  0.361702     0.574468   0.872340    0.617021                0.514663
 features.7  423    107  378.250591  0.336449     0.598131   1.000000    0.672897                0.481341
features.10  963    121  166.147456  0.396694     0.785124   1.000000    0.702479                0.683678
features.14 1089    238  146.923783  0.394958     0.743697   1.000000    0.743697                0.646451
features.17 2142    247   74.696545  0.469636     0.801619   1.000000    0.777328                0.700594
features.20 2223    249   71.974809  0.530120     0.827309   1.000000    0.803213                0.750520
features.24 2241    456   71.396698  0.293860     0.668860   1.000000    0.732456                0.487429
features.27 4104    376   38.986355  0.175532     0.587766   1.000000    0.606383                0.346626
features.30 3384    261   47.281324  0.187739     0.570881   1.000000    0.478927                0.310139
features.34 2349     40   17.028523  0.450000     0.525000   1.000000    0.750000                0.488487
features.37  360     40  111.111111  0.500000     0.575000   0.975000    0.750000                0.564012
features.40  360     40  111.111111  0.575000     0.625000   0.925000    0.750000                0.616029
Proposition 1 check: Ostrowski ratios within [s_min^2, s_max^2] on 13/13 layers; k*_out(tau) <= k*_ortho(tau') on tau=0.9: 13/13, tau=0.95: 13/13, tau=0.99: 13/13, tau=0.999: 13/13;  kappa median 14.6, max 27.2;  lower bound k*_out(tau) >= k*_ortho(tau'') on tau=0.9: 13/13, tau=0.95: 13/13, tau=0.99: 13/13, tau=0.999: 13/13
wrote ../results/a18/decompose/vgg16_bn_ruler_s1_epoch_100_decompose.csv
      layer    d  C_out    n_over_d  out_0.95  kernel_0.95  data_0.95  ortho_0.95  kernel_erank_over_rmax
 features.0   27     14 5925.925926  0.571429     0.642857   0.357143    0.428571                0.602453
 features.3  126     47 1269.841270  0.361702     0.553191   0.893617    0.638298                0.510764
 features.7  423    107  378.250591  0.327103     0.598131   1.000000    0.672897                0.481282
features.10  963    121  166.147456  0.396694     0.785124   1.000000    0.694215                0.679602
features.14 1089    238  146.923783  0.382353     0.735294   1.000000    0.739496                0.637773
features.17 2142    247   74.696545  0.461538     0.801619   1.000000    0.777328                0.695722
features.20 2223    249   71.974809  0.530120     0.831325   1.000000    0.803213                0.754501
features.24 2241    456   71.396698  0.302632     0.677632   1.000000    0.736842                0.498270
features.27 4104    376   38.986355  0.178191     0.595745   1.000000    0.609043                0.355120
features.30 3384    261   47.281324  0.183908     0.574713   1.000000    0.475096                0.303473
features.34 2349     40   17.028523  0.450000     0.525000   1.000000    0.750000                0.476769
features.37  360     40  111.111111  0.500000     0.600000   1.000000    0.775000                0.589494
features.40  360     40  111.111111  0.650000     0.675000   0.925000    0.775000                0.677519
Proposition 1 check: Ostrowski ratios within [s_min^2, s_max^2] on 13/13 layers; k*_out(tau) <= k*_ortho(tau') on tau=0.9: 13/13, tau=0.95: 13/13, tau=0.99: 13/13, tau=0.999: 13/13;  kappa median 13.2, max 29.3;  lower bound k*_out(tau) >= k*_ortho(tau'') on tau=0.9: 13/13, tau=0.95: 13/13, tau=0.99: 13/13, tau=0.999: 13/13
wrote ../results/a18/decompose/vgg16_bn_ruler_s2_epoch_100_decompose.csv
      layer    d  C_out    n_over_d  out_0.95  kernel_0.95  data_0.95  ortho_0.95  kernel_erank_over_rmax
 features.0   27     14 5925.925926  0.571429     0.642857   0.357143    0.357143                0.611547
 features.3  126     47 1269.841270  0.361702     0.574468   0.893617    0.638298                0.519514
 features.7  423    107  378.250591  0.327103     0.598131   1.000000    0.672897                0.480772
features.10  963    121  166.147456  0.396694     0.785124   1.000000    0.702479                0.679005
features.14 1089    238  146.923783  0.390756     0.735294   1.000000    0.743697                0.639849
features.17 2142    247   74.696545  0.469636     0.801619   1.000000    0.777328                0.696856
features.20 2223    249   71.974809  0.530120     0.827309   1.000000    0.803213                0.753502
features.24 2241    456   71.396698  0.300439     0.677632   1.000000    0.736842                0.498283
features.27 4104    376   38.986355  0.186170     0.598404   1.000000    0.614362                0.355727
features.30 3384    261   47.281324  0.180077     0.563218   1.000000    0.478927                0.297867
features.34 2349     40   17.028523  0.425000     0.525000   1.000000    0.750000                0.450310
features.37  360     40  111.111111  0.475000     0.575000   1.000000    0.775000                0.558136
features.40  360     40  111.111111  0.575000     0.625000   0.925000    0.750000                0.628344
Proposition 1 check: Ostrowski ratios within [s_min^2, s_max^2] on 13/13 layers; k*_out(tau) <= k*_ortho(tau') on tau=0.9: 13/13, tau=0.95: 13/13, tau=0.99: 13/13, tau=0.999: 13/13;  kappa median 13.2, max 30.9;  lower bound k*_out(tau) >= k*_ortho(tau'') on tau=0.9: 13/13, tau=0.95: 13/13, tau=0.99: 13/13, tau=0.999: 13/13
wrote ../results/a18/decompose/vgg16_bn_ruler_s0_epoch_100_decompose.csv
vgg16_bn_uniform_s1_epoch_000 (../results/a18/vgg16_bn_uniform_s1/epoch_000.pt): 13 dense conv layers, 132s
vgg16_bn_uniform_s2_epoch_000 (../results/a18/vgg16_bn_uniform_s2/epoch_000.pt): 13 dense conv layers, 133s
vgg16_bn_uniform_s0_epoch_000 (../results/a18/vgg16_bn_uniform_s0/epoch_000.pt): 13 dense conv layers, 134s
      layer    d  C_out    n_over_d  out_0.95  kernel_0.95  data_0.95  ortho_0.95  kernel_erank_over_rmax
 features.0   27     37 5925.925926  0.185185     0.740741   0.185185    0.185185                0.691438
 features.3  333     37  480.480480  0.459459     0.918919   0.891892    0.486486                0.948979
 features.7  333     75  480.480480  0.466667     0.880000   1.000000    0.506667                0.892023
features.10  675     75  237.037037  0.613333     0.906667   1.000000    0.640000                0.942795
features.14  675    149  237.037037  0.483221     0.872483   1.000000    0.563758                0.897001
features.17 1341    149  119.313945  0.550336     0.906040   1.000000    0.583893                0.945386
features.20 1341    149  119.313945  0.557047     0.906040   1.000000    0.597315                0.946153
features.24 1341    298  119.313945  0.308725     0.869128   0.855705    0.355705                0.895086
features.27 2682    298   59.656972  0.271812     0.906040   0.781879    0.291946                0.945879
features.30 2682    298   59.656972  0.285235     0.906040   0.838926    0.298658                0.946190
features.34 2682    298   14.914243  0.057047     0.906040   0.097315    0.060403                0.946082
features.37 2682    298   14.914243  0.030201     0.906040   0.036913    0.033557                0.945980
features.40 2682    298   14.914243  0.026846     0.906040   0.026846    0.026846                0.945688
Proposition 1 check: Ostrowski ratios within [s_min^2, s_max^2] on 13/13 layers; k*_out(tau) <= k*_ortho(tau') on tau=0.9: 13/13, tau=0.95: 13/13, tau=0.99: 13/13, tau=0.999: 13/13;  kappa median 2.0, max 9.3;  lower bound k*_out(tau) >= k*_ortho(tau'') on tau=0.9: 13/13, tau=0.95: 13/13, tau=0.99: 13/13, tau=0.999: 13/13
wrote ../results/a18/decompose/vgg16_bn_uniform_s1_epoch_000_decompose.csv
      layer    d  C_out    n_over_d  out_0.95  kernel_0.95  data_0.95  ortho_0.95  kernel_erank_over_rmax
 features.0   27     37 5925.925926  0.185185     0.703704   0.185185    0.185185                0.691359
 features.3  333     37  480.480480  0.432432     0.918919   0.864865    0.459459                0.945410
 features.7  333     75  480.480480  0.493333     0.866667   1.000000    0.533333                0.890669
features.10  675     75  237.037037  0.600000     0.906667   1.000000    0.626667                0.944523
features.14  675    149  237.037037  0.510067     0.872483   1.000000    0.577181                0.894399
features.17 1341    149  119.313945  0.563758     0.906040   1.000000    0.604027                0.944916
features.20 1341    149  119.313945  0.550336     0.906040   1.000000    0.590604                0.945144
features.24 1341    298  119.313945  0.302013     0.869128   0.781879    0.348993                0.894485
features.27 2682    298   59.656972  0.271812     0.906040   0.744966    0.291946                0.945708
features.30 2682    298   59.656972  0.224832     0.906040   0.630872    0.238255                0.945613
features.34 2682    298   14.914243  0.046980     0.906040   0.063758    0.053691                0.945859
features.37 2682    298   14.914243  0.020134     0.906040   0.030201    0.023490                0.944998
features.40 2682    298   14.914243  0.016779     0.906040   0.016779    0.013423                0.945528
Proposition 1 check: Ostrowski ratios within [s_min^2, s_max^2] on 13/13 layers; k*_out(tau) <= k*_ortho(tau') on tau=0.9: 13/13, tau=0.95: 13/13, tau=0.99: 13/13, tau=0.999: 13/13;  kappa median 2.0, max 9.9;  lower bound k*_out(tau) >= k*_ortho(tau'') on tau=0.9: 13/13, tau=0.95: 13/13, tau=0.99: 13/13, tau=0.999: 13/13
wrote ../results/a18/decompose/vgg16_bn_uniform_s2_epoch_000_decompose.csv
      layer    d  C_out    n_over_d  out_0.95  kernel_0.95  data_0.95  ortho_0.95  kernel_erank_over_rmax
 features.0   27     37 5925.925926  0.185185     0.740741   0.185185    0.185185                0.713722
 features.3  333     37  480.480480  0.459459     0.918919   0.837838    0.459459                0.942400
 features.7  333     75  480.480480  0.400000     0.880000   1.000000    0.453333                0.890172
features.10  675     75  237.037037  0.520000     0.906667   1.000000    0.546667                0.945322
features.14  675    149  237.037037  0.402685     0.872483   1.000000    0.463087                0.893835
features.17 1341    149  119.313945  0.503356     0.906040   1.000000    0.536913                0.945034
features.20 1341    149  119.313945  0.530201     0.906040   1.000000    0.563758                0.946684
features.24 1341    298  119.313945  0.265101     0.872483   0.674497    0.302013                0.894199
features.27 2682    298   59.656972  0.281879     0.906040   0.721477    0.305369                0.945783
features.30 2682    298   59.656972  0.244966     0.906040   0.687919    0.261745                0.945878
features.34 2682    298   14.914243  0.057047     0.906040   0.067114    0.063758                0.945787
features.37 2682    298   14.914243  0.043624     0.906040   0.043624    0.040268                0.946240
features.40 2682    298   14.914243  0.030201     0.906040   0.030201    0.030201                0.946169
Proposition 1 check: Ostrowski ratios within [s_min^2, s_max^2] on 13/13 layers; k*_out(tau) <= k*_ortho(tau') on tau=0.9: 13/13, tau=0.95: 13/13, tau=0.99: 13/13, tau=0.999: 13/13;  kappa median 2.0, max 8.6;  lower bound k*_out(tau) >= k*_ortho(tau'') on tau=0.9: 13/13, tau=0.95: 13/13, tau=0.99: 13/13, tau=0.999: 13/13
wrote ../results/a18/decompose/vgg16_bn_uniform_s0_epoch_000_decompose.csv
vgg16_bn_uniform_s1_epoch_001 (../results/a18/vgg16_bn_uniform_s1/epoch_001.pt): 13 dense conv layers, 123s
vgg16_bn_uniform_s2_epoch_001 (../results/a18/vgg16_bn_uniform_s2/epoch_001.pt): 13 dense conv layers, 124s
vgg16_bn_uniform_s0_epoch_001 (../results/a18/vgg16_bn_uniform_s0/epoch_001.pt): 13 dense conv layers, 126s
      layer    d  C_out    n_over_d  out_0.95  kernel_0.95  data_0.95  ortho_0.95  kernel_erank_over_rmax
 features.0   27     37 5925.925926  0.148148     0.703704   0.185185    0.185185                0.629260
 features.3  333     37  480.480480  0.405405     0.918919   1.000000    0.459459                0.946007
 features.7  333     75  480.480480  0.440000     0.880000   1.000000    0.533333                0.889876
features.10  675     75  237.037037  0.653333     0.906667   1.000000    0.720000                0.941205
features.14  675    149  237.037037  0.516779     0.872483   1.000000    0.644295                0.893549
features.17 1341    149  119.313945  0.651007     0.906040   1.000000    0.711409                0.944928
features.20 1341    149  119.313945  0.704698     0.906040   1.000000    0.758389                0.945849
features.24 1341    298  119.313945  0.496644     0.869128   1.000000    0.627517                0.893961
features.27 2682    298   59.656972  0.580537     0.906040   1.000000    0.644295                0.945652
features.30 2682    298   59.656972  0.604027     0.906040   1.000000    0.664430                0.946004
features.34 2682    298   14.914243  0.305369     0.906040   1.000000    0.369128                0.945832
features.37 2682    298   14.914243  0.224832     0.906040   1.000000    0.268456                0.945834
features.40 2682    298   14.914243  0.140940     0.906040   0.818792    0.167785                0.945602
Proposition 1 check: Ostrowski ratios within [s_min^2, s_max^2] on 13/13 layers; k*_out(tau) <= k*_ortho(tau') on tau=0.9: 13/13, tau=0.95: 13/13, tau=0.99: 13/13, tau=0.999: 13/13;  kappa median 2.0, max 10.4;  lower bound k*_out(tau) >= k*_ortho(tau'') on tau=0.9: 13/13, tau=0.95: 13/13, tau=0.99: 13/13, tau=0.999: 13/13
wrote ../results/a18/decompose/vgg16_bn_uniform_s1_epoch_001_decompose.csv
      layer    d  C_out    n_over_d  out_0.95  kernel_0.95  data_0.95  ortho_0.95  kernel_erank_over_rmax
 features.0   27     37 5925.925926  0.185185     0.666667   0.185185    0.185185                0.637297
 features.3  333     37  480.480480  0.459459     0.918919   1.000000    0.513514                0.944281
 features.7  333     75  480.480480  0.520000     0.866667   1.000000    0.613333                0.890368
features.10  675     75  237.037037  0.693333     0.906667   1.000000    0.746667                0.942860
features.14  675    149  237.037037  0.557047     0.872483   1.000000    0.684564                0.891118
features.17 1341    149  119.313945  0.671141     0.906040   1.000000    0.738255                0.944302
features.20 1341    149  119.313945  0.704698     0.906040   1.000000    0.765101                0.944725
features.24 1341    298  119.313945  0.500000     0.869128   1.000000    0.637584                0.893318
features.27 2682    298   59.656972  0.583893     0.906040   1.000000    0.651007                0.945470
features.30 2682    298   59.656972  0.604027     0.906040   1.000000    0.664430                0.945480
features.34 2682    298   14.914243  0.278523     0.906040   1.000000    0.342282                0.945638
features.37 2682    298   14.914243  0.181208     0.906040   1.000000    0.218121                0.944844
features.40 2682    298   14.914243  0.100671     0.906040   0.543624    0.110738                0.945354
Proposition 1 check: Ostrowski ratios within [s_min^2, s_max^2] on 13/13 layers; k*_out(tau) <= k*_ortho(tau') on tau=0.9: 13/13, tau=0.95: 13/13, tau=0.99: 13/13, tau=0.999: 13/13;  kappa median 2.0, max 11.9;  lower bound k*_out(tau) >= k*_ortho(tau'') on tau=0.9: 13/13, tau=0.95: 13/13, tau=0.99: 13/13, tau=0.999: 13/13
wrote ../results/a18/decompose/vgg16_bn_uniform_s2_epoch_001_decompose.csv
      layer    d  C_out    n_over_d  out_0.95  kernel_0.95  data_0.95  ortho_0.95  kernel_erank_over_rmax
 features.0   27     37 5925.925926  0.148148     0.666667   0.185185    0.185185                0.630867
 features.3  333     37  480.480480  0.432432     0.918919   1.000000    0.486486                0.939605
 features.7  333     75  480.480480  0.440000     0.880000   1.000000    0.546667                0.885649
features.10  675     75  237.037037  0.653333     0.906667   1.000000    0.706667                0.944277
features.14  675    149  237.037037  0.510067     0.872483   1.000000    0.644295                0.890969
features.17 1341    149  119.313945  0.657718     0.906040   1.000000    0.724832                0.944055
features.20 1341    149  119.313945  0.704698     0.906040   1.000000    0.765101                0.946189
features.24 1341    298  119.313945  0.496644     0.869128   1.000000    0.634228                0.893080
features.27 2682    298   59.656972  0.583893     0.906040   1.000000    0.647651                0.945541
features.30 2682    298   59.656972  0.614094     0.906040   1.000000    0.671141                0.945706
features.34 2682    298   14.914243  0.295302     0.906040   1.000000    0.359060                0.945598
features.37 2682    298   14.914243  0.204698     0.906040   1.000000    0.244966                0.946109
features.40 2682    298   14.914243  0.127517     0.906040   0.731544    0.154362                0.946034
Proposition 1 check: Ostrowski ratios within [s_min^2, s_max^2] on 13/13 layers; k*_out(tau) <= k*_ortho(tau') on tau=0.9: 13/13, tau=0.95: 13/13, tau=0.99: 13/13, tau=0.999: 13/13;  kappa median 2.0, max 19.0;  lower bound k*_out(tau) >= k*_ortho(tau'') on tau=0.9: 13/13, tau=0.95: 13/13, tau=0.99: 13/13, tau=0.999: 13/13
wrote ../results/a18/decompose/vgg16_bn_uniform_s0_epoch_001_decompose.csv
vgg16_bn_uniform_s1_epoch_002 (../results/a18/vgg16_bn_uniform_s1/epoch_002.pt): 13 dense conv layers, 107s
vgg16_bn_uniform_s2_epoch_002 (../results/a18/vgg16_bn_uniform_s2/epoch_002.pt): 13 dense conv layers, 111s
vgg16_bn_uniform_s0_epoch_002 (../results/a18/vgg16_bn_uniform_s0/epoch_002.pt): 13 dense conv layers, 111s
      layer    d  C_out    n_over_d  out_0.95  kernel_0.95  data_0.95  ortho_0.95  kernel_erank_over_rmax
 features.0   27     37 5925.925926  0.222222     0.666667   0.185185    0.185185                0.578308
 features.3  333     37  480.480480  0.459459     0.918919   1.000000    0.513514                0.940722
 features.7  333     75  480.480480  0.466667     0.880000   1.000000    0.573333                0.884015
features.10  675     75  237.037037  0.640000     0.906667   1.000000    0.720000                0.939227
features.14  675    149  237.037037  0.503356     0.872483   1.000000    0.644295                0.889377
features.17 1341    149  119.313945  0.630872     0.906040   1.000000    0.704698                0.943803
features.20 1341    149  119.313945  0.684564     0.906040   1.000000    0.744966                0.944854
features.24 1341    298  119.313945  0.479866     0.869128   1.000000    0.617450                0.892277
features.27 2682    298   59.656972  0.577181     0.906040   1.000000    0.647651                0.945300
features.30 2682    298   59.656972  0.600671     0.906040   1.000000    0.664430                0.945791
features.34 2682    298   14.914243  0.302013     0.906040   1.000000    0.365772                0.945585
features.37 2682    298   14.914243  0.211409     0.906040   1.000000    0.258389                0.945655
features.40 2682    298   14.914243  0.117450     0.906040   0.711409    0.137584                0.945401
Proposition 1 check: Ostrowski ratios within [s_min^2, s_max^2] on 13/13 layers; k*_out(tau) <= k*_ortho(tau') on tau=0.9: 13/13, tau=0.95: 13/13, tau=0.99: 13/13, tau=0.999: 13/13;  kappa median 2.0, max 11.9;  lower bound k*_out(tau) >= k*_ortho(tau'') on tau=0.9: 13/13, tau=0.95: 13/13, tau=0.99: 13/13, tau=0.999: 13/13
wrote ../results/a18/decompose/vgg16_bn_uniform_s1_epoch_002_decompose.csv
      layer    d  C_out    n_over_d  out_0.95  kernel_0.95  data_0.95  ortho_0.95  kernel_erank_over_rmax
 features.0   27     37 5925.925926  0.222222     0.666667   0.185185    0.185185                0.590372
 features.3  333     37  480.480480  0.513514     0.918919   1.000000    0.567568                0.940332
 features.7  333     75  480.480480  0.520000     0.866667   1.000000    0.626667                0.884654
features.10  675     75  237.037037  0.666667     0.906667   1.000000    0.746667                0.940180
features.14  675    149  237.037037  0.510067     0.872483   1.000000    0.657718                0.886928
features.17 1341    149  119.313945  0.637584     0.906040   1.000000    0.711409                0.942849
features.20 1341    149  119.313945  0.671141     0.906040   1.000000    0.738255                0.943860
features.24 1341    298  119.313945  0.479866     0.869128   1.000000    0.617450                0.891632
features.27 2682    298   59.656972  0.573826     0.906040   1.000000    0.644295                0.945126
features.30 2682    298   59.656972  0.597315     0.906040   1.000000    0.661074                0.945244
features.34 2682    298   14.914243  0.285235     0.906040   1.000000    0.352349                0.945422
features.37 2682    298   14.914243  0.191275     0.906040   1.000000    0.238255                0.944665
features.40 2682    298   14.914243  0.107383     0.906040   0.600671    0.120805                0.945152
Proposition 1 check: Ostrowski ratios within [s_min^2, s_max^2] on 13/13 layers; k*_out(tau) <= k*_ortho(tau') on tau=0.9: 13/13, tau=0.95: 13/13, tau=0.99: 13/13, tau=0.999: 13/13;  kappa median 2.0, max 14.2;  lower bound k*_out(tau) >= k*_ortho(tau'') on tau=0.9: 13/13, tau=0.95: 13/13, tau=0.99: 13/13, tau=0.999: 13/13
wrote ../results/a18/decompose/vgg16_bn_uniform_s2_epoch_002_decompose.csv
      layer    d  C_out    n_over_d  out_0.95  kernel_0.95  data_0.95  ortho_0.95  kernel_erank_over_rmax
 features.0   27     37 5925.925926  0.185185     0.666667   0.185185    0.185185                0.591405
 features.3  333     37  480.480480  0.486486     0.918919   1.000000    0.540541                0.933750
 features.7  333     75  480.480480  0.493333     0.866667   1.000000    0.600000                0.876780
features.10  675     75  237.037037  0.640000     0.906667   1.000000    0.706667                0.941600
features.14  675    149  237.037037  0.469799     0.872483   1.000000    0.624161                0.885751
features.17 1341    149  119.313945  0.624161     0.906040   1.000000    0.697987                0.942580
features.20 1341    149  119.313945  0.671141     0.906040   1.000000    0.731544                0.945229
features.24 1341    298  119.313945  0.466443     0.869128   1.000000    0.604027                0.891575
features.27 2682    298   59.656972  0.560403     0.906040   1.000000    0.630872                0.945123
features.30 2682    298   59.656972  0.590604     0.906040   1.000000    0.654362                0.945417
features.34 2682    298   14.914243  0.288591     0.906040   1.000000    0.352349                0.945393
features.37 2682    298   14.914243  0.194631     0.906040   1.000000    0.238255                0.945935
features.40 2682    298   14.914243  0.104027     0.906040   0.624161    0.120805                0.945772
Proposition 1 check: Ostrowski ratios within [s_min^2, s_max^2] on 13/13 layers; k*_out(tau) <= k*_ortho(tau') on tau=0.9: 13/13, tau=0.95: 13/13, tau=0.99: 13/13, tau=0.999: 13/13;  kappa median 2.0, max 15.5;  lower bound k*_out(tau) >= k*_ortho(tau'') on tau=0.9: 13/13, tau=0.95: 13/13, tau=0.99: 13/13, tau=0.999: 13/13
wrote ../results/a18/decompose/vgg16_bn_uniform_s0_epoch_002_decompose.csv
vgg16_bn_uniform_s1_epoch_003 (../results/a18/vgg16_bn_uniform_s1/epoch_003.pt): 13 dense conv layers, 146s
vgg16_bn_uniform_s0_epoch_003 (../results/a18/vgg16_bn_uniform_s0/epoch_003.pt): 13 dense conv layers, 147s
vgg16_bn_uniform_s2_epoch_003 (../results/a18/vgg16_bn_uniform_s2/epoch_003.pt): 13 dense conv layers, 150s
      layer    d  C_out    n_over_d  out_0.95  kernel_0.95  data_0.95  ortho_0.95  kernel_erank_over_rmax
 features.0   27     37 5925.925926  0.222222     0.629630   0.185185    0.185185                0.528484
 features.3  333     37  480.480480  0.459459     0.918919   1.000000    0.540541                0.932339
 features.7  333     75  480.480480  0.466667     0.866667   1.000000    0.600000                0.872581
features.10  675     75  237.037037  0.626667     0.906667   1.000000    0.720000                0.936345
features.14  675    149  237.037037  0.463087     0.872483   1.000000    0.624161                0.883058
features.17 1341    149  119.313945  0.590604     0.906040   1.000000    0.677852                0.942121
features.20 1341    149  119.313945  0.644295     0.906040   1.000000    0.718121                0.943366
features.24 1341    298  119.313945  0.449664     0.869128   1.000000    0.593960                0.889539
features.27 2682    298   59.656972  0.553691     0.906040   1.000000    0.627517                0.944662
features.30 2682    298   59.656972  0.567114     0.906040   1.000000    0.637584                0.945419
features.34 2682    298   14.914243  0.285235     0.906040   1.000000    0.348993                0.945235
features.37 2682    298   14.914243  0.187919     0.906040   1.000000    0.234899                0.945428
features.40 2682    298   14.914243  0.107383     0.906040   0.593960    0.120805                0.945082
Proposition 1 check: Ostrowski ratios within [s_min^2, s_max^2] on 13/13 layers; k*_out(tau) <= k*_ortho(tau') on tau=0.9: 13/13, tau=0.95: 13/13, tau=0.99: 13/13, tau=0.999: 13/13;  kappa median 2.0, max 12.4;  lower bound k*_out(tau) >= k*_ortho(tau'') on tau=0.9: 13/13, tau=0.95: 13/13, tau=0.99: 13/13, tau=0.999: 13/13
wrote ../results/a18/decompose/vgg16_bn_uniform_s1_epoch_003_decompose.csv
      layer    d  C_out    n_over_d  out_0.95  kernel_0.95  data_0.95  ortho_0.95  kernel_erank_over_rmax
 features.0   27     37 5925.925926  0.259259     0.629630   0.185185    0.185185                0.556279
 features.3  333     37  480.480480  0.486486     0.918919   1.000000    0.567568                0.925477
 features.7  333     75  480.480480  0.480000     0.866667   1.000000    0.613333                0.867468
features.10  675     75  237.037037  0.613333     0.906667   1.000000    0.706667                0.937898
features.14  675    149  237.037037  0.449664     0.865772   1.000000    0.610738                0.879158
features.17 1341    149  119.313945  0.610738     0.906040   1.000000    0.691275                0.940935
features.20 1341    149  119.313945  0.651007     0.906040   1.000000    0.724832                0.943962
features.24 1341    298  119.313945  0.463087     0.869128   1.000000    0.607383                0.889165
features.27 2682    298   59.656972  0.553691     0.906040   1.000000    0.630872                0.944495
features.30 2682    298   59.656972  0.583893     0.906040   1.000000    0.651007                0.944921
features.34 2682    298   14.914243  0.295302     0.906040   1.000000    0.362416                0.945072
features.37 2682    298   14.914243  0.184564     0.906040   1.000000    0.228188                0.945673
features.40 2682    298   14.914243  0.100671     0.906040   0.557047    0.117450                0.945413
Proposition 1 check: Ostrowski ratios within [s_min^2, s_max^2] on 13/13 layers; k*_out(tau) <= k*_ortho(tau') on tau=0.9: 13/13, tau=0.95: 13/13, tau=0.99: 13/13, tau=0.999: 13/13;  kappa median 2.0, max 12.8;  lower bound k*_out(tau) >= k*_ortho(tau'') on tau=0.9: 13/13, tau=0.95: 13/13, tau=0.99: 13/13, tau=0.999: 13/13
wrote ../results/a18/decompose/vgg16_bn_uniform_s0_epoch_003_decompose.csv
      layer    d  C_out    n_over_d  out_0.95  kernel_0.95  data_0.95  ortho_0.95  kernel_erank_over_rmax
 features.0   27     37 5925.925926  0.259259     0.629630   0.185185    0.185185                0.553756
 features.3  333     37  480.480480  0.459459     0.918919   1.000000    0.540541                0.932975
 features.7  333     75  480.480480  0.480000     0.866667   1.000000    0.613333                0.871613
features.10  675     75  237.037037  0.626667     0.906667   1.000000    0.720000                0.936220
features.14  675    149  237.037037  0.476510     0.865772   1.000000    0.630872                0.880463
features.17 1341    149  119.313945  0.610738     0.906040   1.000000    0.697987                0.941024
features.20 1341    149  119.313945  0.644295     0.906040   1.000000    0.718121                0.942424
features.24 1341    298  119.313945  0.456376     0.869128   1.000000    0.607383                0.888834
features.27 2682    298   59.656972  0.557047     0.906040   1.000000    0.634228                0.944499
features.30 2682    298   59.656972  0.573826     0.906040   1.000000    0.644295                0.944824
features.34 2682    298   14.914243  0.268456     0.906040   1.000000    0.335570                0.945076
features.37 2682    298   14.914243  0.161074     0.906040   1.000000    0.204698                0.944414
features.40 2682    298   14.914243  0.093960     0.906040   0.426174    0.104027                0.944779
Proposition 1 check: Ostrowski ratios within [s_min^2, s_max^2] on 13/13 layers; k*_out(tau) <= k*_ortho(tau') on tau=0.9: 13/13, tau=0.95: 13/13, tau=0.99: 13/13, tau=0.999: 13/13;  kappa median 2.0, max 17.0;  lower bound k*_out(tau) >= k*_ortho(tau'') on tau=0.9: 13/13, tau=0.95: 13/13, tau=0.99: 13/13, tau=0.999: 13/13
wrote ../results/a18/decompose/vgg16_bn_uniform_s2_epoch_003_decompose.csv
vgg16_bn_uniform_s1_epoch_005 (../results/a18/vgg16_bn_uniform_s1/epoch_005.pt): 13 dense conv layers, 151s
vgg16_bn_uniform_s2_epoch_005 (../results/a18/vgg16_bn_uniform_s2/epoch_005.pt): 13 dense conv layers, 151s
vgg16_bn_uniform_s0_epoch_005 (../results/a18/vgg16_bn_uniform_s0/epoch_005.pt): 13 dense conv layers, 153s
      layer    d  C_out    n_over_d  out_0.95  kernel_0.95  data_0.95  ortho_0.95  kernel_erank_over_rmax
 features.0   27     37 5925.925926  0.259259     0.592593   0.185185    0.185185                0.488999
 features.3  333     37  480.480480  0.432432     0.918919   1.000000    0.513514                0.905698
 features.7  333     75  480.480480  0.426667     0.853333   1.000000    0.600000                0.842543
features.10  675     75  237.037037  0.573333     0.906667   1.000000    0.680000                0.926849
features.14  675    149  237.037037  0.416107     0.865772   1.000000    0.610738                0.861884
features.17 1341    149  119.313945  0.557047     0.906040   1.000000    0.664430                0.935471
features.20 1341    149  119.313945  0.610738     0.906040   1.000000    0.704698                0.937490
features.24 1341    298  119.313945  0.432886     0.865772   1.000000    0.600671                0.879645
features.27 2682    298   59.656972  0.533557     0.902685   1.000000    0.627517                0.942276
features.30 2682    298   59.656972  0.526846     0.906040   1.000000    0.610738                0.943818
features.34 2682    298   14.914243  0.228188     0.906040   1.000000    0.298658                0.943835
features.37 2682    298   14.914243  0.130872     0.906040   0.983221    0.157718                0.944520
features.40 2682    298   14.914243  0.087248     0.906040   0.302013    0.097315                0.943680
Proposition 1 check: Ostrowski ratios within [s_min^2, s_max^2] on 13/13 layers; k*_out(tau) <= k*_ortho(tau') on tau=0.9: 13/13, tau=0.95: 13/13, tau=0.99: 13/13, tau=0.999: 13/13;  kappa median 2.2, max 17.0;  lower bound k*_out(tau) >= k*_ortho(tau'') on tau=0.9: 13/13, tau=0.95: 13/13, tau=0.99: 13/13, tau=0.999: 13/13
wrote ../results/a18/decompose/vgg16_bn_uniform_s1_epoch_005_decompose.csv
      layer    d  C_out    n_over_d  out_0.95  kernel_0.95  data_0.95  ortho_0.95  kernel_erank_over_rmax
 features.0   27     37 5925.925926  0.259259     0.592593   0.185185    0.185185                0.510628
 features.3  333     37  480.480480  0.432432     0.918919   1.000000    0.513514                0.911903
 features.7  333     75  480.480480  0.453333     0.853333   1.000000    0.613333                0.841010
features.10  675     75  237.037037  0.560000     0.906667   1.000000    0.680000                0.925114
features.14  675    149  237.037037  0.409396     0.859060   1.000000    0.604027                0.859551
features.17 1341    149  119.313945  0.550336     0.906040   1.000000    0.657718                0.933493
features.20 1341    149  119.313945  0.590604     0.906040   1.000000    0.691275                0.936878
features.24 1341    298  119.313945  0.429530     0.865772   1.000000    0.593960                0.879383
features.27 2682    298   59.656972  0.516779     0.902685   1.000000    0.610738                0.942132
features.30 2682    298   59.656972  0.520134     0.902685   1.000000    0.604027                0.943297
features.34 2682    298   14.914243  0.224832     0.906040   1.000000    0.298658                0.943739
features.37 2682    298   14.914243  0.127517     0.902685   0.949664    0.154362                0.943522
features.40 2682    298   14.914243  0.087248     0.902685   0.291946    0.097315                0.943398
Proposition 1 check: Ostrowski ratios within [s_min^2, s_max^2] on 13/13 layers; k*_out(tau) <= k*_ortho(tau') on tau=0.9: 13/13, tau=0.95: 13/13, tau=0.99: 13/13, tau=0.999: 13/13;  kappa median 2.2, max 22.8;  lower bound k*_out(tau) >= k*_ortho(tau'') on tau=0.9: 13/13, tau=0.95: 13/13, tau=0.99: 13/13, tau=0.999: 13/13
wrote ../results/a18/decompose/vgg16_bn_uniform_s2_epoch_005_decompose.csv
      layer    d  C_out    n_over_d  out_0.95  kernel_0.95  data_0.95  ortho_0.95  kernel_erank_over_rmax
 features.0   27     37 5925.925926  0.259259     0.555556   0.185185    0.185185                0.506029
 features.3  333     37  480.480480  0.459459     0.891892   1.000000    0.567568                0.901424
 features.7  333     75  480.480480  0.466667     0.853333   1.000000    0.640000                0.837355
features.10  675     75  237.037037  0.573333     0.906667   1.000000    0.680000                0.926376
features.14  675    149  237.037037  0.409396     0.859060   1.000000    0.604027                0.857629
features.17 1341    149  119.313945  0.557047     0.906040   1.000000    0.664430                0.933378
features.20 1341    149  119.313945  0.597315     0.906040   1.000000    0.697987                0.938309
features.24 1341    298  119.313945  0.432886     0.865772   1.000000    0.593960                0.879448
features.27 2682    298   59.656972  0.520134     0.902685   1.000000    0.614094                0.941634
features.30 2682    298   59.656972  0.520134     0.906040   1.000000    0.604027                0.943279
features.34 2682    298   14.914243  0.224832     0.906040   1.000000    0.291946                0.943861
features.37 2682    298   14.914243  0.127517     0.906040   0.942953    0.154362                0.944801
features.40 2682    298   14.914243  0.090604     0.906040   0.315436    0.100671                0.944150
Proposition 1 check: Ostrowski ratios within [s_min^2, s_max^2] on 13/13 layers; k*_out(tau) <= k*_ortho(tau') on tau=0.9: 13/13, tau=0.95: 13/13, tau=0.99: 13/13, tau=0.999: 13/13;  kappa median 2.2, max 15.4;  lower bound k*_out(tau) >= k*_ortho(tau'') on tau=0.9: 13/13, tau=0.95: 13/13, tau=0.99: 13/13, tau=0.999: 13/13
wrote ../results/a18/decompose/vgg16_bn_uniform_s0_epoch_005_decompose.csv
vgg16_bn_uniform_s1_epoch_007 (../results/a18/vgg16_bn_uniform_s1/epoch_007.pt): 13 dense conv layers, 154s
vgg16_bn_uniform_s2_epoch_007 (../results/a18/vgg16_bn_uniform_s2/epoch_007.pt): 13 dense conv layers, 156s
vgg16_bn_uniform_s0_epoch_007 (../results/a18/vgg16_bn_uniform_s0/epoch_007.pt): 13 dense conv layers, 159s
      layer    d  C_out    n_over_d  out_0.95  kernel_0.95  data_0.95  ortho_0.95  kernel_erank_over_rmax
 features.0   27     37 5925.925926  0.296296     0.518519   0.185185    0.185185                0.468088
 features.3  333     37  480.480480  0.405405     0.891892   1.000000    0.540541                0.867937
 features.7  333     75  480.480480  0.413333     0.840000   1.000000    0.613333                0.793428
features.10  675     75  237.037037  0.506667     0.893333   1.000000    0.666667                0.906757
features.14  675    149  237.037037  0.389262     0.852349   1.000000    0.604027                0.825212
features.17 1341    149  119.313945  0.496644     0.899329   1.000000    0.644295                0.920025
features.20 1341    149  119.313945  0.536913     0.899329   1.000000    0.664430                0.924185
features.24 1341    298  119.313945  0.365772     0.859060   1.000000    0.563758                0.858089
features.27 2682    298   59.656972  0.442953     0.902685   1.000000    0.563758                0.936229
features.30 2682    298   59.656972  0.422819     0.902685   1.000000    0.523490                0.939979
features.34 2682    298   14.914243  0.167785     0.902685   1.000000    0.238255                0.940614
features.37 2682    298   14.914243  0.117450     0.902685   0.714765    0.130872                0.942352
features.40 2682    298   14.914243  0.083893     0.902685   0.211409    0.097315                0.940191
Proposition 1 check: Ostrowski ratios within [s_min^2, s_max^2] on 13/13 layers; k*_out(tau) <= k*_ortho(tau') on tau=0.9: 13/13, tau=0.95: 13/13, tau=0.99: 13/13, tau=0.999: 13/13;  kappa median 2.5, max 18.7;  lower bound k*_out(tau) >= k*_ortho(tau'') on tau=0.9: 13/13, tau=0.95: 13/13, tau=0.99: 13/13, tau=0.999: 13/13
wrote ../results/a18/decompose/vgg16_bn_uniform_s1_epoch_007_decompose.csv
      layer    d  C_out    n_over_d  out_0.95  kernel_0.95  data_0.95  ortho_0.95  kernel_erank_over_rmax
 features.0   27     37 5925.925926  0.296296     0.518519   0.185185    0.185185                0.490253
 features.3  333     37  480.480480  0.432432     0.891892   1.000000    0.540541                0.879813
 features.7  333     75  480.480480  0.426667     0.840000   1.000000    0.626667                0.795503
features.10  675     75  237.037037  0.506667     0.893333   1.000000    0.666667                0.902681
features.14  675    149  237.037037  0.375839     0.852349   1.000000    0.597315                0.824545
features.17 1341    149  119.313945  0.496644     0.899329   1.000000    0.637584                0.918589
features.20 1341    149  119.313945  0.530201     0.899329   1.000000    0.657718                0.924495
features.24 1341    298  119.313945  0.379195     0.859060   1.000000    0.577181                0.857727
features.27 2682    298   59.656972  0.456376     0.902685   1.000000    0.570470                0.936495
features.30 2682    298   59.656972  0.436242     0.902685   1.000000    0.540268                0.939538
features.34 2682    298   14.914243  0.157718     0.902685   1.000000    0.224832                0.940708
features.37 2682    298   14.914243  0.110738     0.902685   0.627517    0.124161                0.941558
features.40 2682    298   14.914243  0.080537     0.902685   0.191275    0.090604                0.940022
Proposition 1 check: Ostrowski ratios within [s_min^2, s_max^2] on 13/13 layers; k*_out(tau) <= k*_ortho(tau') on tau=0.9: 13/13, tau=0.95: 13/13, tau=0.99: 13/13, tau=0.999: 13/13;  kappa median 2.5, max 21.8;  lower bound k*_out(tau) >= k*_ortho(tau'') on tau=0.9: 13/13, tau=0.95: 13/13, tau=0.99: 13/13, tau=0.999: 13/13
wrote ../results/a18/decompose/vgg16_bn_uniform_s2_epoch_007_decompose.csv
      layer    d  C_out    n_over_d  out_0.95  kernel_0.95  data_0.95  ortho_0.95  kernel_erank_over_rmax
 features.0   27     37 5925.925926  0.296296     0.481481   0.185185    0.185185                0.476910
 features.3  333     37  480.480480  0.432432     0.891892   1.000000    0.540541                0.866401
 features.7  333     75  480.480480  0.426667     0.840000   1.000000    0.626667                0.792485
features.10  675     75  237.037037  0.506667     0.893333   1.000000    0.653333                0.905545
features.14  675    149  237.037037  0.375839     0.852349   1.000000    0.604027                0.821352
features.17 1341    149  119.313945  0.510067     0.899329   1.000000    0.651007                0.917260
features.20 1341    149  119.313945  0.543624     0.899329   1.000000    0.671141                0.926103
features.24 1341    298  119.313945  0.399329     0.862416   1.000000    0.593960                0.858264
features.27 2682    298   59.656972  0.483221     0.902685   1.000000    0.604027                0.935535
features.30 2682    298   59.656972  0.469799     0.902685   1.000000    0.573826                0.939697
features.34 2682    298   14.914243  0.187919     0.902685   1.000000    0.265101                0.940990
features.37 2682    298   14.914243  0.117450     0.902685   0.751678    0.130872                0.942715
features.40 2682    298   14.914243  0.087248     0.906040   0.218121    0.100671                0.940870
Proposition 1 check: Ostrowski ratios within [s_min^2, s_max^2] on 13/13 layers; k*_out(tau) <= k*_ortho(tau') on tau=0.9: 13/13, tau=0.95: 13/13, tau=0.99: 13/13, tau=0.999: 13/13;  kappa median 2.5, max 16.4;  lower bound k*_out(tau) >= k*_ortho(tau'') on tau=0.9: 13/13, tau=0.95: 13/13, tau=0.99: 13/13, tau=0.999: 13/13
wrote ../results/a18/decompose/vgg16_bn_uniform_s0_epoch_007_decompose.csv
vgg16_bn_uniform_s1_epoch_010 (../results/a18/vgg16_bn_uniform_s1/epoch_010.pt): 13 dense conv layers, 160s
vgg16_bn_uniform_s2_epoch_010 (../results/a18/vgg16_bn_uniform_s2/epoch_010.pt): 13 dense conv layers, 163s
vgg16_bn_uniform_s0_epoch_010 (../results/a18/vgg16_bn_uniform_s0/epoch_010.pt): 13 dense conv layers, 161s
      layer    d  C_out    n_over_d  out_0.95  kernel_0.95  data_0.95  ortho_0.95  kernel_erank_over_rmax
 features.0   27     37 5925.925926  0.296296     0.481481   0.185185    0.185185                0.445500
 features.3  333     37  480.480480  0.405405     0.864865   1.000000    0.540541                0.799938
 features.7  333     75  480.480480  0.386667     0.800000   1.000000    0.640000                0.712004
features.10  675     75  237.037037  0.466667     0.880000   1.000000    0.666667                0.853700
features.14  675    149  237.037037  0.355705     0.825503   1.000000    0.617450                0.750001
features.17 1341    149  119.313945  0.442953     0.885906   1.000000    0.637584                0.873867
features.20 1341    149  119.313945  0.476510     0.885906   1.000000    0.657718                0.885983
features.24 1341    298  119.313945  0.318792     0.845638   1.000000    0.570470                0.797437
features.27 2682    298   59.656972  0.365772     0.899329   1.000000    0.536913                0.913903
features.30 2682    298   59.656972  0.318792     0.899329   1.000000    0.456376                0.924564
features.34 2682    298   14.914243  0.124161     0.902685   1.000000    0.174497                0.928815
features.37 2682    298   14.914243  0.110738     0.902685   0.510067    0.120805                0.934880
features.40 2682    298   14.914243  0.083893     0.902685   0.164430    0.100671                0.927216
Proposition 1 check: Ostrowski ratios within [s_min^2, s_max^2] on 13/13 layers; k*_out(tau) <= k*_ortho(tau') on tau=0.9: 13/13, tau=0.95: 13/13, tau=0.99: 13/13, tau=0.999: 13/13;  kappa median 3.0, max 26.1;  lower bound k*_out(tau) >= k*_ortho(tau'') on tau=0.9: 13/13, tau=0.95: 13/13, tau=0.99: 13/13, tau=0.999: 13/13
wrote ../results/a18/decompose/vgg16_bn_uniform_s1_epoch_010_decompose.csv
      layer    d  C_out    n_over_d  out_0.95  kernel_0.95  data_0.95  ortho_0.95  kernel_erank_over_rmax
 features.0   27     37 5925.925926  0.296296     0.481481   0.185185    0.185185                0.456994
 features.3  333     37  480.480480  0.432432     0.864865   1.000000    0.567568                0.807613
 features.7  333     75  480.480480  0.400000     0.813333   1.000000    0.640000                0.714016
features.10  675     75  237.037037  0.453333     0.880000   1.000000    0.653333                0.854712
features.14  675    149  237.037037  0.355705     0.825503   1.000000    0.624161                0.743588
features.17 1341    149  119.313945  0.436242     0.885906   1.000000    0.637584                0.872724
features.20 1341    149  119.313945  0.469799     0.885906   1.000000    0.651007                0.885632
features.24 1341    298  119.313945  0.322148     0.845638   1.000000    0.573826                0.794927
features.27 2682    298   59.656972  0.365772     0.899329   1.000000    0.533557                0.914459
features.30 2682    298   59.656972  0.328859     0.899329   1.000000    0.466443                0.924771
features.34 2682    298   14.914243  0.127517     0.902685   1.000000    0.177852                0.929545
features.37 2682    298   14.914243  0.110738     0.902685   0.476510    0.120805                0.934367
features.40 2682    298   14.914243  0.083893     0.902685   0.161074    0.100671                0.927285
Proposition 1 check: Ostrowski ratios within [s_min^2, s_max^2] on 13/13 layers; k*_out(tau) <= k*_ortho(tau') on tau=0.9: 13/13, tau=0.95: 13/13, tau=0.99: 13/13, tau=0.999: 13/13;  kappa median 3.0, max 25.9;  lower bound k*_out(tau) >= k*_ortho(tau'') on tau=0.9: 13/13, tau=0.95: 13/13, tau=0.99: 13/13, tau=0.999: 13/13
wrote ../results/a18/decompose/vgg16_bn_uniform_s2_epoch_010_decompose.csv
      layer    d  C_out    n_over_d  out_0.95  kernel_0.95  data_0.95  ortho_0.95  kernel_erank_over_rmax
 features.0   27     37 5925.925926  0.296296     0.444444   0.185185    0.185185                0.446454
 features.3  333     37  480.480480  0.432432     0.864865   1.000000    0.567568                0.803143
 features.7  333     75  480.480480  0.400000     0.813333   1.000000    0.640000                0.712579
features.10  675     75  237.037037  0.480000     0.880000   1.000000    0.666667                0.854002
features.14  675    149  237.037037  0.355705     0.825503   1.000000    0.624161                0.747739
features.17 1341    149  119.313945  0.449664     0.885906   1.000000    0.644295                0.869646
features.20 1341    149  119.313945  0.463087     0.892617   1.000000    0.644295                0.887847
features.24 1341    298  119.313945  0.315436     0.845638   1.000000    0.560403                0.797204
features.27 2682    298   59.656972  0.359060     0.899329   1.000000    0.533557                0.912733
features.30 2682    298   59.656972  0.325503     0.899329   1.000000    0.466443                0.924194
features.34 2682    298   14.914243  0.124161     0.902685   1.000000    0.174497                0.929334
features.37 2682    298   14.914243  0.110738     0.902685   0.453020    0.117450                0.935346
features.40 2682    298   14.914243  0.087248     0.902685   0.161074    0.104027                0.928393
Proposition 1 check: Ostrowski ratios within [s_min^2, s_max^2] on 13/13 layers; k*_out(tau) <= k*_ortho(tau') on tau=0.9: 13/13, tau=0.95: 13/13, tau=0.99: 13/13, tau=0.999: 13/13;  kappa median 3.1, max 21.8;  lower bound k*_out(tau) >= k*_ortho(tau'') on tau=0.9: 13/13, tau=0.95: 13/13, tau=0.99: 13/13, tau=0.999: 13/13
wrote ../results/a18/decompose/vgg16_bn_uniform_s0_epoch_010_decompose.csv
vgg16_bn_uniform_s1_epoch_015 (../results/a18/vgg16_bn_uniform_s1/epoch_015.pt): 13 dense conv layers, 116s
vgg16_bn_uniform_s2_epoch_015 (../results/a18/vgg16_bn_uniform_s2/epoch_015.pt): 13 dense conv layers, 117s
vgg16_bn_uniform_s0_epoch_015 (../results/a18/vgg16_bn_uniform_s0/epoch_015.pt): 13 dense conv layers, 117s
      layer    d  C_out    n_over_d  out_0.95  kernel_0.95  data_0.95  ortho_0.95  kernel_erank_over_rmax
 features.0   27     37 5925.925926  0.296296     0.444444   0.185185    0.185185                0.420148
 features.3  333     37  480.480480  0.405405     0.810811   1.000000    0.621622                0.695536
 features.7  333     75  480.480480  0.373333     0.720000   1.000000    0.666667                0.602899
features.10  675     75  237.037037  0.440000     0.840000   1.000000    0.693333                0.761415
features.14  675    149  237.037037  0.348993     0.758389   1.000000    0.671141                0.642739
features.17 1341    149  119.313945  0.416107     0.845638   1.000000    0.684564                0.761267
features.20 1341    149  119.313945  0.449664     0.852349   1.000000    0.697987                0.790404
features.24 1341    298  119.313945  0.268456     0.791946   1.000000    0.604027                0.635922
features.27 2682    298   59.656972  0.248322     0.875839   1.000000    0.489933                0.801026
features.30 2682    298   59.656972  0.218121     0.882550   1.000000    0.382550                0.843848
features.34 2682    298   14.914243  0.107383     0.889262   1.000000    0.134228                0.858142
features.37 2682    298   14.914243  0.104027     0.895973   0.288591    0.117450                0.887725
features.40 2682    298   14.914243  0.090604     0.892617   0.134228    0.110738                0.861258
Proposition 1 check: Ostrowski ratios within [s_min^2, s_max^2] on 13/13 layers; k*_out(tau) <= k*_ortho(tau') on tau=0.9: 13/13, tau=0.95: 13/13, tau=0.99: 13/13, tau=0.999: 13/13;  kappa median 4.2, max 50.2;  lower bound k*_out(tau) >= k*_ortho(tau'') on tau=0.9: 13/13, tau=0.95: 13/13, tau=0.99: 13/13, tau=0.999: 13/13
wrote ../results/a18/decompose/vgg16_bn_uniform_s1_epoch_015_decompose.csv
      layer    d  C_out    n_over_d  out_0.95  kernel_0.95  data_0.95  ortho_0.95  kernel_erank_over_rmax
 features.0   27     37 5925.925926  0.296296     0.407407   0.185185    0.185185                0.412711
 features.3  333     37  480.480480  0.432432     0.783784   1.000000    0.594595                0.703961
 features.7  333     75  480.480480  0.386667     0.733333   1.000000    0.680000                0.612844
features.10  675     75  237.037037  0.453333     0.840000   1.000000    0.693333                0.764729
features.14  675    149  237.037037  0.348993     0.758389   1.000000    0.671141                0.638542
features.17 1341    149  119.313945  0.409396     0.845638   1.000000    0.684564                0.759360
features.20 1341    149  119.313945  0.436242     0.852349   1.000000    0.691275                0.792491
features.24 1341    298  119.313945  0.265101     0.791946   1.000000    0.600671                0.635196
features.27 2682    298   59.656972  0.251678     0.875839   1.000000    0.496644                0.803304
features.30 2682    298   59.656972  0.228188     0.882550   1.000000    0.399329                0.842422
features.34 2682    298   14.914243  0.107383     0.889262   1.000000    0.130872                0.857726
features.37 2682    298   14.914243  0.104027     0.892617   0.275168    0.114094                0.887024
features.40 2682    298   14.914243  0.090604     0.892617   0.130872    0.107383                0.864214
Proposition 1 check: Ostrowski ratios within [s_min^2, s_max^2] on 13/13 layers; k*_out(tau) <= k*_ortho(tau') on tau=0.9: 13/13, tau=0.95: 13/13, tau=0.99: 13/13, tau=0.999: 13/13;  kappa median 4.1, max 54.5;  lower bound k*_out(tau) >= k*_ortho(tau'') on tau=0.9: 13/13, tau=0.95: 13/13, tau=0.99: 13/13, tau=0.999: 13/13
wrote ../results/a18/decompose/vgg16_bn_uniform_s2_epoch_015_decompose.csv
      layer    d  C_out    n_over_d  out_0.95  kernel_0.95  data_0.95  ortho_0.95  kernel_erank_over_rmax
 features.0   27     37 5925.925926  0.296296     0.407407   0.185185    0.185185                0.413806
 features.3  333     37  480.480480  0.405405     0.810811   1.000000    0.594595                0.700639
 features.7  333     75  480.480480  0.373333     0.720000   1.000000    0.680000                0.593840
features.10  675     75  237.037037  0.440000     0.840000   1.000000    0.680000                0.764350
features.14  675    149  237.037037  0.348993     0.758389   1.000000    0.677852                0.649768
features.17 1341    149  119.313945  0.416107     0.845638   1.000000    0.684564                0.755555
features.20 1341    149  119.313945  0.429530     0.852349   1.000000    0.684564                0.798815
features.24 1341    298  119.313945  0.271812     0.791946   1.000000    0.600671                0.637898
features.27 2682    298   59.656972  0.244966     0.875839   1.000000    0.493289                0.798932
features.30 2682    298   59.656972  0.214765     0.882550   1.000000    0.375839                0.843897
features.34 2682    298   14.914243  0.107383     0.889262   1.000000    0.130872                0.859776
features.37 2682    298   14.914243  0.107383     0.895973   0.261745    0.117450                0.889150
features.40 2682    298   14.914243  0.097315     0.892617   0.134228    0.114094                0.865828
Proposition 1 check: Ostrowski ratios within [s_min^2, s_max^2] on 13/13 layers; k*_out(tau) <= k*_ortho(tau') on tau=0.9: 13/13, tau=0.95: 13/13, tau=0.99: 13/13, tau=0.999: 13/13;  kappa median 4.0, max 47.2;  lower bound k*_out(tau) >= k*_ortho(tau'') on tau=0.9: 13/13, tau=0.95: 13/13, tau=0.99: 13/13, tau=0.999: 13/13
wrote ../results/a18/decompose/vgg16_bn_uniform_s0_epoch_015_decompose.csv
vgg16_bn_uniform_s1_epoch_020 (../results/a18/vgg16_bn_uniform_s1/epoch_020.pt): 13 dense conv layers, 114s
vgg16_bn_uniform_s2_epoch_020 (../results/a18/vgg16_bn_uniform_s2/epoch_020.pt): 13 dense conv layers, 116s
vgg16_bn_uniform_s0_epoch_020 (../results/a18/vgg16_bn_uniform_s0/epoch_020.pt): 13 dense conv layers, 116s
      layer    d  C_out    n_over_d  out_0.95  kernel_0.95  data_0.95  ortho_0.95  kernel_erank_over_rmax
 features.0   27     37 5925.925926  0.296296     0.407407   0.185185    0.185185                0.391143
 features.3  333     37  480.480480  0.405405     0.729730   1.000000    0.648649                0.653913
 features.7  333     75  480.480480  0.373333     0.666667   1.000000    0.693333                0.558196
features.10  675     75  237.037037  0.440000     0.813333   1.000000    0.706667                0.732082
features.14  675    149  237.037037  0.355705     0.724832   1.000000    0.697987                0.615205
features.17 1341    149  119.313945  0.402685     0.798658   1.000000    0.711409                0.689665
features.20 1341    149  119.313945  0.436242     0.818792   1.000000    0.718121                0.737464
features.24 1341    298  119.313945  0.248322     0.711409   1.000000    0.630872                0.519891
features.27 2682    298   59.656972  0.201342     0.818792   1.000000    0.510067                0.596463
features.30 2682    298   59.656972  0.184564     0.842282   1.000000    0.389262                0.667402
features.34 2682    298   14.914243  0.104027     0.855705   0.989933    0.127517                0.653274
features.37 2682    298   14.914243  0.104027     0.869128   0.194631    0.117450                0.715769
features.40 2682    298   14.914243  0.100671     0.862416   0.130872    0.114094                0.689460
Proposition 1 check: Ostrowski ratios within [s_min^2, s_max^2] on 13/13 layers; k*_out(tau) <= k*_ortho(tau') on tau=0.9: 13/13, tau=0.95: 13/13, tau=0.99: 13/13, tau=0.999: 13/13;  kappa median 6.0, max 111.9;  lower bound k*_out(tau) >= k*_ortho(tau'') on tau=0.9: 13/13, tau=0.95: 13/13, tau=0.99: 13/13, tau=0.999: 13/13
wrote ../results/a18/decompose/vgg16_bn_uniform_s1_epoch_020_decompose.csv
      layer    d  C_out    n_over_d  out_0.95  kernel_0.95  data_0.95  ortho_0.95  kernel_erank_over_rmax
 features.0   27     37 5925.925926  0.296296     0.407407   0.185185    0.185185                0.391699
 features.3  333     37  480.480480  0.432432     0.729730   1.000000    0.648649                0.649033
 features.7  333     75  480.480480  0.386667     0.680000   1.000000    0.693333                0.569694
features.10  675     75  237.037037  0.440000     0.813333   1.000000    0.706667                0.725067
features.14  675    149  237.037037  0.355705     0.718121   1.000000    0.704698                0.606350
features.17 1341    149  119.313945  0.402685     0.798658   1.000000    0.704698                0.693767
features.20 1341    149  119.313945  0.436242     0.825503   1.000000    0.711409                0.743150
features.24 1341    298  119.313945  0.261745     0.714765   1.000000    0.651007                0.522243
features.27 2682    298   59.656972  0.204698     0.818792   1.000000    0.520134                0.600861
features.30 2682    298   59.656972  0.191275     0.838926   1.000000    0.385906                0.667693
features.34 2682    298   14.914243  0.104027     0.852349   0.979866    0.124161                0.651557
features.37 2682    298   14.914243  0.104027     0.865772   0.187919    0.114094                0.715793
features.40 2682    298   14.914243  0.100671     0.865772   0.127517    0.114094                0.694142
Proposition 1 check: Ostrowski ratios within [s_min^2, s_max^2] on 13/13 layers; k*_out(tau) <= k*_ortho(tau') on tau=0.9: 13/13, tau=0.95: 13/13, tau=0.99: 13/13, tau=0.999: 13/13;  kappa median 5.9, max 81.3;  lower bound k*_out(tau) >= k*_ortho(tau'') on tau=0.9: 13/13, tau=0.95: 13/13, tau=0.99: 13/13, tau=0.999: 13/13
wrote ../results/a18/decompose/vgg16_bn_uniform_s2_epoch_020_decompose.csv
      layer    d  C_out    n_over_d  out_0.95  kernel_0.95  data_0.95  ortho_0.95  kernel_erank_over_rmax
 features.0   27     37 5925.925926  0.296296     0.407407   0.185185    0.185185                0.396041
 features.3  333     37  480.480480  0.432432     0.729730   1.000000    0.648649                0.654072
 features.7  333     75  480.480480  0.373333     0.666667   1.000000    0.706667                0.550058
features.10  675     75  237.037037  0.440000     0.813333   1.000000    0.693333                0.728057
features.14  675    149  237.037037  0.355705     0.718121   1.000000    0.704698                0.620494
features.17 1341    149  119.313945  0.416107     0.798658   1.000000    0.718121                0.686405
features.20 1341    149  119.313945  0.436242     0.825503   1.000000    0.718121                0.747064
features.24 1341    298  119.313945  0.255034     0.714765   1.000000    0.637584                0.525103
features.27 2682    298   59.656972  0.204698     0.818792   1.000000    0.520134                0.597320
features.30 2682    298   59.656972  0.187919     0.842282   1.000000    0.385906                0.672279
features.34 2682    298   14.914243  0.100671     0.855705   0.953020    0.124161                0.656805
features.37 2682    298   14.914243  0.104027     0.869128   0.194631    0.117450                0.722510
features.40 2682    298   14.914243  0.100671     0.865772   0.130872    0.114094                0.700342
Proposition 1 check: Ostrowski ratios within [s_min^2, s_max^2] on 13/13 layers; k*_out(tau) <= k*_ortho(tau') on tau=0.9: 13/13, tau=0.95: 13/13, tau=0.99: 13/13, tau=0.999: 13/13;  kappa median 6.2, max 77.8;  lower bound k*_out(tau) >= k*_ortho(tau'') on tau=0.9: 13/13, tau=0.95: 13/13, tau=0.99: 13/13, tau=0.999: 13/13
wrote ../results/a18/decompose/vgg16_bn_uniform_s0_epoch_020_decompose.csv
vgg16_bn_uniform_s1_epoch_030 (../results/a18/vgg16_bn_uniform_s1/epoch_030.pt): 13 dense conv layers, 127s
vgg16_bn_uniform_s2_epoch_030 (../results/a18/vgg16_bn_uniform_s2/epoch_030.pt): 13 dense conv layers, 128s
vgg16_bn_uniform_s0_epoch_030 (../results/a18/vgg16_bn_uniform_s0/epoch_030.pt): 13 dense conv layers, 130s
      layer    d  C_out    n_over_d  out_0.95  kernel_0.95  data_0.95  ortho_0.95  kernel_erank_over_rmax
 features.0   27     37 5925.925926  0.296296     0.407407   0.185185    0.185185                0.386854
 features.3  333     37  480.480480  0.432432     0.702703   1.000000    0.675676                0.630777
 features.7  333     75  480.480480  0.400000     0.653333   1.000000    0.720000                0.551472
features.10  675     75  237.037037  0.453333     0.800000   1.000000    0.720000                0.722978
features.14  675    149  237.037037  0.375839     0.711409   1.000000    0.718121                0.623126
features.17 1341    149  119.313945  0.429530     0.778523   1.000000    0.731544                0.678305
features.20 1341    149  119.313945  0.469799     0.812081   1.000000    0.744966                0.732717
features.24 1341    298  119.313945  0.265101     0.651007   1.000000    0.671141                0.480219
features.27 2682    298   59.656972  0.187919     0.661074   1.000000    0.557047                0.412882
features.30 2682    298   59.656972  0.167785     0.681208   1.000000    0.409396                0.431418
features.34 2682    298   14.914243  0.097315     0.540268   0.694631    0.127517                0.233623
features.37 2682    298   14.914243  0.100671     0.570470   0.130872    0.114094                0.243511
features.40 2682    298   14.914243  0.100671     0.546980   0.124161    0.114094                0.244265
Proposition 1 check: Ostrowski ratios within [s_min^2, s_max^2] on 13/13 layers; k*_out(tau) <= k*_ortho(tau') on tau=0.9: 13/13, tau=0.95: 13/13, tau=0.99: 13/13, tau=0.999: 13/13;  kappa median 11.7, max 216.8;  lower bound k*_out(tau) >= k*_ortho(tau'') on tau=0.9: 13/13, tau=0.95: 13/13, tau=0.99: 13/13, tau=0.999: 13/13
wrote ../results/a18/decompose/vgg16_bn_uniform_s1_epoch_030_decompose.csv
      layer    d  C_out    n_over_d  out_0.95  kernel_0.95  data_0.95  ortho_0.95  kernel_erank_over_rmax
 features.0   27     37 5925.925926  0.296296     0.407407   0.185185    0.185185                0.377094
 features.3  333     37  480.480480  0.432432     0.702703   1.000000    0.675676                0.639572
 features.7  333     75  480.480480  0.400000     0.653333   1.000000    0.720000                0.551379
features.10  675     75  237.037037  0.453333     0.800000   1.000000    0.706667                0.718911
features.14  675    149  237.037037  0.382550     0.711409   1.000000    0.718121                0.611499
features.17 1341    149  119.313945  0.422819     0.778523   1.000000    0.731544                0.677855
features.20 1341    149  119.313945  0.456376     0.812081   1.000000    0.738255                0.732745
features.24 1341    298  119.313945  0.261745     0.657718   1.000000    0.657718                0.484515
features.27 2682    298   59.656972  0.177852     0.664430   1.000000    0.530201                0.413073
features.30 2682    298   59.656972  0.167785     0.684564   1.000000    0.406040                0.428620
features.34 2682    298   14.914243  0.100671     0.540268   0.734899    0.127517                0.235235
features.37 2682    298   14.914243  0.100671     0.570470   0.134228    0.117450                0.242053
features.40 2682    298   14.914243  0.100671     0.546980   0.124161    0.114094                0.241655
Proposition 1 check: Ostrowski ratios within [s_min^2, s_max^2] on 13/13 layers; k*_out(tau) <= k*_ortho(tau') on tau=0.9: 13/13, tau=0.95: 13/13, tau=0.99: 13/13, tau=0.999: 13/13;  kappa median 11.4, max 242.7;  lower bound k*_out(tau) >= k*_ortho(tau'') on tau=0.9: 13/13, tau=0.95: 13/13, tau=0.99: 13/13, tau=0.999: 13/13
wrote ../results/a18/decompose/vgg16_bn_uniform_s2_epoch_030_decompose.csv
      layer    d  C_out    n_over_d  out_0.95  kernel_0.95  data_0.95  ortho_0.95  kernel_erank_over_rmax
 features.0   27     37 5925.925926  0.296296     0.407407   0.185185    0.185185                0.378451
 features.3  333     37  480.480480  0.432432     0.702703   1.000000    0.675676                0.631932
 features.7  333     75  480.480480  0.373333     0.653333   1.000000    0.720000                0.538631
features.10  675     75  237.037037  0.440000     0.800000   1.000000    0.720000                0.714280
features.14  675    149  237.037037  0.389262     0.718121   1.000000    0.724832                0.628978
features.17 1341    149  119.313945  0.422819     0.778523   1.000000    0.738255                0.670536
features.20 1341    149  119.313945  0.456376     0.812081   1.000000    0.738255                0.737928
features.24 1341    298  119.313945  0.258389     0.654362   1.000000    0.667785                0.482561
features.27 2682    298   59.656972  0.187919     0.657718   1.000000    0.550336                0.406651
features.30 2682    298   59.656972  0.174497     0.681208   1.000000    0.422819                0.427404
features.34 2682    298   14.914243  0.097315     0.540268   0.802013    0.127517                0.231735
features.37 2682    298   14.914243  0.100671     0.573826   0.134228    0.114094                0.243293
features.40 2682    298   14.914243  0.100671     0.550336   0.120805    0.114094                0.247983
Proposition 1 check: Ostrowski ratios within [s_min^2, s_max^2] on 13/13 layers; k*_out(tau) <= k*_ortho(tau') on tau=0.9: 13/13, tau=0.95: 13/13, tau=0.99: 13/13, tau=0.999: 13/13;  kappa median 11.9, max 320.7;  lower bound k*_out(tau) >= k*_ortho(tau'') on tau=0.9: 13/13, tau=0.95: 13/13, tau=0.99: 13/13, tau=0.999: 13/13
wrote ../results/a18/decompose/vgg16_bn_uniform_s0_epoch_030_decompose.csv
vgg16_bn_uniform_s1_epoch_040 (../results/a18/vgg16_bn_uniform_s1/epoch_040.pt): 13 dense conv layers, 137s
vgg16_bn_uniform_s2_epoch_040 (../results/a18/vgg16_bn_uniform_s2/epoch_040.pt): 13 dense conv layers, 137s
vgg16_bn_uniform_s0_epoch_040 (../results/a18/vgg16_bn_uniform_s0/epoch_040.pt): 13 dense conv layers, 139s
      layer    d  C_out    n_over_d  out_0.95  kernel_0.95  data_0.95  ortho_0.95  kernel_erank_over_rmax
 features.0   27     37 5925.925926  0.296296     0.407407   0.185185    0.185185                0.378761
 features.3  333     37  480.480480  0.432432     0.702703   1.000000    0.702703                0.638635
 features.7  333     75  480.480480  0.400000     0.653333   1.000000    0.720000                0.545097
features.10  675     75  237.037037  0.466667     0.813333   1.000000    0.733333                0.726995
features.14  675    149  237.037037  0.389262     0.724832   1.000000    0.731544                0.637895
features.17 1341    149  119.313945  0.436242     0.785235   1.000000    0.738255                0.687125
features.20 1341    149  119.313945  0.469799     0.818792   1.000000    0.751678                0.743813
features.24 1341    298  119.313945  0.281879     0.657718   1.000000    0.691275                0.491646
features.27 2682    298   59.656972  0.191275     0.620805   1.000000    0.583893                0.393093
features.30 2682    298   59.656972  0.174497     0.610738   1.000000    0.456376                0.371523
features.34 2682    298   14.914243  0.097315     0.174497   0.687919    0.134228                0.150975
features.37 2682    298   14.914243  0.100671     0.134228   0.127517    0.117450                0.149150
features.40 2682    298   14.914243  0.104027     0.140940   0.120805    0.117450                0.159889
Proposition 1 check: Ostrowski ratios within [s_min^2, s_max^2] on 13/13 layers; k*_out(tau) <= k*_ortho(tau') on tau=0.9: 13/13, tau=0.95: 13/13, tau=0.99: 13/13, tau=0.999: 13/13;  kappa median 11.5, max 476.7;  lower bound k*_out(tau) >= k*_ortho(tau'') on tau=0.9: 13/13, tau=0.95: 13/13, tau=0.99: 13/13, tau=0.999: 13/13
wrote ../results/a18/decompose/vgg16_bn_uniform_s1_epoch_040_decompose.csv
      layer    d  C_out    n_over_d  out_0.95  kernel_0.95  data_0.95  ortho_0.95  kernel_erank_over_rmax
 features.0   27     37 5925.925926  0.296296     0.407407   0.185185    0.185185                0.370869
 features.3  333     37  480.480480  0.432432     0.702703   1.000000    0.675676                0.627296
 features.7  333     75  480.480480  0.400000     0.653333   1.000000    0.720000                0.554434
features.10  675     75  237.037037  0.466667     0.813333   1.000000    0.720000                0.727712
features.14  675    149  237.037037  0.402685     0.718121   1.000000    0.738255                0.629327
features.17 1341    149  119.313945  0.436242     0.778523   1.000000    0.738255                0.683456
features.20 1341    149  119.313945  0.476510     0.812081   1.000000    0.744966                0.741236
features.24 1341    298  119.313945  0.275168     0.657718   1.000000    0.677852                0.492516
features.27 2682    298   59.656972  0.194631     0.627517   1.000000    0.583893                0.396055
features.30 2682    298   59.656972  0.171141     0.617450   1.000000    0.463087                0.371350
features.34 2682    298   14.914243  0.097315     0.184564   0.751678    0.137584                0.152370
features.37 2682    298   14.914243  0.100671     0.134228   0.130872    0.117450                0.147823
features.40 2682    298   14.914243  0.100671     0.140940   0.124161    0.117450                0.158686
Proposition 1 check: Ostrowski ratios within [s_min^2, s_max^2] on 13/13 layers; k*_out(tau) <= k*_ortho(tau') on tau=0.9: 13/13, tau=0.95: 13/13, tau=0.99: 13/13, tau=0.999: 13/13;  kappa median 10.8, max 470.7;  lower bound k*_out(tau) >= k*_ortho(tau'') on tau=0.9: 13/13, tau=0.95: 13/13, tau=0.99: 13/13, tau=0.999: 13/13
wrote ../results/a18/decompose/vgg16_bn_uniform_s2_epoch_040_decompose.csv
      layer    d  C_out    n_over_d  out_0.95  kernel_0.95  data_0.95  ortho_0.95  kernel_erank_over_rmax
 features.0   27     37 5925.925926  0.296296     0.407407   0.185185    0.185185                0.376780
 features.3  333     37  480.480480  0.459459     0.702703   1.000000    0.675676                0.636498
 features.7  333     75  480.480480  0.386667     0.640000   1.000000    0.720000                0.539168
features.10  675     75  237.037037  0.453333     0.800000   1.000000    0.720000                0.718638
features.14  675    149  237.037037  0.395973     0.718121   1.000000    0.731544                0.634987
features.17 1341    149  119.313945  0.442953     0.778523   1.000000    0.744966                0.677932
features.20 1341    149  119.313945  0.476510     0.812081   1.000000    0.751678                0.747696
features.24 1341    298  119.313945  0.281879     0.657718   1.000000    0.687919                0.492099
features.27 2682    298   59.656972  0.194631     0.620805   1.000000    0.587248                0.391470
features.30 2682    298   59.656972  0.171141     0.614094   1.000000    0.446309                0.373605
features.34 2682    298   14.914243  0.093960     0.177852   0.664430    0.134228                0.151920
features.37 2682    298   14.914243  0.100671     0.134228   0.130872    0.120805                0.150196
features.40 2682    298   14.914243  0.104027     0.147651   0.124161    0.117450                0.164270
Proposition 1 check: Ostrowski ratios within [s_min^2, s_max^2] on 13/13 layers; k*_out(tau) <= k*_ortho(tau') on tau=0.9: 13/13, tau=0.95: 13/13, tau=0.99: 13/13, tau=0.999: 13/13;  kappa median 12.2, max 479.1;  lower bound k*_out(tau) >= k*_ortho(tau'') on tau=0.9: 13/13, tau=0.95: 13/13, tau=0.99: 13/13, tau=0.999: 13/13
wrote ../results/a18/decompose/vgg16_bn_uniform_s0_epoch_040_decompose.csv
vgg16_bn_uniform_s1_epoch_050 (../results/a18/vgg16_bn_uniform_s1/epoch_050.pt): 13 dense conv layers, 93s
vgg16_bn_uniform_s2_epoch_050 (../results/a18/vgg16_bn_uniform_s2/epoch_050.pt): 13 dense conv layers, 94s
vgg16_bn_uniform_s0_epoch_050 (../results/a18/vgg16_bn_uniform_s0/epoch_050.pt): 13 dense conv layers, 97s
      layer    d  C_out    n_over_d  out_0.95  kernel_0.95  data_0.95  ortho_0.95  kernel_erank_over_rmax
 features.0   27     37 5925.925926  0.296296     0.407407   0.185185    0.185185                0.374288
 features.3  333     37  480.480480  0.432432     0.702703   1.000000    0.675676                0.636531
 features.7  333     75  480.480480  0.400000     0.653333   1.000000    0.720000                0.554546
features.10  675     75  237.037037  0.480000     0.813333   1.000000    0.733333                0.739045
features.14  675    149  237.037037  0.409396     0.731544   1.000000    0.738255                0.644631
features.17 1341    149  119.313945  0.456376     0.791946   1.000000    0.751678                0.697942
features.20 1341    149  119.313945  0.503356     0.825503   1.000000    0.765101                0.756102
features.24 1341    298  119.313945  0.291946     0.664430   1.000000    0.701342                0.505097
features.27 2682    298   59.656972  0.194631     0.617450   1.000000    0.590604                0.398339
features.30 2682    298   59.656972  0.167785     0.593960   1.000000    0.442953                0.354476
features.34 2682    298   14.914243  0.090604     0.134228   0.597315    0.137584                0.133606
features.37 2682    298   14.914243  0.097315     0.124161   0.127517    0.120805                0.134269
features.40 2682    298   14.914243  0.104027     0.130872   0.124161    0.120805                0.149499
Proposition 1 check: Ostrowski ratios within [s_min^2, s_max^2] on 13/13 layers; k*_out(tau) <= k*_ortho(tau') on tau=0.9: 13/13, tau=0.95: 13/13, tau=0.99: 13/13, tau=0.999: 13/13;  kappa median 10.9, max 692.3;  lower bound k*_out(tau) >= k*_ortho(tau'') on tau=0.9: 13/13, tau=0.95: 13/13, tau=0.99: 13/13, tau=0.999: 13/13
wrote ../results/a18/decompose/vgg16_bn_uniform_s1_epoch_050_decompose.csv
      layer    d  C_out    n_over_d  out_0.95  kernel_0.95  data_0.95  ortho_0.95  kernel_erank_over_rmax
 features.0   27     37 5925.925926  0.296296     0.407407   0.185185    0.185185                0.375366
 features.3  333     37  480.480480  0.432432     0.675676   1.000000    0.675676                0.626089
 features.7  333     75  480.480480  0.400000     0.666667   1.000000    0.720000                0.563034
features.10  675     75  237.037037  0.480000     0.813333   1.000000    0.733333                0.732845
features.14  675    149  237.037037  0.409396     0.731544   1.000000    0.744966                0.641292
features.17 1341    149  119.313945  0.456376     0.791946   1.000000    0.758389                0.695749
features.20 1341    149  119.313945  0.496644     0.818792   1.000000    0.765101                0.754677
features.24 1341    298  119.313945  0.288591     0.664430   1.000000    0.701342                0.503162
features.27 2682    298   59.656972  0.201342     0.627517   1.000000    0.604027                0.401449
features.30 2682    298   59.656972  0.167785     0.600671   1.000000    0.449664                0.353020
features.34 2682    298   14.914243  0.090604     0.140940   0.637584    0.137584                0.133042
features.37 2682    298   14.914243  0.093960     0.120805   0.127517    0.120805                0.132614
features.40 2682    298   14.914243  0.100671     0.130872   0.124161    0.120805                0.148268
Proposition 1 check: Ostrowski ratios within [s_min^2, s_max^2] on 13/13 layers; k*_out(tau) <= k*_ortho(tau') on tau=0.9: 13/13, tau=0.95: 13/13, tau=0.99: 13/13, tau=0.999: 13/13;  kappa median 10.6, max 909.1;  lower bound k*_out(tau) >= k*_ortho(tau'') on tau=0.9: 13/13, tau=0.95: 13/13, tau=0.99: 13/13, tau=0.999: 13/13
wrote ../results/a18/decompose/vgg16_bn_uniform_s2_epoch_050_decompose.csv
      layer    d  C_out    n_over_d  out_0.95  kernel_0.95  data_0.95  ortho_0.95  kernel_erank_over_rmax
 features.0   27     37 5925.925926  0.296296     0.370370   0.185185    0.185185                0.371763
 features.3  333     37  480.480480  0.459459     0.702703   1.000000    0.675676                0.630224
 features.7  333     75  480.480480  0.400000     0.653333   1.000000    0.733333                0.539723
features.10  675     75  237.037037  0.466667     0.813333   1.000000    0.733333                0.724003
features.14  675    149  237.037037  0.395973     0.724832   1.000000    0.724832                0.641763
features.17 1341    149  119.313945  0.442953     0.785235   1.000000    0.744966                0.687891
features.20 1341    149  119.313945  0.496644     0.825503   1.000000    0.758389                0.760240
features.24 1341    298  119.313945  0.288591     0.664430   1.000000    0.687919                0.505246
features.27 2682    298   59.656972  0.194631     0.620805   1.000000    0.587248                0.397100
features.30 2682    298   59.656972  0.167785     0.597315   1.000000    0.442953                0.358053
features.34 2682    298   14.914243  0.087248     0.137584   0.630872    0.137584                0.133360
features.37 2682    298   14.914243  0.093960     0.124161   0.127517    0.117450                0.135037
features.40 2682    298   14.914243  0.100671     0.130872   0.124161    0.117450                0.153085
Proposition 1 check: Ostrowski ratios within [s_min^2, s_max^2] on 13/13 layers; k*_out(tau) <= k*_ortho(tau') on tau=0.9: 13/13, tau=0.95: 13/13, tau=0.99: 13/13, tau=0.999: 13/13;  kappa median 11.8, max 733.4;  lower bound k*_out(tau) >= k*_ortho(tau'') on tau=0.9: 13/13, tau=0.95: 13/13, tau=0.99: 13/13, tau=0.999: 13/13
wrote ../results/a18/decompose/vgg16_bn_uniform_s0_epoch_050_decompose.csv
vgg16_bn_uniform_s1_epoch_060 (../results/a18/vgg16_bn_uniform_s1/epoch_060.pt): 13 dense conv layers, 93s
vgg16_bn_uniform_s2_epoch_060 (../results/a18/vgg16_bn_uniform_s2/epoch_060.pt): 13 dense conv layers, 92s
vgg16_bn_uniform_s0_epoch_060 (../results/a18/vgg16_bn_uniform_s0/epoch_060.pt): 13 dense conv layers, 91s
      layer    d  C_out    n_over_d  out_0.95  kernel_0.95  data_0.95  ortho_0.95  kernel_erank_over_rmax
 features.0   27     37 5925.925926  0.296296     0.407407   0.185185    0.185185                0.374500
 features.3  333     37  480.480480  0.432432     0.702703   1.000000    0.702703                0.636795
 features.7  333     75  480.480480  0.413333     0.653333   1.000000    0.720000                0.555020
features.10  675     75  237.037037  0.493333     0.813333   1.000000    0.733333                0.739468
features.14  675    149  237.037037  0.422819     0.738255   1.000000    0.751678                0.655077
features.17 1341    149  119.313945  0.456376     0.798658   1.000000    0.758389                0.706970
features.20 1341    149  119.313945  0.503356     0.825503   1.000000    0.765101                0.764517
features.24 1341    298  119.313945  0.302013     0.667785   1.000000    0.711409                0.512864
features.27 2682    298   59.656972  0.204698     0.620805   1.000000    0.617450                0.409006
features.30 2682    298   59.656972  0.171141     0.590604   1.000000    0.463087                0.342371
features.34 2682    298   14.914243  0.090604     0.130872   0.640940    0.137584                0.125573
features.37 2682    298   14.914243  0.097315     0.120805   0.127517    0.120805                0.129782
features.40 2682    298   14.914243  0.104027     0.130872   0.124161    0.120805                0.147417
Proposition 1 check: Ostrowski ratios within [s_min^2, s_max^2] on 13/13 layers; k*_out(tau) <= k*_ortho(tau') on tau=0.9: 13/13, tau=0.95: 13/13, tau=0.99: 13/13, tau=0.999: 13/13;  kappa median 10.7, max 502.8;  lower bound k*_out(tau) >= k*_ortho(tau'') on tau=0.9: 13/13, tau=0.95: 13/13, tau=0.99: 13/13, tau=0.999: 13/13
wrote ../results/a18/decompose/vgg16_bn_uniform_s1_epoch_060_decompose.csv
      layer    d  C_out    n_over_d  out_0.95  kernel_0.95  data_0.95  ortho_0.95  kernel_erank_over_rmax
 features.0   27     37 5925.925926  0.296296     0.407407   0.185185    0.185185                0.374307
 features.3  333     37  480.480480  0.432432     0.675676   1.000000    0.675676                0.625041
 features.7  333     75  480.480480  0.413333     0.666667   1.000000    0.720000                0.566061
features.10  675     75  237.037037  0.493333     0.813333   1.000000    0.733333                0.738124
features.14  675    149  237.037037  0.409396     0.731544   1.000000    0.744966                0.644708
features.17 1341    149  119.313945  0.456376     0.791946   1.000000    0.744966                0.702533
features.20 1341    149  119.313945  0.503356     0.825503   1.000000    0.771812                0.762490
features.24 1341    298  119.313945  0.298658     0.674497   1.000000    0.701342                0.519211
features.27 2682    298   59.656972  0.201342     0.634228   1.000000    0.600671                0.409363
features.30 2682    298   59.656972  0.164430     0.590604   1.000000    0.456376                0.338117
features.34 2682    298   14.914243  0.083893     0.134228   0.597315    0.134228                0.124317
features.37 2682    298   14.914243  0.093960     0.117450   0.127517    0.120805                0.127786
features.40 2682    298   14.914243  0.104027     0.130872   0.124161    0.120805                0.146308
Proposition 1 check: Ostrowski ratios within [s_min^2, s_max^2] on 13/13 layers; k*_out(tau) <= k*_ortho(tau') on tau=0.9: 13/13, tau=0.95: 13/13, tau=0.99: 13/13, tau=0.999: 13/13;  kappa median 10.3, max 1049.4;  lower bound k*_out(tau) >= k*_ortho(tau'') on tau=0.9: 13/13, tau=0.95: 13/13, tau=0.99: 13/13, tau=0.999: 13/13
wrote ../results/a18/decompose/vgg16_bn_uniform_s2_epoch_060_decompose.csv
      layer    d  C_out    n_over_d  out_0.95  kernel_0.95  data_0.95  ortho_0.95  kernel_erank_over_rmax
 features.0   27     37 5925.925926  0.259259     0.370370   0.185185    0.185185                0.371374
 features.3  333     37  480.480480  0.432432     0.702703   1.000000    0.675676                0.625597
 features.7  333     75  480.480480  0.400000     0.653333   1.000000    0.720000                0.545246
features.10  675     75  237.037037  0.466667     0.800000   1.000000    0.720000                0.728663
features.14  675    149  237.037037  0.416107     0.731544   1.000000    0.744966                0.652547
features.17 1341    149  119.313945  0.463087     0.791946   1.000000    0.758389                0.697275
features.20 1341    149  119.313945  0.516779     0.825503   1.000000    0.771812                0.767442
features.24 1341    298  119.313945  0.305369     0.671141   1.000000    0.708054                0.517705
features.27 2682    298   59.656972  0.194631     0.627517   1.000000    0.600671                0.405156
features.30 2682    298   59.656972  0.161074     0.590604   1.000000    0.439597                0.342650
features.34 2682    298   14.914243  0.080537     0.130872   0.533557    0.134228                0.124623
features.37 2682    298   14.914243  0.093960     0.120805   0.127517    0.117450                0.129789
features.40 2682    298   14.914243  0.104027     0.130872   0.124161    0.120805                0.150301
Proposition 1 check: Ostrowski ratios within [s_min^2, s_max^2] on 13/13 layers; k*_out(tau) <= k*_ortho(tau') on tau=0.9: 13/13, tau=0.95: 13/13, tau=0.99: 13/13, tau=0.999: 13/13;  kappa median 11.7, max 740.8;  lower bound k*_out(tau) >= k*_ortho(tau'') on tau=0.9: 13/13, tau=0.95: 13/13, tau=0.99: 13/13, tau=0.999: 13/13
wrote ../results/a18/decompose/vgg16_bn_uniform_s0_epoch_060_decompose.csv
vgg16_bn_uniform_s1_epoch_070 (../results/a18/vgg16_bn_uniform_s1/epoch_070.pt): 13 dense conv layers, 71s
vgg16_bn_uniform_s2_epoch_070 (../results/a18/vgg16_bn_uniform_s2/epoch_070.pt): 13 dense conv layers, 73s
vgg16_bn_uniform_s0_epoch_070 (../results/a18/vgg16_bn_uniform_s0/epoch_070.pt): 13 dense conv layers, 73s
      layer    d  C_out    n_over_d  out_0.95  kernel_0.95  data_0.95  ortho_0.95  kernel_erank_over_rmax
 features.0   27     37 5925.925926  0.296296     0.407407   0.185185    0.185185                0.377268
 features.3  333     37  480.480480  0.432432     0.702703   1.000000    0.675676                0.635460
 features.7  333     75  480.480480  0.413333     0.666667   1.000000    0.733333                0.560586
features.10  675     75  237.037037  0.493333     0.813333   1.000000    0.746667                0.742734
features.14  675    149  237.037037  0.436242     0.744966   1.000000    0.751678                0.665496
features.17 1341    149  119.313945  0.476510     0.798658   1.000000    0.758389                0.718413
features.20 1341    149  119.313945  0.530201     0.832215   1.000000    0.778523                0.775124
features.24 1341    298  119.313945  0.322148     0.681208   1.000000    0.718121                0.532284
features.27 2682    298   59.656972  0.221477     0.634228   1.000000    0.640940                0.421303
features.30 2682    298   59.656972  0.174497     0.590604   1.000000    0.486577                0.337731
features.34 2682    298   14.914243  0.087248     0.130872   0.708054    0.140940                0.120381
features.37 2682    298   14.914243  0.093960     0.117450   0.127517    0.120805                0.126654
features.40 2682    298   14.914243  0.104027     0.130872   0.124161    0.120805                0.146672
Proposition 1 check: Ostrowski ratios within [s_min^2, s_max^2] on 13/13 layers; k*_out(tau) <= k*_ortho(tau') on tau=0.9: 13/13, tau=0.95: 13/13, tau=0.99: 13/13, tau=0.999: 13/13;  kappa median 10.4, max 637.4;  lower bound k*_out(tau) >= k*_ortho(tau'') on tau=0.9: 13/13, tau=0.95: 13/13, tau=0.99: 13/13, tau=0.999: 13/13
wrote ../results/a18/decompose/vgg16_bn_uniform_s1_epoch_070_decompose.csv
      layer    d  C_out    n_over_d  out_0.95  kernel_0.95  data_0.95  ortho_0.95  kernel_erank_over_rmax
 features.0   27     37 5925.925926  0.296296     0.407407   0.185185    0.185185                0.381126
 features.3  333     37  480.480480  0.432432     0.702703   1.000000    0.675676                0.625361
 features.7  333     75  480.480480  0.413333     0.680000   1.000000    0.733333                0.571708
features.10  675     75  237.037037  0.493333     0.813333   1.000000    0.746667                0.744275
features.14  675    149  237.037037  0.422819     0.738255   1.000000    0.751678                0.655519
features.17 1341    149  119.313945  0.469799     0.798658   1.000000    0.758389                0.712072
features.20 1341    149  119.313945  0.523490     0.832215   1.000000    0.778523                0.771731
features.24 1341    298  119.313945  0.318792     0.684564   1.000000    0.714765                0.535395
features.27 2682    298   59.656972  0.214765     0.647651   1.000000    0.620805                0.426833
features.30 2682    298   59.656972  0.171141     0.593960   1.000000    0.469799                0.334455
features.34 2682    298   14.914243  0.083893     0.130872   0.627517    0.134228                0.118126
features.37 2682    298   14.914243  0.090604     0.117450   0.127517    0.120805                0.125521
features.40 2682    298   14.914243  0.104027     0.130872   0.124161    0.120805                0.146171
Proposition 1 check: Ostrowski ratios within [s_min^2, s_max^2] on 13/13 layers; k*_out(tau) <= k*_ortho(tau') on tau=0.9: 13/13, tau=0.95: 13/13, tau=0.99: 13/13, tau=0.999: 13/13;  kappa median 9.7, max 725.7;  lower bound k*_out(tau) >= k*_ortho(tau'') on tau=0.9: 13/13, tau=0.95: 13/13, tau=0.99: 13/13, tau=0.999: 13/13
wrote ../results/a18/decompose/vgg16_bn_uniform_s2_epoch_070_decompose.csv
      layer    d  C_out    n_over_d  out_0.95  kernel_0.95  data_0.95  ortho_0.95  kernel_erank_over_rmax
 features.0   27     37 5925.925926  0.259259     0.370370   0.185185    0.185185                0.374832
 features.3  333     37  480.480480  0.432432     0.702703   1.000000    0.675676                0.632386
 features.7  333     75  480.480480  0.413333     0.653333   1.000000    0.720000                0.549366
features.10  675     75  237.037037  0.493333     0.813333   1.000000    0.746667                0.735509
features.14  675    149  237.037037  0.422819     0.738255   1.000000    0.744966                0.663224
features.17 1341    149  119.313945  0.476510     0.798658   1.000000    0.765101                0.709454
features.20 1341    149  119.313945  0.530201     0.832215   1.000000    0.778523                0.774747
features.24 1341    298  119.313945  0.322148     0.687919   1.000000    0.721477                0.536354
features.27 2682    298   59.656972  0.214765     0.640940   1.000000    0.627517                0.427435
features.30 2682    298   59.656972  0.167785     0.590604   1.000000    0.476510                0.339667
features.34 2682    298   14.914243  0.087248     0.130872   0.657718    0.134228                0.119271
features.37 2682    298   14.914243  0.093960     0.117450   0.130872    0.120805                0.126933
features.40 2682    298   14.914243  0.107383     0.130872   0.124161    0.120805                0.149423
Proposition 1 check: Ostrowski ratios within [s_min^2, s_max^2] on 13/13 layers; k*_out(tau) <= k*_ortho(tau') on tau=0.9: 13/13, tau=0.95: 13/13, tau=0.99: 13/13, tau=0.999: 13/13;  kappa median 10.7, max 815.5;  lower bound k*_out(tau) >= k*_ortho(tau'') on tau=0.9: 13/13, tau=0.95: 13/13, tau=0.99: 13/13, tau=0.999: 13/13
wrote ../results/a18/decompose/vgg16_bn_uniform_s0_epoch_070_decompose.csv
vgg16_bn_uniform_s1_epoch_080 (../results/a18/vgg16_bn_uniform_s1/epoch_080.pt): 13 dense conv layers, 69s
vgg16_bn_uniform_s2_epoch_080 (../results/a18/vgg16_bn_uniform_s2/epoch_080.pt): 13 dense conv layers, 67s
vgg16_bn_uniform_s0_epoch_080 (../results/a18/vgg16_bn_uniform_s0/epoch_080.pt): 13 dense conv layers, 68s
      layer    d  C_out    n_over_d  out_0.95  kernel_0.95  data_0.95  ortho_0.95  kernel_erank_over_rmax
 features.0   27     37 5925.925926  0.296296     0.407407   0.185185    0.185185                0.379430
 features.3  333     37  480.480480  0.432432     0.702703   1.000000    0.729730                0.642649
 features.7  333     75  480.480480  0.426667     0.680000   1.000000    0.733333                0.570874
features.10  675     75  237.037037  0.506667     0.813333   1.000000    0.746667                0.746537
features.14  675    149  237.037037  0.449664     0.751678   1.000000    0.758389                0.680632
features.17 1341    149  119.313945  0.510067     0.812081   1.000000    0.778523                0.738559
features.20 1341    149  119.313945  0.563758     0.838926   1.000000    0.798658                0.790449
features.24 1341    298  119.313945  0.355705     0.697987   1.000000    0.744966                0.560548
features.27 2682    298   59.656972  0.248322     0.651007   1.000000    0.664430                0.450700
features.30 2682    298   59.656972  0.184564     0.604027   1.000000    0.516779                0.342045
features.34 2682    298   14.914243  0.083893     0.134228   0.768456    0.140940                0.118888
features.37 2682    298   14.914243  0.093960     0.117450   0.130872    0.124161                0.127013
features.40 2682    298   14.914243  0.107383     0.130872   0.127517    0.124161                0.147814
Proposition 1 check: Ostrowski ratios within [s_min^2, s_max^2] on 13/13 layers; k*_out(tau) <= k*_ortho(tau') on tau=0.9: 13/13, tau=0.95: 13/13, tau=0.99: 13/13, tau=0.999: 13/13;  kappa median 9.4, max 463.6;  lower bound k*_out(tau) >= k*_ortho(tau'') on tau=0.9: 13/13, tau=0.95: 13/13, tau=0.99: 13/13, tau=0.999: 13/13
wrote ../results/a18/decompose/vgg16_bn_uniform_s1_epoch_080_decompose.csv
      layer    d  C_out    n_over_d  out_0.95  kernel_0.95  data_0.95  ortho_0.95  kernel_erank_over_rmax
 features.0   27     37 5925.925926  0.296296     0.407407   0.185185    0.185185                0.383002
 features.3  333     37  480.480480  0.432432     0.702703   1.000000    0.702703                0.628554
 features.7  333     75  480.480480  0.413333     0.680000   1.000000    0.733333                0.577895
features.10  675     75  237.037037  0.506667     0.826667   1.000000    0.746667                0.756256
features.14  675    149  237.037037  0.442953     0.744966   1.000000    0.758389                0.670179
features.17 1341    149  119.313945  0.503356     0.812081   1.000000    0.778523                0.729015
features.20 1341    149  119.313945  0.557047     0.838926   1.000000    0.791946                0.785486
features.24 1341    298  119.313945  0.352349     0.697987   1.000000    0.738255                0.561272
features.27 2682    298   59.656972  0.248322     0.664430   1.000000    0.664430                0.454409
features.30 2682    298   59.656972  0.181208     0.600671   1.000000    0.503356                0.337845
features.34 2682    298   14.914243  0.083893     0.130872   0.748322    0.140940                0.115342
features.37 2682    298   14.914243  0.093960     0.117450   0.130872    0.120805                0.125160
features.40 2682    298   14.914243  0.107383     0.130872   0.124161    0.120805                0.146520
Proposition 1 check: Ostrowski ratios within [s_min^2, s_max^2] on 13/13 layers; k*_out(tau) <= k*_ortho(tau') on tau=0.9: 13/13, tau=0.95: 13/13, tau=0.99: 13/13, tau=0.999: 13/13;  kappa median 8.8, max 1078.0;  lower bound k*_out(tau) >= k*_ortho(tau'') on tau=0.9: 13/13, tau=0.95: 13/13, tau=0.99: 13/13, tau=0.999: 13/13
wrote ../results/a18/decompose/vgg16_bn_uniform_s2_epoch_080_decompose.csv
      layer    d  C_out    n_over_d  out_0.95  kernel_0.95  data_0.95  ortho_0.95  kernel_erank_over_rmax
 features.0   27     37 5925.925926  0.296296     0.370370   0.185185    0.185185                0.372513
 features.3  333     37  480.480480  0.432432     0.702703   1.000000    0.675676                0.632191
 features.7  333     75  480.480480  0.413333     0.666667   1.000000    0.720000                0.563805
features.10  675     75  237.037037  0.506667     0.813333   1.000000    0.746667                0.747081
features.14  675    149  237.037037  0.436242     0.751678   1.000000    0.751678                0.677182
features.17 1341    149  119.313945  0.503356     0.805369   1.000000    0.771812                0.727313
features.20 1341    149  119.313945  0.557047     0.838926   1.000000    0.791946                0.787582
features.24 1341    298  119.313945  0.352349     0.701342   1.000000    0.734899                0.562860
features.27 2682    298   59.656972  0.248322     0.657718   1.000000    0.664430                0.452100
features.30 2682    298   59.656972  0.177852     0.600671   1.000000    0.510067                0.342462
features.34 2682    298   14.914243  0.080537     0.130872   0.697987    0.140940                0.118118
features.37 2682    298   14.914243  0.093960     0.120805   0.130872    0.120805                0.127870
features.40 2682    298   14.914243  0.107383     0.130872   0.127517    0.120805                0.149950
Proposition 1 check: Ostrowski ratios within [s_min^2, s_max^2] on 13/13 layers; k*_out(tau) <= k*_ortho(tau') on tau=0.9: 13/13, tau=0.95: 13/13, tau=0.99: 13/13, tau=0.999: 13/13;  kappa median 9.9, max 680.7;  lower bound k*_out(tau) >= k*_ortho(tau'') on tau=0.9: 13/13, tau=0.95: 13/13, tau=0.99: 13/13, tau=0.999: 13/13
wrote ../results/a18/decompose/vgg16_bn_uniform_s0_epoch_080_decompose.csv
vgg16_bn_uniform_s2_epoch_090 (../results/a18/vgg16_bn_uniform_s2/epoch_090.pt): 13 dense conv layers, 79s
vgg16_bn_uniform_s1_epoch_090 (../results/a18/vgg16_bn_uniform_s1/epoch_090.pt): 13 dense conv layers, 80s
vgg16_bn_uniform_s0_epoch_090 (../results/a18/vgg16_bn_uniform_s0/epoch_090.pt): 13 dense conv layers, 83s
      layer    d  C_out    n_over_d  out_0.95  kernel_0.95  data_0.95  ortho_0.95  kernel_erank_over_rmax
 features.0   27     37 5925.925926  0.296296     0.407407   0.185185    0.185185                0.384464
 features.3  333     37  480.480480  0.459459     0.702703   1.000000    0.702703                0.640826
 features.7  333     75  480.480480  0.426667     0.693333   1.000000    0.733333                0.586077
features.10  675     75  237.037037  0.520000     0.826667   1.000000    0.760000                0.762862
features.14  675    149  237.037037  0.463087     0.758389   1.000000    0.771812                0.685525
features.17 1341    149  119.313945  0.536913     0.818792   1.000000    0.791946                0.747588
features.20 1341    149  119.313945  0.590604     0.838926   1.000000    0.812081                0.797430
features.24 1341    298  119.313945  0.392617     0.714765   1.000000    0.765101                0.587234
features.27 2682    298   59.656972  0.278523     0.681208   1.000000    0.697987                0.480623
features.30 2682    298   59.656972  0.194631     0.610738   1.000000    0.543624                0.345620
features.34 2682    298   14.914243  0.083893     0.137584   0.872483    0.144295                0.115744
features.37 2682    298   14.914243  0.093960     0.117450   0.137584    0.124161                0.127325
features.40 2682    298   14.914243  0.110738     0.130872   0.127517    0.124161                0.148459
Proposition 1 check: Ostrowski ratios within [s_min^2, s_max^2] on 13/13 layers; k*_out(tau) <= k*_ortho(tau') on tau=0.9: 13/13, tau=0.95: 13/13, tau=0.99: 13/13, tau=0.999: 13/13;  kappa median 8.3, max 1105.2;  lower bound k*_out(tau) >= k*_ortho(tau'') on tau=0.9: 13/13, tau=0.95: 13/13, tau=0.99: 13/13, tau=0.999: 13/13
wrote ../results/a18/decompose/vgg16_bn_uniform_s2_epoch_090_decompose.csv
      layer    d  C_out    n_over_d  out_0.95  kernel_0.95  data_0.95  ortho_0.95  kernel_erank_over_rmax
 features.0   27     37 5925.925926  0.296296     0.407407   0.185185    0.185185                0.378761
 features.3  333     37  480.480480  0.459459     0.702703   1.000000    0.729730                0.652590
 features.7  333     75  480.480480  0.426667     0.680000   1.000000    0.746667                0.578839
features.10  675     75  237.037037  0.520000     0.826667   1.000000    0.760000                0.761693
features.14  675    149  237.037037  0.469799     0.765101   1.000000    0.771812                0.692394
features.17 1341    149  119.313945  0.536913     0.818792   1.000000    0.791946                0.756198
features.20 1341    149  119.313945  0.597315     0.845638   1.000000    0.818792                0.803807
features.24 1341    298  119.313945  0.385906     0.711409   1.000000    0.761745                0.587256
features.27 2682    298   59.656972  0.275168     0.671141   1.000000    0.694631                0.478543
features.30 2682    298   59.656972  0.197987     0.614094   1.000000    0.546980                0.352632
features.34 2682    298   14.914243  0.087248     0.144295   0.939597    0.151007                0.119494
features.37 2682    298   14.914243  0.097315     0.120805   0.151007    0.127517                0.128717
features.40 2682    298   14.914243  0.114094     0.134228   0.127517    0.124161                0.149223
Proposition 1 check: Ostrowski ratios within [s_min^2, s_max^2] on 13/13 layers; k*_out(tau) <= k*_ortho(tau') on tau=0.9: 13/13, tau=0.95: 13/13, tau=0.99: 13/13, tau=0.999: 13/13;  kappa median 9.1, max 325.0;  lower bound k*_out(tau) >= k*_ortho(tau'') on tau=0.9: 13/13, tau=0.95: 13/13, tau=0.99: 13/13, tau=0.999: 13/13
wrote ../results/a18/decompose/vgg16_bn_uniform_s1_epoch_090_decompose.csv
      layer    d  C_out    n_over_d  out_0.95  kernel_0.95  data_0.95  ortho_0.95  kernel_erank_over_rmax
 features.0   27     37 5925.925926  0.296296     0.370370   0.185185    0.185185                0.374682
 features.3  333     37  480.480480  0.459459     0.702703   1.000000    0.675676                0.649812
 features.7  333     75  480.480480  0.426667     0.680000   1.000000    0.733333                0.568781
features.10  675     75  237.037037  0.520000     0.826667   1.000000    0.746667                0.758131
features.14  675    149  237.037037  0.456376     0.758389   1.000000    0.765101                0.692530
features.17 1341    149  119.313945  0.536913     0.818792   1.000000    0.798658                0.746444
features.20 1341    149  119.313945  0.597315     0.845638   1.000000    0.812081                0.801774
features.24 1341    298  119.313945  0.392617     0.714765   1.000000    0.768456                0.589206
features.27 2682    298   59.656972  0.281879     0.674497   1.000000    0.701342                0.478321
features.30 2682    298   59.656972  0.201342     0.614094   1.000000    0.557047                0.353108
features.34 2682    298   14.914243  0.083893     0.140940   0.919463    0.151007                0.118356
features.37 2682    298   14.914243  0.093960     0.120805   0.161074    0.127517                0.129141
features.40 2682    298   14.914243  0.114094     0.134228   0.127517    0.124161                0.152130
Proposition 1 check: Ostrowski ratios within [s_min^2, s_max^2] on 13/13 layers; k*_out(tau) <= k*_ortho(tau') on tau=0.9: 13/13, tau=0.95: 13/13, tau=0.99: 13/13, tau=0.999: 13/13;  kappa median 9.4, max 772.5;  lower bound k*_out(tau) >= k*_ortho(tau'') on tau=0.9: 13/13, tau=0.95: 13/13, tau=0.99: 13/13, tau=0.999: 13/13
wrote ../results/a18/decompose/vgg16_bn_uniform_s0_epoch_090_decompose.csv
vgg16_bn_uniform_s2_epoch_100 (../results/a18/vgg16_bn_uniform_s2/epoch_100.pt): 13 dense conv layers, 84s
vgg16_bn_uniform_s1_epoch_100 (../results/a18/vgg16_bn_uniform_s1/epoch_100.pt): 13 dense conv layers, 84s
vgg16_bn_uniform_s0_epoch_100 (../results/a18/vgg16_bn_uniform_s0/epoch_100.pt): 13 dense conv layers, 85s
      layer    d  C_out    n_over_d  out_0.95  kernel_0.95  data_0.95  ortho_0.95  kernel_erank_over_rmax
 features.0   27     37 5925.925926  0.333333     0.407407   0.185185    0.185185                0.384000
 features.3  333     37  480.480480  0.459459     0.702703   1.000000    0.702703                0.644649
 features.7  333     75  480.480480  0.426667     0.693333   1.000000    0.746667                0.588467
features.10  675     75  237.037037  0.520000     0.826667   1.000000    0.760000                0.765451
features.14  675    149  237.037037  0.469799     0.758389   1.000000    0.771812                0.688496
features.17 1341    149  119.313945  0.550336     0.818792   1.000000    0.798658                0.751999
features.20 1341    149  119.313945  0.604027     0.845638   1.000000    0.818792                0.800429
features.24 1341    298  119.313945  0.399329     0.718121   1.000000    0.771812                0.592946
features.27 2682    298   59.656972  0.288591     0.684564   1.000000    0.708054                0.486390
features.30 2682    298   59.656972  0.204698     0.614094   1.000000    0.563758                0.347597
features.34 2682    298   14.914243  0.083893     0.144295   0.973154    0.154362                0.116155
features.37 2682    298   14.914243  0.093960     0.120805   0.171141    0.127517                0.127714
features.40 2682    298   14.914243  0.114094     0.130872   0.127517    0.124161                0.148857
Proposition 1 check: Ostrowski ratios within [s_min^2, s_max^2] on 13/13 layers; k*_out(tau) <= k*_ortho(tau') on tau=0.9: 13/13, tau=0.95: 13/13, tau=0.99: 13/13, tau=0.999: 13/13;  kappa median 8.0, max 1201.9;  lower bound k*_out(tau) >= k*_ortho(tau'') on tau=0.9: 13/13, tau=0.95: 13/13, tau=0.99: 13/13, tau=0.999: 13/13
wrote ../results/a18/decompose/vgg16_bn_uniform_s2_epoch_100_decompose.csv
      layer    d  C_out    n_over_d  out_0.95  kernel_0.95  data_0.95  ortho_0.95  kernel_erank_over_rmax
 features.0   27     37 5925.925926  0.296296     0.407407   0.185185    0.185185                0.378375
 features.3  333     37  480.480480  0.459459     0.702703   1.000000    0.729730                0.653443
 features.7  333     75  480.480480  0.426667     0.680000   1.000000    0.746667                0.580290
features.10  675     75  237.037037  0.520000     0.826667   1.000000    0.760000                0.762698
features.14  675    149  237.037037  0.476510     0.765101   1.000000    0.771812                0.695937
features.17 1341    149  119.313945  0.550336     0.818792   1.000000    0.798658                0.760435
features.20 1341    149  119.313945  0.610738     0.845638   1.000000    0.825503                0.806874
features.24 1341    298  119.313945  0.395973     0.714765   1.000000    0.771812                0.593245
features.27 2682    298   59.656972  0.285235     0.674497   1.000000    0.708054                0.484335
features.30 2682    298   59.656972  0.208054     0.617450   1.000000    0.563758                0.355757
features.34 2682    298   14.914243  0.087248     0.147651   1.000000    0.157718                0.119873
features.37 2682    298   14.914243  0.097315     0.120805   0.184564    0.130872                0.128892
features.40 2682    298   14.914243  0.114094     0.134228   0.130872    0.124161                0.149508
Proposition 1 check: Ostrowski ratios within [s_min^2, s_max^2] on 13/13 layers; k*_out(tau) <= k*_ortho(tau') on tau=0.9: 13/13, tau=0.95: 13/13, tau=0.99: 13/13, tau=0.999: 13/13;  kappa median 9.3, max 323.3;  lower bound k*_out(tau) >= k*_ortho(tau'') on tau=0.9: 13/13, tau=0.95: 13/13, tau=0.99: 13/13, tau=0.999: 13/13
wrote ../results/a18/decompose/vgg16_bn_uniform_s1_epoch_100_decompose.csv
      layer    d  C_out    n_over_d  out_0.95  kernel_0.95  data_0.95  ortho_0.95  kernel_erank_over_rmax
 features.0   27     37 5925.925926  0.296296     0.370370   0.185185    0.185185                0.375638
 features.3  333     37  480.480480  0.459459     0.702703   1.000000    0.702703                0.654115
 features.7  333     75  480.480480  0.426667     0.680000   1.000000    0.746667                0.568380
features.10  675     75  237.037037  0.520000     0.826667   1.000000    0.760000                0.761559
features.14  675    149  237.037037  0.463087     0.758389   1.000000    0.771812                0.695321
features.17 1341    149  119.313945  0.543624     0.818792   1.000000    0.798658                0.750503
features.20 1341    149  119.313945  0.610738     0.845638   1.000000    0.818792                0.803932
features.24 1341    298  119.313945  0.402685     0.718121   1.000000    0.775168                0.595317
features.27 2682    298   59.656972  0.291946     0.677852   1.000000    0.708054                0.483300
features.30 2682    298   59.656972  0.208054     0.614094   1.000000    0.570470                0.355748
features.34 2682    298   14.914243  0.083893     0.144295   0.973154    0.154362                0.118701
features.37 2682    298   14.914243  0.097315     0.120805   0.191275    0.130872                0.129557
features.40 2682    298   14.914243  0.117450     0.134228   0.130872    0.124161                0.152499
Proposition 1 check: Ostrowski ratios within [s_min^2, s_max^2] on 13/13 layers; k*_out(tau) <= k*_ortho(tau') on tau=0.9: 13/13, tau=0.95: 13/13, tau=0.99: 13/13, tau=0.999: 13/13;  kappa median 9.2, max 759.8;  lower bound k*_out(tau) >= k*_ortho(tau'') on tau=0.9: 13/13, tau=0.95: 13/13, tau=0.99: 13/13, tau=0.999: 13/13
wrote ../results/a18/decompose/vgg16_bn_uniform_s0_epoch_100_decompose.csv
vgg16_bn_ruler95_s0_epoch_000 (../results/a18/vgg16_bn_ruler95_s0/epoch_000.pt): 13 dense conv layers, 26s
vgg16_bn_ruler95_s1_epoch_000 (../results/a18/vgg16_bn_ruler95_s1/epoch_000.pt): 13 dense conv layers, 27s
vgg16_bn_ruler95_s2_epoch_000 (../results/a18/vgg16_bn_ruler95_s2/epoch_000.pt): 13 dense conv layers, 27s
      layer    d  C_out    n_over_d  out_0.95  kernel_0.95  data_0.95  ortho_0.95  kernel_erank_over_rmax
 features.0   27      9 5925.925926  0.333333     0.888889   0.555556    0.444444                0.820785
 features.3   81     19 1975.308642  0.368421     0.894737   0.631579    0.421053                0.882096
 features.7  171     39  935.672515  0.282051     0.871795   0.564103    0.333333                0.892656
features.10  351     51  455.840456  0.333333     0.901961   0.666667    0.352941                0.930673
features.14  459     97  348.583878  0.226804     0.876289   0.391753    0.257732                0.895662
features.17  873    116  183.276060  0.258621     0.905172   0.534483    0.267241                0.933935
features.20 1044    131  153.256705  0.290076     0.900763   0.656489    0.305344                0.939640
features.24 1179    140  135.708227  0.228571     0.907143   0.421429    0.235714                0.943085
features.27 1260     74  126.984127  0.337838     0.932432   0.864865    0.351351                0.970747
features.30  666     55  240.240240  0.400000     0.927273   1.000000    0.418182                0.959137
features.34  495     25   80.808081  0.240000     0.960000   0.440000    0.200000                0.972689
features.37  225     29  177.777778  0.172414     0.896552   0.241379    0.172414                0.929432
features.40  261     35  153.256705  0.142857     0.914286   0.171429    0.142857                0.935775
Proposition 1 check: Ostrowski ratios within [s_min^2, s_max^2] on 13/13 layers; k*_out(tau) <= k*_ortho(tau') on tau=0.9: 13/13, tau=0.95: 13/13, tau=0.99: 13/13, tau=0.999: 13/13;  kappa median 2.1, max 3.5;  lower bound k*_out(tau) >= k*_ortho(tau'') on tau=0.9: 13/13, tau=0.95: 13/13, tau=0.99: 13/13, tau=0.999: 13/13
wrote ../results/a18/decompose/vgg16_bn_ruler95_s0_epoch_000_decompose.csv
      layer    d  C_out    n_over_d  out_0.95  kernel_0.95  data_0.95  ortho_0.95  kernel_erank_over_rmax
 features.0   27      9 5925.925926  0.333333     0.888889   0.555556    0.444444                0.859934
 features.3   81     19 1975.308642  0.473684     0.842105   0.842105    0.526316                0.853792
 features.7  171     39  935.672515  0.589744     0.871795   1.000000    0.641026                0.893345
features.10  351     51  455.840456  0.666667     0.901961   1.000000    0.705882                0.930160
features.14  459     97  348.583878  0.587629     0.876289   1.000000    0.649485                0.900274
features.17  873    116  183.276060  0.629310     0.905172   1.000000    0.672414                0.936121
features.20 1044    131  153.256705  0.633588     0.900763   1.000000    0.679389                0.938727
features.24 1179    140  135.708227  0.485714     0.907143   1.000000    0.528571                0.940787
features.27 1260     74  126.984127  0.540541     0.932432   1.000000    0.567568                0.969342
features.30  666     55  240.240240  0.527273     0.927273   1.000000    0.563636                0.957829
features.34  495     25   80.808081  0.440000     0.960000   1.000000    0.480000                0.974115
features.37  225     29  177.777778  0.275862     0.931034   0.793103    0.310345                0.937701
features.40  261     35  153.256705  0.171429     0.914286   0.400000    0.200000                0.929152
Proposition 1 check: Ostrowski ratios within [s_min^2, s_max^2] on 13/13 layers; k*_out(tau) <= k*_ortho(tau') on tau=0.9: 13/13, tau=0.95: 13/13, tau=0.99: 13/13, tau=0.999: 13/13;  kappa median 2.1, max 3.0;  lower bound k*_out(tau) >= k*_ortho(tau'') on tau=0.9: 13/13, tau=0.95: 13/13, tau=0.99: 13/13, tau=0.999: 13/13
wrote ../results/a18/decompose/vgg16_bn_ruler95_s1_epoch_000_decompose.csv
      layer    d  C_out    n_over_d  out_0.95  kernel_0.95  data_0.95  ortho_0.95  kernel_erank_over_rmax
 features.0   27      9 5925.925926  0.444444     0.888889   0.555556    0.444444                0.847233
 features.3   81     19 1975.308642  0.421053     0.894737   0.947368    0.473684                0.892713
 features.7  171     39  935.672515  0.435897     0.871795   1.000000    0.487179                0.892376
features.10  351     51  455.840456  0.470588     0.901961   1.000000    0.529412                0.923882
features.14  459     97  348.583878  0.412371     0.876289   1.000000    0.453608                0.898476
features.17  873    116  183.276060  0.474138     0.905172   1.000000    0.508621                0.937438
features.20 1044    131  153.256705  0.488550     0.900763   1.000000    0.511450                0.939059
features.24 1179    140  135.708227  0.414286     0.907143   1.000000    0.442857                0.942078
features.27 1260     74  126.984127  0.459459     0.932432   1.000000    0.472973                0.970764
features.30  666     55  240.240240  0.454545     0.927273   1.000000    0.472727                0.959901
features.34  495     25   80.808081  0.160000     0.960000   0.480000    0.160000                0.977670
features.37  225     29  177.777778  0.137931     0.931034   0.137931    0.137931                0.943218
features.40  261     35  153.256705  0.085714     0.914286   0.114286    0.085714                0.933849
Proposition 1 check: Ostrowski ratios within [s_min^2, s_max^2] on 13/13 layers; k*_out(tau) <= k*_ortho(tau') on tau=0.9: 13/13, tau=0.95: 13/13, tau=0.99: 13/13, tau=0.999: 13/13;  kappa median 2.1, max 2.8;  lower bound k*_out(tau) >= k*_ortho(tau'') on tau=0.9: 13/13, tau=0.95: 13/13, tau=0.99: 13/13, tau=0.999: 13/13
wrote ../results/a18/decompose/vgg16_bn_ruler95_s2_epoch_000_decompose.csv
vgg16_bn_ruler95_s2_epoch_001 (../results/a18/vgg16_bn_ruler95_s2/epoch_001.pt): 13 dense conv layers, 26s
vgg16_bn_ruler95_s0_epoch_001 (../results/a18/vgg16_bn_ruler95_s0/epoch_001.pt): 13 dense conv layers, 27s
vgg16_bn_ruler95_s1_epoch_001 (../results/a18/vgg16_bn_ruler95_s1/epoch_001.pt): 13 dense conv layers, 27s
      layer    d  C_out    n_over_d  out_0.95  kernel_0.95  data_0.95  ortho_0.95  kernel_erank_over_rmax
 features.0   27      9 5925.925926  0.555556     0.888889   0.555556    0.555556                0.850449
 features.3   81     19 1975.308642  0.526316     0.894737   1.000000    0.578947                0.891410
 features.7  171     39  935.672515  0.589744     0.871795   1.000000    0.666667                0.887951
features.10  351     51  455.840456  0.686275     0.901961   1.000000    0.745098                0.924254
features.14  459     97  348.583878  0.597938     0.876289   1.000000    0.701031                0.897486
features.17  873    116  183.276060  0.663793     0.896552   1.000000    0.732759                0.936119
features.20 1044    131  153.256705  0.687023     0.900763   1.000000    0.755725                0.938442
features.24 1179    140  135.708227  0.542857     0.907143   1.000000    0.628571                0.941494
features.27 1260     74  126.984127  0.648649     0.932432   1.000000    0.689189                0.970633
features.30  666     55  240.240240  0.690909     0.927273   1.000000    0.727273                0.960218
features.34  495     25   80.808081  0.560000     0.960000   1.000000    0.600000                0.977562
features.37  225     29  177.777778  0.517241     0.931034   1.000000    0.551724                0.942695
features.40  261     35  153.256705  0.485714     0.914286   1.000000    0.542857                0.932225
Proposition 1 check: Ostrowski ratios within [s_min^2, s_max^2] on 13/13 layers; k*_out(tau) <= k*_ortho(tau') on tau=0.9: 13/13, tau=0.95: 13/13, tau=0.99: 13/13, tau=0.999: 13/13;  kappa median 2.1, max 2.9;  lower bound k*_out(tau) >= k*_ortho(tau'') on tau=0.9: 13/13, tau=0.95: 13/13, tau=0.99: 13/13, tau=0.999: 13/13
wrote ../results/a18/decompose/vgg16_bn_ruler95_s2_epoch_001_decompose.csv
      layer    d  C_out    n_over_d  out_0.95  kernel_0.95  data_0.95  ortho_0.95  kernel_erank_over_rmax
 features.0   27      9 5925.925926  0.444444     0.888889   0.555556    0.444444                0.842560
 features.3   81     19 1975.308642  0.578947     0.894737   1.000000    0.631579                0.889365
 features.7  171     39  935.672515  0.564103     0.871795   1.000000    0.666667                0.888598
features.10  351     51  455.840456  0.686275     0.901961   1.000000    0.745098                0.928791
features.14  459     97  348.583878  0.587629     0.876289   1.000000    0.690722                0.895049
features.17  873    116  183.276060  0.663793     0.905172   1.000000    0.741379                0.933252
features.20 1044    131  153.256705  0.687023     0.900763   1.000000    0.755725                0.938768
features.24 1179    140  135.708227  0.557143     0.907143   1.000000    0.642857                0.942321
features.27 1260     74  126.984127  0.662162     0.932432   1.000000    0.702703                0.970857
features.30  666     55  240.240240  0.690909     0.927273   1.000000    0.727273                0.959167
features.34  495     25   80.808081  0.560000     0.960000   1.000000    0.560000                0.973539
features.37  225     29  177.777778  0.517241     0.896552   1.000000    0.551724                0.928248
features.40  261     35  153.256705  0.514286     0.914286   1.000000    0.542857                0.936556
Proposition 1 check: Ostrowski ratios within [s_min^2, s_max^2] on 13/13 layers; k*_out(tau) <= k*_ortho(tau') on tau=0.9: 13/13, tau=0.95: 13/13, tau=0.99: 13/13, tau=0.999: 13/13;  kappa median 2.1, max 2.9;  lower bound k*_out(tau) >= k*_ortho(tau'') on tau=0.9: 13/13, tau=0.95: 13/13, tau=0.99: 13/13, tau=0.999: 13/13
wrote ../results/a18/decompose/vgg16_bn_ruler95_s0_epoch_001_decompose.csv
      layer    d  C_out    n_over_d  out_0.95  kernel_0.95  data_0.95  ortho_0.95  kernel_erank_over_rmax
 features.0   27      9 5925.925926  0.444444     0.888889   0.555556    0.444444                0.877970
 features.3   81     19 1975.308642  0.578947     0.842105   1.000000    0.631579                0.853843
 features.7  171     39  935.672515  0.589744     0.871795   1.000000    0.666667                0.895699
features.10  351     51  455.840456  0.686275     0.901961   1.000000    0.745098                0.930179
features.14  459     97  348.583878  0.577320     0.876289   1.000000    0.690722                0.898695
features.17  873    116  183.276060  0.637931     0.896552   1.000000    0.715517                0.935084
features.20 1044    131  153.256705  0.664122     0.900763   1.000000    0.740458                0.938377
features.24 1179    140  135.708227  0.528571     0.907143   1.000000    0.607143                0.940123
features.27 1260     74  126.984127  0.635135     0.932432   1.000000    0.675676                0.969134
features.30  666     55  240.240240  0.672727     0.927273   1.000000    0.727273                0.957879
features.34  495     25   80.808081  0.560000     0.960000   1.000000    0.600000                0.973858
features.37  225     29  177.777778  0.517241     0.931034   1.000000    0.586207                0.936756
features.40  261     35  153.256705  0.485714     0.914286   1.000000    0.514286                0.930056
Proposition 1 check: Ostrowski ratios within [s_min^2, s_max^2] on 13/13 layers; k*_out(tau) <= k*_ortho(tau') on tau=0.9: 13/13, tau=0.95: 13/13, tau=0.99: 13/13, tau=0.999: 13/13;  kappa median 2.1, max 3.0;  lower bound k*_out(tau) >= k*_ortho(tau'') on tau=0.9: 13/13, tau=0.95: 13/13, tau=0.99: 13/13, tau=0.999: 13/13
wrote ../results/a18/decompose/vgg16_bn_ruler95_s1_epoch_001_decompose.csv
vgg16_bn_ruler95_s2_epoch_002 (../results/a18/vgg16_bn_ruler95_s2/epoch_002.pt): 13 dense conv layers, 25s
vgg16_bn_ruler95_s1_epoch_002 (../results/a18/vgg16_bn_ruler95_s1/epoch_002.pt): 13 dense conv layers, 27s
vgg16_bn_ruler95_s0_epoch_002 (../results/a18/vgg16_bn_ruler95_s0/epoch_002.pt): 13 dense conv layers, 27s
      layer    d  C_out    n_over_d  out_0.95  kernel_0.95  data_0.95  ortho_0.95  kernel_erank_over_rmax
 features.0   27      9 5925.925926  0.666667     0.888889   0.555556    0.777778                0.866398
 features.3   81     19 1975.308642  0.578947     0.894737   1.000000    0.684211                0.891647
 features.7  171     39  935.672515  0.615385     0.871795   1.000000    0.717949                0.878954
features.10  351     51  455.840456  0.686275     0.901961   1.000000    0.764706                0.922264
features.14  459     97  348.583878  0.587629     0.876289   1.000000    0.701031                0.894168
features.17  873    116  183.276060  0.646552     0.896552   1.000000    0.732759                0.934102
features.20 1044    131  153.256705  0.679389     0.900763   1.000000    0.755725                0.937738
features.24 1179    140  135.708227  0.550000     0.907143   1.000000    0.635714                0.940918
features.27 1260     74  126.984127  0.662162     0.932432   1.000000    0.702703                0.970424
features.30  666     55  240.240240  0.709091     0.927273   1.000000    0.745455                0.960227
features.34  495     25   80.808081  0.600000     0.960000   1.000000    0.640000                0.978018
features.37  225     29  177.777778  0.551724     0.931034   1.000000    0.586207                0.941936
features.40  261     35  153.256705  0.542857     0.914286   1.000000    0.571429                0.930862
Proposition 1 check: Ostrowski ratios within [s_min^2, s_max^2] on 13/13 layers; k*_out(tau) <= k*_ortho(tau') on tau=0.9: 13/13, tau=0.95: 13/13, tau=0.99: 13/13, tau=0.999: 13/13;  kappa median 2.1, max 2.9;  lower bound k*_out(tau) >= k*_ortho(tau'') on tau=0.9: 13/13, tau=0.95: 13/13, tau=0.99: 13/13, tau=0.999: 13/13
wrote ../results/a18/decompose/vgg16_bn_ruler95_s2_epoch_002_decompose.csv
      layer    d  C_out    n_over_d  out_0.95  kernel_0.95  data_0.95  ortho_0.95  kernel_erank_over_rmax
 features.0   27      9 5925.925926  0.555556     0.888889   0.555556    0.555556                0.852090
 features.3   81     19 1975.308642  0.578947     0.842105   1.000000    0.684211                0.841756
 features.7  171     39  935.672515  0.589744     0.871795   1.000000    0.692308                0.892582
features.10  351     51  455.840456  0.686275     0.901961   1.000000    0.764706                0.927614
features.14  459     97  348.583878  0.567010     0.876289   1.000000    0.701031                0.894052
features.17  873    116  183.276060  0.637931     0.896552   1.000000    0.724138                0.933836
features.20 1044    131  153.256705  0.656489     0.900763   1.000000    0.740458                0.937386
features.24 1179    140  135.708227  0.521429     0.907143   1.000000    0.607143                0.939097
features.27 1260     74  126.984127  0.648649     0.932432   1.000000    0.689189                0.969025
features.30  666     55  240.240240  0.690909     0.927273   1.000000    0.727273                0.957511
features.34  495     25   80.808081  0.600000     0.960000   1.000000    0.600000                0.973320
features.37  225     29  177.777778  0.517241     0.931034   1.000000    0.586207                0.936511
features.40  261     35  153.256705  0.542857     0.914286   1.000000    0.571429                0.930450
Proposition 1 check: Ostrowski ratios within [s_min^2, s_max^2] on 13/13 layers; k*_out(tau) <= k*_ortho(tau') on tau=0.9: 13/13, tau=0.95: 13/13, tau=0.99: 13/13, tau=0.999: 13/13;  kappa median 2.1, max 3.2;  lower bound k*_out(tau) >= k*_ortho(tau'') on tau=0.9: 13/13, tau=0.95: 13/13, tau=0.99: 13/13, tau=0.999: 13/13
wrote ../results/a18/decompose/vgg16_bn_ruler95_s1_epoch_002_decompose.csv
      layer    d  C_out    n_over_d  out_0.95  kernel_0.95  data_0.95  ortho_0.95  kernel_erank_over_rmax
 features.0   27      9 5925.925926  0.555556     0.888889   0.555556    0.555556                0.818918
 features.3   81     19 1975.308642  0.631579     0.894737   1.000000    0.684211                0.885812
 features.7  171     39  935.672515  0.615385     0.871795   1.000000    0.717949                0.880831
features.10  351     51  455.840456  0.705882     0.901961   1.000000    0.764706                0.927243
features.14  459     97  348.583878  0.577320     0.876289   1.000000    0.701031                0.891262
features.17  873    116  183.276060  0.646552     0.896552   1.000000    0.732759                0.931629
features.20 1044    131  153.256705  0.671756     0.900763   1.000000    0.748092                0.938231
features.24 1179    140  135.708227  0.535714     0.907143   1.000000    0.621429                0.941356
features.27 1260     74  126.984127  0.648649     0.932432   1.000000    0.689189                0.970765
features.30  666     55  240.240240  0.672727     0.927273   1.000000    0.709091                0.959184
features.34  495     25   80.808081  0.560000     0.960000   1.000000    0.560000                0.973517
features.37  225     29  177.777778  0.517241     0.896552   1.000000    0.551724                0.928018
features.40  261     35  153.256705  0.514286     0.914286   0.914286    0.542857                0.936664
Proposition 1 check: Ostrowski ratios within [s_min^2, s_max^2] on 13/13 layers; k*_out(tau) <= k*_ortho(tau') on tau=0.9: 13/13, tau=0.95: 13/13, tau=0.99: 13/13, tau=0.999: 13/13;  kappa median 2.1, max 3.2;  lower bound k*_out(tau) >= k*_ortho(tau'') on tau=0.9: 13/13, tau=0.95: 13/13, tau=0.99: 13/13, tau=0.999: 13/13
wrote ../results/a18/decompose/vgg16_bn_ruler95_s0_epoch_002_decompose.csv
vgg16_bn_ruler95_s2_epoch_003 (../results/a18/vgg16_bn_ruler95_s2/epoch_003.pt): 13 dense conv layers, 26s
vgg16_bn_ruler95_s1_epoch_003 (../results/a18/vgg16_bn_ruler95_s1/epoch_003.pt): 13 dense conv layers, 26s
vgg16_bn_ruler95_s0_epoch_003 (../results/a18/vgg16_bn_ruler95_s0/epoch_003.pt): 13 dense conv layers, 27s
      layer    d  C_out    n_over_d  out_0.95  kernel_0.95  data_0.95  ortho_0.95  kernel_erank_over_rmax
 features.0   27      9 5925.925926  0.666667     0.888889   0.555556    0.777778                0.877997
 features.3   81     19 1975.308642  0.578947     0.894737   1.000000    0.736842                0.878871
 features.7  171     39  935.672515  0.615385     0.871795   1.000000    0.743590                0.869656
features.10  351     51  455.840456  0.666667     0.901961   1.000000    0.745098                0.918204
features.14  459     97  348.583878  0.536082     0.876289   1.000000    0.670103                0.887262
features.17  873    116  183.276060  0.603448     0.896552   1.000000    0.706897                0.931503
features.20 1044    131  153.256705  0.633588     0.900763   1.000000    0.717557                0.935999
features.24 1179    140  135.708227  0.514286     0.900000   1.000000    0.614286                0.939172
features.27 1260     74  126.984127  0.635135     0.932432   1.000000    0.675676                0.970055
features.30  666     55  240.240240  0.672727     0.927273   1.000000    0.709091                0.960041
features.34  495     25   80.808081  0.600000     0.960000   1.000000    0.640000                0.977448
features.37  225     29  177.777778  0.551724     0.931034   1.000000    0.586207                0.941148
features.40  261     35  153.256705  0.514286     0.914286   1.000000    0.571429                0.930145
Proposition 1 check: Ostrowski ratios within [s_min^2, s_max^2] on 13/13 layers; k*_out(tau) <= k*_ortho(tau') on tau=0.9: 13/13, tau=0.95: 13/13, tau=0.99: 13/13, tau=0.999: 13/13;  kappa median 2.1, max 2.9;  lower bound k*_out(tau) >= k*_ortho(tau'') on tau=0.9: 13/13, tau=0.95: 13/13, tau=0.99: 13/13, tau=0.999: 13/13
wrote ../results/a18/decompose/vgg16_bn_ruler95_s2_epoch_003_decompose.csv
      layer    d  C_out    n_over_d  out_0.95  kernel_0.95  data_0.95  ortho_0.95  kernel_erank_over_rmax
 features.0   27      9 5925.925926  0.666667     0.888889   0.555556    0.666667                0.810527
 features.3   81     19 1975.308642  0.578947     0.842105   1.000000    0.684211                0.836235
 features.7  171     39  935.672515  0.615385     0.871795   1.000000    0.717949                0.882737
features.10  351     51  455.840456  0.666667     0.901961   1.000000    0.764706                0.922536
features.14  459     97  348.583878  0.556701     0.876289   1.000000    0.690722                0.887773
features.17  873    116  183.276060  0.620690     0.896552   1.000000    0.715517                0.930815
features.20 1044    131  153.256705  0.633588     0.900763   1.000000    0.725191                0.935488
features.24 1179    140  135.708227  0.507143     0.900000   1.000000    0.600000                0.937681
features.27 1260     74  126.984127  0.648649     0.932432   1.000000    0.689189                0.968891
features.30  666     55  240.240240  0.690909     0.927273   1.000000    0.727273                0.957279
features.34  495     25   80.808081  0.600000     0.960000   1.000000    0.640000                0.973146
features.37  225     29  177.777778  0.551724     0.931034   1.000000    0.586207                0.935452
features.40  261     35  153.256705  0.542857     0.914286   1.000000    0.571429                0.930317
Proposition 1 check: Ostrowski ratios within [s_min^2, s_max^2] on 13/13 layers; k*_out(tau) <= k*_ortho(tau') on tau=0.9: 13/13, tau=0.95: 13/13, tau=0.99: 13/13, tau=0.999: 13/13;  kappa median 2.1, max 3.3;  lower bound k*_out(tau) >= k*_ortho(tau'') on tau=0.9: 13/13, tau=0.95: 13/13, tau=0.99: 13/13, tau=0.999: 13/13
wrote ../results/a18/decompose/vgg16_bn_ruler95_s1_epoch_003_decompose.csv
      layer    d  C_out    n_over_d  out_0.95  kernel_0.95  data_0.95  ortho_0.95  kernel_erank_over_rmax
 features.0   27      9 5925.925926  0.555556     0.888889   0.555556    0.555556                0.793888
 features.3   81     19 1975.308642  0.631579     0.894737   1.000000    0.684211                0.875928
 features.7  171     39  935.672515  0.615385     0.871795   1.000000    0.717949                0.876538
features.10  351     51  455.840456  0.666667     0.901961   1.000000    0.764706                0.920638
features.14  459     97  348.583878  0.536082     0.865979   1.000000    0.670103                0.885330
features.17  873    116  183.276060  0.620690     0.896552   1.000000    0.715517                0.928489
features.20 1044    131  153.256705  0.625954     0.900763   1.000000    0.709924                0.936151
features.24 1179    140  135.708227  0.500000     0.907143   1.000000    0.592857                0.939666
features.27 1260     74  126.984127  0.621622     0.932432   1.000000    0.662162                0.970382
features.30  666     55  240.240240  0.654545     0.927273   1.000000    0.709091                0.958949
features.34  495     25   80.808081  0.560000     0.960000   1.000000    0.560000                0.973445
features.37  225     29  177.777778  0.517241     0.896552   1.000000    0.586207                0.926379
features.40  261     35  153.256705  0.514286     0.914286   0.914286    0.542857                0.936374
Proposition 1 check: Ostrowski ratios within [s_min^2, s_max^2] on 13/13 layers; k*_out(tau) <= k*_ortho(tau') on tau=0.9: 13/13, tau=0.95: 13/13, tau=0.99: 13/13, tau=0.999: 13/13;  kappa median 2.1, max 3.6;  lower bound k*_out(tau) >= k*_ortho(tau'') on tau=0.9: 13/13, tau=0.95: 13/13, tau=0.99: 13/13, tau=0.999: 13/13
wrote ../results/a18/decompose/vgg16_bn_ruler95_s0_epoch_003_decompose.csv
vgg16_bn_ruler95_s2_epoch_005 (../results/a18/vgg16_bn_ruler95_s2/epoch_005.pt): 13 dense conv layers, 26s
vgg16_bn_ruler95_s1_epoch_005 (../results/a18/vgg16_bn_ruler95_s1/epoch_005.pt): 13 dense conv layers, 27s
vgg16_bn_ruler95_s0_epoch_005 (../results/a18/vgg16_bn_ruler95_s0/epoch_005.pt): 13 dense conv layers, 27s
      layer    d  C_out    n_over_d  out_0.95  kernel_0.95  data_0.95  ortho_0.95  kernel_erank_over_rmax
 features.0   27      9 5925.925926  0.777778     0.888889   0.555556    0.777778                0.852186
 features.3   81     19 1975.308642  0.578947     0.894737   1.000000    0.684211                0.835411
 features.7  171     39  935.672515  0.589744     0.846154   1.000000    0.743590                0.843631
features.10  351     51  455.840456  0.588235     0.882353   1.000000    0.705882                0.904656
features.14  459     97  348.583878  0.463918     0.865979   1.000000    0.628866                0.864166
features.17  873    116  183.276060  0.551724     0.896552   1.000000    0.672414                0.922260
features.20 1044    131  153.256705  0.587786     0.900763   1.000000    0.694656                0.929106
features.24 1179    140  135.708227  0.507143     0.900000   1.000000    0.614286                0.933055
features.27 1260     74  126.984127  0.635135     0.932432   1.000000    0.689189                0.968680
features.30  666     55  240.240240  0.654545     0.927273   1.000000    0.727273                0.957975
features.34  495     25   80.808081  0.640000     0.960000   1.000000    0.640000                0.976482
features.37  225     29  177.777778  0.586207     0.931034   1.000000    0.620690                0.938456
features.40  261     35  153.256705  0.542857     0.914286   1.000000    0.600000                0.926897
Proposition 1 check: Ostrowski ratios within [s_min^2, s_max^2] on 13/13 layers; k*_out(tau) <= k*_ortho(tau') on tau=0.9: 13/13, tau=0.95: 13/13, tau=0.99: 13/13, tau=0.999: 13/13;  kappa median 2.2, max 3.2;  lower bound k*_out(tau) >= k*_ortho(tau'') on tau=0.9: 13/13, tau=0.95: 13/13, tau=0.99: 13/13, tau=0.999: 13/13
wrote ../results/a18/decompose/vgg16_bn_ruler95_s2_epoch_005_decompose.csv
      layer    d  C_out    n_over_d  out_0.95  kernel_0.95  data_0.95  ortho_0.95  kernel_erank_over_rmax
 features.0   27      9 5925.925926  0.666667     0.777778   0.555556    0.666667                0.748674
 features.3   81     19 1975.308642  0.578947     0.894737   1.000000    0.684211                0.851493
 features.7  171     39  935.672515  0.589744     0.846154   1.000000    0.717949                0.847147
features.10  351     51  455.840456  0.607843     0.901961   1.000000    0.725490                0.907212
features.14  459     97  348.583878  0.484536     0.865979   1.000000    0.649485                0.861606
features.17  873    116  183.276060  0.560345     0.896552   1.000000    0.681034                0.917446
features.20 1044    131  153.256705  0.572519     0.900763   1.000000    0.687023                0.928369
features.24 1179    140  135.708227  0.500000     0.900000   1.000000    0.607143                0.933374
features.27 1260     74  126.984127  0.635135     0.918919   1.000000    0.689189                0.968513
features.30  666     55  240.240240  0.672727     0.927273   1.000000    0.727273                0.956858
features.34  495     25   80.808081  0.600000     0.960000   1.000000    0.640000                0.973143
features.37  225     29  177.777778  0.586207     0.896552   1.000000    0.620690                0.921717
features.40  261     35  153.256705  0.542857     0.914286   0.971429    0.571429                0.934144
Proposition 1 check: Ostrowski ratios within [s_min^2, s_max^2] on 13/13 layers; k*_out(tau) <= k*_ortho(tau') on tau=0.9: 13/13, tau=0.95: 13/13, tau=0.99: 13/13, tau=0.999: 13/13;  kappa median 2.3, max 5.0;  lower bound k*_out(tau) >= k*_ortho(tau'') on tau=0.9: 13/13, tau=0.95: 13/13, tau=0.99: 13/13, tau=0.999: 13/13
wrote ../results/a18/decompose/vgg16_bn_ruler95_s0_epoch_005_decompose.csv
      layer    d  C_out    n_over_d  out_0.95  kernel_0.95  data_0.95  ortho_0.95  kernel_erank_over_rmax
 features.0   27      9 5925.925926  0.666667     0.888889   0.555556    0.666667                0.748094
 features.3   81     19 1975.308642  0.578947     0.842105   1.000000    0.684211                0.818730
 features.7  171     39  935.672515  0.564103     0.871795   1.000000    0.743590                0.847613
features.10  351     51  455.840456  0.588235     0.882353   1.000000    0.725490                0.906487
features.14  459     97  348.583878  0.484536     0.865979   1.000000    0.659794                0.863445
features.17  873    116  183.276060  0.560345     0.896552   1.000000    0.681034                0.919582
features.20 1044    131  153.256705  0.572519     0.900763   1.000000    0.687023                0.927641
features.24 1179    140  135.708227  0.478571     0.900000   1.000000    0.585714                0.931560
features.27 1260     74  126.984127  0.621622     0.918919   1.000000    0.675676                0.967169
features.30  666     55  240.240240  0.654545     0.927273   1.000000    0.709091                0.954927
features.34  495     25   80.808081  0.600000     0.960000   1.000000    0.640000                0.973733
features.37  225     29  177.777778  0.586207     0.896552   1.000000    0.620690                0.931373
features.40  261     35  153.256705  0.542857     0.914286   1.000000    0.600000                0.929340
Proposition 1 check: Ostrowski ratios within [s_min^2, s_max^2] on 13/13 layers; k*_out(tau) <= k*_ortho(tau') on tau=0.9: 13/13, tau=0.95: 13/13, tau=0.99: 13/13, tau=0.999: 13/13;  kappa median 2.3, max 3.9;  lower bound k*_out(tau) >= k*_ortho(tau'') on tau=0.9: 13/13, tau=0.95: 13/13, tau=0.99: 13/13, tau=0.999: 13/13
wrote ../results/a18/decompose/vgg16_bn_ruler95_s1_epoch_005_decompose.csv
vgg16_bn_ruler95_s2_epoch_007 (../results/a18/vgg16_bn_ruler95_s2/epoch_007.pt): 13 dense conv layers, 25s
vgg16_bn_ruler95_s0_epoch_007 (../results/a18/vgg16_bn_ruler95_s0/epoch_007.pt): 13 dense conv layers, 26s
vgg16_bn_ruler95_s1_epoch_007 (../results/a18/vgg16_bn_ruler95_s1/epoch_007.pt): 13 dense conv layers, 27s
      layer    d  C_out    n_over_d  out_0.95  kernel_0.95  data_0.95  ortho_0.95  kernel_erank_over_rmax
 features.0   27      9 5925.925926  0.777778     0.888889   0.555556    0.777778                0.835657
 features.3   81     19 1975.308642  0.526316     0.842105   1.000000    0.684211                0.791002
 features.7  171     39  935.672515  0.564103     0.846154   1.000000    0.769231                0.811754
features.10  351     51  455.840456  0.568627     0.882353   1.000000    0.705882                0.881434
features.14  459     97  348.583878  0.443299     0.855670   1.000000    0.649485                0.826280
features.17  873    116  183.276060  0.517241     0.887931   1.000000    0.672414                0.900100
features.20 1044    131  153.256705  0.534351     0.893130   1.000000    0.671756                0.913670
features.24 1179    140  135.708227  0.492857     0.900000   1.000000    0.621429                0.918684
features.27 1260     74  126.984127  0.621622     0.918919   1.000000    0.675676                0.964676
features.30  666     55  240.240240  0.636364     0.909091   1.000000    0.709091                0.952752
features.34  495     25   80.808081  0.600000     0.960000   1.000000    0.640000                0.974451
features.37  225     29  177.777778  0.586207     0.931034   1.000000    0.655172                0.933157
features.40  261     35  153.256705  0.542857     0.914286   1.000000    0.600000                0.922720
Proposition 1 check: Ostrowski ratios within [s_min^2, s_max^2] on 13/13 layers; k*_out(tau) <= k*_ortho(tau') on tau=0.9: 13/13, tau=0.95: 13/13, tau=0.99: 13/13, tau=0.999: 13/13;  kappa median 2.4, max 3.7;  lower bound k*_out(tau) >= k*_ortho(tau'') on tau=0.9: 13/13, tau=0.95: 13/13, tau=0.99: 13/13, tau=0.999: 13/13
wrote ../results/a18/decompose/vgg16_bn_ruler95_s2_epoch_007_decompose.csv
      layer    d  C_out    n_over_d  out_0.95  kernel_0.95  data_0.95  ortho_0.95  kernel_erank_over_rmax
 features.0   27      9 5925.925926  0.555556     0.777778   0.555556    0.666667                0.719397
 features.3   81     19 1975.308642  0.526316     0.842105   1.000000    0.684211                0.811709
 features.7  171     39  935.672515  0.564103     0.846154   1.000000    0.743590                0.807150
features.10  351     51  455.840456  0.568627     0.882353   1.000000    0.725490                0.879521
features.14  459     97  348.583878  0.443299     0.845361   1.000000    0.649485                0.824082
features.17  873    116  183.276060  0.508621     0.887931   1.000000    0.672414                0.896010
features.20 1044    131  153.256705  0.526718     0.893130   1.000000    0.671756                0.912810
features.24 1179    140  135.708227  0.471429     0.900000   1.000000    0.600000                0.919014
features.27 1260     74  126.984127  0.608108     0.918919   1.000000    0.675676                0.964463
features.30  666     55  240.240240  0.636364     0.909091   1.000000    0.709091                0.951181
features.34  495     25   80.808081  0.600000     0.960000   1.000000    0.640000                0.971194
features.37  225     29  177.777778  0.551724     0.896552   1.000000    0.620690                0.915023
features.40  261     35  153.256705  0.542857     0.914286   0.971429    0.571429                0.929058
Proposition 1 check: Ostrowski ratios within [s_min^2, s_max^2] on 13/13 layers; k*_out(tau) <= k*_ortho(tau') on tau=0.9: 13/13, tau=0.95: 13/13, tau=0.99: 13/13, tau=0.999: 13/13;  kappa median 2.5, max 4.8;  lower bound k*_out(tau) >= k*_ortho(tau'') on tau=0.9: 13/13, tau=0.95: 13/13, tau=0.99: 13/13, tau=0.999: 13/13
wrote ../results/a18/decompose/vgg16_bn_ruler95_s0_epoch_007_decompose.csv
      layer    d  C_out    n_over_d  out_0.95  kernel_0.95  data_0.95  ortho_0.95  kernel_erank_over_rmax
 features.0   27      9 5925.925926  0.666667     0.777778   0.555556    0.666667                0.684390
 features.3   81     19 1975.308642  0.526316     0.842105   1.000000    0.736842                0.785199
 features.7  171     39  935.672515  0.538462     0.846154   1.000000    0.743590                0.805117
features.10  351     51  455.840456  0.549020     0.882353   1.000000    0.725490                0.876113
features.14  459     97  348.583878  0.463918     0.855670   1.000000    0.659794                0.827235
features.17  873    116  183.276060  0.517241     0.887931   1.000000    0.681034                0.897796
features.20 1044    131  153.256705  0.519084     0.893130   1.000000    0.664122                0.912368
features.24 1179    140  135.708227  0.442857     0.900000   1.000000    0.578571                0.917071
features.27 1260     74  126.984127  0.608108     0.918919   1.000000    0.662162                0.962577
features.30  666     55  240.240240  0.636364     0.909091   1.000000    0.709091                0.949055
features.34  495     25   80.808081  0.640000     0.960000   1.000000    0.680000                0.971916
features.37  225     29  177.777778  0.586207     0.896552   1.000000    0.655172                0.922383
features.40  261     35  153.256705  0.542857     0.914286   1.000000    0.600000                0.925604
Proposition 1 check: Ostrowski ratios within [s_min^2, s_max^2] on 13/13 layers; k*_out(tau) <= k*_ortho(tau') on tau=0.9: 13/13, tau=0.95: 13/13, tau=0.99: 13/13, tau=0.999: 13/13;  kappa median 2.6, max 4.4;  lower bound k*_out(tau) >= k*_ortho(tau'') on tau=0.9: 13/13, tau=0.95: 13/13, tau=0.99: 13/13, tau=0.999: 13/13
wrote ../results/a18/decompose/vgg16_bn_ruler95_s1_epoch_007_decompose.csv
vgg16_bn_ruler95_s2_epoch_010 (../results/a18/vgg16_bn_ruler95_s2/epoch_010.pt): 13 dense conv layers, 24s
vgg16_bn_ruler95_s0_epoch_010 (../results/a18/vgg16_bn_ruler95_s0/epoch_010.pt): 13 dense conv layers, 25s
vgg16_bn_ruler95_s1_epoch_010 (../results/a18/vgg16_bn_ruler95_s1/epoch_010.pt): 13 dense conv layers, 26s
      layer    d  C_out    n_over_d  out_0.95  kernel_0.95  data_0.95  ortho_0.95  kernel_erank_over_rmax
 features.0   27      9 5925.925926  0.777778     0.888889   0.555556    0.666667                0.818169
 features.3   81     19 1975.308642  0.526316     0.789474   1.000000    0.736842                0.746090
 features.7  171     39  935.672515  0.538462     0.794872   1.000000    0.769231                0.753128
features.10  351     51  455.840456  0.549020     0.862745   1.000000    0.725490                0.830062
features.14  459     97  348.583878  0.432990     0.824742   1.000000    0.680412                0.755125
features.17  873    116  183.276060  0.482759     0.870690   1.000000    0.689655                0.845726
features.20 1044    131  153.256705  0.496183     0.885496   1.000000    0.679389                0.869863
features.24 1179    140  135.708227  0.457143     0.885714   1.000000    0.621429                0.875155
features.27 1260     74  126.984127  0.581081     0.918919   1.000000    0.675676                0.950141
features.30  666     55  240.240240  0.600000     0.909091   1.000000    0.690909                0.934160
features.34  495     25   80.808081  0.640000     0.920000   1.000000    0.680000                0.967420
features.37  225     29  177.777778  0.586207     0.896552   1.000000    0.689655                0.908405
features.40  261     35  153.256705  0.571429     0.885714   1.000000    0.657143                0.903293
Proposition 1 check: Ostrowski ratios within [s_min^2, s_max^2] on 13/13 layers; k*_out(tau) <= k*_ortho(tau') on tau=0.9: 13/13, tau=0.95: 13/13, tau=0.99: 13/13, tau=0.999: 13/13;  kappa median 3.0, max 4.5;  lower bound k*_out(tau) >= k*_ortho(tau'') on tau=0.9: 13/13, tau=0.95: 13/13, tau=0.99: 13/13, tau=0.999: 13/13
wrote ../results/a18/decompose/vgg16_bn_ruler95_s2_epoch_010_decompose.csv
      layer    d  C_out    n_over_d  out_0.95  kernel_0.95  data_0.95  ortho_0.95  kernel_erank_over_rmax
 features.0   27      9 5925.925926  0.666667     0.777778   0.555556    0.666667                0.686308
 features.3   81     19 1975.308642  0.578947     0.842105   1.000000    0.684211                0.768450
 features.7  171     39  935.672515  0.538462     0.820513   1.000000    0.743590                0.752068
features.10  351     51  455.840456  0.529412     0.862745   1.000000    0.725490                0.827718
features.14  459     97  348.583878  0.422680     0.824742   1.000000    0.670103                0.753501
features.17  873    116  183.276060  0.465517     0.870690   1.000000    0.681034                0.841485
features.20 1044    131  153.256705  0.473282     0.885496   1.000000    0.671756                0.869475
features.24 1179    140  135.708227  0.435714     0.885714   1.000000    0.614286                0.873704
features.27 1260     74  126.984127  0.581081     0.918919   1.000000    0.675676                0.948108
features.30  666     55  240.240240  0.600000     0.909091   1.000000    0.690909                0.934184
features.34  495     25   80.808081  0.640000     0.920000   1.000000    0.680000                0.960136
features.37  225     29  177.777778  0.586207     0.896552   1.000000    0.689655                0.896803
features.40  261     35  153.256705  0.542857     0.885714   1.000000    0.628571                0.911076
Proposition 1 check: Ostrowski ratios within [s_min^2, s_max^2] on 13/13 layers; k*_out(tau) <= k*_ortho(tau') on tau=0.9: 13/13, tau=0.95: 13/13, tau=0.99: 13/13, tau=0.999: 13/13;  kappa median 3.0, max 5.0;  lower bound k*_out(tau) >= k*_ortho(tau'') on tau=0.9: 13/13, tau=0.95: 13/13, tau=0.99: 13/13, tau=0.999: 13/13
wrote ../results/a18/decompose/vgg16_bn_ruler95_s0_epoch_010_decompose.csv
      layer    d  C_out    n_over_d  out_0.95  kernel_0.95  data_0.95  ortho_0.95  kernel_erank_over_rmax
 features.0   27      9 5925.925926  0.666667     0.777778   0.555556    0.555556                0.622136
 features.3   81     19 1975.308642  0.578947     0.789474   1.000000    0.736842                0.757120
 features.7  171     39  935.672515  0.538462     0.820513   1.000000    0.743590                0.743391
features.10  351     51  455.840456  0.509804     0.862745   1.000000    0.725490                0.824387
features.14  459     97  348.583878  0.443299     0.824742   1.000000    0.690722                0.761719
features.17  873    116  183.276060  0.482759     0.870690   1.000000    0.698276                0.844747
features.20 1044    131  153.256705  0.473282     0.877863   1.000000    0.671756                0.869679
features.24 1179    140  135.708227  0.435714     0.885714   1.000000    0.614286                0.873452
features.27 1260     74  126.984127  0.567568     0.918919   1.000000    0.662162                0.945400
features.30  666     55  240.240240  0.600000     0.909091   1.000000    0.672727                0.933191
features.34  495     25   80.808081  0.640000     0.920000   1.000000    0.680000                0.963767
features.37  225     29  177.777778  0.586207     0.896552   1.000000    0.689655                0.904521
features.40  261     35  153.256705  0.542857     0.885714   1.000000    0.600000                0.907511
Proposition 1 check: Ostrowski ratios within [s_min^2, s_max^2] on 13/13 layers; k*_out(tau) <= k*_ortho(tau') on tau=0.9: 13/13, tau=0.95: 13/13, tau=0.99: 13/13, tau=0.999: 13/13;  kappa median 3.0, max 5.5;  lower bound k*_out(tau) >= k*_ortho(tau'') on tau=0.9: 13/13, tau=0.95: 13/13, tau=0.99: 13/13, tau=0.999: 13/13
wrote ../results/a18/decompose/vgg16_bn_ruler95_s1_epoch_010_decompose.csv
vgg16_bn_ruler95_s2_epoch_015 (../results/a18/vgg16_bn_ruler95_s2/epoch_015.pt): 13 dense conv layers, 25s
vgg16_bn_ruler95_s0_epoch_015 (../results/a18/vgg16_bn_ruler95_s0/epoch_015.pt): 13 dense conv layers, 25s
vgg16_bn_ruler95_s1_epoch_015 (../results/a18/vgg16_bn_ruler95_s1/epoch_015.pt): 13 dense conv layers, 25s
      layer    d  C_out    n_over_d  out_0.95  kernel_0.95  data_0.95  ortho_0.95  kernel_erank_over_rmax
 features.0   27      9 5925.925926  0.777778     0.777778   0.555556    0.666667                0.797130
 features.3   81     19 1975.308642  0.578947     0.789474   1.000000    0.736842                0.728448
 features.7  171     39  935.672515  0.538462     0.769231   1.000000    0.794872                0.685702
features.10  351     51  455.840456  0.529412     0.823529   1.000000    0.745098                0.770558
features.14  459     97  348.583878  0.422680     0.762887   1.000000    0.711340                0.680039
features.17  873    116  183.276060  0.456897     0.827586   1.000000    0.715517                0.749727
features.20 1044    131  153.256705  0.465649     0.847328   1.000000    0.717557                0.781762
features.24 1179    140  135.708227  0.407143     0.842857   1.000000    0.657143                0.753575
features.27 1260     74  126.984127  0.513514     0.891892   1.000000    0.662162                0.877368
features.30  666     55  240.240240  0.527273     0.890909   1.000000    0.672727                0.868182
features.34  495     25   80.808081  0.640000     0.920000   1.000000    0.720000                0.926466
features.37  225     29  177.777778  0.586207     0.862069   1.000000    0.724138                0.841532
features.40  261     35  153.256705  0.542857     0.857143   0.942857    0.657143                0.830650
Proposition 1 check: Ostrowski ratios within [s_min^2, s_max^2] on 13/13 layers; k*_out(tau) <= k*_ortho(tau') on tau=0.9: 13/13, tau=0.95: 13/13, tau=0.99: 13/13, tau=0.999: 13/13;  kappa median 4.1, max 5.6;  lower bound k*_out(tau) >= k*_ortho(tau'') on tau=0.9: 13/13, tau=0.95: 13/13, tau=0.99: 13/13, tau=0.999: 13/13
wrote ../results/a18/decompose/vgg16_bn_ruler95_s2_epoch_015_decompose.csv
      layer    d  C_out    n_over_d  out_0.95  kernel_0.95  data_0.95  ortho_0.95  kernel_erank_over_rmax
 features.0   27      9 5925.925926  0.666667     0.777778   0.555556    0.666667                0.667900
 features.3   81     19 1975.308642  0.578947     0.789474   1.000000    0.736842                0.740687
 features.7  171     39  935.672515  0.538462     0.743590   1.000000    0.769231                0.681431
features.10  351     51  455.840456  0.509804     0.823529   1.000000    0.725490                0.762304
features.14  459     97  348.583878  0.412371     0.762887   1.000000    0.711340                0.680465
features.17  873    116  183.276060  0.448276     0.818966   1.000000    0.724138                0.744004
features.20 1044    131  153.256705  0.465649     0.847328   1.000000    0.717557                0.784684
features.24 1179    140  135.708227  0.414286     0.842857   1.000000    0.664286                0.752223
features.27 1260     74  126.984127  0.513514     0.891892   1.000000    0.689189                0.868570
features.30  666     55  240.240240  0.545455     0.890909   1.000000    0.690909                0.872847
features.34  495     25   80.808081  0.640000     0.920000   1.000000    0.720000                0.907920
features.37  225     29  177.777778  0.586207     0.862069   1.000000    0.724138                0.825925
features.40  261     35  153.256705  0.542857     0.857143   0.971429    0.657143                0.840559
Proposition 1 check: Ostrowski ratios within [s_min^2, s_max^2] on 13/13 layers; k*_out(tau) <= k*_ortho(tau') on tau=0.9: 13/13, tau=0.95: 13/13, tau=0.99: 13/13, tau=0.999: 13/13;  kappa median 4.0, max 6.2;  lower bound k*_out(tau) >= k*_ortho(tau'') on tau=0.9: 13/13, tau=0.95: 13/13, tau=0.99: 13/13, tau=0.999: 13/13
wrote ../results/a18/decompose/vgg16_bn_ruler95_s0_epoch_015_decompose.csv
      layer    d  C_out    n_over_d  out_0.95  kernel_0.95  data_0.95  ortho_0.95  kernel_erank_over_rmax
 features.0   27      9 5925.925926  0.666667     0.777778   0.555556    0.555556                0.603812
 features.3   81     19 1975.308642  0.578947     0.789474   1.000000    0.789474                0.732544
 features.7  171     39  935.672515  0.538462     0.769231   1.000000    0.794872                0.692571
features.10  351     51  455.840456  0.509804     0.823529   1.000000    0.745098                0.771658
features.14  459     97  348.583878  0.432990     0.773196   1.000000    0.711340                0.688818
features.17  873    116  183.276060  0.456897     0.827586   1.000000    0.724138                0.746597
features.20 1044    131  153.256705  0.465649     0.847328   1.000000    0.725191                0.782208
features.24 1179    140  135.708227  0.414286     0.842857   1.000000    0.664286                0.752192
features.27 1260     74  126.984127  0.513514     0.891892   1.000000    0.689189                0.864642
features.30  666     55  240.240240  0.563636     0.890909   1.000000    0.709091                0.870639
features.34  495     25   80.808081  0.640000     0.920000   1.000000    0.720000                0.917387
features.37  225     29  177.777778  0.620690     0.862069   1.000000    0.758621                0.846885
features.40  261     35  153.256705  0.542857     0.857143   1.000000    0.657143                0.839636
Proposition 1 check: Ostrowski ratios within [s_min^2, s_max^2] on 13/13 layers; k*_out(tau) <= k*_ortho(tau') on tau=0.9: 13/13, tau=0.95: 13/13, tau=0.99: 13/13, tau=0.999: 13/13;  kappa median 4.1, max 5.8;  lower bound k*_out(tau) >= k*_ortho(tau'') on tau=0.9: 13/13, tau=0.95: 13/13, tau=0.99: 13/13, tau=0.999: 13/13
wrote ../results/a18/decompose/vgg16_bn_ruler95_s1_epoch_015_decompose.csv
vgg16_bn_ruler95_s2_epoch_020 (../results/a18/vgg16_bn_ruler95_s2/epoch_020.pt): 13 dense conv layers, 21s
vgg16_bn_ruler95_s0_epoch_020 (../results/a18/vgg16_bn_ruler95_s0/epoch_020.pt): 13 dense conv layers, 25s
vgg16_bn_ruler95_s1_epoch_020 (../results/a18/vgg16_bn_ruler95_s1/epoch_020.pt): 13 dense conv layers, 25s
      layer    d  C_out    n_over_d  out_0.95  kernel_0.95  data_0.95  ortho_0.95  kernel_erank_over_rmax
 features.0   27      9 5925.925926  0.777778     0.777778   0.555556    0.666667                0.776885
 features.3   81     19 1975.308642  0.578947     0.789474   1.000000    0.736842                0.725762
 features.7  171     39  935.672515  0.564103     0.743590   1.000000    0.794872                0.672147
features.10  351     51  455.840456  0.509804     0.803922   1.000000    0.745098                0.752973
features.14  459     97  348.583878  0.432990     0.742268   1.000000    0.731959                0.666899
features.17  873    116  183.276060  0.456897     0.793103   1.000000    0.732759                0.709278
features.20 1044    131  153.256705  0.473282     0.816794   1.000000    0.740458                0.748486
features.24 1179    140  135.708227  0.407143     0.785714   1.000000    0.714286                0.660724
features.27 1260     74  126.984127  0.486486     0.851351   1.000000    0.702703                0.762535
features.30  666     55  240.240240  0.545455     0.854545   1.000000    0.709091                0.790919
features.34  495     25   80.808081  0.680000     0.880000   1.000000    0.840000                0.851002
features.37  225     29  177.777778  0.620690     0.793103   1.000000    0.793103                0.762978
features.40  261     35  153.256705  0.542857     0.771429   1.000000    0.714286                0.747947
Proposition 1 check: Ostrowski ratios within [s_min^2, s_max^2] on 13/13 layers; k*_out(tau) <= k*_ortho(tau') on tau=0.9: 13/13, tau=0.95: 13/13, tau=0.99: 13/13, tau=0.999: 13/13;  kappa median 4.8, max 6.4;  lower bound k*_out(tau) >= k*_ortho(tau'') on tau=0.9: 13/13, tau=0.95: 13/13, tau=0.99: 13/13, tau=0.999: 13/13
wrote ../results/a18/decompose/vgg16_bn_ruler95_s2_epoch_020_decompose.csv
      layer    d  C_out    n_over_d  out_0.95  kernel_0.95  data_0.95  ortho_0.95  kernel_erank_over_rmax
 features.0   27      9 5925.925926  0.666667     0.777778   0.555556    0.666667                0.666554
 features.3   81     19 1975.308642  0.578947     0.789474   1.000000    0.736842                0.724607
 features.7  171     39  935.672515  0.538462     0.717949   1.000000    0.769231                0.657033
features.10  351     51  455.840456  0.509804     0.803922   1.000000    0.745098                0.745896
features.14  459     97  348.583878  0.443299     0.742268   1.000000    0.742268                0.666732
features.17  873    116  183.276060  0.456897     0.784483   1.000000    0.741379                0.701395
features.20 1044    131  153.256705  0.473282     0.816794   1.000000    0.740458                0.746438
features.24 1179    140  135.708227  0.407143     0.785714   1.000000    0.707143                0.662484
features.27 1260     74  126.984127  0.472973     0.851351   1.000000    0.716216                0.751311
features.30  666     55  240.240240  0.509091     0.854545   1.000000    0.690909                0.781918
features.34  495     25   80.808081  0.640000     0.840000   1.000000    0.760000                0.821407
features.37  225     29  177.777778  0.586207     0.793103   1.000000    0.793103                0.751290
features.40  261     35  153.256705  0.571429     0.771429   0.971429    0.742857                0.763176
Proposition 1 check: Ostrowski ratios within [s_min^2, s_max^2] on 13/13 layers; k*_out(tau) <= k*_ortho(tau') on tau=0.9: 13/13, tau=0.95: 13/13, tau=0.99: 13/13, tau=0.999: 13/13;  kappa median 4.8, max 6.7;  lower bound k*_out(tau) >= k*_ortho(tau'') on tau=0.9: 13/13, tau=0.95: 13/13, tau=0.99: 13/13, tau=0.999: 13/13
wrote ../results/a18/decompose/vgg16_bn_ruler95_s0_epoch_020_decompose.csv
      layer    d  C_out    n_over_d  out_0.95  kernel_0.95  data_0.95  ortho_0.95  kernel_erank_over_rmax
 features.0   27      9 5925.925926  0.666667     0.777778   0.555556    0.555556                0.608150
 features.3   81     19 1975.308642  0.578947     0.736842   1.000000    0.736842                0.721150
 features.7  171     39  935.672515  0.538462     0.743590   1.000000    0.794872                0.670872
features.10  351     51  455.840456  0.509804     0.803922   1.000000    0.745098                0.743263
features.14  459     97  348.583878  0.443299     0.752577   1.000000    0.742268                0.669464
features.17  873    116  183.276060  0.448276     0.793103   1.000000    0.741379                0.706581
features.20 1044    131  153.256705  0.473282     0.816794   1.000000    0.748092                0.742831
features.24 1179    140  135.708227  0.414286     0.785714   1.000000    0.707143                0.663030
features.27 1260     74  126.984127  0.472973     0.837838   1.000000    0.716216                0.738676
features.30  666     55  240.240240  0.545455     0.854545   1.000000    0.727273                0.796554
features.34  495     25   80.808081  0.640000     0.880000   1.000000    0.800000                0.825310
features.37  225     29  177.777778  0.620690     0.793103   1.000000    0.793103                0.770649
features.40  261     35  153.256705  0.571429     0.771429   1.000000    0.714286                0.755990
Proposition 1 check: Ostrowski ratios within [s_min^2, s_max^2] on 13/13 layers; k*_out(tau) <= k*_ortho(tau') on tau=0.9: 13/13, tau=0.95: 13/13, tau=0.99: 13/13, tau=0.999: 13/13;  kappa median 5.1, max 6.4;  lower bound k*_out(tau) >= k*_ortho(tau'') on tau=0.9: 13/13, tau=0.95: 13/13, tau=0.99: 13/13, tau=0.999: 13/13
wrote ../results/a18/decompose/vgg16_bn_ruler95_s1_epoch_020_decompose.csv
vgg16_bn_ruler95_s2_epoch_030 (../results/a18/vgg16_bn_ruler95_s2/epoch_030.pt): 13 dense conv layers, 21s
vgg16_bn_ruler95_s0_epoch_030 (../results/a18/vgg16_bn_ruler95_s0/epoch_030.pt): 13 dense conv layers, 21s
      layer    d  C_out    n_over_d  out_0.95  kernel_0.95  data_0.95  ortho_0.95  kernel_erank_over_rmax
 features.0   27      9 5925.925926  0.777778     0.777778   0.555556    0.666667                0.767466
 features.3   81     19 1975.308642  0.578947     0.789474   1.000000    0.736842                0.751415
 features.7  171     39  935.672515  0.538462     0.743590   1.000000    0.794872                0.666735
features.10  351     51  455.840456  0.529412     0.803922   1.000000    0.764706                0.744892
features.14  459     97  348.583878  0.453608     0.742268   1.000000    0.752577                0.676268
features.17  873    116  183.276060  0.474138     0.784483   1.000000    0.758621                0.706473
features.20 1044    131  153.256705  0.488550     0.816794   1.000000    0.755725                0.743553
features.24 1179    140  135.708227  0.414286     0.750000   1.000000    0.728571                0.626179
features.27 1260     74  126.984127  0.432432     0.770270   1.000000    0.716216                0.651475
features.30  666     55  240.240240  0.527273     0.781818   1.000000    0.745455                0.695934
features.34  495     25   80.808081  0.680000     0.800000   1.000000    0.840000                0.747496
features.37  225     29  177.777778  0.620690     0.689655   1.000000    0.827586                0.697673
features.40  261     35  153.256705  0.542857     0.685714   0.971429    0.771429                0.673864
Proposition 1 check: Ostrowski ratios within [s_min^2, s_max^2] on 13/13 layers; k*_out(tau) <= k*_ortho(tau') on tau=0.9: 13/13, tau=0.95: 13/13, tau=0.99: 13/13, tau=0.999: 13/13;  kappa median 5.8, max 9.6;  lower bound k*_out(tau) >= k*_ortho(tau'') on tau=0.9: 13/13, tau=0.95: 13/13, tau=0.99: 13/13, tau=0.999: 13/13
wrote ../results/a18/decompose/vgg16_bn_ruler95_s2_epoch_030_decompose.csv
vgg16_bn_ruler95_s1_epoch_030 (../results/a18/vgg16_bn_ruler95_s1/epoch_030.pt): 13 dense conv layers, 21s
      layer    d  C_out    n_over_d  out_0.95  kernel_0.95  data_0.95  ortho_0.95  kernel_erank_over_rmax
 features.0   27      9 5925.925926  0.666667     0.777778   0.555556    0.666667                0.663281
 features.3   81     19 1975.308642  0.578947     0.789474   1.000000    0.736842                0.730505
 features.7  171     39  935.672515  0.512821     0.717949   1.000000    0.769231                0.651515
features.10  351     51  455.840456  0.509804     0.784314   1.000000    0.745098                0.739241
features.14  459     97  348.583878  0.453608     0.742268   1.000000    0.742268                0.668319
features.17  873    116  183.276060  0.465517     0.775862   1.000000    0.750000                0.697059
features.20 1044    131  153.256705  0.496183     0.816794   1.000000    0.755725                0.752792
features.24 1179    140  135.708227  0.414286     0.750000   1.000000    0.728571                0.632242
features.27 1260     74  126.984127  0.445946     0.770270   1.000000    0.743243                0.632818
features.30  666     55  240.240240  0.490909     0.781818   1.000000    0.709091                0.686954
features.34  495     25   80.808081  0.640000     0.720000   1.000000    0.840000                0.703704
features.37  225     29  177.777778  0.620690     0.724138   1.000000    0.827586                0.693127
features.40  261     35  153.256705  0.542857     0.685714   0.942857    0.742857                0.692985
Proposition 1 check: Ostrowski ratios within [s_min^2, s_max^2] on 13/13 layers; k*_out(tau) <= k*_ortho(tau') on tau=0.9: 13/13, tau=0.95: 13/13, tau=0.99: 13/13, tau=0.999: 13/13;  kappa median 6.3, max 9.0;  lower bound k*_out(tau) >= k*_ortho(tau'') on tau=0.9: 13/13, tau=0.95: 13/13, tau=0.99: 13/13, tau=0.999: 13/13
wrote ../results/a18/decompose/vgg16_bn_ruler95_s0_epoch_030_decompose.csv
      layer    d  C_out    n_over_d  out_0.95  kernel_0.95  data_0.95  ortho_0.95  kernel_erank_over_rmax
 features.0   27      9 5925.925926  0.666667     0.777778   0.555556    0.555556                0.623289
 features.3   81     19 1975.308642  0.578947     0.789474   1.000000    0.789474                0.721408
 features.7  171     39  935.672515  0.538462     0.717949   1.000000    0.794872                0.668311
features.10  351     51  455.840456  0.509804     0.803922   1.000000    0.745098                0.747561
features.14  459     97  348.583878  0.453608     0.742268   1.000000    0.742268                0.677011
features.17  873    116  183.276060  0.474138     0.784483   1.000000    0.758621                0.704737
features.20 1044    131  153.256705  0.496183     0.809160   1.000000    0.763359                0.741151
features.24 1179    140  135.708227  0.407143     0.750000   1.000000    0.735714                0.628033
features.27 1260     74  126.984127  0.405405     0.743243   1.000000    0.716216                0.613112
features.30  666     55  240.240240  0.509091     0.781818   1.000000    0.709091                0.693268
features.34  495     25   80.808081  0.600000     0.720000   1.000000    0.840000                0.698429
features.37  225     29  177.777778  0.586207     0.758621   1.000000    0.827586                0.711145
features.40  261     35  153.256705  0.514286     0.657143   0.914286    0.714286                0.672062
Proposition 1 check: Ostrowski ratios within [s_min^2, s_max^2] on 13/13 layers; k*_out(tau) <= k*_ortho(tau') on tau=0.9: 13/13, tau=0.95: 13/13, tau=0.99: 13/13, tau=0.999: 13/13;  kappa median 6.4, max 9.6;  lower bound k*_out(tau) >= k*_ortho(tau'') on tau=0.9: 13/13, tau=0.95: 13/13, tau=0.99: 13/13, tau=0.999: 13/13
wrote ../results/a18/decompose/vgg16_bn_ruler95_s1_epoch_030_decompose.csv
vgg16_bn_ruler95_s2_epoch_040 (../results/a18/vgg16_bn_ruler95_s2/epoch_040.pt): 13 dense conv layers, 24s
      layer    d  C_out    n_over_d  out_0.95  kernel_0.95  data_0.95  ortho_0.95  kernel_erank_over_rmax
 features.0   27      9 5925.925926  0.777778     0.777778   0.555556    0.555556                0.764296
 features.3   81     19 1975.308642  0.631579     0.789474   1.000000    0.789474                0.760851
 features.7  171     39  935.672515  0.564103     0.743590   1.000000    0.794872                0.671258
features.10  351     51  455.840456  0.529412     0.803922   1.000000    0.745098                0.751695
features.14  459     97  348.583878  0.463918     0.752577   1.000000    0.752577                0.687031
features.17  873    116  183.276060  0.482759     0.784483   1.000000    0.758621                0.715574
features.20 1044    131  153.256705  0.511450     0.816794   1.000000    0.763359                0.755398
features.24 1179    140  135.708227  0.428571     0.757143   1.000000    0.750000                0.635033
features.27 1260     74  126.984127  0.459459     0.756757   1.000000    0.743243                0.644642
features.30  666     55  240.240240  0.490909     0.763636   1.000000    0.727273                0.662211
features.34  495     25   80.808081  0.640000     0.720000   1.000000    0.840000                0.683344
features.37  225     29  177.777778  0.586207     0.689655   1.000000    0.827586                0.673615
features.40  261     35  153.256705  0.514286     0.657143   0.942857    0.742857                0.655732
Proposition 1 check: Ostrowski ratios within [s_min^2, s_max^2] on 13/13 layers; k*_out(tau) <= k*_ortho(tau') on tau=0.9: 13/13, tau=0.95: 13/13, tau=0.99: 13/13, tau=0.999: 13/13;  kappa median 6.1, max 11.4;  lower bound k*_out(tau) >= k*_ortho(tau'') on tau=0.9: 13/13, tau=0.95: 13/13, tau=0.99: 13/13, tau=0.999: 13/13
wrote ../results/a18/decompose/vgg16_bn_ruler95_s2_epoch_040_decompose.csv
vgg16_bn_ruler95_s0_epoch_040 (../results/a18/vgg16_bn_ruler95_s0/epoch_040.pt): 13 dense conv layers, 27s
vgg16_bn_ruler95_s1_epoch_040 (../results/a18/vgg16_bn_ruler95_s1/epoch_040.pt): 13 dense conv layers, 27s
      layer    d  C_out    n_over_d  out_0.95  kernel_0.95  data_0.95  ortho_0.95  kernel_erank_over_rmax
 features.0   27      9 5925.925926  0.666667     0.777778   0.555556    0.666667                0.668226
 features.3   81     19 1975.308642  0.578947     0.789474   1.000000    0.736842                0.731427
 features.7  171     39  935.672515  0.538462     0.717949   1.000000    0.794872                0.663992
features.10  351     51  455.840456  0.529412     0.803922   1.000000    0.764706                0.742126
features.14  459     97  348.583878  0.453608     0.752577   1.000000    0.762887                0.683816
features.17  873    116  183.276060  0.474138     0.784483   1.000000    0.750000                0.710981
features.20 1044    131  153.256705  0.519084     0.816794   1.000000    0.770992                0.763231
features.24 1179    140  135.708227  0.428571     0.757143   1.000000    0.742857                0.646804
features.27 1260     74  126.984127  0.445946     0.743243   1.000000    0.756757                0.615396
features.30  666     55  240.240240  0.490909     0.763636   1.000000    0.727273                0.649828
features.34  495     25   80.808081  0.600000     0.680000   1.000000    0.880000                0.650251
features.37  225     29  177.777778  0.586207     0.689655   1.000000    0.827586                0.666309
features.40  261     35  153.256705  0.571429     0.714286   0.971429    0.800000                0.704280
Proposition 1 check: Ostrowski ratios within [s_min^2, s_max^2] on 13/13 layers; k*_out(tau) <= k*_ortho(tau') on tau=0.9: 13/13, tau=0.95: 13/13, tau=0.99: 13/13, tau=0.999: 13/13;  kappa median 6.6, max 10.4;  lower bound k*_out(tau) >= k*_ortho(tau'') on tau=0.9: 13/13, tau=0.95: 13/13, tau=0.99: 13/13, tau=0.999: 13/13
wrote ../results/a18/decompose/vgg16_bn_ruler95_s0_epoch_040_decompose.csv
      layer    d  C_out    n_over_d  out_0.95  kernel_0.95  data_0.95  ortho_0.95  kernel_erank_over_rmax
 features.0   27      9 5925.925926  0.666667     0.777778   0.555556    0.555556                0.625518
 features.3   81     19 1975.308642  0.578947     0.736842   1.000000    0.789474                0.714660
 features.7  171     39  935.672515  0.538462     0.717949   1.000000    0.820513                0.670943
features.10  351     51  455.840456  0.509804     0.803922   1.000000    0.745098                0.744158
features.14  459     97  348.583878  0.474227     0.752577   1.000000    0.762887                0.690295
features.17  873    116  183.276060  0.482759     0.793103   1.000000    0.767241                0.713159
features.20 1044    131  153.256705  0.511450     0.816794   1.000000    0.770992                0.754820
features.24 1179    140  135.708227  0.428571     0.750000   1.000000    0.750000                0.632900
features.27 1260     74  126.984127  0.445946     0.729730   1.000000    0.756757                0.607465
features.30  666     55  240.240240  0.509091     0.763636   1.000000    0.745455                0.669249
features.34  495     25   80.808081  0.600000     0.680000   1.000000    0.840000                0.633143
features.37  225     29  177.777778  0.586207     0.689655   1.000000    0.827586                0.683827
features.40  261     35  153.256705  0.542857     0.657143   0.942857    0.742857                0.661418
Proposition 1 check: Ostrowski ratios within [s_min^2, s_max^2] on 13/13 layers; k*_out(tau) <= k*_ortho(tau') on tau=0.9: 13/13, tau=0.95: 13/13, tau=0.99: 13/13, tau=0.999: 13/13;  kappa median 6.4, max 12.0;  lower bound k*_out(tau) >= k*_ortho(tau'') on tau=0.9: 13/13, tau=0.95: 13/13, tau=0.99: 13/13, tau=0.999: 13/13
wrote ../results/a18/decompose/vgg16_bn_ruler95_s1_epoch_040_decompose.csv
vgg16_bn_ruler95_s2_epoch_050 (../results/a18/vgg16_bn_ruler95_s2/epoch_050.pt): 13 dense conv layers, 17s
      layer    d  C_out    n_over_d  out_0.95  kernel_0.95  data_0.95  ortho_0.95  kernel_erank_over_rmax
 features.0   27      9 5925.925926  0.777778     0.777778   0.555556    0.666667                0.744753
 features.3   81     19 1975.308642  0.578947     0.736842   1.000000    0.789474                0.739765
 features.7  171     39  935.672515  0.564103     0.743590   1.000000    0.820513                0.671510
features.10  351     51  455.840456  0.529412     0.803922   1.000000    0.764706                0.753221
features.14  459     97  348.583878  0.494845     0.752577   1.000000    0.773196                0.695963
features.17  873    116  183.276060  0.500000     0.793103   1.000000    0.775862                0.723417
features.20 1044    131  153.256705  0.526718     0.824427   1.000000    0.778626                0.767957
features.24 1179    140  135.708227  0.457143     0.757143   1.000000    0.764286                0.646203
features.27 1260     74  126.984127  0.472973     0.756757   1.000000    0.770270                0.642606
features.30  666     55  240.240240  0.527273     0.745455   1.000000    0.781818                0.644233
features.34  495     25   80.808081  0.640000     0.720000   1.000000    0.880000                0.660602
features.37  225     29  177.777778  0.586207     0.655172   1.000000    0.827586                0.663995
features.40  261     35  153.256705  0.542857     0.657143   1.000000    0.771429                0.663208
Proposition 1 check: Ostrowski ratios within [s_min^2, s_max^2] on 13/13 layers; k*_out(tau) <= k*_ortho(tau') on tau=0.9: 13/13, tau=0.95: 13/13, tau=0.99: 13/13, tau=0.999: 13/13;  kappa median 6.2, max 11.8;  lower bound k*_out(tau) >= k*_ortho(tau'') on tau=0.9: 13/13, tau=0.95: 13/13, tau=0.99: 13/13, tau=0.999: 13/13
wrote ../results/a18/decompose/vgg16_bn_ruler95_s2_epoch_050_decompose.csv
vgg16_bn_ruler95_s0_epoch_050 (../results/a18/vgg16_bn_ruler95_s0/epoch_050.pt): 13 dense conv layers, 19s
vgg16_bn_ruler95_s1_epoch_050 (../results/a18/vgg16_bn_ruler95_s1/epoch_050.pt): 13 dense conv layers, 19s
      layer    d  C_out    n_over_d  out_0.95  kernel_0.95  data_0.95  ortho_0.95  kernel_erank_over_rmax
 features.0   27      9 5925.925926  0.666667     0.666667   0.555556    0.666667                0.655663
 features.3   81     19 1975.308642  0.578947     0.789474   1.000000    0.736842                0.714179
 features.7  171     39  935.672515  0.538462     0.717949   1.000000    0.794872                0.655444
features.10  351     51  455.840456  0.529412     0.803922   1.000000    0.764706                0.751464
features.14  459     97  348.583878  0.463918     0.752577   1.000000    0.752577                0.693326
features.17  873    116  183.276060  0.491379     0.793103   1.000000    0.767241                0.718440
features.20 1044    131  153.256705  0.519084     0.824427   1.000000    0.770992                0.770028
features.24 1179    140  135.708227  0.442857     0.757143   1.000000    0.750000                0.655482
features.27 1260     74  126.984127  0.445946     0.743243   1.000000    0.743243                0.624867
features.30  666     55  240.240240  0.490909     0.763636   1.000000    0.727273                0.635498
features.34  495     25   80.808081  0.560000     0.640000   1.000000    0.840000                0.609262
features.37  225     29  177.777778  0.586207     0.689655   1.000000    0.827586                0.647123
features.40  261     35  153.256705  0.571429     0.714286   0.971429    0.771429                0.711767
Proposition 1 check: Ostrowski ratios within [s_min^2, s_max^2] on 13/13 layers; k*_out(tau) <= k*_ortho(tau') on tau=0.9: 13/13, tau=0.95: 13/13, tau=0.99: 13/13, tau=0.999: 13/13;  kappa median 6.4, max 10.3;  lower bound k*_out(tau) >= k*_ortho(tau'') on tau=0.9: 13/13, tau=0.95: 13/13, tau=0.99: 13/13, tau=0.999: 13/13
wrote ../results/a18/decompose/vgg16_bn_ruler95_s0_epoch_050_decompose.csv
      layer    d  C_out    n_over_d  out_0.95  kernel_0.95  data_0.95  ortho_0.95  kernel_erank_over_rmax
 features.0   27      9 5925.925926  0.666667     0.777778   0.555556    0.555556                0.638679
 features.3   81     19 1975.308642  0.578947     0.736842   1.000000    0.789474                0.709830
 features.7  171     39  935.672515  0.538462     0.717949   1.000000    0.794872                0.666123
features.10  351     51  455.840456  0.529412     0.803922   1.000000    0.764706                0.745448
features.14  459     97  348.583878  0.474227     0.752577   1.000000    0.762887                0.693646
features.17  873    116  183.276060  0.491379     0.793103   1.000000    0.775862                0.716632
features.20 1044    131  153.256705  0.534351     0.824427   1.000000    0.778626                0.767931
features.24 1179    140  135.708227  0.428571     0.757143   1.000000    0.750000                0.645432
features.27 1260     74  126.984127  0.418919     0.729730   1.000000    0.743243                0.612059
features.30  666     55  240.240240  0.509091     0.763636   1.000000    0.727273                0.657663
features.34  495     25   80.808081  0.520000     0.640000   1.000000    0.840000                0.593313
features.37  225     29  177.777778  0.551724     0.655172   1.000000    0.827586                0.648686
features.40  261     35  153.256705  0.542857     0.657143   0.971429    0.742857                0.668870
Proposition 1 check: Ostrowski ratios within [s_min^2, s_max^2] on 13/13 layers; k*_out(tau) <= k*_ortho(tau') on tau=0.9: 13/13, tau=0.95: 13/13, tau=0.99: 13/13, tau=0.999: 13/13;  kappa median 6.1, max 11.1;  lower bound k*_out(tau) >= k*_ortho(tau'') on tau=0.9: 13/13, tau=0.95: 13/13, tau=0.99: 13/13, tau=0.999: 13/13
wrote ../results/a18/decompose/vgg16_bn_ruler95_s1_epoch_050_decompose.csv
vgg16_bn_ruler95_s2_epoch_060 (../results/a18/vgg16_bn_ruler95_s2/epoch_060.pt): 13 dense conv layers, 14s
      layer    d  C_out    n_over_d  out_0.95  kernel_0.95  data_0.95  ortho_0.95  kernel_erank_over_rmax
 features.0   27      9 5925.925926  0.777778     0.777778   0.555556    0.555556                0.754570
 features.3   81     19 1975.308642  0.578947     0.736842   1.000000    0.789474                0.740816
 features.7  171     39  935.672515  0.564103     0.717949   1.000000    0.794872                0.673041
features.10  351     51  455.840456  0.529412     0.803922   1.000000    0.764706                0.756847
features.14  459     97  348.583878  0.484536     0.762887   1.000000    0.762887                0.699358
features.17  873    116  183.276060  0.508621     0.793103   1.000000    0.767241                0.728030
features.20 1044    131  153.256705  0.534351     0.824427   1.000000    0.778626                0.776920
features.24 1179    140  135.708227  0.450000     0.771429   1.000000    0.757143                0.659702
features.27 1260     74  126.984127  0.472973     0.756757   1.000000    0.756757                0.654082
features.30  666     55  240.240240  0.490909     0.763636   1.000000    0.745455                0.629324
features.34  495     25   80.808081  0.600000     0.680000   1.000000    0.840000                0.635849
features.37  225     29  177.777778  0.551724     0.655172   1.000000    0.827586                0.644800
features.40  261     35  153.256705  0.542857     0.657143   1.000000    0.742857                0.647034
Proposition 1 check: Ostrowski ratios within [s_min^2, s_max^2] on 13/13 layers; k*_out(tau) <= k*_ortho(tau') on tau=0.9: 13/13, tau=0.95: 13/13, tau=0.99: 13/13, tau=0.999: 13/13;  kappa median 5.8, max 14.2;  lower bound k*_out(tau) >= k*_ortho(tau'') on tau=0.9: 13/13, tau=0.95: 13/13, tau=0.99: 13/13, tau=0.999: 13/13
wrote ../results/a18/decompose/vgg16_bn_ruler95_s2_epoch_060_decompose.csv
vgg16_bn_ruler95_s0_epoch_060 (../results/a18/vgg16_bn_ruler95_s0/epoch_060.pt): 13 dense conv layers, 18s
vgg16_bn_ruler95_s1_epoch_060 (../results/a18/vgg16_bn_ruler95_s1/epoch_060.pt): 13 dense conv layers, 18s
      layer    d  C_out    n_over_d  out_0.95  kernel_0.95  data_0.95  ortho_0.95  kernel_erank_over_rmax
 features.0   27      9 5925.925926  0.666667     0.777778   0.555556    0.555556                0.682820
 features.3   81     19 1975.308642  0.578947     0.789474   1.000000    0.736842                0.725046
 features.7  171     39  935.672515  0.538462     0.717949   1.000000    0.794872                0.654751
features.10  351     51  455.840456  0.529412     0.803922   1.000000    0.764706                0.749810
features.14  459     97  348.583878  0.474227     0.762887   1.000000    0.762887                0.698621
features.17  873    116  183.276060  0.500000     0.801724   1.000000    0.758621                0.725141
features.20 1044    131  153.256705  0.534351     0.832061   1.000000    0.770992                0.775890
features.24 1179    140  135.708227  0.457143     0.771429   1.000000    0.757143                0.669140
features.27 1260     74  126.984127  0.445946     0.756757   1.000000    0.743243                0.637170
features.30  666     55  240.240240  0.490909     0.763636   1.000000    0.727273                0.630842
features.34  495     25   80.808081  0.560000     0.640000   1.000000    0.840000                0.588847
features.37  225     29  177.777778  0.586207     0.655172   1.000000    0.827586                0.631016
features.40  261     35  153.256705  0.542857     0.685714   0.971429    0.742857                0.698797
Proposition 1 check: Ostrowski ratios within [s_min^2, s_max^2] on 13/13 layers; k*_out(tau) <= k*_ortho(tau') on tau=0.9: 13/13, tau=0.95: 13/13, tau=0.99: 13/13, tau=0.999: 13/13;  kappa median 6.0, max 12.0;  lower bound k*_out(tau) >= k*_ortho(tau'') on tau=0.9: 13/13, tau=0.95: 13/13, tau=0.99: 13/13, tau=0.999: 13/13
wrote ../results/a18/decompose/vgg16_bn_ruler95_s0_epoch_060_decompose.csv
      layer    d  C_out    n_over_d  out_0.95  kernel_0.95  data_0.95  ortho_0.95  kernel_erank_over_rmax
 features.0   27      9 5925.925926  0.666667     0.777778   0.555556    0.555556                0.640014
 features.3   81     19 1975.308642  0.578947     0.736842   1.000000    0.789474                0.708537
 features.7  171     39  935.672515  0.564103     0.743590   1.000000    0.794872                0.678796
features.10  351     51  455.840456  0.549020     0.803922   1.000000    0.784314                0.759234
features.14  459     97  348.583878  0.494845     0.762887   1.000000    0.773196                0.703791
features.17  873    116  183.276060  0.500000     0.801724   1.000000    0.767241                0.727800
features.20 1044    131  153.256705  0.534351     0.824427   1.000000    0.778626                0.770403
features.24 1179    140  135.708227  0.464286     0.757143   1.000000    0.764286                0.657247
features.27 1260     74  126.984127  0.445946     0.729730   1.000000    0.770270                0.624057
features.30  666     55  240.240240  0.509091     0.763636   1.000000    0.745455                0.642947
features.34  495     25   80.808081  0.520000     0.600000   1.000000    0.840000                0.566174
features.37  225     29  177.777778  0.551724     0.655172   1.000000    0.827586                0.628007
features.40  261     35  153.256705  0.542857     0.657143   0.971429    0.742857                0.653927
Proposition 1 check: Ostrowski ratios within [s_min^2, s_max^2] on 13/13 layers; k*_out(tau) <= k*_ortho(tau') on tau=0.9: 13/13, tau=0.95: 13/13, tau=0.99: 13/13, tau=0.999: 13/13;  kappa median 6.1, max 12.8;  lower bound k*_out(tau) >= k*_ortho(tau'') on tau=0.9: 13/13, tau=0.95: 13/13, tau=0.99: 13/13, tau=0.999: 13/13
wrote ../results/a18/decompose/vgg16_bn_ruler95_s1_epoch_060_decompose.csv
vgg16_bn_ruler95_s2_epoch_070 (../results/a18/vgg16_bn_ruler95_s2/epoch_070.pt): 13 dense conv layers, 14s
      layer    d  C_out    n_over_d  out_0.95  kernel_0.95  data_0.95  ortho_0.95  kernel_erank_over_rmax
 features.0   27      9 5925.925926  0.777778     0.777778   0.555556    0.666667                0.747363
 features.3   81     19 1975.308642  0.578947     0.736842   1.000000    0.789474                0.736932
 features.7  171     39  935.672515  0.564103     0.717949   1.000000    0.820513                0.676720
features.10  351     51  455.840456  0.549020     0.803922   1.000000    0.784314                0.755660
features.14  459     97  348.583878  0.484536     0.762887   1.000000    0.762887                0.709626
features.17  873    116  183.276060  0.525862     0.810345   1.000000    0.784483                0.741164
features.20 1044    131  153.256705  0.557252     0.832061   1.000000    0.786260                0.788222
features.24 1179    140  135.708227  0.478571     0.778571   1.000000    0.771429                0.678935
features.27 1260     74  126.984127  0.500000     0.770270   1.000000    0.770270                0.671074
features.30  666     55  240.240240  0.509091     0.763636   1.000000    0.763636                0.634594
features.34  495     25   80.808081  0.600000     0.640000   1.000000    0.880000                0.612701
features.37  225     29  177.777778  0.551724     0.655172   1.000000    0.827586                0.634301
features.40  261     35  153.256705  0.542857     0.657143   1.000000    0.771429                0.662338
Proposition 1 check: Ostrowski ratios within [s_min^2, s_max^2] on 13/13 layers; k*_out(tau) <= k*_ortho(tau') on tau=0.9: 13/13, tau=0.95: 13/13, tau=0.99: 13/13, tau=0.999: 13/13;  kappa median 5.5, max 12.6;  lower bound k*_out(tau) >= k*_ortho(tau'') on tau=0.9: 13/13, tau=0.95: 13/13, tau=0.99: 13/13, tau=0.999: 13/13
wrote ../results/a18/decompose/vgg16_bn_ruler95_s2_epoch_070_decompose.csv
vgg16_bn_ruler95_s0_epoch_070 (../results/a18/vgg16_bn_ruler95_s0/epoch_070.pt): 13 dense conv layers, 18s
vgg16_bn_ruler95_s1_epoch_070 (../results/a18/vgg16_bn_ruler95_s1/epoch_070.pt): 13 dense conv layers, 18s
      layer    d  C_out    n_over_d  out_0.95  kernel_0.95  data_0.95  ortho_0.95  kernel_erank_over_rmax
 features.0   27      9 5925.925926  0.666667     0.777778   0.555556    0.666667                0.682954
 features.3   81     19 1975.308642  0.631579     0.789474   1.000000    0.736842                0.741620
 features.7  171     39  935.672515  0.538462     0.743590   1.000000    0.794872                0.667360
features.10  351     51  455.840456  0.529412     0.803922   1.000000    0.764706                0.758655
features.14  459     97  348.583878  0.484536     0.762887   1.000000    0.762887                0.706147
features.17  873    116  183.276060  0.525862     0.801724   1.000000    0.775862                0.735347
features.20 1044    131  153.256705  0.572519     0.839695   1.000000    0.801527                0.793330
features.24 1179    140  135.708227  0.492857     0.778571   1.000000    0.771429                0.687030
features.27 1260     74  126.984127  0.472973     0.756757   1.000000    0.770270                0.649398
features.30  666     55  240.240240  0.472727     0.745455   1.000000    0.727273                0.626308
features.34  495     25   80.808081  0.560000     0.600000   1.000000    0.840000                0.565458
features.37  225     29  177.777778  0.551724     0.655172   1.000000    0.827586                0.609715
features.40  261     35  153.256705  0.571429     0.714286   0.971429    0.800000                0.704451
Proposition 1 check: Ostrowski ratios within [s_min^2, s_max^2] on 13/13 layers; k*_out(tau) <= k*_ortho(tau') on tau=0.9: 13/13, tau=0.95: 13/13, tau=0.99: 13/13, tau=0.999: 13/13;  kappa median 6.0, max 12.3;  lower bound k*_out(tau) >= k*_ortho(tau'') on tau=0.9: 13/13, tau=0.95: 13/13, tau=0.99: 13/13, tau=0.999: 13/13
wrote ../results/a18/decompose/vgg16_bn_ruler95_s0_epoch_070_decompose.csv
      layer    d  C_out    n_over_d  out_0.95  kernel_0.95  data_0.95  ortho_0.95  kernel_erank_over_rmax
 features.0   27      9 5925.925926  0.666667     0.777778   0.555556    0.555556                0.667228
 features.3   81     19 1975.308642  0.578947     0.736842   1.000000    0.789474                0.706569
 features.7  171     39  935.672515  0.538462     0.717949   1.000000    0.794872                0.677365
features.10  351     51  455.840456  0.529412     0.803922   1.000000    0.764706                0.758753
features.14  459     97  348.583878  0.505155     0.773196   1.000000    0.773196                0.714849
features.17  873    116  183.276060  0.534483     0.801724   1.000000    0.784483                0.740460
features.20 1044    131  153.256705  0.564885     0.832061   1.000000    0.793893                0.783577
features.24 1179    140  135.708227  0.485714     0.771429   1.000000    0.771429                0.678440
features.27 1260     74  126.984127  0.486486     0.743243   1.000000    0.783784                0.641350
features.30  666     55  240.240240  0.509091     0.763636   1.000000    0.745455                0.646932
features.34  495     25   80.808081  0.520000     0.600000   1.000000    0.840000                0.552973
features.37  225     29  177.777778  0.551724     0.655172   1.000000    0.827586                0.623759
features.40  261     35  153.256705  0.542857     0.685714   0.971429    0.742857                0.665036
Proposition 1 check: Ostrowski ratios within [s_min^2, s_max^2] on 13/13 layers; k*_out(tau) <= k*_ortho(tau') on tau=0.9: 13/13, tau=0.95: 13/13, tau=0.99: 13/13, tau=0.999: 13/13;  kappa median 6.3, max 12.4;  lower bound k*_out(tau) >= k*_ortho(tau'') on tau=0.9: 13/13, tau=0.95: 13/13, tau=0.99: 13/13, tau=0.999: 13/13
wrote ../results/a18/decompose/vgg16_bn_ruler95_s1_epoch_070_decompose.csv
vgg16_bn_ruler95_s2_epoch_080 (../results/a18/vgg16_bn_ruler95_s2/epoch_080.pt): 13 dense conv layers, 12s
      layer    d  C_out    n_over_d  out_0.95  kernel_0.95  data_0.95  ortho_0.95  kernel_erank_over_rmax
 features.0   27      9 5925.925926  0.666667     0.777778   0.555556    0.555556                0.754476
 features.3   81     19 1975.308642  0.631579     0.736842   1.000000    0.736842                0.745634
 features.7  171     39  935.672515  0.564103     0.743590   1.000000    0.820513                0.683929
features.10  351     51  455.840456  0.549020     0.823529   1.000000    0.784314                0.762705
features.14  459     97  348.583878  0.505155     0.773196   1.000000    0.773196                0.719741
features.17  873    116  183.276060  0.551724     0.810345   1.000000    0.793103                0.756285
features.20 1044    131  153.256705  0.603053     0.839695   1.000000    0.816794                0.802040
features.24 1179    140  135.708227  0.514286     0.785714   1.000000    0.785714                0.700774
features.27 1260     74  126.984127  0.513514     0.783784   1.000000    0.797297                0.687119
features.30  666     55  240.240240  0.509091     0.763636   1.000000    0.763636                0.630296
features.34  495     25   80.808081  0.600000     0.640000   1.000000    0.840000                0.606788
features.37  225     29  177.777778  0.551724     0.655172   1.000000    0.827586                0.636546
features.40  261     35  153.256705  0.571429     0.657143   1.000000    0.771429                0.663075
Proposition 1 check: Ostrowski ratios within [s_min^2, s_max^2] on 13/13 layers; k*_out(tau) <= k*_ortho(tau') on tau=0.9: 13/13, tau=0.95: 13/13, tau=0.99: 13/13, tau=0.999: 13/13;  kappa median 5.6, max 11.3;  lower bound k*_out(tau) >= k*_ortho(tau'') on tau=0.9: 13/13, tau=0.95: 13/13, tau=0.99: 13/13, tau=0.999: 13/13
wrote ../results/a18/decompose/vgg16_bn_ruler95_s2_epoch_080_decompose.csv
vgg16_bn_ruler95_s1_epoch_080 (../results/a18/vgg16_bn_ruler95_s1/epoch_080.pt): 13 dense conv layers, 17s
vgg16_bn_ruler95_s0_epoch_080 (../results/a18/vgg16_bn_ruler95_s0/epoch_080.pt): 13 dense conv layers, 18s
      layer    d  C_out    n_over_d  out_0.95  kernel_0.95  data_0.95  ortho_0.95  kernel_erank_over_rmax
 features.0   27      9 5925.925926  0.666667     0.777778   0.555556    0.666667                0.669546
 features.3   81     19 1975.308642  0.578947     0.736842   1.000000    0.789474                0.716592
 features.7  171     39  935.672515  0.564103     0.717949   1.000000    0.820513                0.675932
features.10  351     51  455.840456  0.549020     0.823529   1.000000    0.784314                0.766982
features.14  459     97  348.583878  0.525773     0.773196   1.000000    0.783505                0.723619
features.17  873    116  183.276060  0.560345     0.818966   1.000000    0.793103                0.759323
features.20 1044    131  153.256705  0.595420     0.839695   1.000000    0.809160                0.799507
features.24 1179    140  135.708227  0.521429     0.785714   1.000000    0.792857                0.701963
features.27 1260     74  126.984127  0.513514     0.770270   1.000000    0.797297                0.663855
features.30  666     55  240.240240  0.527273     0.763636   1.000000    0.763636                0.641342
features.34  495     25   80.808081  0.520000     0.600000   1.000000    0.840000                0.549711
features.37  225     29  177.777778  0.517241     0.620690   1.000000    0.827586                0.612710
features.40  261     35  153.256705  0.571429     0.685714   1.000000    0.742857                0.673171
Proposition 1 check: Ostrowski ratios within [s_min^2, s_max^2] on 13/13 layers; k*_out(tau) <= k*_ortho(tau') on tau=0.9: 13/13, tau=0.95: 13/13, tau=0.99: 13/13, tau=0.999: 13/13;  kappa median 5.6, max 12.8;  lower bound k*_out(tau) >= k*_ortho(tau'') on tau=0.9: 13/13, tau=0.95: 13/13, tau=0.99: 13/13, tau=0.999: 13/13
wrote ../results/a18/decompose/vgg16_bn_ruler95_s1_epoch_080_decompose.csv
      layer    d  C_out    n_over_d  out_0.95  kernel_0.95  data_0.95  ortho_0.95  kernel_erank_over_rmax
 features.0   27      9 5925.925926  0.777778     0.777778   0.555556    0.666667                0.687358
 features.3   81     19 1975.308642  0.631579     0.789474   1.000000    0.736842                0.740420
 features.7  171     39  935.672515  0.564103     0.743590   1.000000    0.794872                0.663243
features.10  351     51  455.840456  0.549020     0.823529   1.000000    0.764706                0.760846
features.14  459     97  348.583878  0.505155     0.773196   1.000000    0.773196                0.724224
features.17  873    116  183.276060  0.543103     0.810345   1.000000    0.784483                0.752131
features.20 1044    131  153.256705  0.595420     0.839695   1.000000    0.809160                0.802365
features.24 1179    140  135.708227  0.528571     0.792857   1.000000    0.792857                0.710659
features.27 1260     74  126.984127  0.527027     0.783784   1.000000    0.797297                0.673759
features.30  666     55  240.240240  0.509091     0.763636   1.000000    0.763636                0.632722
features.34  495     25   80.808081  0.520000     0.600000   1.000000    0.840000                0.560236
features.37  225     29  177.777778  0.551724     0.655172   1.000000    0.862069                0.616625
features.40  261     35  153.256705  0.600000     0.685714   1.000000    0.800000                0.708264
Proposition 1 check: Ostrowski ratios within [s_min^2, s_max^2] on 13/13 layers; k*_out(tau) <= k*_ortho(tau') on tau=0.9: 13/13, tau=0.95: 13/13, tau=0.99: 13/13, tau=0.999: 13/13;  kappa median 5.9, max 11.3;  lower bound k*_out(tau) >= k*_ortho(tau'') on tau=0.9: 13/13, tau=0.95: 13/13, tau=0.99: 13/13, tau=0.999: 13/13
wrote ../results/a18/decompose/vgg16_bn_ruler95_s0_epoch_080_decompose.csv
vgg16_bn_ruler95_s2_epoch_090 (../results/a18/vgg16_bn_ruler95_s2/epoch_090.pt): 13 dense conv layers, 11s
      layer    d  C_out    n_over_d  out_0.95  kernel_0.95  data_0.95  ortho_0.95  kernel_erank_over_rmax
 features.0   27      9 5925.925926  0.777778     0.777778   0.555556    0.555556                0.760336
 features.3   81     19 1975.308642  0.631579     0.789474   1.000000    0.789474                0.754417
 features.7  171     39  935.672515  0.564103     0.743590   1.000000    0.820513                0.685231
features.10  351     51  455.840456  0.549020     0.823529   1.000000    0.784314                0.774510
features.14  459     97  348.583878  0.525773     0.783505   1.000000    0.783505                0.734946
features.17  873    116  183.276060  0.577586     0.827586   1.000000    0.810345                0.774783
features.20 1044    131  153.256705  0.633588     0.847328   1.000000    0.824427                0.818781
features.24 1179    140  135.708227  0.557143     0.800000   1.000000    0.814286                0.726641
features.27 1260     74  126.984127  0.554054     0.810811   1.000000    0.810811                0.712754
features.30  666     55  240.240240  0.527273     0.781818   1.000000    0.781818                0.637202
features.34  495     25   80.808081  0.560000     0.640000   1.000000    0.880000                0.616091
features.37  225     29  177.777778  0.551724     0.655172   1.000000    0.862069                0.640522
features.40  261     35  153.256705  0.600000     0.685714   1.000000    0.771429                0.671398
Proposition 1 check: Ostrowski ratios within [s_min^2, s_max^2] on 13/13 layers; k*_out(tau) <= k*_ortho(tau') on tau=0.9: 13/13, tau=0.95: 13/13, tau=0.99: 13/13, tau=0.999: 13/13;  kappa median 5.3, max 10.0;  lower bound k*_out(tau) >= k*_ortho(tau'') on tau=0.9: 13/13, tau=0.95: 13/13, tau=0.99: 13/13, tau=0.999: 13/13
wrote ../results/a18/decompose/vgg16_bn_ruler95_s2_epoch_090_decompose.csv
vgg16_bn_ruler95_s1_epoch_090 (../results/a18/vgg16_bn_ruler95_s1/epoch_090.pt): 13 dense conv layers, 16s
vgg16_bn_ruler95_s0_epoch_090 (../results/a18/vgg16_bn_ruler95_s0/epoch_090.pt): 13 dense conv layers, 16s
      layer    d  C_out    n_over_d  out_0.95  kernel_0.95  data_0.95  ortho_0.95  kernel_erank_over_rmax
 features.0   27      9 5925.925926  0.666667     0.777778   0.555556    0.555556                0.674047
 features.3   81     19 1975.308642  0.578947     0.736842   1.000000    0.789474                0.721825
 features.7  171     39  935.672515  0.564103     0.743590   1.000000    0.794872                0.687262
features.10  351     51  455.840456  0.568627     0.823529   1.000000    0.784314                0.774305
features.14  459     97  348.583878  0.536082     0.783505   1.000000    0.783505                0.736593
features.17  873    116  183.276060  0.586207     0.827586   1.000000    0.801724                0.778507
features.20 1044    131  153.256705  0.641221     0.847328   1.000000    0.832061                0.817310
features.24 1179    140  135.708227  0.564286     0.800000   1.000000    0.814286                0.729993
features.27 1260     74  126.984127  0.540541     0.783784   1.000000    0.810811                0.686694
features.30  666     55  240.240240  0.527273     0.763636   1.000000    0.763636                0.643975
features.34  495     25   80.808081  0.520000     0.600000   1.000000    0.840000                0.547247
features.37  225     29  177.777778  0.517241     0.620690   1.000000    0.827586                0.610429
features.40  261     35  153.256705  0.600000     0.685714   1.000000    0.771429                0.683506
Proposition 1 check: Ostrowski ratios within [s_min^2, s_max^2] on 13/13 layers; k*_out(tau) <= k*_ortho(tau') on tau=0.9: 13/13, tau=0.95: 13/13, tau=0.99: 13/13, tau=0.999: 13/13;  kappa median 5.3, max 11.8;  lower bound k*_out(tau) >= k*_ortho(tau'') on tau=0.9: 13/13, tau=0.95: 13/13, tau=0.99: 13/13, tau=0.999: 13/13
wrote ../results/a18/decompose/vgg16_bn_ruler95_s1_epoch_090_decompose.csv
      layer    d  C_out    n_over_d  out_0.95  kernel_0.95  data_0.95  ortho_0.95  kernel_erank_over_rmax
 features.0   27      9 5925.925926  0.777778     0.777778   0.555556    0.666667                0.689522
 features.3   81     19 1975.308642  0.631579     0.789474   1.000000    0.736842                0.756637
 features.7  171     39  935.672515  0.564103     0.743590   1.000000    0.794872                0.668296
features.10  351     51  455.840456  0.549020     0.823529   1.000000    0.784314                0.767670
features.14  459     97  348.583878  0.525773     0.783505   1.000000    0.783505                0.737092
features.17  873    116  183.276060  0.577586     0.827586   1.000000    0.801724                0.772362
features.20 1044    131  153.256705  0.633588     0.847328   1.000000    0.824427                0.817982
features.24 1179    140  135.708227  0.571429     0.807143   1.000000    0.814286                0.738800
features.27 1260     74  126.984127  0.554054     0.797297   1.000000    0.810811                0.694137
features.30  666     55  240.240240  0.527273     0.763636   1.000000    0.781818                0.638897
features.34  495     25   80.808081  0.560000     0.600000   1.000000    0.840000                0.556923
features.37  225     29  177.777778  0.551724     0.655172   1.000000    0.862069                0.616451
features.40  261     35  153.256705  0.628571     0.714286   1.000000    0.828571                0.709053
Proposition 1 check: Ostrowski ratios within [s_min^2, s_max^2] on 13/13 layers; k*_out(tau) <= k*_ortho(tau') on tau=0.9: 13/13, tau=0.95: 13/13, tau=0.99: 13/13, tau=0.999: 13/13;  kappa median 5.4, max 11.1;  lower bound k*_out(tau) >= k*_ortho(tau'') on tau=0.9: 13/13, tau=0.95: 13/13, tau=0.99: 13/13, tau=0.999: 13/13
wrote ../results/a18/decompose/vgg16_bn_ruler95_s0_epoch_090_decompose.csv
vgg16_bn_ruler95_s2_epoch_100 (../results/a18/vgg16_bn_ruler95_s2/epoch_100.pt): 13 dense conv layers, 10s
      layer    d  C_out    n_over_d  out_0.95  kernel_0.95  data_0.95  ortho_0.95  kernel_erank_over_rmax
 features.0   27      9 5925.925926  0.777778     0.777778   0.555556    0.555556                0.761610
 features.3   81     19 1975.308642  0.631579     0.789474   1.000000    0.789474                0.759048
 features.7  171     39  935.672515  0.564103     0.743590   1.000000    0.820513                0.685843
features.10  351     51  455.840456  0.549020     0.823529   1.000000    0.764706                0.777047
features.14  459     97  348.583878  0.525773     0.783505   1.000000    0.783505                0.739592
features.17  873    116  183.276060  0.594828     0.827586   1.000000    0.810345                0.783616
features.20 1044    131  153.256705  0.656489     0.847328   1.000000    0.839695                0.823350
features.24 1179    140  135.708227  0.578571     0.807143   1.000000    0.821429                0.735823
features.27 1260     74  126.984127  0.581081     0.810811   1.000000    0.824324                0.718237
features.30  666     55  240.240240  0.545455     0.781818   1.000000    0.800000                0.639588
features.34  495     25   80.808081  0.600000     0.680000   1.000000    0.880000                0.619405
features.37  225     29  177.777778  0.551724     0.655172   1.000000    0.862069                0.641069
features.40  261     35  153.256705  0.600000     0.685714   1.000000    0.771429                0.674050
Proposition 1 check: Ostrowski ratios within [s_min^2, s_max^2] on 13/13 layers; k*_out(tau) <= k*_ortho(tau') on tau=0.9: 13/13, tau=0.95: 13/13, tau=0.99: 13/13, tau=0.999: 13/13;  kappa median 5.1, max 9.7;  lower bound k*_out(tau) >= k*_ortho(tau'') on tau=0.9: 13/13, tau=0.95: 13/13, tau=0.99: 13/13, tau=0.999: 13/13
wrote ../results/a18/decompose/vgg16_bn_ruler95_s2_epoch_100_decompose.csv
vgg16_bn_ruler95_s1_epoch_100 (../results/a18/vgg16_bn_ruler95_s1/epoch_100.pt): 13 dense conv layers, 15s
vgg16_bn_ruler95_s0_epoch_100 (../results/a18/vgg16_bn_ruler95_s0/epoch_100.pt): 13 dense conv layers, 16s
      layer    d  C_out    n_over_d  out_0.95  kernel_0.95  data_0.95  ortho_0.95  kernel_erank_over_rmax
 features.0   27      9 5925.925926  0.666667     0.777778   0.555556    0.555556                0.675896
 features.3   81     19 1975.308642  0.578947     0.736842   1.000000    0.789474                0.727586
 features.7  171     39  935.672515  0.564103     0.743590   1.000000    0.820513                0.690724
features.10  351     51  455.840456  0.568627     0.823529   1.000000    0.784314                0.778744
features.14  459     97  348.583878  0.536082     0.793814   1.000000    0.783505                0.740525
features.17  873    116  183.276060  0.603448     0.827586   1.000000    0.818966                0.785013
features.20 1044    131  153.256705  0.664122     0.854962   1.000000    0.839695                0.823583
features.24 1179    140  135.708227  0.585714     0.807143   1.000000    0.828571                0.737262
features.27 1260     74  126.984127  0.554054     0.783784   1.000000    0.824324                0.691852
features.30  666     55  240.240240  0.545455     0.763636   1.000000    0.781818                0.647644
features.34  495     25   80.808081  0.520000     0.600000   1.000000    0.880000                0.550739
features.37  225     29  177.777778  0.551724     0.655172   1.000000    0.827586                0.615689
features.40  261     35  153.256705  0.628571     0.685714   1.000000    0.771429                0.687450
Proposition 1 check: Ostrowski ratios within [s_min^2, s_max^2] on 13/13 layers; k*_out(tau) <= k*_ortho(tau') on tau=0.9: 13/13, tau=0.95: 13/13, tau=0.99: 13/13, tau=0.999: 13/13;  kappa median 5.2, max 11.5;  lower bound k*_out(tau) >= k*_ortho(tau'') on tau=0.9: 13/13, tau=0.95: 13/13, tau=0.99: 13/13, tau=0.999: 13/13
wrote ../results/a18/decompose/vgg16_bn_ruler95_s1_epoch_100_decompose.csv
      layer    d  C_out    n_over_d  out_0.95  kernel_0.95  data_0.95  ortho_0.95  kernel_erank_over_rmax
 features.0   27      9 5925.925926  0.666667     0.777778   0.555556    0.666667                0.687816
 features.3   81     19 1975.308642  0.631579     0.789474   1.000000    0.736842                0.757474
 features.7  171     39  935.672515  0.564103     0.743590   1.000000    0.794872                0.670930
features.10  351     51  455.840456  0.549020     0.823529   1.000000    0.784314                0.771070
features.14  459     97  348.583878  0.525773     0.783505   1.000000    0.783505                0.740596
features.17  873    116  183.276060  0.586207     0.827586   1.000000    0.810345                0.779365
features.20 1044    131  153.256705  0.648855     0.854962   1.000000    0.839695                0.823050
features.24 1179    140  135.708227  0.592857     0.807143   1.000000    0.821429                0.746391
features.27 1260     74  126.984127  0.567568     0.797297   1.000000    0.824324                0.698344
features.30  666     55  240.240240  0.527273     0.763636   1.000000    0.800000                0.641613
features.34  495     25   80.808081  0.560000     0.600000   1.000000    0.880000                0.555767
features.37  225     29  177.777778  0.551724     0.655172   1.000000    0.862069                0.618044
features.40  261     35  153.256705  0.628571     0.714286   1.000000    0.828571                0.712565
Proposition 1 check: Ostrowski ratios within [s_min^2, s_max^2] on 13/13 layers; k*_out(tau) <= k*_ortho(tau') on tau=0.9: 13/13, tau=0.95: 13/13, tau=0.99: 13/13, tau=0.999: 13/13;  kappa median 5.3, max 11.1;  lower bound k*_out(tau) >= k*_ortho(tau'') on tau=0.9: 13/13, tau=0.95: 13/13, tau=0.99: 13/13, tau=0.999: 13/13
wrote ../results/a18/decompose/vgg16_bn_ruler95_s0_epoch_100_decompose.csv
=== A18 decompose done Thu Sep 10 03:05:14 UTC 2026 ===
