=== decompose_align_local start Thu Sep 10 11:51:07 CST 2026 ===
=== a2_basic52_s0 (resnet_basic52) ===
/Users/ccli/.venvs/effwidth/lib/python3.14/site-packages/torch/utils/data/dataloader.py:1102: UserWarning: 'pin_memory' argument is set as true but not supported on MPS now, device pinned memory won't be used.
  super().__init__(loader)
a2_basic52_s0 (../results/round3_pt/a2_basic52_s0//resnet_basic52_cifar10_final.pt): 52 dense conv layers, 281s
                layer    d  C_out    n_over_d  out_0.95  kernel_0.95  data_0.95  ortho_0.95  kernel_erank_over_rmax
                conv1   27     64 5925.925926  0.222222     0.333333   0.185185    0.185185                0.318964
       layer1.0.conv1  576     64  277.777778  0.203125     0.375000   0.625000    0.437500                0.262515
       layer1.0.conv2  576     64  277.777778  0.265625     0.546875   1.000000    0.562500                0.409598
       layer1.1.conv1  576     64  277.777778  0.296875     0.546875   1.000000    0.593750                0.430438
       layer1.1.conv2  576     64  277.777778  0.343750     0.656250   1.000000    0.671875                0.550409
       layer1.2.conv1  576     64  277.777778  0.312500     0.609375   1.000000    0.625000                0.473229
       layer1.2.conv2  576     64  277.777778  0.343750     0.656250   1.000000    0.687500                0.531894
       layer1.3.conv1  576     64  277.777778  0.312500     0.625000   1.000000    0.640625                0.496227
       layer1.3.conv2  576     64  277.777778  0.359375     0.671875   1.000000    0.718750                0.552542
       layer1.4.conv1  576     64  277.777778  0.281250     0.593750   1.000000    0.656250                0.470897
       layer1.4.conv2  576     64  277.777778  0.390625     0.609375   1.000000    0.734375                0.511227
       layer1.5.conv1  576     64  277.777778  0.296875     0.562500   1.000000    0.718750                0.434413
       layer1.5.conv2  576     64  277.777778  0.328125     0.578125   1.000000    0.750000                0.463244
       layer2.0.conv1  576    128  277.777778  0.257812     0.593750   1.000000    0.656250                0.466511
       layer2.0.conv2 1152    128  138.888889  0.414062     0.742188   1.000000    0.734375                0.640148
layer2.0.downsample.0   64    128 2500.000000  0.328125     0.593750   0.750000    0.750000                0.488413
       layer2.1.conv1 1152    128  138.888889  0.375000     0.703125   1.000000    0.695312                0.579053
       layer2.1.conv2 1152    128  138.888889  0.437500     0.750000   1.000000    0.773438                0.639074
       layer2.2.conv1 1152    128  138.888889  0.406250     0.718750   1.000000    0.726562                0.603850
       layer2.2.conv2 1152    128  138.888889  0.492188     0.750000   1.000000    0.812500                0.644583
       layer2.3.conv1 1152    128  138.888889  0.414062     0.718750   1.000000    0.742188                0.606881
       layer2.3.conv2 1152    128  138.888889  0.429688     0.726562   1.000000    0.789062                0.613087
       layer2.4.conv1 1152    128  138.888889  0.414062     0.687500   1.000000    0.757812                0.565936
       layer2.4.conv2 1152    128  138.888889  0.398438     0.710938   1.000000    0.773438                0.577379
       layer2.5.conv1 1152    128  138.888889  0.406250     0.687500   1.000000    0.765625                0.554413
       layer2.5.conv2 1152    128  138.888889  0.320312     0.679688   1.000000    0.765625                0.518439
       layer3.0.conv1 1152    256  138.888889  0.285156     0.679688   1.000000    0.722656                0.533825
       layer3.0.conv2 2304    256   69.444444  0.437500     0.781250   1.000000    0.746094                0.688796
layer3.0.downsample.0  128    256 1250.000000  0.375000     0.640625   0.804688    0.804688                0.558631
       layer3.1.conv1 2304    256   69.444444  0.378906     0.769531   1.000000    0.718750                0.652982
       layer3.1.conv2 2304    256   69.444444  0.457031     0.781250   1.000000    0.804688                0.647330
       layer3.2.conv1 2304    256   69.444444  0.453125     0.777344   1.000000    0.773438                0.673381
       layer3.2.conv2 2304    256   69.444444  0.468750     0.761719   1.000000    0.812500                0.618049
       layer3.3.conv1 2304    256   69.444444  0.457031     0.761719   1.000000    0.796875                0.636318
       layer3.3.conv2 2304    256   69.444444  0.375000     0.707031   1.000000    0.785156                0.519519
       layer3.4.conv1 2304    256   69.444444  0.414062     0.718750   1.000000    0.792969                0.550653
       layer3.4.conv2 2304    256   69.444444  0.242188     0.621094   1.000000    0.718750                0.394163
       layer3.5.conv1 2304    256   69.444444  0.277344     0.636719   1.000000    0.761719                0.447063
       layer3.5.conv2 2304    256   69.444444  0.097656     0.500000   1.000000    0.539062                0.248306
       layer4.0.conv1 2304    512   69.444444  0.117188     0.541016   1.000000    0.724609                0.253029
       layer4.0.conv2 4608    512   34.722222  0.035156     0.119141   1.000000    0.453125                0.059828
layer4.0.downsample.0  256    512  625.000000  0.082031     0.183594   0.824219    0.824219                0.101825
       layer4.1.conv1 4608    512   34.722222  0.041016     0.101562   0.253906    0.148438                0.076421
       layer4.1.conv2 4608    512   34.722222  0.027344     0.064453   0.298828    0.156250                0.047172
       layer4.2.conv1 4608    512   34.722222  0.041016     0.087891   0.175781    0.117188                0.067750
       layer4.2.conv2 4608    512   34.722222  0.025391     0.058594   0.238281    0.140625                0.044130
       layer4.3.conv1 4608    512   34.722222  0.037109     0.076172   0.144531    0.105469                0.058849
       layer4.3.conv2 4608    512   34.722222  0.019531     0.052734   0.177734    0.121094                0.038585
       layer4.4.conv1 4608    512   34.722222  0.031250     0.068359   0.126953    0.097656                0.052988
       layer4.4.conv2 4608    512   34.722222  0.019531     0.046875   0.152344    0.109375                0.035889
       layer4.5.conv1 4608    512   34.722222  0.023438     0.052734   0.115234    0.093750                0.037507
       layer4.5.conv2 4608    512   34.722222  0.017578     0.037109   0.136719    0.101562                0.030700
Proposition 1 check: Ostrowski ratios within [s_min^2, s_max^2] on 52/52 layers; k*_out(tau) <= k*_ortho(tau') on tau=0.9: 52/52, tau=0.95: 52/52, tau=0.99: 52/52, tau=0.999: 52/52;  kappa median 15.8, max 1103.5;  lower bound k*_out(tau) >= k*_ortho(tau'') on tau=0.9: 52/52, tau=0.95: 52/52, tau=0.99: 52/52, tau=0.999: 52/52
wrote ../results/round3_decompose/a2_basic52_s0_decompose.csv
=== a2_basic52_s1 (resnet_basic52) ===
/Users/ccli/.venvs/effwidth/lib/python3.14/site-packages/torch/utils/data/dataloader.py:1102: UserWarning: 'pin_memory' argument is set as true but not supported on MPS now, device pinned memory won't be used.
  super().__init__(loader)
a2_basic52_s1 (../results/round3_pt/a2_basic52_s1//resnet_basic52_cifar10_final.pt): 52 dense conv layers, 266s
                layer    d  C_out    n_over_d  out_0.95  kernel_0.95  data_0.95  ortho_0.95  kernel_erank_over_rmax
                conv1   27     64 5925.925926  0.222222     0.296296   0.185185    0.185185                0.307868
       layer1.0.conv1  576     64  277.777778  0.218750     0.390625   0.593750    0.437500                0.280030
       layer1.0.conv2  576     64  277.777778  0.281250     0.562500   1.000000    0.578125                0.423091
       layer1.1.conv1  576     64  277.777778  0.296875     0.546875   1.000000    0.578125                0.426150
       layer1.1.conv2  576     64  277.777778  0.343750     0.656250   1.000000    0.687500                0.557421
       layer1.2.conv1  576     64  277.777778  0.296875     0.593750   1.000000    0.625000                0.473861
       layer1.2.conv2  576     64  277.777778  0.328125     0.640625   1.000000    0.687500                0.517269
       layer1.3.conv1  576     64  277.777778  0.218750     0.546875   1.000000    0.625000                0.402694
       layer1.3.conv2  576     64  277.777778  0.390625     0.640625   1.000000    0.703125                0.525227
       layer1.4.conv1  576     64  277.777778  0.328125     0.625000   1.000000    0.703125                0.484733
       layer1.4.conv2  576     64  277.777778  0.375000     0.593750   1.000000    0.750000                0.503541
       layer1.5.conv1  576     64  277.777778  0.359375     0.593750   1.000000    0.750000                0.475689
       layer1.5.conv2  576     64  277.777778  0.312500     0.531250   1.000000    0.734375                0.444199
       layer2.0.conv1  576    128  277.777778  0.250000     0.585938   1.000000    0.664062                0.459794
       layer2.0.conv2 1152    128  138.888889  0.406250     0.734375   1.000000    0.734375                0.633183
layer2.0.downsample.0   64    128 2500.000000  0.328125     0.593750   0.734375    0.734375                0.496789
       layer2.1.conv1 1152    128  138.888889  0.367188     0.695312   1.000000    0.703125                0.562322
       layer2.1.conv2 1152    128  138.888889  0.437500     0.742188   1.000000    0.789062                0.623307
       layer2.2.conv1 1152    128  138.888889  0.390625     0.703125   1.000000    0.718750                0.589756
       layer2.2.conv2 1152    128  138.888889  0.492188     0.750000   1.000000    0.804688                0.641813
       layer2.3.conv1 1152    128  138.888889  0.406250     0.710938   1.000000    0.742188                0.589813
       layer2.3.conv2 1152    128  138.888889  0.453125     0.718750   1.000000    0.796875                0.600665
       layer2.4.conv1 1152    128  138.888889  0.382812     0.687500   1.000000    0.750000                0.551477
       layer2.4.conv2 1152    128  138.888889  0.328125     0.664062   1.000000    0.750000                0.521955
       layer2.5.conv1 1152    128  138.888889  0.398438     0.671875   1.000000    0.765625                0.551064
       layer2.5.conv2 1152    128  138.888889  0.320312     0.664062   1.000000    0.750000                0.513485
       layer3.0.conv1 1152    256  138.888889  0.292969     0.683594   1.000000    0.722656                0.539318
       layer3.0.conv2 2304    256   69.444444  0.437500     0.785156   1.000000    0.746094                0.691861
layer3.0.downsample.0  128    256 1250.000000  0.367188     0.640625   0.796875    0.796875                0.551232
       layer3.1.conv1 2304    256   69.444444  0.382812     0.769531   1.000000    0.726562                0.652016
       layer3.1.conv2 2304    256   69.444444  0.460938     0.781250   1.000000    0.812500                0.646720
       layer3.2.conv1 2304    256   69.444444  0.457031     0.781250   1.000000    0.777344                0.674920
       layer3.2.conv2 2304    256   69.444444  0.445312     0.746094   1.000000    0.804688                0.604452
       layer3.3.conv1 2304    256   69.444444  0.468750     0.757812   1.000000    0.800781                0.640303
       layer3.3.conv2 2304    256   69.444444  0.367188     0.714844   1.000000    0.781250                0.525597
       layer3.4.conv1 2304    256   69.444444  0.414062     0.710938   1.000000    0.800781                0.544420
       layer3.4.conv2 2304    256   69.444444  0.230469     0.609375   1.000000    0.703125                0.383294
       layer3.5.conv1 2304    256   69.444444  0.285156     0.648438   1.000000    0.761719                0.458018
       layer3.5.conv2 2304    256   69.444444  0.089844     0.503906   1.000000    0.542969                0.260186
       layer4.0.conv1 2304    512   69.444444  0.121094     0.548828   1.000000    0.730469                0.263124
       layer4.0.conv2 4608    512   34.722222  0.037109     0.130859   1.000000    0.466797                0.062569
layer4.0.downsample.0  256    512  625.000000  0.082031     0.195312   0.824219    0.824219                0.104315
       layer4.1.conv1 4608    512   34.722222  0.044922     0.111328   0.265625    0.152344                0.083735
       layer4.1.conv2 4608    512   34.722222  0.029297     0.068359   0.318359    0.162109                0.048996
       layer4.2.conv1 4608    512   34.722222  0.042969     0.095703   0.185547    0.121094                0.072148
       layer4.2.conv2 4608    512   34.722222  0.025391     0.064453   0.244141    0.144531                0.046209
       layer4.3.conv1 4608    512   34.722222  0.041016     0.087891   0.152344    0.107422                0.066953
       layer4.3.conv2 4608    512   34.722222  0.023438     0.060547   0.197266    0.128906                0.042611
       layer4.4.conv1 4608    512   34.722222  0.035156     0.076172   0.132812    0.099609                0.057491
       layer4.4.conv2 4608    512   34.722222  0.019531     0.050781   0.154297    0.111328                0.037994
       layer4.5.conv1 4608    512   34.722222  0.021484     0.050781   0.119141    0.095703                0.033583
       layer4.5.conv2 4608    512   34.722222  0.017578     0.035156   0.142578    0.109375                0.029299
Proposition 1 check: Ostrowski ratios within [s_min^2, s_max^2] on 52/52 layers; k*_out(tau) <= k*_ortho(tau') on tau=0.9: 52/52, tau=0.95: 52/52, tau=0.99: 52/52, tau=0.999: 52/52;  kappa median 15.6, max 1225.8;  lower bound k*_out(tau) >= k*_ortho(tau'') on tau=0.9: 52/52, tau=0.95: 52/52, tau=0.99: 52/52, tau=0.999: 52/52
wrote ../results/round3_decompose/a2_basic52_s1_decompose.csv
=== a2_basic52_s2 (resnet_basic52) ===
/Users/ccli/.venvs/effwidth/lib/python3.14/site-packages/torch/utils/data/dataloader.py:1102: UserWarning: 'pin_memory' argument is set as true but not supported on MPS now, device pinned memory won't be used.
  super().__init__(loader)
a2_basic52_s2 (../results/round3_pt/a2_basic52_s2//resnet_basic52_cifar10_final.pt): 52 dense conv layers, 283s
                layer    d  C_out    n_over_d  out_0.95  kernel_0.95  data_0.95  ortho_0.95  kernel_erank_over_rmax
                conv1   27     64 5925.925926  0.222222     0.296296   0.185185    0.185185                0.320152
       layer1.0.conv1  576     64  277.777778  0.218750     0.390625   0.625000    0.437500                0.288593
       layer1.0.conv2  576     64  277.777778  0.281250     0.562500   1.000000    0.578125                0.428666
       layer1.1.conv1  576     64  277.777778  0.312500     0.546875   1.000000    0.593750                0.448785
       layer1.1.conv2  576     64  277.777778  0.375000     0.687500   1.000000    0.687500                0.572974
       layer1.2.conv1  576     64  277.777778  0.312500     0.609375   1.000000    0.640625                0.504030
       layer1.2.conv2  576     64  277.777778  0.390625     0.671875   1.000000    0.718750                0.538755
       layer1.3.conv1  576     64  277.777778  0.218750     0.500000   1.000000    0.640625                0.375523
       layer1.3.conv2  576     64  277.777778  0.375000     0.609375   1.000000    0.734375                0.465845
       layer1.4.conv1  576     64  277.777778  0.359375     0.593750   1.000000    0.718750                0.463595
       layer1.4.conv2  576     64  277.777778  0.328125     0.578125   1.000000    0.734375                0.460759
       layer1.5.conv1  576     64  277.777778  0.375000     0.593750   1.000000    0.750000                0.455264
       layer1.5.conv2  576     64  277.777778  0.312500     0.562500   1.000000    0.765625                0.449341
       layer2.0.conv1  576    128  277.777778  0.250000     0.593750   1.000000    0.648438                0.466999
       layer2.0.conv2 1152    128  138.888889  0.414062     0.742188   1.000000    0.734375                0.649473
layer2.0.downsample.0   64    128 2500.000000  0.312500     0.593750   0.750000    0.750000                0.491468
       layer2.1.conv1 1152    128  138.888889  0.359375     0.695312   1.000000    0.687500                0.571488
       layer2.1.conv2 1152    128  138.888889  0.460938     0.750000   1.000000    0.796875                0.638919
       layer2.2.conv1 1152    128  138.888889  0.382812     0.695312   1.000000    0.718750                0.577643
       layer2.2.conv2 1152    128  138.888889  0.484375     0.742188   1.000000    0.812500                0.637155
       layer2.3.conv1 1152    128  138.888889  0.406250     0.710938   1.000000    0.742188                0.594425
       layer2.3.conv2 1152    128  138.888889  0.453125     0.734375   1.000000    0.796875                0.620940
       layer2.4.conv1 1152    128  138.888889  0.390625     0.671875   1.000000    0.750000                0.529246
       layer2.4.conv2 1152    128  138.888889  0.328125     0.695312   1.000000    0.757812                0.528643
       layer2.5.conv1 1152    128  138.888889  0.398438     0.679688   1.000000    0.765625                0.543173
       layer2.5.conv2 1152    128  138.888889  0.312500     0.671875   1.000000    0.757812                0.513635
       layer3.0.conv1 1152    256  138.888889  0.292969     0.683594   1.000000    0.726562                0.538737
       layer3.0.conv2 2304    256   69.444444  0.441406     0.785156   1.000000    0.753906                0.689180
layer3.0.downsample.0  128    256 1250.000000  0.382812     0.640625   0.804688    0.804688                0.557384
       layer3.1.conv1 2304    256   69.444444  0.382812     0.773438   1.000000    0.726562                0.656465
       layer3.1.conv2 2304    256   69.444444  0.457031     0.781250   1.000000    0.808594                0.646595
       layer3.2.conv1 2304    256   69.444444  0.453125     0.781250   1.000000    0.777344                0.675823
       layer3.2.conv2 2304    256   69.444444  0.464844     0.761719   1.000000    0.812500                0.620550
       layer3.3.conv1 2304    256   69.444444  0.468750     0.765625   1.000000    0.800781                0.641044
       layer3.3.conv2 2304    256   69.444444  0.386719     0.722656   1.000000    0.792969                0.537795
       layer3.4.conv1 2304    256   69.444444  0.421875     0.722656   1.000000    0.796875                0.576635
       layer3.4.conv2 2304    256   69.444444  0.257812     0.632812   1.000000    0.722656                0.406730
       layer3.5.conv1 2304    256   69.444444  0.269531     0.644531   1.000000    0.757812                0.448549
       layer3.5.conv2 2304    256   69.444444  0.078125     0.503906   1.000000    0.511719                0.250740
       layer4.0.conv1 2304    512   69.444444  0.126953     0.558594   1.000000    0.734375                0.267929
       layer4.0.conv2 4608    512   34.722222  0.037109     0.132812   1.000000    0.466797                0.063368
layer4.0.downsample.0  256    512  625.000000  0.085938     0.195312   0.828125    0.828125                0.106188
       layer4.1.conv1 4608    512   34.722222  0.044922     0.113281   0.277344    0.156250                0.084634
       layer4.1.conv2 4608    512   34.722222  0.029297     0.070312   0.332031    0.166016                0.048664
       layer4.2.conv1 4608    512   34.722222  0.041016     0.093750   0.191406    0.123047                0.069056
       layer4.2.conv2 4608    512   34.722222  0.021484     0.062500   0.242188    0.144531                0.043799
       layer4.3.conv1 4608    512   34.722222  0.039062     0.083984   0.154297    0.109375                0.064429
       layer4.3.conv2 4608    512   34.722222  0.021484     0.056641   0.189453    0.125000                0.040824
       layer4.4.conv1 4608    512   34.722222  0.035156     0.072266   0.134766    0.101562                0.056278
       layer4.4.conv2 4608    512   34.722222  0.019531     0.048828   0.146484    0.109375                0.036456
       layer4.5.conv1 4608    512   34.722222  0.023438     0.056641   0.123047    0.095703                0.038979
       layer4.5.conv2 4608    512   34.722222  0.017578     0.037109   0.132812    0.101562                0.030344
Proposition 1 check: Ostrowski ratios within [s_min^2, s_max^2] on 52/52 layers; k*_out(tau) <= k*_ortho(tau') on tau=0.9: 52/52, tau=0.95: 52/52, tau=0.99: 52/52, tau=0.999: 52/52;  kappa median 17.8, max 1165.4;  lower bound k*_out(tau) >= k*_ortho(tau'') on tau=0.9: 52/52, tau=0.95: 52/52, tau=0.99: 52/52, tau=0.999: 52/52
wrote ../results/round3_decompose/a2_basic52_s2_decompose.csv
=== a2_bottleneck_s0 (resnet50) ===
/Users/ccli/.venvs/effwidth/lib/python3.14/site-packages/torch/utils/data/dataloader.py:1102: UserWarning: 'pin_memory' argument is set as true but not supported on MPS now, device pinned memory won't be used.
  super().__init__(loader)
a2_bottleneck_s0 (../results/round3_pt/a2_bottleneck_s0//resnet50_cifar10_final.pt): 53 dense conv layers, 169s
                layer    d  C_out    n_over_d  out_0.95  kernel_0.95  data_0.95  ortho_0.95  kernel_erank_over_rmax
                conv1   27     64 5925.925926  0.222222     0.296296   0.185185    0.185185                0.299732
       layer1.0.conv1   64     64 2500.000000  0.125000     0.187500   0.187500    0.187500                0.177889
       layer1.0.conv2  576     64  277.777778  0.218750     0.375000   1.000000    0.484375                0.270630
       layer1.0.conv3   64    256 2500.000000  0.156250     0.375000   0.406250    0.406250                0.311347
layer1.0.downsample.0   64    256 2500.000000  0.125000     0.203125   0.187500    0.187500                0.209851
       layer1.1.conv1  256     64  625.000000  0.156250     0.359375   0.703125    0.437500                0.266758
       layer1.1.conv2  576     64  277.777778  0.234375     0.484375   1.000000    0.593750                0.353497
       layer1.1.conv3   64    256 2500.000000  0.171875     0.421875   0.531250    0.531250                0.349379
       layer1.2.conv1  256     64  625.000000  0.125000     0.312500   0.937500    0.500000                0.228145
       layer1.2.conv2  576     64  277.777778  0.187500     0.468750   1.000000    0.531250                0.370406
       layer1.2.conv3   64    256 2500.000000  0.250000     0.390625   0.546875    0.546875                0.304297
       layer2.0.conv1  256    128  625.000000  0.101562     0.226562   0.632812    0.437500                0.169254
       layer2.0.conv2 1152    128  138.888889  0.148438     0.414062   1.000000    0.515625                0.306528
       layer2.0.conv3  128    512 1250.000000  0.132812     0.406250   0.476562    0.476562                0.317291
layer2.0.downsample.0  256    512  625.000000  0.074219     0.246094   0.308594    0.308594                0.173665
       layer2.1.conv1  512    128  312.500000  0.109375     0.281250   0.828125    0.390625                0.190002
       layer2.1.conv2 1152    128  138.888889  0.218750     0.476562   1.000000    0.570312                0.320029
       layer2.1.conv3  128    512 1250.000000  0.164062     0.484375   0.609375    0.609375                0.365658
       layer2.2.conv1  512    128  312.500000  0.156250     0.421875   1.000000    0.500000                0.294949
       layer2.2.conv2 1152    128  138.888889  0.320312     0.632812   1.000000    0.671875                0.493047
       layer2.2.conv3  128    512 1250.000000  0.273438     0.593750   0.734375    0.734375                0.466817
       layer2.3.conv1  512    128  312.500000  0.195312     0.468750   1.000000    0.578125                0.338541
       layer2.3.conv2 1152    128  138.888889  0.320312     0.640625   1.000000    0.703125                0.511034
       layer2.3.conv3  128    512 1250.000000  0.265625     0.562500   0.703125    0.703125                0.426890
       layer3.0.conv1  512    256  312.500000  0.140625     0.363281   0.988281    0.554688                0.273108
       layer3.0.conv2 2304    256   69.444444  0.226562     0.601562   1.000000    0.652344                0.431547
       layer3.0.conv3  256   1024  625.000000  0.160156     0.531250   0.632812    0.632812                0.381888
layer3.0.downsample.0  512   1024  312.500000  0.082031     0.371094   0.494141    0.494141                0.234927
       layer3.1.conv1 1024    256  156.250000  0.097656     0.347656   1.000000    0.382812                0.227063
       layer3.1.conv2 2304    256   69.444444  0.242188     0.613281   1.000000    0.636719                0.442640
       layer3.1.conv3  256   1024  625.000000  0.222656     0.601562   0.714844    0.714844                0.435857
       layer3.2.conv1 1024    256  156.250000  0.144531     0.496094   1.000000    0.515625                0.330768
       layer3.2.conv2 2304    256   69.444444  0.328125     0.691406   1.000000    0.695312                0.519505
       layer3.2.conv3  256   1024  625.000000  0.265625     0.636719   0.761719    0.761719                0.456583
       layer3.3.conv1 1024    256  156.250000  0.183594     0.566406   1.000000    0.605469                0.395143
       layer3.3.conv2 2304    256   69.444444  0.355469     0.699219   1.000000    0.730469                0.535225
       layer3.3.conv3  256   1024  625.000000  0.289062     0.628906   0.773438    0.773438                0.450280
       layer3.4.conv1 1024    256  156.250000  0.226562     0.601562   1.000000    0.667969                0.441302
       layer3.4.conv2 2304    256   69.444444  0.378906     0.699219   1.000000    0.753906                0.531054
       layer3.4.conv3  256   1024  625.000000  0.277344     0.613281   0.777344    0.777344                0.415606
       layer3.5.conv1 1024    256  156.250000  0.250000     0.601562   1.000000    0.710938                0.441712
       layer3.5.conv2 2304    256   69.444444  0.316406     0.628906   1.000000    0.746094                0.442118
       layer3.5.conv3  256   1024  625.000000  0.144531     0.472656   0.675781    0.675781                0.264028
       layer4.0.conv1 1024    512  156.250000  0.113281     0.400391   1.000000    0.697266                0.230164
       layer4.0.conv2 4608    512   34.722222  0.093750     0.423828   1.000000    0.582031                0.206874
       layer4.0.conv3  512   2048  312.500000  0.037109     0.089844   0.324219    0.324219                0.066996
layer4.0.downsample.0 1024   2048  156.250000  0.033203     0.131836   0.665039    0.665039                0.055221
       layer4.1.conv1 2048    512   78.125000  0.039062     0.060547   0.072266    0.060547                0.061116
       layer4.1.conv2 4608    512   34.722222  0.095703     0.279297   0.849609    0.330078                0.178249
       layer4.1.conv3  512   2048  312.500000  0.027344     0.054688   0.308594    0.308594                0.041704
       layer4.2.conv1 2048    512   78.125000  0.027344     0.056641   0.068359    0.056641                0.049965
       layer4.2.conv2 4608    512   34.722222  0.066406     0.210938   0.669922    0.292969                0.133736
       layer4.2.conv3  512   2048  312.500000  0.017578     0.023438   0.207031    0.207031                0.025726
Proposition 1 check: Ostrowski ratios within [s_min^2, s_max^2] on 53/53 layers; k*_out(tau) <= k*_ortho(tau') on tau=0.9: 53/53, tau=0.95: 53/53, tau=0.99: 53/53, tau=0.999: 53/53;  kappa median 31.3, max 8455.8;  lower bound k*_out(tau) >= k*_ortho(tau'') on tau=0.9: 53/53, tau=0.95: 53/53, tau=0.99: 53/53, tau=0.999: 53/53
wrote ../results/round3_decompose/a2_bottleneck_s0_decompose.csv
=== a2_bottleneck_s1 (resnet50) ===
/Users/ccli/.venvs/effwidth/lib/python3.14/site-packages/torch/utils/data/dataloader.py:1102: UserWarning: 'pin_memory' argument is set as true but not supported on MPS now, device pinned memory won't be used.
  super().__init__(loader)
a2_bottleneck_s1 (../results/round3_pt/a2_bottleneck_s1//resnet50_cifar10_final.pt): 53 dense conv layers, 166s
                layer    d  C_out    n_over_d  out_0.95  kernel_0.95  data_0.95  ortho_0.95  kernel_erank_over_rmax
                conv1   27     64 5925.925926  0.222222     0.296296   0.185185    0.185185                0.296373
       layer1.0.conv1   64     64 2500.000000  0.140625     0.187500   0.187500    0.187500                0.176493
       layer1.0.conv2  576     64  277.777778  0.218750     0.375000   1.000000    0.500000                0.285579
       layer1.0.conv3   64    256 2500.000000  0.140625     0.390625   0.437500    0.437500                0.313925
layer1.0.downsample.0   64    256 2500.000000  0.125000     0.218750   0.187500    0.187500                0.212566
       layer1.1.conv1  256     64  625.000000  0.125000     0.359375   0.671875    0.437500                0.248256
       layer1.1.conv2  576     64  277.777778  0.234375     0.500000   1.000000    0.546875                0.381593
       layer1.1.conv3   64    256 2500.000000  0.187500     0.453125   0.515625    0.515625                0.375161
       layer1.2.conv1  256     64  625.000000  0.125000     0.328125   0.984375    0.531250                0.237596
       layer1.2.conv2  576     64  277.777778  0.187500     0.484375   1.000000    0.531250                0.384422
       layer1.2.conv3   64    256 2500.000000  0.250000     0.390625   0.531250    0.531250                0.306291
       layer2.0.conv1  256    128  625.000000  0.109375     0.234375   0.671875    0.460938                0.175040
       layer2.0.conv2 1152    128  138.888889  0.148438     0.406250   1.000000    0.507812                0.302436
       layer2.0.conv3  128    512 1250.000000  0.132812     0.414062   0.468750    0.468750                0.321873
layer2.0.downsample.0  256    512  625.000000  0.082031     0.261719   0.332031    0.332031                0.185568
       layer2.1.conv1  512    128  312.500000  0.101562     0.296875   0.859375    0.398438                0.195574
       layer2.1.conv2 1152    128  138.888889  0.218750     0.476562   1.000000    0.562500                0.323212
       layer2.1.conv3  128    512 1250.000000  0.156250     0.484375   0.593750    0.593750                0.351754
       layer2.2.conv1  512    128  312.500000  0.179688     0.453125   1.000000    0.507812                0.337703
       layer2.2.conv2 1152    128  138.888889  0.375000     0.671875   1.000000    0.710938                0.522451
       layer2.2.conv3  128    512 1250.000000  0.273438     0.601562   0.734375    0.734375                0.469297
       layer2.3.conv1  512    128  312.500000  0.195312     0.460938   1.000000    0.578125                0.321213
       layer2.3.conv2 1152    128  138.888889  0.289062     0.625000   1.000000    0.671875                0.490913
       layer2.3.conv3  128    512 1250.000000  0.257812     0.554688   0.703125    0.703125                0.418730
       layer3.0.conv1  512    256  312.500000  0.140625     0.375000   1.000000    0.558594                0.280472
       layer3.0.conv2 2304    256   69.444444  0.230469     0.605469   1.000000    0.656250                0.432929
       layer3.0.conv3  256   1024  625.000000  0.156250     0.535156   0.628906    0.628906                0.381324
layer3.0.downsample.0  512   1024  312.500000  0.083984     0.378906   0.501953    0.501953                0.236804
       layer3.1.conv1 1024    256  156.250000  0.093750     0.343750   1.000000    0.378906                0.218698
       layer3.1.conv2 2304    256   69.444444  0.238281     0.597656   1.000000    0.625000                0.429705
       layer3.1.conv3  256   1024  625.000000  0.214844     0.597656   0.710938    0.710938                0.430242
       layer3.2.conv1 1024    256  156.250000  0.140625     0.492188   1.000000    0.511719                0.318558
       layer3.2.conv2 2304    256   69.444444  0.312500     0.687500   1.000000    0.679688                0.514329
       layer3.2.conv3  256   1024  625.000000  0.269531     0.640625   0.757812    0.757812                0.461616
       layer3.3.conv1 1024    256  156.250000  0.183594     0.566406   1.000000    0.597656                0.397490
       layer3.3.conv2 2304    256   69.444444  0.367188     0.710938   1.000000    0.730469                0.545630
       layer3.3.conv3  256   1024  625.000000  0.308594     0.648438   0.781250    0.781250                0.471995
       layer3.4.conv1 1024    256  156.250000  0.226562     0.605469   1.000000    0.667969                0.442346
       layer3.4.conv2 2304    256   69.444444  0.375000     0.687500   1.000000    0.753906                0.524456
       layer3.4.conv3  256   1024  625.000000  0.257812     0.601562   0.746094    0.746094                0.409315
       layer3.5.conv1 1024    256  156.250000  0.253906     0.605469   1.000000    0.710938                0.445547
       layer3.5.conv2 2304    256   69.444444  0.335938     0.656250   1.000000    0.750000                0.477201
       layer3.5.conv3  256   1024  625.000000  0.175781     0.511719   0.718750    0.718750                0.296878
       layer4.0.conv1 1024    512  156.250000  0.115234     0.400391   1.000000    0.697266                0.230475
       layer4.0.conv2 4608    512   34.722222  0.089844     0.416016   1.000000    0.578125                0.202790
       layer4.0.conv3  512   2048  312.500000  0.037109     0.083984   0.308594    0.308594                0.063418
layer4.0.downsample.0 1024   2048  156.250000  0.031250     0.123047   0.666992    0.666992                0.051932
       layer4.1.conv1 2048    512   78.125000  0.037109     0.058594   0.068359    0.056641                0.058650
       layer4.1.conv2 4608    512   34.722222  0.091797     0.269531   0.787109    0.316406                0.172944
       layer4.1.conv3  512   2048  312.500000  0.023438     0.048828   0.287109    0.287109                0.037906
       layer4.2.conv1 2048    512   78.125000  0.023438     0.054688   0.062500    0.052734                0.046611
       layer4.2.conv2 4608    512   34.722222  0.062500     0.199219   0.572266    0.271484                0.123587
       layer4.2.conv3  512   2048  312.500000  0.017578     0.023438   0.191406    0.191406                0.025542
Proposition 1 check: Ostrowski ratios within [s_min^2, s_max^2] on 52/53 layers; k*_out(tau) <= k*_ortho(tau') on tau=0.9: 53/53, tau=0.95: 53/53, tau=0.99: 53/53, tau=0.999: 53/53;  kappa median 33.1, max 23396.0;  lower bound k*_out(tau) >= k*_ortho(tau'') on tau=0.9: 53/53, tau=0.95: 53/53, tau=0.99: 53/53, tau=0.999: 53/53
wrote ../results/round3_decompose/a2_bottleneck_s1_decompose.csv
=== a2_bottleneck_s2 (resnet50) ===
/Users/ccli/.venvs/effwidth/lib/python3.14/site-packages/torch/utils/data/dataloader.py:1102: UserWarning: 'pin_memory' argument is set as true but not supported on MPS now, device pinned memory won't be used.
  super().__init__(loader)
a2_bottleneck_s2 (../results/round3_pt/a2_bottleneck_s2//resnet50_cifar10_final.pt): 53 dense conv layers, 163s
                layer    d  C_out    n_over_d  out_0.95  kernel_0.95  data_0.95  ortho_0.95  kernel_erank_over_rmax
                conv1   27     64 5925.925926  0.222222     0.259259   0.185185    0.185185                0.289754
       layer1.0.conv1   64     64 2500.000000  0.125000     0.187500   0.171875    0.171875                0.150078
       layer1.0.conv2  576     64  277.777778  0.218750     0.375000   1.000000    0.453125                0.274127
       layer1.0.conv3   64    256 2500.000000  0.156250     0.375000   0.421875    0.421875                0.318244
layer1.0.downsample.0   64    256 2500.000000  0.125000     0.203125   0.171875    0.171875                0.205920
       layer1.1.conv1  256     64  625.000000  0.156250     0.359375   0.671875    0.421875                0.271430
       layer1.1.conv2  576     64  277.777778  0.265625     0.500000   1.000000    0.593750                0.383562
       layer1.1.conv3   64    256 2500.000000  0.203125     0.453125   0.546875    0.546875                0.374037
       layer1.2.conv1  256     64  625.000000  0.125000     0.328125   0.953125    0.500000                0.224953
       layer1.2.conv2  576     64  277.777778  0.171875     0.437500   1.000000    0.515625                0.351683
       layer1.2.conv3   64    256 2500.000000  0.234375     0.359375   0.515625    0.515625                0.279908
       layer2.0.conv1  256    128  625.000000  0.109375     0.226562   0.640625    0.437500                0.173184
       layer2.0.conv2 1152    128  138.888889  0.156250     0.414062   1.000000    0.515625                0.306504
       layer2.0.conv3  128    512 1250.000000  0.140625     0.406250   0.468750    0.468750                0.321384
layer2.0.downsample.0  256    512  625.000000  0.074219     0.246094   0.316406    0.316406                0.170678
       layer2.1.conv1  512    128  312.500000  0.101562     0.289062   0.820312    0.382812                0.178861
       layer2.1.conv2 1152    128  138.888889  0.210938     0.476562   1.000000    0.546875                0.314991
       layer2.1.conv3  128    512 1250.000000  0.171875     0.492188   0.609375    0.609375                0.371216
       layer2.2.conv1  512    128  312.500000  0.156250     0.406250   1.000000    0.484375                0.288242
       layer2.2.conv2 1152    128  138.888889  0.312500     0.625000   1.000000    0.664062                0.494122
       layer2.2.conv3  128    512 1250.000000  0.250000     0.578125   0.703125    0.703125                0.453144
       layer2.3.conv1  512    128  312.500000  0.203125     0.468750   1.000000    0.570312                0.335049
       layer2.3.conv2 1152    128  138.888889  0.320312     0.648438   1.000000    0.687500                0.517841
       layer2.3.conv3  128    512 1250.000000  0.265625     0.570312   0.726562    0.726562                0.430466
       layer3.0.conv1  512    256  312.500000  0.136719     0.359375   0.976562    0.546875                0.268824
       layer3.0.conv2 2304    256   69.444444  0.218750     0.597656   1.000000    0.640625                0.428637
       layer3.0.conv3  256   1024  625.000000  0.160156     0.531250   0.628906    0.628906                0.383477
layer3.0.downsample.0  512   1024  312.500000  0.080078     0.367188   0.486328    0.486328                0.230705
       layer3.1.conv1 1024    256  156.250000  0.093750     0.339844   1.000000    0.382812                0.214635
       layer3.1.conv2 2304    256   69.444444  0.230469     0.593750   1.000000    0.625000                0.421313
       layer3.1.conv3  256   1024  625.000000  0.203125     0.597656   0.722656    0.722656                0.419389
       layer3.2.conv1 1024    256  156.250000  0.144531     0.511719   1.000000    0.511719                0.342241
       layer3.2.conv2 2304    256   69.444444  0.355469     0.710938   1.000000    0.707031                0.551280
       layer3.2.conv3  256   1024  625.000000  0.304688     0.656250   0.773438    0.773438                0.481996
       layer3.3.conv1 1024    256  156.250000  0.183594     0.570312   1.000000    0.605469                0.399227
       layer3.3.conv2 2304    256   69.444444  0.367188     0.710938   1.000000    0.730469                0.538499
       layer3.3.conv3  256   1024  625.000000  0.296875     0.640625   0.777344    0.777344                0.459632
       layer3.4.conv1 1024    256  156.250000  0.226562     0.609375   1.000000    0.667969                0.446271
       layer3.4.conv2 2304    256   69.444444  0.378906     0.695312   1.000000    0.753906                0.526909
       layer3.4.conv3  256   1024  625.000000  0.281250     0.617188   0.761719    0.761719                0.428561
       layer3.5.conv1 1024    256  156.250000  0.257812     0.617188   1.000000    0.707031                0.456749
       layer3.5.conv2 2304    256   69.444444  0.328125     0.640625   1.000000    0.750000                0.459108
       layer3.5.conv3  256   1024  625.000000  0.164062     0.496094   0.710938    0.710938                0.288336
       layer4.0.conv1 1024    512  156.250000  0.117188     0.402344   1.000000    0.701172                0.233204
       layer4.0.conv2 4608    512   34.722222  0.095703     0.419922   1.000000    0.585938                0.203411
       layer4.0.conv3  512   2048  312.500000  0.039062     0.087891   0.318359    0.318359                0.067320
layer4.0.downsample.0 1024   2048  156.250000  0.034180     0.130859   0.669922    0.669922                0.056011
       layer4.1.conv1 2048    512   78.125000  0.039062     0.062500   0.074219    0.062500                0.062720
       layer4.1.conv2 4608    512   34.722222  0.097656     0.289062   0.849609    0.333984                0.185566
       layer4.1.conv3  512   2048  312.500000  0.025391     0.054688   0.310547    0.310547                0.041063
       layer4.2.conv1 2048    512   78.125000  0.025391     0.054688   0.068359    0.056641                0.047482
       layer4.2.conv2 4608    512   34.722222  0.064453     0.201172   0.603516    0.277344                0.124310
       layer4.2.conv3  512   2048  312.500000  0.017578     0.023438   0.191406    0.191406                0.025412
Proposition 1 check: Ostrowski ratios within [s_min^2, s_max^2] on 51/53 layers; k*_out(tau) <= k*_ortho(tau') on tau=0.9: 53/53, tau=0.95: 53/53, tau=0.99: 53/53, tau=0.999: 53/53;  kappa median 39.9, max 57865.4;  lower bound k*_out(tau) >= k*_ortho(tau'') on tau=0.9: 53/53, tau=0.95: 53/53, tau=0.99: 53/53, tau=0.999: 53/53
wrote ../results/round3_decompose/a2_bottleneck_s2_decompose.csv
=== a2_mobilenetv2_s0 (mobilenetv2) ===
/Users/ccli/.venvs/effwidth/lib/python3.14/site-packages/torch/utils/data/dataloader.py:1102: UserWarning: 'pin_memory' argument is set as true but not supported on MPS now, device pinned memory won't be used.
  super().__init__(loader)
a2_mobilenetv2_s0 (../results/round3_pt/a2_mobilenetv2_s0//mobilenetv2_cifar10_final.pt): 35 dense conv layers, 33s
               layer   d  C_out     n_over_d  out_0.95  kernel_0.95  data_0.95  ortho_0.95  kernel_erank_over_rmax
        features.0.0  27     32  5925.925926  0.222222     0.333333   0.185185    0.185185                0.309152
   features.1.conv.1  32     16  5000.000000  0.437500     0.500000   0.812500    0.687500                0.515923
 features.2.conv.0.0  16     96 10000.000000  0.375000     0.500000   0.437500    0.437500                0.495453
   features.2.conv.2  96     24  1666.666667  0.500000     0.625000   1.000000    0.750000                0.631681
 features.3.conv.0.0  24    144  6666.666667  0.333333     0.541667   0.500000    0.500000                0.494035
   features.3.conv.2 144     24  1111.111111  0.458333     0.500000   1.000000    0.833333                0.471134
 features.4.conv.0.0  24    144  6666.666667  0.458333     0.625000   0.625000    0.625000                0.631754
   features.4.conv.2 144     32  1111.111111  0.375000     0.531250   1.000000    0.656250                0.566827
 features.5.conv.0.0  32    192  5000.000000  0.250000     0.437500   0.375000    0.375000                0.419610
   features.5.conv.2 192     32   833.333333  0.500000     0.593750   1.000000    0.843750                0.566534
 features.6.conv.0.0  32    192  5000.000000  0.406250     0.593750   0.593750    0.593750                0.580625
   features.6.conv.2 192     32   833.333333  0.468750     0.562500   1.000000    0.875000                0.546228
 features.7.conv.0.0  32    192  5000.000000  0.437500     0.625000   0.593750    0.593750                0.631684
   features.7.conv.2 192     64   833.333333  0.296875     0.421875   0.812500    0.593750                0.443453
 features.8.conv.0.0  64    384  2500.000000  0.203125     0.328125   0.296875    0.296875                0.308469
   features.8.conv.2 384     64   416.666667  0.406250     0.500000   1.000000    0.812500                0.492526
 features.9.conv.0.0  64    384  2500.000000  0.281250     0.437500   0.453125    0.453125                0.403399
   features.9.conv.2 384     64   416.666667  0.375000     0.484375   1.000000    0.734375                0.447253
features.10.conv.0.0  64    384  2500.000000  0.296875     0.437500   0.484375    0.484375                0.403753
  features.10.conv.2 384     64   416.666667  0.343750     0.437500   1.000000    0.750000                0.396910
features.11.conv.0.0  64    384  2500.000000  0.375000     0.531250   0.500000    0.500000                0.538220
  features.11.conv.2 384     96   416.666667  0.281250     0.333333   1.000000    0.750000                0.354905
features.12.conv.0.0  96    576  1666.666667  0.208333     0.291667   0.291667    0.291667                0.282974
  features.12.conv.2 576     96   277.777778  0.270833     0.322917   1.000000    0.729167                0.315308
features.13.conv.0.0  96    576  1666.666667  0.229167     0.322917   0.333333    0.333333                0.302638
  features.13.conv.2 576     96   277.777778  0.260417     0.302083   0.875000    0.677083                0.279452
features.14.conv.0.0  96    576  1666.666667  0.239583     0.312500   0.343750    0.343750                0.339001
  features.14.conv.2 576    160   277.777778  0.143750     0.181250   0.487500    0.456250                0.196191
features.15.conv.0.0 160    960  1000.000000  0.118750     0.162500   0.150000    0.150000                0.167734
  features.15.conv.2 960    160   166.666667  0.168750     0.206250   1.000000    0.706250                0.208629
features.16.conv.0.0 160    960  1000.000000  0.150000     0.218750   0.218750    0.218750                0.218958
  features.16.conv.2 960    160   166.666667  0.162500     0.193750   1.000000    0.693750                0.188357
features.17.conv.0.0 160    960  1000.000000  0.162500     0.225000   0.237500    0.237500                0.238506
  features.17.conv.2 960    320   166.666667  0.028125     0.028125   0.553125    0.465625                0.031268
       features.18.0 320   1280   500.000000  0.028125     0.028125   0.028125    0.028125                0.031610
Proposition 1 check: Ostrowski ratios within [s_min^2, s_max^2] on 33/35 layers; k*_out(tau) <= k*_ortho(tau') on tau=0.9: 35/35, tau=0.95: 35/35, tau=0.99: 35/35, tau=0.999: 35/35;  kappa median 56.8, max 42784.1;  lower bound k*_out(tau) >= k*_ortho(tau'') on tau=0.9: 35/35, tau=0.95: 35/35, tau=0.99: 35/35, tau=0.999: 35/35
wrote ../results/round3_decompose/a2_mobilenetv2_s0_decompose.csv
=== a2_mobilenetv2_s1 (mobilenetv2) ===
/Users/ccli/.venvs/effwidth/lib/python3.14/site-packages/torch/utils/data/dataloader.py:1102: UserWarning: 'pin_memory' argument is set as true but not supported on MPS now, device pinned memory won't be used.
  super().__init__(loader)
a2_mobilenetv2_s1 (../results/round3_pt/a2_mobilenetv2_s1//mobilenetv2_cifar10_final.pt): 35 dense conv layers, 44s
               layer   d  C_out     n_over_d  out_0.95  kernel_0.95  data_0.95  ortho_0.95  kernel_erank_over_rmax
        features.0.0  27     32  5925.925926  0.185185     0.333333   0.185185    0.185185                0.281456
   features.1.conv.1  32     16  5000.000000  0.437500     0.562500   0.750000    0.687500                0.548657
 features.2.conv.0.0  16     96 10000.000000  0.375000     0.500000   0.437500    0.437500                0.524655
   features.2.conv.2  96     24  1666.666667  0.541667     0.666667   1.000000    0.750000                0.678912
 features.3.conv.0.0  24    144  6666.666667  0.333333     0.583333   0.541667    0.541667                0.544593
   features.3.conv.2 144     24  1111.111111  0.500000     0.583333   1.000000    0.791667                0.552739
 features.4.conv.0.0  24    144  6666.666667  0.458333     0.666667   0.625000    0.625000                0.688043
   features.4.conv.2 144     32  1111.111111  0.375000     0.531250   1.000000    0.656250                0.565235
 features.5.conv.0.0  32    192  5000.000000  0.250000     0.437500   0.375000    0.375000                0.417476
   features.5.conv.2 192     32   833.333333  0.500000     0.593750   1.000000    0.843750                0.580752
 features.6.conv.0.0  32    192  5000.000000  0.406250     0.593750   0.562500    0.562500                0.566524
   features.6.conv.2 192     32   833.333333  0.500000     0.562500   1.000000    0.875000                0.573798
 features.7.conv.0.0  32    192  5000.000000  0.468750     0.593750   0.593750    0.593750                0.635995
   features.7.conv.2 192     64   833.333333  0.281250     0.421875   0.859375    0.593750                0.442676
 features.8.conv.0.0  64    384  2500.000000  0.187500     0.328125   0.296875    0.296875                0.303644
   features.8.conv.2 384     64   416.666667  0.390625     0.484375   1.000000    0.796875                0.483783
 features.9.conv.0.0  64    384  2500.000000  0.281250     0.437500   0.437500    0.437500                0.412436
   features.9.conv.2 384     64   416.666667  0.390625     0.484375   1.000000    0.812500                0.471273
features.10.conv.0.0  64    384  2500.000000  0.281250     0.421875   0.484375    0.484375                0.386494
  features.10.conv.2 384     64   416.666667  0.328125     0.453125   0.875000    0.703125                0.393741
features.11.conv.0.0  64    384  2500.000000  0.359375     0.515625   0.500000    0.500000                0.529051
  features.11.conv.2 384     96   416.666667  0.291667     0.343750   1.000000    0.760417                0.364814
features.12.conv.0.0  96    576  1666.666667  0.208333     0.302083   0.302083    0.302083                0.295867
  features.12.conv.2 576     96   277.777778  0.270833     0.322917   1.000000    0.739583                0.320041
features.13.conv.0.0  96    576  1666.666667  0.229167     0.333333   0.343750    0.343750                0.313377
  features.13.conv.2 576     96   277.777778  0.250000     0.302083   0.885417    0.687500                0.278318
features.14.conv.0.0  96    576  1666.666667  0.239583     0.322917   0.354167    0.354167                0.350925
  features.14.conv.2 576    160   277.777778  0.143750     0.181250   0.475000    0.443750                0.195708
features.15.conv.0.0 160    960  1000.000000  0.118750     0.156250   0.150000    0.150000                0.164689
  features.15.conv.2 960    160   166.666667  0.175000     0.206250   1.000000    0.718750                0.209290
features.16.conv.0.0 160    960  1000.000000  0.156250     0.218750   0.225000    0.225000                0.220194
  features.16.conv.2 960    160   166.666667  0.162500     0.193750   1.000000    0.700000                0.181629
features.17.conv.0.0 160    960  1000.000000  0.162500     0.231250   0.243750    0.243750                0.242946
  features.17.conv.2 960    320   166.666667  0.028125     0.028125   0.656250    0.512500                0.031500
       features.18.0 320   1280   500.000000  0.028125     0.031250   0.028125    0.028125                0.031870
Proposition 1 check: Ostrowski ratios within [s_min^2, s_max^2] on 34/35 layers; k*_out(tau) <= k*_ortho(tau') on tau=0.9: 35/35, tau=0.95: 35/35, tau=0.99: 35/35, tau=0.999: 35/35;  kappa median 63.0, max 54391.9;  lower bound k*_out(tau) >= k*_ortho(tau'') on tau=0.9: 35/35, tau=0.95: 35/35, tau=0.99: 35/35, tau=0.999: 35/35
wrote ../results/round3_decompose/a2_mobilenetv2_s1_decompose.csv
=== a2_mobilenetv2_s2 (mobilenetv2) ===
/Users/ccli/.venvs/effwidth/lib/python3.14/site-packages/torch/utils/data/dataloader.py:1102: UserWarning: 'pin_memory' argument is set as true but not supported on MPS now, device pinned memory won't be used.
  super().__init__(loader)
a2_mobilenetv2_s2 (../results/round3_pt/a2_mobilenetv2_s2//mobilenetv2_cifar10_final.pt): 35 dense conv layers, 40s
               layer   d  C_out     n_over_d  out_0.95  kernel_0.95  data_0.95  ortho_0.95  kernel_erank_over_rmax
        features.0.0  27     32  5925.925926  0.185185     0.296296   0.185185    0.185185                0.266221
   features.1.conv.1  32     16  5000.000000  0.437500     0.500000   0.812500    0.687500                0.524140
 features.2.conv.0.0  16     96 10000.000000  0.375000     0.500000   0.437500    0.437500                0.500391
   features.2.conv.2  96     24  1666.666667  0.500000     0.666667   1.000000    0.750000                0.687608
 features.3.conv.0.0  24    144  6666.666667  0.333333     0.583333   0.541667    0.541667                0.536333
   features.3.conv.2 144     24  1111.111111  0.458333     0.541667   1.000000    0.791667                0.483110
 features.4.conv.0.0  24    144  6666.666667  0.458333     0.666667   0.625000    0.625000                0.666462
   features.4.conv.2 144     32  1111.111111  0.375000     0.562500   1.000000    0.687500                0.582031
 features.5.conv.0.0  32    192  5000.000000  0.250000     0.468750   0.375000    0.375000                0.417623
   features.5.conv.2 192     32   833.333333  0.531250     0.625000   1.000000    0.843750                0.607441
 features.6.conv.0.0  32    192  5000.000000  0.406250     0.625000   0.593750    0.593750                0.588042
   features.6.conv.2 192     32   833.333333  0.500000     0.562500   1.000000    0.875000                0.547042
 features.7.conv.0.0  32    192  5000.000000  0.468750     0.625000   0.625000    0.625000                0.651885
   features.7.conv.2 192     64   833.333333  0.281250     0.421875   0.843750    0.593750                0.443293
 features.8.conv.0.0  64    384  2500.000000  0.203125     0.328125   0.296875    0.296875                0.306171
   features.8.conv.2 384     64   416.666667  0.406250     0.500000   1.000000    0.796875                0.487208
 features.9.conv.0.0  64    384  2500.000000  0.281250     0.421875   0.437500    0.437500                0.396372
   features.9.conv.2 384     64   416.666667  0.375000     0.484375   1.000000    0.765625                0.454861
features.10.conv.0.0  64    384  2500.000000  0.281250     0.437500   0.484375    0.484375                0.386776
  features.10.conv.2 384     64   416.666667  0.328125     0.453125   1.000000    0.750000                0.396025
features.11.conv.0.0  64    384  2500.000000  0.359375     0.531250   0.515625    0.515625                0.538541
  features.11.conv.2 384     96   416.666667  0.291667     0.343750   1.000000    0.750000                0.359901
features.12.conv.0.0  96    576  1666.666667  0.218750     0.302083   0.302083    0.302083                0.296892
  features.12.conv.2 576     96   277.777778  0.270833     0.333333   0.927083    0.708333                0.319793
features.13.conv.0.0  96    576  1666.666667  0.218750     0.312500   0.333333    0.333333                0.292566
  features.13.conv.2 576     96   277.777778  0.250000     0.302083   0.802083    0.677083                0.280812
features.14.conv.0.0  96    576  1666.666667  0.229167     0.322917   0.343750    0.343750                0.338316
  features.14.conv.2 576    160   277.777778  0.143750     0.181250   0.456250    0.437500                0.197994
features.15.conv.0.0 160    960  1000.000000  0.118750     0.162500   0.150000    0.150000                0.166558
  features.15.conv.2 960    160   166.666667  0.175000     0.212500   1.000000    0.712500                0.210869
features.16.conv.0.0 160    960  1000.000000  0.156250     0.218750   0.225000    0.225000                0.224630
  features.16.conv.2 960    160   166.666667  0.162500     0.193750   1.000000    0.706250                0.177910
features.17.conv.0.0 160    960  1000.000000  0.162500     0.231250   0.243750    0.243750                0.240676
  features.17.conv.2 960    320   166.666667  0.028125     0.028125   0.609375    0.490625                0.031289
       features.18.0 320   1280   500.000000  0.028125     0.028125   0.028125    0.028125                0.031553
Proposition 1 check: Ostrowski ratios within [s_min^2, s_max^2] on 34/35 layers; k*_out(tau) <= k*_ortho(tau') on tau=0.9: 35/35, tau=0.95: 35/35, tau=0.99: 35/35, tau=0.999: 35/35;  kappa median 62.3, max 26204.7;  lower bound k*_out(tau) >= k*_ortho(tau'') on tau=0.9: 35/35, tau=0.95: 35/35, tau=0.99: 35/35, tau=0.999: 35/35
wrote ../results/round3_decompose/a2_mobilenetv2_s2_decompose.csv
=== a5_basic52_so_s0 (resnet_basic52) ===
/Users/ccli/.venvs/effwidth/lib/python3.14/site-packages/torch/utils/data/dataloader.py:1102: UserWarning: 'pin_memory' argument is set as true but not supported on MPS now, device pinned memory won't be used.
  super().__init__(loader)
a5_basic52_so_s0 (../results/round3_pt/a5_basic52_so_s0//resnet_basic52_so_cifar10_final.pt): 52 dense conv layers, 283s
                layer    d  C_out    n_over_d  out_0.95  kernel_0.95  data_0.95  ortho_0.95  kernel_erank_over_rmax
                conv1   27     64 5925.925926  0.222222     0.592593   0.185185    0.185185                0.604091
       layer1.0.conv1  576     64  277.777778  0.281250     0.687500   0.625000    0.406250                0.613137
       layer1.0.conv2  576     64  277.777778  0.390625     0.796875   1.000000    0.546875                0.749835
       layer1.1.conv1  576     64  277.777778  0.406250     0.796875   1.000000    0.578125                0.745609
       layer1.1.conv2  576     64  277.777778  0.484375     0.843750   1.000000    0.671875                0.825061
       layer1.2.conv1  576     64  277.777778  0.437500     0.828125   1.000000    0.625000                0.796324
       layer1.2.conv2  576     64  277.777778  0.546875     0.859375   1.000000    0.734375                0.844542
       layer1.3.conv1  576     64  277.777778  0.437500     0.843750   1.000000    0.625000                0.810317
       layer1.3.conv2  576     64  277.777778  0.578125     0.859375   1.000000    0.765625                0.849642
       layer1.4.conv1  576     64  277.777778  0.437500     0.828125   1.000000    0.656250                0.802581
       layer1.4.conv2  576     64  277.777778  0.609375     0.843750   1.000000    0.781250                0.825092
       layer1.5.conv1  576     64  277.777778  0.546875     0.859375   1.000000    0.718750                0.841655
       layer1.5.conv2  576     64  277.777778  0.562500     0.828125   1.000000    0.765625                0.799607
       layer2.0.conv1  576    128  277.777778  0.375000     0.796875   1.000000    0.648438                0.750232
       layer2.0.conv2 1152    128  138.888889  0.562500     0.875000   1.000000    0.742188                0.880133
layer2.0.downsample.0   64    128 2500.000000  0.468750     0.750000   0.765625    0.765625                0.711947
       layer2.1.conv1 1152    128  138.888889  0.515625     0.859375   1.000000    0.695312                0.852589
       layer2.1.conv2 1152    128  138.888889  0.664062     0.882812   1.000000    0.812500                0.887777
       layer2.2.conv1 1152    128  138.888889  0.546875     0.867188   1.000000    0.718750                0.869863
       layer2.2.conv2 1152    128  138.888889  0.679688     0.882812   1.000000    0.812500                0.887900
       layer2.3.conv1 1152    128  138.888889  0.570312     0.867188   1.000000    0.742188                0.872841
       layer2.3.conv2 1152    128  138.888889  0.671875     0.875000   1.000000    0.820312                0.876085
       layer2.4.conv1 1152    128  138.888889  0.585938     0.867188   1.000000    0.757812                0.871102
       layer2.4.conv2 1152    128  138.888889  0.656250     0.867188   1.000000    0.820312                0.858457
       layer2.5.conv1 1152    128  138.888889  0.585938     0.859375   1.000000    0.765625                0.860583
       layer2.5.conv2 1152    128  138.888889  0.601562     0.851562   1.000000    0.804688                0.828307
       layer3.0.conv1 1152    256  138.888889  0.445312     0.832031   1.000000    0.714844                0.804006
       layer3.0.conv2 2304    256   69.444444  0.597656     0.890625   1.000000    0.757812                0.904446
layer3.0.downsample.0  128    256 1250.000000  0.546875     0.773438   0.820312    0.820312                0.768038
       layer3.1.conv1 2304    256   69.444444  0.531250     0.878906   1.000000    0.718750                0.880521
       layer3.1.conv2 2304    256   69.444444  0.671875     0.886719   1.000000    0.812500                0.899919
       layer3.2.conv1 2304    256   69.444444  0.585938     0.882812   1.000000    0.757812                0.893117
       layer3.2.conv2 2304    256   69.444444  0.683594     0.878906   1.000000    0.824219                0.890276
       layer3.3.conv1 2304    256   69.444444  0.628906     0.882812   1.000000    0.789062                0.893624
       layer3.3.conv2 2304    256   69.444444  0.660156     0.871094   1.000000    0.820312                0.869231
       layer3.4.conv1 2304    256   69.444444  0.632812     0.875000   1.000000    0.800781                0.881403
       layer3.4.conv2 2304    256   69.444444  0.589844     0.851562   1.000000    0.800781                0.821958
       layer3.5.conv1 2304    256   69.444444  0.589844     0.863281   1.000000    0.792969                0.852964
       layer3.5.conv2 2304    256   69.444444  0.421875     0.816406   1.000000    0.738281                0.719008
       layer4.0.conv1 2304    512   69.444444  0.373047     0.812500   1.000000    0.732422                0.725379
       layer4.0.conv2 4608    512   34.722222  0.226562     0.761719   1.000000    0.597656                0.572061
layer4.0.downsample.0  256    512  625.000000  0.382812     0.640625   0.832031    0.832031                0.515674
       layer4.1.conv1 4608    512   34.722222  0.162109     0.751953   1.000000    0.353516                0.548425
       layer4.1.conv2 4608    512   34.722222  0.113281     0.783203   1.000000    0.291016                0.448282
       layer4.2.conv1 4608    512   34.722222  0.113281     0.771484   1.000000    0.236328                0.480211
       layer4.2.conv2 4608    512   34.722222  0.083984     0.826172   0.960938    0.220703                0.417691
       layer4.3.conv1 4608    512   34.722222  0.085938     0.804688   0.656250    0.169922                0.444312
       layer4.3.conv2 4608    512   34.722222  0.060547     0.859375   0.554688    0.183594                0.416850
       layer4.4.conv1 4608    512   34.722222  0.066406     0.835938   0.382812    0.132812                0.436608
       layer4.4.conv2 4608    512   34.722222  0.029297     0.876953   0.335938    0.146484                0.414127
       layer4.5.conv1 4608    512   34.722222  0.042969     0.865234   0.267578    0.105469                0.441703
       layer4.5.conv2 4608    512   34.722222  0.017578     0.882812   0.224609    0.107422                0.399396
Proposition 1 check: Ostrowski ratios within [s_min^2, s_max^2] on 52/52 layers; k*_out(tau) <= k*_ortho(tau') on tau=0.9: 52/52, tau=0.95: 52/52, tau=0.99: 52/52, tau=0.999: 52/52;  kappa median 3.9, max 18.4;  lower bound k*_out(tau) >= k*_ortho(tau'') on tau=0.9: 52/52, tau=0.95: 52/52, tau=0.99: 52/52, tau=0.999: 52/52
wrote ../results/round3_decompose/a5_basic52_so_s0_decompose.csv
=== a5_basic52_so_s1 (resnet_basic52) ===
/Users/ccli/.venvs/effwidth/lib/python3.14/site-packages/torch/utils/data/dataloader.py:1102: UserWarning: 'pin_memory' argument is set as true but not supported on MPS now, device pinned memory won't be used.
  super().__init__(loader)
a5_basic52_so_s1 (../results/round3_pt/a5_basic52_so_s1//resnet_basic52_so_cifar10_final.pt): 52 dense conv layers, 301s
                layer    d  C_out    n_over_d  out_0.95  kernel_0.95  data_0.95  ortho_0.95  kernel_erank_over_rmax
                conv1   27     64 5925.925926  0.222222     0.592593   0.185185    0.185185                0.602240
       layer1.0.conv1  576     64  277.777778  0.296875     0.703125   0.656250    0.437500                0.618390
       layer1.0.conv2  576     64  277.777778  0.390625     0.781250   1.000000    0.562500                0.729337
       layer1.1.conv1  576     64  277.777778  0.406250     0.796875   1.000000    0.578125                0.743495
       layer1.1.conv2  576     64  277.777778  0.500000     0.843750   1.000000    0.687500                0.824352
       layer1.2.conv1  576     64  277.777778  0.453125     0.828125   1.000000    0.640625                0.797606
       layer1.2.conv2  576     64  277.777778  0.531250     0.859375   1.000000    0.718750                0.835944
       layer1.3.conv1  576     64  277.777778  0.453125     0.843750   1.000000    0.640625                0.819082
       layer1.3.conv2  576     64  277.777778  0.578125     0.859375   1.000000    0.765625                0.840181
       layer1.4.conv1  576     64  277.777778  0.437500     0.843750   1.000000    0.656250                0.817891
       layer1.4.conv2  576     64  277.777778  0.609375     0.843750   1.000000    0.781250                0.827271
       layer1.5.conv1  576     64  277.777778  0.531250     0.843750   1.000000    0.734375                0.828509
       layer1.5.conv2  576     64  277.777778  0.578125     0.843750   1.000000    0.781250                0.810948
       layer2.0.conv1  576    128  277.777778  0.375000     0.796875   1.000000    0.648438                0.753387
       layer2.0.conv2 1152    128  138.888889  0.562500     0.875000   1.000000    0.734375                0.880885
layer2.0.downsample.0   64    128 2500.000000  0.468750     0.750000   0.765625    0.765625                0.721976
       layer2.1.conv1 1152    128  138.888889  0.507812     0.859375   1.000000    0.695312                0.846375
       layer2.1.conv2 1152    128  138.888889  0.656250     0.875000   1.000000    0.804688                0.884409
       layer2.2.conv1 1152    128  138.888889  0.546875     0.867188   1.000000    0.718750                0.866129
       layer2.2.conv2 1152    128  138.888889  0.671875     0.875000   1.000000    0.812500                0.882501
       layer2.3.conv1 1152    128  138.888889  0.562500     0.867188   1.000000    0.734375                0.872339
       layer2.3.conv2 1152    128  138.888889  0.664062     0.875000   1.000000    0.812500                0.873818
       layer2.4.conv1 1152    128  138.888889  0.585938     0.867188   1.000000    0.757812                0.870924
       layer2.4.conv2 1152    128  138.888889  0.648438     0.867188   1.000000    0.812500                0.862134
       layer2.5.conv1 1152    128  138.888889  0.601562     0.867188   1.000000    0.765625                0.869760
       layer2.5.conv2 1152    128  138.888889  0.632812     0.851562   1.000000    0.804688                0.836765
       layer3.0.conv1 1152    256  138.888889  0.441406     0.832031   1.000000    0.714844                0.802318
       layer3.0.conv2 2304    256   69.444444  0.597656     0.890625   1.000000    0.757812                0.903298
layer3.0.downsample.0  128    256 1250.000000  0.539062     0.773438   0.812500    0.812500                0.765747
       layer3.1.conv1 2304    256   69.444444  0.531250     0.878906   1.000000    0.718750                0.879456
       layer3.1.conv2 2304    256   69.444444  0.671875     0.886719   1.000000    0.812500                0.898774
       layer3.2.conv1 2304    256   69.444444  0.593750     0.882812   1.000000    0.761719                0.893628
       layer3.2.conv2 2304    256   69.444444  0.675781     0.882812   1.000000    0.820312                0.888696
       layer3.3.conv1 2304    256   69.444444  0.632812     0.882812   1.000000    0.792969                0.894621
       layer3.3.conv2 2304    256   69.444444  0.656250     0.871094   1.000000    0.820312                0.867259
       layer3.4.conv1 2304    256   69.444444  0.636719     0.875000   1.000000    0.804688                0.880871
       layer3.4.conv2 2304    256   69.444444  0.578125     0.851562   1.000000    0.800781                0.815647
       layer3.5.conv1 2304    256   69.444444  0.585938     0.859375   1.000000    0.792969                0.847788
       layer3.5.conv2 2304    256   69.444444  0.390625     0.816406   1.000000    0.726562                0.709161
       layer4.0.conv1 2304    512   69.444444  0.376953     0.810547   1.000000    0.740234                0.720303
       layer4.0.conv2 4608    512   34.722222  0.216797     0.757812   1.000000    0.583984                0.560937
layer4.0.downsample.0  256    512  625.000000  0.378906     0.636719   0.835938    0.835938                0.506683
       layer4.1.conv1 4608    512   34.722222  0.158203     0.753906   1.000000    0.341797                0.543652
       layer4.1.conv2 4608    512   34.722222  0.113281     0.787109   1.000000    0.275391                0.447448
       layer4.2.conv1 4608    512   34.722222  0.111328     0.775391   1.000000    0.228516                0.475432
       layer4.2.conv2 4608    512   34.722222  0.083984     0.830078   0.873047    0.214844                0.421855
       layer4.3.conv1 4608    512   34.722222  0.083984     0.808594   0.603516    0.166016                0.445408
       layer4.3.conv2 4608    512   34.722222  0.058594     0.861328   0.500000    0.177734                0.420188
       layer4.4.conv1 4608    512   34.722222  0.064453     0.841797   0.363281    0.128906                0.439265
       layer4.4.conv2 4608    512   34.722222  0.025391     0.876953   0.316406    0.142578                0.414863
       layer4.5.conv1 4608    512   34.722222  0.042969     0.869141   0.261719    0.101562                0.446272
       layer4.5.conv2 4608    512   34.722222  0.017578     0.884766   0.212891    0.101562                0.403874
Proposition 1 check: Ostrowski ratios within [s_min^2, s_max^2] on 52/52 layers; k*_out(tau) <= k*_ortho(tau') on tau=0.9: 52/52, tau=0.95: 52/52, tau=0.99: 52/52, tau=0.999: 52/52;  kappa median 3.8, max 18.7;  lower bound k*_out(tau) >= k*_ortho(tau'') on tau=0.9: 52/52, tau=0.95: 52/52, tau=0.99: 52/52, tau=0.999: 52/52
wrote ../results/round3_decompose/a5_basic52_so_s1_decompose.csv
=== a5_basic52_so_s2 (resnet_basic52) ===
/Users/ccli/.venvs/effwidth/lib/python3.14/site-packages/torch/utils/data/dataloader.py:1102: UserWarning: 'pin_memory' argument is set as true but not supported on MPS now, device pinned memory won't be used.
  super().__init__(loader)
a5_basic52_so_s2 (../results/round3_pt/a5_basic52_so_s2//resnet_basic52_so_cifar10_final.pt): 52 dense conv layers, 315s
                layer    d  C_out    n_over_d  out_0.95  kernel_0.95  data_0.95  ortho_0.95  kernel_erank_over_rmax
                conv1   27     64 5925.925926  0.222222     0.629630   0.185185    0.185185                0.619724
       layer1.0.conv1  576     64  277.777778  0.265625     0.687500   0.625000    0.421875                0.602843
       layer1.0.conv2  576     64  277.777778  0.406250     0.781250   1.000000    0.578125                0.737983
       layer1.1.conv1  576     64  277.777778  0.375000     0.781250   1.000000    0.562500                0.724177
       layer1.1.conv2  576     64  277.777778  0.468750     0.828125   1.000000    0.656250                0.799375
       layer1.2.conv1  576     64  277.777778  0.421875     0.812500   1.000000    0.625000                0.777210
       layer1.2.conv2  576     64  277.777778  0.531250     0.843750   1.000000    0.734375                0.832846
       layer1.3.conv1  576     64  277.777778  0.453125     0.828125   1.000000    0.640625                0.803450
       layer1.3.conv2  576     64  277.777778  0.578125     0.859375   1.000000    0.750000                0.838017
       layer1.4.conv1  576     64  277.777778  0.437500     0.828125   1.000000    0.656250                0.786255
       layer1.4.conv2  576     64  277.777778  0.593750     0.843750   1.000000    0.781250                0.808671
       layer1.5.conv1  576     64  277.777778  0.500000     0.812500   1.000000    0.718750                0.795575
       layer1.5.conv2  576     64  277.777778  0.546875     0.812500   1.000000    0.781250                0.773233
       layer2.0.conv1  576    128  277.777778  0.367188     0.789062   1.000000    0.640625                0.740255
       layer2.0.conv2 1152    128  138.888889  0.554688     0.875000   1.000000    0.734375                0.873675
layer2.0.downsample.0   64    128 2500.000000  0.453125     0.750000   0.765625    0.765625                0.707609
       layer2.1.conv1 1152    128  138.888889  0.484375     0.843750   1.000000    0.671875                0.835376
       layer2.1.conv2 1152    128  138.888889  0.640625     0.867188   1.000000    0.796875                0.874613
       layer2.2.conv1 1152    128  138.888889  0.531250     0.859375   1.000000    0.710938                0.855692
       layer2.2.conv2 1152    128  138.888889  0.664062     0.875000   1.000000    0.812500                0.877379
       layer2.3.conv1 1152    128  138.888889  0.554688     0.867188   1.000000    0.734375                0.864360
       layer2.3.conv2 1152    128  138.888889  0.656250     0.867188   1.000000    0.812500                0.869018
       layer2.4.conv1 1152    128  138.888889  0.578125     0.867188   1.000000    0.750000                0.869086
       layer2.4.conv2 1152    128  138.888889  0.656250     0.859375   1.000000    0.820312                0.857759
       layer2.5.conv1 1152    128  138.888889  0.585938     0.859375   1.000000    0.757812                0.863263
       layer2.5.conv2 1152    128  138.888889  0.617188     0.851562   1.000000    0.796875                0.835409
       layer3.0.conv1 1152    256  138.888889  0.429688     0.832031   1.000000    0.707031                0.799851
       layer3.0.conv2 2304    256   69.444444  0.593750     0.890625   1.000000    0.750000                0.904551
layer3.0.downsample.0  128    256 1250.000000  0.539062     0.781250   0.812500    0.812500                0.767840
       layer3.1.conv1 2304    256   69.444444  0.523438     0.878906   1.000000    0.714844                0.881182
       layer3.1.conv2 2304    256   69.444444  0.671875     0.886719   1.000000    0.812500                0.902659
       layer3.2.conv1 2304    256   69.444444  0.593750     0.882812   1.000000    0.761719                0.896286
       layer3.2.conv2 2304    256   69.444444  0.695312     0.882812   1.000000    0.828125                0.896205
       layer3.3.conv1 2304    256   69.444444  0.628906     0.878906   1.000000    0.789062                0.893014
       layer3.3.conv2 2304    256   69.444444  0.664062     0.875000   1.000000    0.824219                0.870300
       layer3.4.conv1 2304    256   69.444444  0.640625     0.875000   1.000000    0.804688                0.884688
       layer3.4.conv2 2304    256   69.444444  0.589844     0.855469   1.000000    0.800781                0.824778
       layer3.5.conv1 2304    256   69.444444  0.589844     0.859375   1.000000    0.796875                0.849205
       layer3.5.conv2 2304    256   69.444444  0.425781     0.820312   1.000000    0.738281                0.726510
       layer4.0.conv1 2304    512   69.444444  0.376953     0.810547   1.000000    0.738281                0.723590
       layer4.0.conv2 4608    512   34.722222  0.216797     0.757812   1.000000    0.591797                0.560736
layer4.0.downsample.0  256    512  625.000000  0.382812     0.636719   0.835938    0.835938                0.506620
       layer4.1.conv1 4608    512   34.722222  0.154297     0.755859   1.000000    0.341797                0.540057
       layer4.1.conv2 4608    512   34.722222  0.111328     0.787109   1.000000    0.275391                0.451965
       layer4.2.conv1 4608    512   34.722222  0.111328     0.779297   1.000000    0.230469                0.477997
       layer4.2.conv2 4608    512   34.722222  0.085938     0.830078   0.929688    0.214844                0.430475
       layer4.3.conv1 4608    512   34.722222  0.089844     0.808594   0.634766    0.171875                0.450006
       layer4.3.conv2 4608    512   34.722222  0.066406     0.859375   0.576172    0.185547                0.430761
       layer4.4.conv1 4608    512   34.722222  0.068359     0.832031   0.384766    0.136719                0.436469
       layer4.4.conv2 4608    512   34.722222  0.031250     0.873047   0.355469    0.152344                0.416029
       layer4.5.conv1 4608    512   34.722222  0.046875     0.857422   0.275391    0.111328                0.435698
       layer4.5.conv2 4608    512   34.722222  0.017578     0.878906   0.236328    0.111328                0.387788
Proposition 1 check: Ostrowski ratios within [s_min^2, s_max^2] on 52/52 layers; k*_out(tau) <= k*_ortho(tau') on tau=0.9: 52/52, tau=0.95: 52/52, tau=0.99: 52/52, tau=0.999: 52/52;  kappa median 4.4, max 16.7;  lower bound k*_out(tau) >= k*_ortho(tau'') on tau=0.9: 52/52, tau=0.95: 52/52, tau=0.99: 52/52, tau=0.999: 52/52
wrote ../results/round3_decompose/a5_basic52_so_s2_decompose.csv
=== a5_basic52_srip_s0 (resnet_basic52) ===
/Users/ccli/.venvs/effwidth/lib/python3.14/site-packages/torch/utils/data/dataloader.py:1102: UserWarning: 'pin_memory' argument is set as true but not supported on MPS now, device pinned memory won't be used.
  super().__init__(loader)
a5_basic52_srip_s0 (../results/round3_pt/a5_basic52_srip_s0//resnet_basic52_srip_cifar10_final.pt): 52 dense conv layers, 328s
                layer    d  C_out    n_over_d  out_0.95  kernel_0.95  data_0.95  ortho_0.95  kernel_erank_over_rmax
                conv1   27     64 5925.925926  0.185185     0.962963   0.185185    0.185185                0.999999
       layer1.0.conv1  576     64  277.777778  0.328125     0.921875   0.718750    0.406250                0.801908
       layer1.0.conv2  576     64  277.777778  0.468750     0.953125   1.000000    0.546875                0.938257
       layer1.1.conv1  576     64  277.777778  0.515625     0.953125   1.000000    0.578125                0.961953
       layer1.1.conv2  576     64  277.777778  0.640625     0.953125   1.000000    0.671875                0.988784
       layer1.2.conv1  576     64  277.777778  0.593750     0.953125   1.000000    0.640625                0.976179
       layer1.2.conv2  576     64  277.777778  0.734375     0.953125   1.000000    0.765625                0.988683
       layer1.3.conv1  576     64  277.777778  0.609375     0.953125   1.000000    0.656250                0.988608
       layer1.3.conv2  576     64  277.777778  0.781250     0.953125   1.000000    0.796875                0.996703
       layer1.4.conv1  576     64  277.777778  0.671875     0.953125   1.000000    0.703125                0.988813
       layer1.4.conv2  576     64  277.777778  0.781250     0.953125   1.000000    0.796875                0.994575
       layer1.5.conv1  576     64  277.777778  0.734375     0.953125   1.000000    0.750000                0.995932
       layer1.5.conv2  576     64  277.777778  0.796875     0.953125   1.000000    0.812500                0.994234
       layer2.0.conv1  576    128  277.777778  0.320312     0.812500   1.000000    0.695312                0.612962
       layer2.0.conv2 1152    128  138.888889  0.546875     0.914062   1.000000    0.734375                0.850431
layer2.0.downsample.0   64    128 2500.000000  0.734375     0.937500   0.828125    0.828125                0.897758
       layer2.1.conv1 1152    128  138.888889  0.492188     0.890625   1.000000    0.703125                0.808264
       layer2.1.conv2 1152    128  138.888889  0.648438     0.906250   1.000000    0.804688                0.863625
       layer2.2.conv1 1152    128  138.888889  0.554688     0.898438   1.000000    0.734375                0.853383
       layer2.2.conv2 1152    128  138.888889  0.695312     0.914062   1.000000    0.820312                0.879929
       layer2.3.conv1 1152    128  138.888889  0.578125     0.898438   1.000000    0.750000                0.852623
       layer2.3.conv2 1152    128  138.888889  0.687500     0.898438   1.000000    0.820312                0.853119
       layer2.4.conv1 1152    128  138.888889  0.601562     0.890625   1.000000    0.765625                0.844275
       layer2.4.conv2 1152    128  138.888889  0.671875     0.890625   1.000000    0.828125                0.832262
       layer2.5.conv1 1152    128  138.888889  0.578125     0.875000   1.000000    0.781250                0.800317
       layer2.5.conv2 1152    128  138.888889  0.507812     0.851562   1.000000    0.781250                0.741894
       layer3.0.conv1 1152    256  138.888889  0.320312     0.773438   1.000000    0.738281                0.605696
       layer3.0.conv2 2304    256   69.444444  0.500000     0.871094   1.000000    0.750000                0.780201
layer3.0.downsample.0  128    256 1250.000000  0.515625     0.804688   0.828125    0.828125                0.682978
       layer3.1.conv1 2304    256   69.444444  0.421875     0.843750   1.000000    0.722656                0.726451
       layer3.1.conv2 2304    256   69.444444  0.550781     0.855469   1.000000    0.808594                0.748880
       layer3.2.conv1 2304    256   69.444444  0.500000     0.851562   1.000000    0.773438                0.744770
       layer3.2.conv2 2304    256   69.444444  0.531250     0.835938   1.000000    0.812500                0.698250
       layer3.3.conv1 2304    256   69.444444  0.527344     0.839844   1.000000    0.796875                0.730174
       layer3.3.conv2 2304    256   69.444444  0.425781     0.781250   1.000000    0.789062                0.590334
       layer3.4.conv1 2304    256   69.444444  0.492188     0.804688   1.000000    0.800781                0.661638
       layer3.4.conv2 2304    256   69.444444  0.292969     0.714844   1.000000    0.722656                0.482051
       layer3.5.conv1 2304    256   69.444444  0.320312     0.726562   1.000000    0.757812                0.541535
       layer3.5.conv2 2304    256   69.444444  0.109375     0.566406   1.000000    0.542969                0.276436
       layer4.0.conv1 2304    512   69.444444  0.128906     0.578125   1.000000    0.732422                0.274823
       layer4.0.conv2 4608    512   34.722222  0.037109     0.128906   1.000000    0.427734                0.061974
layer4.0.downsample.0  256    512  625.000000  0.089844     0.222656   0.828125    0.828125                0.110108
       layer4.1.conv1 4608    512   34.722222  0.046875     0.119141   0.248047    0.144531                0.090553
       layer4.1.conv2 4608    512   34.722222  0.025391     0.060547   0.263672    0.150391                0.043054
       layer4.2.conv1 4608    512   34.722222  0.039062     0.093750   0.148438    0.105469                0.069148
       layer4.2.conv2 4608    512   34.722222  0.017578     0.048828   0.179688    0.126953                0.035932
       layer4.3.conv1 4608    512   34.722222  0.031250     0.078125   0.109375    0.089844                0.059496
       layer4.3.conv2 4608    512   34.722222  0.017578     0.037109   0.138672    0.107422                0.031281
       layer4.4.conv1 4608    512   34.722222  0.021484     0.060547   0.091797    0.078125                0.044828
       layer4.4.conv2 4608    512   34.722222  0.017578     0.031250   0.123047    0.097656                0.028501
       layer4.5.conv1 4608    512   34.722222  0.019531     0.050781   0.082031    0.070312                0.034462
       layer4.5.conv2 4608    512   34.722222  0.017578     0.031250   0.117188    0.091797                0.028137
Proposition 1 check: Ostrowski ratios within [s_min^2, s_max^2] on 52/52 layers; k*_out(tau) <= k*_ortho(tau') on tau=0.9: 52/52, tau=0.95: 52/52, tau=0.99: 52/52, tau=0.999: 52/52;  kappa median 5.0, max 796.3;  lower bound k*_out(tau) >= k*_ortho(tau'') on tau=0.9: 52/52, tau=0.95: 52/52, tau=0.99: 52/52, tau=0.999: 52/52
wrote ../results/round3_decompose/a5_basic52_srip_s0_decompose.csv
=== a5_basic52_srip_s1 (resnet_basic52) ===
/Users/ccli/.venvs/effwidth/lib/python3.14/site-packages/torch/utils/data/dataloader.py:1102: UserWarning: 'pin_memory' argument is set as true but not supported on MPS now, device pinned memory won't be used.
  super().__init__(loader)
a5_basic52_srip_s1 (../results/round3_pt/a5_basic52_srip_s1//resnet_basic52_srip_cifar10_final.pt): 52 dense conv layers, 317s
                layer    d  C_out    n_over_d  out_0.95  kernel_0.95  data_0.95  ortho_0.95  kernel_erank_over_rmax
                conv1   27     64 5925.925926  0.185185     0.962963   0.185185    0.185185                0.999999
       layer1.0.conv1  576     64  277.777778  0.312500     0.921875   0.687500    0.406250                0.797662
       layer1.0.conv2  576     64  277.777778  0.468750     0.937500   1.000000    0.546875                0.929361
       layer1.1.conv1  576     64  277.777778  0.468750     0.953125   1.000000    0.531250                0.946548
       layer1.1.conv2  576     64  277.777778  0.625000     0.953125   1.000000    0.671875                0.981028
       layer1.2.conv1  576     64  277.777778  0.578125     0.953125   1.000000    0.609375                0.983330
       layer1.2.conv2  576     64  277.777778  0.718750     0.953125   1.000000    0.734375                0.992025
       layer1.3.conv1  576     64  277.777778  0.609375     0.953125   1.000000    0.640625                0.986545
       layer1.3.conv2  576     64  277.777778  0.781250     0.953125   1.000000    0.796875                0.987011
       layer1.4.conv1  576     64  277.777778  0.609375     0.953125   1.000000    0.656250                0.986730
       layer1.4.conv2  576     64  277.777778  0.781250     0.953125   1.000000    0.812500                0.985919
       layer1.5.conv1  576     64  277.777778  0.687500     0.953125   1.000000    0.734375                0.987591
       layer1.5.conv2  576     64  277.777778  0.781250     0.953125   1.000000    0.796875                0.982645
       layer2.0.conv1  576    128  277.777778  0.296875     0.804688   1.000000    0.679688                0.605325
       layer2.0.conv2 1152    128  138.888889  0.546875     0.914062   1.000000    0.726562                0.850841
layer2.0.downsample.0   64    128 2500.000000  0.718750     0.937500   0.812500    0.812500                0.901636
       layer2.1.conv1 1152    128  138.888889  0.492188     0.890625   1.000000    0.710938                0.803763
       layer2.1.conv2 1152    128  138.888889  0.656250     0.906250   1.000000    0.804688                0.865757
       layer2.2.conv1 1152    128  138.888889  0.539062     0.898438   1.000000    0.734375                0.835364
       layer2.2.conv2 1152    128  138.888889  0.695312     0.906250   1.000000    0.820312                0.871059
       layer2.3.conv1 1152    128  138.888889  0.585938     0.898438   1.000000    0.757812                0.844911
       layer2.3.conv2 1152    128  138.888889  0.703125     0.898438   1.000000    0.828125                0.865747
       layer2.4.conv1 1152    128  138.888889  0.593750     0.890625   1.000000    0.773438                0.848656
       layer2.4.conv2 1152    128  138.888889  0.617188     0.882812   1.000000    0.804688                0.811923
       layer2.5.conv1 1152    128  138.888889  0.578125     0.875000   1.000000    0.773438                0.798282
       layer2.5.conv2 1152    128  138.888889  0.460938     0.859375   1.000000    0.773438                0.736795
       layer3.0.conv1 1152    256  138.888889  0.328125     0.773438   1.000000    0.738281                0.605844
       layer3.0.conv2 2304    256   69.444444  0.503906     0.875000   1.000000    0.750000                0.783418
layer3.0.downsample.0  128    256 1250.000000  0.539062     0.812500   0.835938    0.835938                0.699593
       layer3.1.conv1 2304    256   69.444444  0.429688     0.847656   1.000000    0.726562                0.730919
       layer3.1.conv2 2304    256   69.444444  0.554688     0.859375   1.000000    0.808594                0.749681
       layer3.2.conv1 2304    256   69.444444  0.507812     0.859375   1.000000    0.773438                0.752885
       layer3.2.conv2 2304    256   69.444444  0.542969     0.839844   1.000000    0.812500                0.709515
       layer3.3.conv1 2304    256   69.444444  0.535156     0.839844   1.000000    0.796875                0.732148
       layer3.3.conv2 2304    256   69.444444  0.425781     0.785156   1.000000    0.789062                0.597931
       layer3.4.conv1 2304    256   69.444444  0.488281     0.804688   1.000000    0.800781                0.660742
       layer3.4.conv2 2304    256   69.444444  0.285156     0.710938   1.000000    0.722656                0.472708
       layer3.5.conv1 2304    256   69.444444  0.328125     0.730469   1.000000    0.765625                0.543148
       layer3.5.conv2 2304    256   69.444444  0.105469     0.582031   1.000000    0.542969                0.283676
       layer4.0.conv1 2304    512   69.444444  0.130859     0.583984   1.000000    0.738281                0.281926
       layer4.0.conv2 4608    512   34.722222  0.037109     0.132812   1.000000    0.429688                0.062905
layer4.0.downsample.0  256    512  625.000000  0.089844     0.226562   0.832031    0.832031                0.111761
       layer4.1.conv1 4608    512   34.722222  0.044922     0.123047   0.261719    0.148438                0.091059
       layer4.1.conv2 4608    512   34.722222  0.027344     0.064453   0.263672    0.152344                0.044976
       layer4.2.conv1 4608    512   34.722222  0.041016     0.099609   0.158203    0.107422                0.074185
       layer4.2.conv2 4608    512   34.722222  0.017578     0.052734   0.195312    0.132812                0.037767
       layer4.3.conv1 4608    512   34.722222  0.033203     0.080078   0.115234    0.091797                0.061664
       layer4.3.conv2 4608    512   34.722222  0.017578     0.041016   0.148438    0.113281                0.032123
       layer4.4.conv1 4608    512   34.722222  0.023438     0.064453   0.095703    0.082031                0.048960
       layer4.4.conv2 4608    512   34.722222  0.017578     0.033203   0.132812    0.103516                0.029600
       layer4.5.conv1 4608    512   34.722222  0.019531     0.050781   0.083984    0.074219                0.034292
       layer4.5.conv2 4608    512   34.722222  0.017578     0.031250   0.128906    0.099609                0.028502
Proposition 1 check: Ostrowski ratios within [s_min^2, s_max^2] on 52/52 layers; k*_out(tau) <= k*_ortho(tau') on tau=0.9: 52/52, tau=0.95: 52/52, tau=0.99: 52/52, tau=0.999: 52/52;  kappa median 4.7, max 783.7;  lower bound k*_out(tau) >= k*_ortho(tau'') on tau=0.9: 52/52, tau=0.95: 52/52, tau=0.99: 52/52, tau=0.999: 52/52
wrote ../results/round3_decompose/a5_basic52_srip_s1_decompose.csv
=== a5_basic52_srip_s2 (resnet_basic52) ===
/Users/ccli/.venvs/effwidth/lib/python3.14/site-packages/torch/utils/data/dataloader.py:1102: UserWarning: 'pin_memory' argument is set as true but not supported on MPS now, device pinned memory won't be used.
  super().__init__(loader)
a5_basic52_srip_s2 (../results/round3_pt/a5_basic52_srip_s2//resnet_basic52_srip_cifar10_final.pt): 52 dense conv layers, 316s
                layer    d  C_out    n_over_d  out_0.95  kernel_0.95  data_0.95  ortho_0.95  kernel_erank_over_rmax
                conv1   27     64 5925.925926  0.185185     0.962963   0.185185    0.185185                0.999999
       layer1.0.conv1  576     64  277.777778  0.312500     0.921875   0.718750    0.406250                0.779777
       layer1.0.conv2  576     64  277.777778  0.484375     0.937500   1.000000    0.546875                0.936216
       layer1.1.conv1  576     64  277.777778  0.515625     0.953125   1.000000    0.562500                0.962227
       layer1.1.conv2  576     64  277.777778  0.671875     0.953125   1.000000    0.703125                0.990729
       layer1.2.conv1  576     64  277.777778  0.609375     0.953125   1.000000    0.640625                0.988452
       layer1.2.conv2  576     64  277.777778  0.734375     0.953125   1.000000    0.750000                0.990666
       layer1.3.conv1  576     64  277.777778  0.609375     0.953125   1.000000    0.640625                0.985895
       layer1.3.conv2  576     64  277.777778  0.781250     0.953125   1.000000    0.796875                0.994024
       layer1.4.conv1  576     64  277.777778  0.625000     0.953125   1.000000    0.687500                0.984911
       layer1.4.conv2  576     64  277.777778  0.781250     0.953125   1.000000    0.796875                0.990083
       layer1.5.conv1  576     64  277.777778  0.718750     0.953125   1.000000    0.734375                0.992598
       layer1.5.conv2  576     64  277.777778  0.781250     0.953125   1.000000    0.796875                0.991362
       layer2.0.conv1  576    128  277.777778  0.312500     0.812500   1.000000    0.695312                0.611852
       layer2.0.conv2 1152    128  138.888889  0.539062     0.914062   1.000000    0.726562                0.847343
layer2.0.downsample.0   64    128 2500.000000  0.734375     0.937500   0.828125    0.828125                0.903150
       layer2.1.conv1 1152    128  138.888889  0.500000     0.890625   1.000000    0.703125                0.806908
       layer2.1.conv2 1152    128  138.888889  0.656250     0.906250   1.000000    0.804688                0.859868
       layer2.2.conv1 1152    128  138.888889  0.554688     0.898438   1.000000    0.734375                0.850695
       layer2.2.conv2 1152    128  138.888889  0.687500     0.906250   1.000000    0.820312                0.865622
       layer2.3.conv1 1152    128  138.888889  0.585938     0.898438   1.000000    0.757812                0.860412
       layer2.3.conv2 1152    128  138.888889  0.687500     0.898438   1.000000    0.820312                0.862163
       layer2.4.conv1 1152    128  138.888889  0.585938     0.890625   1.000000    0.765625                0.852350
       layer2.4.conv2 1152    128  138.888889  0.609375     0.882812   1.000000    0.796875                0.811203
       layer2.5.conv1 1152    128  138.888889  0.609375     0.890625   1.000000    0.781250                0.830417
       layer2.5.conv2 1152    128  138.888889  0.562500     0.859375   1.000000    0.796875                0.757772
       layer3.0.conv1 1152    256  138.888889  0.324219     0.773438   1.000000    0.734375                0.607016
       layer3.0.conv2 2304    256   69.444444  0.511719     0.875000   1.000000    0.753906                0.781742
layer3.0.downsample.0  128    256 1250.000000  0.515625     0.804688   0.828125    0.828125                0.688513
       layer3.1.conv1 2304    256   69.444444  0.421875     0.847656   1.000000    0.722656                0.729437
       layer3.1.conv2 2304    256   69.444444  0.558594     0.859375   1.000000    0.808594                0.751409
       layer3.2.conv1 2304    256   69.444444  0.503906     0.851562   1.000000    0.773438                0.749365
       layer3.2.conv2 2304    256   69.444444  0.546875     0.839844   1.000000    0.816406                0.712696
       layer3.3.conv1 2304    256   69.444444  0.539062     0.843750   1.000000    0.796875                0.738220
       layer3.3.conv2 2304    256   69.444444  0.441406     0.792969   1.000000    0.796875                0.608260
       layer3.4.conv1 2304    256   69.444444  0.488281     0.816406   1.000000    0.800781                0.669259
       layer3.4.conv2 2304    256   69.444444  0.312500     0.710938   1.000000    0.746094                0.474484
       layer3.5.conv1 2304    256   69.444444  0.312500     0.730469   1.000000    0.750000                0.554378
       layer3.5.conv2 2304    256   69.444444  0.117188     0.593750   1.000000    0.566406                0.302391
       layer4.0.conv1 2304    512   69.444444  0.121094     0.580078   1.000000    0.724609                0.274872
       layer4.0.conv2 4608    512   34.722222  0.039062     0.136719   1.000000    0.425781                0.067691
layer4.0.downsample.0  256    512  625.000000  0.093750     0.238281   0.824219    0.824219                0.119959
       layer4.1.conv1 4608    512   34.722222  0.046875     0.123047   0.277344    0.154297                0.085736
       layer4.1.conv2 4608    512   34.722222  0.025391     0.062500   0.267578    0.152344                0.043155
       layer4.2.conv1 4608    512   34.722222  0.039062     0.097656   0.158203    0.107422                0.074362
       layer4.2.conv2 4608    512   34.722222  0.017578     0.050781   0.179688    0.128906                0.036620
       layer4.3.conv1 4608    512   34.722222  0.033203     0.080078   0.113281    0.091797                0.063308
       layer4.3.conv2 4608    512   34.722222  0.017578     0.041016   0.138672    0.107422                0.032266
       layer4.4.conv1 4608    512   34.722222  0.023438     0.062500   0.093750    0.080078                0.046709
       layer4.4.conv2 4608    512   34.722222  0.017578     0.031250   0.128906    0.099609                0.028605
       layer4.5.conv1 4608    512   34.722222  0.019531     0.048828   0.083984    0.072266                0.033938
       layer4.5.conv2 4608    512   34.722222  0.017578     0.029297   0.125000    0.097656                0.027820
Proposition 1 check: Ostrowski ratios within [s_min^2, s_max^2] on 52/52 layers; k*_out(tau) <= k*_ortho(tau') on tau=0.9: 52/52, tau=0.95: 52/52, tau=0.99: 52/52, tau=0.999: 52/52;  kappa median 4.9, max 770.9;  lower bound k*_out(tau) >= k*_ortho(tau'') on tau=0.9: 52/52, tau=0.95: 52/52, tau=0.99: 52/52, tau=0.999: 52/52
wrote ../results/round3_decompose/a5_basic52_srip_s2_decompose.csv
=== a5_vgg16_bn_none_s0 (vgg16_bn) ===
/Users/ccli/.venvs/effwidth/lib/python3.14/site-packages/torch/utils/data/dataloader.py:1102: UserWarning: 'pin_memory' argument is set as true but not supported on MPS now, device pinned memory won't be used.
  super().__init__(loader)
a5_vgg16_bn_none_s0 (../results/round3_pt/a5_vgg16_bn_none_s0//vgg16_bn_cifar10_final.pt): 13 dense conv layers, 90s
      layer    d  C_out    n_over_d  out_0.95  kernel_0.95  data_0.95  ortho_0.95  kernel_erank_over_rmax
 features.0   27     64 5925.925926  0.333333     0.407407   0.185185    0.185185                0.399220
 features.3  576     64  277.777778  0.296875     0.578125   1.000000    0.562500                0.480832
 features.7  576    128  277.777778  0.304688     0.601562   1.000000    0.656250                0.470016
features.10 1152    128  138.888889  0.398438     0.796875   1.000000    0.703125                0.684876
features.14 1152    256  138.888889  0.378906     0.730469   1.000000    0.742188                0.629371
features.17 2304    256   69.444444  0.453125     0.800781   1.000000    0.773438                0.689338
features.20 2304    256   69.444444  0.511719     0.824219   1.000000    0.796875                0.745362
features.24 2304    512   69.444444  0.273438     0.662109   1.000000    0.724609                0.471904
features.27 4608    512   34.722222  0.146484     0.562500   1.000000    0.585938                0.312377
features.30 4608    512   34.722222  0.107422     0.478516   1.000000    0.369141                0.212375
features.34 4608    512    8.680556  0.048828     0.080078   0.378906    0.089844                0.068691
features.37 4608    512    8.680556  0.056641     0.070312   0.083984    0.076172                0.077092
features.40 4608    512    8.680556  0.068359     0.078125   0.074219    0.072266                0.089985
Proposition 1 check: Ostrowski ratios within [s_min^2, s_max^2] on 13/13 layers; k*_out(tau) <= k*_ortho(tau') on tau=0.9: 13/13, tau=0.95: 13/13, tau=0.99: 13/13, tau=0.999: 13/13;  kappa median 20.8, max 652.0;  lower bound k*_out(tau) >= k*_ortho(tau'') on tau=0.9: 13/13, tau=0.95: 13/13, tau=0.99: 13/13, tau=0.999: 13/13
wrote ../results/round3_decompose/a5_vgg16_bn_none_s0_decompose.csv
=== a5_vgg16_bn_none_s1 (vgg16_bn) ===
/Users/ccli/.venvs/effwidth/lib/python3.14/site-packages/torch/utils/data/dataloader.py:1102: UserWarning: 'pin_memory' argument is set as true but not supported on MPS now, device pinned memory won't be used.
  super().__init__(loader)
a5_vgg16_bn_none_s1 (../results/round3_pt/a5_vgg16_bn_none_s1//vgg16_bn_cifar10_final.pt): 13 dense conv layers, 105s
      layer    d  C_out    n_over_d  out_0.95  kernel_0.95  data_0.95  ortho_0.95  kernel_erank_over_rmax
 features.0   27     64 5925.925926  0.296296     0.407407   0.185185    0.185185                0.391659
 features.3  576     64  277.777778  0.296875     0.578125   1.000000    0.562500                0.482417
 features.7  576    128  277.777778  0.304688     0.593750   1.000000    0.656250                0.462287
features.10 1152    128  138.888889  0.398438     0.796875   1.000000    0.703125                0.686296
features.14 1152    256  138.888889  0.378906     0.730469   1.000000    0.742188                0.628972
features.17 2304    256   69.444444  0.449219     0.800781   1.000000    0.773438                0.690366
features.20 2304    256   69.444444  0.519531     0.824219   1.000000    0.800781                0.747883
features.24 2304    512   69.444444  0.275391     0.660156   1.000000    0.726562                0.474319
features.27 4608    512   34.722222  0.144531     0.560547   1.000000    0.583984                0.309953
features.30 4608    512   34.722222  0.107422     0.488281   1.000000    0.375000                0.219623
features.34 4608    512    8.680556  0.050781     0.082031   0.376953    0.085938                0.069907
features.37 4608    512    8.680556  0.058594     0.072266   0.083984    0.076172                0.077996
features.40 4608    512    8.680556  0.068359     0.078125   0.074219    0.072266                0.090354
Proposition 1 check: Ostrowski ratios within [s_min^2, s_max^2] on 13/13 layers; k*_out(tau) <= k*_ortho(tau') on tau=0.9: 13/13, tau=0.95: 13/13, tau=0.99: 13/13, tau=0.999: 13/13;  kappa median 16.4, max 397.5;  lower bound k*_out(tau) >= k*_ortho(tau'') on tau=0.9: 13/13, tau=0.95: 13/13, tau=0.99: 13/13, tau=0.999: 13/13
wrote ../results/round3_decompose/a5_vgg16_bn_none_s1_decompose.csv
=== a5_vgg16_bn_none_s2 (vgg16_bn) ===
/Users/ccli/.venvs/effwidth/lib/python3.14/site-packages/torch/utils/data/dataloader.py:1102: UserWarning: 'pin_memory' argument is set as true but not supported on MPS now, device pinned memory won't be used.
  super().__init__(loader)
a5_vgg16_bn_none_s2 (../results/round3_pt/a5_vgg16_bn_none_s2//vgg16_bn_cifar10_final.pt): 13 dense conv layers, 99s
      layer    d  C_out    n_over_d  out_0.95  kernel_0.95  data_0.95  ortho_0.95  kernel_erank_over_rmax
 features.0   27     64 5925.925926  0.296296     0.444444   0.185185    0.185185                0.412304
 features.3  576     64  277.777778  0.312500     0.578125   1.000000    0.562500                0.491359
 features.7  576    128  277.777778  0.304688     0.593750   1.000000    0.656250                0.462945
features.10 1152    128  138.888889  0.406250     0.796875   1.000000    0.703125                0.687231
features.14 1152    256  138.888889  0.386719     0.734375   1.000000    0.746094                0.635079
features.17 2304    256   69.444444  0.453125     0.800781   1.000000    0.773438                0.688568
features.20 2304    256   69.444444  0.519531     0.824219   1.000000    0.800781                0.745141
features.24 2304    512   69.444444  0.269531     0.658203   1.000000    0.722656                0.466222
features.27 4608    512   34.722222  0.140625     0.548828   1.000000    0.570312                0.305436
features.30 4608    512   34.722222  0.109375     0.478516   1.000000    0.373047                0.211262
features.34 4608    512    8.680556  0.048828     0.078125   0.378906    0.089844                0.069202
features.37 4608    512    8.680556  0.058594     0.070312   0.082031    0.076172                0.078292
features.40 4608    512    8.680556  0.070312     0.078125   0.074219    0.072266                0.091705
Proposition 1 check: Ostrowski ratios within [s_min^2, s_max^2] on 13/13 layers; k*_out(tau) <= k*_ortho(tau') on tau=0.9: 13/13, tau=0.95: 13/13, tau=0.99: 13/13, tau=0.999: 13/13;  kappa median 15.0, max 382.3;  lower bound k*_out(tau) >= k*_ortho(tau'') on tau=0.9: 13/13, tau=0.95: 13/13, tau=0.99: 13/13, tau=0.999: 13/13
wrote ../results/round3_decompose/a5_vgg16_bn_none_s2_decompose.csv
=== a5_vgg16_bn_so_s0 (vgg16_bn) ===
/Users/ccli/.venvs/effwidth/lib/python3.14/site-packages/torch/utils/data/dataloader.py:1102: UserWarning: 'pin_memory' argument is set as true but not supported on MPS now, device pinned memory won't be used.
  super().__init__(loader)
a5_vgg16_bn_so_s0 (../results/round3_pt/a5_vgg16_bn_so_s0//vgg16_bn_so_cifar10_final.pt): 13 dense conv layers, 108s
      layer    d  C_out    n_over_d  out_0.95  kernel_0.95  data_0.95  ortho_0.95  kernel_erank_over_rmax
 features.0   27     64 5925.925926  0.296296     0.592593   0.185185    0.185185                0.624597
 features.3  576     64  277.777778  0.406250     0.828125   1.000000    0.578125                0.797844
 features.7  576    128  277.777778  0.460938     0.828125   1.000000    0.679688                0.800850
features.10 1152    128  138.888889  0.554688     0.898438   1.000000    0.718750                0.906859
features.14 1152    256  138.888889  0.542969     0.863281   1.000000    0.750000                0.863106
features.17 2304    256   69.444444  0.621094     0.894531   1.000000    0.777344                0.911614
features.20 2304    256   69.444444  0.652344     0.902344   1.000000    0.789062                0.927229
features.24 2304    512   69.444444  0.507812     0.849609   1.000000    0.748047                0.834807
features.27 4608    512   34.722222  0.478516     0.869141   1.000000    0.716797                0.847413
features.30 4608    512   34.722222  0.388672     0.847656   1.000000    0.630859                0.792022
features.34 4608    512    8.680556  0.072266     0.714844   1.000000    0.169922                0.361914
features.37 4608    512    8.680556  0.068359     0.728516   0.175781    0.078125                0.304482
features.40 4608    512    8.680556  0.072266     0.710938   0.107422    0.076172                0.332743
Proposition 1 check: Ostrowski ratios within [s_min^2, s_max^2] on 13/13 layers; k*_out(tau) <= k*_ortho(tau') on tau=0.9: 13/13, tau=0.95: 13/13, tau=0.99: 13/13, tau=0.999: 13/13;  kappa median 4.0, max 23.2;  lower bound k*_out(tau) >= k*_ortho(tau'') on tau=0.9: 13/13, tau=0.95: 13/13, tau=0.99: 13/13, tau=0.999: 13/13
wrote ../results/round3_decompose/a5_vgg16_bn_so_s0_decompose.csv
=== a5_vgg16_bn_so_s1 (vgg16_bn) ===
/Users/ccli/.venvs/effwidth/lib/python3.14/site-packages/torch/utils/data/dataloader.py:1102: UserWarning: 'pin_memory' argument is set as true but not supported on MPS now, device pinned memory won't be used.
  super().__init__(loader)
a5_vgg16_bn_so_s1 (../results/round3_pt/a5_vgg16_bn_so_s1//vgg16_bn_so_cifar10_final.pt): 13 dense conv layers, 88s
      layer    d  C_out    n_over_d  out_0.95  kernel_0.95  data_0.95  ortho_0.95  kernel_erank_over_rmax
 features.0   27     64 5925.925926  0.296296     0.592593   0.185185    0.185185                0.624491
 features.3  576     64  277.777778  0.421875     0.828125   1.000000    0.578125                0.793490
 features.7  576    128  277.777778  0.460938     0.828125   1.000000    0.679688                0.799416
features.10 1152    128  138.888889  0.562500     0.898438   1.000000    0.718750                0.908131
features.14 1152    256  138.888889  0.539062     0.863281   1.000000    0.750000                0.863075
features.17 2304    256   69.444444  0.617188     0.894531   1.000000    0.773438                0.910209
features.20 2304    256   69.444444  0.648438     0.902344   1.000000    0.785156                0.927655
features.24 2304    512   69.444444  0.513672     0.851562   1.000000    0.751953                0.834362
features.27 4608    512   34.722222  0.482422     0.869141   1.000000    0.716797                0.848774
features.30 4608    512   34.722222  0.386719     0.847656   1.000000    0.630859                0.790987
features.34 4608    512    8.680556  0.072266     0.714844   1.000000    0.166016                0.364616
features.37 4608    512    8.680556  0.068359     0.726562   0.154297    0.078125                0.308280
features.40 4608    512    8.680556  0.072266     0.708984   0.109375    0.076172                0.332439
Proposition 1 check: Ostrowski ratios within [s_min^2, s_max^2] on 13/13 layers; k*_out(tau) <= k*_ortho(tau') on tau=0.9: 13/13, tau=0.95: 13/13, tau=0.99: 13/13, tau=0.999: 13/13;  kappa median 3.9, max 23.6;  lower bound k*_out(tau) >= k*_ortho(tau'') on tau=0.9: 13/13, tau=0.95: 13/13, tau=0.99: 13/13, tau=0.999: 13/13
wrote ../results/round3_decompose/a5_vgg16_bn_so_s1_decompose.csv
=== a5_vgg16_bn_so_s2 (vgg16_bn) ===
/Users/ccli/.venvs/effwidth/lib/python3.14/site-packages/torch/utils/data/dataloader.py:1102: UserWarning: 'pin_memory' argument is set as true but not supported on MPS now, device pinned memory won't be used.
  super().__init__(loader)
a5_vgg16_bn_so_s2 (../results/round3_pt/a5_vgg16_bn_so_s2//vgg16_bn_so_cifar10_final.pt): 13 dense conv layers, 95s
      layer    d  C_out    n_over_d  out_0.95  kernel_0.95  data_0.95  ortho_0.95  kernel_erank_over_rmax
 features.0   27     64 5925.925926  0.296296     0.555556   0.185185    0.185185                0.622649
 features.3  576     64  277.777778  0.421875     0.828125   1.000000    0.562500                0.790451
 features.7  576    128  277.777778  0.453125     0.828125   1.000000    0.679688                0.795363
features.10 1152    128  138.888889  0.546875     0.898438   1.000000    0.710938                0.908422
features.14 1152    256  138.888889  0.542969     0.859375   1.000000    0.750000                0.863916
features.17 2304    256   69.444444  0.617188     0.894531   1.000000    0.773438                0.911343
features.20 2304    256   69.444444  0.652344     0.902344   1.000000    0.789062                0.927866
features.24 2304    512   69.444444  0.509766     0.849609   1.000000    0.753906                0.832379
features.27 4608    512   34.722222  0.472656     0.865234   1.000000    0.712891                0.844275
features.30 4608    512   34.722222  0.380859     0.849609   1.000000    0.625000                0.789896
features.34 4608    512    8.680556  0.072266     0.712891   1.000000    0.166016                0.362502
features.37 4608    512    8.680556  0.068359     0.726562   0.154297    0.078125                0.309048
features.40 4608    512    8.680556  0.072266     0.708984   0.107422    0.076172                0.333396
Proposition 1 check: Ostrowski ratios within [s_min^2, s_max^2] on 13/13 layers; k*_out(tau) <= k*_ortho(tau') on tau=0.9: 13/13, tau=0.95: 13/13, tau=0.99: 13/13, tau=0.999: 13/13;  kappa median 4.1, max 24.5;  lower bound k*_out(tau) >= k*_ortho(tau'') on tau=0.9: 13/13, tau=0.95: 13/13, tau=0.99: 13/13, tau=0.999: 13/13
wrote ../results/round3_decompose/a5_vgg16_bn_so_s2_decompose.csv
=== a5_vgg16_bn_srip_s0 (vgg16_bn) ===
/Users/ccli/.venvs/effwidth/lib/python3.14/site-packages/torch/utils/data/dataloader.py:1102: UserWarning: 'pin_memory' argument is set as true but not supported on MPS now, device pinned memory won't be used.
  super().__init__(loader)
a5_vgg16_bn_srip_s0 (../results/round3_pt/a5_vgg16_bn_srip_s0//vgg16_bn_srip_cifar10_final.pt): 13 dense conv layers, 103s
      layer    d  C_out    n_over_d  out_0.95  kernel_0.95  data_0.95  ortho_0.95  kernel_erank_over_rmax
 features.0   27     64 5925.925926  0.222222     0.962963   0.185185    0.185185                0.998700
 features.3  576     64  277.777778  0.390625     0.875000   1.000000    0.578125                0.764582
 features.7  576    128  277.777778  0.375000     0.789062   1.000000    0.664062                0.666861
features.10 1152    128  138.888889  0.515625     0.906250   1.000000    0.695312                0.877203
features.14 1152    256  138.888889  0.445312     0.812500   1.000000    0.746094                0.741329
features.17 2304    256   69.444444  0.542969     0.875000   1.000000    0.769531                0.830257
features.20 2304    256   69.444444  0.593750     0.898438   1.000000    0.785156                0.870617
features.24 2304    512   69.444444  0.339844     0.748047   1.000000    0.742188                0.598538
features.27 4608    512   34.722222  0.234375     0.714844   1.000000    0.667969                0.488870
features.30 4608    512   34.722222  0.164062     0.636719   1.000000    0.505859                0.338981
features.34 4608    512    8.680556  0.054688     0.160156   0.714844    0.119141                0.092049
features.37 4608    512    8.680556  0.062500     0.085938   0.111328    0.078125                0.088081
features.40 4608    512    8.680556  0.070312     0.109375   0.076172    0.074219                0.100964
Proposition 1 check: Ostrowski ratios within [s_min^2, s_max^2] on 13/13 layers; k*_out(tau) <= k*_ortho(tau') on tau=0.9: 13/13, tau=0.95: 13/13, tau=0.99: 13/13, tau=0.999: 13/13;  kappa median 4.1, max 561.6;  lower bound k*_out(tau) >= k*_ortho(tau'') on tau=0.9: 13/13, tau=0.95: 13/13, tau=0.99: 13/13, tau=0.999: 13/13
wrote ../results/round3_decompose/a5_vgg16_bn_srip_s0_decompose.csv
=== a5_vgg16_bn_srip_s1 (vgg16_bn) ===
/Users/ccli/.venvs/effwidth/lib/python3.14/site-packages/torch/utils/data/dataloader.py:1102: UserWarning: 'pin_memory' argument is set as true but not supported on MPS now, device pinned memory won't be used.
  super().__init__(loader)
a5_vgg16_bn_srip_s1 (../results/round3_pt/a5_vgg16_bn_srip_s1//vgg16_bn_srip_cifar10_final.pt): 13 dense conv layers, 103s
      layer    d  C_out    n_over_d  out_0.95  kernel_0.95  data_0.95  ortho_0.95  kernel_erank_over_rmax
 features.0   27     64 5925.925926  0.222222     0.962963   0.185185    0.185185                0.984681
 features.3  576     64  277.777778  0.406250     0.875000   0.984375    0.562500                0.764953
 features.7  576    128  277.777778  0.382812     0.789062   1.000000    0.671875                0.667727
features.10 1152    128  138.888889  0.515625     0.906250   1.000000    0.695312                0.880208
features.14 1152    256  138.888889  0.441406     0.812500   1.000000    0.742188                0.741322
features.17 2304    256   69.444444  0.539062     0.875000   1.000000    0.769531                0.828076
features.20 2304    256   69.444444  0.601562     0.898438   1.000000    0.789062                0.870817
features.24 2304    512   69.444444  0.341797     0.750000   1.000000    0.742188                0.599481
features.27 4608    512   34.722222  0.236328     0.710938   1.000000    0.667969                0.483788
features.30 4608    512   34.722222  0.162109     0.626953   1.000000    0.505859                0.328899
features.34 4608    512    8.680556  0.054688     0.146484   0.679688    0.115234                0.089803
features.37 4608    512    8.680556  0.062500     0.082031   0.103516    0.078125                0.085798
features.40 4608    512    8.680556  0.070312     0.105469   0.078125    0.074219                0.098263
Proposition 1 check: Ostrowski ratios within [s_min^2, s_max^2] on 13/13 layers; k*_out(tau) <= k*_ortho(tau') on tau=0.9: 13/13, tau=0.95: 13/13, tau=0.99: 13/13, tau=0.999: 13/13;  kappa median 4.1, max 552.4;  lower bound k*_out(tau) >= k*_ortho(tau'') on tau=0.9: 13/13, tau=0.95: 13/13, tau=0.99: 13/13, tau=0.999: 13/13
wrote ../results/round3_decompose/a5_vgg16_bn_srip_s1_decompose.csv
=== a5_vgg16_bn_srip_s2 (vgg16_bn) ===
/Users/ccli/.venvs/effwidth/lib/python3.14/site-packages/torch/utils/data/dataloader.py:1102: UserWarning: 'pin_memory' argument is set as true but not supported on MPS now, device pinned memory won't be used.
  super().__init__(loader)
a5_vgg16_bn_srip_s2 (../results/round3_pt/a5_vgg16_bn_srip_s2//vgg16_bn_srip_cifar10_final.pt): 13 dense conv layers, 86s
      layer    d  C_out    n_over_d  out_0.95  kernel_0.95  data_0.95  ortho_0.95  kernel_erank_over_rmax
 features.0   27     64 5925.925926  0.222222     0.962963   0.185185    0.185185                0.995015
 features.3  576     64  277.777778  0.390625     0.875000   1.000000    0.562500                0.761270
 features.7  576    128  277.777778  0.367188     0.781250   1.000000    0.656250                0.659602
features.10 1152    128  138.888889  0.515625     0.898438   1.000000    0.703125                0.875270
features.14 1152    256  138.888889  0.445312     0.812500   1.000000    0.746094                0.742985
features.17 2304    256   69.444444  0.539062     0.875000   1.000000    0.769531                0.829674
features.20 2304    256   69.444444  0.597656     0.898438   1.000000    0.785156                0.869952
features.24 2304    512   69.444444  0.339844     0.746094   1.000000    0.740234                0.597090
features.27 4608    512   34.722222  0.236328     0.703125   1.000000    0.669922                0.477309
features.30 4608    512   34.722222  0.162109     0.621094   1.000000    0.501953                0.327586
features.34 4608    512    8.680556  0.056641     0.150391   0.685547    0.111328                0.090778
features.37 4608    512    8.680556  0.062500     0.083984   0.099609    0.078125                0.087442
features.40 4608    512    8.680556  0.070312     0.105469   0.078125    0.074219                0.098905
Proposition 1 check: Ostrowski ratios within [s_min^2, s_max^2] on 13/13 layers; k*_out(tau) <= k*_ortho(tau') on tau=0.9: 13/13, tau=0.95: 13/13, tau=0.99: 13/13, tau=0.999: 13/13;  kappa median 4.2, max 547.0;  lower bound k*_out(tau) >= k*_ortho(tau'') on tau=0.9: 13/13, tau=0.95: 13/13, tau=0.99: 13/13, tau=0.999: 13/13
wrote ../results/round3_decompose/a5_vgg16_bn_srip_s2_decompose.csv
=== trajectory (vgg16_bn) ===
/Users/ccli/.venvs/effwidth/lib/python3.14/site-packages/torch/utils/data/dataloader.py:1102: UserWarning: 'pin_memory' argument is set as true but not supported on MPS now, device pinned memory won't be used.
  super().__init__(loader)
trajectory (../results/trajectory//vgg16_bn_cifar10_final.pt): 13 dense conv layers, 95s
      layer    d  C_out    n_over_d  out_0.95  kernel_0.95  data_0.95  ortho_0.95  kernel_erank_over_rmax
 features.0   27     64 5925.925926  0.296296     0.444444   0.185185    0.185185                0.383898
 features.3  576     64  277.777778  0.296875     0.578125   1.000000    0.562500                0.491642
 features.7  576    128  277.777778  0.296875     0.601562   1.000000    0.648438                0.461790
features.10 1152    128  138.888889  0.390625     0.789062   1.000000    0.703125                0.684752
features.14 1152    256  138.888889  0.382812     0.730469   1.000000    0.746094                0.631219
features.17 2304    256   69.444444  0.453125     0.800781   1.000000    0.773438                0.691417
features.20 2304    256   69.444444  0.519531     0.828125   1.000000    0.796875                0.745935
features.24 2304    512   69.444444  0.271484     0.660156   1.000000    0.722656                0.473149
features.27 4608    512   34.722222  0.140625     0.552734   1.000000    0.582031                0.303102
features.30 4608    512   34.722222  0.105469     0.482422   1.000000    0.371094                0.216221
features.34 4608    512    8.680556  0.050781     0.082031   0.382812    0.087891                0.069616
features.37 4608    512    8.680556  0.056641     0.070312   0.085938    0.076172                0.077587
features.40 4608    512    8.680556  0.068359     0.078125   0.074219    0.072266                0.090467
Proposition 1 check: Ostrowski ratios within [s_min^2, s_max^2] on 13/13 layers; k*_out(tau) <= k*_ortho(tau') on tau=0.9: 13/13, tau=0.95: 13/13, tau=0.99: 13/13, tau=0.999: 13/13;  kappa median 13.9, max 542.1;  lower bound k*_out(tau) >= k*_ortho(tau'') on tau=0.9: 13/13, tau=0.95: 13/13, tau=0.99: 13/13, tau=0.999: 13/13
wrote ../results/round3_decompose/trajectory_decompose.csv
=== trajectory_resnet50 (resnet50) ===
/Users/ccli/.venvs/effwidth/lib/python3.14/site-packages/torch/utils/data/dataloader.py:1102: UserWarning: 'pin_memory' argument is set as true but not supported on MPS now, device pinned memory won't be used.
  super().__init__(loader)
trajectory_resnet50 (../results/trajectory_resnet50//resnet50_cifar10_final.pt): 53 dense conv layers, 166s
                layer    d  C_out    n_over_d  out_0.95  kernel_0.95  data_0.95  ortho_0.95  kernel_erank_over_rmax
                conv1   27     64 5925.925926  0.222222     0.259259   0.185185    0.185185                0.293536
       layer1.0.conv1   64     64 2500.000000  0.125000     0.187500   0.171875    0.171875                0.156128
       layer1.0.conv2  576     64  277.777778  0.234375     0.390625   1.000000    0.484375                0.287323
       layer1.0.conv3   64    256 2500.000000  0.156250     0.390625   0.437500    0.437500                0.320776
layer1.0.downsample.0   64    256 2500.000000  0.125000     0.203125   0.171875    0.171875                0.212297
       layer1.1.conv1  256     64  625.000000  0.140625     0.359375   0.703125    0.437500                0.269840
       layer1.1.conv2  576     64  277.777778  0.250000     0.515625   1.000000    0.593750                0.375480
       layer1.1.conv3   64    256 2500.000000  0.171875     0.453125   0.578125    0.578125                0.356967
       layer1.2.conv1  256     64  625.000000  0.125000     0.312500   0.906250    0.500000                0.212889
       layer1.2.conv2  576     64  277.777778  0.156250     0.421875   1.000000    0.515625                0.337369
       layer1.2.conv3   64    256 2500.000000  0.218750     0.375000   0.500000    0.500000                0.288278
       layer2.0.conv1  256    128  625.000000  0.109375     0.226562   0.625000    0.437500                0.173276
       layer2.0.conv2 1152    128  138.888889  0.164062     0.429688   1.000000    0.531250                0.320222
       layer2.0.conv3  128    512 1250.000000  0.140625     0.414062   0.492188    0.492188                0.327728
layer2.0.downsample.0  256    512  625.000000  0.078125     0.246094   0.312500    0.312500                0.177480
       layer2.1.conv1  512    128  312.500000  0.117188     0.304688   0.851562    0.390625                0.208916
       layer2.1.conv2 1152    128  138.888889  0.234375     0.507812   1.000000    0.585938                0.353020
       layer2.1.conv3  128    512 1250.000000  0.164062     0.492188   0.593750    0.593750                0.368436
       layer2.2.conv1  512    128  312.500000  0.164062     0.421875   1.000000    0.500000                0.296626
       layer2.2.conv2 1152    128  138.888889  0.312500     0.625000   1.000000    0.671875                0.479262
       layer2.2.conv3  128    512 1250.000000  0.257812     0.578125   0.726562    0.726562                0.450946
       layer2.3.conv1  512    128  312.500000  0.210938     0.484375   1.000000    0.578125                0.344439
       layer2.3.conv2 1152    128  138.888889  0.320312     0.640625   1.000000    0.703125                0.506259
       layer2.3.conv3  128    512 1250.000000  0.257812     0.562500   0.710938    0.710938                0.429023
       layer3.0.conv1  512    256  312.500000  0.140625     0.375000   1.000000    0.554688                0.279778
       layer3.0.conv2 2304    256   69.444444  0.226562     0.605469   1.000000    0.656250                0.434088
       layer3.0.conv3  256   1024  625.000000  0.156250     0.531250   0.628906    0.628906                0.380790
layer3.0.downsample.0  512   1024  312.500000  0.082031     0.376953   0.498047    0.498047                0.235450
       layer3.1.conv1 1024    256  156.250000  0.093750     0.335938   1.000000    0.378906                0.217387
       layer3.1.conv2 2304    256   69.444444  0.234375     0.597656   1.000000    0.625000                0.424852
       layer3.1.conv3  256   1024  625.000000  0.210938     0.593750   0.718750    0.718750                0.423510
       layer3.2.conv1 1024    256  156.250000  0.144531     0.496094   1.000000    0.507812                0.328906
       layer3.2.conv2 2304    256   69.444444  0.332031     0.699219   1.000000    0.699219                0.532305
       layer3.2.conv3  256   1024  625.000000  0.289062     0.648438   0.773438    0.773438                0.474953
       layer3.3.conv1 1024    256  156.250000  0.183594     0.566406   1.000000    0.601562                0.390824
       layer3.3.conv2 2304    256   69.444444  0.367188     0.707031   1.000000    0.726562                0.545251
       layer3.3.conv3  256   1024  625.000000  0.300781     0.648438   0.777344    0.777344                0.473637
       layer3.4.conv1 1024    256  156.250000  0.222656     0.597656   1.000000    0.667969                0.433087
       layer3.4.conv2 2304    256   69.444444  0.363281     0.683594   1.000000    0.750000                0.504640
       layer3.4.conv3  256   1024  625.000000  0.257812     0.605469   0.757812    0.757812                0.411125
       layer3.5.conv1 1024    256  156.250000  0.253906     0.609375   1.000000    0.707031                0.447590
       layer3.5.conv2 2304    256   69.444444  0.316406     0.636719   1.000000    0.746094                0.449024
       layer3.5.conv3  256   1024  625.000000  0.156250     0.492188   0.683594    0.683594                0.285710
       layer4.0.conv1 1024    512  156.250000  0.117188     0.412109   1.000000    0.697266                0.237563
       layer4.0.conv2 4608    512   34.722222  0.099609     0.441406   1.000000    0.585938                0.217811
       layer4.0.conv3  512   2048  312.500000  0.039062     0.095703   0.345703    0.345703                0.072202
layer4.0.downsample.0 1024   2048  156.250000  0.035156     0.139648   0.667969    0.667969                0.059009
       layer4.1.conv1 2048    512   78.125000  0.039062     0.066406   0.080078    0.064453                0.065509
       layer4.1.conv2 4608    512   34.722222  0.101562     0.298828   0.958984    0.347656                0.191999
       layer4.1.conv3  512   2048  312.500000  0.027344     0.060547   0.330078    0.330078                0.044441
       layer4.2.conv1 2048    512   78.125000  0.027344     0.060547   0.074219    0.060547                0.051280
       layer4.2.conv2 4608    512   34.722222  0.068359     0.216797   0.679688    0.292969                0.132292
       layer4.2.conv3  512   2048  312.500000  0.017578     0.025391   0.210938    0.210938                0.025988
Proposition 1 check: Ostrowski ratios within [s_min^2, s_max^2] on 53/53 layers; k*_out(tau) <= k*_ortho(tau') on tau=0.9: 53/53, tau=0.95: 53/53, tau=0.99: 53/53, tau=0.999: 53/53;  kappa median 32.0, max 6508.5;  lower bound k*_out(tau) >= k*_ortho(tau'') on tau=0.9: 53/53, tau=0.95: 53/53, tau=0.99: 53/53, tau=0.999: 53/53
wrote ../results/round3_decompose/trajectory_resnet50_decompose.csv
=== trajectory_seed1 (vgg16_bn) ===
/Users/ccli/.venvs/effwidth/lib/python3.14/site-packages/torch/utils/data/dataloader.py:1102: UserWarning: 'pin_memory' argument is set as true but not supported on MPS now, device pinned memory won't be used.
  super().__init__(loader)
trajectory_seed1 (../results/trajectory_seed1//vgg16_bn_cifar10_final.pt): 13 dense conv layers, 101s
      layer    d  C_out    n_over_d  out_0.95  kernel_0.95  data_0.95  ortho_0.95  kernel_erank_over_rmax
 features.0   27     64 5925.925926  0.296296     0.444444   0.185185    0.185185                0.410573
 features.3  576     64  277.777778  0.296875     0.578125   1.000000    0.562500                0.482712
 features.7  576    128  277.777778  0.296875     0.601562   1.000000    0.656250                0.461848
features.10 1152    128  138.888889  0.390625     0.789062   1.000000    0.695312                0.685479
features.14 1152    256  138.888889  0.378906     0.730469   1.000000    0.742188                0.630750
features.17 2304    256   69.444444  0.457031     0.800781   1.000000    0.777344                0.694677
features.20 2304    256   69.444444  0.523438     0.828125   1.000000    0.800781                0.744789
features.24 2304    512   69.444444  0.265625     0.656250   1.000000    0.718750                0.463997
features.27 4608    512   34.722222  0.136719     0.556641   1.000000    0.572266                0.299825
features.30 4608    512   34.722222  0.105469     0.476562   1.000000    0.361328                0.212735
features.34 4608    512    8.680556  0.048828     0.083984   0.353516    0.085938                0.069736
features.37 4608    512    8.680556  0.058594     0.072266   0.091797    0.076172                0.078295
features.40 4608    512    8.680556  0.068359     0.078125   0.074219    0.072266                0.089950
Proposition 1 check: Ostrowski ratios within [s_min^2, s_max^2] on 13/13 layers; k*_out(tau) <= k*_ortho(tau') on tau=0.9: 13/13, tau=0.95: 13/13, tau=0.99: 13/13, tau=0.999: 13/13;  kappa median 16.1, max 526.3;  lower bound k*_out(tau) >= k*_ortho(tau'') on tau=0.9: 13/13, tau=0.95: 13/13, tau=0.99: 13/13, tau=0.999: 13/13
wrote ../results/round3_decompose/trajectory_seed1_decompose.csv
=== trajectory_seed2 (vgg16_bn) ===
/Users/ccli/.venvs/effwidth/lib/python3.14/site-packages/torch/utils/data/dataloader.py:1102: UserWarning: 'pin_memory' argument is set as true but not supported on MPS now, device pinned memory won't be used.
  super().__init__(loader)
trajectory_seed2 (../results/trajectory_seed2//vgg16_bn_cifar10_final.pt): 13 dense conv layers, 105s
      layer    d  C_out    n_over_d  out_0.95  kernel_0.95  data_0.95  ortho_0.95  kernel_erank_over_rmax
 features.0   27     64 5925.925926  0.296296     0.444444   0.185185    0.185185                0.400115
 features.3  576     64  277.777778  0.296875     0.562500   1.000000    0.562500                0.474328
 features.7  576    128  277.777778  0.296875     0.593750   1.000000    0.648438                0.456132
features.10 1152    128  138.888889  0.390625     0.789062   1.000000    0.695312                0.682337
features.14 1152    256  138.888889  0.378906     0.730469   1.000000    0.742188                0.627673
features.17 2304    256   69.444444  0.453125     0.800781   1.000000    0.773438                0.692054
features.20 2304    256   69.444444  0.515625     0.824219   1.000000    0.796875                0.745626
features.24 2304    512   69.444444  0.275391     0.666016   1.000000    0.724609                0.477722
features.27 4608    512   34.722222  0.148438     0.562500   1.000000    0.593750                0.311976
features.30 4608    512   34.722222  0.113281     0.498047   1.000000    0.384766                0.226970
features.34 4608    512    8.680556  0.050781     0.085938   0.410156    0.089844                0.072820
features.37 4608    512    8.680556  0.058594     0.072266   0.083984    0.076172                0.079611
features.40 4608    512    8.680556  0.068359     0.078125   0.076172    0.072266                0.090014
Proposition 1 check: Ostrowski ratios within [s_min^2, s_max^2] on 13/13 layers; k*_out(tau) <= k*_ortho(tau') on tau=0.9: 13/13, tau=0.95: 13/13, tau=0.99: 13/13, tau=0.999: 13/13;  kappa median 13.0, max 480.8;  lower bound k*_out(tau) >= k*_ortho(tau'') on tau=0.9: 13/13, tau=0.95: 13/13, tau=0.99: 13/13, tau=0.999: 13/13
wrote ../results/round3_decompose/trajectory_seed2_decompose.csv
=== decompose_align_local done Thu Sep 10 14:31:19 CST 2026 ===
