layer,kind,depth_index,C,groups,is_depthwise,r_max,call_index,H,W,n_samples,total_variance,participation_ratio,participation_ratio_norm,effective_rank,effective_rank_norm,stable_rank,stable_rank_norm,powerlaw_alpha,powerlaw_fit_lo,powerlaw_fit_hi,powerlaw_r2,nonzero_eigs,k_star_0.9,k_star_0.95,k_star_0.99,k_star_0.999,k_star_ratio_0.9,k_star_ratio_0.95,k_star_ratio_0.99,k_star_ratio_0.999,n_over_C,model
conv1,conv,0,64,1,False,64.0,0,112.0,112.0,1024,2083.21713318643,1.4174262252302319,0.022147284769222373,2.1908039482236963,0.034231311690995254,1.194756218949889,0.018668065921092016,7.191767778366823,10,64,0.3446155694608726,61,3,4,11,25,0.046875,0.0625,0.171875,0.390625,1,timm:resnet34.a1_in1k
conv1,conv,0,64,1,False,64.0,0,112.0,112.0,1024,2083.21713318643,1.4174262252302319,0.022147284769222373,2.1908039482236963,0.034231311690995254,1.194756218949889,0.018668065921092016,7.191767778366823,10,64,0.3446155694608726,61,3,4,11,25,0.046875,0.0625,0.171875,0.390625,2,timm:resnet34.a1_in1k
conv1,conv,0,64,1,False,64.0,0,112.0,112.0,1024,2083.21713318643,1.4174262252302319,0.022147284769222373,2.1908039482236963,0.034231311690995254,1.194756218949889,0.018668065921092016,7.191767778366823,10,64,0.3446155694608726,61,3,4,11,25,0.046875,0.0625,0.171875,0.390625,5,timm:resnet34.a1_in1k
conv1,conv,0,64,1,False,64.0,0,112.0,112.0,1024,2083.21713318643,1.4174262252302319,0.022147284769222373,2.1908039482236963,0.034231311690995254,1.194756218949889,0.018668065921092016,7.191767778366823,10,64,0.3446155694608726,61,3,4,11,25,0.046875,0.0625,0.171875,0.390625,10,timm:resnet34.a1_in1k
conv1,conv,0,64,1,False,64.0,0,112.0,112.0,2048,2259.8054456833697,1.4220878376403245,0.02222012246313007,2.197687792827251,0.0343388717629258,1.1968579824706527,0.018700905976103948,7.116094167080343,10,64,0.35805199994655634,61,3,4,11,25,0.046875,0.0625,0.171875,0.390625,25,timm:resnet34.a1_in1k
conv1,conv,0,64,1,False,64.0,0,112.0,112.0,4096,2206.176675640965,1.4270186338181066,0.022297166153407915,2.2217350912532097,0.0347146108008314,1.1988838072509769,0.018732559488296514,8.68572262014353,10,64,0.3172660782844958,61,3,5,12,25,0.046875,0.078125,0.1875,0.390625,50,timm:resnet34.a1_in1k
conv1,conv,0,64,1,False,64.0,0,112.0,112.0,7168,2200.0464964454977,1.4560828579655762,0.02275129465571213,2.299511270977319,0.03592986360902061,1.2115403595800938,0.018930318118438965,5.425243152020074,10,64,0.7564022016013825,61,3,5,12,26,0.046875,0.078125,0.1875,0.40625,100,timm:resnet34.a1_in1k
conv1,conv,0,64,1,False,64.0,0,112.0,112.0,16384,2256.2697838408276,1.4622397277348758,0.022847495745857434,2.3117103691935545,0.03612047451864929,1.2143530411936638,0.018974266268650997,5.434655023989802,10,64,0.7571575309586625,61,3,5,12,26,0.046875,0.078125,0.1875,0.40625,250,timm:resnet34.a1_in1k
act1,act,1,64,1,False,,0,112.0,112.0,1024,86.92604944316761,8.76195853676969,0.1369056021370264,16.637329114373095,0.2599582674120796,3.6585866235778366,0.0571654159934037,7.669677189183253,10,64,0.2076727587070456,60,18,27,44,55,0.28125,0.421875,0.6875,0.859375,1,timm:resnet34.a1_in1k
act1,act,1,64,1,False,,0,112.0,112.0,1024,86.92604944316761,8.76195853676969,0.1369056021370264,16.637329114373095,0.2599582674120796,3.6585866235778366,0.0571654159934037,7.669677189183253,10,64,0.2076727587070456,60,18,27,44,55,0.28125,0.421875,0.6875,0.859375,2,timm:resnet34.a1_in1k
act1,act,1,64,1,False,,0,112.0,112.0,1024,86.92604944316761,8.76195853676969,0.1369056021370264,16.637329114373095,0.2599582674120796,3.6585866235778366,0.0571654159934037,7.669677189183253,10,64,0.2076727587070456,60,18,27,44,55,0.28125,0.421875,0.6875,0.859375,5,timm:resnet34.a1_in1k
act1,act,1,64,1,False,,0,112.0,112.0,1024,86.92604944316761,8.76195853676969,0.1369056021370264,16.637329114373095,0.2599582674120796,3.6585866235778366,0.0571654159934037,7.669677189183253,10,64,0.2076727587070456,60,18,27,44,55,0.28125,0.421875,0.6875,0.859375,10,timm:resnet34.a1_in1k
act1,act,1,64,1,False,,0,112.0,112.0,2048,90.35012939583272,8.645220488575179,0.13508157013398717,17.05853398185757,0.2665395934665245,3.533132962650769,0.055205202541418266,6.183835741526555,10,64,0.17641808157045102,60,19,28,45,55,0.296875,0.4375,0.703125,0.859375,25,timm:resnet34.a1_in1k
act1,act,1,64,1,False,,0,112.0,112.0,4096,88.2294871872472,8.77532599223225,0.13711446862862892,17.318129875406843,0.2705957793032319,3.5519956788449014,0.055499932481951585,7.629564703551282,10,64,0.1965285526176226,60,20,28,46,56,0.3125,0.4375,0.71875,0.875,50,timm:resnet34.a1_in1k
act1,act,1,64,1,False,,0,112.0,112.0,7168,92.01122005111552,9.20256578521268,0.14379009039394813,17.684914875337984,0.276326794927156,3.7277597772740427,0.05824624651990692,4.380101516417121,10,64,0.17431487235503595,60,20,29,46,56,0.3125,0.453125,0.71875,0.875,100,timm:resnet34.a1_in1k
act1,act,1,64,1,False,,0,112.0,112.0,16384,94.53358369638921,9.365943124685701,0.14634286132321409,17.91983103541362,0.2799973599283378,3.781964065351604,0.05909318852111881,4.385415041698349,10,64,0.17311502699890757,60,20,29,46,56,0.3125,0.453125,0.71875,0.875,250,timm:resnet34.a1_in1k
layer1.0.conv1,conv,2,64,1,False,64.0,0,56.0,56.0,1024,21731.858861421675,4.935209356138158,0.07711264618965871,10.312536818964228,0.16113338779631606,2.436976269601502,0.03807775421252347,2.724677161345486,10,64,0.9847829116197666,64,13,19,38,58,0.203125,0.296875,0.59375,0.90625,1,timm:resnet34.a1_in1k
layer1.0.conv1,conv,2,64,1,False,64.0,0,56.0,56.0,1024,21731.858861421675,4.935209356138158,0.07711264618965871,10.312536818964228,0.16113338779631606,2.436976269601502,0.03807775421252347,2.724677161345486,10,64,0.9847829116197666,64,13,19,38,58,0.203125,0.296875,0.59375,0.90625,2,timm:resnet34.a1_in1k
layer1.0.conv1,conv,2,64,1,False,64.0,0,56.0,56.0,1024,21731.858861421675,4.935209356138158,0.07711264618965871,10.312536818964228,0.16113338779631606,2.436976269601502,0.03807775421252347,2.724677161345486,10,64,0.9847829116197666,64,13,19,38,58,0.203125,0.296875,0.59375,0.90625,5,timm:resnet34.a1_in1k
layer1.0.conv1,conv,2,64,1,False,64.0,0,56.0,56.0,1024,21731.858861421675,4.935209356138158,0.07711264618965871,10.312536818964228,0.16113338779631606,2.436976269601502,0.03807775421252347,2.724677161345486,10,64,0.9847829116197666,64,13,19,38,58,0.203125,0.296875,0.59375,0.90625,10,timm:resnet34.a1_in1k
layer1.0.conv1,conv,2,64,1,False,64.0,0,56.0,56.0,2048,24331.36361270013,5.0252501495854895,0.07851953358727327,10.548282750200169,0.16481691797187764,2.4590113194652576,0.03842205186664465,2.6648861980709406,10,64,0.9859550143097974,64,13,19,39,58,0.203125,0.296875,0.609375,0.90625,25,timm:resnet34.a1_in1k
layer1.0.conv1,conv,2,64,1,False,64.0,0,56.0,56.0,4096,24464.757096109795,5.009686355611837,0.07827634930643496,10.623239273339077,0.16598811364592309,2.4459070065662365,0.038217296977597445,2.6450144082950238,10,64,0.9875659643455145,64,13,19,39,59,0.203125,0.296875,0.609375,0.921875,50,timm:resnet34.a1_in1k
layer1.0.conv1,conv,2,64,1,False,64.0,0,56.0,56.0,7168,25261.730408399642,5.129081847769721,0.0801419038714019,10.840195456068585,0.16937805400107164,2.481526218718834,0.03877384716748178,2.6280937529981996,10,64,0.987061731230386,64,13,20,40,59,0.203125,0.3125,0.625,0.921875,100,timm:resnet34.a1_in1k
layer1.0.conv1,conv,2,64,1,False,64.0,0,56.0,56.0,16384,26606.096254116415,4.982503639522103,0.07785161936753286,10.62629570924541,0.16603587045695953,2.4340463976686206,0.0380319749635722,2.5955471976451996,10,64,0.9865705778902797,64,13,20,40,59,0.203125,0.3125,0.625,0.921875,250,timm:resnet34.a1_in1k
layer1.0.act1,act,3,64,1,False,,0,56.0,56.0,1024,9.45622144020431,5.192374391810698,0.08113084987204215,13.614723097287227,0.21273004839511292,2.436365572466709,0.03806821206979233,2.1003312007818185,10,64,0.9073409193082482,64,23,33,50,61,0.359375,0.515625,0.78125,0.953125,1,timm:resnet34.a1_in1k
layer1.0.act1,act,3,64,1,False,,0,56.0,56.0,1024,9.45622144020431,5.192374391810698,0.08113084987204215,13.614723097287227,0.21273004839511292,2.436365572466709,0.03806821206979233,2.1003312007818185,10,64,0.9073409193082482,64,23,33,50,61,0.359375,0.515625,0.78125,0.953125,2,timm:resnet34.a1_in1k
layer1.0.act1,act,3,64,1,False,,0,56.0,56.0,1024,9.45622144020431,5.192374391810698,0.08113084987204215,13.614723097287227,0.21273004839511292,2.436365572466709,0.03806821206979233,2.1003312007818185,10,64,0.9073409193082482,64,23,33,50,61,0.359375,0.515625,0.78125,0.953125,5,timm:resnet34.a1_in1k
layer1.0.act1,act,3,64,1,False,,0,56.0,56.0,1024,9.45622144020431,5.192374391810698,0.08113084987204215,13.614723097287227,0.21273004839511292,2.436365572466709,0.03806821206979233,2.1003312007818185,10,64,0.9073409193082482,64,23,33,50,61,0.359375,0.515625,0.78125,0.953125,10,timm:resnet34.a1_in1k
layer1.0.act1,act,3,64,1,False,,0,56.0,56.0,2048,10.91506867453882,4.658104521899145,0.07278288315467414,12.728227307295398,0.1988785516764906,2.272611110360898,0.03550954859938903,2.0231421277585913,10,64,0.9086052719016073,64,23,33,50,61,0.359375,0.515625,0.78125,0.953125,25,timm:resnet34.a1_in1k
layer1.0.act1,act,3,64,1,False,,0,56.0,56.0,4096,10.791350300903051,4.741949834523127,0.07409296616442386,13.072767592110742,0.20426199362673034,2.292074125888574,0.03581365821700897,1.9629617543929916,10,64,0.904459450052391,64,24,34,51,62,0.375,0.53125,0.796875,0.96875,50,timm:resnet34.a1_in1k
layer1.0.act1,act,3,64,1,False,,0,56.0,56.0,7168,11.692548482890126,4.514585628903683,0.07054040045162005,12.689379227064775,0.1982715504228871,2.218088318362124,0.03465762997440819,1.983117971157306,10,64,0.9045461834345185,64,24,34,51,62,0.375,0.53125,0.796875,0.96875,100,timm:resnet34.a1_in1k
layer1.0.act1,act,3,64,1,False,,0,56.0,56.0,16384,12.233980985311385,4.447555865033891,0.06949306039115455,12.652137333291206,0.1976896458326751,2.1941000389763055,0.03428281310900477,1.9777841562500404,10,64,0.9037339773769452,64,24,34,51,62,0.375,0.53125,0.796875,0.96875,250,timm:resnet34.a1_in1k
layer1.0.conv2,conv,4,64,1,False,64.0,0,56.0,56.0,1024,1415.2227810648067,3.2962325817875873,0.05150363409043105,7.143061376386233,0.11161033400603489,1.9889403931249539,0.031077193642577404,2.1356272186283105,10,64,0.9536880710254965,64,13,22,43,60,0.203125,0.34375,0.671875,0.9375,1,timm:resnet34.a1_in1k
layer1.0.conv2,conv,4,64,1,False,64.0,0,56.0,56.0,1024,1415.2227810648067,3.2962325817875873,0.05150363409043105,7.143061376386233,0.11161033400603489,1.9889403931249539,0.031077193642577404,2.1356272186283105,10,64,0.9536880710254965,64,13,22,43,60,0.203125,0.34375,0.671875,0.9375,2,timm:resnet34.a1_in1k
layer1.0.conv2,conv,4,64,1,False,64.0,0,56.0,56.0,1024,1415.2227810648067,3.2962325817875873,0.05150363409043105,7.143061376386233,0.11161033400603489,1.9889403931249539,0.031077193642577404,2.1356272186283105,10,64,0.9536880710254965,64,13,22,43,60,0.203125,0.34375,0.671875,0.9375,5,timm:resnet34.a1_in1k
layer1.0.conv2,conv,4,64,1,False,64.0,0,56.0,56.0,1024,1415.2227810648067,3.2962325817875873,0.05150363409043105,7.143061376386233,0.11161033400603489,1.9889403931249539,0.031077193642577404,2.1356272186283105,10,64,0.9536880710254965,64,13,22,43,60,0.203125,0.34375,0.671875,0.9375,10,timm:resnet34.a1_in1k
layer1.0.conv2,conv,4,64,1,False,64.0,0,56.0,56.0,2048,1490.7941852586923,3.2023694523564403,0.05003702269306938,7.055364210230639,0.11024006578485374,1.944152842120207,0.030377388158128234,2.0787520669596837,10,64,0.954460416933997,64,13,23,44,60,0.203125,0.359375,0.6875,0.9375,25,timm:resnet34.a1_in1k
layer1.0.conv2,conv,4,64,1,False,64.0,0,56.0,56.0,4096,1556.5578815761305,3.040010186809698,0.04750015916890153,6.838950516742914,0.10685860182410803,1.8639346797833953,0.029123979371615552,2.056557814294961,10,64,0.9573781296270258,64,13,23,44,60,0.203125,0.359375,0.6875,0.9375,50,timm:resnet34.a1_in1k
layer1.0.conv2,conv,4,64,1,False,64.0,0,56.0,56.0,7168,1596.5873127368686,3.115064549077288,0.048672883579332624,7.07697226536987,0.11057769164640421,1.8856702872523554,0.029463598238318053,2.04390034770207,10,64,0.9565236578175712,64,13,23,45,61,0.203125,0.359375,0.703125,0.953125,100,timm:resnet34.a1_in1k
layer1.0.conv2,conv,4,64,1,False,64.0,0,56.0,56.0,16384,1661.1806842259307,3.0771459955656515,0.048080406180713305,7.016386039355299,0.10963103186492655,1.867107120947083,0.029173548764798173,2.032534599853737,10,64,0.9564746928420075,64,13,23,45,61,0.203125,0.359375,0.703125,0.953125,250,timm:resnet34.a1_in1k
layer1.0.act2,act,5,64,1,False,,0,56.0,56.0,1024,99.2026257556904,16.56187855103954,0.25877935235999283,28.541537425803995,0.4459615222781874,5.624957401294286,0.08788995939522322,1.9742404106796545,10,64,0.9383036693882353,64,30,40,55,62,0.46875,0.625,0.859375,0.96875,1,timm:resnet34.a1_in1k
layer1.0.act2,act,5,64,1,False,,0,56.0,56.0,1024,99.2026257556904,16.56187855103954,0.25877935235999283,28.541537425803995,0.4459615222781874,5.624957401294286,0.08788995939522322,1.9742404106796545,10,64,0.9383036693882353,64,30,40,55,62,0.46875,0.625,0.859375,0.96875,2,timm:resnet34.a1_in1k
layer1.0.act2,act,5,64,1,False,,0,56.0,56.0,1024,99.2026257556904,16.56187855103954,0.25877935235999283,28.541537425803995,0.4459615222781874,5.624957401294286,0.08788995939522322,1.9742404106796545,10,64,0.9383036693882353,64,30,40,55,62,0.46875,0.625,0.859375,0.96875,5,timm:resnet34.a1_in1k
layer1.0.act2,act,5,64,1,False,,0,56.0,56.0,1024,99.2026257556904,16.56187855103954,0.25877935235999283,28.541537425803995,0.4459615222781874,5.624957401294286,0.08788995939522322,1.9742404106796545,10,64,0.9383036693882353,64,30,40,55,62,0.46875,0.625,0.859375,0.96875,10,timm:resnet34.a1_in1k
layer1.0.act2,act,5,64,1,False,,0,56.0,56.0,2048,109.37279885525126,17.461969933699457,0.272843280214054,29.56175793562275,0.4619024677441055,5.922101319655346,0.09253283311961479,1.8839255084605562,10,64,0.9330536133603134,64,31,41,56,63,0.484375,0.640625,0.875,0.984375,25,timm:resnet34.a1_in1k
layer1.0.act2,act,5,64,1,False,,0,56.0,56.0,4096,109.48714197812767,18.282998385115842,0.28567184976743504,30.336029514048512,0.474000461157008,6.299887442055347,0.0984357412821148,1.8423504061127374,10,64,0.9268596897015501,64,32,42,56,63,0.5,0.65625,0.875,0.984375,50,timm:resnet34.a1_in1k
layer1.0.act2,act,5,64,1,False,,0,56.0,56.0,7168,114.15456645411687,18.922657748828566,0.29566652732544635,30.875247743248213,0.48242574598825333,6.60877637468945,0.10326213085452265,1.8177789719223396,10,64,0.9249140194733567,64,32,42,56,63,0.5,0.65625,0.875,0.984375,100,timm:resnet34.a1_in1k
layer1.0.act2,act,5,64,1,False,,0,56.0,56.0,16384,118.22501201405234,19.620302253222384,0.30656722270659975,31.37505548363902,0.4902352419318597,7.056358061391834,0.11025559470924741,1.8025625555224603,10,64,0.917214525474106,64,33,43,56,63,0.515625,0.671875,0.875,0.984375,250,timm:resnet34.a1_in1k
layer1.0,block,6,64,1,False,,0,56.0,56.0,1024,106.7206697734337,18.42141832627821,0.28783466134809704,29.880673810163607,0.46688552828380636,6.599328313823059,0.1031145049034853,1.9481825486002962,10,64,0.9251900040275872,64,31,41,55,62,0.484375,0.640625,0.859375,0.96875,1,timm:resnet34.a1_in1k
layer1.0,block,6,64,1,False,,0,56.0,56.0,1024,106.7206697734337,18.42141832627821,0.28783466134809704,29.880673810163607,0.46688552828380636,6.599328313823059,0.1031145049034853,1.9481825486002962,10,64,0.9251900040275872,64,31,41,55,62,0.484375,0.640625,0.859375,0.96875,2,timm:resnet34.a1_in1k
layer1.0,block,6,64,1,False,,0,56.0,56.0,1024,106.7206697734337,18.42141832627821,0.28783466134809704,29.880673810163607,0.46688552828380636,6.599328313823059,0.1031145049034853,1.9481825486002962,10,64,0.9251900040275872,64,31,41,55,62,0.484375,0.640625,0.859375,0.96875,5,timm:resnet34.a1_in1k
layer1.0,block,6,64,1,False,,0,56.0,56.0,1024,106.7206697734337,18.42141832627821,0.28783466134809704,29.880673810163607,0.46688552828380636,6.599328313823059,0.1031145049034853,1.9481825486002962,10,64,0.9251900040275872,64,31,41,55,62,0.484375,0.640625,0.859375,0.96875,10,timm:resnet34.a1_in1k
layer1.0,block,6,64,1,False,,0,56.0,56.0,2048,112.41905273072419,18.271275425005033,0.28548867851570364,30.11106061912274,0.4704853221737928,6.357859634969904,0.09934155679640475,1.8682872370229007,10,64,0.9223445361858651,64,32,41,56,63,0.5,0.640625,0.875,0.984375,25,timm:resnet34.a1_in1k
layer1.0,block,6,64,1,False,,0,56.0,56.0,4096,110.62039811751161,18.656961040175347,0.2915150162527398,30.594527541846972,0.47803949284135894,6.505267446229984,0.1016448038473435,1.8386500559893801,10,64,0.9269051699674449,64,32,42,56,63,0.5,0.65625,0.875,0.984375,50,timm:resnet34.a1_in1k
layer1.0,block,6,64,1,False,,0,56.0,56.0,7168,115.82359250506065,19.255418795550426,0.3008659186804754,31.099591849618857,0.48593112265029464,6.83037127160468,0.10672455111882312,1.8102007952079173,10,64,0.9254409523913261,64,33,42,56,63,0.515625,0.65625,0.875,0.984375,100,timm:resnet34.a1_in1k
layer1.0,block,6,64,1,False,,0,56.0,56.0,16384,117.93067642436566,19.441803819422166,0.30377818467847134,31.298242985067112,0.48903504664167363,6.939056036018212,0.10842275056278457,1.7925439911584657,10,64,0.9191133882830275,64,33,43,57,63,0.515625,0.671875,0.890625,0.984375,250,timm:resnet34.a1_in1k
layer1.1.conv1,conv,7,64,1,False,64.0,0,56.0,56.0,1024,13730.622044538128,10.617273782106247,0.1658949028454101,18.400129917049796,0.28750202995390306,4.580761826401757,0.07157440353752745,2.279689813076172,10,64,0.9621388200062246,64,20,29,48,61,0.3125,0.453125,0.75,0.953125,1,timm:resnet34.a1_in1k
layer1.1.conv1,conv,7,64,1,False,64.0,0,56.0,56.0,1024,13730.622044538128,10.617273782106247,0.1658949028454101,18.400129917049796,0.28750202995390306,4.580761826401757,0.07157440353752745,2.279689813076172,10,64,0.9621388200062246,64,20,29,48,61,0.3125,0.453125,0.75,0.953125,2,timm:resnet34.a1_in1k
layer1.1.conv1,conv,7,64,1,False,64.0,0,56.0,56.0,1024,13730.622044538128,10.617273782106247,0.1658949028454101,18.400129917049796,0.28750202995390306,4.580761826401757,0.07157440353752745,2.279689813076172,10,64,0.9621388200062246,64,20,29,48,61,0.3125,0.453125,0.75,0.953125,5,timm:resnet34.a1_in1k
layer1.1.conv1,conv,7,64,1,False,64.0,0,56.0,56.0,1024,13730.622044538128,10.617273782106247,0.1658949028454101,18.400129917049796,0.28750202995390306,4.580761826401757,0.07157440353752745,2.279689813076172,10,64,0.9621388200062246,64,20,29,48,61,0.3125,0.453125,0.75,0.953125,10,timm:resnet34.a1_in1k
layer1.1.conv1,conv,7,64,1,False,64.0,0,56.0,56.0,2048,14644.763063813862,10.484809789766356,0.1638251529650993,18.22990280131439,0.2848422312705373,4.606668659606418,0.07197919780635029,2.192513821379346,10,64,0.9617858000802925,64,20,30,49,62,0.3125,0.46875,0.765625,0.96875,25,timm:resnet34.a1_in1k
layer1.1.conv1,conv,7,64,1,False,64.0,0,56.0,56.0,4096,14357.745885946735,10.658464748259421,0.16653851169155345,18.63117883279558,0.29111216926243094,4.581232554989366,0.07158175867170885,2.1859384669242923,10,64,0.9603190294615002,64,21,30,49,62,0.328125,0.46875,0.765625,0.96875,50,timm:resnet34.a1_in1k
layer1.1.conv1,conv,7,64,1,False,64.0,0,56.0,56.0,7168,14850.574375021839,10.628685596366298,0.1660732124432234,18.64952037169037,0.29139875580766206,4.508513322877288,0.07044552066995763,2.1647632066726037,10,64,0.9609480683399514,64,21,30,49,62,0.328125,0.46875,0.765625,0.96875,100,timm:resnet34.a1_in1k
layer1.1.conv1,conv,7,64,1,False,64.0,0,56.0,56.0,16384,15442.363589275827,10.491753535511,0.16393364899235938,18.581469351609705,0.29033545861890164,4.399615473388661,0.06874399177169783,2.1400787653741165,10,64,0.9611400610244333,64,21,30,49,62,0.328125,0.46875,0.765625,0.96875,250,timm:resnet34.a1_in1k
layer1.1.act1,act,8,64,1,False,,0,56.0,56.0,1024,37.92946752285328,19.791216561693126,0.3092377587764551,33.62042923986972,0.5253192068729644,6.589729673386513,0.10296452614666426,1.525787732718782,10,64,0.866268503605246,64,37,46,58,63,0.578125,0.71875,0.90625,0.984375,1,timm:resnet34.a1_in1k
layer1.1.act1,act,8,64,1,False,,0,56.0,56.0,1024,37.92946752285328,19.791216561693126,0.3092377587764551,33.62042923986972,0.5253192068729644,6.589729673386513,0.10296452614666426,1.525787732718782,10,64,0.866268503605246,64,37,46,58,63,0.578125,0.71875,0.90625,0.984375,2,timm:resnet34.a1_in1k
layer1.1.act1,act,8,64,1,False,,0,56.0,56.0,1024,37.92946752285328,19.791216561693126,0.3092377587764551,33.62042923986972,0.5253192068729644,6.589729673386513,0.10296452614666426,1.525787732718782,10,64,0.866268503605246,64,37,46,58,63,0.578125,0.71875,0.90625,0.984375,5,timm:resnet34.a1_in1k
layer1.1.act1,act,8,64,1,False,,0,56.0,56.0,1024,37.92946752285328,19.791216561693126,0.3092377587764551,33.62042923986972,0.5253192068729644,6.589729673386513,0.10296452614666426,1.525787732718782,10,64,0.866268503605246,64,37,46,58,63,0.578125,0.71875,0.90625,0.984375,10,timm:resnet34.a1_in1k
layer1.1.act1,act,8,64,1,False,,0,56.0,56.0,2048,39.666867060697186,19.89666490351553,0.31088538911743013,34.20442955599494,0.534444211812421,6.532610391337171,0.10207203736464329,1.445667964862099,10,64,0.8473614483679062,64,38,47,58,63,0.59375,0.734375,0.90625,0.984375,25,timm:resnet34.a1_in1k
layer1.1.act1,act,8,64,1,False,,0,56.0,56.0,4096,40.05974206061788,20.943838389342037,0.32724747483346933,34.87447551401842,0.5449136799065378,7.070206659269973,0.11047197905109332,1.4501723691010011,10,64,0.8513995878171676,64,38,47,58,63,0.59375,0.734375,0.90625,0.984375,50,timm:resnet34.a1_in1k
layer1.1.act1,act,8,64,1,False,,0,56.0,56.0,7168,41.035970766981045,21.778321017787746,0.34028626590293354,35.59910809407266,0.5562360639698853,7.423147440288315,0.11598667875450493,1.4283674854300237,10,64,0.852937874748879,64,39,47,58,63,0.609375,0.734375,0.90625,0.984375,100,timm:resnet34.a1_in1k
layer1.1.act1,act,8,64,1,False,,0,56.0,56.0,16384,41.71533891202018,22.221111507981014,0.34720486731220335,36.03228640247079,0.5630044750386061,7.575565881404008,0.11836821689693762,1.417710190973137,10,64,0.8537193372496157,64,39,48,58,63,0.609375,0.75,0.90625,0.984375,250,timm:resnet34.a1_in1k
layer1.1.conv2,conv,9,64,1,False,64.0,0,56.0,56.0,1024,4809.015059872922,3.211933760737703,0.05018646501152661,9.721039618077322,0.15189124403245816,1.8181078111687254,0.028407934549511335,1.7999707662385167,10,64,0.9409694003137051,64,22,33,52,62,0.34375,0.515625,0.8125,0.96875,1,timm:resnet34.a1_in1k
layer1.1.conv2,conv,9,64,1,False,64.0,0,56.0,56.0,1024,4809.015059872922,3.211933760737703,0.05018646501152661,9.721039618077322,0.15189124403245816,1.8181078111687254,0.028407934549511335,1.7999707662385167,10,64,0.9409694003137051,64,22,33,52,62,0.34375,0.515625,0.8125,0.96875,2,timm:resnet34.a1_in1k
layer1.1.conv2,conv,9,64,1,False,64.0,0,56.0,56.0,1024,4809.015059872922,3.211933760737703,0.05018646501152661,9.721039618077322,0.15189124403245816,1.8181078111687254,0.028407934549511335,1.7999707662385167,10,64,0.9409694003137051,64,22,33,52,62,0.34375,0.515625,0.8125,0.96875,5,timm:resnet34.a1_in1k
layer1.1.conv2,conv,9,64,1,False,64.0,0,56.0,56.0,1024,4809.015059872922,3.211933760737703,0.05018646501152661,9.721039618077322,0.15189124403245816,1.8181078111687254,0.028407934549511335,1.7999707662385167,10,64,0.9409694003137051,64,22,33,52,62,0.34375,0.515625,0.8125,0.96875,10,timm:resnet34.a1_in1k
layer1.1.conv2,conv,9,64,1,False,64.0,0,56.0,56.0,2048,5309.321396087203,2.9817765889461456,0.046590259202283525,8.978536931385827,0.14028963955290355,1.74757610778348,0.027305876684116874,1.7326850202135635,10,64,0.9381198586920311,64,22,33,52,63,0.34375,0.515625,0.8125,0.984375,25,timm:resnet34.a1_in1k
layer1.1.conv2,conv,9,64,1,False,64.0,0,56.0,56.0,4096,5236.195680918956,3.060875902610774,0.04782618597829334,9.273127890365323,0.14489262328695818,1.7717596877493336,0.027683745121083337,1.7137245952330207,10,64,0.938389598523812,64,22,34,52,63,0.34375,0.53125,0.8125,0.984375,50,timm:resnet34.a1_in1k
layer1.1.conv2,conv,9,64,1,False,64.0,0,56.0,56.0,7168,5247.608507883337,3.165653752074137,0.04946333987615839,9.664247522384857,0.1510038675372634,1.8034896281532655,0.028179525439894774,1.7016275359460633,10,64,0.9374744072544036,64,23,34,52,63,0.359375,0.53125,0.8125,0.984375,100,timm:resnet34.a1_in1k
layer1.1.conv2,conv,9,64,1,False,64.0,0,56.0,56.0,16384,5297.605708579669,3.2150584269331097,0.05023528792082984,9.85304840655844,0.15395388135247562,1.8182967804349401,0.02841088719429594,1.688022136887854,10,64,0.9363859131091171,64,23,34,53,63,0.359375,0.53125,0.828125,0.984375,250,timm:resnet34.a1_in1k
layer1.1.act2,act,10,64,1,False,,0,56.0,56.0,1024,237.2118659667372,19.98296255352458,0.31223378989882156,31.571894069761065,0.49331084484001664,6.837235238940081,0.10683180060843876,2.0651553985966595,10,64,0.9098955457515865,64,31,40,55,63,0.484375,0.625,0.859375,0.984375,1,timm:resnet34.a1_in1k
layer1.1.act2,act,10,64,1,False,,0,56.0,56.0,1024,237.2118659667372,19.98296255352458,0.31223378989882156,31.571894069761065,0.49331084484001664,6.837235238940081,0.10683180060843876,2.0651553985966595,10,64,0.9098955457515865,64,31,40,55,63,0.484375,0.625,0.859375,0.984375,2,timm:resnet34.a1_in1k
layer1.1.act2,act,10,64,1,False,,0,56.0,56.0,1024,237.2118659667372,19.98296255352458,0.31223378989882156,31.571894069761065,0.49331084484001664,6.837235238940081,0.10683180060843876,2.0651553985966595,10,64,0.9098955457515865,64,31,40,55,63,0.484375,0.625,0.859375,0.984375,5,timm:resnet34.a1_in1k
layer1.1.act2,act,10,64,1,False,,0,56.0,56.0,1024,237.2118659667372,19.98296255352458,0.31223378989882156,31.571894069761065,0.49331084484001664,6.837235238940081,0.10683180060843876,2.0651553985966595,10,64,0.9098955457515865,64,31,40,55,63,0.484375,0.625,0.859375,0.984375,10,timm:resnet34.a1_in1k
layer1.1.act2,act,10,64,1,False,,0,56.0,56.0,2048,253.89424387295134,20.417518226331243,0.31902372228642567,32.16379134874357,0.5025592398241183,6.969680525555961,0.10890125821181189,2.011517131157224,10,64,0.9198674378839864,64,32,41,55,63,0.5,0.640625,0.859375,0.984375,25,timm:resnet34.a1_in1k
layer1.1.act2,act,10,64,1,False,,0,56.0,56.0,4096,255.67661327447942,21.125506489535226,0.3300860388989879,32.851626481405845,0.5133066637719663,7.3050139470645545,0.11414084292288366,1.9597898308884092,10,64,0.9162501242345803,64,32,41,56,63,0.5,0.640625,0.875,0.984375,50,timm:resnet34.a1_in1k
layer1.1.act2,act,10,64,1,False,,0,56.0,56.0,7168,260.4531296208798,21.94531183806349,0.342895497469742,33.52746561106077,0.5238666501728245,7.675825698917387,0.11993477654558417,1.9473574103436444,10,64,0.9173272828935806,64,33,41,56,63,0.515625,0.640625,0.875,0.984375,100,timm:resnet34.a1_in1k
layer1.1.act2,act,10,64,1,False,,0,56.0,56.0,16384,266.7638526119506,21.942256412650142,0.34284775644765847,33.5215318648648,0.5237739353885125,7.7224796241580265,0.12066374412746916,1.9365082806174159,10,64,0.9204963781434468,64,33,42,56,63,0.515625,0.65625,0.875,0.984375,250,timm:resnet34.a1_in1k
layer1.1,block,11,64,1,False,,0,56.0,56.0,1024,230.81467129734375,20.033483006586213,0.3130231719779096,31.55696654208977,0.4930776022201527,6.873679662023446,0.10740124471911634,2.0833760269980983,10,64,0.9262594408022847,64,31,40,55,63,0.484375,0.625,0.859375,0.984375,1,timm:resnet34.a1_in1k
layer1.1,block,11,64,1,False,,0,56.0,56.0,1024,230.81467129734375,20.033483006586213,0.3130231719779096,31.55696654208977,0.4930776022201527,6.873679662023446,0.10740124471911634,2.0833760269980983,10,64,0.9262594408022847,64,31,40,55,63,0.484375,0.625,0.859375,0.984375,2,timm:resnet34.a1_in1k
layer1.1,block,11,64,1,False,,0,56.0,56.0,1024,230.81467129734375,20.033483006586213,0.3130231719779096,31.55696654208977,0.4930776022201527,6.873679662023446,0.10740124471911634,2.0833760269980983,10,64,0.9262594408022847,64,31,40,55,63,0.484375,0.625,0.859375,0.984375,5,timm:resnet34.a1_in1k
layer1.1,block,11,64,1,False,,0,56.0,56.0,1024,230.81467129734375,20.033483006586213,0.3130231719779096,31.55696654208977,0.4930776022201527,6.873679662023446,0.10740124471911634,2.0833760269980983,10,64,0.9262594408022847,64,31,40,55,63,0.484375,0.625,0.859375,0.984375,10,timm:resnet34.a1_in1k
layer1.1,block,11,64,1,False,,0,56.0,56.0,2048,251.56885604923042,20.59975257584131,0.3218711339975205,32.28784405467909,0.5044975633543608,7.087651809152664,0.11074455951801038,2.0066549703377854,10,64,0.92197730575424,64,32,41,55,63,0.5,0.640625,0.859375,0.984375,25,timm:resnet34.a1_in1k
layer1.1,block,11,64,1,False,,0,56.0,56.0,4096,250.41336419701815,21.106742003432444,0.32979284380363194,32.850949391003624,0.5132960842344316,7.281721588064699,0.11377689981351093,1.9768820796604143,10,64,0.9101203601664205,64,32,41,55,63,0.5,0.640625,0.859375,0.984375,50,timm:resnet34.a1_in1k
layer1.1,block,11,64,1,False,,0,56.0,56.0,7168,257.67837520733985,21.800593792719617,0.340634278011244,33.31693542687193,0.5205771160448739,7.661445932304331,0.11971009269225517,1.9780149665905604,10,64,0.9083927148040825,64,33,41,55,63,0.515625,0.640625,0.859375,0.984375,100,timm:resnet34.a1_in1k
layer1.1,block,11,64,1,False,,0,56.0,56.0,16384,263.9530336231835,21.921264562021342,0.34251975878158347,33.50602293189307,0.5235316083108292,7.6860039118099115,0.12009381112202987,1.9412614315413022,10,64,0.9153969796367859,64,33,42,56,63,0.515625,0.65625,0.875,0.984375,250,timm:resnet34.a1_in1k
layer1.2.conv1,conv,12,64,1,False,64.0,0,56.0,56.0,1024,21642.267671676436,15.766228400870549,0.24634731876360233,25.82153541773536,0.403461490902115,6.192993152222201,0.09676551800347188,2.1823439207884885,10,64,0.9540435962591288,64,26,36,53,62,0.40625,0.5625,0.828125,0.96875,1,timm:resnet34.a1_in1k
layer1.2.conv1,conv,12,64,1,False,64.0,0,56.0,56.0,1024,21642.267671676436,15.766228400870549,0.24634731876360233,25.82153541773536,0.403461490902115,6.192993152222201,0.09676551800347188,2.1823439207884885,10,64,0.9540435962591288,64,26,36,53,62,0.40625,0.5625,0.828125,0.96875,2,timm:resnet34.a1_in1k
layer1.2.conv1,conv,12,64,1,False,64.0,0,56.0,56.0,1024,21642.267671676436,15.766228400870549,0.24634731876360233,25.82153541773536,0.403461490902115,6.192993152222201,0.09676551800347188,2.1823439207884885,10,64,0.9540435962591288,64,26,36,53,62,0.40625,0.5625,0.828125,0.96875,5,timm:resnet34.a1_in1k
layer1.2.conv1,conv,12,64,1,False,64.0,0,56.0,56.0,1024,21642.267671676436,15.766228400870549,0.24634731876360233,25.82153541773536,0.403461490902115,6.192993152222201,0.09676551800347188,2.1823439207884885,10,64,0.9540435962591288,64,26,36,53,62,0.40625,0.5625,0.828125,0.96875,10,timm:resnet34.a1_in1k
layer1.2.conv1,conv,12,64,1,False,64.0,0,56.0,56.0,2048,23254.216954589985,15.790469173951355,0.24672608084298991,26.103306726840394,0.40786416760688116,6.083701268576655,0.09505783232151023,2.134625486851223,10,64,0.9564002990126292,64,27,36,53,63,0.421875,0.5625,0.828125,0.984375,25,timm:resnet34.a1_in1k
layer1.2.conv1,conv,12,64,1,False,64.0,0,56.0,56.0,4096,23078.46210368743,16.10346192391867,0.2516165925612292,26.456329190473102,0.4133801436011422,6.309611134313072,0.09858767397364175,2.099435868976786,10,64,0.9549793832669774,64,27,37,54,63,0.421875,0.578125,0.84375,0.984375,50,timm:resnet34.a1_in1k
layer1.2.conv1,conv,12,64,1,False,64.0,0,56.0,56.0,7168,23856.731215719657,16.15275554999995,0.2523868054687492,26.60516241482531,0.41570566273164544,6.300573664720482,0.09844646351125753,2.0810450887770116,10,64,0.9534812071282553,64,27,37,54,63,0.421875,0.578125,0.84375,0.984375,100,timm:resnet34.a1_in1k
layer1.2.conv1,conv,12,64,1,False,64.0,0,56.0,56.0,16384,24534.25920557353,16.307064658074424,0.2547978852824129,26.69251692974805,0.41707057702731326,6.4904824002233585,0.10141378750348998,2.0716827009244114,10,64,0.9545349381856655,64,28,37,54,63,0.4375,0.578125,0.84375,0.984375,250,timm:resnet34.a1_in1k
layer1.2.act1,act,13,64,1,False,,0,56.0,56.0,1024,27.204344096104684,33.56259553148472,0.5244155551794487,44.35401540326733,0.6930314906760521,15.184318899576276,0.2372549828058793,1.6415233181569742,10,64,0.38125928031184175,64,42,50,60,63,0.65625,0.78125,0.9375,0.984375,1,timm:resnet34.a1_in1k
layer1.2.act1,act,13,64,1,False,,0,56.0,56.0,1024,27.204344096104684,33.56259553148472,0.5244155551794487,44.35401540326733,0.6930314906760521,15.184318899576276,0.2372549828058793,1.6415233181569742,10,64,0.38125928031184175,64,42,50,60,63,0.65625,0.78125,0.9375,0.984375,2,timm:resnet34.a1_in1k
layer1.2.act1,act,13,64,1,False,,0,56.0,56.0,1024,27.204344096104684,33.56259553148472,0.5244155551794487,44.35401540326733,0.6930314906760521,15.184318899576276,0.2372549828058793,1.6415233181569742,10,64,0.38125928031184175,64,42,50,60,63,0.65625,0.78125,0.9375,0.984375,5,timm:resnet34.a1_in1k
layer1.2.act1,act,13,64,1,False,,0,56.0,56.0,1024,27.204344096104684,33.56259553148472,0.5244155551794487,44.35401540326733,0.6930314906760521,15.184318899576276,0.2372549828058793,1.6415233181569742,10,64,0.38125928031184175,64,42,50,60,63,0.65625,0.78125,0.9375,0.984375,10,timm:resnet34.a1_in1k
layer1.2.act1,act,13,64,1,False,,0,56.0,56.0,2048,28.376977266954327,34.018023648727635,0.5315316195113693,45.05004485518179,0.7039069508622154,15.204222386804311,0.23756597479381736,1.5569716141929713,10,64,0.3545556836126391,64,43,51,60,63,0.671875,0.796875,0.9375,0.984375,25,timm:resnet34.a1_in1k
layer1.2.act1,act,13,64,1,False,,0,56.0,56.0,4096,28.14697945629868,35.09728908950977,0.5483951420235902,46.00341945723778,0.7188034290193404,15.298906472701225,0.23904541363595663,1.5316299186114806,10,64,0.31979467403148876,64,44,52,60,63,0.6875,0.8125,0.9375,0.984375,50,timm:resnet34.a1_in1k
layer1.2.act1,act,13,64,1,False,,0,56.0,56.0,7168,28.85843977970209,35.82762985971806,0.5598067165580947,46.584900427822035,0.7278890691847193,16.233868160797286,0.2536541900124576,1.4497706043296945,10,64,0.3635394334812325,64,45,52,60,63,0.703125,0.8125,0.9375,0.984375,100,timm:resnet34.a1_in1k
layer1.2.act1,act,13,64,1,False,,0,56.0,56.0,16384,29.36348115361148,35.99936155157247,0.5624900242433198,46.80087991186987,0.7312637486229667,15.752636325846474,0.24613494259135116,1.4168343054524781,10,64,0.37122235805783643,64,45,52,61,63,0.703125,0.8125,0.953125,0.984375,250,timm:resnet34.a1_in1k
layer1.2.conv2,conv,14,64,1,False,64.0,0,56.0,56.0,1024,2287.9815990041543,5.391809479778833,0.08424702312154426,17.08301454385156,0.26692210224768065,2.3947693389424543,0.03741827092097585,1.615301283004906,10,64,0.9314058073026386,64,31,41,56,63,0.484375,0.640625,0.875,0.984375,1,timm:resnet34.a1_in1k
layer1.2.conv2,conv,14,64,1,False,64.0,0,56.0,56.0,1024,2287.9815990041543,5.391809479778833,0.08424702312154426,17.08301454385156,0.26692210224768065,2.3947693389424543,0.03741827092097585,1.615301283004906,10,64,0.9314058073026386,64,31,41,56,63,0.484375,0.640625,0.875,0.984375,2,timm:resnet34.a1_in1k
layer1.2.conv2,conv,14,64,1,False,64.0,0,56.0,56.0,1024,2287.9815990041543,5.391809479778833,0.08424702312154426,17.08301454385156,0.26692210224768065,2.3947693389424543,0.03741827092097585,1.615301283004906,10,64,0.9314058073026386,64,31,41,56,63,0.484375,0.640625,0.875,0.984375,5,timm:resnet34.a1_in1k
layer1.2.conv2,conv,14,64,1,False,64.0,0,56.0,56.0,1024,2287.9815990041543,5.391809479778833,0.08424702312154426,17.08301454385156,0.26692210224768065,2.3947693389424543,0.03741827092097585,1.615301283004906,10,64,0.9314058073026386,64,31,41,56,63,0.484375,0.640625,0.875,0.984375,10,timm:resnet34.a1_in1k
layer1.2.conv2,conv,14,64,1,False,64.0,0,56.0,56.0,2048,2555.570885108359,4.541602998003813,0.07096254684380958,14.850583255982022,0.2320403633747191,2.17912296390334,0.034048796310989685,1.5657619103992346,10,64,0.9348959902293466,64,30,41,56,63,0.46875,0.640625,0.875,0.984375,25,timm:resnet34.a1_in1k
layer1.2.conv2,conv,14,64,1,False,64.0,0,56.0,56.0,4096,2481.3718233089203,4.591812586159977,0.07174707165874963,15.099959628176187,0.23593686919025292,2.1909535312205155,0.034233648925320555,1.5414142547584682,10,64,0.934387903311185,64,31,41,56,63,0.484375,0.640625,0.875,0.984375,50,timm:resnet34.a1_in1k
layer1.2.conv2,conv,14,64,1,False,64.0,0,56.0,56.0,7168,2451.7475646993203,4.831891524635679,0.07549830507243248,15.87354893621992,0.24802420212843626,2.2519088106791183,0.03518607516686122,1.5169520224566886,10,64,0.9304571484998594,64,31,42,57,63,0.484375,0.65625,0.890625,0.984375,100,timm:resnet34.a1_in1k
layer1.2.conv2,conv,14,64,1,False,64.0,0,56.0,56.0,16384,2488.3654434584732,4.869840082300373,0.07609125128594332,15.991261196458115,0.24986345619465805,2.2615183776332404,0.03533622465051938,1.5087456457076087,10,64,0.9311408194836606,64,32,42,57,63,0.5,0.65625,0.890625,0.984375,250,timm:resnet34.a1_in1k
layer1.2.act2,act,15,64,1,False,,0,56.0,56.0,1024,355.22679864579504,30.872353702571726,0.4823805266026832,40.83252888511007,0.6380082638298449,14.774344074504329,0.23084912616413014,1.713758870857147,10,64,0.8936093133101792,64,37,46,58,63,0.578125,0.71875,0.90625,0.984375,1,timm:resnet34.a1_in1k
layer1.2.act2,act,15,64,1,False,,0,56.0,56.0,1024,355.22679864579504,30.872353702571726,0.4823805266026832,40.83252888511007,0.6380082638298449,14.774344074504329,0.23084912616413014,1.713758870857147,10,64,0.8936093133101792,64,37,46,58,63,0.578125,0.71875,0.90625,0.984375,2,timm:resnet34.a1_in1k
layer1.2.act2,act,15,64,1,False,,0,56.0,56.0,1024,355.22679864579504,30.872353702571726,0.4823805266026832,40.83252888511007,0.6380082638298449,14.774344074504329,0.23084912616413014,1.713758870857147,10,64,0.8936093133101792,64,37,46,58,63,0.578125,0.71875,0.90625,0.984375,5,timm:resnet34.a1_in1k
layer1.2.act2,act,15,64,1,False,,0,56.0,56.0,1024,355.22679864579504,30.872353702571726,0.4823805266026832,40.83252888511007,0.6380082638298449,14.774344074504329,0.23084912616413014,1.713758870857147,10,64,0.8936093133101792,64,37,46,58,63,0.578125,0.71875,0.90625,0.984375,10,timm:resnet34.a1_in1k
layer1.2.act2,act,15,64,1,False,,0,56.0,56.0,2048,369.0354450901595,31.187555939239488,0.487305561550617,41.303681721121954,0.6453700268925305,14.672538904788482,0.22925842038732003,1.6428952776775667,10,64,0.9097248507873343,64,38,47,58,64,0.59375,0.734375,0.90625,1.0,25,timm:resnet34.a1_in1k
layer1.2.act2,act,15,64,1,False,,0,56.0,56.0,4096,369.9591623269189,31.43008415596242,0.4910950649369128,41.60833791914674,0.6501302799866678,14.145647071884612,0.22102573549819707,1.631121266519531,10,64,0.9011151673906519,64,38,47,58,63,0.59375,0.734375,0.90625,0.984375,50,timm:resnet34.a1_in1k
layer1.2.act2,act,15,64,1,False,,0,56.0,56.0,7168,374.22547967162996,31.94390320083267,0.49912348751301044,42.024421158889034,0.6566315806076412,14.538974951944443,0.22717148362413192,1.616624276281181,10,64,0.8962719294822472,64,39,47,58,63,0.609375,0.734375,0.90625,0.984375,100,timm:resnet34.a1_in1k
layer1.2.act2,act,15,64,1,False,,0,56.0,56.0,16384,383.4138832370187,32.03504304683914,0.5005475476068616,42.14915123877854,0.6585804881059147,14.71484432579326,0.2299194425905197,1.6050514054392186,10,64,0.8939782188319996,64,39,47,59,63,0.609375,0.734375,0.921875,0.984375,250,timm:resnet34.a1_in1k
layer1.2,block,16,64,1,False,,0,56.0,56.0,1024,351.67030365795677,30.57850204436322,0.4777890944431753,40.72918684297749,0.6363935444215233,13.38144351019774,0.20908505484683967,1.703108980908792,10,64,0.8898674514439988,64,37,46,58,63,0.578125,0.71875,0.90625,0.984375,1,timm:resnet34.a1_in1k
layer1.2,block,16,64,1,False,,0,56.0,56.0,1024,351.67030365795677,30.57850204436322,0.4777890944431753,40.72918684297749,0.6363935444215233,13.38144351019774,0.20908505484683967,1.703108980908792,10,64,0.8898674514439988,64,37,46,58,63,0.578125,0.71875,0.90625,0.984375,2,timm:resnet34.a1_in1k
layer1.2,block,16,64,1,False,,0,56.0,56.0,1024,351.67030365795677,30.57850204436322,0.4777890944431753,40.72918684297749,0.6363935444215233,13.38144351019774,0.20908505484683967,1.703108980908792,10,64,0.8898674514439988,64,37,46,58,63,0.578125,0.71875,0.90625,0.984375,5,timm:resnet34.a1_in1k
layer1.2,block,16,64,1,False,,0,56.0,56.0,1024,351.67030365795677,30.57850204436322,0.4777890944431753,40.72918684297749,0.6363935444215233,13.38144351019774,0.20908505484683967,1.703108980908792,10,64,0.8898674514439988,64,37,46,58,63,0.578125,0.71875,0.90625,0.984375,10,timm:resnet34.a1_in1k
layer1.2,block,16,64,1,False,,0,56.0,56.0,2048,375.4327097891985,31.358157316329123,0.48997120806764255,41.392276121812586,0.6467543144033217,14.720797169127854,0.23001245576762272,1.6546001661468153,10,64,0.8875675966160258,64,38,47,58,63,0.59375,0.734375,0.90625,0.984375,25,timm:resnet34.a1_in1k
layer1.2,block,16,64,1,False,,0,56.0,56.0,4096,369.967598068402,31.65605978484752,0.4946259341382425,41.73246238040818,0.6520697246938778,14.377659422363031,0.22465092847442236,1.6434654410322003,10,64,0.878094757437461,64,38,47,58,63,0.59375,0.734375,0.90625,0.984375,50,timm:resnet34.a1_in1k
layer1.2,block,16,64,1,False,,0,56.0,56.0,7168,380.0256051821068,31.93079701776408,0.4989187034025637,41.998385748161695,0.6562247773150265,14.576009496181266,0.22775014837783228,1.6253472251315413,10,64,0.8763565300167621,64,39,47,58,63,0.609375,0.734375,0.90625,0.984375,100,timm:resnet34.a1_in1k
layer1.2,block,16,64,1,False,,0,56.0,56.0,16384,386.3412294780404,32.04218907550476,0.5006592043047619,42.151271221729445,0.6586136128395226,14.600608023051342,0.2281345003601772,1.6173426140779945,10,64,0.8818502349752321,64,39,47,58,63,0.609375,0.734375,0.90625,0.984375,250,timm:resnet34.a1_in1k
layer2.0.conv1,conv,17,128,1,False,128.0,0,28.0,28.0,1024,61317.78865010997,37.630958262034824,0.29399186142214706,55.060266231310564,0.4301583299321138,16.424140337823232,0.128313596389244,2.180935387065796,10,128,0.9051215078611847,128,52,67,98,122,0.40625,0.5234375,0.765625,0.953125,1,timm:resnet34.a1_in1k
layer2.0.conv1,conv,17,128,1,False,128.0,0,28.0,28.0,1024,61317.78865010997,37.630958262034824,0.29399186142214706,55.060266231310564,0.4301583299321138,16.424140337823232,0.128313596389244,2.180935387065796,10,128,0.9051215078611847,128,52,67,98,122,0.40625,0.5234375,0.765625,0.953125,2,timm:resnet34.a1_in1k
layer2.0.conv1,conv,17,128,1,False,128.0,0,28.0,28.0,1024,61317.78865010997,37.630958262034824,0.29399186142214706,55.060266231310564,0.4301583299321138,16.424140337823232,0.128313596389244,2.180935387065796,10,128,0.9051215078611847,128,52,67,98,122,0.40625,0.5234375,0.765625,0.953125,5,timm:resnet34.a1_in1k
layer2.0.conv1,conv,17,128,1,False,128.0,0,28.0,28.0,2048,63752.97905836423,38.36855331539579,0.29975432277652964,56.14115806533747,0.438602797385449,16.947492163842014,0.13240228253001574,2.1243483751149763,10,128,0.9081092271919304,128,53,69,100,122,0.4140625,0.5390625,0.78125,0.953125,10,timm:resnet34.a1_in1k
layer2.0.conv1,conv,17,128,1,False,128.0,0,28.0,28.0,4096,64851.69081014536,38.615441789339215,0.3016831389792126,56.6037958618388,0.4422171551706156,17.135503736287422,0.13387112293974548,2.0953458513179344,10,128,0.9080943677968226,128,53,70,101,123,0.4140625,0.546875,0.7890625,0.9609375,25,timm:resnet34.a1_in1k
layer2.0.conv1,conv,17,128,1,False,128.0,0,28.0,28.0,7168,66667.51046727815,39.12777293703267,0.3056857260705677,57.15222713842723,0.4465017745189627,17.11637496090814,0.13372167938209484,2.082799800702991,10,128,0.9078977579432636,128,54,70,101,123,0.421875,0.546875,0.7890625,0.9609375,50,timm:resnet34.a1_in1k
layer2.0.conv1,conv,17,128,1,False,128.0,0,28.0,28.0,13312,67914.19916827764,39.29301121743644,0.30697665013622216,57.32383139320813,0.4478424327594385,17.239436611473085,0.13468309852713348,2.0764513607507036,10,128,0.9086888453445133,128,54,70,101,123,0.421875,0.546875,0.7890625,0.9609375,100,timm:resnet34.a1_in1k
layer2.0.conv1,conv,17,128,1,False,128.0,0,28.0,28.0,32768,68382.78428726007,39.231010062886654,0.306492266116302,57.36290604588551,0.44814770348348054,17.199875894311102,0.13437403042430549,2.0669409171912894,10,128,0.9086422852108569,128,54,70,101,123,0.421875,0.546875,0.7890625,0.9609375,250,timm:resnet34.a1_in1k
layer2.0.act1,act,18,128,1,False,,0,28.0,28.0,1024,67.77855913105802,48.45774096435317,0.37857610128400915,73.15666439295096,0.5715364405699294,15.295760030771671,0.11949812524040368,1.586140720970504,10,128,0.5742243220109964,127,74,91,113,121,0.578125,0.7109375,0.8828125,0.9453125,1,timm:resnet34.a1_in1k
layer2.0.act1,act,18,128,1,False,,0,28.0,28.0,1024,67.77855913105802,48.45774096435317,0.37857610128400915,73.15666439295096,0.5715364405699294,15.295760030771671,0.11949812524040368,1.586140720970504,10,128,0.5742243220109964,127,74,91,113,121,0.578125,0.7109375,0.8828125,0.9453125,2,timm:resnet34.a1_in1k
layer2.0.act1,act,18,128,1,False,,0,28.0,28.0,1024,67.77855913105802,48.45774096435317,0.37857610128400915,73.15666439295096,0.5715364405699294,15.295760030771671,0.11949812524040368,1.586140720970504,10,128,0.5742243220109964,127,74,91,113,121,0.578125,0.7109375,0.8828125,0.9453125,5,timm:resnet34.a1_in1k
layer2.0.act1,act,18,128,1,False,,0,28.0,28.0,2048,69.87902020354208,49.75487402214277,0.3887099532979904,75.31436368982514,0.5883934663267589,15.250049913352035,0.11914101494806277,2.033232529131521,10,128,0.14642459171415556,127,77,94,114,122,0.6015625,0.734375,0.890625,0.953125,10,timm:resnet34.a1_in1k
layer2.0.act1,act,18,128,1,False,,0,28.0,28.0,4096,71.241517082534,50.33637599672672,0.3932529374744275,76.34827585148197,0.5964709050897029,15.310346086701626,0.11961207880235646,1.4312566245855602,10,128,0.5654172555417427,127,78,95,115,122,0.609375,0.7421875,0.8984375,0.953125,25,timm:resnet34.a1_in1k
layer2.0.act1,act,18,128,1,False,,0,28.0,28.0,7168,73.32964760533244,51.22533264281643,0.4001979112720034,77.3338824882746,0.6041709569396453,15.312945590743393,0.11963238742768276,1.5512084403369764,10,128,0.4445351053752792,128,79,96,115,122,0.6171875,0.75,0.8984375,0.953125,50,timm:resnet34.a1_in1k
layer2.0.act1,act,18,128,1,False,,0,28.0,28.0,13312,74.51439183328336,51.381578660867234,0.40141858328802527,77.60285064275378,0.6062722706465139,15.332986169781734,0.1197889544514198,1.4715262504737685,10,128,0.5213491298476816,128,80,96,115,122,0.625,0.75,0.8984375,0.953125,100,timm:resnet34.a1_in1k
layer2.0.act1,act,18,128,1,False,,0,28.0,28.0,32768,75.52981544564385,51.572462968759716,0.4029098669434353,77.82118878575913,0.6079780373887432,15.520899071397228,0.12125702399529084,1.4900228293695053,10,128,0.48415116682449677,128,80,97,115,122,0.625,0.7578125,0.8984375,0.953125,250,timm:resnet34.a1_in1k
layer2.0.conv2,conv,19,128,1,False,128.0,0,28.0,28.0,1024,7896.131047551817,25.061056952132777,0.19578950743853732,49.05048838979197,0.3832069405452498,7.183333226963659,0.056119790835653584,1.833413292670312,10,128,0.9110843304402998,128,55,73,106,124,0.4296875,0.5703125,0.828125,0.96875,1,timm:resnet34.a1_in1k
layer2.0.conv2,conv,19,128,1,False,128.0,0,28.0,28.0,1024,7896.131047551817,25.061056952132777,0.19578950743853732,49.05048838979197,0.3832069405452498,7.183333226963659,0.056119790835653584,1.833413292670312,10,128,0.9110843304402998,128,55,73,106,124,0.4296875,0.5703125,0.828125,0.96875,2,timm:resnet34.a1_in1k
layer2.0.conv2,conv,19,128,1,False,128.0,0,28.0,28.0,1024,7896.131047551817,25.061056952132777,0.19578950743853732,49.05048838979197,0.3832069405452498,7.183333226963659,0.056119790835653584,1.833413292670312,10,128,0.9110843304402998,128,55,73,106,124,0.4296875,0.5703125,0.828125,0.96875,5,timm:resnet34.a1_in1k
layer2.0.conv2,conv,19,128,1,False,128.0,0,28.0,28.0,2048,8455.213320446695,24.695182337785486,0.1929311120139491,49.913313713282115,0.3899477633850165,6.883269821013644,0.053775545476669094,1.7765747104554048,10,128,0.910640485982013,128,56,75,107,124,0.4375,0.5859375,0.8359375,0.96875,10,timm:resnet34.a1_in1k
layer2.0.conv2,conv,19,128,1,False,128.0,0,28.0,28.0,4096,8474.990137516543,25.901214915026863,0.20235324152364736,51.00826618961908,0.39850207960639905,7.309161891390975,0.05710282727649199,1.7410790904703126,10,128,0.9141306347752495,128,57,76,108,125,0.4453125,0.59375,0.84375,0.9765625,25,timm:resnet34.a1_in1k
layer2.0.conv2,conv,19,128,1,False,128.0,0,28.0,28.0,7168,8589.213588578037,25.94809278333331,0.20271947486979147,51.68058776436574,0.40375459190910734,7.165830949359441,0.055983054291870636,1.7232190676520251,10,128,0.9140960425204322,128,58,77,109,125,0.453125,0.6015625,0.8515625,0.9765625,50,timm:resnet34.a1_in1k
layer2.0.conv2,conv,19,128,1,False,128.0,0,28.0,28.0,13312,8703.022231288174,26.089531591552596,0.20382446555900466,51.915731863708835,0.4055916551852253,7.18358656566912,0.05612177004429,1.7057793842601598,10,128,0.9200477220832274,128,58,77,109,125,0.453125,0.6015625,0.8515625,0.9765625,100,timm:resnet34.a1_in1k
layer2.0.conv2,conv,19,128,1,False,128.0,0,28.0,28.0,32768,8789.101202889635,26.417817125190872,0.2063891962905537,52.28207438295647,0.40845370611684745,7.243898497973928,0.05659295701542131,1.7036950529160677,10,128,0.9171138446946335,128,59,77,109,125,0.4609375,0.6015625,0.8515625,0.9765625,250,timm:resnet34.a1_in1k
layer2.0.downsample.0,conv,20,128,1,False,64.0,0,28.0,28.0,1024,3982.8170799299546,13.800995794835313,0.10782027964715088,22.50981521620363,0.17585793137659086,5.687243184006365,0.04443158737504973,10.275317444229168,10,128,0.6675129174174224,94,23,30,45,59,0.1796875,0.234375,0.3515625,0.4609375,1,timm:resnet34.a1_in1k
layer2.0.downsample.0,conv,20,128,1,False,64.0,0,28.0,28.0,1024,3982.8170799299546,13.800995794835313,0.10782027964715088,22.50981521620363,0.17585793137659086,5.687243184006365,0.04443158737504973,10.275317444229168,10,128,0.6675129174174224,94,23,30,45,59,0.1796875,0.234375,0.3515625,0.4609375,2,timm:resnet34.a1_in1k
layer2.0.downsample.0,conv,20,128,1,False,64.0,0,28.0,28.0,1024,3982.8170799299546,13.800995794835313,0.10782027964715088,22.50981521620363,0.17585793137659086,5.687243184006365,0.04443158737504973,10.275317444229168,10,128,0.6675129174174224,94,23,30,45,59,0.1796875,0.234375,0.3515625,0.4609375,5,timm:resnet34.a1_in1k
layer2.0.downsample.0,conv,20,128,1,False,64.0,0,28.0,28.0,2048,4248.536176167225,13.655703272907708,0.10668518181959147,22.64285604175444,0.17689731282620658,5.492671256609851,0.04291149419226446,10.45165729701556,10,128,0.6691455436776816,95,23,31,46,59,0.1796875,0.2421875,0.359375,0.4609375,10,timm:resnet34.a1_in1k
layer2.0.downsample.0,conv,20,128,1,False,64.0,0,28.0,28.0,4096,4307.014387193338,13.881637755006242,0.10845029496098627,22.820707452604577,0.17828677697347325,5.670381872750912,0.0442998583808665,10.48266644797107,10,128,0.6601849637514612,94,24,31,46,59,0.1875,0.2421875,0.359375,0.4609375,25,timm:resnet34.a1_in1k
layer2.0.downsample.0,conv,20,128,1,False,64.0,0,28.0,28.0,7168,4380.989155905738,13.927594269237154,0.10880933022841527,22.941307609138363,0.17922896569639346,5.6457111368219115,0.044107118256421184,10.683635149405465,10,128,0.6571884419355483,94,24,31,46,59,0.1875,0.2421875,0.359375,0.4609375,50,timm:resnet34.a1_in1k
layer2.0.downsample.0,conv,20,128,1,False,64.0,0,28.0,28.0,13312,4420.631342396735,13.888865961597027,0.10850676532497677,22.99172593862746,0.17962285889552704,5.6299303912476395,0.043983831181622184,11.07946038842719,10,128,0.6598292186371586,95,24,31,46,59,0.1875,0.2421875,0.359375,0.4609375,100,timm:resnet34.a1_in1k
layer2.0.downsample.0,conv,20,128,1,False,64.0,0,28.0,28.0,32768,4434.793099713241,14.082498621791004,0.11001952048274222,23.182622696147792,0.18111423981365463,5.707804897878128,0.04459222576467287,11.302652849713203,10,128,0.656419013252943,95,24,31,46,59,0.1875,0.2421875,0.359375,0.4609375,250,timm:resnet34.a1_in1k
layer2.0.act2,act,21,128,1,False,,0,28.0,28.0,1024,453.6971373199135,30.124984352288127,0.235351440252251,51.131259262237144,0.3994629629862277,12.209083636350536,0.09538346590898857,1.6851967773357008,10,128,0.9358383935139467,126,56,76,107,123,0.4375,0.59375,0.8359375,0.9609375,1,timm:resnet34.a1_in1k
layer2.0.act2,act,21,128,1,False,,0,28.0,28.0,1024,453.6971373199135,30.124984352288127,0.235351440252251,51.131259262237144,0.3994629629862277,12.209083636350536,0.09538346590898857,1.6851967773357008,10,128,0.9358383935139467,126,56,76,107,123,0.4375,0.59375,0.8359375,0.9609375,2,timm:resnet34.a1_in1k
layer2.0.act2,act,21,128,1,False,,0,28.0,28.0,1024,453.6971373199135,30.124984352288127,0.235351440252251,51.131259262237144,0.3994629629862277,12.209083636350536,0.09538346590898857,1.6851967773357008,10,128,0.9358383935139467,126,56,76,107,123,0.4375,0.59375,0.8359375,0.9609375,5,timm:resnet34.a1_in1k
layer2.0.act2,act,21,128,1,False,,0,28.0,28.0,2048,459.8781354490525,31.037266784053806,0.24247864675042036,52.71312797962564,0.4118213123408253,11.996733956959565,0.0937244840387466,2.1542282060842326,10,128,0.17154283549964155,126,58,78,109,123,0.453125,0.609375,0.8515625,0.9609375,10,timm:resnet34.a1_in1k
layer2.0.act2,act,21,128,1,False,,0,28.0,28.0,4096,460.7798150750907,31.603851308426798,0.24690508834708436,53.385322574642025,0.4170728326143908,13.18676065095709,0.10302156758560227,2.123370295388535,10,128,0.1665408238579692,126,59,80,110,123,0.4609375,0.625,0.859375,0.9609375,25,timm:resnet34.a1_in1k
layer2.0.act2,act,21,128,1,False,,0,28.0,28.0,7168,468.66698028738654,32.13522087997014,0.25105641312476673,54.05272431332192,0.4222869086978275,13.934944797535202,0.10886675623074377,2.130427099247462,10,128,0.1603210380826552,126,60,80,110,123,0.46875,0.625,0.859375,0.9609375,50,timm:resnet34.a1_in1k
layer2.0.act2,act,21,128,1,False,,0,28.0,28.0,13312,471.5575940930645,32.29247254496156,0.2522849417575122,54.315368494107254,0.4243388163602129,14.304041635106318,0.1117503252742681,2.147252352910268,10,128,0.16463111463379065,127,60,81,110,123,0.46875,0.6328125,0.859375,0.9609375,100,timm:resnet34.a1_in1k
layer2.0.act2,act,21,128,1,False,,0,28.0,28.0,32768,474.0160819346077,32.77282519246587,0.2560376968161396,54.94096591802215,0.42922629623454805,14.445918072228556,0.1128587349392856,1.6102155774602944,10,128,0.8646615469153126,127,61,81,111,123,0.4765625,0.6328125,0.8671875,0.9609375,250,timm:resnet34.a1_in1k
layer2.0,block,22,128,1,False,,0,28.0,28.0,1024,453.439713948866,30.631301147160663,0.23930704021219268,51.38504227936722,0.4014456428075564,13.33280323204355,0.10416252525034024,1.6919458554165052,10,128,0.9241668640729458,126,56,76,107,122,0.4375,0.59375,0.8359375,0.953125,1,timm:resnet34.a1_in1k
layer2.0,block,22,128,1,False,,0,28.0,28.0,1024,453.439713948866,30.631301147160663,0.23930704021219268,51.38504227936722,0.4014456428075564,13.33280323204355,0.10416252525034024,1.6919458554165052,10,128,0.9241668640729458,126,56,76,107,122,0.4375,0.59375,0.8359375,0.953125,2,timm:resnet34.a1_in1k
layer2.0,block,22,128,1,False,,0,28.0,28.0,1024,453.439713948866,30.631301147160663,0.23930704021219268,51.38504227936722,0.4014456428075564,13.33280323204355,0.10416252525034024,1.6919458554165052,10,128,0.9241668640729458,126,56,76,107,122,0.4375,0.59375,0.8359375,0.953125,5,timm:resnet34.a1_in1k
layer2.0,block,22,128,1,False,,0,28.0,28.0,2048,459.23031530579254,31.60998862229722,0.24695303611169703,53.13018902426825,0.4150796017520957,12.592805643102226,0.09838129408673614,2.231506560452909,10,128,0.15016126244588268,126,59,79,109,123,0.4609375,0.6171875,0.8515625,0.9609375,10,timm:resnet34.a1_in1k
layer2.0,block,22,128,1,False,,0,28.0,28.0,4096,457.29420508698837,32.13341007506507,0.2510422662114459,53.866034614568754,0.4208283954263184,13.5339719250914,0.10573415566477656,1.8341591261643462,10,128,0.5747126887887899,128,60,80,110,123,0.46875,0.625,0.859375,0.9609375,25,timm:resnet34.a1_in1k
layer2.0,block,22,128,1,False,,0,28.0,28.0,7168,467.7462505556533,32.4482263868697,0.2535017686474195,54.34278327800817,0.42455299435943883,14.111110369453748,0.1102430497613574,1.8251127753268945,10,128,0.5567110713575054,128,60,80,110,123,0.46875,0.625,0.859375,0.9609375,50,timm:resnet34.a1_in1k
layer2.0,block,22,128,1,False,,0,28.0,28.0,13312,468.3736316507031,32.76936923395877,0.2560106971403029,54.835458289474346,0.4284020178865183,14.309678045422345,0.11179435972986207,1.7505557797151854,10,128,0.6262931326972547,128,61,81,110,123,0.4765625,0.6328125,0.859375,0.9609375,100,timm:resnet34.a1_in1k
layer2.0,block,22,128,1,False,,0,28.0,28.0,32768,471.22085850976566,33.005109882402685,0.257852420956271,55.1671253216634,0.4309931665754953,14.502939547172867,0.11330421521228802,1.7625467879048546,10,128,0.6005606110788322,128,61,81,111,123,0.4765625,0.6328125,0.8671875,0.9609375,250,timm:resnet34.a1_in1k
layer2.1.conv1,conv,23,128,1,False,128.0,0,28.0,28.0,1024,76110.93757636851,22.939350503401258,0.17921367580782233,44.917084174274606,0.35091472011152036,6.712947637776894,0.052444903420131986,1.9316400482722063,10,128,0.9423398931866123,128,49,68,103,124,0.3828125,0.53125,0.8046875,0.96875,1,timm:resnet34.a1_in1k
layer2.1.conv1,conv,23,128,1,False,128.0,0,28.0,28.0,1024,76110.93757636851,22.939350503401258,0.17921367580782233,44.917084174274606,0.35091472011152036,6.712947637776894,0.052444903420131986,1.9316400482722063,10,128,0.9423398931866123,128,49,68,103,124,0.3828125,0.53125,0.8046875,0.96875,2,timm:resnet34.a1_in1k
layer2.1.conv1,conv,23,128,1,False,128.0,0,28.0,28.0,1024,76110.93757636851,22.939350503401258,0.17921367580782233,44.917084174274606,0.35091472011152036,6.712947637776894,0.052444903420131986,1.9316400482722063,10,128,0.9423398931866123,128,49,68,103,124,0.3828125,0.53125,0.8046875,0.96875,5,timm:resnet34.a1_in1k
layer2.1.conv1,conv,23,128,1,False,128.0,0,28.0,28.0,2048,79656.23886559202,22.569481959408026,0.1763240778078752,45.54016246855176,0.35578251928556065,6.456701816768092,0.05044298294350072,1.880893626433459,10,128,0.9431484978764697,128,51,70,104,124,0.3984375,0.546875,0.8125,0.96875,10,timm:resnet34.a1_in1k
layer2.1.conv1,conv,23,128,1,False,128.0,0,28.0,28.0,4096,79292.83181283242,23.88926010015998,0.18663484453249984,46.85005293334221,0.36601603854173603,6.8278675709527095,0.05334271539806804,1.8541022242263094,10,128,0.9463956783448068,128,51,71,105,125,0.3984375,0.5546875,0.8203125,0.9765625,25,timm:resnet34.a1_in1k
layer2.1.conv1,conv,23,128,1,False,128.0,0,28.0,28.0,7168,81324.15849523545,23.74331179017394,0.1854946233607339,47.04402334236417,0.3675314323622201,6.715458899225284,0.052464522650197534,1.8396225577407255,10,128,0.946940478127207,128,52,71,106,125,0.40625,0.5546875,0.828125,0.9765625,50,timm:resnet34.a1_in1k
layer2.1.conv1,conv,23,128,1,False,128.0,0,28.0,28.0,13312,82174.37900930228,23.224572068646594,0.18144196928630152,46.91170645638081,0.3664977066904751,6.4941666359104655,0.05073567684305051,1.8318812132415883,10,128,0.9474707323035269,128,52,71,106,125,0.40625,0.5546875,0.828125,0.9765625,100,timm:resnet34.a1_in1k
layer2.1.conv1,conv,23,128,1,False,128.0,0,28.0,28.0,32768,82470.92498925499,23.396319197294886,0.1827837437288663,47.22281996232648,0.36892828095567565,6.51469663986642,0.05089606749895641,1.8213112561660512,10,128,0.9481993154057637,128,52,72,106,125,0.40625,0.5625,0.828125,0.9765625,250,timm:resnet34.a1_in1k
layer2.1.act1,act,24,128,1,False,,0,28.0,28.0,1024,31.630361757090974,56.5709313122977,0.4419604008773258,76.38046351953503,0.5967223712463674,22.16886509795711,0.17319425857778992,3.048471735815967,10,128,0.14790441193087667,124,72,86,105,116,0.5625,0.671875,0.8203125,0.90625,1,timm:resnet34.a1_in1k
layer2.1.act1,act,24,128,1,False,,0,28.0,28.0,1024,31.630361757090974,56.5709313122977,0.4419604008773258,76.38046351953503,0.5967223712463674,22.16886509795711,0.17319425857778992,3.048471735815967,10,128,0.14790441193087667,124,72,86,105,116,0.5625,0.671875,0.8203125,0.90625,2,timm:resnet34.a1_in1k
layer2.1.act1,act,24,128,1,False,,0,28.0,28.0,1024,31.630361757090974,56.5709313122977,0.4419604008773258,76.38046351953503,0.5967223712463674,22.16886509795711,0.17319425857778992,3.048471735815967,10,128,0.14790441193087667,124,72,86,105,116,0.5625,0.671875,0.8203125,0.90625,5,timm:resnet34.a1_in1k
layer2.1.act1,act,24,128,1,False,,0,28.0,28.0,2048,33.1951828279681,60.013206971968025,0.4688531794685002,79.58637195422757,0.6217685308924029,24.577570349374742,0.19201226835449017,2.0272854098776465,10,128,0.434222138106633,127,75,89,106,117,0.5859375,0.6953125,0.828125,0.9140625,10,timm:resnet34.a1_in1k
layer2.1.act1,act,24,128,1,False,,0,28.0,28.0,4096,33.316376507253594,61.83995605270237,0.48312465666173726,81.23381535757962,0.6346391824810907,25.111958233273693,0.19618717369745073,2.0030795021665195,10,128,0.45015543454122064,128,76,90,107,117,0.59375,0.703125,0.8359375,0.9140625,25,timm:resnet34.a1_in1k
layer2.1.act1,act,24,128,1,False,,0,28.0,28.0,7168,34.22972440866009,62.12326921609527,0.48533804075074427,81.609330207406,0.6375728922453594,25.814981559322135,0.20167954343220418,1.9208093314614179,10,128,0.5038985885123812,128,76,90,107,117,0.59375,0.703125,0.8359375,0.9140625,50,timm:resnet34.a1_in1k
layer2.1.act1,act,24,128,1,False,,0,28.0,28.0,13312,34.4470510928446,62.213963307267875,0.48604658833803027,81.69828570493605,0.6382678570698129,25.074464057099398,0.19589425044608905,1.903783532659773,10,128,0.5106971569986305,128,77,90,107,117,0.6015625,0.703125,0.8359375,0.9140625,100,timm:resnet34.a1_in1k
layer2.1.act1,act,24,128,1,False,,0,28.0,28.0,32768,34.822047646961636,62.4462551500142,0.48786136835948596,81.80657051118105,0.639113832118602,25.00300225899339,0.19533595514838586,1.9071623163612508,10,128,0.5200251107044565,128,77,90,107,117,0.6015625,0.703125,0.8359375,0.9140625,250,timm:resnet34.a1_in1k
layer2.1.conv2,conv,25,128,1,False,128.0,0,28.0,28.0,1024,3420.555225898094,41.68606704344019,0.3256723987768765,65.41735788782742,0.5110731084986517,12.544036501457487,0.09800028516763662,1.5834411128377632,10,128,0.9360293468558653,128,65,84,113,126,0.5078125,0.65625,0.8828125,0.984375,1,timm:resnet34.a1_in1k
layer2.1.conv2,conv,25,128,1,False,128.0,0,28.0,28.0,1024,3420.555225898094,41.68606704344019,0.3256723987768765,65.41735788782742,0.5110731084986517,12.544036501457487,0.09800028516763662,1.5834411128377632,10,128,0.9360293468558653,128,65,84,113,126,0.5078125,0.65625,0.8828125,0.984375,2,timm:resnet34.a1_in1k
layer2.1.conv2,conv,25,128,1,False,128.0,0,28.0,28.0,1024,3420.555225898094,41.68606704344019,0.3256723987768765,65.41735788782742,0.5110731084986517,12.544036501457487,0.09800028516763662,1.5834411128377632,10,128,0.9360293468558653,128,65,84,113,126,0.5078125,0.65625,0.8828125,0.984375,5,timm:resnet34.a1_in1k
layer2.1.conv2,conv,25,128,1,False,128.0,0,28.0,28.0,2048,3609.8439963435926,42.948125799612335,0.33553223280947136,67.24280332092253,0.5253344009447073,12.91734128111699,0.10091672875872648,1.5165266405742215,10,128,0.9368933433805569,128,67,86,115,127,0.5234375,0.671875,0.8984375,0.9921875,10,timm:resnet34.a1_in1k
layer2.1.conv2,conv,25,128,1,False,128.0,0,28.0,28.0,4096,3591.1929210809567,44.545798411837275,0.3480140500924787,68.85335224430523,0.5379168144086346,13.35987337497215,0.10437401074196992,1.4875411581826496,10,128,0.938174390215939,128,68,87,115,127,0.53125,0.6796875,0.8984375,0.9921875,25,timm:resnet34.a1_in1k
layer2.1.conv2,conv,25,128,1,False,128.0,0,28.0,28.0,7168,3613.4673153356725,45.46654638058385,0.3552073935983113,69.62932657000165,0.5439791138281379,13.95183754579257,0.10899873082650445,1.4748903783282126,10,128,0.9379116414730428,128,69,88,116,127,0.5390625,0.6875,0.90625,0.9921875,50,timm:resnet34.a1_in1k
layer2.1.conv2,conv,25,128,1,False,128.0,0,28.0,28.0,13312,3615.8891347190774,45.48104251086682,0.35532064461614704,69.94284429681734,0.5464284710688855,13.78590883243583,0.10770241275340492,1.4593679464421014,10,128,0.9380120160809292,128,69,88,116,127,0.5390625,0.6875,0.90625,0.9921875,100,timm:resnet34.a1_in1k
layer2.1.conv2,conv,25,128,1,False,128.0,0,28.0,28.0,32768,3620.0032422593476,45.43333258095674,0.3549479107887245,70.18975159627769,0.5483574343459194,13.517679470992576,0.1056068708671295,1.4489483027237235,10,128,0.9377429230144684,128,70,89,116,127,0.546875,0.6953125,0.90625,0.9921875,250,timm:resnet34.a1_in1k
layer2.1.act2,act,26,128,1,False,,0,28.0,28.0,1024,428.46038289596845,47.33801891617929,0.3698282727826507,71.96027332994016,0.5621896353901575,17.22613453789125,0.1345791760772754,1.3908893333578032,10,128,0.8682626133107445,127,73,92,116,125,0.5703125,0.71875,0.90625,0.9765625,1,timm:resnet34.a1_in1k
layer2.1.act2,act,26,128,1,False,,0,28.0,28.0,1024,428.46038289596845,47.33801891617929,0.3698282727826507,71.96027332994016,0.5621896353901575,17.22613453789125,0.1345791760772754,1.3908893333578032,10,128,0.8682626133107445,127,73,92,116,125,0.5703125,0.71875,0.90625,0.9765625,2,timm:resnet34.a1_in1k
layer2.1.act2,act,26,128,1,False,,0,28.0,28.0,1024,428.46038289596845,47.33801891617929,0.3698282727826507,71.96027332994016,0.5621896353901575,17.22613453789125,0.1345791760772754,1.3908893333578032,10,128,0.8682626133107445,127,73,92,116,125,0.5703125,0.71875,0.90625,0.9765625,5,timm:resnet34.a1_in1k
layer2.1.act2,act,26,128,1,False,,0,28.0,28.0,2048,445.42925967700893,48.931906708870436,0.3822805211630503,74.13769919396145,0.5792007749528238,17.455535221997582,0.1363713689218561,1.3215661995274395,10,128,0.8499249011588104,127,76,94,117,125,0.59375,0.734375,0.9140625,0.9765625,10,timm:resnet34.a1_in1k
layer2.1.act2,act,26,128,1,False,,0,28.0,28.0,4096,446.70158405439565,49.541981745760644,0.38704673238875503,75.17945751822506,0.5873395118611333,17.351151753153424,0.13555587307151112,1.4698064008445375,10,128,0.4535523564243533,128,77,96,117,125,0.6015625,0.75,0.9140625,0.9765625,25,timm:resnet34.a1_in1k
layer2.1.act2,act,26,128,1,False,,0,28.0,28.0,7168,451.4715807018496,50.3405267655849,0.393285365356132,76.04175832173922,0.5940762368885877,17.52520381909103,0.13691565483664866,1.454577464301143,10,128,0.43198835227297716,128,78,96,118,125,0.609375,0.75,0.921875,0.9765625,50,timm:resnet34.a1_in1k
layer2.1.act2,act,26,128,1,False,,0,28.0,28.0,13312,455.8232125349559,50.291350792852974,0.39290117806916386,76.16049684449438,0.5950038815976123,17.671785394425317,0.1380608233939478,1.330462413289842,10,128,0.7228471969326888,128,78,97,118,125,0.609375,0.7578125,0.921875,0.9765625,100,timm:resnet34.a1_in1k
layer2.1.act2,act,26,128,1,False,,0,28.0,28.0,32768,459.6437097149834,50.692915828672,0.3960384049115,76.59049932483944,0.5983632759753081,17.788364891023488,0.138971600711121,1.3402523808101354,10,128,0.6743774455598059,128,79,97,118,125,0.6171875,0.7578125,0.921875,0.9765625,250,timm:resnet34.a1_in1k
layer2.1,block,27,128,1,False,,0,28.0,28.0,1024,431.79151163166455,46.55116996070946,0.36368101531804264,71.41584417227722,0.5579362825959158,15.872153657944274,0.12400120045268964,1.4285189173211958,10,128,0.7871443799071208,127,73,91,116,125,0.5703125,0.7109375,0.90625,0.9765625,1,timm:resnet34.a1_in1k
layer2.1,block,27,128,1,False,,0,28.0,28.0,1024,431.79151163166455,46.55116996070946,0.36368101531804264,71.41584417227722,0.5579362825959158,15.872153657944274,0.12400120045268964,1.4285189173211958,10,128,0.7871443799071208,127,73,91,116,125,0.5703125,0.7109375,0.90625,0.9765625,2,timm:resnet34.a1_in1k
layer2.1,block,27,128,1,False,,0,28.0,28.0,1024,431.79151163166455,46.55116996070946,0.36368101531804264,71.41584417227722,0.5579362825959158,15.872153657944274,0.12400120045268964,1.4285189173211958,10,128,0.7871443799071208,127,73,91,116,125,0.5703125,0.7109375,0.90625,0.9765625,5,timm:resnet34.a1_in1k
layer2.1,block,27,128,1,False,,0,28.0,28.0,2048,441.7854428924926,48.00036668128415,0.3750028646975324,73.58458133768089,0.5748795417006319,16.85504505423019,0.13168003948617335,1.3505377452386258,10,128,0.7622779984177397,127,76,94,117,125,0.59375,0.734375,0.9140625,0.9765625,10,timm:resnet34.a1_in1k
layer2.1,block,27,128,1,False,,0,28.0,28.0,4096,443.0159357237416,49.4496476303228,0.3863253721118969,75.1149847053975,0.586835818010918,17.197373127534227,0.13435447755886115,1.846753848323111,10,128,0.1351173142325277,127,77,96,117,125,0.6015625,0.75,0.9140625,0.9765625,25,timm:resnet34.a1_in1k
layer2.1,block,27,128,1,False,,0,28.0,28.0,7168,454.46886323241824,50.178930698365484,0.39202289608098034,75.79785539961331,0.592170745309479,17.62919495767282,0.1377280856068189,1.8205828688307661,10,128,0.13212246184466314,127,78,96,117,125,0.609375,0.75,0.9140625,0.9765625,50,timm:resnet34.a1_in1k
layer2.1,block,27,128,1,False,,0,28.0,28.0,13312,456.1729878729711,50.18065100250385,0.39203633595706133,76.10656633647893,0.5945825495037417,17.522306506801137,0.13689301958438388,1.3418251272266555,10,128,0.6943971014915147,128,78,97,118,125,0.609375,0.7578125,0.921875,0.9765625,100,timm:resnet34.a1_in1k
layer2.1,block,27,128,1,False,,0,28.0,28.0,32768,458.2572666062986,50.554659562557305,0.39495827783247894,76.52229603824654,0.5978304377988011,17.66601053129438,0.13801570727573734,1.3402860539633044,10,128,0.6778839607024649,128,79,97,118,125,0.6171875,0.7578125,0.921875,0.9765625,250,timm:resnet34.a1_in1k
layer2.2.conv1,conv,28,128,1,False,128.0,0,28.0,28.0,1024,60850.66496364859,36.07459045321318,0.281832737915728,58.29728767742583,0.4554475599798893,11.044398178292985,0.08628436076791395,1.7678116244573387,10,128,0.9445868079815327,128,58,77,110,126,0.453125,0.6015625,0.859375,0.984375,1,timm:resnet34.a1_in1k
layer2.2.conv1,conv,28,128,1,False,128.0,0,28.0,28.0,1024,60850.66496364859,36.07459045321318,0.281832737915728,58.29728767742583,0.4554475599798893,11.044398178292985,0.08628436076791395,1.7678116244573387,10,128,0.9445868079815327,128,58,77,110,126,0.453125,0.6015625,0.859375,0.984375,2,timm:resnet34.a1_in1k
layer2.2.conv1,conv,28,128,1,False,128.0,0,28.0,28.0,1024,60850.66496364859,36.07459045321318,0.281832737915728,58.29728767742583,0.4554475599798893,11.044398178292985,0.08628436076791395,1.7678116244573387,10,128,0.9445868079815327,128,58,77,110,126,0.453125,0.6015625,0.859375,0.984375,5,timm:resnet34.a1_in1k
layer2.2.conv1,conv,28,128,1,False,128.0,0,28.0,28.0,2048,61919.08261629817,37.62322684552312,0.2939314597306494,60.3040914921846,0.47112571478269216,11.282526043515917,0.0881447347149681,1.7113376355436933,10,128,0.9495848747275525,128,60,79,111,126,0.46875,0.6171875,0.8671875,0.984375,10,timm:resnet34.a1_in1k
layer2.2.conv1,conv,28,128,1,False,128.0,0,28.0,28.0,4096,62643.72663280755,38.18273895632958,0.29830264809632484,61.067050609630186,0.47708633288773583,11.628130439825291,0.09084476906113509,1.6784647974126217,10,128,0.9500293665143864,128,61,80,112,126,0.4765625,0.625,0.875,0.984375,25,timm:resnet34.a1_in1k
layer2.2.conv1,conv,28,128,1,False,128.0,0,28.0,28.0,7168,64244.11573822789,37.92735603855012,0.29630746905117283,61.23135343788664,0.47836994873348937,11.216583959121255,0.0876295621806348,1.6669102955901995,10,128,0.950906010603664,128,61,81,112,126,0.4765625,0.6328125,0.875,0.984375,50,timm:resnet34.a1_in1k
layer2.2.conv1,conv,28,128,1,False,128.0,0,28.0,28.0,13312,65187.377294281374,37.7459144675498,0.29488995677773283,61.32943025427753,0.4791361738615432,10.992665619833723,0.08588020015495096,1.6582621875483254,10,128,0.951616921417638,128,61,81,113,126,0.4765625,0.6328125,0.8828125,0.984375,100,timm:resnet34.a1_in1k
layer2.2.conv1,conv,28,128,1,False,128.0,0,28.0,28.0,32768,65536.01948140025,38.23922915313759,0.29874397775888745,61.79379120710938,0.482763993805542,11.156348084549489,0.08715896941054288,1.6519178059626374,10,128,0.9512035190159628,128,62,81,113,126,0.484375,0.6328125,0.8828125,0.984375,250,timm:resnet34.a1_in1k
layer2.2.act1,act,29,128,1,False,,0,28.0,28.0,1024,24.05880264272933,63.20369681408099,0.49377888136000775,84.3612509049381,0.6590722726948289,21.31842108983837,0.16655016476436227,2.1618607819462636,10,128,0.14388770420809027,126,80,94,110,119,0.625,0.734375,0.859375,0.9296875,1,timm:resnet34.a1_in1k
layer2.2.act1,act,29,128,1,False,,0,28.0,28.0,1024,24.05880264272933,63.20369681408099,0.49377888136000775,84.3612509049381,0.6590722726948289,21.31842108983837,0.16655016476436227,2.1618607819462636,10,128,0.14388770420809027,126,80,94,110,119,0.625,0.734375,0.859375,0.9296875,2,timm:resnet34.a1_in1k
layer2.2.act1,act,29,128,1,False,,0,28.0,28.0,1024,24.05880264272933,63.20369681408099,0.49377888136000775,84.3612509049381,0.6590722726948289,21.31842108983837,0.16655016476436227,2.1618607819462636,10,128,0.14388770420809027,126,80,94,110,119,0.625,0.734375,0.859375,0.9296875,5,timm:resnet34.a1_in1k
layer2.2.act1,act,29,128,1,False,,0,28.0,28.0,2048,25.250730875668705,66.09234337308328,0.5163464326022131,87.3774850493283,0.6826366019478773,22.162520154837125,0.17314468870966504,1.9599103688782862,10,128,0.14041341296677656,126,82,96,111,120,0.640625,0.75,0.8671875,0.9375,10,timm:resnet34.a1_in1k
layer2.2.act1,act,29,128,1,False,,0,28.0,28.0,4096,25.302311996884633,68.26944961012413,0.5333550750790947,89.23198560107255,0.6971248875083793,22.978321655077043,0.1795181379302894,1.9313911879135388,10,128,0.13659055947905552,126,84,97,111,120,0.65625,0.7578125,0.8671875,0.9375,25,timm:resnet34.a1_in1k
layer2.2.act1,act,29,128,1,False,,0,28.0,28.0,7168,25.218820412533923,69.84776918083878,0.545685696725303,90.41636488326536,0.7063778506505106,23.68420297790325,0.18503283576486915,1.941989779674719,10,128,0.1293262829980869,126,85,98,111,120,0.6640625,0.765625,0.8671875,0.9375,50,timm:resnet34.a1_in1k
layer2.2.act1,act,29,128,1,False,,0,28.0,28.0,13312,25.602507296008543,70.33525542113688,0.5494941829776319,90.81491637992852,0.7094915342181916,24.127494648256334,0.1884960519395026,1.4530228262101625,10,128,0.44428321060830533,127,85,98,111,120,0.6640625,0.765625,0.8671875,0.9375,100,timm:resnet34.a1_in1k
layer2.2.act1,act,29,128,1,False,,0,28.0,28.0,32768,25.77675562942604,70.52350655526249,0.5509648949629882,90.91856838985588,0.710301315545749,24.636063737464465,0.19246924794894113,1.972644550563739,10,128,0.14290647318456262,127,86,98,111,120,0.671875,0.765625,0.8671875,0.9375,250,timm:resnet34.a1_in1k
layer2.2.conv2,conv,30,128,1,False,128.0,0,28.0,28.0,1024,2138.85722808987,49.39014570320655,0.38586051330630117,73.57684309467325,0.5748190866771348,14.787428028496114,0.11552678147262589,1.4453223242887223,10,128,0.9228841886704235,128,71,90,116,127,0.5546875,0.703125,0.90625,0.9921875,1,timm:resnet34.a1_in1k
layer2.2.conv2,conv,30,128,1,False,128.0,0,28.0,28.0,1024,2138.85722808987,49.39014570320655,0.38586051330630117,73.57684309467325,0.5748190866771348,14.787428028496114,0.11552678147262589,1.4453223242887223,10,128,0.9228841886704235,128,71,90,116,127,0.5546875,0.703125,0.90625,0.9921875,2,timm:resnet34.a1_in1k
layer2.2.conv2,conv,30,128,1,False,128.0,0,28.0,28.0,1024,2138.85722808987,49.39014570320655,0.38586051330630117,73.57684309467325,0.5748190866771348,14.787428028496114,0.11552678147262589,1.4453223242887223,10,128,0.9228841886704235,128,71,90,116,127,0.5546875,0.703125,0.90625,0.9921875,5,timm:resnet34.a1_in1k
layer2.2.conv2,conv,30,128,1,False,128.0,0,28.0,28.0,2048,2263.736362530065,50.80955391378866,0.3969496399514739,76.05676173506907,0.5941934510552271,14.72530368442031,0.11504143503453367,1.3624925714839267,10,128,0.9226817823950376,128,74,93,117,127,0.578125,0.7265625,0.9140625,0.9921875,10,timm:resnet34.a1_in1k
layer2.2.conv2,conv,30,128,1,False,128.0,0,28.0,28.0,4096,2250.7138958166424,51.772367186597464,0.4044716186452927,77.2149823222292,0.6032420493924157,15.001901336491278,0.1172023541913381,1.3299834112804378,10,128,0.9225673000482996,128,76,94,118,127,0.59375,0.734375,0.921875,0.9921875,25,timm:resnet34.a1_in1k
layer2.2.conv2,conv,30,128,1,False,128.0,0,28.0,28.0,7168,2260.5198265884715,52.53186090096289,0.4104051632887726,77.93677481497275,0.6088810532419746,15.165425551153806,0.11847988711838911,1.3171085522019217,10,128,0.9220494832881586,128,76,94,118,127,0.59375,0.734375,0.921875,0.9921875,50,timm:resnet34.a1_in1k
layer2.2.conv2,conv,30,128,1,False,128.0,0,28.0,28.0,13312,2272.936075939422,52.394660842871936,0.409333287834937,78.16555614049514,0.6106684073476183,14.79974422138652,0.11562300172958219,1.3017947693281728,10,128,0.9220659512485694,128,77,95,118,127,0.6015625,0.7421875,0.921875,0.9921875,100,timm:resnet34.a1_in1k
layer2.2.conv2,conv,30,128,1,False,128.0,0,28.0,28.0,32768,2299.0017272961777,52.46163942512818,0.40985655800881393,78.21208459907199,0.6110319109302499,14.869966419520749,0.11617161265250585,1.2974017698483007,10,128,0.9229969162717939,128,77,95,118,127,0.6015625,0.7421875,0.921875,0.9921875,250,timm:resnet34.a1_in1k
layer2.2.act2,act,31,128,1,False,,0,28.0,28.0,1024,500.92275334033786,55.97394692155856,0.43729646032467623,80.52591440503585,0.6291087062893426,19.405912158389338,0.1516086887374167,1.332163821376241,10,128,0.6306668162979414,128,80,97,118,125,0.625,0.7578125,0.921875,0.9765625,1,timm:resnet34.a1_in1k
layer2.2.act2,act,31,128,1,False,,0,28.0,28.0,1024,500.92275334033786,55.97394692155856,0.43729646032467623,80.52591440503585,0.6291087062893426,19.405912158389338,0.1516086887374167,1.332163821376241,10,128,0.6306668162979414,128,80,97,118,125,0.625,0.7578125,0.921875,0.9765625,2,timm:resnet34.a1_in1k
layer2.2.act2,act,31,128,1,False,,0,28.0,28.0,1024,500.92275334033786,55.97394692155856,0.43729646032467623,80.52591440503585,0.6291087062893426,19.405912158389338,0.1516086887374167,1.332163821376241,10,128,0.6306668162979414,128,80,97,118,125,0.625,0.7578125,0.921875,0.9765625,5,timm:resnet34.a1_in1k
layer2.2.act2,act,31,128,1,False,,0,28.0,28.0,2048,521.7763235233235,57.82981791632336,0.4517954524712762,83.31578420013216,0.6509045640635325,18.461629536609927,0.14423148075476505,1.216463349543525,10,128,0.7100749232962555,128,83,100,119,125,0.6484375,0.78125,0.9296875,0.9765625,10,timm:resnet34.a1_in1k
layer2.2.act2,act,31,128,1,False,,0,28.0,28.0,4096,518.7820488202985,58.91594219405738,0.4602807983910733,84.5286093212141,0.6603797603219852,19.165001047563695,0.14972657068409137,1.193547043148182,10,128,0.6675848465017303,128,84,101,119,125,0.65625,0.7890625,0.9296875,0.9765625,25,timm:resnet34.a1_in1k
layer2.2.act2,act,31,128,1,False,,0,28.0,28.0,7168,530.7685926544973,59.90737005600892,0.4680263285625697,85.27633059000104,0.6662213327343831,19.63216422213096,0.15337628298539813,1.1907122072433585,10,128,0.6538484152933786,128,85,101,119,125,0.6640625,0.7890625,0.9296875,0.9765625,50,timm:resnet34.a1_in1k
layer2.2.act2,act,31,128,1,False,,0,28.0,28.0,13312,534.6996119716277,60.29675636825255,0.47106840912697306,85.71529036929647,0.6696507060101287,19.751555303473022,0.154309025808383,1.1555774785547643,10,128,0.7289415071594683,128,85,102,119,125,0.6640625,0.796875,0.9296875,0.9765625,100,timm:resnet34.a1_in1k
layer2.2.act2,act,31,128,1,False,,0,28.0,28.0,32768,539.5057946478898,60.56441417679209,0.4731594857561882,85.94637836732166,0.6714560809947004,19.949929249881706,0.15585882226470082,1.1579675028029732,10,128,0.7013489576164976,128,85,102,119,125,0.6640625,0.796875,0.9296875,0.9765625,250,timm:resnet34.a1_in1k
layer2.2,block,32,128,1,False,,0,28.0,28.0,1024,506.62841595186404,55.34576648302313,0.4323888006486182,80.30909753871856,0.6274148245212388,19.20280114671489,0.15002188395871008,1.3203810660495874,10,128,0.683757474351439,128,80,97,118,125,0.625,0.7578125,0.921875,0.9765625,1,timm:resnet34.a1_in1k
layer2.2,block,32,128,1,False,,0,28.0,28.0,1024,506.62841595186404,55.34576648302313,0.4323888006486182,80.30909753871856,0.6274148245212388,19.20280114671489,0.15002188395871008,1.3203810660495874,10,128,0.683757474351439,128,80,97,118,125,0.625,0.7578125,0.921875,0.9765625,2,timm:resnet34.a1_in1k
layer2.2,block,32,128,1,False,,0,28.0,28.0,1024,506.62841595186404,55.34576648302313,0.4323888006486182,80.30909753871856,0.6274148245212388,19.20280114671489,0.15002188395871008,1.3203810660495874,10,128,0.683757474351439,128,80,97,118,125,0.625,0.7578125,0.921875,0.9765625,5,timm:resnet34.a1_in1k
layer2.2,block,32,128,1,False,,0,28.0,28.0,2048,526.3357200881981,57.84843873021064,0.4519409275797706,83.13936470778194,0.6495262867795464,19.0893698848145,0.14913570222511327,1.2319094540756357,10,128,0.7095528116027718,128,83,99,119,125,0.6484375,0.7734375,0.9296875,0.9765625,10,timm:resnet34.a1_in1k
layer2.2,block,32,128,1,False,,0,28.0,28.0,4096,526.8613815277484,59.20415399485145,0.462532453084777,84.5165131012827,0.6602852586037711,20.242457498712383,0.1581441992086905,1.1984570695727244,10,128,0.68451710915165,128,84,101,119,125,0.65625,0.7890625,0.9296875,0.9765625,25,timm:resnet34.a1_in1k
layer2.2,block,32,128,1,False,,0,28.0,28.0,7168,535.5500387227428,60.13946218415627,0.4698395483137209,85.31958613494541,0.666559266679261,20.187051006507257,0.15771133598833795,1.19167426503396,10,128,0.6702401626848844,128,85,101,119,125,0.6640625,0.7890625,0.9296875,0.9765625,50,timm:resnet34.a1_in1k
layer2.2,block,32,128,1,False,,0,28.0,28.0,13312,539.4849503702912,60.0760583003809,0.4693442054717258,85.55302041811949,0.6683829720165585,19.733611280869667,0.15416883813179427,1.1462724473339065,10,128,0.7682859083329805,128,85,102,119,125,0.6640625,0.796875,0.9296875,0.9765625,100,timm:resnet34.a1_in1k
layer2.2,block,32,128,1,False,,0,28.0,28.0,32768,544.1228509941898,60.56127826888412,0.47313498647565716,85.90449244353483,0.6711288472151159,20.003616145676116,0.15627825113809465,1.156180990442124,10,128,0.7254146503843301,128,85,102,119,125,0.6640625,0.796875,0.9296875,0.9765625,250,timm:resnet34.a1_in1k
layer2.3.conv1,conv,33,128,1,False,128.0,0,28.0,28.0,1024,65225.40506628789,29.348306316568568,0.22928364309819194,51.926001960193574,0.4056718903140123,9.138512689923346,0.07139463039002614,1.7342931998612794,10,128,0.9452722022070563,128,56,76,108,125,0.4375,0.59375,0.84375,0.9765625,1,timm:resnet34.a1_in1k
layer2.3.conv1,conv,33,128,1,False,128.0,0,28.0,28.0,1024,65225.40506628789,29.348306316568568,0.22928364309819194,51.926001960193574,0.4056718903140123,9.138512689923346,0.07139463039002614,1.7342931998612794,10,128,0.9452722022070563,128,56,76,108,125,0.4375,0.59375,0.84375,0.9765625,2,timm:resnet34.a1_in1k
layer2.3.conv1,conv,33,128,1,False,128.0,0,28.0,28.0,1024,65225.40506628789,29.348306316568568,0.22928364309819194,51.926001960193574,0.4056718903140123,9.138512689923346,0.07139463039002614,1.7342931998612794,10,128,0.9452722022070563,128,56,76,108,125,0.4375,0.59375,0.84375,0.9765625,5,timm:resnet34.a1_in1k
layer2.3.conv1,conv,33,128,1,False,128.0,0,28.0,28.0,2048,67533.35699877431,28.527002493103254,0.22286720697736917,52.327151927915025,0.40880587443683614,8.394655610575796,0.06558324695762341,1.6746714592440808,10,128,0.9481226396743864,128,58,78,110,126,0.453125,0.609375,0.859375,0.984375,10,timm:resnet34.a1_in1k
layer2.3.conv1,conv,33,128,1,False,128.0,0,28.0,28.0,4096,67232.24725374235,29.570171365147754,0.23101696379021683,53.436650989753495,0.4174738358574492,8.823025487083113,0.06892988661783682,1.6459901036295614,10,128,0.9488725671058694,128,59,79,111,126,0.4609375,0.6171875,0.8671875,0.984375,25,timm:resnet34.a1_in1k
layer2.3.conv1,conv,33,128,1,False,128.0,0,28.0,28.0,7168,68025.1121332839,29.906076006068073,0.23364121879740682,54.11909348894929,0.4228054178824163,8.769026104026894,0.06850801643771011,1.6323646036118349,10,128,0.9496524766172506,128,59,79,111,126,0.4609375,0.6171875,0.8671875,0.984375,50,timm:resnet34.a1_in1k
layer2.3.conv1,conv,33,128,1,False,128.0,0,28.0,28.0,13312,68693.06147556021,29.96607267707633,0.23410994278965883,54.343155310992145,0.42455590086712613,8.731940524688483,0.06821828534912877,1.62092649465115,10,128,0.9502663562240321,128,60,80,111,126,0.46875,0.625,0.8671875,0.984375,100,timm:resnet34.a1_in1k
layer2.3.conv1,conv,33,128,1,False,128.0,0,28.0,28.0,32768,69071.88539931715,30.24127755038056,0.23625998086234812,54.72477270777411,0.4275372867794852,8.747082442313097,0.06833658158057107,1.6177082057035197,10,128,0.9501494907968489,128,60,80,111,126,0.46875,0.625,0.8671875,0.984375,250,timm:resnet34.a1_in1k
layer2.3.act1,act,34,128,1,False,,0,28.0,28.0,1024,20.35528680469517,56.087684802931335,0.43818503752290106,80.97985332732486,0.6326551041197255,17.14917979196156,0.1339779671246997,1.9048691162361944,10,128,0.13308264500508726,126,80,95,112,121,0.625,0.7421875,0.875,0.9453125,1,timm:resnet34.a1_in1k
layer2.3.act1,act,34,128,1,False,,0,28.0,28.0,1024,20.35528680469517,56.087684802931335,0.43818503752290106,80.97985332732486,0.6326551041197255,17.14917979196156,0.1339779671246997,1.9048691162361944,10,128,0.13308264500508726,126,80,95,112,121,0.625,0.7421875,0.875,0.9453125,2,timm:resnet34.a1_in1k
layer2.3.act1,act,34,128,1,False,,0,28.0,28.0,1024,20.35528680469517,56.087684802931335,0.43818503752290106,80.97985332732486,0.6326551041197255,17.14917979196156,0.1339779671246997,1.9048691162361944,10,128,0.13308264500508726,126,80,95,112,121,0.625,0.7421875,0.875,0.9453125,5,timm:resnet34.a1_in1k
layer2.3.act1,act,34,128,1,False,,0,28.0,28.0,2048,21.47419957771951,59.7950648097766,0.46714894382637967,85.44886984207969,0.6675692956412476,17.51323340420388,0.13682213597034282,1.725521955744944,10,128,0.11266881671334184,126,85,99,115,122,0.6640625,0.7734375,0.8984375,0.953125,10,timm:resnet34.a1_in1k
layer2.3.act1,act,34,128,1,False,,0,28.0,28.0,4096,21.842453992964234,62.90118008501621,0.4914154694141891,88.1275860076324,0.6884967656846281,18.38389799989295,0.14362420312416369,1.811331740973866,10,128,0.12095265302555025,127,87,101,115,122,0.6796875,0.7890625,0.8984375,0.953125,25,timm:resnet34.a1_in1k
layer2.3.act1,act,34,128,1,False,,0,28.0,28.0,7168,22.3265697838793,62.93878363023924,0.4917092471112441,88.18608602706662,0.688953797086458,18.456181913331484,0.14418892119790222,1.8152379960830871,10,128,0.12164946356392581,127,87,101,114,122,0.6796875,0.7890625,0.890625,0.953125,50,timm:resnet34.a1_in1k
layer2.3.act1,act,34,128,1,False,,0,28.0,28.0,13312,22.78684634113905,63.403555758866034,0.4953402793661409,88.42361645755405,0.690809503574641,18.606999906754336,0.14536718677151825,1.7953716993010536,10,128,0.11832420824740708,127,88,101,114,122,0.6875,0.7890625,0.890625,0.953125,100,timm:resnet34.a1_in1k
layer2.3.act1,act,34,128,1,False,,0,28.0,28.0,32768,23.14544685942584,63.44015283137595,0.4956261939951246,88.56740798903616,0.691932874914345,18.479485814079503,0.14437098292249612,1.7689426550028307,10,128,0.11835037654489078,127,88,101,114,121,0.6875,0.7890625,0.890625,0.9453125,250,timm:resnet34.a1_in1k
layer2.3.conv2,conv,35,128,1,False,128.0,0,28.0,28.0,1024,1877.4526834944709,51.36491889589239,0.4012884288741593,75.46733060592355,0.5895885203587777,15.45420942935547,0.12073601116683962,1.4543967225872247,10,128,0.8951540042743074,128,72,89,115,126,0.5625,0.6953125,0.8984375,0.984375,1,timm:resnet34.a1_in1k
layer2.3.conv2,conv,35,128,1,False,128.0,0,28.0,28.0,1024,1877.4526834944709,51.36491889589239,0.4012884288741593,75.46733060592355,0.5895885203587777,15.45420942935547,0.12073601116683962,1.4543967225872247,10,128,0.8951540042743074,128,72,89,115,126,0.5625,0.6953125,0.8984375,0.984375,2,timm:resnet34.a1_in1k
layer2.3.conv2,conv,35,128,1,False,128.0,0,28.0,28.0,1024,1877.4526834944709,51.36491889589239,0.4012884288741593,75.46733060592355,0.5895885203587777,15.45420942935547,0.12073601116683962,1.4543967225872247,10,128,0.8951540042743074,128,72,89,115,126,0.5625,0.6953125,0.8984375,0.984375,5,timm:resnet34.a1_in1k
layer2.3.conv2,conv,35,128,1,False,128.0,0,28.0,28.0,2048,1972.6848305787812,51.9575205535457,0.40591812932457577,77.35829505968175,0.6043616801537637,14.66233656322199,0.1145495044001718,1.3720328656134955,10,128,0.8940598191786998,128,74,92,116,127,0.578125,0.71875,0.90625,0.9921875,10,timm:resnet34.a1_in1k
layer2.3.conv2,conv,35,128,1,False,128.0,0,28.0,28.0,4096,1960.3407490478623,53.91411826364515,0.42120404893472774,79.01582489310093,0.617311131977351,15.16917294644063,0.11850916364406743,1.3448186572559302,10,128,0.896591926368029,128,76,93,117,127,0.59375,0.7265625,0.9140625,0.9921875,25,timm:resnet34.a1_in1k
layer2.3.conv2,conv,35,128,1,False,128.0,0,28.0,28.0,7168,1994.1220168366292,54.7723382045499,0.42790889222304607,79.85280714663672,0.6238500558330994,15.546638539673939,0.12145811359120265,1.3256105818357562,10,128,0.8940237026252156,128,76,94,117,127,0.59375,0.734375,0.9140625,0.9921875,50,timm:resnet34.a1_in1k
layer2.3.conv2,conv,35,128,1,False,128.0,0,28.0,28.0,13312,2026.8337604962765,54.6403291486117,0.4268775714735289,80.12861002464167,0.6260047658175131,15.078367276699694,0.11779974434921636,1.3119979807018474,10,128,0.893466477008324,128,77,94,117,127,0.6015625,0.734375,0.9140625,0.9921875,100,timm:resnet34.a1_in1k
layer2.3.conv2,conv,35,128,1,False,128.0,0,28.0,28.0,32768,2053.233065126946,55.004210115145824,0.42972039152457675,80.28695913163972,0.6272418682159353,15.492828027521208,0.12103771896500944,1.3062831444071707,10,128,0.8946610999704498,128,77,94,117,127,0.6015625,0.734375,0.9140625,0.9921875,250,timm:resnet34.a1_in1k
layer2.3.act2,act,36,128,1,False,,0,28.0,28.0,1024,668.4228282044711,58.40174147526446,0.4562636052755036,84.21435936764419,0.6579246825597203,16.01570855368475,0.1251227230756621,1.202522360411484,10,128,0.8144569035940681,128,82,99,119,126,0.640625,0.7734375,0.9296875,0.984375,1,timm:resnet34.a1_in1k
layer2.3.act2,act,36,128,1,False,,0,28.0,28.0,1024,668.4228282044711,58.40174147526446,0.4562636052755036,84.21435936764419,0.6579246825597203,16.01570855368475,0.1251227230756621,1.202522360411484,10,128,0.8144569035940681,128,82,99,119,126,0.640625,0.7734375,0.9296875,0.984375,2,timm:resnet34.a1_in1k
layer2.3.act2,act,36,128,1,False,,0,28.0,28.0,1024,668.4228282044711,58.40174147526446,0.4562636052755036,84.21435936764419,0.6579246825597203,16.01570855368475,0.1251227230756621,1.202522360411484,10,128,0.8144569035940681,128,82,99,119,126,0.640625,0.7734375,0.9296875,0.984375,5,timm:resnet34.a1_in1k
layer2.3.act2,act,36,128,1,False,,0,28.0,28.0,2048,698.9949488426604,59.720656731041046,0.4665676307112582,86.62408659603689,0.6767506765315382,15.550317381735262,0.12148685454480673,1.0982765687591196,10,128,0.8630614399907998,128,85,102,120,126,0.6640625,0.796875,0.9375,0.984375,10,timm:resnet34.a1_in1k
layer2.3.act2,act,36,128,1,False,,0,28.0,28.0,4096,700.596272033253,61.36622121768897,0.47942360326319505,88.39833070662827,0.6906119586455334,15.926136805674956,0.12442294379433559,1.0422000964893556,10,128,0.875198023443402,128,87,103,120,127,0.6796875,0.8046875,0.9375,0.9921875,25,timm:resnet34.a1_in1k
layer2.3.act2,act,36,128,1,False,,0,28.0,28.0,7168,713.7377457441563,62.63840605259944,0.48936254728593315,89.51382224810673,0.6993267363133339,16.006373622290777,0.1250497939241467,1.0243810752859643,10,128,0.8722049308875134,128,88,104,121,127,0.6875,0.8125,0.9453125,0.9921875,50,timm:resnet34.a1_in1k
layer2.3.act2,act,36,128,1,False,,0,28.0,28.0,13312,722.3667285188078,62.80778783794033,0.49068584248390884,89.8308655252173,0.7018036369157602,16.05079581072204,0.12539684227126593,1.0059441479356417,10,128,0.8812356298792844,128,89,104,121,127,0.6953125,0.8125,0.9453125,0.9921875,100,timm:resnet34.a1_in1k
layer2.3.act2,act,36,128,1,False,,0,28.0,28.0,32768,726.0994615296983,63.47112634042162,0.4958681745345439,90.24717742453618,0.7050560736291889,16.464908770228593,0.12863209976741088,0.9981311305419652,10,128,0.8776774486861583,128,89,104,121,127,0.6953125,0.8125,0.9453125,0.9921875,250,timm:resnet34.a1_in1k
layer2.3,block,37,128,1,False,,0,28.0,28.0,1024,692.5106820472873,57.398986145439174,0.44842957926124355,83.68141290760413,0.6537610383406572,15.379101996869897,0.12014923435054607,1.17820244720284,10,128,0.8981669176774979,128,82,99,119,127,0.640625,0.7734375,0.9296875,0.9921875,1,timm:resnet34.a1_in1k
layer2.3,block,37,128,1,False,,0,28.0,28.0,1024,692.5106820472873,57.398986145439174,0.44842957926124355,83.68141290760413,0.6537610383406572,15.379101996869897,0.12014923435054607,1.17820244720284,10,128,0.8981669176774979,128,82,99,119,127,0.640625,0.7734375,0.9296875,0.9921875,2,timm:resnet34.a1_in1k
layer2.3,block,37,128,1,False,,0,28.0,28.0,1024,692.5106820472873,57.398986145439174,0.44842957926124355,83.68141290760413,0.6537610383406572,15.379101996869897,0.12014923435054607,1.17820244720284,10,128,0.8981669176774979,128,82,99,119,127,0.640625,0.7734375,0.9296875,0.9921875,5,timm:resnet34.a1_in1k
layer2.3,block,37,128,1,False,,0,28.0,28.0,2048,702.8384482759899,59.20420930021416,0.4625328851579231,86.49820155533546,0.6757671996510582,15.245495611859948,0.11910543446765584,1.0783583176329905,10,128,0.9003272655569851,128,85,102,120,127,0.6640625,0.796875,0.9375,0.9921875,10,timm:resnet34.a1_in1k
layer2.3,block,37,128,1,False,,0,28.0,28.0,4096,702.0571414001099,61.313695006403435,0.47901324223752684,88.24274723531994,0.689396462775937,16.259430805469623,0.12702680316773143,1.0350816084719425,10,128,0.892034735430923,128,87,103,121,127,0.6796875,0.8046875,0.9453125,0.9921875,25,timm:resnet34.a1_in1k
layer2.3,block,37,128,1,False,,0,28.0,28.0,7168,716.8598297703429,62.70072018661302,0.4898493764579142,89.38046144787917,0.698284855061556,16.455150579352658,0.12855586390119264,1.0202244790456223,10,128,0.8881955903806754,128,88,104,121,127,0.6875,0.8125,0.9453125,0.9921875,50,timm:resnet34.a1_in1k
layer2.3,block,37,128,1,False,,0,28.0,28.0,13312,722.3599466312439,62.79067553273161,0.4905521525994657,89.807561761083,0.7016215762584609,16.161657251544877,0.12626294727769435,1.0033092447736798,10,128,0.8828635981828172,128,89,104,121,127,0.6953125,0.8125,0.9453125,0.9921875,100,timm:resnet34.a1_in1k
layer2.3,block,37,128,1,False,,0,28.0,28.0,32768,727.4300051134812,63.52884642878616,0.4963191127248919,90.30761132683128,0.7055282134908694,16.432337374106794,0.12837763573520933,0.9962047305412879,10,128,0.8809533633858135,128,89,104,121,127,0.6953125,0.8125,0.9453125,0.9921875,250,timm:resnet34.a1_in1k
layer3.0.conv1,conv,38,256,1,False,256.0,0,14.0,14.0,1024,284537.77679007815,36.50810218562469,0.14260977416259646,69.89240388135396,0.2730172026615389,11.105023856590552,0.043378999439806845,2.22283839648487,10,256,0.9079461634963333,256,75,105,170,233,0.29296875,0.41015625,0.6640625,0.91015625,1,timm:resnet34.a1_in1k
layer3.0.conv1,conv,38,256,1,False,256.0,0,14.0,14.0,1024,284537.77679007815,36.50810218562469,0.14260977416259646,69.89240388135396,0.2730172026615389,11.105023856590552,0.043378999439806845,2.22283839648487,10,256,0.9079461634963333,256,75,105,170,233,0.29296875,0.41015625,0.6640625,0.91015625,2,timm:resnet34.a1_in1k
layer3.0.conv1,conv,38,256,1,False,256.0,0,14.0,14.0,2048,292240.6471441798,37.29055464206324,0.14566622907055954,72.61595612552516,0.28365607861533265,11.425207407626498,0.04462971643604101,2.123772471069369,10,256,0.911711280564649,256,79,110,176,237,0.30859375,0.4296875,0.6875,0.92578125,5,timm:resnet34.a1_in1k
layer3.0.conv1,conv,38,256,1,False,256.0,0,14.0,14.0,3072,290108.10161258536,38.53063700580149,0.15051030080391206,74.17615040535567,0.2897505875209206,11.767897503963248,0.045968349624856436,2.096733082191915,10,256,0.9127167594439669,256,80,112,178,238,0.3125,0.4375,0.6953125,0.9296875,10,timm:resnet34.a1_in1k
layer3.0.conv1,conv,38,256,1,False,256.0,0,14.0,14.0,7168,295474.12798794836,40.16353610909956,0.15688881292617016,76.40170586093349,0.29844416351927144,11.777808991963024,0.04600706637485556,2.0648850676119017,10,256,0.9139378491550512,256,82,114,181,239,0.3203125,0.4453125,0.70703125,0.93359375,25,timm:resnet34.a1_in1k
layer3.0.conv1,conv,38,256,1,False,256.0,0,14.0,14.0,13312,297687.05757239665,40.129272085121855,0.15675496908250725,76.73057494834016,0.29972880839195376,11.659778892569365,0.04554601129909908,2.0508148274269926,10,256,0.9143307044592885,256,82,115,182,240,0.3203125,0.44921875,0.7109375,0.9375,50,timm:resnet34.a1_in1k
layer3.0.conv1,conv,38,256,1,False,256.0,0,14.0,14.0,25600,297748.06237808557,40.54060179161171,0.15836172574848323,77.2523962967441,0.3017671730341566,11.651009912643284,0.04551175747126283,2.042735709025748,10,256,0.9145748749840659,256,83,115,183,240,0.32421875,0.44921875,0.71484375,0.9375,100,timm:resnet34.a1_in1k
layer3.0.conv1,conv,38,256,1,False,256.0,0,14.0,14.0,64512,297472.20643081714,40.45468140215579,0.15802609922717106,77.24968567916987,0.3017565846842573,11.581832645435696,0.04524153377123319,2.0385982331409536,10,256,0.9143960663948487,256,83,115,183,240,0.32421875,0.44921875,0.71484375,0.9375,250,timm:resnet34.a1_in1k
layer3.0.act1,act,39,256,1,False,,0,14.0,14.0,1024,186.33724694704148,74.08230469954802,0.28938400273260945,127.46050106125577,0.49789258227053035,18.437830576696133,0.07202277569021927,1.3270266855079371,10,256,0.8855433388750347,255,136,175,228,250,0.53125,0.68359375,0.890625,0.9765625,1,timm:resnet34.a1_in1k
layer3.0.act1,act,39,256,1,False,,0,14.0,14.0,1024,186.33724694704148,74.08230469954802,0.28938400273260945,127.46050106125577,0.49789258227053035,18.437830576696133,0.07202277569021927,1.3270266855079371,10,256,0.8855433388750347,255,136,175,228,250,0.53125,0.68359375,0.890625,0.9765625,2,timm:resnet34.a1_in1k
layer3.0.act1,act,39,256,1,False,,0,14.0,14.0,2048,189.61906191583114,78.67963386399629,0.3073423197812355,137.0400913112085,0.5353128566844082,17.711898151788247,0.06918710215542284,1.2159103741164254,10,256,0.7428452717882035,256,150,188,235,252,0.5859375,0.734375,0.91796875,0.984375,5,timm:resnet34.a1_in1k
layer3.0.act1,act,39,256,1,False,,0,14.0,14.0,3072,188.55080061324313,80.87557073896545,0.3159201981990838,140.22314144705888,0.5477466462775737,18.427498383923005,0.07198241556219924,1.1627446461408808,10,256,0.7488303464335803,256,155,193,237,252,0.60546875,0.75390625,0.92578125,0.984375,10,timm:resnet34.a1_in1k
layer3.0.act1,act,39,256,1,False,,0,14.0,14.0,7168,193.35892868288047,82.40338417638077,0.3218882194389874,143.21238793874852,0.5594233903857364,18.473574574653178,0.07216240068223898,1.1165211037692118,10,256,0.7124116664227422,256,160,197,239,252,0.625,0.76953125,0.93359375,0.984375,25,timm:resnet34.a1_in1k
layer3.0.act1,act,39,256,1,False,,0,14.0,14.0,13312,194.9200497780064,83.67774657816959,0.32686619757097496,145.12255177640014,0.5668849678765631,18.456165485491397,0.07209439642770077,1.0921643372439862,10,256,0.7386850488904295,256,162,199,239,252,0.6328125,0.77734375,0.93359375,0.984375,50,timm:resnet34.a1_in1k
layer3.0.act1,act,39,256,1,False,,0,14.0,14.0,25600,194.83917580832198,84.6570041473212,0.33069142245047345,146.1193142619026,0.570778571335557,18.749553369599422,0.07324044284999774,1.0816482752649335,10,256,0.7377098511547083,256,163,200,240,252,0.63671875,0.78125,0.9375,0.984375,100,timm:resnet34.a1_in1k
layer3.0.act1,act,39,256,1,False,,0,14.0,14.0,64512,193.70959414409072,84.56657165149505,0.33033817051365255,146.28749194110588,0.5714355153949449,18.659398921699403,0.07288827703788829,1.078605459789854,10,256,0.7174741514674136,256,164,200,240,252,0.640625,0.78125,0.9375,0.984375,250,timm:resnet34.a1_in1k
layer3.0.conv2,conv,40,256,1,False,256.0,0,14.0,14.0,1024,44766.2339969758,50.75708136442726,0.19826984907979397,95.53301896463609,0.3731758553306097,15.029036374137732,0.058707173336475516,1.683859419602722,10,256,0.9213488764372234,256,104,141,209,248,0.40625,0.55078125,0.81640625,0.96875,1,timm:resnet34.a1_in1k
layer3.0.conv2,conv,40,256,1,False,256.0,0,14.0,14.0,1024,44766.2339969758,50.75708136442726,0.19826984907979397,95.53301896463609,0.3731758553306097,15.029036374137732,0.058707173336475516,1.683859419602722,10,256,0.9213488764372234,256,104,141,209,248,0.40625,0.55078125,0.81640625,0.96875,2,timm:resnet34.a1_in1k
layer3.0.conv2,conv,40,256,1,False,256.0,0,14.0,14.0,2048,45041.945332031835,52.73018967284815,0.20597730340956308,100.76673282433512,0.39362005009505907,14.279551427516843,0.05577949776373767,1.5689243047993244,10,256,0.9305600080888703,256,111,150,216,250,0.43359375,0.5859375,0.84375,0.9765625,5,timm:resnet34.a1_in1k
layer3.0.conv2,conv,40,256,1,False,256.0,0,14.0,14.0,3072,44461.78425020779,53.663972198130516,0.20962489139894733,103.02940751927143,0.402458623122154,14.165435730723827,0.05533373332313995,1.5341466173232396,10,256,0.9330113949648853,256,114,153,219,251,0.4453125,0.59765625,0.85546875,0.98046875,10,timm:resnet34.a1_in1k
layer3.0.conv2,conv,40,256,1,False,256.0,0,14.0,14.0,7168,44978.160978888896,55.50617110677494,0.21682098088583962,105.70657239813465,0.4129162984302135,14.049322899723116,0.05488016757704342,1.4984403969349813,10,256,0.9378962264058462,256,116,156,221,251,0.453125,0.609375,0.86328125,0.98046875,25,timm:resnet34.a1_in1k
layer3.0.conv2,conv,40,256,1,False,256.0,0,14.0,14.0,13312,45265.479252901474,55.97445263521976,0.2186502056063272,106.58747287658623,0.416357315924165,14.268290880653389,0.0557355112525523,1.4820532811488478,10,256,0.9389456091597473,256,118,158,222,252,0.4609375,0.6171875,0.8671875,0.984375,50,timm:resnet34.a1_in1k
layer3.0.conv2,conv,40,256,1,False,256.0,0,14.0,14.0,25600,45525.09387489038,56.53051320655516,0.2208223172131061,107.19018962582317,0.41871167822587174,14.488420587251648,0.05659539291895175,1.475750323070455,10,256,0.9400113627905933,256,118,159,223,252,0.4609375,0.62109375,0.87109375,0.984375,100,timm:resnet34.a1_in1k
layer3.0.conv2,conv,40,256,1,False,256.0,0,14.0,14.0,64512,45407.19465050831,56.231628725587385,0.21965479970932572,107.07384954084017,0.4182572247689069,14.50960784715873,0.05667815565296379,1.4702449562032331,10,256,0.9403600320557324,256,118,159,223,252,0.4609375,0.62109375,0.87109375,0.984375,250,timm:resnet34.a1_in1k
layer3.0.downsample.0,conv,41,256,1,False,128.0,0,14.0,14.0,1024,15122.095978331321,23.9095770704264,0.09339678543135313,43.42986754282541,0.16964792008916177,8.511672126565703,0.033248719244397276,8.122073974476287,10,256,0.612868598095319,190,46,62,94,119,0.1796875,0.2421875,0.3671875,0.46484375,1,timm:resnet34.a1_in1k
layer3.0.downsample.0,conv,41,256,1,False,128.0,0,14.0,14.0,1024,15122.095978331321,23.9095770704264,0.09339678543135313,43.42986754282541,0.16964792008916177,8.511672126565703,0.033248719244397276,8.122073974476287,10,256,0.612868598095319,190,46,62,94,119,0.1796875,0.2421875,0.3671875,0.46484375,2,timm:resnet34.a1_in1k
layer3.0.downsample.0,conv,41,256,1,False,128.0,0,14.0,14.0,2048,15423.341028245632,24.383739968287397,0.09524898425112265,44.32968117470954,0.17316281708870915,8.333786771971731,0.032553854578014574,8.289433451321726,10,256,0.6056879518913669,190,47,64,95,120,0.18359375,0.25,0.37109375,0.46875,5,timm:resnet34.a1_in1k
layer3.0.downsample.0,conv,41,256,1,False,128.0,0,14.0,14.0,3072,15380.701567188966,24.725787259738453,0.09658510648335333,44.57777838652673,0.17413194682237004,8.905275457559473,0.03478623225609169,8.391678518318571,10,256,0.6023358063360263,190,48,64,96,120,0.1875,0.25,0.375,0.46875,10,timm:resnet34.a1_in1k
layer3.0.downsample.0,conv,41,256,1,False,128.0,0,14.0,14.0,7168,15782.127763443064,25.800835404766524,0.10078451329986923,45.6220361757828,0.17821107881165157,9.206528776993583,0.03596300303513118,8.551104133145891,10,256,0.5985581824545714,190,48,65,96,120,0.1875,0.25390625,0.375,0.46875,25,timm:resnet34.a1_in1k
layer3.0.downsample.0,conv,41,256,1,False,128.0,0,14.0,14.0,13312,15899.407734311315,25.433943736385483,0.0993513427202558,45.482981835185335,0.17766789779369271,8.8762844890502,0.03467298628535234,8.707376860252023,10,256,0.5940026123752657,189,48,65,96,120,0.1875,0.25390625,0.375,0.46875,50,timm:resnet34.a1_in1k
layer3.0.downsample.0,conv,41,256,1,False,128.0,0,14.0,14.0,25600,16036.166371165737,25.657571538171453,0.10022488882098224,45.75900456130961,0.17874611156761566,8.86710188102537,0.03463711672275535,8.923831718537054,10,256,0.5934285725569675,190,48,65,97,120,0.1875,0.25390625,0.37890625,0.46875,100,timm:resnet34.a1_in1k
layer3.0.downsample.0,conv,41,256,1,False,128.0,0,14.0,14.0,64512,15996.127287484633,25.556617003782733,0.0998305351710263,45.654297128017475,0.17833709815631826,8.837550154209499,0.034521680289880854,9.100116339110356,10,256,0.5863851735967553,189,48,65,97,120,0.1875,0.25390625,0.37890625,0.46875,250,timm:resnet34.a1_in1k
layer3.0.act2,act,42,256,1,False,,0,14.0,14.0,1024,911.5489696118606,57.99557341036181,0.2265452086342258,103.58980921120067,0.40464769223125263,16.6792001462202,0.06515312557117266,1.5473381269535789,10,256,0.9138168272066328,254,114,154,217,247,0.4453125,0.6015625,0.84765625,0.96484375,1,timm:resnet34.a1_in1k
layer3.0.act2,act,42,256,1,False,,0,14.0,14.0,1024,911.5489696118606,57.99557341036181,0.2265452086342258,103.58980921120067,0.40464769223125263,16.6792001462202,0.06515312557117266,1.5473381269535789,10,256,0.9138168272066328,254,114,154,217,247,0.4453125,0.6015625,0.84765625,0.96484375,2,timm:resnet34.a1_in1k
layer3.0.act2,act,42,256,1,False,,0,14.0,14.0,2048,926.6626952149236,59.22870963246492,0.2313621470018161,108.59344221740824,0.42419313366175093,16.28187328000675,0.06360106750002636,1.608835515326476,10,256,0.256144467227853,254,124,165,224,248,0.484375,0.64453125,0.875,0.96875,5,timm:resnet34.a1_in1k
layer3.0.act2,act,42,256,1,False,,0,14.0,14.0,3072,917.4900630257191,60.898852741186325,0.23788614352025908,111.03187141506571,0.4337182477151004,17.164534270292098,0.0670489619933285,1.4240987028390162,10,256,0.7473449700339259,255,128,169,226,249,0.5,0.66015625,0.8828125,0.97265625,10,timm:resnet34.a1_in1k
layer3.0.act2,act,42,256,1,False,,0,14.0,14.0,7168,932.9282813658862,63.36168998385593,0.24750660149943723,114.61341536218674,0.44770865375854196,17.759899675346347,0.06937460810682167,1.361660480042123,10,256,0.817916544405738,255,132,174,229,249,0.515625,0.6796875,0.89453125,0.97265625,25,timm:resnet34.a1_in1k
layer3.0.act2,act,42,256,1,False,,0,14.0,14.0,13312,940.615937522084,63.41896584240334,0.24773033532188804,115.16881211577507,0.44987817232724636,17.626127360591074,0.06885206000230888,1.3740432783690377,10,256,0.7611595772854031,256,134,176,230,249,0.5234375,0.6875,0.8984375,0.97265625,50,timm:resnet34.a1_in1k
layer3.0.act2,act,42,256,1,False,,0,14.0,14.0,25600,949.0006452784261,64.06932838717576,0.2502708140124053,115.98985383294618,0.453085366534946,17.926001740061732,0.07002344429711614,1.373851423313225,10,256,0.7326756244273355,256,135,176,230,249,0.52734375,0.6875,0.8984375,0.97265625,100,timm:resnet34.a1_in1k
layer3.0.act2,act,42,256,1,False,,0,14.0,14.0,64512,948.7439217013937,63.894138833437566,0.2495864798181155,115.99040717393048,0.45308752802316593,17.787281139300745,0.06948156695039354,1.3641032727884033,10,256,0.7444952660574686,256,135,177,230,249,0.52734375,0.69140625,0.8984375,0.97265625,250,timm:resnet34.a1_in1k
layer3.0,block,43,256,1,False,,0,14.0,14.0,1024,907.5702789396136,56.575554611162644,0.22099826019985408,102.05007283190515,0.3986330969996295,16.428541099949218,0.06417398867167663,1.7633632719259165,10,256,0.29264693129477426,254,113,153,216,246,0.44140625,0.59765625,0.84375,0.9609375,1,timm:resnet34.a1_in1k
layer3.0,block,43,256,1,False,,0,14.0,14.0,1024,907.5702789396136,56.575554611162644,0.22099826019985408,102.05007283190515,0.3986330969996295,16.428541099949218,0.06417398867167663,1.7633632719259165,10,256,0.29264693129477426,254,113,153,216,246,0.44140625,0.59765625,0.84375,0.9609375,2,timm:resnet34.a1_in1k
layer3.0,block,43,256,1,False,,0,14.0,14.0,2048,931.8073631831988,59.6834438112726,0.2331384523877836,108.6100642379385,0.4242580634294473,16.846986609655197,0.06580854144396561,1.7609170116258595,10,256,0.2169611598552792,254,123,165,224,248,0.48046875,0.64453125,0.875,0.96875,5,timm:resnet34.a1_in1k
layer3.0,block,43,256,1,False,,0,14.0,14.0,3072,929.7598247958045,61.05268445150708,0.23848704863869954,110.90975281826056,0.4332412219463303,17.44955014303867,0.06816230524624481,1.7220819969873518,10,256,0.21239140921918198,254,127,169,226,248,0.49609375,0.66015625,0.8828125,0.96875,10,timm:resnet34.a1_in1k
layer3.0,block,43,256,1,False,,0,14.0,14.0,7168,941.8335300518306,63.2741866679433,0.2471647916716535,114.32844557859003,0.4465954905413673,18.00987208044539,0.0703510628142398,1.5888384519909962,10,256,0.28867945562360686,255,131,174,228,249,0.51171875,0.6796875,0.890625,0.97265625,25,timm:resnet34.a1_in1k
layer3.0,block,43,256,1,False,,0,14.0,14.0,13312,947.9284716143325,63.17692484755145,0.24678486268574784,114.87762391997441,0.44874071843740004,17.717863426259925,0.06921040400882783,1.404633225987759,10,256,0.5971049026432197,256,133,175,229,249,0.51953125,0.68359375,0.89453125,0.97265625,50,timm:resnet34.a1_in1k
layer3.0,block,43,256,1,False,,0,14.0,14.0,25600,954.0305434280139,63.60751810737916,0.24846686760694983,115.51643838529294,0.45123608744255056,17.74612721303402,0.06932080942591413,1.405387801975176,10,256,0.5713849886306361,256,134,176,230,249,0.5234375,0.6875,0.8984375,0.97265625,100,timm:resnet34.a1_in1k
layer3.0,block,43,256,1,False,,0,14.0,14.0,64512,950.2164327877404,63.60550756923878,0.248459013942339,115.71824214906977,0.4520243833948038,17.614243723929256,0.06880563954659866,1.3991094482035327,10,256,0.5467067919352759,256,135,177,230,249,0.52734375,0.69140625,0.8984375,0.97265625,250,timm:resnet34.a1_in1k
layer3.1.conv1,conv,44,256,1,False,256.0,0,14.0,14.0,1024,279728.2480907869,35.09553052854072,0.1370919161271122,78.64921778051387,0.3072235069551323,8.604178650630198,0.03361007285402421,1.7912818204555712,10,256,0.9280850775774715,256,92,129,200,246,0.359375,0.50390625,0.78125,0.9609375,1,timm:resnet34.a1_in1k
layer3.1.conv1,conv,44,256,1,False,256.0,0,14.0,14.0,1024,279728.2480907869,35.09553052854072,0.1370919161271122,78.64921778051387,0.3072235069551323,8.604178650630198,0.03361007285402421,1.7912818204555712,10,256,0.9280850775774715,256,92,129,200,246,0.359375,0.50390625,0.78125,0.9609375,2,timm:resnet34.a1_in1k
layer3.1.conv1,conv,44,256,1,False,256.0,0,14.0,14.0,2048,279269.74579142715,36.654299628789154,0.14318085792495763,83.31101220453819,0.3254336414239773,8.8110654116302,0.034418224264180466,1.6721651291932615,10,256,0.9354451783722538,256,99,138,208,248,0.38671875,0.5390625,0.8125,0.96875,5,timm:resnet34.a1_in1k
layer3.1.conv1,conv,44,256,1,False,256.0,0,14.0,14.0,3072,275754.6418371957,38.19503915011693,0.14919937168014427,85.30158617156094,0.33320932098265993,9.289400839337526,0.03628672202866221,1.6390385741798836,10,256,0.9380472474621065,256,101,140,211,249,0.39453125,0.546875,0.82421875,0.97265625,10,timm:resnet34.a1_in1k
layer3.1.conv1,conv,44,256,1,False,256.0,0,14.0,14.0,7168,278670.35203836736,39.73794449325472,0.15522634567677626,87.6886542130255,0.34253380551963086,9.664452170704722,0.03775176629181532,1.5994208500718312,10,256,0.9410187776224793,256,104,144,214,250,0.40625,0.5625,0.8359375,0.9765625,25,timm:resnet34.a1_in1k
layer3.1.conv1,conv,44,256,1,False,256.0,0,14.0,14.0,13312,280419.19859948684,39.48331903433163,0.15423171497785793,88.08960783623874,0.3441000306103076,9.455567955598639,0.03693581232655718,1.585022628981876,10,256,0.9433048759431405,256,105,145,215,250,0.41015625,0.56640625,0.83984375,0.9765625,50,timm:resnet34.a1_in1k
layer3.1.conv1,conv,44,256,1,False,256.0,0,14.0,14.0,25600,282130.83495374286,40.02764062312481,0.1563579711840813,88.7851164686621,0.3468168612057113,9.57558628279377,0.037404633917163164,1.5787706270979924,10,256,0.9434040204411178,256,105,145,215,250,0.41015625,0.56640625,0.83984375,0.9765625,100,timm:resnet34.a1_in1k
layer3.1.conv1,conv,44,256,1,False,256.0,0,14.0,14.0,64512,280888.27615652,40.205795374453324,0.1570538881814583,89.04788875206293,0.3478433154377458,9.622833583876762,0.0375891936870186,1.574793994068448,10,256,0.9436375764219564,256,105,146,216,250,0.41015625,0.5703125,0.84375,0.9765625,250,timm:resnet34.a1_in1k
layer3.1.act1,act,45,256,1,False,,0,14.0,14.0,1024,58.48346183331414,94.9673612652192,0.3709662549422625,144.4590720008256,0.564293250003225,28.0567814210071,0.10959680242580898,2.1467317906223893,10,256,0.14216644324594363,251,144,177,221,239,0.5625,0.69140625,0.86328125,0.93359375,1,timm:resnet34.a1_in1k
layer3.1.act1,act,45,256,1,False,,0,14.0,14.0,1024,58.48346183331414,94.9673612652192,0.3709662549422625,144.4590720008256,0.564293250003225,28.0567814210071,0.10959680242580898,2.1467317906223893,10,256,0.14216644324594363,251,144,177,221,239,0.5625,0.69140625,0.86328125,0.93359375,2,timm:resnet34.a1_in1k
layer3.1.act1,act,45,256,1,False,,0,14.0,14.0,2048,58.03230940325255,106.57939926832968,0.4163257783919128,158.19289947825354,0.6179410135869279,31.616477009598874,0.1235018633187456,1.5517265028298446,10,256,0.17054086184953754,252,159,190,226,241,0.62109375,0.7421875,0.8828125,0.94140625,5,timm:resnet34.a1_in1k
layer3.1.act1,act,45,256,1,False,,0,14.0,14.0,3072,57.6851587532789,111.43971604184281,0.4353113907884485,163.32486853242102,0.6379877677047696,32.29633795922868,0.12615757015323703,1.8994927945832267,10,256,0.1208626136557831,252,164,194,228,241,0.640625,0.7578125,0.890625,0.94140625,10,timm:resnet34.a1_in1k
layer3.1.act1,act,45,256,1,False,,0,14.0,14.0,7168,58.9917216670607,115.47323872824578,0.45106733878221006,167.99421521503675,0.6562274031837373,33.552863098785124,0.1310658714796294,1.6479833222944913,10,256,0.12942275879330423,253,169,197,229,241,0.66015625,0.76953125,0.89453125,0.94140625,25,timm:resnet34.a1_in1k
layer3.1.act1,act,45,256,1,False,,0,14.0,14.0,13312,59.243748007597226,115.02426198268753,0.4493135233698732,168.52117217628975,0.6582858288136318,33.27311914060562,0.1299731216429907,1.390947771420038,10,256,0.17195861957975733,254,171,199,230,242,0.66796875,0.77734375,0.8984375,0.9453125,50,timm:resnet34.a1_in1k
layer3.1.act1,act,45,256,1,False,,0,14.0,14.0,25600,59.47442807205536,116.76517871704469,0.4561139793634558,170.03158812964358,0.6641858911314202,34.11107088452834,0.13324637064268882,1.5886601284737396,10,256,0.12667980577545068,254,172,200,230,241,0.671875,0.78125,0.8984375,0.94140625,100,timm:resnet34.a1_in1k
layer3.1.act1,act,45,256,1,False,,0,14.0,14.0,64512,59.27887991914587,116.61797537468092,0.45553896630734736,170.11839454134363,0.6645249786771236,34.39024091262684,0.13433687856494858,1.4631912512101526,10,256,0.16381850000232157,255,172,200,230,241,0.671875,0.78125,0.8984375,0.94140625,250,timm:resnet34.a1_in1k
layer3.1.conv2,conv,46,256,1,False,256.0,0,14.0,14.0,1024,10056.249579495816,53.17500912078445,0.20771487937806427,107.17391791997662,0.41864811687490866,12.099608773677565,0.04726409677217799,1.4787111697591313,10,256,0.9138871288584236,256,120,158,220,251,0.46875,0.6171875,0.859375,0.98046875,1,timm:resnet34.a1_in1k
layer3.1.conv2,conv,46,256,1,False,256.0,0,14.0,14.0,1024,10056.249579495816,53.17500912078445,0.20771487937806427,107.17391791997662,0.41864811687490866,12.099608773677565,0.04726409677217799,1.4787111697591313,10,256,0.9138871288584236,256,120,158,220,251,0.46875,0.6171875,0.859375,0.98046875,2,timm:resnet34.a1_in1k
layer3.1.conv2,conv,46,256,1,False,256.0,0,14.0,14.0,2048,10283.657219591803,55.75507947910845,0.2177932792152674,113.71675407573939,0.444206070608357,12.127238496686571,0.04737202537768192,1.3552892657955058,10,256,0.9242136096783156,256,129,168,227,252,0.50390625,0.65625,0.88671875,0.984375,5,timm:resnet34.a1_in1k
layer3.1.conv2,conv,46,256,1,False,256.0,0,14.0,14.0,3072,10191.86050374409,56.91334110423508,0.22231773868841828,116.74873694224816,0.45604975368065687,12.076675274159255,0.04717451278968459,1.316060827482304,10,256,0.9246319369246261,256,132,171,229,253,0.515625,0.66796875,0.89453125,0.98828125,10,timm:resnet34.a1_in1k
layer3.1.conv2,conv,46,256,1,False,256.0,0,14.0,14.0,7168,10360.259524187615,58.51700419177005,0.22858204762410175,119.5145231286915,0.46685360597145115,12.33316874162483,0.04817644039697199,1.2732422164619395,10,256,0.9286242363873042,256,136,175,231,253,0.53125,0.68359375,0.90234375,0.98828125,25,timm:resnet34.a1_in1k
layer3.1.conv2,conv,46,256,1,False,256.0,0,14.0,14.0,13312,10400.0672234052,58.42409727519703,0.2282191299812384,120.7045470892388,0.47150213706733907,12.023451577149505,0.04696660772324025,1.2548081739380903,10,256,0.9293637706544701,256,138,177,231,253,0.5390625,0.69140625,0.90234375,0.98828125,50,timm:resnet34.a1_in1k
layer3.1.conv2,conv,46,256,1,False,256.0,0,14.0,14.0,25600,10483.480815726454,58.869721375969185,0.22995984912487963,121.08647187006814,0.47299403074245366,12.221105462486495,0.04773869321283787,1.2469253666939972,10,256,0.9302436564889967,256,138,177,232,253,0.5390625,0.69140625,0.90625,0.98828125,100,timm:resnet34.a1_in1k
layer3.1.conv2,conv,46,256,1,False,256.0,0,14.0,14.0,64512,10463.71774753986,59.373217228466125,0.2319266297986958,121.72173070617275,0.4754755105709873,12.316966520359461,0.048113150470154145,1.2413512606436592,10,256,0.9307062018043661,256,139,178,232,253,0.54296875,0.6953125,0.90625,0.98828125,250,timm:resnet34.a1_in1k
layer3.1.act2,act,47,256,1,False,,0,14.0,14.0,1024,932.4943785793272,76.34221184914415,0.29821176503571933,127.164673165332,0.49673700455207814,22.910485011254554,0.0894940820752131,1.3665992786418835,10,256,0.8921251720080989,256,134,173,227,250,0.5234375,0.67578125,0.88671875,0.9765625,1,timm:resnet34.a1_in1k
layer3.1.act2,act,47,256,1,False,,0,14.0,14.0,1024,932.4943785793272,76.34221184914415,0.29821176503571933,127.164673165332,0.49673700455207814,22.910485011254554,0.0894940820752131,1.3665992786418835,10,256,0.8921251720080989,256,134,173,227,250,0.5234375,0.67578125,0.88671875,0.9765625,2,timm:resnet34.a1_in1k
layer3.1.act2,act,47,256,1,False,,0,14.0,14.0,2048,950.6886354797224,79.70718000018697,0.31135617187573034,135.16483353516037,0.5279876309967202,22.21161337134174,0.08676411473180368,1.217037464979957,10,256,0.8910921658454155,256,147,185,234,252,0.57421875,0.72265625,0.9140625,0.984375,5,timm:resnet34.a1_in1k
layer3.1.act2,act,47,256,1,False,,0,14.0,14.0,3072,945.6211709148834,81.52658196982877,0.3184632108196436,138.1519421834359,0.5396560241540465,22.776589217826466,0.08897105163213463,1.1722930774258762,10,256,0.8815466441945696,256,151,189,236,252,0.58984375,0.73828125,0.921875,0.984375,10,timm:resnet34.a1_in1k
layer3.1.act2,act,47,256,1,False,,0,14.0,14.0,7168,968.8964710595742,85.1640129360134,0.33267192553130237,142.74505204455622,0.5575978595490477,23.34252963528573,0.09118175638783488,1.118812695639326,10,256,0.8801220834576647,256,157,194,237,252,0.61328125,0.7578125,0.92578125,0.984375,25,timm:resnet34.a1_in1k
layer3.1.act2,act,47,256,1,False,,0,14.0,14.0,13312,973.0678080109979,85.15550039046624,0.33263867340025877,143.5500229298942,0.5607422770698992,22.71697166098288,0.08873817055071437,1.0973370056749778,10,256,0.8861835216826441,256,158,196,238,252,0.6171875,0.765625,0.9296875,0.984375,50,timm:resnet34.a1_in1k
layer3.1.act2,act,47,256,1,False,,0,14.0,14.0,25600,983.9006575898426,85.69553566510376,0.33474818619181157,144.23248062847242,0.5634081274549704,23.059948161646805,0.09007792250643283,1.0873633226958732,10,256,0.886766171855575,256,159,196,238,252,0.62109375,0.765625,0.9296875,0.984375,100,timm:resnet34.a1_in1k
layer3.1.act2,act,47,256,1,False,,0,14.0,14.0,64512,980.7879487072679,86.29811047940777,0.3371019940601866,144.93098689229024,0.5661366675480087,22.99195068184721,0.08981230735096567,1.0805357151352277,10,256,0.8886955428632931,256,160,197,239,252,0.625,0.76953125,0.93359375,0.984375,250,timm:resnet34.a1_in1k
layer3.1,block,48,256,1,False,,0,14.0,14.0,1024,958.2086879463607,75.9318594455132,0.2966088259590359,127.40615285862339,0.4976802846039976,22.684387415130526,0.08861088834035362,1.3618240751703128,10,256,0.8595207015850512,256,135,174,228,251,0.52734375,0.6796875,0.890625,0.98046875,1,timm:resnet34.a1_in1k
layer3.1,block,48,256,1,False,,0,14.0,14.0,1024,958.2086879463607,75.9318594455132,0.2966088259590359,127.40615285862339,0.4976802846039976,22.684387415130526,0.08861088834035362,1.3618240751703128,10,256,0.8595207015850512,256,135,174,228,251,0.52734375,0.6796875,0.890625,0.98046875,2,timm:resnet34.a1_in1k
layer3.1,block,48,256,1,False,,0,14.0,14.0,2048,959.1851647076285,79.68396253064607,0.3112654786353362,135.61968283943492,0.5297643860915426,22.028669367652526,0.08604948971739268,1.214878335215743,10,256,0.8556353733482013,256,147,186,234,252,0.57421875,0.7265625,0.9140625,0.984375,5,timm:resnet34.a1_in1k
layer3.1,block,48,256,1,False,,0,14.0,14.0,3072,960.8644134730151,81.82647437556754,0.3196346655295607,138.68251007311721,0.5417285549731141,22.249119069253403,0.0869106213642711,1.1752173247482414,10,256,0.8664194094098906,256,151,189,236,252,0.58984375,0.73828125,0.921875,0.984375,10,timm:resnet34.a1_in1k
layer3.1,block,48,256,1,False,,0,14.0,14.0,7168,976.8705503829706,85.61875837930077,0.33444827491914364,143.18817759282004,0.5593288187219533,22.973583365493603,0.08974056002145939,1.1196142839133907,10,256,0.8828686687947179,256,156,194,238,252,0.609375,0.7578125,0.9296875,0.984375,25,timm:resnet34.a1_in1k
layer3.1,block,48,256,1,False,,0,14.0,14.0,13312,979.5340445257627,85.69999487794495,0.33476560499197244,144.0289020768438,0.5626128987376711,22.545030242713228,0.08806652438559855,1.0981911525852204,10,256,0.8877961397360613,256,158,196,238,252,0.6171875,0.765625,0.9296875,0.984375,50,timm:resnet34.a1_in1k
layer3.1,block,48,256,1,False,,0,14.0,14.0,25600,985.5127915135138,86.28322075109446,0.33704383105896274,144.72214757195403,0.5653208889529454,22.943551178134985,0.08962324678958979,1.0865353112421372,10,256,0.8989517082630909,256,159,196,238,252,0.62109375,0.765625,0.9296875,0.984375,100,timm:resnet34.a1_in1k
layer3.1,block,48,256,1,False,,0,14.0,14.0,64512,980.3447797203655,86.44902614909464,0.3376915083949009,145.04796272034903,0.5665936043763634,22.937448275561152,0.08959940732641075,1.0803403526352204,10,256,0.8943942111096469,256,160,197,239,252,0.625,0.76953125,0.93359375,0.984375,250,timm:resnet34.a1_in1k
layer3.2.conv1,conv,49,256,1,False,256.0,0,14.0,14.0,1024,271379.3354869257,33.1934315667492,0.12966184205761405,78.8569773086022,0.30803506761172733,8.136464714894752,0.03178306529255762,1.6140868464405127,10,256,0.9375298836346897,256,100,139,210,249,0.390625,0.54296875,0.8203125,0.97265625,1,timm:resnet34.a1_in1k
layer3.2.conv1,conv,49,256,1,False,256.0,0,14.0,14.0,1024,271379.3354869257,33.1934315667492,0.12966184205761405,78.8569773086022,0.30803506761172733,8.136464714894752,0.03178306529255762,1.6140868464405127,10,256,0.9375298836346897,256,100,139,210,249,0.390625,0.54296875,0.8203125,0.97265625,2,timm:resnet34.a1_in1k
layer3.2.conv1,conv,49,256,1,False,256.0,0,14.0,14.0,2048,266608.5000950943,35.073342861110966,0.1370052455512147,84.05557473747609,0.328342088818266,8.410028235238517,0.03285167279390046,1.489235021110705,10,256,0.9484399994898746,256,108,150,218,251,0.421875,0.5859375,0.8515625,0.98046875,5,timm:resnet34.a1_in1k
layer3.2.conv1,conv,49,256,1,False,256.0,0,14.0,14.0,3072,263813.4402242288,36.188931153260086,0.1413630123174222,86.11589122663892,0.3363902001040583,8.622091344015058,0.03368004431255882,1.4515853954156364,10,256,0.9512760388289219,256,111,153,221,251,0.43359375,0.59765625,0.86328125,0.98046875,10,timm:resnet34.a1_in1k
layer3.2.conv1,conv,49,256,1,False,256.0,0,14.0,14.0,7168,263596.12488456006,38.031475140843405,0.14856044976891955,89.08960360134876,0.3480062640677686,9.036910585668755,0.035300431975268574,1.408234328427861,10,256,0.9546335392103784,256,115,158,223,252,0.44921875,0.6171875,0.87109375,0.984375,25,timm:resnet34.a1_in1k
layer3.2.conv1,conv,49,256,1,False,256.0,0,14.0,14.0,13312,265101.0742539308,37.85352946752474,0.1478653494825185,89.55845474837534,0.34983771386084117,8.893437581712266,0.03473999055356354,1.3932786917641355,10,256,0.9565042602872629,256,116,159,224,252,0.453125,0.62109375,0.875,0.984375,50,timm:resnet34.a1_in1k
layer3.2.conv1,conv,49,256,1,False,256.0,0,14.0,14.0,25600,267211.5594622906,38.13147211020614,0.14895106293049273,90.04474891503116,0.3517373004493405,8.958751732906855,0.0349951239566674,1.38407850138663,10,256,0.9570432671831209,256,117,160,225,252,0.45703125,0.625,0.87890625,0.984375,100,timm:resnet34.a1_in1k
layer3.2.conv1,conv,49,256,1,False,256.0,0,14.0,14.0,64512,266619.7088467782,38.13556017775154,0.14896703194434197,90.28463318398776,0.3526743483749522,8.924417538001546,0.03486100600781854,1.3802387444485982,10,256,0.9573984562817269,256,117,160,225,252,0.45703125,0.625,0.87890625,0.984375,250,timm:resnet34.a1_in1k
layer3.2.act1,act,50,256,1,False,,0,14.0,14.0,1024,26.869473936824622,100.08994270275254,0.3909763386826271,148.62607177811842,0.5805705928832751,29.56707223789089,0.11549637592926129,1.9426788678536893,10,256,0.1315207389221601,252,146,179,223,245,0.5703125,0.69921875,0.87109375,0.95703125,1,timm:resnet34.a1_in1k
layer3.2.act1,act,50,256,1,False,,0,14.0,14.0,1024,26.869473936824622,100.08994270275254,0.3909763386826271,148.62607177811842,0.5805705928832751,29.56707223789089,0.11549637592926129,1.9426788678536893,10,256,0.1315207389221601,252,146,179,223,245,0.5703125,0.69921875,0.87109375,0.95703125,2,timm:resnet34.a1_in1k
layer3.2.act1,act,50,256,1,False,,0,14.0,14.0,2048,26.412306413604107,111.52423198612908,0.4356415311958167,163.09297352157768,0.6370819278186628,31.00088207393086,0.12109719560129242,1.3292067133049739,10,256,0.17010868319313033,252,161,192,229,245,0.62890625,0.75,0.89453125,0.95703125,5,timm:resnet34.a1_in1k
layer3.2.act1,act,50,256,1,False,,0,14.0,14.0,3072,25.633547836337982,116.08734528129638,0.453466192505064,169.0706777213062,0.6604323348488523,30.970969968287083,0.12098035143862142,1.4524578269452812,10,256,0.1131809863029023,252,167,197,232,246,0.65234375,0.76953125,0.90625,0.9609375,10,timm:resnet34.a1_in1k
layer3.2.act1,act,50,256,1,False,,0,14.0,14.0,7168,26.315417911901612,121.6578522772666,0.47522598545807265,175.92263942447758,0.6871978102518655,32.38248167451216,0.1264940690410631,1.3537744274224544,10,256,0.09707923480439751,252,175,203,234,246,0.68359375,0.79296875,0.9140625,0.9609375,25,timm:resnet34.a1_in1k
layer3.2.act1,act,50,256,1,False,,0,14.0,14.0,13312,25.802261560104192,123.777733254002,0.4835067705234453,178.35664140831497,0.6967056305012304,32.46160850636064,0.12680315822797125,1.1254124146976066,10,256,0.12856498759510482,253,177,205,235,247,0.69140625,0.80078125,0.91796875,0.96484375,50,timm:resnet34.a1_in1k
layer3.2.act1,act,50,256,1,False,,0,14.0,14.0,25600,26.158141266705776,124.92647389705465,0.4879940386603697,179.80601016591243,0.7023672272105954,32.3595622635544,0.12640454009200938,1.4156150863419372,10,256,0.09991576455628337,254,178,206,236,247,0.6953125,0.8046875,0.921875,0.96484375,100,timm:resnet34.a1_in1k
layer3.2.act1,act,50,256,1,False,,0,14.0,14.0,64512,25.969594923360546,126.25506526119612,0.49318384867654735,181.32705746902505,0.7083088182383791,32.496771322203806,0.12694051297735862,1.3881892906374136,10,256,0.09836212162592195,254,180,207,236,247,0.703125,0.80859375,0.921875,0.96484375,250,timm:resnet34.a1_in1k
layer3.2.conv2,conv,51,256,1,False,256.0,0,14.0,14.0,1024,4581.780981278256,48.73151298055197,0.19035747258028113,107.89214220097568,0.42145368047256127,10.03861276849526,0.03921333112693461,1.43213284601419,10,256,0.9091270190430343,256,124,162,222,251,0.484375,0.6328125,0.8671875,0.98046875,1,timm:resnet34.a1_in1k
layer3.2.conv2,conv,51,256,1,False,256.0,0,14.0,14.0,1024,4581.780981278256,48.73151298055197,0.19035747258028113,107.89214220097568,0.42145368047256127,10.03861276849526,0.03921333112693461,1.43213284601419,10,256,0.9091270190430343,256,124,162,222,251,0.484375,0.6328125,0.8671875,0.98046875,2,timm:resnet34.a1_in1k
layer3.2.conv2,conv,51,256,1,False,256.0,0,14.0,14.0,2048,4468.828885708823,52.897670064963435,0.20663152369126342,117.11868804925176,0.4574948751923897,10.497702880313398,0.04100665187622421,1.288816752241497,10,256,0.9184965680502007,256,135,174,229,253,0.52734375,0.6796875,0.89453125,0.98828125,5,timm:resnet34.a1_in1k
layer3.2.conv2,conv,51,256,1,False,256.0,0,14.0,14.0,3072,4491.204834164621,54.71704245946857,0.2137384471072991,120.88333831283762,0.47220054028452196,10.656089380549302,0.04162534914277071,1.244865545900132,10,256,0.9195099905894235,256,139,177,231,253,0.54296875,0.69140625,0.90234375,0.98828125,10,timm:resnet34.a1_in1k
layer3.2.conv2,conv,51,256,1,False,256.0,0,14.0,14.0,7168,4525.910343424881,57.467416860644576,0.22448209711189288,125.36292967948941,0.4896989440605055,10.967341203047573,0.04284117657440458,1.1949561603987184,10,256,0.9222735435196595,256,144,182,233,254,0.5625,0.7109375,0.91015625,0.9921875,25,timm:resnet34.a1_in1k
layer3.2.conv2,conv,51,256,1,False,256.0,0,14.0,14.0,13312,4454.271823005311,60.742057104784024,0.2372736605655626,128.57133169968796,0.5022317644519061,11.666439143269239,0.045572027903395464,1.1712966459091518,10,256,0.9235053161109636,256,146,184,234,254,0.5703125,0.71875,0.9140625,0.9921875,50,timm:resnet34.a1_in1k
layer3.2.conv2,conv,51,256,1,False,256.0,0,14.0,14.0,25600,4503.263839875069,62.063941969377794,0.242437273317882,130.1326112889201,0.5083305128473441,11.924344997199704,0.04657947264531134,1.1582777850961055,10,256,0.9234347248087805,256,147,185,235,254,0.57421875,0.72265625,0.91796875,0.9921875,100,timm:resnet34.a1_in1k
layer3.2.conv2,conv,51,256,1,False,256.0,0,14.0,14.0,64512,4515.206311240094,62.64452863886095,0.24470518999555058,130.87454852339164,0.5112287051694986,12.022665904056629,0.046963538687721205,1.1503597246717372,10,256,0.9241184642772144,256,148,186,235,254,0.578125,0.7265625,0.91796875,0.9921875,250,timm:resnet34.a1_in1k
layer3.2.act2,act,52,256,1,False,,0,14.0,14.0,1024,1098.9202491260578,80.94305434074629,0.3161838060185402,136.1923624393194,0.5320014157785914,20.660035922985163,0.08070326532416079,1.2353426552524898,10,256,0.9257706453538906,256,144,182,233,253,0.5625,0.7109375,0.91015625,0.98828125,1,timm:resnet34.a1_in1k
layer3.2.act2,act,52,256,1,False,,0,14.0,14.0,1024,1098.9202491260578,80.94305434074629,0.3161838060185402,136.1923624393194,0.5320014157785914,20.660035922985163,0.08070326532416079,1.2353426552524898,10,256,0.9257706453538906,256,144,182,233,253,0.5625,0.7109375,0.91015625,0.98828125,2,timm:resnet34.a1_in1k
layer3.2.act2,act,52,256,1,False,,0,14.0,14.0,2048,1110.0183810894102,85.62443129386583,0.3344704347416634,145.85760278873815,0.5697562608935084,20.17577592556252,0.07881162470922859,1.0783281749681481,10,256,0.9484415589161264,256,157,195,239,254,0.61328125,0.76171875,0.93359375,0.9921875,5,timm:resnet34.a1_in1k
layer3.2.act2,act,52,256,1,False,,0,14.0,14.0,3072,1114.894353197386,87.77518263827952,0.34287180718077936,149.40363362552753,0.5836079438497169,20.189993268814167,0.07886716120630534,1.0294493127518942,10,256,0.954480292910624,256,162,199,241,254,0.6328125,0.77734375,0.94140625,0.9921875,10,timm:resnet34.a1_in1k
layer3.2.act2,act,52,256,1,False,,0,14.0,14.0,7168,1134.4066687557688,90.8852224904334,0.3550204003532555,153.90459971323196,0.6011898426298123,20.45468920387922,0.0799011297026532,0.9715912006513261,10,256,0.9626207070883842,256,168,203,243,255,0.65625,0.79296875,0.94921875,0.99609375,25,timm:resnet34.a1_in1k
layer3.2.act2,act,52,256,1,False,,0,14.0,14.0,13312,1137.0413251817597,91.53481535730367,0.35755787248946747,155.36656982812502,0.6069006633911134,20.321202728604124,0.07937969815860986,0.9485694895568382,10,256,0.9648816775531487,256,170,205,243,255,0.6640625,0.80078125,0.94921875,0.99609375,50,timm:resnet34.a1_in1k
layer3.2.act2,act,52,256,1,False,,0,14.0,14.0,25600,1145.1045329910137,91.75653858379208,0.3584239788429378,156.22118785653768,0.6102390150646003,19.96880516040923,0.07800314515784855,0.9361551755153035,10,256,0.9649993146302687,256,171,206,243,255,0.66796875,0.8046875,0.94921875,0.99609375,100,timm:resnet34.a1_in1k
layer3.2.act2,act,52,256,1,False,,0,14.0,14.0,64512,1141.739397257882,92.43246932834194,0.3610643333138357,156.82866494264042,0.6126119724321891,20.26492541995778,0.07915986492171008,0.9294587883585772,10,256,0.9658264466460358,256,172,207,244,255,0.671875,0.80859375,0.953125,0.99609375,250,timm:resnet34.a1_in1k
layer3.2,block,53,256,1,False,,0,14.0,14.0,1024,1130.524030429993,82.4509354038411,0.3220739664212543,137.31838969691884,0.5363999597535892,21.18513136177319,0.08275441938192653,1.2403503817935484,10,256,0.9242156848488678,256,144,181,233,253,0.5625,0.70703125,0.91015625,0.98828125,1,timm:resnet34.a1_in1k
layer3.2,block,53,256,1,False,,0,14.0,14.0,1024,1130.524030429993,82.4509354038411,0.3220739664212543,137.31838969691884,0.5363999597535892,21.18513136177319,0.08275441938192653,1.2403503817935484,10,256,0.9242156848488678,256,144,181,233,253,0.5625,0.70703125,0.91015625,0.98828125,2,timm:resnet34.a1_in1k
layer3.2,block,53,256,1,False,,0,14.0,14.0,2048,1130.8651964943567,85.9472200179915,0.3357313281952793,146.2015255863573,0.5710997093217082,20.017758672606902,0.07819436981487071,1.082320387577109,10,256,0.9459674098777237,256,157,194,239,254,0.61328125,0.7578125,0.93359375,0.9921875,5,timm:resnet34.a1_in1k
layer3.2,block,53,256,1,False,,0,14.0,14.0,3072,1136.3987350409593,87.79693920556859,0.3429567937717523,149.37244553478484,0.5834861153702533,20.079975616699592,0.07843740475273278,1.0338998626895703,10,256,0.9534628260120367,256,162,198,241,254,0.6328125,0.7734375,0.94140625,0.9921875,10,timm:resnet34.a1_in1k
layer3.2,block,53,256,1,False,,0,14.0,14.0,7168,1134.3971555751712,91.12925919757058,0.35597366874051006,154.37113748980167,0.6030122558195378,20.17385388160386,0.07880411672501508,0.9697860948936297,10,256,0.9607176137011089,256,168,204,243,255,0.65625,0.796875,0.94921875,0.99609375,25,timm:resnet34.a1_in1k
layer3.2,block,53,256,1,False,,0,14.0,14.0,13312,1133.3941018684975,91.70703575357776,0.3582306084124131,155.69440273906463,0.6081812606994712,20.046282064020527,0.07830578931258018,0.9492713164439149,10,256,0.9625886051234825,256,170,205,243,255,0.6640625,0.80078125,0.94921875,0.99609375,50,timm:resnet34.a1_in1k
layer3.2,block,53,256,1,False,,0,14.0,14.0,25600,1143.8823105261297,91.69760103453233,0.3581937540411419,156.26972602076128,0.6104286172685988,19.869058436733475,0.07761350951849014,0.936088665221951,10,256,0.9644519068482842,256,171,206,243,255,0.66796875,0.8046875,0.94921875,0.99609375,100,timm:resnet34.a1_in1k
layer3.2,block,53,256,1,False,,0,14.0,14.0,64512,1137.566748588772,92.47049675985177,0.361212877968171,156.89995848993777,0.6128904628513194,20.27404191923234,0.07919547624700132,0.9286063429052319,10,256,0.9664636966163856,256,172,207,244,255,0.671875,0.80859375,0.953125,0.99609375,250,timm:resnet34.a1_in1k
layer3.3.conv1,conv,54,256,1,False,256.0,0,14.0,14.0,1024,319473.7084707967,30.54100267687861,0.11930079170655707,74.19436434341256,0.2898217357164553,7.9243008680799685,0.030954300265937377,1.6128220764195718,10,256,0.9312047513576607,256,98,138,208,248,0.3828125,0.5390625,0.8125,0.96875,1,timm:resnet34.a1_in1k
layer3.3.conv1,conv,54,256,1,False,256.0,0,14.0,14.0,1024,319473.7084707967,30.54100267687861,0.11930079170655707,74.19436434341256,0.2898217357164553,7.9243008680799685,0.030954300265937377,1.6128220764195718,10,256,0.9312047513576607,256,98,138,208,248,0.3828125,0.5390625,0.8125,0.96875,2,timm:resnet34.a1_in1k
layer3.3.conv1,conv,54,256,1,False,256.0,0,14.0,14.0,2048,318566.38928569143,32.29580114635508,0.12615547322794954,78.66959288225405,0.3073030971963049,8.348824721546139,0.032612596568539605,1.4859981418082935,10,256,0.9396933813587937,256,106,148,217,250,0.4140625,0.578125,0.84765625,0.9765625,5,timm:resnet34.a1_in1k
layer3.3.conv1,conv,54,256,1,False,256.0,0,14.0,14.0,3072,316169.0052766719,33.114576751855715,0.1293538154369364,80.50260471971744,0.31446329968639625,8.5275426361774,0.033310713422567965,1.4491226553863457,10,256,0.9429010686028677,256,109,152,219,251,0.42578125,0.59375,0.85546875,0.98046875,10,timm:resnet34.a1_in1k
layer3.3.conv1,conv,54,256,1,False,256.0,0,14.0,14.0,7168,317123.58118725644,34.65800309111459,0.13538282457466635,83.40411968521242,0.325797342520361,8.937772745779952,0.03491317478820294,1.4021990486532467,10,256,0.9463575718905461,256,113,156,222,251,0.44140625,0.609375,0.8671875,0.98046875,25,timm:resnet34.a1_in1k
layer3.3.conv1,conv,54,256,1,False,256.0,0,14.0,14.0,13312,318244.24701836705,34.188333874589986,0.13354817919761713,83.46850040065715,0.326048829690067,8.691886897996044,0.03395268319529705,1.387831945363076,10,256,0.9474471223291157,256,114,157,223,251,0.4453125,0.61328125,0.87109375,0.98046875,50,timm:resnet34.a1_in1k
layer3.3.conv1,conv,54,256,1,False,256.0,0,14.0,14.0,25600,321967.6383729792,33.934158224209895,0.1325553055633199,83.42190699679256,0.32586682420622093,8.61500718065962,0.03365237179945164,1.3784127745759425,10,256,0.9482111704497367,256,115,158,224,251,0.44921875,0.6171875,0.875,0.98046875,100,timm:resnet34.a1_in1k
layer3.3.conv1,conv,54,256,1,False,256.0,0,14.0,14.0,64512,320071.0625950838,34.258283689826406,0.1338214206633844,83.94574987142487,0.3279130854352534,8.677686354542898,0.033897212322433194,1.373164889923051,10,256,0.9486618941951721,256,115,159,224,252,0.44921875,0.62109375,0.875,0.984375,250,timm:resnet34.a1_in1k
layer3.3.act1,act,55,256,1,False,,0,14.0,14.0,1024,19.4062899794222,94.83297003270341,0.3704412891902477,145.34743233659898,0.5677634075648398,25.703377315889252,0.10040381764019239,1.5090768655069426,10,256,0.21720632854110566,253,143,177,224,247,0.55859375,0.69140625,0.875,0.96484375,1,timm:resnet34.a1_in1k
layer3.3.act1,act,55,256,1,False,,0,14.0,14.0,1024,19.4062899794222,94.83297003270341,0.3704412891902477,145.34743233659898,0.5677634075648398,25.703377315889252,0.10040381764019239,1.5090768655069426,10,256,0.21720632854110566,253,143,177,224,247,0.55859375,0.69140625,0.875,0.96484375,2,timm:resnet34.a1_in1k
layer3.3.act1,act,55,256,1,False,,0,14.0,14.0,2048,19.046995200024618,108.58536619708063,0.4241615867073462,163.03275083535212,0.6368466829505942,26.96614475252777,0.10533650293956161,1.2715966578202997,10,256,0.16559009920565082,253,161,193,232,248,0.62890625,0.75390625,0.90625,0.96875,5,timm:resnet34.a1_in1k
layer3.3.act1,act,55,256,1,False,,0,14.0,14.0,3072,19.93647307645888,114.95510439006571,0.4490433765236942,170.33331732269423,0.6653645207917743,28.419216279054208,0.1110125635900555,0.9548767171776791,10,256,0.8768857326398573,253,168,200,237,250,0.65625,0.78125,0.92578125,0.9765625,10,timm:resnet34.a1_in1k
layer3.3.act1,act,55,256,1,False,,0,14.0,14.0,7168,19.594267603483942,122.72360417090943,0.47938907879261494,178.78553825051335,0.6983810087910678,29.483177682490258,0.11516866282222757,1.2802781933191143,10,256,0.09115804491381885,253,176,206,239,251,0.6875,0.8046875,0.93359375,0.98046875,25,timm:resnet34.a1_in1k
layer3.3.act1,act,55,256,1,False,,0,14.0,14.0,13312,19.578531861809296,125.66474393147728,0.4908779059823331,182.16063954028172,0.7115649982042255,29.645790238875144,0.11580386812060603,1.2580860022202047,10,256,0.07994326425060905,253,180,208,240,252,0.703125,0.8125,0.9375,0.984375,50,timm:resnet34.a1_in1k
layer3.3.act1,act,55,256,1,False,,0,14.0,14.0,25600,19.859001678500864,125.36884324264588,0.48972204391658547,182.86075908179265,0.7142998401632525,28.964263015998984,0.11314165240624603,1.210754438693904,10,256,0.08374251125894028,253,181,210,241,252,0.70703125,0.8203125,0.94140625,0.984375,100,timm:resnet34.a1_in1k
layer3.3.act1,act,55,256,1,False,,0,14.0,14.0,64512,19.82286108507617,126.63535011766461,0.4946693363971274,184.20480767965097,0.7195500299986366,29.202653741746232,0.11407286617869622,1.1857163105464161,10,256,0.08357200714645929,253,183,210,241,252,0.71484375,0.8203125,0.94140625,0.984375,250,timm:resnet34.a1_in1k
layer3.3.conv2,conv,56,256,1,False,256.0,0,14.0,14.0,1024,3436.1751526415865,52.7115803053858,0.2059046105679133,111.00842532385316,0.4336266614213014,10.885704397486997,0.04252228280268358,1.458882872118939,10,256,0.903427280103428,256,123,161,221,251,0.48046875,0.62890625,0.86328125,0.98046875,1,timm:resnet34.a1_in1k
layer3.3.conv2,conv,56,256,1,False,256.0,0,14.0,14.0,1024,3436.1751526415865,52.7115803053858,0.2059046105679133,111.00842532385316,0.4336266614213014,10.885704397486997,0.04252228280268358,1.458882872118939,10,256,0.903427280103428,256,123,161,221,251,0.48046875,0.62890625,0.86328125,0.98046875,2,timm:resnet34.a1_in1k
layer3.3.conv2,conv,56,256,1,False,256.0,0,14.0,14.0,2048,3551.112776559078,57.59178256823864,0.2249679006571822,120.7698217205959,0.47175711609607773,11.37788446360749,0.04444486118596676,1.3140250025814884,10,256,0.9121425548138772,256,135,173,228,253,0.52734375,0.67578125,0.890625,0.98828125,5,timm:resnet34.a1_in1k
layer3.3.conv2,conv,56,256,1,False,256.0,0,14.0,14.0,3072,3574.538561536233,58.421358535683275,0.2282084317800128,123.703204958447,0.4832156443689336,11.281420500569043,0.044068048830347824,1.2707528561273527,10,256,0.9150328626089674,256,138,176,231,253,0.5390625,0.6875,0.90234375,0.98828125,10,timm:resnet34.a1_in1k
layer3.3.conv2,conv,56,256,1,False,256.0,0,14.0,14.0,7168,3562.123104453389,61.06233372415496,0.23852474110998031,128.23039641453872,0.5008999859942919,11.622785867496434,0.045401507294907946,1.213173490771103,10,256,0.9177900205535136,256,143,181,233,253,0.55859375,0.70703125,0.91015625,0.98828125,25,timm:resnet34.a1_in1k
layer3.3.conv2,conv,56,256,1,False,256.0,0,14.0,14.0,13312,3531.6951234480885,61.814304697831744,0.24146212772590525,130.09053502931656,0.5081661524582678,11.648498254835172,0.04550194630794989,1.1865527544920478,10,256,0.9189668276682614,256,146,183,234,253,0.5703125,0.71484375,0.9140625,0.98828125,50,timm:resnet34.a1_in1k
layer3.3.conv2,conv,56,256,1,False,256.0,0,14.0,14.0,25600,3593.8356769112506,61.47361089276871,0.24013129254987778,130.3415280834715,0.5091465940760606,11.53274012722999,0.04504976612199215,1.1763075574871844,10,256,0.9196849703315181,256,146,184,234,253,0.5703125,0.71875,0.9140625,0.98828125,100,timm:resnet34.a1_in1k
layer3.3.conv2,conv,56,256,1,False,256.0,0,14.0,14.0,64512,3579.0168296116144,61.760589993731756,0.24125230466301467,130.99126418075312,0.5116846257060669,11.552870483715928,0.045128400327015344,1.1688229375761494,10,256,0.9193980448499076,256,147,185,235,253,0.57421875,0.72265625,0.91796875,0.98828125,250,timm:resnet34.a1_in1k
layer3.3.act2,act,57,256,1,False,,0,14.0,14.0,1024,1304.9426642424435,80.63364123848496,0.31497516108783186,138.63653790678433,0.5415489761983763,18.240718799292228,0.07125280780973527,1.1956157245958383,10,256,0.9224676497395312,256,147,185,234,253,0.57421875,0.72265625,0.9140625,0.98828125,1,timm:resnet34.a1_in1k
layer3.3.act2,act,57,256,1,False,,0,14.0,14.0,1024,1304.9426642424435,80.63364123848496,0.31497516108783186,138.63653790678433,0.5415489761983763,18.240718799292228,0.07125280780973527,1.1956157245958383,10,256,0.9224676497395312,256,147,185,234,253,0.57421875,0.72265625,0.9140625,0.98828125,2,timm:resnet34.a1_in1k
layer3.3.act2,act,57,256,1,False,,0,14.0,14.0,2048,1293.6276495242228,87.0526856097294,0.34004955316300545,149.87644677889426,0.5854548702300557,18.43852600237877,0.07202549219679207,1.0323179972277663,10,256,0.9373562474898853,256,162,198,240,254,0.6328125,0.7734375,0.9375,0.9921875,5,timm:resnet34.a1_in1k
layer3.3.act2,act,57,256,1,False,,0,14.0,14.0,3072,1292.5008336918402,89.7560930882032,0.35060973862579375,153.80534115750166,0.6008021138964909,18.960375642378878,0.07406396735304249,0.9776592152536504,10,256,0.9428912754522905,256,167,203,242,254,0.65234375,0.79296875,0.9453125,0.9921875,10,timm:resnet34.a1_in1k
layer3.3.act2,act,57,256,1,False,,0,14.0,14.0,7168,1294.0605171896348,92.3589255888517,0.36077705308145197,158.2473820656517,0.6181538361939519,19.290500460770797,0.07535351742488593,0.9107077899168463,10,256,0.9446312358337358,256,174,208,244,254,0.6796875,0.8125,0.953125,0.9921875,25,timm:resnet34.a1_in1k
layer3.3.act2,act,57,256,1,False,,0,14.0,14.0,13312,1289.1703668616651,93.283637278292,0.36438920811832815,159.97887780088917,0.6249174914097233,19.309210941111207,0.07542660523871565,0.8838846842181923,10,256,0.954452103573897,256,176,210,244,254,0.6875,0.8203125,0.953125,0.9921875,50,timm:resnet34.a1_in1k
layer3.3.act2,act,57,256,1,False,,0,14.0,14.0,25600,1298.962211593062,93.8743540919291,0.36669669567159807,160.97656760474783,0.6288147172060462,19.247010165002884,0.07518363345704251,0.8724042047393987,10,256,0.9527904808491658,256,178,211,245,254,0.6953125,0.82421875,0.95703125,0.9921875,100,timm:resnet34.a1_in1k
layer3.3.act2,act,57,256,1,False,,0,14.0,14.0,64512,1292.6896393995346,95.20531891211586,0.37189577700045257,162.09321905408498,0.6331766369300195,19.685432672658383,0.07689622137757181,0.8628432329497422,10,256,0.9540990717019112,256,179,212,245,254,0.69921875,0.828125,0.95703125,0.9921875,250,timm:resnet34.a1_in1k
layer3.3,block,58,256,1,False,,0,14.0,14.0,1024,1283.8123426689083,80.49404246679745,0.31442985338592755,138.4288174288341,0.5407375680813832,18.24213225061871,0.07125832910397933,1.1977086481743193,10,256,0.9193247227101691,256,147,184,234,253,0.57421875,0.71875,0.9140625,0.98828125,1,timm:resnet34.a1_in1k
layer3.3,block,58,256,1,False,,0,14.0,14.0,1024,1283.8123426689083,80.49404246679745,0.31442985338592755,138.4288174288341,0.5407375680813832,18.24213225061871,0.07125832910397933,1.1977086481743193,10,256,0.9193247227101691,256,147,184,234,253,0.57421875,0.71875,0.9140625,0.98828125,2,timm:resnet34.a1_in1k
layer3.3,block,58,256,1,False,,0,14.0,14.0,2048,1279.790274463532,84.90619275635427,0.3316648154545089,148.25616261439748,0.5791256352124902,17.860662489142282,0.06976821284821204,1.0316739974519729,10,256,0.9473481944934978,256,162,198,240,254,0.6328125,0.7734375,0.9375,0.9921875,5,timm:resnet34.a1_in1k
layer3.3,block,58,256,1,False,,0,14.0,14.0,3072,1291.912246975568,88.31131541011841,0.34496607582077504,152.81908626096245,0.5969495557068846,18.596297430992387,0.07264178683981401,0.9758644129197157,10,256,0.9501758898424603,256,167,203,242,254,0.65234375,0.79296875,0.9453125,0.9921875,10,timm:resnet34.a1_in1k
layer3.3,block,58,256,1,False,,0,14.0,14.0,7168,1302.6112511941183,93.16020957224268,0.36390706864157296,158.5492056864176,0.6193328347125687,19.6539518023823,0.07677324922805585,0.9105867869151755,10,256,0.9542818808074947,256,174,208,244,254,0.6796875,0.8125,0.953125,0.9921875,25,timm:resnet34.a1_in1k
layer3.3,block,58,256,1,False,,0,14.0,14.0,13312,1290.6705438392528,93.17437250198317,0.36396239258587176,159.80137291025338,0.6242241129306773,19.214686511187576,0.07505736918432647,0.8851172225257569,10,256,0.9585628612023933,256,176,210,244,254,0.6875,0.8203125,0.953125,0.9921875,50,timm:resnet34.a1_in1k
layer3.3,block,58,256,1,False,,0,14.0,14.0,25600,1301.856643880272,93.6580021184261,0.36585157077510194,160.82953623364335,0.6282403759126693,19.144002489397874,0.07478125972421044,0.8715554754322524,10,256,0.95916864196779,256,178,211,245,254,0.6953125,0.82421875,0.95703125,0.9921875,100,timm:resnet34.a1_in1k
layer3.3,block,58,256,1,False,,0,14.0,14.0,64512,1291.9348857092193,94.68669995672268,0.36986992170594796,161.72567941310842,0.6317409352074548,19.513635764748198,0.07622513970604765,0.8621409313564005,10,256,0.9591921322557732,256,179,212,245,254,0.69921875,0.828125,0.95703125,0.9921875,250,timm:resnet34.a1_in1k
layer3.4.conv1,conv,59,256,1,False,256.0,0,14.0,14.0,1024,340962.0747495112,31.16440960046392,0.12173597500181219,73.79821195422522,0.2882742654461923,9.48669169958751,0.03705738945151371,1.5948606604609799,10,256,0.936987823739206,256,98,138,209,249,0.3828125,0.5390625,0.81640625,0.97265625,1,timm:resnet34.a1_in1k
layer3.4.conv1,conv,59,256,1,False,256.0,0,14.0,14.0,1024,340962.0747495112,31.16440960046392,0.12173597500181219,73.79821195422522,0.2882742654461923,9.48669169958751,0.03705738945151371,1.5948606604609799,10,256,0.936987823739206,256,98,138,209,249,0.3828125,0.5390625,0.81640625,0.97265625,2,timm:resnet34.a1_in1k
layer3.4.conv1,conv,59,256,1,False,256.0,0,14.0,14.0,2048,344226.45307011786,31.401449902884845,0.12266191368314393,77.27811931994032,0.30186765359351686,9.111833153455715,0.035593098255686385,1.464041666450766,10,256,0.9461538469184122,256,107,149,217,251,0.41796875,0.58203125,0.84765625,0.98046875,5,timm:resnet34.a1_in1k
layer3.4.conv1,conv,59,256,1,False,256.0,0,14.0,14.0,3072,344518.178066111,31.357275307834822,0.12248935667122977,78.36203537045452,0.306101700665838,8.741079907770652,0.03414484338972911,1.4306985790108995,10,256,0.9504075016742968,256,109,152,220,251,0.42578125,0.59375,0.859375,0.98046875,10,timm:resnet34.a1_in1k
layer3.4.conv1,conv,59,256,1,False,256.0,0,14.0,14.0,7168,345699.07889906963,32.37818411873259,0.12647728171379918,80.96875393764115,0.31628419506891076,8.802788064983588,0.03438589087884214,1.3866625497683176,10,256,0.9541016756765255,256,113,156,223,252,0.44140625,0.609375,0.87109375,0.984375,25,timm:resnet34.a1_in1k
layer3.4.conv1,conv,59,256,1,False,256.0,0,14.0,14.0,13312,343894.63663591986,32.9609961447106,0.12875389119027578,81.95719476354655,0.3201452920451037,9.076169685600318,0.03545378783437624,1.3705985691695082,10,256,0.955546145353857,256,114,158,224,252,0.4453125,0.6171875,0.875,0.984375,50,timm:resnet34.a1_in1k
layer3.4.conv1,conv,59,256,1,False,256.0,0,14.0,14.0,25600,345153.94115490443,33.43165736569723,0.1305924115847548,82.65118969031121,0.3228562097277782,9.245555018039555,0.03611544928921701,1.3614612703661728,10,256,0.9565397976706168,256,115,159,224,252,0.44921875,0.62109375,0.875,0.984375,100,timm:resnet34.a1_in1k
layer3.4.conv1,conv,59,256,1,False,256.0,0,14.0,14.0,64512,343121.3592929687,33.73323301943096,0.1317704414821522,83.1871052788954,0.32494962999568516,9.278412891911008,0.03624380035902738,1.355398312999434,10,256,0.9572733670637043,256,116,159,225,252,0.453125,0.62109375,0.87890625,0.984375,250,timm:resnet34.a1_in1k
layer3.4.act1,act,60,256,1,False,,0,14.0,14.0,1024,17.372491749850184,89.65111565306313,0.35019967051977785,141.56805085596596,0.553000198656117,20.200943271837776,0.07890993465561631,1.6133073444113681,10,256,0.23719421228768656,255,139,172,220,246,0.54296875,0.671875,0.859375,0.9609375,1,timm:resnet34.a1_in1k
layer3.4.act1,act,60,256,1,False,,0,14.0,14.0,1024,17.372491749850184,89.65111565306313,0.35019967051977785,141.56805085596596,0.553000198656117,20.200943271837776,0.07890993465561631,1.6133073444113681,10,256,0.23719421228768656,255,139,172,220,246,0.54296875,0.671875,0.859375,0.9609375,2,timm:resnet34.a1_in1k
layer3.4.act1,act,60,256,1,False,,0,14.0,14.0,2048,17.957437526889525,107.50362679490452,0.4199360421675958,162.61865036552723,0.6352291029903407,23.79550746997107,0.0929512010545745,1.1196087816570282,10,256,0.791272632848218,256,161,193,232,250,0.62890625,0.75390625,0.90625,0.9765625,5,timm:resnet34.a1_in1k
layer3.4.act1,act,60,256,1,False,,0,14.0,14.0,3072,17.81693454436831,116.56193370482227,0.455320053534462,171.76870472588985,0.6709715028355072,25.550462382075,0.09980649367998047,1.0115065253053142,10,256,0.8121700355956805,256,169,200,236,251,0.66015625,0.78125,0.921875,0.98046875,10,timm:resnet34.a1_in1k
layer3.4.act1,act,60,256,1,False,,0,14.0,14.0,7168,18.491519614684076,122.86574332867416,0.4799443098776334,180.38670018748138,0.7046355476073491,24.70643647578977,0.09650951748355378,0.9003758943685125,10,256,0.7933728549680207,256,178,207,239,252,0.6953125,0.80859375,0.93359375,0.984375,25,timm:resnet34.a1_in1k
layer3.4.act1,act,60,256,1,False,,0,14.0,14.0,13312,18.134445708111116,126.69390618743846,0.4948980710446815,184.28746745971685,0.719872919764519,25.57365655278908,0.09989709590933234,0.8419634975279947,10,256,0.826278038810789,256,182,211,241,253,0.7109375,0.82421875,0.94140625,0.98828125,50,timm:resnet34.a1_in1k
layer3.4.act1,act,60,256,1,False,,0,14.0,14.0,25600,18.322642577864556,126.41427784868466,0.49380577284642446,185.39740177551252,0.7242086006855958,24.874735994303737,0.09716693747774897,0.8152934897424698,10,256,0.8259384887534241,256,184,212,242,253,0.71875,0.828125,0.9453125,0.98828125,100,timm:resnet34.a1_in1k
layer3.4.act1,act,60,256,1,False,,0,14.0,14.0,64512,18.28027520990095,128.06541039957267,0.5002555093733307,186.85696586051864,0.729910022892651,25.23756727999449,0.09858424718747848,0.7977583118418059,10,256,0.8273736807845705,256,186,214,243,253,0.7265625,0.8359375,0.94921875,0.98828125,250,timm:resnet34.a1_in1k
layer3.4.conv2,conv,61,256,1,False,256.0,0,14.0,14.0,1024,3493.2131431184325,49.51023197884691,0.19339934366737074,108.45641724530805,0.42365787986448455,9.766273360009269,0.038149505312536205,1.4984720122104473,10,256,0.903759034757842,256,120,158,219,250,0.46875,0.6171875,0.85546875,0.9765625,1,timm:resnet34.a1_in1k
layer3.4.conv2,conv,61,256,1,False,256.0,0,14.0,14.0,1024,3493.2131431184325,49.51023197884691,0.19339934366737074,108.45641724530805,0.42365787986448455,9.766273360009269,0.038149505312536205,1.4984720122104473,10,256,0.903759034757842,256,120,158,219,250,0.46875,0.6171875,0.85546875,0.9765625,2,timm:resnet34.a1_in1k
layer3.4.conv2,conv,61,256,1,False,256.0,0,14.0,14.0,2048,3568.748395345152,49.67546320271971,0.19404477813562387,115.30261415074682,0.45040083652635476,9.411851082843272,0.03676504329235653,1.3475594169354388,10,256,0.9121571627090608,256,131,169,227,252,0.51171875,0.66015625,0.88671875,0.984375,5,timm:resnet34.a1_in1k
layer3.4.conv2,conv,61,256,1,False,256.0,0,14.0,14.0,3072,3503.0930005497376,51.77166869362394,0.2022330808344685,119.98018683112552,0.46867260480908407,9.587590590829713,0.037451525745428565,1.2924194395412572,10,256,0.9117058554733413,256,136,174,229,253,0.53125,0.6796875,0.89453125,0.98828125,10,timm:resnet34.a1_in1k
layer3.4.conv2,conv,61,256,1,False,256.0,0,14.0,14.0,7168,3557.4527303872674,51.13997250017401,0.19976551757880473,123.27362901260892,0.4815376133305036,9.285717467259166,0.03627233385648112,1.2230693094663037,10,256,0.9123082098688239,256,141,179,232,253,0.55078125,0.69921875,0.90625,0.98828125,25,timm:resnet34.a1_in1k
layer3.4.conv2,conv,61,256,1,False,256.0,0,14.0,14.0,13312,3509.2228676378677,54.12136517028115,0.21141158269641075,126.81669232730962,0.4953777044035532,9.71173899173141,0.03793648043645082,1.1964794842884259,10,256,0.9121293664228254,256,144,182,233,254,0.5625,0.7109375,0.91015625,0.9921875,50,timm:resnet34.a1_in1k
layer3.4.conv2,conv,61,256,1,False,256.0,0,14.0,14.0,25600,3514.912991264592,56.91586605383518,0.22232760177279368,129.47298504287087,0.5057538478237144,10.140098256005492,0.039609758812521455,1.1831268399135628,10,256,0.9125855981406996,256,145,183,234,254,0.56640625,0.71484375,0.9140625,0.9921875,100,timm:resnet34.a1_in1k
layer3.4.conv2,conv,61,256,1,False,256.0,0,14.0,14.0,64512,3492.5116318001164,57.52100372174025,0.22469142078804785,130.61367892281083,0.5102096832922298,10.184135070688438,0.03978177761987671,1.172999614212891,10,256,0.912147306865488,256,146,184,234,254,0.5703125,0.71875,0.9140625,0.9921875,250,timm:resnet34.a1_in1k
layer3.4.act2,act,62,256,1,False,,0,14.0,14.0,1024,1552.1420952134117,80.39950237490478,0.3140605561519718,139.0123376664596,0.5430169440096078,18.06354483089828,0.07056072199569641,1.184910450001807,10,256,0.9274795249434258,256,148,185,235,254,0.578125,0.72265625,0.91796875,0.9921875,1,timm:resnet34.a1_in1k
layer3.4.act2,act,62,256,1,False,,0,14.0,14.0,1024,1552.1420952134117,80.39950237490478,0.3140605561519718,139.0123376664596,0.5430169440096078,18.06354483089828,0.07056072199569641,1.184910450001807,10,256,0.9274795249434258,256,148,185,235,254,0.578125,0.72265625,0.91796875,0.9921875,2,timm:resnet34.a1_in1k
layer3.4.act2,act,62,256,1,False,,0,14.0,14.0,2048,1562.1482961518982,87.5164560490712,0.34186115644168436,150.78416140999445,0.5890006305077908,19.072028686046284,0.0745001120548683,1.0047871924281537,10,256,0.9527470384467416,256,163,200,241,255,0.63671875,0.78125,0.94140625,0.99609375,5,timm:resnet34.a1_in1k
layer3.4.act2,act,62,256,1,False,,0,14.0,14.0,3072,1554.734024595457,89.43784342657533,0.34936657588505987,154.936652673445,0.6052212995056445,19.147640250596847,0.07479546972889393,0.9423429990984693,10,256,0.9606647060825669,256,169,205,243,255,0.66015625,0.80078125,0.94921875,0.99609375,10,timm:resnet34.a1_in1k
layer3.4.act2,act,62,256,1,False,,0,14.0,14.0,7168,1547.3494506301586,95.27373948142092,0.37216304484930046,161.7580832419299,0.6318675126637887,20.460477000497736,0.07992373828319428,0.8694062727833316,10,256,0.9725810691988093,256,177,211,245,255,0.69140625,0.82421875,0.95703125,0.99609375,25,timm:resnet34.a1_in1k
layer3.4.act2,act,62,256,1,False,,0,14.0,14.0,13312,1554.5387478190994,96.17741823488574,0.3756930399800224,163.5555571637898,0.638888895171054,20.304166232257245,0.07931314934475486,0.8458985184576702,10,256,0.9763090320192187,256,179,212,246,255,0.69921875,0.828125,0.9609375,0.99609375,50,timm:resnet34.a1_in1k
layer3.4.act2,act,62,256,1,False,,0,14.0,14.0,25600,1572.201863166732,96.13989797476586,0.37554647646392914,164.12350675997783,0.6411074482811634,20.01224245332504,0.07817282208330094,0.8337743765076417,10,256,0.9785707852583447,256,180,213,246,255,0.703125,0.83203125,0.9609375,0.99609375,100,timm:resnet34.a1_in1k
layer3.4.act2,act,62,256,1,False,,0,14.0,14.0,64512,1563.9418763028311,96.89311024528014,0.37848871189562555,165.04890251351932,0.6447222754434349,20.194112212520555,0.07888325083015842,0.8217705459093257,10,256,0.9807994952626027,256,182,214,246,255,0.7109375,0.8359375,0.9609375,0.99609375,250,timm:resnet34.a1_in1k
layer3.4,block,63,256,1,False,,0,14.0,14.0,1024,1573.5925853800095,81.47206782857353,0.31825026495536535,138.57285162318902,0.5413002016530821,19.234340181117993,0.07513414133249216,1.204293074524237,10,256,0.9242612643949131,256,146,184,234,253,0.5703125,0.71875,0.9140625,0.98828125,1,timm:resnet34.a1_in1k
layer3.4,block,63,256,1,False,,0,14.0,14.0,1024,1573.5925853800095,81.47206782857353,0.31825026495536535,138.57285162318902,0.5413002016530821,19.234340181117993,0.07513414133249216,1.204293074524237,10,256,0.9242612643949131,256,146,184,234,253,0.5703125,0.71875,0.9140625,0.98828125,2,timm:resnet34.a1_in1k
layer3.4,block,63,256,1,False,,0,14.0,14.0,2048,1587.4602013175474,87.06573496796916,0.34010052721862954,149.61984406979454,0.5844525158976349,19.364354219040752,0.07564200866812794,1.0236420370297001,10,256,0.9505441318344328,256,162,198,241,255,0.6328125,0.7734375,0.94140625,0.99609375,5,timm:resnet34.a1_in1k
layer3.4,block,63,256,1,False,,0,14.0,14.0,3072,1562.8186655435434,90.43654041640923,0.35326773600159855,154.73283104495778,0.6044251212693663,19.98836328461619,0.078079544080532,0.9562883054614216,10,256,0.9594841155358237,256,168,204,243,255,0.65625,0.796875,0.94921875,0.99609375,10,timm:resnet34.a1_in1k
layer3.4,block,63,256,1,False,,0,14.0,14.0,7168,1564.4019100062585,93.95836984575415,0.36702488220997714,160.66040175093374,0.6275796943395849,20.196243765419297,0.07889157720866913,0.8731932637296873,10,256,0.9719688531658105,256,176,210,245,255,0.6875,0.8203125,0.95703125,0.99609375,25,timm:resnet34.a1_in1k
layer3.4,block,63,256,1,False,,0,14.0,14.0,13312,1554.878734253513,95.50535480505937,0.37306779220726316,163.0864230918048,0.6370563402023625,20.082410610921023,0.07844691644891025,0.8461507438177931,10,256,0.9759093492007964,256,179,212,246,255,0.69921875,0.828125,0.9609375,0.99609375,50,timm:resnet34.a1_in1k
layer3.4,block,63,256,1,False,,0,14.0,14.0,25600,1563.307731682336,95.53384286802064,0.37317907370320563,163.8575295204072,0.6400684746890907,19.837991439378467,0.07749215406007214,0.8304396147721267,10,256,0.9787590847221598,256,181,213,246,255,0.70703125,0.83203125,0.9609375,0.99609375,100,timm:resnet34.a1_in1k
layer3.4,block,63,256,1,False,,0,14.0,14.0,64512,1560.3080446295444,96.86457274609913,0.3783772372894497,165.06911589543296,0.644801233966535,20.17542660826621,0.07881026018853989,0.8210221902289183,10,256,0.9803271738217236,256,182,214,246,255,0.7109375,0.8359375,0.9609375,0.99609375,250,timm:resnet34.a1_in1k
layer3.5.conv1,conv,64,256,1,False,256.0,0,14.0,14.0,1024,374388.7774010264,27.46875191884859,0.1072998121830023,72.09326734400538,0.28161432556252103,7.288180890803323,0.02846945660470048,1.6145714884318982,10,256,0.9299128786220139,256,98,138,207,248,0.3828125,0.5390625,0.80859375,0.96875,1,timm:resnet34.a1_in1k
layer3.5.conv1,conv,64,256,1,False,256.0,0,14.0,14.0,1024,374388.7774010264,27.46875191884859,0.1072998121830023,72.09326734400538,0.28161432556252103,7.288180890803323,0.02846945660470048,1.6145714884318982,10,256,0.9299128786220139,256,98,138,207,248,0.3828125,0.5390625,0.80859375,0.96875,2,timm:resnet34.a1_in1k
layer3.5.conv1,conv,64,256,1,False,256.0,0,14.0,14.0,2048,380970.9366359611,28.25250696180715,0.11036135531955918,76.12286928644703,0.2973549581501837,7.305913870602323,0.028538726057040324,1.48816212047668,10,256,0.940500747699573,256,106,148,216,250,0.4140625,0.578125,0.84375,0.9765625,5,timm:resnet34.a1_in1k
layer3.5.conv1,conv,64,256,1,False,256.0,0,14.0,14.0,3072,378412.5554820491,29.758198324849904,0.11624296220644494,78.92409663417163,0.30829725247723294,7.698388909452854,0.03007183167755021,1.4450845603155553,10,256,0.9440168062999875,256,110,151,219,251,0.4296875,0.58984375,0.85546875,0.98046875,10,timm:resnet34.a1_in1k
layer3.5.conv1,conv,64,256,1,False,256.0,0,14.0,14.0,7168,379675.0791267457,29.720311150476615,0.11609496543154928,80.43278632180846,0.3141905715695643,7.548643066979224,0.029486886980387594,1.3977655833187497,10,256,0.9488073044019519,256,113,156,222,252,0.44140625,0.609375,0.8671875,0.984375,25,timm:resnet34.a1_in1k
layer3.5.conv1,conv,64,256,1,False,256.0,0,14.0,14.0,13312,376147.287337847,30.577433572503203,0.11944309989259064,81.89960412563154,0.3199203286157482,7.771088042863234,0.030355812667434506,1.379812085108658,10,256,0.949451083737227,256,115,158,223,252,0.44921875,0.6171875,0.87109375,0.984375,50,timm:resnet34.a1_in1k
layer3.5.conv1,conv,64,256,1,False,256.0,0,14.0,14.0,25600,377893.10529311845,30.834911619444853,0.12044887351345646,82.48958882736223,0.3222249563568837,7.830091220398324,0.030586293829680953,1.3701696747349712,10,256,0.9502900644325296,256,116,159,224,252,0.453125,0.62109375,0.875,0.984375,100,timm:resnet34.a1_in1k
layer3.5.conv1,conv,64,256,1,False,256.0,0,14.0,14.0,64512,376199.4554186744,31.141775269538314,0.12164755964663404,83.11005738122329,0.32464866164540346,7.882196513939636,0.030789830132576704,1.364110886987861,10,256,0.950517888836349,256,116,159,224,252,0.453125,0.62109375,0.875,0.984375,250,timm:resnet34.a1_in1k
layer3.5.act1,act,65,256,1,False,,0,14.0,14.0,1024,12.238450221749675,83.93751457518898,0.32788091630933197,132.5030547234829,0.5175900575136051,20.40435376865701,0.07970450690881645,1.5799927450383853,10,256,0.6982129372287056,256,131,165,216,244,0.51171875,0.64453125,0.84375,0.953125,1,timm:resnet34.a1_in1k
layer3.5.act1,act,65,256,1,False,,0,14.0,14.0,1024,12.238450221749675,83.93751457518898,0.32788091630933197,132.5030547234829,0.5175900575136051,20.40435376865701,0.07970450690881645,1.5799927450383853,10,256,0.6982129372287056,256,131,165,216,244,0.51171875,0.64453125,0.84375,0.953125,2,timm:resnet34.a1_in1k
layer3.5.act1,act,65,256,1,False,,0,14.0,14.0,2048,13.351487023169188,86.18846372381994,0.3366736864211716,146.5999314843757,0.5726559823608426,16.587471977396575,0.06479481241170537,1.2375485819111258,10,256,0.7862887696222787,256,151,184,229,249,0.58984375,0.71875,0.89453125,0.97265625,5,timm:resnet34.a1_in1k
layer3.5.act1,act,65,256,1,False,,0,14.0,14.0,3072,13.162617796012693,93.60466217847492,0.3656432116346677,156.36670648130973,0.6108074471926161,17.432423202784793,0.0680954031358781,1.1228543356813232,10,256,0.7550634978689079,256,160,193,233,251,0.625,0.75390625,0.91015625,0.98046875,10,timm:resnet34.a1_in1k
layer3.5.act1,act,65,256,1,False,,0,14.0,14.0,7168,13.652734032607828,102.65555708629122,0.4009982698683251,168.08636390954987,0.6565873590216792,18.355275291539627,0.07170029410757667,0.9777812642342569,10,256,0.7319195076609966,256,172,203,238,251,0.671875,0.79296875,0.9296875,0.98046875,25,timm:resnet34.a1_in1k
layer3.5.act1,act,65,256,1,False,,0,14.0,14.0,13312,13.618692317191616,102.59903115973265,0.40077746546770565,170.19507265064865,0.6648245025415963,17.81622447155161,0.06959462684199848,0.9299963121995133,10,256,0.7495785000319336,256,176,206,239,251,0.6875,0.8046875,0.93359375,0.98046875,50,timm:resnet34.a1_in1k
layer3.5.act1,act,65,256,1,False,,0,14.0,14.0,25600,13.835392890685938,103.89601627483461,0.4058438135735727,172.59491202713755,0.6741988751060061,17.783426479790457,0.06946650968668147,0.8924240076150438,10,256,0.7462567932976835,256,179,209,240,251,0.69921875,0.81640625,0.9375,0.98046875,100,timm:resnet34.a1_in1k
layer3.5.act1,act,65,256,1,False,,0,14.0,14.0,64512,13.617456743632907,106.0909350175347,0.41441771491224494,175.29911201464617,0.6847621563072116,17.96352275210578,0.07017001075041321,0.8585964376465022,10,256,0.7489868977193586,256,182,211,240,251,0.7109375,0.82421875,0.9375,0.98046875,250,timm:resnet34.a1_in1k
layer3.5.conv2,conv,66,256,1,False,256.0,0,14.0,14.0,1024,2480.5179636667194,45.21298466168113,0.17661322133469193,98.90298894443072,0.3863398005641825,9.417191899948378,0.03678590585917335,1.658061420976079,10,256,0.8948504926452605,256,110,145,209,248,0.4296875,0.56640625,0.81640625,0.96875,1,timm:resnet34.a1_in1k
layer3.5.conv2,conv,66,256,1,False,256.0,0,14.0,14.0,1024,2480.5179636667194,45.21298466168113,0.17661322133469193,98.90298894443072,0.3863398005641825,9.417191899948378,0.03678590585917335,1.658061420976079,10,256,0.8948504926452605,256,110,145,209,248,0.4296875,0.56640625,0.81640625,0.96875,2,timm:resnet34.a1_in1k
layer3.5.conv2,conv,66,256,1,False,256.0,0,14.0,14.0,2048,2595.2653104561136,50.82566753900053,0.1985377638242208,111.64237383805165,0.4361030228048893,9.91958198611081,0.03874836713324535,1.469923261601123,10,256,0.8926339328279279,256,123,160,220,251,0.48046875,0.625,0.859375,0.98046875,5,timm:resnet34.a1_in1k
layer3.5.conv2,conv,66,256,1,False,256.0,0,14.0,14.0,3072,2550.083570574179,52.12722376734537,0.20362196784119285,115.51874551973341,0.45124509968645865,9.986697181608971,0.03901053586566004,1.4058921399718536,10,256,0.8905214153702002,256,128,165,223,251,0.5,0.64453125,0.87109375,0.98046875,10,timm:resnet34.a1_in1k
layer3.5.conv2,conv,66,256,1,False,256.0,0,14.0,14.0,7168,2558.347882908602,52.97722684202315,0.20694229235165293,121.21012437266312,0.4734770483307153,9.722035497449756,0.03797670116191311,1.327705558109451,10,256,0.8871211199488757,256,134,171,226,252,0.5234375,0.66796875,0.8828125,0.984375,25,timm:resnet34.a1_in1k
layer3.5.conv2,conv,66,256,1,False,256.0,0,14.0,14.0,13312,2562.749338310181,52.68317179395387,0.2057936398201323,123.00075174691732,0.48047168651139577,9.543450782116821,0.03727910461764383,1.2946125859859894,10,256,0.8849903584743652,256,137,173,228,252,0.53515625,0.67578125,0.890625,0.984375,50,timm:resnet34.a1_in1k
layer3.5.conv2,conv,66,256,1,False,256.0,0,14.0,14.0,25600,2587.465836023174,53.31011788864657,0.20824264800252568,124.54892780153007,0.48651924922472684,9.575975794575134,0.03740615544755912,1.278309344410895,10,256,0.8839612524229564,256,138,175,229,252,0.5390625,0.68359375,0.89453125,0.984375,100,timm:resnet34.a1_in1k
layer3.5.conv2,conv,66,256,1,False,256.0,0,14.0,14.0,64512,2586.061087419019,53.23051887449201,0.20793171435348443,125.450705390354,0.4900418179310703,9.497871523848223,0.03710106064003212,1.269051040380548,10,256,0.881845418960376,256,139,175,229,253,0.54296875,0.68359375,0.89453125,0.98828125,250,timm:resnet34.a1_in1k
layer3.5.act2,act,67,256,1,False,,0,14.0,14.0,1024,1814.3012047373304,83.79864710874247,0.3273384652685253,138.8781948805238,0.5424929487520461,20.973703362111404,0.08192852875824767,1.2274296781066911,10,256,0.920733946326947,256,145,182,233,253,0.56640625,0.7109375,0.91015625,0.98828125,1,timm:resnet34.a1_in1k
layer3.5.act2,act,67,256,1,False,,0,14.0,14.0,1024,1814.3012047373304,83.79864710874247,0.3273384652685253,138.8781948805238,0.5424929487520461,20.973703362111404,0.08192852875824767,1.2274296781066911,10,256,0.920733946326947,256,145,182,233,253,0.56640625,0.7109375,0.91015625,0.98828125,2,timm:resnet34.a1_in1k
layer3.5.act2,act,67,256,1,False,,0,14.0,14.0,2048,1837.0752560803762,93.0052812018051,0.3633018796945512,153.44603991520663,0.5993985934187759,21.36605805808821,0.08346116428940707,1.0293163839784842,10,256,0.9406361052953556,256,162,198,240,254,0.6328125,0.7734375,0.9375,0.9921875,5,timm:resnet34.a1_in1k
layer3.5.act2,act,67,256,1,False,,0,14.0,14.0,3072,1816.6770650944677,95.13965144672447,0.37163926346376747,157.8184063583434,0.6164781498372789,21.280769336114993,0.08312800521919919,0.9602432826400349,10,256,0.9470638607421872,256,168,203,242,255,0.65625,0.79296875,0.9453125,0.99609375,10,timm:resnet34.a1_in1k
layer3.5.act2,act,67,256,1,False,,0,14.0,14.0,7168,1826.018497581456,100.66402187044099,0.3932188354314101,164.84904063701356,0.6439415649883342,22.247739183737476,0.08690523118647452,0.8764824217884506,10,256,0.9587337492531306,256,176,210,245,255,0.6875,0.8203125,0.95703125,0.99609375,25,timm:resnet34.a1_in1k
layer3.5.act2,act,67,256,1,False,,0,14.0,14.0,13312,1821.1638174324817,102.3159474569731,0.3996716697538012,167.4261709919504,0.6540084804373063,21.901761859812442,0.08555375726489235,0.8469775003615104,10,256,0.9632945858581916,256,179,212,245,255,0.69921875,0.828125,0.95703125,0.99609375,50,timm:resnet34.a1_in1k
layer3.5.act2,act,67,256,1,False,,0,14.0,14.0,25600,1833.7559241671722,103.19204874535741,0.4030939404115524,168.95801403773237,0.6599922423348921,21.710041967509675,0.08480485143558467,0.8273376876839232,10,256,0.9658411896157246,256,181,214,245,255,0.70703125,0.8359375,0.95703125,0.99609375,100,timm:resnet34.a1_in1k
layer3.5.act2,act,67,256,1,False,,0,14.0,14.0,64512,1824.481264891878,104.34470961344496,0.4075965219275194,170.25455705287897,0.6650568634878085,21.89192751527155,0.0855153418565295,0.8133911039886701,10,256,0.9667629864698883,256,183,215,246,255,0.71484375,0.83984375,0.9609375,0.99609375,250,timm:resnet34.a1_in1k
layer3.5,block,68,256,1,False,,0,14.0,14.0,1024,1793.8321671621075,86.13367603686932,0.3364596720190208,140.4438927422252,0.5486089560243171,22.35509329963991,0.0873245832017184,1.2245372124301417,10,256,0.9173192961617749,256,145,182,233,253,0.56640625,0.7109375,0.91015625,0.98828125,1,timm:resnet34.a1_in1k
layer3.5,block,68,256,1,False,,0,14.0,14.0,1024,1793.8321671621075,86.13367603686932,0.3364596720190208,140.4438927422252,0.5486089560243171,22.35509329963991,0.0873245832017184,1.2245372124301417,10,256,0.9173192961617749,256,145,182,233,253,0.56640625,0.7109375,0.91015625,0.98828125,2,timm:resnet34.a1_in1k
layer3.5,block,68,256,1,False,,0,14.0,14.0,2048,1800.4696344433166,94.36697376061343,0.3686209912523962,154.07719835736822,0.6018640560834696,22.58627693523102,0.08822764427824617,1.0295136655491868,10,256,0.9364728053553807,256,162,198,240,254,0.6328125,0.7734375,0.9375,0.9921875,5,timm:resnet34.a1_in1k
layer3.5,block,68,256,1,False,,0,14.0,14.0,3072,1801.8576491269478,96.07060316260643,0.3752757936039314,158.31412958684356,0.6184145686986077,21.760570308926585,0.08500222776924447,0.9640305822842568,10,256,0.9445232421115193,256,168,203,242,254,0.65625,0.79296875,0.9453125,0.9921875,10,timm:resnet34.a1_in1k
layer3.5,block,68,256,1,False,,0,14.0,14.0,7168,1825.6825967986774,101.1322532189261,0.39504786413643006,165.40433994578578,0.6461107029132257,21.82049249203256,0.08523629879700219,0.8755295273681148,10,256,0.9590417133332682,256,176,210,245,255,0.6875,0.8203125,0.95703125,0.99609375,25,timm:resnet34.a1_in1k
layer3.5,block,68,256,1,False,,0,14.0,14.0,13312,1811.3988784211542,103.6706907125599,0.4049636355959371,168.44371432597814,0.6579832590858521,22.266175322945383,0.0869772473552554,0.841785255979937,10,256,0.9638688532362704,256,180,212,245,255,0.703125,0.828125,0.95703125,0.99609375,50,timm:resnet34.a1_in1k
layer3.5,block,68,256,1,False,,0,14.0,14.0,25600,1830.3711437073773,104.02734677016993,0.4063568233209763,169.44092889438738,0.6618786284937007,22.044360520295537,0.08611078328240444,0.8256655210459558,10,256,0.9663109869715768,256,182,214,246,255,0.7109375,0.8359375,0.9609375,0.99609375,100,timm:resnet34.a1_in1k
layer3.5,block,68,256,1,False,,0,14.0,14.0,64512,1828.9468745061426,104.5372204050918,0.40834851720738985,170.43312567223182,0.6657543971571556,21.915482629491855,0.08560735402145256,0.8120896898024613,10,256,0.9676718037975449,256,183,215,246,255,0.71484375,0.83984375,0.9609375,0.99609375,250,timm:resnet34.a1_in1k
layer4.0.conv1,conv,69,512,1,False,512.0,0,7.0,7.0,1024,1483578.016770528,43.61103459131672,0.08517780193616546,88.691122356552,0.17322484835264063,13.023620424057464,0.025436758640737234,2.505167246442726,10,512,0.8996106049088132,512,100,147,264,410,0.1953125,0.287109375,0.515625,0.80078125,1,timm:resnet34.a1_in1k
layer4.0.conv1,conv,69,512,1,False,512.0,0,7.0,7.0,1024,1483578.016770528,43.61103459131672,0.08517780193616546,88.691122356552,0.17322484835264063,13.023620424057464,0.025436758640737234,2.505167246442726,10,512,0.8996106049088132,512,100,147,264,410,0.1953125,0.287109375,0.515625,0.80078125,2,timm:resnet34.a1_in1k
layer4.0.conv1,conv,69,512,1,False,512.0,0,7.0,7.0,3072,1467032.3923462485,47.2869117780441,0.09235724956649238,100.4116901151027,0.19611658225605996,13.790153610875423,0.02693389377124106,2.197614476965081,10,512,0.9176906428958819,512,117,171,303,450,0.228515625,0.333984375,0.591796875,0.87890625,5,timm:resnet34.a1_in1k
layer4.0.conv1,conv,69,512,1,False,512.0,0,7.0,7.0,5120,1470397.870631571,48.633866078126545,0.09498801968384091,103.57328193174038,0.20229156627293043,14.057447061541184,0.027455951292072626,2.143257051427232,10,512,0.91978187389202,512,121,177,311,456,0.236328125,0.345703125,0.607421875,0.890625,10,timm:resnet34.a1_in1k
layer4.0.conv1,conv,69,512,1,False,512.0,0,7.0,7.0,13312,1483039.321497642,49.45552742056022,0.09659282699328169,106.3141489952204,0.20764482225628986,13.872782652772885,0.027095278618697042,2.0983438262709813,10,512,0.9211713946680034,512,125,182,319,462,0.244140625,0.35546875,0.623046875,0.90234375,25,timm:resnet34.a1_in1k
layer4.0.conv1,conv,69,512,1,False,512.0,0,7.0,7.0,25600,1487810.6204323564,50.702029580630935,0.0990274015246698,108.07431489479367,0.2110826462788939,14.298350888583428,0.02792646657926451,2.0842377559491063,10,512,0.921551876603104,512,127,185,322,463,0.248046875,0.361328125,0.62890625,0.904296875,50,timm:resnet34.a1_in1k
layer4.0.conv1,conv,69,512,1,False,512.0,0,7.0,7.0,51200,1482632.2811794416,51.02655456399682,0.09966123938280629,108.63499401438162,0.2121777226843391,14.378663820180094,0.028083327773789246,2.076753773724281,10,512,0.9215570224691186,512,127,186,323,464,0.248046875,0.36328125,0.630859375,0.90625,100,timm:resnet34.a1_in1k
layer4.0.conv1,conv,69,512,1,False,512.0,0,7.0,7.0,128000,1482664.6069079337,50.89269271705473,0.09939979046299752,108.53569580800783,0.2119837808750153,14.330951737310432,0.027990140111934438,2.0733533133956104,10,512,0.9218278573059855,512,128,186,323,464,0.25,0.36328125,0.630859375,0.90625,250,timm:resnet34.a1_in1k
layer4.0.act1,act,70,512,1,False,,0,7.0,7.0,1024,71.15418169493783,109.20712773728535,0.21329517136188544,193.61086980825357,0.37814623009424525,26.915922583041976,0.05257016129500386,1.8364951320394731,10,512,0.45481140693499467,510,204,270,388,476,0.3984375,0.52734375,0.7578125,0.9296875,1,timm:resnet34.a1_in1k
layer4.0.act1,act,70,512,1,False,,0,7.0,7.0,1024,71.15418169493783,109.20712773728535,0.21329517136188544,193.61086980825357,0.37814623009424525,26.915922583041976,0.05257016129500386,1.8364951320394731,10,512,0.45481140693499467,510,204,270,388,476,0.3984375,0.52734375,0.7578125,0.9296875,2,timm:resnet34.a1_in1k
layer4.0.act1,act,70,512,1,False,,0,7.0,7.0,3072,71.4757808645226,154.20666112829636,0.30118488501620383,270.9891185812328,0.5292756222289703,31.61898911028184,0.06175583810601922,1.1414139781973416,10,512,0.8826082337336829,510,291,364,462,501,0.568359375,0.7109375,0.90234375,0.978515625,5,timm:resnet34.a1_in1k
layer4.0.act1,act,70,512,1,False,,0,7.0,7.0,5120,69.85759121008887,169.8357060184749,0.3317103633173338,295.21764929678,0.5765969712827734,33.81865853114888,0.06605206744365015,1.0041464182218922,10,512,0.8766863339830079,510,318,389,473,502,0.62109375,0.759765625,0.923828125,0.98046875,10,timm:resnet34.a1_in1k
layer4.0.act1,act,70,512,1,False,,0,7.0,7.0,13312,70.03863593492859,183.4448619071038,0.35829074591231214,317.87450719813364,0.6208486468713548,35.32268885382315,0.06898962666762334,0.8718108283166067,10,512,0.8595018554375841,510,347,412,481,503,0.677734375,0.8046875,0.939453125,0.982421875,25,timm:resnet34.a1_in1k
layer4.0.act1,act,70,512,1,False,,0,7.0,7.0,25600,70.2644969628295,187.2695233699739,0.3657607878319803,324.5712905066384,0.6339283017707781,35.15283416061127,0.06865787921994389,0.84848434335974,10,512,0.7419074895835212,511,356,419,483,503,0.6953125,0.818359375,0.943359375,0.982421875,50,timm:resnet34.a1_in1k
layer4.0.act1,act,70,512,1,False,,0,7.0,7.0,51200,70.66764255500136,190.30951767089192,0.3716982767009608,329.04365776872055,0.6426633940795323,35.58601935536859,0.06950394405345428,0.8200125414249545,10,512,0.7498915695490196,511,361,423,485,503,0.705078125,0.826171875,0.947265625,0.982421875,100,timm:resnet34.a1_in1k
layer4.0.act1,act,70,512,1,False,,0,7.0,7.0,128000,70.9411147503399,190.650897267923,0.3723650337264121,330.54894021336617,0.6456033988542308,35.430272140968064,0.06919975027532825,0.833250106625023,10,512,0.5712693448997499,512,365,426,485,503,0.712890625,0.83203125,0.947265625,0.982421875,250,timm:resnet34.a1_in1k
layer4.0.conv2,conv,71,512,1,False,512.0,0,7.0,7.0,1024,22797.813569636644,30.858321406499478,0.06027015899706929,122.33274044567948,0.23893113368296773,6.290334178163613,0.012285808941725807,1.7931989775301844,10,512,0.8699039599944219,512,174,241,372,476,0.33984375,0.470703125,0.7265625,0.9296875,1,timm:resnet34.a1_in1k
layer4.0.conv2,conv,71,512,1,False,512.0,0,7.0,7.0,1024,22797.813569636644,30.858321406499478,0.06027015899706929,122.33274044567948,0.23893113368296773,6.290334178163613,0.012285808941725807,1.7931989775301844,10,512,0.8699039599944219,512,174,241,372,476,0.33984375,0.470703125,0.7265625,0.9296875,2,timm:resnet34.a1_in1k
layer4.0.conv2,conv,71,512,1,False,512.0,0,7.0,7.0,3072,21881.186510319232,39.342650768705646,0.07684111478262821,168.22020794174958,0.32855509363622964,7.040505800881475,0.013750987892346632,1.3200958613973297,10,512,0.9039808393027293,512,238,317,442,501,0.46484375,0.619140625,0.86328125,0.978515625,5,timm:resnet34.a1_in1k
layer4.0.conv2,conv,71,512,1,False,512.0,0,7.0,7.0,5120,21709.398753450292,40.9284200723648,0.0799383204538375,181.31527518054415,0.3541313968370003,7.129895747167007,0.01392557763118556,1.2203964211223741,10,512,0.9043784514436107,512,257,336,453,503,0.501953125,0.65625,0.884765625,0.982421875,10,timm:resnet34.a1_in1k
layer4.0.conv2,conv,71,512,1,False,512.0,0,7.0,7.0,13312,21932.00202652301,38.084712032465134,0.07438420318840847,186.65219291753306,0.36455506429205675,6.75086218667206,0.013185277708343867,1.1235389828771323,10,512,0.9040007808103074,512,274,353,462,505,0.53515625,0.689453125,0.90234375,0.986328125,25,timm:resnet34.a1_in1k
layer4.0.conv2,conv,71,512,1,False,512.0,0,7.0,7.0,25600,22086.897629784664,38.95219130162428,0.07607849863598493,191.53668794719562,0.37409509364686644,6.825452599353776,0.013330962108112843,1.093054651869888,10,512,0.9029518056400359,512,280,359,465,505,0.546875,0.701171875,0.908203125,0.986328125,50,timm:resnet34.a1_in1k
layer4.0.conv2,conv,71,512,1,False,512.0,0,7.0,7.0,51200,22081.64917585967,39.248336694028154,0.07665690760552374,194.04394669675725,0.378992083392104,6.8456011272929365,0.013370314701744017,1.0754793132614098,10,512,0.902323074210001,512,284,362,466,505,0.5546875,0.70703125,0.91015625,0.986328125,100,timm:resnet34.a1_in1k
layer4.0.conv2,conv,71,512,1,False,512.0,0,7.0,7.0,128000,22087.988103474258,39.280643088476076,0.07672000603217984,194.94722374522155,0.38075629637738584,6.8446013617222885,0.013368362034613845,1.0665372235471635,10,512,0.9024080822760892,512,286,363,467,505,0.55859375,0.708984375,0.912109375,0.986328125,250,timm:resnet34.a1_in1k
layer4.0.downsample.0,conv,72,512,1,False,256.0,0,7.0,7.0,1024,72063.12202998366,39.3739868657332,0.07690231809713516,77.46700613077334,0.15130274634916668,12.283544276308456,0.023991297414664953,6.697021602219991,10,512,0.5943734876019403,385,88,121,185,237,0.171875,0.236328125,0.361328125,0.462890625,1,timm:resnet34.a1_in1k
layer4.0.downsample.0,conv,72,512,1,False,256.0,0,7.0,7.0,1024,72063.12202998366,39.3739868657332,0.07690231809713516,77.46700613077334,0.15130274634916668,12.283544276308456,0.023991297414664953,6.697021602219991,10,512,0.5943734876019403,385,88,121,185,237,0.171875,0.236328125,0.361328125,0.462890625,2,timm:resnet34.a1_in1k
layer4.0.downsample.0,conv,72,512,1,False,256.0,0,7.0,7.0,3072,72378.16709173839,41.1237139500101,0.08031975380861348,83.6499200733896,0.16337875014333905,12.192937492902022,0.02381433104082426,6.878697445481344,10,512,0.5702451610115187,384,97,133,197,242,0.189453125,0.259765625,0.384765625,0.47265625,5,timm:resnet34.a1_in1k
layer4.0.downsample.0,conv,72,512,1,False,256.0,0,7.0,7.0,5120,72208.8485518522,41.95362325516464,0.08194067042024344,85.53976142574255,0.16706984653465343,12.119153494183651,0.023670221668327444,6.9506863455389905,10,512,0.5624693939181493,383,100,136,199,243,0.1953125,0.265625,0.388671875,0.474609375,10,timm:resnet34.a1_in1k
layer4.0.downsample.0,conv,72,512,1,False,256.0,0,7.0,7.0,13312,73125.37420706174,41.24736300942375,0.08056125587778076,85.85837995743809,0.16769214835437127,11.310970160775284,0.022091738595264226,7.030102883548378,10,512,0.5496578786135796,379,102,138,201,243,0.19921875,0.26953125,0.392578125,0.474609375,25,timm:resnet34.a1_in1k
layer4.0.downsample.0,conv,72,512,1,False,256.0,0,7.0,7.0,25600,73855.38562339172,41.76923263923803,0.08158053249851177,86.64978975190087,0.16923787060918138,11.450691905221248,0.02236463262738525,7.2659300302237,10,512,0.5513004894401253,382,102,139,202,244,0.19921875,0.271484375,0.39453125,0.4765625,50,timm:resnet34.a1_in1k
layer4.0.downsample.0,conv,72,512,1,False,256.0,0,7.0,7.0,51200,73678.0879353294,42.48650342625582,0.0829814520044059,87.4466123731858,0.17079416479137852,11.79207254863646,0.023031391696555586,7.337952509435789,10,512,0.5432454615866529,380,103,139,202,244,0.201171875,0.271484375,0.39453125,0.4765625,100,timm:resnet34.a1_in1k
layer4.0.downsample.0,conv,72,512,1,False,256.0,0,7.0,7.0,128000,73172.1959943028,43.03552101331721,0.08405375197913517,88.01022713020589,0.17189497486368338,12.013592399864034,0.023464047655984442,7.525314802501505,10,512,0.5368451660897076,375,103,140,203,244,0.201171875,0.2734375,0.396484375,0.4765625,250,timm:resnet34.a1_in1k
layer4.0.act2,act,73,512,1,False,,0,7.0,7.0,1024,212.70441017262746,63.23648074291628,0.12350875145100836,165.1206121875326,0.3225011956787746,11.062309797924131,0.02160607382407057,1.7229512174361215,10,512,0.44823272834048145,510,201,271,397,485,0.392578125,0.529296875,0.775390625,0.947265625,1,timm:resnet34.a1_in1k
layer4.0.act2,act,73,512,1,False,,0,7.0,7.0,1024,212.70441017262746,63.23648074291628,0.12350875145100836,165.1206121875326,0.3225011956787746,11.062309797924131,0.02160607382407057,1.7229512174361215,10,512,0.44823272834048145,510,201,271,397,485,0.392578125,0.529296875,0.775390625,0.947265625,2,timm:resnet34.a1_in1k
layer4.0.act2,act,73,512,1,False,,0,7.0,7.0,3072,225.83388617957303,61.90575304198683,0.12090967391013052,200.28954037924805,0.39119050855321885,9.97472372536065,0.01948188227609502,1.2266738718193142,10,512,0.3164212981355299,510,273,354,463,504,0.533203125,0.69140625,0.904296875,0.984375,5,timm:resnet34.a1_in1k
layer4.0.act2,act,73,512,1,False,,0,7.0,7.0,5120,224.4781699779254,62.516193871761644,0.12210194115578446,212.3220050867053,0.4146914161849713,9.833161389553316,0.01920539333897132,1.0228012188104245,10,512,0.9470943025634262,510,297,377,473,505,0.580078125,0.736328125,0.923828125,0.986328125,10,timm:resnet34.a1_in1k
layer4.0.act2,act,73,512,1,False,,0,7.0,7.0,13312,227.71627425545594,60.97364393008363,0.1190891483009446,220.89668927352758,0.43143884623735856,9.528427200059829,0.018610209375116853,0.9957260811899945,10,512,0.24001624510134523,510,322,399,481,506,0.62890625,0.779296875,0.939453125,0.98828125,25,timm:resnet34.a1_in1k
layer4.0.act2,act,73,512,1,False,,0,7.0,7.0,25600,226.4683926083878,67.8315180949229,0.1324834337791463,231.58809032372594,0.4523204889135272,10.33510905134994,0.020185759865917852,0.9925279523912788,10,512,0.20645518537130336,511,333,407,484,506,0.650390625,0.794921875,0.9453125,0.98828125,50,timm:resnet34.a1_in1k
layer4.0.act2,act,73,512,1,False,,0,7.0,7.0,51200,225.84129500389946,73.12532978864604,0.1428229097434493,238.6188282503939,0.4660523989265506,10.986193355853523,0.02145740889815141,0.9737603946302705,10,512,0.19200827413865185,511,339,412,485,506,0.662109375,0.8046875,0.947265625,0.98828125,100,timm:resnet34.a1_in1k
layer4.0.act2,act,73,512,1,False,,0,7.0,7.0,128000,226.42759025349682,74.085102769736,0.14469746634714062,240.95577764782945,0.4706167532184169,11.078910835667731,0.021638497725913537,0.9510109449453803,10,512,0.20913888329584618,511,343,415,486,506,0.669921875,0.810546875,0.94921875,0.98828125,250,timm:resnet34.a1_in1k
layer4.0,block,74,512,1,False,,0,7.0,7.0,1024,237.2043081061698,70.3861600082284,0.1374729687660711,165.20085936712164,0.32265792845140945,13.30522782353793,0.02598677309284752,1.7520026740094308,10,512,0.4514625913748982,510,197,268,394,483,0.384765625,0.5234375,0.76953125,0.943359375,1,timm:resnet34.a1_in1k
layer4.0,block,74,512,1,False,,0,7.0,7.0,1024,237.2043081061698,70.3861600082284,0.1374729687660711,165.20085936712164,0.32265792845140945,13.30522782353793,0.02598677309284752,1.7520026740094308,10,512,0.4514625913748982,510,197,268,394,483,0.384765625,0.5234375,0.76953125,0.943359375,2,timm:resnet34.a1_in1k
layer4.0,block,74,512,1,False,,0,7.0,7.0,3072,233.4284062933425,71.47139981362534,0.139592577760987,206.339473469397,0.40300678411991603,11.492588815790738,0.022446462530841284,1.2407949920717287,10,512,0.3186300740743042,510,272,353,462,503,0.53125,0.689453125,0.90234375,0.982421875,5,timm:resnet34.a1_in1k
layer4.0,block,74,512,1,False,,0,7.0,7.0,5120,227.75228551815107,72.02378996820589,0.14067146478165213,219.37979039014797,0.42847615310575776,11.190880615661976,0.021857188702464798,1.0304308584797255,10,512,0.9454601043040585,510,297,377,473,505,0.580078125,0.736328125,0.923828125,0.986328125,10,timm:resnet34.a1_in1k
layer4.0,block,74,512,1,False,,0,7.0,7.0,13312,226.58226671200666,68.54618542578042,0.1338792684097274,228.94000333109818,0.44714844400605114,10.463456781829239,0.02043643902701023,0.9932795681966035,10,512,0.2475780542731857,510,324,400,482,506,0.6328125,0.78125,0.94140625,0.98828125,25,timm:resnet34.a1_in1k
layer4.0,block,74,512,1,False,,0,7.0,7.0,25600,226.36692236101032,71.35333587896311,0.13936198413859982,235.16420730177407,0.4593050923862775,10.781887886233433,0.021058374777799673,0.9548553071908715,10,512,0.22798110461796073,510,334,408,484,506,0.65234375,0.796875,0.9453125,0.98828125,50,timm:resnet34.a1_in1k
layer4.0,block,74,512,1,False,,0,7.0,7.0,51200,226.85835360411977,69.95776174095947,0.13663625340031146,235.789938726935,0.4605272240760449,10.578988350323481,0.02066208662172555,0.9320024734789731,10,512,0.22198789867367041,510,339,412,485,506,0.662109375,0.8046875,0.947265625,0.98828125,100,timm:resnet34.a1_in1k
layer4.0,block,74,512,1,False,,0,7.0,7.0,128000,226.25919468558484,72.2127000686687,0.14104042982161855,239.30677832901065,0.46739605142384893,10.839535831921605,0.021170968421721885,0.9204572862833101,10,512,0.20867713414572664,510,343,415,486,506,0.669921875,0.810546875,0.94921875,0.98828125,250,timm:resnet34.a1_in1k
layer4.1.conv1,conv,75,512,1,False,512.0,0,7.0,7.0,1024,84649.06706683771,27.790165736196844,0.05427766745350946,95.27364124652456,0.18608133055961829,6.527798413185985,0.012749606275753876,1.896118539826767,10,512,0.8854984454288344,512,145,211,349,466,0.283203125,0.412109375,0.681640625,0.91015625,1,timm:resnet34.a1_in1k
layer4.1.conv1,conv,75,512,1,False,512.0,0,7.0,7.0,1024,84649.06706683771,27.790165736196844,0.05427766745350946,95.27364124652456,0.18608133055961829,6.527798413185985,0.012749606275753876,1.896118539826767,10,512,0.8854984454288344,512,145,211,349,466,0.283203125,0.412109375,0.681640625,0.91015625,2,timm:resnet34.a1_in1k
layer4.1.conv1,conv,75,512,1,False,512.0,0,7.0,7.0,3072,85127.50152645214,31.596110079051716,0.06171115249814788,120.9737346702707,0.23627682552787246,6.927126454929112,0.013529543857283421,1.444935053755715,10,512,0.918101524773849,512,197,278,419,496,0.384765625,0.54296875,0.818359375,0.96875,5,timm:resnet34.a1_in1k
layer4.1.conv1,conv,75,512,1,False,512.0,0,7.0,7.0,5120,83772.82703096463,33.1622644216685,0.0647700476985713,129.58192877271622,0.2530897046342114,7.094117299056221,0.013855697849719182,1.3490945044980387,10,512,0.9216889834795706,512,214,297,433,500,0.41796875,0.580078125,0.845703125,0.9765625,10,timm:resnet34.a1_in1k
layer4.1.conv1,conv,75,512,1,False,512.0,0,7.0,7.0,13312,83982.03958231126,32.12883348252851,0.0627516278955635,133.3575381207002,0.2604639416419926,6.868854386422211,0.013415731223480882,1.259476483625282,10,512,0.9232233343013814,512,229,314,443,501,0.447265625,0.61328125,0.865234375,0.978515625,25,timm:resnet34.a1_in1k
layer4.1.conv1,conv,75,512,1,False,512.0,0,7.0,7.0,25600,84285.28164987394,31.971765865160975,0.06244485520539253,135.17219233944155,0.2640081881629718,6.814938753189941,0.013310427252324104,1.2303586927590338,10,512,0.9231909290538773,512,235,320,446,502,0.458984375,0.625,0.87109375,0.98046875,50,timm:resnet34.a1_in1k
layer4.1.conv1,conv,75,512,1,False,512.0,0,7.0,7.0,51200,83998.66186234665,32.43920430445969,0.06335782090714784,137.26249853297733,0.26809081744722135,6.872220134209056,0.013422304949627062,1.2159248646212466,10,512,0.9227814752525316,512,238,323,447,502,0.46484375,0.630859375,0.873046875,0.98046875,100,timm:resnet34.a1_in1k
layer4.1.conv1,conv,75,512,1,False,512.0,0,7.0,7.0,128000,83912.66894061737,32.69743628557949,0.06386218024527245,138.20286668568085,0.2699274739954704,6.913252979131724,0.013502447224866649,1.2074900790347098,10,512,0.9227343598753894,512,240,324,448,502,0.46875,0.6328125,0.875,0.98046875,250,timm:resnet34.a1_in1k
layer4.1.act1,act,76,512,1,False,,0,7.0,7.0,1024,15.682981095782834,73.04368151810787,0.14266344046505444,139.91967174542106,0.2732806088777755,19.432814357152907,0.03795471554131427,2.679243420278666,10,512,0.3204095050210307,504,155,213,326,427,0.302734375,0.416015625,0.63671875,0.833984375,1,timm:resnet34.a1_in1k
layer4.1.act1,act,76,512,1,False,,0,7.0,7.0,1024,15.682981095782834,73.04368151810787,0.14266344046505444,139.91967174542106,0.2732806088777755,19.432814357152907,0.03795471554131427,2.679243420278666,10,512,0.3204095050210307,504,155,213,326,427,0.302734375,0.416015625,0.63671875,0.833984375,2,timm:resnet34.a1_in1k
layer4.1.act1,act,76,512,1,False,,0,7.0,7.0,3072,16.534205721548282,115.35989420597166,0.2253122933710384,222.78211043571923,0.4351213094447641,23.334133113065914,0.04557447873645686,1.4992713471817747,10,512,0.37271995886172193,507,245,317,428,487,0.478515625,0.619140625,0.8359375,0.951171875,5,timm:resnet34.a1_in1k
layer4.1.act1,act,76,512,1,False,,0,7.0,7.0,5120,16.04296673818532,131.25050776449936,0.2563486479775378,257.15340907076666,0.5022527520913411,23.748926071995598,0.0463846212343664,1.5487545630628599,10,512,0.1495279931881549,507,282,353,450,495,0.55078125,0.689453125,0.87890625,0.966796875,10,timm:resnet34.a1_in1k
layer4.1.act1,act,76,512,1,False,,0,7.0,7.0,13312,15.71142015981627,148.51125691537257,0.29006104866283705,301.2690046238191,0.5884160246558967,24.429121935748842,0.04771312878075946,1.0964988824806268,10,512,0.1525336242126808,508,331,396,470,499,0.646484375,0.7734375,0.91796875,0.974609375,25,timm:resnet34.a1_in1k
layer4.1.act1,act,76,512,1,False,,0,7.0,7.0,25600,15.849891440736128,156.41272889387815,0.30549361112085577,318.4469041603252,0.6219666096881351,24.97056418650443,0.04877063317676646,0.952114510656581,10,512,0.16835761458999854,510,353,413,477,500,0.689453125,0.806640625,0.931640625,0.9765625,50,timm:resnet34.a1_in1k
layer4.1.act1,act,76,512,1,False,,0,7.0,7.0,51200,15.884482279903754,159.70790781008486,0.311929507441572,328.16763890689157,0.6409524197400226,25.00027200688508,0.04882865626344742,0.8974916432981958,10,512,0.15392656649540692,511,367,424,482,501,0.716796875,0.828125,0.94140625,0.978515625,100,timm:resnet34.a1_in1k
layer4.1.act1,act,76,512,1,False,,0,7.0,7.0,128000,15.968406716477013,160.89579007985267,0.31424958999971225,333.74013488941176,0.6518362009558823,24.931715155561907,0.04869475616320685,0.7742726996494799,10,512,0.32423859966111623,512,375,429,483,501,0.732421875,0.837890625,0.943359375,0.978515625,250,timm:resnet34.a1_in1k
layer4.1.conv2,conv,77,512,1,False,512.0,0,7.0,7.0,1024,6252.271348582217,16.50811136803585,0.032242405015695016,69.75909828511716,0.13624823883811946,4.405134746645218,0.008603778802041441,2.1870638121955728,10,512,0.9004728045687928,512,111,168,303,440,0.216796875,0.328125,0.591796875,0.859375,1,timm:resnet34.a1_in1k
layer4.1.conv2,conv,77,512,1,False,512.0,0,7.0,7.0,1024,6252.271348582217,16.50811136803585,0.032242405015695016,69.75909828511716,0.13624823883811946,4.405134746645218,0.008603778802041441,2.1870638121955728,10,512,0.9004728045687928,512,111,168,303,440,0.216796875,0.328125,0.591796875,0.859375,2,timm:resnet34.a1_in1k
layer4.1.conv2,conv,77,512,1,False,512.0,0,7.0,7.0,3072,6240.2949565399795,18.971220855433277,0.03705316573326812,106.04835683346863,0.20712569694036842,4.582396741616922,0.00894999363597055,1.6158165977397883,10,512,0.9194100888534787,512,177,253,399,492,0.345703125,0.494140625,0.779296875,0.9609375,5,timm:resnet34.a1_in1k
layer4.1.conv2,conv,77,512,1,False,512.0,0,7.0,7.0,5120,6047.258812014192,20.361883277706298,0.03976930327677011,121.66467775147952,0.23762632373335843,4.725332948569096,0.009229165915174016,1.4765935124017318,10,512,0.9132161453668838,512,203,282,421,498,0.396484375,0.55078125,0.822265625,0.97265625,10,timm:resnet34.a1_in1k
layer4.1.conv2,conv,77,512,1,False,512.0,0,7.0,7.0,13312,6023.631641925829,20.811616088968766,0.04064768767376712,138.0319799718448,0.2695937108825094,4.7398343110371695,0.009257488888744472,1.313016399557318,10,512,0.896429801419107,512,234,313,440,502,0.45703125,0.611328125,0.859375,0.98046875,25,timm:resnet34.a1_in1k
layer4.1.conv2,conv,77,512,1,False,512.0,0,7.0,7.0,25600,6004.5098709479225,21.706280918748806,0.04239507991943126,146.3362369637105,0.28581296281974705,4.839921324613645,0.009452971337136025,1.247269636479886,10,512,0.8876616837635708,512,247,325,446,503,0.482421875,0.634765625,0.87109375,0.982421875,50,timm:resnet34.a1_in1k
layer4.1.conv2,conv,77,512,1,False,512.0,0,7.0,7.0,51200,6129.643993641452,21.017549411870743,0.041049901195060044,146.84025740836842,0.28679737775071956,4.748675421076176,0.009274756681789407,1.2164389294479745,10,512,0.8828314093310453,512,252,330,449,503,0.4921875,0.64453125,0.876953125,0.982421875,100,timm:resnet34.a1_in1k
layer4.1.conv2,conv,77,512,1,False,512.0,0,7.0,7.0,128000,6146.858409941722,20.924694075647476,0.04086854311649898,148.40055021246422,0.2898448246337192,4.733522403810537,0.009245160944942455,1.1948834779554633,10,512,0.8785739449871501,512,256,333,450,504,0.5,0.650390625,0.87890625,0.984375,250,timm:resnet34.a1_in1k
layer4.1.act2,act,78,512,1,False,,0,7.0,7.0,1024,211.1682862275274,36.22477162359158,0.0707515070773273,135.7200659710049,0.26507825384961897,6.9601864264498605,0.013594114114159884,1.789655710068734,10,512,0.46965002481852036,511,188,258,385,480,0.3671875,0.50390625,0.751953125,0.9375,1,timm:resnet34.a1_in1k
layer4.1.act2,act,78,512,1,False,,0,7.0,7.0,1024,211.1682862275274,36.22477162359158,0.0707515070773273,135.7200659710049,0.26507825384961897,6.9601864264498605,0.013594114114159884,1.789655710068734,10,512,0.46965002481852036,511,188,258,385,480,0.3671875,0.50390625,0.751953125,0.9375,2,timm:resnet34.a1_in1k
layer4.1.act2,act,78,512,1,False,,0,7.0,7.0,3072,215.63392508438707,37.2311331904755,0.07271705701264745,180.01389532829802,0.35158963931308207,6.752779033000618,0.013189021548829331,1.0982418865870358,10,512,0.922854212184498,511,275,356,464,505,0.537109375,0.6953125,0.90625,0.986328125,5,timm:resnet34.a1_in1k
layer4.1.act2,act,78,512,1,False,,0,7.0,7.0,5120,222.5666484937574,35.573154026992434,0.0694788164589696,188.87145707203908,0.3688895645938263,6.512164164960017,0.012719070634687532,1.049131220108107,10,512,0.23573641056083128,511,303,381,476,507,0.591796875,0.744140625,0.9296875,0.990234375,10,timm:resnet34.a1_in1k
layer4.1.act2,act,78,512,1,False,,0,7.0,7.0,13312,221.88821621713458,40.29098901475584,0.078693337919445,212.1386372231481,0.4143332758264611,6.975888958909787,0.013624783122870679,0.7968342227307177,10,512,0.956024997580851,511,338,410,486,508,0.66015625,0.80078125,0.94921875,0.9921875,25,timm:resnet34.a1_in1k
layer4.1.act2,act,78,512,1,False,,0,7.0,7.0,25600,223.35607896692,43.027519505200004,0.08403812403359376,222.04175403535814,0.43367530085030886,7.254307688518323,0.01416856970413735,0.8283729218584371,10,512,0.17284524842779414,511,351,420,489,508,0.685546875,0.8203125,0.955078125,0.9921875,50,timm:resnet34.a1_in1k
layer4.1.act2,act,78,512,1,False,,0,7.0,7.0,51200,222.33473956028274,42.30147951900266,0.08262007718555207,223.95629885991426,0.43741464621077003,7.16383268463741,0.013991860712182442,0.7007039853769592,10,512,0.9673911697335627,511,358,425,490,508,0.69921875,0.830078125,0.95703125,0.9921875,100,timm:resnet34.a1_in1k
layer4.1.act2,act,78,512,1,False,,0,7.0,7.0,128000,220.33349154898127,45.77516927155557,0.08940462748350697,232.18938964117186,0.4534949016429138,7.524397272598044,0.014696088423043055,0.7654991674148137,10,512,0.15021438749808602,511,364,429,491,508,0.7109375,0.837890625,0.958984375,0.9921875,250,timm:resnet34.a1_in1k
layer4.1,block,79,512,1,False,,0,7.0,7.0,1024,194.66617227742628,75.46890272172493,0.147400200628369,168.57194856331446,0.32924208703772356,14.1216041387356,0.02758125808346797,1.7276424729769424,10,512,0.8627483009503707,511,193,261,387,480,0.376953125,0.509765625,0.755859375,0.9375,1,timm:resnet34.a1_in1k
layer4.1,block,79,512,1,False,,0,7.0,7.0,1024,194.66617227742628,75.46890272172493,0.147400200628369,168.57194856331446,0.32924208703772356,14.1216041387356,0.02758125808346797,1.7276424729769424,10,512,0.8627483009503707,511,193,261,387,480,0.376953125,0.509765625,0.755859375,0.9375,2,timm:resnet34.a1_in1k
layer4.1,block,79,512,1,False,,0,7.0,7.0,3072,219.85610094925073,48.030929815610946,0.09381040979611513,194.99541625363656,0.3808504223703839,8.034135786977515,0.01569167145894046,1.110008425864283,10,512,0.9207937301166058,511,277,356,463,505,0.541015625,0.6953125,0.904296875,0.986328125,5,timm:resnet34.a1_in1k
layer4.1,block,79,512,1,False,,0,7.0,7.0,5120,227.13407509712124,34.890875184352126,0.06814624059443775,186.88726259909436,0.36501418476385616,6.442205969967036,0.012582433535091867,1.0507600882853834,10,512,0.2454615512292181,511,302,381,475,507,0.58984375,0.744140625,0.927734375,0.990234375,10,timm:resnet34.a1_in1k
layer4.1,block,79,512,1,False,,0,7.0,7.0,13312,225.45930062199437,37.65969192090821,0.07355408578302385,206.74398294765814,0.4037968416946448,6.696811620912868,0.013079710197095445,0.8901078156705776,10,512,0.1890671135695613,511,336,409,486,508,0.65625,0.798828125,0.94921875,0.9921875,25,timm:resnet34.a1_in1k
layer4.1,block,79,512,1,False,,0,7.0,7.0,25600,226.9469883880552,41.68560270076705,0.08141719277493564,219.11462036571396,0.4279582429017851,7.121977165309,0.01391011165099414,0.8314590171470921,10,512,0.17225126892591225,511,350,419,489,508,0.68359375,0.818359375,0.955078125,0.9921875,50,timm:resnet34.a1_in1k
layer4.1,block,79,512,1,False,,0,7.0,7.0,51200,223.5245888500326,43.57605200379892,0.08510947656991977,226.14175281365655,0.44168311096417295,7.303705453715922,0.01426504971428891,0.7948073275442065,10,512,0.15065552319051934,511,359,425,490,508,0.701171875,0.830078125,0.95703125,0.9921875,100,timm:resnet34.a1_in1k
layer4.1,block,79,512,1,False,,0,7.0,7.0,128000,221.56299535226103,45.769042139182176,0.08939266042809019,232.03900631045803,0.45320118420011335,7.527174911940194,0.014701513499883192,0.6770472314279202,10,512,0.9698171269014849,511,364,429,491,508,0.7109375,0.837890625,0.958984375,0.9921875,250,timm:resnet34.a1_in1k
layer4.2.conv1,conv,80,512,1,False,512.0,0,7.0,7.0,1024,97697.2446236559,8.354257639561883,0.016316909452269303,47.38120156406456,0.0925414093048136,2.9890327885742534,0.005837954665184089,2.0118897510222147,10,512,0.894792941198762,512,112,174,315,450,0.21875,0.33984375,0.615234375,0.87890625,1,timm:resnet34.a1_in1k
layer4.2.conv1,conv,80,512,1,False,512.0,0,7.0,7.0,1024,97697.2446236559,8.354257639561883,0.016316909452269303,47.38120156406456,0.0925414093048136,2.9890327885742534,0.005837954665184089,2.0118897510222147,10,512,0.894792941198762,512,112,174,315,450,0.21875,0.33984375,0.615234375,0.87890625,2,timm:resnet34.a1_in1k
layer4.2.conv1,conv,80,512,1,False,512.0,0,7.0,7.0,3072,108627.79156488189,7.131327162432012,0.013928373364125023,48.594390301288904,0.09491091855720489,2.743345691638178,0.005358097053980816,1.4921950248473586,10,512,0.9183543683648177,512,156,237,392,491,0.3046875,0.462890625,0.765625,0.958984375,5,timm:resnet34.a1_in1k
layer4.2.conv1,conv,80,512,1,False,512.0,0,7.0,7.0,5120,104274.9425784188,7.534515574730615,0.014715850731895732,53.852984538821616,0.10518161042738597,2.8227527905311596,0.005513189044006171,1.367428547744358,10,512,0.9179305197094455,512,177,262,412,496,0.345703125,0.51171875,0.8046875,0.96875,10,timm:resnet34.a1_in1k
layer4.2.conv1,conv,80,512,1,False,512.0,0,7.0,7.0,13312,108010.30853619761,7.288593261047363,0.01423553371298313,54.21992856007138,0.10589829796888942,2.7763111927078183,0.005422482798257458,1.2502193229944814,10,512,0.9135957414827304,512,194,282,426,499,0.37890625,0.55078125,0.83203125,0.974609375,25,timm:resnet34.a1_in1k
layer4.2.conv1,conv,80,512,1,False,512.0,0,7.0,7.0,25600,108916.83692950095,7.096587895338397,0.013860523233082806,54.3736854552607,0.10619860440480605,2.730303678037207,0.00533262437116642,1.2093006839564628,10,512,0.9111888962972226,512,202,290,431,500,0.39453125,0.56640625,0.841796875,0.9765625,50,timm:resnet34.a1_in1k
layer4.2.conv1,conv,80,512,1,False,512.0,0,7.0,7.0,51200,109205.35939532127,7.018854329465805,0.0137086998622379,54.590104418330334,0.10662129769205143,2.7111419220669037,0.005295199066536921,1.187095159470431,10,512,0.9099334593883432,512,206,294,433,501,0.40234375,0.57421875,0.845703125,0.978515625,100,timm:resnet34.a1_in1k
layer4.2.conv1,conv,80,512,1,False,512.0,0,7.0,7.0,128000,108784.42355723806,7.019120497290956,0.013709219721271398,55.04804423464991,0.1075157113958006,2.7099875008519447,0.0052929443376014546,1.1736278734494645,10,512,0.9083349732958863,512,209,296,435,501,0.408203125,0.578125,0.849609375,0.978515625,250,timm:resnet34.a1_in1k
layer4.2.act1,act,81,512,1,False,,0,7.0,7.0,1024,15.272843602885786,63.95769233414053,0.12491736784011823,122.24682134017563,0.23876332293003052,18.75658464568836,0.03663395438611008,3.595143721667143,10,512,0.2503604931207759,489,136,190,300,400,0.265625,0.37109375,0.5859375,0.78125,1,timm:resnet34.a1_in1k
layer4.2.act1,act,81,512,1,False,,0,7.0,7.0,1024,15.272843602885786,63.95769233414053,0.12491736784011823,122.24682134017563,0.23876332293003052,18.75658464568836,0.03663395438611008,3.595143721667143,10,512,0.2503604931207759,489,136,190,300,400,0.265625,0.37109375,0.5859375,0.78125,2,timm:resnet34.a1_in1k
layer4.2.act1,act,81,512,1,False,,0,7.0,7.0,3072,15.78568292224986,92.11609615259336,0.1799142502980339,197.30288339997486,0.3853571941405759,21.277366993258486,0.04155735740870798,1.5884716594185906,10,512,0.7754806605830115,512,225,297,411,477,0.439453125,0.580078125,0.802734375,0.931640625,5,timm:resnet34.a1_in1k
layer4.2.act1,act,81,512,1,False,,0,7.0,7.0,5120,15.648832263636427,98.29754285763464,0.19198738839381765,221.0694518341749,0.4317762731136229,21.735539951117072,0.04245222646702553,1.3383210352153336,10,512,0.7660164735905757,512,260,332,438,489,0.5078125,0.6484375,0.85546875,0.955078125,10,timm:resnet34.a1_in1k
layer4.2.act1,act,81,512,1,False,,0,7.0,7.0,13312,15.79132682135332,103.04632971823105,0.20126236273092002,252.60031202852736,0.4933599844307175,20.972712106545668,0.04096232833309701,0.9712834648872753,10,512,0.8621862371369338,512,312,385,473,504,0.609375,0.751953125,0.923828125,0.984375,25,timm:resnet34.a1_in1k
layer4.2.act1,act,81,512,1,False,,0,7.0,7.0,25600,15.968766406339494,104.81652609555003,0.20471977753037116,265.3361797052608,0.5182347259868375,20.781295640042792,0.04058846804695858,0.8460989352217875,10,512,0.8819764288320077,512,335,404,482,507,0.654296875,0.7890625,0.94140625,0.990234375,50,timm:resnet34.a1_in1k
layer4.2.act1,act,81,512,1,False,,0,7.0,7.0,51200,15.92942053679997,105.02468219258434,0.20512633240739128,271.9510496489721,0.5311543938456487,20.522170234274867,0.0400823637388181,0.7749234563124083,10,512,0.8749875026894981,512,348,414,485,507,0.6796875,0.80859375,0.947265625,0.990234375,100,timm:resnet34.a1_in1k
layer4.2.act1,act,81,512,1,False,,0,7.0,7.0,128000,15.895190889569069,105.11187031585284,0.20529662171065008,276.7859317084876,0.5405975228681399,20.320759786179746,0.039688983957382316,0.7198913605481005,10,512,0.8580735515121616,512,358,421,487,507,0.69921875,0.822265625,0.951171875,0.990234375,250,timm:resnet34.a1_in1k
layer4.2.conv2,conv,82,512,1,False,512.0,0,7.0,7.0,1024,5154.163052526272,9.570465273493978,0.018692314987292926,48.15535380386412,0.0940534253981721,3.2158122873349217,0.006280883373701019,2.3102597950689705,10,512,0.9052005558748141,512,92,143,273,422,0.1796875,0.279296875,0.533203125,0.82421875,1,timm:resnet34.a1_in1k
layer4.2.conv2,conv,82,512,1,False,512.0,0,7.0,7.0,1024,5154.163052526272,9.570465273493978,0.018692314987292926,48.15535380386412,0.0940534253981721,3.2158122873349217,0.006280883373701019,2.3102597950689705,10,512,0.9052005558748141,512,92,143,273,422,0.1796875,0.279296875,0.533203125,0.82421875,2,timm:resnet34.a1_in1k
layer4.2.conv2,conv,82,512,1,False,512.0,0,7.0,7.0,3072,5405.238195490962,11.355282479540122,0.0221782860928518,74.60612846454265,0.14571509465730986,3.4714256301592052,0.006780128183904698,1.6984078934160705,10,512,0.9084658139141243,512,156,228,377,486,0.3046875,0.4453125,0.736328125,0.94921875,5,timm:resnet34.a1_in1k
layer4.2.conv2,conv,82,512,1,False,512.0,0,7.0,7.0,5120,5299.616815426374,11.359566249659798,0.022186652831366793,82.17473474237889,0.16049752879370877,3.4581277961453583,0.006754155851846403,1.5390646627348072,10,512,0.902300738360473,512,181,257,402,493,0.353515625,0.501953125,0.78515625,0.962890625,10,timm:resnet34.a1_in1k
layer4.2.conv2,conv,82,512,1,False,512.0,0,7.0,7.0,13312,5450.1321745298665,12.124442798617025,0.023680552341048877,95.8081794581566,0.1871253505042121,3.56707737227868,0.006966947992731797,1.349749035717982,10,512,0.883648161111237,512,215,293,427,499,0.419921875,0.572265625,0.833984375,0.974609375,25,timm:resnet34.a1_in1k
layer4.2.conv2,conv,82,512,1,False,512.0,0,7.0,7.0,25600,5541.7942546127,11.583492192240069,0.022624008187968885,96.57580087497044,0.18862461108392664,3.4767811058391174,0.006790588097342026,1.2775437740830868,10,512,0.870421079070288,512,227,305,434,500,0.443359375,0.595703125,0.84765625,0.9765625,50,timm:resnet34.a1_in1k
layer4.2.conv2,conv,82,512,1,False,512.0,0,7.0,7.0,51200,5500.758212534792,11.55800431684035,0.02257422718132881,98.45103064568717,0.19228716922985775,3.470746154254272,0.006778801082527875,1.2343822874716899,10,512,0.8623197031518222,512,234,312,437,501,0.45703125,0.609375,0.853515625,0.978515625,100,timm:resnet34.a1_in1k
layer4.2.conv2,conv,82,512,1,False,512.0,0,7.0,7.0,128000,5544.258036291181,11.51687832370169,0.022493902975979863,99.58211785943445,0.1944963239442079,3.462410304662315,0.006762520126293584,1.2102904882914638,10,512,0.854926617484179,512,239,315,439,502,0.466796875,0.615234375,0.857421875,0.98046875,250,timm:resnet34.a1_in1k
layer4.2.act2,act,83,512,1,False,,0,7.0,7.0,1024,154.67990542623423,54.728091738064585,0.10689080417590739,148.04854035332673,0.28915730537759127,9.769779682302596,0.01908160094199726,1.83514718158593,10,512,0.8575712935493027,512,180,246,372,472,0.3515625,0.48046875,0.7265625,0.921875,1,timm:resnet34.a1_in1k
layer4.2.act2,act,83,512,1,False,,0,7.0,7.0,1024,154.67990542623423,54.728091738064585,0.10689080417590739,148.04854035332673,0.28915730537759127,9.769779682302596,0.01908160094199726,1.83514718158593,10,512,0.8575712935493027,512,180,246,372,472,0.3515625,0.48046875,0.7265625,0.921875,2,timm:resnet34.a1_in1k
layer4.2.act2,act,83,512,1,False,,0,7.0,7.0,3072,163.33464841578783,72.64840447990285,0.14189141499981026,224.03155552916795,0.43756163189290614,10.610371648412038,0.02072338212580476,1.1701795507401898,10,512,0.9092961151470614,512,275,352,461,505,0.537109375,0.6875,0.900390625,0.986328125,5,timm:resnet34.a1_in1k
layer4.2.act2,act,83,512,1,False,,0,7.0,7.0,5120,167.1171521254095,77.2461045219429,0.15087129789441972,249.44597268804134,0.48719916540633074,10.784886987849152,0.021064232398142875,0.996981605022084,10,512,0.921569896075011,512,308,384,476,508,0.6015625,0.75,0.9296875,0.9921875,10,timm:resnet34.a1_in1k
layer4.2.act2,act,83,512,1,False,,0,7.0,7.0,13312,172.6214735879546,85.2977278697548,0.16659712474561483,283.95809261255295,0.5546056496338925,11.178794111009513,0.021833582248065454,0.7864997686374796,10,512,0.9403493468408309,512,351,418,489,510,0.685546875,0.81640625,0.955078125,0.99609375,25,timm:resnet34.a1_in1k
layer4.2.act2,act,83,512,1,False,,0,7.0,7.0,25600,175.39034748493634,87.98703023123798,0.17184966842038668,294.8615659510389,0.5759014959981229,11.351084937388036,0.022170087768336007,0.7057130536712266,10,512,0.9529467142375161,512,367,430,493,510,0.716796875,0.83984375,0.962890625,0.99609375,50,timm:resnet34.a1_in1k
layer4.2.act2,act,83,512,1,False,,0,7.0,7.0,51200,173.73258173962813,88.34694131397103,0.17255261975384967,301.56648765155273,0.5889970461944389,11.295459174032265,0.022061443699281768,0.6547302976888684,10,512,0.9619374224924502,512,377,437,495,510,0.736328125,0.853515625,0.966796875,0.99609375,100,timm:resnet34.a1_in1k
layer4.2.act2,act,83,512,1,False,,0,7.0,7.0,128000,172.77541286910997,88.34322398565992,0.17254535934699203,305.9759927858637,0.59760936090989,11.24037036939412,0.02195384837772289,0.617229988218416,10,512,0.9669033285710387,512,383,441,496,510,0.748046875,0.861328125,0.96875,0.99609375,250,timm:resnet34.a1_in1k
layer4.2,block,84,512,1,False,,0,7.0,7.0,1024,173.02316988202014,54.18244855423213,0.10582509483248463,146.4882597475228,0.28610988231938045,9.755992751939749,0.01905467334363232,1.8540248796640888,10,512,0.8615453925079279,512,176,243,370,472,0.34375,0.474609375,0.72265625,0.921875,1,timm:resnet34.a1_in1k
layer4.2,block,84,512,1,False,,0,7.0,7.0,1024,173.02316988202014,54.18244855423213,0.10582509483248463,146.4882597475228,0.28610988231938045,9.755992751939749,0.01905467334363232,1.8540248796640888,10,512,0.8615453925079279,512,176,243,370,472,0.34375,0.474609375,0.72265625,0.921875,2,timm:resnet34.a1_in1k
layer4.2,block,84,512,1,False,,0,7.0,7.0,3072,172.83719149069088,73.5907541765613,0.1437319417510963,224.4282494329899,0.4383364246738084,10.82316992118964,0.021139003752323516,1.1612013868335604,10,512,0.909394517846956,512,276,353,462,506,0.5390625,0.689453125,0.90234375,0.98828125,5,timm:resnet34.a1_in1k
layer4.2,block,84,512,1,False,,0,7.0,7.0,5120,171.85358303175704,77.39160584072663,0.1511554801576692,249.09364536238098,0.48651102609840036,10.876061235278568,0.021242307100153453,0.9873936128578489,10,512,0.9244327318789608,512,310,385,477,508,0.60546875,0.751953125,0.931640625,0.9921875,10,timm:resnet34.a1_in1k
layer4.2,block,84,512,1,False,,0,7.0,7.0,13312,175.50194965392814,82.19084039235344,0.1605289851413153,279.8839723059409,0.5466483834100409,10.931780577488931,0.02135113394040807,0.78938745106567,10,512,0.9423311637419376,512,350,418,489,510,0.68359375,0.81640625,0.955078125,0.99609375,25,timm:resnet34.a1_in1k
layer4.2,block,84,512,1,False,,0,7.0,7.0,25600,176.96369590134964,86.71599657639406,0.16936718081326965,293.8662638887198,0.5739575466576559,11.240500319928989,0.021954102187361307,0.705819723067468,10,512,0.9523713549247463,512,367,429,492,510,0.716796875,0.837890625,0.9609375,0.99609375,50,timm:resnet34.a1_in1k
layer4.2,block,84,512,1,False,,0,7.0,7.0,51200,174.27743577576143,87.34166635177684,0.17058919209331413,301.3429314104389,0.5885604129110135,11.205145562309529,0.021885049926385798,0.6504890912701752,10,512,0.9602433988794269,512,377,437,494,510,0.736328125,0.853515625,0.96484375,0.99609375,100,timm:resnet34.a1_in1k
layer4.2,block,84,512,1,False,,0,7.0,7.0,128000,172.91196517595165,88.36880427710075,0.1725953208537124,306.46670402191756,0.5985677812928077,11.232259351939318,0.02193800654675648,0.6168894462695543,10,512,0.9659024573002932,512,383,441,496,510,0.748046875,0.861328125,0.96875,0.99609375,250,timm:resnet34.a1_in1k
fc,linear,85,1000,1,False,,0,,,1024,2363.3223000874364,17.813066027698707,0.017813066027698707,75.04116181296699,0.075041161812967,5.466473103762648,0.005466473103762648,6.036500272816717,10,1000,0.5335821312067657,756,170,242,371,468,0.17,0.242,0.371,0.468,1,timm:resnet34.a1_in1k
fc,linear,85,1000,1,False,,0,,,2048,2398.5063568299984,17.28769391385984,0.017287693913859842,76.89006842644422,0.07689006842644422,5.315347260989335,0.005315347260989335,6.06925889877895,10,1000,0.5087955885859425,754,190,268,397,479,0.19,0.268,0.397,0.479,2,timm:resnet34.a1_in1k
fc,linear,85,1000,1,False,,0,,,5056,2356.692762631727,18.142553095345555,0.018142553095345557,81.98766163937144,0.08198766163937143,5.480381269782198,0.005480381269782198,6.227106020869045,10,1000,0.4968115871302534,756,207,287,411,484,0.207,0.287,0.411,0.484,5,timm:resnet34.a1_in1k
fc,linear,85,1000,1,False,,0,,,10048,2369.347375790245,17.937084089419997,0.017937084089419998,82.44385420783765,0.08244385420783765,5.396658825015287,0.0053966588250152865,6.287485578135185,10,1000,0.48885931805843585,753,213,293,415,485,0.213,0.293,0.415,0.485,10,timm:resnet34.a1_in1k
fc,linear,85,1000,1,False,,0,,,25024,2366.5442926109044,17.916195653825714,0.017916195653825715,82.63265355153906,0.08263265355153906,5.393030655747635,0.005393030655747635,6.434693509498083,10,1000,0.4839727923492846,751,216,296,417,486,0.216,0.296,0.417,0.486,25,timm:resnet34.a1_in1k
fc,linear,85,1000,1,False,,0,,,50000,2357.4488425401073,18.060025150502824,0.018060025150502822,83.13348861233959,0.08313348861233959,5.443954301689956,0.005443954301689956,6.572149169393464,10,1000,0.48277012351797566,750,217,298,418,486,0.217,0.298,0.418,0.486,50,timm:resnet34.a1_in1k
