layer,kind,depth_index,C,groups,is_depthwise,r_max,call_index,H,W,n_samples,total_variance,participation_ratio,participation_ratio_norm,effective_rank,effective_rank_norm,stable_rank,stable_rank_norm,powerlaw_alpha,powerlaw_fit_lo,powerlaw_fit_hi,powerlaw_r2,nonzero_eigs,k_star_0.9,k_star_0.95,k_star_0.99,k_star_0.999,k_star_ratio_0.9,k_star_ratio_0.95,k_star_ratio_0.99,k_star_ratio_0.999,n_over_C,pooled_C,pooled_n_samples,pooled_total_variance,pooled_participation_ratio,pooled_participation_ratio_norm,pooled_effective_rank,pooled_effective_rank_norm,pooled_stable_rank,pooled_stable_rank_norm,pooled_powerlaw_alpha,pooled_powerlaw_fit_lo,pooled_powerlaw_fit_hi,pooled_powerlaw_r2,pooled_nonzero_eigs,pooled_k_star_0.9,pooled_k_star_0.95,pooled_k_star_0.99,pooled_k_star_0.999,pooled_k_star_ratio_0.9,pooled_k_star_ratio_0.95,pooled_k_star_ratio_0.99,pooled_k_star_ratio_0.999,pooled_n_over_C,epoch,test_acc
conv1,conv,0,64,1,False,27.0,0,32.0,32.0,160000,18.95383484520544,1.8605366629959976,0.0290708853593124,2.98211843625329,0.0465956005664576,1.388227817966999,0.0216910596557343,15.00881679298845,10,64,0.8767318052881907,46,4,5,10,17,0.0625,0.078125,0.15625,0.265625,2500.0,64.0,10000.0,5.3721371333607975,1.5393246391909063,0.0240519474873579,1.834383538539009,0.028662242789672,1.2787143376407062,0.019979911525636,8.769012121641238,10.0,64.0,0.942696521461005,43.0,2.0,2.0,3.0,4.0,0.03125,0.03125,0.046875,0.0625,156.25,0,10.0
layer1.0.conv1,conv,1,64,1,False,64.0,0,32.0,32.0,160000,14.013588080231663,2.8553827017982045,0.0446153547155969,5.31403414126485,0.0830317834572632,1.7845869787539392,0.0278841715430303,4.604905608060566,10,64,0.7569635246350518,64,6,11,23,42,0.09375,0.171875,0.359375,0.65625,2500.0,64.0,10000.0,3.7954016747799786,2.1319412871551933,0.0333115826117998,2.945978199520709,0.046030909367511,1.5376417150551376,0.0240256517977365,5.352222837891999,10.0,64.0,0.7855233939252944,64.0,3.0,3.0,6.0,15.0,0.046875,0.046875,0.09375,0.234375,156.25,0,10.0
layer1.0.conv2,conv,2,64,1,False,64.0,0,32.0,32.0,160000,12.378612647075784,3.680869380795414,0.0575135840749283,7.963162119464781,0.1244244081166372,2.091791029191863,0.0326842348311228,1.8712429006173323,10,64,0.9825557519286852,64,12,22,46,61,0.1875,0.34375,0.71875,0.953125,2500.0,64.0,10000.0,3.011084146260208,2.103267365218955,0.0328635525815461,2.953256952296428,0.0461446398796316,1.5396213210469598,0.0240565831413587,3.887132445906277,10.0,64.0,0.9754489559774384,64.0,3.0,4.0,8.0,21.0,0.046875,0.0625,0.125,0.328125,156.25,0,10.0
layer1.0.conv3,conv,3,256,1,False,64.0,0,32.0,32.0,160000,10.807065124477958,4.227246459403087,0.0165126814820433,8.475032835241617,0.0331055970126625,2.3843077029813853,0.009313701964771,10.54343375592926,10,256,0.8366723387623423,158,12,21,39,54,0.046875,0.08203125,0.15234375,0.2109375,625.0,256.0,10000.0,2.515491270907193,2.3280480215232844,0.0090939375840753,3.187610989832494,0.0124516054290331,1.689499855858398,0.0065996088119468,8.706828428280105,10.0,256.0,0.8907914622673475,160.0,3.0,4.0,9.0,25.0,0.01171875,0.015625,0.03515625,0.09765625,39.0625,0,10.0
layer1.0.downsample.0,conv,4,256,1,False,64.0,0,32.0,32.0,160000,11.946980643000892,3.204057687606137,0.0125158503422114,6.434354111170444,0.0251341957467595,1.8942335884960757,0.0073993499550627,10.220441703311812,10,256,0.8361772133683805,158,8,13,31,55,0.03125,0.05078125,0.12109375,0.21484375,625.0,256.0,10000.0,3.1670011171364987,2.2285150895559243,0.0087051370685778,3.197348243994335,0.0124896415781028,1.57253682364522,0.0061427219673641,8.293868415735163,10.0,256.0,0.888862582098066,159.0,3.0,4.0,7.0,17.0,0.01171875,0.015625,0.02734375,0.06640625,39.0625,0,10.0
layer1.0,block,5,256,1,False,,0,32.0,32.0,160000,8.794903558103643,4.374046244771798,0.0170861181436398,10.437265499840452,0.0407705683587517,2.4312490247162137,0.0094970665027977,2.216243872158631,10,256,0.7745866248401571,256,17,35,115,211,0.06640625,0.13671875,0.44921875,0.82421875,625.0,256.0,10000.0,2.1488003624702188,2.5395438417075358,0.00992009313167,3.582251690823604,0.0139931706672797,1.7852203833262976,0.0069735171223683,2.928712709925311,10.0,256.0,0.8437305429349297,256.0,3.0,4.0,10.0,44.0,0.01171875,0.015625,0.0390625,0.171875,39.0625,0,10.0
layer1.1.conv1,conv,6,64,1,False,64.0,0,32.0,32.0,160000,19.39918279801024,4.213079768884617,0.0658293713888221,8.09822482587769,0.1265347629043389,2.752206268926324,0.0430032229519738,2.0799711748419765,10,64,0.9714754807460092,64,11,20,42,60,0.171875,0.3125,0.65625,0.9375,2500.0,64.0,10000.0,4.833561224334677,2.664626704589263,0.0416347922592072,3.5180250567055635,0.0549691415110244,2.014230414040946,0.0314723502193897,3.040924013933471,10.0,64.0,0.9873683652021962,64.0,3.0,4.0,9.0,28.0,0.046875,0.0625,0.140625,0.4375,156.25,0,10.0
layer1.1.conv2,conv,7,64,1,False,64.0,0,32.0,32.0,160000,17.623479352432376,6.0116056988793165,0.0939313390449893,12.349984599924472,0.1929685093738198,3.2849585030262456,0.051327476609785,1.6686753385771007,10,64,0.9850506307470656,64,17,29,52,63,0.265625,0.453125,0.8125,0.984375,2500.0,64.0,10000.0,3.862801101503373,2.7582878289037884,0.0430982473266216,3.6642083392544498,0.0572532553008507,2.0156835353194347,0.0314950552393661,4.013997985354334,10.0,64.0,0.9548741213792344,64.0,3.0,4.0,9.0,25.0,0.046875,0.0625,0.140625,0.390625,156.25,0,10.0
layer1.1.conv3,conv,8,256,1,False,64.0,0,32.0,32.0,160000,14.08066253920644,5.625989935715478,0.0219765231863885,11.516024341735545,0.0449844700849044,2.930523713274124,0.011447358254977,10.768001877850995,10,256,0.8412578969202664,159,16,26,42,53,0.0625,0.1015625,0.1640625,0.20703125,625.0,256.0,10000.0,3.163854008640129,2.5998279975991023,0.0101555781156214,3.590275450214416,0.0140245134774,1.8319646761693105,0.0071561120162863,8.864109674997723,10.0,256.0,0.89465967575414,161.0,3.0,4.0,10.0,28.0,0.01171875,0.015625,0.0390625,0.109375,39.0625,0,10.0
layer1.1,block,9,256,1,False,,0,32.0,32.0,160000,15.238852230229694,4.805604099166931,0.0187718910123708,12.319434361025014,0.0481227904727539,2.600545676808358,0.0101583815500326,2.121785327659801,10,256,0.789055556186818,256,22,45,130,219,0.0859375,0.17578125,0.5078125,0.85546875,625.0,256.0,10000.0,3.7233677600967,2.448460390188819,0.009564298399175,3.49604015697375,0.0136564068631787,1.7387012114007645,0.0067918016070342,2.799077006736474,10.0,256.0,0.8655049903867972,256.0,3.0,4.0,11.0,51.0,0.01171875,0.015625,0.04296875,0.19921875,39.0625,0,10.0
layer1.2.conv1,conv,10,64,1,False,64.0,0,32.0,32.0,160000,27.55197989912816,5.240622479890834,0.0818847262482942,11.22978165230154,0.1754653383172115,2.7645925060250818,0.0431967579066419,2.062439307739432,10,64,0.962502461331208,64,17,27,47,61,0.265625,0.421875,0.734375,0.953125,2500.0,64.0,10000.0,6.34185572093231,2.554310986474843,0.0399111091636694,3.626478708301776,0.0566637298172152,1.8224093818016045,0.02847514659065,2.9684004553274863,10.0,64.0,0.9887472756502792,64.0,4.0,5.0,11.0,33.0,0.0625,0.078125,0.171875,0.515625,156.25,0,10.0
layer1.2.conv2,conv,11,64,1,False,64.0,0,32.0,32.0,160000,21.84282315635888,5.620259885418024,0.0878165607096566,13.41091025802809,0.2095454727816889,2.672278074202562,0.041754344909415,1.537368232852581,10,64,0.9839848663630536,64,22,34,55,63,0.34375,0.53125,0.859375,0.984375,2500.0,64.0,10000.0,4.553968703886053,2.2636848858690453,0.0353700763417038,3.3621461809589896,0.0525335340774842,1.5989358179987745,0.0249833721562308,4.089030785047101,10.0,64.0,0.9453183147366788,64.0,3.0,4.0,10.0,28.0,0.046875,0.0625,0.15625,0.4375,156.25,0,10.0
layer1.2.conv3,conv,12,256,1,False,64.0,0,32.0,32.0,160000,22.737438818194008,4.177682896731396,0.016319073815357,9.664001006060348,0.0377500039299232,2.189045468763852,0.0085509588623587,10.740116098085725,10,256,0.8415925488374183,159,16,25,41,52,0.0625,0.09765625,0.16015625,0.203125,625.0,256.0,10000.0,5.03756259136719,1.889813559344846,0.0073820842161908,2.799631875633254,0.0109360620141923,1.4199406328467383,0.0055466430970575,8.928503813341141,10.0,256.0,0.8974292195420264,160.0,3.0,4.0,10.0,27.0,0.01171875,0.015625,0.0390625,0.10546875,39.0625,0,10.0
layer1.2,block,13,256,1,False,,0,32.0,32.0,160000,27.868630133889425,3.8717899449642688,0.0151241794725166,11.19974915681394,0.0437490201438044,2.0916697830676734,0.008170585090108,2.35350618103138,10,256,0.6451865582193828,256,24,47,130,214,0.09375,0.18359375,0.5078125,0.8359375,625.0,256.0,10000.0,6.91962737776708,1.896315789968801,0.0074074835545656,2.853374108819561,0.0111459926125764,1.4250795264372198,0.0055667169001453,3.0288267349300497,10.0,256.0,0.7508900392040265,256.0,3.0,4.0,11.0,48.0,0.01171875,0.015625,0.04296875,0.1875,39.0625,0,10.0
layer2.0.conv1,conv,14,128,1,False,128.0,0,32.0,32.0,160000,54.66271238778343,3.918163401810789,0.0306106515766467,9.94457228516546,0.0776919709778551,2.146070446311114,0.0167661753618055,2.238046808837653,10,128,0.9418319342400532,128,19,33,72,112,0.1484375,0.2578125,0.5625,0.875,1250.0,128.0,10000.0,13.550335232790726,1.980032550214035,0.0154690042985471,2.8923703010186075,0.0225966429767078,1.4758828199085032,0.0115303345305351,3.0156089310366645,10.0,128.0,0.980650824354312,128.0,3.0,4.0,10.0,38.0,0.0234375,0.03125,0.078125,0.296875,78.125,0,10.0
layer2.0.conv2,conv,15,128,1,False,128.0,0,16.0,16.0,160000,54.23073248794712,3.642996055780818,0.0284609066857876,10.76290487453294,0.0840851943322885,1.9836012181513671,0.0154968845168075,1.4641525893292209,10,128,0.9789665674549136,128,25,49,97,124,0.1953125,0.3828125,0.7578125,0.96875,1250.0,128.0,10000.0,12.708503875977971,1.662644953717388,0.012989413700917,2.5126688679823643,0.0196302255311122,1.3120682365493526,0.0102505330980418,2.5936847132751626,10.0,128.0,0.9880332415141608,128.0,3.0,4.0,11.0,47.0,0.0234375,0.03125,0.0859375,0.3671875,78.125,0,10.0
layer2.0.conv3,conv,16,512,1,False,128.0,0,16.0,16.0,160000,51.19884025432083,3.225300961908572,0.0062994159412276,8.799972717150794,0.0171874467131851,1.8528140532883095,0.0036187774478287,8.579690195895598,10,512,0.8488865496571905,311,19,34,66,91,0.037109375,0.06640625,0.12890625,0.177734375,312.5,512.0,10000.0,12.66110576398344,1.549635895854673,0.0030266326090911,2.2907009481350253,0.0044740252893262,1.2612872169261,0.0024634515955587,6.876152681375725,10.0,512.0,0.9076039589955508,317.0,2.0,4.0,10.0,42.0,0.00390625,0.0078125,0.01953125,0.08203125,19.53125,0,10.0
layer2.0.downsample.0,conv,17,512,1,False,256.0,0,16.0,16.0,160000,55.75084098563304,4.226064248126032,0.0082540317346211,11.14101356913797,0.0217597921272225,2.261268230831119,0.004416539513342,6.761314144784357,10,512,0.6369625623728838,377,21,41,109,195,0.041015625,0.080078125,0.212890625,0.380859375,312.5,512.0,10000.0,13.66518200376106,2.081507921041974,0.0040654451582851,3.087836746875097,0.0060309311462404,1.527227978399386,0.0029828671453113,5.719611775049532,10.0,512.0,0.74442716023644,382.0,3.0,4.0,12.0,61.0,0.005859375,0.0078125,0.0234375,0.119140625,19.53125,0,10.0
layer2.0,block,18,512,1,False,,0,16.0,16.0,160000,44.6561561420894,3.620871480493545,0.0070720146103389,11.679815839333056,0.0228121403111973,1.989339781068268,0.0038854292598989,3.610462198167729,10,512,0.2919920679250696,497,29,65,199,355,0.056640625,0.126953125,0.388671875,0.693359375,312.5,512.0,10000.0,11.050722253639352,1.7372616189887116,0.0033930890995873,2.646777369150646,0.0051694870491223,1.3504333541691025,0.0026375651448615,3.7776403244705854,10.0,512.0,0.4148210379458914,497.0,3.0,4.0,13.0,89.0,0.005859375,0.0078125,0.025390625,0.173828125,19.53125,0,10.0
layer2.1.conv1,conv,19,128,1,False,128.0,0,16.0,16.0,160000,83.0088431863852,4.381592852471729,0.0342311941599353,11.585011963524266,0.0905079059650333,2.278483354112053,0.0178006512040004,1.8920755148935409,10,128,0.9652510573777084,128,22,40,84,119,0.171875,0.3125,0.65625,0.9296875,1250.0,128.0,10000.0,19.29638792412456,2.0042432328526054,0.0156581502566609,3.00477870910738,0.0234748336649014,1.4866112806993808,0.0116141506304639,2.491103066415489,10.0,128.0,0.9896761978983464,128.0,3.0,4.0,13.0,56.0,0.0234375,0.03125,0.1015625,0.4375,78.125,0,10.0
layer2.1.conv2,conv,20,128,1,False,128.0,0,16.0,16.0,160000,85.65796555427167,5.582709430816776,0.043614917428256,15.480932682284225,0.1209447865803454,2.6255098255246274,0.0205117955119111,1.3239082515743614,10,128,0.9844019773383887,128,33,60,105,125,0.2578125,0.46875,0.8203125,0.9765625,1250.0,128.0,10000.0,16.19644229441791,1.7776907533302866,0.0138882090103928,2.721552185114512,0.0212621264462071,1.366095501984519,0.010672621109254,3.0587004168668632,10.0,128.0,0.9647430579485448,128.0,3.0,4.0,13.0,47.0,0.0234375,0.03125,0.1015625,0.3671875,78.125,0,10.0
layer2.1.conv3,conv,21,512,1,False,128.0,0,16.0,16.0,160000,76.6766376556602,5.842797509876735,0.0114117138864779,15.560669282591846,0.0303919321925622,2.659346454701054,0.0051940360443379,8.808694221950972,10,512,0.8250504009830063,313,28,46,77,101,0.0546875,0.08984375,0.150390625,0.197265625,312.5,512.0,10000.0,15.101191605337563,1.7968775582776049,0.0035095264810109,2.7596983224231195,0.0053900357859826,1.3746409781292863,0.0026848456604087,7.080870343030625,10.0,512.0,0.8863945418945887,319.0,3.0,4.0,13.0,51.0,0.005859375,0.0078125,0.025390625,0.099609375,19.53125,0,10.0
layer2.1,block,22,512,1,False,,0,16.0,16.0,160000,85.9883283401678,3.89274438687512,0.0076030163806154,14.047425953715056,0.0274363788158497,2.0408466200847597,0.003986028554853,2.268656157306922,10,512,0.6922628929427017,510,38,80,233,404,0.07421875,0.15625,0.455078125,0.7890625,312.5,512.0,10000.0,20.71021669786066,1.5657606926888523,0.0030581263529079,2.377153180094464,0.0046428773048719,1.2673053226633504,0.0024752057083268,2.6860024930201263,10.0,512.0,0.6935919683153016,510.0,2.0,4.0,13.0,93.0,0.00390625,0.0078125,0.025390625,0.181640625,19.53125,0,10.0
layer2.2.conv1,conv,23,128,1,False,128.0,0,16.0,16.0,160000,167.75097369776353,3.563653224912956,0.0278410408196324,11.10602517031972,0.0867658216431228,1.9393956452218848,0.0151515284782959,1.8150519528009343,10,128,0.954666352325944,128,26,45,89,121,0.203125,0.3515625,0.6953125,0.9453125,1250.0,128.0,10000.0,41.84259479102666,1.4766300376746015,0.0115361721693328,2.191245636317525,0.0171191065337306,1.2264607428502967,0.0095817245535179,2.404183064123597,10.0,128.0,0.9880552068741608,128.0,2.0,3.0,11.0,54.0,0.015625,0.0234375,0.0859375,0.421875,78.125,0,10.0
layer2.2.conv2,conv,24,128,1,False,128.0,0,16.0,16.0,160000,179.4408103236976,5.36399768686862,0.041906231928661,15.4867264748288,0.1209900505846,2.574934584063525,0.0201166764379962,1.259609947475764,10,128,0.979016544978167,128,37,64,107,126,0.2890625,0.5,0.8359375,0.984375,1250.0,128.0,10000.0,31.299741185049974,1.5157254546466772,0.0118416051144271,2.322967762225272,0.0181481856423849,1.2426922555673128,0.0097085332466196,3.041617982757847,10.0,128.0,0.9581552357352324,128.0,2.0,4.0,13.0,49.0,0.015625,0.03125,0.1015625,0.3828125,78.125,0,10.0
layer2.2.conv3,conv,25,512,1,False,128.0,0,16.0,16.0,160000,154.61588100710935,4.920243281111261,0.0096098501584204,13.856030378831958,0.0270625593336561,2.3865298663968364,0.0046611911453063,8.797317665212656,10,512,0.8252841568286493,312,28,46,76,99,0.0546875,0.08984375,0.1484375,0.193359375,312.5,512.0,10000.0,28.63099642453857,1.4294491432526903,0.0027918928579154,2.1779648527665896,0.0042538376030597,1.202349890810685,0.0023483396304896,7.08984811165895,10.0,512.0,0.8914419616037151,318.0,2.0,4.0,13.0,51.0,0.00390625,0.0078125,0.025390625,0.099609375,19.53125,0,10.0
layer2.2,block,26,512,1,False,,0,16.0,16.0,160000,171.83689885024177,3.7951198123032577,0.0074123433834048,14.201816131216212,0.0277379221312816,2.0071483231088494,0.0039202115685719,2.1560531301641084,10,512,0.5246725864397845,510,41,85,245,422,0.080078125,0.166015625,0.478515625,0.82421875,312.5,512.0,10000.0,39.72927887401559,1.346878000264196,0.002630621094266,1.9845845369445712,0.0038761416737198,1.1651758086239985,0.0022757340012187,2.5466713940496715,10.0,512.0,0.5599557024236078,510.0,2.0,3.0,13.0,94.0,0.00390625,0.005859375,0.025390625,0.18359375,19.53125,0,10.0
layer2.3.conv1,conv,27,128,1,False,128.0,0,16.0,16.0,160000,318.19400084145974,4.495400730869352,0.0351203182099168,13.536320291431265,0.1057525022768067,2.228537310351087,0.0174104477371178,1.7645203325096084,10,128,0.9559466050443004,128,29,49,92,122,0.2265625,0.3828125,0.71875,0.953125,1250.0,128.0,10000.0,68.53959869675067,1.4771538500918495,0.0115402644538425,2.232467644794707,0.0174411534749586,1.2254500591459023,0.0095738285870773,2.3887096809673154,10.0,128.0,0.9891081413336024,128.0,2.0,4.0,13.0,58.0,0.015625,0.03125,0.1015625,0.453125,78.125,0,10.0
layer2.3.conv2,conv,28,128,1,False,128.0,0,16.0,16.0,160000,332.33311576245984,4.037491058569861,0.031542898895077,11.98963258207132,0.0936690045474322,2.131024984450309,0.016648632691018,1.2850783575951632,10,128,0.9823625826906592,128,31,58,105,125,0.2421875,0.453125,0.8203125,0.9765625,1250.0,128.0,10000.0,62.47058012920661,1.2516200091686531,0.0097782813216301,1.7712954803088758,0.013838245939913,1.1205245717523424,0.0087540982168151,3.1391322587409256,10.0,128.0,0.9674011371781596,128.0,2.0,3.0,11.0,43.0,0.015625,0.0234375,0.0859375,0.3359375,78.125,0,10.0
layer2.3.conv3,conv,29,512,1,False,128.0,0,16.0,16.0,160000,274.5791648967835,3.659583471693008,0.0071476239681504,10.678683506245722,0.0208568037231361,1.9799483988171815,0.0038670867164398,8.72214068641376,10,512,0.8422617369031768,312,24,40,68,94,0.046875,0.078125,0.1328125,0.18359375,312.5,512.0,10000.0,57.20030937593924,1.2202613678789715,0.0023833229841386,1.6796004335882526,0.003280469596852,1.106096620620262,0.0021603449621489,6.936760965071642,10.0,512.0,0.904192947342287,317.0,1.0,3.0,10.0,42.0,0.001953125,0.005859375,0.01953125,0.08203125,19.53125,0,10.0
layer2.3,block,30,512,1,False,,0,16.0,16.0,160000,334.2281059177764,3.244778947896263,0.0063374588826098,12.033940725320129,0.0235037904791408,1.8377503162155435,0.0035893560863584,2.1839775420934715,10,512,0.7007923465493286,512,37,81,238,416,0.072265625,0.158203125,0.46484375,0.8125,312.5,512.0,10000.0,82.80160864584279,1.2151249555355534,0.0023732909287803,1.6686856667525662,0.0032591516928761,1.1038077466735998,0.0021558745052218,2.520159471593566,10.0,512.0,0.7783102898902066,512.0,1.0,3.0,11.0,81.0,0.001953125,0.005859375,0.021484375,0.158203125,19.53125,0,10.0
layer3.0.conv1,conv,31,256,1,False,256.0,0,16.0,16.0,160000,644.421743554557,3.245925438910516,0.0126793962457442,11.10108697953224,0.0433636210137978,1.8387904639818644,0.0071827752499291,2.056348893943273,10,256,0.9317789723469434,256,31,59,136,219,0.12109375,0.23046875,0.53125,0.85546875,625.0,256.0,10000.0,158.07268683899628,1.2216052446893384,0.0047718954870677,1.6808514462496418,0.0065658259619126,1.1068087540234943,0.0043234716954042,2.499063093550833,10.0,256.0,0.9735003022862264,256.0,1.0,3.0,11.0,64.0,0.00390625,0.01171875,0.04296875,0.25,39.0625,0,10.0
layer3.0.conv2,conv,32,256,1,False,256.0,0,8.0,8.0,160000,685.8467371694113,3.8287648876616753,0.0149561128424284,12.389254823934522,0.0483955266559942,2.07109879759366,0.0080902296781002,1.2343960566016756,10,256,0.9721034007149868,256,41,93,195,247,0.16015625,0.36328125,0.76171875,0.96484375,625.0,256.0,10000.0,131.64658717573985,1.2439517270412948,0.004859186433755,1.851322681383006,0.0072317292241523,1.1166487897989792,0.0043619093351522,1.8219830187650583,10.0,256.0,0.9811317429381176,256.0,2.0,3.0,27.0,150.0,0.0078125,0.01171875,0.10546875,0.5859375,39.0625,0,10.0
layer3.0.conv3,conv,33,1024,1,False,256.0,0,8.0,8.0,160000,674.7914330227154,3.364370537348456,0.0032855181028793,11.059704663006617,0.0108004928349673,1.889461266046892,0.0018451770176239,7.313589077030116,10,1024,0.8197278856464175,625,34,68,135,186,0.033203125,0.06640625,0.1318359375,0.181640625,156.25,1024.0,10000.0,140.873442562205,1.2260119360675945,0.001197277281316,1.780298082753011,0.0017385723464384,1.1084895427544743,0.0010825093190961,6.436526635584546,10.0,1024.0,0.8587339052098659,633.0,1.0,3.0,23.0,117.0,0.0009765625,0.0029296875,0.0224609375,0.1142578125,9.765625,0,10.0
layer3.0.downsample.0,conv,34,1024,1,False,512.0,0,8.0,8.0,160000,679.212196344106,3.0561540148156494,0.0029845254050934,10.398301081552416,0.0101545908999535,1.7862108659114737,0.0017443465487416,5.777379580942204,10,1024,0.6483143968132847,758,31,67,192,370,0.0302734375,0.0654296875,0.1875,0.361328125,156.25,1024.0,10000.0,166.94994658090746,1.2463682716443667,0.0012171565152777,1.8139976341676245,0.0017714820646168,1.1181554149184127,0.0010919486473812,5.100182881730143,10.0,1024.0,0.7093497502622519,762.0,2.0,3.0,21.0,156.0,0.001953125,0.0029296875,0.0205078125,0.15234375,9.765625,0,10.0
layer3.0,block,35,1024,1,False,,0,8.0,8.0,160000,602.7312607830011,3.298857699161537,0.0032215407218374,13.36717389505116,0.0130538807568858,1.856351607030484,0.0018128433662407,3.6853913429185887,10,1024,0.2689810449321994,973,52,120,371,684,0.05078125,0.1171875,0.3623046875,0.66796875,156.25,1024.0,10000.0,139.907697934255,1.2334528982323705,0.00120454384593,1.8236130781553077,0.001780872146636,1.1119473621630669,0.0010858860958623,3.861431053080601,10.0,1024.0,0.2902913917790121,979.0,2.0,3.0,30.0,288.0,0.001953125,0.0029296875,0.029296875,0.28125,9.765625,0,10.0
layer3.1.conv1,conv,36,256,1,False,256.0,0,8.0,8.0,160000,1171.3176690221485,3.4760668474687737,0.0135783861229248,12.27834509236772,0.0479622855170614,1.9145864013651157,0.0074788531303324,1.6904103388027023,10,256,0.9447442204454948,256,38,75,163,236,0.1484375,0.29296875,0.63671875,0.921875,625.0,256.0,10000.0,263.58935532833107,1.2437859306891366,0.0048585387917544,1.842750047186957,0.007198242371824,1.1166216733137746,0.0043618034113819,1.9196739660558448,10.0,256.0,0.9711134120178206,256.0,2.0,3.0,27.0,142.0,0.0078125,0.01171875,0.10546875,0.5546875,39.0625,0,10.0
layer3.1.conv2,conv,37,256,1,False,256.0,0,8.0,8.0,160000,1400.6941931169838,5.044986898226361,0.0197069800711967,14.247006741497668,0.0556523700839752,2.6509087988315208,0.0103551124954356,1.1668796751551276,10,256,0.9760467299219594,256,43,98,199,248,0.16796875,0.3828125,0.77734375,0.96875,625.0,256.0,10000.0,196.8764339483292,1.2517996950619958,0.0048898425588359,1.8888575045309088,0.0073783496270738,1.1200693865262543,0.0043752710411181,2.3051521267694284,10.0,256.0,0.9586662867427852,256.0,2.0,4.0,27.0,120.0,0.0078125,0.015625,0.10546875,0.46875,39.0625,0,10.0
layer3.1.conv3,conv,38,1024,1,False,256.0,0,8.0,8.0,160000,1144.3361334036183,4.772151873595621,0.0046603045640582,13.948807957663274,0.0136218827711555,2.4171452697071065,0.0023604934274483,7.3168754214438625,10,1024,0.8094812079185143,628,37,72,137,196,0.0361328125,0.0703125,0.1337890625,0.19140625,156.25,1024.0,10000.0,192.4839790970553,1.1983295830387817,0.0011702437334363,1.7287775218160737,0.0016882592986485,1.0953466969843133,0.0010696745087737,6.412494818010462,10.0,1024.0,0.8537465849868882,637.0,1.0,3.0,25.0,118.0,0.0009765625,0.0029296875,0.0244140625,0.115234375,9.765625,0,10.0
layer3.1,block,39,1024,1,False,,0,8.0,8.0,160000,1185.0632954736086,3.7223802787558498,0.0036351369909725,14.591192574204154,0.0142492114982462,2.000725452928381,0.0019538334501253,2.278312605905412,10,1024,0.5019828537215829,1019,56,133,419,778,0.0546875,0.1298828125,0.4091796875,0.759765625,156.25,1024.0,10000.0,262.8131231568236,1.1653893369583015,0.0011380755243733,1.6280513726494967,0.001589893918603,1.0800425817790622,0.0010547290837686,2.427341466256322,10.0,1024.0,0.4829284673027587,1019.0,1.0,3.0,25.0,299.0,0.0009765625,0.0029296875,0.0244140625,0.2919921875,9.765625,0,10.0
layer3.2.conv1,conv,40,256,1,False,256.0,0,8.0,8.0,160000,2303.676357798419,3.9329403575832274,0.0153630482718094,13.071656553681112,0.0510611584128168,2.079138858996178,0.0081216361679538,1.5922114924320083,10,256,0.9439919082561902,256,38,78,169,239,0.1484375,0.3046875,0.66015625,0.93359375,625.0,256.0,10000.0,496.1044426758058,1.1714025074571033,0.0045757910447543,1.6338109273872454,0.0063820739351064,1.0828513437168197,0.0042298880613938,1.8557363804461355,10.0,256.0,0.9769565325173528,256.0,1.0,3.0,22.0,139.0,0.00390625,0.01171875,0.0859375,0.54296875,39.0625,0,10.0
layer3.2.conv2,conv,41,256,1,False,256.0,0,8.0,8.0,160000,2858.212309166244,5.129539458935415,0.0200372635114664,13.144621324946849,0.0513461770505736,2.8419097040530006,0.011101209781457,1.1706698273209877,10,256,0.9771598385508607,256,33,88,195,247,0.12890625,0.34375,0.76171875,0.96484375,625.0,256.0,10000.0,366.0104321743356,1.2033687064697098,0.0047006590096473,1.7389049707283892,0.0067925975419077,1.097697812843318,0.0042878820814192,2.279824881770519,10.0,256.0,0.95663439632292,256.0,1.0,3.0,24.0,115.0,0.00390625,0.01171875,0.09375,0.44921875,39.0625,0,10.0
layer3.2.conv3,conv,42,1024,1,False,256.0,0,8.0,8.0,160000,2634.3545834794245,4.34475602069963,0.0042429258014644,11.9544204310831,0.0116742387022295,2.2989345025250816,0.0022450532251221,7.235314337987544,10,1024,0.7968534452359972,628,29,67,144,202,0.0283203125,0.0654296875,0.140625,0.197265625,156.25,1024.0,10000.0,415.1401133794585,1.151881340580521,0.0011248841216606,1.575056843712665,0.0015381414489381,1.0736178200753843,0.0010484549024173,6.377798802420582,10.0,1024.0,0.8417785104894608,633.0,1.0,2.0,21.0,119.0,0.0009765625,0.001953125,0.0205078125,0.1162109375,9.765625,0,10.0
layer3.2,block,43,1024,1,False,,0,8.0,8.0,160000,2587.6865360445486,3.7995421418725615,0.0037104903729224,13.54439691641794,0.0132269501136893,2.051609150565715,0.0020035245610993,2.1556702130914758,10,1024,0.4723290529269719,1022,48,130,432,807,0.046875,0.126953125,0.421875,0.7880859375,156.25,1024.0,10000.0,540.2314331162871,1.1267133810510936,0.0011003060361827,1.5005637066230024,0.001465394244749,1.0617272932425457,0.0010368430598071,2.2216108354731974,10.0,1024.0,0.5960755729697778,1022.0,1.0,2.0,20.0,290.0,0.0009765625,0.001953125,0.01953125,0.283203125,9.765625,0,10.0
layer3.3.conv1,conv,44,256,1,False,256.0,0,8.0,8.0,160000,5318.519594732113,3.809839533238173,0.0148821856767116,11.524577063943212,0.0450178791560281,2.067512641764206,0.0080762212568914,1.5538485934777695,10,256,0.9474554959060848,256,31,71,165,238,0.12109375,0.27734375,0.64453125,0.9296875,625.0,256.0,10000.0,1091.6387030578014,1.122716352269054,0.0043856107510509,1.473916763325247,0.0057574873567392,1.0598206545467168,0.0041399244318231,1.8135996914433423,10.0,256.0,0.976045473567865,256.0,1.0,2.0,18.0,130.0,0.00390625,0.0078125,0.0703125,0.5078125,39.0625,0,10.0
layer3.3.conv2,conv,45,256,1,False,256.0,0,8.0,8.0,160000,6696.865044584589,4.181169501370221,0.0163326933647274,10.370871183833872,0.040511215561851,2.3488842551524938,0.0091753291216894,1.1651876722992651,10,256,0.9761391907760608,256,21,71,185,246,0.08203125,0.27734375,0.72265625,0.9609375,625.0,256.0,10000.0,931.2308166466188,1.1162981596409234,0.0043605396860973,1.4462857016890018,0.0056495535222226,1.0567651395139177,0.0041279888262262,2.269798399384342,10.0,256.0,0.95587448637619,256.0,1.0,2.0,15.0,98.0,0.00390625,0.0078125,0.05859375,0.3828125,39.0625,0,10.0
layer3.3.conv3,conv,46,1024,1,False,256.0,0,8.0,8.0,160000,6059.826365920106,3.7756140995480583,0.0036871231440899,10.050785429610356,0.0098152201461038,2.093962853207292,0.0020448855988352,7.175546900837245,10,1024,0.8078189369077927,629,22,57,134,192,0.021484375,0.0556640625,0.130859375,0.1875,156.25,1024.0,10000.0,1008.7660817873738,1.0966932118241337,0.001070989464672,1.382434146881763,0.0013500333465642,1.047363559076883,0.001022815975661,6.23094101342426,10.0,1024.0,0.8545445096700057,635.0,1.0,1.0,14.0,99.0,0.0009765625,0.0009765625,0.013671875,0.0966796875,9.765625,0,10.0
layer3.3,block,47,1024,1,False,,0,8.0,8.0,160000,6178.732676487371,3.201318403923242,0.0031262875038312,10.464781995321044,0.0102195136673057,1.858170312701992,0.001814619445998,2.1952038709416635,10,1024,0.387452364051815,1016,30,100,387,790,0.029296875,0.09765625,0.3779296875,0.771484375,156.25,1024.0,10000.0,1349.4458942278436,1.0779573321297136,0.0010526927071579,1.3259923063722134,0.0012949143616916,1.0383240059001992,0.0010139882870119,2.275639200518595,10.0,1024.0,0.4696396543007873,1015.0,1.0,1.0,12.0,219.0,0.0009765625,0.0009765625,0.01171875,0.2138671875,9.765625,0,10.0
layer3.4.conv1,conv,48,256,1,False,256.0,0,8.0,8.0,160000,12595.445572205175,3.087241032194618,0.0120595352820102,8.90190979456168,0.0347730851350065,1.8237920077779235,0.0071241875303825,1.5544842449665024,10,256,0.9524045835389436,256,22,59,155,235,0.0859375,0.23046875,0.60546875,0.91796875,625.0,256.0,10000.0,2787.8468136398105,1.0778256115592897,0.0042102562951534,1.3154092179098444,0.0051383172574603,1.0382650892911325,0.0040557230050434,1.821714886522259,10.0,256.0,0.9792774930691884,256.0,1.0,1.0,10.0,109.0,0.00390625,0.00390625,0.0390625,0.42578125,39.0625,0,10.0
layer3.4.conv2,conv,49,256,1,False,256.0,0,8.0,8.0,160000,19932.925251233977,3.5805477237168537,0.0139865145457689,8.01883580079833,0.0313235773468684,2.136053023617023,0.0083439571235039,1.178639010577479,10,256,0.9797331852135956,256,11,47,169,243,0.04296875,0.18359375,0.66015625,0.94921875,625.0,256.0,10000.0,2791.2459838083,1.0825328538933916,0.004228643960521,1.3231267308373655,0.0051684637923334,1.0405567457091442,0.0040646747879263,2.277096970542121,10.0,256.0,0.9544719576899254,256.0,1.0,1.0,9.0,83.0,0.00390625,0.00390625,0.03515625,0.32421875,39.0625,0,10.0
layer3.4.conv3,conv,50,1024,1,False,256.0,0,8.0,8.0,160000,18334.967986986914,3.3648440562153,0.0032859805236477,8.013752572087176,0.0078259302461788,1.976488930807636,0.0019301649714918,7.013377001330387,10,1024,0.823135757361279,630,12,41,118,180,0.01171875,0.0400390625,0.115234375,0.17578125,156.25,1024.0,10000.0,2965.3957606934423,1.0737554675970438,0.0010485893238252,1.2911168461083722,0.0012608562950277,1.0363133728778486,0.001012024778201,6.065379739906806,10.0,1024.0,0.8663599439633936,635.0,1.0,1.0,9.0,81.0,0.0009765625,0.0009765625,0.0087890625,0.0791015625,9.765625,0,10.0
layer3.4,block,51,1024,1,False,,0,8.0,8.0,160000,16318.971834214855,2.956725487009139,0.0028874272334073,8.517877519796121,0.0083182397654259,1.7879415176464086,0.0017460366383265,2.4778845064634485,10,1024,0.3022228069341202,1008,17,68,315,736,0.0166015625,0.06640625,0.3076171875,0.71875,156.25,1024.0,10000.0,3434.8764508455074,1.06013831081319,0.0010352913191535,1.252368304293146,0.0012230159221612,1.0296814522794475,0.0010055482932416,2.462585472457124,10.0,1024.0,0.3829068265336167,1008.0,1.0,1.0,8.0,157.0,0.0009765625,0.0009765625,0.0078125,0.1533203125,9.765625,0,10.0
layer3.5.conv1,conv,52,256,1,False,256.0,0,8.0,8.0,160000,33558.68010290206,2.8041534008259674,0.0109537242219764,7.400545495971426,0.0289083808436383,1.7312651794464933,0.0067627546072128,1.6211879831635885,10,256,0.955540666510464,256,14,43,138,229,0.0546875,0.16796875,0.5390625,0.89453125,625.0,256.0,10000.0,7078.223026639016,1.0602374288879135,0.0041415524565934,1.2446541543829956,0.0048619302905585,1.0297363315642554,0.0040224075451728,1.8655786676378951,10.0,256.0,0.978205295807579,256.0,1.0,1.0,7.0,88.0,0.00390625,0.00390625,0.02734375,0.34375,39.0625,0,10.0
layer3.5.conv2,conv,53,256,1,False,256.0,0,8.0,8.0,160000,49582.34778755367,3.681485518450058,0.0143808028064455,7.710095351427826,0.0301175599665149,2.2175288166581915,0.008662221940071,1.2538111913170735,10,256,0.9818877417926484,256,9,34,155,240,0.03515625,0.1328125,0.60546875,0.9375,625.0,256.0,10000.0,6395.357737980924,1.0733780181559425,0.0041928828834216,1.2819748617612847,0.005007714303755,1.0361529131258165,0.0040474723168977,2.314827011802796,10.0,256.0,0.9561488005980172,256.0,1.0,1.0,7.0,72.0,0.00390625,0.00390625,0.02734375,0.28125,39.0625,0,10.0
layer3.5.conv3,conv,54,1024,1,False,256.0,0,8.0,8.0,160000,39669.21712102063,3.877922545581181,0.0037870337359191,8.419857194998368,0.0082225167919905,2.2561890324069966,0.0022033096019599,6.942112743375074,10,1024,0.8284426402486698,628,11,33,106,175,0.0107421875,0.0322265625,0.103515625,0.1708984375,156.25,1024.0,10000.0,5395.783410365441,1.076905651091425,0.0010516656748939,1.2954732510179208,0.0012651105966971,1.0378597582924678,0.0010135349202074,6.009620263913586,10.0,1024.0,0.8671434099849965,633.0,1.0,1.0,8.0,75.0,0.0009765625,0.0009765625,0.0078125,0.0732421875,9.765625,0,10.0
layer3.5,block,55,1024,1,False,,0,8.0,8.0,160000,36891.84658139018,3.296609351671074,0.0032193450699912,8.768340952915006,0.008562832961831,1.9328689678893336,0.0018875673514544,2.183183934022344,10,1024,0.4470673631893014,1016,13,55,288,731,0.0126953125,0.0537109375,0.28125,0.7138671875,156.25,1024.0,10000.0,7025.674889919197,1.0555370836985598,0.0010307979332993,1.2322395327952556,0.0012033589187453,1.0274406670116316,0.0010033600263785,2.286453460659273,10.0,1024.0,0.4179439526412142,1017.0,1.0,1.0,7.0,142.0,0.0009765625,0.0009765625,0.0068359375,0.138671875,9.765625,0,10.0
layer4.0.conv1,conv,56,512,1,False,512.0,0,8.0,8.0,160000,74941.29268577085,3.0497906305237086,0.0059566223252416,7.909867026138317,0.0154489590354264,1.8324705589086492,0.0035790440603684,1.94159914160558,10,512,0.9300467301497466,512,12,44,182,385,0.0234375,0.0859375,0.35546875,0.751953125,312.5,512.0,10000.0,14992.309182853218,1.0497341145627488,0.0020502619425053,1.208743394399652,0.0023608269421868,1.0246016591432356,0.0020011751155141,2.0792489942472074,10.0,512.0,0.9530242197187648,512.0,1.0,1.0,6.0,99.0,0.001953125,0.001953125,0.01171875,0.193359375,19.53125,0,10.0
layer4.0.conv2,conv,57,512,1,False,512.0,0,4.0,4.0,160000,95641.79380321836,2.803930284943174,0.0054764263377796,5.803096677087199,0.0113341731974359,1.7992996761371631,0.0035142571799553,1.1868232839537842,10,512,0.9703668848860456,512,6,18,235,456,0.01171875,0.03515625,0.458984375,0.890625,312.5,512.0,10000.0,13702.002786700285,1.0889968063405993,0.0021269468873839,1.4079944940603046,0.0027499892462115,1.0436251354086123,0.0020383303425949,1.4749526113856222,10.0,512.0,0.9540170626229858,512.0,1.0,1.0,46.0,313.0,0.001953125,0.001953125,0.08984375,0.611328125,19.53125,0,10.0
layer4.0.conv3,conv,58,2048,1,False,512.0,0,4.0,4.0,160000,82012.46284201762,2.854814844302473,0.0013939525606945,6.428626262073016,0.0031389776670278,1.7863101508655663,0.0008722217533523,6.37099446526348,10,2048,0.807272238469078,1248,7,27,185,337,0.00341796875,0.01318359375,0.09033203125,0.16455078125,78.125,2048.0,10000.0,12903.440132346735,1.0977939419267686,0.0005360321982064,1.4409478915892242,0.00070358783769,1.047849038363215,0.0005116450382632,5.901713606584203,10.0,2048.0,0.8262932470260685,1251.0,1.0,1.0,48.0,254.0,0.00048828125,0.00048828125,0.0234375,0.1240234375,4.8828125,0,10.0
layer4.0.downsample.0,conv,59,2048,1,False,1024.0,0,4.0,4.0,160000,72414.20358053791,2.5662606954546563,0.0012530569802024,6.266406502328974,0.0030597687999653,1.659619551651959,0.000810361109205,5.18102775050257,10,2048,0.6547395961064431,1512,8,38,223,601,0.00390625,0.0185546875,0.10888671875,0.29345703125,78.125,2048.0,10000.0,14869.986471608045,1.0927731487804822,0.0005335806390529,1.4260044504193008,0.0006962912355562,1.0454347969686146,0.0005104662094573,4.716005570701722,10.0,2048.0,0.6871094053054632,1518.0,1.0,1.0,45.0,349.0,0.00048828125,0.00048828125,0.02197265625,0.17041015625,4.8828125,0,10.0
layer4.0,block,60,2048,1,False,,0,4.0,4.0,160000,67625.4940018344,2.654913853207882,0.0012963446548866,6.919063386223383,0.0033784489190543,1.6877312638919448,0.0008240875311972,4.311751476283598,10,2048,0.2268226013677625,1874,9,50,399,1140,0.00439453125,0.0244140625,0.19482421875,0.556640625,78.125,2048.0,10000.0,13175.443616629153,1.092461966263477,0.0005334286944645,1.4407843114809682,0.0007035079645903,1.045282041322989,0.0005103916217397,4.384067502633238,10.0,2048.0,0.2201028331637534,1866.0,1.0,1.0,65.0,647.0,0.00048828125,0.00048828125,0.03173828125,0.31591796875,4.8828125,0,10.0
layer4.1.conv1,conv,61,512,1,False,512.0,0,4.0,4.0,160000,134085.60177438208,2.7735175410128576,0.0054170264472907,6.805569656947453,0.0132921282362254,1.7360917789338537,0.0033908042557301,1.585679071442339,10,512,0.944239216284916,512,9,39,212,425,0.017578125,0.076171875,0.4140625,0.830078125,312.5,512.0,10000.0,25964.580365411693,1.0951949354064932,0.0021390526082158,1.4349088974861617,0.0028025564404026,1.0466001461142014,0.0020441409103792,1.6065103269629288,10.0,512.0,0.9411236898803848,512.0,1.0,1.0,50.0,297.0,0.001953125,0.001953125,0.09765625,0.580078125,19.53125,0,10.0
layer4.1.conv2,conv,62,512,1,False,512.0,0,4.0,4.0,160000,179124.26739533365,4.458383543351696,0.0087077803581087,7.711800142403767,0.0150621096531323,3.2216646861541496,0.0062923138401448,1.1602183421278651,10,512,0.9679641987365488,512,7,15,228,457,0.013671875,0.029296875,0.4453125,0.892578125,312.5,512.0,10000.0,14215.538244922276,1.1625443973718883,0.0022705945261169,1.6719897936445778,0.003265605065712,1.0786574286956194,0.0021067527904211,1.7524465264843754,10.0,512.0,0.9384799636086586,512.0,1.0,2.0,65.0,295.0,0.001953125,0.00390625,0.126953125,0.576171875,19.53125,0,10.0
layer4.1.conv3,conv,63,2048,1,False,512.0,0,4.0,4.0,160000,134069.56104803825,5.094152396538907,0.0024873790998725,9.574961024451063,0.0046752739377202,3.3363645911281385,0.0016290842730117,6.364929159855626,10,2048,0.783101024809016,1262,9,24,194,365,0.00439453125,0.01171875,0.0947265625,0.17822265625,78.125,2048.0,10000.0,14026.775588504088,1.1447109405065996,0.0005589408889192,1.6135309374635676,0.0007878569030583,1.0702129222287744,0.000522564903432,5.966682235491772,10.0,2048.0,0.8058036947343241,1266.0,1.0,2.0,62.0,284.0,0.00048828125,0.0009765625,0.0302734375,0.138671875,4.8828125,0,10.0
layer4.1,block,64,2048,1,False,,0,4.0,4.0,160000,136455.12562117912,4.17678915068016,0.0020394478274805,9.672164300801429,0.0047227364750006,2.353365341671648,0.0011491041707381,2.2501080896016923,10,2048,0.2989714568777261,2018,10,43,463,1361,0.0048828125,0.02099609375,0.22607421875,0.66455078125,78.125,2048.0,10000.0,23263.53796274836,1.0925433879039803,0.0005334684511249,1.4345548162342303,0.0007004662188643,1.0453330630282498,0.0005104165346817,2.3046512010194222,10.0,2048.0,0.3135471439246137,2016.0,1.0,1.0,59.0,717.0,0.00048828125,0.00048828125,0.02880859375,0.35009765625,4.8828125,0,10.0
layer4.2.conv1,conv,65,512,1,False,512.0,0,4.0,4.0,160000,269667.16707470693,4.264722926483676,0.0083295369657884,9.236184422479171,0.0180394227001546,2.409184990567755,0.0047054394347026,1.4854958876530928,10,512,0.9543708178528804,512,10,35,225,437,0.01953125,0.068359375,0.439453125,0.853515625,312.5,512.0,10000.0,47450.42747428155,1.0891392982416437,0.0021272251918782,1.4040499412903338,0.0027422850415826,1.0436990925699872,0.0020384747901757,1.5223507276872683,10.0,512.0,0.947027226013276,512.0,1.0,1.0,43.0,301.0,0.001953125,0.001953125,0.083984375,0.587890625,19.53125,0,10.0
layer4.2.conv2,conv,66,512,1,False,512.0,0,4.0,4.0,160000,283363.02118004794,5.101883932923057,0.0099646170564903,9.383264830790038,0.0183266891226367,3.73734297903308,0.0072994980059239,1.1756369346011208,10,512,0.9651284839135292,512,9,20,252,465,0.017578125,0.0390625,0.4921875,0.908203125,312.5,512.0,10000.0,22181.552176502373,1.1729653573165095,0.0022909479635088,1.7194343949164264,0.0033582703025711,1.0835166177977125,0.0021162433941361,1.7264284146191544,10.0,512.0,0.9351884603371388,512.0,1.0,3.0,73.0,307.0,0.001953125,0.005859375,0.142578125,0.599609375,19.53125,0,10.0
layer4.2.conv3,conv,67,2048,1,False,512.0,0,4.0,4.0,160000,256895.07729766512,5.4845111080921125,0.0026779839394981,10.40786750729401,0.0050819665562959,3.5173949735953807,0.0017174780144508,6.399866567695269,10,2048,0.7762754307259497,1262,10,26,202,384,0.0048828125,0.0126953125,0.0986328125,0.1875,78.125,2048.0,10000.0,27394.23290977329,1.1304847262678557,0.0005519944952479,1.555925284622855,0.0007597291428822,1.063496921681261,0.0005192856062896,5.963060932987671,10.0,2048.0,0.7997748824732251,1265.0,1.0,2.0,59.0,289.0,0.00048828125,0.0009765625,0.02880859375,0.14111328125,4.8828125,0,10.0
layer4.2,block,68,2048,1,False,,0,4.0,4.0,160000,271974.3361519666,4.782649030787263,0.002335277847064,10.576985517440605,0.0051645437096877,2.6732299731087106,0.0013052880728069,1.9086317305698823,10,2048,0.5102640709722676,2037,10,37,484,1435,0.0048828125,0.01806640625,0.236328125,0.70068359375,78.125,2048.0,10000.0,45027.62872340524,1.0843743736334623,0.0005294796746257,1.3941945955789623,0.0006807590798725,1.0414122320351813,0.0005085020664234,2.016302209173847,10.0,2048.0,0.495471864784952,2036.0,1.0,1.0,49.0,715.0,0.00048828125,0.00048828125,0.02392578125,0.34912109375,4.8828125,0,10.0
fc,linear,69,10,1,False,,0,,,10000,49.30756497499903,1.1478666843629437,0.1147866684362943,1.4322522585990118,0.1432252258599012,1.0721977919906631,0.1072197791990663,,10,10,,10,1,2,7,10,0.1,0.2,0.7,1.0,1000.0,,,,,,,,,,,,,,,,,,,,,,,,0,10.0
conv1,conv,0,64,1,False,27.0,0,32.0,32.0,160000,166.87338570463623,1.1602527749497047,0.0181289496085891,1.4573731443555682,0.0227714553805557,1.0779843557742674,0.0168435055589729,12.824644612192987,10,64,0.9021145857476832,46,1,2,5,10,0.015625,0.03125,0.078125,0.15625,2500.0,64.0,10000.0,50.01157682410981,1.1071318391059062,0.0172989349860297,1.2446261705827335,0.0194472839153552,1.053428583147478,0.0164598216116793,6.930609202792345,10.0,64.0,0.934483802526696,42.0,1.0,2.0,2.0,3.0,0.015625,0.03125,0.03125,0.046875,156.25,1,41.94
layer1.0.conv1,conv,1,64,1,False,64.0,0,32.0,32.0,160000,44.146819098731655,2.302871525795692,0.0359823675905576,3.987651579148834,0.0623070559242005,1.5682724360215696,0.024504256812837,5.39904824137507,10,64,0.8749690524160592,64,5,7,15,29,0.078125,0.109375,0.234375,0.453125,2500.0,64.0,10000.0,12.678742329008688,1.8668057277005488,0.029168839495321,2.594136281986929,0.0405333794060457,1.408902998694341,0.022014109354599,6.488375846644403,10.0,64.0,0.8977682179805613,64.0,3.0,3.0,6.0,12.0,0.046875,0.046875,0.09375,0.1875,156.25,1,41.94
layer1.0.conv2,conv,2,64,1,False,64.0,0,32.0,32.0,160000,243.07917550091216,2.119860066077866,0.0331228135324666,3.767513110160405,0.0588673923462563,1.500727304992389,0.023448864140506,2.1614575227820128,10,64,0.9934507872149289,64,4,8,25,54,0.0625,0.125,0.390625,0.84375,2500.0,64.0,10000.0,80.13670796614753,1.7407686125050783,0.0271995095703918,2.3960639827821253,0.0374384997309707,1.355782492259204,0.02118410144155,4.081847641524139,10.0,64.0,0.9805564256902568,64.0,3.0,3.0,6.0,13.0,0.046875,0.046875,0.09375,0.203125,156.25,1,41.94
layer1.0.conv3,conv,3,256,1,False,64.0,0,32.0,32.0,160000,61.98990060173427,2.798205272951724,0.0109304893474676,5.738762028414557,0.0224170391734943,1.738415935987023,0.0067906872499493,10.047552201105752,10,256,0.8307786845926779,159,7,13,32,55,0.02734375,0.05078125,0.125,0.21484375,625.0,256.0,10000.0,18.79960399724174,2.0663482294433355,0.008071672771263,3.201473738198453,0.0125057567898377,1.4854230092358836,0.0058024336298276,8.6931153818677,10.0,256.0,0.882007078318743,159.0,3.0,5.0,9.0,24.0,0.01171875,0.01953125,0.03515625,0.09375,39.0625,1,41.94
layer1.0.downsample.0,conv,4,256,1,False,64.0,0,32.0,32.0,160000,64.4042833294875,1.8099639482866583,0.0070701716729947,3.090150505185964,0.0120709004108826,1.3633950967166777,0.0053257620965495,9.025832285776245,10,256,0.8832971707518813,159,4,6,14,33,0.015625,0.0234375,0.0546875,0.12890625,625.0,256.0,10000.0,19.218440396086653,1.5374480433393205,0.0060056564192942,2.1443167968401267,0.0083762374876567,1.2542527400588492,0.0048994247658548,7.187381636270899,10.0,256.0,0.947459966428126,160.0,3.0,3.0,5.0,11.0,0.01171875,0.01171875,0.01953125,0.04296875,39.0625,1,41.94
layer1.0,block,5,256,1,False,,0,32.0,32.0,160000,195.6910522317501,3.5721753589254206,0.0139538099958024,9.167472554098252,0.0358104396644462,1.9768382901527883,0.0077220245709093,1.9288263301814907,10,256,0.9905875224191169,256,13,28,105,217,0.05078125,0.109375,0.41015625,0.84765625,625.0,256.0,10000.0,55.98198057870208,2.325504770241198,0.0090840030087546,3.934862219388426,0.015370555544486,1.583256655346605,0.0061845963099476,2.792379284522995,10.0,256.0,0.9949941381913135,256.0,4.0,6.0,15.0,58.0,0.015625,0.0234375,0.05859375,0.2265625,39.0625,1,41.94
layer1.1.conv1,conv,6,64,1,False,64.0,0,32.0,32.0,160000,570.601451138478,3.1576393270993286,0.049338114485927,6.489938692109961,0.1014052920642181,1.8667460900005293,0.0291679076562582,2.303645496698047,10,64,0.9866402868387892,64,8,14,35,57,0.125,0.21875,0.546875,0.890625,2500.0,64.0,10000.0,180.1755396456396,2.200487997866526,0.0343826249666644,3.378563693933077,0.0527900577177043,1.554236645042361,0.0242849475787868,3.2840554029774958,10.0,64.0,0.9868407576530162,64.0,3.0,5.0,10.0,29.0,0.046875,0.078125,0.15625,0.453125,156.25,1,41.94
layer1.1.conv2,conv,7,64,1,False,64.0,0,32.0,32.0,160000,129.2650058445239,3.339758581936076,0.0521837278427511,6.967841316902899,0.1088725205766078,1.941966906673948,0.0303432329167804,1.8991385587018128,10,64,0.9874500694746922,64,9,17,42,60,0.140625,0.265625,0.65625,0.9375,2500.0,64.0,10000.0,44.57151810495897,2.2764259826672304,0.0355691559791754,3.4309350606780296,0.0536083603230942,1.5943438897471975,0.0249116232772999,4.12568969371571,10.0,64.0,0.9689627484952892,64.0,4.0,5.0,9.0,23.0,0.0625,0.078125,0.140625,0.359375,156.25,1,41.94
layer1.1.conv3,conv,8,256,1,False,64.0,0,32.0,32.0,160000,63.19764609832823,3.96139999983968,0.0154742187493737,8.17013316590099,0.0319145826793007,2.1804054918136253,0.0085172089523969,10.434766882556954,10,256,0.8133564250088521,158,11,20,42,60,0.04296875,0.078125,0.1640625,0.234375,625.0,256.0,10000.0,21.126956744108963,2.5188110654091265,0.0098391057242544,3.9374549143680393,0.0153806832592501,1.6924480360382033,0.0066111251407742,9.0820669029684,10.0,256.0,0.8699893555255541,161.0,4.0,5.0,12.0,32.0,0.015625,0.01953125,0.046875,0.125,39.0625,1,41.94
layer1.1,block,9,256,1,False,,0,32.0,32.0,160000,328.93771521331934,4.490786797984759,0.0175421359296279,11.765332015602027,0.0459583281859454,2.276579600742804,0.0088928890654015,1.78616388587682,10,256,0.9941739964764256,256,18,40,131,231,0.0703125,0.15625,0.51171875,0.90234375,625.0,256.0,10000.0,99.74201558267283,2.686780519818071,0.0104952364055393,4.587588526862542,0.0179202676830568,1.7333100830700794,0.0067707425119924,2.695067173242,10.0,256.0,0.9975066278850342,256.0,5.0,7.0,18.0,70.0,0.01953125,0.02734375,0.0703125,0.2734375,39.0625,1,41.94
layer1.2.conv1,conv,10,64,1,False,64.0,0,32.0,32.0,160000,876.4000865092305,3.976593928584167,0.0621342801341276,8.364877950364106,0.1307012179744391,2.1426389963647394,0.033478734318199,2.124985801996175,10,64,0.9836158493974996,64,10,18,41,60,0.15625,0.28125,0.640625,0.9375,2500.0,64.0,10000.0,275.3180414149965,2.4285028962267536,0.037945357753543,4.031101733119169,0.062985964579987,1.623053971404959,0.0253602183032024,3.2442175693763184,10.0,64.0,0.994039806801622,64.0,4.0,6.0,13.0,34.0,0.0625,0.09375,0.203125,0.53125,156.25,1,41.94
layer1.2.conv2,conv,11,64,1,False,64.0,0,32.0,32.0,160000,139.7425525329167,2.6406441368636275,0.0412600646384941,5.765958910689808,0.0900931079795282,1.6742593309272078,0.0261603020457376,1.78812954626823,10,64,0.9869699940493972,64,8,17,42,61,0.125,0.265625,0.65625,0.953125,2500.0,64.0,10000.0,50.66810673131776,1.782738689131944,0.0278552920176866,2.750437640377561,0.0429755881308994,1.3615982692339064,0.0212749729567797,4.064691489445016,10.0,64.0,0.9561304518316937,64.0,3.0,5.0,9.0,24.0,0.046875,0.078125,0.140625,0.375,156.25,1,41.94
layer1.2.conv3,conv,12,256,1,False,64.0,0,32.0,32.0,160000,65.12839774548337,3.120581325261949,0.0121897708018044,6.790009399207127,0.0265234742156528,1.8511285463399592,0.0072309708841404,10.37174534910156,10,256,0.8093926365450381,157,9,18,42,60,0.03515625,0.0703125,0.1640625,0.234375,625.0,256.0,10000.0,22.785132052381385,2.05032176039351,0.0080090693765371,3.2603473850216105,0.0127357319727406,1.4781338070830674,0.0057739601839182,8.968015039196134,10.0,256.0,0.8706415897453346,159.0,4.0,5.0,12.0,31.0,0.015625,0.01953125,0.046875,0.12109375,39.0625,1,41.94
layer1.2,block,13,256,1,False,,0,32.0,32.0,160000,474.2282002002499,4.340477482002283,0.0169549901640714,11.919775005263642,0.0465616211143111,2.224006200249498,0.0086875242197246,1.7034505546089898,10,256,0.9949651570066458,256,20,45,143,236,0.078125,0.17578125,0.55859375,0.921875,625.0,256.0,10000.0,149.0991732466496,2.53404758124618,0.0098986233642428,4.395468769565065,0.0171697998811135,1.6730902761955848,0.006535508891389,2.642348480802348,10.0,256.0,0.9979471314966284,256.0,5.0,7.0,19.0,76.0,0.01953125,0.02734375,0.07421875,0.296875,39.0625,1,41.94
layer2.0.conv1,conv,14,128,1,False,128.0,0,32.0,32.0,160000,1274.467599219172,3.532135386973234,0.0275948077107283,8.252459958943074,0.0644723434292427,1.9876863232104296,0.0155287994000814,2.179903688869679,10,128,0.961641700149348,128,12,23,64,109,0.09375,0.1796875,0.5,0.8515625,1250.0,128.0,10000.0,427.12020424627406,2.2476619494029024,0.0175598589797101,3.677741446215252,0.0287323550485566,1.565589232802678,0.0122311658812709,3.154186853100443,10.0,128.0,0.9868855440244378,128.0,4.0,6.0,14.0,45.0,0.03125,0.046875,0.109375,0.3515625,78.125,1,41.94
layer2.0.conv2,conv,15,128,1,False,128.0,0,16.0,16.0,160000,383.2363486266052,2.1102361481618237,0.0164862199075142,4.749685546390952,0.0371069183311793,1.4717054942104633,0.0114976991735192,1.732150170666231,10,128,0.9957469527327146,128,7,16,63,115,0.0546875,0.125,0.4921875,0.8984375,1250.0,128.0,10000.0,145.5955471793001,1.5812056253323774,0.0123531689479091,2.4308760109609606,0.0189912188356325,1.2705884258408533,0.0099264720768816,3.072069360953817,10.0,128.0,0.99244184108274,128.0,3.0,4.0,9.0,31.0,0.0234375,0.03125,0.0703125,0.2421875,78.125,1,41.94
layer2.0.conv3,conv,16,512,1,False,128.0,0,16.0,16.0,160000,140.0233563393761,2.8593783917799285,0.0055847234214451,6.956524567050557,0.0135869620450206,1.741643947468043,0.0034016483348985,8.213763258746738,10,512,0.802070035750446,315,11,23,66,113,0.021484375,0.044921875,0.12890625,0.220703125,312.5,512.0,10000.0,51.98261954945568,1.8649858515750777,0.0036425504913575,3.0843245424565446,0.0060240713719854,1.3918879496111003,0.0027185311515841,6.8534471350455455,10.0,512.0,0.8780030503399463,320.0,4.0,6.0,13.0,43.0,0.0078125,0.01171875,0.025390625,0.083984375,19.53125,1,41.94
layer2.0.downsample.0,conv,17,512,1,False,256.0,0,16.0,16.0,160000,1357.019110045466,3.034514005914142,0.005926785167801,7.605748924441255,0.0148549783680493,1.8035133376270172,0.0035224869875527,6.29977579757233,10,512,0.6088108254428511,380,11,26,96,200,0.021484375,0.05078125,0.1875,0.390625,312.5,512.0,10000.0,465.0476371178335,2.0161598599184924,0.0039378122264033,3.380348656409424,0.0066022434695496,1.4567553946177572,0.0028452253801128,5.574512741081585,10.0,512.0,0.7418618260258907,384.0,4.0,6.0,15.0,60.0,0.0078125,0.01171875,0.029296875,0.1171875,19.53125,1,41.94
layer2.0,block,18,512,1,False,,0,16.0,16.0,160000,415.2439274633044,5.160972457474152,0.0100800243310042,15.725056630130489,0.0307130012307236,2.452890001295828,0.0047908007837809,1.6313721638006446,10,512,0.9919966934838572,512,27,71,267,462,0.052734375,0.138671875,0.521484375,0.90234375,312.5,512.0,10000.0,133.69861793589436,2.711036360756656,0.0052949928921028,4.976263626648518,0.0097192648957978,1.7276175082043288,0.0033742529457115,2.3166506345131697,10.0,512.0,0.9964571255678848,512.0,6.0,8.0,24.0,133.0,0.01171875,0.015625,0.046875,0.259765625,19.53125,1,41.94
layer2.1.conv1,conv,19,128,1,False,128.0,0,16.0,16.0,160000,1242.5810212797785,3.7571278107748527,0.0293525610216785,9.116472768189558,0.0712224435014809,2.051070378562419,0.0160239873325188,1.8395533562497184,10,128,0.9880373649880616,128,13,27,76,118,0.1015625,0.2109375,0.59375,0.921875,1250.0,128.0,10000.0,431.1586867338118,2.299922839521187,0.0179681471837592,3.9637657504413273,0.0309669199253228,1.5712766850346356,0.012275599101833,2.7491485110881118,10.0,128.0,0.9969081363574452,128.0,4.0,7.0,16.0,55.0,0.03125,0.0546875,0.125,0.4296875,78.125,1,41.94
layer2.1.conv2,conv,20,128,1,False,128.0,0,16.0,16.0,160000,227.30543156018945,3.284906409428386,0.0256633313236592,9.48396635473974,0.0740934871464042,1.8680127001057187,0.0145938492195759,1.5737421567776828,10,128,0.9924907119110304,128,20,40,92,123,0.15625,0.3125,0.71875,0.9609375,1250.0,128.0,10000.0,89.05649315831265,1.8423135530286603,0.0143930746330364,3.059671936200323,0.023903687001565,1.381631296652977,0.0107939945051013,3.1575969611388217,10.0,128.0,0.9807240555059616,128.0,4.0,6.0,13.0,43.0,0.03125,0.046875,0.1015625,0.3359375,78.125,1,41.94
layer2.1.conv3,conv,21,512,1,False,128.0,0,16.0,16.0,160000,127.65374581538656,3.974491957059883,0.0077626796036325,12.10671072615188,0.0236459193870153,2.069428445200528,0.0040418524320322,8.64172550060933,10,512,0.7828031612923161,316,25,47,93,122,0.048828125,0.091796875,0.181640625,0.23828125,312.5,512.0,10000.0,46.77063606286918,2.0198064718742588,0.0039449345153794,3.6056756180951486,0.007042335191592,1.4497334594609652,0.0028315106630096,7.253610178969411,10.0,512.0,0.8556551110431926,319.0,4.0,7.0,18.0,63.0,0.0078125,0.013671875,0.03515625,0.123046875,19.53125,1,41.94
layer2.1,block,22,512,1,False,,0,16.0,16.0,160000,686.2924294318586,5.24200315785331,0.0102382874176822,19.05422758771946,0.0372152882572645,2.431020980952032,0.0047480878534219,1.544127720752526,10,512,0.9949647592071378,512,45,107,320,481,0.087890625,0.208984375,0.625,0.939453125,312.5,512.0,10000.0,229.6558589943912,2.523512706837421,0.0049287357555418,4.764708729630256,0.009306071737559,1.6471652046034977,0.0032171195402412,2.204232758223219,10.0,512.0,0.9976827426593796,512.0,5.0,9.0,27.0,160.0,0.009765625,0.017578125,0.052734375,0.3125,19.53125,1,41.94
layer2.2.conv1,conv,23,128,1,False,128.0,0,16.0,16.0,160000,1833.3608215814183,3.867240265467455,0.0302128145739644,10.767858908602026,0.0841238977234533,2.056055283743299,0.0160629319042445,1.714978291545325,10,128,0.97983412675295,128,20,40,88,121,0.15625,0.3125,0.6875,0.9453125,1250.0,128.0,10000.0,667.1333161756228,2.1738083204782668,0.0169828775037364,3.848686255168361,0.0300678613685028,1.5136475743074906,0.0118253716742772,2.63892701093588,10.0,128.0,0.995326019222638,128.0,5.0,7.0,18.0,63.0,0.0390625,0.0546875,0.140625,0.4921875,78.125,1,41.94
layer2.2.conv2,conv,24,128,1,False,128.0,0,16.0,16.0,160000,249.26874129392544,2.6631893987672286,0.0208061671778689,7.630259217723246,0.0596114001384628,1.6589280603377672,0.0129603754713888,1.4057722562586998,10,128,0.9922032340108576,128,18,41,95,124,0.140625,0.3203125,0.7421875,0.96875,1250.0,128.0,10000.0,102.91346552580607,1.5738653891957952,0.0122958233530921,2.519719114070708,0.0196853055786774,1.264743042672127,0.0098808050208759,3.0672187956681016,10.0,128.0,0.9742539222038328,128.0,3.0,5.0,13.0,45.0,0.0234375,0.0390625,0.1015625,0.3515625,78.125,1,41.94
layer2.2.conv3,conv,25,512,1,False,128.0,0,16.0,16.0,160000,136.23781033690184,3.081364661921232,0.0060182903553149,9.380158195999003,0.0183206214765605,1.7906059253661408,0.0034972771979807,8.528168674716357,10,512,0.7816864623356431,314,23,44,91,122,0.044921875,0.0859375,0.177734375,0.23828125,312.5,512.0,10000.0,54.88613261873489,1.6430371462915725,0.0032090569263507,2.7664122609995068,0.0054031489472646,1.292737223259878,0.0025248773891794,7.130584462706209,10.0,512.0,0.8554513549351748,319.0,3.0,5.0,16.0,60.0,0.005859375,0.009765625,0.03125,0.1171875,19.53125,1,41.94
layer2.2,block,26,512,1,False,,0,16.0,16.0,160000,987.5809118822604,5.096042257292391,0.0099532075337742,19.928574746064943,0.0389229975509081,2.3742989313584486,0.0046373026003094,1.4682431563379104,10,512,0.9942148636926348,512,54,127,344,487,0.10546875,0.248046875,0.671875,0.951171875,312.5,512.0,10000.0,339.4626059540942,2.344991717564332,0.0045800619483678,4.464988934687813,0.0087206815130621,1.574983930584862,0.0030761404894235,2.141843671477066,10.0,512.0,0.9977026452007018,512.0,5.0,8.0,27.0,174.0,0.009765625,0.015625,0.052734375,0.33984375,19.53125,1,41.94
layer2.3.conv1,conv,27,128,1,False,128.0,0,16.0,16.0,160000,2416.2309989773494,4.615239663738175,0.0360565598729544,12.90540390760955,0.1008234680281996,2.2898062467969487,0.0178891113031011,1.6444044564473963,10,128,0.9808525224194142,128,24,46,94,123,0.1875,0.359375,0.734375,0.9609375,1250.0,128.0,10000.0,874.8579525187781,2.3508499183571567,0.0183660149871652,4.16174007717458,0.0325135943529264,1.5855567353646902,0.0123871619950366,2.549454683099159,10.0,128.0,0.9958766964994976,128.0,5.0,7.0,19.0,69.0,0.0390625,0.0546875,0.1484375,0.5390625,78.125,1,41.94
layer2.3.conv2,conv,28,128,1,False,128.0,0,16.0,16.0,160000,191.00991585042732,3.466897177947996,0.0270851342027187,11.26482731572876,0.0880064634041309,1.905053725580708,0.0148832322310992,1.3634083809945776,10,128,0.9913716324013048,128,28,55,103,125,0.21875,0.4296875,0.8046875,0.9765625,1250.0,128.0,10000.0,74.18160749161483,1.7351920485227408,0.0135561878790839,2.99779937288363,0.0234203076006533,1.330546726868778,0.0103948963036623,3.029981056016331,10.0,128.0,0.9739739954726226,128.0,4.0,6.0,16.0,53.0,0.03125,0.046875,0.125,0.4140625,78.125,1,41.94
layer2.3.conv3,conv,29,512,1,False,128.0,0,16.0,16.0,160000,115.33707955570544,4.12522518320456,0.0080570804359464,14.063876093673263,0.0274685079954555,2.0905315050946767,0.004083069345888,8.76547578218202,10,512,0.7731650534483364,313,35,59,101,124,0.068359375,0.115234375,0.197265625,0.2421875,312.5,512.0,10000.0,42.27826264767912,1.899623584001268,0.0037102023125024,3.4974114068601225,0.0068308816540236,1.3960729789257524,0.0027267050369643,7.417077976602013,10.0,512.0,0.8446032748787309,318.0,5.0,7.0,21.0,74.0,0.009765625,0.013671875,0.041015625,0.14453125,19.53125,1,41.94
layer2.3,block,30,512,1,False,,0,16.0,16.0,160000,1289.4235324359731,4.93356572913562,0.009635870564718,21.365161195798706,0.0417288304605443,2.308321560501257,0.004508440547854,1.407041988489693,10,512,0.993497861846392,512,67,151,367,492,0.130859375,0.294921875,0.716796875,0.9609375,312.5,512.0,10000.0,449.6236787989751,2.179514376802669,0.0042568640171927,4.25003968800266,0.0083008587656301,1.506452120162716,0.0029422892971928,2.094952329471336,10.0,512.0,0.9977810707022832,512.0,5.0,9.0,30.0,194.0,0.009765625,0.017578125,0.05859375,0.37890625,19.53125,1,41.94
layer3.0.conv1,conv,31,256,1,False,256.0,0,16.0,16.0,160000,2907.800455452508,4.4080707341366185,0.0172190263052211,15.4169482333837,0.060222454036655,2.1825440305364814,0.0085255626192831,1.762683158447421,10,256,0.9435801813702592,256,38,75,163,233,0.1484375,0.29296875,0.63671875,0.91015625,625.0,256.0,10000.0,1040.0155281842624,2.138330481726004,0.0083528534442422,3.98754305657254,0.0155763400647364,1.493788691853841,0.005835112077554,2.514353221967672,10.0,256.0,0.9840189708543085,256.0,5.0,8.0,24.0,106.0,0.01953125,0.03125,0.09375,0.4140625,39.0625,1,41.94
layer3.0.conv2,conv,32,256,1,False,256.0,0,8.0,8.0,160000,498.26964700191394,2.975099007217963,0.0116214804969451,9.966489928638325,0.0389316012837434,1.7562950127012376,0.0068605273933642,1.2734612660541649,10,256,0.9953072896883672,256,28,74,189,247,0.109375,0.2890625,0.73828125,0.96484375,625.0,256.0,10000.0,207.72587856287632,1.6075601252969949,0.0062795317394413,2.703072863791501,0.0105588783741855,1.27819972829884,0.0049929676886673,1.99973016923973,10.0,256.0,0.9941541307766902,256.0,3.0,5.0,19.0,120.0,0.01171875,0.01953125,0.07421875,0.46875,39.0625,1,41.94
layer3.0.conv3,conv,33,1024,1,False,256.0,0,8.0,8.0,160000,284.6562205003304,3.305192745144648,0.0032277272901803,11.809792431012784,0.0115330004209109,1.8553332770411084,0.0018118489033604,7.187231098227333,10,1024,0.7602995369590901,630,35,79,178,242,0.0341796875,0.0771484375,0.173828125,0.236328125,156.25,1024.0,10000.0,111.43162439105788,1.6397195101763935,0.0016012885841566,2.8825223919766647,0.0028149632734147,1.290989490276818,0.0012607319240984,6.320179426303928,10.0,1024.0,0.8158600213519138,638.0,4.0,6.0,26.0,141.0,0.00390625,0.005859375,0.025390625,0.1376953125,9.765625,1,41.94
layer3.0.downsample.0,conv,34,1024,1,False,512.0,0,8.0,8.0,160000,3236.420280853936,3.540214927686044,0.0034572411403184,13.329479792426737,0.0130170701097917,1.9255518431308156,0.0018804217218074,5.478156350081652,10,1024,0.5730523904997575,760,38,94,268,443,0.037109375,0.091796875,0.26171875,0.4326171875,156.25,1024.0,10000.0,1221.4834141685758,1.878914360721838,0.0018348773053924,3.52912813854459,0.0034464141977974,1.3879566147303903,0.0013554263815726,4.994646453975259,10.0,1024.0,0.6594544235102606,766.0,4.0,7.0,30.0,206.0,0.00390625,0.0068359375,0.029296875,0.201171875,9.765625,1,41.94
layer3.0,block,35,1024,1,False,,0,8.0,8.0,160000,1023.1945946094772,4.349836667253736,0.0042478873703649,22.433474784642527,0.0219076902193774,2.137053475093751,0.0020869662842712,1.3339999892710364,10,1024,0.987665325620851,1024,98,260,703,971,0.095703125,0.25390625,0.6865234375,0.9482421875,156.25,1024.0,10000.0,364.5935242915973,1.899229888211793,0.0018547166877068,3.834830010604833,0.0037449511822312,1.3939212875774902,0.0013612512573998,1.7078927928210128,10.0,1024.0,0.9919432442847192,1024.0,5.0,9.0,55.0,520.0,0.0048828125,0.0087890625,0.0537109375,0.5078125,9.765625,1,41.94
layer3.1.conv1,conv,36,256,1,False,256.0,0,8.0,8.0,160000,2826.816327029602,3.161576512007949,0.012349908250031,11.366465001653014,0.044400253912707,1.807384200057904,0.0070600945314761,1.4371568574527251,10,256,0.9792669633072472,256,34,78,181,244,0.1328125,0.3046875,0.70703125,0.953125,625.0,256.0,10000.0,1085.8369816616307,1.675398542437995,0.0065445255563984,3.052954350262916,0.0119256029307145,1.3039663907480872,0.0050936187138597,1.9453779446833837,10.0,256.0,0.9915323338724128,256.0,4.0,7.0,27.0,151.0,0.015625,0.02734375,0.10546875,0.58984375,39.0625,1,41.94
layer3.1.conv2,conv,37,256,1,False,256.0,0,8.0,8.0,160000,399.7269043888709,3.310759810973589,0.0129326555116155,12.87767804179205,0.0503034298507501,1.8523595292438164,0.0072357794111086,1.2075541903881262,10,256,0.9945292825995202,256,47,103,206,250,0.18359375,0.40234375,0.8046875,0.9765625,625.0,256.0,10000.0,167.55628722437896,1.3734954706507647,0.0053652166822295,2.2004755882148785,0.0085956077664643,1.1749542665404622,0.0045896651036736,2.231657964880174,10.0,256.0,0.9744812916244489,256.0,3.0,5.0,20.0,115.0,0.01171875,0.01953125,0.078125,0.44921875,39.0625,1,41.94
layer3.1.conv3,conv,38,1024,1,False,256.0,0,8.0,8.0,160000,284.4067792079852,3.290230981296048,0.0032131161926719,13.432076712737096,0.0131172624147823,1.8405175115390888,0.0017973803823623,7.2593484816391,10,1024,0.7518655297061534,626,52,102,195,246,0.05078125,0.099609375,0.1904296875,0.240234375,156.25,1024.0,10000.0,117.7215452557096,1.3538908552706963,0.0013221590383502,2.191375481547242,0.0021400151186984,1.1660495740394743,0.0011387202871479,6.331979741691464,10.0,1024.0,0.81087151234821,638.0,2.0,5.0,26.0,147.0,0.001953125,0.0048828125,0.025390625,0.1435546875,9.765625,1,41.94
layer3.1,block,39,1024,1,False,,0,8.0,8.0,160000,1628.1492155552503,4.1586464919653725,0.0040611782148099,24.37762747659469,0.0238062768326119,2.0731606165893703,0.002024570914638,1.283200797429427,10,1024,0.9926293654755812,1024,130,308,752,986,0.126953125,0.30078125,0.734375,0.962890625,156.25,1024.0,10000.0,600.3551774972167,1.6492486796784305,0.0016105944137484,3.178815618150173,0.0031043121270997,1.2921495085161527,0.0012618647544103,1.6419038038176936,10.0,1024.0,0.9948272343147204,1024.0,4.0,8.0,56.0,543.0,0.00390625,0.0078125,0.0546875,0.5302734375,9.765625,1,41.94
layer3.2.conv1,conv,40,256,1,False,256.0,0,8.0,8.0,160000,3766.327622477927,3.796058680987895,0.0148283542226089,15.471019196143889,0.060433668734937,1.9856036874465144,0.0077562644040879,1.3711098689039956,10,256,0.9719319626096424,256,51,101,196,247,0.19921875,0.39453125,0.765625,0.96484375,625.0,256.0,10000.0,1483.8310329824192,1.6358268659817656,0.0063899486952412,2.9801276935372827,0.01164112380288,1.2870556754925655,0.0050275612323928,1.8660895517901936,10.0,256.0,0.9915104542535428,256.0,4.0,7.0,32.0,162.0,0.015625,0.02734375,0.125,0.6328125,39.0625,1,41.94
layer3.2.conv2,conv,41,256,1,False,256.0,0,8.0,8.0,160000,371.2429514630148,3.656189043952232,0.0142819884529384,14.835320765571405,0.0579504717405133,1.9568876571781548,0.0076440924108521,1.122835332852693,10,256,0.9933719919193914,256,58,119,214,251,0.2265625,0.46484375,0.8359375,0.98046875,625.0,256.0,10000.0,149.86352336801394,1.379027538963208,0.005386826324075,2.2498191884524656,0.0087883562048924,1.177059241609802,0.0045978876625382,2.174011475385839,10.0,256.0,0.9699606022233698,256.0,3.0,5.0,24.0,125.0,0.01171875,0.01953125,0.09375,0.48828125,39.0625,1,41.94
layer3.2.conv3,conv,42,1024,1,False,256.0,0,8.0,8.0,160000,276.3298387156712,3.920648557971077,0.0038287583573936,16.665532668231883,0.0162749342463201,2.0260230699175223,0.0019785381542163,7.321932293580219,10,1024,0.7472142340039039,626,63,114,202,248,0.0615234375,0.111328125,0.197265625,0.2421875,156.25,1024.0,10000.0,107.0393872806538,1.3703099683063598,0.0013381933284241,2.2831123769191137,0.002229601930585,1.1728898844256266,0.0011454002777594,6.417687619164586,10.0,1024.0,0.805558667324433,637.0,3.0,6.0,31.0,159.0,0.0029296875,0.005859375,0.0302734375,0.1552734375,9.765625,1,41.94
layer3.2,block,43,1024,1,False,,0,8.0,8.0,160000,2318.3388732832177,4.079868738506708,0.0039842468149479,25.02991800490497,0.024443279301665,2.050210410965939,0.0020021586044589,1.2382435870199335,10,1024,0.991475299374442,1024,150,342,776,991,0.146484375,0.333984375,0.7578125,0.9677734375,156.25,1024.0,10000.0,888.9769706628451,1.5225522780912244,0.0014868674590734,2.822448720440533,0.0027562975785552,1.238735557004948,0.0012097026923876,1.6081003023631235,10.0,1024.0,0.995240466413944,1024.0,4.0,7.0,55.0,549.0,0.00390625,0.0068359375,0.0537109375,0.5361328125,9.765625,1,41.94
layer3.3.conv1,conv,44,256,1,False,256.0,0,8.0,8.0,160000,5544.133458745184,3.3399678718386725,0.0130467494993698,14.031251236014253,0.0548095751406806,1.8510473297765877,0.0072306536319397,1.3270680655104603,10,256,0.9714976887011442,256,54,105,199,248,0.2109375,0.41015625,0.77734375,0.96875,625.0,256.0,10000.0,2238.447637582241,1.461747779081623,0.0057099522620375,2.526338737748055,0.0098685106943283,1.2131084983569986,0.004738705071707,1.8142903888550268,10.0,256.0,0.9909148896627306,256.0,3.0,6.0,30.0,162.0,0.01171875,0.0234375,0.1171875,0.6328125,39.0625,1,41.94
layer3.3.conv2,conv,45,256,1,False,256.0,0,8.0,8.0,160000,339.6681401702602,3.5624614428854557,0.0139158650112713,15.415230624631572,0.060215744627467,1.9223385640947368,0.007509135015995,1.0719247924444335,10,256,0.9925072298918488,256,68,130,219,252,0.265625,0.5078125,0.85546875,0.984375,625.0,256.0,10000.0,137.6522397356477,1.3456632443572292,0.0052564970482704,2.1656114097916874,0.0084594195694987,1.162437494126879,0.0045407714614331,2.1482867345451164,10.0,256.0,0.9664652078358392,256.0,2.0,5.0,25.0,130.0,0.0078125,0.01953125,0.09765625,0.5078125,39.0625,1,41.94
layer3.3.conv3,conv,46,1024,1,False,256.0,0,8.0,8.0,160000,291.8037697916573,3.477017070482754,0.0033955244828933,15.71859258779141,0.015350188074015,1.889495912534628,0.0018452108520845,7.33376492321443,10,1024,0.7457337978253595,626,68,120,206,249,0.06640625,0.1171875,0.201171875,0.2431640625,156.25,1024.0,10000.0,119.27915348551043,1.2979371602977925,0.0012675167581033,2.061034455687296,0.0020127289606321,1.1408398897609957,0.0011141014548447,6.371618940478285,10.0,1024.0,0.80390437336958,637.0,2.0,5.0,31.0,159.0,0.001953125,0.0048828125,0.0302734375,0.1552734375,9.765625,1,41.94
layer3.3,block,47,1024,1,False,,0,8.0,8.0,160000,3115.698913827542,3.80926544662315,0.0037199857877179,24.03104373327801,0.0234678161457793,1.9756750309613371,0.0019293701474231,1.1952489356992544,10,1024,0.9899678750876544,1024,165,366,793,994,0.1611328125,0.357421875,0.7744140625,0.970703125,156.25,1024.0,10000.0,1238.1435268758555,1.4268090261803292,0.0013933681896292,2.5278731689577336,0.0024686261415602,1.197685523647092,0.0011696147691866,1.5783904740739492,10.0,1024.0,0.9949949035064392,1024.0,3.0,7.0,52.0,550.0,0.0029296875,0.0068359375,0.05078125,0.537109375,9.765625,1,41.94
layer3.4.conv1,conv,48,256,1,False,256.0,0,8.0,8.0,160000,6638.853435422254,3.7146961188015752,0.0145105317140686,16.424035984471764,0.0641563905643428,1.958678967346164,0.0076510897161959,1.271974920125196,10,256,0.9681151866151704,256,65,117,206,249,0.25390625,0.45703125,0.8046875,0.97265625,625.0,256.0,10000.0,2590.319079980796,1.4303283721269229,0.0055872202036207,2.470042431391661,0.0096486032476236,1.199396013296876,0.0046851406769409,1.76280349398917,10.0,256.0,0.9897018749142894,256.0,3.0,6.0,36.0,172.0,0.01171875,0.0234375,0.140625,0.671875,39.0625,1,41.94
layer3.4.conv2,conv,49,256,1,False,256.0,0,8.0,8.0,160000,388.6312369169042,3.056407519278812,0.0119390918721828,12.686103166763914,0.0495550904951715,1.7722626225277205,0.0069229008692489,1.027734250921474,10,256,0.9912406262692804,256,63,127,218,252,0.24609375,0.49609375,0.8515625,0.984375,625.0,256.0,10000.0,166.05893841145542,1.2334503957755287,0.0048181656084981,1.820596730993487,0.0071117059804433,1.1117329152110782,0.0043427067000432,2.1284942148079686,10.0,256.0,0.9604029130590124,256.0,2.0,4.0,22.0,124.0,0.0078125,0.015625,0.0859375,0.484375,39.0625,1,41.94
layer3.4.conv3,conv,50,1024,1,False,256.0,0,8.0,8.0,160000,296.8482864149355,3.145518572877291,0.0030717954813254,13.402215196894751,0.0130881007782175,1.7967432558488767,0.0017546320857899,7.225764454882235,10,1024,0.7455847215021486,627,63,115,203,248,0.0615234375,0.1123046875,0.1982421875,0.2421875,156.25,1024.0,10000.0,128.52783348616114,1.2031444023681046,0.0011749457054376,1.75576147363159,0.0017146108140933,1.097555205690531,0.0010718312555571,6.252084569143483,10.0,1024.0,0.8052410295381409,637.0,1.0,3.0,25.0,150.0,0.0009765625,0.0029296875,0.0244140625,0.146484375,9.765625,1,41.94
layer3.4,block,51,1024,1,False,,0,8.0,8.0,160000,3909.3741813778656,3.538991902271847,0.0034560467795623,22.502409029773855,0.0219750088181385,1.900169095808444,0.0018556338826254,1.1523823888046931,10,1024,0.9882872519776276,1024,175,385,804,996,0.1708984375,0.3759765625,0.78515625,0.97265625,156.25,1024.0,10000.0,1633.1128630431515,1.3458799010021665,0.0013143358408224,2.269709234796801,0.0022165129246062,1.1621389815733596,0.0011349013491927,1.552396771662064,10.0,1024.0,0.9945483716676652,1024.0,2.0,6.0,47.0,544.0,0.001953125,0.005859375,0.0458984375,0.53125,9.765625,1,41.94
layer3.5.conv1,conv,52,256,1,False,256.0,0,8.0,8.0,160000,8492.211195979595,3.3705245095336984,0.013166111365366,14.71047290599757,0.057462784789053,1.8600968569791825,0.0072660033475749,1.2300532083818032,10,256,0.9681769582309436,256,63,117,206,249,0.24609375,0.45703125,0.8046875,0.97265625,625.0,256.0,10000.0,3633.403706087568,1.3444439610364227,0.0052517342227985,2.1877034657093914,0.0085457166629273,1.161781162783575,0.0045382076671233,1.7317916820154833,10.0,256.0,0.9901242861489328,256.0,2.0,5.0,29.0,166.0,0.0078125,0.01953125,0.11328125,0.6484375,39.0625,1,41.94
layer3.5.conv2,conv,53,256,1,False,256.0,0,8.0,8.0,160000,384.67269665116015,2.9925385231303863,0.011689603605978,12.201506089661873,0.0476621331627416,1.7543845475776578,0.0068530646389752,1.0108034369008134,10,256,0.99092766530174,256,62,126,218,252,0.2421875,0.4921875,0.8515625,0.984375,625.0,256.0,10000.0,171.9842280710479,1.2100137921911969,0.0047266163757468,1.7499086235737686,0.006835580560835,1.1008529487155885,0.0043002068309202,2.133708083658834,10.0,256.0,0.9588837937716082,256.0,1.0,3.0,20.0,121.0,0.00390625,0.01171875,0.078125,0.47265625,39.0625,1,41.94
layer3.5.conv3,conv,54,1024,1,False,256.0,0,8.0,8.0,160000,278.4088760947352,3.462575823187821,0.0033814217023318,15.188258350311562,0.0148322835452261,1.890548171354368,0.0018462384485882,7.290317140041184,10,1024,0.7459968433949522,627,68,119,205,248,0.06640625,0.1162109375,0.2001953125,0.2421875,156.25,1024.0,10000.0,119.43246826974416,1.2102818366117585,0.0011819158560661,1.7866150062896662,0.0017447412170797,1.1008371002865645,0.0010750362307485,6.315884660699279,10.0,1024.0,0.8053679753683696,638.0,1.0,4.0,28.0,154.0,0.0009765625,0.00390625,0.02734375,0.150390625,9.765625,1,41.94
layer3.5,block,55,1024,1,False,,0,8.0,8.0,160000,4673.722940327487,3.510279862122486,0.0034280076778539,22.73696043355425,0.0222040629233928,1.8917063772937937,0.0018473695090759,1.1223135211212063,10,1024,0.987336460790975,1024,188,405,816,998,0.18359375,0.3955078125,0.796875,0.974609375,156.25,1024.0,10000.0,1947.641545914901,1.318057332442202,0.001287165363713,2.187200296622009,0.0021359377896699,1.1497245748839957,0.0011227779051601,1.5345760467923395,10.0,1024.0,0.994118137478232,1024.0,2.0,6.0,48.0,555.0,0.001953125,0.005859375,0.046875,0.5419921875,9.765625,1,41.94
layer4.0.conv1,conv,56,512,1,False,512.0,0,8.0,8.0,160000,10803.83921865454,2.968079957292225,0.0057970311665863,14.27687706029746,0.0278845255083934,1.7370191293774564,0.0033926154870653,1.4264680042604592,10,512,0.9185103357355194,512,83,172,351,476,0.162109375,0.3359375,0.685546875,0.9296875,312.5,512.0,10000.0,4757.018180516874,1.2791435361217791,0.0024983272189878,2.002747977214162,0.0039116171429964,1.1323569914571163,0.0022116347489396,1.8465734772532985,10.0,512.0,0.9635836460499616,512.0,2.0,5.0,30.0,249.0,0.00390625,0.009765625,0.05859375,0.486328125,19.53125,1,41.94
layer4.0.conv2,conv,57,512,1,False,512.0,0,4.0,4.0,160000,967.70507480083,2.529709717413238,0.0049408392918227,9.451799131178062,0.0184605451780821,1.6132298661664686,0.0031508395823563,0.9885605802493652,10,512,0.9873384739204424,512,49,171,401,498,0.095703125,0.333984375,0.783203125,0.97265625,312.5,512.0,10000.0,480.3991327554788,1.197942031735449,0.0023397305307332,1.7759848941876315,0.0034687204964602,1.095226413058817,0.0021391140880055,1.276448589867374,10.0,512.0,0.9806688674361967,512.0,1.0,3.0,60.0,372.0,0.001953125,0.005859375,0.1171875,0.7265625,19.53125,1,41.94
layer4.0.conv3,conv,58,2048,1,False,512.0,0,4.0,4.0,160000,706.1202787841337,2.435228689516737,0.001189076508553,9.23763958475619,0.0045105662034942,1.576369260913744,0.0007697115531805,6.513067542818243,10,2048,0.731140446608564,1263,50,149,358,485,0.0244140625,0.07275390625,0.1748046875,0.23681640625,78.125,2048.0,10000.0,357.39129503294544,1.1827504843685746,0.0005775148849455,1.74054406103848,0.0008498750298039,1.088064662324431,0.0005312815734006,5.696735984170854,10.0,2048.0,0.7643673409038768,1276.0,1.0,3.0,63.0,352.0,0.00048828125,0.00146484375,0.03076171875,0.171875,4.8828125,1,41.94
layer4.0.downsample.0,conv,59,2048,1,False,1024.0,0,4.0,4.0,160000,10502.639666266468,2.8712836493468226,0.0014019939694076,14.62033432651709,0.0071388351203696,1.70950902009915,0.0008347212012202,5.0490894815903005,10,2048,0.5320432095375495,1525,105,262,628,926,0.05126953125,0.1279296875,0.306640625,0.4521484375,78.125,2048.0,10000.0,4868.445843576495,1.2973488881560076,0.0006334711367949,2.254836571518436,0.0011009944196867,1.1401311717227938,0.0005567046736927,4.517281342655029,10.0,2048.0,0.5822918816370992,1534.0,2.0,7.0,151.0,650.0,0.0009765625,0.00341796875,0.07373046875,0.3173828125,4.8828125,1,41.94
layer4.0,block,60,2048,1,False,,0,4.0,4.0,160000,1686.2902455239707,5.301523290309255,0.0025886344190963,44.82873725298089,0.021889031861807,2.3603161759773976,0.0011524981328014,1.1428392443378286,10,2048,0.9755247078141228,2048,410,824,1618,1985,0.2001953125,0.40234375,0.7900390625,0.96923828125,78.125,2048.0,10000.0,639.0937733461054,1.5332336329746266,0.0007486492348508,3.524556166288771,0.0017209746905706,1.2417231367676522,0.0006063101253748,1.3317745828188758,10.0,2048.0,0.9637897296295704,2048.0,5.0,23.0,586.0,1633.0,0.00244140625,0.01123046875,0.2861328125,0.79736328125,4.8828125,1,41.94
layer4.1.conv1,conv,61,512,1,False,512.0,0,4.0,4.0,160000,3990.053060463916,4.48940197687359,0.0087683632360812,23.86272749521929,0.0466068896391001,2.176120703624058,0.0042502357492657,1.1457355109659593,10,512,0.9594175020048564,512,130,237,413,498,0.25390625,0.462890625,0.806640625,0.97265625,312.5,512.0,10000.0,1590.5439825351216,1.4991155986401294,0.002927960153594,3.010470550448066,0.0058798252938438,1.2286767928087656,0.0023997593609546,1.2992466236243283,10.0,512.0,0.9703761599752158,512.0,4.0,12.0,186.0,433.0,0.0078125,0.0234375,0.36328125,0.845703125,19.53125,1,41.94
layer4.1.conv2,conv,62,512,1,False,512.0,0,4.0,4.0,160000,551.8219750029564,6.086810712522952,0.0118883021728963,30.40383544356402,0.0593824911007109,2.6319332774270943,0.0051404946824747,0.9469657993647284,10,512,0.9852757871373206,512,159,285,449,505,0.310546875,0.556640625,0.876953125,0.986328125,312.5,512.0,10000.0,199.42541585162445,1.4089378909191113,0.0027518318182013,2.6410066523283917,0.0051582161178288,1.1900714906574432,0.0023243583801903,1.469504527986623,10.0,512.0,0.9528103758790296,512.0,3.0,10.0,150.0,399.0,0.005859375,0.01953125,0.29296875,0.779296875,19.53125,1,41.94
layer4.1.conv3,conv,63,2048,1,False,512.0,0,4.0,4.0,160000,563.8132891634833,5.34859220128159,0.002611617285782,29.695797075180515,0.0144999009156154,2.396589590380915,0.0011702097609281,6.879448368440599,10,2048,0.7160058925446721,1260,153,261,425,500,0.07470703125,0.12744140625,0.20751953125,0.244140625,78.125,2048.0,10000.0,223.7770533516998,1.3245210419585978,0.0006467387900188,2.390248770834236,0.0011671136576339,1.152389073200326,0.0005626899771485,6.038233614616779,10.0,2048.0,0.7520201680666034,1275.0,2.0,9.0,168.0,421.0,0.0009765625,0.00439453125,0.08203125,0.20556640625,4.8828125,1,41.94
layer4.1,block,64,2048,1,False,,0,4.0,4.0,160000,2388.4375553653017,7.757733703806221,0.0037879559100616,75.32735870833007,0.0367809368693017,2.883849332314957,0.0014081295567944,1.1153933293919374,10,2048,0.9848246308216384,2048,527,963,1713,2004,0.25732421875,0.47021484375,0.83642578125,0.978515625,78.125,2048.0,10000.0,832.4218898398963,1.5822941703022475,0.0007726045753428,3.89502536951992,0.0019018678562108,1.2619354440476898,0.0006161794160389,1.297147242304072,10.0,2048.0,0.9728133694350636,2048.0,6.0,38.0,695.0,1713.0,0.0029296875,0.0185546875,0.33935546875,0.83642578125,4.8828125,1,41.94
layer4.2.conv1,conv,65,512,1,False,512.0,0,4.0,4.0,160000,5008.617358403009,7.54821987995495,0.014742616953037,45.68931323096975,0.0892369399042377,2.8687486691549453,0.0056030247444432,1.128028743444314,10,512,0.9571356927995974,512,182,283,436,502,0.35546875,0.552734375,0.8515625,0.98046875,312.5,512.0,10000.0,1755.3001283547492,1.6312689400981033,0.0031860721486291,3.713093752462308,0.0072521362352779,1.2831135381852907,0.0025060811292681,1.2736155927441248,10.0,512.0,0.968525273139486,512.0,6.0,25.0,237.0,453.0,0.01171875,0.048828125,0.462890625,0.884765625,19.53125,1,41.94
layer4.2.conv2,conv,66,512,1,False,512.0,0,4.0,4.0,160000,481.0392931448567,7.320026619677983,0.0142969269915585,44.37922137211043,0.0866781667424031,2.862736042821428,0.0055912813336356,0.8796805621360346,10,512,0.9830118226145126,512,220,332,465,507,0.4296875,0.6484375,0.908203125,0.990234375,312.5,512.0,10000.0,164.0119224508682,1.461503143622957,0.0028544983273885,3.004441882273556,0.0058680505513155,1.211969222845393,0.0023671273883699,1.4304727182184998,10.0,512.0,0.9464447988256118,512.0,4.0,17.0,193.0,422.0,0.0078125,0.033203125,0.376953125,0.82421875,19.53125,1,41.94
layer4.2.conv3,conv,67,2048,1,False,512.0,0,4.0,4.0,160000,518.5646314914128,6.844470574773538,0.0033420266478386,45.64501815732427,0.0222876065221309,2.7092061232939844,0.0013228545523896,7.0287818431876055,10,2048,0.7096206346634655,1259,205,305,445,503,0.10009765625,0.14892578125,0.21728515625,0.24560546875,78.125,2048.0,10000.0,186.9192373289181,1.4035648739859368,0.0006853344111259,2.8575279315322377,0.0013952773103184,1.1865556140907498,0.0005793728584427,6.204996097241144,10.0,2048.0,0.7452345412399318,1274.0,4.0,19.0,224.0,444.0,0.001953125,0.00927734375,0.109375,0.216796875,4.8828125,1,41.94
layer4.2,block,68,2048,1,False,,0,4.0,4.0,160000,2822.7397600461227,15.029450710275794,0.0073385989796268,154.25556408551523,0.0753200996511304,4.137677983608461,0.0020203505779338,1.08889406297974,10,2048,0.982003471597744,2048,709,1143,1794,2018,0.34619140625,0.55810546875,0.8759765625,0.9853515625,78.125,2048.0,10000.0,797.9766815189439,1.9422330448141587,0.0009483559789131,6.183685122060305,0.003019377501006,1.4037951518126148,0.000685446851471,1.2821754061876656,10.0,2048.0,0.9717816686670716,2048.0,16.0,146.0,950.0,1817.0,0.0078125,0.0712890625,0.4638671875,0.88720703125,4.8828125,1,41.94
fc,linear,69,10,1,False,,0,,,10000,50.52129017883331,2.13266310361708,0.213266310361708,2.940889727940815,0.2940889727940815,1.5606860301511132,0.1560686030151113,,10,10,,10,3,4,6,9,0.3,0.4,0.6,0.9,1000.0,,,,,,,,,,,,,,,,,,,,,,,,1,41.94
conv1,conv,0,64,1,False,27.0,0,32.0,32.0,160000,151.33429657603008,1.1800423932136586,0.018438162393963415,1.5093476506890127,0.023583557042015823,1.0873090259295002,0.01698920353014844,13.18195578425629,10,64,0.8968695918626304,45,1,3,5,10,0.015625,0.046875,0.078125,0.15625,2500.0,64.0,10000.0,44.76093310253148,1.0987972081994553,0.01716870637811649,1.2332573091143642,0.01926964545491194,1.0492065753271143,0.01639385273948616,7.068656833696162,10.0,64.0,0.943617028659635,44.0,1.0,1.0,2.0,3.0,0.015625,0.015625,0.03125,0.046875,156.25,2,55.29
layer1.0.conv1,conv,1,64,1,False,64.0,0,32.0,32.0,160000,38.07666418401642,3.0301915442872516,0.047346742879488306,5.305095811980284,0.08289212206219193,1.8476656484225675,0.028869775756602618,5.501679346193123,10,64,0.8744035617774417,64,6,9,17,32,0.09375,0.140625,0.265625,0.5,2500.0,64.0,10000.0,9.461733970250473,1.9209400535906558,0.030014688337353997,2.7284171320152075,0.04263151768773762,1.4322540548656981,0.022378969607276533,6.482527093279015,10.0,64.0,0.9055663446475167,64.0,3.0,3.0,6.0,14.0,0.046875,0.046875,0.09375,0.21875,156.25,2,55.29
layer1.0.conv2,conv,2,64,1,False,64.0,0,32.0,32.0,160000,186.00454839925453,2.3727388399952942,0.03707404437492647,4.601314696961979,0.07189554214003092,1.5910690586799048,0.024860454041873512,2.128969779820003,10,64,0.9930053361247827,64,6,11,31,57,0.09375,0.171875,0.484375,0.890625,2500.0,64.0,10000.0,56.05708401815454,1.6334031481777271,0.025521924190276987,2.2781325593380015,0.035595821239656274,1.3049608442323615,0.020390013191130648,4.095598656838375,10.0,64.0,0.9799217182218132,64.0,2.0,3.0,7.0,16.0,0.03125,0.046875,0.109375,0.25,156.25,2,55.29
layer1.0.conv3,conv,3,256,1,False,64.0,0,32.0,32.0,160000,51.74371365882279,3.143299035704691,0.01227851185822145,6.968910407293557,0.027222306278490458,1.8432792136564982,0.007200309428345696,10.318190712443043,10,256,0.8249317907534623,160,10,17,38,58,0.0390625,0.06640625,0.1484375,0.2265625,625.0,256.0,10000.0,14.066451670440069,1.8829384761911694,0.007355228422621755,2.9992262600295416,0.011715727578240397,1.4006746505565821,0.005471385353736649,8.923307317733613,10.0,256.0,0.877961246109608,159.0,3.0,5.0,10.0,28.0,0.01171875,0.01953125,0.0390625,0.109375,39.0625,2,55.29
layer1.0.downsample.0,conv,4,256,1,False,64.0,0,32.0,32.0,160000,57.049209287099856,2.1236628601749326,0.00829555804755833,3.882870253460007,0.015167461927578152,1.4843799780675853,0.005798359289326505,9.276079328419826,10,256,0.8805043290722214,158,5,7,17,35,0.01953125,0.02734375,0.06640625,0.13671875,625.0,256.0,10000.0,15.779018643609806,1.559015479385051,0.006089904216347856,2.2199833235051747,0.008671809857442089,1.2628419329845157,0.004932976300720765,7.4737760925445365,10.0,256.0,0.9418771672890085,159.0,3.0,3.0,6.0,13.0,0.01171875,0.01171875,0.0234375,0.05078125,39.0625,2,55.29
layer1.0,block,5,256,1,False,,0,32.0,32.0,160000,175.10276476598244,4.19682914147354,0.016393863833881014,11.908794621279961,0.04651872898937485,2.1489406514172207,0.008394299419598518,1.853204971272717,10,256,0.9927930295052704,256,19,40,130,229,0.07421875,0.15625,0.5078125,0.89453125,625.0,256.0,10000.0,43.964762453215286,2.187574769342165,0.008545213942742833,3.849376244297784,0.01503662595428822,1.5204576903988694,0.005939287853120583,2.691005485187628,10.0,256.0,0.9962824210377513,256.0,4.0,7.0,18.0,71.0,0.015625,0.02734375,0.0703125,0.27734375,39.0625,2,55.29
layer1.1.conv1,conv,6,64,1,False,64.0,0,32.0,32.0,160000,457.59219441706466,3.6419326235592586,0.056905197243113416,8.226069507550413,0.1285323360554752,1.9975738113207064,0.031212090801886038,2.2552402295116627,10,64,0.987743802291419,64,11,18,41,60,0.171875,0.28125,0.640625,0.9375,2500.0,64.0,10000.0,123.35854129766223,1.985464170301192,0.031022877660956124,3.2414943864010812,0.050648349787516894,1.4447702459425125,0.022574535092851757,3.1990487823950335,10.0,64.0,0.9907348263225669,64.0,4.0,6.0,13.0,33.0,0.0625,0.09375,0.203125,0.515625,156.25,2,55.29
layer1.1.conv2,conv,7,64,1,False,64.0,0,32.0,32.0,160000,97.01227627494238,3.761807427242019,0.05877824105065655,8.849510289841556,0.1382735982787743,2.042389325278278,0.031912333207473095,1.7994666392165748,10,64,0.9861971237846454,64,14,24,48,62,0.21875,0.375,0.75,0.96875,2500.0,64.0,10000.0,28.722974975834518,2.093255562074446,0.03270711815741322,3.304317736224722,0.05162996462851128,1.4977281154723543,0.023402001804255536,3.973867579906388,10.0,64.0,0.9604895282699523,64.0,4.0,5.0,11.0,27.0,0.0625,0.078125,0.171875,0.421875,156.25,2,55.29
layer1.1.conv3,conv,8,256,1,False,64.0,0,32.0,32.0,160000,51.69963684360492,4.583865676786871,0.017905725299948716,10.801116165010912,0.042191860019573875,2.2998549037246874,0.00898380821767456,10.794245052258752,10,256,0.8081832972315312,157,16,26,48,62,0.0625,0.1015625,0.1875,0.2421875,625.0,256.0,10000.0,14.145458877755605,2.3926613911608134,0.009346333559221928,3.973762197931497,0.015522508585669911,1.6204812074797803,0.006330004716717892,9.367895524998486,10.0,256.0,0.8615786326039108,160.0,4.0,6.0,15.0,38.0,0.015625,0.0234375,0.05859375,0.1484375,39.0625,2,55.29
layer1.1,block,9,256,1,False,,0,32.0,32.0,160000,280.3821579763553,5.268923009069263,0.020581730504176807,16.333548668881946,0.0638029244878201,2.436211298761217,0.009516450385786003,1.7161533643479663,10,256,0.9946905627356836,256,30,60,161,240,0.1171875,0.234375,0.62890625,0.9375,625.0,256.0,10000.0,70.76316440940099,2.535418608209847,0.009903978938319714,4.643719950776374,0.01813953105772021,1.6583960563197795,0.006478109594999139,2.6041285878766613,10.0,256.0,0.9981650978142951,256.0,5.0,8.0,23.0,91.0,0.01953125,0.03125,0.08984375,0.35546875,39.0625,2,55.29
layer1.2.conv1,conv,10,64,1,False,64.0,0,32.0,32.0,160000,705.7521497459907,4.294006166100941,0.06709384634532721,10.187816591016785,0.15918463423463727,2.19170457103653,0.034245383922445784,2.042980071693315,10,64,0.980524015773921,64,15,24,46,61,0.234375,0.375,0.71875,0.953125,2500.0,64.0,10000.0,185.4823448787698,2.2860647920470196,0.03571976237573468,3.9752348758156595,0.06211304493461968,1.5600105583168569,0.02437516497370089,3.1319411065905562,10.0,64.0,0.994509637384575,64.0,5.0,7.0,16.0,39.0,0.078125,0.109375,0.25,0.609375,156.25,2,55.29
layer1.2.conv2,conv,11,64,1,False,64.0,0,32.0,32.0,160000,111.40594080393012,2.6572737357658553,0.04151990212134149,6.427333273437384,0.10042708239745912,1.6647038715457256,0.026010997992901963,1.6545449440197615,10,64,0.9904513653496713,64,11,22,47,62,0.171875,0.34375,0.734375,0.96875,2500.0,64.0,10000.0,34.47406836577027,1.7127166673086007,0.026761197926696886,2.6771646919772247,0.041830698312144136,1.3298729070039212,0.02077926417193627,4.0194017579022425,10.0,64.0,0.9480410746258585,64.0,3.0,5.0,11.0,27.0,0.046875,0.078125,0.171875,0.421875,156.25,2,55.29
layer1.2.conv3,conv,12,256,1,False,64.0,0,32.0,32.0,160000,53.52142695297898,3.2414591618573794,0.012661949851005388,7.906958321916328,0.030886555944985655,1.860166116494947,0.007266273892558387,10.484352715845102,10,256,0.8103680554616923,159,13,23,45,61,0.05078125,0.08984375,0.17578125,0.23828125,625.0,256.0,10000.0,15.57636489185831,2.0142157766951643,0.007868030377715485,3.31271099558402,0.012940277326500079,1.459083083566988,0.0056995432951835465,9.142192878874384,10.0,256.0,0.865973882712062,162.0,4.0,6.0,14.0,35.0,0.015625,0.0234375,0.0546875,0.13671875,39.0625,2,55.29
layer1.2,block,13,256,1,False,,0,32.0,32.0,160000,393.7272796446195,5.020664081232875,0.019611969067315917,16.419449568926947,0.06413847487862089,2.3605385166902413,0.009220853580821255,1.6255293790357577,10,256,0.9942362802911345,256,33,68,172,243,0.12890625,0.265625,0.671875,0.94921875,625.0,256.0,10000.0,102.27137846937771,2.461295436457771,0.009614435298663168,4.552466639301296,0.01778307280977069,1.6307570731675942,0.006370144817060915,2.550976996054463,10.0,256.0,0.9980785295681417,256.0,5.0,8.0,25.0,99.0,0.01953125,0.03125,0.09765625,0.38671875,39.0625,2,55.29
layer2.0.conv1,conv,14,128,1,False,128.0,0,32.0,32.0,160000,988.8973173774503,3.728459015414756,0.029128586057927782,10.247658815683112,0.08005983449752431,2.002991499973676,0.015648371093544344,2.0817968489476155,10,128,0.9555788270821338,128,18,33,76,115,0.140625,0.2578125,0.59375,0.8984375,1250.0,128.0,10000.0,274.3919883038772,2.062367873961073,0.016112249015320882,3.586321311359648,0.02801813524499725,1.4748269424250016,0.011522085487695325,3.036114263915436,10.0,128.0,0.9848613041191023,128.0,4.0,7.0,18.0,55.0,0.03125,0.0546875,0.140625,0.4296875,78.125,2,55.29
layer2.0.conv2,conv,15,128,1,False,128.0,0,16.0,16.0,160000,301.68350278017255,2.258790425798439,0.017646800201550305,5.710786239602959,0.04461551749689812,1.5208173065474755,0.011881385207402152,1.6140820260653235,10,128,0.9953544947353302,128,11,24,78,120,0.0859375,0.1875,0.609375,0.9375,1250.0,128.0,10000.0,99.09662828386675,1.5728936670196638,0.012288231773591124,2.473929906598398,0.019327577395299986,1.2663870214163748,0.009893648604815428,2.9092290579644806,10.0,128.0,0.9932026608799971,128.0,3.0,5.0,11.0,40.0,0.0234375,0.0390625,0.0859375,0.3125,78.125,2,55.29
layer2.0.conv3,conv,16,512,1,False,128.0,0,16.0,16.0,160000,114.10033221025236,3.011670050328887,0.005882168067048607,8.227098668431386,0.01606855208678005,1.7765179933206596,0.0034697617057044133,8.38115315123658,10,512,0.7938079646067882,314,15,31,77,117,0.029296875,0.060546875,0.150390625,0.228515625,312.5,512.0,10000.0,35.9779860635394,1.8470526473677586,0.0036075247018901536,3.1799496771423694,0.00621083921316869,1.3814219788145417,0.0026980898023721517,7.074694847019675,10.0,512.0,0.8658869973939722,320.0,4.0,6.0,16.0,53.0,0.0078125,0.01171875,0.03125,0.103515625,19.53125,2,55.29
layer2.0.downsample.0,conv,17,512,1,False,256.0,0,16.0,16.0,160000,1085.1039609796742,3.3474458893981653,0.006537980252730792,9.805578273078705,0.019151520064606846,1.8822640553539465,0.0036762969831131767,6.490969983123852,10,512,0.5966658222364123,381,18,41,121,215,0.03515625,0.080078125,0.236328125,0.419921875,312.5,512.0,10000.0,315.0909648955094,1.9769281665471945,0.0038611878252874893,3.46076366443277,0.006759304032095254,1.4360891518450745,0.002804861624697411,5.711237438537163,10.0,512.0,0.7210017227950994,384.0,4.0,6.0,19.0,79.0,0.0078125,0.01171875,0.037109375,0.154296875,19.53125,2,55.29
layer2.0,block,18,512,1,False,,0,16.0,16.0,160000,356.00831514824523,5.991153135059774,0.01170147096691362,21.4185576878065,0.04183312048399707,2.6196620015569203,0.00511652734679086,1.5412729767232498,10,512,0.991107623612364,512,46,112,324,479,0.08984375,0.21875,0.6328125,0.935546875,312.5,512.0,10000.0,95.00400098194811,2.761217253421269,0.005393002448088416,5.399251468003318,0.010545413023443981,1.7357190607541537,0.0033900762905354565,2.208592484813922,10.0,512.0,0.9962810328048031,512.0,6.0,10.0,33.0,190.0,0.01171875,0.01953125,0.064453125,0.37109375,19.53125,2,55.29
layer2.1.conv1,conv,19,128,1,False,128.0,0,16.0,16.0,160000,985.9124487376495,4.254645338668118,0.03323941670834467,11.64690345608631,0.0909914332506743,2.16443904563854,0.016909680044051092,1.755760982883639,10,128,0.9868240823176802,128,19,38,87,121,0.1484375,0.296875,0.6796875,0.9453125,1250.0,128.0,10000.0,287.48914625821135,2.3214324350744344,0.01813619089901902,4.2728560166740115,0.033381687630265715,1.5670961162059918,0.01224293840785931,2.6459675960990325,10.0,128.0,0.9968865184710415,128.0,5.0,8.0,20.0,68.0,0.0390625,0.0625,0.15625,0.53125,78.125,2,55.29
layer2.1.conv2,conv,20,128,1,False,128.0,0,16.0,16.0,160000,166.1591815906734,4.215277515020839,0.0329318555861003,13.702246911059616,0.10704880399265325,2.127813773133108,0.016623545102602406,1.4900675517645434,10,128,0.9949588665931912,128,30,55,103,125,0.234375,0.4296875,0.8046875,0.9765625,1250.0,128.0,10000.0,54.35968108378105,2.0175524113736287,0.015762128213856474,3.548723363287746,0.027724401275685515,1.4510987374950934,0.011336708886680417,3.0607105522905154,10.0,128.0,0.9804541440492254,128.0,4.0,7.0,16.0,53.0,0.03125,0.0546875,0.125,0.4140625,78.125,2,55.29
layer2.1.conv3,conv,21,512,1,False,128.0,0,16.0,16.0,160000,93.94127965720891,5.988729413769502,0.01169673713626856,18.66724606341977,0.03645946496761674,2.6192305934329903,0.005115684752798809,8.892251710739872,10,512,0.7727257626953772,312,36,59,101,124,0.0703125,0.115234375,0.197265625,0.2421875,312.5,512.0,10000.0,27.996538561485455,2.537553266686824,0.004956158723997703,4.717643416838227,0.009214147298512162,1.6577301215679847,0.00323775414368747,7.505802152509618,10.0,512.0,0.8432638119597691,319.0,6.0,9.0,24.0,76.0,0.01171875,0.017578125,0.046875,0.1484375,19.53125,2,55.29
layer2.1,block,22,512,1,False,,0,16.0,16.0,160000,546.7808541442986,7.673603055706758,0.014987505968177262,30.761775949977753,0.0600815936523003,3.001197783637378,0.005861714421166754,1.4659350740654917,10,512,0.9951524757425559,512,76,158,372,492,0.1484375,0.30859375,0.7265625,0.9609375,312.5,512.0,10000.0,144.43037941864293,3.0965783261856497,0.006048004543331347,6.1780503012344585,0.012066504494598552,1.8562352663800141,0.003625459504648465,2.1181795081241677,10.0,512.0,0.9977333818732697,512.0,7.0,12.0,41.0,230.0,0.013671875,0.0234375,0.080078125,0.44921875,19.53125,2,55.29
layer2.2.conv1,conv,23,128,1,False,128.0,0,16.0,16.0,160000,1357.9971349176249,5.383101356759876,0.04205547934968653,16.076714632489804,0.1255993330663266,2.4634735143226076,0.019245886830645372,1.6548809013652128,10,128,0.9795394732797544,128,30,53,98,124,0.234375,0.4140625,0.765625,0.96875,1250.0,128.0,10000.0,391.17157966781264,2.6681985473641907,0.02084530115128274,4.972453118202877,0.038847289985959974,1.704113563588329,0.013313387215533821,2.5428919464594957,10.0,128.0,0.9963096646857177,128.0,6.0,9.0,24.0,78.0,0.046875,0.0703125,0.1875,0.609375,78.125,2,55.29
layer2.2.conv2,conv,24,128,1,False,128.0,0,16.0,16.0,160000,174.55330646854887,3.4089876130955643,0.026632715727309096,11.397607422775103,0.08904380799043049,1.884265024637903,0.014720820504983616,1.3417648111796594,10,128,0.9936880857042952,128,30,57,105,125,0.234375,0.4453125,0.8203125,0.9765625,1250.0,128.0,10000.0,58.979240016816384,1.7760928109720455,0.013875725085719106,3.0837391757713424,0.024091712310713612,1.3490146839194364,0.010539177218120597,2.9995477959632626,10.0,128.0,0.9738265734110207,128.0,4.0,7.0,16.0,56.0,0.03125,0.0546875,0.125,0.4375,78.125,2,55.29
layer2.2.conv3,conv,25,512,1,False,128.0,0,16.0,16.0,160000,98.87485384880351,3.5894272101453004,0.00701060001981504,12.142999327269123,0.023716795561072507,1.934841602153187,0.003778987504205443,8.738522910449998,10,512,0.7758873118749181,313,31,54,98,123,0.060546875,0.10546875,0.19140625,0.240234375,312.5,512.0,10000.0,32.83998227287447,1.748130395917905,0.0034143171795271584,3.14393114593359,0.006140490519401543,1.3351879559100273,0.002607788976386772,7.369999565412004,10.0,512.0,0.847480866659793,320.0,4.0,7.0,21.0,72.0,0.0078125,0.013671875,0.041015625,0.140625,19.53125,2,55.29
layer2.2,block,26,512,1,False,,0,16.0,16.0,160000,754.3105938534618,7.757806340468594,0.015151965508727723,32.77177828113801,0.06400737945534768,3.0152889222344834,0.005889236176239225,1.3979023291450705,10,512,0.9944783661031243,512,89,181,389,496,0.173828125,0.353515625,0.759765625,0.96875,312.5,512.0,10000.0,202.7467233456247,2.9847157244775184,0.005829522899370153,6.0294428600419785,0.01177625558601949,1.8151373942991569,0.003545190223240541,2.0738553444516414,10.0,512.0,0.9976511529099343,512.0,7.0,12.0,43.0,246.0,0.013671875,0.0234375,0.083984375,0.48046875,19.53125,2,55.29
layer2.3.conv1,conv,27,128,1,False,128.0,0,16.0,16.0,160000,1693.711591029263,7.148677897425075,0.0558490460736334,20.227807094779873,0.15802974292796776,2.9616276057133217,0.023137715669635326,1.5759084998682042,10,128,0.9812953788537891,128,36,59,103,125,0.28125,0.4609375,0.8046875,0.9765625,1250.0,128.0,10000.0,478.99497089847216,2.9185278836980997,0.022800999091391404,5.514314611640581,0.043080582903442036,1.7959491669015404,0.014030852866418284,2.4849749292092285,10.0,128.0,0.99580979391779,128.0,6.0,10.0,27.0,84.0,0.046875,0.078125,0.2109375,0.65625,78.125,2,55.29
layer2.3.conv2,conv,28,128,1,False,128.0,0,16.0,16.0,160000,139.14481929789315,4.974306851388857,0.03886177227647544,17.52050867456659,0.13687897402005147,2.3132961532081904,0.018072626196938987,1.2888731083828018,10,128,0.9918842085297261,128,42,69,110,126,0.328125,0.5390625,0.859375,0.984375,1250.0,128.0,10000.0,42.14542337670638,2.0185725776628103,0.015770098262990705,3.8236406508403933,0.029872192584690573,1.4417336798932523,0.011263544374166034,2.961649495563862,10.0,128.0,0.9706499413917776,128.0,5.0,8.0,22.0,66.0,0.0390625,0.0625,0.171875,0.515625,78.125,2,55.29
layer2.3.conv3,conv,29,512,1,False,128.0,0,16.0,16.0,160000,85.25734137565105,6.491794393125125,0.01267928592407251,22.240735247941576,0.04343893603113589,2.690224909775366,0.0052543455269050115,8.986960677013686,10,512,0.7660966929135298,313,46,69,107,125,0.08984375,0.134765625,0.208984375,0.244140625,312.5,512.0,10000.0,23.305640448933495,2.3197693023333907,0.004530799418619904,4.68976820828221,0.009159703531801192,1.5551283262175135,0.003037360012143581,7.6944854467192565,10.0,512.0,0.8352341519185086,321.0,6.0,10.0,31.0,88.0,0.01171875,0.01953125,0.060546875,0.171875,19.53125,2,55.29
layer2.3,block,30,512,1,False,,0,16.0,16.0,160000,961.977634990766,8.299648594650606,0.016210251161426964,37.73972024027877,0.07371039109429448,3.1060414367926046,0.006066487181235556,1.3438592611246778,10,512,0.9937505284337669,512,109,207,407,499,0.212890625,0.404296875,0.794921875,0.974609375,312.5,512.0,10000.0,252.33838683976478,2.9110701973221333,0.005685683979144792,6.123347069462684,0.011959662245044305,1.7793114562172048,0.003475217687924228,2.0300776628888353,10.0,512.0,0.9978628447668034,512.0,8.0,12.0,51.0,272.0,0.015625,0.0234375,0.099609375,0.53125,19.53125,2,55.29
layer3.0.conv1,conv,31,256,1,False,256.0,0,16.0,16.0,160000,2127.050235928451,7.34854889591671,0.028705269124674648,25.155532459620762,0.0982637986703936,2.9808859787729927,0.011644085854582003,1.7223289414058234,10,256,0.9435443254353034,256,54,95,179,239,0.2109375,0.37109375,0.69921875,0.93359375,625.0,256.0,10000.0,573.7969291723201,2.9044164381313093,0.011345376711450427,5.709288580405846,0.022301908517210336,1.792479018196103,0.007001871164828527,2.458149984751739,10.0,256.0,0.9832165407637226,256.0,7.0,11.0,36.0,135.0,0.02734375,0.04296875,0.140625,0.52734375,39.0625,2,55.29
layer3.0.conv2,conv,32,256,1,False,256.0,0,8.0,8.0,160000,353.2831193804945,4.6730515896442215,0.01825410777204774,16.98715478342834,0.06635607337276696,2.2631640794202026,0.008840484685235166,1.2382806887465276,10,256,0.994247586821764,256,47,103,207,250,0.18359375,0.40234375,0.80859375,0.9765625,625.0,256.0,10000.0,112.67917292603437,2.0251027875045393,0.007910557763689607,3.7768925881056985,0.014753486672287885,1.4531234115121316,0.005676263326219264,1.9294505092234846,10.0,256.0,0.9935695629068894,256.0,5.0,8.0,32.0,159.0,0.01953125,0.03125,0.125,0.62109375,39.0625,2,55.29
layer3.0.conv3,conv,33,1024,1,False,256.0,0,8.0,8.0,160000,198.2892700090414,5.513312961004382,0.005384094688480842,20.566605326574006,0.020084575514232428,2.4752239013902906,0.0024172108412014556,7.419316394106352,10,1024,0.7528877177119995,625,54,101,192,244,0.052734375,0.0986328125,0.1875,0.23828125,156.25,1024.0,10000.0,58.540639950227806,2.156864353648571,0.0021063128453599326,4.297364939201406,0.004196645448438873,1.5007651829758668,0.00146559099899987,6.650573327281312,10.0,1024.0,0.8028447851388462,636.0,5.0,10.0,46.0,173.0,0.0048828125,0.009765625,0.044921875,0.1689453125,9.765625,2,55.29
layer3.0.downsample.0,conv,34,1024,1,False,512.0,0,8.0,8.0,160000,2359.104436555649,5.3765247248307135,0.005250512426592494,22.1311928197772,0.021612492988063673,2.4272959356204296,0.0023704061871293257,5.630581844990757,10,1024,0.558070817079549,757,62,132,308,460,0.060546875,0.12890625,0.30078125,0.44921875,156.25,1024.0,10000.0,694.6346277263718,2.3655922588763882,0.002310148690308973,4.9117506088901255,0.004796631453994263,1.576614449167132,0.0015396625480147772,5.233844221382765,10.0,1024.0,0.6364264331621465,768.0,6.0,11.0,56.0,273.0,0.005859375,0.0107421875,0.0546875,0.2666015625,9.765625,2,55.29
layer3.0,block,35,1024,1,False,,0,8.0,8.0,160000,743.3487089932794,8.309511306697436,0.008114757135446715,44.410098311481995,0.043369236632306636,3.0940144219834886,0.0030214984589682506,1.29615250787848,10,1024,0.9878006526618984,1024,170,365,779,987,0.166015625,0.3564453125,0.7607421875,0.9638671875,156.25,1024.0,10000.0,193.08901832542765,2.7548252570622145,0.002690259040099819,6.368440251532667,0.00621917993313737,1.7175099395699645,0.0016772558003612934,1.6570514853334455,10.0,1024.0,0.992045298316711,1024.0,8.0,16.0,134.0,690.0,0.0078125,0.015625,0.130859375,0.673828125,9.765625,2,55.29
layer3.1.conv1,conv,36,256,1,False,256.0,0,8.0,8.0,160000,1923.7081462316958,6.261560426416196,0.024459220415688265,22.265411442504515,0.08697426344728326,2.6802285809876403,0.01046964289448297,1.4193797640854386,10,256,0.979550481046431,256,54,104,198,247,0.2109375,0.40625,0.7734375,0.96484375,625.0,256.0,10000.0,538.2849574798141,2.5213660502864577,0.009849086133931475,5.195410310775626,0.02029457152646729,1.6387320644083734,0.0064012971265952085,1.8900802919756219,10.0,256.0,0.991934519637764,256.0,6.0,11.0,54.0,186.0,0.0234375,0.04296875,0.2109375,0.7265625,39.0625,2,55.29
layer3.1.conv2,conv,37,256,1,False,256.0,0,8.0,8.0,160000,260.99869532294576,6.912291489452049,0.027001138630672068,29.182570833308176,0.11399441731761006,2.764676617244743,0.010799518036112277,1.2347071577184698,10,256,0.9957567287504571,256,78,135,220,252,0.3046875,0.52734375,0.859375,0.984375,625.0,256.0,10000.0,77.84369225574619,1.889930048824576,0.007382539253221,3.6746291550643644,0.014354020136970173,1.3917061202382244,0.005436352032180564,2.1839651643874656,10.0,256.0,0.9719179197151808,256.0,5.0,9.0,41.0,151.0,0.01953125,0.03515625,0.16015625,0.58984375,39.0625,2,55.29
layer3.1.conv3,conv,38,1024,1,False,256.0,0,8.0,8.0,160000,182.51612773183757,6.474055434847875,0.006322319760593628,29.428619807902045,0.02873888653115434,2.6408448024874875,0.002578950002429187,7.588922298856816,10,1024,0.744481268639608,623,81,130,209,249,0.0791015625,0.126953125,0.2041015625,0.2431640625,156.25,1024.0,10000.0,53.684618101193415,1.7332587806200874,0.0016926355279493041,3.4356217271755773,0.0033550993429448998,1.326429252617605,0.0012953410670093798,6.698766039796904,10.0,1024.0,0.7973701829903563,638.0,5.0,10.0,56.0,185.0,0.0048828125,0.009765625,0.0546875,0.1806640625,9.765625,2,55.29
layer3.1,block,39,1024,1,False,,0,8.0,8.0,160000,1117.4750948980789,8.520615742728166,0.008320913811257975,54.20723367765345,0.052936751638333446,3.0696826304746474,0.002997736943822898,1.253142551220862,10,1024,0.9926272929143816,1024,218,425,824,997,0.212890625,0.4150390625,0.8046875,0.9736328125,156.25,1024.0,10000.0,290.7213917091482,2.369988590569048,0.002314441982977586,5.562136405186372,0.005431773833189817,1.5722107133795433,0.0015353620247847103,1.5943668332180345,10.0,1024.0,0.9946524444246918,1024.0,8.0,15.0,149.0,725.0,0.0078125,0.0146484375,0.1455078125,0.7080078125,9.765625,2,55.29
layer3.2.conv1,conv,40,256,1,False,256.0,0,8.0,8.0,160000,2473.0373088794295,7.993991077800156,0.03122652764765686,31.511730059900916,0.12309269554648795,3.034126703771235,0.011852057436606387,1.3687631379837146,10,256,0.9764399686391732,256,76,127,210,250,0.296875,0.49609375,0.8203125,0.9765625,625.0,256.0,10000.0,678.978653874993,2.478554578873173,0.009681853823723332,5.287915821644519,0.0206559211782989,1.6170842980561442,0.006316735539281813,1.8132282789765641,10.0,256.0,0.991002705397198,256.0,7.0,12.0,66.0,198.0,0.02734375,0.046875,0.2578125,0.7734375,39.0625,2,55.29
layer3.2.conv2,conv,41,256,1,False,256.0,0,8.0,8.0,160000,243.31447263589848,6.941065732702326,0.027113538018368463,30.69373456126478,0.11989740062994055,2.7780899138864825,0.010851913726119072,1.1211424872943865,10,256,0.9931237376664213,256,92,150,226,253,0.359375,0.5859375,0.8828125,0.98828125,625.0,256.0,10000.0,69.53017729334229,1.830333024124338,0.007149738375485696,3.622799611119321,0.014151560980934848,1.366256762259094,0.005336940477574586,2.1368111389160984,10.0,256.0,0.9685633153605364,256.0,5.0,9.0,47.0,159.0,0.01953125,0.03515625,0.18359375,0.62109375,39.0625,2,55.29
layer3.2.conv3,conv,42,1024,1,False,256.0,0,8.0,8.0,160000,175.76448543405158,6.833580517671781,0.006673418474288849,31.3452215853814,0.030610567954474022,2.7329523865185084,0.002668898814959481,7.614057227641379,10,1024,0.7410425971586694,624,88,137,213,250,0.0859375,0.1337890625,0.2080078125,0.244140625,156.25,1024.0,10000.0,49.38521797795055,1.729658541766728,0.0016891196696940704,3.4998797402260133,0.003417851308814466,1.3239047307480252,0.0012928757136211183,6.768908107773481,10.0,1024.0,0.7942779309360702,636.0,5.0,10.0,63.0,191.0,0.0048828125,0.009765625,0.0615234375,0.1865234375,9.765625,2,55.29
layer3.2,block,43,1024,1,False,,0,8.0,8.0,160000,1520.805753866578,8.622046912490449,0.008419967687978954,58.515780952603755,0.057144317336527105,3.076139667478785,0.003004042644022251,1.2071044981072323,10,1024,0.9915560652337171,1024,250,463,846,1001,0.244140625,0.4521484375,0.826171875,0.9775390625,156.25,1024.0,10000.0,406.23611947055167,2.1478555873417466,0.0020975152220134245,4.999702745267101,0.004882522212174903,1.48734001529438,0.001452480483685918,1.5620265337586803,10.0,1024.0,0.9951944040455483,1024.0,7.0,15.0,155.0,737.0,0.0068359375,0.0146484375,0.1513671875,0.7197265625,9.765625,2,55.29
layer3.3.conv1,conv,44,256,1,False,256.0,0,8.0,8.0,160000,3507.0147611999546,7.043499435401297,0.027513669669536316,29.982410549435937,0.11711879120873413,2.7992452878214706,0.01093455190555262,1.3170018942784483,10,256,0.9720399218215324,256,81,131,213,250,0.31640625,0.51171875,0.83203125,0.9765625,625.0,256.0,10000.0,977.7838716698317,2.148388668681295,0.008392143237036308,4.539125836316025,0.01773096029810947,1.4919658789184136,0.005827991714525053,1.7758347733380677,10.0,256.0,0.9905273034285832,256.0,6.0,11.0,65.0,198.0,0.0234375,0.04296875,0.25390625,0.7734375,39.0625,2,55.29
layer3.3.conv2,conv,45,256,1,False,256.0,0,8.0,8.0,160000,221.73406335563675,6.351377237620615,0.024810067334455527,30.041815709845633,0.1173508426165845,2.621781069564454,0.010241332302986149,1.0654201139650117,10,256,0.9919390658927466,256,99,156,229,253,0.38671875,0.609375,0.89453125,0.98828125,625.0,256.0,10000.0,65.84635405581989,1.7348900204762887,0.006776914142485503,3.3642805444073556,0.013141720876591233,1.3281578344326417,0.005188116540752507,2.1221373272741078,10.0,256.0,0.9642316542294523,256.0,4.0,9.0,48.0,161.0,0.015625,0.03515625,0.1875,0.62890625,39.0625,2,55.29
layer3.3.conv3,conv,46,1024,1,False,256.0,0,8.0,8.0,160000,168.5484180825102,6.400555540861683,0.0062505425203727375,31.645302083936112,0.03090361531634386,2.6108546107561845,0.0025496627058165864,7.603982866192031,10,1024,0.739390710035641,623,94,142,216,250,0.091796875,0.138671875,0.2109375,0.244140625,156.25,1024.0,10000.0,49.53223771616317,1.6581945546222703,0.0016193306197483108,3.2852631374744465,0.003208264782689889,1.295160124230282,0.0012648048088186347,6.742333768739885,10.0,1024.0,0.794006627154692,637.0,5.0,10.0,63.0,191.0,0.0048828125,0.009765625,0.0615234375,0.1865234375,9.765625,2,55.29
layer3.3,block,47,1024,1,False,,0,8.0,8.0,160000,1984.5631491126778,7.64945799178717,0.007470173820104658,55.95458517371375,0.054643149583704836,2.863033640500815,0.0027959312895515774,1.1651166906641646,10,1024,0.9905423675357629,1024,269,486,857,1004,0.2626953125,0.474609375,0.8369140625,0.98046875,156.25,1024.0,10000.0,545.6328662481732,1.9608638955809792,0.0019149061480283,4.448325734303514,0.004344068099905775,1.4153566206695893,0.0013821841998726458,1.5362029945351592,10.0,1024.0,0.9952488073524196,1024.0,6.0,14.0,153.0,739.0,0.005859375,0.013671875,0.1494140625,0.7216796875,9.765625,2,55.29
layer3.4.conv1,conv,48,256,1,False,256.0,0,8.0,8.0,160000,4098.126436478505,7.9529497191066945,0.031066209840260525,34.79665803016823,0.13592444543034465,2.986462361611,0.01166586860004297,1.2649402428750534,10,256,0.9704426114196126,256,92,142,218,251,0.359375,0.5546875,0.8515625,0.98046875,625.0,256.0,10000.0,1104.5460697217507,2.1192754921665657,0.008278419891275647,4.550662524519223,0.017776025486403214,1.4799447755216044,0.005781034279381267,1.7258156127378097,10.0,256.0,0.9899185276804544,256.0,6.0,12.0,75.0,205.0,0.0234375,0.046875,0.29296875,0.80078125,39.0625,2,55.29
layer3.4.conv2,conv,49,256,1,False,256.0,0,8.0,8.0,160000,226.20393526009593,5.517707298833101,0.0215535441360668,26.894428233126938,0.1050563602856521,2.424746501244325,0.009471666020485645,1.0165447055740437,10,256,0.9917636133970663,256,100,157,229,253,0.390625,0.61328125,0.89453125,0.98828125,625.0,256.0,10000.0,71.52620953964696,1.5558574998184664,0.0060775683586658845,2.822847921196978,0.011026749692175696,1.254445578827481,0.004900178042294848,2.08489724912712,10.0,256.0,0.9603653603360462,256.0,3.0,7.0,45.0,157.0,0.01171875,0.02734375,0.17578125,0.61328125,39.0625,2,55.29
layer3.4.conv3,conv,50,1024,1,False,256.0,0,8.0,8.0,160000,164.51238268418638,5.291747678154137,0.0051677223419474,26.246979741667843,0.025631816153972503,2.360784903930803,0.0023054540077449247,7.471762539434459,10,1024,0.7408286410880149,627,90,139,214,250,0.087890625,0.1357421875,0.208984375,0.244140625,156.25,1024.0,10000.0,53.14330086167434,1.4316775614384456,0.001398122618592232,2.545108990050231,0.0024854579980959288,1.1998426000176083,0.0011717212890796956,6.5786236026395555,10.0,1024.0,0.7944601889740616,638.0,3.0,7.0,54.0,184.0,0.0029296875,0.0068359375,0.052734375,0.1796875,9.765625,2,55.29
layer3.4,block,51,1024,1,False,,0,8.0,8.0,160000,2433.9467133176813,6.857271733298563,0.006696554427049378,52.390380636287546,0.051162481090124556,2.6933162803665947,0.0026301916800455026,1.1241892610662347,10,1024,0.9891661875866098,1024,283,503,865,1005,0.2763671875,0.4912109375,0.8447265625,0.9814453125,156.25,1024.0,10000.0,706.9631547655154,1.7828045861011395,0.001741020103614394,3.872808082792426,0.0037820391433519784,1.3451436736812028,0.0013136168688292996,1.51187274607626,10.0,1024.0,0.9946790193517193,1024.0,5.0,12.0,145.0,733.0,0.0048828125,0.01171875,0.1416015625,0.7158203125,9.765625,2,55.29
layer3.5.conv1,conv,52,256,1,False,256.0,0,8.0,8.0,160000,5251.988574359035,5.981164530425626,0.0233639239469751,28.260717970678794,0.11039342957296404,2.5276129200006925,0.009873487968752705,1.2232703904988251,10,256,0.969244567034026,256,88,140,217,251,0.34375,0.546875,0.84765625,0.98046875,625.0,256.0,10000.0,1609.2192492735026,1.755269955062666,0.006856523261963539,3.513853035870812,0.01372598842137036,1.3356056594524144,0.005217209607235994,1.6996570087156184,10.0,256.0,0.9900894151811295,256.0,5.0,10.0,63.0,198.0,0.01953125,0.0390625,0.24609375,0.7734375,39.0625,2,55.29
layer3.5.conv2,conv,53,256,1,False,256.0,0,8.0,8.0,160000,221.39431866091346,4.5781153095688705,0.0178832629280034,22.777155700608205,0.0889732644555008,2.1859411871935777,0.008538832762474913,1.005913437764693,10,256,0.9910898223836012,256,96,154,228,253,0.375,0.6015625,0.890625,0.98828125,625.0,256.0,10000.0,76.57594904523324,1.3992890863460723,0.005465972993539345,2.4006341912673004,0.009377477309637892,1.1857725233431362,0.004631923919309126,2.104063331667997,10.0,256.0,0.9590830882634475,256.0,3.0,7.0,39.0,151.0,0.01171875,0.02734375,0.15234375,0.58984375,39.0625,2,55.29
layer3.5.conv3,conv,54,1024,1,False,256.0,0,8.0,8.0,160000,156.2521070460818,4.8730599209258,0.004758847579029102,24.40828382884525,0.02383621467660669,2.2567746179520327,0.002203881462843782,7.4840458946186965,10,1024,0.7406591932148344,623,88,137,213,249,0.0859375,0.1337890625,0.2080078125,0.2431640625,156.25,1024.0,10000.0,51.9125284544212,1.3695066877075386,0.0013374088747143931,2.3722124464689864,0.0023166137172548696,1.1723857939817823,0.0011449080019353343,6.622807779985582,10.0,1024.0,0.7976456884194748,638.0,3.0,7.0,52.0,181.0,0.0029296875,0.0068359375,0.05078125,0.1767578125,9.765625,2,55.29
layer3.5,block,55,1024,1,False,,0,8.0,8.0,160000,2870.168242878364,6.569303285728738,0.006415335239969471,51.427719178336545,0.05022238201009428,2.630009140147275,0.002568368300925073,1.09415034119094,10,1024,0.9886351793877343,1024,295,519,872,1006,0.2880859375,0.5068359375,0.8515625,0.982421875,156.25,1024.0,10000.0,850.2051128006029,1.7006453228822251,0.001660786448127173,3.6253894927609687,0.0035404194265243835,1.3116712462827278,0.0012809289514479764,1.4961680290784127,10.0,1024.0,0.9942945427127136,1024.0,5.0,12.0,144.0,734.0,0.0048828125,0.01171875,0.140625,0.716796875,9.765625,2,55.29
layer4.0.conv1,conv,56,512,1,False,512.0,0,8.0,8.0,160000,6422.06795415823,5.376259477767474,0.010500506792514597,30.187818725167734,0.05896058344759323,2.3775859436285773,0.004643722546149565,1.4214550124025092,10,512,0.9207972608891422,512,124,214,379,485,0.2421875,0.41796875,0.740234375,0.947265625,312.5,512.0,10000.0,2032.0213105611595,1.6393244878399627,0.003201805640312427,3.232523508695671,0.006313522477921232,1.2872593894551247,0.0025141784950295405,1.8221881934035746,10.0,512.0,0.9634271524897245,512.0,4.0,9.0,73.0,322.0,0.0078125,0.017578125,0.142578125,0.62890625,19.53125,2,55.29
layer4.0.conv2,conv,57,512,1,False,512.0,0,4.0,4.0,160000,601.5451619230149,3.701575369614692,0.007229639393778695,16.211027000657488,0.031662162110659156,1.9876385196796889,0.0038821064837493923,1.0044016848621995,10,512,0.9876998368028642,512,88,218,422,501,0.171875,0.42578125,0.82421875,0.978515625,312.5,512.0,10000.0,236.98616971472086,1.390598697115844,0.0027160130803043827,2.4945187242438887,0.004872106883288845,1.1819833570354585,0.00230856124420988,1.2754456080390943,10.0,512.0,0.9819586714363681,512.0,3.0,7.0,131.0,416.0,0.005859375,0.013671875,0.255859375,0.8125,19.53125,2,55.29
layer4.0.conv3,conv,58,2048,1,False,512.0,0,4.0,4.0,160000,401.31647521772743,3.319534455188294,0.0016208664331974093,14.129665817067732,0.0068992508872401034,1.8638985239187282,0.0009101067011321915,6.632961395977515,10,2048,0.7322066787325262,1263,71,169,366,486,0.03466796875,0.08251953125,0.1787109375,0.2373046875,78.125,2048.0,10000.0,164.55826880221696,1.3351932951129288,0.0006519498511293598,2.3090542383641606,0.0011274678898262503,1.1574482090309295,0.0005651602583158835,5.903146062828468,10.0,2048.0,0.7626560280157705,1276.0,2.0,6.0,112.0,382.0,0.0009765625,0.0029296875,0.0546875,0.1865234375,4.8828125,2,55.29
layer4.0.downsample.0,conv,59,2048,1,False,1024.0,0,4.0,4.0,160000,6771.569395959381,4.189929791259115,0.00204586415588824,25.470232203899144,0.012436636818310129,2.084038938715317,0.0010175971380445884,5.179352302230338,10,2048,0.5241534591137906,1524,159,326,681,945,0.07763671875,0.1591796875,0.33251953125,0.46142578125,78.125,2048.0,10000.0,2460.194903993492,1.544017417899988,0.0007539147548339785,3.3634459440121476,0.0016423075898496814,1.2462340238419845,0.000608512706954094,4.724516447993184,10.0,2048.0,0.5673393997992607,1534.0,5.0,17.0,269.0,745.0,0.00244140625,0.00830078125,0.13134765625,0.36376953125,4.8828125,2,55.29
layer4.0,block,60,2048,1,False,,0,4.0,4.0,160000,950.0153094528106,12.22060108455719,0.00596709037331894,98.22978175097879,0.04796376062059511,3.828379321799785,0.0018693258407225513,1.1591771781091473,10,2048,0.9757578590984375,2048,540,958,1682,1996,0.263671875,0.4677734375,0.8212890625,0.974609375,78.125,2048.0,10000.0,254.55722366752397,2.489510680131472,0.0012155813867829454,8.281429127566359,0.004043666566194511,1.607696604715058,0.0007850081077710244,1.3363985147080604,10.0,2048.0,0.9646514604057203,2048.0,19.0,133.0,918.0,1783.0,0.00927734375,0.06494140625,0.4482421875,0.87060546875,4.8828125,2,55.29
layer4.1.conv1,conv,61,512,1,False,512.0,0,4.0,4.0,160000,2251.164537857598,9.909899364220157,0.019355272195742495,46.20315075436897,0.0902405288171269,3.5392103741878205,0.006912520262085587,1.1744369706470108,10,512,0.9631695400977329,512,161,264,427,500,0.314453125,0.515625,0.833984375,0.9765625,312.5,512.0,10000.0,636.335979929873,2.4922646437301785,0.004867704382285505,6.547426191161783,0.012787941779612857,1.6227526813314441,0.003169438830725477,1.3176476670211095,10.0,512.0,0.9717178501382104,512.0,10.0,45.0,267.0,461.0,0.01953125,0.087890625,0.521484375,0.900390625,19.53125,2,55.29
layer4.1.conv2,conv,62,512,1,False,512.0,0,4.0,4.0,160000,388.4853571483682,10.994970004703678,0.02147455079043687,50.74226994004955,0.09910599597665928,3.793764049630082,0.007409695409433754,0.998827349683853,10,512,0.988679563094414,512,188,307,456,506,0.3671875,0.599609375,0.890625,0.98828125,312.5,512.0,10000.0,106.91458902788324,2.008677653944514,0.003923198542860379,4.757969090411869,0.009292908379710682,1.4394566887022768,0.0028114388451216344,1.4958858547490301,10.0,512.0,0.9555055771599429,512.0,7.0,26.0,205.0,428.0,0.013671875,0.05078125,0.400390625,0.8359375,19.53125,2,55.29
layer4.1.conv3,conv,63,2048,1,False,512.0,0,4.0,4.0,160000,368.2293859407482,7.999402924355096,0.003905958459157762,44.1005496483337,0.021533471507975438,2.994698623377819,0.0014622551871962006,7.0190158579766075,10,2048,0.7148479398929204,1259,173,276,430,500,0.08447265625,0.134765625,0.2099609375,0.244140625,78.125,2048.0,10000.0,119.16285907598207,1.6650018230266468,0.0008129891713997299,3.6931760605053565,0.0018033086232936311,1.2984255647998297,0.0006339968578124169,6.227782418879242,10.0,2048.0,0.7481170968403983,1276.0,5.0,21.0,215.0,440.0,0.00244140625,0.01025390625,0.10498046875,0.21484375,4.8828125,2,55.29
layer4.1,block,64,2048,1,False,,0,4.0,4.0,160000,1399.5799042027909,19.249648596048107,0.009399242478539115,154.65030940203863,0.07551284638771417,4.955783387491918,0.002419816107173788,1.1240864742865968,10,2048,0.9858123825330818,2048,652,1090,1764,2011,0.318359375,0.5322265625,0.861328125,0.98193359375,78.125,2048.0,10000.0,343.4659502532994,2.771029841685638,0.0013530419148855654,9.905102013980846,0.004836475592764085,1.7088078431283193,0.0008343788296524997,1.2901971088857895,10.0,2048.0,0.9742008547537826,2048.0,28.0,189.0,1034.0,1840.0,0.013671875,0.09228515625,0.5048828125,0.8984375,4.8828125,2,55.29
layer4.2.conv1,conv,65,512,1,False,512.0,0,4.0,4.0,160000,2949.957289089063,18.399376646270678,0.03593628251224742,81.16825032597772,0.15853173891792524,5.210267061760005,0.01017630285500001,1.1529136250439191,10,512,0.9613681698746586,512,208,304,445,503,0.40625,0.59375,0.869140625,0.982421875,312.5,512.0,10000.0,714.0147605159906,3.094518880862372,0.00604398218918432,9.209960048079797,0.017988203218905853,1.8352485321582437,0.0035844697893715697,1.286921968832496,10.0,512.0,0.9709823152458977,512.0,19.0,85.0,311.0,475.0,0.037109375,0.166015625,0.607421875,0.927734375,19.53125,2,55.29
layer4.2.conv2,conv,66,512,1,False,512.0,0,4.0,4.0,160000,341.6525219969699,12.777735227510707,0.02495651411623185,68.3963689046003,0.13358665801679745,4.034581312426853,0.007880041625833696,0.9067741638463659,10,512,0.9854160184429581,512,243,348,470,508,0.474609375,0.6796875,0.91796875,0.9921875,312.5,512.0,10000.0,89.90612364349863,2.155515234186759,0.004209990691771014,5.640040525925417,0.01101570415219808,1.4921223762369844,0.00291430151608786,1.4495754640503278,10.0,512.0,0.9487413317055681,512.0,10.0,47.0,242.0,445.0,0.01953125,0.091796875,0.47265625,0.869140625,19.53125,2,55.29
layer4.2.conv3,conv,67,2048,1,False,512.0,0,4.0,4.0,160000,324.3440978318022,11.334659089944955,0.005534501508762185,68.5972788904696,0.03349476508323711,3.6116451222454486,0.0017634985948464105,7.183263701758633,10,2048,0.7066267998050152,1258,224,319,450,504,0.109375,0.15576171875,0.2197265625,0.24609375,78.125,2048.0,10000.0,91.54838806408638,1.9736990748027234,0.0009637202513685173,5.232851967315709,0.0025551034996658733,1.4187925929452436,0.0006927698207740447,6.433436847703808,10.0,2048.0,0.7408611625692723,1275.0,9.0,54.0,275.0,462.0,0.00439453125,0.0263671875,0.13427734375,0.2255859375,4.8828125,2,55.29
layer4.2,block,68,2048,1,False,,0,4.0,4.0,160000,1693.85512998092,48.95737622419288,0.02390496885946918,295.9997182879513,0.1445311124452887,10.03791915525443,0.004901327712526577,1.0948420840396238,10,2048,0.9828089707009816,2048,823,1246,1829,2022,0.40185546875,0.6083984375,0.89306640625,0.9873046875,78.125,2048.0,10000.0,309.49624915865905,5.692420762839393,0.0027795023256051723,24.359474230449,0.011894274526586425,2.704746882219199,0.0013206771885835933,1.2742976668050425,10.0,2048.0,0.9743099573739256,2048.0,129.0,424.0,1298.0,1918.0,0.06298828125,0.20703125,0.6337890625,0.9365234375,4.8828125,2,55.29
fc,linear,69,10,1,False,,0,,,10000,67.37655442851101,2.130061917575319,0.21300619175753188,3.1518716503255986,0.31518716503255984,1.5148196088230699,0.15148196088230698,,10,10,,10,4,5,7,9,0.4,0.5,0.7,0.9,1000.0,,,,,,,,,,,,,,,,,,,,,,,,2,55.29
conv1,conv,0,64,1,False,27.0,0,32.0,32.0,160000,138.14228777763898,1.2015909279433339,0.018774858249114592,1.5659716103276087,0.024468306411368886,1.0974148797182863,0.017147107495598224,12.906047254209954,10,64,0.9011556380711637,45,1,3,6,11,0.015625,0.046875,0.09375,0.171875,2500.0,64.0,10000.0,40.426833869993956,1.0963490978779735,0.017130454654343336,1.231038631150892,0.01923497861173269,1.0479498656628972,0.016374216650982768,7.531552387337429,10.0,64.0,0.9543003725467136,44.0,1.0,1.0,2.0,3.0,0.015625,0.015625,0.03125,0.046875,156.25,3,60.21
layer1.0.conv1,conv,1,64,1,False,64.0,0,32.0,32.0,160000,31.140287561676814,3.8970827872988596,0.06089191855154468,6.694839258001618,0.10460686340627529,2.1856810163789806,0.03415126588092157,5.5754668678684975,10,64,0.8758064408642793,64,7,10,19,33,0.109375,0.15625,0.296875,0.515625,2500.0,64.0,10000.0,6.455147045397112,1.9399671138292962,0.030311986153582753,2.8715052164977286,0.04486726900777701,1.4349214383984548,0.022420647474975856,6.505736607161134,10.0,64.0,0.8956165303118816,64.0,3.0,4.0,8.0,16.0,0.046875,0.0625,0.125,0.25,156.25,3,60.21
layer1.0.conv2,conv,2,64,1,False,64.0,0,32.0,32.0,160000,129.41107562038945,2.991783530818497,0.046746617669039016,6.316794441603946,0.09869991315006166,1.805324020667661,0.028208187822932204,2.0901102293226645,10,64,0.991430253042828,64,8,15,38,59,0.125,0.234375,0.59375,0.921875,2500.0,64.0,10000.0,33.1351213671731,1.651887947931927,0.02581074918643636,2.388668638304519,0.03732294747350811,1.3096571094927743,0.020463392335824598,4.073451921314621,10.0,64.0,0.9759899110252284,64.0,2.0,4.0,8.0,19.0,0.03125,0.0625,0.125,0.296875,156.25,3,60.21
layer1.0.conv3,conv,3,256,1,False,64.0,0,32.0,32.0,160000,42.942155863044,4.089913253852584,0.015976223647861658,9.344427295873462,0.03650166912450571,2.142961791720069,0.00837094449890652,10.567178437027462,10,256,0.814417873949761,159,13,22,43,60,0.05078125,0.0859375,0.16796875,0.234375,625.0,256.0,10000.0,9.654388334077641,1.889814117021233,0.0073820863946141915,3.115333355723963,0.01216927092079673,1.3995183591123517,0.005466868590282624,9.15869750556642,10.0,256.0,0.8695195389841929,158.0,4.0,5.0,12.0,32.0,0.015625,0.01953125,0.046875,0.125,39.0625,3,60.21
layer1.0.downsample.0,conv,4,256,1,False,64.0,0,32.0,32.0,160000,46.44581713005544,2.561226625663561,0.010004791506498285,4.842203407748626,0.01891485706151807,1.6488400780932508,0.006440781555051761,9.516516025770182,10,256,0.8812318997276326,159,6,9,19,38,0.0234375,0.03515625,0.07421875,0.1484375,625.0,256.0,10000.0,11.781663551618033,1.6289033265168238,0.006362903619206343,2.3720868837702436,0.009265964389727514,1.2934486775275738,0.005052533896592085,7.776977567013543,10.0,256.0,0.9364245712690984,161.0,3.0,4.0,7.0,15.0,0.01171875,0.015625,0.02734375,0.05859375,39.0625,3,60.21
layer1.0,block,5,256,1,False,,0,32.0,32.0,160000,155.31518710250413,5.324521259862046,0.02079891117133612,15.880855995673073,0.06203459373309794,2.4563759629283477,0.009595218605188858,1.7803838756705168,10,256,0.99486512017246,256,26,54,152,237,0.1015625,0.2109375,0.59375,0.92578125,625.0,256.0,10000.0,33.41910215719496,2.2336989651033305,0.008725386582434885,4.042585692119214,0.01579135035984068,1.5354455671055314,0.005997834246505982,2.6003111413492794,10.0,256.0,0.9972819656911208,256.0,5.0,7.0,21.0,84.0,0.01953125,0.02734375,0.08203125,0.328125,39.0625,3,60.21
layer1.1.conv1,conv,6,64,1,False,64.0,0,32.0,32.0,160000,393.0713886791312,4.537954151214579,0.07090553361272779,10.195471368238138,0.1593042401287209,2.2836666001998513,0.03568229062812268,2.1890951587322727,10,64,0.9880520291508849,64,13,22,44,61,0.203125,0.34375,0.6875,0.953125,2500.0,64.0,10000.0,89.4898574507893,2.0037503060725346,0.03130859853238335,3.3453677377173308,0.05227137090183329,1.4508137073400795,0.022668964177188743,3.1318961721310297,10.0,64.0,0.9922564244351556,64.0,4.0,6.0,14.0,37.0,0.0625,0.09375,0.21875,0.578125,156.25,3,60.21
layer1.1.conv2,conv,7,64,1,False,64.0,0,32.0,32.0,160000,72.30814759223324,5.288199178202715,0.08262811215941743,12.461487752618059,0.19471074613465716,2.512057690871189,0.03925090141986233,1.7657979017409093,10,64,0.9889914335568633,64,18,30,52,63,0.28125,0.46875,0.8125,0.984375,2500.0,64.0,10000.0,17.724961118251827,2.23352333689664,0.03489880213901,3.5756124177733626,0.05586894402770879,1.5697213638488743,0.02452689631013866,3.9117867431277973,10.0,64.0,0.9587222143593411,64.0,4.0,6.0,13.0,31.0,0.0625,0.09375,0.203125,0.484375,156.25,3,60.21
layer1.1.conv3,conv,8,256,1,False,64.0,0,32.0,32.0,160000,44.35455183272106,6.288676150871264,0.024565141214340874,14.544500374484189,0.05681445458782886,2.78942008755064,0.010896172216994687,10.913067389899883,10,256,0.8071296314728129,161,21,31,51,62,0.08203125,0.12109375,0.19921875,0.2421875,625.0,256.0,10000.0,10.027889079874132,2.4937006793816696,0.009741018278834647,4.199708517346514,0.01640511139588482,1.6784457622977684,0.006556428758975658,9.524665654879405,10.0,256.0,0.8553687234486207,159.0,5.0,7.0,17.0,41.0,0.01953125,0.02734375,0.06640625,0.16015625,39.0625,3,60.21
layer1.1,block,9,256,1,False,,0,32.0,32.0,160000,245.75025145298295,7.376712025750594,0.028815281350588258,23.428597295151572,0.09151795818418583,2.9686437180284284,0.011596264523548548,1.6617594808462255,10,256,0.9954153882734056,256,42,79,181,245,0.1640625,0.30859375,0.70703125,0.95703125,625.0,256.0,10000.0,51.511535260233615,2.714819942191675,0.010604765399186231,5.070974605086919,0.019808494551120777,1.7379586975001813,0.006788901162110083,2.52589682131743,10.0,256.0,0.9981001512226099,256.0,6.0,9.0,29.0,109.0,0.0234375,0.03515625,0.11328125,0.42578125,39.0625,3,60.21
layer1.2.conv1,conv,10,64,1,False,64.0,0,32.0,32.0,160000,580.5799226791229,5.86186961454054,0.09159171272719593,13.621173131734059,0.21283083018334467,2.650993621205443,0.041421775331335044,2.008546853466456,10,64,0.9834319556270316,64,19,29,50,62,0.296875,0.453125,0.78125,0.96875,2500.0,64.0,10000.0,124.03762223016803,2.423491350514828,0.03786705235179419,4.348058247897961,0.06793841012340564,1.6160700626003008,0.0252510947281297,3.0422772268793206,10.0,64.0,0.9924144957832564,64.0,5.0,8.0,19.0,43.0,0.078125,0.125,0.296875,0.671875,156.25,3,60.21
layer1.2.conv2,conv,11,64,1,False,64.0,0,32.0,32.0,160000,82.73118871294022,3.613992638202325,0.056468634971911326,9.367646220875017,0.14636947220117213,1.9731528270374274,0.030830512922459804,1.5618076955866014,10,64,0.9922125561342262,64,17,29,52,63,0.265625,0.453125,0.8125,0.984375,2500.0,64.0,10000.0,22.018162430522402,1.8923801742294883,0.029568440222335755,3.017861471961706,0.04715408549940166,1.41321819924474,0.02208153436319906,3.9810520101220797,10.0,64.0,0.9477614038633417,64.0,3.0,5.0,12.0,30.0,0.046875,0.078125,0.1875,0.46875,156.25,3,60.21
layer1.2.conv3,conv,12,256,1,False,64.0,0,32.0,32.0,160000,46.38834049276857,4.140858099516632,0.016175226951236844,10.250044301277587,0.040039235551865573,2.1509701788026785,0.008402227260947963,10.649762184590237,10,256,0.8056103243498041,160,17,28,49,62,0.06640625,0.109375,0.19140625,0.2421875,625.0,256.0,10000.0,12.148134489823239,2.1099026151355806,0.008241807090373362,3.410532465312968,0.013322392442628781,1.5155572909968802,0.005920145667956563,9.179366638600925,10.0,256.0,0.8577922322333968,159.0,4.0,6.0,15.0,38.0,0.015625,0.0234375,0.05859375,0.1484375,39.0625,3,60.21
layer1.2,block,13,256,1,False,,0,32.0,32.0,160000,341.3586613593604,7.126073756020501,0.027836225609455083,23.75344293329666,0.09278688645819008,2.9172439324726045,0.011395484111221111,1.5599838581446734,10,256,0.994644352747044,256,47,90,191,247,0.18359375,0.3515625,0.74609375,0.96484375,625.0,256.0,10000.0,76.24577321117992,2.641939112600194,0.010320074658594507,4.886414648053353,0.01908755721895841,1.7263868662559427,0.006743698696312276,2.4635419470337863,10.0,256.0,0.997798261292483,256.0,6.0,9.0,29.0,116.0,0.0234375,0.03515625,0.11328125,0.453125,39.0625,3,60.21
layer2.0.conv1,conv,14,128,1,False,128.0,0,32.0,32.0,160000,787.6765898609262,5.391261601124058,0.042119231258781704,14.804203302791533,0.11565783830305885,2.4946911440453947,0.019489774562854646,2.021917321374086,10,128,0.9547562059474295,128,24,43,85,118,0.1875,0.3359375,0.6640625,0.921875,1250.0,128.0,10000.0,186.36668838953597,2.2126505138517247,0.0172863321394666,3.880834222398653,0.030319017362489476,1.5488424875575015,0.01210033193404298,2.950352134477065,10.0,128.0,0.9849596492096835,128.0,5.0,8.0,21.0,62.0,0.0390625,0.0625,0.1640625,0.484375,78.125,3,60.21
layer2.0.conv2,conv,15,128,1,False,128.0,0,16.0,16.0,160000,220.66713845517344,3.1155521214069477,0.02434025094849178,8.856823942777863,0.06919393705295206,1.8111674737693524,0.014149745888823066,1.5431015877472147,10,128,0.995524957191197,128,17,37,92,123,0.1328125,0.2890625,0.71875,0.9609375,1250.0,128.0,10000.0,65.3990051977641,1.7253496150333953,0.013479293867448401,2.78098301674741,0.02172642981833914,1.336697201620749,0.010442946887662102,2.764877450225125,10.0,128.0,0.9932773944602578,128.0,3.0,5.0,13.0,49.0,0.0234375,0.0390625,0.1015625,0.3828125,78.125,3,60.21
layer2.0.conv3,conv,16,512,1,False,128.0,0,16.0,16.0,160000,98.35218668626577,3.9467479045087446,0.007708492000993642,11.288434448627823,0.022047723532476218,2.070976348354144,0.004044875680379188,8.576639128546358,10,512,0.7872538625343175,315,21,40,87,120,0.041015625,0.078125,0.169921875,0.234375,312.5,512.0,10000.0,28.842245187518532,1.9340297903722308,0.0037774019343207632,3.3450231469832135,0.006533248333951589,1.4217245486540728,0.002776805759089986,7.1737988198125855,10.0,512.0,0.8557851920221211,320.0,4.0,7.0,17.0,61.0,0.0078125,0.013671875,0.033203125,0.119140625,19.53125,3,60.21
layer2.0.downsample.0,conv,17,512,1,False,256.0,0,16.0,16.0,160000,884.1088967044681,4.429905399417385,0.00865215898323708,13.893297853840645,0.02713534737078251,2.205596232886228,0.004307805142355914,6.590040131665384,10,512,0.586511716840503,380,27,55,140,224,0.052734375,0.107421875,0.2734375,0.4375,312.5,512.0,10000.0,224.00452785694213,2.1317438737186776,0.004163562253356792,3.7739782319021784,0.007371051234183942,1.5100039260719271,0.0029492264181092327,5.796008210512667,10.0,512.0,0.7027176374522244,383.0,5.0,7.0,22.0,96.0,0.009765625,0.013671875,0.04296875,0.1875,19.53125,3,60.21
layer2.0,block,18,512,1,False,,0,16.0,16.0,160000,328.3101869720014,8.220666751237438,0.01605598974851062,29.815866183809028,0.05823411364025201,3.1982869712663944,0.0062466542407546765,1.4703545620629213,10,512,0.9919449265772837,512,68,151,363,489,0.1328125,0.294921875,0.708984375,0.955078125,312.5,512.0,10000.0,77.72222049994932,2.9256297079873557,0.005714120523412804,5.7363576053409195,0.011203823447931483,1.8124189584092238,0.0035398807781430153,2.1134358143089678,10.0,512.0,0.9970679880496309,512.0,7.0,11.0,40.0,229.0,0.013671875,0.021484375,0.078125,0.447265625,19.53125,3,60.21
layer2.1.conv1,conv,19,128,1,False,128.0,0,16.0,16.0,160000,888.4726944024151,5.381354150159742,0.04204182929812299,14.574764286455837,0.11386534598793623,2.5057093544536784,0.019575854331669362,1.6808314711044445,10,128,0.9851277430046312,128,24,46,94,123,0.1875,0.359375,0.734375,0.9609375,1250.0,128.0,10000.0,231.6772818557488,2.4147211447328587,0.01886500894322546,4.437845443390705,0.03467066752648988,1.6113853257639976,0.012588947857531231,2.533645595425072,10.0,128.0,0.9957336498348422,128.0,5.0,8.0,22.0,74.0,0.0390625,0.0625,0.171875,0.578125,78.125,3,60.21
layer2.1.conv2,conv,20,128,1,False,128.0,0,16.0,16.0,160000,158.19543692877852,4.673671103009113,0.036513055492258695,15.525431650303974,0.1212924347679998,2.2479086011831266,0.017561785946743177,1.4678800033276793,10,128,0.9957159312670506,128,33,59,106,126,0.2578125,0.4609375,0.828125,0.984375,1250.0,128.0,10000.0,48.51193559151553,1.9729997191977258,0.015414060306232233,3.4711859507565004,0.02711864024028516,1.4311575991524317,0.011180918743378373,2.9723684314627308,10.0,128.0,0.977728811384101,128.0,4.0,7.0,16.0,55.0,0.03125,0.0546875,0.125,0.4296875,78.125,3,60.21
layer2.1.conv3,conv,21,512,1,False,128.0,0,16.0,16.0,160000,92.78772397838638,5.20943942283995,0.010174686372734278,17.08047537617958,0.033360303469100745,2.3958836283233103,0.004679460211568965,8.86041818341111,10,512,0.7752399115602825,311,35,58,100,123,0.068359375,0.11328125,0.1953125,0.240234375,312.5,512.0,10000.0,27.169026469715966,2.0916999869413466,0.004085351536994818,3.8565960571718962,0.00753241417416386,1.4776930845611025,0.0028861193057834033,7.410687863761555,10.0,512.0,0.8447462127002136,319.0,5.0,8.0,22.0,74.0,0.009765625,0.015625,0.04296875,0.14453125,19.53125,3,60.21
layer2.1,block,22,512,1,False,,0,16.0,16.0,160000,515.2442668784875,9.098470298963315,0.017770449802662725,37.05484904140863,0.07237275203400123,3.331581004481021,0.006506994149376994,1.4183977812767998,10,512,0.9950148636057907,512,92,184,392,495,0.1796875,0.359375,0.765625,0.966796875,312.5,512.0,10000.0,125.08352189703129,2.9294460627350385,0.005721574341279372,5.9185837768083704,0.011559733939078849,1.7972094597315986,0.0035101747260382786,2.0432306026863376,10.0,512.0,0.9977001025910338,512.0,7.0,11.0,44.0,252.0,0.013671875,0.021484375,0.0859375,0.4921875,19.53125,3,60.21
layer2.2.conv1,conv,23,128,1,False,128.0,0,16.0,16.0,160000,1192.4907019987097,6.636649954813065,0.05184882777197707,19.670192561756988,0.15367337938872647,2.783533929058159,0.021746358820766868,1.6236609882587858,10,128,0.9818294715707784,128,34,58,102,124,0.265625,0.453125,0.796875,0.96875,1250.0,128.0,10000.0,311.5752506544479,2.5969728182923086,0.02028885014290866,4.94232736366288,0.03861193252861625,1.6731233285331348,0.013071276004165116,2.453942217881766,10.0,128.0,0.9941582690683627,128.0,6.0,9.0,26.0,83.0,0.046875,0.0703125,0.203125,0.6484375,78.125,3,60.21
layer2.2.conv2,conv,24,128,1,False,128.0,0,16.0,16.0,160000,157.79905561271664,3.8148257351608894,0.02980332605594445,13.443119391594863,0.10502437024683486,1.9979639204821824,0.01560909312876705,1.2995745230068805,10,128,0.9943482617736784,128,36,64,108,126,0.28125,0.5,0.84375,0.984375,1250.0,128.0,10000.0,50.66502502000067,1.704985047036355,0.013320195679971523,2.958663584764717,0.023114559255974353,1.3182750441581954,0.010299023782485902,2.9185692145383624,10.0,128.0,0.9733853894110834,128.0,4.0,6.0,17.0,57.0,0.03125,0.046875,0.1328125,0.4453125,78.125,3,60.21
layer2.2.conv3,conv,25,512,1,False,128.0,0,16.0,16.0,160000,91.90167111519757,4.07462847271152,0.007958258735764688,14.25343600937406,0.02783874220580871,2.069194477861808,0.0040413954645738435,8.774129217830392,10,512,0.7747965777664709,314,35,59,101,124,0.068359375,0.115234375,0.197265625,0.2421875,312.5,512.0,10000.0,29.22392980038777,1.6967930202120565,0.003314048867601673,3.0495845025780164,0.005956219731597688,1.3128036174366151,0.002564069565305889,7.3416783865485105,10.0,512.0,0.8438690717829096,320.0,4.0,7.0,21.0,74.0,0.0078125,0.013671875,0.041015625,0.14453125,19.53125,3,60.21
layer2.2,block,26,512,1,False,,0,16.0,16.0,160000,700.0704489583355,9.41848942438055,0.01839548715699326,40.490668458165985,0.07908333683235544,3.381401808973184,0.00660430040815075,1.3578397499764858,10,512,0.9943508802058701,512,108,207,407,498,0.2109375,0.404296875,0.794921875,0.97265625,312.5,512.0,10000.0,172.227358411641,2.873104025350886,0.005611531299513449,5.912212101896604,0.011547289261516805,1.7699826604850966,0.0034569973837599542,2.003662339449913,10.0,512.0,0.9977653208040147,512.0,7.0,12.0,48.0,268.0,0.013671875,0.0234375,0.09375,0.5234375,19.53125,3,60.21
layer2.3.conv1,conv,27,128,1,False,128.0,0,16.0,16.0,160000,1581.0467648403774,8.328026409026196,0.06506270632051715,22.81385631798803,0.17823325248428148,3.2812424169626073,0.02563470638252037,1.5570578791036038,10,128,0.979474058670073,128,39,63,104,125,0.3046875,0.4921875,0.8125,0.9765625,1250.0,128.0,10000.0,405.3221240391952,2.907074159032518,0.022711516867441547,5.54252635228537,0.043300987127229455,1.789941464433122,0.013983917690883765,2.412005544429516,10.0,128.0,0.9954222186302827,128.0,7.0,10.0,28.0,87.0,0.0546875,0.078125,0.21875,0.6796875,78.125,3,60.21
layer2.3.conv2,conv,28,128,1,False,128.0,0,16.0,16.0,160000,139.7279274730323,5.0122475056279425,0.0391581836377183,17.781965309588102,0.13892160398115705,2.318574715554494,0.018113864965269483,1.2870461245908005,10,128,0.9935711369096986,128,42,70,111,126,0.328125,0.546875,0.8671875,0.984375,1250.0,128.0,10000.0,40.58513263743433,1.902958623731983,0.014866864247906118,3.5511679472127704,0.02774349958759977,1.3958365117658933,0.010904972748171041,2.9290848339420563,10.0,128.0,0.9711216333947323,128.0,5.0,8.0,21.0,65.0,0.0390625,0.0625,0.1640625,0.5078125,78.125,3,60.21
layer2.3.conv3,conv,29,512,1,False,128.0,0,16.0,16.0,160000,81.47127468098918,6.049571882803617,0.011815570083600815,21.522603908084864,0.04203633575797825,2.5668161286701943,0.005013312751308973,8.981252922539142,10,512,0.7685478766752023,312,45,69,107,125,0.087890625,0.134765625,0.208984375,0.244140625,312.5,512.0,10000.0,21.39990581791052,2.016388193804074,0.003938258191023582,4.048598711983981,0.007907419359343713,1.4370371103061248,0.00280671310606665,7.649566183891611,10.0,512.0,0.8358875393450522,321.0,6.0,9.0,30.0,87.0,0.01171875,0.017578125,0.05859375,0.169921875,19.53125,3,60.21
layer2.3,block,30,512,1,False,,0,16.0,16.0,160000,884.3398897175271,10.242573101858076,0.020005025589566554,46.61593746704584,0.0910467528653239,3.5047911520464337,0.006845295218840691,1.3111209376871555,10,512,0.9940109130975517,512,128,230,421,501,0.25,0.44921875,0.822265625,0.978515625,312.5,512.0,10000.0,208.74284251320395,2.8643222872402108,0.005594379467266037,6.182342956690241,0.012074888587285627,1.7555125297150336,0.003428735409599675,1.9737045341144794,10.0,512.0,0.9980588843341015,512.0,8.0,13.0,56.0,293.0,0.015625,0.025390625,0.109375,0.572265625,19.53125,3,60.21
layer3.0.conv1,conv,31,256,1,False,256.0,0,16.0,16.0,160000,1881.2622007722323,9.32859666704062,0.03643983073062742,30.88385050476788,0.12064004103424954,3.437931278931813,0.013429419058327395,1.703560103851588,10,256,0.9431737924741388,256,61,103,185,241,0.23828125,0.40234375,0.72265625,0.94140625,625.0,256.0,10000.0,450.7550958331727,2.8723963231074356,0.01122029813713842,5.867308651529449,0.02291917442003691,1.7648457666697903,0.006893928776053868,2.4069457909525447,10.0,256.0,0.9821840722143217,256.0,7.0,11.0,39.0,142.0,0.02734375,0.04296875,0.15234375,0.5546875,39.0625,3,60.21
layer3.0.conv2,conv,32,256,1,False,256.0,0,8.0,8.0,160000,324.93772544431977,5.627029242536815,0.021980582978659433,20.731571230386205,0.08098270011869611,2.5087347433122824,0.009799745091063603,1.2348369534638568,10,256,0.9939610177739704,256,54,113,211,251,0.2109375,0.44140625,0.82421875,0.98046875,625.0,256.0,10000.0,93.55243816656845,2.0383511107281342,0.007962309026281774,3.947289525408893,0.015419099708628488,1.4534250287243122,0.005677441518454345,1.8628549546264235,10.0,256.0,0.992477587891232,256.0,5.0,8.0,37.0,171.0,0.01953125,0.03125,0.14453125,0.66796875,39.0625,3,60.21
layer3.0.conv3,conv,33,1024,1,False,256.0,0,8.0,8.0,160000,188.69891051917307,6.198988972191476,0.006053700168155738,22.949983753651736,0.022412093509425524,2.6525914205391117,0.0025904213091202262,7.457973155665516,10,1024,0.7515340945744486,628,58,107,196,246,0.056640625,0.1044921875,0.19140625,0.240234375,156.25,1024.0,10000.0,51.52291585336037,2.1563044022892237,0.00210576601786057,4.360595299139999,0.004258393846816405,1.4994309786565845,0.0014642880650943208,6.684826435033582,10.0,1024.0,0.799207650916014,639.0,6.0,10.0,50.0,180.0,0.005859375,0.009765625,0.048828125,0.17578125,9.765625,3,60.21
layer3.0.downsample.0,conv,34,1024,1,False,512.0,0,8.0,8.0,160000,2117.761270865246,6.4791824583765045,0.006327326619508305,26.733105406803404,0.02610654824883145,2.7044243392326823,0.0026410393937819163,5.6677177533642915,10,1024,0.5536170109880942,758,72,146,322,465,0.0703125,0.142578125,0.314453125,0.4541015625,156.25,1024.0,10000.0,571.9055544913869,2.362942544700553,0.0023075610788091338,5.038562457523366,0.004920471149925162,1.5723531335079293,0.0015355011069413372,5.256072672371271,10.0,1024.0,0.6263383583412715,766.0,7.0,11.0,66.0,293.0,0.0068359375,0.0107421875,0.064453125,0.2861328125,9.765625,3,60.21
layer3.0,block,35,1024,1,False,,0,8.0,8.0,160000,704.5057418922726,10.242442872051518,0.01000238561723781,53.29555580854031,0.052046441219277643,3.5210811578139034,0.00343855581817764,1.2689854361603188,10,1024,0.9902359416324509,1024,194,398,804,993,0.189453125,0.388671875,0.78515625,0.9697265625,156.25,1024.0,10000.0,164.90613292276657,2.8399829037524538,0.0027734208044457556,6.792278823546647,0.006633084788619773,1.7433290593036255,0.0017024697844761968,1.6086258914625373,10.0,1024.0,0.9929210578199951,1024.0,9.0,18.0,164.0,734.0,0.0087890625,0.017578125,0.16015625,0.716796875,9.765625,3,60.21
layer3.1.conv1,conv,36,256,1,False,256.0,0,8.0,8.0,160000,1765.1139182006839,7.75926843150486,0.03030964231056586,26.103671775091442,0.10196746787145095,3.0775113722892318,0.012021528798004812,1.403823226802752,10,256,0.978419434792592,256,59,110,201,248,0.23046875,0.4296875,0.78515625,0.96875,625.0,256.0,10000.0,433.16601477701215,2.6700399692669095,0.010429843629948865,5.689475708720061,0.02222451448718774,1.6876649293884922,0.006592441130423798,1.8597121071574652,10.0,256.0,0.991626272818044,256.0,7.0,12.0,62.0,194.0,0.02734375,0.046875,0.2421875,0.7578125,39.0625,3,60.21
layer3.1.conv2,conv,37,256,1,False,256.0,0,8.0,8.0,160000,243.17355141416715,9.482827269308686,0.037042294020737054,36.61784607454339,0.1430384612286851,3.340762258473794,0.013049852572163258,1.2600569334907223,10,256,0.9957288057303202,256,84,141,222,252,0.328125,0.55078125,0.8671875,0.984375,625.0,256.0,10000.0,64.44436695606673,2.1010276585696688,0.008207139291287769,4.211312931869397,0.016450441140114833,1.4752089955790084,0.005762535138980502,2.154163831265722,10.0,256.0,0.9725258487044023,256.0,5.0,9.0,45.0,158.0,0.01953125,0.03515625,0.17578125,0.6171875,39.0625,3,60.21
layer3.1.conv3,conv,38,1024,1,False,256.0,0,8.0,8.0,160000,166.9333665217268,8.54761076218387,0.008347276134945186,36.494063275384406,0.035638733667367584,3.0973538160101812,0.0030247595859474426,7.6557761287178785,10,1024,0.7435962900397584,625,87,137,213,250,0.0849609375,0.1337890625,0.2080078125,0.244140625,156.25,1024.0,10000.0,43.857438370114195,1.9460757271686997,0.0019004645773131833,4.034857741637793,0.003940290763318157,1.412147891982244,0.0013790506757639103,6.766899521286915,10.0,1024.0,0.7938729470716243,638.0,5.0,11.0,64.0,193.0,0.0048828125,0.0107421875,0.0625,0.1884765625,9.765625,3,60.21
layer3.1,block,39,1024,1,False,,0,8.0,8.0,160000,1046.1246128872788,11.334488403668692,0.011068836331707707,68.42471479401068,0.06682101054102606,3.634366244609818,0.0035491857857517756,1.2322229457917138,10,1024,0.9939888591345787,1024,247,460,845,1001,0.2412109375,0.44921875,0.8251953125,0.9775390625,156.25,1024.0,10000.0,241.12149914270125,2.6025627115299557,0.0025415651479784723,6.3613240618197695,0.006212230529120869,1.6559865834651646,0.0016171743979151998,1.5554402735447752,10.0,1024.0,0.9950725670200251,1024.0,9.0,19.0,187.0,770.0,0.0087890625,0.0185546875,0.1826171875,0.751953125,9.765625,3,60.21
layer3.2.conv1,conv,40,256,1,False,256.0,0,8.0,8.0,160000,2242.7387273666122,10.850174889830438,0.04238349566340015,38.481592719726606,0.15031872156143206,3.713612673035527,0.014506299504045026,1.3701162386029,10,256,0.9771160750414893,256,82,132,213,250,0.3203125,0.515625,0.83203125,0.9765625,625.0,256.0,10000.0,532.4439620046005,2.739259725072141,0.010700233301063051,6.0393302733917675,0.023591133880436592,1.711497880466874,0.006685538595573726,1.7993305647546882,10.0,256.0,0.9921959123888795,256.0,8.0,14.0,76.0,205.0,0.03125,0.0546875,0.296875,0.80078125,39.0625,3,60.21
layer3.2.conv2,conv,41,256,1,False,256.0,0,8.0,8.0,160000,224.00360354459835,10.038080885544112,0.039211253459156686,40.0657789230988,0.15650694891835468,3.476301606927651,0.013579303152061137,1.1446985542024157,10,256,0.9939959391543185,256,99,156,228,253,0.38671875,0.609375,0.890625,0.98828125,625.0,256.0,10000.0,54.48965089868612,2.087176454033454,0.00815303302356818,4.3417255685596645,0.01695986550218619,1.4688641882156501,0.005737750735217383,2.1173200889591928,10.0,256.0,0.9699181374267938,256.0,6.0,11.0,56.0,170.0,0.0234375,0.04296875,0.21875,0.6640625,39.0625,3,60.21
layer3.2.conv3,conv,42,1024,1,False,256.0,0,8.0,8.0,160000,162.9449783933087,8.533248513803887,0.008333250501761608,37.139041272390386,0.03626859499256874,3.1073623984641254,0.0030345335922501225,7.636197514361134,10,1024,0.7410843685291577,626,93,141,216,250,0.0908203125,0.1376953125,0.2109375,0.244140625,156.25,1024.0,10000.0,40.84196032245031,1.8686879823771407,0.0018248906077901765,3.907262966464197,0.0038156864906876923,1.38134746048648,0.001348972129381328,6.797367135175767,10.0,1024.0,0.7922931403196629,638.0,6.0,12.0,70.0,197.0,0.005859375,0.01171875,0.068359375,0.1923828125,9.765625,3,60.21
layer3.2,block,43,1024,1,False,,0,8.0,8.0,160000,1433.7742920882547,11.143983341357881,0.010882796231794806,71.7861262624507,0.0701036389281745,3.5744903793891654,0.003490713261122232,1.1921758782886656,10,1024,0.9928394807466089,1024,275,492,861,1004,0.2685546875,0.48046875,0.8408203125,0.98046875,156.25,1024.0,10000.0,337.7180768159521,2.3509311265967843,0.002295831178317172,5.698937960568548,0.005565369102117723,1.5640533262422749,0.0015273958264084716,1.5289746381158593,10.0,1024.0,0.9954022296346752,1024.0,8.0,18.0,191.0,778.0,0.0078125,0.017578125,0.1865234375,0.759765625,9.765625,3,60.21
layer3.3.conv1,conv,44,256,1,False,256.0,0,8.0,8.0,160000,3129.934222505383,9.768634183435138,0.03815872727904351,37.59494503152546,0.14685525402939634,3.4257343759339856,0.013381774905992131,1.3222780515702277,10,256,0.9741447203866279,256,87,137,215,251,0.33984375,0.53515625,0.83984375,0.98046875,625.0,256.0,10000.0,758.3240808407677,2.3830226332089373,0.009308682160972411,5.266351829803552,0.020571686835170126,1.5791345460888213,0.006168494320659458,1.7561428903921414,10.0,256.0,0.9908048579182547,256.0,7.0,14.0,76.0,206.0,0.02734375,0.0546875,0.296875,0.8046875,39.0625,3,60.21
layer3.3.conv2,conv,45,256,1,False,256.0,0,8.0,8.0,160000,206.97292179059198,8.728533639990383,0.034095834531212434,37.81433513082017,0.14771224660476628,3.1563086507461966,0.01232933066697733,1.0925938348421662,10,256,0.992251252476707,256,103,159,230,253,0.40234375,0.62109375,0.8984375,0.98828125,625.0,256.0,10000.0,53.18031296336411,1.933141371797593,0.007551333483584347,3.968980106943527,0.015503828542748153,1.4071056117487997,0.005496506295893749,2.1102968458810647,10.0,256.0,0.9672255354698669,256.0,5.0,11.0,55.0,168.0,0.01953125,0.04296875,0.21484375,0.65625,39.0625,3,60.21
layer3.3.conv3,conv,46,1024,1,False,256.0,0,8.0,8.0,160000,157.72901019909497,8.711120285600071,0.00850695340390632,39.52569226391703,0.038599308851481474,3.114671100110367,0.0030416709962015303,7.654968797312798,10,1024,0.7398417686947956,624,98,146,218,251,0.095703125,0.142578125,0.212890625,0.2451171875,156.25,1024.0,10000.0,40.44816241471771,1.826958330516771,0.001784138994645284,3.857980719710882,0.003767559296592658,1.3629370672125982,0.001330993229699803,6.819115777827003,10.0,1024.0,0.790918304961064,637.0,6.0,12.0,74.0,199.0,0.005859375,0.01171875,0.072265625,0.1943359375,9.765625,3,60.21
layer3.3,block,47,1024,1,False,,0,8.0,8.0,160000,1862.088866035998,10.411274243091512,0.010167260003019055,71.55913419128957,0.06988196698368122,3.4147383175892996,0.0033347053882708004,1.1540648998579812,10,1024,0.991992868814542,1024,295,515,872,1006,0.2880859375,0.5029296875,0.8515625,0.982421875,156.25,1024.0,10000.0,448.9802473044294,2.179343520659576,0.0021282651568941173,5.2399421220005,0.005117130978516113,1.4985759257613671,0.001463453052501335,1.5110854910418043,10.0,1024.0,0.9954783892012028,1024.0,7.0,17.0,193.0,781.0,0.0068359375,0.0166015625,0.1884765625,0.7626953125,9.765625,3,60.21
layer3.4.conv1,conv,48,256,1,False,256.0,0,8.0,8.0,160000,3811.424509279614,10.600542243221662,0.04140836813758462,41.39847313230124,0.16171278567305172,3.5773618458156036,0.013974069710217201,1.2723837845152,10,256,0.9726987907789758,256,95,145,219,251,0.37109375,0.56640625,0.85546875,0.98046875,625.0,256.0,10000.0,876.4278662346998,2.3502681503564613,0.009180734962329927,5.287650707700148,0.0206548855769537,1.5667062636514486,0.006119946342388471,1.7240815617509844,10.0,256.0,0.9904140454319872,256.0,7.0,15.0,86.0,211.0,0.02734375,0.05859375,0.3359375,0.82421875,39.0625,3,60.21
layer3.4.conv2,conv,49,256,1,False,256.0,0,8.0,8.0,160000,209.9279241252139,6.998146101544455,0.027336508209158027,33.22196474170658,0.12977329977229132,2.763896161966082,0.010796469382680007,1.0494339117328808,10,256,0.9924285864400781,256,105,161,230,253,0.41015625,0.62890625,0.8984375,0.98828125,625.0,256.0,10000.0,57.95626961111475,1.6309242481472939,0.006370797844325367,3.1244339098118235,0.012204819960202435,1.285103440351284,0.005019935313872203,2.096472424394652,10.0,256.0,0.9617923214048967,256.0,4.0,9.0,52.0,164.0,0.015625,0.03515625,0.203125,0.640625,39.0625,3,60.21
layer3.4.conv3,conv,50,1024,1,False,256.0,0,8.0,8.0,160000,148.27522247169682,6.524206322307477,0.006371295236628396,32.456865840535,0.03169615804739746,2.638378797562395,0.0025765417944945265,7.527081767608994,10,1024,0.7429827549470548,627,95,142,216,250,0.0927734375,0.138671875,0.2109375,0.244140625,156.25,1024.0,10000.0,41.58893906119935,1.5122270503567579,0.0014767842288640214,2.874487314661239,0.0028071165182238663,1.2339142809471415,0.0012049944149874429,6.682541249302807,10.0,1024.0,0.7931208386734154,638.0,4.0,9.0,65.0,193.0,0.00390625,0.0087890625,0.0634765625,0.1884765625,9.765625,3,60.21
layer3.4,block,51,1024,1,False,,0,8.0,8.0,160000,2257.494135244849,9.604493402680546,0.009379388088555221,70.09764949222483,0.06845473583225081,3.2481703360812078,0.0031720413438293044,1.1207020763712605,10,1024,0.9907302084176117,1024,311,533,879,1007,0.3037109375,0.5205078125,0.8583984375,0.9833984375,156.25,1024.0,10000.0,575.5934399019857,1.9710570086314396,0.0019248603599916403,4.602511027683845,0.004494639675472505,1.4186342382450183,0.0013853849982861507,1.4923412234465623,10.0,1024.0,0.9949394956356851,1024.0,7.0,16.0,187.0,778.0,0.0068359375,0.015625,0.1826171875,0.759765625,9.765625,3,60.21
layer3.5.conv1,conv,52,256,1,False,256.0,0,8.0,8.0,160000,4603.532336978151,8.69319586011265,0.03395779632856504,38.018862094810096,0.14851118005785194,3.1290883539819263,0.0122230013827419,1.239315711704814,10,256,0.9732271956976479,256,96,147,220,252,0.375,0.57421875,0.859375,0.984375,625.0,256.0,10000.0,1198.2929563637756,1.9898561341928345,0.00777287552419076,4.308332749149259,0.016829424801364293,1.4280201229110856,0.005578203605121428,1.6990622993279005,10.0,256.0,0.9907093387721109,256.0,6.0,13.0,78.0,208.0,0.0234375,0.05078125,0.3046875,0.8125,39.0625,3,60.21
layer3.5.conv2,conv,53,256,1,False,256.0,0,8.0,8.0,160000,200.96973037680897,5.54009548868507,0.021640998002676055,27.8992146376032,0.1089813071781375,2.421309906120371,0.0094582418207827,1.0225112430935448,10,256,0.9915492609096578,256,103,159,230,253,0.40234375,0.62109375,0.8984375,0.98828125,625.0,256.0,10000.0,61.451550734023094,1.4749825271239423,0.0057616504965778996,2.6795539737048446,0.01046700770978455,1.2183422380544453,0.004759149367400177,2.1115760662595555,10.0,256.0,0.9610596757380943,256.0,3.0,8.0,46.0,158.0,0.01171875,0.03125,0.1796875,0.6171875,39.0625,3,60.21
layer3.5.conv3,conv,54,1024,1,False,256.0,0,8.0,8.0,160000,133.4159743173089,5.720442550061819,0.005586369677794745,28.798956854113424,0.02812398130284514,2.4565311063665067,0.0023989561585610417,7.468128248166951,10,1024,0.7432387289895037,627,92,140,214,250,0.08984375,0.13671875,0.208984375,0.244140625,156.25,1024.0,10000.0,39.84867236043305,1.4377827487270183,0.0014040847155537288,2.641933881284016,0.0025800135559414217,1.2018586477729765,0.0011736900857157973,6.649418415652493,10.0,1024.0,0.7967333109491379,637.0,3.0,9.0,60.0,188.0,0.0029296875,0.0087890625,0.05859375,0.18359375,9.765625,3,60.21
layer3.5,block,55,1024,1,False,,0,8.0,8.0,160000,2656.7081836542934,8.854694547921145,0.008647162644454243,67.03569682158377,0.0654645476773279,3.099811070123811,0.0030271592481677843,1.0910630510952959,10,1024,0.9898674030815869,1024,322,545,884,1008,0.314453125,0.5322265625,0.86328125,0.984375,156.25,1024.0,10000.0,681.2341428536331,1.8817687176337405,0.0018376647633141997,4.3483803274491475,0.004246465163524558,1.3833128208784986,0.0013508914266391588,1.4785010670119778,10.0,1024.0,0.9944641486498832,1024.0,7.0,16.0,189.0,780.0,0.0068359375,0.015625,0.1845703125,0.76171875,9.765625,3,60.21
layer4.0.conv1,conv,56,512,1,False,512.0,0,8.0,8.0,160000,5602.984919997108,7.609828545070474,0.01486294637709077,40.93643455171374,0.0799539737338159,2.8846072874362,0.005633998608273828,1.4285231359691397,10,512,0.9234420398516602,512,137,226,386,487,0.267578125,0.44140625,0.75390625,0.951171875,312.5,512.0,10000.0,1506.662733667808,1.8390500093276647,0.003591894549468095,3.973991740942621,0.007761702619028556,1.366917181464876,0.002669760120048586,1.8112038533545054,10.0,512.0,0.9638055811396942,512.0,6.0,12.0,96.0,345.0,0.01171875,0.0234375,0.1875,0.673828125,19.53125,3,60.21
layer4.0.conv2,conv,57,512,1,False,512.0,0,4.0,4.0,160000,579.1155653876623,4.320261487105502,0.008438010717002934,18.841367965769997,0.036799546808144526,2.171839328737312,0.004241873688940062,1.0405386423673058,10,512,0.986520006236167,512,88,217,421,501,0.171875,0.423828125,0.822265625,0.978515625,312.5,512.0,10000.0,208.36793548020282,1.4610690466149785,0.00285365048166988,2.771404408659034,0.005412899235662176,1.2122444891168451,0.002367665017806338,1.284665003504887,10.0,512.0,0.9827627671975977,512.0,3.0,8.0,143.0,422.0,0.005859375,0.015625,0.279296875,0.82421875,19.53125,3,60.21
layer4.0.conv3,conv,58,2048,1,False,512.0,0,4.0,4.0,160000,370.7674087497368,3.411645292445415,0.0016658424279518628,14.14136345990626,0.006904962626907354,1.891499337634083,0.0009235836609541421,6.5298955059651735,10,2048,0.7368667091546346,1264,62,155,355,483,0.0302734375,0.07568359375,0.17333984375,0.23583984375,78.125,2048.0,10000.0,146.4055955464642,1.3550491659561537,0.0006616451005645282,2.3731271319866645,0.0011587534824153635,1.166164617635788,0.0005694163172049746,5.819967213974514,10.0,2048.0,0.7656244107162906,1275.0,2.0,7.0,105.0,376.0,0.0009765625,0.00341796875,0.05126953125,0.18359375,4.8828125,3,60.21
layer4.0.downsample.0,conv,59,2048,1,False,1024.0,0,4.0,4.0,160000,6600.376684911766,4.377240391001276,0.002137324409668592,26.253811011304887,0.012819243657863714,2.133843784661584,0.001041915910479289,5.140175988400855,10,2048,0.5266409562110863,1525,155,323,679,944,0.07568359375,0.15771484375,0.33154296875,0.4609375,78.125,2048.0,10000.0,2290.327117205595,1.5535664642820182,0.0007585773751377042,3.428392217454947,0.0016740196374291734,1.2500898978008133,0.0006103954579105533,4.688878660317764,10.0,2048.0,0.5679899054701372,1533.0,5.0,18.0,277.0,752.0,0.00244140625,0.0087890625,0.13525390625,0.3671875,4.8828125,3,60.21
layer4.0,block,60,2048,1,False,,0,4.0,4.0,160000,825.9296590598536,14.70163740973458,0.007178533891471963,103.46402677595923,0.05051954432419884,4.4255141338370585,0.0021608955731626262,1.1791766110682085,10,2048,0.9777422594110288,2048,519,932,1668,1995,0.25341796875,0.455078125,0.814453125,0.97412109375,78.125,2048.0,10000.0,200.32058445681272,2.879282052955624,0.0014058994399197382,10.025407415838592,0.004895218464764937,1.7442010495457163,0.0008516606687234943,1.3442365105791003,10.0,2048.0,0.9665679183804304,2048.0,24.0,157.0,953.0,1797.0,0.01171875,0.07666015625,0.46533203125,0.87744140625,4.8828125,3,60.21
layer4.1.conv1,conv,61,512,1,False,512.0,0,4.0,4.0,160000,1966.5884019658724,12.106457032523313,0.023645423891647095,48.11757999402135,0.09397964842582295,4.256919022964799,0.008314294966728123,1.214306170972354,10,512,0.9681253329195414,512,149,253,421,499,0.291015625,0.494140625,0.822265625,0.974609375,312.5,512.0,10000.0,499.6838748961997,2.9971942948234407,0.005853895107077033,8.002631984006081,0.015630140593761877,1.8088548408331053,0.003532919611002159,1.3428369364030603,10.0,512.0,0.9747262363115139,512.0,12.0,49.0,270.0,462.0,0.0234375,0.095703125,0.52734375,0.90234375,19.53125,3,60.21
layer4.1.conv2,conv,62,512,1,False,512.0,0,4.0,4.0,160000,400.25962697834456,12.388636985143018,0.024196556611607457,49.74170280536874,0.09715176329173582,4.258565214541768,0.008317510184651891,1.0691335996709144,10,512,0.9904989182650936,512,162,285,448,505,0.31640625,0.556640625,0.875,0.986328125,312.5,512.0,10000.0,99.52188638298657,2.32898283291999,0.004548794595546856,5.5941706414681525,0.010926114534117485,1.5653957786468258,0.0030574136301695816,1.541151833794591,10.0,512.0,0.9602175269274873,512.0,8.0,25.0,197.0,423.0,0.015625,0.048828125,0.384765625,0.826171875,19.53125,3,60.21
layer4.1.conv3,conv,63,2048,1,False,512.0,0,4.0,4.0,160000,343.9383114085987,7.3495898193028975,0.003588666903956493,37.477904754102504,0.018299758180714113,2.873753700232836,0.0014032000489418144,6.869054489029257,10,2048,0.7212990218939714,1261,144,250,418,498,0.0703125,0.1220703125,0.2041015625,0.2431640625,78.125,2048.0,10000.0,108.97211066893551,1.7158029126737333,0.0008377943909539713,3.7367436691862883,0.0018245818697198673,1.320062595952937,0.000644561814430145,6.097617893469611,10.0,2048.0,0.7532866826280663,1276.0,5.0,16.0,192.0,430.0,0.00244140625,0.0078125,0.09375,0.2099609375,4.8828125,3,60.21
layer4.1,block,64,2048,1,False,,0,4.0,4.0,160000,1196.8720524426353,22.247059140708856,0.010862821846049246,152.62280871659397,0.0745228558186494,5.683642135677485,0.002775215886561272,1.1376274569022815,10,2048,0.9868495125288903,2048,623,1059,1747,2009,0.30419921875,0.51708984375,0.85302734375,0.98095703125,78.125,2048.0,10000.0,262.48622667385735,3.521967790998921,0.001719710835448692,12.803253339575097,0.006251588544714403,1.9699669161016373,0.0009618979082527526,1.2941507650674975,10.0,2048.0,0.9748476320371187,2048.0,35.0,211.0,1070.0,1850.0,0.01708984375,0.10302734375,0.5224609375,0.9033203125,4.8828125,3,60.21
layer4.2.conv1,conv,65,512,1,False,512.0,0,4.0,4.0,160000,2532.344634262262,20.836022729924156,0.04069535689438312,77.63760597277289,0.15163594916557205,6.390317093570317,0.012481088073379526,1.186142003060013,10,512,0.9675662962419664,512,193,292,439,502,0.376953125,0.5703125,0.857421875,0.98046875,312.5,512.0,10000.0,546.18118720961,4.155752282331227,0.008116703676428179,11.748747093716984,0.022946771667415985,2.227085580575918,0.00434977652456234,1.3138017266966258,10.0,512.0,0.9743715493896616,512.0,21.0,87.0,313.0,475.0,0.041015625,0.169921875,0.611328125,0.927734375,19.53125,3,60.21
layer4.2.conv2,conv,66,512,1,False,512.0,0,4.0,4.0,160000,347.00793008069036,13.404526549419224,0.02618071591683442,61.47776833157505,0.12007376627260752,4.325372392699481,0.008447992954491173,0.9689115882526456,10,512,0.9882525415938366,512,212,325,462,507,0.4140625,0.634765625,0.90234375,0.990234375,312.5,512.0,10000.0,85.6851156145918,2.6101455749696654,0.005097940576112628,6.591339058307843,0.012873709098257505,1.6697386655536506,0.003261208331159474,1.4951105806315859,10.0,512.0,0.9540020223640493,512.0,9.0,38.0,227.0,437.0,0.017578125,0.07421875,0.443359375,0.853515625,19.53125,3,60.21
layer4.2.conv3,conv,67,2048,1,False,512.0,0,4.0,4.0,160000,296.2134466697396,9.709013598626424,0.004740729296204308,53.33277902968434,0.026041396010588056,3.3487301873580866,0.0016351221617959407,6.996292620274982,10,2048,0.7132707003466991,1262,190,291,439,502,0.0927734375,0.14208984375,0.21435546875,0.2451171875,78.125,2048.0,10000.0,85.02111646631504,2.1115112235092455,0.0010310113396041238,5.208084673197594,0.0025430100943347627,1.476038699311226,0.0007207220211480596,6.253300707028933,10.0,2048.0,0.7443259190727778,1274.0,7.0,33.0,244.0,452.0,0.00341796875,0.01611328125,0.119140625,0.220703125,4.8828125,3,60.21
layer4.2,block,68,2048,1,False,,0,4.0,4.0,160000,1414.1483022857756,45.92188041518623,0.02242279317147765,267.38208286380967,0.13055765764834457,9.462443518335329,0.004620333749187172,1.1026343229442914,10,2048,0.9852295969092887,2048,789,1213,1814,2020,0.38525390625,0.59228515625,0.8857421875,0.986328125,78.125,2048.0,10000.0,237.1394070760752,8.08504107137408,0.003947773960631875,30.62335219831886,0.01495280869058538,3.602647208600491,0.0017591050823244584,1.2765152993119857,10.0,2048.0,0.9754129525222068,2048.0,133.0,436.0,1312.0,1920.0,0.06494140625,0.212890625,0.640625,0.9375,4.8828125,3,60.21
fc,linear,69,10,1,False,,0,,,10000,87.47486721940913,2.3495513418801117,0.23495513418801117,3.452586435636619,0.34525864356366187,1.61040800108061,0.16104080010806102,,10,10,,10,4,5,7,9,0.4,0.5,0.7,0.9,1000.0,,,,,,,,,,,,,,,,,,,,,,,,3,60.21
conv1,conv,0,64,1,False,27.0,0,32.0,32.0,160000,113.8558196509144,1.258401512716584,0.019662523636196624,1.7240111777302927,0.026937674652035823,1.1236139303961212,0.017556467662439394,13.330416507823172,10,64,0.9046234970804841,45,2,3,7,11,0.03125,0.046875,0.109375,0.171875,2500.0,64.0,10000.0,32.560466815830274,1.1025223483060258,0.017226911692281653,1.2486146249849035,0.019509603515389117,1.0509089426754377,0.016420452229303713,8.121787163673496,10.0,64.0,0.9411457493453941,42.0,1.0,1.0,3.0,3.0,0.015625,0.015625,0.046875,0.046875,156.25,5,70.83
layer1.0.conv1,conv,1,64,1,False,64.0,0,32.0,32.0,160000,25.861867312648673,5.346732656244393,0.08354269775381865,8.455900105847414,0.13212343915386585,2.8636485366087268,0.044744508384511356,5.579642773796199,10,64,0.8802589940809286,64,8,12,22,35,0.125,0.1875,0.34375,0.546875,2500.0,64.0,10000.0,4.082906545113827,2.041003999835817,0.03189068749743464,3.1371508778899817,0.049017982467030964,1.475886051054745,0.02306071954773039,6.384045126425637,10.0,64.0,0.9057687073020034,64.0,3.0,4.0,10.0,19.0,0.046875,0.0625,0.15625,0.296875,156.25,5,70.83
layer1.0.conv2,conv,2,64,1,False,64.0,0,32.0,32.0,160000,81.33094966560012,5.157839547341842,0.08059124292721628,10.5197404528746,0.16437094457616563,2.566245406005891,0.04009758446884205,2.086279414046363,10,64,0.9910149727427203,64,13,22,45,61,0.203125,0.34375,0.703125,0.953125,2500.0,64.0,10000.0,14.547964043530966,1.854592635599756,0.028978009931246187,2.76729434308246,0.043238974110663436,1.4046368502294286,0.021947450784834822,3.984818143241247,10.0,64.0,0.977597563739717,64.0,3.0,4.0,10.0,24.0,0.046875,0.0625,0.15625,0.375,156.25,5,70.83
layer1.0.conv3,conv,3,256,1,False,64.0,0,32.0,32.0,160000,31.228675076215804,7.555663242714036,0.029514309541851705,14.631780936564642,0.05715539428345563,3.507485997291163,0.013701117176918605,10.911443896704956,10,256,0.8033068842563009,157,18,28,49,62,0.0703125,0.109375,0.19140625,0.2421875,625.0,256.0,10000.0,4.41513702908248,2.234549696292331,0.008728709751141917,3.7495240240097667,0.014646578218788151,1.5494893088126698,0.006052692612549491,9.498531843427541,10.0,256.0,0.8591573445929632,159.0,4.0,6.0,16.0,39.0,0.015625,0.0234375,0.0625,0.15234375,39.0625,5,70.83
layer1.0.downsample.0,conv,4,256,1,False,64.0,0,32.0,32.0,160000,37.5986815579251,3.2955219301629266,0.012873132539698932,6.295624527625225,0.024592283311036037,1.9125252668220019,0.007470801823523445,9.73362198588603,10,256,0.8751356074719393,159,7,11,22,41,0.02734375,0.04296875,0.0859375,0.16015625,625.0,256.0,10000.0,8.225461827203873,1.7336334624008498,0.00677200571250332,2.5971100419428548,0.010144961101339276,1.337940862045856,0.005226331492366625,8.043088781964405,10.0,256.0,0.9261308042576355,158.0,3.0,4.0,7.0,17.0,0.01171875,0.015625,0.02734375,0.06640625,39.0625,5,70.83
layer1.0,block,5,256,1,False,,0,32.0,32.0,160000,127.83730920403144,8.82215874897273,0.03446155761317472,24.199054424386155,0.09452755634525842,3.4572469456597275,0.01350487088148331,1.6978161741700102,10,256,0.9955865250239677,256,38,74,176,244,0.1484375,0.2890625,0.6875,0.953125,625.0,256.0,10000.0,19.93448677492786,2.5923612242338008,0.010126411032163284,4.709691380435849,0.018397231954827536,1.6839086598161983,0.006577768202407025,2.472288411197619,10.0,256.0,0.9975842362870594,256.0,5.0,8.0,25.0,103.0,0.01953125,0.03125,0.09765625,0.40234375,39.0625,5,70.83
layer1.1.conv1,conv,6,64,1,False,64.0,0,32.0,32.0,160000,304.74261727850654,7.298074399582103,0.11403241249347036,13.838430359010383,0.21622547435953723,3.3215029043057607,0.05189848287977751,2.113957444640302,10,64,0.9845421910730638,64,16,26,47,62,0.25,0.40625,0.734375,0.96875,2500.0,64.0,10000.0,43.7002889754409,2.4567174929430426,0.03838621082723504,4.102997421839739,0.06410933471624593,1.6471486825458348,0.02573669816477867,2.994408396967812,10.0,64.0,0.9902583806659057,64.0,4.0,7.0,16.0,41.0,0.0625,0.109375,0.25,0.640625,156.25,5,70.83
layer1.1.conv2,conv,7,64,1,False,64.0,0,32.0,32.0,160000,56.49543212323589,10.484168892353578,0.16381513894302466,18.893067549472416,0.2952041804605065,4.86314875045567,0.07598669922586984,1.7445727056682914,10,64,0.9909371682817817,64,22,34,54,63,0.34375,0.53125,0.84375,0.984375,2500.0,64.0,10000.0,7.779826185535629,3.129944632685462,0.04890538488571034,4.729233606756007,0.07389427510556261,2.0737283011316987,0.03240200470518279,3.7612107191297217,10.0,64.0,0.9595026390248493,64.0,5.0,7.0,15.0,35.0,0.078125,0.109375,0.234375,0.546875,156.25,5,70.83
layer1.1.conv3,conv,8,256,1,False,64.0,0,32.0,32.0,160000,32.383535801706756,11.981518736257536,0.046802807563506,21.084262519056086,0.08236040046506284,4.921288213504309,0.019223782084001207,11.188059420916504,10,256,0.798177530166355,158,24,34,53,63,0.09375,0.1328125,0.20703125,0.24609375,625.0,256.0,10000.0,3.982291157336561,3.406966976306396,0.013308464751196859,5.529544813229903,0.02159978442667931,2.132435939725927,0.008329827889554402,9.766816504907395,10.0,256.0,0.8472964851452183,159.0,6.0,9.0,20.0,45.0,0.0234375,0.03515625,0.078125,0.17578125,39.0625,5,70.83
layer1.1,block,9,256,1,False,,0,32.0,32.0,160000,205.67704928561244,12.786827613704167,0.0499485453660319,34.29484565131751,0.13396424082545902,4.4838621067149065,0.017515086354355103,1.5832724781751972,10,256,0.9968124069608154,256,54,98,198,248,0.2109375,0.3828125,0.7734375,0.96875,625.0,256.0,10000.0,26.674846182052995,3.271811489244241,0.012780513629860317,6.124793680929521,0.023924975316130942,1.9550736451771265,0.00763700642647315,2.4104283267030775,10.0,256.0,0.9985378464274607,256.0,7.0,11.0,34.0,131.0,0.02734375,0.04296875,0.1328125,0.51171875,39.0625,5,70.83
layer1.2.conv1,conv,10,64,1,False,64.0,0,32.0,32.0,160000,462.2080383887746,8.952347681792942,0.13988043252801471,17.411684091207217,0.27205756392511277,3.8349347891511663,0.05992085608048697,1.9516599736131426,10,64,0.9788524192718087,64,21,32,52,63,0.328125,0.5,0.8125,0.984375,2500.0,64.0,10000.0,57.824240042340136,2.662351709139196,0.04159924545529994,4.878277585085098,0.07622308726695466,1.7088935232822662,0.02670146130128541,2.979529574617805,10.0,64.0,0.9891123174962013,64.0,6.0,9.0,21.0,46.0,0.09375,0.140625,0.328125,0.71875,156.25,5,70.83
layer1.2.conv2,conv,11,64,1,False,64.0,0,32.0,32.0,160000,64.42431816249064,4.808700813466787,0.07513595021041855,12.80157939296955,0.20002467801514923,2.3085394972016746,0.036070929643776166,1.5445792394149294,10,64,0.9911192592234023,64,22,34,55,63,0.34375,0.53125,0.859375,0.984375,2500.0,64.0,10000.0,13.3421483060561,1.4885360107040244,0.02325837516725038,2.341229686493157,0.03658171385145558,1.2276760543677667,0.019182438349496355,3.801621111330454,10.0,64.0,0.9582428832791434,64.0,3.0,5.0,12.0,30.0,0.046875,0.078125,0.1875,0.46875,156.25,5,70.83
layer1.2.conv3,conv,12,256,1,False,64.0,0,32.0,32.0,160000,36.480892785210926,4.155517554682331,0.016232490447977855,11.282201568087743,0.044071099875342745,2.1183306898637477,0.008274729257280265,10.796171211845126,10,256,0.8041734126517394,158,20,31,51,62,0.078125,0.12109375,0.19921875,0.2421875,625.0,256.0,10000.0,8.284230189817968,1.4076805274902893,0.0054987520605089425,2.200916480918387,0.00859733000358745,1.1905655397198704,0.004650646639530744,9.089702777467759,10.0,256.0,0.8633995723570793,159.0,3.0,5.0,13.0,36.0,0.01171875,0.01953125,0.05078125,0.140625,39.0625,5,70.83
layer1.2,block,13,256,1,False,,0,32.0,32.0,160000,284.6269786560857,12.048508167175964,0.04706448502803111,35.74912610528294,0.13964502384876148,4.107681587698289,0.01604563120194644,1.503076540450897,10,256,0.995997416616012,256,62,110,206,250,0.2421875,0.4296875,0.8046875,0.9765625,625.0,256.0,10000.0,42.84695393260992,2.6836958895248095,0.010483187068456287,5.243650918421336,0.020483011400083344,1.710022398252955,0.006679774993175605,2.3668324115206083,10.0,256.0,0.9987708071974233,256.0,6.0,10.0,33.0,130.0,0.0234375,0.0390625,0.12890625,0.5078125,39.0625,5,70.83
layer2.0.conv1,conv,14,128,1,False,128.0,0,32.0,32.0,160000,590.8193502152601,8.875564616531811,0.06934034856665477,21.412196993350015,0.167282789010547,3.5164517358101812,0.02747227918601704,2.003694280042861,10,128,0.9560215564933525,128,30,50,90,120,0.234375,0.390625,0.703125,0.9375,1250.0,128.0,10000.0,90.55618137704255,2.188905704729045,0.017100825818195664,4.204509747709554,0.03284773240398089,1.5099325366944607,0.011796347942925474,2.9073937212299072,10.0,128.0,0.9856464674366872,128.0,6.0,9.0,23.0,68.0,0.046875,0.0703125,0.1796875,0.53125,78.125,5,70.83
layer2.0.conv2,conv,15,128,1,False,128.0,0,16.0,16.0,160000,166.72133273312073,5.346212337947731,0.041767283890216646,15.385039615634895,0.12019562199714762,2.4652895833876673,0.01926007487021615,1.5534765065768783,10,128,0.9971587445150881,128,27,50,101,125,0.2109375,0.390625,0.7890625,0.9765625,1250.0,128.0,10000.0,37.93143359904404,1.6943858152323228,0.013237389181502522,2.9314823356798936,0.02290220574749917,1.3125631285656005,0.010254399441918754,2.5932530775939044,10.0,128.0,0.9960016222939706,128.0,4.0,6.0,16.0,58.0,0.03125,0.046875,0.125,0.453125,78.125,5,70.83
layer2.0.conv3,conv,16,512,1,False,128.0,0,16.0,16.0,160000,87.81774885634738,5.132864694362247,0.010025126356176264,15.07588665078793,0.029445091114820177,2.392050977050002,0.004671974564550785,8.711759771701352,10,512,0.7781699913162509,310,27,49,94,122,0.052734375,0.095703125,0.18359375,0.23828125,312.5,512.0,10000.0,21.755546694850604,1.6476076192024443,0.003217983631254774,2.8888141630325324,0.005642215162172915,1.2920613264843266,0.0025235572782897004,7.238887334624677,10.0,512.0,0.8464933252452906,319.0,4.0,6.0,18.0,66.0,0.0078125,0.01171875,0.03515625,0.12890625,19.53125,5,70.83
layer2.0.downsample.0,conv,17,512,1,False,256.0,0,16.0,16.0,160000,663.4888992155633,6.856153533348939,0.013390924869822147,20.692631414092318,0.04041529573064906,2.86215486554734,0.005590146221772148,6.759199453486181,10,512,0.5773002792096061,379,36,68,154,230,0.0703125,0.1328125,0.30078125,0.44921875,312.5,512.0,10000.0,119.7112957348582,2.149481153691064,0.0041982053783028595,4.052001427306548,0.007914065287708102,1.499654878052853,0.0029290134336969783,5.839225676748251,10.0,512.0,0.6832149095493226,382.0,5.0,8.0,27.0,113.0,0.009765625,0.015625,0.052734375,0.220703125,19.53125,5,70.83
layer2.0,block,18,512,1,False,,0,16.0,16.0,160000,309.09755035167706,11.96574639736924,0.0233705984323618,40.75814267363375,0.07960574740944092,4.093427705855385,0.007994975987998799,1.4080623575093156,10,512,0.9946170221403888,512,89,183,391,495,0.173828125,0.357421875,0.763671875,0.966796875,312.5,512.0,10000.0,55.857052920140895,2.6602882022749195,0.005195875395068202,5.544715172325391,0.01082952182094803,1.6833077473954492,0.0032877104441317367,1.987801880095999,10.0,512.0,0.9974034842952361,512.0,7.0,11.0,45.0,267.0,0.013671875,0.021484375,0.087890625,0.521484375,19.53125,5,70.83
layer2.1.conv1,conv,19,128,1,False,128.0,0,16.0,16.0,160000,767.6285850635624,8.350549304748615,0.06523866644334855,19.7334096620217,0.15416726298454453,3.425504514342114,0.026761754018297765,1.6892828294865812,10,128,0.9866483760465801,128,28,51,97,123,0.21875,0.3984375,0.7578125,0.9609375,1250.0,128.0,10000.0,155.35260497611574,2.44864682903907,0.019130053351867734,4.649625396420805,0.03632519840953754,1.6111238706200541,0.012586905239219173,2.4813435326114166,10.0,128.0,0.9963627321070718,128.0,6.0,8.0,23.0,78.0,0.046875,0.0625,0.1796875,0.609375,78.125,5,70.83
layer2.1.conv2,conv,20,128,1,False,128.0,0,16.0,16.0,160000,134.87154803796642,7.378957588271209,0.05764810615836882,23.21824188708412,0.18139251474284468,2.945927024450055,0.023015054878516055,1.5110075582092524,10,128,0.9955986127050517,128,41,67,109,126,0.3203125,0.5234375,0.8515625,0.984375,1250.0,128.0,10000.0,34.49884684475708,2.072739079558562,0.016193274059051264,3.692427936407647,0.02884709325318474,1.472086771518385,0.011500677902487383,2.9209774175572916,10.0,128.0,0.981879389181969,128.0,5.0,7.0,17.0,58.0,0.0390625,0.0546875,0.1328125,0.453125,78.125,5,70.83
layer2.1.conv3,conv,21,512,1,False,128.0,0,16.0,16.0,160000,84.80537974110273,6.006944234797846,0.011732312958589543,20.012030661762825,0.03908599738625552,2.587363265391544,0.00505344387771786,8.894692860747126,10,512,0.7748883328037075,314,39,63,104,125,0.076171875,0.123046875,0.203125,0.244140625,312.5,512.0,10000.0,22.803288400083687,1.8900587041166088,0.0036915209064777516,3.4344926101900133,0.00670799337927737,1.3952594514628123,0.0027251161161383052,7.357123722514623,10.0,512.0,0.8434693114724588,319.0,4.0,7.0,21.0,75.0,0.0078125,0.013671875,0.041015625,0.146484375,19.53125,5,70.83
layer2.1,block,22,512,1,False,,0,16.0,16.0,160000,495.13029831871955,12.538646902529713,0.024489544731503346,48.783066873956855,0.09527942748819698,4.077148394395197,0.007963180457803119,1.3666007238952156,10,512,0.9973365622713721,512,113,214,413,500,0.220703125,0.41796875,0.806640625,0.9765625,312.5,512.0,10000.0,100.65442343954778,2.6359229009574987,0.005148286915932615,5.468616022633239,0.010680890669205545,1.6791405112728146,0.003279571311079716,1.9416287723778227,10.0,512.0,0.9974546080316697,512.0,7.0,11.0,46.0,277.0,0.013671875,0.021484375,0.08984375,0.541015625,19.53125,5,70.83
layer2.2.conv1,conv,23,128,1,False,128.0,0,16.0,16.0,160000,1038.4301989895034,9.851648628656395,0.07696600491137809,25.505572709155242,0.19926228679027533,3.6740346412892673,0.0287033956350724,1.6135224541048592,10,128,0.9824985518212426,128,39,63,105,125,0.3046875,0.4921875,0.8203125,0.9765625,1250.0,128.0,10000.0,218.71853363046512,2.5375605720374015,0.0198246919690422,4.917318099692868,0.03841654765385053,1.6474210139630363,0.012870476671586221,2.42738828603026,10.0,128.0,0.9955621718199663,128.0,6.0,10.0,27.0,86.0,0.046875,0.078125,0.2109375,0.671875,78.125,5,70.83
layer2.2.conv2,conv,24,128,1,False,128.0,0,16.0,16.0,160000,153.89655296447222,4.23442381602006,0.03308143606265672,15.234493068146906,0.1190194770948977,2.111546857495545,0.016496459824183945,1.349773243209238,10,128,0.9955099595085402,128,38,66,109,126,0.296875,0.515625,0.8515625,0.984375,1250.0,128.0,10000.0,45.59699982926538,1.5528046276944223,0.012131286153862674,2.568669784566233,0.020067732691923697,1.254491212322946,0.009800712596273015,2.9065861988092148,10.0,128.0,0.9784302191693197,128.0,3.0,6.0,16.0,55.0,0.0234375,0.046875,0.125,0.4296875,78.125,5,70.83
layer2.2.conv3,conv,25,512,1,False,128.0,0,16.0,16.0,160000,102.13691240885801,3.4335442885229086,0.006706141188521306,12.03619486678336,0.02350819309918625,1.8848556649596488,0.003681358720624314,8.669710124834157,10,512,0.7779574131300239,315,33,57,101,124,0.064453125,0.111328125,0.197265625,0.2421875,312.5,512.0,10000.0,33.280652129625636,1.418217754295788,0.0027699565513589607,2.2555532193767562,0.004405377381595227,1.1955820197202287,0.0023351211322660717,7.134118610850454,10.0,512.0,0.8465455438710786,319.0,3.0,5.0,17.0,67.0,0.005859375,0.009765625,0.033203125,0.130859375,19.53125,5,70.83
layer2.2,block,26,512,1,False,,0,16.0,16.0,160000,713.5317034302792,10.043928163831094,0.019617047194982605,45.47494364902727,0.08881824931450638,3.4660752929402734,0.0067696783065239715,1.3160517763562014,10,512,0.9967658927776863,512,122,227,421,501,0.23828125,0.443359375,0.822265625,0.978515625,312.5,512.0,10000.0,157.75577853112955,2.282530792197749,0.004458067953511229,4.706341820504217,0.009192073868172298,1.5461779064245573,0.0030198787234854635,1.9135923032274045,10.0,512.0,0.9973906752677969,512.0,6.0,11.0,45.0,278.0,0.01171875,0.021484375,0.087890625,0.54296875,19.53125,5,70.83
layer2.3.conv1,conv,27,128,1,False,128.0,0,16.0,16.0,160000,1505.3925823385212,8.475590120030411,0.06621554781273759,23.898923769535987,0.1867103419494999,3.2654190492947914,0.025511086322615558,1.5773851015642175,10,128,0.984068149177905,128,40,64,105,125,0.3125,0.5,0.8203125,0.9765625,1250.0,128.0,10000.0,335.9787281201532,2.302195866786711,0.01798590520927118,4.485700704472241,0.03504453675368938,1.5548043767139517,0.012146909193077747,2.3889209358210337,10.0,128.0,0.997186167758302,128.0,6.0,9.0,27.0,86.0,0.046875,0.0703125,0.2109375,0.671875,78.125,5,70.83
layer2.3.conv2,conv,28,128,1,False,128.0,0,16.0,16.0,160000,156.9128809135345,3.960118455481322,0.03093842543344783,14.065976545609882,0.1098904417625772,2.035225255699726,0.01590019731015411,1.3204487617847571,10,128,0.9956316921296493,128,36,64,109,126,0.28125,0.5,0.8515625,0.984375,1250.0,128.0,10000.0,46.12820263067248,1.4960480659160904,0.011687875514969456,2.4749934931374873,0.01933588666513662,1.2289068747678573,0.009600834959123885,2.882253147615248,10.0,128.0,0.9754397362680226,128.0,3.0,6.0,16.0,56.0,0.0234375,0.046875,0.125,0.4375,78.125,5,70.83
layer2.3.conv3,conv,29,512,1,False,128.0,0,16.0,16.0,160000,87.82480011141064,4.291570812409124,0.00838197424298657,15.3037744335302,0.029890184440488674,2.1262934890886065,0.0041529169708761846,8.75453285003076,10,512,0.7749049689898961,313,37,62,103,124,0.072265625,0.12109375,0.201171875,0.2421875,312.5,512.0,10000.0,23.524159294808243,1.527886415205298,0.0029841531546978477,2.6482459344012415,0.005172355340627425,1.2415605392173228,0.0024249229281588336,7.295018836920968,10.0,512.0,0.8419837475725456,319.0,3.0,7.0,21.0,76.0,0.005859375,0.013671875,0.041015625,0.1484375,19.53125,5,70.83
layer2.3,block,30,512,1,False,,0,16.0,16.0,160000,931.2936643435739,9.769523876929409,0.01908110132212775,46.673390015577866,0.09115896487417552,3.3785348909554593,0.0065987009588973815,1.2719426691034381,10,512,0.9965213317138774,512,133,241,428,502,0.259765625,0.470703125,0.8359375,0.98046875,312.5,512.0,10000.0,202.64257680438251,2.1994467872290953,0.004295794506306827,4.649216065174948,0.00908050012729482,1.5103190054664613,0.002949841807551682,1.8946021106515842,10.0,512.0,0.9972418686704296,512.0,7.0,11.0,49.0,292.0,0.013671875,0.021484375,0.095703125,0.5703125,19.53125,5,70.83
layer3.0.conv1,conv,31,256,1,False,256.0,0,16.0,16.0,160000,1824.6280055651398,9.872731829709021,0.038565358709800865,31.65266920043784,0.1236432390642103,3.561132095322525,0.013910672247353614,1.7025145363292495,10,256,0.9487361398285199,256,60,102,185,241,0.234375,0.3984375,0.72265625,0.94140625,625.0,256.0,10000.0,372.3457083591714,2.50314920475137,0.00977792658106004,5.109227807960486,0.019957921124845648,1.630885991948623,0.006370648406049308,2.3701438351577004,10.0,256.0,0.9838564878609403,256.0,7.0,11.0,35.0,141.0,0.02734375,0.04296875,0.13671875,0.55078125,39.0625,5,70.83
layer3.0.conv2,conv,32,256,1,False,256.0,0,8.0,8.0,160000,363.1831073982486,5.189703729112834,0.020272280191847007,18.750215441554953,0.07324302906857404,2.3843003259002455,0.009313673148047834,1.3176360093652284,10,256,0.9930486982019255,256,43,98,204,250,0.16796875,0.3828125,0.796875,0.9765625,625.0,256.0,10000.0,100.52896844518433,1.7704681378884386,0.006915891163626713,3.2648268158730507,0.012753229749504104,1.345031747619531,0.005254030264138793,1.8321808648837854,10.0,256.0,0.9902233254876287,256.0,4.0,8.0,28.0,160.0,0.015625,0.03125,0.109375,0.625,39.0625,5,70.83
layer3.0.conv3,conv,33,1024,1,False,256.0,0,8.0,8.0,160000,224.39696100481854,4.239512174432753,0.004140148607844485,15.626005398954259,0.015259770897416269,2.1227367484719295,0.0020729851059296187,7.216891054767996,10,1024,0.7604343967313443,628,39,86,185,244,0.0380859375,0.083984375,0.1806640625,0.23828125,156.25,1024.0,10000.0,61.559326754215775,1.6754247488699303,0.0016361569813182913,3.077560448327336,0.0030054301253196643,1.3046678711466095,0.0012740897179166109,6.422611958639701,10.0,1024.0,0.804830038157264,638.0,4.0,8.0,32.0,163.0,0.00390625,0.0078125,0.03125,0.1591796875,9.765625,5,70.83
layer3.0.downsample.0,conv,34,1024,1,False,512.0,0,8.0,8.0,160000,2228.081385659938,5.817179524087127,0.005680839378991335,23.607257146928664,0.023053962057547523,2.5462784013025805,0.0024866000012720513,5.598266879869501,10,1024,0.5562876469772478,760,64,138,318,464,0.0625,0.134765625,0.310546875,0.453125,156.25,1024.0,10000.0,585.1621644846416,1.9096517841094038,0.0018648943204193397,3.829259088547902,0.0037395108286600604,1.3985202509915884,0.001365742432608973,5.082149964242552,10.0,1024.0,0.6254691950521181,766.0,5.0,9.0,53.0,284.0,0.0048828125,0.0087890625,0.0517578125,0.27734375,9.765625,5,70.83
layer3.0,block,35,1024,1,False,,0,8.0,8.0,160000,792.2890610792737,8.08649903647732,0.007896971715309883,42.39606250779942,0.04140240479277287,3.052809911381386,0.0029812596790833846,1.2606726011430414,10,1024,0.9929963183716695,1024,161,363,790,991,0.1572265625,0.3544921875,0.771484375,0.9677734375,156.25,1024.0,10000.0,182.0529894685234,2.200296629380135,0.002148727177129038,4.956030086816731,0.004839873131656964,1.5104819207628601,0.0014750800007449806,1.552787639798176,10.0,1024.0,0.992974867250449,1024.0,7.0,13.0,125.0,710.0,0.0068359375,0.0126953125,0.1220703125,0.693359375,9.765625,5,70.83
layer3.1.conv1,conv,36,256,1,False,256.0,0,8.0,8.0,160000,1935.9229797884796,6.8224850513563515,0.026650332231860748,21.719625653035976,0.08484228770717178,2.8833541366216617,0.011263102096178366,1.4656178706986283,10,256,0.9839763705423565,256,44,93,192,246,0.171875,0.36328125,0.75,0.9609375,625.0,256.0,10000.0,439.38957322068717,2.3401839490937557,0.009141343551147483,4.78989274824061,0.018710518547814883,1.5687152919659886,0.006127794109242143,1.855920406416408,10.0,256.0,0.9901840657265922,256.0,6.0,10.0,48.0,184.0,0.0234375,0.0390625,0.1875,0.71875,39.0625,5,70.83
layer3.1.conv2,conv,37,256,1,False,256.0,0,8.0,8.0,160000,311.9436973122154,8.915017256780787,0.03482428615929995,31.385759280988797,0.12260062219136249,3.2762240933712357,0.01279775036473139,1.4096810818103473,10,256,0.9976328225641388,256,62,116,212,251,0.2421875,0.453125,0.828125,0.98046875,625.0,256.0,10000.0,74.39074566537816,1.9348166674076441,0.00755787760706111,3.6642141352529816,0.01431333646583196,1.4129974766645628,0.005519521393220948,2.1850679664993438,10.0,256.0,0.9776040743143182,256.0,5.0,8.0,33.0,144.0,0.01953125,0.03125,0.12890625,0.5625,39.0625,5,70.83
layer3.1.conv3,conv,38,1024,1,False,256.0,0,8.0,8.0,160000,213.16316834677122,5.268801390825156,0.0051453138582276915,23.1745542092774,0.02263140059499746,2.3618862668648783,0.0023065295574852328,7.392292107291658,10,1024,0.7545979840601135,629,65,116,203,248,0.0634765625,0.11328125,0.1982421875,0.2421875,156.25,1024.0,10000.0,58.66613560418978,1.5094010705650809,0.0014740244829737118,2.6969104817501504,0.002633701642334131,1.2339504333534224,0.0012050297200717015,6.470729879477867,10.0,1024.0,0.8010321824867614,638.0,3.0,7.0,41.0,175.0,0.0029296875,0.0068359375,0.0400390625,0.1708984375,9.765625,5,70.83
layer3.1,block,39,1024,1,False,,0,8.0,8.0,160000,1292.7663565588177,7.210925850310498,0.007041919775693846,45.73765988708342,0.0446656834834799,2.7968869129328953,0.0027313348759110305,1.2354569255930332,10,1024,0.9965739477669381,1024,194,405,822,998,0.189453125,0.3955078125,0.802734375,0.974609375,156.25,1024.0,10000.0,304.6019070288214,1.8850146975740734,0.001840834665599681,4.123410088365462,0.004026767664419397,1.3867538076977841,0.0013542517653298673,1.5089267131239175,10.0,1024.0,0.9948024088537489,1024.0,6.0,12.0,128.0,725.0,0.005859375,0.01171875,0.125,0.7080078125,9.765625,5,70.83
layer3.2.conv1,conv,40,256,1,False,256.0,0,8.0,8.0,160000,2617.886351107751,7.2798703224468735,0.0284369934470581,27.751552012153088,0.108404500047473,2.8996252525994493,0.011326661142966599,1.4303379392488538,10,256,0.9830571929347611,256,65,115,205,249,0.25390625,0.44921875,0.80078125,0.97265625,625.0,256.0,10000.0,617.4773433694971,1.955252306132201,0.00763770432082891,4.056240795088488,0.015844690605814407,1.4150439229304903,0.005527515323947228,1.7928378842738768,10.0,256.0,0.9905717947986359,256.0,6.0,11.0,56.0,193.0,0.0234375,0.04296875,0.21875,0.75390625,39.0625,5,70.83
layer3.2.conv2,conv,41,256,1,False,256.0,0,8.0,8.0,160000,326.9799463069294,5.028561553668148,0.0196428185690162,20.74553243247345,0.08103723606434941,2.326256729816177,0.009086940350844442,1.251512774878365,10,256,0.9958327620054509,256,60,119,214,251,0.234375,0.46484375,0.8359375,0.98046875,625.0,256.0,10000.0,91.54980088997472,1.414336901912556,0.005524753523095922,2.4025767046598343,0.009385065252577478,1.1923847520021953,0.004657752937508575,2.12991531216844,10.0,256.0,0.9733329668450355,256.0,3.0,6.0,28.0,138.0,0.01171875,0.0234375,0.109375,0.5390625,39.0625,5,70.83
layer3.2.conv3,conv,42,1024,1,False,256.0,0,8.0,8.0,160000,248.28261686609616,3.3754243846766845,0.0032963128756608247,13.942008738892216,0.01361524290907443,1.8655994382631005,0.001821874451428809,7.1158054577540195,10,1024,0.7567206057230139,631,52,103,196,247,0.05078125,0.1005859375,0.19140625,0.2412109375,156.25,1024.0,10000.0,78.66745186088427,1.2471910123100998,0.0012179599729590818,1.9087161086839892,0.0018639805748867082,1.1177232986059646,0.0010915266587948873,6.236677625791009,10.0,1024.0,0.8057645530701245,638.0,2.0,4.0,28.0,159.0,0.001953125,0.00390625,0.02734375,0.1552734375,9.765625,5,70.83
layer3.2,block,43,1024,1,False,,0,8.0,8.0,160000,1972.281991847175,5.4323185917061645,0.005304998624713051,36.07313894994898,0.03522767475580955,2.3840957659982283,0.0023282185214826448,1.2024275750567872,10,1024,0.9953972973584981,1024,187,400,819,998,0.1826171875,0.390625,0.7998046875,0.974609375,156.25,1024.0,10000.0,511.28894138129164,1.5861862658305812,0.001549010025225177,3.171518653016202,0.0030971861845861346,1.2649867708930016,0.0012353386434501969,1.4946055046900233,10.0,1024.0,0.9950536114940292,1024.0,4.0,10.0,100.0,692.0,0.00390625,0.009765625,0.09765625,0.67578125,9.765625,5,70.83
layer3.3.conv1,conv,44,256,1,False,256.0,0,8.0,8.0,160000,3997.7019809595504,5.2500053161966465,0.02050783326639315,22.128558323018893,0.08643968094929255,2.3675231913077845,0.009248137466046033,1.39424584581831,10,256,0.9813233128075864,256,61,113,204,248,0.23828125,0.44140625,0.796875,0.96875,625.0,256.0,10000.0,1059.0552353277772,1.6146035486568964,0.0063070451119410014,3.069990836604299,0.011992151705485543,1.277552142599119,0.0049904380570278085,1.7800901633689175,10.0,256.0,0.9914176363386653,256.0,4.0,9.0,46.0,185.0,0.015625,0.03515625,0.1796875,0.72265625,39.0625,5,70.83
layer3.3.conv2,conv,45,256,1,False,256.0,0,8.0,8.0,160000,315.444262627369,4.144176927454976,0.016188191122871,17.79554629460455,0.06951385271329902,2.0804111368654845,0.008126606003380799,1.2159038187464697,10,256,0.9952574449092875,256,59,119,215,251,0.23046875,0.46484375,0.83984375,0.98046875,625.0,256.0,10000.0,94.71839423970572,1.3510310233993643,0.005277464935153767,2.2056382575047166,0.0086157744433778,1.1646036082210267,0.004549232844613386,2.1343056004682825,10.0,256.0,0.97288124391507,256.0,3.0,6.0,26.0,134.0,0.01171875,0.0234375,0.1015625,0.5234375,39.0625,5,70.83
layer3.3.conv3,conv,46,1024,1,False,256.0,0,8.0,8.0,160000,263.8486528715765,2.9327698199133496,0.0028640330272591305,11.976479928704572,0.011695781180375559,1.7285058103538986,0.0016879939554237291,7.041937201156495,10,1024,0.7569687312645821,630,49,101,195,246,0.0478515625,0.0986328125,0.1904296875,0.240234375,156.25,1024.0,10000.0,88.52142603800264,1.2252510021900274,0.0011965341818261986,1.8240741996557326,0.0017813224606013014,1.1077639702932751,0.0010818007522395265,6.17315266870951,10.0,1024.0,0.8066891273119452,637.0,1.0,4.0,25.0,154.0,0.0009765625,0.00390625,0.0244140625,0.150390625,9.765625,5,70.83
layer3.3,block,47,1024,1,False,,0,8.0,8.0,160000,2868.7353557317433,4.091312966064872,0.0039954228184227265,26.35868645482813,0.025740904741043097,2.0489979874981157,0.0020009745971661286,1.1694855629036285,10,1024,0.9943410651831006,1024,166,381,810,997,0.162109375,0.3720703125,0.791015625,0.9736328125,156.25,1024.0,10000.0,844.3092869116863,1.4096658157432969,0.0013766267731868133,2.5326732004050037,0.0024733136722705114,1.1900777338367305,0.0011621852869499322,1.4839981280384948,10.0,1024.0,0.9947450880530266,1024.0,3.0,8.0,69.0,641.0,0.0029296875,0.0078125,0.0673828125,0.6259765625,9.765625,5,70.83
layer3.4.conv1,conv,48,256,1,False,256.0,0,8.0,8.0,160000,5222.2073177071625,4.410318037789791,0.01722780483511637,19.52673234232695,0.07627629821221465,2.143705487442047,0.008373849560320496,1.3540025915686311,10,256,0.9820482247865595,256,62,115,205,249,0.2421875,0.44921875,0.80078125,0.97265625,625.0,256.0,10000.0,1385.689962410343,1.487637311506345,0.00581108324807166,2.7238139662436156,0.010639898305639123,1.223643017825193,0.00477985553837966,1.7510581650520123,10.0,256.0,0.9917260815471345,256.0,3.0,8.0,46.0,186.0,0.01171875,0.03125,0.1796875,0.7265625,39.0625,5,70.83
layer3.4.conv2,conv,49,256,1,False,256.0,0,8.0,8.0,160000,398.0724692314871,2.8761106774073486,0.011234807333622455,10.988540543965742,0.04292398649986618,1.71753868655993,0.006709135494374727,1.1604180698138264,10,256,0.99497557709193,256,43,102,208,250,0.16796875,0.3984375,0.8125,0.9765625,625.0,256.0,10000.0,132.8282974246736,1.1972328943751913,0.004676690993653091,1.7081715749852027,0.006672545214785948,1.0949317372788467,0.004277077098745495,2.117517722337041,10.0,256.0,0.9684020713474659,256.0,1.0,3.0,19.0,118.0,0.00390625,0.01171875,0.07421875,0.4609375,39.0625,5,70.83
layer3.4.conv3,conv,50,1024,1,False,256.0,0,8.0,8.0,160000,307.1999292622447,2.437086556422669,0.002379967340256513,8.709590627100038,0.008505459596777381,1.5733423569959284,0.0015364671455038363,6.9001167112022666,10,1024,0.7596950547416146,630,37,85,184,244,0.0361328125,0.0830078125,0.1796875,0.23828125,156.25,1024.0,10000.0,116.7383574540083,1.1327889049949476,0.0011062391650341285,1.5079621656195714,0.0014726193023628627,1.0646115309392215,0.0010396596981828334,5.965473527419969,10.0,1024.0,0.8109822057275766,639.0,1.0,2.0,17.0,132.0,0.0009765625,0.001953125,0.0166015625,0.12890625,9.765625,5,70.83
layer3.4,block,51,1024,1,False,,0,8.0,8.0,160000,3934.0092447665234,3.377109588706031,0.0032979585827207334,20.12643718190161,0.019654723810450792,1.8549440417857979,0.0018114687908064432,1.1463855975169759,10,1024,0.9936058198069483,1024,141,356,797,995,0.1376953125,0.34765625,0.7783203125,0.9716796875,156.25,1024.0,10000.0,1326.13204798552,1.2809199165201388,0.001250898355976698,2.0735996458414814,0.0020249996541420717,1.13303729130046,0.0011064817297856055,1.4768752486485366,10.0,1024.0,0.994459039846653,1024.0,2.0,5.0,46.0,582.0,0.001953125,0.0048828125,0.044921875,0.568359375,9.765625,5,70.83
layer3.5.conv1,conv,52,256,1,False,256.0,0,8.0,8.0,160000,7211.719628846237,3.3600758333007485,0.013125296223831049,14.316094998361631,0.05592224608735012,1.8551301485657887,0.007246602142835112,1.3230245084999164,10,256,0.9801461401209591,256,53,106,201,248,0.20703125,0.4140625,0.78515625,0.96875,625.0,256.0,10000.0,2380.0663207578637,1.289845870002081,0.005038460429695629,2.0549218921168126,0.0080270386410813,1.1370799295855434,0.004441718474943529,1.7355903785092108,10.0,256.0,0.991793119045243,256.0,2.0,5.0,31.0,169.0,0.0078125,0.01953125,0.12109375,0.66015625,39.0625,5,70.83
layer3.5.conv2,conv,53,256,1,False,256.0,0,8.0,8.0,160000,439.1324963885264,2.501707320139076,0.009772294219293265,8.612851341776967,0.033643950553816276,1.5999947438370956,0.006249979468113655,1.1465578906959684,10,256,0.994364055034707,256,33,89,202,249,0.12890625,0.34765625,0.7890625,0.97265625,625.0,256.0,10000.0,168.39733601442026,1.128522313306163,0.004408290286352199,1.4900191940856027,0.0058203874768968855,1.06255899832995,0.004150621087226367,2.145650232887794,10.0,256.0,0.9670448078972331,256.0,1.0,2.0,15.0,104.0,0.00390625,0.0078125,0.05859375,0.40625,39.0625,5,70.83
layer3.5.conv3,conv,54,1024,1,False,256.0,0,8.0,8.0,160000,318.30978245712305,2.298908025676325,0.002245027368824536,7.500289110247222,0.007324501084225802,1.5305228085316915,0.00149465118020673,6.813022958461057,10,1024,0.7623065501629417,630,29,76,177,242,0.0283203125,0.07421875,0.1728515625,0.236328125,156.25,1024.0,10000.0,124.72002815091201,1.1008669953344727,0.001075065425131321,1.4054155280473593,0.0013724761016087493,1.0493450876308306,0.001024751062139483,5.919513186689701,10.0,1024.0,0.8137272411457341,637.0,1.0,1.0,15.0,123.0,0.0009765625,0.0009765625,0.0146484375,0.1201171875,9.765625,5,70.83
layer3.5,block,55,1024,1,False,,0,8.0,8.0,160000,5444.57029386633,2.7862796562549175,0.002720976226811443,14.519606784179311,0.014179303500175109,1.6811564547926579,0.001641754350383455,1.126423508527417,10,1024,0.9930294295335788,1024,104,313,773,992,0.1015625,0.3056640625,0.7548828125,0.96875,156.25,1024.0,10000.0,1894.8813251702936,1.211102211889527,0.0011827170037983661,1.8268011292125559,0.0017839854777466366,1.1011489527900649,0.0010753407742090477,1.4699893122019372,10.0,1024.0,0.9938855104980517,1024.0,1.0,4.0,34.0,534.0,0.0009765625,0.00390625,0.033203125,0.521484375,9.765625,5,70.83
layer4.0.conv1,conv,56,512,1,False,512.0,0,8.0,8.0,160000,10500.161335112785,2.6719698032287296,0.0052186910219311124,11.17282689328078,0.021821927525939023,1.646343231026175,0.003215514123097998,1.5010548409133497,10,512,0.9391071375648058,512,48,130,322,467,0.09375,0.25390625,0.62890625,0.912109375,312.5,512.0,10000.0,3735.9309733165733,1.2206677782765405,0.002384116754446368,1.8219510796226608,0.0035584982023880093,1.1055936456172257,0.002159362589096144,1.8416241887996023,10.0,512.0,0.9684247907623812,512.0,1.0,4.0,25.0,234.0,0.001953125,0.0078125,0.048828125,0.45703125,19.53125,5,70.83
layer4.0.conv2,conv,57,512,1,False,512.0,0,4.0,4.0,160000,1734.8269464326538,2.002343067516412,0.003910826303742992,4.949354924639111,0.009666708837185763,1.4378248534002924,0.002808251666797446,1.1773622054590176,10,512,0.9859099596008977,512,9,31,277,475,0.017578125,0.060546875,0.541015625,0.927734375,312.5,512.0,10000.0,738.6691483864165,1.1141296564069394,0.0021760344851698035,1.4446906011985332,0.002821661330465885,1.0557440222795857,0.002062000043514816,1.3542018549405732,10.0,512.0,0.9830143453357973,512.0,1.0,2.0,14.0,270.0,0.001953125,0.00390625,0.02734375,0.52734375,19.53125,5,70.83
layer4.0.conv3,conv,58,2048,1,False,512.0,0,4.0,4.0,160000,1451.8944082933217,1.518159580379762,0.0007412888576073057,2.914636241845581,0.0014231622274636627,1.2393839988471376,0.0006051679681870789,5.556301855520194,10,2048,0.7666727325998997,1268,3,11,147,407,0.00146484375,0.00537109375,0.07177734375,0.19873046875,78.125,2048.0,10000.0,691.6020108327914,1.0588348731897987,0.0005170092154247064,1.2401102491475422,0.0006055225825915733,1.029053639858806,0.0005024675975873076,4.819953824180643,10.0,2048.0,0.797797279552769,1278.0,1.0,1.0,6.0,156.0,0.00048828125,0.00048828125,0.0029296875,0.076171875,4.8828125,5,70.83
layer4.0.downsample.0,conv,59,2048,1,False,1024.0,0,4.0,4.0,160000,21822.968305578343,1.534977870505614,0.0007495009133328194,3.7990423609039623,0.0018550011527851378,1.2412058894879887,0.000606057563226557,4.4618041131803645,10,2048,0.5627458976618717,1526,9,46,398,830,0.00439453125,0.0224609375,0.1943359375,0.4052734375,78.125,2048.0,10000.0,9919.407429267705,1.0895258753821186,0.0005319950563389251,1.3860800710488241,0.0006767969096918087,1.0439049335249047,0.0005097192058227074,4.005624817588493,10.0,2048.0,0.6109688055959133,1534.0,1.0,1.0,19.0,441.0,0.00048828125,0.00048828125,0.00927734375,0.21533203125,4.8828125,5,70.83
layer4.0,block,60,2048,1,False,,0,4.0,4.0,160000,1507.324588717216,3.022526383405937,0.00147584296064743,14.523932052108767,0.007091763697318734,1.7689243174814309,0.0008637325768952299,1.2312294794533143,10,2048,0.984395910450679,2048,81,357,1275,1922,0.03955078125,0.17431640625,0.62255859375,0.9384765625,78.125,2048.0,10000.0,534.284780400595,1.305940833654196,0.0006376664226827129,2.3184142694264596,0.0011320382174933885,1.144048072281801,0.0005586172227938481,1.3653854694654033,10.0,2048.0,0.9717140618687383,2048.0,2.0,7.0,237.0,1386.0,0.0009765625,0.00341796875,0.11572265625,0.6767578125,4.8828125,5,70.83
layer4.1.conv1,conv,61,512,1,False,512.0,0,4.0,4.0,160000,3351.1524214408932,3.0356211487684006,0.0059289475561882824,10.66708918042274,0.020834158555513165,1.7820720330873552,0.0034806094396237406,1.3323736060252054,10,512,0.9783332465156604,512,29,102,328,479,0.056640625,0.19921875,0.640625,0.935546875,312.5,512.0,10000.0,1153.9346774551302,1.359104972566743,0.00265450189954442,2.340802243320369,0.004571879381485095,1.1681195434793714,0.0022814834833581473,1.4193675144950726,10.0,512.0,0.9791309654814083,512.0,2.0,6.0,79.0,375.0,0.00390625,0.01171875,0.154296875,0.732421875,19.53125,5,70.83
layer4.1.conv2,conv,62,512,1,False,512.0,0,4.0,4.0,160000,1130.7351842818337,3.2902040397637196,0.006426179765163515,10.328143575586864,0.020172155421068094,1.8835040142841963,0.003678718777898821,1.2750542445410376,10,512,0.9944973549243041,512,23,74,327,485,0.044921875,0.14453125,0.638671875,0.947265625,312.5,512.0,10000.0,431.94309322146177,1.2130456998119052,0.0023692298824451274,1.7727427432297962,0.0034623881703706957,1.1022656404207924,0.0021528625789468602,1.645364902584217,10.0,512.0,0.9699521479520855,512.0,1.0,4.0,22.0,258.0,0.001953125,0.0078125,0.04296875,0.50390625,19.53125,5,70.83
layer4.1.conv3,conv,63,2048,1,False,512.0,0,4.0,4.0,160000,1350.3736047707275,1.8044041780533235,0.0008810567275650994,4.322792169976548,0.0021107383642463614,1.3531190556621209,0.00066070266389752,5.75216695273669,10,2048,0.7562822490213787,1268,7,28,220,445,0.00341796875,0.013671875,0.107421875,0.21728515625,78.125,2048.0,10000.0,670.5814390379179,1.0768483438184342,0.0005258048553800948,1.3044292950839236,0.0006369283667401971,1.03781903464928,0.0005067475755123437,4.87255452010411,10.0,2048.0,0.7923740375710878,1278.0,1.0,1.0,8.0,186.0,0.00048828125,0.00048828125,0.00390625,0.0908203125,4.8828125,5,70.83
layer4.1,block,64,2048,1,False,,0,4.0,4.0,160000,2185.6422773744525,3.6383187884770427,0.001776522845936056,19.27886744642324,0.009413509495323848,1.9481759879490308,0.0009512578066157377,1.2043961863264103,10,2048,0.9909638153019501,2048,108,418,1365,1946,0.052734375,0.2041015625,0.66650390625,0.9501953125,78.125,2048.0,10000.0,810.8929624785088,1.320597411502077,0.0006448229548349986,2.3406445546554435,0.0011428928489528533,1.1507247039743311,0.0005618772968624664,1.3234850061649717,10.0,2048.0,0.9776419380793573,2048.0,2.0,7.0,211.0,1401.0,0.0009765625,0.00341796875,0.10302734375,0.68408203125,4.8828125,5,70.83
layer4.2.conv1,conv,65,512,1,False,512.0,0,4.0,4.0,160000,4114.002733402967,4.244199762999986,0.008289452662109347,16.641411088966958,0.03250275603313859,2.1415281992412876,0.00418267226414314,1.3227010446473237,10,512,0.9811055009325198,512,51,143,359,487,0.099609375,0.279296875,0.701171875,0.951171875,312.5,512.0,10000.0,1360.691778034334,1.4293887335861548,0.0027917748702854586,2.6275319697404647,0.005131898378399345,1.1985214798195263,0.0023408622652725123,1.3948116142474987,10.0,512.0,0.9789740336474235,512.0,3.0,8.0,103.0,393.0,0.005859375,0.015625,0.201171875,0.767578125,19.53125,5,70.83
layer4.2.conv2,conv,66,512,1,False,512.0,0,4.0,4.0,160000,1055.640522880348,3.009017813883153,0.005876987917740533,9.85292794092574,0.019243999884620586,1.7851436193230124,0.0034866086314902585,1.206058968097743,10,512,0.9924127375970402,512,24,88,347,489,0.046875,0.171875,0.677734375,0.955078125,312.5,512.0,10000.0,423.9369130507776,1.222760461298829,0.0023882040259742754,1.8074455205268543,0.003530167032279012,1.1066160642895726,0.0021613595005655715,1.6093044760864108,10.0,512.0,0.9636159055930467,512.0,1.0,4.0,21.0,262.0,0.001953125,0.0078125,0.041015625,0.51171875,19.53125,5,70.83
layer4.2.conv3,conv,67,2048,1,False,512.0,0,4.0,4.0,160000,1132.1705255562288,1.8675337827708454,0.0009118817298685768,4.692839938947442,0.0022914257514391806,1.3778881310441584,0.0006727969389864055,5.808096902328833,10,2048,0.7505822101500128,1265,9,35,249,456,0.00439453125,0.01708984375,0.12158203125,0.22265625,78.125,2048.0,10000.0,535.87558610464,1.1117205795907452,0.0005428323142532936,1.4218550187187888,0.0006942651458587836,1.0545980098051102,0.0005149404344751515,4.97495966340288,10.0,2048.0,0.7851689820456885,1279.0,1.0,2.0,10.0,217.0,0.00048828125,0.0009765625,0.0048828125,0.10595703125,4.8828125,5,70.83
layer4.2,block,68,2048,1,False,,0,4.0,4.0,160000,1445.6028808761494,19.068181672885302,0.009310635582463526,105.44839834991325,0.05148847575679358,5.600030786931256,0.0027343900326812776,1.167167554052568,10,2048,0.9908955463803171,2048,466,901,1677,2001,0.2275390625,0.43994140625,0.81884765625,0.97705078125,78.125,2048.0,10000.0,310.23005661551855,3.8684658244290744,0.001888899328334509,11.520762472845812,0.005625372301194244,2.123921246481909,0.0010370709211337445,1.3076822797647478,10.0,2048.0,0.978817360919671,2048.0,16.0,97.0,888.0,1794.0,0.0078125,0.04736328125,0.43359375,0.8759765625,4.8828125,5,70.83
fc,linear,69,10,1,False,,0,,,10000,136.59782609367556,2.527412208974598,0.2527412208974598,3.767461317218563,0.3767461317218563,1.6805960827010724,0.16805960827010724,,10,10,,10,4,6,8,9,0.4,0.6,0.8,0.9,1000.0,,,,,,,,,,,,,,,,,,,,,,,,5,70.83
conv1,conv,0,64,1,False,27.0,0,32.0,32.0,160000,92.74111653520598,1.366838212153267,0.021356847064894796,1.995528756203813,0.03118013681568458,1.172595911609445,0.01832181111889758,13.682514099613561,10,64,0.9166303342747796,46,3,4,8,12,0.046875,0.0625,0.125,0.1875,2500.0,64.0,10000.0,25.774480219459303,1.1423962827387066,0.01784994191779229,1.3286650496109955,0.020760391400171805,1.0704698880837822,0.016726092001309097,8.47222654589633,10.0,64.0,0.91804799638236,43.0,1.0,2.0,3.0,3.0,0.015625,0.03125,0.046875,0.046875,156.25,7,75.35
layer1.0.conv1,conv,1,64,1,False,64.0,0,32.0,32.0,160000,21.331758128854748,5.802848774951896,0.09066951210862338,8.794254665077688,0.13741022914183887,3.1823773615904587,0.04972464627485092,5.447531321559115,10,64,0.885288596291745,64,8,11,21,36,0.125,0.171875,0.328125,0.5625,2500.0,64.0,10000.0,2.8738473405657894,2.128138001176416,0.0332521562683815,3.3176357245344836,0.05183805819585131,1.5090416952179342,0.02357877648778022,6.16795630300348,10.0,64.0,0.9054099380781166,64.0,4.0,5.0,10.0,20.0,0.0625,0.078125,0.15625,0.3125,156.25,7,75.35
layer1.0.conv2,conv,2,64,1,False,64.0,0,32.0,32.0,160000,61.56667528299551,6.298788703330892,0.09841857348954519,11.956937864684319,0.18682715413569248,3.036602697737854,0.04744691715215397,2.203429195920596,10,64,0.9936074501017524,64,14,22,45,61,0.21875,0.34375,0.703125,0.953125,2500.0,64.0,10000.0,9.045405207466382,1.7672935730716897,0.02761396207924515,2.717812491758035,0.0424658201837193,1.357691556967387,0.021213930577615423,4.046980626295187,10.0,64.0,0.9757871828748674,64.0,3.0,4.0,11.0,25.0,0.046875,0.0625,0.171875,0.390625,156.25,7,75.35
layer1.0.conv3,conv,3,256,1,False,64.0,0,32.0,32.0,160000,26.240583548767184,6.988130122733423,0.027297383291927435,13.2101077335905,0.05160198333433789,3.668857889923142,0.014331476132512273,10.7991783717445,10,256,0.8054048937868534,157,17,26,47,61,0.06640625,0.1015625,0.18359375,0.23828125,625.0,256.0,10000.0,3.1636515230473807,1.8003827541058215,0.007032745133225865,3.0455789377326106,0.01189679272551801,1.361526172495069,0.005318461611308863,9.415507338605519,10.0,256.0,0.8603924719261968,159.0,4.0,6.0,15.0,39.0,0.015625,0.0234375,0.05859375,0.15234375,39.0625,7,75.35
layer1.0.downsample.0,conv,4,256,1,False,64.0,0,32.0,32.0,160000,28.967819028505502,4.120773809980466,0.016096772695236194,7.3344944806190995,0.028650369064918357,2.2343452957485486,0.008727911311517768,9.787046602334724,10,256,0.8712325497509701,159,8,11,23,42,0.03125,0.04296875,0.08984375,0.1640625,625.0,256.0,10000.0,5.619080661337668,1.9439592954464648,0.007593590997837753,2.9237336907985227,0.01142083472968173,1.430591980222298,0.005588249922743351,8.225894529873315,10.0,256.0,0.9214132623674263,163.0,3.0,4.0,8.0,18.0,0.01171875,0.015625,0.03125,0.0703125,39.0625,7,75.35
layer1.0,block,5,256,1,False,,0,32.0,32.0,160000,111.58887370161847,9.850866293808075,0.03847994646018779,24.970952955695754,0.09754278498318654,3.9104751149696786,0.015275293417850307,1.7051657350070808,10,256,0.9963506202162465,256,37,72,175,244,0.14453125,0.28125,0.68359375,0.953125,625.0,256.0,10000.0,14.690083995087784,2.660865689905051,0.010394006601191606,4.850274693790035,0.018946385522617324,1.7096234544226812,0.006678216618838598,2.461880547456831,10.0,256.0,0.9980005248290208,256.0,5.0,8.0,26.0,107.0,0.01953125,0.03125,0.1015625,0.41796875,39.0625,7,75.35
layer1.1.conv1,conv,6,64,1,False,64.0,0,32.0,32.0,160000,267.51066679703035,6.860353422004825,0.10719302221882539,12.403699396651003,0.19380780307267192,3.3998203033212744,0.05312219223939491,2.131942008421165,10,64,0.9826698403879381,64,14,23,45,61,0.21875,0.359375,0.703125,0.953125,2500.0,64.0,10000.0,29.650574255895837,2.6563626992875533,0.04150566717636802,4.275666484042814,0.06680728881316897,1.7503896183292225,0.0273498377863941,2.9821217085740486,10.0,64.0,0.9882140521286419,64.0,4.0,7.0,17.0,41.0,0.0625,0.109375,0.265625,0.640625,156.25,7,75.35
layer1.1.conv2,conv,7,64,1,False,64.0,0,32.0,32.0,160000,51.720819463594424,12.271829952749204,0.19174734301170632,19.31008554440791,0.3017200866313736,6.482890379350145,0.10129516217734602,1.940311969385955,10,64,0.9941710142228515,64,20,30,52,63,0.3125,0.46875,0.8125,0.984375,2500.0,64.0,10000.0,4.521905282603579,3.3719216561566245,0.05268627587744726,4.961492955577826,0.07752332743090354,2.205232165917892,0.03445675259246706,3.6777018546561493,10.0,64.0,0.9615677912212213,64.0,5.0,7.0,15.0,35.0,0.078125,0.109375,0.234375,0.546875,156.25,7,75.35
layer1.1.conv3,conv,8,256,1,False,64.0,0,32.0,32.0,160000,27.481113736957017,11.876647350121708,0.04639315371141292,20.137261120394346,0.07866117625154041,5.626288435332801,0.021977689200518753,11.063384220714244,10,256,0.7983668847260361,160,23,33,52,63,0.08984375,0.12890625,0.203125,0.24609375,625.0,256.0,10000.0,2.2497999724215374,3.4718766412966477,0.01356201813006503,5.47765122707735,0.021397075105770897,2.276202173075898,0.008891414738577727,9.838494568180282,10.0,256.0,0.8471307495235976,158.0,6.0,9.0,21.0,46.0,0.0234375,0.03515625,0.08203125,0.1796875,39.0625,7,75.35
layer1.1,block,9,256,1,False,,0,32.0,32.0,160000,186.7367550557869,14.058564871020728,0.05491626902742472,34.501106407440474,0.13476994690406435,5.16866969275818,0.02019011598733664,1.5721108947126345,10,256,0.9973419436892965,256,52,97,198,249,0.203125,0.37890625,0.7734375,0.97265625,625.0,256.0,10000.0,18.841539111681445,3.4039220256888516,0.013296570412847077,6.158491702727038,0.024056608213777492,2.0428810257342143,0.007980004006774274,2.373594564324562,10.0,256.0,0.9987710612559375,256.0,6.0,11.0,34.0,133.0,0.0234375,0.04296875,0.1328125,0.51953125,39.0625,7,75.35
layer1.2.conv1,conv,10,64,1,False,64.0,0,32.0,32.0,160000,387.95605439092736,8.717818494620447,0.13621591397844449,16.519179355297503,0.2581121774265235,3.8444937443444114,0.06007021475538143,2.0128627125888467,10,64,0.9813666450008087,64,20,30,50,62,0.3125,0.46875,0.78125,0.96875,2500.0,64.0,10000.0,33.934801839239555,3.12172852784126,0.04877700824751969,5.37226400094131,0.08394162501470796,1.9279303826687029,0.030123912229198482,2.9282168261232466,10.0,64.0,0.9878695187404525,64.0,6.0,9.0,21.0,46.0,0.09375,0.140625,0.328125,0.71875,156.25,7,75.35
layer1.2.conv2,conv,11,64,1,False,64.0,0,32.0,32.0,160000,52.80838869393947,8.017525160456636,0.12527383063213493,17.014965316725302,0.26585883307383285,3.323644414088698,0.0519319439701359,1.7018112611379455,10,64,0.9958809714583952,64,22,34,55,63,0.34375,0.53125,0.859375,0.984375,2500.0,64.0,10000.0,6.89104708580505,2.204480443051318,0.034445006922676845,3.4415989993170117,0.05377498436432831,1.5682750140093566,0.024504297093896198,3.7623452546807576,10.0,64.0,0.9560243990633248,64.0,4.0,5.0,13.0,32.0,0.0625,0.078125,0.203125,0.5,156.25,7,75.35
layer1.2.conv3,conv,12,256,1,False,64.0,0,32.0,32.0,160000,28.683487315704514,6.937029283037443,0.027097770636865012,15.784737524957908,0.06165913095686683,2.998263647548089,0.011711967373234723,10.983674984172728,10,256,0.7971973861842802,158,22,33,53,63,0.0859375,0.12890625,0.20703125,0.24609375,625.0,256.0,10000.0,4.228455763715963,2.176430554093049,0.008501681851925973,3.4960081513754426,0.013656281841310323,1.5474554076112441,0.006044747685981422,9.330909358968375,10.0,256.0,0.853654245624797,159.0,4.0,6.0,15.0,39.0,0.015625,0.0234375,0.05859375,0.15234375,39.0625,7,75.35
layer1.2,block,13,256,1,False,,0,32.0,32.0,160000,252.66379287744766,15.856158264299236,0.06193811821991889,40.75290193073505,0.1591910231669338,5.412303211770693,0.02114180942097927,1.5020205878970094,10,256,0.9969685035875261,256,65,113,208,250,0.25390625,0.44140625,0.8125,0.9765625,625.0,256.0,10000.0,27.360865136494375,3.4206131260437056,0.013361770023608225,6.312075079262018,0.02465654327836726,2.0512119578648615,0.008012546710409615,2.333214221423364,10.0,256.0,0.9990893619426814,256.0,7.0,11.0,35.0,140.0,0.02734375,0.04296875,0.13671875,0.546875,39.0625,7,75.35
layer2.0.conv1,conv,14,128,1,False,128.0,0,32.0,32.0,160000,452.15808169088314,12.482715955316783,0.09752121840091237,25.14991820083561,0.1964837359440282,5.041726027100919,0.03938848458672593,2.027889733801741,10,128,0.9580823114202238,128,31,50,91,120,0.2421875,0.390625,0.7109375,0.9375,1250.0,128.0,10000.0,42.97182720189625,3.713709385601538,0.029013354575012015,6.481777647610854,0.050638887871959797,2.2038908660664034,0.017217897391143776,2.934920582778432,10.0,128.0,0.985693125414139,128.0,7.0,11.0,27.0,73.0,0.0546875,0.0859375,0.2109375,0.5703125,78.125,7,75.35
layer2.0.conv2,conv,15,128,1,False,128.0,0,16.0,16.0,160000,117.84400319775386,12.314696134139615,0.09620856354796574,25.344890679849257,0.19800695843632232,4.853935111761289,0.03792136806063507,1.6353302363505942,10,128,0.9981072024493756,128,32,56,104,125,0.25,0.4375,0.8125,0.9765625,1250.0,128.0,10000.0,16.16516710315843,3.383840634024769,0.026436254953318507,5.787096670872077,0.0452116927411881,2.031503711022029,0.015871122742359602,2.599366051051567,10.0,128.0,0.9957141958434695,128.0,6.0,9.0,21.0,72.0,0.046875,0.0703125,0.1640625,0.5625,78.125,7,75.35
layer2.0.conv3,conv,16,512,1,False,128.0,0,16.0,16.0,160000,58.79702468527442,10.685119278213465,0.020869373590260674,24.295307898394153,0.04745177323905108,4.031973031799955,0.007874947327734288,8.964334814308195,10,512,0.7725846697412659,313,34,57,100,124,0.06640625,0.111328125,0.1953125,0.2421875,312.5,512.0,10000.0,8.969059733972271,3.062491701075938,0.005981429103663941,5.649737319328621,0.011034643201813714,1.8601372392008209,0.0036330805453141032,7.548040982967839,10.0,512.0,0.8357440706594409,320.0,6.0,9.0,25.0,82.0,0.01171875,0.017578125,0.048828125,0.16015625,19.53125,7,75.35
layer2.0.downsample.0,conv,17,512,1,False,256.0,0,16.0,16.0,160000,528.5336107705622,8.93907635548148,0.017459133506799767,23.38176594229264,0.04566751160604031,3.534919063835526,0.006904138796553762,6.773458555552949,10,512,0.5765277144795811,379,35,68,153,230,0.068359375,0.1328125,0.298828125,0.44921875,312.5,512.0,10000.0,76.68799371152647,2.7983803942306253,0.00546558670748169,4.917151740323747,0.009603811992819818,1.801853157694411,0.0035192444486218965,5.928207953391557,10.0,512.0,0.6773975374821422,383.0,5.0,8.0,28.0,118.0,0.009765625,0.015625,0.0546875,0.23046875,19.53125,7,75.35
layer2.0,block,18,512,1,False,,0,16.0,16.0,160000,267.0607424507373,16.726694366041595,0.03266932493367499,49.79886549407074,0.09726340916810691,5.549824333885387,0.010839500652119896,1.3938998479151428,10,512,0.9969891526454285,512,99,198,403,498,0.193359375,0.38671875,0.787109375,0.97265625,312.5,512.0,10000.0,37.10990898358082,4.201926458264166,0.0082068876137972,7.986113502740761,0.015597877935040548,2.3368354891905563,0.004564131814825305,1.9445199924103473,10.0,512.0,0.9973241844491789,512.0,8.0,13.0,57.0,304.0,0.015625,0.025390625,0.111328125,0.59375,19.53125,7,75.35
layer2.1.conv1,conv,19,128,1,False,128.0,0,16.0,16.0,160000,588.6210008998868,11.080811688530929,0.08656884131664788,22.579237450742163,0.17640029258392315,4.75812320601956,0.03717283754702781,1.6993616681372343,10,128,0.9876377852863639,128,29,52,98,124,0.2265625,0.40625,0.765625,0.96875,1250.0,128.0,10000.0,90.05789498047697,4.202432193435934,0.03283150151121823,6.987293715369224,0.05458823215132206,2.397618651453238,0.018731395714478422,2.4605885817539366,10.0,128.0,0.9956110539690823,128.0,7.0,10.0,26.0,84.0,0.0546875,0.078125,0.203125,0.65625,78.125,7,75.35
layer2.1.conv2,conv,20,128,1,False,128.0,0,16.0,16.0,160000,106.00940962932931,14.488238034207079,0.1131893596422428,32.782467615097936,0.2561130282429526,4.9440116030655465,0.03862509064894958,1.6212521118611987,10,128,0.9966472775659169,128,43,67,109,126,0.3359375,0.5234375,0.8515625,0.984375,1250.0,128.0,10000.0,19.209877907171972,3.600046902759146,0.028125366427805828,6.147881487839216,0.048030324123743875,2.1079059613913156,0.016468015323369653,2.9793309776957346,10.0,128.0,0.9832590064707212,128.0,6.0,9.0,20.0,64.0,0.046875,0.0703125,0.15625,0.5,78.125,7,75.35
layer2.1.conv3,conv,21,512,1,False,128.0,0,16.0,16.0,160000,55.80760273590468,13.050150016752095,0.025488574251468936,31.897654878875443,0.0623001071853036,4.4170639042537845,0.008627077937995673,9.1333189659906,10,512,0.7689609921642676,312,45,68,106,125,0.087890625,0.1328125,0.20703125,0.244140625,312.5,512.0,10000.0,10.271570613053656,3.299250507706329,0.006443848647863924,6.190975434115129,0.01209174889475611,1.9562850611864482,0.0038208692601297816,7.681866734267522,10.0,512.0,0.8336911274897312,320.0,7.0,11.0,30.0,87.0,0.013671875,0.021484375,0.05859375,0.169921875,19.53125,7,75.35
layer2.1,block,22,512,1,False,,0,16.0,16.0,160000,410.95788471775955,21.246427390342365,0.04149692849676243,65.88712879669683,0.1286857984310485,6.336311120004324,0.012375607656258445,1.3535596060569723,10,512,0.9982057951902291,512,130,235,426,502,0.25390625,0.458984375,0.83203125,0.98046875,312.5,512.0,10000.0,60.81948001016559,4.535920234432893,0.008859219207876743,8.87772150793747,0.01733929982019037,2.4187926240419837,0.004724204343831999,1.915017066894839,10.0,512.0,0.9968408646150342,512.0,9.0,15.0,66.0,327.0,0.017578125,0.029296875,0.12890625,0.638671875,19.53125,7,75.35
layer2.2.conv1,conv,23,128,1,False,128.0,0,16.0,16.0,160000,754.7393129789109,16.503258719190537,0.12893170874367607,32.96950053074258,0.2575742228964264,6.51923972338878,0.05093156033897484,1.664165489673628,10,128,0.9857571990679573,128,42,66,106,125,0.328125,0.515625,0.828125,0.9765625,1250.0,128.0,10000.0,111.98681664561332,4.56128036926363,0.03563500288487211,8.104969041282889,0.06332007063502257,2.464944128280174,0.01925737600218886,2.4305212500981614,10.0,128.0,0.9953715177700871,128.0,8.0,12.0,34.0,94.0,0.0625,0.09375,0.265625,0.734375,78.125,7,75.35
layer2.2.conv2,conv,24,128,1,False,128.0,0,16.0,16.0,160000,95.3671706267792,10.915313855906728,0.08527588949927131,30.605008587330335,0.23910162958851824,3.733101204393095,0.029164853159321054,1.460867469153173,10,128,0.9966434148686117,128,48,74,112,127,0.375,0.578125,0.875,0.9921875,1250.0,128.0,10000.0,18.50891517711185,2.6110936691093283,0.020399169289916627,5.021034673700402,0.03922683338828439,1.6676202466911814,0.013028283177274854,2.8963753726485284,10.0,128.0,0.9793115584109906,128.0,6.0,9.0,22.0,68.0,0.046875,0.0703125,0.171875,0.53125,78.125,7,75.35
layer2.2.conv3,conv,25,512,1,False,128.0,0,16.0,16.0,160000,61.53946550668971,6.263272648901526,0.012232954392385793,21.4178708864054,0.041831779075010546,2.623369135163284,0.005123767842115789,8.88289985557346,10,512,0.7711470166286458,313,42,67,106,125,0.08203125,0.130859375,0.20703125,0.244140625,312.5,512.0,10000.0,14.29596539910331,1.899824581284319,0.0037105948853209357,3.627704269662656,0.007085359901684875,1.3934954173151881,0.0027216707369437268,7.388978283097989,10.0,512.0,0.8351857290679662,318.0,5.0,8.0,25.0,82.0,0.009765625,0.015625,0.048828125,0.16015625,19.53125,7,75.35
layer2.2,block,26,512,1,False,,0,16.0,16.0,160000,575.1544203381931,18.831318596907384,0.03677991913458473,66.13000304357077,0.12916016219447415,5.436241428872578,0.010617659040766754,1.304813829599252,10,512,0.9973947025775589,512,143,251,433,503,0.279296875,0.490234375,0.845703125,0.982421875,312.5,512.0,10000.0,91.21552227637164,3.813343355058699,0.0074479362403490216,8.100036275763719,0.015820383351101013,2.0899041098192934,0.0040818439644908075,1.8970221981299829,10.0,512.0,0.9967529336466338,512.0,9.0,15.0,68.0,332.0,0.017578125,0.029296875,0.1328125,0.6484375,19.53125,7,75.35
layer2.3.conv1,conv,27,128,1,False,128.0,0,16.0,16.0,160000,1088.454827009994,13.065387379598969,0.10207333890311694,30.195444520694664,0.23590191031792707,4.6288878356754015,0.036163186216214074,1.6153478580594416,10,128,0.9861896657812592,128,42,66,106,125,0.328125,0.515625,0.828125,0.9765625,1250.0,128.0,10000.0,180.06730179913598,3.4406846838255625,0.026880349092387207,6.859158807543935,0.05358717818393699,1.9595087492255272,0.015308662103324431,2.4346082818146186,10.0,128.0,0.9970546611754952,128.0,8.0,12.0,33.0,93.0,0.0625,0.09375,0.2578125,0.7265625,78.125,7,75.35
layer2.3.conv2,conv,28,128,1,False,128.0,0,16.0,16.0,160000,107.0865391533089,7.40722256180081,0.05786892626406883,23.23080844011749,0.18149069093841788,2.9245163426269634,0.02284778392677315,1.4277417388039875,10,128,0.9974383842060676,128,42,69,110,126,0.328125,0.5390625,0.859375,0.984375,1250.0,128.0,10000.0,21.42794762875001,2.064160227407134,0.016126251776618233,4.027427981984177,0.03146428110925138,1.4561859661240457,0.011376452860344107,2.9425608802964858,10.0,128.0,0.9812068004905558,128.0,6.0,9.0,22.0,67.0,0.046875,0.0703125,0.171875,0.5234375,78.125,7,75.35
layer2.3.conv3,conv,29,512,1,False,128.0,0,16.0,16.0,160000,60.77961374579771,6.23722005826596,0.012182070426300703,21.115369005084972,0.041240955088056586,2.62389632851674,0.0051247975166342575,8.827217387504259,10,512,0.7740101935330865,314,42,66,106,125,0.08203125,0.12890625,0.20703125,0.244140625,312.5,512.0,10000.0,12.474459842194976,1.8706995074507096,0.003653709975489667,3.6746297964294183,0.007177011321151208,1.3798562025687153,0.002695031645642022,7.457804482105062,10.0,512.0,0.8375322230098756,320.0,5.0,9.0,28.0,87.0,0.009765625,0.017578125,0.0546875,0.169921875,19.53125,7,75.35
layer2.3,block,30,512,1,False,,0,16.0,16.0,160000,753.6263732576413,17.825071608909106,0.0348145929861506,67.24945931628187,0.13134660022711303,5.075593307123605,0.009913268177975791,1.2708077609433845,10,512,0.9970296795007589,512,153,263,438,504,0.298828125,0.513671875,0.85546875,0.984375,312.5,512.0,10000.0,119.02953820477761,3.5288549072082027,0.006892294740641021,7.932636040424352,0.015493429766453813,1.9744926070360762,0.0038564308731173363,1.8912523238844334,10.0,512.0,0.9968441424836919,512.0,10.0,15.0,74.0,343.0,0.01953125,0.029296875,0.14453125,0.669921875,19.53125,7,75.35
layer3.0.conv1,conv,31,256,1,False,256.0,0,16.0,16.0,160000,1387.2652651163412,14.050341941736738,0.05488414820990913,37.92082440618703,0.1481282203366681,4.6541087549217925,0.018180112323913252,1.7509321807690295,10,256,0.9562152279091606,256,60,103,185,241,0.234375,0.40234375,0.72265625,0.94140625,625.0,256.0,10000.0,225.33807380197294,3.4626898564677835,0.01352613225182728,7.323000049540648,0.028605468943518158,1.9535747139978021,0.007631151226553915,2.405326994323862,10.0,256.0,0.9846671337167078,256.0,9.0,13.0,42.0,150.0,0.03515625,0.05078125,0.1640625,0.5859375,39.0625,7,75.35
layer3.0.conv2,conv,32,256,1,False,256.0,0,8.0,8.0,160000,299.8966908763375,7.518515822858595,0.029369202433041388,23.97595860078622,0.09365608828432118,2.9809976304575936,0.011644521993974975,1.4483111964851794,10,256,0.9918623988159948,256,40,90,200,249,0.15625,0.3515625,0.78125,0.97265625,625.0,256.0,10000.0,61.2619366670231,2.3654187220715133,0.009239916883091849,4.89493950603949,0.01912085744546676,1.5693781338584538,0.006130383335384585,1.9353489255967788,10.0,256.0,0.9897540181828524,256.0,7.0,10.0,36.0,170.0,0.02734375,0.0390625,0.140625,0.6640625,39.0625,7,75.35
layer3.0.conv3,conv,33,1024,1,False,256.0,0,8.0,8.0,160000,178.5849288043322,5.289655372367421,0.00516567907457756,18.573441041110396,0.01813812601670937,2.405988178321799,0.0023495978303923817,7.225354982202272,10,1024,0.7635012106896613,627,38,83,184,244,0.037109375,0.0810546875,0.1796875,0.23828125,156.25,1024.0,10000.0,39.658736021394546,1.9762592920872966,0.0019299407149290005,4.009277050481481,0.0039153096196108215,1.4215721575420104,0.0013882540600996195,6.458944630706128,10.0,1024.0,0.808238683746432,639.0,6.0,9.0,39.0,172.0,0.005859375,0.0087890625,0.0380859375,0.16796875,9.765625,7,75.35
layer3.0.downsample.0,conv,34,1024,1,False,512.0,0,8.0,8.0,160000,1681.7523910474,8.641818110416464,0.008439275498453578,30.560034728186356,0.029843783914244488,3.275500831629995,0.003198731280888667,5.682207777324912,10,1024,0.5528931771716623,757,66,141,322,466,0.064453125,0.1376953125,0.314453125,0.455078125,156.25,1024.0,10000.0,343.42362048488235,2.6697099349096454,0.0026071386083102006,5.913471012937306,0.005774874036071588,1.6771783424997808,0.0016378694750974422,5.2264115374122575,10.0,1024.0,0.618997126693555,766.0,7.0,12.0,72.0,311.0,0.0068359375,0.01171875,0.0703125,0.3037109375,9.765625,7,75.35
layer3.0,block,35,1024,1,False,,0,8.0,8.0,160000,676.2761151254686,11.88635366584076,0.011607767251797617,53.90544677280987,0.052642037864072136,3.919588276435674,0.003827722926206713,1.266004339902131,10,1024,0.9961524876521894,1024,167,375,803,995,0.1630859375,0.3662109375,0.7841796875,0.9716796875,156.25,1024.0,10000.0,120.79596330582623,3.167328039522869,0.0030930937885965517,7.825834108839968,0.007642416121914031,1.8461893455997094,0.0018029192828122162,1.5608071759359499,10.0,1024.0,0.9940133618338789,1024.0,10.0,19.0,178.0,770.0,0.009765625,0.0185546875,0.173828125,0.751953125,9.765625,7,75.35
layer3.1.conv1,conv,36,256,1,False,256.0,0,8.0,8.0,160000,1484.1897106941865,9.932123822427641,0.038797358681357974,26.74404078839706,0.10446890932967602,3.810394991899509,0.014884355437107456,1.53711397297431,10,256,0.9869562650319439,256,44,91,190,246,0.171875,0.35546875,0.7421875,0.9609375,625.0,256.0,10000.0,268.5651789484896,3.376219799687581,0.013188358592529613,7.204900616401118,0.028144143032816867,1.9293358114485977,0.007536468013471085,1.9304429395837053,10.0,256.0,0.992203729296407,256.0,8.0,13.0,59.0,192.0,0.03125,0.05078125,0.23046875,0.75,39.0625,7,75.35
layer3.1.conv2,conv,37,256,1,False,256.0,0,8.0,8.0,160000,295.00492497538255,10.071713115076369,0.039342629355767066,32.906303218908924,0.12854024694886299,3.5078551942605705,0.013702559352580353,1.55536308337065,10,256,0.9978918384791257,256,53,102,203,249,0.20703125,0.3984375,0.79296875,0.97265625,625.0,256.0,10000.0,57.59903201973307,2.1507290981229157,0.00840128553954264,4.372592492343792,0.01708043942321794,1.4899972067657268,0.00582030158892862,2.2614746749916517,10.0,256.0,0.9817250301744647,256.0,6.0,10.0,36.0,144.0,0.0234375,0.0390625,0.140625,0.5625,39.0625,7,75.35
layer3.1.conv3,conv,38,1024,1,False,256.0,0,8.0,8.0,160000,191.10399304858223,4.390301535824003,0.004287403843578128,18.89974038303747,0.01845677771781003,2.136502785337143,0.0020864285013058037,7.25188748181149,10,1024,0.761462586146233,628,52,102,197,247,0.05078125,0.099609375,0.1923828125,0.2412109375,156.25,1024.0,10000.0,48.87616264092533,1.436280511998065,0.0014026176874981104,2.5324559916458256,0.0024731015543416265,1.2013624991346192,0.0011732055655611516,6.313569818034099,10.0,1024.0,0.8070320172331267,636.0,3.0,7.0,37.0,170.0,0.0029296875,0.0068359375,0.0361328125,0.166015625,9.765625,7,75.35
layer3.1,block,39,1024,1,False,,0,8.0,8.0,160000,1146.1271911244473,8.814003811861681,0.008607425597521173,52.75642823285125,0.0515199494461438,3.134793521454397,0.0030613217982953097,1.2434921198399338,10,1024,0.998206925262222,1024,194,409,828,1000,0.189453125,0.3994140625,0.80859375,0.9765625,156.25,1024.0,10000.0,232.85967959408194,2.175827046325372,0.002124831099927121,5.193882089033829,0.005072150477572098,1.4949056638109723,0.0014598688123154027,1.5183849091270842,10.0,1024.0,0.9955403302329222,1024.0,8.0,15.0,156.0,759.0,0.0078125,0.0146484375,0.15234375,0.7412109375,9.765625,7,75.35
layer3.2.conv1,conv,40,256,1,False,256.0,0,8.0,8.0,160000,2143.132163695304,8.916627873269947,0.03483057762996073,30.48131110392104,0.11906762149969156,3.306622761874679,0.012916495163572964,1.5015652881738795,10,256,0.9870187642835836,256,60,109,201,248,0.234375,0.42578125,0.78515625,0.96875,625.0,256.0,10000.0,401.9546166340501,2.435352312105479,0.009513094969162028,5.460125071351643,0.021328613559967357,1.5931960635482723,0.0062234221232354385,1.8592875696312035,10.0,256.0,0.9922824830291418,256.0,8.0,13.0,65.0,198.0,0.03125,0.05078125,0.25390625,0.7734375,39.0625,7,75.35
layer3.2.conv2,conv,41,256,1,False,256.0,0,8.0,8.0,160000,273.2740600438641,6.615162079659528,0.02584047687367003,26.34444726733898,0.10290799713804288,2.704738746595345,0.010565385728888066,1.3938150455358664,10,256,0.9967524069670647,256,58,114,211,251,0.2265625,0.4453125,0.82421875,0.98046875,625.0,256.0,10000.0,64.1096616426889,1.589136404800421,0.006207564081251645,2.9845399511987365,0.011658359184370064,1.2660863261587834,0.0049456497115577475,2.186924571393269,10.0,256.0,0.9797580330795488,256.0,4.0,8.0,34.0,146.0,0.015625,0.03125,0.1328125,0.5703125,39.0625,7,75.35
layer3.2.conv3,conv,42,1024,1,False,256.0,0,8.0,8.0,160000,220.68923763495883,3.1943026686792453,0.0031194361998820755,13.224012253917445,0.012914074466716255,1.8069541988274835,0.0017646037097924644,7.125778612119038,10,1024,0.759904192846551,628,46,96,193,246,0.044921875,0.09375,0.1884765625,0.240234375,156.25,1024.0,10000.0,64.88435209959769,1.2627847801540124,0.0012331882618691527,1.9706421851410187,0.0019244552589267761,1.1247256550736147,0.0010983648975328268,6.147772206357821,10.0,1024.0,0.810900121588946,639.0,2.0,5.0,29.0,160.0,0.001953125,0.0048828125,0.0283203125,0.15625,9.765625,7,75.35
layer3.2,block,43,1024,1,False,,0,8.0,8.0,160000,1889.074050945666,5.3240012748466405,0.005199219994967422,35.20312104270514,0.03437804789326674,2.3545698551989664,0.0022993846242177407,1.2145108626535623,10,1024,0.997282249204305,1024,173,385,816,998,0.1689453125,0.3759765625,0.796875,0.974609375,156.25,1024.0,10000.0,441.7506480730573,1.6391021040018365,0.0016006856484392935,3.4293181671931747,0.0033489435226495847,1.285817377898926,0.0012556810331044198,1.5070093515966787,10.0,1024.0,0.9957133665823072,1024.0,5.0,11.0,109.0,707.0,0.0048828125,0.0107421875,0.1064453125,0.6904296875,9.765625,7,75.35
layer3.3.conv1,conv,44,256,1,False,256.0,0,8.0,8.0,160000,3573.1412240836207,4.6197936204123335,0.018046068829735678,19.45008507696013,0.0759768948318755,2.202004714517246,0.008601580916082992,1.466810838674035,10,256,0.9856167212934311,256,53,102,197,247,0.20703125,0.3984375,0.76953125,0.96484375,625.0,256.0,10000.0,792.4242479936817,1.664270066588944,0.006501054947613063,3.3149157537149305,0.012948889662948947,1.296527178966316,0.005064559292837172,1.8364806303504304,10.0,256.0,0.9924204196174312,256.0,5.0,10.0,49.0,186.0,0.01953125,0.0390625,0.19140625,0.7265625,39.0625,7,75.35
layer3.3.conv2,conv,45,256,1,False,256.0,0,8.0,8.0,160000,302.9864675030664,4.042798929416174,0.01579218331803193,16.890957896012004,0.06598030428129689,2.0508217846071517,0.008011022596121686,1.335441538685732,10,256,0.9964022238844409,256,48,103,207,250,0.1875,0.40234375,0.80859375,0.9765625,625.0,256.0,10000.0,83.35988992562935,1.344838162344833,0.005253274071659504,2.227956180529368,0.008702953830192844,1.161347467380453,0.004536513544454894,2.188842981918318,10.0,256.0,0.9782500150892554,256.0,3.0,6.0,26.0,131.0,0.01171875,0.0234375,0.1015625,0.51171875,39.0625,7,75.35
layer3.3.conv3,conv,46,1024,1,False,256.0,0,8.0,8.0,160000,257.6693090915797,2.555396123896648,0.0024955040272428204,9.731540787021133,0.009503457799825326,1.6083632436158295,0.0015706672300935835,6.985225857246563,10,1024,0.7610856464810156,629,38,87,188,245,0.037109375,0.0849609375,0.18359375,0.2392578125,156.25,1024.0,10000.0,91.83453353633278,1.1661113709792894,0.0011387806357219623,1.6370349397857322,0.0015986669333845041,1.080212766872891,0.0010548952801493075,5.9549826328408635,10.0,1024.0,0.8132239639847991,637.0,1.0,3.0,20.0,142.0,0.0009765625,0.0029296875,0.01953125,0.138671875,9.765625,7,75.35
layer3.3,block,47,1024,1,False,,0,8.0,8.0,160000,2927.1847540095596,3.6879177781787944,0.003601482205252729,22.939122596882513,0.02240148691101808,1.9388678631597274,0.0018934256476169213,1.1871005589626804,10,1024,0.9962352921423109,1024,138,348,796,996,0.134765625,0.33984375,0.77734375,0.97265625,156.25,1024.0,10000.0,861.9868481667656,1.3534299460651473,0.0013217089317042454,2.375715636462222,0.0023200348012326387,1.1649906269353092,0.0011376861591165129,1.4988884893026706,10.0,1024.0,0.995222229619096,1024.0,3.0,7.0,61.0,620.0,0.0029296875,0.0068359375,0.0595703125,0.60546875,9.765625,7,75.35
layer3.4.conv1,conv,48,256,1,False,256.0,0,8.0,8.0,160000,5047.129884919702,3.453745085236561,0.013491191739205316,14.78990863407795,0.05777308060186699,1.87961141315082,0.00734223208262039,1.4232915611527035,10,256,0.9855796155945845,256,48,99,196,247,0.1875,0.38671875,0.765625,0.96484375,625.0,256.0,10000.0,1276.719884270612,1.3981433278900202,0.005461497374570391,2.4808764307898277,0.009690923557772764,1.1843800391284205,0.0046264845278453925,1.8175934532440396,10.0,256.0,0.9928113477909913,256.0,3.0,8.0,40.0,178.0,0.01171875,0.03125,0.15625,0.6953125,39.0625,7,75.35
layer3.4.conv2,conv,49,256,1,False,256.0,0,8.0,8.0,160000,403.46718792028895,2.535820884917761,0.009905550331710004,8.786258924368328,0.03432132392331378,1.6087555157745892,0.006284201233494489,1.2636711321741718,10,256,0.9959933618842247,256,30,77,195,248,0.1171875,0.30078125,0.76171875,0.96875,625.0,256.0,10000.0,146.53072414280476,1.1356146451804978,0.00443599470773632,1.5185244153554347,0.005931735997482167,1.0658944402978328,0.004163650157413409,2.179147524873974,10.0,256.0,0.974691803543811,256.0,1.0,2.0,16.0,101.0,0.00390625,0.0078125,0.0625,0.39453125,39.0625,7,75.35
layer3.4.conv3,conv,50,1024,1,False,256.0,0,8.0,8.0,160000,421.5490539556869,1.7279292197897353,0.0016874308787009134,4.380781727441462,0.004278107155704553,1.3199729507866813,0.0012890360847526185,6.479646401180661,10,1024,0.7701908379570569,631,13,42,153,236,0.0126953125,0.041015625,0.1494140625,0.23046875,156.25,1024.0,10000.0,149.80357500954037,1.0712827809542633,0.0010461745907756478,1.2924696644075526,0.0012621774066480006,1.0350895235858386,0.0010108296128767955,5.592115921753977,10.0,1024.0,0.8226429756431828,640.0,1.0,1.0,10.0,102.0,0.0009765625,0.0009765625,0.009765625,0.099609375,9.765625,7,75.35
layer3.4,block,51,1024,1,False,,0,8.0,8.0,160000,5060.745187206216,2.4012735906881066,0.002344993740906354,11.170841881789446,0.010909025275185006,1.556254433457933,0.0015197797201737626,1.1664659511636077,10,1024,0.9949972107092894,1024,67,244,731,986,0.0654296875,0.23828125,0.7138671875,0.962890625,156.25,1024.0,10000.0,1644.2901913959977,1.191465274581981,0.0011635403072089657,1.7668061240704642,0.0017253966055375627,1.0919830050083668,0.0010663896533284832,1.4950392105403059,10.0,1024.0,0.9947048660126064,1024.0,1.0,4.0,31.0,501.0,0.0009765625,0.00390625,0.0302734375,0.4892578125,9.765625,7,75.35
layer3.5.conv1,conv,52,256,1,False,256.0,0,8.0,8.0,160000,8070.271679953285,2.3930751544975872,0.0093479498222562,8.741946072295882,0.03414822684490579,1.5544782702693658,0.00607218074323971,1.4070098269335842,10,256,0.986077436388347,256,33,78,185,245,0.12890625,0.3046875,0.72265625,0.95703125,625.0,256.0,10000.0,2552.8345405053146,1.2025943221246072,0.004697634070799247,1.7765362597127967,0.006939594764503112,1.0971262519316396,0.004285649421607967,1.807585805739388,10.0,256.0,0.9925829466078976,256.0,1.0,4.0,24.0,151.0,0.00390625,0.015625,0.09375,0.58984375,39.0625,7,75.35
layer3.5.conv2,conv,53,256,1,False,256.0,0,8.0,8.0,160000,532.7346581329094,2.023994305508912,0.007906227755894188,5.65253711533246,0.02208022310676742,1.4348128148839245,0.00560473755814033,1.251818804256414,10,256,0.9956724885913181,256,17,51,176,245,0.06640625,0.19921875,0.6875,0.95703125,625.0,256.0,10000.0,206.18775388553806,1.0874482371491758,0.004247844676363968,1.3479028067433463,0.005265245338841196,1.0428945940138925,0.004073807007866768,2.213755253250622,10.0,256.0,0.9742687180283571,256.0,1.0,1.0,11.0,81.0,0.00390625,0.00390625,0.04296875,0.31640625,39.0625,7,75.35
layer3.5.conv3,conv,54,1024,1,False,256.0,0,8.0,8.0,160000,483.12685843273204,1.6526746650117612,0.001613940102550548,3.789429563539125,0.0037006148081436766,1.291601555872261,0.001261329644406505,6.365470068784723,10,1024,0.773351740259481,631,8,30,138,231,0.0078125,0.029296875,0.134765625,0.2255859375,156.25,1024.0,10000.0,187.8246712732226,1.0543306618337684,0.0010296197869470395,1.2296504111185997,0.0012008304796080076,1.026835495748948,0.001002769038817332,5.456315866710018,10.0,1024.0,0.8298988364985009,639.0,1.0,1.0,8.0,83.0,0.0009765625,0.0009765625,0.0078125,0.0810546875,9.765625,7,75.35
layer3.5,block,55,1024,1,False,,0,8.0,8.0,160000,7590.941476733774,2.0035012396205256,0.0019565441793169196,7.549744306153891,0.007372797173978409,1.420188514902546,0.0013869028465845175,1.1504642914617174,10,1024,0.9941725957777873,1024,37,173,679,977,0.0361328125,0.1689453125,0.6630859375,0.9541015625,156.25,1024.0,10000.0,2780.940994369804,1.1232880716910947,0.0010969610075108346,1.5077295302071976,0.0014723921193429664,1.0600189658956218,0.0010351747713824432,1.4935519162346884,10.0,1024.0,0.9940630537968467,1024.0,1.0,2.0,19.0,399.0,0.0009765625,0.001953125,0.0185546875,0.3896484375,9.765625,7,75.35
layer4.0.conv1,conv,56,512,1,False,512.0,0,8.0,8.0,160000,13042.607078845165,1.9412250826121082,0.003791455239476774,6.181878180776723,0.012073980821829536,1.397571313028806,0.002729631470759387,1.5601002763436354,10,512,0.9495428898283563,512,22,70,270,448,0.04296875,0.13671875,0.52734375,0.875,312.5,512.0,10000.0,4727.329874401114,1.1380797095136455,0.0022228119326438388,1.5399016281864673,0.003007620367551694,1.067033103050716,0.00208404902939593,1.902255783867057,10.0,512.0,0.972222729309215,512.0,1.0,3.0,17.0,177.0,0.001953125,0.005859375,0.033203125,0.345703125,19.53125,7,75.35
layer4.0.conv2,conv,57,512,1,False,512.0,0,4.0,4.0,160000,2515.819510059644,1.79950581284952,0.003514659790721719,3.7005242266002947,0.0072275863800787005,1.362383806306591,0.0026609058716925604,1.3111466337068027,10,512,0.9854003536486697,512,4,15,161,445,0.0078125,0.029296875,0.314453125,0.869140625,312.5,512.0,10000.0,1051.49196617391,1.0762609002380612,0.0021020720707774633,1.305685410155787,0.0025501668167105217,1.0375103629410005,0.0020263874276191416,1.4575682236671808,10.0,512.0,0.9812971408194959,512.0,1.0,1.0,9.0,170.0,0.001953125,0.001953125,0.017578125,0.33203125,19.53125,7,75.35
layer4.0.conv3,conv,58,2048,1,False,512.0,0,4.0,4.0,160000,2665.7692182918877,1.337435253981886,0.0006530445576083427,2.0676008209636514,0.001009570713361158,1.1614790533543404,0.000567128444020674,5.059089507841151,10,2048,0.7873868015834925,1268,2,3,42,321,0.0009765625,0.00146484375,0.0205078125,0.15673828125,78.125,2048.0,10000.0,1271.7605094160494,1.028491317789217,0.0005021930262642661,1.123688886701752,0.0005486762142098399,1.0141563491687486,0.000495193529867553,4.259372210043434,10.0,2048.0,0.8240219256935806,1278.0,1.0,1.0,3.0,48.0,0.00048828125,0.00048828125,0.00146484375,0.0234375,4.8828125,7,75.35
layer4.0.downsample.0,conv,59,2048,1,False,1024.0,0,4.0,4.0,160000,43719.7176373752,1.212232455024354,0.0005919103784298603,1.9754028915325064,0.0009645521931311066,1.101498240618709,0.000537840937802104,4.0948968782480035,10,2048,0.5903124446849528,1526,1,6,161,688,0.00048828125,0.0029296875,0.07861328125,0.3359375,78.125,2048.0,10000.0,20105.034986925246,1.0359980463555234,0.0005058584210720329,1.164336219031732,0.0005685235444490878,1.0178540277847232,0.0004969990370042594,3.6012058950967503,10.0,2048.0,0.64994131319729,1536.0,1.0,1.0,4.0,208.0,0.00048828125,0.00048828125,0.001953125,0.1015625,4.8828125,7,75.35
layer4.0,block,60,2048,1,False,,0,4.0,4.0,160000,2064.234081812447,1.990786969092643,0.0009720639497522671,5.883507391135137,0.002872806343327704,1.4262150000247433,0.0006963940429808317,1.2766702821305014,10,2048,0.9895392108939687,2048,14,68,825,1803,0.0068359375,0.033203125,0.40283203125,0.88037109375,78.125,2048.0,10000.0,798.6951276504743,1.1396370372588513,0.0005564633970990485,1.5965256131165735,0.0007795535220295769,1.0677577634092534,0.0005213660954146745,1.4030753130462594,10.0,2048.0,0.9779143760099104,2048.0,1.0,2.0,34.0,960.0,0.00048828125,0.0009765625,0.0166015625,0.46875,4.8828125,7,75.35
layer4.1.conv1,conv,61,512,1,False,512.0,0,4.0,4.0,160000,3887.530154155395,2.0500077560192924,0.0040039213984751805,5.309621974503452,0.010370355418952055,1.4496065988864335,0.0028312628884500654,1.4446733088865833,10,512,0.98375169449783,512,11,30,225,449,0.021484375,0.05859375,0.439453125,0.876953125,312.5,512.0,10000.0,1408.155729265304,1.1727043870873075,0.0022904382560298975,1.6710868452094945,0.003263841494549794,1.0833109772319744,0.0021158417524062,1.5208001996791234,10.0,512.0,0.9816062889292987,512.0,1.0,3.0,22.0,280.0,0.001953125,0.005859375,0.04296875,0.546875,19.53125,7,75.35
layer4.1.conv2,conv,62,512,1,False,512.0,0,4.0,4.0,160000,1901.8025972767782,2.3847480868020683,0.00465771110703529,5.658560356625938,0.011051875696535035,1.5882215265884112,0.0031019951691179906,1.4664938868271908,10,512,0.9972230599556727,512,8,24,180,447,0.015625,0.046875,0.3515625,0.873046875,312.5,512.0,10000.0,768.8218942266637,1.0961750198761981,0.0021409668356956995,1.3709584782454227,0.0026776532778230912,1.047117115993313,0.0020451506171744395,1.7744307790334233,10.0,512.0,0.9777924513750121,512.0,1.0,1.0,10.0,132.0,0.001953125,0.001953125,0.01953125,0.2578125,19.53125,7,75.35
layer4.1.conv3,conv,63,2048,1,False,512.0,0,4.0,4.0,160000,2856.5401388464043,1.4092183252168857,0.0006880948853598075,2.3458034277098476,0.001145411829936449,1.192079157191096,0.0005820699009722149,5.104341763758089,10,2048,0.784966584946097,1269,2,4,60,345,0.0009765625,0.001953125,0.029296875,0.16845703125,78.125,2048.0,10000.0,1432.8092180453325,1.0264527182833298,0.0005011976163492822,1.1147895545070383,0.0005443308371616398,1.0131497011926003,0.0004947020025354494,4.179014318287181,10.0,2048.0,0.8262951148345661,1280.0,1.0,1.0,2.0,39.0,0.00048828125,0.00048828125,0.0009765625,0.01904296875,4.8828125,7,75.35
layer4.1,block,64,2048,1,False,,0,4.0,4.0,160000,3240.514129164903,2.1357762278825674,0.0010428594862707849,6.587840406947231,0.003216718948704703,1.4774387534969808,0.0007214056413559477,1.2598832628235495,10,2048,0.9934225898668585,2048,15,71,846,1820,0.00732421875,0.03466796875,0.4130859375,0.888671875,78.125,2048.0,10000.0,1357.3621165568818,1.1272422795909198,0.0005504112693315038,1.5307955578113543,0.0007474587684625754,1.0619202805301238,0.0005185157619775995,1.3665512012921186,10.0,2048.0,0.981291873508182,2048.0,1.0,2.0,22.0,877.0,0.00048828125,0.0009765625,0.0107421875,0.42822265625,4.8828125,7,75.35
layer4.2.conv1,conv,65,512,1,False,512.0,0,4.0,4.0,160000,5198.336835016955,2.462443976940787,0.004809460892462474,6.834890442964633,0.013349395396415298,1.6015219031958408,0.0031279724671793765,1.4355727836812366,10,512,0.9868230909686839,512,13,41,249,457,0.025390625,0.080078125,0.486328125,0.892578125,312.5,512.0,10000.0,1903.167563402698,1.1820704308500785,0.0023087313102540595,1.6967331244070838,0.0033139318836075855,1.087696239478269,0.002124406717730994,1.4922135802926888,10.0,512.0,0.9818064208765374,512.0,1.0,3.0,21.0,285.0,0.001953125,0.005859375,0.041015625,0.556640625,19.53125,7,75.35
layer4.2.conv2,conv,66,512,1,False,512.0,0,4.0,4.0,160000,1998.9100241957403,2.2021527764089694,0.0043010796414237685,5.038657583270822,0.009841128092325823,1.518413160201691,0.002965650703518928,1.4056818183481115,10,512,0.9941516157696859,512,7,20,174,446,0.013671875,0.0390625,0.33984375,0.87109375,312.5,512.0,10000.0,858.4083119040442,1.1106426921271373,0.002169224008060815,1.4037964788289343,0.0027417899977127624,1.0540736472167322,0.00205873759222018,1.7265066711982802,10.0,512.0,0.9707093309531794,512.0,1.0,2.0,9.0,116.0,0.001953125,0.00390625,0.017578125,0.2265625,19.53125,7,75.35
layer4.2.conv3,conv,67,2048,1,False,512.0,0,4.0,4.0,160000,2550.6793202404133,1.4006968064489134,0.0006839339875238835,2.3333801900966877,0.0011393457959456483,1.188163720464176,0.0005801580666328984,5.104298045238549,10,2048,0.7827894497385858,1266,2,5,57,347,0.0009765625,0.00244140625,0.02783203125,0.16943359375,78.125,2048.0,10000.0,1261.091147345491,1.0426349660901362,0.0005090991045361993,1.1676121641596406,0.0005701231270310745,1.0211290382194151,0.0004985981631930738,4.205714510072932,10.0,2048.0,0.8239974692633212,1278.0,1.0,1.0,4.0,39.0,0.00048828125,0.00048828125,0.001953125,0.01904296875,4.8828125,7,75.35
layer4.2,block,68,2048,1,False,,0,4.0,4.0,160000,1215.1690597125785,13.131780430704397,0.006412002163429882,61.722254481598995,0.03013781957109326,4.494791049747515,0.0021947221922595287,1.2195380711515367,10,2048,0.9935479884581871,2048,246,644,1537,1979,0.1201171875,0.314453125,0.75048828125,0.96630859375,78.125,2048.0,10000.0,268.89366356898404,3.5765785565112016,0.0017463762482964852,9.336719344374334,0.00455894499237028,2.026301011054679,0.0009894047905540425,1.3511524590414847,10.0,2048.0,0.9825647803161046,2048.0,11.0,37.0,631.0,1689.0,0.00537109375,0.01806640625,0.30810546875,0.82470703125,4.8828125,7,75.35
fc,linear,69,10,1,False,,0,,,10000,158.56501777434408,2.471217323385445,0.24712173233854448,3.768106522320247,0.3768106522320247,1.6504286300369706,0.16504286300369705,,10,10,,10,4,6,8,9,0.4,0.6,0.8,0.9,1000.0,,,,,,,,,,,,,,,,,,,,,,,,7,75.35
conv1,conv,0,64,1,False,27.0,0,32.0,32.0,160000,72.64758986322025,1.6101248655747502,0.025158201024605472,2.5260494595887613,0.039469522806074395,1.278731623438556,0.019980181616227437,13.726310477849612,10,64,0.9259258186173641,46,4,5,8,12,0.0625,0.078125,0.125,0.1875,2500.0,64.0,10000.0,20.221455202822646,1.2857065555264144,0.020089164930100226,1.563362769315173,0.02442754327054958,1.1411512012928402,0.017830487520200628,8.273721754403546,10.0,64.0,0.9667082464849812,42.0,2.0,2.0,3.0,4.0,0.03125,0.03125,0.046875,0.0625,156.25,10,76.49
layer1.0.conv1,conv,1,64,1,False,64.0,0,32.0,32.0,160000,12.703967614229452,6.291548749236478,0.09830544920681997,9.06058597971194,0.14157165593299906,3.6197907602627866,0.05655923062910604,5.48728136781057,10,64,0.8850458341908641,64,8,11,20,35,0.125,0.171875,0.3125,0.546875,2500.0,64.0,10000.0,1.7069673996307524,2.862450530664339,0.0447257895416303,4.188355972964612,0.06544306207757206,1.8489830162489684,0.028890359628890132,6.092046170866774,10.0,64.0,0.8978460410481006,64.0,4.0,5.0,10.0,20.0,0.0625,0.078125,0.15625,0.3125,156.25,10,76.49
layer1.0.conv2,conv,2,64,1,False,64.0,0,32.0,32.0,160000,34.172365842736376,9.286033873799562,0.14509427927811816,14.79892374038933,0.2312331834435833,5.076105619244875,0.07931415030070117,2.3510619737202596,10,64,0.992003278731929,64,14,22,44,61,0.21875,0.34375,0.6875,0.953125,2500.0,64.0,10000.0,3.5981231081903022,3.001630159691216,0.04690047124517525,4.449299625712547,0.06952030665175854,1.9451567830091403,0.030393074734517817,4.0768233540524275,10.0,64.0,0.9693951677522594,64.0,4.0,6.0,13.0,29.0,0.0625,0.09375,0.203125,0.453125,156.25,10,76.49
layer1.0.conv3,conv,3,256,1,False,64.0,0,32.0,32.0,160000,14.05033914940108,7.759597540238419,0.030310927891556323,14.168752401377379,0.055346689067880386,3.646367412780279,0.014243622706172965,10.739263066628737,10,256,0.8046246669707606,159,16,26,47,61,0.0625,0.1015625,0.18359375,0.23828125,625.0,256.0,10000.0,1.0144628749986015,3.34978270034085,0.013085088673206445,5.5568821676608104,0.02170657096742504,2.0338072763746067,0.007944559673338307,9.755273610141439,10.0,256.0,0.8507192993389618,161.0,6.0,8.0,20.0,45.0,0.0234375,0.03125,0.078125,0.17578125,39.0625,10,76.49
layer1.0.downsample.0,conv,4,256,1,False,64.0,0,32.0,32.0,160000,18.521268568231466,4.579721698222103,0.01788953788368009,7.505176329567907,0.029317095037374636,2.471101042037254,0.009652738445458024,9.657174162012836,10,256,0.8691317634890477,159,8,10,21,41,0.03125,0.0390625,0.08203125,0.16015625,625.0,256.0,10000.0,3.724109484064102,2.3247493201739307,0.009081052031929417,3.3356454309876016,0.013029864964795319,1.616083503658069,0.006312826186164332,8.143068980389842,10.0,256.0,0.9157019505743083,160.0,3.0,4.0,8.0,18.0,0.01171875,0.015625,0.03125,0.0703125,39.0625,10,76.49
layer1.0,block,5,256,1,False,,0,32.0,32.0,160000,76.88374613409214,12.633242357048267,0.049348602957219795,28.391482045009383,0.1109042267383179,5.419260967190017,0.021168988153086005,1.723230681987784,10,256,0.9979740816146282,256,38,74,177,244,0.1484375,0.2890625,0.69140625,0.953125,625.0,256.0,10000.0,8.80357477744448,3.841053977094105,0.015004117098023847,6.4928313416220185,0.02536262242821101,2.2386231752711465,0.008744621778402916,2.493809753021794,10.0,256.0,0.9987687898276064,256.0,6.0,11.0,30.0,117.0,0.0234375,0.04296875,0.1171875,0.45703125,39.0625,10,76.49
layer1.1.conv1,conv,6,64,1,False,64.0,0,32.0,32.0,160000,149.00284849799843,5.911871885477131,0.09237299821058018,11.47630553673703,0.1793172740115161,2.8628368536431954,0.04473182583817493,2.2339625766479996,10,64,0.983416197640968,64,14,22,44,60,0.21875,0.34375,0.6875,0.9375,2500.0,64.0,10000.0,10.762054418185485,4.091540138891822,0.06393031467018472,6.165474730820039,0.0963355426690631,2.5764229376219383,0.040256608400342786,3.2118532233816968,10.0,64.0,0.9914107118905993,64.0,6.0,9.0,20.0,44.0,0.09375,0.140625,0.3125,0.6875,156.25,10,76.49
layer1.1.conv2,conv,7,64,1,False,64.0,0,32.0,32.0,160000,35.808950050660364,10.288790958225137,0.16076235872226777,16.753763565928054,0.26177755571762584,5.125894490781111,0.08009210141845485,2.0883443816262166,10,64,0.9958130146179014,64,17,26,49,62,0.265625,0.40625,0.765625,0.96875,2500.0,64.0,10000.0,1.491591605745602,4.339332303639778,0.06780206724437153,6.385031820521906,0.09976612219565478,2.863735813253474,0.04474587208208553,3.7229194446197242,10.0,64.0,0.9657362855046047,64.0,6.0,9.0,19.0,39.0,0.09375,0.140625,0.296875,0.609375,156.25,10,76.49
layer1.1.conv3,conv,8,256,1,False,64.0,0,32.0,32.0,160000,15.18125116324781,9.821103361137991,0.03836368500444528,17.17487747463161,0.06708936513527973,4.879988489230671,0.01906245503605731,11.05500775666857,10,256,0.8030434349733572,158,19,30,50,62,0.07421875,0.1171875,0.1953125,0.2421875,625.0,256.0,10000.0,0.5778810838431904,4.937510516386165,0.019287150454633455,7.568355373693329,0.029563888178489567,3.1084706705347576,0.012142463556776397,10.006190190131719,10.0,256.0,0.8399304216007376,161.0,7.0,11.0,25.0,50.0,0.02734375,0.04296875,0.09765625,0.1953125,39.0625,10,76.49
layer1.1,block,9,256,1,False,,0,32.0,32.0,160000,130.6667104227821,15.56156384643412,0.060787358775133284,35.8404241309729,0.14000165676161289,6.148094052410911,0.02401599239223012,1.5908058024230578,10,256,0.9981870069562919,256,52,96,197,249,0.203125,0.375,0.76953125,0.97265625,625.0,256.0,10000.0,9.65313235660619,5.071046530597137,0.019808775510145066,8.453435458482234,0.03302123225969623,2.897568957664631,0.011318628740877464,2.3963627554472016,10.0,256.0,0.9988187413089724,256.0,8.0,14.0,41.0,147.0,0.03125,0.0546875,0.16015625,0.57421875,39.0625,10,76.49
layer1.2.conv1,conv,10,64,1,False,64.0,0,32.0,32.0,160000,230.03743279324124,6.592951768740566,0.10301487138657134,13.51094765666357,0.21110855713536827,3.018995444542305,0.04717180382097352,2.0644935867447263,10,64,0.9852737374188206,64,17,27,48,62,0.265625,0.421875,0.75,0.96875,2500.0,64.0,10000.0,11.450134871561882,4.2456399960444795,0.06633812493819499,7.1666537655380855,0.11197896508653259,2.362421519299342,0.03691283623905222,2.9618441710544636,10.0,64.0,0.9885706730434833,64.0,7.0,11.0,25.0,50.0,0.109375,0.171875,0.390625,0.78125,156.25,10,76.49
layer1.2.conv2,conv,11,64,1,False,64.0,0,32.0,32.0,160000,30.213232065868095,11.28492387325694,0.17632693551963968,19.34582733294779,0.3022785520773092,5.0612060235914775,0.07908134411861684,1.9436842140769113,10,64,0.9961971699524265,64,20,32,53,63,0.3125,0.5,0.828125,0.984375,2500.0,64.0,10000.0,1.596761383654842,3.2362452262437222,0.05056633166005816,5.317032926800268,0.08307863948125419,1.9665429441463658,0.030727233502286965,3.6494952577071857,10.0,64.0,0.974591608973077,64.0,5.0,8.0,17.0,37.0,0.078125,0.125,0.265625,0.578125,156.25,10,76.49
layer1.2.conv3,conv,12,256,1,False,64.0,0,32.0,32.0,160000,12.180405944062823,11.653516403568746,0.045521548451440415,20.915821309654905,0.08170242699083947,5.234700818331975,0.020448050071609276,11.20347959666724,10,256,0.7949263345807361,157,24,35,54,63,0.09375,0.13671875,0.2109375,0.24609375,625.0,256.0,10000.0,0.853529452366942,2.9971570308085878,0.011707644651596046,4.996297207694364,0.01951678596755611,1.894233564039081,0.00739934985952766,9.666254304469406,10.0,256.0,0.8443130968091324,159.0,5.0,8.0,19.0,45.0,0.01953125,0.03125,0.07421875,0.17578125,39.0625,10,76.49
layer1.2,block,13,256,1,False,,0,32.0,32.0,160000,174.88146325989328,18.75007574666747,0.0732424833854198,43.48960784059747,0.16988128062733387,7.0771602303595325,0.027645157149841924,1.5149337715402682,10,256,0.9976751790555003,256,65,114,208,250,0.25390625,0.4453125,0.8125,0.9765625,625.0,256.0,10000.0,12.872730122322317,4.801504480679736,0.018755876877655217,8.430297695191108,0.032930850371840265,2.6944113635683755,0.010525044388938967,2.342144558405929,10.0,256.0,0.9987540405796375,256.0,8.0,15.0,43.0,156.0,0.03125,0.05859375,0.16796875,0.609375,39.0625,10,76.49
layer2.0.conv1,conv,14,128,1,False,128.0,0,32.0,32.0,160000,260.20261441052696,11.508305481510188,0.08990863657429835,22.6500138734277,0.1769532333861539,4.799953692075899,0.03749963821934296,2.0814125182407794,10,128,0.9619222637450819,128,27,45,87,119,0.2109375,0.3515625,0.6796875,0.9296875,1250.0,128.0,10000.0,19.352479032857396,3.840610415213168,0.030004768868852876,6.746633938740648,0.05270807764641131,2.2003769179947095,0.017190444671833668,2.9700400876587807,10.0,128.0,0.9882299720594852,128.0,7.0,11.0,26.0,72.0,0.0546875,0.0859375,0.203125,0.5625,78.125,10,76.49
layer2.0.conv2,conv,15,128,1,False,128.0,0,16.0,16.0,160000,82.79095673071761,13.3506680060698,0.10430209379742031,23.868450629943034,0.18647227054642995,6.200348961491839,0.04844022626165499,1.8371846981986892,10,128,0.9982995117586033,128,26,45,96,124,0.203125,0.3515625,0.75,0.96875,1250.0,128.0,10000.0,9.212779976186606,4.365219766324704,0.03410327942441175,6.726371517764446,0.05254977748253473,2.501569800773608,0.01954351406854381,2.6852661312995836,10.0,128.0,0.9952258133541196,128.0,6.0,9.0,19.0,66.0,0.046875,0.0703125,0.1484375,0.515625,78.125,10,76.49
layer2.0.conv3,conv,16,512,1,False,128.0,0,16.0,16.0,160000,34.31408855685826,13.098684144995747,0.02558336747069482,24.135339787512116,0.0471393355224846,6.458982179717108,0.012615199569759976,8.92430919107702,10,512,0.772953861621346,312,29,50,96,123,0.056640625,0.09765625,0.1875,0.240234375,312.5,512.0,10000.0,4.093542003962288,4.690747866937622,0.009161616927612543,7.451657696363411,0.014554018938209788,2.61502727975424,0.00510747515577,7.664796560931863,10.0,512.0,0.834846501699047,318.0,7.0,10.0,27.0,81.0,0.013671875,0.01953125,0.052734375,0.158203125,19.53125,10,76.49
layer2.0.downsample.0,conv,17,512,1,False,256.0,0,16.0,16.0,160000,290.3279161289355,11.34044924033818,0.022149314922535506,24.335949183862162,0.047531150749730786,5.0212653581147615,0.009807158902567894,6.759166888464451,10,512,0.5790608395130916,378,31,61,147,228,0.060546875,0.119140625,0.287109375,0.4453125,312.5,512.0,10000.0,29.63020102980774,4.048860907515609,0.007907931459991423,6.624596510457279,0.012938665059486872,2.436417695959525,0.004758628312420948,6.017228106018995,10.0,512.0,0.6743338307618569,383.0,6.0,10.0,31.0,127.0,0.01171875,0.01953125,0.060546875,0.248046875,19.53125,10,76.49
layer2.0,block,18,512,1,False,,0,16.0,16.0,160000,207.07102175427096,18.51455196165108,0.036161234300099765,49.24612557549102,0.0961838390146309,6.880161198071294,0.013437814839982996,1.4229276162512399,10,512,0.9986598362707997,512,88,184,396,497,0.171875,0.359375,0.7734375,0.970703125,312.5,512.0,10000.0,23.68653531688722,4.990047569067806,0.009746186658335558,9.049995507098627,0.017675772474802006,2.709029500381854,0.005291073242933308,1.9618404925834059,10.0,512.0,0.9971928066546353,512.0,9.0,15.0,61.0,314.0,0.017578125,0.029296875,0.119140625,0.61328125,19.53125,10,76.49
layer2.1.conv1,conv,19,128,1,False,128.0,0,16.0,16.0,160000,364.1158401648988,10.837996012753424,0.08467184384963612,20.741167818998136,0.16204037358592294,4.8644160383932755,0.038003250299947465,1.7695797121270327,10,128,0.9911596610392425,128,25,45,93,123,0.1953125,0.3515625,0.7265625,0.9609375,1250.0,128.0,10000.0,46.658500955019704,4.482233394468709,0.03501744839428679,7.172200341825652,0.05603281517051291,2.5479495194694746,0.01990585562085527,2.509556857070744,10.0,128.0,0.9970607401496426,128.0,7.0,10.0,26.0,82.0,0.0546875,0.078125,0.203125,0.640625,78.125,10,76.49
layer2.1.conv2,conv,20,128,1,False,128.0,0,16.0,16.0,160000,72.21093744719458,17.125438933698938,0.13379249166952295,33.96745014115673,0.26537070422778697,5.692165505811729,0.04447004301415413,1.850239930662603,10,128,0.9961680200945003,128,38,60,104,125,0.296875,0.46875,0.8125,0.9765625,1250.0,128.0,10000.0,10.013200516218806,3.339540214697068,0.026090157927320844,5.952793475505854,0.046506199027389485,1.9578996258852783,0.015296090827228737,3.029358430341563,10.0,128.0,0.983911425374606,128.0,6.0,9.0,21.0,63.0,0.046875,0.0703125,0.1640625,0.4921875,78.125,10,76.49
layer2.1.conv3,conv,21,512,1,False,128.0,0,16.0,16.0,160000,31.471483417771854,16.636912647112332,0.032493970013891274,34.31569902922486,0.0670228496664548,5.571115380345099,0.010881084727236522,9.221380927452998,10,512,0.7685645724547726,311,42,65,105,125,0.08203125,0.126953125,0.205078125,0.244140625,312.5,512.0,10000.0,4.334792627444117,3.1713588140006905,0.006194060183595099,6.213120602405677,0.012135001176573589,1.8794979747272276,0.0036708944818891164,7.811873912202898,10.0,512.0,0.8291160057381624,320.0,7.0,11.0,33.0,91.0,0.013671875,0.021484375,0.064453125,0.177734375,19.53125,10,76.49
layer2.1,block,22,512,1,False,,0,16.0,16.0,160000,323.3353569621583,23.308309495438294,0.04552404198327792,67.00847853559301,0.1308759346398301,6.994779848606051,0.013661679391808693,1.3717594179179287,10,512,0.9992648295648532,512,124,229,424,502,0.2421875,0.447265625,0.828125,0.98046875,312.5,512.0,10000.0,38.95939431823042,4.365667178314693,0.008526693707645885,8.935638414672873,0.017452418778657955,2.3116644825442765,0.00451496969246929,1.8960264855609177,10.0,512.0,0.9973152210791075,512.0,10.0,16.0,74.0,343.0,0.01953125,0.03125,0.14453125,0.669921875,19.53125,10,76.49
layer2.2.conv1,conv,23,128,1,False,128.0,0,16.0,16.0,160000,481.75020611927215,15.864181211670399,0.12393891571617499,30.264685672244013,0.23644285681440635,6.51605443910584,0.050906675305514376,1.7458544413934383,10,128,0.9888809255989436,128,37,59,102,124,0.2890625,0.4609375,0.796875,0.96875,1250.0,128.0,10000.0,57.737240814344894,4.243970021557284,0.03315601579341628,7.682771295107917,0.0600216507430306,2.3165866954079246,0.01809833355787441,2.4268830388946188,10.0,128.0,0.9959114381084248,128.0,8.0,12.0,35.0,93.0,0.0625,0.09375,0.2734375,0.7265625,78.125,10,76.49
layer2.2.conv2,conv,24,128,1,False,128.0,0,16.0,16.0,160000,59.95922697178,18.829136845809547,0.14710263160788709,37.03381551525573,0.2893266837129354,6.266090242991882,0.04895383002337408,1.6726882831693977,10,128,0.9976278770831712,128,43,68,110,126,0.3359375,0.53125,0.859375,0.984375,1250.0,128.0,10000.0,7.70736283609603,3.163980005593123,0.024718593793696272,6.12836496367366,0.04787785127870047,1.8666819226860856,0.014583452520985044,2.8899201319826497,10.0,128.0,0.9817146384111122,128.0,7.0,10.0,26.0,73.0,0.0546875,0.078125,0.203125,0.5703125,78.125,10,76.49
layer2.2.conv3,conv,25,512,1,False,128.0,0,16.0,16.0,160000,30.36048186984866,12.644506155239617,0.024696301084452376,32.086026648645905,0.06266802079813653,4.174463717498502,0.008153249448239261,9.203969438373322,10,512,0.7661990441754993,313,46,70,108,126,0.08984375,0.13671875,0.2109375,0.24609375,312.5,512.0,10000.0,4.736787923541221,2.1567986280210047,0.004212497320353525,4.468045660250849,0.008726651680177439,1.4890716758173745,0.0029083431168308096,7.7695996329585455,10.0,512.0,0.8264684541043636,318.0,6.0,10.0,33.0,93.0,0.01171875,0.01953125,0.064453125,0.181640625,19.53125,10,76.49
layer2.2,block,26,512,1,False,,0,16.0,16.0,160000,449.1823889961521,24.81317950358727,0.04846324121794389,74.97526727925437,0.1464360689047937,6.946044416951131,0.013566493001857678,1.319992516082503,10,512,0.9985475350609274,512,145,254,435,503,0.283203125,0.49609375,0.849609375,0.982421875,312.5,512.0,10000.0,53.712525100099164,3.9628660502744224,0.007739972754442231,8.862984456115289,0.017310516515850173,2.1223554081120892,0.004145225406468924,1.8606217690220959,10.0,512.0,0.9975792506214539,512.0,10.0,17.0,86.0,363.0,0.01953125,0.033203125,0.16796875,0.708984375,19.53125,10,76.49
layer2.3.conv1,conv,27,128,1,False,128.0,0,16.0,16.0,160000,651.1186280521199,15.617636267101604,0.12201278333673128,32.11272134616191,0.25088063551688994,5.672159658047329,0.04431374732849476,1.7052455035842686,10,128,0.990470556876277,128,40,64,105,125,0.3125,0.5,0.8203125,0.9765625,1250.0,128.0,10000.0,74.97833747611801,3.989365421984424,0.031166917359253313,7.861867750376691,0.061420841799817896,2.1630919833271887,0.01689915611974366,2.3972281211480997,10.0,128.0,0.9963931244753705,128.0,9.0,13.0,39.0,98.0,0.0703125,0.1015625,0.3046875,0.765625,78.125,10,76.49
layer2.3.conv2,conv,28,128,1,False,128.0,0,16.0,16.0,160000,62.19678816680322,16.344049836420485,0.12768788934703504,33.46044675845112,0.2614097403003994,5.744543375827883,0.044879245123655334,1.6202407674760553,10,128,0.9987070445595162,128,41,67,109,126,0.3203125,0.5234375,0.8515625,0.984375,1250.0,128.0,10000.0,7.02503398291298,3.0895581253159263,0.024137172854030674,6.296170990006642,0.04918883585942689,1.8307692885943498,0.014302885067143358,2.9289515986743533,10.0,128.0,0.9822380238428168,128.0,8.0,11.0,28.0,76.0,0.0625,0.0859375,0.21875,0.59375,78.125,10,76.49
layer2.3.conv3,conv,29,512,1,False,128.0,0,16.0,16.0,160000,28.199528540254992,18.371184226092566,0.035881219191587044,37.43488350768192,0.07311500685094124,6.488487028361305,0.012672826227268175,9.264923652861865,10,512,0.7611217763847149,311,49,72,109,126,0.095703125,0.140625,0.212890625,0.24609375,312.5,512.0,10000.0,2.8631017898678373,3.2263622696321037,0.0063014888078752026,7.195591724859856,0.014053890087616906,1.866170424325759,0.003644864110011248,8.071577483124022,10.0,512.0,0.8191695542022552,318.0,9.0,15.0,46.0,104.0,0.017578125,0.029296875,0.08984375,0.203125,19.53125,10,76.49
layer2.3,block,30,512,1,False,,0,16.0,16.0,160000,578.5199180713659,28.995443856089235,0.05663172628142429,83.69647077610942,0.16346966948458871,8.11638194646001,0.015852308489179706,1.282933514152704,10,512,0.997954820904933,512,161,272,443,504,0.314453125,0.53125,0.865234375,0.984375,312.5,512.0,10000.0,60.41080036637103,4.730281300272873,0.009238830664595455,10.7103428452138,0.020918638369558203,2.366446664182471,0.004621966140981389,1.8429463210651287,10.0,512.0,0.9977287577612561,512.0,11.0,21.0,108.0,388.0,0.021484375,0.041015625,0.2109375,0.7578125,19.53125,10,76.49
layer3.0.conv1,conv,31,256,1,False,256.0,0,16.0,16.0,160000,859.0421118063172,19.043224813799632,0.07438759692890481,40.750950897890846,0.15918340194488612,6.8823097183772886,0.026884022337411283,1.8078250347028106,10,256,0.9636213136955464,256,55,96,181,240,0.21484375,0.375,0.70703125,0.9375,625.0,256.0,10000.0,90.16481259745,5.290650041019319,0.020666601722731714,10.164650813495435,0.03970566724021654,2.6003486114381418,0.010157611763430241,2.389178663011501,10.0,256.0,0.9852702676440848,256.0,10.0,15.0,52.0,163.0,0.0390625,0.05859375,0.203125,0.63671875,39.0625,10,76.49
layer3.0.conv2,conv,32,256,1,False,256.0,0,8.0,8.0,160000,171.86068394824218,19.07487631699009,0.07451123561324254,37.31262576451708,0.14575244439264484,7.5631675325437575,0.029543623173999053,1.6328198445566737,10,256,0.9917507815821982,256,41,85,195,248,0.16015625,0.33203125,0.76171875,0.96875,625.0,256.0,10000.0,20.452680345169238,6.097425674022797,0.02381806903915155,10.411441990597204,0.04066969527577033,3.090534701020372,0.012072401175860828,1.9958809448072938,10.0,256.0,0.9917972092750224,256.0,9.0,14.0,55.0,190.0,0.03515625,0.0546875,0.21484375,0.7421875,39.0625,10,76.49
layer3.0.conv3,conv,33,1024,1,False,256.0,0,8.0,8.0,160000,76.60733579772298,17.55710027701492,0.017145605739272384,37.36047275983195,0.03648483667952339,6.521712953267215,0.006368860305925015,7.629009278289261,10,1024,0.7527518402939563,625,50,96,192,246,0.048828125,0.09375,0.1875,0.240234375,156.25,1024.0,10000.0,9.18068324778776,5.764813666488313,0.005629700846179993,10.744157191397614,0.010492341007224232,2.903049890179242,0.002835009658378166,7.070913900373839,10.0,1024.0,0.7873936805857008,637.0,10.0,17.0,77.0,204.0,0.009765625,0.0166015625,0.0751953125,0.19921875,9.765625,10,76.49
layer3.0.downsample.0,conv,34,1024,1,False,512.0,0,8.0,8.0,160000,1041.1398498989247,13.09709670164858,0.012790133497703691,35.74911270609315,0.03491124287704409,4.658865434680265,0.004549673276054946,5.761953284358781,10,1024,0.5532807542703884,755,58,130,313,463,0.056640625,0.126953125,0.3056640625,0.4521484375,156.25,1024.0,10000.0,150.9963693098397,3.5960301458820427,0.0035117481893379324,7.9296398001726995,0.007743788867356152,2.0033224118974506,0.001956369542868604,5.378071472563731,10.0,1024.0,0.6092800043912096,765.0,9.0,15.0,89.0,331.0,0.0087890625,0.0146484375,0.0869140625,0.3232421875,9.765625,10,76.49
layer3.0,block,35,1024,1,False,,0,8.0,8.0,160000,460.0102614292184,25.09290765089199,0.02450479262782421,80.2482310852223,0.0783674131691624,7.956507745746004,0.007770027095455082,1.2867872232056872,10,1024,0.9980574718118258,1024,188,404,824,1000,0.18359375,0.39453125,0.8046875,0.9765625,156.25,1024.0,10000.0,52.58567521839373,6.213315039375021,0.006067690468139669,14.644934963110419,0.014301694299912519,2.8862453197999085,0.002818598945117098,1.5512594808711089,10.0,1024.0,0.9959670454157111,1024.0,15.0,39.0,304.0,856.0,0.0146484375,0.0380859375,0.296875,0.8359375,9.765625,10,76.49
layer3.1.conv1,conv,36,256,1,False,256.0,0,8.0,8.0,160000,798.4872910736685,15.564534508052223,0.060798962922078995,33.487473598317735,0.13081044374342865,6.161028772393501,0.024066518642162114,1.625913276932223,10,256,0.9900186009897439,256,45,89,188,245,0.17578125,0.34765625,0.734375,0.95703125,625.0,256.0,10000.0,92.52244969637654,6.4967930833656355,0.025378097981897014,11.917724805784731,0.046553612522596606,3.195763125585368,0.012483449709317843,1.9633327030788332,10.0,256.0,0.9943416804567391,256.0,11.0,19.0,80.0,207.0,0.04296875,0.07421875,0.3125,0.80859375,39.0625,10,76.49
layer3.1.conv2,conv,37,256,1,False,256.0,0,8.0,8.0,160000,165.23213918077556,25.67575914851823,0.10029593417389934,50.64094101351105,0.19781617583402755,9.29433549159797,0.03630599801405457,1.7245679357343087,10,256,0.9979430246650114,256,58,101,201,249,0.2265625,0.39453125,0.78515625,0.97265625,625.0,256.0,10000.0,14.784153026273817,6.630896697137078,0.02590194022319171,11.541254601574007,0.045083025787398465,3.494459039637612,0.013650230623584421,2.336389766449993,10.0,256.0,0.9857000560363739,256.0,11.0,18.0,64.0,176.0,0.04296875,0.0703125,0.25,0.6875,39.0625,10,76.49
layer3.1.conv3,conv,38,1024,1,False,256.0,0,8.0,8.0,160000,64.45370759788217,25.995211629532946,0.025385948856965768,55.74798738579645,0.054441393931441845,9.941980487137615,0.009708965319470327,7.887459871630033,10,1024,0.7421796060054372,620,78,127,211,250,0.076171875,0.1240234375,0.2060546875,0.244140625,156.25,1024.0,10000.0,5.175062289225466,7.046550721451641,0.0068813971889176186,14.386877479641,0.014049685038711915,3.4248311882599825,0.003344561707285139,7.387089702898775,10.0,1024.0,0.7759774040564573,636.0,16.0,33.0,122.0,226.0,0.015625,0.0322265625,0.119140625,0.220703125,9.765625,10,76.49
layer3.1,block,39,1024,1,False,,0,8.0,8.0,160000,685.153220579113,35.24123062495748,0.03441526428218504,115.20540700697453,0.11250528028024856,9.952056027704934,0.0097188047145556,1.250588613141084,10,1024,0.9991739545694754,1024,265,492,870,1006,0.2587890625,0.48046875,0.849609375,0.982421875,156.25,1024.0,10000.0,64.76674803912596,7.950148308746491,0.007763816707760245,19.077676569523852,0.018630543524925637,3.5562564830820853,0.003472906721759849,1.5027566091946207,10.0,1024.0,0.9965001620466777,1024.0,22.0,62.0,418.0,906.0,0.021484375,0.060546875,0.408203125,0.884765625,9.765625,10,76.49
layer3.2.conv1,conv,40,256,1,False,256.0,0,8.0,8.0,160000,1047.4219815074969,22.209925983894724,0.08675752337458877,47.92635919861338,0.18721234061958353,8.25899346983516,0.03226169324154359,1.5748884239141325,10,256,0.9891814547126521,256,68,116,204,249,0.265625,0.453125,0.796875,0.97265625,625.0,256.0,10000.0,91.79978520965166,8.591333937198046,0.03355989819217987,16.120559278820913,0.06297093468289419,4.1698771876316165,0.016288582764186002,1.8915653758666247,10.0,256.0,0.9937591828548049,256.0,15.0,30.0,117.0,224.0,0.05859375,0.1171875,0.45703125,0.875,39.0625,10,76.49
layer3.2.conv2,conv,41,256,1,False,256.0,0,8.0,8.0,160000,126.99590366484863,27.76780810024537,0.10846800039158348,57.52197452895761,0.22469521300374065,9.404750452534612,0.03673730645521333,1.5573190235147936,10,256,0.9966813093128443,256,72,125,215,251,0.28125,0.48828125,0.83984375,0.98046875,625.0,256.0,10000.0,10.125846474378294,8.150664770603727,0.03183853426017081,14.54981396480597,0.05683521080002332,4.491423809917238,0.017544624257489212,2.265589697438981,10.0,256.0,0.9834712006229481,256.0,14.0,25.0,87.0,195.0,0.0546875,0.09765625,0.33984375,0.76171875,39.0625,10,76.49
layer3.2.conv3,conv,42,1024,1,False,256.0,0,8.0,8.0,160000,58.733831517429124,27.646967518201702,0.02699899171699385,62.21704029090552,0.060758828409087424,8.756030293967367,0.008550810833952507,7.963590277704137,10,1024,0.7368420866796193,618,90,140,217,251,0.087890625,0.13671875,0.2119140625,0.2451171875,156.25,1024.0,10000.0,4.676301382232651,7.285623140164051,0.007114866347816456,15.897144222950535,0.015524554905225132,3.450438986284566,0.0033695693225435216,7.44891750563,10.0,1024.0,0.7726847593866535,638.0,19.0,40.0,136.0,231.0,0.0185546875,0.0390625,0.1328125,0.2255859375,9.765625,10,76.49
layer3.2,block,43,1024,1,False,,0,8.0,8.0,160000,948.7099317682,39.646196991128086,0.03871698924914852,130.69088616321199,0.1276278185187617,11.29621890500817,0.01103146377442204,1.2177118961737832,10,1024,0.998167053456374,1024,304,533,886,1009,0.296875,0.5205078125,0.865234375,0.9853515625,156.25,1024.0,10000.0,84.25181556686606,8.744242978039134,0.008539299783241342,21.504298808556637,0.02100029180523109,3.845072891924778,0.003754953996020291,1.490765521015961,10.0,1024.0,0.9963145837082615,1024.0,26.0,77.0,465.0,921.0,0.025390625,0.0751953125,0.4541015625,0.8994140625,9.765625,10,76.49
layer3.3.conv1,conv,44,256,1,False,256.0,0,8.0,8.0,160000,1343.0664534208202,25.844671053367414,0.10095574630221646,55.6242547214239,0.21728224500556212,9.347539771664602,0.03651382723306485,1.5345974973613723,10,256,0.9885346733414211,256,78,128,211,250,0.3046875,0.5,0.82421875,0.9765625,625.0,256.0,10000.0,114.10154884969444,9.16355277559589,0.03579512802967145,17.821399230815945,0.06961484074537479,4.392407124835682,0.017157840331389382,1.8687260304596693,10.0,256.0,0.993184938763952,256.0,18.0,36.0,129.0,229.0,0.0703125,0.140625,0.50390625,0.89453125,39.0625,10,76.49
layer3.3.conv2,conv,45,256,1,False,256.0,0,8.0,8.0,160000,112.22965747823275,25.723553701603844,0.10048263164689002,57.01029058591884,0.22269644760124546,8.590916639019843,0.03355826812117126,1.4752144953099104,10,256,0.9973128061200215,256,78,133,219,252,0.3046875,0.51953125,0.85546875,0.984375,625.0,256.0,10000.0,9.170478443001855,8.335694181249597,0.03256130539550624,15.217682802162445,0.05944407344594705,4.304676398295755,0.016815142180842794,2.2469599635615505,10.0,256.0,0.9825987947513024,256.0,16.0,26.0,92.0,199.0,0.0625,0.1015625,0.359375,0.77734375,39.0625,10,76.49
layer3.3.conv3,conv,46,1024,1,False,256.0,0,8.0,8.0,160000,60.41705704026216,19.583154142253044,0.019124173967043988,53.7238301229792,0.052464677854471876,5.9202061818256055,0.005781451349439068,7.861928685403999,10,1024,0.7373210133459598,622,90,141,217,251,0.087890625,0.1376953125,0.2119140625,0.2451171875,156.25,1024.0,10000.0,5.480425245762966,5.767783524845162,0.005632601098481603,13.18115166719075,0.012872218424990967,2.805390919922619,0.0027396395702369326,7.371398576024364,10.0,1024.0,0.7740634816792087,636.0,17.0,34.0,130.0,229.0,0.0166015625,0.033203125,0.126953125,0.2236328125,9.765625,10,76.49
layer3.3,block,47,1024,1,False,,0,8.0,8.0,160000,1244.0175143776457,37.42393350654546,0.0365468100649858,130.61056275354386,0.12754937768900768,10.51783930579296,0.010271327447063437,1.1859946417563212,10,1024,0.9970293462944841,1024,321,551,893,1009,0.3134765625,0.5380859375,0.8720703125,0.9853515625,156.25,1024.0,10000.0,112.89127226839052,8.78034982560788,0.008574560376570195,21.494089770498164,0.020990322041502113,3.9476044164412487,0.003855082437930907,1.4843544041855052,10.0,1024.0,0.9957195487366977,1024.0,26.0,78.0,472.0,923.0,0.025390625,0.076171875,0.4609375,0.9013671875,9.765625,10,76.49
layer3.4.conv1,conv,48,256,1,False,256.0,0,8.0,8.0,160000,1613.952735950884,25.440002873381882,0.09937501122414798,58.80243569514007,0.2296970144341409,7.972580557398866,0.031142892802339322,1.4784742082647289,10,256,0.9879549952596652,256,87,137,216,251,0.33984375,0.53515625,0.84375,0.98046875,625.0,256.0,10000.0,142.75383146516032,8.269148155329306,0.0323013599817551,17.469832673802593,0.06824153388204138,3.7103128601938025,0.014493409610132041,1.848273904720441,10.0,256.0,0.9931486489886255,256.0,19.0,39.0,135.0,231.0,0.07421875,0.15234375,0.52734375,0.90234375,39.0625,10,76.49
layer3.4.conv2,conv,49,256,1,False,256.0,0,8.0,8.0,160000,98.6929215497278,18.65595600612795,0.07287482814893731,52.2467203673221,0.20408875143485194,5.424990202455443,0.021191367978341574,1.3805098282935322,10,256,0.9960262697523444,256,84,141,223,252,0.328125,0.55078125,0.87109375,0.984375,625.0,256.0,10000.0,9.851317750666677,4.534210952923739,0.017711761534858355,10.521104420080924,0.04109806414094111,2.318277248324978,0.009055770501269446,2.203776675777003,10.0,256.0,0.9768619362053591,256.0,14.0,24.0,89.0,195.0,0.0546875,0.09375,0.34765625,0.76171875,39.0625,10,76.49
layer3.4.conv3,conv,50,1024,1,False,256.0,0,8.0,8.0,160000,63.35777378833992,8.284233357912782,0.008090071638586702,35.7788670343876,0.03494029983826914,3.0316013592581923,0.0029605482024005784,7.6989809344791835,10,1024,0.7427059976759091,622,83,134,214,250,0.0810546875,0.130859375,0.208984375,0.244140625,156.25,1024.0,10000.0,7.790707024208594,2.544188912425154,0.0024845594847901897,6.472333180734237,0.0063206378718107786,1.6270507910561578,0.001588916788140779,7.142886131010012,10.0,1024.0,0.7829631444581422,637.0,11.0,23.0,108.0,220.0,0.0107421875,0.0224609375,0.10546875,0.21484375,9.765625,10,76.49
layer3.4,block,51,1024,1,False,,0,8.0,8.0,160000,1600.129199793238,24.52693730994092,0.02395208721673918,111.2181512207272,0.1086114758014914,6.162497429668852,0.006018063896160988,1.1625623706277937,10,1024,0.9962167049900129,1024,316,549,892,1009,0.30859375,0.5361328125,0.87109375,0.9853515625,156.25,1024.0,10000.0,161.11193768587813,6.168557515902141,0.006023981949123185,16.853623531002068,0.016458616729494207,2.8398000299997417,0.0027732422167966227,1.480088859513636,10.0,1024.0,0.9953554727638252,1024.0,22.0,64.0,438.0,912.0,0.021484375,0.0625,0.427734375,0.890625,9.765625,10,76.49
layer3.5.conv1,conv,52,256,1,False,256.0,0,8.0,8.0,160000,2000.989533024284,19.558646710222565,0.0764009637118069,53.873913264234325,0.21044497368841533,5.597100769259807,0.02186367487992112,1.4624669591081865,10,256,0.9881803825767241,256,86,136,215,251,0.3359375,0.53125,0.83984375,0.98046875,625.0,256.0,10000.0,201.89509566019368,6.02154067148451,0.023521643247986366,14.207433333160843,0.05549778645765954,2.7864424454039325,0.010884540802359111,1.841825138739048,10.0,256.0,0.9925664647380138,256.0,17.0,33.0,127.0,228.0,0.06640625,0.12890625,0.49609375,0.890625,39.0625,10,76.49
layer3.5.conv2,conv,53,256,1,False,256.0,0,8.0,8.0,160000,102.04182109351346,13.090414779021213,0.05113443273055161,43.137492454172055,0.1685058298991096,4.152853809892699,0.016222085194893356,1.3559941616437077,10,256,0.9964294559787873,256,79,136,221,252,0.30859375,0.53125,0.86328125,0.984375,625.0,256.0,10000.0,12.241384203607023,3.2836264718973003,0.01282666590584883,8.089727941372804,0.031600499770987514,1.8778279731509802,0.007335265520121016,2.240843523114193,10.0,256.0,0.9774120363155497,256.0,12.0,20.0,77.0,187.0,0.046875,0.078125,0.30078125,0.73046875,39.0625,10,76.49
layer3.5.conv3,conv,54,1024,1,False,256.0,0,8.0,8.0,160000,70.00917503652646,5.347385231878562,0.005222055890506408,24.263907077854764,0.023695221755717543,2.3768901590724365,0.0023211817959691763,7.532022214978286,10,1024,0.7481004230919484,626,70,123,209,249,0.068359375,0.1201171875,0.2041015625,0.2431640625,156.25,1024.0,10000.0,10.061432451425878,1.9203379487481687,0.0018753300280743835,4.553507629651267,0.004446784794581315,1.394480493465455,0.0013617973568998585,6.988700492696525,10.0,1024.0,0.7880275295242758,637.0,8.0,17.0,90.0,211.0,0.0078125,0.0166015625,0.087890625,0.2060546875,9.765625,10,76.49
layer3.5,block,55,1024,1,False,,0,8.0,8.0,160000,2064.1538583870533,14.13050785759219,0.013799324079679874,83.24683614532292,0.08129573842316691,4.116851992453518,0.004020363273880389,1.1429910351708132,10,1024,0.9952515016760418,1024,292,529,884,1008,0.28515625,0.5166015625,0.86328125,0.984375,156.25,1024.0,10000.0,234.0978464500586,4.026652469270651,0.00393227780202212,11.999020558407269,0.011717793514069598,2.1113150131982854,0.0020618310675764506,1.4791616842909605,10.0,1024.0,0.994672002564805,1024.0,18.0,48.0,385.0,893.0,0.017578125,0.046875,0.3759765625,0.8720703125,9.765625,10,76.49
layer4.0.conv1,conv,56,512,1,False,512.0,0,8.0,8.0,160000,2716.253252341505,13.445591193672495,0.026260920300141592,48.73415112251952,0.09518388891117094,4.242508445335095,0.008286149307295107,1.5932971763656563,10,512,0.9550624495604312,512,101,191,365,481,0.197265625,0.373046875,0.712890625,0.939453125,312.5,512.0,10000.0,328.07453821274527,4.812537058519025,0.00939948644241997,11.63398093588872,0.022722619015407657,2.399164553722459,0.0046858682689891774,1.9234245897752762,10.0,512.0,0.9732145520300948,512.0,14.0,26.0,150.0,385.0,0.02734375,0.05078125,0.29296875,0.751953125,19.53125,10,76.49
layer4.0.conv2,conv,57,512,1,False,512.0,0,4.0,4.0,160000,435.39423130782177,6.718490796768895,0.013122052337439249,21.396915593539003,0.041790850768630865,2.8718980275091712,0.00560917583497885,1.4198998237102942,10,512,0.9827424606157507,512,33,87,341,488,0.064453125,0.169921875,0.666015625,0.953125,312.5,512.0,10000.0,78.92497697729675,2.776861513181211,0.005423557642932053,6.2918760853566615,0.01228882047921223,1.7245219818393798,0.0033682069957800386,1.5035402012081998,10.0,512.0,0.9808771913474303,512.0,8.0,15.0,120.0,410.0,0.015625,0.029296875,0.234375,0.80078125,19.53125,10,76.49
layer4.0.conv3,conv,58,2048,1,False,512.0,0,4.0,4.0,160000,416.9420555886564,1.8816763093376647,0.0009187872604187816,4.762804678840365,0.002325588222090022,1.3803123133141781,0.0006739806217354385,5.981809120991806,10,2048,0.7587957506787935,1268,10,24,195,436,0.0048828125,0.01171875,0.09521484375,0.212890625,78.125,2048.0,10000.0,101.2070592266995,1.3134302491252925,0.0006413233638307092,2.1022034879130382,0.0010264665468325382,1.147763912794177,0.0005604315980440317,5.406054185947927,10.0,2048.0,0.7788928705272953,1275.0,2.0,5.0,26.0,291.0,0.0009765625,0.00244140625,0.0126953125,0.14208984375,4.8828125,10,76.49
layer4.0.downsample.0,conv,59,2048,1,False,1024.0,0,4.0,4.0,160000,5919.5850208885195,2.2934600171715163,0.0011198535240095294,8.72783339605911,0.004261637400419487,1.5226749445218186,0.0007434936252547942,4.890052142285984,10,2048,0.5494599328155558,1527,30,117,506,881,0.0146484375,0.05712890625,0.2470703125,0.43017578125,78.125,2048.0,10000.0,1148.1728578299496,1.5616261758638323,0.0007625127811835119,3.3109482747055194,0.0016166739622585544,1.2536371244343991,0.0006121275021652339,4.613911258651881,10.0,2048.0,0.5782569608826346,1535.0,5.0,14.0,199.0,707.0,0.00244140625,0.0068359375,0.09716796875,0.34521484375,4.8828125,10,76.49
layer4.0,block,60,2048,1,False,,0,4.0,4.0,160000,585.1915695129338,6.904272394792784,0.003371226755269914,39.436934337485575,0.019256315594475378,2.7886919085085475,0.0013616659709514392,1.2202222314685558,10,2048,0.9937113519386777,2048,172,533,1472,1969,0.083984375,0.26025390625,0.71875,0.96142578125,78.125,2048.0,10000.0,99.62168671493775,3.223308864205649,0.0015738812813504146,10.150149184841602,0.004956127531660939,1.860301244724246,0.0009083502171505107,1.3489561891048605,10.0,2048.0,0.9827137188207639,2048.0,16.0,69.0,787.0,1755.0,0.0078125,0.03369140625,0.38427734375,0.85693359375,4.8828125,10,76.49
layer4.1.conv1,conv,61,512,1,False,512.0,0,4.0,4.0,160000,853.6596774165756,7.115313640306878,0.013897096953724371,25.391152765564538,0.04959209524524324,2.894963506831161,0.005654225599279612,1.4627228814757753,10,512,0.9847380082067286,512,47,130,349,485,0.091796875,0.25390625,0.681640625,0.947265625,312.5,512.0,10000.0,141.609788383518,3.947897299820155,0.0077107369137112405,9.989525190421778,0.019510791387542536,2.11798136559254,0.00413668235467293,1.5249443164940801,10.0,512.0,0.9824563429529595,512.0,13.0,27.0,207.0,441.0,0.025390625,0.052734375,0.404296875,0.861328125,19.53125,10,76.49
layer4.1.conv2,conv,62,512,1,False,512.0,0,4.0,4.0,160000,357.7919451109727,6.267974385929068,0.012242137472517711,21.329167841032802,0.04165853093951719,2.713861275342755,0.005300510303403818,1.5188557260259108,10,512,0.9969833930207361,512,40,94,328,485,0.078125,0.18359375,0.640625,0.947265625,312.5,512.0,10000.0,72.42420950344842,1.918395743070082,0.003746866685683754,4.094223388166155,0.007996530055012021,1.3988658319674492,0.002732159828061424,1.8022772050682636,10.0,512.0,0.9788888194183905,512.0,6.0,11.0,69.0,327.0,0.01171875,0.021484375,0.134765625,0.638671875,19.53125,10,76.49
layer4.1.conv3,conv,63,2048,1,False,512.0,0,4.0,4.0,160000,455.6806618639029,1.5931585467171467,0.0007779094466392318,3.587580899727067,0.001751748486194857,1.2658234525930485,0.0006180778577114495,5.823884273158745,10,2048,0.7597238519204274,1266,6,21,178,429,0.0029296875,0.01025390625,0.0869140625,0.20947265625,78.125,2048.0,10000.0,141.77603150825306,1.137274641439759,0.0005553098835155073,1.5150613048833483,0.0007397760277750724,1.0667397019224971,0.0005208689950793443,5.091545616057009,10.0,2048.0,0.7886894287141346,1278.0,1.0,2.0,13.0,213.0,0.00048828125,0.0009765625,0.00634765625,0.10400390625,4.8828125,10,76.49
layer4.1,block,64,2048,1,False,,0,4.0,4.0,160000,864.8383078490468,5.4198545867931704,0.0026464133724576028,31.87642952651413,0.015564662854743228,2.408122481743552,0.0011758410555388437,1.203077913035015,10,2048,0.9950708870997,2048,144,490,1457,1968,0.0703125,0.2392578125,0.71142578125,0.9609375,78.125,2048.0,10000.0,197.3348689192707,2.1897525780346485,0.0010692151259934807,5.761385709133093,0.0028131766157876432,1.500624174046087,0.0007327266474834409,1.3273774848519748,10.0,2048.0,0.9844615247263226,2048.0,8.0,24.0,528.0,1650.0,0.00390625,0.01171875,0.2578125,0.8056640625,4.8828125,10,76.49
layer4.2.conv1,conv,65,512,1,False,512.0,0,4.0,4.0,160000,1077.0007690592188,7.305547385413319,0.014268647237135388,26.344665113250056,0.051454424049316515,2.9614425152800257,0.0057840674126563,1.4361659042949588,10,512,0.9869932072270712,512,55,142,358,487,0.107421875,0.27734375,0.69921875,0.951171875,312.5,512.0,10000.0,212.7959172832598,3.2383595559710683,0.006324921007755993,7.818026961407308,0.015269583908998649,1.888625498334597,0.0036887216764347596,1.4912407173620472,10.0,512.0,0.9824804645833108,512.0,10.0,20.0,181.0,432.0,0.01953125,0.0390625,0.353515625,0.84375,19.53125,10,76.49
layer4.2.conv2,conv,66,512,1,False,512.0,0,4.0,4.0,160000,347.15968122271977,5.101326766744815,0.009963528841298466,16.11564841274056,0.0314758758061339,2.4282663637017206,0.004742707741604923,1.4237428534052778,10,512,0.9942967686530904,512,29,77,318,483,0.056640625,0.150390625,0.62109375,0.943359375,312.5,512.0,10000.0,94.9322566875999,2.095337787077349,0.004092456615385447,4.029451446777565,0.007870022356987432,1.4774713602433125,0.0028856862504752197,1.7408825260514955,10.0,512.0,0.9700776243424825,512.0,5.0,8.0,35.0,282.0,0.009765625,0.015625,0.068359375,0.55078125,19.53125,10,76.49
layer4.2.conv3,conv,67,2048,1,False,512.0,0,4.0,4.0,160000,424.83314050781945,1.5414790985837583,0.0007526753411053507,3.252168550196869,0.001587972924900815,1.244876419777867,0.0006078498143446616,5.738532855314865,10,2048,0.7598109459545905,1264,5,15,153,419,0.00244140625,0.00732421875,0.07470703125,0.20458984375,78.125,2048.0,10000.0,147.65849691049218,1.233251983910839,0.0006021738202689643,1.7483692088555787,0.000853695902761513,1.1119663859388371,0.0005429523368841978,5.00065068239176,10.0,2048.0,0.7929166475716212,1277.0,2.0,3.0,10.0,172.0,0.0009765625,0.00146484375,0.0048828125,0.083984375,4.8828125,10,76.49
layer4.2,block,68,2048,1,False,,0,4.0,4.0,160000,700.0580820247146,10.73049297399703,0.0052394985224594876,68.56316154993907,0.033478106225556185,3.5551474733882595,0.001735911852240361,1.1779560545742678,10,2048,0.9952846976795616,2048,313,755,1620,1994,0.15283203125,0.36865234375,0.791015625,0.9736328125,78.125,2048.0,10000.0,152.01053483560926,4.623735288237958,0.0022576832462099404,13.014535123978305,0.006354753478505032,2.321402159806323,0.001133497148342931,1.3244455055275681,10.0,2048.0,0.984880104747648,2048.0,14.0,62.0,776.0,1761.0,0.0068359375,0.0302734375,0.37890625,0.85986328125,4.8828125,10,76.49
fc,linear,69,10,1,False,,0,,,10000,203.4388348089233,2.437204068150596,0.24372040681505963,3.757497682449218,0.3757497682449218,1.6340064732267217,0.16340064732267218,,10,10,,10,5,6,8,9,0.5,0.6,0.8,0.9,1000.0,,,,,,,,,,,,,,,,,,,,,,,,10,76.49
conv1,conv,0,64,1,False,27.0,0,32.0,32.0,160000,33.677690641403764,2.6550913105505436,0.041485801727352244,4.252553617092209,0.06644615026706577,1.7079683872820761,0.02668700605128244,14.052304087219461,10,64,0.9322386931681493,45,5,6,10,13,0.078125,0.09375,0.15625,0.203125,2500.0,64.0,10000.0,8.179481471381534,1.6819944592669147,0.026281163426045542,2.0872632991098574,0.03261348904859152,1.3387999877014458,0.02091874980783509,8.448233492210818,10.0,64.0,0.962838653716266,41.0,2.0,3.0,3.0,5.0,0.03125,0.046875,0.046875,0.078125,156.25,15,81.43
layer1.0.conv1,conv,1,64,1,False,64.0,0,32.0,32.0,160000,3.712670539302941,5.998115160572979,0.0937205493839528,8.555659242757722,0.1336821756680894,3.6110744077043555,0.056423037620380555,5.5727267229623045,10,64,0.8987049277105239,64,8,10,18,32,0.125,0.15625,0.28125,0.5,2500.0,64.0,10000.0,0.3287033810201946,3.6294523280225834,0.056710192625352866,5.002538518172684,0.07816466434644818,2.3053210228242658,0.03602064098162915,6.09751834621383,10.0,64.0,0.9035851479666065,64.0,5.0,6.0,11.0,21.0,0.078125,0.09375,0.171875,0.328125,156.25,15,81.43
layer1.0.conv2,conv,2,64,1,False,64.0,0,32.0,32.0,160000,12.075564546863365,8.915893622491328,0.139310837851427,13.746244757893065,0.21478507434207914,4.727491917609819,0.07386706121265342,2.7867960804989145,10,64,0.9950529256086916,64,13,19,37,58,0.203125,0.296875,0.578125,0.90625,2500.0,64.0,10000.0,0.6239677413839271,3.57406941793782,0.05584483465527844,5.3403198855033125,0.08344249821098926,2.3372131295128153,0.03651895514863774,4.320942108009467,10.0,64.0,0.9784549109854049,64.0,5.0,7.0,15.0,31.0,0.078125,0.109375,0.234375,0.484375,156.25,15,81.43
layer1.0.conv3,conv,3,256,1,False,64.0,0,32.0,32.0,160000,4.114940084312391,6.882216899965375,0.026883659765489745,11.547988238296812,0.04510932905584692,3.6045715295531626,0.014080357537317041,10.467133919234278,10,256,0.8126595638121452,158,12,19,40,59,0.046875,0.07421875,0.15625,0.23046875,625.0,256.0,10000.0,0.1651563583837721,3.1954346747617484,0.01248216669828808,5.489358699187484,0.02144280741870111,1.9764785821947546,0.00772061946169826,9.714986836335033,10.0,256.0,0.8556922751001169,160.0,6.0,9.0,20.0,43.0,0.0234375,0.03515625,0.078125,0.16796875,39.0625,15,81.43
layer1.0.downsample.0,conv,4,256,1,False,64.0,0,32.0,32.0,160000,6.025756425450624,6.197353298485754,0.024208411322209977,8.398310027630629,0.032805898545432144,3.786213134868966,0.014789895058081898,9.39429594002481,10,256,0.8719242656799653,160,8,10,16,36,0.03125,0.0390625,0.0625,0.140625,625.0,256.0,10000.0,1.095274210059128,3.208086066509226,0.012531586197301664,3.9995677806739725,0.015623311643257705,2.286098726608497,0.008930073150814441,8.00484743789893,10.0,256.0,0.9165430035953146,160.0,3.0,4.0,8.0,16.0,0.01171875,0.015625,0.03125,0.0625,39.0625,15,81.43
layer1.0,block,5,256,1,False,,0,32.0,32.0,160000,34.24683543014891,13.594666465562279,0.05310416588110265,28.123793062135707,0.1098585666489676,6.382901112986692,0.024933207472604267,1.8060369535472147,10,256,0.9985047001933152,256,35,65,167,242,0.13671875,0.25390625,0.65234375,0.9453125,625.0,256.0,10000.0,3.5910257115890047,4.464977344459806,0.017441317751796116,6.909904896896769,0.026991816003503005,2.767721112835647,0.010811410597014246,2.5252458221898424,10.0,256.0,0.9983842079662993,256.0,6.0,11.0,29.0,113.0,0.0234375,0.04296875,0.11328125,0.44140625,39.0625,15,81.43
layer1.1.conv1,conv,6,64,1,False,64.0,0,32.0,32.0,160000,35.719273262174134,5.42788427905518,0.08481069186023718,10.434309346267243,0.16303608353542567,2.688566305586476,0.042008848524788686,2.5153101311052954,10,64,0.9949542082779002,64,12,18,39,59,0.1875,0.28125,0.609375,0.921875,2500.0,64.0,10000.0,1.840712536711195,4.778613299489841,0.07466583280452876,7.087283405223936,0.110738803206624,2.940338266885299,0.045942785420082795,3.300203229679838,10.0,64.0,0.9939292295469999,64.0,6.0,10.0,20.0,44.0,0.09375,0.15625,0.3125,0.6875,156.25,15,81.43
layer1.1.conv2,conv,7,64,1,False,64.0,0,32.0,32.0,160000,14.246866397257532,9.25977204916059,0.14468393826813422,14.388006242894212,0.22481259754522206,4.709218883606474,0.07358154505635116,2.5351599486204988,10,64,0.9972243032916405,64,13,20,41,60,0.203125,0.3125,0.640625,0.9375,2500.0,64.0,10000.0,0.38647648526718004,2.875157510906078,0.04492433610790747,4.900434002976971,0.07656928129651518,1.80926481836753,0.028269762786992655,3.814265726328518,10.0,64.0,0.9702702769958386,64.0,5.0,8.0,17.0,36.0,0.078125,0.125,0.265625,0.5625,156.25,15,81.43
layer1.1.conv3,conv,8,256,1,False,64.0,0,32.0,32.0,160000,4.315670466509955,8.488375153410505,0.033157715443009786,13.95841367840625,0.054525053431274416,4.366634194961695,0.01705716482406912,10.660176366212685,10,256,0.8099883943109196,158,14,22,43,60,0.0546875,0.0859375,0.16796875,0.234375,625.0,256.0,10000.0,0.09597560477676922,3.422280626603316,0.013368283697669204,6.293098052144757,0.024582414266190455,1.9872851411786485,0.007762832582729096,9.949491674987147,10.0,256.0,0.8511332829702514,159.0,7.0,11.0,23.0,47.0,0.02734375,0.04296875,0.08984375,0.18359375,39.0625,15,81.43
layer1.1,block,9,256,1,False,,0,32.0,32.0,160000,60.415975939704836,15.6645932460239,0.06118981736728086,33.892878965643106,0.13239405845954338,6.443495796677789,0.025169905455772613,1.6642943963112398,10,256,0.9986351794037257,256,45,85,188,247,0.17578125,0.33203125,0.734375,0.96484375,625.0,256.0,10000.0,3.7487110604643332,5.222251745060678,0.020399420879143274,8.47399379562866,0.03310153826417445,2.995761120866584,0.011702191878385095,2.4036386397968132,10.0,256.0,0.9984534209002118,256.0,7.0,13.0,38.0,143.0,0.02734375,0.05078125,0.1484375,0.55859375,39.0625,15,81.43
layer1.2.conv1,conv,10,64,1,False,64.0,0,32.0,32.0,160000,61.36423672700942,5.49460811450435,0.08585325178913047,10.736845869568084,0.1677632167120013,2.735615097844508,0.04274398590382044,2.2010150945151605,10,64,0.9864434790353924,64,13,21,43,60,0.203125,0.328125,0.671875,0.9375,2500.0,64.0,10000.0,1.6013613469223236,5.3981793040738975,0.08434655162615465,8.652415384221394,0.13519399037845928,2.8477566476614284,0.04449619761970982,3.0965367881812207,10.0,64.0,0.9892940279027118,64.0,8.0,12.0,26.0,50.0,0.125,0.1875,0.40625,0.78125,156.25,15,81.43
layer1.2.conv2,conv,11,64,1,False,64.0,0,32.0,32.0,160000,13.24370665009606,9.65515659693812,0.15086182182715813,15.834643062435058,0.24741629785054778,4.3700202677842634,0.06828156668412912,2.4564031547940637,10,64,0.9967088148120155,64,15,23,44,61,0.234375,0.359375,0.6875,0.953125,2500.0,64.0,10000.0,0.29653049354126815,3.030806878747496,0.04735635748042963,5.115963632055291,0.07993693175086392,1.8754046400130033,0.029303197500203177,3.755975681796706,10.0,64.0,0.9803490387526105,64.0,6.0,8.0,16.0,36.0,0.09375,0.125,0.25,0.5625,156.25,15,81.43
layer1.2.conv3,conv,12,256,1,False,64.0,0,32.0,32.0,160000,2.761066938409378,11.118333063517737,0.04343098852936616,18.82125212717053,0.07352051612175989,4.773590890071032,0.01864683941433997,11.024130764414362,10,256,0.8067999023195522,158,19,28,49,62,0.07421875,0.109375,0.19140625,0.2421875,625.0,256.0,10000.0,0.10092969609749612,2.592625024040311,0.010127441500157465,4.702825143060258,0.01837041071507913,1.6739607632012676,0.006538909231254952,9.65488292428642,10.0,256.0,0.8511890858016083,160.0,6.0,8.0,19.0,43.0,0.0234375,0.03125,0.07421875,0.16796875,39.0625,15,81.43
layer1.2,block,13,256,1,False,,0,32.0,32.0,160000,77.71756498651601,20.240301848151447,0.07906367909434159,43.099108149347735,0.1683558912083896,7.668794086333612,0.029956226899740673,1.5866534701995139,10,256,0.9984851142093892,256,59,105,203,250,0.23046875,0.41015625,0.79296875,0.9765625,625.0,256.0,10000.0,4.41745963696638,5.464762575331613,0.021346728809889113,9.340893749628675,0.03648786620948701,2.9109583327753694,0.011370930987403787,2.3441983487780402,10.0,256.0,0.9988169116114674,256.0,9.0,15.0,42.0,156.0,0.03515625,0.05859375,0.1640625,0.609375,39.0625,15,81.43
layer2.0.conv1,conv,14,128,1,False,128.0,0,32.0,32.0,160000,76.03943196830014,10.639520085918083,0.08312125067123502,19.06351237068686,0.14893369039599108,4.446082324685832,0.03473501816160806,2.3296537664854964,10,128,0.9770723505528908,128,18,32,73,114,0.140625,0.25,0.5703125,0.890625,1250.0,128.0,10000.0,4.5880318368721325,4.548831518182956,0.03553774623580434,7.242610155246689,0.05658289183786476,2.537720377056287,0.01982594044575224,3.1189794460401887,10.0,128.0,0.9929882943871685,128.0,7.0,10.0,22.0,61.0,0.0546875,0.078125,0.171875,0.4765625,78.125,15,81.43
layer2.0.conv2,conv,15,128,1,False,128.0,0,16.0,16.0,160000,36.253841720492716,13.114252978934653,0.10245510139792698,21.61941325899529,0.1689016660859007,6.339485456141272,0.04952723012610369,2.359377847125347,10,128,0.9977990443388665,128,20,31,73,118,0.15625,0.2421875,0.5703125,0.921875,1250.0,128.0,10000.0,3.8651265586752137,4.854824643151339,0.03792831752461984,6.954108983607465,0.054328976434433324,2.837832835399533,0.02217056902655885,2.9445008784359255,10.0,128.0,0.9934442688094157,128.0,6.0,8.0,15.0,46.0,0.046875,0.0625,0.1171875,0.359375,78.125,15,81.43
layer2.0.conv3,conv,16,512,1,False,128.0,0,16.0,16.0,160000,11.730722043207894,10.830937121630365,0.021154174065684306,18.844560078657835,0.036805781403628585,5.419825642189838,0.010585596957402027,8.696619020756232,10,512,0.7933954642105293,315,19,32,78,118,0.037109375,0.0625,0.15234375,0.23046875,312.5,512.0,10000.0,1.3267847319454846,5.299796570755557,0.010351165177256948,7.54712618841948,0.014740480836756796,3.254754144005339,0.0063569416875104276,7.4215673885510665,10.0,512.0,0.8480808201059971,318.0,7.0,9.0,20.0,64.0,0.013671875,0.017578125,0.0390625,0.125,19.53125,15,81.43
layer2.0.downsample.0,conv,17,512,1,False,256.0,0,16.0,16.0,160000,84.48061095224803,11.934288226095859,0.023309156691593474,21.349349846439186,0.041697948918826534,5.379476546341068,0.010506790129572398,6.705803728368649,10,512,0.5997604025114248,376,20,38,117,214,0.0390625,0.07421875,0.228515625,0.41796875,312.5,512.0,10000.0,8.611834296596646,4.129270056261013,0.00806498057863479,6.477146589524461,0.012650676932664962,2.4114560049356846,0.004709875009640009,5.925475100187732,10.0,512.0,0.6946868351399504,385.0,6.0,8.0,22.0,96.0,0.01171875,0.015625,0.04296875,0.1875,19.53125,15,81.43
layer2.0,block,18,512,1,False,,0,16.0,16.0,160000,114.24681722744712,18.074237476249813,0.035301245070800416,42.398289762676804,0.08280915969272813,7.484041467104538,0.01461726849043855,1.542106750748764,10,512,0.9989715647714468,512,61,134,362,492,0.119140625,0.26171875,0.70703125,0.9609375,312.5,512.0,10000.0,12.411249118732993,5.367974840541766,0.010484325860433137,9.393047578775592,0.018345796052296078,2.901874912127348,0.005667724437748727,2.049027907215919,10.0,512.0,0.9960669049594086,512.0,9.0,14.0,50.0,276.0,0.017578125,0.02734375,0.09765625,0.5390625,19.53125,15,81.43
layer2.1.conv1,conv,19,128,1,False,128.0,0,16.0,16.0,160000,119.0556843501868,10.050836221620514,0.07852215798141027,17.104611681259204,0.13362977875983753,4.988653490397874,0.03897385539373339,2.0422416271013875,10,128,0.9944320328377114,128,17,30,76,118,0.1328125,0.234375,0.59375,0.921875,1250.0,128.0,10000.0,15.478947791070642,4.5649042018992745,0.03566331407733808,6.9323220196307815,0.05415876577836548,2.6753665286936963,0.020901301005419502,2.778463181545086,10.0,128.0,0.9970506795718251,128.0,6.0,9.0,19.0,64.0,0.046875,0.0703125,0.1484375,0.5,78.125,15,81.43
layer2.1.conv2,conv,20,128,1,False,128.0,0,16.0,16.0,160000,31.008696436908654,21.022846342353436,0.16424098704963622,33.6970046642801,0.2632578489396883,8.155391613946945,0.0637139969839605,2.345982471841893,10,128,0.992499559665849,128,31,45,88,122,0.2421875,0.3515625,0.6875,0.953125,1250.0,128.0,10000.0,3.480359724284868,4.068225228152539,0.03178300959494171,6.815322488937064,0.053244706944820815,2.2504263951023797,0.01758145621173734,3.3066485852687806,10.0,128.0,0.9863788314453018,128.0,7.0,9.0,20.0,55.0,0.0546875,0.0703125,0.15625,0.4296875,78.125,15,81.43
layer2.1.conv3,conv,21,512,1,False,128.0,0,16.0,16.0,160000,8.476984225245122,16.465189275338883,0.032158572803396256,29.84282247543641,0.05828676264733674,6.703465301481776,0.013092705666956594,9.12171747237417,10,512,0.7795971560915229,309,31,51,95,123,0.060546875,0.099609375,0.185546875,0.240234375,312.5,512.0,10000.0,0.9608615833605051,3.314508779586779,0.006473649960130428,6.289132236435378,0.012283461399287848,1.9412281294383174,0.0037914611903092136,7.781497821246279,10.0,512.0,0.8334051161612067,318.0,7.0,11.0,31.0,87.0,0.013671875,0.021484375,0.060546875,0.169921875,19.53125,15,81.43
layer2.1,block,22,512,1,False,,0,16.0,16.0,160000,165.2036611291235,25.03907356896211,0.04890444056437912,61.461594106470585,0.12004217598920036,8.81002900810986,0.01720708790646457,1.4682726239994568,10,512,0.9993496024113886,512,97,193,404,499,0.189453125,0.376953125,0.7890625,0.974609375,312.5,512.0,10000.0,17.23813516892341,5.146142313810204,0.010051059206660554,9.95930627404027,0.0194517700664849,2.622398492054346,0.005121872054793645,1.9604309633028354,10.0,512.0,0.9980211014226591,512.0,10.0,17.0,70.0,331.0,0.01953125,0.033203125,0.13671875,0.646484375,19.53125,15,81.43
layer2.2.conv1,conv,23,128,1,False,128.0,0,16.0,16.0,160000,137.4768335318825,14.756173174492828,0.11528260292572522,26.032034571137014,0.20337527008700793,6.538811631233746,0.05108446586901364,2.0067747761012233,10,128,0.9942186808704181,128,27,45,92,122,0.2109375,0.3515625,0.71875,0.953125,1250.0,128.0,10000.0,12.503932208815197,5.621755403892408,0.043919964092909436,9.263583857424797,0.07237174888613122,2.943900657946539,0.022999223890207338,2.613563279762206,10.0,128.0,0.996908812064317,128.0,9.0,13.0,33.0,89.0,0.0703125,0.1015625,0.2578125,0.6953125,78.125,15,81.43
layer2.2.conv2,conv,24,128,1,False,128.0,0,16.0,16.0,160000,23.325809298280667,22.29146085324431,0.17415203791597117,35.831446886958666,0.2799331788043646,10.01998831978439,0.07828115874831555,2.1237725915836942,10,128,0.9946183666924436,128,34,51,97,124,0.265625,0.3984375,0.7578125,0.96875,1250.0,128.0,10000.0,1.9924136612252736,4.599390598086172,0.03593273904754822,7.949850777384363,0.062108209198315334,2.418769961547107,0.018896640324586773,3.0830721405088606,10.0,128.0,0.9849778154856177,128.0,8.0,11.0,26.0,69.0,0.0625,0.0859375,0.203125,0.5390625,78.125,15,81.43
layer2.2.conv3,conv,25,512,1,False,128.0,0,16.0,16.0,160000,6.871110849374992,14.096025078998109,0.02753129898241818,29.908933361367534,0.058415885471420965,4.814668056672629,0.00940364854818873,9.09848568999189,10,512,0.7763220920697976,314,35,58,101,124,0.068359375,0.11328125,0.197265625,0.2421875,312.5,512.0,10000.0,0.8350087172334286,2.2724765883998863,0.004438430836718528,4.6409245203698095,0.009064305703847284,1.5346273299261108,0.0029973190037619352,7.721254386777122,10.0,512.0,0.8302009969258671,318.0,6.0,10.0,31.0,89.0,0.01171875,0.01953125,0.060546875,0.173828125,19.53125,15,81.43
layer2.2,block,26,512,1,False,,0,16.0,16.0,160000,217.09652632446617,29.318868192678075,0.057263414438824364,72.14880568187657,0.14091563609741517,10.045436435413015,0.019619993037916044,1.4133338585134698,10,512,0.9986633208964574,512,119,223,420,501,0.232421875,0.435546875,0.8203125,0.978515625,312.5,512.0,10000.0,20.89457417152824,5.799460831620807,0.011327071936759388,11.376611323976189,0.022219943992140993,2.8267709278784627,0.0055210369685126225,1.9187961023420235,10.0,512.0,0.9981147061628264,512.0,11.0,19.0,88.0,361.0,0.021484375,0.037109375,0.171875,0.705078125,19.53125,15,81.43
layer2.3.conv1,conv,27,128,1,False,128.0,0,16.0,16.0,160000,174.66218328312573,15.921422642455507,0.12438611439418365,28.674622108989695,0.224020485226482,7.038617457684275,0.0549891988881584,1.9488437575271447,10,128,0.9948713905586262,128,30,51,97,123,0.234375,0.3984375,0.7578125,0.9609375,1250.0,128.0,10000.0,15.628145362542062,5.600152633076902,0.043751192445913294,9.517600928021588,0.07435625725016866,2.8700640281906984,0.02242237522023983,2.557456146053119,10.0,128.0,0.9975153675614106,128.0,9.0,13.0,36.0,93.0,0.0703125,0.1015625,0.28125,0.7265625,78.125,15,81.43
layer2.3.conv2,conv,28,128,1,False,128.0,0,16.0,16.0,160000,22.24319205879887,20.116357313271013,0.1571590415099298,33.41002416593678,0.2610158137963811,8.75792384305692,0.06842128002388219,2.055293579954093,10,128,0.996580754762876,128,33,51,97,124,0.2578125,0.3984375,0.7578125,0.96875,1250.0,128.0,10000.0,1.73505658527245,4.49087005015418,0.03508492226682953,8.121358930764297,0.06344811664659607,2.372245682637389,0.018533169395604603,3.1385842771030945,10.0,128.0,0.9861174308784393,128.0,8.0,12.0,28.0,72.0,0.0625,0.09375,0.21875,0.5625,78.125,15,81.43
layer2.3.conv3,conv,29,512,1,False,128.0,0,16.0,16.0,160000,6.40801758056826,18.13584326475839,0.03542156887648123,32.910660146156765,0.06427863309796243,7.486473512909738,0.014622018579901832,9.144702018420686,10,512,0.771913119395466,310,37,59,101,124,0.072265625,0.115234375,0.197265625,0.2421875,312.5,512.0,10000.0,0.5304363344153896,3.586672812526859,0.007005220336966522,7.388571874725899,0.01443080444282402,2.016224396432077,0.003937938274281401,7.98009048245281,10.0,512.0,0.825748150696826,319.0,9.0,14.0,40.0,98.0,0.017578125,0.02734375,0.078125,0.19140625,19.53125,15,81.43
layer2.3,block,30,512,1,False,,0,16.0,16.0,160000,269.9926823678265,33.53903705238718,0.06550593174294371,80.98041709161961,0.15816487713206956,11.362786299278126,0.02219294199077759,1.373851299743846,10,512,0.9982547628714764,512,136,244,431,503,0.265625,0.4765625,0.841796875,0.982421875,312.5,512.0,10000.0,22.59778674674419,7.054952590128648,0.013779204277595016,13.563750795286555,0.026491700772044054,3.3467600850269994,0.006536640791068358,1.892184985341872,10.0,512.0,0.998092603580066,512.0,13.0,24.0,110.0,389.0,0.025390625,0.046875,0.21484375,0.759765625,19.53125,15,81.43
layer3.0.conv1,conv,31,256,1,False,256.0,0,16.0,16.0,160000,266.79285579336073,17.200213159139885,0.06718833265289018,31.71627797019269,0.12389171082106519,7.510031482490402,0.029336060478478133,2.043272570472202,10,256,0.9779607557074798,256,32,62,152,230,0.125,0.2421875,0.59375,0.8984375,625.0,256.0,10000.0,25.600481089451684,6.3039972929236034,0.024624989425482826,10.29155480553031,0.040201385959102776,3.271453647726769,0.01277911581143269,2.5800883231998006,10.0,256.0,0.9901858072521288,256.0,9.0,14.0,37.0,135.0,0.03515625,0.0546875,0.14453125,0.52734375,39.0625,15,81.43
layer3.0.conv2,conv,32,256,1,False,256.0,0,8.0,8.0,160000,74.88111426120476,19.740353172937407,0.07711075458178675,33.50261617556315,0.13086959443579355,8.992169942978487,0.035125663839759715,2.1158676249581094,10,256,0.9955850668879325,256,31,50,142,236,0.12109375,0.1953125,0.5546875,0.921875,625.0,256.0,10000.0,8.91022737304214,6.19419486598785,0.02419607369526504,10.010601964472404,0.039103913923720326,3.2267296901551927,0.012604412852168722,2.4024572098976598,10.0,256.0,0.9956110250329362,256.0,9.0,13.0,34.0,139.0,0.03515625,0.05078125,0.1328125,0.54296875,39.0625,15,81.43
layer3.0.conv3,conv,33,1024,1,False,256.0,0,8.0,8.0,160000,24.254030218525173,17.476678723867177,0.01706706906627654,31.280866020674832,0.030547720723315266,7.609765938078498,0.007431412048904783,7.469148211079768,10,1024,0.7730999699122738,623,30,57,154,236,0.029296875,0.0556640625,0.150390625,0.23046875,156.25,1024.0,10000.0,2.909372938831342,6.188884486530991,0.006043832506377921,10.526723745822268,0.010280003658029559,3.252958347080351,0.0031767171358206554,6.9108706936937265,10.0,1024.0,0.8091862211184889,639.0,10.0,15.0,48.0,171.0,0.009765625,0.0146484375,0.046875,0.1669921875,9.765625,15,81.43
layer3.0.downsample.0,conv,34,1024,1,False,512.0,0,8.0,8.0,160000,344.2815836485888,14.432727029877146,0.0140944599901144,29.069144269666417,0.02838783620084611,6.213794748265974,0.00606815893385349,5.676810825844501,10,1024,0.5801545500294325,754,29,65,238,432,0.0283203125,0.0634765625,0.232421875,0.421875,156.25,1024.0,10000.0,43.12859940009159,5.426845183216881,0.005299653499235235,9.530149199635161,0.009306786327768712,2.815240880448838,0.0027492586723133184,5.375250245380204,10.0,1024.0,0.6355501477068444,767.0,9.0,13.0,55.0,275.0,0.0087890625,0.0126953125,0.0537109375,0.2685546875,9.765625,15,81.43
layer3.0,block,35,1024,1,False,,0,8.0,8.0,160000,231.30581000473478,24.82592474670535,0.024244067135454444,68.08854294371469,0.06649271771847137,8.4980561626559,0.008298882971343652,1.4230972706921303,10,1024,0.9984724162855749,1024,120,281,752,989,0.1171875,0.2744140625,0.734375,0.9658203125,156.25,1024.0,10000.0,24.96476427320781,7.474512072669297,0.00729932819596611,15.524001732000764,0.015160157941406996,3.6099356668924467,0.003525327799699655,1.6735366709557784,10.0,1024.0,0.997286781553849,1024.0,15.0,34.0,223.0,807.0,0.0146484375,0.033203125,0.2177734375,0.7880859375,9.765625,15,81.43
layer3.1.conv1,conv,36,256,1,False,256.0,0,8.0,8.0,160000,239.94831648986167,13.968227213686394,0.054563387553462475,26.870382653438703,0.10496243223999493,6.880906356820695,0.02687854045633084,1.9066189936972593,10,256,0.9934016119478484,256,27,54,153,236,0.10546875,0.2109375,0.59765625,0.921875,625.0,256.0,10000.0,27.33777573394225,6.709612945612828,0.02620942556880011,11.257665857200944,0.04397525725469119,3.530902750457016,0.013792588868972718,2.2254980212621756,10.0,256.0,0.996343624487286,256.0,10.0,17.0,53.0,178.0,0.0390625,0.06640625,0.20703125,0.6953125,39.0625,15,81.43
layer3.1.conv2,conv,37,256,1,False,256.0,0,8.0,8.0,160000,73.10834603801763,26.087034797883465,0.10190247967923229,45.43618334141009,0.17748509117738318,10.23802264152003,0.03999227594343762,2.1476948057680647,10,256,0.9937537812163167,256,45,70,159,239,0.17578125,0.2734375,0.62109375,0.93359375,625.0,256.0,10000.0,6.475294741209678,6.236708773295373,0.02436214364568505,10.6121637834439,0.04145376477907774,3.4634776053014966,0.013529209395708971,2.7187824838933357,10.0,256.0,0.9924959671675216,256.0,11.0,17.0,45.0,139.0,0.04296875,0.06640625,0.17578125,0.54296875,39.0625,15,81.43
layer3.1.conv3,conv,38,1024,1,False,256.0,0,8.0,8.0,160000,16.977198275696765,23.74663557472284,0.023190073803440275,45.77330342374699,0.04470049162475292,9.673333716053774,0.009446614957083764,7.759452102490511,10,1024,0.7573235451070732,619,52,94,189,245,0.05078125,0.091796875,0.1845703125,0.2392578125,156.25,1024.0,10000.0,1.2992395537103019,6.856716495412236,0.006696012202551012,13.583374214692306,0.013265013881535455,3.4258052925926723,0.0033455129810475315,7.303113217724578,10.0,1024.0,0.7909170985199565,637.0,15.0,28.0,97.0,212.0,0.0146484375,0.02734375,0.0947265625,0.20703125,9.765625,15,81.43
layer3.1,block,39,1024,1,False,,0,8.0,8.0,160000,322.8772532448505,37.09324849723828,0.036223875485584256,104.77347511469749,0.10231784679169677,11.133607153408583,0.01087266323575057,1.3538276552940276,10,1024,0.9993687730434064,1024,201,409,830,1001,0.1962890625,0.3994140625,0.810546875,0.9775390625,156.25,1024.0,10000.0,28.637046376601255,8.842020151141025,0.008634785303848657,20.12831156691295,0.019656554264563426,4.120876952184325,0.004024293898617505,1.5979281002698311,10.0,1024.0,0.9976768158373199,1024.0,23.0,57.0,363.0,884.0,0.0224609375,0.0556640625,0.3544921875,0.86328125,9.765625,15,81.43
layer3.2.conv1,conv,40,256,1,False,256.0,0,8.0,8.0,160000,287.7075916323717,21.14459302409359,0.08259606650036559,41.18495539600667,0.16087873201565106,8.59167957230477,0.03356124832931551,1.8428780357835042,10,256,0.9951021789879217,256,46,84,181,244,0.1796875,0.328125,0.70703125,0.953125,625.0,256.0,10000.0,22.45839790662547,9.254662424385687,0.03615102509525659,16.795557116383968,0.06560764498587487,4.433589705410257,0.017318709786758816,2.1469269550551413,10.0,256.0,0.9965709307336122,256.0,17.0,28.0,94.0,212.0,0.06640625,0.109375,0.3671875,0.828125,39.0625,15,81.43
layer3.2.conv2,conv,41,256,1,False,256.0,0,8.0,8.0,160000,46.58707800180843,30.27638698879881,0.11826713667499535,54.07897026672675,0.21124597760440136,11.651296665036941,0.04551287759780055,1.935327326854913,10,256,0.9943434133147777,256,55,88,187,246,0.21484375,0.34375,0.73046875,0.9609375,625.0,256.0,10000.0,3.1578546277303094,7.938075707675583,0.031008108233107744,14.924567603068233,0.058299092199485286,4.07148951051071,0.01590425590043246,2.5638263352822674,10.0,256.0,0.9898555423380464,256.0,16.0,25.0,71.0,178.0,0.0625,0.09765625,0.27734375,0.6953125,39.0625,15,81.43
layer3.2.conv3,conv,42,1024,1,False,256.0,0,8.0,8.0,160000,14.074906589707572,28.5665867088708,0.027897057332881642,54.62983707106454,0.05334945026471147,12.084954208415635,0.011801713094155893,7.881656574508685,10,1024,0.7510360340594633,619,64,111,200,248,0.0625,0.1083984375,0.1953125,0.2421875,156.25,1024.0,10000.0,0.8802499197836144,9.236146481420164,0.009019674298261879,19.07370729928893,0.018626667284461846,4.303685700862022,0.004202818067248069,7.530412957761279,10.0,1024.0,0.7818628517718926,636.0,22.0,40.0,127.0,226.0,0.021484375,0.0390625,0.1240234375,0.220703125,9.765625,15,81.43
layer3.2,block,43,1024,1,False,,0,8.0,8.0,160000,436.24536832506016,44.36798681752571,0.04332811212648995,124.70445892177513,0.12178169816579602,12.61566016668099,0.012319980631524405,1.3067519561166885,10,1024,0.9985555376271404,1024,248,470,859,1005,0.2421875,0.458984375,0.8388671875,0.9814453125,156.25,1024.0,10000.0,34.60011431371702,10.279590838997311,0.010038662928708312,24.367649317674648,0.023796532536791648,4.767202131413897,0.004655470831458884,1.567812727024324,10.0,1024.0,0.9971069625547421,1024.0,30.0,77.0,441.0,912.0,0.029296875,0.0751953125,0.4306640625,0.890625,9.765625,15,81.43
layer3.3.conv1,conv,44,256,1,False,256.0,0,8.0,8.0,160000,349.0623241668222,26.75564219986453,0.10451422734322081,49.86101443519599,0.19476958763748434,10.948327865653699,0.04276690572520976,1.7793990567510978,10,256,0.9939218333038697,256,55,99,193,246,0.21484375,0.38671875,0.75390625,0.9609375,625.0,256.0,10000.0,25.32824179955677,10.89171100304934,0.04254574610566148,19.772880241332036,0.07723781344270327,5.324518967829053,0.020798902218082237,2.089541067772623,10.0,256.0,0.9964621136062246,256.0,20.0,34.0,112.0,221.0,0.078125,0.1328125,0.4375,0.86328125,39.0625,15,81.43
layer3.3.conv2,conv,45,256,1,False,256.0,0,8.0,8.0,160000,35.179235424265755,32.27572345918043,0.12607704476242357,57.5150484991583,0.2246681581998371,13.195993535878207,0.05154684974952425,1.8299478001220837,10,256,0.9956155574035069,256,59,98,198,249,0.23046875,0.3828125,0.7734375,0.97265625,625.0,256.0,10000.0,2.2461653344921797,11.084419983388768,0.043298515560112376,19.29117345076825,0.07535614629206348,5.240050545796711,0.020468947444518402,2.504013051406638,10.0,256.0,0.9899087039693724,256.0,18.0,29.0,83.0,190.0,0.0703125,0.11328125,0.32421875,0.7421875,39.0625,15,81.43
layer3.3.conv3,conv,46,1024,1,False,256.0,0,8.0,8.0,160000,11.964505795184909,27.96141251271671,0.02730606690694991,55.93527913960857,0.05462429603477399,10.21080311707519,0.009971487419018741,7.899530196607397,10,1024,0.7466875906711332,619,70,119,206,249,0.068359375,0.1162109375,0.201171875,0.2431640625,156.25,1024.0,10000.0,0.7506444546770993,10.232146751677229,0.009992330812184794,21.542324818144756,0.02103742658021949,4.433157708222278,0.004329255574435818,7.600677337973837,10.0,1024.0,0.7780490035226042,636.0,24.0,44.0,137.0,230.0,0.0234375,0.04296875,0.1337890625,0.224609375,9.765625,15,81.43
layer3.3,block,47,1024,1,False,,0,8.0,8.0,160000,547.2700471313259,47.920723772302225,0.04679758180888889,134.70049438309502,0.13154345154599123,13.383325413766883,0.013069653724381722,1.2713887575582963,10,1024,0.997472354999551,1024,275,504,873,1007,0.2685546875,0.4921875,0.8525390625,0.9833984375,156.25,1024.0,10000.0,41.568872079650845,11.16054154495596,0.010898966352496054,27.27372576679574,0.026634497819136464,5.220732346651404,0.005098371432276762,1.55357068564856,10.0,1024.0,0.9964746912662136,1024.0,34.0,90.0,481.0,925.0,0.033203125,0.087890625,0.4697265625,0.9033203125,9.765625,15,81.43
layer3.4.conv1,conv,48,256,1,False,256.0,0,8.0,8.0,160000,385.55310559976243,29.83052926058937,0.11652550492417722,56.04911527965648,0.21894185656115814,12.031384162671094,0.04699759438543396,1.7040151221654039,10,256,0.9934506867193225,256,65,112,202,248,0.25390625,0.4375,0.7890625,0.96875,625.0,256.0,10000.0,26.188156428710833,12.102704480663505,0.047276189377591815,22.88590661533669,0.08939807271615895,5.623925705327224,0.02196845978643447,2.0363433709556884,10.0,256.0,0.9960007772146541,256.0,24.0,41.0,129.0,228.0,0.09375,0.16015625,0.50390625,0.890625,39.0625,15,81.43
layer3.4.conv2,conv,49,256,1,False,256.0,0,8.0,8.0,160000,28.709940491618994,30.984535007355284,0.12103333987248158,57.243738613681124,0.2236083539596919,11.677541144799651,0.04561539509687364,1.752790812311287,10,256,0.9964618967091735,256,61,105,204,250,0.23828125,0.41015625,0.796875,0.9765625,625.0,256.0,10000.0,1.8127253057480686,11.94399139493709,0.04665621638647301,20.48276470890559,0.08001079964416247,5.824103352535286,0.022750403720840962,2.462496672024534,10.0,256.0,0.9878839160405893,256.0,20.0,31.0,90.0,195.0,0.078125,0.12109375,0.3515625,0.76171875,39.0625,15,81.43
layer3.4.conv3,conv,50,1024,1,False,256.0,0,8.0,8.0,160000,9.377715599611884,30.528682596349615,0.02981316659799767,61.35752734230532,0.05991946029522004,10.573379917268795,0.010325566325457808,7.957916269845073,10,1024,0.7440863142867546,619,79,128,210,249,0.0771484375,0.125,0.205078125,0.2431640625,156.25,1024.0,10000.0,0.6182489370999295,12.016935887346634,0.011735288952486947,23.72578388732929,0.02316971082747001,5.311766968836479,0.005187272430504374,7.639189731116925,10.0,1024.0,0.77402984729842,636.0,26.0,49.0,144.0,233.0,0.025390625,0.0478515625,0.140625,0.2275390625,9.765625,15,81.43
layer3.4,block,51,1024,1,False,,0,8.0,8.0,160000,640.100740407662,50.845997455476166,0.04965429439011344,142.94549644701723,0.13959521137404027,13.974442426732887,0.013646916432356335,1.2463185905745564,10,1024,0.9964130816480076,1024,297,528,883,1008,0.2900390625,0.515625,0.8623046875,0.984375,156.25,1024.0,10000.0,48.25287424953257,12.261781110589297,0.01197439561580986,29.986611276417683,0.029283800074626644,5.5350308470037985,0.005405303561527147,1.5454761657267204,10.0,1024.0,0.9959098534281159,1024.0,37.0,100.0,507.0,932.0,0.0361328125,0.09765625,0.4951171875,0.91015625,9.765625,15,81.43
layer3.5.conv1,conv,52,256,1,False,256.0,0,8.0,8.0,160000,425.2729343709376,32.08903278165416,0.12534778430333657,60.2680604256926,0.23542211103786173,11.601514971122112,0.04531841785594575,1.6784850621011411,10,256,0.992662280630639,256,70,119,206,249,0.2734375,0.46484375,0.8046875,0.97265625,625.0,256.0,10000.0,30.767621788932125,12.462968373156837,0.048683470207643895,23.829741770415325,0.09308492879068486,5.535225244095053,0.0216219736097463,2.0296097910424966,10.0,256.0,0.9954065920058376,256.0,24.0,42.0,133.0,230.0,0.09375,0.1640625,0.51953125,0.8984375,39.0625,15,81.43
layer3.5.conv2,conv,53,256,1,False,256.0,0,8.0,8.0,160000,24.735402796658555,28.772458426494357,0.11239241572849358,54.95226272218307,0.21465727625852762,10.022431564743549,0.03915012329977949,1.6940447450543747,10,256,0.9966054343760413,256,61,108,206,250,0.23828125,0.421875,0.8046875,0.9765625,625.0,256.0,10000.0,1.8240816629138037,11.636580055691113,0.04545539084254341,20.316687923982787,0.07936206220305776,5.153424892202099,0.02013056598516445,2.4904261817073414,10.0,256.0,0.9882002037134372,256.0,19.0,29.0,86.0,192.0,0.07421875,0.11328125,0.3359375,0.75,39.0625,15,81.43
layer3.5.conv3,conv,54,1024,1,False,256.0,0,8.0,8.0,160000,8.29593406226552,28.32594032239356,0.02766205109608746,59.60895466137592,0.05821186978649992,9.216567934813186,0.009000554623841002,7.922033095623767,10,1024,0.74208200045456,619,81,130,211,250,0.0791015625,0.126953125,0.2060546875,0.244140625,156.25,1024.0,10000.0,0.6521227610757386,12.076989841958758,0.01179393539253785,23.36202260640294,0.022814475201565373,5.066400541572682,0.004947656778879572,7.608851725195346,10.0,1024.0,0.7757036360460776,637.0,23.0,44.0,140.0,231.0,0.0224609375,0.04296875,0.13671875,0.2255859375,9.765625,15,81.43
layer3.5,block,55,1024,1,False,,0,8.0,8.0,160000,723.7971462733135,51.76274483982862,0.05054955550764514,146.99897373941639,0.1435536852923988,13.938069635992608,0.013611396128899032,1.2241019585009023,10,1024,0.9951287313358447,1024,312,545,890,1009,0.3046875,0.5322265625,0.869140625,0.9853515625,156.25,1024.0,10000.0,56.46337067315301,13.163582193970779,0.012855060736299589,31.690314080594483,0.03094757234433055,5.726119022000331,0.005591913107422198,1.54125393854308,10.0,1024.0,0.9948287209287724,1024.0,37.0,104.0,517.0,934.0,0.0361328125,0.1015625,0.5048828125,0.912109375,9.765625,15,81.43
layer4.0.conv1,conv,56,512,1,False,512.0,0,8.0,8.0,160000,584.6901036731045,29.155110114868236,0.056943574443102024,59.20844054966297,0.11564148544856048,11.32959529572592,0.022128115811964687,1.7775691184738678,10,512,0.969710645613076,512,72,151,335,472,0.140625,0.294921875,0.654296875,0.921875,312.5,512.0,10000.0,55.30398469033197,11.66785580271398,0.022788780864675742,20.905832250189906,0.04083170361365216,5.807563522388532,0.0113428975046651,2.085171838649958,10.0,512.0,0.9786704771446998,512.0,19.0,31.0,145.0,379.0,0.037109375,0.060546875,0.283203125,0.740234375,19.53125,15,81.43
layer4.0.conv2,conv,57,512,1,False,512.0,0,4.0,4.0,160000,95.96158793397213,18.828518913795058,0.03677445100350597,37.25836413377166,0.07277024244877277,6.883048729390859,0.013443454549591522,1.7401936856018707,10,512,0.9838739538012502,512,35,68,286,476,0.068359375,0.1328125,0.55859375,0.9296875,312.5,512.0,10000.0,14.459014436030394,8.875468935052398,0.017334900263774215,15.043599166356195,0.029382029621789443,4.659996818772131,0.009101556286664318,1.7848460452397286,10.0,512.0,0.9799289826027767,512.0,13.0,20.0,102.0,390.0,0.025390625,0.0390625,0.19921875,0.76171875,19.53125,15,81.43
layer4.0.conv3,conv,58,2048,1,False,512.0,0,4.0,4.0,160000,34.21623034707226,9.171362765650699,0.00447820447541538,23.820330490437993,0.011631020747284176,3.500233011941047,0.0017090981503618393,6.747961336980978,10,2048,0.7555138967639443,1258,26,63,262,457,0.0126953125,0.03076171875,0.1279296875,0.22314453125,78.125,2048.0,10000.0,5.599810044696373,7.876263084715329,0.0038458315843336566,13.237522644613827,0.006463634103815345,4.109677187687788,0.0020066783143006775,6.342749970495923,10.0,2048.0,0.7709548061451441,1273.0,11.0,17.0,112.0,379.0,0.00537109375,0.00830078125,0.0546875,0.18505859375,4.8828125,15,81.43
layer4.0.downsample.0,conv,59,2048,1,False,1024.0,0,4.0,4.0,160000,651.9044558769413,14.812827243354867,0.007232825802419369,46.17782839770329,0.022547767772316058,4.657719619225813,0.002274277157825104,5.401347091719353,10,2048,0.5412977121687359,1514,69,195,578,910,0.03369140625,0.09521484375,0.2822265625,0.4443359375,78.125,2048.0,10000.0,86.92055777382588,7.423906201922306,0.003624954200157376,18.5217469953166,0.009043821775056934,3.4195017005442003,0.0016696785647188478,5.202424943115555,10.0,2048.0,0.5670438123657013,1530.0,23.0,57.0,371.0,811.0,0.01123046875,0.02783203125,0.18115234375,0.39599609375,4.8828125,15,81.43
layer4.0,block,60,2048,1,False,,0,4.0,4.0,160000,133.73694576256378,21.82228948112919,0.010655414785707612,78.07502148413211,0.03812256908404888,6.4807113761796815,0.003164409851650235,1.3468808826221952,10,2048,0.9956243085555033,2048,194,516,1436,1958,0.0947265625,0.251953125,0.701171875,0.9560546875,78.125,2048.0,10000.0,19.779835423542828,10.409611158278334,0.005082817948378093,26.19768653964275,0.012791839130684936,4.820728777626312,0.0023538714734503475,1.4825101913833578,10.0,2048.0,0.9875375998441634,2048.0,32.0,125.0,847.0,1769.0,0.015625,0.06103515625,0.41357421875,0.86376953125,4.8828125,15,81.43
layer4.1.conv1,conv,61,512,1,False,512.0,0,4.0,4.0,160000,107.14586212531927,19.966013299786344,0.0389961197261452,40.36491354978191,0.0788377217769178,7.663391958524372,0.014967562418992914,1.656202194161553,10,512,0.9864714309533147,512,42,107,319,477,0.08203125,0.208984375,0.623046875,0.931640625,312.5,512.0,10000.0,15.13038593783357,11.814597117203647,0.023075384994538373,21.056876344213336,0.04112671160979167,6.224495930996371,0.012157218615227287,1.7414385148747766,10.0,512.0,0.9845594354826128,512.0,18.0,35.0,201.0,435.0,0.03515625,0.068359375,0.392578125,0.849609375,19.53125,15,81.43
layer4.1.conv2,conv,62,512,1,False,512.0,0,4.0,4.0,160000,53.013759674824435,20.812480836275977,0.04064937663335152,48.02792318280356,0.09380453746641321,7.597343080781146,0.014838560704650675,1.782959981304356,10,512,0.9978553687963289,512,57,109,322,482,0.111328125,0.212890625,0.62890625,0.94140625,312.5,512.0,10000.0,6.609240291259693,11.067821481052748,0.02161683883018115,18.013229303052192,0.03518208848252381,6.111414303551447,0.01193635606162392,2.039017981422483,10.0,512.0,0.9875230785980798,512.0,15.0,25.0,120.0,365.0,0.029296875,0.048828125,0.234375,0.712890625,19.53125,15,81.43
layer4.1.conv3,conv,63,2048,1,False,512.0,0,4.0,4.0,160000,16.51999075087365,15.115952803813924,0.0073808363299872675,40.29087253372807,0.01967327760435941,5.570952364463437,0.0027201915842106628,7.078543846624556,10,2048,0.7405464193469045,1252,61,138,342,481,0.02978515625,0.0673828125,0.1669921875,0.23486328125,78.125,2048.0,10000.0,2.7015452211546966,9.731393830355778,0.004751657143728407,16.29142681442981,0.007954798249233305,4.992717686879082,0.002437850433046427,6.530980377932166,10.0,2048.0,0.7625068052200048,1275.0,12.0,25.0,169.0,415.0,0.005859375,0.01220703125,0.08251953125,0.20263671875,4.8828125,15,81.43
layer4.1,block,64,2048,1,False,,0,4.0,4.0,160000,170.37959150106406,20.87013654220774,0.010190496358499872,82.17691232896503,0.040125445473127457,5.973571587597491,0.0029167830017565875,1.3038188529010022,10,2048,0.9965175660862619,2048,223,582,1502,1972,0.10888671875,0.2841796875,0.7333984375,0.962890625,78.125,2048.0,10000.0,27.785582399993025,10.417045441724476,0.005086447969592029,24.102389979604727,0.01176874510722887,4.9330650554448585,0.002408723171603935,1.4473010978647431,10.0,2048.0,0.9885981013982335,2048.0,27.0,105.0,817.0,1766.0,0.01318359375,0.05126953125,0.39892578125,0.8623046875,4.8828125,15,81.43
layer4.2.conv1,conv,65,512,1,False,512.0,0,4.0,4.0,160000,135.09516454155687,16.57853737756484,0.032379955815556326,37.48781969129652,0.07321839783456352,6.257628931400704,0.012221931506642,1.5917378786187755,10,512,0.9883980989048434,512,46,117,332,480,0.08984375,0.228515625,0.6484375,0.9375,312.5,512.0,10000.0,22.94471789146688,9.787305884771161,0.019115831806193674,16.80618075657984,0.032824571790195,5.125026044689668,0.010009816493534508,1.6744545345898372,10.0,512.0,0.9844745021912787,512.0,14.0,26.0,179.0,427.0,0.02734375,0.05078125,0.349609375,0.833984375,19.53125,15,81.43
layer4.2.conv2,conv,66,512,1,False,512.0,0,4.0,4.0,160000,55.020236883447694,14.012124474627377,0.027367430614506597,31.363538527365865,0.061256911186261455,5.341699433935147,0.010433006706904583,1.6867424169749277,10,512,0.9942239570645549,512,35,75,290,476,0.068359375,0.146484375,0.56640625,0.9296875,312.5,512.0,10000.0,13.564318872665256,7.665858185526749,0.014972379268606931,10.864597327969722,0.021219916656190864,4.174772655023627,0.008153852841843022,1.9367593217847898,10.0,512.0,0.9790304991303254,512.0,9.0,11.0,41.0,270.0,0.017578125,0.021484375,0.080078125,0.52734375,19.53125,15,81.43
layer4.2.conv3,conv,67,2048,1,False,512.0,0,4.0,4.0,160000,20.433280911004633,5.829009728217885,0.0028461961563563893,17.52710548215609,0.008558156973709029,2.6036816174849986,0.001271328914787597,6.654613968327473,10,2048,0.7528006388433295,1262,26,66,271,463,0.0126953125,0.0322265625,0.13232421875,0.22607421875,78.125,2048.0,10000.0,7.197617773439247,4.953394515071568,0.002418649665562289,8.189520767662648,0.003998789437335277,2.583473341160983,0.0012614615923637613,5.862882173785149,10.0,2048.0,0.7826416692957555,1273.0,8.0,10.0,40.0,284.0,0.00390625,0.0048828125,0.01953125,0.138671875,4.8828125,15,81.43
layer4.2,block,68,2048,1,False,,0,4.0,4.0,160000,256.29060348425,9.587063290257994,0.004681183247196286,44.66155305211878,0.02180739895122987,3.4319057508091784,0.0016757352298872941,1.2773937007357552,10,2048,0.9966455161288194,2048,134,427,1403,1957,0.0654296875,0.20849609375,0.68505859375,0.95556640625,78.125,2048.0,10000.0,61.282628530255764,6.407093513164311,0.003128463629474761,13.55064915203686,0.006616527906267998,3.0342635417892296,0.0014815739950142723,1.4448803674436292,10.0,2048.0,0.9898598167896115,2048.0,11.0,31.0,449.0,1596.0,0.00537109375,0.01513671875,0.21923828125,0.779296875,4.8828125,15,81.43
fc,linear,69,10,1,False,,0,,,10000,148.01811485240347,3.641363126703243,0.3641363126703243,5.157282299631307,0.5157282299631307,2.1532299412548457,0.21532299412548456,,10,10,,10,5,7,8,9,0.5,0.7,0.8,0.9,1000.0,,,,,,,,,,,,,,,,,,,,,,,,15,81.43
conv1,conv,0,64,1,False,27.0,0,32.0,32.0,160000,23.674327007149298,3.560652413479785,0.05563519396062164,5.179049668146648,0.08092265106479138,2.1076979444571546,0.03293278038214304,13.648650067797231,10,64,0.9478955628831947,46,5,6,9,13,0.078125,0.09375,0.140625,0.203125,2500.0,64.0,10000.0,5.319945077403032,2.1160352189983325,0.033063050296848945,2.4921883589535456,0.03894044310864915,1.5889219065097264,0.024826904789214475,7.978484179455314,10.0,64.0,0.9531521192289444,41.0,3.0,3.0,3.0,5.0,0.046875,0.046875,0.046875,0.078125,156.25,20,81.11
layer1.0.conv1,conv,1,64,1,False,64.0,0,32.0,32.0,160000,1.4136820840796218,5.764558267116369,0.09007122292369327,7.712943455931406,0.12051474149892821,3.4832459711583255,0.054425718299348835,5.735939933461247,10,64,0.918770609630546,64,7,9,13,25,0.109375,0.140625,0.203125,0.390625,2500.0,64.0,10000.0,0.15499548258865076,2.5465776499347563,0.03979027578023057,3.7156368175241754,0.05805682527381524,1.7256946994100377,0.02696397967828184,6.268133348885007,10.0,64.0,0.9263689886517539,64.0,4.0,5.0,9.0,16.0,0.0625,0.078125,0.140625,0.25,156.25,20,81.11
layer1.0.conv2,conv,2,64,1,False,64.0,0,32.0,32.0,160000,4.390611700828908,9.224452959131012,0.14413207748642207,13.218245472222383,0.20653508550347474,4.8808958398327755,0.07626399749738712,3.28993142889526,10,64,0.995389833109745,64,12,16,30,53,0.1875,0.25,0.46875,0.828125,2500.0,64.0,10000.0,0.24677722321166826,2.7263410169518476,0.04259907838987262,4.1367483199862765,0.06463669249978557,1.826013178935031,0.028531455920859858,4.418751090866673,10.0,64.0,0.9819908861107518,64.0,4.0,6.0,12.0,27.0,0.0625,0.09375,0.1875,0.421875,156.25,20,81.11
layer1.0.conv3,conv,3,256,1,False,64.0,0,32.0,32.0,160000,1.2909555219693256,6.3573765982794255,0.024833502337029006,9.907628317512705,0.038701673115284004,3.314200690880468,0.012946096448751828,10.165871192049522,10,256,0.8339149658739355,160,9,13,30,54,0.03515625,0.05078125,0.1171875,0.2109375,625.0,256.0,10000.0,0.04774159106286613,2.8046048749967705,0.010955487792956135,4.792115118794918,0.018719199682792648,1.776261712445794,0.006938522314241383,9.40366327063853,10.0,256.0,0.868672881953914,160.0,5.0,8.0,16.0,36.0,0.01953125,0.03125,0.0625,0.140625,39.0625,20,81.11
layer1.0.downsample.0,conv,4,256,1,False,64.0,0,32.0,32.0,160000,2.6320596879493365,6.043171911583275,0.023606140279622167,7.887351239465702,0.0308099657791629,3.6495243058114073,0.01425595431957581,8.94267480509248,10,256,0.8882757471387651,159,7,9,13,26,0.02734375,0.03515625,0.05078125,0.1015625,625.0,256.0,10000.0,0.4727438227043468,3.225869441424602,0.012601052505564852,3.9463395622294777,0.015415388914958897,2.372827496129244,0.009268857406754859,7.875371547793137,10.0,256.0,0.9330122874477402,159.0,3.0,4.0,7.0,14.0,0.01171875,0.015625,0.02734375,0.0546875,39.0625,20,81.11
layer1.0,block,5,256,1,False,,0,32.0,32.0,160000,13.094774120399274,13.51941430804053,0.05281021214078332,26.496587778954055,0.10350229601153928,6.348735415865933,0.024799747718226302,1.9166132417114674,10,256,0.998125238408337,256,31,55,152,238,0.12109375,0.21484375,0.59375,0.9296875,625.0,256.0,10000.0,1.4333297257834587,4.464963623912945,0.017441264155909943,6.765729350724931,0.026428630276269263,2.7980333862601667,0.010929817915078776,2.6101153979261835,10.0,256.0,0.998290397493544,256.0,6.0,10.0,27.0,102.0,0.0234375,0.0390625,0.10546875,0.3984375,39.0625,20,81.11
layer1.1.conv1,conv,6,64,1,False,64.0,0,32.0,32.0,160000,8.403963776488087,4.866625639034992,0.07604102560992175,8.635609723922064,0.13493140193628225,2.510989273267294,0.03923420739480147,2.734875548357114,10,64,0.9918167312242635,64,9,13,30,55,0.140625,0.203125,0.46875,0.859375,2500.0,64.0,10000.0,0.4817005909354658,3.5925437241097957,0.05613349568921556,5.449892989918296,0.08515457796747337,2.1955477920168254,0.034305434250262896,3.5098254481679416,10.0,64.0,0.9952632592455644,64.0,5.0,7.0,16.0,36.0,0.078125,0.109375,0.25,0.5625,156.25,20,81.11
layer1.1.conv2,conv,7,64,1,False,64.0,0,32.0,32.0,160000,4.559874622609386,9.702080430213147,0.15159500672208043,14.156772156644818,0.22119956494757528,5.2388956210984405,0.08185774407966313,3.043907777264086,10,64,0.9924906207161749,64,13,18,34,56,0.203125,0.28125,0.53125,0.875,2500.0,64.0,10000.0,0.12806084306047558,2.631424753944845,0.041116011780388206,4.091534439612245,0.06393022561894132,1.7770062146091674,0.02776572210326824,4.090954748197443,10.0,64.0,0.9775076955565697,64.0,4.0,6.0,14.0,30.0,0.0625,0.09375,0.21875,0.46875,156.25,20,81.11
layer1.1.conv3,conv,8,256,1,False,64.0,0,32.0,32.0,160000,1.1636051316583416,7.498976048393299,0.029292875189036324,11.516048533517559,0.04498456458405296,4.262682372542996,0.01665110301774608,10.319851046806384,10,256,0.8279093070415231,159,11,16,33,56,0.04296875,0.0625,0.12890625,0.21875,625.0,256.0,10000.0,0.021613475596125725,2.9903949461933506,0.011681230258567776,5.303260086176514,0.020715859711627007,1.8394546057610888,0.007185369553754253,9.74511128396144,10.0,256.0,0.8654154618632234,158.0,6.0,9.0,18.0,39.0,0.0234375,0.03515625,0.0703125,0.15234375,39.0625,20,81.11
layer1.1,block,9,256,1,False,,0,32.0,32.0,160000,21.206283187110483,15.590686621003357,0.06090111961329436,32.31968470121384,0.12624876836411655,6.6023331250370765,0.02579036376967608,1.7741479193664902,10,256,0.9989909755876304,256,40,74,177,245,0.15625,0.2890625,0.69140625,0.95703125,625.0,256.0,10000.0,1.4106976349210558,5.242384254433361,0.020478063493880316,8.165997099769982,0.03189842617097649,3.1000859067863824,0.012109710573384306,2.478395584085928,10.0,256.0,0.998740167762253,256.0,7.0,13.0,34.0,129.0,0.02734375,0.05078125,0.1328125,0.50390625,39.0625,20,81.11
layer1.2.conv1,conv,10,64,1,False,64.0,0,32.0,32.0,160000,13.175787513004238,4.315167065585936,0.06742448539978026,8.045015375122015,0.12570336523628148,2.3360516729534955,0.03650080738989837,2.441461316752927,10,64,0.9923248620891231,64,9,14,34,57,0.140625,0.21875,0.53125,0.890625,2500.0,64.0,10000.0,0.32548516485191076,4.2774614127229995,0.06683533457379687,6.889470083527827,0.10764797005512229,2.38620698759556,0.037284484181180626,3.259715301666965,10.0,64.0,0.9918563511418028,64.0,6.0,10.0,20.0,44.0,0.09375,0.15625,0.3125,0.6875,156.25,20,81.11
layer1.2.conv2,conv,11,64,1,False,64.0,0,32.0,32.0,160000,5.161043375894748,7.680620563787621,0.12000969630918158,12.18772719180411,0.1904332373719392,3.806324621729321,0.05947382221452064,2.91555934114007,10,64,0.9930839267285858,64,11,17,33,56,0.171875,0.265625,0.515625,0.875,2500.0,64.0,10000.0,0.06078711496457312,3.4603550298060206,0.05406804734071907,5.3737926868096375,0.08396551073140059,2.0768419023107003,0.03245065472360469,3.9648259601815403,10.0,64.0,0.9756362749984113,64.0,5.0,7.0,15.0,33.0,0.078125,0.109375,0.234375,0.515625,156.25,20,81.11
layer1.2.conv3,conv,12,256,1,False,64.0,0,32.0,32.0,160000,0.6495634143379996,10.10857539091916,0.03948662262077797,15.110687482449128,0.05902612297831691,5.672681679956648,0.022158912812330657,10.647417464170646,10,256,0.8250601218615838,160,13,20,39,58,0.05078125,0.078125,0.15234375,0.2265625,625.0,256.0,10000.0,0.01925664420752782,2.270572439999394,0.008869423593747632,3.9736862589038324,0.015522211948843095,1.5478295107019135,0.00604620902617935,9.319180696092245,10.0,256.0,0.8705392113872507,160.0,5.0,7.0,14.0,33.0,0.01953125,0.02734375,0.0546875,0.12890625,39.0625,20,81.11
layer1.2,block,13,256,1,False,,0,32.0,32.0,160000,26.01799271249541,20.260328770410684,0.07914190925941673,41.4819444756781,0.16203884560811757,7.531899311911613,0.02942148168715474,1.6862551461290785,10,256,0.9990328899184286,256,52,94,195,248,0.203125,0.3671875,0.76171875,0.96875,625.0,256.0,10000.0,1.5900465749251917,5.652069045835547,0.022078394710295105,9.207364843056869,0.035966268918190894,3.05479022716874,0.01193277432487789,2.4104629906067867,10.0,256.0,0.9988285350156881,256.0,8.0,14.0,38.0,143.0,0.03125,0.0546875,0.1484375,0.55859375,39.0625,20,81.11
layer2.0.conv1,conv,14,128,1,False,128.0,0,32.0,32.0,160000,20.008441061387046,9.660228695073478,0.07547053668026155,15.082801259709711,0.11783438484148212,4.692742508704062,0.036662050849250484,2.7083445043969028,10,128,0.988606768055611,128,13,19,49,101,0.1015625,0.1484375,0.3828125,0.7890625,1250.0,128.0,10000.0,1.2952819739859849,4.439051255891149,0.0346800879366496,6.758684148009942,0.05280221990632767,2.439656151025157,0.01905981367988404,3.39361964062395,10.0,128.0,0.994397781937906,128.0,6.0,8.0,16.0,41.0,0.046875,0.0625,0.125,0.3203125,78.125,20,81.11
layer2.0.conv2,conv,15,128,1,False,128.0,0,16.0,16.0,160000,13.555498823897734,12.63847639809656,0.09873809686012938,19.754106172287596,0.15432895447099684,6.620743627958275,0.05172455959342402,2.9351306865300706,10,128,0.9965890216972115,128,18,25,52,104,0.140625,0.1953125,0.40625,0.8125,1250.0,128.0,10000.0,1.3823274752578447,4.9211151242028865,0.03844621190783505,6.990465076868909,0.05461300841303835,2.73851518294997,0.02139464986679664,3.3473994001342113,10.0,128.0,0.9964164003320167,128.0,6.0,8.0,13.0,34.0,0.046875,0.0625,0.1015625,0.265625,78.125,20,81.11
layer2.0.conv3,conv,16,512,1,False,128.0,0,16.0,16.0,160000,3.439609817357844,10.011240066091116,0.01955320325408421,16.050722549566167,0.03134906747962142,5.362004922245659,0.010472665863761053,8.492113831701278,10,512,0.813411709569703,310,14,22,54,107,0.02734375,0.04296875,0.10546875,0.208984375,312.5,512.0,10000.0,0.3808546335682361,5.049924860650658,0.009863134493458317,7.209372551209266,0.014080805764080597,2.91292450290611,0.005689305669738496,7.172536903027754,10.0,512.0,0.8721737917779754,319.0,6.0,8.0,15.0,45.0,0.01171875,0.015625,0.029296875,0.087890625,19.53125,20,81.11
layer2.0.downsample.0,conv,17,512,1,False,256.0,0,16.0,16.0,160000,21.2737110024956,11.482726421085026,0.02242720004118169,17.74794452482255,0.03466395415004404,5.570290259514681,0.010879473163114611,6.579810755391506,10,512,0.6370477140036526,377,15,22,71,181,0.029296875,0.04296875,0.138671875,0.353515625,312.5,512.0,10000.0,2.3174751471429706,4.801418956677247,0.009377771399760247,6.683120368333318,0.013052969469401012,2.863534297724691,0.005592840425243537,5.739766929103231,10.0,512.0,0.7353814714697283,384.0,6.0,8.0,16.0,57.0,0.01171875,0.015625,0.03125,0.111328125,19.53125,20,81.11
layer2.0,block,18,512,1,False,,0,16.0,16.0,160000,47.116028245384605,18.085660550405535,0.03532355576251081,39.20186739913738,0.07656614726394019,7.8700870960897005,0.015371263859550196,1.6687067925739183,10,512,0.9987068868898034,512,49,102,322,484,0.095703125,0.19921875,0.62890625,0.9453125,312.5,512.0,10000.0,5.119244328926576,6.235721515109014,0.012179143584197293,10.211412528980361,0.019944165095664768,3.3166847763737546,0.006477899953854989,2.1582658884838133,10.0,512.0,0.9963144436706678,512.0,9.0,14.0,45.0,238.0,0.017578125,0.02734375,0.087890625,0.46484375,19.53125,20,81.11
layer2.1.conv1,conv,19,128,1,False,128.0,0,16.0,16.0,160000,29.954990901615044,9.514968099282699,0.07433568827564609,14.411762764295645,0.11259189659605973,5.594064797304186,0.04370363122893895,2.3770883590775886,10,128,0.9965601952377242,128,12,19,53,108,0.09375,0.1484375,0.4140625,0.84375,1250.0,128.0,10000.0,3.9119069582211985,5.309868303226783,0.04148334611895924,7.261894948069021,0.05673355428178923,3.326217483056062,0.025986074086375485,3.0418262810228778,10.0,128.0,0.9981144988474409,128.0,6.0,8.0,16.0,47.0,0.046875,0.0625,0.125,0.3671875,78.125,20,81.11
layer2.1.conv2,conv,20,128,1,False,128.0,0,16.0,16.0,160000,10.782305816140848,21.058375265538064,0.16451855676201613,31.113914119976037,0.2430774540623128,10.328870850266105,0.08069430351770394,2.805967788709071,10,128,0.9841220831852664,128,27,38,71,114,0.2109375,0.296875,0.5546875,0.890625,1250.0,128.0,10000.0,1.0716011697343872,4.570510328917171,0.0357071119446654,7.178260593346099,0.0560801608855164,2.4986861088101415,0.01952098522507923,3.7143086780526247,10.0,128.0,0.9846198364001432,128.0,7.0,9.0,19.0,47.0,0.0546875,0.0703125,0.1484375,0.3671875,78.125,20,81.11
layer2.1.conv3,conv,21,512,1,False,128.0,0,16.0,16.0,160000,1.751976580551386,15.891842992634691,0.03103875584498963,26.418965461257436,0.05159954191651843,7.491213065318813,0.014631275518200806,8.968804938065377,10,512,0.7965897552492868,313,25,38,82,119,0.048828125,0.07421875,0.16015625,0.232421875,312.5,512.0,10000.0,0.16334374012234534,3.2244278088374787,0.006297710564135701,6.391048645651871,0.01248251688603881,1.888729513210463,0.0036889248304891853,7.774350451422563,10.0,512.0,0.8472044358465554,320.0,8.0,11.0,30.0,80.0,0.015625,0.021484375,0.05859375,0.15625,19.53125,20,81.11
layer2.1,block,22,512,1,False,,0,16.0,16.0,160000,63.42153899904319,25.86629396025017,0.050520105391113616,58.34422673460224,0.11395356784102,9.396498674711397,0.018352536474045698,1.570397271935988,10,512,0.9993783813154179,512,80,162,381,495,0.15625,0.31640625,0.744140625,0.966796875,312.5,512.0,10000.0,6.120682918120243,5.837684873739664,0.011401728269022781,11.033704363828054,0.021550203835601668,2.849895841428237,0.005566202815289525,2.0434658046611482,10.0,512.0,0.9980468055880816,512.0,10.0,17.0,68.0,315.0,0.01953125,0.033203125,0.1328125,0.615234375,19.53125,20,81.11
layer2.2.conv1,conv,23,128,1,False,128.0,0,16.0,16.0,160000,32.42930028139975,12.599862845174366,0.09843642847792473,20.5729165939741,0.16072591089042265,6.25738491139672,0.048885819620286874,2.331450750986575,10,128,0.9966922514722979,128,18,30,73,117,0.140625,0.234375,0.5703125,0.9140625,1250.0,128.0,10000.0,2.6380701479309696,5.94849592856266,0.04647262444189578,9.20346982868204,0.07190210803657844,3.1806040937509286,0.02484846948242913,2.899275419806017,10.0,128.0,0.9974921765341642,128.0,8.0,11.0,27.0,75.0,0.0625,0.0859375,0.2109375,0.5859375,78.125,20,81.11
layer2.2.conv2,conv,24,128,1,False,128.0,0,16.0,16.0,160000,8.070325660851339,20.12094475866953,0.1571948809271057,31.39614508519574,0.24528238347809173,9.62601103996745,0.0752032112497457,2.5344211588731937,10,128,0.9883178662236296,128,29,41,80,119,0.2265625,0.3203125,0.625,0.9296875,1250.0,128.0,10000.0,0.5603653514812084,4.690308464304143,0.036643034877376114,7.404130139747545,0.0578447667167777,2.587035246962895,0.02021121286689762,3.32165453097774,10.0,128.0,0.9849988433635342,128.0,7.0,10.0,23.0,58.0,0.0546875,0.078125,0.1796875,0.453125,78.125,20,81.11
layer2.2.conv3,conv,25,512,1,False,128.0,0,16.0,16.0,160000,1.3626719766523463,12.435933806680453,0.02428893321617276,24.286523471590048,0.04743461615544931,4.784153434319554,0.00934404967640538,8.921013580310513,10,512,0.7898426763539717,313,26,43,87,121,0.05078125,0.083984375,0.169921875,0.236328125,312.5,512.0,10000.0,0.15486251072067836,1.8848870808661948,0.0036814200798167868,3.561793351069274,0.0069566276388071755,1.3882039757645197,0.0027113358901650775,7.462151461470597,10.0,512.0,0.8459852617172128,320.0,5.0,8.0,24.0,75.0,0.009765625,0.015625,0.046875,0.146484375,19.53125,20,81.11
layer2.2,block,26,512,1,False,,0,16.0,16.0,160000,80.43823381090957,31.168929470668996,0.06087681537240038,70.57560935148503,0.1378429870146192,11.266733290559523,0.02200533845812407,1.503303975713843,10,512,0.9992333175202573,512,103,199,406,499,0.201171875,0.388671875,0.79296875,0.974609375,312.5,512.0,10000.0,7.045615494094574,6.417220319974435,0.012533633437450068,12.391350570712179,0.024201856583422224,2.9928412170243766,0.0058453930020007355,1.9792126761174278,10.0,512.0,0.9982400035152705,512.0,11.0,20.0,86.0,353.0,0.021484375,0.0390625,0.16796875,0.689453125,19.53125,20,81.11
layer2.3.conv1,conv,27,128,1,False,128.0,0,16.0,16.0,160000,37.88220210051874,13.453415979140805,0.10510481233703754,23.341381725791585,0.18235454473274676,5.772628185846599,0.04509865770192655,2.2722544213019944,10,128,0.996974508120932,128,23,35,81,119,0.1796875,0.2734375,0.6328125,0.9296875,1250.0,128.0,10000.0,2.8221244315142053,6.00333240565651,0.04690103441919148,9.897991758053907,0.07732806060979615,2.9708525360708036,0.023209785438053153,2.8260834309426017,10.0,128.0,0.9980556197529856,128.0,9.0,13.0,31.0,83.0,0.0703125,0.1015625,0.2421875,0.6484375,78.125,20,81.11
layer2.3.conv2,conv,28,128,1,False,128.0,0,16.0,16.0,160000,6.668815343657865,18.314341370516566,0.14308079195716067,30.119524806107442,0.2353087875477144,8.526436817785028,0.06661278763894553,2.4407017516665914,10,128,0.985979619672516,128,29,43,82,119,0.2265625,0.3359375,0.640625,0.9296875,1250.0,128.0,10000.0,0.3880124324299221,4.187349425273149,0.03271366738494648,7.794834646088972,0.0608971456725701,2.2546543116617714,0.01761448680985759,3.4411098579599195,10.0,128.0,0.9888382281213086,128.0,9.0,13.0,27.0,64.0,0.0703125,0.1015625,0.2109375,0.5,78.125,20,81.11
layer2.3.conv3,conv,29,512,1,False,128.0,0,16.0,16.0,160000,1.2249149140754976,11.984336842290615,0.023406907895098857,23.469489154559284,0.0458388460049986,4.897087773755962,0.009564624558117114,8.934203138820012,10,512,0.7884806211766571,311,26,42,87,121,0.05078125,0.08203125,0.169921875,0.236328125,312.5,512.0,10000.0,0.11558742716679643,2.001496302830966,0.0039091724664667305,4.0175131320059325,0.007846705335949087,1.4321580533308647,0.002797183697911845,7.6495186742284424,10.0,512.0,0.850333680414832,320.0,6.0,10.0,26.0,78.0,0.01171875,0.01953125,0.05078125,0.15234375,19.53125,20,81.11
layer2.3,block,30,512,1,False,,0,16.0,16.0,160000,94.45531031382679,36.781705485612854,0.0718392685265876,82.02143280480921,0.16019811094689299,13.742932166818859,0.026841664388318084,1.4555183515367882,10,512,0.9990180892631298,512,123,225,421,501,0.240234375,0.439453125,0.822265625,0.978515625,312.5,512.0,10000.0,6.976920568313072,8.364651345331595,0.01633720965885077,15.508375544902938,0.03028979598613855,3.7878253451944737,0.007398096377332956,1.9482839115240052,10.0,512.0,0.9982610759229101,512.0,14.0,26.0,112.0,387.0,0.02734375,0.05078125,0.21875,0.755859375,19.53125,20,81.11
layer3.0.conv1,conv,31,256,1,False,256.0,0,16.0,16.0,160000,68.53778101915293,16.414746848296684,0.06412010487615892,26.351326652430952,0.10293486973605841,7.526093683276201,0.02939880345029766,2.390777311366077,10,256,0.9873913040316928,256,23,35,106,209,0.08984375,0.13671875,0.4140625,0.81640625,625.0,256.0,10000.0,6.176479981119557,7.064048533507027,0.027593939584011823,10.701364803260747,0.04180220626273729,3.590459152745869,0.01402523106541355,2.8956053816032563,10.0,256.0,0.9934419921883431,256.0,9.0,13.0,28.0,95.0,0.03515625,0.05078125,0.109375,0.37109375,39.0625,20,81.11
layer3.0.conv2,conv,32,256,1,False,256.0,0,8.0,8.0,160000,23.87248730708145,19.956716565640086,0.07795592408453159,32.30490218159977,0.1261910241468741,8.79151354097448,0.03434184976943156,2.54966837396801,10,256,0.9961935446430942,256,29,43,101,214,0.11328125,0.16796875,0.39453125,0.8359375,625.0,256.0,10000.0,2.8891300448233346,6.974922083719977,0.02724578938953116,10.474472742015212,0.04091590914849692,3.706176284027492,0.01447725110948239,2.821553692075593,10.0,256.0,0.9988324064150499,256.0,9.0,13.0,29.0,98.0,0.03515625,0.05078125,0.11328125,0.3828125,39.0625,20,81.11
layer3.0.conv3,conv,33,1024,1,False,256.0,0,8.0,8.0,160000,5.855031350261157,18.12698453907239,0.01770213333893788,29.17874071547521,0.02849486397995626,8.29071878339896,0.008096405061913047,7.372778685900093,10,1024,0.793519176324152,622,25,39,115,220,0.0244140625,0.0380859375,0.1123046875,0.21484375,156.25,1024.0,10000.0,0.7445650145928738,7.019893427283172,0.006855364675081223,11.123619563330198,0.010862909729814647,3.6989379766270924,0.003612244117799895,6.779377277655939,10.0,1024.0,0.8318494949830405,637.0,10.0,15.0,36.0,133.0,0.009765625,0.0146484375,0.03515625,0.1298828125,9.765625,20,81.11
layer3.0.downsample.0,conv,34,1024,1,False,512.0,0,8.0,8.0,160000,85.77779847316815,15.81038800660687,0.015439832037702021,26.48183812536732,0.025861170044304025,7.503596631833552,0.007327731085774953,5.611948804564795,10,1024,0.6198825126966576,755,23,36,146,378,0.0224609375,0.03515625,0.142578125,0.369140625,156.25,1024.0,10000.0,9.614202529935826,6.694177075619373,0.006537282300409544,10.758726838997857,0.010506569178708845,3.3736469833483715,0.003294577132176144,5.35329786794194,10.0,1024.0,0.6747311194612777,767.0,9.0,14.0,37.0,199.0,0.0087890625,0.013671875,0.0361328125,0.1943359375,9.765625,20,81.11
layer3.0,block,35,1024,1,False,,0,8.0,8.0,160000,94.38718794806542,27.728409809426342,0.027078525204517912,67.22708362615994,0.06565144885367181,10.534776256163672,0.010287867437659836,1.5300891223964357,10,1024,0.9985356722715109,1024,99,224,693,979,0.0966796875,0.21875,0.6767578125,0.9560546875,156.25,1024.0,10000.0,10.23786006461322,8.647233479902244,0.008444563945217035,17.00149550962398,0.016603022958617167,4.037091195933637,0.003942471871028942,1.7793399330433397,10.0,1024.0,0.9976494202075623,1024.0,16.0,33.0,186.0,762.0,0.015625,0.0322265625,0.181640625,0.744140625,9.765625,20,81.11
layer3.1.conv1,conv,36,256,1,False,256.0,0,8.0,8.0,160000,64.91633719882674,13.040891949472732,0.05094098417762786,22.3561920949224,0.08732887537079062,5.942122072816023,0.02321141434693759,2.2356605835467223,10,256,0.9945202898334965,256,20,32,102,216,0.078125,0.125,0.3984375,0.84375,625.0,256.0,10000.0,8.062270981866261,6.941541086927911,0.027115394870812153,10.742807913219519,0.041964093411013745,3.625745614690521,0.014163068807384847,2.5504247695046165,10.0,256.0,0.9961137344924827,256.0,9.0,14.0,34.0,129.0,0.03515625,0.0546875,0.1328125,0.50390625,39.0625,20,81.11
layer3.1.conv2,conv,37,256,1,False,256.0,0,8.0,8.0,160000,22.67609877929946,26.62303413812853,0.10399622710206458,44.361590685370196,0.17328746361472733,11.297278530313113,0.0441299942590356,2.4824877230988855,10,256,0.983535649658883,256,42,63,131,224,0.1640625,0.24609375,0.51171875,0.875,625.0,256.0,10000.0,2.2255704744978213,6.655721308063607,0.025998911359623466,10.89451567563579,0.0425567018579523,3.420173038162898,0.01336005093032382,3.085703298006006,10.0,256.0,0.9908444579418101,256.0,10.0,16.0,39.0,108.0,0.0390625,0.0625,0.15234375,0.421875,39.0625,20,81.11
layer3.1.conv3,conv,38,1024,1,False,256.0,0,8.0,8.0,160000,3.3040053297589527,22.569064369601797,0.022040101923439255,40.15153529014611,0.03921048368178331,10.104112568615621,0.009867297430288692,7.6625770611350985,10,1024,0.7744918623030642,621,40,69,162,237,0.0390625,0.0673828125,0.158203125,0.2314453125,156.25,1024.0,10000.0,0.25560248497391785,6.690242735610472,0.006533440171494601,13.476147242491372,0.01316030004149548,3.1508157929572773,0.003076968547809841,7.244762845986752,10.0,1024.0,0.806646456790021,638.0,15.0,26.0,78.0,195.0,0.0146484375,0.025390625,0.076171875,0.1904296875,9.765625,20,81.11
layer3.1,block,39,1024,1,False,,0,8.0,8.0,160000,126.50669000949743,40.48535817541806,0.039536482593181696,102.517747368084,0.10011498766414453,13.560773649758659,0.01324294301734244,1.433296082903272,10,1024,0.9993931604552718,1024,172,358,798,996,0.16796875,0.349609375,0.779296875,0.97265625,156.25,1024.0,10000.0,11.387042982987046,9.797257505883103,0.009567634283088967,21.510934260205282,0.02100677173848172,4.338261565559373,0.004236583560116575,1.679281391536572,10.0,1024.0,0.9981452868992875,1024.0,24.0,54.0,322.0,862.0,0.0234375,0.052734375,0.314453125,0.841796875,9.765625,20,81.11
layer3.2.conv1,conv,40,256,1,False,256.0,0,8.0,8.0,160000,73.72950938260793,22.024323569017632,0.08603251394147512,35.899207372283506,0.14023127879798244,10.152224483314264,0.03965712688794634,2.2059275185543155,10,256,0.9959560112947102,256,32,51,139,232,0.125,0.19921875,0.54296875,0.90625,625.0,256.0,10000.0,5.9388368541443075,10.285787236498459,0.040178856392572106,16.76272546283093,0.06547939633918332,5.5143289100289765,0.02154034730480069,2.487675093048342,10.0,256.0,0.9970233308819229,256.0,16.0,24.0,61.0,181.0,0.0625,0.09375,0.23828125,0.70703125,39.0625,20,81.11
layer3.2.conv2,conv,41,256,1,False,256.0,0,8.0,8.0,160000,13.300579084828675,32.993771204507446,0.1288819187676072,54.84863422744382,0.2142524774509524,12.438117850713677,0.0485863978543503,2.2764354435784653,10,256,0.9820084358957737,256,52,76,157,238,0.203125,0.296875,0.61328125,0.9296875,625.0,256.0,10000.0,0.903271789207932,9.63844765484898,0.03765018615175383,16.636179105893962,0.06498507463239829,4.915386725674249,0.019200729397165037,2.883917185719381,10.0,256.0,0.9909781106363785,256.0,16.0,25.0,59.0,154.0,0.0625,0.09765625,0.23046875,0.6015625,39.0625,20,81.11
layer3.2.conv3,conv,42,1024,1,False,256.0,0,8.0,8.0,160000,2.4252623399996605,28.499661135766623,0.027831700327897092,49.83025262358502,0.048662356077719744,12.736643353708715,0.012438128275106167,7.805194433629538,10,1024,0.7649027783151339,620,49,85,181,243,0.0478515625,0.0830078125,0.1767578125,0.2373046875,156.25,1024.0,10000.0,0.1526840255951435,10.701236959635118,0.01045042671839367,20.333905894344852,0.019857329974946145,5.00857804237591,0.0048911894945077245,7.4871165924545275,10.0,1024.0,0.7947328443893613,637.0,21.0,34.0,106.0,215.0,0.0205078125,0.033203125,0.103515625,0.2099609375,9.765625,20,81.11
layer3.2,block,43,1024,1,False,,0,8.0,8.0,160000,165.53713548952854,49.81865998596184,0.048651035142540856,126.06359251753791,0.12310897706790812,16.447373852047818,0.016061888527390447,1.3696368504877323,10,1024,0.9985843455398483,1024,222,434,840,1002,0.216796875,0.423828125,0.8203125,0.978515625,156.25,1024.0,10000.0,13.265739543888097,11.700705455140495,0.01142647017103564,26.694136983366118,0.026068493147818474,5.007338311206792,0.0048899788195378826,1.6291006795410894,10.0,1024.0,0.9973205043775739,1024.0,30.0,74.0,413.0,901.0,0.029296875,0.072265625,0.4033203125,0.8798828125,9.765625,20,81.11
layer3.3.conv1,conv,44,256,1,False,256.0,0,8.0,8.0,160000,87.21552715086663,24.229707213727107,0.09464729380362151,40.73632811741866,0.15912628170866663,11.052081852125154,0.04317219473486388,2.119926118343468,10,256,0.9951844537325738,256,37,61,156,237,0.14453125,0.23828125,0.609375,0.92578125,625.0,256.0,10000.0,6.565791892463759,11.239273956542407,0.04390341389274378,18.812706216916148,0.0734871336598287,5.822229532218392,0.022743084110228094,2.4185233491644773,10.0,256.0,0.9971232676652316,256.0,18.0,27.0,74.0,196.0,0.0703125,0.10546875,0.2890625,0.765625,39.0625,20,81.11
layer3.3.conv2,conv,45,256,1,False,256.0,0,8.0,8.0,160000,10.156894055052394,31.20436819468166,0.12189206326047523,52.518488783871234,0.205150346811997,11.81186869388328,0.04614011208548156,2.2031465817655964,10,256,0.988712041920458,256,50,76,161,240,0.1953125,0.296875,0.62890625,0.9375,625.0,256.0,10000.0,0.6532240649443899,11.189783229187046,0.0437100907390119,18.550068899787917,0.07246120663979655,6.022479787571772,0.023525311670202234,2.819285438087051,10.0,256.0,0.991571064095724,256.0,18.0,26.0,64.0,163.0,0.0703125,0.1015625,0.25,0.63671875,39.0625,20,81.11
layer3.3.conv3,conv,46,1024,1,False,256.0,0,8.0,8.0,160000,2.2626016960965627,24.370560658638144,0.023799375643201313,44.7267116089908,0.043678429305655075,9.158901566304687,0.00894423981084442,7.723982708697177,10,1024,0.7643013858057234,619,46,83,180,243,0.044921875,0.0810546875,0.17578125,0.2373046875,156.25,1024.0,10000.0,0.15067582067233526,8.99381677251772,0.008783024191911836,17.93751917168787,0.017517108566101437,4.037703839143828,0.003943070155413894,7.403496158555842,10.0,1024.0,0.7947747732841626,638.0,19.0,31.0,102.0,214.0,0.0185546875,0.0302734375,0.099609375,0.208984375,9.765625,20,81.11
layer3.3,block,47,1024,1,False,,0,8.0,8.0,160000,206.92755016400545,54.19922992555434,0.05292893547417416,137.15614574641504,0.13394154858048343,17.513660695115888,0.01710318427257411,1.3287955587956128,10,1024,0.9975081231050985,1024,250,472,859,1005,0.244140625,0.4609375,0.8388671875,0.9814453125,156.25,1024.0,10000.0,16.014595926322098,12.734286418417746,0.01243582658048608,29.521155148760556,0.02882925307496148,5.423228143102922,0.005296121233498948,1.6040721879941577,10.0,1024.0,0.9966525890101601,1024.0,34.0,86.0,455.0,915.0,0.033203125,0.083984375,0.4443359375,0.8935546875,9.765625,20,81.11
layer3.4.conv1,conv,48,256,1,False,256.0,0,8.0,8.0,160000,90.48293612706486,27.183962882148037,0.10618735500839077,45.63375630134266,0.17825686055211976,12.081662980222216,0.04719399601649303,2.019691019745947,10,256,0.9945167716280632,256,42,72,171,241,0.1640625,0.28125,0.66796875,0.94140625,625.0,256.0,10000.0,6.251553027015499,12.080765593544992,0.047190490599785126,21.50431952148945,0.08400124813081816,5.28060874549041,0.020627377912071913,2.335448257700365,10.0,256.0,0.9959486059344878,256.0,21.0,32.0,92.0,210.0,0.08203125,0.125,0.359375,0.8203125,39.0625,20,81.11
layer3.4.conv2,conv,49,256,1,False,256.0,0,8.0,8.0,160000,7.81918061653147,31.01971331840103,0.12117075515000403,51.578846480314105,0.20147986906372697,12.288843568186842,0.04800329518822985,2.1450394890722557,10,256,0.9929100182362758,256,49,75,166,242,0.19140625,0.29296875,0.6484375,0.9453125,625.0,256.0,10000.0,0.48300079223493897,11.278842070229267,0.044057976836833074,19.34428997433533,0.07556363271224738,5.427571122710092,0.021201449698086298,2.7680054136064305,10.0,256.0,0.9910260451625117,256.0,19.0,28.0,68.0,171.0,0.07421875,0.109375,0.265625,0.66796875,39.0625,20,81.11
layer3.4.conv3,conv,50,1024,1,False,256.0,0,8.0,8.0,160000,2.0501778460026374,14.739774996186345,0.014394311519713227,35.91457146117739,0.03507282369255604,4.718300889119785,0.00460771571203104,7.544192728828411,10,1024,0.7708399238602432,623,42,79,178,243,0.041015625,0.0771484375,0.173828125,0.2373046875,156.25,1024.0,10000.0,0.17083600868348073,4.356102057347716,0.004254005915378629,10.972198475245914,0.010715037573482338,2.2098081327431185,0.0021580157546319517,7.205659508854622,10.0,1024.0,0.8015955342681846,635.0,15.0,26.0,87.0,206.0,0.0146484375,0.025390625,0.0849609375,0.201171875,9.765625,20,81.11
layer3.4,block,51,1024,1,False,,0,8.0,8.0,160000,244.56517451041353,56.88651106106545,0.05555323345807173,143.29046200265054,0.13993209179946342,18.073354472259894,0.017649760226816302,1.3035285401222314,10,1024,0.9961896069812147,1024,267,494,869,1006,0.2607421875,0.482421875,0.8486328125,0.982421875,156.25,1024.0,10000.0,19.037070273745737,13.764911036225984,0.013442295933814437,31.350610722239814,0.03061583078343732,5.875349695527458,0.005737646187038533,1.591433659933853,10.0,1024.0,0.996109148129574,1024.0,36.0,91.0,473.0,921.0,0.03515625,0.0888671875,0.4619140625,0.8994140625,9.765625,20,81.11
layer3.5.conv1,conv,52,256,1,False,256.0,0,8.0,8.0,160000,98.37214047947,28.291812373725367,0.11051489208486472,47.750719591502154,0.1865262484043053,12.7336595309635,0.04974085754282617,1.9789656240829938,10,256,0.9941439840029517,256,44,77,177,243,0.171875,0.30078125,0.69140625,0.94921875,625.0,256.0,10000.0,7.320469412970187,12.248749157135812,0.047846676395061766,21.700281317117234,0.0847667238949892,5.365356660049569,0.02095842445331863,2.309431622647766,10.0,256.0,0.9956364029031005,256.0,21.0,32.0,93.0,212.0,0.08203125,0.125,0.36328125,0.828125,39.0625,20,81.11
layer3.5.conv2,conv,53,256,1,False,256.0,0,8.0,8.0,160000,7.41309006694734,26.811064364142094,0.10473072017243006,45.87679517665833,0.1792062311588216,10.791232931680629,0.042153253639377455,2.117999810795484,10,256,0.9954261104173563,256,44,69,163,241,0.171875,0.26953125,0.63671875,0.94140625,625.0,256.0,10000.0,0.5392449690176426,11.542346088132964,0.04508728940676939,19.26378597042915,0.07524916394698887,5.048541692934727,0.019720865988026276,2.827991738992204,10.0,256.0,0.9922509231476518,256.0,18.0,26.0,60.0,162.0,0.0703125,0.1015625,0.234375,0.6328125,39.0625,20,81.11
layer3.5.conv3,conv,54,1024,1,False,256.0,0,8.0,8.0,160000,2.0746435866289814,9.123456148174746,0.0089096251447019,26.04322667826612,0.025432838552994257,3.3935274201348347,0.0033139916212254245,7.359168834173381,10,1024,0.7744844300271729,626,35,69,170,241,0.0341796875,0.0673828125,0.166015625,0.2353515625,156.25,1024.0,10000.0,0.2115309037789351,3.572844401284993,0.003489105860629876,9.085783207035783,0.008872835163120882,1.960173285855065,0.0019142317244678368,7.036582130421955,10.0,1024.0,0.808021463345223,637.0,13.0,21.0,72.0,197.0,0.0126953125,0.0205078125,0.0703125,0.1923828125,9.765625,20,81.11
layer3.5,block,55,1024,1,False,,0,8.0,8.0,160000,280.8023513481974,52.81930949239702,0.05158135692616896,139.85380456887333,0.13657598102429036,14.73190255879108,0.014386623592569415,1.2852861448685944,10,1024,0.9952797191961801,1024,271,500,872,1007,0.2646484375,0.48828125,0.8515625,0.9833984375,156.25,1024.0,10000.0,22.780164494030778,14.203379282781988,0.013870487580841785,31.77133157686125,0.031026690993028565,6.0970239594718825,0.00595412496042176,1.5884587894186404,10.0,1024.0,0.9951298495682155,1024.0,35.0,89.0,472.0,921.0,0.0341796875,0.0869140625,0.4609375,0.8994140625,9.765625,20,81.11
layer4.0.conv1,conv,56,512,1,False,512.0,0,8.0,8.0,160000,151.71827608170065,24.194267364801973,0.047254428446878854,42.89258551838641,0.08377458109059846,8.90952887099086,0.017401423576154023,2.0126905303391407,10,512,0.9782133207208833,512,36,69,251,439,0.0703125,0.134765625,0.490234375,0.857421875,312.5,512.0,10000.0,16.36505592332103,11.06521431976503,0.021611746718291074,18.101284099384493,0.03535407050661034,5.722817506347463,0.011177377942084888,2.302934291306135,10.0,512.0,0.9814827682196916,512.0,16.0,23.0,67.0,299.0,0.03125,0.044921875,0.130859375,0.583984375,19.53125,20,81.11
layer4.0.conv2,conv,57,512,1,False,512.0,0,4.0,4.0,160000,31.076753995422997,17.575240293984365,0.03432664119918821,31.489259067399413,0.06150245911601448,6.450753266492485,0.012599127473618134,2.150069999424885,10,512,0.9895569409877752,512,29,44,141,417,0.056640625,0.0859375,0.275390625,0.814453125,312.5,512.0,10000.0,5.428098153094535,8.549855652319199,0.016698936820935935,13.659058154152609,0.026677847957329314,4.586290259258705,0.008957598162614658,2.1583924131410557,10.0,512.0,0.9826079733787376,512.0,12.0,17.0,41.0,252.0,0.0234375,0.033203125,0.080078125,0.4921875,19.53125,20,81.11
layer4.0.conv3,conv,58,2048,1,False,512.0,0,4.0,4.0,160000,12.7382836677539,8.23021391253217,0.0040186591369785985,16.68531547668797,0.008147126697601547,3.527762415263055,0.0017225402418276636,6.168929337857752,10,2048,0.7839651817998758,1262,17,25,120,385,0.00830078125,0.01220703125,0.05859375,0.18798828125,78.125,2048.0,10000.0,2.429727090774541,7.752555558106565,0.003785427518606721,11.379497104000231,0.005556395070312613,4.757409742568453,0.0023229539758635024,5.836884165179876,10.0,2048.0,0.8002563205676854,1274.0,10.0,13.0,31.0,242.0,0.0048828125,0.00634765625,0.01513671875,0.1181640625,4.8828125,20,81.11
layer4.0.downsample.0,conv,59,2048,1,False,1024.0,0,4.0,4.0,160000,189.42836791121306,10.371674234714337,0.00506429405991911,28.29193981425766,0.013814423737430498,3.7287042183780104,0.0018206563566298879,5.113166576276507,10,2048,0.5811020600670755,1521,31,59,364,813,0.01513671875,0.02880859375,0.177734375,0.39697265625,78.125,2048.0,10000.0,28.343736926955483,6.26753938526481,0.003060321965461333,13.381847552935996,0.006534105250457029,2.974978824566218,0.0014526263791827237,4.9406421856302005,10.0,2048.0,0.6049712640659455,1534.0,15.0,25.0,149.0,648.0,0.00732421875,0.01220703125,0.07275390625,0.31640625,4.8828125,20,81.11
layer4.0,block,60,2048,1,False,,0,4.0,4.0,160000,118.85795814494263,19.47739884839502,0.00951044865644288,58.26475633493766,0.02844958805416878,6.151994402267968,0.003003903516732406,1.4033109343344226,10,2048,0.9963532749742903,2048,99,296,1248,1929,0.04833984375,0.14453125,0.609375,0.94189453125,78.125,2048.0,10000.0,19.767768807481286,10.36183507694092,0.005059489783662559,22.215401878964517,0.010847364198713143,4.954640551811586,0.002419258081939251,1.5431891172530794,10.0,2048.0,0.9925600824253297,2048.0,21.0,57.0,547.0,1652.0,0.01025390625,0.02783203125,0.26708984375,0.806640625,4.8828125,20,81.11
layer4.1.conv1,conv,61,512,1,False,512.0,0,4.0,4.0,160000,50.788037935315124,16.73905966857359,0.03269347591518279,29.92710738926989,0.05845138161966775,6.32545348447689,0.012354401336868926,1.8926079315201931,10,512,0.9841329265929489,512,25,42,206,439,0.048828125,0.08203125,0.40234375,0.857421875,312.5,512.0,10000.0,7.736663518309018,11.447930970794799,0.02235924017733359,18.427164081855853,0.03599055484737471,5.855526092628472,0.011436574399664985,1.9956403039973125,10.0,512.0,0.982188562976598,512.0,16.0,23.0,92.0,363.0,0.03125,0.044921875,0.1796875,0.708984375,19.53125,20,81.11
layer4.1.conv2,conv,62,512,1,False,512.0,0,4.0,4.0,160000,19.03350762743956,19.5103427634873,0.038106138209936136,38.248703037327395,0.07470449811978007,8.363523139691964,0.016335006132210866,2.2045237260487762,10,512,0.9969960911242323,512,39,64,185,432,0.076171875,0.125,0.361328125,0.84375,312.5,512.0,10000.0,2.3814207508253458,10.408741482989093,0.020329573208963073,16.329475005684532,0.0318935058704776,5.3585681317133576,0.010465953382252651,2.3994409159512653,10.0,512.0,0.9934027868435974,512.0,14.0,21.0,56.0,253.0,0.02734375,0.041015625,0.109375,0.494140625,19.53125,20,81.11
layer4.1.conv3,conv,63,2048,1,False,512.0,0,4.0,4.0,160000,10.142313064186409,2.632797392460656,0.0012855456017874297,7.26794995024394,0.003548803686642549,1.6489902303374342,0.0008051710109069503,5.822273341729464,10,2048,0.7848512781833507,1268,13,25,140,403,0.00634765625,0.01220703125,0.068359375,0.19677734375,78.125,2048.0,10000.0,1.5719423053202501,2.596754334861424,0.0012679464525690548,5.498478025431542,0.002684803723355245,1.650045277737447,0.0008056861707702378,5.561267809827271,10.0,2048.0,0.800488063736374,1278.0,8.0,11.0,34.0,265.0,0.00390625,0.00537109375,0.0166015625,0.12939453125,4.8828125,20,81.11
layer4.1,block,64,2048,1,False,,0,4.0,4.0,160000,156.36257729103318,16.86688309230861,0.008235782759916313,55.625650740683625,0.027160962275724426,5.324441621886962,0.002599825010686993,1.3820527297488372,10,2048,0.9967444908478786,2048,103,311,1277,1937,0.05029296875,0.15185546875,0.62353515625,0.94580078125,78.125,2048.0,10000.0,27.073273881576384,10.717168571097613,0.005232992466356256,21.0804867107979,0.010293206401756787,5.317068558998824,0.0025962248823236445,1.5215908028031522,10.0,2048.0,0.9926813393174093,2048.0,18.0,49.0,513.0,1639.0,0.0087890625,0.02392578125,0.25048828125,0.80029296875,4.8828125,20,81.11
layer4.2.conv1,conv,65,512,1,False,512.0,0,4.0,4.0,160000,76.29306139662505,13.183820312996112,0.02574964904882053,24.475841688132746,0.04780437829713427,5.254185002715158,0.010262080083428044,1.8410137565848848,10,512,0.9849334068715827,512,21,37,193,434,0.041015625,0.072265625,0.376953125,0.84765625,312.5,512.0,10000.0,13.340795986031488,9.349002298493495,0.018259770114245108,14.489308745704925,0.02829943114395493,4.651289730149399,0.009084550254198045,1.9241196785162955,10.0,512.0,0.980855598859728,512.0,12.0,17.0,65.0,333.0,0.0234375,0.033203125,0.126953125,0.650390625,19.53125,20,81.11
layer4.2.conv2,conv,66,512,1,False,512.0,0,4.0,4.0,160000,23.53488479404307,14.99548485857956,0.029288056364413204,26.742818876702234,0.05223206811855905,6.234047347735756,0.012175873726046399,2.2070604657503665,10,512,0.9940707595789213,512,25,40,119,392,0.048828125,0.078125,0.232421875,0.765625,312.5,512.0,10000.0,5.974661021782958,8.01983464744068,0.01566373954578258,10.800700687038042,0.021095118529371175,4.152785608573711,0.00811090939174553,2.323025634944569,10.0,512.0,0.9856868328740425,512.0,9.0,11.0,20.0,117.0,0.017578125,0.021484375,0.0390625,0.228515625,19.53125,20,81.11
layer4.2.conv3,conv,67,2048,1,False,512.0,0,4.0,4.0,160000,9.972385327703087,3.7209495803333237,0.0018168699122721307,8.318451516466169,0.004061743904524497,2.0427128837252626,0.0009974184002564759,5.745419694548261,10,2048,0.7924435669966476,1268,10,16,85,353,0.0048828125,0.0078125,0.04150390625,0.17236328125,78.125,2048.0,10000.0,3.124284140083641,5.895658952420473,0.002878739722861559,8.10515694418407,0.003957596164152378,3.2975281278344903,0.0016101211561691847,5.249492888851398,10.0,2048.0,0.816742534478943,1277.0,8.0,9.0,12.0,113.0,0.00390625,0.00439453125,0.005859375,0.05517578125,4.8828125,20,81.11
layer4.2,block,68,2048,1,False,,0,4.0,4.0,160000,206.47316293416077,11.949415280611953,0.005834675429986305,40.29449943909403,0.019675048554245133,4.32857434179415,0.002113561690329175,1.3658903703087806,10,2048,0.9969823672587026,2048,76,246,1197,1922,0.037109375,0.1201171875,0.58447265625,0.9384765625,78.125,2048.0,10000.0,51.32552218530019,8.311622471476623,0.004058409409900695,14.800980604897576,0.007227041310985145,4.045761360411871,0.0019754694142636088,1.5329449697970499,10.0,2048.0,0.9931638714188622,2048.0,10.0,25.0,276.0,1459.0,0.0048828125,0.01220703125,0.134765625,0.71240234375,4.8828125,20,81.11
fc,linear,69,10,1,False,,0,,,10000,182.68823308564842,3.2291507271787605,0.32291507271787606,4.925371710168432,0.4925371710168432,1.9364700723666626,0.19364700723666625,,10,10,,10,6,7,9,9,0.6,0.7,0.9,0.9,1000.0,,,,,,,,,,,,,,,,,,,,,,,,20,81.11
conv1,conv,0,64,1,False,27.0,0,32.0,32.0,160000,23.054274823540357,3.7491418114692014,0.05858034080420627,5.08694407739696,0.0794835012093275,2.247255098501652,0.035113360914088315,13.342754591119244,10,64,0.9749001083946505,44,5,6,8,11,0.078125,0.09375,0.125,0.171875,2500.0,64.0,10000.0,5.232208388881491,2.25341489693351,0.03520960776458609,2.5814111915928026,0.04033454986863754,1.702649988914689,0.026603906076792017,7.732330330067362,10.0,64.0,0.9601943099598329,40.0,3.0,3.0,3.0,5.0,0.046875,0.046875,0.046875,0.078125,156.25,30,76.97
layer1.0.conv1,conv,1,64,1,False,64.0,0,32.0,32.0,160000,0.8596204272680508,4.308921627322947,0.06732690042692105,5.754526801893932,0.08991448127959269,2.6473479451258677,0.04136481164259168,6.972076782635898,10,64,0.9307566916066766,63,5,7,10,16,0.078125,0.109375,0.15625,0.25,2500.0,64.0,10000.0,0.09336145884494988,2.221381114247487,0.034709079910116986,3.1804309323459585,0.0496942333179056,1.5661573029958709,0.024471207859310482,7.581349739985237,10.0,64.0,0.9459902132870948,63.0,3.0,4.0,7.0,12.0,0.046875,0.0625,0.109375,0.1875,156.25,30,76.97
layer1.0.conv2,conv,2,64,1,False,64.0,0,32.0,32.0,160000,2.178356955440692,8.172198500922041,0.1276906015769069,11.263756813936158,0.17599620021775247,4.672729411207916,0.07301139705012369,4.234189644953178,10,64,0.9822919117951948,64,9,13,23,41,0.140625,0.203125,0.359375,0.640625,2500.0,64.0,10000.0,0.11470142370157103,2.5194927579434747,0.03936707434286679,3.522255920392979,0.0550352487561403,1.8177712753411386,0.02840267617720529,5.213329945364229,10.0,64.0,0.9806087014710319,64.0,3.0,5.0,10.0,20.0,0.046875,0.078125,0.15625,0.3125,156.25,30,76.97
layer1.0.conv3,conv,3,256,1,False,64.0,0,32.0,32.0,160000,0.5937989677678412,6.062715431220554,0.02368248215320529,8.433152723571562,0.03294200282645141,3.533052189542705,0.013800985115401192,9.58386021909683,10,256,0.8750175441334123,159,7,10,18,37,0.02734375,0.0390625,0.0703125,0.14453125,625.0,256.0,10000.0,0.020216359461224256,3.421416362636852,0.013364907666550203,4.812498817483443,0.0187988235057947,2.526879624275918,0.009870623532327805,8.915875924698685,10.0,256.0,0.9076751379455035,159.0,5.0,6.0,12.0,23.0,0.01953125,0.0234375,0.046875,0.08984375,39.0625,30,76.97
layer1.0.downsample.0,conv,4,256,1,False,64.0,0,32.0,32.0,160000,1.8912326263653432,5.677172549491928,0.022176455271452844,7.132285038335849,0.02786048843099941,3.706054408011073,0.014476775031293253,8.048125693008881,10,256,0.9451897940849477,159,6,8,10,16,0.0234375,0.03125,0.0390625,0.0625,625.0,256.0,10000.0,0.31318548681131464,3.385441372322855,0.013224380360636152,3.9866190997537614,0.01557273085841313,2.634277040474044,0.010290144689351735,7.221193419599368,10.0,256.0,0.9762471266463605,158.0,3.0,4.0,7.0,12.0,0.01171875,0.015625,0.02734375,0.046875,39.0625,30,76.97
layer1.0,block,5,256,1,False,,0,32.0,32.0,160000,4.06234142790391,12.030224432220285,0.04699306418836049,22.915815874873694,0.08951490576122537,5.672690106592563,0.022158945728877198,2.152457539778985,10,256,0.988009884582531,256,25,43,123,223,0.09765625,0.16796875,0.48046875,0.87109375,625.0,256.0,10000.0,0.4535202965645961,4.710937934362547,0.0184021013061037,7.036889968726289,0.027487851440337066,2.994073514101161,0.01169559966445766,2.893572926932361,10.0,256.0,0.9948418680311906,256.0,6.0,10.0,26.0,85.0,0.0234375,0.0390625,0.1015625,0.33203125,39.0625,30,76.97
layer1.1.conv1,conv,6,64,1,False,64.0,0,32.0,32.0,160000,1.7070240371712997,4.478790385931607,0.06998109978018136,6.744010654485638,0.1053751664763381,2.5555993139660327,0.03993123928071926,3.6860653203108305,10,64,0.9957979560571323,64,6,9,17,35,0.09375,0.140625,0.265625,0.546875,2500.0,64.0,10000.0,0.09147464836869383,3.001954676794462,0.046905541824913466,4.542572068444754,0.07097768856944928,1.901599570518181,0.029712493289346577,4.441292331648105,10.0,64.0,0.9966790432336133,64.0,4.0,6.0,12.0,24.0,0.0625,0.09375,0.1875,0.375,156.25,30,76.97
layer1.1.conv2,conv,7,64,1,False,64.0,0,32.0,32.0,160000,1.796343214285902,9.667539081569481,0.15105529814952315,13.330962639303443,0.2082962912391163,5.303818436494976,0.082872163070234,3.7620357128770103,10,64,0.9892372449987861,64,11,15,28,48,0.171875,0.234375,0.4375,0.75,2500.0,64.0,10000.0,0.03996569856906779,2.2762293562014735,0.03556608369064802,3.533966485823797,0.05521822634099683,1.5878552609696825,0.02481023845265129,4.6783777199791095,10.0,64.0,0.9805044594416062,64.0,4.0,5.0,12.0,25.0,0.0625,0.078125,0.1875,0.390625,156.25,30,76.97
layer1.1.conv3,conv,8,256,1,False,64.0,0,32.0,32.0,160000,0.42350384161756655,6.728515969843355,0.026283265507200605,9.617274338835017,0.037567477886074285,4.205041481498736,0.016425943287104436,9.90444477014193,10,256,0.8658788743427392,161,9,12,22,42,0.03515625,0.046875,0.0859375,0.1640625,625.0,256.0,10000.0,0.006151975446241916,3.326971988798476,0.012995984331244046,5.334826187308667,0.02083916479417448,2.002299136732443,0.007821481002861105,9.296615726194666,10.0,256.0,0.8973789576033812,159.0,6.0,7.0,14.0,28.0,0.0234375,0.02734375,0.0546875,0.109375,39.0625,30,76.97
layer1.1,block,9,256,1,False,,0,32.0,32.0,160000,5.967944298095363,14.244918848444069,0.055644214251734644,28.606864174123835,0.11174556318017123,5.867458031688658,0.02291975793628382,1.990096723039436,10,256,0.9974048116345298,256,32,57,150,237,0.125,0.22265625,0.5859375,0.92578125,625.0,256.0,10000.0,0.44478356456348866,5.440680438613302,0.02125265796333321,8.274634257236912,0.032322790067331686,3.3230375298810895,0.012980615351098006,2.7143416084933745,10.0,256.0,0.9981236685020634,256.0,7.0,12.0,31.0,106.0,0.02734375,0.046875,0.12109375,0.4140625,39.0625,30,76.97
layer1.2.conv1,conv,10,64,1,False,64.0,0,32.0,32.0,160000,2.322220459930809,3.1443486096662823,0.04913044702603566,5.27831002377024,0.08247359412141,1.9178476623377798,0.02996636972402781,3.3034015670106323,10,64,0.9953669028819412,64,6,8,17,39,0.09375,0.125,0.265625,0.609375,2500.0,64.0,10000.0,0.04498177865552294,3.6038718360780493,0.05631049743871952,5.723481012837725,0.08942939082558946,2.114779039529097,0.03304342249264214,4.154901949610467,10.0,64.0,0.9963852211738259,64.0,6.0,8.0,14.0,30.0,0.09375,0.125,0.21875,0.46875,156.25,30,76.97
layer1.2.conv2,conv,11,64,1,False,64.0,0,32.0,32.0,160000,2.7438375693943198,5.859904672317962,0.09156101050496816,8.701094595252194,0.13595460305081553,3.124336211181069,0.048817753299704204,3.8238108287916805,10,64,0.9871727111792264,64,8,11,20,41,0.125,0.171875,0.3125,0.640625,2500.0,64.0,10000.0,0.014180572198412789,2.7982595291350987,0.04372280514273592,4.244991306635355,0.06632798916617742,1.8196115438963238,0.02843143037338006,4.4514527165125255,10.0,64.0,0.9878350171709264,64.0,4.0,6.0,11.0,24.0,0.0625,0.09375,0.171875,0.375,156.25,30,76.97
layer1.2.conv3,conv,12,256,1,False,64.0,0,32.0,32.0,160000,0.3080320329425987,6.990166191327144,0.027305336684871655,10.220316839478203,0.03992311265421173,3.8963094167163237,0.01521995865904814,10.019156890540623,10,256,0.8683369664214294,158,9,12,21,41,0.03515625,0.046875,0.08203125,0.16015625,625.0,256.0,10000.0,0.012634499811193684,1.7339971696517515,0.0067734264439521545,2.563352218832045,0.010013094604812676,1.3451150808059016,0.005254355784398053,8.270121947046743,10.0,256.0,0.916104295695467,159.0,3.0,4.0,7.0,15.0,0.01171875,0.015625,0.02734375,0.05859375,39.0625,30,76.97
layer1.2,block,13,256,1,False,,0,32.0,32.0,160000,6.703146373492273,19.961359764852222,0.077974061581454,38.03197959510254,0.1485624202933693,7.9850989303461075,0.031191792696664482,1.9131464257095747,10,256,0.9975941135368405,256,42,74,171,243,0.1640625,0.2890625,0.66796875,0.94921875,625.0,256.0,10000.0,0.5166884195587083,5.977474652046682,0.023349510359557353,9.359912670040448,0.0365621588673455,3.334779283083855,0.01302648157454631,2.667310407392081,10.0,256.0,0.9984080335225839,256.0,8.0,13.0,33.0,116.0,0.03125,0.05078125,0.12890625,0.453125,39.0625,30,76.97
layer2.0.conv1,conv,14,128,1,False,128.0,0,32.0,32.0,160000,4.564571022099836,7.9895208644498785,0.062418131753514676,11.217589022340285,0.08763741423703347,4.591455817660926,0.03587074857547599,3.7187313615892306,10,128,0.9954969040059539,128,10,13,23,53,0.078125,0.1015625,0.1796875,0.4140625,1250.0,128.0,10000.0,0.31260415515873385,3.883545907873945,0.030340202405265197,6.107747578198694,0.0477167779546773,2.1838921780696094,0.017061657641168824,4.431291907114621,10.0,128.0,0.9971965887661471,128.0,6.0,8.0,13.0,24.0,0.046875,0.0625,0.1015625,0.1875,78.125,30,76.97
layer2.0.conv2,conv,15,128,1,False,128.0,0,16.0,16.0,160000,6.739684860414923,11.657486282199681,0.09107411157968501,17.750680340376533,0.13867719015919167,5.840839033961288,0.04563155495282256,3.6946934689767286,10,128,0.9871232350284079,128,17,22,40,78,0.1328125,0.171875,0.3125,0.609375,1250.0,128.0,10000.0,0.6075159812617075,4.183070301597712,0.032680236731232125,6.1676178701626485,0.04818451461064569,2.442363835126524,0.01908096746192597,4.196870560056471,10.0,128.0,0.9955756604510078,128.0,6.0,8.0,13.0,28.0,0.046875,0.0625,0.1015625,0.21875,78.125,30,76.97
layer2.0.conv3,conv,16,512,1,False,128.0,0,16.0,16.0,160000,1.3357547209545297,9.744635274410447,0.019032490770332904,14.403729174415801,0.02813228354378086,5.264537136212251,0.010282299094164553,8.155205885840328,10,512,0.8671291274448034,313,13,17,31,70,0.025390625,0.033203125,0.060546875,0.13671875,312.5,512.0,10000.0,0.13656866706181794,4.09871723145449,0.00800530709268455,6.0684370254063555,0.011852416065246788,2.4730476021930063,0.0048301710980332155,6.82776966541494,10.0,512.0,0.9227852519436612,317.0,6.0,8.0,14.0,31.0,0.01171875,0.015625,0.02734375,0.060546875,19.53125,30,76.97
layer2.0.downsample.0,conv,17,512,1,False,256.0,0,16.0,16.0,160000,5.7057431336215885,10.607997216607371,0.020718744563686272,14.640430094392215,0.028594590028109795,5.51979911696763,0.010780857650327403,6.385538269687194,10,512,0.7608280981862675,377,12,16,31,78,0.0234375,0.03125,0.060546875,0.15234375,312.5,512.0,10000.0,0.798134534427851,4.7254515363468705,0.009229397531927482,6.365371411083811,0.012432366037273069,2.8518167795384084,0.005569954647535954,5.552301771062308,10.0,512.0,0.8744238351858534,383.0,5.0,7.0,13.0,29.0,0.009765625,0.013671875,0.025390625,0.056640625,19.53125,30,76.97
layer2.0,block,18,512,1,False,,0,16.0,16.0,160000,10.81668269538825,17.849919145579523,0.03486312333121001,36.85614559985526,0.0719846593747173,7.669873697311723,0.014980222065061959,1.8747661784543035,10,512,0.9976947426054112,512,42,83,265,464,0.08203125,0.162109375,0.517578125,0.90625,312.5,512.0,10000.0,1.2857653158067162,5.965744668275392,0.011651845055225376,10.07543041463169,0.01967857502857752,3.0362479662532644,0.005930171809088407,2.365478113756235,10.0,512.0,0.9982607403757326,512.0,9.0,14.0,42.0,193.0,0.017578125,0.02734375,0.08203125,0.376953125,19.53125,30,76.97
layer2.1.conv1,conv,19,128,1,False,128.0,0,16.0,16.0,160000,4.3990721031457305,7.158284646063056,0.05592409879736762,10.433739214743508,0.08151358761518365,3.9151186267119065,0.03058686427118677,3.2852221496292766,10,128,0.998084486237211,128,9,12,24,62,0.0703125,0.09375,0.1875,0.484375,1250.0,128.0,10000.0,0.683393441685174,4.38268765810771,0.03423974732896649,5.978608021223087,0.046707875165805365,2.78628533404392,0.021767854172218125,3.893726903553432,10.0,128.0,0.9986979422877645,128.0,5.0,7.0,12.0,25.0,0.0390625,0.0546875,0.09375,0.1953125,78.125,30,76.97
layer2.1.conv2,conv,20,128,1,False,128.0,0,16.0,16.0,160000,3.1864042450555856,16.524861861001465,0.12910048328907395,25.018384302708814,0.1954561273649126,7.688720024621421,0.060068125192354854,3.3296507059593896,10,128,0.9699577946686786,128,23,32,56,97,0.1796875,0.25,0.4375,0.7578125,1250.0,128.0,10000.0,0.27365113153441295,4.524470255205166,0.03534742386879036,6.69095793754642,0.05227310888708141,2.867167554850294,0.02239974652226792,4.332367389724689,10.0,128.0,0.981058635599336,128.0,6.0,9.0,18.0,39.0,0.046875,0.0703125,0.140625,0.3046875,78.125,30,76.97
layer2.1.conv3,conv,21,512,1,False,128.0,0,16.0,16.0,160000,0.4739665858087096,12.670614990683433,0.02474729490367858,19.549735016557804,0.03818307620421446,6.2711192369423605,0.012248279759653048,8.662058271479173,10,512,0.8309628144076637,312,17,25,54,100,0.033203125,0.048828125,0.10546875,0.1953125,312.5,512.0,10000.0,0.03214143531196196,4.078340620723353,0.007965509024850298,7.0851596438005755,0.013838202429297999,2.3174033892146557,0.0045261784945598744,7.639376028508481,10.0,512.0,0.8756620182974468,319.0,7.0,11.0,25.0,61.0,0.013671875,0.021484375,0.048828125,0.119140625,19.53125,30,76.97
layer2.1,block,22,512,1,False,,0,16.0,16.0,160000,11.882102691658977,25.077699640695158,0.04897988211073273,53.32654282066513,0.10415340394661159,9.907170944474162,0.019349943250926097,1.7542230418756106,10,512,0.9974781514327167,512,67,129,334,483,0.130859375,0.251953125,0.65234375,0.943359375,312.5,512.0,10000.0,1.1280142282962573,6.419518157281122,0.012538121400939692,11.903004621166833,0.02324805590071647,3.050575042374378,0.005958154379637457,2.2313809540416867,10.0,512.0,0.998744129848639,512.0,11.0,19.0,65.0,278.0,0.021484375,0.037109375,0.126953125,0.54296875,19.53125,30,76.97
layer2.2.conv1,conv,23,128,1,False,128.0,0,16.0,16.0,160000,3.796166484315999,10.26837620803261,0.08022168912525476,15.024179909572734,0.11737640554353698,5.430404444986262,0.042425034726455174,3.247039541287382,10,128,0.9974258445395788,128,13,18,33,82,0.1015625,0.140625,0.2578125,0.640625,1250.0,128.0,10000.0,0.3092365918842969,5.4051826516006045,0.04222798946562972,7.995106383887692,0.062461768624122595,3.096353698111083,0.024190263266492835,3.7942041275881264,10.0,128.0,0.9981185729710587,128.0,8.0,10.0,19.0,41.0,0.0625,0.078125,0.1484375,0.3203125,78.125,30,76.97
layer2.2.conv2,conv,24,128,1,False,128.0,0,16.0,16.0,160000,2.170655657696121,21.586375688939377,0.16864356006983888,31.44611620792102,0.24567278287438296,10.808308045436227,0.08443990660497053,2.9828017081630245,10,128,0.9702576032788849,128,28,39,69,109,0.21875,0.3046875,0.5390625,0.8515625,1250.0,128.0,10000.0,0.11871352794604217,4.695112680011328,0.0366805678125885,7.199136938123273,0.05624325732908807,2.6302662959676275,0.02054895543724709,3.7430241634798462,10.0,128.0,0.9755097833235048,128.0,6.0,9.0,22.0,51.0,0.046875,0.0703125,0.171875,0.3984375,78.125,30,76.97
layer2.2.conv3,conv,25,512,1,False,128.0,0,16.0,16.0,160000,0.2549839414318248,14.920136638675373,0.02914089187241284,23.07112382501682,0.045060788720735975,7.358043880335343,0.014371179453779966,8.810137680555249,10,512,0.8168796308900586,313,21,31,64,109,0.041015625,0.060546875,0.125,0.212890625,312.5,512.0,10000.0,0.017311945855189546,2.395982320236454,0.004679652969211824,4.654287285973597,0.009090404855417181,1.5895192721846239,0.0031045298284855935,7.582024828403075,10.0,512.0,0.8677991975341841,318.0,6.0,9.0,25.0,64.0,0.01171875,0.017578125,0.048828125,0.125,19.53125,30,76.97
layer2.2,block,26,512,1,False,,0,16.0,16.0,160000,12.720063260398687,31.206710718531564,0.06095060687213196,67.85744671186654,0.13253407560911434,12.20715649011528,0.023842102519756405,1.6498427622693408,10,512,0.9968787365809076,512,92,171,375,492,0.1796875,0.333984375,0.732421875,0.9609375,312.5,512.0,10000.0,1.0416521362645004,7.543278635804999,0.014732966085556638,14.014617807981791,0.027372300406214436,3.4581480281243455,0.006754195367430362,2.1334671317384033,10.0,512.0,0.9986213833428628,512.0,12.0,23.0,87.0,332.0,0.0234375,0.044921875,0.169921875,0.6484375,19.53125,30,76.97
layer2.3.conv1,conv,27,128,1,False,128.0,0,16.0,16.0,160000,3.5349619575871096,11.002793876952065,0.08595932716368801,16.859874935906703,0.13171777293677112,5.82661292852238,0.04552041350408109,3.1233911130583314,10,128,0.9972905345307383,128,16,21,41,93,0.125,0.1640625,0.3203125,0.7265625,1250.0,128.0,10000.0,0.23126836486452806,6.782570669244449,0.05298883335347226,9.852182587763249,0.07697017646690038,3.721673922570407,0.029075577520081306,3.651497069389699,10.0,128.0,0.9982541322727548,128.0,9.0,12.0,23.0,51.0,0.0703125,0.09375,0.1796875,0.3984375,78.125,30,76.97
layer2.3.conv2,conv,28,128,1,False,128.0,0,16.0,16.0,160000,1.7724241042551752,18.97939797674867,0.14827654669334897,29.347302330240282,0.2292757994550022,8.830789220021154,0.06899054078141527,2.8444963862574473,10,128,0.9685251173956393,128,28,39,70,111,0.21875,0.3046875,0.546875,0.8671875,1250.0,128.0,10000.0,0.06220957675952599,5.175545785542933,0.04043395144955417,8.537825944503238,0.06670176519143155,2.7803129405481872,0.021721194848032713,3.673946481187074,10.0,128.0,0.9800446037507843,128.0,8.0,13.0,27.0,60.0,0.0625,0.1015625,0.2109375,0.46875,78.125,30,76.97
layer2.3.conv3,conv,29,512,1,False,128.0,0,16.0,16.0,160000,0.20322297064424122,13.357584908363215,0.026089033024146904,22.38619562860553,0.04372303833712018,5.516366348107253,0.010774153023646978,8.820386326665153,10,512,0.818702106818339,309,21,31,62,108,0.041015625,0.060546875,0.12109375,0.2109375,312.5,512.0,10000.0,0.009482957061621175,3.7598981029267877,0.007343550982278882,7.104314713177544,0.013875614674174891,2.1202484166232405,0.004141110188717267,7.715525105692824,10.0,512.0,0.8686679437511111,320.0,8.0,13.0,26.0,67.0,0.015625,0.025390625,0.05078125,0.130859375,19.53125,30,76.97
layer2.3,block,30,512,1,False,,0,16.0,16.0,160000,13.399990201504846,36.196991735278,0.07069724948296484,79.68721961366487,0.1556391008079392,13.836800561723557,0.027025001097116322,1.5807380325404918,10,512,0.9964998104743528,512,111,201,397,496,0.216796875,0.392578125,0.775390625,0.96875,312.5,512.0,10000.0,0.9944112262338866,8.43628635569821,0.016477121788473065,15.877694981928366,0.03101112301157884,3.773770510392963,0.007370645528111256,2.0753813667050105,10.0,512.0,0.9984754178128992,512.0,15.0,27.0,107.0,364.0,0.029296875,0.052734375,0.208984375,0.7109375,19.53125,30,76.97
layer3.0.conv1,conv,31,256,1,False,256.0,0,16.0,16.0,160000,8.991214001644432,14.562394796256436,0.056884354672876704,21.422769411739928,0.0836826930146091,7.5028580656899875,0.029308039319101514,3.274427769448015,10,256,0.9941973262136751,256,19,25,44,123,0.07421875,0.09765625,0.171875,0.48046875,625.0,256.0,10000.0,0.8047606399562754,7.45293450630933,0.029113025415270822,10.823447559373083,0.042279092028801105,3.7579468479352798,0.014679479874747187,3.7544445430500857,10.0,256.0,0.9963640301445966,256.0,9.0,13.0,23.0,48.0,0.03515625,0.05078125,0.08984375,0.1875,39.0625,30,76.97
layer3.0.conv2,conv,32,256,1,False,256.0,0,8.0,8.0,160000,10.077350110123898,18.776627076929856,0.07334619951925725,31.865626805160762,0.12447510470765923,7.154011668358473,0.027945358079525286,3.009673961230742,10,256,0.9814465330563118,256,30,43,88,179,0.1171875,0.16796875,0.34375,0.69921875,625.0,256.0,10000.0,1.1150884837032506,7.626612763983271,0.029791456109309652,11.282245220713321,0.04407127039341141,4.244521524197562,0.016580162203896725,3.3418709362966594,10.0,256.0,0.9925859726338317,256.0,10.0,14.0,30.0,85.0,0.0390625,0.0546875,0.1171875,0.33203125,39.0625,30,76.97
layer3.0.conv3,conv,33,1024,1,False,256.0,0,8.0,8.0,160000,1.870812656506314,18.187359725088182,0.017761093481531428,27.62294018573497,0.026975527525131805,7.934594747953724,0.007748627683548559,7.2263336649416425,10,1024,0.8401713219470567,623,24,32,69,167,0.0234375,0.03125,0.0673828125,0.1630859375,156.25,1024.0,10000.0,0.21401518488392368,7.989747837804834,0.007802488122856283,12.133547751197673,0.011849167725778978,4.1447750298364845,0.004047631865074692,6.666087549806373,10.0,1024.0,0.8732004985880242,637.0,11.0,16.0,31.0,89.0,0.0107421875,0.015625,0.0302734375,0.0869140625,9.765625,30,76.97
layer3.0.downsample.0,conv,34,1024,1,False,512.0,0,8.0,8.0,160000,10.772517854842206,14.588699982265801,0.014246777326431447,22.683292626652918,0.02215165295571574,6.87387990292629,0.006712773342701455,5.568333201459888,10,1024,0.733189066669475,756,20,28,57,193,0.01953125,0.02734375,0.0556640625,0.1884765625,156.25,1024.0,10000.0,1.2325897208622487,6.542379274389004,0.006389042260145512,10.425435222059606,0.010181089084042584,3.2531969870747233,0.0031769501826901594,5.302434716599384,10.0,1024.0,0.7906828723672896,766.0,9.0,13.0,29.0,80.0,0.0087890625,0.0126953125,0.0283203125,0.078125,9.765625,30,76.97
layer3.0,block,35,1024,1,False,,0,8.0,8.0,160000,16.18858872385221,28.527362286260235,0.02785875223267601,66.73845434673888,0.06517427182298718,10.630412881472758,0.01038126257956324,1.6807266791316933,10,1024,0.9980648448303004,1024,91,195,610,953,0.0888671875,0.1904296875,0.595703125,0.9306640625,156.25,1024.0,10000.0,1.7162840567992854,9.393515089649304,0.009173354579735648,18.38650253335206,0.017955568880226622,4.210074354645287,0.004111400736958288,1.9287009488463522,10.0,1024.0,0.9981810912899148,1024.0,18.0,35.0,172.0,700.0,0.017578125,0.0341796875,0.16796875,0.68359375,9.765625,30,76.97
layer3.1.conv1,conv,36,256,1,False,256.0,0,8.0,8.0,160000,7.5617073294806865,11.355603291711681,0.044357825358248754,17.387395534592983,0.06791951380700384,5.820711042378785,0.02273715250929213,3.0216635480978775,10,256,0.993018303478918,256,16,22,39,122,0.0625,0.0859375,0.15234375,0.4765625,625.0,256.0,10000.0,1.02537093000934,6.397227701386557,0.024989170708541238,9.519583398503935,0.037185872650405995,3.4117416255165027,0.013327115724673839,3.320449588059328,10.0,256.0,0.9946185550595933,256.0,8.0,12.0,23.0,52.0,0.03125,0.046875,0.08984375,0.203125,39.0625,30,76.97
layer3.1.conv2,conv,37,256,1,False,256.0,0,8.0,8.0,160000,6.009829524536456,24.757008856666445,0.0967070658463533,39.507968425141506,0.154328001660709,11.836870980424546,0.046237777267283384,2.867357070523354,10,256,0.9688203465353112,256,37,54,108,195,0.14453125,0.2109375,0.421875,0.76171875,625.0,256.0,10000.0,0.6064262959807415,6.138751152070048,0.023979496687773626,9.604996906952875,0.03751951916778467,3.3743292953977866,0.013180973810147604,3.5300050349192014,10.0,256.0,0.9822826845136323,256.0,8.0,14.0,33.0,83.0,0.03125,0.0546875,0.12890625,0.32421875,39.0625,30,76.97
layer3.1.conv3,conv,38,1024,1,False,256.0,0,8.0,8.0,160000,0.7859215075522986,17.947322081119495,0.017526681719843257,30.48149466519588,0.02976708463398035,7.920263525417886,0.007734632349040905,7.428743508576559,10,1024,0.8067466293103334,621,28,45,109,208,0.02734375,0.0439453125,0.1064453125,0.203125,156.25,1024.0,10000.0,0.06124665871914262,6.066385612456022,0.005924204699664084,11.35699283151727,0.011090813312028583,3.120835554688881,0.0030476909713758604,7.045134336922027,10.0,1024.0,0.837855249202998,638.0,13.0,21.0,53.0,147.0,0.0126953125,0.0205078125,0.0517578125,0.1435546875,9.765625,30,76.97
layer3.1,block,39,1024,1,False,,0,8.0,8.0,160000,17.576024718866712,42.77154963600146,0.041769091441407676,104.5039965516234,0.10205468413244473,15.132239394460345,0.014777577533652681,1.5315517050158802,10,1024,0.9986311785929483,1024,163,327,756,987,0.1591796875,0.3193359375,0.73828125,0.9638671875,156.25,1024.0,10000.0,1.494824696567047,11.347601324754914,0.01108164191870597,24.82953506245698,0.024247592834430644,4.893494046181934,0.004778802779474545,1.7814715501666951,10.0,1024.0,0.9983710516591741,1024.0,28.0,63.0,320.0,843.0,0.02734375,0.0615234375,0.3125,0.8232421875,9.765625,30,76.97
layer3.2.conv1,conv,40,256,1,False,256.0,0,8.0,8.0,160000,7.540493086651408,17.298387961654523,0.06757182797521298,26.282427732096707,0.10266573332850276,8.44353807600129,0.03298257060938004,2.9944772006984577,10,256,0.9954409028135003,256,23,31,62,164,0.08984375,0.12109375,0.2421875,0.640625,625.0,256.0,10000.0,0.6142895936755172,8.937316470193904,0.03491139246169494,14.304690020771478,0.055877695393638585,4.5811292091222215,0.017895035973133678,3.2658225468201914,10.0,256.0,0.9965829154643476,256.0,14.0,20.0,38.0,96.0,0.0546875,0.078125,0.1484375,0.375,39.0625,30,76.97
layer3.2.conv2,conv,41,256,1,False,256.0,0,8.0,8.0,160000,3.7351780887144694,31.52572375385824,0.12314735841350875,52.58887707391197,0.20542530106996865,11.895030032024899,0.04646496106259726,2.5119252356579276,10,256,0.9654140724932759,256,50,73,140,224,0.1953125,0.28515625,0.546875,0.875,625.0,256.0,10000.0,0.26411234540449446,6.992243944722721,0.027313452909073128,13.244861921523684,0.05173774188095189,3.4122717443021826,0.0133291865011804,3.1534259143348473,10.0,256.0,0.9822656460346173,256.0,15.0,22.0,53.0,129.0,0.05859375,0.0859375,0.20703125,0.50390625,39.0625,30,76.97
layer3.2.conv3,conv,42,1024,1,False,256.0,0,8.0,8.0,160000,0.4742254370980387,22.638496102348345,0.022107906349949556,39.3124422266312,0.03839105686194453,9.630705223509494,0.00940498556983349,7.657091532011627,10,1024,0.7949606092215077,622,38,59,134,222,0.037109375,0.0576171875,0.130859375,0.216796875,156.25,1024.0,10000.0,0.0278712578609311,8.17433445176724,0.007982748488053946,16.60182273805501,0.016212717517631845,3.7873291234247923,0.0036985635970945238,7.357547766497201,10.0,1024.0,0.8221210169250384,637.0,19.0,30.0,76.0,181.0,0.0185546875,0.029296875,0.07421875,0.1767578125,9.765625,30,76.97
layer3.2,block,43,1024,1,False,,0,8.0,8.0,160000,19.087194274318634,54.9418421488843,0.05365414272351982,137.05859235560513,0.13384628159727063,18.661396036567748,0.01822401956696069,1.433418859723454,10,1024,0.9981607295232267,1024,228,425,823,998,0.22265625,0.4150390625,0.8037109375,0.974609375,156.25,1024.0,10000.0,1.4693330873301187,12.901997484132284,0.012599606918097934,30.15077948327725,0.02944412058913794,5.577167639123527,0.005446452772581569,1.6935248650006438,10.0,1024.0,0.9978670033877989,1024.0,37.0,90.0,426.0,896.0,0.0361328125,0.087890625,0.416015625,0.875,9.765625,30,76.97
layer3.3.conv1,conv,44,256,1,False,256.0,0,8.0,8.0,160000,7.1237075282865145,21.36327967233675,0.08345031122006542,31.952714406186292,0.1248152906491652,10.199629130841855,0.039842301292350994,2.878108639558976,10,256,0.9941276768599091,256,28,38,77,188,0.109375,0.1484375,0.30078125,0.734375,625.0,256.0,10000.0,0.5209585708042913,11.173129716600261,0.04364503795546977,17.448739774196707,0.06815913974295588,6.038436914319929,0.023587644196562223,3.137551027062134,10.0,256.0,0.9966352870478655,256.0,16.0,24.0,46.0,122.0,0.0625,0.09375,0.1796875,0.4765625,39.0625,30,76.97
layer3.3.conv2,conv,45,256,1,False,256.0,0,8.0,8.0,160000,2.6487047277699736,32.029160998617876,0.12511391015085108,53.32686466604117,0.2083080651017233,12.336542909374392,0.04818962073974372,2.434370313961064,10,256,0.9709342959094421,256,51,75,146,228,0.19921875,0.29296875,0.5703125,0.890625,625.0,256.0,10000.0,0.1707385067260382,9.007786977221336,0.035186667879770844,16.305551612481075,0.0636935609862542,3.9923423870631356,0.015595087449465373,3.0579329505826163,10.0,256.0,0.9828262762324216,256.0,17.0,25.0,60.0,143.0,0.06640625,0.09765625,0.234375,0.55859375,39.0625,30,76.97
layer3.3.conv3,conv,46,1024,1,False,256.0,0,8.0,8.0,160000,0.3552294034299858,21.557250162786268,0.021052002112095965,36.220758056140184,0.0353718340391994,10.308412191411186,0.010066808780674986,7.571635970911559,10,1024,0.7963277805357347,620,34,52,127,220,0.033203125,0.05078125,0.1240234375,0.21484375,156.25,1024.0,10000.0,0.01974047757155963,9.174705350989314,0.008959673194325501,17.978086975116714,0.017556725561637416,3.886503168825482,0.0037954132508061346,7.35167244042451,10.0,1024.0,0.8222376242029755,637.0,19.0,29.0,73.0,181.0,0.0185546875,0.0283203125,0.0712890625,0.1767578125,9.765625,30,76.97
layer3.3,block,47,1024,1,False,,0,8.0,8.0,160000,20.037487114425577,64.60426271404233,0.06309010030668197,162.97023322366996,0.1591506183824902,21.07161312663649,0.020577747193980946,1.3659858734622976,10,1024,0.9978738165160647,1024,280,491,858,1003,0.2734375,0.4794921875,0.837890625,0.9794921875,156.25,1024.0,10000.0,1.4755251797493523,13.796713628224344,0.013473353152562836,34.348603041458226,0.03354355765767405,5.714559143546434,0.005580624163619564,1.6413871168910041,10.0,1024.0,0.9975254353721423,1024.0,46.0,115.0,495.0,922.0,0.044921875,0.1123046875,0.4833984375,0.900390625,9.765625,30,76.97
layer3.4.conv1,conv,48,256,1,False,256.0,0,8.0,8.0,160000,6.069484043308155,23.195901854682553,0.09060899161985372,34.89961148319317,0.13632660735622332,10.303265483573286,0.04024713079520815,2.7524780552401746,10,256,0.9938411027884871,256,30,42,90,202,0.1171875,0.1640625,0.3515625,0.7890625,625.0,256.0,10000.0,0.4232296615087071,11.160145093205326,0.043594316770333305,18.705098691482995,0.07306679176360545,5.6510144852873125,0.022074275333153565,3.024899723212972,10.0,256.0,0.9963128315833663,256.0,18.0,26.0,52.0,142.0,0.0703125,0.1015625,0.203125,0.5546875,39.0625,30,76.97
layer3.4.conv2,conv,49,256,1,False,256.0,0,8.0,8.0,160000,1.8387839798089143,28.166029575641176,0.11002355302984834,49.096443290797694,0.1917829816046785,9.913951578924463,0.038726373355173684,2.4231385008242343,10,256,0.9737855605663028,256,48,71,142,227,0.1875,0.27734375,0.5546875,0.88671875,625.0,256.0,10000.0,0.09533614454753447,9.035402622494471,0.03529454149411903,18.09006200001402,0.07066430468755476,3.714431215300169,0.014509496934766285,3.0808467377414392,10.0,256.0,0.9813837090400092,256.0,20.0,29.0,66.0,151.0,0.078125,0.11328125,0.2578125,0.58984375,39.0625,30,76.97
layer3.4.conv3,conv,50,1024,1,False,256.0,0,8.0,8.0,160000,0.2305732136382177,17.881535284895836,0.01746243680165609,31.231254204519516,0.03049927168410109,7.579762880972696,0.007402112188449899,7.46692340118949,10,1024,0.7999603489338767,620,29,46,117,216,0.0283203125,0.044921875,0.1142578125,0.2109375,156.25,1024.0,10000.0,0.013605826220072323,7.310972027340662,0.007139621120449865,14.905485104630738,0.014556137797490955,3.2541137140643515,0.0031778454238909682,7.198431712500855,10.0,1024.0,0.8271020044554839,638.0,17.0,26.0,63.0,171.0,0.0166015625,0.025390625,0.0615234375,0.1669921875,9.765625,30,76.97
layer3.4,block,51,1024,1,False,,0,8.0,8.0,160000,20.53220721623831,71.57544644983896,0.06989789692367086,181.4641120466806,0.17721104692058653,22.20700613910098,0.0216865294327158,1.323106608324294,10,1024,0.9974316150221096,1024,316,532,876,1006,0.30859375,0.51953125,0.85546875,0.982421875,156.25,1024.0,10000.0,1.4889488460204516,15.1349314160814,0.014780206461016993,38.4272989304153,0.03752665911173369,6.207471691383336,0.006061984073616539,1.6149214367222158,10.0,1024.0,0.9971684270647158,1024.0,52.0,134.0,537.0,934.0,0.05078125,0.130859375,0.5244140625,0.912109375,9.765625,30,76.97
layer3.5.conv1,conv,52,256,1,False,256.0,0,8.0,8.0,160000,4.960463599130792,22.91247369359767,0.08950185036561589,36.052590794866795,0.14083043279244842,9.459482610764056,0.03695110394829709,2.6384270649930044,10,256,0.9919350352721485,256,32,45,100,212,0.125,0.17578125,0.390625,0.828125,625.0,256.0,10000.0,0.3555628956606925,11.272344558473215,0.044032595931535995,19.653903539686844,0.07677306070190174,4.783707771847674,0.018686358483779978,2.953665171680907,10.0,256.0,0.9953618956641744,256.0,20.0,28.0,54.0,153.0,0.078125,0.109375,0.2109375,0.59765625,39.0625,30,76.97
layer3.5.conv2,conv,53,256,1,False,256.0,0,8.0,8.0,160000,1.4256086699630166,22.28468062615063,0.0870495336959009,40.44668842084489,0.15799487664392536,7.889687753792955,0.03081909278825373,2.523529488380318,10,256,0.9805770691449882,256,41,61,126,220,0.16015625,0.23828125,0.4921875,0.859375,625.0,256.0,10000.0,0.09519224051285541,7.084691590829656,0.027674576526678343,14.656435742620845,0.057251702119612675,3.157060452069297,0.012332267390895692,3.2112649272472704,10.0,256.0,0.9864171689642305,256.0,18.0,25.0,53.0,132.0,0.0703125,0.09765625,0.20703125,0.515625,39.0625,30,76.97
layer3.5.conv3,conv,54,1024,1,False,256.0,0,8.0,8.0,160000,0.21895282859160453,8.972220483511302,0.008761934065929006,18.744904835196618,0.018305571128121697,3.6227860437277477,0.0035378769958278786,7.0649508868606405,10,1024,0.8167367972967374,624,20,30,84,195,0.01953125,0.029296875,0.08203125,0.1904296875,156.25,1024.0,10000.0,0.0201268924187485,4.053456712822161,0.003958453821115392,8.49990245212612,0.008300685988404414,2.1754258928208365,0.002124439348457848,6.6942914644096,10.0,1024.0,0.8504135109211486,638.0,11.0,17.0,36.0,122.0,0.0107421875,0.0166015625,0.03515625,0.119140625,9.765625,30,76.97
layer3.5,block,55,1024,1,False,,0,8.0,8.0,160000,20.9020770343769,74.17211612162518,0.07243370715002459,190.62068840798952,0.18615301602342726,20.87291385890012,0.020383704940332148,1.2990546951441893,10,1024,0.9969699956249414,1024,336,552,885,1007,0.328125,0.5390625,0.8642578125,0.9833984375,156.25,1024.0,10000.0,1.554856354162933,16.43483664295262,0.01604964515913342,41.20976342183719,0.04024390959163788,6.77710323194955,0.006618264874950732,1.6088328248641977,10.0,1024.0,0.996612982545346,1024.0,55.0,142.0,551.0,938.0,0.0537109375,0.138671875,0.5380859375,0.916015625,9.765625,30,76.97
layer4.0.conv1,conv,56,512,1,False,512.0,0,8.0,8.0,160000,8.776619820359791,20.71517598083388,0.04045932808756617,32.26402260751676,0.06301566915530617,8.182067641860847,0.015980600863009467,2.6023970100370257,10,512,0.9892417737961511,512,27,38,91,314,0.052734375,0.07421875,0.177734375,0.61328125,312.5,512.0,10000.0,0.9633599938735106,10.401655893482891,0.02031573416695877,16.774610489978958,0.03276291111324015,5.168887001541685,0.010095482424886103,2.8899852682518716,10.0,512.0,0.9889313913293705,512.0,16.0,22.0,39.0,137.0,0.03125,0.04296875,0.076171875,0.267578125,19.53125,30,76.97
layer4.0.conv2,conv,57,512,1,False,512.0,0,4.0,4.0,160000,5.384498542213693,16.203990431832164,0.031648418812172195,28.466101594718538,0.055597854677184644,6.2121919150898535,0.01213318733415987,2.866213695537005,10,512,0.9968254542262156,512,26,39,92,256,0.05078125,0.076171875,0.1796875,0.5,312.5,512.0,10000.0,1.0062245843310624,8.146462203343535,0.015911058990905343,13.255437818676173,0.0258895269896019,4.033730314315394,0.007878379520147255,2.914922511917741,10.0,512.0,0.9978031623203075,512.0,13.0,17.0,34.0,123.0,0.025390625,0.033203125,0.06640625,0.240234375,19.53125,30,76.97
layer4.0.conv3,conv,58,2048,1,False,512.0,0,4.0,4.0,160000,1.2164737508979973,11.724911225482726,0.0057250543093177375,17.971358263579614,0.008775077277138483,5.407645756567674,0.0026404520295740595,5.949384496853295,10,2048,0.8409546565426119,1254,16,21,36,171,0.0078125,0.01025390625,0.017578125,0.08349609375,78.125,2048.0,10000.0,0.3002503558494319,6.826577775997121,0.0033332899296860943,10.546514256588965,0.005149665164350081,3.4560493039752007,0.001687524074206641,5.385476850295664,10.0,2048.0,0.8719671901442306,1274.0,10.0,13.0,22.0,61.0,0.0048828125,0.00634765625,0.0107421875,0.02978515625,4.8828125,30,76.97
layer4.0.downsample.0,conv,59,2048,1,False,1024.0,0,4.0,4.0,160000,5.991789116669169,18.326689355990826,0.008948578787104896,31.295018158197816,0.015280770585057528,7.286129980681217,0.0035576806546295005,5.199486872010542,10,2048,0.6325196943002808,1515,28,39,130,594,0.013671875,0.01904296875,0.0634765625,0.2900390625,78.125,2048.0,10000.0,0.9488111385730305,8.31275358572902,0.004058961711781748,15.495819289465944,0.007566318012434543,3.879419458029783,0.001894247782241105,4.96061052412994,10.0,2048.0,0.6677782063900496,1531.0,16.0,24.0,57.0,377.0,0.0078125,0.01171875,0.02783203125,0.18408203125,4.8828125,30,76.97
layer4.0,block,60,2048,1,False,,0,4.0,4.0,160000,39.91610814237376,16.69648962146257,0.008152582822979771,39.55613862800522,0.019314520814455675,6.134942078120276,0.002995577186582166,1.5605721739672282,10,2048,0.9944180665781472,2048,41,111,743,1793,0.02001953125,0.05419921875,0.36279296875,0.87548828125,78.125,2048.0,10000.0,7.866454104861654,8.511220379102634,0.004155869325733708,16.979791408748714,0.008290913773803083,3.9339298689732676,0.0019208641938346033,1.7145955673914441,10.0,2048.0,0.9934581700955065,2048.0,16.0,28.0,201.0,1287.0,0.0078125,0.013671875,0.09814453125,0.62841796875,4.8828125,30,76.97
layer4.1.conv1,conv,61,512,1,False,512.0,0,4.0,4.0,160000,11.759038433093755,13.433349610063463,0.0262370109571552,19.74337658499276,0.038561282392563984,5.90500251217112,0.01153320803158422,2.5812455943104227,10,512,0.9677800134232611,512,18,22,34,150,0.03515625,0.04296875,0.06640625,0.29296875,312.5,512.0,10000.0,2.003007494976879,9.076362897748478,0.017727271284664996,14.111962725918689,0.02756242719905994,4.167137367167687,0.008138940170249388,2.707002603235741,10.0,512.0,0.9684488901201449,512.0,13.0,18.0,27.0,73.0,0.025390625,0.03515625,0.052734375,0.142578125,19.53125,30,76.97
layer4.1.conv2,conv,62,512,1,False,512.0,0,4.0,4.0,160000,3.0116713517615956,16.252232358090968,0.03174264132439642,30.271531705699257,0.05912408536269386,6.781588508632367,0.013245290055922591,3.206073051744519,10,512,0.9831449849975715,512,31,47,102,223,0.060546875,0.091796875,0.19921875,0.435546875,312.5,512.0,10000.0,0.37634032253896105,7.304539879302179,0.014266679451762068,12.665285316418364,0.024736885383629618,3.772853526871384,0.007368854544670672,3.358089598662509,10.0,512.0,0.9977450552422809,512.0,13.0,19.0,39.0,103.0,0.025390625,0.037109375,0.076171875,0.201171875,19.53125,30,76.97
layer4.1.conv3,conv,63,2048,1,False,512.0,0,4.0,4.0,160000,0.2940396250681596,9.27302820362308,0.004527845802550332,15.764482216070064,0.007697501082065461,4.299789379491434,0.002099506532954802,6.130287048567784,10,2048,0.8126916848914167,1257,14,21,59,275,0.0068359375,0.01025390625,0.02880859375,0.13427734375,78.125,2048.0,10000.0,0.05886984687041534,5.971609538829312,0.0029158249701315,9.165310551287204,0.004475249292620705,3.200202568673008,0.001562598910484867,5.569882998998171,10.0,2048.0,0.8423225758188303,1275.0,9.0,12.0,22.0,116.0,0.00439453125,0.005859375,0.0107421875,0.056640625,4.8828125,30,76.97
layer4.1,block,64,2048,1,False,,0,4.0,4.0,160000,53.42651926723211,15.69415167490578,0.007663159997512588,39.670383405362806,0.019370304397149807,5.605516416311205,0.0027370685626519555,1.5463991552292389,10,2048,0.9952342946016148,2048,46,124,798,1814,0.0224609375,0.060546875,0.3896484375,0.8857421875,78.125,2048.0,10000.0,11.38333879839794,8.176436378054255,0.003992400575221804,15.602808506981024,0.007618558841299328,4.060518593683887,0.0019826750945722105,1.6991649818089114,10.0,2048.0,0.9944069449436488,2048.0,14.0,26.0,192.0,1274.0,0.0068359375,0.0126953125,0.09375,0.6220703125,4.8828125,30,76.97
layer4.2.conv1,conv,65,512,1,False,512.0,0,4.0,4.0,160000,21.864115522255318,10.67066398640375,0.020841140598444823,15.77680520145073,0.030814072659083456,5.090617356810004,0.009942612025019539,2.499982018085566,10,512,0.9682239863706811,512,14,18,29,123,0.02734375,0.03515625,0.056640625,0.240234375,312.5,512.0,10000.0,4.558319353572652,6.726042341613106,0.013136801448463098,10.374508590174164,0.020262712090183915,3.3393979654253836,0.006522261651221452,2.606295204283906,10.0,512.0,0.9691452477985238,512.0,10.0,13.0,21.0,50.0,0.01953125,0.025390625,0.041015625,0.09765625,19.53125,30,76.97
layer4.2.conv2,conv,66,512,1,False,512.0,0,4.0,4.0,160000,3.6746524355653674,13.766306811979096,0.02688731799214667,22.684174294638193,0.04430502791921522,7.352213687920442,0.014359792359219614,3.2926319609958954,10,512,0.9951664370739481,512,21,32,65,153,0.041015625,0.0625,0.126953125,0.298828125,312.5,512.0,10000.0,1.0389709111769239,6.122344430475925,0.011957703965773291,8.731649890025194,0.017054003691455457,3.239400209097783,0.006326953533394107,3.328943277107253,10.0,512.0,0.9987757957728748,512.0,8.0,10.0,16.0,46.0,0.015625,0.01953125,0.03125,0.08984375,19.53125,30,76.97
layer4.2.conv3,conv,67,2048,1,False,512.0,0,4.0,4.0,160000,0.5787986786608731,6.798563216439803,0.0033196109455272474,9.788097545419665,0.004779344504599446,3.518629320518911,0.0017180807229096246,5.484353162100011,10,2048,0.8352381907211414,1264,9,10,24,136,0.00439453125,0.0048828125,0.01171875,0.06640625,78.125,2048.0,10000.0,0.32708352807738156,4.874506344881458,0.0023801300512116493,6.585894865320236,0.0032157689772071463,2.742135807471636,0.0013389334997420098,4.5407981692853925,10.0,2048.0,0.8815440228240005,1276.0,6.0,8.0,10.0,22.0,0.0029296875,0.00390625,0.0048828125,0.0107421875,4.8828125,30,76.97
layer4.2,block,68,2048,1,False,,0,4.0,4.0,160000,81.75550478271109,12.223764219792322,0.00596863487294547,29.37150514254713,0.01434155524538434,5.219509765758481,0.0025485887528117583,1.5491133119241425,10,2048,0.9955009107095247,2048,34,88,642,1757,0.0166015625,0.04296875,0.3134765625,0.85791015625,78.125,2048.0,10000.0,25.929678655140783,6.7005049300779715,0.0032717309228896345,11.615207173449257,0.00567148787766077,3.4004224577401287,0.0016603625281934222,1.7368621449527308,10.0,2048.0,0.9943922200963947,2048.0,9.0,17.0,92.0,948.0,0.00439453125,0.00830078125,0.044921875,0.462890625,4.8828125,30,76.97
fc,linear,69,10,1,False,,0,,,10000,143.79076679462622,3.2919874058952456,0.3291987405895246,4.807448252636415,0.4807448252636415,2.0019976499325463,0.20019976499325462,,10,10,,10,5,7,9,9,0.5,0.7,0.9,0.9,1000.0,,,,,,,,,,,,,,,,,,,,,,,,30,76.97
conv1,conv,0,64,1,False,27.0,0,32.0,32.0,160000,23.028736506426693,3.676242760565512,0.05744129313383613,4.951421917684986,0.0773659674638279,2.2272252649855107,0.034800394765398604,12.566828523656557,10,64,0.9818200398032061,46,5,6,8,10,0.078125,0.09375,0.125,0.15625,2500.0,64.0,10000.0,5.100039001350052,2.217543918639038,0.03464912372873497,2.55414354021031,0.039908492815786095,1.6779813078955037,0.026218457935867245,7.581327448002251,10.0,64.0,0.9386056833808896,41.0,3.0,3.0,3.0,5.0,0.046875,0.046875,0.046875,0.078125,156.25,40,83.47
layer1.0.conv1,conv,1,64,1,False,64.0,0,32.0,32.0,160000,0.6223848121207622,4.193295276122172,0.06552023868940894,5.8705236231268305,0.09172693161135673,2.4066120223784937,0.037603312849663964,8.367313797097633,10,64,0.9224583344754493,62,6,7,10,14,0.09375,0.109375,0.15625,0.21875,2500.0,64.0,10000.0,0.049934624970013074,2.961558583123795,0.0462743528613093,4.025082096537142,0.06289190775839285,1.9132027026938194,0.02989379222959093,8.61954424891739,10.0,64.0,0.9700415224717017,61.0,4.0,4.0,8.0,13.0,0.0625,0.0625,0.125,0.203125,156.25,40,83.47
layer1.0.conv2,conv,2,64,1,False,64.0,0,32.0,32.0,160000,1.4398375998867352,8.201498439961401,0.1281484131243969,11.508752471906806,0.17982425737354385,4.404450731979392,0.068819542687178,4.936074195687631,10,64,0.9750621798792611,64,10,14,22,37,0.15625,0.21875,0.34375,0.578125,2500.0,64.0,10000.0,0.04125124279307059,3.0088134113946445,0.04701270955304132,4.410113047297129,0.06890801636401764,1.982692062108334,0.030979563470442718,5.6345058665635674,10.0,64.0,0.9730996807528338,64.0,4.0,6.0,11.0,22.0,0.0625,0.09375,0.171875,0.34375,156.25,40,83.47
layer1.0.conv3,conv,3,256,1,False,64.0,0,32.0,32.0,160000,0.4680196601718671,5.294997792599474,0.020683585127341694,7.456946877157444,0.029128698738896265,3.285975729441827,0.012835842693132137,9.455492721298686,10,256,0.9019377157917292,159,7,9,15,30,0.02734375,0.03515625,0.05859375,0.1171875,625.0,256.0,10000.0,0.00843105391207134,4.1508143972106275,0.016214118739104014,5.878691871564467,0.022963640123298698,2.6090179226594477,0.010191476260388467,8.994791461507397,10.0,256.0,0.9235239753433214,159.0,6.0,8.0,12.0,23.0,0.0234375,0.03125,0.046875,0.08984375,39.0625,40,83.47
layer1.0.downsample.0,conv,4,256,1,False,64.0,0,32.0,32.0,160000,1.7787904332094473,5.976559958800509,0.02334593733906449,7.375640889315863,0.02881109722389009,3.7321253854636263,0.01457861478696729,7.869362049027331,10,256,0.9667848833588218,157,7,8,10,15,0.02734375,0.03125,0.0390625,0.05859375,625.0,256.0,10000.0,0.3004522302055435,2.922266493419934,0.011415103489921617,3.675845175655466,0.014358770217404164,2.0122377983953115,0.007860303899981685,7.150579090104995,10.0,256.0,0.9796480087591058,157.0,3.0,4.0,6.0,12.0,0.01171875,0.015625,0.0234375,0.046875,39.0625,40,83.47
layer1.0,block,5,256,1,False,,0,32.0,32.0,160000,3.462545965295814,12.550185099246727,0.04902416054393253,22.860235221051056,0.08929779383223069,6.055170124012261,0.023653008296922896,2.689609194237867,10,256,0.437879322694092,255,24,40,111,210,0.09375,0.15625,0.43359375,0.8203125,625.0,256.0,10000.0,0.3594814403243195,4.1563663522035235,0.016235806063295014,6.867935595440703,0.026827873419690246,2.387681022098604,0.009326878992572672,3.3986228794718825,10.0,256.0,0.6175957017939581,255.0,6.0,11.0,25.0,82.0,0.0234375,0.04296875,0.09765625,0.3203125,39.0625,40,83.47
layer1.1.conv1,conv,6,64,1,False,64.0,0,32.0,32.0,160000,1.196688982604145,4.739314711822369,0.07405179237222452,6.866952416683017,0.10729613151067215,2.885949673763409,0.04509296365255327,4.736839980724333,10,64,0.9937119535254257,64,6,9,15,28,0.09375,0.140625,0.234375,0.4375,2500.0,64.0,10000.0,0.03864531243079671,4.954899364055395,0.07742030256336555,6.859570489902886,0.1071807889047326,3.0112153350812885,0.04705023961064513,5.523264214383495,10.0,64.0,0.9951892118818648,64.0,6.0,8.0,13.0,22.0,0.09375,0.125,0.203125,0.34375,156.25,40,83.47
layer1.1.conv2,conv,7,64,1,False,64.0,0,32.0,32.0,160000,1.4732025631785395,9.243045422111866,0.1444225847204979,13.178117027978299,0.20590807856216092,5.084289814620475,0.07944202835344492,4.171883939706355,10,64,0.9802192923631816,64,12,16,27,45,0.1875,0.25,0.421875,0.703125,2500.0,64.0,10000.0,0.023212434575368684,2.6823277308532143,0.04191137079458147,4.405778623263674,0.06884029098849491,1.7336862487401656,0.027088847636565088,5.067947874482495,10.0,64.0,0.9826396985720607,64.0,5.0,7.0,13.0,24.0,0.078125,0.109375,0.203125,0.375,156.25,40,83.47
layer1.1.conv3,conv,8,256,1,False,64.0,0,32.0,32.0,160000,0.3305070781447702,7.0279053741648045,0.027452755367831268,9.7287462482104,0.03800291503207188,4.273302909794572,0.016692589491385048,9.993125373749185,10,256,0.8790029511261359,158,8,11,20,38,0.03125,0.04296875,0.078125,0.1484375,625.0,256.0,10000.0,0.004447252611798224,3.110022582429573,0.012148525712615519,5.184902340793064,0.020253524768722907,1.8872599794022025,0.007372109294539853,9.213015115819127,10.0,256.0,0.9092707301808212,159.0,6.0,7.0,14.0,26.0,0.0234375,0.02734375,0.0546875,0.1015625,39.0625,40,83.47
layer1.1,block,9,256,1,False,,0,32.0,32.0,160000,4.895441472135774,15.077804968800868,0.05889767565937839,29.533893796950384,0.11536677264433744,6.240450152121134,0.02437675840672318,2.108758805778272,10,256,0.9914924695659906,256,32,55,142,231,0.125,0.21484375,0.5546875,0.90234375,625.0,256.0,10000.0,0.35989433202088683,4.657579976179434,0.018193671781950915,7.940459500402317,0.03101741992344655,2.538525004656436,0.009916113299439203,2.8364330066605254,10.0,256.0,0.9949532393736384,256.0,8.0,12.0,31.0,102.0,0.03125,0.046875,0.12109375,0.3984375,39.0625,40,83.47
layer1.2.conv1,conv,10,64,1,False,64.0,0,32.0,32.0,160000,1.7316037442709424,3.2452307344850113,0.0507067302263283,5.288685638090648,0.08263571309516637,1.9661151456955595,0.030720549151493116,4.267610321727885,10,64,0.9889150994061688,64,6,8,14,30,0.09375,0.125,0.21875,0.46875,2500.0,64.0,10000.0,0.03338568062211214,3.8727080758646752,0.06051106368538555,5.807967891205974,0.09074949830009334,2.255186652043135,0.03523729143817399,4.98955238238743,10.0,64.0,0.9925777563363811,64.0,5.0,7.0,13.0,24.0,0.078125,0.109375,0.203125,0.375,156.25,40,83.47
layer1.2.conv2,conv,11,64,1,False,64.0,0,32.0,32.0,160000,2.4111608128881006,6.572216989376116,0.10269089045900182,9.157507916307576,0.14308606119230588,3.7124873628883384,0.05800761504513029,4.103395430411944,10,64,0.9878326419978486,64,8,10,19,37,0.125,0.15625,0.296875,0.578125,2500.0,64.0,10000.0,0.010572041918549815,2.911722321968054,0.045495661280750846,4.297766410660197,0.06715260016656557,1.890251297573528,0.029535176524586374,4.673254687291191,10.0,64.0,0.9848672917960946,64.0,4.0,6.0,10.0,21.0,0.0625,0.09375,0.15625,0.328125,156.25,40,83.47
layer1.2.conv3,conv,12,256,1,False,64.0,0,32.0,32.0,160000,0.2850376330717715,7.549312976209554,0.02948950381331857,10.866308179279917,0.04244651632531218,3.7545822108915226,0.01466633676129501,10.220576003973976,10,256,0.8943735298573199,159,10,13,20,35,0.0390625,0.05078125,0.078125,0.13671875,625.0,256.0,10000.0,0.0139112134921051,1.824925441945992,0.007128615007601531,2.7548796540916696,0.010761248648795584,1.3811829547074004,0.005395245916825783,8.081812176972822,10.0,256.0,0.9453543892399272,158.0,3.0,5.0,7.0,14.0,0.01171875,0.01953125,0.02734375,0.0546875,39.0625,40,83.47
layer1.2,block,13,256,1,False,,0,32.0,32.0,160000,5.5336872970569555,21.782850683654846,0.08508926048302674,39.90018524265571,0.15586009860412386,9.763935893306972,0.03814037458323036,2.007359846582249,10,256,0.9911721746897048,256,43,74,166,238,0.16796875,0.2890625,0.6484375,0.9296875,625.0,256.0,10000.0,0.44427154839468275,5.2842892300255775,0.020641754804787412,9.031670889444088,0.03527996441189097,2.8051000663223693,0.010957422134071755,2.768061099868451,10.0,256.0,0.997310778820535,256.0,9.0,14.0,33.0,111.0,0.03515625,0.0546875,0.12890625,0.43359375,39.0625,40,83.47
layer2.0.conv1,conv,14,128,1,False,128.0,0,32.0,32.0,160000,3.483697999646556,7.981266870433333,0.062353647425260415,10.881622056684702,0.08501267231784923,4.615959307749174,0.03606218209179042,4.516647996984729,10,128,0.9948808472230214,128,9,12,21,41,0.0703125,0.09375,0.1640625,0.3203125,1250.0,128.0,10000.0,0.2518818931473618,3.1210656447749354,0.024383325349804183,5.2001193758801785,0.040625932624063894,1.8892433139973805,0.014759713390604536,5.218455805205091,10.0,128.0,0.9969632052290622,128.0,6.0,8.0,12.0,23.0,0.046875,0.0625,0.09375,0.1796875,78.125,40,83.47
layer2.0.conv2,conv,15,128,1,False,128.0,0,16.0,16.0,160000,6.1170539670766555,11.378171281077794,0.08889196313342027,16.968801053206583,0.13256875822817643,5.8048809302587685,0.04535063226764663,3.8508581556498984,10,128,0.9811194857809186,128,15,20,38,74,0.1171875,0.15625,0.296875,0.578125,1250.0,128.0,10000.0,0.49510938689266637,3.8443734000750007,0.030034167188085943,5.738217535443563,0.044829824495652836,2.275966261059365,0.01778098641452629,4.438102268935031,10.0,128.0,0.9871523729795275,128.0,6.0,7.0,12.0,27.0,0.046875,0.0546875,0.09375,0.2109375,78.125,40,83.47
layer2.0.conv3,conv,16,512,1,False,128.0,0,16.0,16.0,160000,1.0825592097115124,10.060187544579565,0.019648803798006962,14.4324268165023,0.028188333625981055,5.130963882283514,0.010021413832584989,8.173024843746484,10,512,0.8840396352745961,314,13,16,30,64,0.025390625,0.03125,0.05859375,0.125,312.5,512.0,10000.0,0.09328541642684807,3.9785494426445993,0.007770604380165233,5.901016816368907,0.011525423469470521,2.371544760132639,0.004631923359634061,6.899442198075241,10.0,512.0,0.9340442656401269,319.0,6.0,8.0,14.0,30.0,0.01171875,0.015625,0.02734375,0.05859375,19.53125,40,83.47
layer2.0.downsample.0,conv,17,512,1,False,256.0,0,16.0,16.0,160000,5.161721586191606,10.368568891228906,0.020251111115681456,14.43938029864341,0.02820191464578791,5.541855030191846,0.01082393560584345,6.602244004105042,10,512,0.8210997337972346,380,12,17,29,63,0.0234375,0.033203125,0.056640625,0.123046875,312.5,512.0,10000.0,0.7795284667547241,3.8619520238152485,0.007542875046514157,5.729310152900957,0.011190058892384681,2.289374831936533,0.004471435218626041,5.676474027369547,10.0,512.0,0.9320588949986803,383.0,6.0,7.0,13.0,28.0,0.01171875,0.013671875,0.025390625,0.0546875,19.53125,40,83.47
layer2.0,block,18,512,1,False,,0,16.0,16.0,160000,9.57035096458826,18.758115984440163,0.036636945282109694,38.04057334411454,0.07429799481272371,8.249524621851391,0.016112352777053498,1.957359250917632,10,512,0.9889083088679336,512,44,84,256,453,0.0859375,0.1640625,0.5,0.884765625,312.5,512.0,10000.0,1.21681712962963,5.097684487884921,0.009956415015400236,9.085581546001631,0.017745276457034435,2.7031918374648947,0.005279671557548622,2.4523899730434313,10.0,512.0,0.994674223758768,512.0,9.0,13.0,41.0,182.0,0.017578125,0.025390625,0.080078125,0.35546875,19.53125,40,83.47
layer2.1.conv1,conv,19,128,1,False,128.0,0,16.0,16.0,160000,3.2967296376529647,6.95500740934352,0.05433599538549625,9.90827173537162,0.07740837293259079,4.113571904220437,0.03213728050172216,4.1339988731737805,10,128,0.9986495076959399,128,9,12,20,42,0.0703125,0.09375,0.15625,0.328125,1250.0,128.0,10000.0,0.6340478249910704,3.1918196153849774,0.024936090745195136,4.710476246579574,0.036800595676402925,2.0026048761978172,0.015645350595295447,4.686656816308262,10.0,128.0,0.998754889978336,128.0,5.0,6.0,11.0,20.0,0.0390625,0.046875,0.0859375,0.15625,78.125,40,83.47
layer2.1.conv2,conv,20,128,1,False,128.0,0,16.0,16.0,160000,2.7069864534264783,15.22951824218904,0.11898061126710187,22.533925646671662,0.17604629411462236,8.290743443169404,0.06477143314976097,3.5545377898728296,10,128,0.9699233357226992,128,20,28,50,88,0.15625,0.21875,0.390625,0.6875,1250.0,128.0,10000.0,0.24983888963943318,3.6649956433038926,0.02863277846331166,5.545787586764697,0.043326465521599196,2.2203754451015576,0.01734668316485592,4.581866384144812,10.0,128.0,0.9808501140700968,128.0,5.0,7.0,16.0,35.0,0.0390625,0.0546875,0.125,0.2734375,78.125,40,83.47
layer2.1.conv3,conv,21,512,1,False,128.0,0,16.0,16.0,160000,0.4466467071053899,10.59234124806179,0.020688166500120682,16.10843336332074,0.03146178391273582,5.678414188793469,0.011090652712487244,8.476313332749209,10,512,0.8489994996421342,313,14,21,42,87,0.02734375,0.041015625,0.08203125,0.169921875,312.5,512.0,10000.0,0.034203695383513325,2.5914711798434897,0.005061467148131816,4.704147905537782,0.009187788878003481,1.6856954657238226,0.003292373956491841,7.445822594593008,10.0,512.0,0.8983058373309136,319.0,5.0,9.0,21.0,49.0,0.009765625,0.017578125,0.041015625,0.095703125,19.53125,40,83.47
layer2.1,block,22,512,1,False,,0,16.0,16.0,160000,10.103187861462825,26.345501971218372,0.05145605853753588,55.06461598076949,0.10754807808744041,10.533070576424533,0.020572403469579167,1.8200178244086964,10,512,0.9919038030183316,512,68,128,324,476,0.1328125,0.25,0.6328125,0.9296875,312.5,512.0,10000.0,0.9580956587878231,6.256444946817763,0.012219619036753443,11.805061461333851,0.02305676066666768,3.0456080150822467,0.005948453154457513,2.2992309130952924,10.0,512.0,0.9967525098183775,512.0,11.0,20.0,67.0,273.0,0.021484375,0.0390625,0.130859375,0.533203125,19.53125,40,83.47
layer2.2.conv1,conv,23,128,1,False,128.0,0,16.0,16.0,160000,2.779997917394833,8.978358863383304,0.07014342862018207,13.496778924901832,0.10544358535079557,4.798348955515239,0.037487101214962806,3.9575084611476012,10,128,0.9947554817652312,128,12,17,30,60,0.09375,0.1328125,0.234375,0.46875,1250.0,128.0,10000.0,0.20148230462378053,6.333471724659773,0.04948024784890448,8.57387835753868,0.06698342466827094,4.133926337822368,0.03229629951423725,4.448577366375913,10.0,128.0,0.9934303356795045,128.0,7.0,10.0,19.0,37.0,0.0546875,0.078125,0.1484375,0.2890625,78.125,40,83.47
layer2.2.conv2,conv,24,128,1,False,128.0,0,16.0,16.0,160000,1.8689509396662618,19.931134927078517,0.15571199161780092,29.370253147774353,0.22945510271698713,9.900944797564115,0.07735113123096965,3.1203805575157424,10,128,0.9650076188049407,128,26,36,64,105,0.203125,0.28125,0.5,0.8203125,1250.0,128.0,10000.0,0.0808699075642715,5.056144883304284,0.039501131900814716,7.393841500748199,0.0577643867245953,3.000577272185835,0.023442009938951836,3.872250099876718,10.0,128.0,0.9714472962392755,128.0,6.0,9.0,22.0,50.0,0.046875,0.0703125,0.171875,0.390625,78.125,40,83.47
layer2.2.conv3,conv,25,512,1,False,128.0,0,16.0,16.0,160000,0.21273909443627928,13.792674825712483,0.026938818018969694,21.915343669930817,0.042803405605333626,6.906281889182945,0.01348883181481044,8.803265591801214,10,512,0.8305059497071363,310,21,30,58,101,0.041015625,0.05859375,0.11328125,0.197265625,312.5,512.0,10000.0,0.008954233129893675,3.1324055542264406,0.006117979598098517,6.20113619734938,0.012111594135448009,1.8651935402116522,0.003642956133225883,7.828581976647358,10.0,512.0,0.8731406623738412,318.0,7.0,12.0,28.0,67.0,0.013671875,0.0234375,0.0546875,0.130859375,19.53125,40,83.47
layer2.2,block,26,512,1,False,,0,16.0,16.0,160000,10.478951882554652,33.2727103608064,0.06498576242345,71.40255535098335,0.13945811591988935,12.858896148150862,0.025115031539357152,1.689146616217901,10,512,0.9928242882161674,512,95,173,370,489,0.185546875,0.337890625,0.72265625,0.955078125,312.5,512.0,10000.0,0.845667845570289,6.995608899262823,0.013663298631372701,13.61017490120118,0.026582372853908555,3.275660076296635,0.006397773586516865,2.170213462166012,10.0,512.0,0.9973294473223303,512.0,13.0,25.0,91.0,330.0,0.025390625,0.048828125,0.177734375,0.64453125,19.53125,40,83.47
layer2.3.conv1,conv,27,128,1,False,128.0,0,16.0,16.0,160000,2.5531484540547904,10.274255839659203,0.08026762374733752,15.9453305522596,0.12457289493952813,5.406530024128278,0.04223851581350217,3.7430410290050795,10,128,0.9914950470186519,128,15,20,36,73,0.1171875,0.15625,0.28125,0.5703125,1250.0,128.0,10000.0,0.14628708636249435,6.0134910456695625,0.04698039879429346,9.397428454071202,0.07341740979743126,3.14915733145565,0.024602791651997264,4.241197043253745,10.0,128.0,0.9926428527615113,128.0,9.0,12.0,23.0,45.0,0.0703125,0.09375,0.1796875,0.3515625,78.125,40,83.47
layer2.3.conv2,conv,28,128,1,False,128.0,0,16.0,16.0,160000,1.4708669101701708,18.26455911837815,0.14269186811232928,28.182149832868195,0.22017304556928277,8.351101917444634,0.0652429837300362,2.9418141528630737,10,128,0.9684579763070625,128,26,37,67,108,0.203125,0.2890625,0.5234375,0.84375,1250.0,128.0,10000.0,0.03875387963909017,5.058670818671969,0.039520865770874755,8.103152414711852,0.06330587823993634,2.915964930956596,0.022780976023098407,3.6955994602869593,10.0,128.0,0.972057045870709,128.0,8.0,12.0,28.0,60.0,0.0625,0.09375,0.21875,0.46875,78.125,40,83.47
layer2.3.conv3,conv,29,512,1,False,128.0,0,16.0,16.0,160000,0.15730466686620997,10.89859182231867,0.021286312152966152,19.822870796335753,0.03871654452409327,4.2665037899819875,0.00833301521480857,8.750598560721041,10,512,0.8344524295877419,312,20,29,56,99,0.0390625,0.056640625,0.109375,0.193359375,312.5,512.0,10000.0,0.005514576686121858,3.434464513857487,0.006707938503627904,6.3230881291221985,0.012349781502191794,2.060771751310528,0.004024944826778375,7.759992463802242,10.0,512.0,0.8759900814469228,319.0,8.0,12.0,27.0,64.0,0.015625,0.0234375,0.052734375,0.125,19.53125,40,83.47
layer2.3,block,30,512,1,False,,0,16.0,16.0,160000,10.862306889260136,38.62314156200379,0.07543582336328865,83.93647387399628,0.16393842553514898,14.89346389496096,0.029088796669845624,1.607916893139699,10,512,0.9930212437949976,512,115,204,394,494,0.224609375,0.3984375,0.76953125,0.96484375,312.5,512.0,10000.0,0.8031181471901688,7.642705113752865,0.014927158425298565,15.116154357462694,0.029523738979419324,3.5143457832282503,0.006863956607867676,2.0997898918868003,10.0,512.0,0.9978927275118277,512.0,15.0,29.0,109.0,362.0,0.029296875,0.056640625,0.212890625,0.70703125,19.53125,40,83.47
layer3.0.conv1,conv,31,256,1,False,256.0,0,16.0,16.0,160000,7.153825384496982,14.990718611484809,0.058557494576112534,22.030729257801035,0.08605753616328529,7.557811094830829,0.029522699589182924,3.7641548927111534,10,256,0.9905949361461727,256,20,26,44,101,0.078125,0.1015625,0.171875,0.39453125,625.0,256.0,10000.0,0.6521337204665328,7.049415624111772,0.02753677978168661,10.325196420024566,0.04033279851572096,3.7850099960264996,0.014785195296978514,4.23865310509298,10.0,256.0,0.9943590680250118,256.0,9.0,13.0,24.0,47.0,0.03515625,0.05078125,0.09375,0.18359375,39.0625,40,83.47
layer3.0.conv2,conv,32,256,1,False,256.0,0,8.0,8.0,160000,9.838953488221584,20.04858943113952,0.07831480246538874,33.34167469261325,0.13024091676802052,8.542365687657146,0.033368615967410725,2.9627351897210175,10,256,0.9773773243745512,256,32,46,93,184,0.125,0.1796875,0.36328125,0.71875,625.0,256.0,10000.0,1.1042386874870482,7.6690338631718,0.029957163528014842,11.455417718413479,0.04474772546255265,4.538305605610713,0.017727756271916847,3.3552551631498724,10.0,256.0,0.9910410003386791,256.0,10.0,14.0,32.0,87.0,0.0390625,0.0546875,0.125,0.33984375,39.0625,40,83.47
layer3.0.conv3,conv,33,1024,1,False,256.0,0,8.0,8.0,160000,1.9755782442808385,18.211143780276934,0.017784320097926694,27.696183411513104,0.027047054112805766,8.318062050595554,0.00812310747128472,7.251814755237574,10,1024,0.8489491673139591,622,25,33,66,157,0.0244140625,0.0322265625,0.064453125,0.1533203125,156.25,1024.0,10000.0,0.22498137483598604,8.224477816728927,0.008031716617899342,12.484163525842828,0.012191565943205886,4.492674620442153,0.00438737755902554,6.716949213116535,10.0,1024.0,0.8820954074285517,637.0,12.0,16.0,32.0,84.0,0.01171875,0.015625,0.03125,0.08203125,9.765625,40,83.47
layer3.0.downsample.0,conv,34,1024,1,False,512.0,0,8.0,8.0,160000,8.173114736737356,15.96210789421882,0.015587995990448066,24.052404846690624,0.023488676608096313,8.091061839496774,0.007901427577633569,5.713257576449283,10,1024,0.7777742242617598,755,21,29,58,161,0.0205078125,0.0283203125,0.056640625,0.1572265625,156.25,1024.0,10000.0,0.929672708692005,6.566995482417148,0.0064130815257979965,10.400882743995718,0.010157112054683318,3.3387204876322465,0.0032604692262033657,5.43662884824144,10.0,1024.0,0.8317172808937476,767.0,9.0,14.0,31.0,77.0,0.0087890625,0.013671875,0.0302734375,0.0751953125,9.765625,40,83.47
layer3.0,block,35,1024,1,False,,0,8.0,8.0,160000,13.438995359122865,28.93880684263141,0.028260553557257238,67.65418933090955,0.06606854426846635,10.518089129498902,0.010271571415526272,1.753697447556388,10,1024,0.9900053439075306,1024,91,193,583,931,0.0888671875,0.1884765625,0.5693359375,0.9091796875,156.25,1024.0,10000.0,1.4447950983054203,9.627797108930057,0.009402145614189509,18.281488639889638,0.017853016249892224,4.844560875270921,0.004731016479756759,1.999341204685728,10.0,1024.0,0.9927380934020513,1024.0,18.0,36.0,170.0,670.0,0.017578125,0.03515625,0.166015625,0.654296875,9.765625,40,83.47
layer3.1.conv1,conv,36,256,1,False,256.0,0,8.0,8.0,160000,5.336210619886116,10.395099165697436,0.04060585611600561,16.172971108328785,0.06317566839190931,5.351085323080968,0.02090267704328503,3.684229660289203,10,256,0.996264059110909,256,16,21,35,77,0.0625,0.08203125,0.13671875,0.30078125,625.0,256.0,10000.0,0.687092303937692,6.522460026092157,0.025478359476922487,9.62165111289029,0.0375845746597277,3.449907433016343,0.01347620091022009,3.9757237565974632,10.0,256.0,0.9971814011294343,256.0,8.0,12.0,23.0,44.0,0.03125,0.046875,0.08984375,0.171875,39.0625,40,83.47
layer3.1.conv2,conv,37,256,1,False,256.0,0,8.0,8.0,160000,4.811865217647174,23.03041996531311,0.08996257798950434,36.39150777261524,0.1421543272367783,11.814157944999128,0.04614905447265284,2.9812126589062204,10,256,0.9667937961993621,256,33,49,100,185,0.12890625,0.19140625,0.390625,0.72265625,625.0,256.0,10000.0,0.4237433509136411,5.636506256506642,0.022017602564479072,9.144266350133096,0.035719790430207406,3.0375125028146837,0.011865283214119858,3.6753242900557628,10.0,256.0,0.9800729441487991,256.0,8.0,14.0,33.0,80.0,0.03125,0.0546875,0.12890625,0.3125,39.0625,40,83.47
layer3.1.conv3,conv,38,1024,1,False,256.0,0,8.0,8.0,160000,0.7544228626026693,15.946927320047461,0.015573171210983849,26.670600425540123,0.026045508228066526,7.668097101908449,0.00748837607608247,7.306524990584789,10,1024,0.8224815917058771,625,25,38,91,189,0.0244140625,0.037109375,0.0888671875,0.1845703125,156.25,1024.0,10000.0,0.04960272445556472,4.8745498857597624,0.004760302622812268,10.001544068223533,0.009767132879124544,2.480060740595347,0.0024219343169876438,6.999128080414018,10.0,1024.0,0.8508704215069042,639.0,12.0,20.0,50.0,133.0,0.01171875,0.01953125,0.048828125,0.1298828125,9.765625,40,83.47
layer3.1,block,39,1024,1,False,,0,8.0,8.0,160000,14.282948296534139,42.946095294872165,0.0419395461863986,104.45164757774695,0.10200356208764351,15.712922639430516,0.015344651015068864,1.5879419149120215,10,1024,0.994290259379437,1024,160,315,729,976,0.15625,0.3076171875,0.7119140625,0.953125,156.25,1024.0,10000.0,1.1907635854607526,11.177802018745767,0.010915822283931413,24.307251627362373,0.023737550417346067,5.282013816887431,0.0051582166180541315,1.8276253110482366,10.0,1024.0,0.9953802536602864,1024.0,28.0,64.0,314.0,823.0,0.02734375,0.0625,0.306640625,0.8037109375,9.765625,40,83.47
layer3.2.conv1,conv,40,256,1,False,256.0,0,8.0,8.0,160000,5.47950824093685,16.20512122820693,0.06330125479768332,24.452744338827603,0.09551853257354533,7.3407404081742,0.028674767219430467,3.409983465936859,10,256,0.9936499370203586,256,22,30,53,127,0.0859375,0.1171875,0.20703125,0.49609375,625.0,256.0,10000.0,0.4366869524655,8.557580143247604,0.03342804743456095,13.402584107514077,0.05235384416997686,4.592312748128945,0.017938721672378692,3.66162390109558,10.0,256.0,0.9953059985313957,256.0,13.0,19.0,36.0,78.0,0.05078125,0.07421875,0.140625,0.3046875,39.0625,40,83.47
layer3.2.conv2,conv,41,256,1,False,256.0,0,8.0,8.0,160000,3.2224300547983193,32.850112152341936,0.1283207505950857,52.442982907598854,0.20485540198280802,15.22836621053596,0.05948580550990609,2.574725193215819,10,256,0.9632205195000563,256,49,71,136,220,0.19140625,0.27734375,0.53125,0.859375,625.0,256.0,10000.0,0.19604591269368932,8.124416535960691,0.03173600209359645,14.198183077342945,0.05546165264587088,4.056462329815975,0.015845555975843653,3.191272419762057,10.0,256.0,0.979372148080131,256.0,14.0,23.0,53.0,127.0,0.0546875,0.08984375,0.20703125,0.49609375,39.0625,40,83.47
layer3.2.conv3,conv,42,1024,1,False,256.0,0,8.0,8.0,160000,0.41051022887305966,22.167589493990874,0.021648036615225463,38.28805577988242,0.037390679472541426,9.484090355116205,0.009261806987418169,7.651777114739569,10,1024,0.8013987022667921,618,37,56,126,214,0.0361328125,0.0546875,0.123046875,0.208984375,156.25,1024.0,10000.0,0.020399052615945684,8.785556630452556,0.008579645146926324,17.330455107109792,0.016924272565536906,3.779061069645081,0.0036904893258252742,7.3769212528973815,10.0,1024.0,0.8250356943097654,636.0,19.0,30.0,76.0,176.0,0.0185546875,0.029296875,0.07421875,0.171875,9.765625,40,83.47
layer3.2,block,43,1024,1,False,,0,8.0,8.0,160000,14.967180076686551,56.977117523926225,0.055641716331959204,140.7148050207632,0.13741680177808907,20.244776946971538,0.019770289987276892,1.4727191514426892,10,1024,0.9944680663884732,1024,229,419,806,993,0.2236328125,0.4091796875,0.787109375,0.9697265625,156.25,1024.0,10000.0,1.0865367826545704,12.75551335253008,0.012456556008330157,30.5073996876688,0.029792382507489064,5.599720428235203,0.005468476980698441,1.7176365452234872,10.0,1024.0,0.9956021784233231,1024.0,40.0,97.0,433.0,890.0,0.0390625,0.0947265625,0.4228515625,0.869140625,9.765625,40,83.47
layer3.3.conv1,conv,44,256,1,False,256.0,0,8.0,8.0,160000,4.985389831777072,20.280119524844938,0.07921921689392554,30.05435071668583,0.11739980748705402,9.80002844036875,0.03828136109519043,3.2135405394339305,10,256,0.9914077070830382,256,27,36,67,157,0.10546875,0.140625,0.26171875,0.61328125,625.0,256.0,10000.0,0.3651340233672452,9.22204709139482,0.03602362145076102,15.201816756715251,0.05938209670591895,4.4138873069533515,0.01724174729278653,3.4423191958125225,10.0,256.0,0.9936899705299919,256.0,15.0,22.0,43.0,100.0,0.05859375,0.0859375,0.16796875,0.390625,39.0625,40,83.47
layer3.3.conv2,conv,45,256,1,False,256.0,0,8.0,8.0,160000,2.1884409747020004,33.4325445824019,0.13059587727500743,53.98900583140113,0.21089455402891066,13.880357866192869,0.05422014791481589,2.464574496141612,10,256,0.9679254464876427,256,51,75,144,226,0.19921875,0.29296875,0.5625,0.8828125,625.0,256.0,10000.0,0.12325095291622074,9.782556211889222,0.038213110202692274,16.695706393012035,0.06521760309770326,4.74865160916519,0.018549420348301524,3.082391742032523,10.0,256.0,0.978870503793259,256.0,16.0,26.0,61.0,143.0,0.0625,0.1015625,0.23828125,0.55859375,39.0625,40,83.47
layer3.3.conv3,conv,46,1024,1,False,256.0,0,8.0,8.0,160000,0.2831773215397409,22.95819201621532,0.022420109390835274,37.95747832760571,0.037067849929302454,9.488753689605316,0.009266361025005191,7.640916716448766,10,1024,0.8050543595869413,621,35,53,121,212,0.0341796875,0.0517578125,0.1181640625,0.20703125,156.25,1024.0,10000.0,0.013151668601347121,11.260033501690991,0.010996126466495108,20.36165022227247,0.01988442404518796,5.453533993664671,0.005325716790688155,7.453435230989041,10.0,1024.0,0.8256748506073268,636.0,21.0,32.0,77.0,176.0,0.0205078125,0.03125,0.0751953125,0.171875,9.765625,40,83.47
layer3.3,block,47,1024,1,False,,0,8.0,8.0,160000,15.151186805790566,68.39053589242985,0.06678763270745103,170.087359998211,0.16610093749825294,23.114462871082303,0.02257271764754131,1.4009165891520767,10,1024,0.9940925389543791,1024,283,486,845,1000,0.2763671875,0.474609375,0.8251953125,0.9765625,156.25,1024.0,10000.0,1.0153297982742502,14.444271193465154,0.014105733587368314,36.532618076824,0.03567638484064844,6.040273770396483,0.005898704853902815,1.6563946904871198,10.0,1024.0,0.9955256282267745,1024.0,52.0,130.0,512.0,921.0,0.05078125,0.126953125,0.5,0.8994140625,9.765625,40,83.47
layer3.4.conv1,conv,48,256,1,False,256.0,0,8.0,8.0,160000,4.0882245498404455,22.954750276694657,0.0896669932683385,34.27829629956118,0.13389959492016085,10.160099653534436,0.03968788927161889,3.0850110229305527,10,256,0.9890342396926608,256,30,41,78,175,0.1171875,0.16015625,0.3046875,0.68359375,625.0,256.0,10000.0,0.249549972379996,11.41703014125925,0.044597773989293946,19.217179975658745,0.07506710927991697,5.045899982094189,0.019710546805055427,3.3313835465718897,10.0,256.0,0.9915320463247188,256.0,19.0,28.0,52.0,123.0,0.07421875,0.109375,0.203125,0.48046875,39.0625,40,83.47
layer3.4.conv2,conv,49,256,1,False,256.0,0,8.0,8.0,160000,1.4856511102372851,29.959110995448256,0.11702777732596975,51.416572887336365,0.20084598784115767,10.878925968153922,0.04249580456310126,2.4395452936723854,10,256,0.9666113221331097,256,50,74,144,226,0.1953125,0.2890625,0.5625,0.8828125,625.0,256.0,10000.0,0.06577633771840592,11.476090137267875,0.044828477098702635,20.699444532372958,0.08085720520458187,5.017173474920444,0.019598333886407984,3.104403627861582,10.0,256.0,0.9786314702372574,256.0,21.0,32.0,69.0,155.0,0.08203125,0.125,0.26953125,0.60546875,39.0625,40,83.47
layer3.4.conv3,conv,50,1024,1,False,256.0,0,8.0,8.0,160000,0.167128142329077,18.356872134572967,0.017926632943918913,31.856041000850485,0.031109415039893052,7.287773242954101,0.007116966057572364,7.5236557860996625,10,1024,0.8146648021401878,622,30,46,107,202,0.029296875,0.044921875,0.1044921875,0.197265625,156.25,1024.0,10000.0,0.008513283376800886,8.21325102298281,0.00802075295213165,16.73257027803257,0.01634040066214118,3.497988369381953,0.0034160042669745634,7.296669636780889,10.0,1024.0,0.8381033461030871,637.0,19.0,28.0,65.0,161.0,0.0185546875,0.02734375,0.0634765625,0.1572265625,9.765625,40,83.47
layer3.4,block,51,1024,1,False,,0,8.0,8.0,160000,14.76199830399502,77.55267250636228,0.07573503174449442,193.25345528989226,0.1887240774315354,25.131741166057534,0.02454271598247806,1.3567847626275376,10,1024,0.992822311058743,1024,322,529,866,1002,0.314453125,0.5166015625,0.845703125,0.978515625,156.25,1024.0,10000.0,0.9745905787374686,15.929973096427505,0.015556614351979985,41.35198617379941,0.04038279899785099,6.409539880303833,0.006259316289359212,1.6288962906839315,10.0,1024.0,0.9950480867607783,1024.0,61.0,152.0,555.0,934.0,0.0595703125,0.1484375,0.5419921875,0.912109375,9.765625,40,83.47
layer3.5.conv1,conv,52,256,1,False,256.0,0,8.0,8.0,160000,3.2364941618001732,25.019337359894827,0.09773178656208917,37.06766898869143,0.1447955819870759,11.731665183143166,0.04582681712165299,3.028221182390277,10,256,0.9871513391175262,256,32,44,84,183,0.125,0.171875,0.328125,0.71484375,625.0,256.0,10000.0,0.21557182040434664,11.256370389263937,0.043970196833062254,19.806418678956458,0.07736882296467366,4.852215520349461,0.01895396687636508,3.3164508827868846,10.0,256.0,0.9913686350252077,256.0,21.0,29.0,53.0,128.0,0.08203125,0.11328125,0.20703125,0.5,39.0625,40,83.47
layer3.5.conv2,conv,53,256,1,False,256.0,0,8.0,8.0,160000,1.2365737678320168,24.66848056567866,0.09636125220968227,44.21598942546908,0.1727187086932386,8.223915144761538,0.03212466853422476,2.5714816524977944,10,256,0.971164014986516,256,44,65,129,218,0.171875,0.25390625,0.50390625,0.8515625,625.0,256.0,10000.0,0.07772772373623432,6.634258174169848,0.02591507099285097,14.847355975158678,0.057997484277963585,2.883454099529034,0.011263492576285289,3.2948397544367363,10.0,256.0,0.9825967283949756,256.0,18.0,27.0,54.0,131.0,0.0703125,0.10546875,0.2109375,0.51171875,39.0625,40,83.47
layer3.5.conv3,conv,54,1024,1,False,256.0,0,8.0,8.0,160000,0.15353255820963613,11.655284425482696,0.011382113696760445,21.160955469818518,0.020664995575994646,5.252706910716201,0.00512959659249629,7.1390895775807195,10,1024,0.835297497176657,624,21,31,74,172,0.0205078125,0.0302734375,0.072265625,0.16796875,156.25,1024.0,10000.0,0.01215389190434183,5.6685674527459815,0.0055357104030722476,10.915354097749,0.010659525486083008,2.930393058152712,0.002861711970852258,6.834757510286505,10.0,1024.0,0.8653564505887859,636.0,13.0,19.0,37.0,111.0,0.0126953125,0.0185546875,0.0361328125,0.1083984375,9.765625,40,83.47
layer3.5,block,55,1024,1,False,,0,8.0,8.0,160000,14.337432056966097,83.6433293117288,0.08168293878098516,208.31161279939724,0.20342930937441137,25.35705693839986,0.024762750916406114,1.3281912387070014,10,1024,0.9925566709552616,1024,346,554,877,1004,0.337890625,0.541015625,0.8564453125,0.98046875,156.25,1024.0,10000.0,0.9666002995049936,17.064674242426584,0.01666472093986971,44.71028626994404,0.04366238893549223,6.730346473521051,0.006572603978047901,1.618579829829414,10.0,1024.0,0.9949132605006102,1024.0,66.0,164.0,575.0,940.0,0.064453125,0.16015625,0.5615234375,0.91796875,9.765625,40,83.47
layer4.0.conv1,conv,56,512,1,False,512.0,0,8.0,8.0,160000,5.401942177443499,22.671308439779057,0.04427989929644347,34.18283813632555,0.06676335573501084,9.476518463413417,0.01850882512385433,3.041623524230739,10,512,0.9896618969043728,512,30,40,82,244,0.05859375,0.078125,0.16015625,0.4765625,312.5,512.0,10000.0,0.5470582029556066,11.115847156362088,0.021710638977269704,17.83324442953496,0.03483055552643547,5.343664944683267,0.010436845595084506,3.3142234880759527,10.0,512.0,0.9929471414218057,512.0,17.0,23.0,41.0,115.0,0.033203125,0.044921875,0.080078125,0.224609375,19.53125,40,83.47
layer4.0.conv2,conv,57,512,1,False,512.0,0,4.0,4.0,160000,4.677188847539418,17.727749476007133,0.03462451069532643,30.534145021293952,0.05963700199471475,6.744951004413766,0.013173732430495636,3.0662091154365485,10,512,0.9850550642595072,512,28,41,99,247,0.0546875,0.080078125,0.193359375,0.482421875,312.5,512.0,10000.0,0.8821226687982485,9.105736598599227,0.017784641794139116,14.514887507324072,0.02834938966274233,4.236695822336271,0.00827479652800053,3.1841138220242575,10.0,512.0,0.9920587737706994,512.0,13.0,18.0,37.0,125.0,0.025390625,0.03515625,0.072265625,0.244140625,19.53125,40,83.47
layer4.0.conv3,conv,58,2048,1,False,512.0,0,4.0,4.0,160000,0.9155701414946802,12.428070954604967,0.006068394020803207,17.83066027197494,0.008706377085925263,5.866534571773828,0.0028645188338739394,5.5512655031798435,10,2048,0.9075892766682645,1254,16,21,31,72,0.0078125,0.01025390625,0.01513671875,0.03515625,78.125,2048.0,10000.0,0.23795855163693597,7.578972906094805,0.003700670364304104,11.188879140516454,0.0054633198928303,3.806136023759339,0.0018584648553512397,4.975683263333639,10.0,2048.0,0.9384004442566447,1272.0,10.0,14.0,21.0,38.0,0.0048828125,0.0068359375,0.01025390625,0.0185546875,4.8828125,40,83.47
layer4.0.downsample.0,conv,59,2048,1,False,1024.0,0,4.0,4.0,160000,2.937716914080319,18.147019477808485,0.008860849354398674,28.519975160225982,0.013925769121204093,7.6973936713311195,0.003758493003579648,5.163211486055089,10,2048,0.7131956742512537,1514,25,34,75,326,0.01220703125,0.0166015625,0.03662109375,0.1591796875,78.125,2048.0,10000.0,0.4724344725330941,8.236853972194345,0.00402190135361052,14.651062245557426,0.007153838987088587,3.9113032409307413,0.0019098160356107135,4.932976576236958,10.0,2048.0,0.7506363057245743,1530.0,15.0,22.0,45.0,180.0,0.00732421875,0.0107421875,0.02197265625,0.087890625,4.8828125,40,83.47
layer4.0,block,60,2048,1,False,,0,4.0,4.0,160000,29.27659434361682,16.284806282265457,0.00795156556751243,33.4734754586257,0.01634447043878208,6.2018514173171555,0.0030282477623618923,1.684398227642353,10,2048,0.9943323144369618,2048,30,65,456,1611,0.0146484375,0.03173828125,0.22265625,0.78662109375,78.125,2048.0,10000.0,6.3028210658532675,8.73012464586554,0.0042627561747390335,15.7638545228953,0.007697194591257471,4.128322171453568,0.0020157823102800623,1.8382185602105114,10.0,2048.0,0.9920099124494756,2048.0,14.0,22.0,109.0,957.0,0.0068359375,0.0107421875,0.05322265625,0.46728515625,4.8828125,40,83.47
layer4.1.conv1,conv,61,512,1,False,512.0,0,4.0,4.0,160000,7.418131270037018,11.70694410523191,0.022865125205531075,17.75836268411122,0.034684302117404725,4.658467955533073,0.009098570225650533,3.3706996717215625,10,512,0.9663160336202916,512,17,21,28,46,0.033203125,0.041015625,0.0546875,0.08984375,312.5,512.0,10000.0,1.2885009109895933,9.943337263215252,0.01942058059221729,14.336417620421624,0.028000815664885985,4.836855674818553,0.009446983739879986,3.5052196536234237,10.0,512.0,0.9668965607316119,512.0,14.0,17.0,24.0,37.0,0.02734375,0.033203125,0.046875,0.072265625,19.53125,40,83.47
layer4.1.conv2,conv,62,512,1,False,512.0,0,4.0,4.0,160000,1.7949644115000045,13.379055667981472,0.026130968101526313,26.34533989951074,0.051455741991231915,5.322767343703027,0.010396029968169974,3.7418960655840015,10,512,0.9661804867387207,512,29,43,91,181,0.056640625,0.083984375,0.177734375,0.353515625,312.5,512.0,10000.0,0.2056770599433335,7.147654461792162,0.013960262620687816,12.80731748741008,0.025014291967597812,3.3570622563231436,0.00655676221938114,3.8980805225689963,10.0,512.0,0.9921153578338318,512.0,14.0,19.0,37.0,88.0,0.02734375,0.037109375,0.072265625,0.171875,19.53125,40,83.47
layer4.1.conv3,conv,63,2048,1,False,512.0,0,4.0,4.0,160000,0.1625806802535748,8.865441439990533,0.004328828828120378,13.821230428838644,0.006748647670331369,4.503706732271907,0.0021990755528671422,5.659663074344476,10,2048,0.8838144225431436,1259,13,17,34,105,0.00634765625,0.00830078125,0.0166015625,0.05126953125,78.125,2048.0,10000.0,0.04005409550389923,5.637585819047688,0.002752727450706879,8.471560406946175,0.004136504104954187,3.0227084326567737,0.0014759318518831903,5.025630890187596,10.0,2048.0,0.9168557609065382,1274.0,8.0,10.0,17.0,44.0,0.00390625,0.0048828125,0.00830078125,0.021484375,4.8828125,40,83.47
layer4.1,block,64,2048,1,False,,0,4.0,4.0,160000,38.162734349418415,15.493648330295665,0.00756525797377718,33.17576079519052,0.01619910195077662,5.9074032945437205,0.002884474264913926,1.6808472241320245,10,2048,0.995218755668273,2048,31,70,474,1630,0.01513671875,0.0341796875,0.2314453125,0.7958984375,78.125,2048.0,10000.0,9.25929736254719,8.32653967411455,0.004065693200251245,14.429904140655243,0.007045851631179318,4.163964710012024,0.0020331858935605587,1.8354258332726894,10.0,2048.0,0.993419930139162,2048.0,12.0,20.0,100.0,909.0,0.005859375,0.009765625,0.048828125,0.44384765625,4.8828125,40,83.47
layer4.2.conv1,conv,65,512,1,False,512.0,0,4.0,4.0,160000,15.084479195331227,11.100968393222887,0.02168157889301345,15.269137040009822,0.029822533281269183,5.420342222128477,0.010586605902594682,3.3388876365334847,10,512,0.9692506242557622,512,14,17,24,40,0.02734375,0.033203125,0.046875,0.078125,312.5,512.0,10000.0,3.300085211428371,7.325853904371501,0.014308308406975587,10.803730746079403,0.021101036613436333,3.5513671859227705,0.006936264035005411,3.463587640135639,10.0,512.0,0.9704825199363202,512.0,10.0,13.0,19.0,31.0,0.01953125,0.025390625,0.037109375,0.060546875,19.53125,40,83.47
layer4.2.conv2,conv,66,512,1,False,512.0,0,4.0,4.0,160000,2.16525044811264,14.213659844683958,0.027761054384148356,23.84379610875391,0.04656991427490998,6.970940062655339,0.01361511730987371,4.019909439265632,10,512,0.9833281295091231,512,23,34,65,132,0.044921875,0.06640625,0.126953125,0.2578125,312.5,512.0,10000.0,0.5710865882054724,6.854511113747927,0.01338771701903892,9.404064069410262,0.01836731263556692,3.642036282873174,0.007113352114986668,4.067185975913496,10.0,512.0,0.9952386936194809,512.0,8.0,10.0,17.0,45.0,0.015625,0.01953125,0.033203125,0.087890625,19.53125,40,83.47
layer4.2.conv3,conv,67,2048,1,False,512.0,0,4.0,4.0,160000,0.31791991756576143,6.77423527586606,0.0033077320682939745,9.318400403683569,0.004550000197111118,3.4574555560899607,0.0016882107207470511,4.872877880499109,10,2048,0.917721836047841,1264,8,10,17,45,0.00390625,0.0048828125,0.00830078125,0.02197265625,78.125,2048.0,10000.0,0.19236459494734476,5.407276766990401,0.002640271858882032,7.097759075318731,0.003465702673495474,2.9152815920494746,0.0014234773398679075,3.8599529007355624,10.0,2048.0,0.9650711632448897,1272.0,7.0,8.0,9.0,16.0,0.00341796875,0.00390625,0.00439453125,0.0078125,4.8828125,40,83.47
layer4.2,block,68,2048,1,False,,0,4.0,4.0,160000,59.592031387614426,12.162776083938168,0.005938855509735433,25.5024425676334,0.012452364534977245,5.512839057811442,0.0026918159461969933,1.6836571580675321,10,2048,0.9954495599973467,2048,25,53,364,1545,0.01220703125,0.02587890625,0.177734375,0.75439453125,78.125,2048.0,10000.0,21.37547765322867,6.876681831267372,0.0033577548004235214,11.359168578500316,0.005546469032470858,3.3947909815499213,0.0016576127839599225,1.8801783331223478,10.0,2048.0,0.9937475674931178,2048.0,9.0,14.0,58.0,598.0,0.00439453125,0.0068359375,0.0283203125,0.2919921875,4.8828125,40,83.47
fc,linear,69,10,1,False,,0,,,10000,131.7091864202339,3.331448667959044,0.3331448667959044,4.982773163117918,0.49827731631179184,1.995133125424487,0.1995133125424487,,10,10,,10,6,7,9,9,0.6,0.7,0.9,0.9,1000.0,,,,,,,,,,,,,,,,,,,,,,,,40,83.47
conv1,conv,0,64,1,False,27.0,0,32.0,32.0,160000,21.767734920600116,3.7940467423454436,0.059281980349147556,5.03812555715607,0.07872071183056359,2.291051573162932,0.035797680830670815,12.877350067490132,10,64,0.9811156429766323,45,5,6,8,10,0.078125,0.09375,0.125,0.15625,2500.0,64.0,10000.0,4.89936525465771,2.3387232181652196,0.036542550283831556,2.634299239260964,0.04116092561345256,1.7932948091305856,0.0280202313926654,7.226630329491992,10.0,64.0,0.934629580583316,41.0,3.0,3.0,3.0,5.0,0.046875,0.046875,0.046875,0.078125,156.25,50,87.84
layer1.0.conv1,conv,1,64,1,False,64.0,0,32.0,32.0,160000,0.6148158704224249,3.694972486794919,0.05773394510617061,5.411170018643669,0.08454953154130733,2.159957114277353,0.03374932991058364,8.839068438683658,10,64,0.9449445385994373,62,5,7,10,14,0.078125,0.109375,0.15625,0.21875,2500.0,64.0,10000.0,0.06427980826623814,2.1698710744843597,0.03390423553881812,3.14972197532425,0.0492144058644414,1.5342515369885783,0.023972680265446536,9.130430807796612,10.0,64.0,0.9583136133905205,61.0,4.0,4.0,8.0,13.0,0.0625,0.0625,0.125,0.203125,156.25,50,87.84
layer1.0.conv2,conv,2,64,1,False,64.0,0,32.0,32.0,160000,1.4485855164801036,7.7207863638156535,0.12063728693461959,10.975114007863551,0.171486156372868,4.173010281620039,0.06520328565031311,4.997314982329886,10,64,0.9799115126988768,64,10,13,22,36,0.15625,0.203125,0.34375,0.5625,2500.0,64.0,10000.0,0.05573197064082516,2.719569304544155,0.042493270383502424,3.9165224949407533,0.06119566398344927,1.84362382559508,0.028806622274923126,5.482928476317143,10.0,64.0,0.9659469215369516,64.0,4.0,5.0,10.0,20.0,0.0625,0.078125,0.15625,0.3125,156.25,50,87.84
layer1.0.conv3,conv,3,256,1,False,64.0,0,32.0,32.0,160000,0.4424143419300131,5.575679252474769,0.021779997079979567,7.6637043185400815,0.029936344994297193,3.6808753135374683,0.014378419193505736,9.561820226804038,10,256,0.8985986069970913,157,7,9,15,29,0.02734375,0.03515625,0.05859375,0.11328125,625.0,256.0,10000.0,0.011559919759873843,3.148173246213456,0.012297551743021313,4.616692632471843,0.018033955595593138,2.0400427640948657,0.00796891704724557,8.8686536983889,10.0,256.0,0.9288470524762628,159.0,4.0,6.0,12.0,21.0,0.015625,0.0234375,0.046875,0.08203125,39.0625,50,87.84
layer1.0.downsample.0,conv,4,256,1,False,64.0,0,32.0,32.0,160000,1.775630640632408,5.633363142796579,0.022005324776549137,7.097849392213093,0.027725974188332395,3.375507672289418,0.01318557684488054,7.901034887166342,10,256,0.9719829273421701,158,7,8,10,15,0.02734375,0.03125,0.0390625,0.05859375,625.0,256.0,10000.0,0.2769969770190076,3.1638741111432105,0.012358883246653166,3.7982731701079007,0.014837004570733987,2.503147909818638,0.009777921522729055,7.500244350329258,10.0,256.0,0.97277346235128,157.0,3.0,4.0,7.0,13.0,0.01171875,0.015625,0.02734375,0.05078125,39.0625,50,87.84
layer1.0,block,5,256,1,False,,0,32.0,32.0,160000,3.3045270489663228,12.788954831877291,0.04995685481202067,22.918260772216613,0.08952445614147114,6.3276505331656185,0.024717384895178197,3.1006600349233397,10,256,0.2852248174608427,249,24,39,105,202,0.09375,0.15234375,0.41015625,0.7890625,625.0,256.0,10000.0,0.30122105881990036,4.898040629730777,0.019132971209885847,7.689615519830525,0.03003756062433799,3.0975991782132546,0.012099996789895526,4.080553472976017,10.0,256.0,0.3960020280642257,249.0,7.0,12.0,28.0,83.0,0.02734375,0.046875,0.109375,0.32421875,39.0625,50,87.84
layer1.1.conv1,conv,6,64,1,False,64.0,0,32.0,32.0,160000,1.1030045531695132,4.9215543185326265,0.07689928622707229,7.0343918777501,0.10991237308984532,2.7392835113174376,0.04280130486433496,5.002628714762798,10,64,0.9841285790437926,64,6,8,14,27,0.09375,0.125,0.21875,0.421875,2500.0,64.0,10000.0,0.03244540992964195,4.63641035653667,0.07244391182088547,6.62501445695127,0.10351585088986359,2.708146351357017,0.04231478673995339,5.89106426609823,10.0,64.0,0.989509457841199,64.0,6.0,8.0,14.0,22.0,0.09375,0.125,0.21875,0.34375,156.25,50,87.84
layer1.1.conv2,conv,7,64,1,False,64.0,0,32.0,32.0,160000,1.3750593237885536,10.441721690021451,0.16315190140658517,13.907167603317182,0.21729949380183097,6.017761609429911,0.09402752514734236,4.283995396471148,10,64,0.9797733858975007,64,12,15,26,44,0.1875,0.234375,0.40625,0.6875,2500.0,64.0,10000.0,0.026021608903166817,3.105442748103655,0.04852254293911961,4.541462143905539,0.07096034599852405,2.033933750488599,0.03178021485138436,5.166970231591265,10.0,64.0,0.9791092056561637,64.0,4.0,6.0,11.0,23.0,0.0625,0.09375,0.171875,0.359375,156.25,50,87.84
layer1.1.conv3,conv,8,256,1,False,64.0,0,32.0,32.0,160000,0.2946191436825874,7.791898466344843,0.030437103384159545,10.405801145644608,0.04064766072517425,4.603941867050517,0.01798414791816608,10.113185032938208,10,256,0.8911972448451027,158,9,12,20,36,0.03515625,0.046875,0.078125,0.140625,625.0,256.0,10000.0,0.005546958883644053,2.9400016565425857,0.011484381470869475,4.661450801064426,0.018208792191657913,1.8532572159845628,0.007239285999939699,9.147290758463205,10.0,256.0,0.9281465972467943,159.0,5.0,7.0,13.0,24.0,0.01953125,0.02734375,0.05078125,0.09375,39.0625,50,87.84
layer1.1,block,9,256,1,False,,0,32.0,32.0,160000,4.757566977223088,16.04975940644026,0.06269437268140726,30.479462592034135,0.11906040075013334,6.617967886721889,0.02585143705750738,2.178441948992928,10,256,0.9803067887206267,256,33,56,139,229,0.12890625,0.21875,0.54296875,0.89453125,625.0,256.0,10000.0,0.317073663778579,5.670226185857375,0.022149321038505372,9.04052032460882,0.035314532518003205,3.3027800766973803,0.012901484674599142,2.926569237016364,10.0,256.0,0.9874643372726484,256.0,8.0,14.0,33.0,105.0,0.03125,0.0546875,0.12890625,0.41015625,39.0625,50,87.84
layer1.2.conv1,conv,10,64,1,False,64.0,0,32.0,32.0,160000,1.532632211540616,3.5862729822773907,0.05603551534808423,5.451071372972193,0.08517299020269052,2.1887547700461396,0.03419929328197093,4.513416479409412,10,64,0.9805624114837874,64,6,7,14,28,0.09375,0.109375,0.21875,0.4375,2500.0,64.0,10000.0,0.028704407731112637,3.464865320464999,0.05413852063226561,5.365934951412953,0.08384273361582739,2.0862996434508583,0.03259843192891966,5.279060754040563,10.0,64.0,0.9874595631294614,64.0,5.0,8.0,13.0,24.0,0.078125,0.125,0.203125,0.375,156.25,50,87.84
layer1.2.conv2,conv,11,64,1,False,64.0,0,32.0,32.0,160000,2.3994797191706105,6.745864584676992,0.105404134135578,9.077287624790387,0.1418326191373498,3.7551059031040768,0.0586735297360012,4.293591836545916,10,64,0.9833315047270832,64,8,10,17,34,0.125,0.15625,0.265625,0.53125,2500.0,64.0,10000.0,0.0062479431918206815,3.026463619596991,0.04728849405620299,4.451476210120396,0.06955431578313119,2.066268583746786,0.03228544662104353,5.124062688027706,10.0,64.0,0.9814411339460511,64.0,4.0,7.0,12.0,23.0,0.0625,0.109375,0.1875,0.359375,156.25,50,87.84
layer1.2.conv3,conv,12,256,1,False,64.0,0,32.0,32.0,160000,0.27900909258591694,7.796713146991629,0.03045591073043605,10.811358966096337,0.04223187096131382,4.348819243983887,0.01698757517181206,10.255195738400403,10,256,0.9112174478661166,157,10,13,20,34,0.0390625,0.05078125,0.078125,0.1328125,625.0,256.0,10000.0,0.01294549523759953,1.699681657097947,0.006639381473038855,2.5129700044843517,0.009816289080016999,1.3257558531266227,0.00517873380127587,8.335701952320267,10.0,256.0,0.9626792783472599,157.0,3.0,4.0,7.0,13.0,0.01171875,0.015625,0.02734375,0.05078125,39.0625,50,87.84
layer1.2,block,13,256,1,False,,0,32.0,32.0,160000,5.3955792889395635,21.58684223136975,0.08432360246628809,40.09380300328414,0.15661641798157866,8.520877979568118,0.03328467960768796,2.0388939069485863,10,256,0.9902428605511016,256,43,73,163,238,0.16796875,0.28515625,0.63671875,0.9296875,625.0,256.0,10000.0,0.394381127950123,6.175231096760579,0.024121996471721013,10.124818986948998,0.039550074167769525,3.2979650414083594,0.012882675943001404,2.823081665666508,10.0,256.0,0.9970351848653745,256.0,10.0,15.0,35.0,115.0,0.0390625,0.05859375,0.13671875,0.44921875,39.0625,50,87.84
layer2.0.conv1,conv,14,128,1,False,128.0,0,32.0,32.0,160000,3.1939765817900536,8.15417388307761,0.06370448346154382,10.809367284907307,0.08444818191333833,5.441581545421927,0.04251235582360881,4.802452794864686,10,128,0.9899442301881219,128,9,12,21,39,0.0703125,0.09375,0.1640625,0.3046875,1250.0,128.0,10000.0,0.2075687139014692,3.3614498524717575,0.026261326972435606,5.459603873258606,0.04265315525983286,2.004487193543785,0.01566005619956082,5.586999226433937,10.0,128.0,0.9940549412123594,128.0,6.0,8.0,13.0,24.0,0.046875,0.0625,0.1015625,0.1875,78.125,50,87.84
layer2.0.conv2,conv,15,128,1,False,128.0,0,16.0,16.0,160000,5.762477313976873,11.568388375898179,0.09037803418670452,17.178541374095804,0.13420735448512347,5.816411139725774,0.045440712029107606,3.9368931083726277,10,128,0.9775598801984332,128,15,21,39,73,0.1171875,0.1640625,0.3046875,0.5703125,1250.0,128.0,10000.0,0.445756508438465,3.8274564680723064,0.029902003656814894,5.496726139377231,0.04294317296388462,2.3924433674779926,0.018690963808421817,4.495814007657774,10.0,128.0,0.9838144555233372,128.0,5.0,7.0,12.0,28.0,0.0390625,0.0546875,0.09375,0.21875,78.125,50,87.84
layer2.0.conv3,conv,16,512,1,False,128.0,0,16.0,16.0,160000,0.9734444793474777,10.987440450078559,0.021459844629059685,15.203114375073463,0.029693582763815358,6.3628729560333,0.012427486242252539,8.249023569422903,10,512,0.8860519283902678,312,13,17,30,64,0.025390625,0.033203125,0.05859375,0.125,312.5,512.0,10000.0,0.0800207320771609,3.879935217339515,0.00757799847136624,5.764874992503819,0.011259521469734022,2.3728506590210996,0.004634473943400585,6.973850594382688,10.0,512.0,0.9351880291019603,319.0,6.0,7.0,14.0,31.0,0.01171875,0.013671875,0.02734375,0.060546875,19.53125,50,87.84
layer2.0.downsample.0,conv,17,512,1,False,256.0,0,16.0,16.0,160000,4.829939644042713,11.16440064398404,0.021805470007781328,15.328206968392154,0.029937904235140925,5.6909844973683255,0.01111520409642251,6.6637115447356905,10,512,0.8414345894770471,379,13,17,30,61,0.025390625,0.033203125,0.05859375,0.119140625,312.5,512.0,10000.0,0.6435533081020379,4.685132092943942,0.009150648619031136,6.597969719577341,0.012886659608549494,2.8299495865426567,0.005527245286216126,5.854377575806936,10.0,512.0,0.9381944589306177,382.0,6.0,8.0,15.0,29.0,0.01171875,0.015625,0.029296875,0.056640625,19.53125,50,87.84
layer2.0,block,18,512,1,False,,0,16.0,16.0,160000,9.11859713611864,20.485880683454038,0.04001148570987117,41.49215508582403,0.08103936540200006,8.181085639786824,0.01597868289020864,2.0733082759206165,10,512,0.585498370904699,511,47,89,259,452,0.091796875,0.173828125,0.505859375,0.8828125,312.5,512.0,10000.0,1.0308867675388784,5.8572443702534285,0.011439930410651227,10.173059878382352,0.01986925757496553,3.1286647798262033,0.006110673398098053,2.570829052186333,10.0,512.0,0.6715395720472401,511.0,10.0,15.0,46.0,196.0,0.01953125,0.029296875,0.08984375,0.3828125,19.53125,50,87.84
layer2.1.conv1,conv,19,128,1,False,128.0,0,16.0,16.0,160000,2.796669266780767,7.16525519269038,0.055978556192893596,10.1538489024515,0.07932694455040235,4.091608513932202,0.031965691515095325,4.487068607545393,10,128,0.9944936589607882,128,9,12,21,41,0.0703125,0.09375,0.1640625,0.3203125,1250.0,128.0,10000.0,0.5342646626986975,3.3762411085394683,0.026376883660464596,4.830993135742958,0.037742133872991857,2.1042097266894397,0.016439138489761248,4.997431792670584,10.0,128.0,0.9948160185714384,128.0,4.0,6.0,10.0,21.0,0.03125,0.046875,0.078125,0.1640625,78.125,50,87.84
layer2.1.conv2,conv,20,128,1,False,128.0,0,16.0,16.0,160000,2.300123784744067,15.00529229136313,0.11722884602627445,22.309055816101797,0.1742894985632953,7.743648243345991,0.06049725190114055,3.683565871952292,10,128,0.9681450585845898,128,20,28,48,86,0.15625,0.21875,0.375,0.671875,1250.0,128.0,10000.0,0.20394166663069452,4.115591386076537,0.03215305770372295,5.976861831270663,0.04669423305680206,2.459144677186422,0.01921206779051892,4.66881317704233,10.0,128.0,0.9792676594502273,128.0,5.0,7.0,16.0,34.0,0.0390625,0.0546875,0.125,0.265625,78.125,50,87.84
layer2.1.conv3,conv,21,512,1,False,128.0,0,16.0,16.0,160000,0.3294746937011397,12.120811480074677,0.023673459922020853,17.71830245858062,0.034606059489415274,6.5018662805489384,0.012698957579197145,8.592921485104942,10,512,0.8526344466312713,309,15,22,42,85,0.029296875,0.04296875,0.08203125,0.166015625,312.5,512.0,10000.0,0.019966400304148486,4.517310147485231,0.008822871381807092,7.571723058320652,0.014788521598282523,2.5039092667503797,0.004890447786621835,7.718438783777943,10.0,512.0,0.8959282118588212,320.0,8.0,11.0,24.0,53.0,0.015625,0.021484375,0.046875,0.103515625,19.53125,50,87.84
layer2.1,block,22,512,1,False,,0,16.0,16.0,160000,9.62439474000469,27.989611354524328,0.05466720967680533,58.659296586294474,0.1145689386451064,10.218237450393513,0.01995749502029983,1.8454357154600949,10,512,0.990812611855992,512,72,133,325,476,0.140625,0.259765625,0.634765625,0.9296875,312.5,512.0,10000.0,0.8242093863550627,6.862176863421945,0.013402689186370987,13.063223251209807,0.025514107912519155,3.237551458410683,0.006323342692208365,2.3252999151816134,10.0,512.0,0.9956956869154207,512.0,12.0,22.0,76.0,285.0,0.0234375,0.04296875,0.1484375,0.556640625,19.53125,50,87.84
layer2.2.conv1,conv,23,128,1,False,128.0,0,16.0,16.0,160000,2.5113713534367097,9.704138098675609,0.07581357889590319,14.196516826114046,0.11091028770401598,4.829768074187545,0.03773256307959019,4.112382477680164,10,128,0.9909638971496665,128,13,17,29,60,0.1015625,0.1328125,0.2265625,0.46875,1250.0,128.0,10000.0,0.18497545962420153,5.255547018144594,0.04105896107925464,7.899344826927275,0.06171363146036934,2.8729491250503916,0.022444915039456184,4.590971117166942,10.0,128.0,0.9909605415135271,128.0,7.0,10.0,19.0,37.0,0.0546875,0.078125,0.1484375,0.2890625,78.125,50,87.84
layer2.2.conv2,conv,24,128,1,False,128.0,0,16.0,16.0,160000,1.7920070014962226,18.985738458981082,0.1483260817107897,28.911496974680123,0.22587107011468846,7.928712447152042,0.061943065993375325,3.184782527347204,10,128,0.9631441043751751,128,26,36,63,103,0.203125,0.28125,0.4921875,0.8046875,1250.0,128.0,10000.0,0.09339281268582923,3.5613025678577928,0.027822676311389006,5.836015794871689,0.04559387339743507,2.0902051304703635,0.016329727581799715,3.9133561693588548,10.0,128.0,0.9720529628480541,128.0,6.0,8.0,19.0,46.0,0.046875,0.0625,0.1484375,0.359375,78.125,50,87.84
layer2.2.conv3,conv,25,512,1,False,128.0,0,16.0,16.0,160000,0.22142299829523873,13.081333603790245,0.025549479694902823,20.638952906908077,0.04031045489630484,6.357225239066384,0.012416455545051532,8.777579584220762,10,512,0.8363749579496874,312,19,28,55,98,0.037109375,0.0546875,0.107421875,0.19140625,312.5,512.0,10000.0,0.01731541992248813,1.8844469439573621,0.003680560437416723,3.331199112241202,0.0065062482660960975,1.3940209903792384,0.00272269724683445,7.453825012461694,10.0,512.0,0.8893789146652761,319.0,4.0,7.0,20.0,51.0,0.0078125,0.013671875,0.0390625,0.099609375,19.53125,50,87.84
layer2.2,block,26,512,1,False,,0,16.0,16.0,160000,9.866620212020402,35.711136102480296,0.06974831270015683,75.86116167593326,0.14816633139830715,12.976024445357703,0.025343797744839264,1.7114141070248396,10,512,0.9903800406394807,512,99,177,370,488,0.193359375,0.345703125,0.72265625,0.953125,312.5,512.0,10000.0,0.7268683539635008,7.948554136617228,0.015524519798080524,15.356237187821183,0.029992650757463248,3.6011273899733447,0.007033451933541689,2.188341336861572,10.0,512.0,0.9963823521308075,512.0,15.0,28.0,102.0,341.0,0.029296875,0.0546875,0.19921875,0.666015625,19.53125,50,87.84
layer2.3.conv1,conv,27,128,1,False,128.0,0,16.0,16.0,160000,2.196125394678038,11.872470879126285,0.0927536787431741,17.47946379758975,0.13655831091866993,5.998031559005286,0.046859621554728795,3.847530078896048,10,128,0.9874926821853343,128,16,21,37,74,0.125,0.1640625,0.2890625,0.578125,1250.0,128.0,10000.0,0.11362406562537124,7.024484193126753,0.05487878275880276,10.645152059993361,0.08316525046869813,3.5333667307893686,0.027604427584291942,4.319719466157759,10.0,128.0,0.9888816319673214,128.0,10.0,13.0,24.0,48.0,0.078125,0.1015625,0.1875,0.375,78.125,50,87.84
layer2.3.conv2,conv,28,128,1,False,128.0,0,16.0,16.0,160000,1.3997457319913935,20.49942877419737,0.16015178729841695,30.926063683317498,0.24160987252591795,9.562378209718236,0.07470607976342372,2.921673193242856,10,128,0.9645041764172123,128,28,39,70,109,0.21875,0.3046875,0.546875,0.8515625,1250.0,128.0,10000.0,0.03235526623796499,6.053171095401868,0.04729039918282709,9.60796912916189,0.07506225882157727,3.3257577594682894,0.02598248249584601,3.7447910238725446,10.0,128.0,0.9751338782067769,128.0,9.0,13.0,28.0,62.0,0.0703125,0.1015625,0.21875,0.484375,78.125,50,87.84
layer2.3.conv3,conv,29,512,1,False,128.0,0,16.0,16.0,160000,0.13104422766498783,11.815495797370925,0.023077140229240088,21.174809173836252,0.04135704916764893,4.630044685608275,0.009043056026578662,8.859744316518032,10,512,0.834102103846728,313,21,30,58,100,0.041015625,0.05859375,0.11328125,0.1953125,312.5,512.0,10000.0,0.0038937389082389306,4.025958667076468,0.007863200521633727,7.461293681769708,0.01457283922220646,2.2877063854096784,0.004468176534003278,7.925768488338006,10.0,512.0,0.8721202635776659,319.0,9.0,14.0,29.0,69.0,0.017578125,0.02734375,0.056640625,0.134765625,19.53125,50,87.84
layer2.3,block,30,512,1,False,,0,16.0,16.0,160000,9.909829094755786,41.57097997903385,0.08119332027155049,90.05975003460699,0.17589794928634178,14.198688060660032,0.027731812618476626,1.6297605348868223,10,512,0.9892937450356193,512,122,209,394,493,0.23828125,0.408203125,0.76953125,0.962890625,312.5,512.0,10000.0,0.6756257820034361,8.435899002991198,0.016476365240217183,16.890258654574925,0.03298878643471665,3.7153776309895665,0.007256596935526497,2.115957405686249,10.0,512.0,0.9968721073805431,512.0,17.0,32.0,123.0,371.0,0.033203125,0.0625,0.240234375,0.724609375,19.53125,50,87.84
layer3.0.conv1,conv,31,256,1,False,256.0,0,16.0,16.0,160000,6.274856014710076,16.30528551036927,0.06369252152487996,23.909313043294265,0.09339575407536822,7.858119701136401,0.030695780082564066,3.852174492454518,10,256,0.9853997955594233,256,21,28,47,105,0.08203125,0.109375,0.18359375,0.41015625,625.0,256.0,10000.0,0.5344108131802945,7.324639432745685,0.028611872784162832,11.154508608313089,0.043572299251223,3.6533986546024453,0.014271088494540802,4.330756384228202,10.0,256.0,0.9914339063146036,256.0,10.0,14.0,26.0,51.0,0.0390625,0.0546875,0.1015625,0.19921875,39.0625,50,87.84
layer3.0.conv2,conv,32,256,1,False,256.0,0,8.0,8.0,160000,10.666762273061488,21.158786540885153,0.08265150992533263,35.09938285560352,0.13710696427970126,8.648139155775226,0.03378179357724698,2.945900364453481,10,256,0.9737184043029948,256,33,47,97,187,0.12890625,0.18359375,0.37890625,0.73046875,625.0,256.0,10000.0,1.168956015581812,7.728099720106475,0.03018788953166592,11.937894838459302,0.04663240171273165,4.002671384580898,0.015635435096019133,3.371642700279952,10.0,256.0,0.9909003133534492,256.0,11.0,15.0,33.0,90.0,0.04296875,0.05859375,0.12890625,0.3515625,39.0625,50,87.84
layer3.0.conv3,conv,33,1024,1,False,256.0,0,8.0,8.0,160000,2.263740771995955,18.35214716664185,0.01792201871742368,28.153902604132504,0.02749404551184815,7.783952166601671,0.007601515787696945,7.262374449602787,10,1024,0.8490594732088587,623,25,34,67,158,0.0244140625,0.033203125,0.0654296875,0.154296875,156.25,1024.0,10000.0,0.2694606485256731,7.315701252183441,0.007144239504085392,11.841009752748414,0.011563486086668373,3.5643466989342794,0.003480807323178007,6.70756594433991,10.0,1024.0,0.8830273407364618,636.0,11.0,16.0,32.0,83.0,0.0107421875,0.015625,0.03125,0.0810546875,9.765625,50,87.84
layer3.0.downsample.0,conv,34,1024,1,False,512.0,0,8.0,8.0,160000,7.1027243319276625,16.06938080768348,0.0156927546950034,25.255061695561327,0.02466314618707161,7.25124251356955,0.007081291517157764,5.791897028067513,10,1024,0.7840745820805218,756,23,31,63,167,0.0224609375,0.0302734375,0.0615234375,0.1630859375,156.25,1024.0,10000.0,0.7723095705839049,6.809044870179049,0.0066494578810342275,11.005092107939081,0.010747160261659259,3.4296293877210706,0.003349247448946358,5.537581756608259,10.0,1024.0,0.8374829996842366,764.0,10.0,15.0,34.0,85.0,0.009765625,0.0146484375,0.033203125,0.0830078125,9.765625,50,87.84
layer3.0,block,35,1024,1,False,,0,8.0,8.0,160000,14.043219443299101,29.695188732534316,0.028999207746615543,70.94042990976087,0.06927776358375085,9.997860596876384,0.009763535739137094,1.7862999908296413,10,1024,0.9584561708886653,1023,97,201,585,926,0.0947265625,0.1962890625,0.5712890625,0.904296875,156.25,1024.0,10000.0,1.4639072816991505,9.466945977439222,0.00924506443109299,19.286584478309067,0.018834555154598698,4.140486707017392,0.004043444049821672,2.06115567381884,10.0,1024.0,0.8843612355427588,1023.0,19.0,39.0,183.0,676.0,0.0185546875,0.0380859375,0.1787109375,0.66015625,9.765625,50,87.84
layer3.1.conv1,conv,36,256,1,False,256.0,0,8.0,8.0,160000,5.193129157772335,9.524714030080625,0.03720591418000244,15.459690897608057,0.060389417568781474,4.3977691275829995,0.017178785654621092,3.860532611665903,10,256,0.995209360159718,256,16,21,34,74,0.0625,0.08203125,0.1328125,0.2890625,625.0,256.0,10000.0,0.706620045719848,5.43688413737475,0.021237828661620117,8.571421192811572,0.0334821140344202,2.85230636101401,0.011141821722710976,4.157603723260098,10.0,256.0,0.9972045494581638,256.0,8.0,12.0,22.0,43.0,0.03125,0.046875,0.0859375,0.16796875,39.0625,50,87.84
layer3.1.conv2,conv,37,256,1,False,256.0,0,8.0,8.0,160000,4.376783681874338,22.18853033044419,0.08667394660329762,35.59547701223888,0.13904483207905813,10.441511018898334,0.040787152417571616,2.9982238656713074,10,256,0.964073675873148,256,33,49,99,183,0.12890625,0.19140625,0.38671875,0.71484375,625.0,256.0,10000.0,0.40324587120835537,5.246863804594259,0.020495561736696324,8.693141269984167,0.03395758308587565,2.8764100563112076,0.011235976782465655,3.707464659481053,10.0,256.0,0.9804161584218122,256.0,8.0,14.0,32.0,77.0,0.03125,0.0546875,0.125,0.30078125,39.0625,50,87.84
layer3.1.conv3,conv,38,1024,1,False,256.0,0,8.0,8.0,160000,0.7734018400812583,14.819260459739114,0.014471934042713979,25.371040425515133,0.024776406665542122,6.78825369839798,0.006629154002341778,7.291934323335816,10,1024,0.8272907635222955,625,24,37,88,183,0.0234375,0.0361328125,0.0859375,0.1787109375,156.25,1024.0,10000.0,0.05294581177969908,4.553284971297828,0.004446567354783035,9.307089126847387,0.009088954225436902,2.405998485087204,0.0023496078955929727,6.956285168684235,10.0,1024.0,0.8562234574047731,638.0,12.0,19.0,48.0,126.0,0.01171875,0.0185546875,0.046875,0.123046875,9.765625,50,87.84
layer3.1,block,39,1024,1,False,,0,8.0,8.0,160000,14.526459113468142,44.78725568603921,0.043737554380897666,109.68985435836719,0.10711899839684295,14.691185328644004,0.01434686067250391,1.6022658439131028,10,1024,0.9905185282829612,1024,167,323,729,974,0.1630859375,0.3154296875,0.7119140625,0.951171875,156.25,1024.0,10000.0,1.1690557125427563,11.898673350309775,0.01161979819366189,26.76699667169181,0.026139645187199034,5.0044465175871435,0.004887154802331195,1.8502148653632486,10.0,1024.0,0.992867676189216,1024.0,32.0,72.0,333.0,828.0,0.03125,0.0703125,0.3251953125,0.80859375,9.765625,50,87.84
layer3.2.conv1,conv,40,256,1,False,256.0,0,8.0,8.0,160000,5.115944882836741,17.409501209001554,0.06800586409766232,25.810023884323208,0.10082040579813753,8.259051302839135,0.03226191915171537,3.4844402941381474,10,256,0.9921447512218023,256,23,30,55,127,0.08984375,0.1171875,0.21484375,0.49609375,625.0,256.0,10000.0,0.40123768992115943,9.264019749313984,0.03618757714575775,14.58654146649467,0.05697867760349481,4.561571261919984,0.017818637741874938,3.7330350608119174,10.0,256.0,0.9939317325397302,256.0,14.0,20.0,37.0,81.0,0.0546875,0.078125,0.14453125,0.31640625,39.0625,50,87.84
layer3.2.conv2,conv,41,256,1,False,256.0,0,8.0,8.0,160000,3.045413622632392,32.697041542304326,0.12772281852462627,53.53842626766042,0.2091344776080485,14.229187589216943,0.055582764020378685,2.533482435712359,10,256,0.9603106885731818,256,51,74,140,222,0.19921875,0.2890625,0.546875,0.8671875,625.0,256.0,10000.0,0.19521676809040286,8.476602286353932,0.03311172768107005,14.41956753798193,0.056326435695241914,4.288790783325209,0.016753088997364097,3.176516018051808,10.0,256.0,0.9783207547671465,256.0,14.0,23.0,54.0,128.0,0.0546875,0.08984375,0.2109375,0.5,39.0625,50,87.84
layer3.2.conv3,conv,42,1024,1,False,256.0,0,8.0,8.0,160000,0.3703273321710273,20.90598440527842,0.020416000395779708,38.6339717753427,0.037728488061858106,7.681239279404573,0.007501210233793528,7.697067164842411,10,1024,0.8001159883996616,619,39,60,130,216,0.0380859375,0.05859375,0.126953125,0.2109375,156.25,1024.0,10000.0,0.019788470310484953,9.31758900753188,0.009099208015167852,17.611059623288938,0.017198300413368103,4.091655465111075,0.003995757290147534,7.397590335035701,10.0,1024.0,0.8232031495506811,637.0,19.0,32.0,78.0,177.0,0.0185546875,0.03125,0.076171875,0.1728515625,9.765625,50,87.84
layer3.2,block,43,1024,1,False,,0,8.0,8.0,160000,14.517940575709705,59.75478395944294,0.058354281210393495,149.1654303054013,0.14566936553261844,18.479285528297776,0.018046177273728297,1.481761727292782,10,1024,0.9912881606397576,1024,240,429,807,991,0.234375,0.4189453125,0.7880859375,0.9677734375,156.25,1024.0,10000.0,1.0403214064093615,13.747261579585272,0.013425060136313742,33.64200742552235,0.03285352287648667,5.453709414347803,0.0053258880999490265,1.7359853835033037,10.0,1024.0,0.9933756724761391,1024.0,45.0,109.0,451.0,892.0,0.0439453125,0.1064453125,0.4404296875,0.87109375,9.765625,50,87.84
layer3.3.conv1,conv,44,256,1,False,256.0,0,8.0,8.0,160000,4.469547960459071,20.57147959769904,0.08035734217851187,31.101523167935692,0.1214903248747488,8.724764059813285,0.034081109608645646,3.2457763976131897,10,256,0.9883334666089263,256,28,37,70,158,0.109375,0.14453125,0.2734375,0.6171875,625.0,256.0,10000.0,0.3346216810645724,9.154240757764125,0.03575875296001611,15.599284657590752,0.06093470569371388,4.145250840538692,0.016192386095854265,3.4762809928832263,10.0,256.0,0.9916953710961819,256.0,16.0,23.0,44.0,104.0,0.0625,0.08984375,0.171875,0.40625,39.0625,50,87.84
layer3.3.conv2,conv,45,256,1,False,256.0,0,8.0,8.0,160000,2.0124026147910197,34.279683702964604,0.13390501446470549,56.07133567846026,0.21902865499398538,12.987596991045903,0.05073280074627306,2.4349616226605635,10,256,0.9652787116457878,256,53,78,148,228,0.20703125,0.3046875,0.578125,0.890625,625.0,256.0,10000.0,0.11958687825821579,10.169352099374091,0.03972403163818004,17.0171205013066,0.0664731269582289,5.322485796621742,0.02079096014305368,3.0894405790197745,10.0,256.0,0.97522504195983,256.0,17.0,27.0,62.0,143.0,0.06640625,0.10546875,0.2421875,0.55859375,39.0625,50,87.84
layer3.3.conv3,conv,46,1024,1,False,256.0,0,8.0,8.0,160000,0.26117625302060615,21.017596647797372,0.02052499672636462,36.34318084910376,0.03549138754795289,8.406984261290566,0.008209945567666568,7.654690267438832,10,1024,0.8063956978338217,620,35,53,121,210,0.0341796875,0.0517578125,0.1181640625,0.205078125,156.25,1024.0,10000.0,0.013315463722151862,8.43931163240794,0.008241515266023378,17.546755367950855,0.017135503289014507,3.523425497053198,0.003440845211966014,7.41440646306712,10.0,1024.0,0.8284390715631325,636.0,20.0,31.0,74.0,173.0,0.01953125,0.0302734375,0.072265625,0.1689453125,9.765625,50,87.84
layer3.3,block,47,1024,1,False,,0,8.0,8.0,160000,14.171083888373575,72.68928505332511,0.0709856299348878,182.15938929000248,0.17789002860351805,21.71637060482433,0.02120739316877376,1.4061448323406802,10,1024,0.9911781605796169,1024,297,498,847,999,0.2900390625,0.486328125,0.8271484375,0.9755859375,156.25,1024.0,10000.0,0.9446957845291388,15.633084382200952,0.015266683966993117,40.25812295671331,0.03931457319991534,6.017067105370825,0.005876042095088696,1.672403082356994,10.0,1024.0,0.9936585734018035,1024.0,59.0,144.0,529.0,922.0,0.0576171875,0.140625,0.5166015625,0.900390625,9.765625,50,87.84
layer3.4.conv1,conv,48,256,1,False,256.0,0,8.0,8.0,160000,3.82360053645095,22.339381258117523,0.08726320803952158,34.266478420109884,0.13385343132855423,10.336401283387435,0.04037656751323217,3.072027533850921,10,256,0.9864337368929339,256,31,42,81,177,0.12109375,0.1640625,0.31640625,0.69140625,625.0,256.0,10000.0,0.25824862456491354,10.703063912725145,0.0418088434090826,18.451526034585775,0.07207627357260069,4.58002057559687,0.017890705373425273,3.3329921526493007,10.0,256.0,0.9910668687145762,256.0,18.0,27.0,52.0,123.0,0.0703125,0.10546875,0.203125,0.48046875,39.0625,50,87.84
layer3.4.conv2,conv,49,256,1,False,256.0,0,8.0,8.0,160000,1.7363182120030176,29.969506547013484,0.11706838494927142,51.65928570956277,0.20179408480297958,10.173095488361163,0.03973865425141079,2.4391057361647954,10,256,0.9674457682180727,256,50,75,145,226,0.1953125,0.29296875,0.56640625,0.8828125,625.0,256.0,10000.0,0.08335488998670917,11.450071207393227,0.044726840653879794,20.147374476369148,0.07870068154831698,5.032741955182881,0.01965914826243313,3.1015139721915563,10.0,256.0,0.976907663883028,256.0,20.0,31.0,69.0,152.0,0.078125,0.12109375,0.26953125,0.59375,39.0625,50,87.84
layer3.4.conv3,conv,50,1024,1,False,256.0,0,8.0,8.0,160000,0.17860244749431006,20.384629186961067,0.019906864440391667,34.52357644098596,0.033714430118150354,8.01452003059147,0.007826679717374482,7.63565081088427,10,1024,0.8122702250088973,620,32,49,112,204,0.03125,0.0478515625,0.109375,0.19921875,156.25,1024.0,10000.0,0.008739503774653653,11.597799044270355,0.011325975629170268,20.536350191959258,0.020055029484335213,4.75148829330467,0.004640125286430341,7.465083236555096,10.0,1024.0,0.8327569036839323,637.0,20.0,30.0,71.0,166.0,0.01953125,0.029296875,0.0693359375,0.162109375,9.765625,50,87.84
layer3.4,block,51,1024,1,False,,0,8.0,8.0,160000,13.547790564849382,84.69127034807909,0.08270631869929598,210.69409791516,0.20575595499527344,24.053869130319143,0.023490106572577288,1.357078037052256,10,1024,0.9898601022683684,1024,340,544,869,1002,0.33203125,0.53125,0.8486328125,0.978515625,156.25,1024.0,10000.0,0.8810091720352623,17.528896983660122,0.017118063460605588,46.463920952069806,0.04537492280475567,6.598967333635485,0.006444304036753403,1.6397041637509888,10.0,1024.0,0.9933646947567101,1024.0,71.0,172.0,576.0,937.0,0.0693359375,0.16796875,0.5625,0.9150390625,9.765625,50,87.84
layer3.5.conv1,conv,52,256,1,False,256.0,0,8.0,8.0,160000,2.999304472375747,26.324697155035164,0.10283084826185611,38.789320392164846,0.15152078278189393,11.513533508359014,0.0449747402670274,3.0099084122630915,10,256,0.9847708196596542,256,33,46,90,187,0.12890625,0.1796875,0.3515625,0.73046875,625.0,256.0,10000.0,0.2025790455934284,12.761942187714475,0.049851336670759666,21.151424353797672,0.08262275138202216,6.108372521954308,0.023860830163884017,3.2990323664903123,10.0,256.0,0.9894070220171423,256.0,21.0,30.0,56.0,133.0,0.08203125,0.1171875,0.21875,0.51953125,39.0625,50,87.84
layer3.5.conv2,conv,53,256,1,False,256.0,0,8.0,8.0,160000,1.4376347585476381,26.506609004034395,0.10354144142200936,46.987937097226585,0.18354662928604135,8.460704468770436,0.033049626831134514,2.5653000451166768,10,256,0.9657567955575304,256,46,68,133,218,0.1796875,0.265625,0.51953125,0.8515625,625.0,256.0,10000.0,0.08715446945265481,8.62137324900106,0.03367723925391039,17.22268003715526,0.06727609389513774,3.566689466580243,0.013932380728829075,3.2952995427065757,10.0,256.0,0.9797523878811358,256.0,19.0,28.0,57.0,135.0,0.07421875,0.109375,0.22265625,0.52734375,39.0625,50,87.84
layer3.5.conv3,conv,54,1024,1,False,256.0,0,8.0,8.0,160000,0.1916211454265541,11.39667853467371,0.011129568881517294,21.12019470873167,0.020625190145245772,4.862642332202644,0.004748674152541645,7.1761317016707356,10,1024,0.8441489324728584,622,22,31,72,163,0.021484375,0.0302734375,0.0703125,0.1591796875,156.25,1024.0,10000.0,0.01524135663212641,5.1539393739936346,0.005033143919915659,10.535670404867593,0.010288740629753509,2.559128600278787,0.002499149023709753,6.863962250325884,10.0,1024.0,0.8738159085427177,636.0,13.0,19.0,37.0,105.0,0.0126953125,0.0185546875,0.0361328125,0.1025390625,9.765625,50,87.84
layer3.5,block,55,1024,1,False,,0,8.0,8.0,160000,13.01628554080354,91.96670615627345,0.08981123648073579,227.85625735328142,0.2225158763215639,25.560572456674066,0.024961496539720768,1.3275710337452191,10,1024,0.9882684725660195,1024,366,569,879,1004,0.357421875,0.5556640625,0.8583984375,0.98046875,156.25,1024.0,10000.0,0.8651927524317422,19.089906072657183,0.01864248639907928,50.38216775695427,0.04920133570015065,7.124341029759887,0.00695736428687489,1.6296501907268386,10.0,1024.0,0.9926997702798631,1024.0,76.0,186.0,595.0,941.0,0.07421875,0.181640625,0.5810546875,0.9189453125,9.765625,50,87.84
layer4.0.conv1,conv,56,512,1,False,512.0,0,8.0,8.0,160000,4.8815299148060225,22.815524287999665,0.044561570874999346,35.14277949190253,0.06863824119512213,9.44063694693309,0.01843874403697869,3.099048992026413,10,512,0.9843383441478198,512,30,42,91,249,0.05859375,0.08203125,0.177734375,0.486328125,312.5,512.0,10000.0,0.5123430447943631,11.321789240770133,0.022112869610879167,18.148810846131163,0.03544689618384993,5.419205583461264,0.010584385905197781,3.386530399133843,10.0,512.0,0.9902590414386344,512.0,18.0,24.0,44.0,124.0,0.03515625,0.046875,0.0859375,0.2421875,19.53125,50,87.84
layer4.0.conv2,conv,57,512,1,False,512.0,0,4.0,4.0,160000,4.559318523085871,18.7957895590297,0.03671052648247988,31.376182453431326,0.06128160635435806,7.531413536026156,0.014709792062551085,3.0598261956603663,10,512,0.980123672740902,512,28,42,104,254,0.0546875,0.08203125,0.203125,0.49609375,312.5,512.0,10000.0,0.9342665235198266,8.937460534163952,0.01745597760578897,14.194141447879307,0.02772293251538927,4.463100405157234,0.008716992978822722,3.210887038060849,10.0,512.0,0.9880903460990789,512.0,13.0,19.0,37.0,129.0,0.025390625,0.037109375,0.072265625,0.251953125,19.53125,50,87.84
layer4.0.conv3,conv,58,2048,1,False,512.0,0,4.0,4.0,160000,0.9278000051388827,13.382108560086698,0.006534232695354833,18.18624459044334,0.008880002241427412,6.951253019742396,0.0033941665135460916,5.406683142012812,10,2048,0.9394060066893009,1255,16,20,31,63,0.0078125,0.009765625,0.01513671875,0.03076171875,78.125,2048.0,10000.0,0.2671548903307955,7.791980952340839,0.003804678199385175,11.088378080491088,0.005414247109614789,3.9772116225555494,0.0019419978625759518,4.802049878987327,10.0,2048.0,0.9676947304184407,1271.0,10.0,13.0,22.0,36.0,0.0048828125,0.00634765625,0.0107421875,0.017578125,4.8828125,50,87.84
layer4.0.downsample.0,conv,59,2048,1,False,1024.0,0,4.0,4.0,160000,2.2415527198739853,17.653535484040802,0.008619890373066798,27.5058782675034,0.013430604622804395,7.60666610454973,0.003714192433862173,5.211561748934493,10,2048,0.7445092127997013,1514,24,33,73,276,0.01171875,0.01611328125,0.03564453125,0.134765625,78.125,2048.0,10000.0,0.36879074310043325,8.829974271986295,0.004311510874993308,14.816504668240285,0.0072346214200392014,4.3451887932947395,0.002121674215475947,4.966239920653171,10.0,2048.0,0.7850479924803871,1531.0,15.0,21.0,44.0,158.0,0.00732421875,0.01025390625,0.021484375,0.0771484375,4.8828125,50,87.84
layer4.0,block,60,2048,1,False,,0,4.0,4.0,160000,30.16599444515508,16.785324893960453,0.008195959420879128,31.827427474341757,0.015540736071455936,7.0047997757403655,0.0034203123904982253,1.7416195194485833,10,2048,0.9937439224452546,2048,27,54,363,1507,0.01318359375,0.0263671875,0.17724609375,0.73583984375,78.125,2048.0,10000.0,7.202875568972168,8.565427850022553,0.004182337817393825,14.765483809105882,0.007209708891164982,4.180899734737459,0.0020414549486022747,1.9027273738769908,10.0,2048.0,0.9916022600555808,2048.0,13.0,21.0,83.0,788.0,0.00634765625,0.01025390625,0.04052734375,0.384765625,4.8828125,50,87.84
layer4.1.conv1,conv,61,512,1,False,512.0,0,4.0,4.0,160000,6.586823818613616,14.320888737652831,0.027970485815728186,18.91998273791509,0.036953091284990414,7.1441074238189755,0.013953334812146436,4.101987412734086,10,512,0.9850224607797322,512,17,20,27,40,0.033203125,0.0390625,0.052734375,0.078125,312.5,512.0,10000.0,1.2512305646486785,10.350893607209322,0.020216589076580707,14.46204486097733,0.02824618136909635,5.3021793881706945,0.010355819117520888,4.251036635607019,10.0,512.0,0.9852878030445331,512.0,13.0,17.0,24.0,34.0,0.025390625,0.033203125,0.046875,0.06640625,19.53125,50,87.84
layer4.1.conv2,conv,62,512,1,False,512.0,0,4.0,4.0,160000,1.310034481386388,19.342156362942593,0.03777764914637225,32.58249756292159,0.06363769055258123,7.83811197393276,0.015308812449087422,3.9468498740147253,10,512,0.9627866022307701,512,31,45,92,176,0.060546875,0.087890625,0.1796875,0.34375,312.5,512.0,10000.0,0.161749989247565,9.845534738830429,0.01922956003677818,15.52019551953594,0.030312881874093634,4.893837766475111,0.009558276887646702,4.10208727976672,10.0,512.0,0.9887981262170082,512.0,15.0,21.0,39.0,88.0,0.029296875,0.041015625,0.076171875,0.171875,19.53125,50,87.84
layer4.1.conv3,conv,63,2048,1,False,512.0,0,4.0,4.0,160000,0.11183216485457032,11.113356934988769,0.005426443815912485,15.26850556038106,0.0074553249806548144,6.056142618772729,0.002957100888072622,5.53321957132059,10,2048,0.9231253928497148,1255,13,17,32,81,0.00634765625,0.00830078125,0.015625,0.03955078125,78.125,2048.0,10000.0,0.03139748395087049,7.024461714475902,0.0034299129465214366,9.342032939525527,0.004561539521252699,4.32733884159873,0.00211295841874938,4.8559660739206,10.0,2048.0,0.9543613959943976,1273.0,8.0,10.0,17.0,39.0,0.00390625,0.0048828125,0.00830078125,0.01904296875,4.8828125,50,87.84
layer4.1,block,64,2048,1,False,,0,4.0,4.0,160000,38.5607200909545,16.251095485823637,0.007935105217687323,31.46026242837303,0.01536145626385402,6.760437838048825,0.0033009950381097776,1.744854297218429,10,2048,0.9945481563613038,2048,27,57,369,1515,0.01318359375,0.02783203125,0.18017578125,0.73974609375,78.125,2048.0,10000.0,10.396416374906675,8.669307680328307,0.004233060390785306,13.948169285391868,0.006810629533882748,4.6194164244207085,0.002255574425986674,1.90563394144472,10.0,2048.0,0.9927739768805103,2048.0,11.0,18.0,76.0,729.0,0.00537109375,0.0087890625,0.037109375,0.35595703125,4.8828125,50,87.84
layer4.2.conv1,conv,65,512,1,False,512.0,0,4.0,4.0,160000,15.286326649459388,10.903192965711153,0.021295298761154595,14.736634457733096,0.028782489175259954,5.508177398186181,0.010758158980832384,4.134630643927688,10,512,0.9885457771562943,512,13,16,23,35,0.025390625,0.03125,0.044921875,0.068359375,312.5,512.0,10000.0,3.9260786981570774,7.182166847729784,0.014027669624472234,10.134551536832399,0.01979404597037578,3.539721826698572,0.006913519192770648,4.270583541858827,10.0,512.0,0.9894808292314791,512.0,9.0,11.0,19.0,28.0,0.017578125,0.021484375,0.037109375,0.0546875,19.53125,50,87.84
layer4.2.conv2,conv,66,512,1,False,512.0,0,4.0,4.0,160000,2.156236493885188,14.123274771258574,0.027584521037614402,24.21363838908866,0.04729226247868879,5.921488291038894,0.01156540681843534,4.320235741693574,10,512,0.9755447165722655,512,23,33,64,128,0.044921875,0.064453125,0.125,0.25,312.5,512.0,10000.0,0.5837377301235726,7.208456846648549,0.014079017278610446,9.771856946492743,0.01908565809861864,3.601917561611086,0.007034995237521652,4.378883417091098,10.0,512.0,0.9878581099156909,512.0,9.0,10.0,17.0,46.0,0.017578125,0.01953125,0.033203125,0.08984375,19.53125,50,87.84
layer4.2.conv3,conv,67,2048,1,False,512.0,0,4.0,4.0,160000,0.2845103226383232,7.584164624654321,0.0037032053831319925,9.888241108673267,0.0048282427288443685,3.8863644259622485,0.0018976388798643792,4.600071584006724,10,2048,0.9737607163462907,1261,9,10,17,40,0.00439453125,0.0048828125,0.00830078125,0.01953125,78.125,2048.0,10000.0,0.1797264723661031,6.334093941118762,0.0030928193071868954,7.816504698761925,0.003816652684942346,3.389428538220433,0.001654994403427946,3.6172674465439774,10.0,2048.0,0.981895508420005,1258.0,7.0,8.0,9.0,15.0,0.00341796875,0.00390625,0.00439453125,0.00732421875,4.8828125,50,87.84
layer4.2,block,68,2048,1,False,,0,4.0,4.0,160000,60.99272145011885,13.18273190500246,0.006436880812989482,24.888808113335227,0.012152738336589466,6.248096019573378,0.0030508281345573134,1.7450498671825152,10,2048,0.9948416294280192,2048,23,45,283,1421,0.01123046875,0.02197265625,0.13818359375,0.69384765625,78.125,2048.0,10000.0,24.11254591321371,7.82461115478679,0.003820610915423237,11.759714037397824,0.005742047869823156,3.9656334905296764,0.0019363444777976936,1.9504634050761736,10.0,2048.0,0.9932662431714212,2048.0,9.0,13.0,50.0,461.0,0.00439453125,0.00634765625,0.0244140625,0.22509765625,4.8828125,50,87.84
fc,linear,69,10,1,False,,0,,,10000,144.67136335339305,3.8850514584526157,0.3885051458452616,5.629854614912812,0.5629854614912813,2.2065328831145052,0.22065328831145054,,10,10,,9,6,8,9,9,0.6,0.8,0.9,0.9,1000.0,,,,,,,,,,,,,,,,,,,,,,,,50,87.84
conv1,conv,0,64,1,False,27.0,0,32.0,32.0,160000,22.568124386194906,3.4570517718886884,0.054016433935760756,4.670048033398981,0.07296950052185908,2.1309571449257394,0.03329620538946468,12.775535721609131,10,64,0.9782343390842455,43,4,6,8,10,0.0625,0.09375,0.125,0.15625,2500.0,64.0,10000.0,5.131145421918619,2.1293952221753156,0.03327180034648931,2.471250397690538,0.03861328746391465,1.6242802985819207,0.02537937966534251,7.43000032539473,10.0,64.0,0.8641121426263066,41.0,2.0,3.0,3.0,5.0,0.03125,0.046875,0.046875,0.078125,156.25,60,86.82
layer1.0.conv1,conv,1,64,1,False,64.0,0,32.0,32.0,160000,0.43261703170865073,4.37828647858493,0.06841072622788953,6.230494324604444,0.09735147382194444,2.4110900087514677,0.03767328138674168,8.806629646677857,10,64,0.9535143003789248,62,6,7,10,14,0.09375,0.109375,0.15625,0.21875,2500.0,64.0,10000.0,0.03983426466575151,2.6294666106503204,0.041085415791411256,3.659290760836695,0.05717641813807336,1.7634770169702096,0.027554328390159526,9.584191481662915,10.0,64.0,0.9387649878856223,61.0,4.0,4.0,8.0,14.0,0.0625,0.0625,0.125,0.21875,156.25,60,86.82
layer1.0.conv2,conv,2,64,1,False,64.0,0,32.0,32.0,160000,1.0306962147323342,8.338023084704137,0.13028161069850214,11.541036166050896,0.18032869009454525,4.642455296968893,0.07253836401513895,5.115542826795371,10,64,0.975489711030839,64,10,13,22,35,0.15625,0.203125,0.34375,0.546875,2500.0,64.0,10000.0,0.03008586311879078,2.8395781862237337,0.04436840915974584,3.9178014381959936,0.0612156474718124,2.150985263561202,0.03360914474314378,5.648807238700342,10.0,64.0,0.9766000693300059,64.0,4.0,5.0,11.0,21.0,0.0625,0.078125,0.171875,0.328125,156.25,60,86.82
layer1.0.conv3,conv,3,256,1,False,64.0,0,32.0,32.0,160000,0.36844044917555,5.599447185514332,0.02187284056841536,7.437159813309286,0.0290514055207394,3.905113754338315,0.015254350602884043,9.589551207747238,10,256,0.907902973246631,155,6,9,14,27,0.0234375,0.03515625,0.0546875,0.10546875,625.0,256.0,10000.0,0.006206782369206723,3.5910798986789487,0.014027655854214643,5.200873220636216,0.020315911018110217,2.3579930819372885,0.009210910476317533,9.052614286648375,10.0,256.0,0.928158834716587,156.0,5.0,7.0,12.0,21.0,0.01953125,0.02734375,0.046875,0.08203125,39.0625,60,86.82
layer1.0.downsample.0,conv,4,256,1,False,64.0,0,32.0,32.0,160000,1.3910265150419905,5.838171172830053,0.022805356143867396,7.326982184660537,0.02862102415883022,3.6755145130495355,0.014357478566599748,8.013980056097706,10,256,0.9734896129170515,154,7,8,10,14,0.02734375,0.03125,0.0390625,0.0546875,625.0,256.0,10000.0,0.24288297982694687,2.8914279433000725,0.011294640403515908,3.6437643288175177,0.014233454409443428,1.9778255382119403,0.007725881008640392,7.562164004032379,10.0,256.0,0.9772373114565408,153.0,3.0,4.0,6.0,12.0,0.01171875,0.015625,0.0234375,0.046875,39.0625,60,86.82
layer1.0,block,5,256,1,False,,0,32.0,32.0,160000,3.059078658126903,13.440382851051636,0.05250149551192045,23.781839250586984,0.0928978095726054,6.483346478134251,0.02532557218021192,3.808866203243646,10,256,0.2379527719162361,246,24,40,102,197,0.09375,0.15625,0.3984375,0.76953125,625.0,256.0,10000.0,0.3117264201656543,4.681677135844265,0.01828780131189166,7.5874906853428765,0.02963863548962061,2.626242982971541,0.010258761652232582,4.422757540730267,10.0,256.0,0.3516950908045843,246.0,7.0,11.0,26.0,76.0,0.02734375,0.04296875,0.1015625,0.296875,39.0625,60,86.82
layer1.1.conv1,conv,6,64,1,False,64.0,0,32.0,32.0,160000,0.9664466730895923,5.019911402646739,0.07843611566635529,7.06682695010547,0.11041917109539796,2.9146402996433562,0.04554125468192744,5.199586241353106,10,64,0.9812365987932378,64,6,9,14,26,0.09375,0.140625,0.21875,0.40625,2500.0,64.0,10000.0,0.03500687267806458,4.177839295590726,0.06527873899360509,6.056016828946984,0.09462526295229662,2.439429561745061,0.03811608690226658,6.084225649552206,10.0,64.0,0.9850485907134106,64.0,6.0,7.0,13.0,22.0,0.09375,0.109375,0.203125,0.34375,156.25,60,86.82
layer1.1.conv2,conv,7,64,1,False,64.0,0,32.0,32.0,160000,1.1537966306294902,10.304728092358015,0.161011376443094,13.946883365720142,0.21792005258937722,5.550698661509785,0.0867296665860904,4.350925208616274,10,64,0.977417474324191,64,12,15,26,44,0.1875,0.234375,0.40625,0.6875,2500.0,64.0,10000.0,0.022331724220722667,2.708786383264738,0.04232478723851153,4.379359059634746,0.0684274853067929,1.7376272897589053,0.027150426402482896,5.235843185299855,10.0,64.0,0.9801734320864125,64.0,5.0,6.0,11.0,23.0,0.078125,0.09375,0.171875,0.359375,156.25,60,86.82
layer1.1.conv3,conv,8,256,1,False,64.0,0,32.0,32.0,160000,0.23941429851604568,7.674052993955664,0.029976769507639313,10.417361779541542,0.04069281945133415,4.464719958337026,0.01744031233725401,10.227232570241018,10,256,0.8931043546673155,156,9,12,19,36,0.03515625,0.046875,0.07421875,0.140625,625.0,256.0,10000.0,0.00400042445154431,2.739888240561212,0.010702688439692234,4.642900533137386,0.018136330207567913,1.7400386326718145,0.006797025908874275,9.142730794619503,10.0,256.0,0.9213622241062855,159.0,5.0,7.0,13.0,24.0,0.01953125,0.02734375,0.05078125,0.09375,39.0625,60,86.82
layer1.1,block,9,256,1,False,,0,32.0,32.0,160000,4.237871327338424,16.377356210494078,0.06397404769724249,30.994293990284763,0.12107146089954986,6.929524254130584,0.027068454117697593,2.26477768384932,10,256,0.962997165931367,255,33,55,134,223,0.12890625,0.21484375,0.5234375,0.87109375,625.0,256.0,10000.0,0.32202579963631905,5.343511501657339,0.02087309180334898,8.811563753016365,0.03442017091022018,2.8518233936300708,0.011139935131367464,3.1316352557583134,10.0,256.0,0.8286027542309927,255.0,8.0,13.0,31.0,96.0,0.03125,0.05078125,0.12109375,0.375,39.0625,60,86.82
layer1.2.conv1,conv,10,64,1,False,64.0,0,32.0,32.0,160000,1.3380279348757007,3.6360119788055503,0.05681268716883672,5.396512052850712,0.08432050082579237,2.303784114356956,0.03599662678682744,4.5871099924580205,10,64,0.9674335805150621,64,5,7,14,29,0.078125,0.109375,0.21875,0.453125,2500.0,64.0,10000.0,0.02672729904731962,3.3664917987757543,0.05260143435587116,5.190816108554745,0.08110650169616788,2.0661807314810434,0.0322840739293913,5.436566498108431,10.0,64.0,0.9741529069249193,64.0,6.0,7.0,13.0,24.0,0.09375,0.109375,0.203125,0.375,156.25,60,86.82
layer1.2.conv2,conv,11,64,1,False,64.0,0,32.0,32.0,160000,2.2242972995347565,7.572131739387608,0.11831455842793137,9.862879659521774,0.1541074946800277,4.397352760783594,0.06870863688724366,4.4782965077311205,10,64,0.9820143444321071,64,8,10,17,35,0.125,0.15625,0.265625,0.546875,2500.0,64.0,10000.0,0.0075792744030933785,2.51769411848587,0.03933897060134172,3.9620076387108765,0.061906369354857445,1.6804943897382172,0.026257724839659644,5.262175154596674,10.0,64.0,0.9766573526926987,64.0,4.0,6.0,11.0,21.0,0.0625,0.09375,0.171875,0.328125,156.25,60,86.82
layer1.2.conv3,conv,12,256,1,False,64.0,0,32.0,32.0,160000,0.23605206218477184,8.207700144055988,0.0320613286877187,11.728116343982796,0.0458129544686828,4.122770565613356,0.016104572521927173,10.451966485126782,10,256,0.9135236808645183,157,11,14,22,34,0.04296875,0.0546875,0.0859375,0.1328125,625.0,256.0,10000.0,0.013669754623023962,1.745384543987239,0.006817908374950153,2.6454284379406485,0.010333704835705658,1.342730633065873,0.0052450415354135665,8.38269937019676,10.0,256.0,0.9657490576138668,156.0,3.0,4.0,7.0,13.0,0.01171875,0.015625,0.02734375,0.05078125,39.0625,60,86.82
layer1.2,block,13,256,1,False,,0,32.0,32.0,160000,4.710567888277606,22.637918813142072,0.08842937036383622,42.2781821106442,0.16514914886970392,8.353222042006536,0.03262977360158803,2.0889475800482766,10,256,0.9854942725849242,256,45,75,163,236,0.17578125,0.29296875,0.63671875,0.921875,625.0,256.0,10000.0,0.4052851605416573,5.768472741333023,0.02253309664583212,9.943035228304716,0.038839981360565295,2.9010271833599286,0.011332137434999721,2.905785807938703,10.0,256.0,0.996290043195957,256.0,10.0,15.0,33.0,107.0,0.0390625,0.05859375,0.12890625,0.41796875,39.0625,60,86.82
layer2.0.conv1,conv,14,128,1,False,128.0,0,32.0,32.0,160000,2.5966752165038276,7.459315480655315,0.05827590219261965,10.343865914682102,0.08081145245845392,4.167463786908916,0.03255831083522591,4.924271583579532,10,128,0.9861626938502717,128,9,12,21,39,0.0703125,0.09375,0.1640625,0.3046875,1250.0,128.0,10000.0,0.2058497983361397,2.8407233158751333,0.02219315090527448,4.896727919078198,0.03825568686779842,1.7692528467855668,0.01382228786551224,5.763680183081038,10.0,128.0,0.9930442406325577,128.0,6.0,8.0,13.0,23.0,0.046875,0.0625,0.1015625,0.1796875,78.125,60,86.82
layer2.0.conv2,conv,15,128,1,False,128.0,0,16.0,16.0,160000,5.508858790194787,11.801079050198053,0.09219593007967229,17.018454806957813,0.1329566781793579,6.005536097999375,0.04691825076562012,3.983479554630174,10,128,0.9786742427858318,128,15,20,37,71,0.1171875,0.15625,0.2890625,0.5546875,1250.0,128.0,10000.0,0.4399107146450497,3.488283665459286,0.02725221613640067,5.2951014619346,0.04136798017136406,2.0875703077356937,0.016309143029185107,4.5344045347288855,10.0,128.0,0.9841830763354517,128.0,5.0,7.0,12.0,26.0,0.0390625,0.0546875,0.09375,0.203125,78.125,60,86.82
layer2.0.conv3,conv,16,512,1,False,128.0,0,16.0,16.0,160000,0.9517210836617424,10.803088919450405,0.02109978304580157,14.913255407612127,0.029127451967992435,5.471780096694836,0.010687070501357102,8.233827562624247,10,512,0.8894578294002926,312,12,16,29,62,0.0234375,0.03125,0.056640625,0.12109375,312.5,512.0,10000.0,0.08004067331645309,3.291143744144307,0.00642801512528185,5.287471778074099,0.010327093316550975,1.974516867539296,0.0038564782569126873,6.956745516017243,10.0,512.0,0.9388086815717088,317.0,5.0,7.0,14.0,29.0,0.009765625,0.013671875,0.02734375,0.056640625,19.53125,60,86.82
layer2.0.downsample.0,conv,17,512,1,False,256.0,0,16.0,16.0,160000,4.307510478554832,10.076463889699518,0.01968059353456937,14.698263182814927,0.028707545278935404,4.72355066667745,0.009225684895854394,6.7138508229891585,10,512,0.8483064976842403,379,13,17,30,63,0.025390625,0.033203125,0.05859375,0.123046875,312.5,512.0,10000.0,0.6713439303349892,4.2476219541009295,0.008296136629103378,6.269838641792715,0.012245778597251396,2.4490143380913842,0.004783231129084735,5.844327358356226,10.0,512.0,0.9484704207650086,381.0,6.0,8.0,14.0,28.0,0.01171875,0.015625,0.02734375,0.0546875,19.53125,60,86.82
layer2.0,block,18,512,1,False,,0,16.0,16.0,160000,8.381764880766047,21.104429333648188,0.04121958854228162,42.9259435933508,0.08383973358076328,7.885767198362366,0.015401889059301496,2.1530333168764884,10,512,0.5204522405014784,510,48,91,258,449,0.09375,0.177734375,0.50390625,0.876953125,312.5,512.0,10000.0,1.0069396317582238,5.745951568766685,0.011222561657747432,10.288768412619376,0.02009525080589722,2.9375233180743754,0.005737350230614014,2.564173272895269,10.0,512.0,0.8848002521613769,510.0,10.0,15.0,47.0,194.0,0.01953125,0.029296875,0.091796875,0.37890625,19.53125,60,86.82
layer2.1.conv1,conv,19,128,1,False,128.0,0,16.0,16.0,160000,2.4077007687237453,7.2698612983013104,0.05679579139297899,10.448199300926962,0.08162655703849189,4.277773354355017,0.03342010433089857,4.5736654744730085,10,128,0.9931228277412986,128,9,13,22,41,0.0703125,0.1015625,0.171875,0.3203125,1250.0,128.0,10000.0,0.5041383340047908,3.617822453067411,0.02826423791458915,4.98136175066574,0.03891688867707609,2.3156999552941495,0.018091405900735543,5.070728642233826,10.0,128.0,0.9940789339344447,128.0,4.0,6.0,11.0,21.0,0.03125,0.046875,0.0859375,0.1640625,78.125,60,86.82
layer2.1.conv2,conv,20,128,1,False,128.0,0,16.0,16.0,160000,1.8459009507127948,15.606276289862986,0.12192403351455458,22.468137862385046,0.17553232704988317,7.88028950421208,0.06156476175165688,3.652445593726481,10,128,0.9712254915275153,128,19,27,49,86,0.1484375,0.2109375,0.3828125,0.671875,1250.0,128.0,10000.0,0.18165577393671636,4.424397627236721,0.034565606462786884,6.136039975381417,0.04793781230766732,2.8439675146982624,0.022218496208580175,4.67013877585313,10.0,128.0,0.9796615595141804,128.0,5.0,7.0,17.0,34.0,0.0390625,0.0546875,0.1328125,0.265625,78.125,60,86.82
layer2.1.conv3,conv,21,512,1,False,128.0,0,16.0,16.0,160000,0.2808817725335965,12.766025687146737,0.02493364392020847,18.424369132205477,0.03598509596133882,6.8290487248058085,0.013337985790636345,8.696052223364338,10,512,0.8573936415010652,312,16,22,42,85,0.03125,0.04296875,0.08203125,0.166015625,312.5,512.0,10000.0,0.018837139306869352,4.4358157006762555,0.008663702540383312,7.64827197063694,0.014938031192650273,2.428310372401323,0.004742793696096334,7.861462273175161,10.0,512.0,0.8974688742386677,318.0,8.0,12.0,25.0,52.0,0.015625,0.0234375,0.048828125,0.1015625,19.53125,60,86.82
layer2.1,block,22,512,1,False,,0,16.0,16.0,160000,8.844129246392798,28.80209636725268,0.05625409446729039,59.929190159776425,0.11704919953081333,10.13857192126741,0.01980189828372541,1.874446755712798,10,512,0.9887401302873784,511,73,133,321,473,0.142578125,0.259765625,0.626953125,0.923828125,312.5,512.0,10000.0,0.7766297218099835,6.974737883468614,0.013622534928649637,13.73891633758253,0.02683382097184088,3.165711196013317,0.00618302967971351,2.4596132433516544,10.0,512.0,0.66561220003413,511.0,13.0,24.0,79.0,284.0,0.025390625,0.046875,0.154296875,0.5546875,19.53125,60,86.82
layer2.2.conv1,conv,23,128,1,False,128.0,0,16.0,16.0,160000,2.3337094793486473,9.519633760392503,0.07437213875306643,14.1086047104123,0.11022347430009609,4.702333372143248,0.036736979469869126,4.160433691034821,10,128,0.986912328731506,128,12,17,30,60,0.09375,0.1328125,0.234375,0.46875,1250.0,128.0,10000.0,0.16997363352720407,5.196004164491072,0.0405937825350865,7.948642572626855,0.0620987700986473,2.9855424536103263,0.023324550418830674,4.657028595338589,10.0,128.0,0.9875479982669956,128.0,8.0,10.0,20.0,38.0,0.0625,0.078125,0.15625,0.296875,78.125,60,86.82
layer2.2.conv2,conv,24,128,1,False,128.0,0,16.0,16.0,160000,1.5634445702200355,20.272731459672542,0.15838071452869174,29.980085496505954,0.23421941794145276,9.098595498197602,0.07108277732966876,3.1238336793323995,10,128,0.9662257751728098,128,27,36,65,105,0.2109375,0.28125,0.5078125,0.8203125,1250.0,128.0,10000.0,0.0828547848563769,3.4934077810336297,0.027292248289325232,5.887795982126303,0.04599840611036174,2.050949086603384,0.01602303973908894,3.9552938961507507,10.0,128.0,0.9689788415055838,128.0,6.0,8.0,20.0,47.0,0.046875,0.0625,0.15625,0.3671875,78.125,60,86.82
layer2.2.conv3,conv,25,512,1,False,128.0,0,16.0,16.0,160000,0.21533968084384125,13.500473131005743,0.02636811158399559,21.354679747463052,0.041708358881763774,6.67238226861742,0.013031996618393398,8.821336212119986,10,512,0.8335294155020744,311,20,29,57,99,0.0390625,0.056640625,0.111328125,0.193359375,312.5,512.0,10000.0,0.015137262882687672,2.1443807320921757,0.004188243617367531,3.8386147830186954,0.0074972944980833895,1.5059727451025076,0.002941353017778335,7.519700408667888,10.0,512.0,0.8853639308602621,318.0,4.0,8.0,21.0,55.0,0.0078125,0.015625,0.041015625,0.107421875,19.53125,60,86.82
layer2.2,block,26,512,1,False,,0,16.0,16.0,160000,9.2722112095384,37.182021277025875,0.07262113530669116,78.6912376928621,0.1536938236188713,12.953601817870819,0.025300003550528943,1.7231937412762195,10,512,0.9880837218506006,512,102,180,370,487,0.19921875,0.3515625,0.72265625,0.951171875,312.5,512.0,10000.0,0.6706124526519889,8.098931276210138,0.015818225148847925,16.31189836185168,0.03185917648799156,3.504149997321747,0.006844042963519037,2.214498209908249,10.0,512.0,0.995577725298071,512.0,16.0,30.0,109.0,346.0,0.03125,0.05859375,0.212890625,0.67578125,19.53125,60,86.82
layer2.3.conv1,conv,27,128,1,False,128.0,0,16.0,16.0,160000,2.0978356492965444,10.465470563420698,0.0817614887767242,16.06876729936018,0.1255372445262514,5.389067370449157,0.04210208883163404,3.8163839939865385,10,128,0.9804282252597404,128,15,21,38,73,0.1171875,0.1640625,0.296875,0.5703125,1250.0,128.0,10000.0,0.0941927017986091,7.184248066610347,0.056126938020393334,10.907790924588546,0.08521711659834802,4.004240563062837,0.03128312939892841,4.342198568395733,10.0,128.0,0.9850165897067874,128.0,10.0,14.0,27.0,51.0,0.078125,0.109375,0.2109375,0.3984375,78.125,60,86.82
layer2.3.conv2,conv,28,128,1,False,128.0,0,16.0,16.0,160000,1.5316948447884242,18.004518065630673,0.14066029738773964,27.934301717549097,0.21823673216835232,7.821711882634569,0.06110712408308257,2.978958437848096,10,128,0.9681504472740037,128,26,37,66,107,0.203125,0.2890625,0.515625,0.8359375,1250.0,128.0,10000.0,0.02766576798136842,5.591907724421884,0.04368677909704597,9.015213688621555,0.0704313569423559,3.0912908439416493,0.024150709718294135,3.7442973689042844,10.0,128.0,0.974115016886307,128.0,9.0,14.0,29.0,62.0,0.0703125,0.109375,0.2265625,0.484375,78.125,60,86.82
layer2.3.conv3,conv,29,512,1,False,128.0,0,16.0,16.0,160000,0.1717789059128498,11.424944807158399,0.022314345326481248,20.249653162012237,0.03955010383205515,4.589085262809567,0.008963057153924935,8.859529808297154,10,512,0.8341728265238226,309,20,28,56,99,0.0390625,0.0546875,0.109375,0.193359375,312.5,512.0,10000.0,0.00422128429454559,3.3302720782390987,0.0065044376528107396,6.854794393905625,0.013388270300596923,1.9290943857959981,0.003767762472257809,8.014868021410885,10.0,512.0,0.8730240549551364,318.0,9.0,14.0,29.0,68.0,0.017578125,0.02734375,0.056640625,0.1328125,19.53125,60,86.82
layer2.3,block,30,512,1,False,,0,16.0,16.0,160000,9.531980365125072,44.025261544907345,0.08598683895489716,94.95509402997735,0.1854591680272995,14.749547050581912,0.028807709083167796,1.6282228927294518,10,512,0.9858883052811019,512,127,215,396,492,0.248046875,0.419921875,0.7734375,0.9609375,312.5,512.0,10000.0,0.6087863717168175,8.827310810035364,0.01724084142585032,18.40726909639339,0.03595169745389334,3.7082642528260545,0.007242703618800888,2.126439317131033,10.0,512.0,0.9956044970215819,512.0,19.0,36.0,135.0,381.0,0.037109375,0.0703125,0.263671875,0.744140625,19.53125,60,86.82
layer3.0.conv1,conv,31,256,1,False,256.0,0,16.0,16.0,160000,5.691891425930092,16.962028086836447,0.06625792221420487,25.10249299586387,0.09805661326509324,8.04953763009053,0.03144350636754113,3.8382420121010505,10,256,0.9838074113385208,256,23,29,50,110,0.08984375,0.11328125,0.1953125,0.4296875,625.0,256.0,10000.0,0.4550620859503509,7.606943252720589,0.0297146220809398,11.914135291704751,0.04653959098322168,3.645933801107585,0.014241928910576504,4.337824112909895,10.0,256.0,0.9903681985474988,256.0,11.0,15.0,28.0,55.0,0.04296875,0.05859375,0.109375,0.21484375,39.0625,60,86.82
layer3.0.conv2,conv,32,256,1,False,256.0,0,8.0,8.0,160000,9.915388477161722,22.672639336239857,0.08856499740718694,37.240078294139025,0.14546905583648057,9.088212453056231,0.0355008298947509,2.904509941949285,10,256,0.9734139897057476,256,35,50,102,192,0.13671875,0.1953125,0.3984375,0.75,625.0,256.0,10000.0,1.0132634965978573,9.05857483332061,0.035385057942658636,13.535311599279336,0.052872310934684905,5.203177055859234,0.020324910374450132,3.35122891344559,10.0,256.0,0.9914205611454439,256.0,12.0,17.0,36.0,97.0,0.046875,0.06640625,0.140625,0.37890625,39.0625,60,86.82
layer3.0.conv3,conv,33,1024,1,False,256.0,0,8.0,8.0,160000,2.0624969650863534,20.80216710125638,0.020314616309820684,30.84421717706955,0.03012130583698198,9.705092586288172,0.009477629478797043,7.378126483337277,10,1024,0.8440318002551052,618,27,36,72,165,0.0263671875,0.03515625,0.0703125,0.1611328125,156.25,1024.0,10000.0,0.21483212138305408,9.606176137387003,0.009381031384166995,14.560425870293338,0.014219165888958338,5.392829251322632,0.005266434815744758,6.87897938654557,10.0,1024.0,0.8781271043401562,637.0,13.0,19.0,36.0,95.0,0.0126953125,0.0185546875,0.03515625,0.0927734375,9.765625,60,86.82
layer3.0.downsample.0,conv,34,1024,1,False,512.0,0,8.0,8.0,160000,6.24596928519833,17.373514043960665,0.016966322308555336,27.502434454049407,0.026857846146532624,7.74705137737633,0.007565479860719072,5.874544533922942,10,1024,0.7771633872880638,753,25,34,69,179,0.0244140625,0.033203125,0.0673828125,0.1748046875,156.25,1024.0,10000.0,0.633792704827376,7.193613724157871,0.0070250134024979205,12.112510082928084,0.011828623127859457,3.4199416589136913,0.0033397867762829016,5.6585735778800785,10.0,1024.0,0.829902027197349,766.0,11.0,17.0,38.0,95.0,0.0107421875,0.0166015625,0.037109375,0.0927734375,9.765625,60,86.82
layer3.0,block,35,1024,1,False,,0,8.0,8.0,160000,14.517246877717625,31.462833545307472,0.030725423384089328,74.65073397689072,0.07290110739930734,10.065122617449086,0.009829221306102623,1.8549194139328355,10,1024,0.662874325352189,1022,102,211,594,920,0.099609375,0.2060546875,0.580078125,0.8984375,156.25,1024.0,10000.0,1.3641208628599637,10.975757076218171,0.010718512769744308,22.198657319810668,0.021678376288877605,4.978599461064817,0.004861913536196111,2.113740617652192,10.0,1024.0,0.723242476816137,1022.0,22.0,45.0,208.0,701.0,0.021484375,0.0439453125,0.203125,0.6845703125,9.765625,60,86.82
layer3.1.conv1,conv,36,256,1,False,256.0,0,8.0,8.0,160000,4.739890580149386,10.97985449951684,0.042890056638737656,16.83528098793156,0.06576281635910766,5.37991781853137,0.021015303978638163,3.886305246801051,10,256,0.9955770989470326,256,16,21,35,76,0.0625,0.08203125,0.13671875,0.296875,625.0,256.0,10000.0,0.5892699462904523,6.701721197194211,0.026178598426539888,9.837070172147598,0.038426055359951555,3.9391818420626707,0.015387429070557308,4.196985198981091,10.0,256.0,0.9968933545197545,256.0,9.0,13.0,24.0,46.0,0.03515625,0.05078125,0.09375,0.1796875,39.0625,60,86.82
layer3.1.conv2,conv,37,256,1,False,256.0,0,8.0,8.0,160000,3.763945625386918,21.262337728401967,0.08305600675157018,36.368327491459034,0.14206377926351185,8.678847889905631,0.03390174956994387,3.021161079420032,10,256,0.9601487572120743,256,35,51,101,183,0.13671875,0.19921875,0.39453125,0.71484375,625.0,256.0,10000.0,0.34139593389068784,5.597674492468754,0.02186591598620607,9.15956235393834,0.03577954044507164,3.23123923923024,0.012622028278243125,3.727482628524613,10.0,256.0,0.979683592425172,256.0,9.0,14.0,33.0,77.0,0.03515625,0.0546875,0.12890625,0.30078125,39.0625,60,86.82
layer3.1.conv3,conv,38,1024,1,False,256.0,0,8.0,8.0,160000,0.6253462222805571,14.324036273093247,0.013988316672942624,25.883004323676793,0.02527637140984062,5.777221777329959,0.005641818141923788,7.339852802074789,10,1024,0.8257132437200946,625,25,38,91,187,0.0244140625,0.037109375,0.0888671875,0.1826171875,156.25,1024.0,10000.0,0.04050078105238929,4.72661143643617,0.004615831480894697,9.862522505090377,0.009631369633877321,2.5000261082011614,0.0024414317462901967,7.028055132006717,10.0,1024.0,0.8532695490578506,637.0,13.0,21.0,50.0,133.0,0.0126953125,0.0205078125,0.048828125,0.1298828125,9.765625,60,86.82
layer3.1,block,39,1024,1,False,,0,8.0,8.0,160000,14.60439513330116,46.05151006409206,0.0449721777969649,113.41073366577972,0.110752669595488,14.061525764637452,0.013731958754528761,1.6035734173225158,10,1024,0.9882468822586192,1024,173,332,733,971,0.1689453125,0.32421875,0.7158203125,0.9482421875,156.25,1024.0,10000.0,1.086615764451589,13.081198135863541,0.01277460755455424,29.929759639273847,0.029228280897728366,5.688629831896775,0.0055553025702116945,1.8564877168278233,10.0,1024.0,0.9914158346096043,1024.0,36.0,82.0,360.0,840.0,0.03515625,0.080078125,0.3515625,0.8203125,9.765625,60,86.82
layer3.2.conv1,conv,40,256,1,False,256.0,0,8.0,8.0,160000,4.574274008245109,17.977113810940516,0.07022310082398639,26.227575985013228,0.10245146869145792,8.904890425746487,0.034784728225572215,3.4554504104966166,10,256,0.991662830875529,256,23,31,56,130,0.08984375,0.12109375,0.21875,0.5078125,625.0,256.0,10000.0,0.31198743400802,10.854958611930433,0.042402182077853255,16.590525293414792,0.06480673942740153,5.718204181709472,0.022336735084802627,3.7209119419347303,10.0,256.0,0.9935525791337717,256.0,15.0,22.0,39.0,88.0,0.05859375,0.0859375,0.15234375,0.34375,39.0625,60,86.82
layer3.2.conv2,conv,41,256,1,False,256.0,0,8.0,8.0,160000,2.5966309215246186,33.2521770495451,0.12989131659978553,54.199100685507645,0.21171523705276424,12.93400349298175,0.05052345114445996,2.539100646062552,10,256,0.9600127765454302,256,51,74,140,222,0.19921875,0.2890625,0.546875,0.8671875,625.0,256.0,10000.0,0.13353194771884708,9.96757275023889,0.038935831055620665,16.822331741626982,0.0657122333657304,5.117320068981591,0.01998953151945934,3.209306951954053,10.0,256.0,0.9796771054055416,256.0,17.0,26.0,58.0,134.0,0.06640625,0.1015625,0.2265625,0.5234375,39.0625,60,86.82
layer3.2.conv3,conv,42,1024,1,False,256.0,0,8.0,8.0,160000,0.35377098298517795,20.208691018119133,0.019735049822381966,37.079607869182524,0.03621055455974856,7.25234671861924,0.007082369842401601,7.671269003052361,10,1024,0.8024218828930045,622,37,58,128,214,0.0361328125,0.056640625,0.125,0.208984375,156.25,1024.0,10000.0,0.01577103797683222,8.013120209160057,0.007825312704257868,17.281212429383256,0.016876184013069586,3.4856870095390544,0.003403991220252983,7.423250264948765,10.0,1024.0,0.824202697706114,637.0,20.0,33.0,82.0,180.0,0.01953125,0.0322265625,0.080078125,0.17578125,9.765625,60,86.82
layer3.2,block,43,1024,1,False,,0,8.0,8.0,160000,14.300869295732767,60.231149565068286,0.058819481997137,152.51920549661864,0.14894453661779164,17.534546464264817,0.01712358053150861,1.4814153601907987,10,1024,0.9897057876635552,1024,247,435,808,991,0.2412109375,0.4248046875,0.7890625,0.9677734375,156.25,1024.0,10000.0,0.9273598162926693,15.056883075974655,0.014703987378881499,37.79931052149369,0.03691338918114618,6.266742141854481,0.0061198653729047665,1.7386182629863745,10.0,1024.0,0.9928144267511666,1024.0,52.0,126.0,480.0,902.0,0.05078125,0.123046875,0.46875,0.880859375,9.765625,60,86.82
layer3.3.conv1,conv,44,256,1,False,256.0,0,8.0,8.0,160000,4.079322393222008,20.63873264822827,0.08062004940714168,31.066877039508668,0.12135498843558074,10.049474149283757,0.039255758395639676,3.197635697065882,10,256,0.9874333549285459,256,28,38,72,161,0.109375,0.1484375,0.28125,0.62890625,625.0,256.0,10000.0,0.26925639448789346,10.261227548323932,0.04008292011064036,17.049453610372264,0.06659942816551666,5.092730367605356,0.019893477998458423,3.4473965314664334,10.0,256.0,0.9909178123448232,256.0,17.0,25.0,47.0,111.0,0.06640625,0.09765625,0.18359375,0.43359375,39.0625,60,86.82
layer3.3.conv2,conv,45,256,1,False,256.0,0,8.0,8.0,160000,1.9769849829423538,32.02081724082359,0.12508131734696715,53.74516574408732,0.2099420536878411,12.362022505145722,0.04828915041072548,2.4387231742638065,10,256,0.9637131278548078,256,52,77,146,227,0.203125,0.30078125,0.5703125,0.88671875,625.0,256.0,10000.0,0.1031723699113909,9.719055506289243,0.037965060571442354,17.085346651737115,0.0667396353583481,4.664208166480063,0.018219563150312746,3.103995083562219,10.0,256.0,0.9770878820369355,256.0,17.0,27.0,64.0,144.0,0.06640625,0.10546875,0.25,0.5625,39.0625,60,86.82
layer3.3.conv3,conv,46,1024,1,False,256.0,0,8.0,8.0,160000,0.24756455977501604,22.296136453974178,0.021773570755834158,37.660767740707136,0.03677809349678431,8.951664230058515,0.008741859599666519,7.701343379368428,10,1024,0.8019915131521828,618,35,55,125,214,0.0341796875,0.0537109375,0.1220703125,0.208984375,156.25,1024.0,10000.0,0.010980838659710113,9.867074248931154,0.00963581469622183,19.549040154439027,0.019090859525819362,4.176754875899738,0.004078862183495838,7.4830059730865655,10.0,1024.0,0.8243272324917096,636.0,22.0,33.0,81.0,180.0,0.021484375,0.0322265625,0.0791015625,0.17578125,9.765625,60,86.82
layer3.3,block,47,1024,1,False,,0,8.0,8.0,160000,13.910364785276018,74.33523675642705,0.07259300464494829,187.67951750990687,0.18328077881826843,21.067434802247647,0.020573666799069967,1.4048617443383824,10,1024,0.9890106679774151,1024,305,504,848,998,0.2978515625,0.4921875,0.828125,0.974609375,156.25,1024.0,10000.0,0.8298635531442535,16.963480228065595,0.016565898660220308,45.427034002063785,0.044362337892640415,7.000112075362417,0.006836046948596111,1.669341362459554,10.0,1024.0,0.9927093700027233,1024.0,70.0,167.0,560.0,931.0,0.068359375,0.1630859375,0.546875,0.9091796875,9.765625,60,86.82
layer3.4.conv1,conv,48,256,1,False,256.0,0,8.0,8.0,160000,3.62219649410785,22.950754970603157,0.08965138660391858,35.54820416509416,0.13886017251989907,10.157077777403982,0.039676085067984306,3.037937901629635,10,256,0.9838080959214176,256,32,44,86,182,0.125,0.171875,0.3359375,0.7109375,625.0,256.0,10000.0,0.21880770110001366,11.239442219322868,0.04390407116922995,19.699107174906917,0.07694963740198014,5.226088295181501,0.02041440740305274,3.303192055572362,10.0,256.0,0.988621099738896,256.0,20.0,29.0,57.0,132.0,0.078125,0.11328125,0.22265625,0.515625,39.0625,60,86.82
layer3.4.conv2,conv,49,256,1,False,256.0,0,8.0,8.0,160000,1.624816934649392,30.744973674740265,0.12009755341695416,53.638442480701286,0.2095251659402394,9.992735486793764,0.03903412299528814,2.4218937754951915,10,256,0.9654459972093772,256,52,77,148,228,0.203125,0.30078125,0.578125,0.890625,625.0,256.0,10000.0,0.07476734218127562,10.637334024711441,0.041552086034029066,20.098470229549115,0.07850964933417623,4.879982948899506,0.019062433394138694,3.106370446146893,10.0,256.0,0.9789954473080896,256.0,21.0,31.0,69.0,154.0,0.08203125,0.12109375,0.26953125,0.6015625,39.0625,60,86.82
layer3.4.conv3,conv,50,1024,1,False,256.0,0,8.0,8.0,160000,0.17393410720041286,21.12402769664694,0.020628933297506778,35.62168735874812,0.03478680406127746,8.34092579460528,0.008145435346294218,7.680954452580195,10,1024,0.8128388113711257,620,33,50,112,204,0.0322265625,0.048828125,0.109375,0.19921875,156.25,1024.0,10000.0,0.008187632121097379,10.100825643868756,0.009864087542840582,19.93457440512739,0.019467357817507216,4.059132152870756,0.003963996243037848,7.499375280554406,10.0,1024.0,0.83489587872623,635.0,21.0,31.0,72.0,168.0,0.0205078125,0.0302734375,0.0703125,0.1640625,9.765625,60,86.82
layer3.4,block,51,1024,1,False,,0,8.0,8.0,160000,13.133331830628702,87.38456340104503,0.08533648769633304,218.5179555122539,0.21339644092993545,23.20883124613285,0.02266487426380161,1.353763925546304,10,1024,0.9873544479341531,1024,349,551,871,1001,0.3408203125,0.5380859375,0.8505859375,0.9775390625,156.25,1024.0,10000.0,0.7666967203016433,18.83885737787896,0.01839732165808492,52.0890785398049,0.050868240761528224,7.597860968810797,0.007419786102354294,1.6307555823257394,10.0,1024.0,0.99225371501793,1024.0,84.0,198.0,607.0,945.0,0.08203125,0.193359375,0.5927734375,0.9228515625,9.765625,60,86.82
layer3.5.conv1,conv,52,256,1,False,256.0,0,8.0,8.0,160000,2.9188188814966445,25.01609727365984,0.09771912997523376,38.71312995931706,0.15122316390358226,10.329626346975596,0.04035010291787342,2.9505708638152353,10,256,0.9825570703316717,256,35,47,94,191,0.13671875,0.18359375,0.3671875,0.74609375,625.0,256.0,10000.0,0.18139119596569586,12.281523910619049,0.04797470277585566,21.632118625862848,0.08450046338227675,5.143117756225898,0.020090303735257414,3.2456738584631446,10.0,256.0,0.9884478377514861,256.0,22.0,31.0,60.0,141.0,0.0859375,0.12109375,0.234375,0.55078125,39.0625,60,86.82
layer3.5.conv2,conv,53,256,1,False,256.0,0,8.0,8.0,160000,1.6287317374631607,23.193598609530916,0.09059999456848014,43.605834932749424,0.17033529270605244,7.3469325462285155,0.02869895525870514,2.5775857879092814,10,256,0.96499988912444,256,44,66,130,216,0.171875,0.2578125,0.5078125,0.84375,625.0,256.0,10000.0,0.09651544068260731,6.755819200228393,0.02638991875089216,15.196352236892436,0.059360750925361076,2.9145008152722944,0.0113847688096574,3.3327819906354654,10.0,256.0,0.9808367633079434,256.0,19.0,27.0,56.0,130.0,0.07421875,0.10546875,0.21875,0.5078125,39.0625,60,86.82
layer3.5.conv3,conv,54,1024,1,False,256.0,0,8.0,8.0,160000,0.21436861800626356,10.786126005048724,0.010533326176805394,19.960408541781874,0.01949258646658386,4.750769398337268,0.004639423240563738,7.195263039781455,10,1024,0.8453294240103033,622,21,30,70,160,0.0205078125,0.029296875,0.068359375,0.15625,156.25,1024.0,10000.0,0.015575734559566607,5.5354157275459075,0.00540567942143155,10.709582767115073,0.010458576921010813,2.7794712873768845,0.002714327429078989,6.906501004860822,10.0,1024.0,0.873219326618113,635.0,12.0,18.0,37.0,105.0,0.01171875,0.017578125,0.0361328125,0.1025390625,9.765625,60,86.82
layer3.5,block,55,1024,1,False,,0,8.0,8.0,160000,12.465234021890538,91.71558516022587,0.08956600113303308,233.0804733101405,0.22761764971693407,22.700916412216277,0.022168863683804958,1.3230618496020712,10,1024,0.9852168048425575,1024,374,575,880,1003,0.365234375,0.5615234375,0.859375,0.9794921875,156.25,1024.0,10000.0,0.7597848186529647,19.84824621713898,0.019383052946424784,54.39808558524376,0.05312313045433961,8.150803952806235,0.00795976948516234,1.6183939365992248,10.0,1024.0,0.9912545848579777,1024.0,88.0,208.0,619.0,947.0,0.0859375,0.203125,0.6044921875,0.9248046875,9.765625,60,86.82
layer4.0.conv1,conv,56,512,1,False,512.0,0,8.0,8.0,160000,4.479019727900263,23.358259339668724,0.045621600272790476,36.33096234601353,0.07095891083205767,9.154533620063871,0.01787994847668725,3.084538986712442,10,512,0.9817171243486842,512,32,44,97,260,0.0625,0.0859375,0.189453125,0.5078125,312.5,512.0,10000.0,0.45022961842622705,11.947755271250355,0.02333545951416085,18.746886924570745,0.03661501352455224,6.352092430962707,0.012406430529224037,3.3688229989932292,10.0,512.0,0.9885400456734365,512.0,18.0,24.0,47.0,134.0,0.03515625,0.046875,0.091796875,0.26171875,19.53125,60,86.82
layer4.0.conv2,conv,57,512,1,False,512.0,0,4.0,4.0,160000,4.935921233797604,16.926853472834736,0.033060260689130344,29.51210103950813,0.05764082234278932,6.467861731002211,0.012632542443363693,3.0310740948972397,10,512,0.9780547783231753,512,27,41,104,256,0.052734375,0.080078125,0.203125,0.5,312.5,512.0,10000.0,1.0131244892916442,9.06483637531918,0.017704758545545273,14.22740323746438,0.027787896948172616,4.705295909083865,0.009190031072429423,3.20454509737459,10.0,512.0,0.9871996157953663,512.0,13.0,18.0,37.0,128.0,0.025390625,0.03515625,0.072265625,0.25,19.53125,60,86.82
layer4.0.conv3,conv,58,2048,1,False,512.0,0,4.0,4.0,160000,0.938420357569232,12.485550631131385,0.006096460269107122,17.178541670286382,0.008387959799944522,6.76066275032619,0.0033011048585577098,5.311440171720928,10,2048,0.951694089910737,1252,15,20,29,59,0.00732421875,0.009765625,0.01416015625,0.02880859375,78.125,2048.0,10000.0,0.272444928650385,7.962557716147261,0.0038879676348375298,11.047947867754555,0.005394505794802029,4.482742064518675,0.002188838898690759,4.716334407938741,10.0,2048.0,0.975743192595598,1270.0,10.0,13.0,21.0,35.0,0.0048828125,0.00634765625,0.01025390625,0.01708984375,4.8828125,60,86.82
layer4.0.downsample.0,conv,59,2048,1,False,1024.0,0,4.0,4.0,160000,1.9521753500764834,16.157146702581993,0.007889231788370114,25.58975503952936,0.012494997577895196,7.2329704190011315,0.0035317238374028962,5.18599223201423,10,2048,0.7556916949264587,1516,23,32,71,263,0.01123046875,0.015625,0.03466796875,0.12841796875,78.125,2048.0,10000.0,0.3135856859879558,8.594478131663875,0.0041965225252265015,14.293049579435323,0.006979028114958654,4.6653097849647205,0.002277983293439805,4.960401848533842,10.0,2048.0,0.7926390236804055,1529.0,14.0,20.0,43.0,155.0,0.0068359375,0.009765625,0.02099609375,0.07568359375,4.8828125,60,86.82
layer4.0,block,60,2048,1,False,,0,4.0,4.0,160000,31.639096466323736,14.58134696081449,0.0071197983207102,27.72450771973696,0.013537357285027812,6.044618857805613,0.002951474051662897,1.7722382265185195,10,2048,0.9930943845974436,2048,24,44,291,1406,0.01171875,0.021484375,0.14208984375,0.6865234375,78.125,2048.0,10000.0,7.645181106907566,8.355877178299167,0.00408001815346639,13.907253584731809,0.006790651164419828,4.482544753843788,0.002188742555587787,1.936560222088111,10.0,2048.0,0.990601294664947,2048.0,12.0,19.0,68.0,675.0,0.005859375,0.00927734375,0.033203125,0.32958984375,4.8828125,60,86.82
layer4.1.conv1,conv,61,512,1,False,512.0,0,4.0,4.0,160000,6.465423384029782,12.782009219640713,0.024964861757110768,17.55162684096527,0.03428052117376029,5.60453200223677,0.010946351566868691,4.488456102056653,10,512,0.9912659556096112,512,16,20,26,36,0.03125,0.0390625,0.05078125,0.0703125,312.5,512.0,10000.0,1.287250685313458,9.71297926854264,0.018970662633872343,13.581212182338819,0.026525805043630505,5.0525603292458605,0.009868281893058321,4.656581827502991,10.0,512.0,0.9911559063606173,512.0,13.0,16.0,23.0,31.0,0.025390625,0.03125,0.044921875,0.060546875,19.53125,60,86.82
layer4.1.conv2,conv,62,512,1,False,512.0,0,4.0,4.0,160000,1.2145178839545014,16.726030656612483,0.032668028626196256,29.944163911291607,0.05848469513924142,6.3986125770020505,0.01249729018945713,4.058229314184979,10,512,0.9605856758905661,512,29,43,88,169,0.056640625,0.083984375,0.171875,0.330078125,312.5,512.0,10000.0,0.15433299623612934,9.271507005343407,0.018108412119811342,14.750975598285834,0.02881049921540202,4.250893203166939,0.008302525787435427,4.204709974670757,10.0,512.0,0.9875009195120975,512.0,14.0,20.0,37.0,83.0,0.02734375,0.0390625,0.072265625,0.162109375,19.53125,60,86.82
layer4.1.conv3,conv,63,2048,1,False,512.0,0,4.0,4.0,160000,0.10686356679455551,9.98011025082173,0.004873100708409048,14.038297304204866,0.006854637355568782,5.525855646965448,0.002698171702619848,5.3981170117606645,10,2048,0.9456376417184015,1256,12,16,30,72,0.005859375,0.0078125,0.0146484375,0.03515625,78.125,2048.0,10000.0,0.034515815585919665,5.9824845353651215,0.0029211350270337507,8.163347778414153,0.0039860096574287854,3.902446194877861,0.0019054913060927055,4.691562508727644,10.0,2048.0,0.9723598164290637,1271.0,7.0,9.0,15.0,34.0,0.00341796875,0.00439453125,0.00732421875,0.0166015625,4.8828125,60,86.82
layer4.1,block,64,2048,1,False,,0,4.0,4.0,160000,41.294152634685744,13.720665475269344,0.0066995436890963595,26.63581011478384,0.013005766657609297,5.8432284293253645,0.0028531388815065256,1.7778970314360745,10,2048,0.9940657993230136,2048,24,45,287,1402,0.01171875,0.02197265625,0.14013671875,0.6845703125,78.125,2048.0,10000.0,11.822668732268834,7.893331194831825,0.003854165622476477,12.454391940876215,0.0060812460648809645,4.505416806120924,0.0021999105498637325,1.9438007209143022,10.0,2048.0,0.9918881380583874,2048.0,10.0,16.0,59.0,586.0,0.0048828125,0.0078125,0.02880859375,0.2861328125,4.8828125,60,86.82
layer4.2.conv1,conv,65,512,1,False,512.0,0,4.0,4.0,160000,15.772830553666907,9.882625354175614,0.019302002644874246,13.399337477058157,0.026170581009879214,5.422867048990333,0.010591537205059244,4.588682479831343,10,512,0.9954257301930539,512,12,15,22,32,0.0234375,0.029296875,0.04296875,0.0625,312.5,512.0,10000.0,4.164320452629897,6.947888818827301,0.013570095349272072,9.598029883696931,0.01874615211659557,3.614860293345018,0.007060274010439488,4.78146565227035,10.0,512.0,0.9924754635346656,496.0,8.0,11.0,18.0,26.0,0.015625,0.021484375,0.03515625,0.05078125,19.53125,60,86.82
layer4.2.conv2,conv,66,512,1,False,512.0,0,4.0,4.0,160000,2.072588124034836,13.913544851529767,0.027174892288144077,23.007786991873747,0.04493708396850341,6.532575839625265,0.012758937186768095,4.372228915569518,10,512,0.9739634701056328,512,22,31,60,123,0.04296875,0.060546875,0.1171875,0.240234375,312.5,512.0,10000.0,0.5534356877248918,7.061845247636407,0.013792666499289858,9.404903126946577,0.018368951419817533,3.8255747137419576,0.007471825612777261,4.486146226864771,10.0,512.0,0.9859086690993047,512.0,8.0,10.0,17.0,44.0,0.015625,0.01953125,0.033203125,0.0859375,19.53125,60,86.82
layer4.2.conv3,conv,67,2048,1,False,512.0,0,4.0,4.0,160000,0.28329080689940056,6.995398179291624,0.0034157217672322383,9.22364358362086,0.004503732218564873,3.742536908036445,0.0018274105996271704,4.451167648982005,10,2048,0.9849199258020369,1257,8,10,15,37,0.00390625,0.0048828125,0.00732421875,0.01806640625,78.125,2048.0,10000.0,0.18940860483153876,5.831467478473819,0.0028473962297235443,7.339825149263235,0.003583898998663689,3.2592800015180208,0.001591445313241221,3.501246581933139,10.0,2048.0,0.9759710531204516,1234.0,7.0,8.0,9.0,14.0,0.00341796875,0.00390625,0.00439453125,0.0068359375,4.8828125,60,86.82
layer4.2,block,68,2048,1,False,,0,4.0,4.0,160000,68.1875274134687,11.196615408790217,0.005467097367573348,20.888151901328655,0.010199292920570632,5.1250513414754835,0.002502466475329826,1.7794590665930279,10,2048,0.9944610057172072,2048,19,35,211,1281,0.00927734375,0.01708984375,0.10302734375,0.62548828125,78.125,2048.0,10000.0,29.024275817707814,7.060027359167585,0.0034472789839685475,10.498398221744312,0.00512617100671109,3.7581542313677283,0.0018350362457850236,1.996789519082177,10.0,2048.0,0.9926642315067615,2048.0,8.0,11.0,40.0,345.0,0.00390625,0.00537109375,0.01953125,0.16845703125,4.8828125,60,86.82
fc,linear,69,10,1,False,,0,,,10000,168.78195588357028,3.9789560536193944,0.39789560536193946,5.546205883642351,0.5546205883642351,2.2959573498051133,0.22959573498051133,,10,10,,10,6,7,9,9,0.6,0.7,0.9,0.9,1000.0,,,,,,,,,,,,,,,,,,,,,,,,60,86.82
conv1,conv,0,64,1,False,27.0,0,32.0,32.0,160000,20.372808201623506,3.468895044671591,0.05420148507299361,4.674088022731454,0.07303262535517897,2.130101409523318,0.033282834523801846,12.84116481249887,10,64,0.964835017838376,44,4,6,8,10,0.0625,0.09375,0.125,0.15625,2500.0,64.0,10000.0,4.687185738510756,2.1014598422940582,0.03283531003584466,2.441067850598466,0.038141685165601034,1.6103536916042458,0.02516177643131634,8.01237021609143,10.0,64.0,0.8652032020036762,40.0,2.0,3.0,3.0,5.0,0.03125,0.046875,0.046875,0.078125,156.25,70,90.0
layer1.0.conv1,conv,1,64,1,False,64.0,0,32.0,32.0,160000,0.33981553700960465,4.741779763556844,0.07409030880557568,6.330881068032377,0.09892001668800589,2.6730706026236954,0.04176672816599524,8.994688676278727,10,64,0.9523963186031447,61,6,7,10,13,0.09375,0.109375,0.15625,0.203125,2500.0,64.0,10000.0,0.028669444712946312,3.170591929844755,0.049540498903824295,4.19068488872954,0.06547945138639906,2.0505523053920416,0.03203987977175065,9.668319761087917,10.0,64.0,0.96934825937203,61.0,4.0,5.0,8.0,13.0,0.0625,0.078125,0.125,0.203125,156.25,70,90.0
layer1.0.conv2,conv,2,64,1,False,64.0,0,32.0,32.0,160000,0.8685576626991061,7.9014093671445025,0.12345952136163285,11.283682932782169,0.17630754582472138,4.175679586195228,0.06524499353430044,5.287305488481798,10,64,0.9710717908727151,64,10,14,21,35,0.15625,0.21875,0.328125,0.546875,2500.0,64.0,10000.0,0.0238078638727363,2.8558037246201438,0.044621933197189746,4.131540522728933,0.06455532066763958,1.9603806887601314,0.030630948261877053,5.693380284810131,10.0,64.0,0.9658064231849515,64.0,4.0,6.0,11.0,21.0,0.0625,0.09375,0.171875,0.328125,156.25,70,90.0
layer1.0.conv3,conv,3,256,1,False,64.0,0,32.0,32.0,160000,0.2952875804257298,5.518944170838602,0.02155837566733829,7.49433472094687,0.02927474500369871,3.274798953081375,0.01279218341047412,9.734005386741464,10,256,0.9111588223919675,153,7,9,15,27,0.02734375,0.03515625,0.05859375,0.10546875,625.0,256.0,10000.0,0.004721521115450744,3.923713875889646,0.01532700732769393,5.570093501564126,0.021758177740484868,2.5445541321546497,0.0099396645787291,9.100896560429156,10.0,256.0,0.9324923282601179,155.0,5.0,7.0,12.0,21.0,0.01953125,0.02734375,0.046875,0.08203125,39.0625,70,90.0
layer1.0.downsample.0,conv,4,256,1,False,64.0,0,32.0,32.0,160000,1.236146108147632,5.470270323820289,0.021368243452423004,6.8866626915263085,0.026901026138774643,3.3108804465209394,0.01293312674422242,8.053097005972983,10,256,0.9549679765147905,153,7,8,9,13,0.02734375,0.03125,0.03515625,0.05078125,625.0,256.0,10000.0,0.22741171409412125,2.6398832430138435,0.010312043918022826,3.3639343937593846,0.013140368725622596,1.8226079280135352,0.007119562218802872,7.520438675053041,10.0,256.0,0.9667610513451842,149.0,3.0,4.0,6.0,11.0,0.01171875,0.015625,0.0234375,0.04296875,39.0625,70,90.0
layer1.0,block,5,256,1,False,,0,32.0,32.0,160000,2.8805305339682232,13.544281966759822,0.052907351432655556,23.922088771289324,0.09344565926284892,6.0962663055151864,0.023813540255918697,3.87118916855386,10,256,0.26591728731269093,246,24,39,99,193,0.09375,0.15234375,0.38671875,0.75390625,625.0,256.0,10000.0,0.2960882963784372,4.544149943085055,0.017750585715175998,7.366078524259799,0.02877374423538984,2.571751253507178,0.010045903334012413,4.630598319015229,10.0,256.0,0.35494590588281527,246.0,7.0,11.0,25.0,73.0,0.02734375,0.04296875,0.09765625,0.28515625,39.0625,70,90.0
layer1.1.conv1,conv,6,64,1,False,64.0,0,32.0,32.0,160000,0.7979788803941531,5.16343083556887,0.0806786068057636,7.469144568874432,0.116705383888663,2.8191768718971617,0.04404963862339315,5.192808497131002,10,64,0.9801674397621999,64,7,9,14,27,0.109375,0.140625,0.21875,0.421875,2500.0,64.0,10000.0,0.03191985844692479,3.624713536115091,0.056636149001798294,5.417885309170505,0.08465445795578914,2.301120320403538,0.03595500500630528,6.107060171352762,10.0,64.0,0.984810818475917,64.0,6.0,7.0,13.0,22.0,0.09375,0.109375,0.203125,0.34375,156.25,70,90.0
layer1.1.conv2,conv,7,64,1,False,64.0,0,32.0,32.0,160000,0.9547251732470705,10.533875151609127,0.1645917992438926,14.126984394648746,0.22073413116638665,5.7566191839001,0.08994717474843907,4.310133149587347,10,64,0.9687464244998364,64,12,15,27,45,0.1875,0.234375,0.421875,0.703125,2500.0,64.0,10000.0,0.017621259894622272,3.501462026688276,0.054710344167004314,4.95143372634699,0.07736615197417172,2.2682929253573323,0.03544207695870832,5.144829147393582,10.0,64.0,0.9820671777653651,64.0,4.0,6.0,11.0,22.0,0.0625,0.09375,0.171875,0.34375,156.25,70,90.0
layer1.1.conv3,conv,8,256,1,False,64.0,0,32.0,32.0,160000,0.20403233656250008,7.923911139277485,0.030952777887802676,10.674288833407804,0.041696440755499234,4.608658247660822,0.018002571279925085,10.279180963128653,10,256,0.890541184982007,156,9,12,20,36,0.03515625,0.046875,0.078125,0.140625,625.0,256.0,10000.0,0.0030720111638000884,4.321218501530046,0.016879759771601742,6.043379650352566,0.023606951759189712,2.6050221744597315,0.010175867868983326,9.246109513048713,10.0,256.0,0.917263301068197,160.0,5.0,8.0,13.0,24.0,0.01953125,0.03125,0.05078125,0.09375,39.0625,70,90.0
layer1.1,block,9,256,1,False,,0,32.0,32.0,160000,3.9125896531492583,16.63290251077907,0.06497227543273074,31.180449412464775,0.12179863051744053,6.8692254429913815,0.026832911886685084,2.354940864719013,10,256,0.839054992011852,253,33,54,131,221,0.12890625,0.2109375,0.51171875,0.86328125,625.0,256.0,10000.0,0.2981973213799014,5.275688317685563,0.02060815749095923,8.730108544862443,0.03410198650336892,2.8356546095307387,0.011076775818479448,3.6374578892545926,10.0,256.0,0.43716944404338776,253.0,8.0,13.0,30.0,93.0,0.03125,0.05078125,0.1171875,0.36328125,39.0625,70,90.0
layer1.2.conv1,conv,10,64,1,False,64.0,0,32.0,32.0,160000,1.0303019389831045,3.92930004039632,0.0613953131311925,5.743549199644204,0.08974295624444069,2.4239380080674526,0.03787403137605395,4.543603669446581,10,64,0.9678537860396793,64,6,7,13,29,0.09375,0.109375,0.203125,0.453125,2500.0,64.0,10000.0,0.014595915376738119,3.9412758733190993,0.06158243552061093,6.188992152705453,0.09670300238602271,2.3333657611725545,0.03645884001832116,5.505083042435778,10.0,64.0,0.9819565239417172,64.0,7.0,9.0,14.0,26.0,0.109375,0.140625,0.21875,0.40625,156.25,70,90.0
layer1.2.conv2,conv,11,64,1,False,64.0,0,32.0,32.0,160000,1.795335336980274,7.806741629369255,0.12198033795889461,10.058618858047542,0.15716591965699284,4.747327949091569,0.07417699920455577,4.5149005625125955,10,64,0.9814320011130315,64,8,10,17,34,0.125,0.15625,0.265625,0.53125,2500.0,64.0,10000.0,0.0039746265770803195,2.8679159999817774,0.04481118749971527,4.415417393071106,0.06899089676673603,1.848639613096095,0.028884993954626483,5.21286153124996,10.0,64.0,0.9738562808391108,64.0,4.0,6.0,12.0,23.0,0.0625,0.09375,0.1875,0.359375,156.25,70,90.0
layer1.2.conv3,conv,12,256,1,False,64.0,0,32.0,32.0,160000,0.20389087511008447,7.2532247009178175,0.028332908987960224,11.050148996044506,0.04316464451579885,3.510661641348889,0.013713522036519097,10.590340811597207,10,256,0.9157868109960807,156,11,14,21,34,0.04296875,0.0546875,0.08203125,0.1328125,625.0,256.0,10000.0,0.012700167952106984,1.7484117693136485,0.0068297334738814395,2.6680555867175815,0.010422092135615553,1.341345071708661,0.005239629186361957,8.214424989783936,10.0,256.0,0.9613486556199561,157.0,3.0,5.0,6.0,12.0,0.01171875,0.01953125,0.0234375,0.046875,39.0625,70,90.0
layer1.2,block,13,256,1,False,,0,32.0,32.0,160000,4.270920715399988,23.709048717086475,0.09261347155111904,42.70190120131065,0.16680430156761972,10.04144137522275,0.039224380371963866,2.118074468236032,10,256,0.9854379700579077,256,45,73,160,236,0.17578125,0.28515625,0.625,0.921875,625.0,256.0,10000.0,0.3740045777826733,5.994426237967879,0.023415727492062027,10.17438708521999,0.03974369955164059,3.0114675907366455,0.011763545276315021,2.9396272713004343,10.0,256.0,0.997037435394248,256.0,10.0,15.0,33.0,105.0,0.0390625,0.05859375,0.12890625,0.41015625,39.0625,70,90.0
layer2.0.conv1,conv,14,128,1,False,128.0,0,32.0,32.0,160000,2.058739593533872,7.71281327848911,0.06025635373819617,10.475066171953317,0.08183645446838529,4.712117158633049,0.036813415301820696,4.9977940503330025,10,128,0.9831419854027922,128,9,13,22,39,0.0703125,0.1015625,0.171875,0.3046875,1250.0,128.0,10000.0,0.157174621613596,3.0892598694533255,0.024134842730104106,5.145981818788954,0.0402029829592887,1.8984292647386898,0.014831478630771014,5.87083338559434,10.0,128.0,0.9922921922778861,128.0,6.0,8.0,14.0,24.0,0.046875,0.0625,0.109375,0.1875,78.125,70,90.0
layer2.0.conv2,conv,15,128,1,False,128.0,0,16.0,16.0,160000,4.314963760262915,11.613550928277464,0.09073086662716769,16.747781827427012,0.13084204552677353,6.2443839305500894,0.048784249457422574,4.041545963982439,10,128,0.9770779915516157,128,14,19,37,70,0.109375,0.1484375,0.2890625,0.546875,1250.0,128.0,10000.0,0.3448463930461729,3.9123734323174775,0.030565417439980293,5.47386373517387,0.04276456043104586,2.414997996433403,0.01886717184713596,4.6553075111407844,10.0,128.0,0.9862008496464045,128.0,5.0,6.0,12.0,25.0,0.0390625,0.046875,0.09375,0.1953125,78.125,70,90.0
layer2.0.conv3,conv,16,512,1,False,128.0,0,16.0,16.0,160000,0.7187421972752065,11.12286632407386,0.021724348289206757,15.34810070754708,0.02997675919442789,5.886097161340759,0.01149628351824367,8.275903443711618,10,512,0.8941640704134985,313,13,17,29,61,0.025390625,0.033203125,0.056640625,0.119140625,312.5,512.0,10000.0,0.05766268313722187,4.109546766750352,0.008026458528809281,5.961227947176732,0.011643023334329554,2.452346288340419,0.004789738844414881,6.979885613009293,10.0,512.0,0.9407293166710872,317.0,5.0,7.0,14.0,30.0,0.009765625,0.013671875,0.02734375,0.05859375,19.53125,70,90.0
layer2.0.downsample.0,conv,17,512,1,False,256.0,0,16.0,16.0,160000,3.426525374121231,11.19465466115186,0.021864559885062227,15.740689973153055,0.03074353510381456,5.460944701165873,0.010665907619464596,6.806241013829177,10,512,0.8484659795255067,377,14,18,31,63,0.02734375,0.03515625,0.060546875,0.123046875,312.5,512.0,10000.0,0.543067453419532,4.2552553517040845,0.00831104560879704,6.416015477749717,0.012531280229979916,2.4089107299965287,0.00470490376952447,5.962732794728127,10.0,512.0,0.945782638660301,381.0,6.0,8.0,15.0,29.0,0.01171875,0.015625,0.029296875,0.056640625,19.53125,70,90.0
layer2.0,block,18,512,1,False,,0,16.0,16.0,160000,7.494338310657867,22.58600738051001,0.044113295665058616,45.64543471921349,0.08915123968596385,8.749819242067646,0.017089490707163372,2.22958433623745,10,512,0.42811778695669356,510,51,95,263,450,0.099609375,0.185546875,0.513671875,0.87890625,312.5,512.0,10000.0,0.9328861960762141,5.8028087901766545,0.011333610918313778,10.699740382154475,0.02089793043389546,2.886759716551967,0.005638202571390561,2.641134573715516,10.0,512.0,0.8097755247158356,510.0,10.0,16.0,48.0,196.0,0.01953125,0.03125,0.09375,0.3828125,19.53125,70,90.0
layer2.1.conv1,conv,19,128,1,False,128.0,0,16.0,16.0,160000,1.9460226365554902,7.250042383718408,0.05664095612280006,10.27816142739927,0.0802981361515568,4.337953674861433,0.033890263084854946,4.5839581050648,10,128,0.9907706106394849,128,9,12,22,42,0.0703125,0.09375,0.171875,0.328125,1250.0,128.0,10000.0,0.4520728108494971,3.3447935168952925,0.026131199350744472,4.71205872559525,0.036812958793712894,2.1216724787650225,0.01657556624035174,5.136137802859112,10.0,128.0,0.993260110077379,128.0,4.0,6.0,11.0,21.0,0.03125,0.046875,0.0859375,0.1640625,78.125,70,90.0
layer2.1.conv2,conv,20,128,1,False,128.0,0,16.0,16.0,160000,1.4887318595500756,15.705213552480853,0.12269698087875666,22.330928476773973,0.17446037872479667,7.852595438415619,0.061348401862622026,3.7008873715056883,10,128,0.973289933073756,128,19,26,48,85,0.1484375,0.203125,0.375,0.6640625,1250.0,128.0,10000.0,0.16142832837912582,4.604910296390496,0.03597586169055075,6.275845478322424,0.049030042799393936,3.0772220427790673,0.024040797209211463,4.752378036947903,10.0,128.0,0.9840151858224657,128.0,5.0,8.0,17.0,33.0,0.0390625,0.0625,0.1328125,0.2578125,78.125,70,90.0
layer2.1.conv3,conv,21,512,1,False,128.0,0,16.0,16.0,160000,0.22291250777515714,12.69386465125295,0.024792704396978418,18.207546188176007,0.035561613648781264,6.525591602278179,0.012745296098199568,8.656091491521993,10,512,0.8617183232614882,312,16,21,40,81,0.03125,0.041015625,0.078125,0.158203125,312.5,512.0,10000.0,0.015572794899839157,5.146790847673652,0.010052325874362602,8.107098124336826,0.015834176024095363,3.1080088885519426,0.006070329860453013,7.794217651403995,10.0,512.0,0.9014143098620115,318.0,8.0,12.0,24.0,51.0,0.015625,0.0234375,0.046875,0.099609375,19.53125,70,90.0
layer2.1,block,22,512,1,False,,0,16.0,16.0,160000,7.927710790873998,31.135004405493255,0.060810555479479014,63.708996331941044,0.12443163346082235,11.314656691511813,0.02209893885060901,1.8957881870757687,10,512,0.9730869919858036,511,76,137,323,473,0.1484375,0.267578125,0.630859375,0.923828125,312.5,512.0,10000.0,0.7406062859678075,6.902421677789595,0.013481292339432802,13.888873587165662,0.027126706224932934,3.1298591159605613,0.006113006085860471,2.5029620065722162,10.0,512.0,0.6398931296959931,511.0,14.0,24.0,80.0,282.0,0.02734375,0.046875,0.15625,0.55078125,19.53125,70,90.0
layer2.2.conv1,conv,23,128,1,False,128.0,0,16.0,16.0,160000,1.774758294531193,10.11403880699685,0.0790159281796629,14.9004124948963,0.11640947261637734,4.892275941024229,0.03822090578925179,4.135014856623083,10,128,0.9861821659837371,128,13,18,31,62,0.1015625,0.140625,0.2421875,0.484375,1250.0,128.0,10000.0,0.12421618641793719,5.979919157657401,0.04671811841919844,8.853697204279213,0.06916950940843135,3.4698445681968937,0.027108160689038232,4.653557002256063,10.0,128.0,0.9863752880121466,128.0,8.0,11.0,21.0,40.0,0.0625,0.0859375,0.1640625,0.3125,78.125,70,90.0
layer2.2.conv2,conv,24,128,1,False,128.0,0,16.0,16.0,160000,1.2862185586149717,19.862533836258347,0.15517604559576834,29.98282720589306,0.23424083754603953,8.277369145163474,0.06466694644658964,3.1166620251793153,10,128,0.9637352933871018,128,27,37,65,105,0.2109375,0.2890625,0.5078125,0.8203125,1250.0,128.0,10000.0,0.054936699180408805,4.998328993023565,0.0390494452579966,7.501136851835453,0.058602631654964474,2.895716440433559,0.02262278469088718,3.947764319806735,10.0,128.0,0.9730413424548129,128.0,7.0,10.0,22.0,50.0,0.0546875,0.078125,0.171875,0.390625,78.125,70,90.0
layer2.2.conv3,conv,25,512,1,False,128.0,0,16.0,16.0,160000,0.19500691852098406,13.356295866386777,0.026086515364036673,20.948858860311624,0.04091573996154614,7.126261839907364,0.01391848015606907,8.854091025451641,10,512,0.830340430990436,308,19,28,56,100,0.037109375,0.0546875,0.109375,0.1953125,312.5,512.0,10000.0,0.014596155349268473,2.1133566306532208,0.004127649669244572,3.6663072681398714,0.007160756383085686,1.5016200663846735,0.0029328516921575654,7.507551372825511,10.0,512.0,0.8869306515737354,320.0,4.0,7.0,20.0,53.0,0.0078125,0.013671875,0.0390625,0.103515625,19.53125,70,90.0
layer2.2,block,26,512,1,False,,0,16.0,16.0,160000,8.187308758630559,40.09685843263084,0.07831417662623211,83.35511381796152,0.1628029566757061,14.853924632840881,0.029011571548517346,1.7345839490884514,10,512,0.985406717735361,512,106,185,371,487,0.20703125,0.361328125,0.724609375,0.951171875,312.5,512.0,10000.0,0.63170827618831,8.158725824419403,0.015935011375819146,16.687086279470062,0.032591965389589965,3.492593146227931,0.006821470988726428,2.245706996141502,10.0,512.0,0.9944210988501889,512.0,17.0,31.0,109.0,343.0,0.033203125,0.060546875,0.212890625,0.669921875,19.53125,70,90.0
layer2.3.conv1,conv,27,128,1,False,128.0,0,16.0,16.0,160000,1.6258369116591993,10.826784485623275,0.08458425379393184,16.839194658673026,0.13155620827088302,5.200264385563523,0.040627065512215024,3.7604474987238676,10,128,0.9810913954455789,128,16,22,39,76,0.125,0.171875,0.3046875,0.59375,1250.0,128.0,10000.0,0.07513675628574505,7.659779679260774,0.0598420287442248,11.380708626991785,0.08891178614837332,4.42284204870599,0.034553453505515544,4.253282587714656,10.0,128.0,0.9824339411436179,128.0,10.0,15.0,28.0,53.0,0.078125,0.1171875,0.21875,0.4140625,78.125,70,90.0
layer2.3.conv2,conv,28,128,1,False,128.0,0,16.0,16.0,160000,1.2067828019369062,18.64847939636004,0.14569124528406283,28.390994577731956,0.2218046451385309,9.420436880612018,0.07359716312978139,2.978221402951847,10,128,0.970921644399311,128,26,36,66,108,0.203125,0.28125,0.515625,0.84375,1250.0,128.0,10000.0,0.021308874360257628,6.318784395216107,0.049365503087625835,9.655104157608958,0.07543050123131999,3.919942644546252,0.030624551910517595,3.68357289289614,10.0,128.0,0.9728546813175011,128.0,9.0,14.0,30.0,64.0,0.0703125,0.109375,0.234375,0.5,78.125,70,90.0
layer2.3.conv3,conv,29,512,1,False,128.0,0,16.0,16.0,160000,0.12578118149887996,13.246788887388684,0.025872634545681023,22.048591061514912,0.04306365441702131,5.373389193793428,0.010494900769127789,8.910110941764826,10,512,0.83496661117478,311,21,30,57,99,0.041015625,0.05859375,0.111328125,0.193359375,312.5,512.0,10000.0,0.003035554393206033,3.40395069785891,0.006648341206755683,6.953553868936922,0.013581159900267425,1.9525991028645735,0.00381367012278237,8.041619640207054,10.0,512.0,0.8727512866532844,320.0,9.0,14.0,30.0,69.0,0.017578125,0.02734375,0.05859375,0.134765625,19.53125,70,90.0
layer2.3,block,30,512,1,False,,0,16.0,16.0,160000,8.22137726879002,47.73968549299392,0.09324157322850375,101.04590334808516,0.19735527997672883,16.715025244111377,0.03264653367990503,1.6292421423084058,10,512,0.9834702285254916,512,133,221,399,493,0.259765625,0.431640625,0.779296875,0.962890625,312.5,512.0,10000.0,0.5640438290478474,9.015406877645624,0.01760821655790161,18.914482117321917,0.03694234788539437,3.722822392330182,0.007271137485019887,2.1497418695875723,10.0,512.0,0.9949433150856307,512.0,20.0,37.0,135.0,379.0,0.0390625,0.072265625,0.263671875,0.740234375,19.53125,70,90.0
layer3.0.conv1,conv,31,256,1,False,256.0,0,16.0,16.0,160000,4.344295499308863,17.85334766648491,0.06973963932220668,26.357473343679217,0.10295888024874694,8.576427945779406,0.033501671663200804,3.8372214454810947,10,256,0.9804440544861736,256,23,30,53,114,0.08984375,0.1171875,0.20703125,0.4453125,625.0,256.0,10000.0,0.382503343301092,7.277938872881688,0.028429448722194092,11.828924944027863,0.04620673806260884,3.3611748969230444,0.013129589441105642,4.349312631650049,10.0,256.0,0.988688784026813,256.0,11.0,15.0,29.0,57.0,0.04296875,0.05859375,0.11328125,0.22265625,39.0625,70,90.0
layer3.0.conv2,conv,32,256,1,False,256.0,0,8.0,8.0,160000,8.230763813559088,20.14139298840532,0.07867731636095829,35.44263771676732,0.13844780358112235,7.516247807758084,0.029360342999055017,2.8761949055749283,10,256,0.9714975746547336,256,35,50,102,193,0.13671875,0.1953125,0.3984375,0.75390625,625.0,256.0,10000.0,0.9125561131563589,8.18726687281235,0.03198151122192324,12.591278286832313,0.049184680807938724,4.550585025051212,0.017775722754106296,3.324529537385374,10.0,256.0,0.9909625920908398,256.0,11.0,16.0,34.0,96.0,0.04296875,0.0625,0.1328125,0.375,39.0625,70,90.0
layer3.0.conv3,conv,33,1024,1,False,256.0,0,8.0,8.0,160000,1.789555319576348,19.773999894910038,0.019310546772373084,30.594690714450138,0.029877627650830213,8.289145716313584,0.008094868863587484,7.377959046042128,10,1024,0.8438379608442216,618,28,37,73,166,0.02734375,0.0361328125,0.0712890625,0.162109375,156.25,1024.0,10000.0,0.20526315318300076,9.070564430521122,0.008857973076680783,13.92559029538512,0.013599209272837032,4.839034601218002,0.004725619727751955,6.848819776919809,10.0,1024.0,0.8793898626570977,636.0,13.0,18.0,35.0,92.0,0.0126953125,0.017578125,0.0341796875,0.08984375,9.765625,70,90.0
layer3.0.downsample.0,conv,34,1024,1,False,512.0,0,8.0,8.0,160000,4.763507718755229,18.632284224347742,0.018195590062839592,29.21903454409197,0.028534213421964813,8.582802554149538,0.008381643119286658,5.932613131752809,10,1024,0.774068665823727,755,26,37,74,189,0.025390625,0.0361328125,0.072265625,0.1845703125,156.25,1024.0,10000.0,0.5249680739041638,6.990233229814583,0.006826399638490804,12.104162290122554,0.011820470986447807,3.242905462716305,0.003166899865933892,5.68935134950567,10.0,1024.0,0.8278196660575994,764.0,11.0,17.0,40.0,98.0,0.0107421875,0.0166015625,0.0390625,0.095703125,9.765625,70,90.0
layer3.0,block,35,1024,1,False,,0,8.0,8.0,160000,13.094473143537376,34.97512635650265,0.03415539683252212,81.18117405363805,0.0792784902867559,12.219610200855701,0.011933213086773146,1.870692885139666,10,1024,0.5479254562041637,1018,112,227,611,926,0.109375,0.2216796875,0.5966796875,0.904296875,156.25,1024.0,10000.0,1.3449185256967024,11.430822991565119,0.011162913077700311,22.716945774521157,0.022184517357930818,4.948989997147876,0.004832998044089723,2.245882250693003,10.0,1024.0,0.46568042962811196,1017.0,23.0,46.0,207.0,698.0,0.0224609375,0.044921875,0.2021484375,0.681640625,9.765625,70,90.0
layer3.1.conv1,conv,36,256,1,False,256.0,0,8.0,8.0,160000,3.7651287930587745,11.443823043596897,0.04470243376405038,17.217119460225128,0.0672543728915044,5.633651056251426,0.022006449438482133,3.8665135253091134,10,256,0.9947178761980542,256,16,21,37,79,0.0625,0.08203125,0.14453125,0.30859375,625.0,256.0,10000.0,0.49633440956726127,6.955495990907402,0.02716990621448204,10.155777407810586,0.0396710054992601,3.9055262519142104,0.015255961921539885,4.1949093453012125,10.0,256.0,0.9962094541328519,256.0,9.0,12.0,24.0,47.0,0.03515625,0.046875,0.09375,0.18359375,39.0625,70,90.0
layer3.1.conv2,conv,37,256,1,False,256.0,0,8.0,8.0,160000,2.89549895214615,24.594636556840328,0.09607279905015753,38.810367109366105,0.15160299652096135,11.643395380279737,0.04548201320421772,3.029058833490146,10,256,0.9616785659864288,256,36,52,102,184,0.140625,0.203125,0.3984375,0.71875,625.0,256.0,10000.0,0.26333597187765195,6.7804644660383175,0.026486189320462178,10.42959438766987,0.04074060307683543,3.7834986736702034,0.014779291694024232,3.731767474734147,10.0,256.0,0.9790915035376074,256.0,9.0,15.0,34.0,80.0,0.03515625,0.05859375,0.1328125,0.3125,39.0625,70,90.0
layer3.1.conv3,conv,38,1024,1,False,256.0,0,8.0,8.0,160000,0.4554264929973359,18.027447582685003,0.017604929279965823,29.5752859589236,0.02888211519426133,8.207320076761427,0.00801496101246233,7.43500797178114,10,1024,0.8220830053896416,625,27,41,96,192,0.0263671875,0.0400390625,0.09375,0.1875,156.25,1024.0,10000.0,0.02868585787697744,8.245055722162551,0.008051812228674366,14.162941218588077,0.01383099728377742,4.640040944534418,0.004531289984896892,7.174652498699568,10.0,1024.0,0.846695355544703,637.0,15.0,23.0,56.0,140.0,0.0146484375,0.0224609375,0.0546875,0.13671875,9.765625,70,90.0
layer3.1,block,39,1024,1,False,,0,8.0,8.0,160000,13.418359200210459,51.26392840777606,0.05006243008571881,122.54823640411205,0.11967601211339067,17.314158719631685,0.016908358124640317,1.5934185729203505,10,1024,0.9883815249663367,1024,185,349,745,975,0.1806640625,0.3408203125,0.7275390625,0.9521484375,156.25,1024.0,10000.0,1.0843951702469228,13.900296016351364,0.013574507828468129,30.942998390173102,0.03021777186540342,5.709713649570644,0.005575892235908832,1.864403070546229,10.0,1024.0,0.9919214746182431,1024.0,37.0,82.0,358.0,839.0,0.0361328125,0.080078125,0.349609375,0.8193359375,9.765625,70,90.0
layer3.2.conv1,conv,40,256,1,False,256.0,0,8.0,8.0,160000,3.6738451122549813,19.244632843540707,0.07517434704508089,27.790610140579048,0.1085570708616369,9.864196151002323,0.038532016214852825,3.431442383728832,10,256,0.9907880802507557,256,24,32,59,136,0.09375,0.125,0.23046875,0.53125,625.0,256.0,10000.0,0.281696388439095,10.430513563238272,0.0407441936063995,16.283620753936084,0.06360789357006283,5.415263082985816,0.021153371417913343,3.713205969491845,10.0,256.0,0.9922681090107576,256.0,15.0,22.0,40.0,89.0,0.05859375,0.0859375,0.15625,0.34765625,39.0625,70,90.0
layer3.2.conv2,conv,41,256,1,False,256.0,0,8.0,8.0,160000,1.927652118966486,35.15777725447045,0.1373350674002752,56.94436007899363,0.22243890655856888,13.784130865861304,0.05384426119477072,2.5002869424403857,10,256,0.9594568989480857,256,54,78,144,225,0.2109375,0.3046875,0.5625,0.87890625,625.0,256.0,10000.0,0.11397428588374177,10.107613657843483,0.03948286585095111,16.62133885800888,0.06492710491409719,5.437129598251898,0.021238787493171478,3.1596096154953157,10.0,256.0,0.9798724400829606,256.0,16.0,25.0,57.0,136.0,0.0625,0.09765625,0.22265625,0.53125,39.0625,70,90.0
layer3.2.conv3,conv,42,1024,1,False,256.0,0,8.0,8.0,160000,0.26989872043323326,22.27222432853736,0.021750219070837264,40.77304639393366,0.03981742811907584,7.495294296860667,0.007319623336777995,7.7338980745820365,10,1024,0.7988612222754755,622,40,62,134,219,0.0390625,0.060546875,0.130859375,0.2138671875,156.25,1024.0,10000.0,0.012956071937847447,9.463017175284032,0.009241227710238312,19.225830801806865,0.018775225392389516,3.9694349226340524,0.003876401291634817,7.489183897415795,10.0,1024.0,0.8203237512012009,638.0,22.0,34.0,85.0,185.0,0.021484375,0.033203125,0.0830078125,0.1806640625,9.765625,70,90.0
layer3.2,block,43,1024,1,False,,0,8.0,8.0,160000,13.067136689093616,67.18897891724693,0.06561423722387395,164.94343074532412,0.1610775690872306,20.989966302566536,0.020498013967350133,1.4684062348401548,10,1024,0.9898862392186241,1024,262,453,820,993,0.255859375,0.4423828125,0.80078125,0.9697265625,156.25,1024.0,10000.0,0.9328252356128193,15.916465551996266,0.015543423390621354,38.66379364061889,0.037757610977166886,6.254564286950747,0.006107972936475339,1.7473898093612013,10.0,1024.0,0.9931200391729575,1024.0,52.0,123.0,475.0,900.0,0.05078125,0.1201171875,0.4638671875,0.87890625,9.765625,70,90.0
layer3.3.conv1,conv,44,256,1,False,256.0,0,8.0,8.0,160000,3.2088612732664865,22.617257742874802,0.0883486630581047,33.59693310153682,0.1312380199278782,10.773324878906976,0.042083300308230376,3.1659557115038073,10,256,0.9861849686683568,256,30,40,76,168,0.1171875,0.15625,0.296875,0.65625,625.0,256.0,10000.0,0.22968565896065093,11.119417959750058,0.04343522640527366,18.137129829390013,0.07084816339605474,5.68158558012079,0.022193693672346835,3.4289795929406166,10.0,256.0,0.9899280825945581,256.0,18.0,26.0,50.0,115.0,0.0703125,0.1015625,0.1953125,0.44921875,39.0625,70,90.0
layer3.3.conv2,conv,45,256,1,False,256.0,0,8.0,8.0,160000,1.5648167240786888,31.493254737980937,0.12302052632023804,54.65550384091171,0.21349806187856138,10.528647208497771,0.04112752815819442,2.3878679878654174,10,256,0.9631701774465549,256,54,80,151,229,0.2109375,0.3125,0.58984375,0.89453125,625.0,256.0,10000.0,0.08757639771976675,9.106028283569064,0.035570422982691655,16.93449483411067,0.0661503704457448,4.047664160620028,0.015811188127421983,3.065339098864545,10.0,256.0,0.9767239660207233,256.0,18.0,28.0,65.0,148.0,0.0703125,0.109375,0.25390625,0.578125,39.0625,70,90.0
layer3.3.conv3,conv,46,1024,1,False,256.0,0,8.0,8.0,160000,0.20359232681564035,22.181087761567497,0.02166121851715576,38.460093876293705,0.03755868542606807,8.682474840719333,0.008478979336639974,7.711347473763409,10,1024,0.801594161950357,622,37,57,127,216,0.0361328125,0.0556640625,0.1240234375,0.2109375,156.25,1024.0,10000.0,0.009616722131951196,9.160075546448203,0.008945386275828323,18.941352342304395,0.018497414396781636,3.991578720221289,0.0038980260939661024,7.509075207851407,10.0,1024.0,0.8238380702577631,638.0,22.0,34.0,83.0,182.0,0.021484375,0.033203125,0.0810546875,0.177734375,9.765625,70,90.0
layer3.3,block,47,1024,1,False,,0,8.0,8.0,160000,12.322506809215566,83.08128223446718,0.08113406468209686,204.48123390293554,0.1996887049833355,23.88532223454428,0.023325509994672148,1.383232916763313,10,1024,0.9895117326794326,1024,326,527,860,1001,0.318359375,0.5146484375,0.83984375,0.9775390625,156.25,1024.0,10000.0,0.816510537849177,17.738135637008362,0.01732239808301598,46.12527496696109,0.04504421383492294,6.685993969847453,0.006529290986179153,1.6719755035644654,10.0,1024.0,0.9932417176867518,1024.0,69.0,165.0,557.0,931.0,0.0673828125,0.1611328125,0.5439453125,0.9091796875,9.765625,70,90.0
layer3.4.conv1,conv,48,256,1,False,256.0,0,8.0,8.0,160000,2.8489073381949583,25.779084052127693,0.1006995470786238,39.2383607166661,0.15327484654947696,10.384151551072843,0.040563091996378295,2.9908811423049393,10,256,0.9830503386010288,256,34,47,93,189,0.1328125,0.18359375,0.36328125,0.73828125,625.0,256.0,10000.0,0.19831922297178373,12.393421752540734,0.04841180372086224,20.775073184670738,0.08115262962762007,5.555022224484698,0.02169930556439335,3.272374360588157,10.0,256.0,0.9883891908173885,256.0,20.0,30.0,59.0,136.0,0.078125,0.1171875,0.23046875,0.53125,39.0625,70,90.0
layer3.4.conv2,conv,49,256,1,False,256.0,0,8.0,8.0,160000,1.3811958038196916,33.218538003353395,0.1297599140755992,57.12556980684659,0.2231467570579945,10.89308742681656,0.04255112276100219,2.3663111430160146,10,256,0.9638355431253869,256,56,82,154,231,0.21875,0.3203125,0.6015625,0.90234375,625.0,256.0,10000.0,0.07139983835723086,12.066728441731222,0.047135657975512585,21.366893425807046,0.08346442744455877,5.372367571290189,0.0209858108253523,3.0794148337662546,10.0,256.0,0.977787351105355,256.0,21.0,32.0,72.0,157.0,0.08203125,0.125,0.28125,0.61328125,39.0625,70,90.0
layer3.4.conv3,conv,50,1024,1,False,256.0,0,8.0,8.0,160000,0.14181332785671058,21.679121215381095,0.0211710168118956,37.58957493505151,0.03670856927251124,8.361834562919467,0.008165854065351042,7.770713441256458,10,1024,0.8067836179283072,613,36,55,120,209,0.03515625,0.0537109375,0.1171875,0.2041015625,156.25,1024.0,10000.0,0.006951526591225679,11.612737387088696,0.011340563854578805,21.7067229153829,0.021197971597053614,4.7098861097348195,0.00459949815403791,7.578495894905683,10.0,1024.0,0.8308219651291125,637.0,22.0,33.0,79.0,174.0,0.021484375,0.0322265625,0.0771484375,0.169921875,9.765625,70,90.0
layer3.4,block,51,1024,1,False,,0,8.0,8.0,160000,11.459468004742286,97.56419624144138,0.0952775353920326,238.20825417921262,0.23262524822188732,25.60875216790941,0.025008547038974035,1.326599146870325,10,1024,0.9882382921414541,1024,374,576,882,1005,0.365234375,0.5625,0.861328125,0.9814453125,156.25,1024.0,10000.0,0.73878710603263,19.878264821962553,0.019412367990197806,53.265192394887926,0.05201678944813274,7.396666176638637,0.007223306813123669,1.6303625487369102,10.0,1024.0,0.9931118989574338,1024.0,84.0,197.0,607.0,946.0,0.08203125,0.1923828125,0.5927734375,0.923828125,9.765625,70,90.0
layer3.5.conv1,conv,52,256,1,False,256.0,0,8.0,8.0,160000,2.247391028873882,27.324544146727337,0.10673650057315366,42.37384305243188,0.16552282442356203,10.433025103352366,0.04075400430997018,2.8898326017134015,10,256,0.9799181176973536,256,38,52,103,199,0.1484375,0.203125,0.40234375,0.77734375,625.0,256.0,10000.0,0.15591551292402347,12.911345753580106,0.05043494434992229,22.534797014331794,0.08802655083723357,5.496332554240616,0.021470049040002406,3.2069435477419272,10.0,256.0,0.9854365259517328,256.0,23.0,34.0,65.0,147.0,0.08984375,0.1328125,0.25390625,0.57421875,39.0625,70,90.0
layer3.5.conv2,conv,53,256,1,False,256.0,0,8.0,8.0,160000,1.173865420812833,26.394464574018002,0.10310337724225782,48.007982267948655,0.18753118073417444,8.764977380009505,0.03423819289066213,2.4958249416574105,10,256,0.9621290061022332,256,48,72,139,222,0.1875,0.28125,0.54296875,0.8671875,625.0,256.0,10000.0,0.06733114597078102,9.858530993674838,0.03850988669404234,19.519054300765106,0.0762463058623637,3.969121637877564,0.015504381397959234,3.2968921514783145,10.0,256.0,0.977211145902381,256.0,21.0,31.0,63.0,142.0,0.08203125,0.12109375,0.24609375,0.5546875,39.0625,70,90.0
layer3.5.conv3,conv,54,1024,1,False,256.0,0,8.0,8.0,160000,0.16144885674068782,12.139410624051528,0.01185489318755032,22.383641170581406,0.021859024580645904,5.025002334062198,0.004907228841857615,7.337398240832112,10,1024,0.8427312939814289,621,22,33,75,166,0.021484375,0.0322265625,0.0732421875,0.162109375,156.25,1024.0,10000.0,0.011486415527608896,6.917293334257868,0.0067551692717362,13.098603997284865,0.012791605466098501,3.3814002878745635,0.0033021487186275034,7.097018514567145,10.0,1024.0,0.8684005733679142,634.0,14.0,21.0,42.0,115.0,0.013671875,0.0205078125,0.041015625,0.1123046875,9.765625,70,90.0
layer3.5,block,55,1024,1,False,,0,8.0,8.0,160000,10.749206608955344,104.09347006991898,0.10165377936515525,255.76674450336222,0.24977221142906467,27.35859470500235,0.026717377641603857,1.295974021050495,10,1024,0.9866078678034441,1024,398,599,892,1006,0.388671875,0.5849609375,0.87109375,0.982421875,156.25,1024.0,10000.0,0.7060565987520969,22.069363547004446,0.02155211283887153,58.15543657430826,0.05679241852959791,8.20492200344351,0.008012619143987803,1.620234178036629,10.0,1024.0,0.9927217452299355,1024.0,91.0,212.0,626.0,950.0,0.0888671875,0.20703125,0.611328125,0.927734375,9.765625,70,90.0
layer4.0.conv1,conv,56,512,1,False,512.0,0,8.0,8.0,160000,3.4578566604297514,22.90593592817008,0.04473815610970719,37.61745981513821,0.07347160120144182,8.454892230926735,0.01651346138852878,3.044487179115046,10,512,0.9787755541631953,512,34,48,107,276,0.06640625,0.09375,0.208984375,0.5390625,312.5,512.0,10000.0,0.36677324679325574,12.129191994226222,0.02368982811372309,19.37741962755069,0.03784652271005994,5.8450216469851055,0.011416057904267784,3.3578455820999795,10.0,512.0,0.9868998187140817,512.0,19.0,26.0,51.0,145.0,0.037109375,0.05078125,0.099609375,0.283203125,19.53125,70,90.0
layer4.0.conv2,conv,57,512,1,False,512.0,0,4.0,4.0,160000,3.737736029085624,19.79972862630841,0.038671344973258616,32.9045595349064,0.06426671784161406,8.175332686658843,0.015967446653630552,2.998908555601432,10,512,0.9766521749086107,512,29,44,113,271,0.056640625,0.0859375,0.220703125,0.529296875,312.5,512.0,10000.0,0.7687717235116084,10.23315416904861,0.019986629236423067,15.827200453036475,0.030912500884836866,4.719892849472549,0.009218540721626072,3.1940585398693164,10.0,512.0,0.9859892479248474,512.0,14.0,19.0,40.0,139.0,0.02734375,0.037109375,0.078125,0.271484375,19.53125,70,90.0
layer4.0.conv3,conv,58,2048,1,False,512.0,0,4.0,4.0,160000,0.7486257809383511,13.39349785269514,0.0065397938733862985,18.00161446306023,0.008789850812041127,6.82304978257181,0.0033315672766463917,5.3499713653448335,10,2048,0.9525513316402755,1256,16,20,30,60,0.0078125,0.009765625,0.0146484375,0.029296875,78.125,2048.0,10000.0,0.21974620603829806,8.843387050857867,0.004318060083426693,11.916607162020114,0.005818655840830134,4.529672939947187,0.0022117543652085876,4.759417002706474,10.0,2048.0,0.9763595298506306,1271.0,10.0,13.0,21.0,35.0,0.0048828125,0.00634765625,0.01025390625,0.01708984375,4.8828125,70,90.0
layer4.0.downsample.0,conv,59,2048,1,False,1024.0,0,4.0,4.0,160000,1.3256934456469545,17.85631181108822,0.00871890225150792,27.445007829010077,0.013400882729008827,8.186888552769402,0.003997504176156934,5.245697342859221,10,2048,0.7489688014986924,1515,24,33,75,277,0.01171875,0.01611328125,0.03662109375,0.13525390625,78.125,2048.0,10000.0,0.22111821488744868,9.201841345415477,0.004493086594441151,15.356774944656264,0.007498425265945441,4.2459488696250585,0.0020732172214966106,5.01043705150561,10.0,2048.0,0.7872453965917785,1529.0,15.0,21.0,44.0,161.0,0.00732421875,0.01025390625,0.021484375,0.07861328125,4.8828125,70,90.0
layer4.0,block,60,2048,1,False,,0,4.0,4.0,160000,28.88740482759308,16.98467851916941,0.008293300058188189,30.562322368240956,0.014923008968867654,7.248962203658468,0.0035395323260051115,1.7977153499376484,10,2048,0.9927089154390182,2048,25,47,296,1401,0.01220703125,0.02294921875,0.14453125,0.68408203125,78.125,2048.0,10000.0,7.264403241385977,9.40817298608408,0.0045938344658613675,15.314365000186957,0.0074777172852475374,4.465119645077673,0.0021802342016980824,1.967186073187774,10.0,2048.0,0.9903540021541853,2048.0,13.0,20.0,70.0,660.0,0.00634765625,0.009765625,0.0341796875,0.322265625,4.8828125,70,90.0
layer4.1.conv1,conv,61,512,1,False,512.0,0,4.0,4.0,160000,5.708555011761605,12.364600607267514,0.024149610561069363,17.390690796082147,0.033966192961097944,5.1640675435051895,0.010086069420908573,4.643246958976092,10,512,0.9920364996180909,512,16,19,25,36,0.03125,0.037109375,0.048828125,0.0703125,312.5,512.0,10000.0,1.1549502031553016,10.39543795899798,0.02030358976366793,14.296917104307578,0.02792366621935074,5.142172184424138,0.010043305047703394,4.841186403771557,10.0,512.0,0.9911240905397091,512.0,13.0,16.0,23.0,31.0,0.025390625,0.03125,0.044921875,0.060546875,19.53125,70,90.0
layer4.1.conv2,conv,62,512,1,False,512.0,0,4.0,4.0,160000,1.0775944590140771,16.14946494348583,0.031541923717745765,29.38061427390876,0.057384012253728044,6.350620991475898,0.012403556623976363,4.098638329014251,10,512,0.9600905731627546,512,29,43,86,166,0.056640625,0.083984375,0.16796875,0.32421875,312.5,512.0,10000.0,0.1404063670711031,8.991298914344345,0.017561130692078798,14.714759501669112,0.028739764651697485,4.11729790120326,0.008041597463287618,4.250850736482361,10.0,512.0,0.9871700690595092,512.0,14.0,19.0,36.0,82.0,0.02734375,0.037109375,0.0703125,0.16015625,19.53125,70,90.0
layer4.1.conv3,conv,63,2048,1,False,512.0,0,4.0,4.0,160000,0.08923840740861427,10.43573613312341,0.005095574283751665,14.360298729046708,0.007011864613792338,5.784545866747353,0.0028244852864977308,5.388602869274225,10,2048,0.950924082746325,1257,12,16,29,69,0.005859375,0.0078125,0.01416015625,0.03369140625,78.125,2048.0,10000.0,0.02998424384805139,6.846873267869556,0.003343199837826932,8.925513061605344,0.004358160674611984,4.179380173332454,0.0020407129752599874,4.656282823234475,10.0,2048.0,0.9767029552676652,1266.0,8.0,9.0,15.0,33.0,0.00390625,0.00439453125,0.00732421875,0.01611328125,4.8828125,70,90.0
layer4.1,block,64,2048,1,False,,0,4.0,4.0,160000,38.056516185560824,16.096210411572226,0.007859477740025501,29.431586397805145,0.014370891795803293,7.1305653318859195,0.0034817213534599216,1.8083862332088099,10,2048,0.9935621266823257,2048,25,47,287,1387,0.01220703125,0.02294921875,0.14013671875,0.67724609375,78.125,2048.0,10000.0,11.470594803172581,8.623119038735455,0.004210507343132546,13.524132645416794,0.006603580393269919,4.248960197873548,0.0020746875966179434,1.9796296808466833,10.0,2048.0,0.9914715403427894,2048.0,11.0,17.0,60.0,561.0,0.00537109375,0.00830078125,0.029296875,0.27392578125,4.8828125,70,90.0
layer4.2.conv1,conv,65,512,1,False,512.0,0,4.0,4.0,160000,13.816549786798042,10.012319319066235,0.01955531117005124,13.662572925049062,0.02668471274423645,4.9553224959579465,0.009678364249917864,4.7846407124387635,10,512,0.9951417746181879,512,12,15,22,32,0.0234375,0.029296875,0.04296875,0.0625,312.5,512.0,10000.0,3.8946931219299716,7.1970183481480445,0.01405667646122665,9.98788009333589,0.01950757830729666,3.491196231187312,0.006818742639037719,4.97859136040554,10.0,512.0,0.9893938011198332,481.0,9.0,11.0,18.0,26.0,0.017578125,0.021484375,0.03515625,0.05078125,19.53125,70,90.0
layer4.2.conv2,conv,66,512,1,False,512.0,0,4.0,4.0,160000,1.6803462148273822,13.81163302553745,0.026975845753002832,23.258686481633784,0.045427122034440985,6.5241083171331296,0.012742399056900644,4.371978603755795,10,512,0.9764107542238,512,23,31,59,121,0.044921875,0.060546875,0.115234375,0.236328125,312.5,512.0,10000.0,0.4550779149090957,7.145566129068174,0.013956183845836276,9.479895380574806,0.01851542066518517,3.655048031326996,0.007138765686185539,4.466502953458264,10.0,512.0,0.9838885694299392,512.0,8.0,9.0,16.0,45.0,0.015625,0.017578125,0.03125,0.087890625,19.53125,70,90.0
layer4.2.conv3,conv,67,2048,1,False,512.0,0,4.0,4.0,160000,0.22638413445099376,6.773310762391845,0.003307280645699143,8.966406471832716,0.004378128160074568,3.4656934013426044,0.0016922331061243186,4.427190412848881,10,2048,0.9840844706681693,1252,8,9,15,37,0.00390625,0.00439453125,0.00732421875,0.01806640625,78.125,2048.0,10000.0,0.1612901297969542,5.752107905136894,0.002808646438055124,7.368240850473752,0.0035977738527703867,3.0383450130623952,0.0014835669009093727,3.4797896010240366,10.0,2048.0,0.969369883308151,1220.0,7.0,8.0,9.0,13.0,0.00341796875,0.00390625,0.00439453125,0.00634765625,4.8828125,70,90.0
layer4.2,block,68,2048,1,False,,0,4.0,4.0,160000,63.71141968834582,12.60275183342975,0.00615368741866687,22.698872284855124,0.011083433732839416,5.678546505987053,0.0027727277861264907,1.81014545456267,10,2048,0.9939951142624153,2048,20,37,213,1267,0.009765625,0.01806640625,0.10400390625,0.61865234375,78.125,2048.0,10000.0,29.922280950118843,7.466899080948504,0.0036459468168693865,11.06682993281579,0.00540372555313271,3.6803397621884235,0.0017970408995060662,2.0398835673601665,10.0,2048.0,0.9925163273505241,2048.0,9.0,11.0,42.0,321.0,0.00439453125,0.00537109375,0.0205078125,0.15673828125,4.8828125,70,90.0
fc,linear,69,10,1,False,,0,,,10000,170.6647504249275,3.865139380709643,0.3865139380709643,5.691541285368773,0.5691541285368773,2.1717936133257143,0.21717936133257143,,10,10,,10,7,8,9,9,0.7,0.8,0.9,0.9,1000.0,,,,,,,,,,,,,,,,,,,,,,,,70,90.0
conv1,conv,0,64,1,False,27.0,0,32.0,32.0,160000,14.53315378820029,4.108658145594764,0.06419778352491819,5.158642698714226,0.08060379216740979,2.570048991667363,0.04015701549480254,13.356023798649753,10,64,0.9539383000508419,44,5,6,8,10,0.078125,0.09375,0.125,0.15625,2500.0,64.0,10000.0,3.0714687000017715,2.4284341177730835,0.03794428309020443,2.6947304308885855,0.04210516298263415,1.9103928343536287,0.02984988803677545,8.27230755051265,10.0,64.0,0.8660009231331611,40.0,3.0,3.0,3.0,5.0,0.046875,0.046875,0.046875,0.078125,156.25,80,92.11
layer1.0.conv1,conv,1,64,1,False,64.0,0,32.0,32.0,160000,0.21957886316710393,4.848072117675114,0.07575112683867366,6.536129384257992,0.10212702162903113,2.709316988854558,0.04233307795085247,9.067314643813715,10,64,0.947695320431666,63,6,8,10,13,0.09375,0.125,0.15625,0.203125,2500.0,64.0,10000.0,0.01808967467619702,3.4147396197392905,0.053355306558426414,4.33076621977305,0.06766822218395391,2.237637174720777,0.03496308085501214,9.42582265813718,10.0,64.0,0.968152842093083,62.0,4.0,4.0,9.0,13.0,0.0625,0.0625,0.140625,0.203125,156.25,80,92.11
layer1.0.conv2,conv,2,64,1,False,64.0,0,32.0,32.0,160000,0.5176906149517262,8.404235531493377,0.13131618017958402,11.765652302662584,0.18383831722910288,4.691367355699839,0.07330261493280998,5.31383964989544,10,64,0.9726584311272398,64,11,14,22,35,0.171875,0.21875,0.34375,0.546875,2500.0,64.0,10000.0,0.011563409652370705,2.758774936793038,0.04310585838739122,4.33052967386157,0.06766452615408704,1.7838239461999714,0.027872249159374553,5.819682062723557,10.0,64.0,0.9644278454881884,64.0,4.0,6.0,12.0,22.0,0.0625,0.09375,0.1875,0.34375,156.25,80,92.11
layer1.0.conv3,conv,3,256,1,False,64.0,0,32.0,32.0,160000,0.1931193098191799,5.861911298084595,0.02289809100814295,7.856762601198065,0.030690478910929943,3.851314732431044,0.015044198173558766,9.972778523095373,10,256,0.9081989993482903,150,7,9,15,28,0.02734375,0.03515625,0.05859375,0.109375,625.0,256.0,10000.0,0.002522229040622188,4.797910551780129,0.01874183809289113,6.471597637915389,0.02527967827310699,2.896747495692787,0.011315419905049948,9.589982463355472,10.0,256.0,0.9226510400967552,152.0,6.0,7.0,13.0,23.0,0.0234375,0.02734375,0.05078125,0.08984375,39.0625,80,92.11
layer1.0.downsample.0,conv,4,256,1,False,64.0,0,32.0,32.0,160000,0.839969934999265,5.837366990328489,0.02280221480597066,7.128159449378368,0.02784437284913425,3.6703040207432602,0.01433712508102836,8.097750264041025,10,256,0.9693714531971838,150,7,8,9,13,0.02734375,0.03125,0.03515625,0.05078125,625.0,256.0,10000.0,0.15522025581111476,2.902170422217588,0.011336603211787453,3.450769202474684,0.013479567197166734,2.1823657366565223,0.00852486615881454,7.652156369843379,10.0,256.0,0.9681153117861359,150.0,3.0,4.0,6.0,12.0,0.01171875,0.015625,0.0234375,0.046875,39.0625,80,92.11
layer1.0,block,5,256,1,False,,0,32.0,32.0,160000,2.335308249278556,14.013220025735468,0.05473914072552917,24.64754889469551,0.09627948786990434,6.625866585678563,0.025882291350306886,4.1722413189174175,10,256,0.2359999572110385,242,25,40,102,193,0.09765625,0.15625,0.3984375,0.75390625,625.0,256.0,10000.0,0.2422673514520909,4.748805136581922,0.01855002006477313,7.459123982893876,0.0291372030581792,2.7981212126620236,0.01093016098696103,4.8128799548336625,10.0,256.0,0.32706077094464103,242.0,7.0,11.0,26.0,75.0,0.02734375,0.04296875,0.1015625,0.29296875,39.0625,80,92.11
layer1.1.conv1,conv,6,64,1,False,64.0,0,32.0,32.0,160000,0.5357901678804236,5.2550105605336626,0.08210954000833848,7.361838685060615,0.11502872945407211,3.092377312940787,0.0483183955146998,5.13190370432886,10,64,0.976046582836233,64,7,9,15,27,0.109375,0.140625,0.234375,0.421875,2500.0,64.0,10000.0,0.018210308747948763,4.142532169317734,0.0647270651455896,6.130777094942868,0.09579339210848231,2.392818759901964,0.03738779312346819,5.923786269077418,10.0,64.0,0.9805621528304361,64.0,6.0,8.0,13.0,23.0,0.09375,0.125,0.203125,0.359375,156.25,80,92.11
layer1.1.conv2,conv,7,64,1,False,64.0,0,32.0,32.0,160000,0.6144213696534228,10.618789520946681,0.1659185862647919,14.574706691482536,0.22772979205441463,5.311426837822781,0.08299104434098095,4.401393789974539,10,64,0.9561505327399534,64,12,16,27,45,0.1875,0.25,0.421875,0.703125,2500.0,64.0,10000.0,0.01169133612225842,3.08101794104241,0.048140905328787655,4.67075383226078,0.07298052862907468,1.94244289022915,0.030350670159830468,5.143564358696132,10.0,64.0,0.9709328808598038,64.0,5.0,6.0,11.0,23.0,0.078125,0.09375,0.171875,0.359375,156.25,80,92.11
layer1.1.conv3,conv,8,256,1,False,64.0,0,32.0,32.0,160000,0.1266459331590916,8.041775801351962,0.0314131867240311,10.906438833458688,0.042603276693198,4.6104818587592975,0.018009694760778506,10.500619141144666,10,256,0.893656099395801,156,9,12,20,38,0.03515625,0.046875,0.078125,0.1484375,625.0,256.0,10000.0,0.001705756106148403,3.1383105892021037,0.012259025739070718,5.259657727210074,0.020545537996914352,1.9107493358309982,0.0074638645930898365,9.670080189573842,10.0,256.0,0.9211821764525189,158.0,6.0,8.0,14.0,26.0,0.0234375,0.03125,0.0546875,0.1015625,39.0625,80,92.11
layer1.1,block,9,256,1,False,,0,32.0,32.0,160000,3.167228647511596,16.75784090022578,0.06546031601650695,31.69749106687507,0.12381832447998074,7.493816041742935,0.02927271891305834,2.5211385144695844,10,256,0.39637046543604315,252,34,57,136,220,0.1328125,0.22265625,0.53125,0.859375,625.0,256.0,10000.0,0.2500537694617455,5.245715154012706,0.020491074820362134,8.438446390862444,0.03296268121430642,2.938680416976016,0.011479220378812563,3.5008027594969846,10.0,256.0,0.411386227582872,252.0,8.0,12.0,30.0,95.0,0.03125,0.046875,0.1171875,0.37109375,39.0625,80,92.11
layer1.2.conv1,conv,10,64,1,False,64.0,0,32.0,32.0,160000,0.7213179507996192,3.660506060907428,0.05719540720167856,5.592536334729653,0.08738338023015083,2.192290773620917,0.03425454333782683,4.574401311534836,10,64,0.9643177968587049,64,6,7,13,29,0.09375,0.109375,0.203125,0.453125,2500.0,64.0,10000.0,0.010884320606781779,3.638436454170521,0.056850569596414394,5.7148769836548725,0.08929495286960738,2.163680281903147,0.03380750440473667,5.384195487295777,10.0,64.0,0.9824441619910801,64.0,6.0,8.0,14.0,25.0,0.09375,0.125,0.21875,0.390625,156.25,80,92.11
layer1.2.conv2,conv,11,64,1,False,64.0,0,32.0,32.0,160000,1.3365619797826909,7.37026648979923,0.11516041390311296,9.719544482193077,0.15186788253426683,4.237026413946121,0.06620353771790814,4.4514382875494904,10,64,0.9840566269654941,64,8,10,17,34,0.125,0.15625,0.265625,0.53125,2500.0,64.0,10000.0,0.00267102465568639,2.762131545964956,0.04315830540570244,4.125888429193506,0.06446700670614854,1.8828846240212802,0.029420072250332503,5.176057635594195,10.0,64.0,0.9766709415355846,64.0,4.0,6.0,12.0,23.0,0.0625,0.09375,0.1875,0.359375,156.25,80,92.11
layer1.2.conv3,conv,12,256,1,False,64.0,0,32.0,32.0,160000,0.13243378868559305,7.415020838740828,0.02896492515133136,10.777615403014561,0.04210006016802563,3.8427861942542654,0.015010883571305724,10.731345767939322,10,256,0.9191485112145584,155,10,13,22,34,0.0390625,0.05078125,0.0859375,0.1328125,625.0,256.0,10000.0,0.008286021572523498,1.7161744971450152,0.006703806629472716,2.5079013859509476,0.009796489788870889,1.3328550798773362,0.0052064651557708445,8.64841131775818,10.0,256.0,0.9652605240594103,147.0,3.0,4.0,6.0,12.0,0.01171875,0.015625,0.0234375,0.046875,39.0625,80,92.11
layer1.2,block,13,256,1,False,,0,32.0,32.0,160000,3.3660680979495083,24.032142062675135,0.09387555493232475,44.16075640484116,0.17250295470641078,9.566611123325298,0.03736957470048945,2.083731321590904,10,256,0.9820463477841125,256,47,77,165,236,0.18359375,0.30078125,0.64453125,0.921875,625.0,256.0,10000.0,0.31030033042648564,6.06224129905222,0.023680630074422733,9.946735614729523,0.0388544359950372,3.228446486479768,0.012611119087811594,2.901310959569802,10.0,256.0,0.9960080340344707,256.0,10.0,14.0,33.0,107.0,0.0390625,0.0546875,0.12890625,0.41796875,39.0625,80,92.11
layer2.0.conv1,conv,14,128,1,False,128.0,0,32.0,32.0,160000,1.3631962688043577,7.327492945246473,0.057246038634738074,10.199088513755616,0.07968037901371575,4.276561364028077,0.03341063565646935,4.971011866206448,10,128,0.9831797350516414,128,9,13,22,40,0.0703125,0.1015625,0.171875,0.3125,1250.0,128.0,10000.0,0.11149384654204739,3.1397988852532066,0.024529678791040677,5.164232816314113,0.04034556887745401,1.907973670639028,0.014906044301867406,5.782311274325655,10.0,128.0,0.9918799425224513,128.0,5.0,8.0,13.0,23.0,0.0390625,0.0625,0.1015625,0.1796875,78.125,80,92.11
layer2.0.conv2,conv,15,128,1,False,128.0,0,16.0,16.0,160000,2.922041971901514,11.492903559133623,0.08978830905573143,16.659655126568648,0.13015355567631756,5.862370847425804,0.04579977224551409,3.9562470825191247,10,128,0.9801295488088928,128,14,19,36,71,0.109375,0.1484375,0.28125,0.5546875,1250.0,128.0,10000.0,0.23305516566253529,3.9146504903621646,0.03058320695595441,5.526565516681535,0.04317629309907449,2.4078057469850394,0.01881098239832062,4.613102271735115,10.0,128.0,0.9855526223578046,128.0,5.0,6.0,12.0,26.0,0.0390625,0.046875,0.09375,0.203125,78.125,80,92.11
layer2.0.conv3,conv,16,512,1,False,128.0,0,16.0,16.0,160000,0.49612882061302693,10.615666566712482,0.020733723763110317,14.916878080939265,0.0291345275018345,5.5173140118787805,0.010776003929450743,8.341812000257615,10,512,0.891613677692454,312,13,17,30,61,0.025390625,0.033203125,0.05859375,0.119140625,312.5,512.0,10000.0,0.04170031238860198,3.891995202705792,0.00760155313028475,5.731004594461967,0.01119336834855853,2.3548479331763374,0.004599312369485034,7.049494058552413,10.0,512.0,0.9379014512312217,316.0,6.0,7.0,13.0,30.0,0.01171875,0.013671875,0.025390625,0.05859375,19.53125,80,92.11
layer2.0.downsample.0,conv,17,512,1,False,256.0,0,16.0,16.0,160000,2.285723906178426,11.053509219054177,0.02158888519346519,15.584303763049503,0.03043809328720606,5.742873574568838,0.011216549950329762,6.843818363550484,10,512,0.8438360753653764,378,14,18,32,65,0.02734375,0.03515625,0.0625,0.126953125,312.5,512.0,10000.0,0.39354467415140265,4.279120815145494,0.008357657842081043,6.295426618460825,0.012295755114181298,2.5023000674026212,0.004887304819145745,5.97478758060519,10.0,512.0,0.9405003565619953,381.0,6.0,8.0,14.0,29.0,0.01171875,0.015625,0.02734375,0.056640625,19.53125,80,92.11
layer2.0,block,18,512,1,False,,0,16.0,16.0,160000,6.191801040752906,22.416585284728058,0.04378239313423449,45.77933115458899,0.08941275616130662,9.03965859363176,0.01765558319068703,2.1481318198096524,10,512,0.577279089447606,510,53,98,265,448,0.103515625,0.19140625,0.517578125,0.875,312.5,512.0,10000.0,0.8453413924480415,5.67167684389031,0.011077493835723262,10.378342455193504,0.020270200107799813,2.90924325988936,0.005682115741971406,2.699235511527289,10.0,512.0,0.6855907823193872,510.0,10.0,16.0,49.0,192.0,0.01953125,0.03125,0.095703125,0.375,19.53125,80,92.11
layer2.1.conv1,conv,19,128,1,False,128.0,0,16.0,16.0,160000,1.4269409855298734,5.947772427422343,0.04646697208923706,9.139029101696677,0.07139866485700529,3.1943611375264065,0.02495594638692505,4.523008594881858,10,128,0.989785996667941,128,9,13,22,43,0.0703125,0.1015625,0.171875,0.3359375,1250.0,128.0,10000.0,0.40019780234432917,2.5315076623782726,0.019777403612330255,3.8195217368836514,0.029840013569403526,1.6937384751645466,0.01323233183722302,5.074169587445835,10.0,128.0,0.9918207439595305,128.0,4.0,5.0,10.0,20.0,0.03125,0.0390625,0.078125,0.15625,78.125,80,92.11
layer2.1.conv2,conv,20,128,1,False,128.0,0,16.0,16.0,160000,1.0203371175197014,14.949422314067068,0.11679236182864897,21.24093187283346,0.1659447802565114,8.256598656901614,0.06450467700704386,3.661031698857715,10,128,0.973923378143115,128,18,25,47,84,0.140625,0.1953125,0.3671875,0.65625,1250.0,128.0,10000.0,0.12875831562749246,3.615202352518848,0.0282437683790535,5.452086966754515,0.04259442942776965,2.2085665212218126,0.01725442594704541,4.790466830822033,10.0,128.0,0.9837511534337374,128.0,5.0,7.0,16.0,33.0,0.0390625,0.0546875,0.125,0.2578125,78.125,80,92.11
layer2.1.conv3,conv,21,512,1,False,128.0,0,16.0,16.0,160000,0.16139994080690093,12.602224233531338,0.024613719206115894,17.86061488253518,0.034884013442451525,7.327040786220549,0.01431062653558701,8.738092706464792,10,512,0.8628485049160618,311,15,21,40,81,0.029296875,0.041015625,0.078125,0.158203125,312.5,512.0,10000.0,0.01269276228581617,3.8615340428953497,0.00754205867752998,6.911854967115433,0.01349971673264733,2.169220695811117,0.004236759171506088,7.855996379993306,10.0,512.0,0.9034120689820208,319.0,7.0,11.0,24.0,50.0,0.013671875,0.021484375,0.046875,0.09765625,19.53125,80,92.11
layer2.1,block,22,512,1,False,,0,16.0,16.0,160000,6.360689949757514,31.643918617237407,0.06180452854929181,65.71837315723408,0.12835619757272282,11.17474991006087,0.021825683418087636,1.9728060052226641,10,512,0.5469696887548858,511,79,141,326,474,0.154296875,0.275390625,0.63671875,0.92578125,312.5,512.0,10000.0,0.6255965269554055,7.666762789528314,0.014974146073297489,14.727380272842046,0.02876441459539462,3.587343524002688,0.00700653032031775,2.513761357146932,10.0,512.0,0.6668646512426956,511.0,14.0,26.0,83.0,284.0,0.02734375,0.05078125,0.162109375,0.5546875,19.53125,80,92.11
layer2.2.conv1,conv,23,128,1,False,128.0,0,16.0,16.0,160000,1.1843561416144888,10.567396844495182,0.08255778784761861,15.390340129234398,0.12023703225964373,5.498567837807492,0.04295756123287103,4.107989203992217,10,128,0.9819494494425365,128,13,19,33,64,0.1015625,0.1484375,0.2578125,0.5,1250.0,128.0,10000.0,0.09062799538019357,6.503942584096483,0.05081205143825377,9.315542331539906,0.07277767446515551,3.7114326103079915,0.028995567268031184,4.597997874333144,10.0,128.0,0.9812880600784958,128.0,8.0,11.0,22.0,42.0,0.0625,0.0859375,0.171875,0.328125,78.125,80,92.11
layer2.2.conv2,conv,24,128,1,False,128.0,0,16.0,16.0,160000,0.8701225303427234,21.508017224752813,0.16803138456838135,31.615554252919658,0.24699651760093483,10.63064625567212,0.08305192387243844,3.0798338616047585,10,128,0.9618524959212598,128,28,39,68,107,0.21875,0.3046875,0.53125,0.8359375,1250.0,128.0,10000.0,0.040316791324470545,5.609946544503129,0.04382770737893069,8.092085101363361,0.06321941485440126,3.2573912212173854,0.025448368915760824,3.867889589977411,10.0,128.0,0.968506133133675,128.0,7.0,9.0,23.0,52.0,0.0546875,0.0703125,0.1796875,0.40625,78.125,80,92.11
layer2.2.conv3,conv,25,512,1,False,128.0,0,16.0,16.0,160000,0.11574298851942315,14.194561979998339,0.027723753867184255,22.685386835654445,0.04430739616338759,6.455290234734044,0.01260798873971493,8.902772161015875,10,512,0.8303397074291302,314,21,30,60,103,0.041015625,0.05859375,0.1171875,0.201171875,312.5,512.0,10000.0,0.006759695435842216,2.96754961925627,0.005795995350109902,5.388425802640587,0.010524269145782396,1.843896903063038,0.0036013611387949963,7.735385145581159,10.0,512.0,0.8750637506744859,318.0,6.0,10.0,25.0,62.0,0.01171875,0.01953125,0.048828125,0.12109375,19.53125,80,92.11
layer2.2,block,26,512,1,False,,0,16.0,16.0,160000,6.468046256646988,41.4214062844361,0.08090118414928926,87.8524150477726,0.17158674814018085,14.028196989807974,0.0273988222457187,1.7191959328389608,10,512,0.9828668161501097,512,113,194,377,487,0.220703125,0.37890625,0.736328125,0.951171875,312.5,512.0,10000.0,0.5143385812061875,9.268890390318962,0.018103301543591722,18.111390494104604,0.035373809558798056,4.109967001078742,0.008027279298981917,2.2534908530494433,10.0,512.0,0.9934853681763445,512.0,18.0,33.0,116.0,350.0,0.03515625,0.064453125,0.2265625,0.68359375,19.53125,80,92.11
layer2.3.conv1,conv,27,128,1,False,128.0,0,16.0,16.0,160000,1.0394848390037474,11.656157686276332,0.09106373192403384,17.90143756844579,0.13985498100348273,6.010387691790906,0.04695615384211645,3.7269552005664086,10,128,0.9759077770076101,128,17,23,42,79,0.1328125,0.1796875,0.328125,0.6171875,1250.0,128.0,10000.0,0.04802010267957335,8.212632917531131,0.06416119466821196,12.417431683096401,0.09701118502419064,4.22809376284693,0.03303198252224164,4.240280742461462,10.0,128.0,0.979687751353671,128.0,11.0,16.0,31.0,57.0,0.0859375,0.125,0.2421875,0.4453125,78.125,80,92.11
layer2.3.conv2,conv,28,128,1,False,128.0,0,16.0,16.0,160000,0.898253749196837,18.59324373109277,0.14525971664916226,28.80760179506594,0.22505938902395264,8.614370851360066,0.06729977227625052,2.935279782694416,10,128,0.9658027862487687,128,27,37,68,108,0.2109375,0.2890625,0.53125,0.84375,1250.0,128.0,10000.0,0.014497816664278506,5.872197743642435,0.04587654487220652,10.011983156872631,0.07821861841306743,3.0214937615068846,0.023605420011772536,3.7085322402513627,10.0,128.0,0.9738626737261331,128.0,10.0,15.0,33.0,67.0,0.078125,0.1171875,0.2578125,0.5234375,78.125,80,92.11
layer2.3.conv3,conv,29,512,1,False,128.0,0,16.0,16.0,160000,0.08601314696394496,11.769987157173242,0.022988256166353988,21.68708284286483,0.04235758367747037,4.460126130988013,0.008711183849585963,8.971895530627554,10,512,0.8341526016208269,312,22,31,60,101,0.04296875,0.060546875,0.1171875,0.197265625,312.5,512.0,10000.0,0.0021365992241020224,2.7462129880765973,0.005363697242337104,6.047878385262637,0.011812262471216087,1.6996800443520872,0.0033196875866251703,8.063925176276683,10.0,512.0,0.8721651496970331,319.0,9.0,14.0,31.0,72.0,0.017578125,0.02734375,0.060546875,0.140625,19.53125,80,92.11
layer2.3,block,30,512,1,False,,0,16.0,16.0,160000,6.499811359750021,49.72804976696213,0.09712509720109791,106.65949308825455,0.20831932243799717,15.93493438997076,0.03112291873041164,1.6095761663847106,10,512,0.9796625317809385,512,141,231,404,493,0.275390625,0.451171875,0.7890625,0.962890625,312.5,512.0,10000.0,0.46528226121742083,9.989106730143815,0.01950997408231214,20.277977194170667,0.039605424207364584,4.2485100435243925,0.00829787117875858,2.1538795931743784,10.0,512.0,0.9939763469052527,512.0,21.0,39.0,142.0,384.0,0.041015625,0.076171875,0.27734375,0.75,19.53125,80,92.11
layer3.0.conv1,conv,31,256,1,False,256.0,0,16.0,16.0,160000,2.8190084629986605,18.249923064917986,0.07128876197233588,27.611574331745945,0.1078577122333826,8.02742323362927,0.031357122006364334,3.7979469466107556,10,256,0.9776095817423669,256,25,32,57,121,0.09765625,0.125,0.22265625,0.47265625,625.0,256.0,10000.0,0.25611867652738723,7.435001214665484,0.029042973494787048,12.222639625693137,0.04774468603786382,3.4353631420208437,0.01341938727351892,4.332754070187645,10.0,256.0,0.9867628987905331,256.0,12.0,16.0,31.0,61.0,0.046875,0.0625,0.12109375,0.23828125,39.0625,80,92.11
layer3.0.conv2,conv,32,256,1,False,256.0,0,8.0,8.0,160000,5.533863550404502,22.66661357547541,0.08854145927920082,38.60056188987026,0.1507834448823057,8.985326644279844,0.03509893220421814,2.8224796115571973,10,256,0.971568288412302,256,37,53,108,198,0.14453125,0.20703125,0.421875,0.7734375,625.0,256.0,10000.0,0.636532231597635,9.089005508688597,0.03550392776831483,13.8610763095612,0.05414482933422344,4.540460024229008,0.01773617196964456,3.314206715727522,10.0,256.0,0.9910761736321779,256.0,12.0,17.0,36.0,101.0,0.046875,0.06640625,0.140625,0.39453125,39.0625,80,92.11
layer3.0.conv3,conv,33,1024,1,False,256.0,0,8.0,8.0,160000,1.1871312466484005,21.112840949012863,0.020618008739270374,32.43538284390369,0.031675178558499696,8.419869048039176,0.008222528367225758,7.437550020210194,10,1024,0.8406002385698336,619,29,38,78,171,0.0283203125,0.037109375,0.076171875,0.1669921875,156.25,1024.0,10000.0,0.1425709273053053,9.156426259417746,0.008941822518962642,14.586449328551772,0.01424457942241384,4.372466540887988,0.004269986856335926,6.933171781524486,10.0,1024.0,0.8762270171477636,635.0,14.0,19.0,37.0,98.0,0.013671875,0.0185546875,0.0361328125,0.095703125,9.765625,80,92.11
layer3.0.downsample.0,conv,34,1024,1,False,512.0,0,8.0,8.0,160000,3.1989521382719253,17.972856482823776,0.017551617659007594,29.62627697352775,0.028931911106960695,7.442514692304872,0.007268080754203977,5.955527237778949,10,1024,0.7675290997798709,751,27,39,78,197,0.0263671875,0.0380859375,0.076171875,0.1923828125,156.25,1024.0,10000.0,0.3699719719894938,7.21301038319132,0.007043955452335274,12.2597629839788,0.011972424789041796,3.515346057139854,0.0034329551339256385,5.735793663182474,10.0,1024.0,0.8240535197992027,765.0,11.0,18.0,42.0,103.0,0.0107421875,0.017578125,0.041015625,0.1005859375,9.765625,80,92.11
layer3.0,block,35,1024,1,False,,0,8.0,8.0,160000,10.290284893422927,35.86866479955978,0.0350279929683201,86.11745809180296,0.08409908016777633,11.08363495378906,0.010823862259559629,1.9113924782594338,10,1024,0.41419536568077986,1016,121,243,626,929,0.1181640625,0.2373046875,0.611328125,0.9072265625,156.25,1024.0,10000.0,1.1166500822722523,11.575743894041683,0.01130443739652508,23.700760420602833,0.023145273848244954,4.863162997185147,0.00474918261443862,2.21391443635594,10.0,1024.0,0.47005789053060787,1016.0,24.0,49.0,219.0,703.0,0.0234375,0.0478515625,0.2138671875,0.6865234375,9.765625,80,92.11
layer3.1.conv1,conv,36,256,1,False,256.0,0,8.0,8.0,160000,2.5307089240145992,10.586666699429113,0.04135416679464497,17.015066205452015,0.06646510236504694,4.9843383211711005,0.01947007156707461,3.8497791876406855,10,256,0.9942493242060801,256,17,22,38,83,0.06640625,0.0859375,0.1484375,0.32421875,625.0,256.0,10000.0,0.35700251390115206,6.592433018421119,0.025751691478207495,9.995020720155283,0.039043049688106575,3.6747669340355276,0.01435455833607628,4.196122607945312,10.0,256.0,0.996365403076459,256.0,10.0,13.0,24.0,50.0,0.0390625,0.05078125,0.09375,0.1953125,39.0625,80,92.11
layer3.1.conv2,conv,37,256,1,False,256.0,0,8.0,8.0,160000,2.0383717241714336,24.432569531338167,0.09543972473178972,39.52411043090505,0.15439105637072284,10.773096240736798,0.04208240719037812,2.942905129718389,10,256,0.9619000105892547,256,37,54,107,190,0.14453125,0.2109375,0.41796875,0.7421875,625.0,256.0,10000.0,0.18919021053295126,7.029355574069752,0.02745842021120997,10.938734966900169,0.042729433464453785,3.9545288300597528,0.01544737824242091,3.7056945070821796,10.0,256.0,0.9797997898373941,256.0,10.0,15.0,36.0,83.0,0.0390625,0.05859375,0.140625,0.32421875,39.0625,80,92.11
layer3.1.conv3,conv,38,1024,1,False,256.0,0,8.0,8.0,160000,0.3305930604078975,17.637697480394483,0.017224313945697737,29.981887246900286,0.02927918676455106,8.019403653849361,0.007831448880712267,7.473826795764733,10,1024,0.8168895464457931,622,29,44,102,197,0.0283203125,0.04296875,0.099609375,0.1923828125,156.25,1024.0,10000.0,0.021010850946860112,6.644069525933545,0.006488349146419477,12.965561957257735,0.012661681598884507,3.456074828773146,0.0033750730749737756,7.213554622637198,10.0,1024.0,0.8435127456572603,637.0,15.0,25.0,60.0,148.0,0.0146484375,0.0244140625,0.05859375,0.14453125,9.765625,80,92.11
layer3.1,block,39,1024,1,False,,0,8.0,8.0,160000,10.352823460118998,55.83794428569363,0.054529242466497686,135.07103090382665,0.13190530361701822,17.034463341012096,0.016635218106457125,1.5721018514750744,10,1024,0.9843314515931998,1024,206,377,765,978,0.201171875,0.3681640625,0.7470703125,0.955078125,156.25,1024.0,10000.0,0.8626398044609389,14.372154352900722,0.014035306985254611,33.19848870312338,0.03242039912414393,5.55527946349738,0.00542507760107166,1.8593500383735884,10.0,1024.0,0.9897043938791524,1024.0,41.0,91.0,382.0,850.0,0.0400390625,0.0888671875,0.373046875,0.830078125,9.765625,80,92.11
layer3.2.conv1,conv,40,256,1,False,256.0,0,8.0,8.0,160000,2.330208299945666,20.39335183875923,0.07966153062015324,29.674598651975735,0.11591640098428022,9.86764040825779,0.03854547034475699,3.37849780797933,10,256,0.9891202483729268,256,26,34,64,144,0.1015625,0.1328125,0.25,0.5625,625.0,256.0,10000.0,0.17737996926215965,12.412862121553733,0.04848774266231927,18.6254374683121,0.07275561511059414,5.9576473929549945,0.023272060128730447,3.6664445701724553,10.0,256.0,0.9925133383615197,256.0,17.0,24.0,44.0,98.0,0.06640625,0.09375,0.171875,0.3828125,39.0625,80,92.11
layer3.2.conv2,conv,41,256,1,False,256.0,0,8.0,8.0,160000,1.237614128892457,38.31707948075832,0.1496760917217122,61.22724324984999,0.23916891894472653,15.33757919775446,0.05991241874122836,2.4208510413965167,10,256,0.9578673435331686,256,57,83,152,229,0.22265625,0.32421875,0.59375,0.89453125,625.0,256.0,10000.0,0.07208858355977983,10.657426143553055,0.04163057087325412,18.46107234734329,0.07211356385680973,5.048850303909671,0.01972207149964715,3.131797262802145,10.0,256.0,0.9789495854909668,256.0,18.0,28.0,64.0,145.0,0.0703125,0.109375,0.25,0.56640625,39.0625,80,92.11
layer3.2.conv3,conv,42,1024,1,False,256.0,0,8.0,8.0,160000,0.1700738420400378,25.040949638049938,0.024454052380908142,44.40549878206955,0.043364744904364795,8.81665447418723,0.008610014134948466,7.833791945315766,10,1024,0.7923508980932823,618,43,67,143,223,0.0419921875,0.0654296875,0.1396484375,0.2177734375,156.25,1024.0,10000.0,0.008087617808138554,9.748430942747298,0.009519952092526658,20.713758178545316,0.02022827947123566,3.944028112765261,0.003851589953872325,7.553851337069546,10.0,1024.0,0.8159065028912413,637.0,24.0,38.0,94.0,193.0,0.0234375,0.037109375,0.091796875,0.1884765625,9.765625,80,92.11
layer3.2,block,43,1024,1,False,,0,8.0,8.0,160000,9.978814589281344,75.11276854576074,0.07335231303296948,184.3268502721278,0.18000668971887482,21.445244959764203,0.02094262203101973,1.4308097759184273,10,1024,0.9894039305874467,1024,292,489,840,997,0.28515625,0.4775390625,0.8203125,0.9736328125,156.25,1024.0,10000.0,0.715358353566057,16.89380771498372,0.016497859096663788,42.8406036672479,0.041836527018796775,6.064584463609321,0.005922445765243477,1.7241606416407913,10.0,1024.0,0.9926675210011471,1024.0,60.0,143.0,512.0,913.0,0.05859375,0.1396484375,0.5,0.8916015625,9.765625,80,92.11
layer3.3.conv1,conv,44,256,1,False,256.0,0,8.0,8.0,160000,2.0783334291170616,24.18039518091086,0.09445466867543305,35.721494753730006,0.13953708888175784,10.752339985276405,0.04200132806748596,3.0949718152827037,10,256,0.9856663005046725,256,31,43,83,176,0.12109375,0.16796875,0.32421875,0.6875,625.0,256.0,10000.0,0.15112826799535178,11.663445172126575,0.045560332703619436,19.317693908455436,0.07545974182990405,5.304799942663342,0.02072187477602868,3.367166883498222,10.0,256.0,0.9896502971743685,256.0,19.0,27.0,54.0,124.0,0.07421875,0.10546875,0.2109375,0.484375,39.0625,80,92.11
layer3.3.conv2,conv,45,256,1,False,256.0,0,8.0,8.0,160000,1.078519602126514,35.41543394024092,0.1383415388290661,59.807605288743616,0.23362345815915475,12.172650410599523,0.04754941566640439,2.329630821032858,10,256,0.9610075168972794,256,58,85,158,233,0.2265625,0.33203125,0.6171875,0.91015625,625.0,256.0,10000.0,0.059880923093841035,10.116392435620286,0.03951715795164174,19.016823104048548,0.07428446525018964,4.303229028060142,0.01680948839085993,3.0579532642443423,10.0,256.0,0.9771137161181389,256.0,20.0,31.0,70.0,155.0,0.078125,0.12109375,0.2734375,0.60546875,39.0625,80,92.11
layer3.3.conv3,conv,46,1024,1,False,256.0,0,8.0,8.0,160000,0.1380432571790465,26.061946873951545,0.025451119994093305,44.16454128183602,0.04312943484554299,11.077141664966671,0.010817521157194015,7.846835328582351,10,1024,0.793690040569929,615,42,65,139,222,0.041015625,0.0634765625,0.1357421875,0.216796875,156.25,1024.0,10000.0,0.006292128276921176,12.758076625540928,0.012459059204629813,24.30041046774177,0.023730869597404072,5.414034659411904,0.005287143222081937,7.679087354622697,10.0,1024.0,0.8158547550862458,633.0,26.0,40.0,95.0,193.0,0.025390625,0.0390625,0.0927734375,0.1884765625,9.765625,80,92.11
layer3.3,block,47,1024,1,False,,0,8.0,8.0,160000,9.358714048902188,94.96006979533064,0.09273444315950258,230.70713630041226,0.22529993779337135,26.912662201333816,0.026281896680990055,1.3393426472894394,10,1024,0.9890045106736428,1024,363,565,878,1004,0.3544921875,0.5517578125,0.857421875,0.98046875,156.25,1024.0,10000.0,0.6177675100280012,19.050673123344485,0.018604172972016098,51.91312508687104,0.0506964112176475,6.521973983067728,0.006369115217839578,1.6413104417394657,10.0,1024.0,0.9928010205620144,1024.0,82.0,193.0,598.0,943.0,0.080078125,0.1884765625,0.583984375,0.9208984375,9.765625,80,92.11
layer3.4.conv1,conv,48,256,1,False,256.0,0,8.0,8.0,160000,1.7709071176261257,27.947560676929655,0.10917015889425646,42.41389790498307,0.1656792886913401,12.790063524306339,0.049961185641821636,2.893844857700118,10,256,0.9803356841240592,256,37,52,103,199,0.14453125,0.203125,0.40234375,0.77734375,625.0,256.0,10000.0,0.1251630885207813,13.312766680576926,0.05200299484600362,22.625956302017162,0.08838264180475454,5.693913763220731,0.02224185063758098,3.1927355053452144,10.0,256.0,0.9878027035517468,256.0,22.0,33.0,64.0,147.0,0.0859375,0.12890625,0.25,0.57421875,39.0625,80,92.11
layer3.4.conv2,conv,49,256,1,False,256.0,0,8.0,8.0,160000,0.9395566097857079,35.03588007093243,0.1368589065270798,60.81104716289163,0.23754315298004544,10.677734514074064,0.041709900445601814,2.304308808458505,10,256,0.9604854625316639,256,60,88,161,234,0.234375,0.34375,0.62890625,0.9140625,625.0,256.0,10000.0,0.047822785278632866,14.643379143990655,0.0572006997812135,24.76172109402918,0.09672547302355149,6.978108279955061,0.027258235468574456,3.050170309535069,10.0,256.0,0.9768024607745984,256.0,24.0,36.0,78.0,165.0,0.09375,0.140625,0.3046875,0.64453125,39.0625,80,92.11
layer3.4.conv3,conv,50,1024,1,False,256.0,0,8.0,8.0,160000,0.09279570036148165,22.927045650727006,0.022389693018288092,40.80894486711556,0.039852485221792536,7.982217259760525,0.007795134042734888,7.840055817784477,10,1024,0.8043587215342376,620,39,61,129,214,0.0380859375,0.0595703125,0.1259765625,0.208984375,156.25,1024.0,10000.0,0.004661506135001328,12.499421349461413,0.01220646616158341,23.445390791201742,0.02289588944453295,5.238267602143697,0.005115495705218454,7.670556229501743,10.0,1024.0,0.8252924441794713,634.0,24.0,37.0,86.0,182.0,0.0234375,0.0361328125,0.083984375,0.177734375,9.765625,80,92.11
layer3.4,block,51,1024,1,False,,0,8.0,8.0,160000,8.496789964477875,114.31534374131824,0.1116360778723811,271.3746445333993,0.26501430130214776,30.12080557335631,0.029414849192730772,1.2817217159671461,10,1024,0.9866463470814225,1024,413,613,898,1007,0.4033203125,0.5986328125,0.876953125,0.9833984375,156.25,1024.0,10000.0,0.5432663677080102,21.78265934555687,0.02127212826714538,61.13941133728098,0.05970645638406346,7.205056211575206,0.007036187706616412,1.5997987103114346,10.0,1024.0,0.9919459874764778,1024.0,102.0,233.0,648.0,956.0,0.099609375,0.2275390625,0.6328125,0.93359375,9.765625,80,92.11
layer3.5.conv1,conv,52,256,1,False,256.0,0,8.0,8.0,160000,1.4463975913433504,29.95813984459404,0.11702398376794547,46.34417861707294,0.18103194772294118,11.805693376457917,0.04611598975178874,2.8031550544829122,10,256,0.9769838138247402,256,41,56,113,207,0.16015625,0.21875,0.44140625,0.80859375,625.0,256.0,10000.0,0.10129437837943094,13.746765405111779,0.053698302363717886,24.741200648162437,0.09664531503188452,5.753889148625531,0.02247612948681848,3.1361608636500073,10.0,256.0,0.9851343445135999,256.0,25.0,37.0,71.0,158.0,0.09765625,0.14453125,0.27734375,0.6171875,39.0625,80,92.11
layer3.5.conv2,conv,53,256,1,False,256.0,0,8.0,8.0,160000,0.9165839632220497,25.609177950085243,0.10003585136752048,49.49623428681474,0.19334466518287008,7.6526318945397644,0.029893093338045955,2.4497186292021036,10,256,0.9597539517357735,256,51,75,144,225,0.19921875,0.29296875,0.5625,0.87890625,625.0,256.0,10000.0,0.055586358028427964,8.500880628030687,0.03320656495324487,18.9095440868441,0.07386540658923477,3.353877530047487,0.013101084101747996,3.2500715556539714,10.0,256.0,0.976728823271819,256.0,22.0,32.0,66.0,146.0,0.0859375,0.125,0.2578125,0.5703125,39.0625,80,92.11
layer3.5.conv3,conv,54,1024,1,False,256.0,0,8.0,8.0,160000,0.11852488916630603,10.84214433213034,0.010588031574346035,22.34166925315797,0.02181803638003708,4.163582441966451,0.004065998478482862,7.376344588168509,10,1024,0.8385682589730044,622,24,35,81,173,0.0234375,0.0341796875,0.0791015625,0.1689453125,156.25,1024.0,10000.0,0.00909661435589891,4.959216523064625,0.004842984885805298,11.074807381098823,0.01081524158310432,2.4593245025229593,0.0024016840844950775,7.10353399654444,10.0,1024.0,0.8664860942132256,636.0,15.0,21.0,44.0,120.0,0.0146484375,0.0205078125,0.04296875,0.1171875,9.765625,80,92.11
layer3.5,block,55,1024,1,False,,0,8.0,8.0,160000,7.809465599692194,126.33788525405019,0.12337684106840839,296.3335789643373,0.2893882607073606,31.909267420558102,0.03116139396538877,1.2474564898069875,10,1024,0.9843585596281691,1024,442,638,907,1008,0.431640625,0.623046875,0.8857421875,0.984375,156.25,1024.0,10000.0,0.5076835994337587,24.911451234806535,0.024327589096490757,68.32820622323825,0.06672676388988111,8.105471665703869,0.007915499673538934,1.5880872374365806,10.0,1024.0,0.9912874375231002,1024.0,112.0,253.0,669.0,960.0,0.109375,0.2470703125,0.6533203125,0.9375,9.765625,80,92.11
layer4.0.conv1,conv,56,512,1,False,512.0,0,8.0,8.0,160000,1.965544650388916,27.304513947555105,0.053329128803818564,43.121421351149586,0.08422152607646403,10.134201034519936,0.01979336139554675,2.973642483148216,10,512,0.9762702737215401,512,37,54,126,301,0.072265625,0.10546875,0.24609375,0.587890625,312.5,512.0,10000.0,0.20927756379677562,13.022391565010588,0.025434358525411305,21.57496404790125,0.04213860165605713,5.67219369856464,0.011078503317509062,3.3000423281566804,10.0,512.0,0.9860609788249459,512.0,21.0,28.0,58.0,168.0,0.041015625,0.0546875,0.11328125,0.328125,19.53125,80,92.11
layer4.0.conv2,conv,57,512,1,False,512.0,0,4.0,4.0,160000,2.330346163315678,20.758209488331044,0.04054337790689657,34.271005399553296,0.06693555742100253,8.38122287162327,0.0163695759211392,2.939832008284474,10,512,0.9769356852305748,512,30,46,119,284,0.05859375,0.08984375,0.232421875,0.5546875,312.5,512.0,10000.0,0.4962020441446195,10.360847985788288,0.02023603122224275,16.243196719792753,0.03172499359334522,4.8195706375652545,0.009413223901494638,3.1500679752820835,10.0,512.0,0.9854618660629261,512.0,15.0,20.0,42.0,147.0,0.029296875,0.0390625,0.08203125,0.287109375,19.53125,80,92.11
layer4.0.conv3,conv,58,2048,1,False,512.0,0,4.0,4.0,160000,0.46016071437731393,13.444037316271112,0.006564471345835504,18.037400305100128,0.008807324367724672,7.2515891538662505,0.003540815016536255,5.348523202666107,10,2048,0.9528672429906431,1255,16,20,30,61,0.0078125,0.009765625,0.0146484375,0.02978515625,78.125,2048.0,10000.0,0.14694831801298988,8.449983737860205,0.004125968622002053,11.585060185784986,0.005656767668840325,4.7362621737308865,0.0023126280145170344,4.74432496200218,10.0,2048.0,0.9774940841042655,1269.0,10.0,13.0,21.0,35.0,0.0048828125,0.00634765625,0.01025390625,0.01708984375,4.8828125,80,92.11
layer4.0.downsample.0,conv,59,2048,1,False,1024.0,0,4.0,4.0,160000,0.6913070111036091,18.620495448232123,0.009092038793082092,28.52132961551278,0.0139264304763246,8.85810310840089,0.004325245658398872,5.279733798807693,10,2048,0.7395348565050436,1515,24,34,83,306,0.01171875,0.0166015625,0.04052734375,0.1494140625,78.125,2048.0,10000.0,0.1175311241985946,9.64341967485175,0.004708701013111206,15.912999537890748,0.007770019305610717,4.663386088065367,0.0022770439883131673,5.039499773327273,10.0,2048.0,0.779690529755433,1530.0,15.0,22.0,47.0,179.0,0.00732421875,0.0107421875,0.02294921875,0.08740234375,4.8828125,80,92.11
layer4.0,block,60,2048,1,False,,0,4.0,4.0,160000,23.932491113118,17.18501445916906,0.008391120341391143,29.680092825081594,0.014492232824746872,8.135871422515415,0.003972593468025105,1.8182686795647514,10,2048,0.9921022883715148,2048,24,42,268,1347,0.01171875,0.0205078125,0.130859375,0.65771484375,78.125,2048.0,10000.0,6.662626831949539,9.060738397962426,0.004424188670880091,14.514874616868088,0.007087341121517621,4.671042570524847,0.0022807825051390854,1.9982831206197766,10.0,2048.0,0.9898806855472643,2048.0,13.0,19.0,61.0,576.0,0.00634765625,0.00927734375,0.02978515625,0.28125,4.8828125,80,92.11
layer4.1.conv1,conv,61,512,1,False,512.0,0,4.0,4.0,160000,3.9570943868707666,13.959183596654784,0.027264030462216374,18.501147183008637,0.036135053091813744,6.018242562576554,0.011754380005032332,4.7285779881358465,10,512,0.9916644615835145,512,17,20,25,35,0.033203125,0.0390625,0.048828125,0.068359375,312.5,512.0,10000.0,0.8828637257392516,11.031144234972565,0.02154520358393079,14.708237851330843,0.028727027053380552,5.77992090427041,0.011288908016153145,4.967776653224586,10.0,512.0,0.9834450285835182,509.0,13.0,17.0,22.0,31.0,0.025390625,0.033203125,0.04296875,0.060546875,19.53125,80,92.11
layer4.1.conv2,conv,62,512,1,False,512.0,0,4.0,4.0,160000,0.6922816838802319,18.34041747396578,0.03582112787883941,32.167979759699755,0.06282808546816358,7.07391382416364,0.013816237937819609,4.095576455350888,10,512,0.9588109575520163,512,31,45,89,171,0.060546875,0.087890625,0.173828125,0.333984375,312.5,512.0,10000.0,0.10185745126946548,10.90686076627596,0.021302462434132734,16.26985136456144,0.03177705344640906,5.090459991101831,0.009942304670120763,4.272048212836506,10.0,512.0,0.9857710237547707,512.0,14.0,20.0,37.0,84.0,0.02734375,0.0390625,0.072265625,0.1640625,19.53125,80,92.11
layer4.1.conv3,conv,63,2048,1,False,512.0,0,4.0,4.0,160000,0.06409728762743307,11.175689200920429,0.005456879492636928,14.66916510944351,0.007162678276095464,7.058358124732553,0.003446463928092067,5.367583001205721,10,2048,0.9525862732837336,1255,12,15,29,68,0.005859375,0.00732421875,0.01416015625,0.033203125,78.125,2048.0,10000.0,0.025225992768229982,7.503073076842071,0.0036636099008017925,9.389883535067641,0.004584904069857247,4.604013462846566,0.0022480534486555496,4.592310569203211,10.0,2048.0,0.9778125557192301,1267.0,8.0,9.0,14.0,31.0,0.00390625,0.00439453125,0.0068359375,0.01513671875,4.8828125,80,92.11
layer4.1,block,64,2048,1,False,,0,4.0,4.0,160000,33.55115830419342,15.892644941191968,0.0077600805376913905,27.57979489494283,0.013466696726046303,7.802754853114662,0.0038099388931223934,1.8324552109822583,10,2048,0.9930530095387932,2048,23,41,244,1306,0.01123046875,0.02001953125,0.119140625,0.6376953125,78.125,2048.0,10000.0,11.559777062257396,8.700006638936053,0.0042480501166679945,12.867356246722213,0.006282888792344831,4.824230162416296,0.0023555811339923322,2.017892786964603,10.0,2048.0,0.9911188816069979,2048.0,10.0,16.0,49.0,451.0,0.0048828125,0.0078125,0.02392578125,0.22021484375,4.8828125,80,92.11
layer4.2.conv1,conv,65,512,1,False,512.0,0,4.0,4.0,160000,10.634546176005646,10.15972725049128,0.01984321728611578,13.430963794028893,0.02623235116021268,5.029878365312808,0.009823981182251577,4.899578565381443,10,512,0.9940137851693276,512,11,14,22,31,0.021484375,0.02734375,0.04296875,0.060546875,312.5,512.0,10000.0,3.380998143981089,8.025209767444181,0.015674237827039417,10.182013047658822,0.019886744233708637,4.284483520837255,0.008368131876635264,5.053802478525461,10.0,512.0,0.9887879764706167,464.0,9.0,10.0,17.0,25.0,0.017578125,0.01953125,0.033203125,0.048828125,19.53125,80,92.11
layer4.2.conv2,conv,66,512,1,False,512.0,0,4.0,4.0,160000,0.9134448846160387,17.08570817006367,0.0333705237696556,26.66654105355011,0.052083087995215056,7.429901626923575,0.014511526615085108,4.372674750475345,10,512,0.9757901530770582,512,24,33,61,124,0.046875,0.064453125,0.119140625,0.2421875,312.5,512.0,10000.0,0.2753197281841918,8.62858145455152,0.01685269815342094,10.369612305066953,0.020253149033333893,5.733478334230209,0.011198199871543376,4.50644777740459,10.0,512.0,0.9821264980714375,512.0,9.0,10.0,17.0,47.0,0.017578125,0.01953125,0.033203125,0.091796875,19.53125,80,92.11
layer4.2.conv3,conv,67,2048,1,False,512.0,0,4.0,4.0,160000,0.18051793474991115,8.285234179136747,0.004045524501531615,9.541764258386449,0.004659064579290258,5.313339271113495,0.0025944039409733863,4.383370920409947,10,2048,0.982184112879506,1248,8,9,13,36,0.00390625,0.00439453125,0.00634765625,0.017578125,78.125,2048.0,10000.0,0.1347355876069645,7.6523667565234925,0.0037365072053337366,8.403584166986784,0.004103312581536516,4.8860946208282545,0.002385788389076296,3.449397711757584,10.0,2048.0,0.9662891740571439,1213.0,8.0,9.0,9.0,13.0,0.00390625,0.00439453125,0.00439453125,0.00634765625,4.8828125,80,92.11
layer4.2,block,68,2048,1,False,,0,4.0,4.0,160000,62.77776585660342,12.553840023839138,0.006129804699140204,20.727897299479658,0.010121043603261552,6.62312451739333,0.003233947518258462,1.834796365765754,10,2048,0.9937645821871574,2048,18,32,168,1148,0.0087890625,0.015625,0.08203125,0.560546875,78.125,2048.0,10000.0,33.59751259167744,8.193941770368303,0.004000948130062648,10.998513427061956,0.005370367884307596,4.701191878898674,0.0022955038471184934,2.0941242853074313,10.0,2048.0,0.9928811559418156,2048.0,9.0,10.0,36.0,251.0,0.00439453125,0.0048828125,0.017578125,0.12255859375,4.8828125,80,92.11
fc,linear,69,10,1,False,,0,,,10000,178.61857972418537,5.264375106708295,0.5264375106708294,6.687149956890753,0.6687149956890753,2.9245092843137375,0.29245092843137377,,10,10,,9,7,8,9,9,0.7,0.8,0.9,0.9,1000.0,,,,,,,,,,,,,,,,,,,,,,,,80,92.11
conv1,conv,0,64,1,False,27.0,0,32.0,32.0,160000,10.808370924946468,4.112734853187246,0.06426148208105072,5.153066200920007,0.0805166593893751,2.5685873210485086,0.04013417689138295,12.816942870388548,10,64,0.9802252990649518,45,5,6,8,10,0.078125,0.09375,0.125,0.15625,2500.0,64.0,10000.0,2.315834657318575,2.3771318567945006,0.03714268526241407,2.662853174771601,0.041607080855806264,1.839189669692617,0.028737338588947142,7.666135245067875,10.0,64.0,0.94984920986039,39.0,3.0,3.0,3.0,5.0,0.046875,0.046875,0.046875,0.078125,156.25,90,94.39
layer1.0.conv1,conv,1,64,1,False,64.0,0,32.0,32.0,160000,0.11231525805919707,4.960142787136357,0.07750223104900558,6.460443852851532,0.10094443520080519,3.0891562092288827,0.04826806576920129,9.110097343806794,10,64,0.9400742469470008,62,6,7,10,13,0.09375,0.109375,0.15625,0.203125,2500.0,64.0,10000.0,0.012263272956549786,3.068182119576465,0.047940345618382264,3.9264984027399725,0.06135153754281207,2.056783570608478,0.03213724329075747,9.511003536185507,10.0,64.0,0.9763827758250098,61.0,4.0,4.0,7.0,13.0,0.0625,0.0625,0.109375,0.203125,156.25,90,94.39
layer1.0.conv2,conv,2,64,1,False,64.0,0,32.0,32.0,160000,0.26977329692380436,8.671283243604362,0.13548880068131816,12.006660515685237,0.18760407055758183,4.759574270981178,0.0743683479840809,5.2559868350235615,10,64,0.9697149091272097,64,11,14,22,36,0.171875,0.21875,0.34375,0.5625,2500.0,64.0,10000.0,0.009383550243773447,2.518189787674253,0.0393467154324102,3.7031976517611027,0.05786246330876723,1.7419355168952546,0.027217742451488353,5.79228185962625,10.0,64.0,0.9637352920597473,64.0,4.0,5.0,11.0,22.0,0.0625,0.078125,0.171875,0.34375,156.25,90,94.39
layer1.0.conv3,conv,3,256,1,False,64.0,0,32.0,32.0,160000,0.09614653609456608,6.310396368076646,0.0246499858127994,8.465402962445463,0.03306798032205259,3.9672952335205762,0.015497247005939751,10.112195584545976,10,256,0.9097139046368201,151,7,10,15,28,0.02734375,0.0390625,0.05859375,0.109375,625.0,256.0,10000.0,0.0019966880931128954,3.135782902947896,0.012249151964640218,4.814923262052244,0.01880829399239158,1.9780246889659565,0.007726658941273268,9.37999002304185,10.0,256.0,0.9256506156168638,155.0,5.0,7.0,12.0,21.0,0.01953125,0.02734375,0.046875,0.08203125,39.0625,90,94.39
layer1.0.downsample.0,conv,4,256,1,False,64.0,0,32.0,32.0,160000,0.42145498607267184,6.128558877554038,0.023939683115445462,7.359942445414514,0.028749775177400447,3.9017311403148858,0.015241137266855023,8.348422822274149,10,256,0.9561935505591891,149,7,8,9,13,0.02734375,0.03125,0.03515625,0.05078125,625.0,256.0,10000.0,0.08208816653311463,2.921835339341187,0.011413419294301511,3.505569586976862,0.013693631199128368,2.108143033627042,0.008234933725105633,7.855387300467945,10.0,256.0,0.955330276367438,148.0,3.0,4.0,6.0,12.0,0.01171875,0.015625,0.0234375,0.046875,39.0625,90,94.39
layer1.0,block,5,256,1,False,,0,32.0,32.0,160000,1.7106208501488074,15.538910906913163,0.06069887073012954,26.34562183127262,0.10291258527840867,8.160073134841731,0.03187528568297551,4.097644276810191,10,256,0.24065451944338556,242,26,41,103,192,0.1015625,0.16015625,0.40234375,0.75,625.0,256.0,10000.0,0.20071030524152886,4.613722274896668,0.01802235263631511,7.3912704361791075,0.02887215014132464,2.644525439883589,0.01033017749954527,5.12812203972756,10.0,256.0,0.3220075559590392,242.0,7.0,11.0,25.0,74.0,0.02734375,0.04296875,0.09765625,0.2890625,39.0625,90,94.39
layer1.1.conv1,conv,6,64,1,False,64.0,0,32.0,32.0,160000,0.25971012744110167,5.93913420558522,0.09279897196226906,8.240222773904776,0.12875348084226212,3.493274891923063,0.05458242018629786,5.155635853491748,10,64,0.979599773416098,64,8,10,16,29,0.125,0.15625,0.25,0.453125,2500.0,64.0,10000.0,0.009513431230034463,4.714311495553447,0.0736611171180226,6.702394265207835,0.10472491039387243,2.7675088556104623,0.043242325868913474,5.944386677286688,10.0,64.0,0.979305923667963,64.0,6.0,8.0,14.0,24.0,0.09375,0.125,0.21875,0.375,156.25,90,94.39
layer1.1.conv2,conv,7,64,1,False,64.0,0,32.0,32.0,160000,0.3089204348719585,10.605490326791301,0.16571078635611408,14.513751510106234,0.2267773673454099,5.60569928350206,0.08758905130471968,4.279648009779426,10,64,0.944285139915726,64,12,16,28,46,0.1875,0.25,0.4375,0.71875,2500.0,64.0,10000.0,0.0058135914931405075,2.8586750250624733,0.044666797266601145,4.45725145847989,0.06964455403874828,1.8403590969259955,0.02875561088946868,5.149713300148397,10.0,64.0,0.9651039140409478,64.0,5.0,6.0,12.0,24.0,0.078125,0.09375,0.1875,0.375,156.25,90,94.39
layer1.1.conv3,conv,8,256,1,False,64.0,0,32.0,32.0,160000,0.06570176106687779,7.9312453407810635,0.03098142711242603,10.91451491468623,0.042634823885493084,4.491837128356229,0.01754623878264152,10.606370004706415,10,256,0.8892635978158275,154,9,12,21,38,0.03515625,0.046875,0.08203125,0.1484375,625.0,256.0,10000.0,0.0009214671240538763,3.2858318401558217,0.012835280625608679,5.390737665031342,0.02105756900402868,1.9831262407670254,0.007746586877996193,9.767271725771772,10.0,256.0,0.9161573268076605,155.0,6.0,8.0,15.0,26.0,0.0234375,0.03125,0.05859375,0.1015625,39.0625,90,94.39
layer1.1,block,9,256,1,False,,0,32.0,32.0,160000,2.283360065180164,19.24946979959014,0.07519324140464899,34.70112675547826,0.13555127638858697,8.567347607339467,0.033466201591169795,2.7547760890935216,10,256,0.3006354007144624,252,36,59,138,222,0.140625,0.23046875,0.5390625,0.8671875,625.0,256.0,10000.0,0.2033850247589308,5.104968623736056,0.01994128368646897,8.482557536477984,0.033134990376867124,2.77695380285337,0.010847475792395976,3.5617450552620524,10.0,256.0,0.39419984971404554,252.0,8.0,13.0,30.0,94.0,0.03125,0.05078125,0.1171875,0.3671875,39.0625,90,94.39
layer1.2.conv1,conv,10,64,1,False,64.0,0,32.0,32.0,160000,0.3365874624480362,4.285706459286656,0.066964163426354,6.329244510514359,0.09889444547678686,2.572152052241908,0.040189875816279814,4.557286711165446,10,64,0.9582293221315362,64,6,8,15,31,0.09375,0.125,0.234375,0.484375,2500.0,64.0,10000.0,0.0053611980366190535,4.132092547729194,0.06456394605826865,6.468038964780973,0.10106310882470271,2.36376785221048,0.03693387269078875,5.488776603148697,10.0,64.0,0.9768656488405764,64.0,7.0,9.0,15.0,27.0,0.109375,0.140625,0.234375,0.421875,156.25,90,94.39
layer1.2.conv2,conv,11,64,1,False,64.0,0,32.0,32.0,160000,0.6333302266568905,8.084591313690549,0.12632173927641482,10.418577208940178,0.16279026888969028,4.876200461543641,0.0761906322116194,4.342578590613487,10,64,0.9877693423661712,64,9,11,18,36,0.140625,0.171875,0.28125,0.5625,2500.0,64.0,10000.0,0.0015993809724520888,2.326508413985204,0.03635169396851881,3.972528483485203,0.0620707575544563,1.574914085840398,0.02460803259125622,5.0476763188656415,10.0,64.0,0.9811123732608428,64.0,5.0,7.0,12.0,23.0,0.078125,0.109375,0.1875,0.359375,156.25,90,94.39
layer1.2.conv3,conv,12,256,1,False,64.0,0,32.0,32.0,160000,0.0686366796200299,7.813033353362391,0.03051966153657184,11.500144661496844,0.044922440083972046,3.928722419053071,0.015346571949426058,10.870333115414539,10,256,0.9136271779981752,155,11,14,23,35,0.04296875,0.0546875,0.08984375,0.13671875,625.0,256.0,10000.0,0.0045009863609078915,1.7967539648693187,0.007018570175270776,2.6565965668978246,0.010377330339444628,1.3671374697372223,0.0053403807411610245,8.808618955755964,10.0,256.0,0.9627897614925442,147.0,3.0,4.0,6.0,13.0,0.01171875,0.015625,0.0234375,0.05078125,39.0625,90,94.39
layer1.2,block,13,256,1,False,,0,32.0,32.0,160000,2.405233334611464,26.497429841866527,0.10350558531979112,47.29656929709824,0.18475222381679,10.598396574305722,0.04139998661838173,2.0863319822275517,10,256,0.9799819940850142,256,50,80,168,237,0.1953125,0.3125,0.65625,0.92578125,625.0,256.0,10000.0,0.24663895461668972,5.943233425876107,0.023215755569828543,10.068805952762487,0.039331273252978464,3.069960953709601,0.01199203497542813,2.9330755257683876,10.0,256.0,0.9955555844418171,256.0,10.0,15.0,34.0,107.0,0.0390625,0.05859375,0.1328125,0.41796875,39.0625,90,94.39
layer2.0.conv1,conv,14,128,1,False,128.0,0,32.0,32.0,160000,0.684683543178692,7.649041120665936,0.05975813375520263,10.67072596736385,0.08336504662003008,4.61580971188295,0.03606101337408555,5.016904260724518,10,128,0.9775804016858174,128,9,13,23,42,0.0703125,0.1015625,0.1796875,0.328125,1250.0,128.0,10000.0,0.05601517068153243,3.3331080641712423,0.02603990675133783,5.541944715706113,0.04329644309145401,1.9916055432274034,0.015559418306464089,5.8857256709065755,10.0,128.0,0.9904081614842922,128.0,6.0,9.0,14.0,25.0,0.046875,0.0703125,0.109375,0.1953125,78.125,90,94.39
layer2.0.conv2,conv,15,128,1,False,128.0,0,16.0,16.0,160000,1.5294956550423882,12.424533289201884,0.09706666632188972,17.44118748341998,0.1362592772142186,6.999218642472659,0.05468139564431765,3.9075673069071866,10,128,0.978294089019495,128,15,19,37,73,0.1171875,0.1484375,0.2890625,0.5703125,1250.0,128.0,10000.0,0.12055138204530139,4.038548703664478,0.031551161747378736,5.728200253916884,0.04475156448372566,2.542096523379603,0.01986012908890315,4.609344183618,10.0,128.0,0.9878004170608652,128.0,5.0,7.0,13.0,27.0,0.0390625,0.0546875,0.1015625,0.2109375,78.125,90,94.39
layer2.0.conv3,conv,16,512,1,False,128.0,0,16.0,16.0,160000,0.2745603464550943,12.451634590143147,0.024319598808873334,16.550734075191297,0.032325652490608,7.392893574533633,0.014439245262761002,8.430368928218407,10,512,0.8890854737848083,311,14,18,31,63,0.02734375,0.03515625,0.060546875,0.123046875,312.5,512.0,10000.0,0.02133113938106359,4.1721414111977895,0.008148713693745683,6.2032843531703765,0.012115789752285892,2.521874628923422,0.004925536384616059,7.227976589673455,10.0,512.0,0.9348999253903804,317.0,6.0,8.0,15.0,32.0,0.01171875,0.015625,0.029296875,0.0625,19.53125,90,94.39
layer2.0.downsample.0,conv,17,512,1,False,256.0,0,16.0,16.0,160000,1.2386795897827594,11.079873853919592,0.021640378620936703,15.794504849999187,0.030848642285154663,5.785190122796938,0.01129919945858777,6.898248610562353,10,512,0.8397228293969738,377,14,19,33,67,0.02734375,0.037109375,0.064453125,0.130859375,312.5,512.0,10000.0,0.2429668686960217,3.876661083129838,0.007571603677987965,5.930542441688331,0.011583090706422522,2.273611383067854,0.004440647232554403,6.039631474738402,10.0,512.0,0.9379836038701014,381.0,6.0,8.0,14.0,29.0,0.01171875,0.015625,0.02734375,0.056640625,19.53125,90,94.39
layer2.0,block,18,512,1,False,,0,16.0,16.0,160000,4.556206873496288,24.065808489468004,0.047003532205992196,48.928651632367846,0.09556377271946845,9.890791251458877,0.01931795166300562,2.022707732861756,10,512,0.9550083044814742,509,57,104,275,453,0.111328125,0.203125,0.537109375,0.884765625,312.5,512.0,10000.0,0.6500793014369742,5.707758171192062,0.011147965178109497,10.73945294070102,0.02097549402480668,2.8565354910818352,0.0055791708810192095,2.639138561833833,10.0,512.0,0.8833386234123304,509.0,11.0,18.0,51.0,202.0,0.021484375,0.03515625,0.099609375,0.39453125,19.53125,90,94.39
layer2.1.conv1,conv,19,128,1,False,128.0,0,16.0,16.0,160000,0.7946886182472539,5.593572872660797,0.043699788067662476,9.025878727511461,0.07051467755868329,2.902190628410134,0.022673364284454173,4.511400202843914,10,128,0.9876323302449902,128,9,13,22,45,0.0703125,0.1015625,0.171875,0.3515625,1250.0,128.0,10000.0,0.23869859436991653,2.3735247132582593,0.01854316182233015,3.674649111568645,0.02870819618413004,1.6173753601931922,0.012635745001509314,5.071877897088617,10.0,128.0,0.9905365165553778,128.0,4.0,5.0,10.0,21.0,0.03125,0.0390625,0.078125,0.1640625,78.125,90,94.39
layer2.1.conv2,conv,20,128,1,False,128.0,0,16.0,16.0,160000,0.5324478229071661,15.455936892066612,0.1207495069692704,22.14479624713098,0.17300622068071078,8.081299677149662,0.06313515372773174,3.5847568925433686,10,128,0.9717361683552622,128,19,27,49,87,0.1484375,0.2109375,0.3828125,0.6796875,1250.0,128.0,10000.0,0.06344027314096597,4.118327290388099,0.032174431956157025,6.196763570488192,0.048412215394439,2.5182842939652095,0.0196740960466032,4.784282627159144,10.0,128.0,0.9818936799538971,128.0,6.0,8.0,18.0,35.0,0.046875,0.0625,0.140625,0.2734375,78.125,90,94.39
layer2.1.conv3,conv,21,512,1,False,128.0,0,16.0,16.0,160000,0.08495554522589632,12.866467931648486,0.02512982017900095,18.71758861065432,0.03655779025518422,6.551362716752199,0.012795630306156639,8.870364587444149,10,512,0.857020339040155,308,17,22,42,84,0.033203125,0.04296875,0.08203125,0.1640625,312.5,512.0,10000.0,0.006146590637580915,4.589868011112545,0.008964585959204189,8.270897987343277,0.016154097631529838,2.4280973033874274,0.004742377545678569,8.081810547247436,10.0,512.0,0.8985046155605005,320.0,9.0,14.0,27.0,55.0,0.017578125,0.02734375,0.052734375,0.107421875,19.53125,90,94.39
layer2.1,block,22,512,1,False,,0,16.0,16.0,160000,4.7495301209661545,34.964049518601286,0.06828915921601814,71.09622263632338,0.1388598098365691,12.410618395975055,0.02423948905463878,1.9441713664837013,10,512,0.5467738808725457,511,86,151,338,477,0.16796875,0.294921875,0.66015625,0.931640625,312.5,512.0,10000.0,0.4723457798608522,8.049285685551048,0.01572126110459189,15.859567881637494,0.03097571851882323,3.607805754609817,0.007046495614472298,2.4172843073629338,10.0,512.0,0.9926962893718528,511.0,16.0,28.0,91.0,299.0,0.03125,0.0546875,0.177734375,0.583984375,19.53125,90,94.39
layer2.2.conv1,conv,23,128,1,False,128.0,0,16.0,16.0,160000,0.6516916927327552,11.0824397338071,0.08658156042036796,16.189163813295213,0.12647784229136885,5.826105176331843,0.04551644669009253,4.058308589647859,10,128,0.9803797273708665,128,14,20,35,67,0.109375,0.15625,0.2734375,0.5234375,1250.0,128.0,10000.0,0.04815890762398324,6.841485522516587,0.053449105644660835,9.908875909220441,0.0774130930407847,3.9639056906850523,0.03096801320847697,4.5657017308597965,10.0,128.0,0.981184153324513,128.0,9.0,13.0,23.0,45.0,0.0703125,0.1015625,0.1796875,0.3515625,78.125,90,94.39
layer2.2.conv2,conv,24,128,1,False,128.0,0,16.0,16.0,160000,0.4802061417331839,21.94628499891929,0.17145535155405695,32.365789163938885,0.25285772784327254,11.027737243152389,0.08615419721212804,2.9941714152176826,10,128,0.9621365656894818,128,29,39,70,109,0.2265625,0.3046875,0.546875,0.8515625,1250.0,128.0,10000.0,0.02273589739452785,5.542866022168561,0.043303640798191885,8.203765987956078,0.06409192178090686,3.1547917992572243,0.024646810931697065,3.8567585900406827,10.0,128.0,0.9692650195650853,128.0,7.0,11.0,25.0,55.0,0.0546875,0.0859375,0.1953125,0.4296875,78.125,90,94.39
layer2.2.conv3,conv,25,512,1,False,128.0,0,16.0,16.0,160000,0.06785439515634518,14.231221484436714,0.027795354461790458,23.1114244663567,0.04513950091085293,6.4749271515547555,0.012646342092880382,8.944012612272584,10,512,0.8281042434384094,312,22,32,62,103,0.04296875,0.0625,0.12109375,0.201171875,312.5,512.0,10000.0,0.005546597661323364,2.166264086321789,0.004230984543597244,3.917424683539042,0.007651220085037191,1.514806250814076,0.0029586059586212423,7.64573136232833,10.0,512.0,0.8804998086984642,320.0,5.0,8.0,23.0,58.0,0.009765625,0.015625,0.044921875,0.11328125,19.53125,90,94.39
layer2.2,block,26,512,1,False,,0,16.0,16.0,160000,4.799622876882495,46.21273891236727,0.09025925568821733,95.41945551395658,0.18636612405069644,16.457230345658864,0.03214302801886497,1.686353725423079,10,512,0.9828525618526042,512,122,206,387,490,0.23828125,0.40234375,0.755859375,0.95703125,312.5,512.0,10000.0,0.39121162223648204,9.739584777152864,0.019022626517876687,19.360452727446116,0.037813384233293196,4.196848428792669,0.008196969587485682,2.239447603937766,10.0,512.0,0.9930491581202658,512.0,20.0,37.0,127.0,362.0,0.0390625,0.072265625,0.248046875,0.70703125,19.53125,90,94.39
layer2.3.conv1,conv,27,128,1,False,128.0,0,16.0,16.0,160000,0.5479567756706496,12.787402046571906,0.09990157848884301,19.574829549345253,0.1529283558542598,6.682549907589556,0.05220742115304341,3.6474313463508463,10,128,0.9725562463314854,128,19,25,45,84,0.1484375,0.1953125,0.3515625,0.65625,1250.0,128.0,10000.0,0.026602239673282457,9.241685776307195,0.07220067012739996,13.62909784319254,0.10647732689994172,5.168564425499501,0.040379409574214854,4.158610563385935,10.0,128.0,0.9785269193105637,128.0,12.0,17.0,33.0,61.0,0.09375,0.1328125,0.2578125,0.4765625,78.125,90,94.39
layer2.3.conv2,conv,28,128,1,False,128.0,0,16.0,16.0,160000,0.4637136947036966,20.450209772394437,0.15976726384683154,31.45119595830323,0.245712468424244,8.97384525653665,0.07010816606669258,2.8558243662261087,10,128,0.9649492176811273,128,29,41,73,111,0.2265625,0.3203125,0.5703125,0.8671875,1250.0,128.0,10000.0,0.008521428047563052,7.030400445445857,0.05492500348004576,11.02046104218989,0.08609735189210851,4.320114636508622,0.03375089559772361,3.6508808792497485,10.0,128.0,0.9725523858633479,128.0,11.0,17.0,35.0,69.0,0.0859375,0.1328125,0.2734375,0.5390625,78.125,90,94.39
layer2.3.conv3,conv,29,512,1,False,128.0,0,16.0,16.0,160000,0.04185056163530201,13.667663727913158,0.026694655718580387,24.59807667542389,0.048043118506687285,4.955690751367382,0.009679083498764418,9.10495589080505,10,512,0.825470914663411,308,24,34,65,106,0.046875,0.06640625,0.126953125,0.20703125,312.5,512.0,10000.0,0.0010300522103129663,3.270020052624038,0.0063867579152813245,7.284794489047144,0.014228114236420203,1.8829036243668067,0.0036775461413414193,8.21629060428718,10.0,512.0,0.8639313224919369,318.0,10.0,16.0,35.0,78.0,0.01953125,0.03125,0.068359375,0.15234375,19.53125,90,94.39
layer2.3,block,30,512,1,False,,0,16.0,16.0,160000,4.675807101034003,56.14400927416602,0.1096562681136055,117.35063410516065,0.2292004572366419,18.975983033727474,0.03706246686274897,1.5692551844205678,10,512,0.9784718588614545,512,154,247,414,495,0.30078125,0.482421875,0.80859375,0.966796875,312.5,512.0,10000.0,0.3440606259585647,10.612051440732472,0.02072666297018061,21.878528554198027,0.04273150108241802,4.379550604414335,0.008553809774246747,2.1343941155211863,10.0,512.0,0.9934565404548471,512.0,23.0,44.0,156.0,395.0,0.044921875,0.0859375,0.3046875,0.771484375,19.53125,90,94.39
layer3.0.conv1,conv,31,256,1,False,256.0,0,16.0,16.0,160000,1.4505154852194635,20.664718045692226,0.08072155486598526,30.224103221857817,0.1180629032103821,9.913212603822293,0.03872348673368083,3.744254774905437,10,256,0.9763900815508807,256,26,34,61,128,0.1015625,0.1328125,0.23828125,0.5,625.0,256.0,10000.0,0.1320966050754076,9.155334455487525,0.035763025216748144,14.075070796931813,0.054980745300514895,4.294234839504464,0.01677435484181431,4.2862744237656045,10.0,256.0,0.9865225987939213,256.0,13.0,18.0,33.0,66.0,0.05078125,0.0703125,0.12890625,0.2578125,39.0625,90,94.39
layer3.0.conv2,conv,32,256,1,False,256.0,0,8.0,8.0,160000,2.860936707721585,25.127294531158377,0.09815349426233741,41.38150213313717,0.16164649270756706,10.734915223700249,0.041933262592579096,2.786661613131144,10,256,0.9714463397774862,256,38,55,113,203,0.1484375,0.21484375,0.44140625,0.79296875,625.0,256.0,10000.0,0.34127921118260846,9.845822690755467,0.03846024488576354,14.949742986358585,0.05839743354046322,4.99600754184636,0.019515654460337345,3.321610038430104,10.0,256.0,0.9924117949160821,256.0,13.0,19.0,38.0,104.0,0.05078125,0.07421875,0.1484375,0.40625,39.0625,90,94.39
layer3.0.conv3,conv,33,1024,1,False,256.0,0,8.0,8.0,160000,0.6385370573115005,25.059154041875182,0.024471830119018732,36.1599939532927,0.0353124940950124,12.757710748659802,0.012458701902988088,7.545719734669185,10,1024,0.8355796915702809,621,31,40,84,179,0.0302734375,0.0390625,0.08203125,0.1748046875,156.25,1024.0,10000.0,0.078055097858976,11.073936750717607,0.010814391358122663,16.795209526273737,0.016401571803001697,5.328244203713784,0.0052033634801892424,7.042875015165226,10.0,1024.0,0.8709386452247702,635.0,15.0,21.0,40.0,105.0,0.0146484375,0.0205078125,0.0390625,0.1025390625,9.765625,90,94.39
layer3.0.downsample.0,conv,34,1024,1,False,512.0,0,8.0,8.0,160000,1.6965119178544894,19.497638672503328,0.01904066276611653,31.70570577631218,0.030962603297179862,8.50081974822149,0.008301581785372549,6.018085994853922,10,1024,0.7588593924308118,751,29,41,84,209,0.0283203125,0.0400390625,0.08203125,0.2041015625,156.25,1024.0,10000.0,0.20384662796439965,7.961636414100094,0.007775035560644623,13.117457819925802,0.01281001740227129,3.862452341841854,0.0037719261150799357,5.784495286190577,10.0,1024.0,0.8154115097981884,761.0,12.0,18.0,43.0,110.0,0.01171875,0.017578125,0.0419921875,0.107421875,9.765625,90,94.39
layer3.0,block,35,1024,1,False,,0,8.0,8.0,160000,7.030351568770619,41.55012780611645,0.040576296685660596,97.80829136924571,0.09551590954027901,13.824445930147562,0.013500435478659728,1.913659836324616,10,1024,0.35765005887620893,1016,141,276,660,940,0.1376953125,0.26953125,0.64453125,0.91796875,156.25,1024.0,10000.0,0.7888664513244308,12.89432872792742,0.01259211789836662,26.30551760263189,0.025688982033820206,5.3918821790601505,0.005265509940488428,2.2388055075531077,10.0,1024.0,0.424413238197927,1016.0,27.0,55.0,244.0,729.0,0.0263671875,0.0537109375,0.23828125,0.7119140625,9.765625,90,94.39
layer3.1.conv1,conv,36,256,1,False,256.0,0,8.0,8.0,160000,1.2698221011076056,11.602172016091423,0.04532098443785712,18.34950814683063,0.07167776619855715,5.369131523155375,0.020973170012325685,3.8134544608141656,10,256,0.992906430107307,256,18,23,41,89,0.0703125,0.08984375,0.16015625,0.34765625,625.0,256.0,10000.0,0.18901966630119504,6.969914074646703,0.027226226854088684,10.68688606000182,0.04174564867188211,3.747934767282717,0.014640370184698112,4.17575820261738,10.0,256.0,0.9956737656127949,256.0,10.0,14.0,26.0,53.0,0.0390625,0.0546875,0.1015625,0.20703125,39.0625,90,94.39
layer3.1.conv2,conv,37,256,1,False,256.0,0,8.0,8.0,160000,1.0163521931737918,26.755045266843773,0.10451189557360849,42.98395386296333,0.16790606977720052,13.030230659293354,0.05089933851286466,2.848986414730779,10,256,0.9604723729734445,256,40,59,115,199,0.15625,0.23046875,0.44921875,0.77734375,625.0,256.0,10000.0,0.10462626074483858,7.183112330374535,0.028059032540525528,11.498415282612498,0.04491568469770507,3.754848846396085,0.014667378306234708,3.6415234983241933,10.0,256.0,0.977712688856475,256.0,11.0,16.0,38.0,90.0,0.04296875,0.0625,0.1484375,0.3515625,39.0625,90,94.39
layer3.1.conv3,conv,38,1024,1,False,256.0,0,8.0,8.0,160000,0.1580333956533391,20.622480423601395,0.020139141038673238,34.54296901499009,0.03373336817870126,9.74889859082479,0.009520408780102334,7.5840769463787625,10,1024,0.8086043390085533,622,33,50,115,208,0.0322265625,0.048828125,0.1123046875,0.203125,156.25,1024.0,10000.0,0.011758001266613687,7.8497007891826645,0.007665723426936196,14.707355976684418,0.014362652320980877,3.998805629993325,0.0039050836230403565,7.2872371226032,10.0,1024.0,0.8360200764813819,637.0,16.0,27.0,66.0,158.0,0.015625,0.0263671875,0.064453125,0.154296875,9.765625,90,94.39
layer3.1,block,39,1024,1,False,,0,8.0,8.0,160000,6.939010571438112,65.19803960757218,0.06366996055426971,155.35972108326587,0.15171847762037682,21.013352659431753,0.02052085220647632,1.5204011742682584,10,1024,0.985199773559009,1024,241,424,795,985,0.2353515625,0.4140625,0.7763671875,0.9619140625,156.25,1024.0,10000.0,0.6023579442374369,16.296562773341375,0.015914612083341186,37.65136242399491,0.03676890861718253,6.311694856955532,0.006163764508745636,1.8348620727657237,10.0,1024.0,0.9905690485565198,1024.0,47.0,106.0,422.0,869.0,0.0458984375,0.103515625,0.412109375,0.8486328125,9.765625,90,94.39
layer3.2.conv1,conv,40,256,1,False,256.0,0,8.0,8.0,160000,1.1447156171421518,22.232778369851207,0.08684679050723128,32.05598795803675,0.12521870296108106,10.962561536226865,0.04282250600088619,3.3091480363970605,10,256,0.9871769464238571,256,27,36,70,154,0.10546875,0.140625,0.2734375,0.6015625,625.0,256.0,10000.0,0.09468788266526927,13.065678146818971,0.05103780526101161,19.71757529808094,0.07702177850812868,6.351024245689537,0.024808688459724754,3.6229368535323516,10.0,256.0,0.9911050282850465,256.0,18.0,25.0,47.0,105.0,0.0703125,0.09765625,0.18359375,0.41015625,39.0625,90,94.39
layer3.2.conv2,conv,41,256,1,False,256.0,0,8.0,8.0,160000,0.6717028115386899,40.804898762142805,0.15939413578962033,64.7461316556754,0.252914576779982,16.429551914283948,0.06417793716517167,2.3542327547041193,10,256,0.9574352031447702,256,61,88,159,233,0.23828125,0.34375,0.62109375,0.91015625,625.0,256.0,10000.0,0.04402506299017388,11.428063880252717,0.044640874532237175,19.10556787341361,0.07463112450552191,5.55243089852002,0.02168918319734383,3.073778496745196,10.0,256.0,0.9788651274606837,256.0,18.0,28.0,66.0,149.0,0.0703125,0.109375,0.2578125,0.58203125,39.0625,90,94.39
layer3.2.conv3,conv,42,1024,1,False,256.0,0,8.0,8.0,160000,0.09439243729092688,26.367272934898757,0.025749289975487068,47.9799517244929,0.0468554216059501,8.639322759182726,0.00843683863201438,7.886445478608859,10,1024,0.7847335099540951,616,48,75,153,230,0.046875,0.0732421875,0.1494140625,0.224609375,156.25,1024.0,10000.0,0.004759669474567419,10.689500294007065,0.010438965130866274,22.53553889393704,0.02200736220111039,4.2507158247525485,0.004151089672609911,7.656010624536187,10.0,1024.0,0.8077147227068676,633.0,26.0,42.0,103.0,202.0,0.025390625,0.041015625,0.1005859375,0.197265625,9.765625,90,94.39
layer3.2,block,43,1024,1,False,,0,8.0,8.0,160000,6.525336856894127,90.30185948919446,0.08818540965741646,215.53654771912747,0.21048490988196042,27.070848405728125,0.026436375396218872,1.3734478976256939,10,1024,0.9878401510093047,1024,340,540,864,1001,0.33203125,0.52734375,0.84375,0.9775390625,156.25,1024.0,10000.0,0.48569631690806114,19.141954622223903,0.01869331506076553,48.82082169180044,0.04767658368339887,6.998460133287136,0.006834433723913218,1.6914224991015594,10.0,1024.0,0.9921598336106547,1024.0,72.0,168.0,557.0,928.0,0.0703125,0.1640625,0.5439453125,0.90625,9.765625,90,94.39
layer3.3.conv1,conv,44,256,1,False,256.0,0,8.0,8.0,160000,0.9721595791447242,26.875372528227334,0.10498192393838802,39.29665373777104,0.15350255366316812,13.229733268669209,0.0516786455807391,3.0077183024320187,10,256,0.9842748637569628,256,34,46,91,187,0.1328125,0.1796875,0.35546875,0.73046875,625.0,256.0,10000.0,0.07626383188764722,12.314796494695031,0.048104673807402465,20.478316079105365,0.07999342218400533,6.304998727099647,0.024628901277732995,3.2917114089738693,10.0,256.0,0.9879370882752031,256.0,20.0,29.0,58.0,134.0,0.078125,0.11328125,0.2265625,0.5234375,39.0625,90,94.39
layer3.3.conv2,conv,45,256,1,False,256.0,0,8.0,8.0,160000,0.5747874525326582,37.75350117281937,0.14747461395632566,64.44394201225728,0.25173414848538,12.447876104971387,0.04862451603504448,2.248327514073902,10,256,0.9568057031979611,256,64,92,166,236,0.25,0.359375,0.6484375,0.921875,625.0,256.0,10000.0,0.03522865643884474,10.220982843353235,0.039925714231848576,19.36319277567442,0.0756374717799782,4.445111855579407,0.01736371818585706,2.9844799109670155,10.0,256.0,0.9756073548132087,256.0,21.0,32.0,74.0,161.0,0.08203125,0.125,0.2890625,0.62890625,39.0625,90,94.39
layer3.3.conv3,conv,46,1024,1,False,256.0,0,8.0,8.0,160000,0.07018819534362558,26.48873173359274,0.02586790208358666,47.229903153241175,0.046122952298087085,9.614946493114896,0.009389596184682516,7.902903273607343,10,1024,0.7886798591293905,619,47,73,149,227,0.0458984375,0.0712890625,0.1455078125,0.2216796875,156.25,1024.0,10000.0,0.0035213007104091566,10.858896677407948,0.0106043912865312,22.84411864637602,0.022308709615601583,4.583657983700474,0.004476228499707494,7.687544260482037,10.0,1024.0,0.8118914188599171,636.0,27.0,42.0,102.0,199.0,0.0263671875,0.041015625,0.099609375,0.1943359375,9.765625,90,94.39
layer3.3,block,47,1024,1,False,,0,8.0,8.0,160000,5.888274487958601,115.67362798453325,0.11296252732864576,272.1805856883856,0.26580135321131404,31.67272897554178,0.03093039939017752,1.2708719350674307,10,1024,0.9881124246565508,1024,418,617,901,1008,0.408203125,0.6025390625,0.8798828125,0.984375,156.25,1024.0,10000.0,0.40272759231798966,21.582506481597797,0.02107666648593535,59.358153938736336,0.057966947205797204,7.514879631611666,0.007338749640245767,1.598363519481098,10.0,1024.0,0.9924462644236152,1024.0,99.0,228.0,643.0,956.0,0.0966796875,0.22265625,0.6279296875,0.93359375,9.765625,90,94.39
layer3.4.conv1,conv,48,256,1,False,256.0,0,8.0,8.0,160000,0.7998969464715775,30.758540446377708,0.12015054861866292,46.77281571644485,0.1827063113923627,12.948561112702308,0.05058031684649339,2.789677881944628,10,256,0.9780552882827236,256,41,57,114,208,0.16015625,0.22265625,0.4453125,0.8125,625.0,256.0,10000.0,0.06012620051197868,14.180842622241475,0.05539391649313076,24.090113465451715,0.09410200572442076,6.604117539678123,0.02579733413936767,3.089129758541272,10.0,256.0,0.985352253839179,256.0,24.0,35.0,71.0,159.0,0.09375,0.13671875,0.27734375,0.62109375,39.0625,90,94.39
layer3.4.conv2,conv,49,256,1,False,256.0,0,8.0,8.0,160000,0.4999381960378467,38.66826305605891,0.15104790256273012,66.91634728539074,0.2613919815835576,11.636033998803416,0.045453257807825845,2.2188922502356845,10,256,0.9553828930228461,256,66,95,170,238,0.2578125,0.37109375,0.6640625,0.9296875,625.0,256.0,10000.0,0.027779646900610747,15.245712548035643,0.05955356464076423,25.962952299298486,0.10141778241913471,7.474847766078215,0.029198624086243026,2.9819320132851854,10.0,256.0,0.9752527197105857,256.0,25.0,38.0,84.0,173.0,0.09765625,0.1484375,0.328125,0.67578125,39.0625,90,94.39
layer3.4.conv3,conv,50,1024,1,False,256.0,0,8.0,8.0,160000,0.047581250040013096,24.72728325973801,0.0241477375583379,45.55988892557416,0.04449207902888101,7.897160746857132,0.007712071041852668,7.938627070492504,10,1024,0.7934719890976137,616,45,70,144,223,0.0439453125,0.068359375,0.140625,0.2177734375,156.25,1024.0,10000.0,0.0025606286610749466,10.945658074256635,0.010689119213141245,23.811610912114066,0.023253526281361393,4.0325297365509964,0.0039380173208505825,7.736477547091693,10.0,1024.0,0.8182702218407143,635.0,26.0,40.0,97.0,194.0,0.025390625,0.0390625,0.0947265625,0.189453125,9.765625,90,94.39
layer3.4,block,51,1024,1,False,,0,8.0,8.0,160000,5.227120816443071,140.89604281778713,0.13759379181424525,320.80721067493937,0.3132882916747455,36.62626579079282,0.035767837686321115,1.2079622459168564,10,1024,0.985940210775935,1024,470,664,919,1010,0.458984375,0.6484375,0.8974609375,0.986328125,156.25,1024.0,10000.0,0.34619124989859845,24.417217781203856,0.02384493923945689,69.70110105347976,0.06806748149753883,8.085370084060132,0.007895869222714973,1.5520522384827977,10.0,1024.0,0.9921078729359094,1024.0,123.0,273.0,690.0,967.0,0.1201171875,0.2666015625,0.673828125,0.9443359375,9.765625,90,94.39
layer3.5.conv1,conv,52,256,1,False,256.0,0,8.0,8.0,160000,0.6356114973170329,32.627989826928086,0.12745308526143784,51.15092846868239,0.19980831433079058,11.987580502140395,0.046826486336485916,2.6808426485832575,10,256,0.9729813219481916,256,45,63,126,217,0.17578125,0.24609375,0.4921875,0.84765625,625.0,256.0,10000.0,0.04755799388901909,14.802359006271802,0.057821714868249226,26.53074485889665,0.10363572210506504,6.454215055628905,0.02521177756105041,3.0199328437253206,10.0,256.0,0.9810493991123608,256.0,28.0,40.0,80.0,171.0,0.109375,0.15625,0.3125,0.66796875,39.0625,90,94.39
layer3.5.conv2,conv,53,256,1,False,256.0,0,8.0,8.0,160000,0.5159421280715565,25.99868388318378,0.10155735891868664,52.89095500533198,0.20660529298957805,7.257208097590433,0.02834846913121263,2.356150903843091,10,256,0.9553054410395394,256,56,82,153,229,0.21875,0.3203125,0.59765625,0.89453125,625.0,256.0,10000.0,0.03418323448246809,8.58189627799178,0.03352303233590539,19.639037987940597,0.07671499214039296,3.3718278814542924,0.01317120266193083,3.187259636109916,10.0,256.0,0.9754279932345951,256.0,24.0,34.0,70.0,153.0,0.09375,0.1328125,0.2734375,0.59765625,39.0625,90,94.39
layer3.5.conv3,conv,54,1024,1,False,256.0,0,8.0,8.0,160000,0.06011931313858476,10.949856111725847,0.010693218859107272,24.070363368964912,0.023506214227504797,4.058931280502099,0.003963800078615331,7.483760394248933,10,1024,0.8299630542149761,621,26,40,92,185,0.025390625,0.0390625,0.08984375,0.1806640625,156.25,1024.0,10000.0,0.005055458031002048,5.193691245260691,0.005071964106699894,11.677703829375387,0.011404007645874402,2.5330459891437367,0.0024736777237731804,7.197814578010197,10.0,1024.0,0.8600003003164314,634.0,16.0,23.0,49.0,131.0,0.015625,0.0224609375,0.0478515625,0.1279296875,9.765625,90,94.39
layer3.5,block,55,1024,1,False,,0,8.0,8.0,160000,4.815600728049035,147.0006656186502,0.1435553375182131,338.68312153997044,0.3307452358788774,36.0597645291237,0.03521461379797236,1.1750948290365315,10,1024,0.9848888914519894,1024,492,682,926,1012,0.48046875,0.666015625,0.904296875,0.98828125,156.25,1024.0,10000.0,0.3293546159813294,26.965322066880663,0.026333322330938148,75.18433623048476,0.07342220335008277,8.725178003666414,0.008520681644205483,1.5458177946031535,10.0,1024.0,0.9922050646292818,1024.0,130.0,285.0,702.0,970.0,0.126953125,0.2783203125,0.685546875,0.947265625,9.765625,90,94.39
layer4.0.conv1,conv,56,512,1,False,512.0,0,8.0,8.0,160000,0.8751888269927757,25.53059271779365,0.04986443890194072,44.062313696124505,0.08605920643774317,8.253247066902775,0.016119623177544482,2.892172417858034,10,512,0.9731918380581435,512,39,59,140,320,0.076171875,0.115234375,0.2734375,0.625,312.5,512.0,10000.0,0.09775143532108019,13.118780563156758,0.025622618287415543,22.39673674765225,0.0437436264602583,5.990132981234051,0.011699478478972757,3.2438081825238587,10.0,512.0,0.9843758252734321,512.0,22.0,30.0,64.0,184.0,0.04296875,0.05859375,0.125,0.359375,19.53125,90,94.39
layer4.0.conv2,conv,57,512,1,False,512.0,0,4.0,4.0,160000,1.0645919512907023,22.016106036601176,0.04300020710273667,36.00718839122453,0.07032653982661041,8.827620589487895,0.017241446463843544,2.8689822239779055,10,512,0.9773700438216255,512,31,49,128,300,0.060546875,0.095703125,0.25,0.5859375,312.5,512.0,10000.0,0.23660035012005884,10.671205588825494,0.020842198415674792,16.912640683925083,0.03303250133579118,4.639890329768202,0.00906228580032852,3.103696729457135,10.0,512.0,0.9852557142857075,512.0,15.0,21.0,44.0,157.0,0.029296875,0.041015625,0.0859375,0.306640625,19.53125,90,94.39
layer4.0.conv3,conv,58,2048,1,False,512.0,0,4.0,4.0,160000,0.24713080224312495,13.415868733406226,0.006550717154983509,17.63167413078269,0.008609215884171236,7.81946817964752,0.0038180996970935154,5.35454822571019,10,2048,0.9505744434746288,1258,15,20,30,64,0.00732421875,0.009765625,0.0146484375,0.03125,78.125,2048.0,10000.0,0.08660040660401754,8.65758214223679,0.004227335030389057,11.42596450169273,0.0055790842293421536,4.588166285363289,0.0022403155690250433,4.730614409671251,10.0,2048.0,0.9768096560266095,1273.0,9.0,12.0,21.0,35.0,0.00439453125,0.005859375,0.01025390625,0.01708984375,4.8828125,90,94.39
layer4.0.downsample.0,conv,59,2048,1,False,1024.0,0,4.0,4.0,160000,0.292630820356362,19.293202343140457,0.009420508956611551,29.441892699247145,0.01437592416955427,9.792302289394636,0.0047813976022434744,5.30994312645692,10,2048,0.7301095552821153,1515,25,35,90,331,0.01220703125,0.01708984375,0.0439453125,0.16162109375,78.125,2048.0,10000.0,0.05479228815065164,9.355998907200862,0.004568358841406671,15.693690343146539,0.007662934737864521,4.269678094211116,0.0020848037569390215,5.04695823763715,10.0,2048.0,0.7724292665063144,1529.0,15.0,22.0,47.0,186.0,0.00732421875,0.0107421875,0.02294921875,0.0908203125,4.8828125,90,94.39
layer4.0,block,60,2048,1,False,,0,4.0,4.0,160000,18.78773286431532,16.828278843307054,0.008216933028958522,28.482650346679733,0.013907544114589714,8.591634596902834,0.004195134080518962,1.839199000295053,10,2048,0.9917985824936211,2048,23,40,246,1299,0.01123046875,0.01953125,0.1201171875,0.63427734375,78.125,2048.0,10000.0,5.904680781814826,8.7263377488704,0.004260907103940625,13.739052758080438,0.006708521854531464,4.28498087864744,0.0020922758196520704,2.028771080111639,10.0,2048.0,0.9897308615759651,2048.0,11.0,18.0,54.0,497.0,0.00537109375,0.0087890625,0.0263671875,0.24267578125,4.8828125,90,94.39
layer4.1.conv1,conv,61,512,1,False,512.0,0,4.0,4.0,160000,2.3048577597505817,16.041113130158763,0.031330299082341334,19.794293417279857,0.03866072933062472,7.911662790899456,0.0154524663884755,4.782546790171236,10,512,0.9915137668039327,512,17,20,26,35,0.033203125,0.0390625,0.05078125,0.068359375,312.5,512.0,10000.0,0.6103313743859325,10.987539348776313,0.021460037790578736,14.49271467987389,0.02830608335912869,5.67704072355485,0.011087970163193066,5.0243649973448035,10.0,512.0,0.9871566931463175,505.0,13.0,16.0,22.0,30.0,0.025390625,0.03125,0.04296875,0.05859375,19.53125,90,94.39
layer4.1.conv2,conv,62,512,1,False,512.0,0,4.0,4.0,160000,0.34428498601104846,22.221941843328818,0.0434022301627516,37.227619313422295,0.07271019397152792,8.743309729366224,0.017076776815168407,4.056102767513189,10,512,0.9578874804266707,512,35,49,95,179,0.068359375,0.095703125,0.185546875,0.349609375,312.5,512.0,10000.0,0.062733178213278,11.963353924087697,0.023365925632983783,16.820518795391163,0.032852575772248364,6.406512435547985,0.012512719600679659,4.239150923705485,10.0,512.0,0.9844482510491442,512.0,14.0,20.0,37.0,86.0,0.02734375,0.0390625,0.072265625,0.16796875,19.53125,90,94.39
layer4.1.conv3,conv,63,2048,1,False,512.0,0,4.0,4.0,160000,0.04980817375345244,11.027874584740303,0.005384704387080226,14.076630752604585,0.006873354859670207,6.984343042053556,0.003410323751002713,5.30452670937753,10,2048,0.955372536510711,1258,11,14,28,67,0.00537109375,0.0068359375,0.013671875,0.03271484375,78.125,2048.0,10000.0,0.02715763338002427,8.510243975866953,0.0041553925663412854,9.69573349311045,0.004734244869682837,5.884625898766449,0.002873352489632055,4.433104950332618,10.0,2048.0,0.97951886975637,1264.0,8.0,9.0,12.0,27.0,0.00390625,0.00439453125,0.005859375,0.01318359375,4.8828125,90,94.39
layer4.1,block,64,2048,1,False,,0,4.0,4.0,160000,28.547099478964675,15.300416865002054,0.007470906672364284,25.471651411849553,0.012437329790942165,8.167929242623254,0.003988246700499636,1.8562705589968116,10,2048,0.9929239524429341,2048,22,37,212,1231,0.0107421875,0.01806640625,0.103515625,0.60107421875,78.125,2048.0,10000.0,12.351589123178986,8.722350121106718,0.00425896002007164,12.094842410718996,0.005905684770858885,4.781118177840681,0.00233453036027377,2.0624918847324967,10.0,2048.0,0.9912934111511637,2048.0,9.0,13.0,41.0,339.0,0.00439453125,0.00634765625,0.02001953125,0.16552734375,4.8828125,90,94.39
layer4.2.conv1,conv,65,512,1,False,512.0,0,4.0,4.0,160000,6.694860724308651,11.265920821025828,0.02200375160356607,13.654905543946255,0.02666973739052003,6.842614910331727,0.013364482246741654,4.980352120347533,10,512,0.9896807811186394,512,11,13,21,30,0.021484375,0.025390625,0.041015625,0.05859375,312.5,512.0,10000.0,2.875551403422492,8.530376871811411,0.016660892327756662,10.105549660931953,0.01973740168150772,4.726502666288297,0.009231450520094331,5.091609946095074,10.0,512.0,0.9913022131576349,450.0,9.0,9.0,15.0,24.0,0.017578125,0.017578125,0.029296875,0.046875,19.53125,90,94.39
layer4.2.conv2,conv,66,512,1,False,512.0,0,4.0,4.0,160000,0.3617286530202157,18.675531025087036,0.03647564653337312,27.87209388387176,0.05443768336693703,7.811316360907577,0.015256477267397612,4.284377617424841,10,512,0.9754573952404635,512,24,34,62,129,0.046875,0.06640625,0.12109375,0.251953125,312.5,512.0,10000.0,0.13390957961969477,9.637005568105286,0.018822276500205636,11.018618386635174,0.021520739036396824,7.007438854780163,0.013686404013242505,4.479978925883747,10.0,512.0,0.9799283218709198,512.0,9.0,10.0,17.0,50.0,0.017578125,0.01953125,0.033203125,0.09765625,19.53125,90,94.39
layer4.2.conv3,conv,67,2048,1,False,512.0,0,4.0,4.0,160000,0.13426892967233803,8.84611884857307,0.004319393969029819,9.602495058856844,0.004688718290457443,6.813123088102898,0.0033267202578627433,4.313797334277007,10,2048,0.981535509971718,1249,8,9,10,35,0.00390625,0.00439453125,0.0048828125,0.01708984375,78.125,2048.0,10000.0,0.1094787425191777,8.609655506177402,0.004203933352625685,8.961326923133024,0.004375647911686047,6.78819336270101,0.0033145475403813527,3.434388180183069,10.0,2048.0,0.9618151773747582,1209.0,8.0,9.0,9.0,13.0,0.00390625,0.00439453125,0.00439453125,0.00634765625,4.8828125,90,94.39
layer4.2,block,68,2048,1,False,,0,4.0,4.0,160000,59.30411949116698,12.149073277697246,0.0059321646863756084,18.818661613063362,0.009188799615753595,6.914441055320038,0.0033761919215429875,1.8613875975136025,10,2048,0.9938142307638066,2048,15,29,138,1039,0.00732421875,0.01416015625,0.0673828125,0.50732421875,78.125,2048.0,10000.0,38.1979633634322,8.793860635103645,0.0042938772632342016,11.014953591222778,0.005378395308214247,5.309951104860131,0.002592749562919986,2.1599015487331785,10.0,2048.0,0.9932788789704227,2048.0,9.0,9.0,34.0,206.0,0.00439453125,0.00439453125,0.0166015625,0.1005859375,4.8828125,90,94.39
fc,linear,69,10,1,False,,0,,,10000,182.60810912306832,6.485673391830618,0.6485673391830618,7.616401180318886,0.7616401180318886,3.581006428652894,0.3581006428652894,,10,10,,9,8,8,9,9,0.8,0.8,0.9,0.9,1000.0,,,,,,,,,,,,,,,,,,,,,,,,90,94.39
conv1,conv,0,64,1,False,27.0,0,32.0,32.0,160000,9.635224808694081,4.130955606221163,0.06454618134720568,5.154062983405252,0.08053223411570706,2.595625826909857,0.04055665354546652,13.606153131274056,10,64,0.9594992278360035,43,5,6,8,10,0.078125,0.09375,0.125,0.15625,2500.0,64.0,10000.0,2.0661142718142176,2.3742428864409533,0.037097545100639895,2.662958278136391,0.04160872309588111,1.8301623121106827,0.028596286126729417,8.60001535164791,10.0,64.0,0.8182576057872722,40.0,3.0,3.0,3.0,5.0,0.046875,0.046875,0.046875,0.078125,156.25,100,95.53
layer1.0.conv1,conv,1,64,1,False,64.0,0,32.0,32.0,160000,0.08062826192498787,5.505394517957114,0.08602178934307991,7.02414278805663,0.10975223106338484,3.239944446526423,0.05062413197697536,8.980874204776816,10,64,0.9465520663415435,62,7,8,10,13,0.109375,0.125,0.15625,0.203125,2500.0,64.0,10000.0,0.006433012163096281,3.9556742413344113,0.061807410020850176,4.799384877818968,0.07499038871592137,2.813510313752191,0.04396109865237798,9.59056103608601,10.0,64.0,0.9656687416406938,60.0,4.0,5.0,9.0,14.0,0.0625,0.078125,0.140625,0.21875,156.25,100,95.53
layer1.0.conv2,conv,2,64,1,False,64.0,0,32.0,32.0,160000,0.22068565863111694,8.591105541285154,0.13423602408258054,12.029923160629133,0.1879675493848302,4.8682848199382445,0.07606695031153507,5.230857410486404,10,64,0.9662906250340444,64,11,14,23,37,0.171875,0.21875,0.359375,0.578125,2500.0,64.0,10000.0,0.005411326070663655,2.538612345959266,0.039665817905613535,4.171732925823078,0.0651833269659856,1.669271618386798,0.026082369037293718,5.792847617344054,10.0,64.0,0.9665909966165434,64.0,4.0,6.0,12.0,23.0,0.0625,0.09375,0.1875,0.359375,156.25,100,95.53
layer1.0.conv3,conv,3,256,1,False,64.0,0,32.0,32.0,160000,0.07926803049015024,6.316887775250345,0.02467534287207166,8.458737184005118,0.03304194212501999,3.9433707296400513,0.01540379191265645,10.144325188734447,10,256,0.9061098291588247,150,7,10,15,28,0.02734375,0.0390625,0.05859375,0.109375,625.0,256.0,10000.0,0.0010629219563312445,4.513741314327672,0.01763180200909247,6.455006445653006,0.025214868928332055,2.806068347344604,0.01096120448181486,9.767403460358242,10.0,256.0,0.9192303747504224,152.0,6.0,8.0,14.0,24.0,0.0234375,0.03125,0.0546875,0.09375,39.0625,100,95.53
layer1.0.downsample.0,conv,4,256,1,False,64.0,0,32.0,32.0,160000,0.3162580462316597,6.625806433267347,0.025882056379950575,7.763131871412015,0.030324733872703184,4.66661409382225,0.018228961303993162,8.356408378367997,10,256,0.9587257364636798,149,7,8,9,13,0.02734375,0.03125,0.03515625,0.05078125,625.0,256.0,10000.0,0.05876171549687307,2.928830643651556,0.011440744701763891,3.5936687861682137,0.014037768695969585,2.0478375507759186,0.007999365432718432,7.824748463868395,10.0,256.0,0.9663312569061917,149.0,3.0,4.0,6.0,12.0,0.01171875,0.015625,0.0234375,0.046875,39.0625,100,95.53
layer1.0,block,5,256,1,False,,0,32.0,32.0,160000,1.5383593564693652,16.221089105790952,0.0633636293194959,27.358530760678747,0.10686926078390135,8.043196098549114,0.031418734759957476,4.761410437416565,10,256,0.23109332835455054,241,27,43,105,192,0.10546875,0.16796875,0.41015625,0.75,625.0,256.0,10000.0,0.16414964989585779,4.83275202495898,0.018877937597496015,7.904865487470919,0.030878380810433276,2.6879576646309666,0.010499834627464713,4.684248344648064,10.0,256.0,0.3587823954466305,241.0,7.0,12.0,27.0,77.0,0.02734375,0.046875,0.10546875,0.30078125,39.0625,100,95.53
layer1.1.conv1,conv,6,64,1,False,64.0,0,32.0,32.0,160000,0.2132351939345326,6.101141440326223,0.09533033500509723,8.418483423085052,0.13153880348570393,3.5784716673616583,0.05591361980252591,5.1342705638386095,10,64,0.9778608197704629,64,8,10,16,29,0.125,0.15625,0.25,0.453125,2500.0,64.0,10000.0,0.006782761933555049,5.278170527565305,0.08247141449320788,7.320735036875803,0.11438648495118442,3.254771125122058,0.050855798830032155,5.99557268094446,10.0,64.0,0.9815921940790071,64.0,7.0,9.0,15.0,25.0,0.109375,0.140625,0.234375,0.390625,156.25,100,95.53
layer1.1.conv2,conv,7,64,1,False,64.0,0,32.0,32.0,160000,0.24583427299256583,10.790498264233818,0.1686015353786534,14.75761658713536,0.23058775917399,5.576164148165671,0.08712756481508861,4.2501937093103015,10,64,0.9421848384206132,64,12,17,28,47,0.1875,0.265625,0.4375,0.734375,2500.0,64.0,10000.0,0.004826440756065231,2.4271794811729483,0.03792467939332732,3.897634840443915,0.06090054438193617,1.6474487446653499,0.02574138663539609,5.144371339549092,10.0,64.0,0.9605726136506796,64.0,4.0,6.0,12.0,24.0,0.0625,0.09375,0.1875,0.375,156.25,100,95.53
layer1.1.conv3,conv,8,256,1,False,64.0,0,32.0,32.0,160000,0.05357147837530477,8.377732234600941,0.03272551654140993,11.416108927408024,0.04459417549768759,4.639289866180257,0.01812222603976663,10.62501376202353,10,256,0.8919722768022637,156,10,13,21,38,0.0390625,0.05078125,0.08203125,0.1484375,625.0,256.0,10000.0,0.0007778431172460796,3.0911210876539763,0.012074691748648345,5.1315797256518305,0.020045233303327463,1.9130885348558884,0.007473002089280814,9.793642487029286,10.0,256.0,0.9180415617210073,156.0,6.0,8.0,14.0,26.0,0.0234375,0.03125,0.0546875,0.1015625,39.0625,100,95.53
layer1.1,block,9,256,1,False,,0,32.0,32.0,160000,2.0705649123878684,19.49798213865093,0.07616399272910519,35.62663552047138,0.13916654500184134,8.095433987342068,0.03162278901305495,2.963952712614254,10,256,0.24878659082359744,252,38,61,140,223,0.1484375,0.23828125,0.546875,0.87109375,625.0,256.0,10000.0,0.17059669945850914,5.332733753758821,0.020830991225620394,8.985874680341514,0.03510107297008404,2.831502269888201,0.011060555741750785,3.46603308386508,10.0,256.0,0.46736316483740437,252.0,9.0,13.0,32.0,97.0,0.03515625,0.05078125,0.125,0.37890625,39.0625,100,95.53
layer1.2.conv1,conv,10,64,1,False,64.0,0,32.0,32.0,160000,0.279227641865877,4.078370159621799,0.06372453374409061,6.17481064903404,0.09648141639115687,2.4074103800493147,0.03761578718827054,4.5140832309803764,10,64,0.9548920843033029,64,6,8,15,31,0.09375,0.125,0.234375,0.484375,2500.0,64.0,10000.0,0.004309676545740511,3.54658918703717,0.055415456047455784,5.847224280189659,0.09136287937796342,2.128972619339765,0.033265197177183826,5.50479274815596,10.0,64.0,0.9763113784866811,64.0,7.0,9.0,15.0,27.0,0.109375,0.140625,0.234375,0.421875,156.25,100,95.53
layer1.2.conv2,conv,11,64,1,False,64.0,0,32.0,32.0,160000,0.5067297267819757,8.07714208785973,0.1262053451228083,10.407070769688563,0.1626104807763838,4.803166563908278,0.07504947756106685,4.329049282555915,10,64,0.9874284741906204,64,9,11,18,36,0.140625,0.171875,0.28125,0.5625,2500.0,64.0,10000.0,0.0010280332907833087,2.2954059653976926,0.03586571820933895,4.043776096626028,0.06318400150978169,1.5563714019683834,0.02431830315575599,4.969569009369777,10.0,64.0,0.9804410021642787,64.0,5.0,7.0,13.0,25.0,0.078125,0.109375,0.203125,0.390625,156.25,100,95.53
layer1.2.conv3,conv,12,256,1,False,64.0,0,32.0,32.0,160000,0.05310293628779695,7.717918072471237,0.03014811747059077,11.624798747619149,0.0454093701078873,3.7425146445164734,0.014619197830142474,10.811695328213956,10,256,0.9125615459897449,156,11,15,23,35,0.04296875,0.05859375,0.08984375,0.13671875,625.0,256.0,10000.0,0.0035900399691702854,1.7420935240340405,0.006805052828257971,2.5732951641379036,0.010051934234913686,1.342539797810885,0.00524429608519877,8.84196793028216,10.0,256.0,0.9598517900356047,146.0,3.0,4.0,6.0,12.0,0.01171875,0.015625,0.0234375,0.046875,39.0625,100,95.53
layer1.2,block,13,256,1,False,,0,32.0,32.0,160000,2.1658447291292955,27.067366082227903,0.10573189875870274,48.482431161478814,0.18938449672452662,10.457981911932425,0.040851491843486035,2.072961707908748,10,256,0.9809128880423769,256,51,82,170,238,0.19921875,0.3203125,0.6640625,0.9296875,625.0,256.0,10000.0,0.21237380258560362,6.017636174499172,0.02350639130663739,10.404044077355456,0.04064079717716975,3.0486963741212874,0.011908970211411279,2.9353974560874314,10.0,256.0,0.9962574481382716,256.0,10.0,15.0,35.0,109.0,0.0390625,0.05859375,0.13671875,0.42578125,39.0625,100,95.53
layer2.0.conv1,conv,14,128,1,False,128.0,0,32.0,32.0,160000,0.5628194449704282,7.470243311054892,0.058361275867616344,10.574697152722514,0.08261482150564464,4.258235565319452,0.033267465354058216,5.001539773168387,10,128,0.9776380274195727,128,9,14,23,42,0.0703125,0.109375,0.1796875,0.328125,1250.0,128.0,10000.0,0.04753657355992173,2.8833790071532315,0.02252639849338462,4.93694799837776,0.03856990623732625,1.807814162334407,0.014123548143237555,5.900114087266205,10.0,128.0,0.9906014043519041,128.0,6.0,8.0,14.0,25.0,0.046875,0.0625,0.109375,0.1953125,78.125,100,95.53
layer2.0.conv2,conv,15,128,1,False,128.0,0,16.0,16.0,160000,1.2412724551594656,12.489804560992194,0.09757659813275152,17.532180892703728,0.13697016322424788,6.99668172255719,0.054661575957478045,3.9071524896508594,10,128,0.9786863436319148,128,15,20,38,73,0.1171875,0.15625,0.296875,0.5703125,1250.0,128.0,10000.0,0.09962568361621468,3.8147882583044463,0.029803033268003487,5.52245923547615,0.04314421277715742,2.3621945196871,0.01845464468505547,4.6029845995006236,10.0,128.0,0.9880322616511178,128.0,5.0,7.0,13.0,27.0,0.0390625,0.0546875,0.1015625,0.2109375,78.125,100,95.53
layer2.0.conv3,conv,16,512,1,False,128.0,0,16.0,16.0,160000,0.22515738276017289,12.135392338758894,0.023701938161638465,16.292480880653002,0.031821251720025395,7.4468450668637,0.014544619271218164,8.400580131915266,10,512,0.8914722080314276,312,14,18,31,63,0.02734375,0.03515625,0.060546875,0.123046875,312.5,512.0,10000.0,0.018350949687620712,3.818423071661633,0.007457857561839127,5.819995028073804,0.011367177789206649,2.2979281730172336,0.004488140962924284,7.178043472648316,10.0,512.0,0.937805560411481,316.0,6.0,7.0,15.0,32.0,0.01171875,0.013671875,0.029296875,0.0625,19.53125,100,95.53
layer2.0.downsample.0,conv,17,512,1,False,256.0,0,16.0,16.0,160000,0.9965812291152069,11.297824002275764,0.02206606250444485,16.09899550988011,0.031443350605234587,5.680112969813858,0.011093970644167691,6.904459798752044,10,512,0.8383171944440471,375,14,19,34,68,0.02734375,0.037109375,0.06640625,0.1328125,312.5,512.0,10000.0,0.18804617896395046,4.001451208501828,0.007815334391605132,6.11975966482332,0.011952655595358047,2.3378818374632564,0.004566175463795423,6.064766621009204,10.0,512.0,0.9384446551422269,381.0,6.0,8.0,15.0,29.0,0.01171875,0.015625,0.029296875,0.056640625,19.53125,100,95.53
layer2.0,block,18,512,1,False,,0,16.0,16.0,160000,4.072286808303641,23.907542258292388,0.04669441847322732,49.10366691352197,0.0959055994404726,9.115926082469748,0.017804543129823727,2.155643543420647,10,512,0.510857471409325,510,57,105,276,453,0.111328125,0.205078125,0.5390625,0.884765625,312.5,512.0,10000.0,0.5799217157039345,5.788057968948962,0.011304800720603442,10.864171374316435,0.021219084715461786,2.911387149430809,0.005686303026232049,2.6410822164067396,10.0,512.0,0.9070718673305398,509.0,11.0,18.0,52.0,202.0,0.021484375,0.03515625,0.1015625,0.39453125,19.53125,100,95.53
layer2.1.conv1,conv,19,128,1,False,128.0,0,16.0,16.0,160000,0.6264067573031838,5.972028327200727,0.04665647130625568,9.349896286875806,0.07304606474121723,3.1468742897031685,0.024584955388306004,4.5185452817658875,10,128,0.987392911266125,128,9,13,23,45,0.0703125,0.1015625,0.1796875,0.3515625,1250.0,128.0,10000.0,0.18414974183472332,2.539195444560373,0.019837464410627913,3.8750923636605235,0.03027415909109784,1.695184284910176,0.01324362722586075,5.092444716307533,10.0,128.0,0.990664354775979,128.0,4.0,5.0,10.0,21.0,0.03125,0.0390625,0.078125,0.1640625,78.125,100,95.53
layer2.1.conv2,conv,20,128,1,False,128.0,0,16.0,16.0,160000,0.41118627126874485,16.396890678692195,0.12810070842728277,23.07052378530043,0.1802384670726596,9.032003902893393,0.07056253049135464,3.584746177426342,10,128,0.9724687383657696,128,19,27,50,88,0.1484375,0.2109375,0.390625,0.6875,1250.0,128.0,10000.0,0.04623061401189861,4.566849064421559,0.03567850831579343,6.6517349911128285,0.05196667961806897,2.8652715771466526,0.022384934196458223,4.761720549341491,10.0,128.0,0.9811375292136033,128.0,6.0,9.0,19.0,36.0,0.046875,0.0703125,0.1484375,0.28125,78.125,100,95.53
layer2.1.conv3,conv,21,512,1,False,128.0,0,16.0,16.0,160000,0.0653522100885949,13.764864479379508,0.0268845009362881,19.595577356395665,0.038272612024210284,7.541576359294219,0.014729641326746522,8.89926217507076,10,512,0.857540146618138,310,17,22,44,85,0.033203125,0.04296875,0.0859375,0.166015625,312.5,512.0,10000.0,0.004401242525799086,5.864946794968653,0.011454974208923151,9.43663940515563,0.01843093633819459,3.1723021304105994,0.006195902598458202,8.118758371857435,10.0,512.0,0.8932661820158552,319.0,9.0,14.0,28.0,57.0,0.017578125,0.02734375,0.0546875,0.111328125,19.53125,100,95.53
layer2.1,block,22,512,1,False,,0,16.0,16.0,160000,4.242515032076681,34.719478397186535,0.06781148124450495,71.53410822613628,0.13971505512917243,11.627302419734978,0.02270957503854488,1.9393085413720446,10,512,0.5464803530396404,511,87,153,339,478,0.169921875,0.298828125,0.662109375,0.93359375,312.5,512.0,10000.0,0.42472907851054614,7.650137297633945,0.014941674409441299,15.628255036612444,0.03052393561838368,3.3934699079995383,0.006627870914061598,2.5121225827742077,10.0,512.0,0.6574724764964586,511.0,16.0,28.0,92.0,299.0,0.03125,0.0546875,0.1796875,0.583984375,19.53125,100,95.53
layer2.2.conv1,conv,23,128,1,False,128.0,0,16.0,16.0,160000,0.5180139995016817,11.41724166964306,0.0891972005440864,16.569837822856076,0.1294518579910631,5.758149305855986,0.04498554145199989,4.058852095569231,10,128,0.9804393685128141,128,14,20,35,68,0.109375,0.15625,0.2734375,0.53125,1250.0,128.0,10000.0,0.039343358321263996,6.289492219686761,0.04913665796630282,9.542270398010452,0.07454898748445665,3.4418354310027177,0.026889339304708732,4.569510679598085,10.0,128.0,0.981279738680106,128.0,9.0,13.0,24.0,45.0,0.0703125,0.1015625,0.1875,0.3515625,78.125,100,95.53
layer2.2.conv2,conv,24,128,1,False,128.0,0,16.0,16.0,160000,0.3800078357704676,21.877845286083065,0.17092066629752395,32.43435874242834,0.2533934276752214,10.938734615839167,0.08545886418624349,2.97031508233621,10,128,0.9617916683434955,128,29,40,70,109,0.2265625,0.3125,0.546875,0.8515625,1250.0,128.0,10000.0,0.018024520663689408,5.4545574983714715,0.04261373045602712,8.140479222013406,0.06359749392197973,3.079702339085287,0.024060174524103806,3.8555654832877004,10.0,128.0,0.9686964739489883,128.0,7.0,11.0,25.0,55.0,0.0546875,0.0859375,0.1953125,0.4296875,78.125,100,95.53
layer2.2.conv3,conv,25,512,1,False,128.0,0,16.0,16.0,160000,0.05433254481475652,13.816313308993294,0.026984986931627528,22.825157541137898,0.04458038582253496,6.066819044741434,0.011849255946760614,8.94731338172123,10,512,0.8264553214727296,310,22,32,62,103,0.04296875,0.0625,0.12109375,0.201171875,312.5,512.0,10000.0,0.0046929710678447764,2.066859490263459,0.004036834941920819,3.711785797743086,0.007249581636216965,1.4727792520154135,0.0028765219765926045,7.640590653083725,10.0,512.0,0.880232987258085,319.0,4.0,7.0,22.0,57.0,0.0078125,0.013671875,0.04296875,0.111328125,19.53125,100,95.53
layer2.2,block,26,512,1,False,,0,16.0,16.0,160000,4.279858833659918,45.91917551690283,0.08968588968145084,95.99362761896866,0.18748755394329816,15.308779775658051,0.02989996049933213,1.681490472831596,10,512,0.9822658236443212,512,124,208,388,490,0.2421875,0.40625,0.7578125,0.95703125,312.5,512.0,10000.0,0.35510595586314603,9.091940226019705,0.017757695753944737,18.879581227547618,0.03687418208505394,3.8332223928488482,0.007486762486032907,2.24443385311826,10.0,512.0,0.9930418479566692,512.0,20.0,36.0,127.0,361.0,0.0390625,0.0703125,0.248046875,0.705078125,19.53125,100,95.53
layer2.3.conv1,conv,27,128,1,False,128.0,0,16.0,16.0,160000,0.43748824601382,12.837747441066027,0.10029490188332833,19.69108423459186,0.1538365955827489,6.630058451901581,0.0517973316554811,3.634377083089591,10,128,0.9720739473268016,128,19,26,46,84,0.1484375,0.203125,0.359375,0.65625,1250.0,128.0,10000.0,0.021851055653510996,8.486817789140082,0.06630326397765689,13.169688718766588,0.10288819311536397,4.204355140777301,0.03284652453732267,4.15347536985931,10.0,128.0,0.9776206065405068,128.0,12.0,17.0,33.0,61.0,0.09375,0.1328125,0.2578125,0.4765625,78.125,100,95.53
layer2.3.conv2,conv,28,128,1,False,128.0,0,16.0,16.0,160000,0.37424714451938634,20.59456917009589,0.16089507164137415,31.44204819915607,0.2456410015559068,9.256203206077211,0.07231408754747821,2.851131101929563,10,128,0.9651696231090642,128,29,41,73,111,0.2265625,0.3203125,0.5703125,0.8671875,1250.0,128.0,10000.0,0.007092859638334623,6.490260073964628,0.05070515682784866,10.418897085997957,0.08139763348435904,3.7441252579790967,0.029250978577961693,3.6400970193391378,10.0,128.0,0.9717588458091053,128.0,10.0,16.0,34.0,69.0,0.078125,0.125,0.265625,0.5390625,78.125,100,95.53
layer2.3.conv3,conv,29,512,1,False,128.0,0,16.0,16.0,160000,0.034460572654403034,11.65960429760387,0.02277266464375756,22.944998611043644,0.04481445041219462,4.228714219856974,0.008259207460658152,9.085084685738924,10,512,0.8234587183601679,310,24,34,65,106,0.046875,0.06640625,0.126953125,0.20703125,312.5,512.0,10000.0,0.0009565060466361991,2.6281919750748477,0.005133187451318062,5.845223274040037,0.011416451707109447,1.6598544007380136,0.003241903126441433,8.128911255224953,10.0,512.0,0.8660281410913927,318.0,9.0,15.0,33.0,75.0,0.017578125,0.029296875,0.064453125,0.146484375,19.53125,100,95.53
layer2.3,block,30,512,1,False,,0,16.0,16.0,160000,4.134170616313809,55.9127709354489,0.10920463073329863,118.55439150775712,0.23155154591358812,17.678788617868747,0.0345288840192749,1.560138105777619,10,512,0.9776568054617283,512,157,250,415,495,0.306640625,0.48828125,0.810546875,0.966796875,312.5,512.0,10000.0,0.31366726096208986,9.788131206050103,0.019117443761816608,21.16943134359855,0.04134654559296592,3.969561258874704,0.007753049333739656,2.1360707770990297,10.0,512.0,0.9934898904162784,512.0,23.0,43.0,155.0,395.0,0.044921875,0.083984375,0.302734375,0.771484375,19.53125,100,95.53
layer3.0.conv1,conv,31,256,1,False,256.0,0,16.0,16.0,160000,1.1534397951359232,20.00271493227746,0.07813560520420883,29.992771764334634,0.11715926470443216,9.056267364696513,0.035376044393345754,3.7377963681978614,10,256,0.9754725267817919,256,27,35,61,129,0.10546875,0.13671875,0.23828125,0.50390625,625.0,256.0,10000.0,0.11037242691556763,7.727546801292807,0.030185729692550026,13.036984487598223,0.05092572065468056,3.4995671815136835,0.013670184302787826,4.2918755712148995,10.0,256.0,0.9863305923972764,256.0,12.0,18.0,33.0,66.0,0.046875,0.0703125,0.12890625,0.2578125,39.0625,100,95.53
layer3.0.conv2,conv,32,256,1,False,256.0,0,8.0,8.0,160000,2.326606057275368,25.565237116117157,0.09986420748483264,41.87075502194207,0.1635576368044612,11.637045447301302,0.04545720877852071,2.783465589109611,10,256,0.9716651728900528,256,39,56,113,204,0.15234375,0.21875,0.44140625,0.796875,625.0,256.0,10000.0,0.28378327201442666,9.656365707718674,0.03772017854577607,14.850956012633999,0.05801154692435156,4.8511221237661895,0.018949695795961678,3.326391222784657,10.0,256.0,0.9925370279169852,256.0,13.0,19.0,37.0,104.0,0.05078125,0.07421875,0.14453125,0.40625,39.0625,100,95.53
layer3.0.conv3,conv,33,1024,1,False,256.0,0,8.0,8.0,160000,0.5084675164800943,25.820415223221467,0.025215249241427214,37.02884101843586,0.03616097755706627,12.906922824394881,0.012604416820698126,7.549369491812244,10,1024,0.833768841673248,616,31,41,85,180,0.0302734375,0.0400390625,0.0830078125,0.17578125,156.25,1024.0,10000.0,0.06351152880274355,10.995602309496276,0.010737892880367457,16.897467667848723,0.01650143326938352,5.212629305783244,0.005090458306428949,7.036883000987061,10.0,1024.0,0.8715679953844608,635.0,15.0,21.0,40.0,105.0,0.0146484375,0.0205078125,0.0390625,0.1025390625,9.765625,100,95.53
layer3.0.downsample.0,conv,34,1024,1,False,512.0,0,8.0,8.0,160000,1.3496221749884656,18.91127856295636,0.01846804547163707,31.448115595697658,0.030711050386423494,8.078069226208543,0.00788873947871928,6.044798557492801,10,1024,0.7574513400580696,753,29,41,84,210,0.0283203125,0.0400390625,0.08203125,0.205078125,156.25,1024.0,10000.0,0.16879962622120345,7.2548568135007745,0.00708482110693435,12.50385743646156,0.012210798277794492,3.459743352469506,0.003378655617646002,5.778562162053846,10.0,1024.0,0.8166902966130772,763.0,12.0,18.0,43.0,109.0,0.01171875,0.017578125,0.0419921875,0.1064453125,9.765625,100,95.53
layer3.0,block,35,1024,1,False,,0,8.0,8.0,160000,6.063330049660282,41.7975611664106,0.040817930826572854,99.57040783958166,0.09723672640584147,13.542047248636084,0.013224655516246176,1.8771778101694427,10,1024,0.37716401546058465,1016,144,281,664,942,0.140625,0.2744140625,0.6484375,0.919921875,156.25,1024.0,10000.0,0.697803006805962,12.393373518703681,0.012102903826859064,26.116256669763846,0.025504156904066256,5.0473451118142965,0.004929047960756149,2.1541908959798275,10.0,1024.0,0.5595606695954644,1016.0,27.0,56.0,246.0,729.0,0.0263671875,0.0546875,0.240234375,0.7119140625,9.765625,100,95.53
layer3.1.conv1,conv,36,256,1,False,256.0,0,8.0,8.0,160000,0.9827806604316901,11.729358685793237,0.04581780736637983,18.488825881589364,0.07222197609995845,5.76898136503393,0.02253508345716379,3.8113600572961452,10,256,0.9926402429141308,256,18,24,41,90,0.0703125,0.09375,0.16015625,0.3515625,625.0,256.0,10000.0,0.15167539443602907,6.862942447246209,0.026808368934555505,10.581989198653039,0.041335895307238434,3.7913922409354757,0.014810125941154202,4.179086791145175,10.0,256.0,0.9954655804694622,256.0,10.0,14.0,26.0,53.0,0.0390625,0.0546875,0.1015625,0.20703125,39.0625,100,95.53
layer3.1.conv2,conv,37,256,1,False,256.0,0,8.0,8.0,160000,0.8271233455523442,28.49149630753609,0.11129490745131285,44.523695491195404,0.17392068551248205,13.985465213776992,0.054630723491316376,2.8512579099294366,10,256,0.9610578661240863,256,41,59,116,200,0.16015625,0.23046875,0.453125,0.78125,625.0,256.0,10000.0,0.0877316063153758,7.62121327262906,0.029770364346207265,11.87382381225084,0.046382124266604846,4.245252739673099,0.01658301851434804,3.64883639715607,10.0,256.0,0.9778546225961243,256.0,11.0,17.0,38.0,90.0,0.04296875,0.06640625,0.1484375,0.3515625,39.0625,100,95.53
layer3.1.conv3,conv,38,1024,1,False,256.0,0,8.0,8.0,160000,0.1227397124057709,22.015010190167928,0.021499033388835867,36.33877852845811,0.03548708840669737,9.686150390075559,0.009459131240308163,7.640463810865911,10,1024,0.8061411370032856,620,34,52,119,209,0.033203125,0.05078125,0.1162109375,0.2041015625,156.25,1024.0,10000.0,0.009263515764670657,8.332048380465075,0.008136765996547925,15.479478662540387,0.015116678381387097,4.285742287430888,0.0041852952025692265,7.348428895343034,10.0,1024.0,0.8338701236644857,634.0,17.0,28.0,68.0,161.0,0.0166015625,0.02734375,0.06640625,0.1572265625,9.765625,100,95.53
layer3.1,block,39,1024,1,False,,0,8.0,8.0,160000,5.926654177293226,67.92716802681578,0.06633512502618728,161.87693429444428,0.15808294364691824,20.929871266687165,0.020439327408874185,1.5088332721778672,10,1024,0.9848131047386934,1024,252,437,802,987,0.24609375,0.4267578125,0.783203125,0.9638671875,156.25,1024.0,10000.0,0.5235848882588551,15.810857653537132,0.015440290677282356,37.99086486175079,0.0371004539665535,5.851202992442521,0.005714065422307149,1.8304416282494425,10.0,1024.0,0.9904686501881583,1024.0,49.0,110.0,431.0,872.0,0.0478515625,0.107421875,0.4208984375,0.8515625,9.765625,100,95.53
layer3.2.conv1,conv,40,256,1,False,256.0,0,8.0,8.0,160000,0.8599463363620118,23.46250749360814,0.0916504198969068,33.39723825094494,0.13045796191775366,10.791143572713693,0.042152904580912864,3.3055958142931865,10,256,0.9869987080381574,256,28,37,71,156,0.109375,0.14453125,0.27734375,0.609375,625.0,256.0,10000.0,0.07320174165212852,13.296740860773573,0.05194039398739677,20.17491235630519,0.07880825139181714,6.198949879387665,0.024214647966358065,3.622687560091359,10.0,256.0,0.9908619034833491,256.0,18.0,26.0,48.0,106.0,0.0703125,0.1015625,0.1875,0.4140625,39.0625,100,95.53
layer3.2.conv2,conv,41,256,1,False,256.0,0,8.0,8.0,160000,0.5212793308090576,42.67122190955256,0.16668446058418968,67.47336245296208,0.2635678220818831,15.733314256872529,0.061458258815908315,2.3339877232689674,10,256,0.9552839534590813,256,63,91,162,234,0.24609375,0.35546875,0.6328125,0.9140625,625.0,256.0,10000.0,0.03602157811512929,11.798764079117142,0.046088922184051334,19.617168909423803,0.07662956605243673,6.00840123335183,0.023470317317780588,3.0719787450333933,10.0,256.0,0.9796497339880804,256.0,19.0,28.0,67.0,150.0,0.07421875,0.109375,0.26171875,0.5859375,39.0625,100,95.53
layer3.2.conv3,conv,42,1024,1,False,256.0,0,8.0,8.0,160000,0.07554932593110496,26.16028596348865,0.025547154261219385,49.548113640683724,0.0483868297272302,7.87685190288893,0.007692238186414971,7.879285434570129,10,1024,0.7847860991301381,621,50,78,156,231,0.048828125,0.076171875,0.15234375,0.2255859375,156.25,1024.0,10000.0,0.004217519980967186,9.83919952158443,0.009608593282797295,21.770230565738434,0.02125999078685394,3.8995464043291466,0.003808150785477682,7.651659087321459,10.0,1024.0,0.8074166705896344,635.0,25.0,41.0,102.0,201.0,0.0244140625,0.0400390625,0.099609375,0.1962890625,9.765625,100,95.53
layer3.2,block,43,1024,1,False,,0,8.0,8.0,160000,5.505482457456479,96.28785113709483,0.09403110462606917,228.31519320108814,0.22296405586043763,27.801989506056525,0.027150380377008326,1.3553851969927808,10,1024,0.9866286163678414,1024,357,557,871,1002,0.3486328125,0.5439453125,0.8505859375,0.978515625,156.25,1024.0,10000.0,0.4166792012038214,18.96923943750971,0.018524647888193076,50.280357196862305,0.049101911325060844,6.583604263310452,0.006429301038389113,1.6820363519650825,10.0,1024.0,0.9915829039023842,1024.0,76.0,178.0,570.0,932.0,0.07421875,0.173828125,0.556640625,0.91015625,9.765625,100,95.53
layer3.3.conv1,conv,44,256,1,False,256.0,0,8.0,8.0,160000,0.7193694862478498,28.10339334556113,0.10977888025609817,40.75897953923508,0.15921476382513702,13.759832216805426,0.0537493445968962,2.9903007861732207,10,256,0.9836883680466354,256,35,47,94,190,0.13671875,0.18359375,0.3671875,0.7421875,625.0,256.0,10000.0,0.05727070143639692,12.432770907709235,0.0485655113582392,21.113221438446132,0.0824735212439302,5.704099161127876,0.022281637348155765,3.2828328682041366,10.0,256.0,0.9872035484251388,256.0,21.0,31.0,60.0,138.0,0.08203125,0.12109375,0.234375,0.5390625,39.0625,100,95.53
layer3.3.conv2,conv,45,256,1,False,256.0,0,8.0,8.0,160000,0.4401627597865818,40.093543026735645,0.15661540244818611,67.37623571410728,0.26318842075823157,13.230777245395531,0.051682723614826294,2.2300315886175626,10,256,0.954602624849167,256,66,94,169,237,0.2578125,0.3671875,0.66015625,0.92578125,625.0,256.0,10000.0,0.02757502904192367,10.377338400177221,0.04053647812569227,20.072343845185156,0.07840759314525451,4.378946464884365,0.01710525962845455,2.973504527397551,10.0,256.0,0.9756851142323748,256.0,22.0,34.0,76.0,164.0,0.0859375,0.1328125,0.296875,0.640625,39.0625,100,95.53
layer3.3.conv3,conv,46,1024,1,False,256.0,0,8.0,8.0,160000,0.05315122343878578,28.83014496869981,0.028154438445995907,50.22480286201643,0.04904765904493792,10.621626371969258,0.010372682003876229,7.944244217401936,10,1024,0.7855507982092317,618,49,76,154,229,0.0478515625,0.07421875,0.150390625,0.2236328125,156.25,1024.0,10000.0,0.002732369215247553,10.761709136762843,0.010509481578869963,23.655453536849276,0.02310102884457937,4.335848771457511,0.004234227315876475,7.710237390704205,10.0,1024.0,0.8090676126062667,634.0,28.0,44.0,105.0,202.0,0.02734375,0.04296875,0.1025390625,0.197265625,9.765625,100,95.53
layer3.3,block,47,1024,1,False,,0,8.0,8.0,160000,4.935502173005091,124.94299242666666,0.12201464104166666,289.3067647158123,0.28252613741778543,33.53702764004075,0.03275100355472729,1.2504500126884843,10,1024,0.986601230636334,1024,437,634,907,1008,0.4267578125,0.619140625,0.8857421875,0.984375,156.25,1024.0,10000.0,0.34161064949688497,21.6766641989847,0.021168617381820996,61.95550874641139,0.06050342651016737,7.228735008152475,0.007059311531398901,1.5875870131722811,10.0,1024.0,0.9917158775567202,1024.0,106.0,242.0,657.0,958.0,0.103515625,0.236328125,0.6416015625,0.935546875,9.765625,100,95.53
layer3.4.conv1,conv,48,256,1,False,256.0,0,8.0,8.0,160000,0.5858922552831973,32.797685181157505,0.1281159577388965,48.97151618777883,0.19129498510851106,14.48150691826311,0.05656838639946527,2.766520557316187,10,256,0.9770619304718968,256,42,58,117,211,0.1640625,0.2265625,0.45703125,0.82421875,625.0,256.0,10000.0,0.04478899656684167,14.671522124375663,0.057310633298342434,25.08910530489905,0.09800431759726191,6.821292509112591,0.026645673863721058,3.0769964470978564,10.0,256.0,0.9848142951848775,256.0,25.0,37.0,74.0,163.0,0.09765625,0.14453125,0.2890625,0.63671875,39.0625,100,95.53
layer3.4.conv2,conv,49,256,1,False,256.0,0,8.0,8.0,160000,0.3832273028453312,40.60487920692965,0.15861280940206895,69.6222675807983,0.27196198273749334,11.879424477585877,0.04640400186556983,2.197913810321567,10,256,0.9541161834102923,256,68,97,172,239,0.265625,0.37890625,0.671875,0.93359375,625.0,256.0,10000.0,0.02217084213900101,15.564670701306673,0.06079949492697919,26.701032692502462,0.10430090895508774,7.453489078437859,0.029115191712647887,2.971706175672997,10.0,256.0,0.9750455618454729,256.0,26.0,39.0,85.0,175.0,0.1015625,0.15234375,0.33203125,0.68359375,39.0625,100,95.53
layer3.4.conv3,conv,50,1024,1,False,256.0,0,8.0,8.0,160000,0.03699652064678332,25.685931069003317,0.02508391705957355,47.21106751480113,0.04610455811992298,8.061026067862763,0.007872095769397229,7.958666779299444,10,1024,0.7926988534788947,617,47,72,146,224,0.0458984375,0.0703125,0.142578125,0.21875,156.25,1024.0,10000.0,0.002056708621979008,10.822625628335734,0.010568970340171615,24.168904659262566,0.0236024459563111,3.937280584570555,0.0038450005708696826,7.749408749612229,10.0,1024.0,0.8178333685595294,635.0,27.0,41.0,99.0,195.0,0.0263671875,0.0400390625,0.0966796875,0.1904296875,9.765625,100,95.53
layer3.4,block,51,1024,1,False,,0,8.0,8.0,160000,4.328455987143383,153.16358219890103,0.14957381074111428,341.1197992444942,0.33312480394970134,38.78942349724407,0.037880296384027415,1.184196053991037,10,1024,0.9845678638521286,1024,490,680,925,1011,0.478515625,0.6640625,0.9033203125,0.9873046875,156.25,1024.0,10000.0,0.29019417796091035,24.869948479369008,0.024287059061883796,73.30324358180233,0.07158519881035384,7.935181622051901,0.007749200802785059,1.5397193174849386,10.0,1024.0,0.9914598452376228,1024.0,132.0,289.0,704.0,970.0,0.12890625,0.2822265625,0.6875,0.947265625,9.765625,100,95.53
layer3.5.conv1,conv,52,256,1,False,256.0,0,8.0,8.0,160000,0.45777765720015223,34.281733857104136,0.13391302287931303,53.63200943111996,0.20950003684031235,11.869654188485525,0.04636583667377158,2.6508764739295447,10,256,0.9707264249720932,256,47,66,130,219,0.18359375,0.2578125,0.5078125,0.85546875,625.0,256.0,10000.0,0.03470238825720369,15.451117961118173,0.060355929535617865,28.043106753879293,0.10954338575734099,6.449957334673991,0.025195145838570278,3.006243899242161,10.0,256.0,0.981102121317076,256.0,29.0,41.0,83.0,175.0,0.11328125,0.16015625,0.32421875,0.68359375,39.0625,100,95.53
layer3.5.conv2,conv,53,256,1,False,256.0,0,8.0,8.0,160000,0.39475138529173276,27.345906273664735,0.10681994638150287,55.03742234110204,0.21498993101992983,7.468159605025707,0.029172498457131667,2.34427801654689,10,256,0.9552991158859152,256,57,84,156,231,0.22265625,0.328125,0.609375,0.90234375,625.0,256.0,10000.0,0.026060328602800782,9.676726898431193,0.03779971444699685,21.686591009452695,0.08471324613067459,3.6094262798108763,0.014099321405511235,3.1881375135575953,10.0,256.0,0.9761664914054275,256.0,25.0,35.0,72.0,157.0,0.09765625,0.13671875,0.28125,0.61328125,39.0625,100,95.53
layer3.5.conv3,conv,54,1024,1,False,256.0,0,8.0,8.0,160000,0.044636178323271866,11.357364919978444,0.01109117667966645,25.368528892494464,0.024773953996576625,4.074881971406378,0.003979376925201541,7.519310173272652,10,1024,0.8269436417917067,620,28,42,96,189,0.02734375,0.041015625,0.09375,0.1845703125,156.25,1024.0,10000.0,0.0037341545432235364,5.728945158818462,0.005594673006658654,13.020388415161479,0.012715223061681132,2.6441589145173094,0.00258218643995831,7.2559785842830475,10.0,1024.0,0.8565588351538008,635.0,16.0,24.0,52.0,136.0,0.015625,0.0234375,0.05078125,0.1328125,9.765625,100,95.53
layer3.5,block,55,1024,1,False,,0,8.0,8.0,160000,4.01929387230277,156.21336852451537,0.15255211769972205,354.8925630183204,0.3465747685725785,35.668860404138115,0.03483287148841613,1.1528878026320688,10,1024,0.9838380141828172,1024,509,696,930,1012,0.4970703125,0.6796875,0.908203125,0.98828125,156.25,1024.0,10000.0,0.27974521450555,27.951383234516907,0.027296272689957917,78.4702628335474,0.07663111604838613,8.903472873455565,0.00869479772798395,1.535172091238484,10.0,1024.0,0.9917013868487828,1024.0,137.0,298.0,713.0,972.0,0.1337890625,0.291015625,0.6962890625,0.94921875,9.765625,100,95.53
layer4.0.conv1,conv,56,512,1,False,512.0,0,8.0,8.0,160000,0.6462213220906671,26.7215477683945,0.05219052298514551,45.210944055817194,0.08830262510901796,8.989422414904773,0.017557465654110885,2.8729597425044,10,512,0.9725962566320863,512,40,60,144,325,0.078125,0.1171875,0.28125,0.634765625,312.5,512.0,10000.0,0.07378500042084388,14.108637840832223,0.027555933282875436,23.316848181290897,0.045540719104083784,6.277123196004178,0.01226000624219566,3.2332356711493593,10.0,512.0,0.9842301764391654,512.0,22.0,30.0,65.0,188.0,0.04296875,0.05859375,0.126953125,0.3671875,19.53125,100,95.53
layer4.0.conv2,conv,57,512,1,False,512.0,0,4.0,4.0,160000,0.8526750193742089,21.7331589144902,0.04244757600486367,35.49028328075117,0.06931695953271713,8.757021194288576,0.017103557020094876,2.865855842448977,10,512,0.9776979018871776,512,31,49,126,298,0.060546875,0.095703125,0.24609375,0.58203125,312.5,512.0,10000.0,0.19614379965806164,10.809925891352956,0.02111313650654874,16.675881667190417,0.03257008138123128,4.798843539443213,0.009372741287975026,3.0966353002817573,10.0,512.0,0.9854151854038838,512.0,15.0,20.0,42.0,153.0,0.029296875,0.0390625,0.08203125,0.298828125,19.53125,100,95.53
layer4.0.conv3,conv,58,2048,1,False,512.0,0,4.0,4.0,160000,0.19845786005993385,12.939587520365514,0.0063181579689284735,17.04638004322755,0.008323427755482202,7.859245830427185,0.003837522378138274,5.334917932775921,10,2048,0.9516105176741668,1258,15,20,30,63,0.00732421875,0.009765625,0.0146484375,0.03076171875,78.125,2048.0,10000.0,0.07333901716223303,8.871120748568693,0.004331601928012057,11.261298725380616,0.005498681018252254,4.98312827129303,0.0024331681012172996,4.691910029839177,10.0,2048.0,0.9781942077181537,1269.0,9.0,11.0,21.0,35.0,0.00439453125,0.00537109375,0.01025390625,0.01708984375,4.8828125,100,95.53
layer4.0.downsample.0,conv,59,2048,1,False,1024.0,0,4.0,4.0,160000,0.2197662771561486,19.103938316100674,0.009328094880908532,29.310806314389755,0.014311917145698122,9.374474819284298,0.004577380282853661,5.301351629836479,10,2048,0.7287737938485288,1515,25,35,92,337,0.01220703125,0.01708984375,0.044921875,0.16455078125,78.125,2048.0,10000.0,0.04333027743484436,9.129177785677646,0.004457606340662913,15.274595182205367,0.007458298428811214,4.197927940321673,0.002049769502110192,5.024492467577225,10.0,2048.0,0.7732368481645205,1528.0,15.0,21.0,47.0,185.0,0.00732421875,0.01025390625,0.02294921875,0.09033203125,4.8828125,100,95.53
layer4.0,block,60,2048,1,False,,0,4.0,4.0,160000,16.968216957603268,16.2993361039215,0.00795866020699292,27.346568054677146,0.013352816432947825,8.497668882801479,0.00414925238418041,1.8497339909442572,10,2048,0.9914190545779191,2048,23,38,230,1265,0.01123046875,0.0185546875,0.1123046875,0.61767578125,78.125,2048.0,10000.0,5.695874540191454,8.798585581888316,0.0042961843661564044,13.270206359506929,0.006479592948977993,4.51079455088679,0.0022025364018001905,2.03980977500628,10.0,2048.0,0.989533789327111,2048.0,10.0,17.0,49.0,448.0,0.0048828125,0.00830078125,0.02392578125,0.21875,4.8828125,100,95.53
layer4.1.conv1,conv,61,512,1,False,512.0,0,4.0,4.0,160000,1.8418533615302046,16.478739750260857,0.032185038574728236,19.91433236499053,0.038895180400372126,9.081455354875919,0.01773721748999203,4.7914252938539335,10,512,0.9916362236520133,512,17,20,25,35,0.033203125,0.0390625,0.048828125,0.068359375,312.5,512.0,10000.0,0.5279207291296456,11.017672990274596,0.02151889255913007,14.168411120084917,0.027672677968915853,6.394990878381587,0.012490216559339037,5.029239002659717,10.0,512.0,0.9866212090835839,502.0,12.0,16.0,22.0,30.0,0.0234375,0.03125,0.04296875,0.05859375,19.53125,100,95.53
layer4.1.conv2,conv,62,512,1,False,512.0,0,4.0,4.0,160000,0.26217644312741606,23.520036628165254,0.04593757153938526,38.566379035798505,0.07532495905429396,9.280513108061802,0.018126002164183207,4.055259614734867,10,512,0.9584859974010711,512,35,50,95,180,0.068359375,0.09765625,0.185546875,0.3515625,312.5,512.0,10000.0,0.05294488391265164,12.161296108018657,0.02375253146097394,16.630812979118673,0.03248205659984116,7.292684645067863,0.01424352469739817,4.2337710696889035,10.0,512.0,0.9842920088460668,512.0,14.0,18.0,36.0,85.0,0.02734375,0.03515625,0.0703125,0.166015625,19.53125,100,95.53
layer4.1.conv3,conv,63,2048,1,False,512.0,0,4.0,4.0,160000,0.046375145436156985,10.677351587330717,0.005213550579751327,13.459123869747096,0.006571837827024949,6.774833277816103,0.003308024061433644,5.268809067896818,10,2048,0.9548176594075586,1257,10,13,27,66,0.0048828125,0.00634765625,0.01318359375,0.0322265625,78.125,2048.0,10000.0,0.027764847751745165,8.804268411357091,0.004298959185232955,9.794959775712151,0.004782695202984449,6.076003220437208,0.0029667984474791055,4.380353932917334,10.0,2048.0,0.9796951379569783,1263.0,8.0,9.0,11.0,25.0,0.00390625,0.00439453125,0.00537109375,0.01220703125,4.8828125,100,95.53
layer4.1,block,64,2048,1,False,,0,4.0,4.0,160000,26.633263538015697,14.682863807376554,0.007169367093445583,24.02109551491234,0.01172905054439079,8.142987775939488,0.003976068249970453,1.8670871956095296,10,2048,0.9926984536720073,2048,21,35,193,1184,0.01025390625,0.01708984375,0.09423828125,0.578125,78.125,2048.0,10000.0,12.556457086495936,8.97068880691323,0.004380219144000601,11.864507584655781,0.005793216594070206,5.179886656657434,0.0025292415315710127,2.078932245935931,10.0,2048.0,0.9912292441041622,2048.0,9.0,11.0,37.0,295.0,0.00439453125,0.00537109375,0.01806640625,0.14404296875,4.8828125,100,95.53
layer4.2.conv1,conv,65,512,1,False,512.0,0,4.0,4.0,160000,5.561192022522042,11.146209838228735,0.0217699410902905,13.318140634577768,0.026011993426909703,6.593771252428743,0.012878459477399889,4.978905271525566,10,512,0.9898716889899081,509,10,13,20,30,0.01953125,0.025390625,0.0390625,0.05859375,312.5,512.0,10000.0,2.6304856788349555,8.864105777271028,0.017312706596232477,10.162248345876302,0.019848141300539652,5.069344311617008,0.009901063108626968,5.088141140090451,10.0,512.0,0.9910933427341858,444.0,9.0,10.0,14.0,23.0,0.017578125,0.01953125,0.02734375,0.044921875,19.53125,100,95.53
layer4.2.conv2,conv,66,512,1,False,512.0,0,4.0,4.0,160000,0.26720371327110026,17.995068470720437,0.03514661810687585,27.2536996385836,0.053229882106608596,7.331999879941429,0.014320312265510603,4.268411237555567,10,512,0.9755936213202698,512,24,33,62,128,0.046875,0.064453125,0.12109375,0.25,312.5,512.0,10000.0,0.10726658751447621,9.327542542966153,0.018217856529230768,10.85055870760558,0.02119249747579215,5.541833130609078,0.010823892833220855,4.468726174161814,10.0,512.0,0.9794824264985255,512.0,9.0,10.0,17.0,50.0,0.017578125,0.01953125,0.033203125,0.09765625,19.53125,100,95.53
layer4.2.conv3,conv,67,2048,1,False,512.0,0,4.0,4.0,160000,0.1313623983868886,8.705958795245639,0.004250956442991035,9.462898303653956,0.004620555812331033,5.873522751124964,0.0028679310308227365,4.264490053915236,10,2048,0.9810466189606748,1247,8,9,10,33,0.00390625,0.00439453125,0.0048828125,0.01611328125,78.125,2048.0,10000.0,0.10961021847343368,8.547050363702663,0.004173364435401691,8.973526598602046,0.004381604784473655,5.854150607651635,0.0028584719763924,3.4149871366999682,10.0,2048.0,0.9586072086444952,1205.0,8.0,9.0,9.0,12.0,0.00390625,0.00439453125,0.00439453125,0.005859375,4.8828125,100,95.53
layer4.2,block,68,2048,1,False,,0,4.0,4.0,160000,57.21027501295424,11.974257643790914,0.005846805490132282,17.920815424241862,0.008750398156368097,7.487102613298092,0.0036558118228994588,1.87075104525314,10,2048,0.9939364886562064,2048,13,27,126,988,0.00634765625,0.01318359375,0.0615234375,0.482421875,78.125,2048.0,10000.0,39.3393294397774,9.211063339931572,0.004497589521450963,11.071346089632474,0.0054059307078283565,6.113740309094015,0.002985224760299812,2.1838674533302127,10.0,2048.0,0.9933630608786596,2048.0,9.0,9.0,33.0,191.0,0.00439453125,0.00439453125,0.01611328125,0.09326171875,4.8828125,100,95.53
fc,linear,69,10,1,False,,0,,,10000,175.69336638638876,7.234101923570454,0.7234101923570454,8.088155116208732,0.8088155116208732,4.117748324807998,0.4117748324807998,,10,10,,9,8,9,9,9,0.8,0.9,0.9,0.9,1000.0,,,,,,,,,,,,,,,,,,,,,,,,100,95.53
